t,valid_plane_num,lambda_min,lambda_min_norm,is_degenerate_voxelslam,persistent_degenerate,early_warning
1768843232.815913,0,nan,nan,0,0,0
1768843232.916789,0,nan,nan,0,0,0
1768843233.015965,0,nan,nan,0,0,0
1768843233.116264,0,nan,nan,0,0,0
1768843233.216111,0,nan,nan,0,0,1
1768843233.315867,0,nan,nan,0,0,1
1768843233.418426,0,nan,nan,0,0,1
1768843233.516301,0,nan,nan,0,0,1
1768843233.617498,0,nan,nan,0,0,1
1768843233.715870,0,nan,nan,0,1,1
1768843233.815928,2010,569.394941,0.283281,0,1,1
1768843233.917248,2026,583.167452,0.287842,0,1,1
1768843234.015869,1999,570.891450,0.285589,0,1,0
1768843234.117140,1988,578.201964,0.290846,0,0,0
1768843234.216727,2004,579.635756,0.289239,0,0,0
1768843234.316516,2019,586.393655,0.290438,0,0,0
1768843234.415931,2024,580.740614,0.286927,0,0,0
1768843234.515836,2012,587.528511,0.292012,0,0,0
1768843234.615846,1994,554.457375,0.278063,0,0,0
1768843234.716008,1976,569.462590,0.288190,0,0,0
1768843234.816804,2032,584.135055,0.287468,0,0,0
1768843234.915842,1950,538.762536,0.276288,0,0,0
1768843235.017498,2029,581.645210,0.286666,0,0,0
1768843235.117069,2007,563.989491,0.281011,0,0,0
1768843235.215859,1996,568.602662,0.284871,0,0,0
1768843235.315934,2019,591.173131,0.292805,0,0,0
1768843235.415874,1984,561.167889,0.282847,0,0,0
1768843235.513880,1995,578.080431,0.289765,0,0,0
1768843235.615919,2007,571.035938,0.284522,0,0,0
1768843235.715942,2019,553.882995,0.274335,0,0,0
1768843235.815905,2069,568.676311,0.274856,0,0,0
1768843235.915819,2081,561.959952,0.270043,0,0,0
1768843236.016006,2079,560.498195,0.269600,0,0,0
1768843236.115998,2028,537.230935,0.264907,0,0,0
1768843236.215912,2055,539.648773,0.262603,0,0,0
1768843236.315826,2019,521.944559,0.258516,0,0,0
1768843236.415947,2059,527.520575,0.256202,0,0,0
1768843236.515881,2054,538.872738,0.262353,0,0,0
1768843236.615941,2058,536.892464,0.260881,0,0,0
1768843236.715947,2071,542.455424,0.261929,0,0,0
1768843236.815952,2054,536.037127,0.260972,0,0,0
1768843236.915794,2101,560.002432,0.266541,0,0,0
1768843237.015868,2024,542.538038,0.268052,0,0,0
1768843237.115902,1980,521.505567,0.263387,0,0,0
1768843237.215966,1960,510.021728,0.260215,0,0,0
1768843237.315802,1935,511.335715,0.264256,0,0,0
1768843237.415839,1993,512.007708,0.256903,0,0,0
1768843237.515940,1924,493.793062,0.256649,0,0,0
1768843237.617094,2006,501.185321,0.249843,0,0,0
1768843237.716090,1929,503.076837,0.260797,0,0,0
1768843237.815830,1918,494.479944,0.257810,0,0,0
1768843237.916000,1905,499.914892,0.262423,0,0,0
1768843238.015815,1880,514.600325,0.273724,0,0,0
1768843238.116097,1872,491.173657,0.262379,0,0,0
1768843238.215217,1956,517.361171,0.264500,0,0,0
1768843238.316513,1988,527.545642,0.265365,0,0,0
1768843238.416736,1968,501.475329,0.254815,0,0,0
1768843238.515937,1997,528.830724,0.264813,0,0,0
1768843238.614750,2048,524.565135,0.256135,0,0,0
1768843238.716213,2092,542.505752,0.259324,0,0,0
1768843238.816812,2061,527.709685,0.256045,0,0,0
1768843238.915971,2095,531.905917,0.253893,0,0,0
1768843239.016242,2064,521.263758,0.252550,0,0,0
1768843239.115841,2052,533.881068,0.260176,0,0,0
1768843239.215817,2056,537.077992,0.261225,0,0,0
1768843239.315940,2054,537.103899,0.261492,0,0,0
1768843239.415757,2023,537.757669,0.265822,0,0,0
1768843239.515851,2014,533.636262,0.264963,0,0,0
1768843239.615744,2000,549.826525,0.274913,0,0,0
1768843239.716342,2019,559.098430,0.276918,0,0,0
1768843239.816708,2032,552.990872,0.272141,0,0,0
1768843239.915818,2012,543.437254,0.270098,0,0,0
1768843240.017456,2062,556.512654,0.269890,0,0,0
1768843240.115957,2009,540.131202,0.268856,0,0,0
1768843240.215877,2043,553.988781,0.271164,0,0,0
1768843240.315814,2036,571.744316,0.280817,0,0,0
1768843240.415902,2009,564.798499,0.281134,0,0,0
1768843240.515779,2020,571.433463,0.282888,0,0,0
1768843240.615900,2040,573.109966,0.280936,0,0,0
1768843240.715833,2060,582.411183,0.282724,0,0,0
1768843240.815768,2111,584.011206,0.276651,0,0,0
1768843240.915870,2113,572.746809,0.271059,0,0,0
1768843241.015747,2112,568.846097,0.269340,0,0,0
1768843241.115771,2085,569.365782,0.273077,0,0,0
1768843241.217568,2109,570.375056,0.270448,0,0,0
1768843241.316755,2075,559.311072,0.269548,0,0,0
1768843241.415796,2094,542.882489,0.259256,0,0,0
1768843241.515921,2111,557.066849,0.263888,0,0,0
1768843241.615825,2092,551.258360,0.263508,0,0,0
1768843241.716685,2098,550.676725,0.262477,0,0,0
1768843241.818357,2078,543.645437,0.261620,0,0,0
1768843241.916217,2070,547.658684,0.264569,0,0,0
1768843242.016376,2041,548.606640,0.268793,0,0,0
1768843242.115975,1988,536.685132,0.269962,0,0,0
1768843242.217442,2043,539.148523,0.263900,0,0,0
1768843242.315749,2017,527.963872,0.261757,0,0,0
1768843242.415889,2117,547.017961,0.258393,0,0,0
1768843242.515866,2096,541.043598,0.258131,0,0,0
1768843242.615795,2102,530.682907,0.252466,0,0,0
1768843242.715919,2093,538.125567,0.257107,0,0,0
1768843242.815705,2062,545.162141,0.264385,0,0,0
1768843242.915884,2006,531.573070,0.264992,0,0,0
1768843243.016061,2016,537.421017,0.266578,0,0,0
1768843243.117078,2115,554.899573,0.262364,0,0,0
1768843243.215894,2054,546.533866,0.266083,0,0,0
1768843243.316731,2137,560.517487,0.262292,0,0,0
1768843243.415872,2147,562.518210,0.262002,0,0,0
1768843243.516314,2136,561.236823,0.262751,0,0,0
1768843243.616289,2119,543.792390,0.256627,0,0,0
1768843243.717615,2145,553.651188,0.258112,0,0,0
1768843243.816202,2128,540.049448,0.253783,0,0,0
1768843243.915768,2035,536.061600,0.263421,0,0,0
1768843244.015905,2123,544.427673,0.256443,0,0,0
1768843244.116755,2082,549.462275,0.263911,0,0,0
1768843244.215708,2165,567.551238,0.262148,0,0,0
1768843244.315827,2110,554.579312,0.262834,0,0,0
1768843244.415895,2101,550.437613,0.261988,0,0,0
1768843244.515849,2080,543.083752,0.261098,0,0,0
1768843244.617429,2131,572.583440,0.268692,0,0,0
1768843244.715699,2127,583.030465,0.274109,0,0,0
1768843244.815912,2145,582.002790,0.271330,0,0,0
1768843244.915695,2168,584.995467,0.269832,0,0,0
1768843245.015785,2170,589.422019,0.271623,0,0,0
1768843245.115818,2244,607.824159,0.270866,0,0,0
1768843245.215804,2140,583.828564,0.272817,0,0,0
1768843245.315716,2208,630.743469,0.285663,0,0,0
1768843245.416027,1871,469.295219,0.250826,0,0,0
1768843245.516477,2185,599.458746,0.274352,0,0,0
1768843245.618444,2173,587.601023,0.270410,0,0,0
1768843245.716393,2293,632.649303,0.275905,0,0,0
1768843245.816281,2246,598.153776,0.266320,0,0,0
1768843245.915720,2294,623.183143,0.271658,0,0,0
1768843246.015746,2324,627.722127,0.270104,0,0,0
1768843246.119950,2300,616.777064,0.268164,0,0,0
1768843246.217673,2318,648.728947,0.279866,0,0,0
1768843246.315912,2120,580.775266,0.273951,0,0,0
1768843246.415703,2300,620.685968,0.269863,0,0,0
1768843246.515682,2281,652.250757,0.285949,0,0,0
1768843246.615860,2301,629.695925,0.273662,0,0,0
1768843246.715852,2265,631.287382,0.278714,0,0,0
1768843246.815752,1242,222.699799,0.179307,0,0,0
1768843246.917431,2260,598.306013,0.264737,0,0,0
1768843247.015829,2061,534.614128,0.259396,0,0,0
1768843247.115736,2148,591.112297,0.275192,0,0,0
1768843247.215806,2088,573.984542,0.274897,0,0,0
1768843247.316757,2138,589.660111,0.275800,0,0,0
1768843247.415484,2127,590.291338,0.277523,0,0,0
1768843247.515805,2165,581.090542,0.268402,0,0,0
1768843247.615750,2068,502.063308,0.242777,0,0,0
1768843247.716444,2233,585.412227,0.262164,0,0,0
1768843247.816566,2116,516.565489,0.244124,0,0,0
1768843247.915687,2229,568.578560,0.255082,0,0,0
1768843248.015853,2176,563.231082,0.258838,0,0,0
1768843248.116284,2297,595.515273,0.259258,0,0,0
1768843248.215872,2284,633.162804,0.277217,0,0,0
1768843248.316037,2247,617.926483,0.275001,0,0,0
1768843248.421377,2178,596.908891,0.274063,0,0,0
1768843248.516473,2268,634.838511,0.279911,0,0,0
1768843248.615795,2219,596.191892,0.268676,0,0,0
1768843248.717449,2259,602.846911,0.266865,0,0,0
1768843248.817442,2139,554.404149,0.259188,0,0,0
1768843248.916668,2035,501.357998,0.246368,0,0,0
1768843249.015886,2041,536.676957,0.262948,0,0,0
1768843249.116536,2005,502.400989,0.250574,0,0,0
1768843249.215880,2040,534.883810,0.262198,0,0,0
1768843249.316056,2069,517.641718,0.250189,0,0,0
1768843249.415766,2075,524.718611,0.252876,0,0,0
1768843249.515659,2082,523.350992,0.251369,0,0,0
1768843249.616829,2003,479.907248,0.239594,0,0,0
1768843249.716193,1899,454.289152,0.239225,0,0,0
1768843249.815758,1906,443.743396,0.232814,0,0,0
1768843249.916994,1961,499.909725,0.254926,0,0,0
1768843250.015685,1898,463.980816,0.244458,0,0,0
1768843250.115840,1842,482.199981,0.261781,0,0,0
1768843250.215792,1845,469.001702,0.254201,0,0,0
1768843250.316208,1794,486.047267,0.270929,0,0,0
1768843250.414206,1971,497.895590,0.252611,0,0,0
1768843250.516671,1876,470.698586,0.250905,0,0,0
1768843250.615701,1888,491.872159,0.260526,0,0,0
1768843250.716154,1794,456.670342,0.254554,0,0,0
1768843250.815772,1842,445.505369,0.241860,0,0,0
1768843250.916183,1802,443.607751,0.246175,0,0,0
1768843251.016870,1720,408.510420,0.237506,0,0,0
1768843251.115883,1739,430.245816,0.247410,0,0,0
1768843251.216602,1595,374.153896,0.234579,0,0,0
1768843251.315765,1680,404.897211,0.241010,0,0,0
1768843251.415699,1542,367.268649,0.238177,0,0,0
1768843251.516238,1626,380.985437,0.234308,0,0,0
1768843251.615736,1585,369.502767,0.233125,0,0,0
1768843251.715786,1632,393.756649,0.241272,0,0,0
1768843251.815723,1554,363.793143,0.234101,0,0,0
1768843251.915886,1641,410.399666,0.250091,0,0,0
1768843252.016778,1660,420.733328,0.253454,0,0,0
1768843252.115690,1321,258.799563,0.195912,0,0,0
1768843252.217026,1629,388.776632,0.238660,0,0,0
1768843252.315779,1593,364.377897,0.228737,0,0,0
1768843252.419283,1583,344.723608,0.217766,0,0,0
1768843252.516513,1530,320.114174,0.209225,0,0,0
1768843252.616835,1587,338.972949,0.213594,0,0,0
1768843252.716017,1526,331.668985,0.217345,0,0,0
1768843252.815727,1530,324.484242,0.212081,0,0,0
1768843252.915660,1543,340.536893,0.220698,0,0,0
1768843253.015711,1562,319.485521,0.204536,0,0,0
1768843253.115870,1534,326.694215,0.212969,0,0,0
1768843253.216153,1468,299.899367,0.204291,0,0,0
1768843253.317616,1431,287.281396,0.200756,0,0,0
1768843253.415775,1359,291.691620,0.214637,0,0,0
1768843253.517082,1390,307.040445,0.220892,0,0,0
1768843253.617924,1261,287.277341,0.227817,0,0,0
1768843253.716099,1440,325.405473,0.225976,0,0,0
1768843253.817349,1442,323.334839,0.224227,0,0,0
1768843253.915842,1439,343.183738,0.238488,0,0,0
1768843254.014884,1389,322.092915,0.231888,0,0,0
1768843254.116714,1385,324.565183,0.234343,0,0,0
1768843254.216094,1433,333.114694,0.232460,0,0,0
1768843254.315726,1348,313.258501,0.232388,0,0,0
1768843254.415685,1410,343.010131,0.243270,0,0,0
1768843254.515887,1410,344.261094,0.244157,0,0,0
1768843254.615570,1401,352.418372,0.251548,0,0,0
1768843254.715752,1393,353.308868,0.253632,0,0,0
1768843254.815678,1353,317.825264,0.234904,0,0,0
1768843254.915971,1313,316.895864,0.241353,0,0,0
1768843255.016447,1354,320.231559,0.236508,0,0,0
1768843255.115588,1332,320.763526,0.240813,0,0,0
1768843255.217442,1392,326.775172,0.234752,0,0,0
1768843255.316069,1409,359.738148,0.255315,0,0,0
1768843255.415956,1414,352.155317,0.249049,0,0,0
1768843255.515908,1473,349.815163,0.237485,0,0,0
1768843255.617228,1363,327.587298,0.240343,0,0,0
1768843255.718948,1398,313.898224,0.224534,0,0,0
1768843255.816527,1361,325.299212,0.239015,0,0,0
1768843255.918236,1392,330.416262,0.237368,0,0,0
1768843256.016096,1375,319.879062,0.232639,0,0,0
1768843256.115685,1406,322.331998,0.229255,0,0,0
1768843256.217411,1307,327.234656,0.250371,0,0,0
1768843256.316276,1444,357.947765,0.247886,0,0,0
1768843256.416250,1403,342.516309,0.244131,0,0,0
1768843256.516720,1380,333.347804,0.241556,0,0,0
1768843256.615818,1361,331.557272,0.243613,0,0,0
1768843256.717102,1390,342.339180,0.246287,0,0,0
1768843256.816025,1349,322.992500,0.239431,0,0,0
1768843256.914787,1469,361.043353,0.245775,0,0,0
1768843257.016475,1359,355.118341,0.261309,0,0,0
1768843257.116297,1378,354.043912,0.256926,0,0,0
1768843257.215717,1395,359.445236,0.257667,0,0,0
1768843257.316415,1326,362.818887,0.273619,0,0,0
1768843257.417785,1439,391.215729,0.271866,0,0,0
1768843257.516341,1450,394.315433,0.271942,0,0,0
1768843257.616269,1410,383.850861,0.272235,0,0,0
1768843257.716604,1401,368.110159,0.262748,0,0,0
1768843257.816618,1388,372.149242,0.268119,0,0,0
1768843257.916663,1369,370.267189,0.270465,0,0,0
1768843258.016888,1358,363.875874,0.267950,0,0,0
1768843258.116418,1314,357.340477,0.271949,0,0,0
1768843258.216475,1408,389.080021,0.276335,0,0,0
1768843258.313430,1397,391.909953,0.280537,0,0,0
1768843258.416552,1472,421.230808,0.286162,0,0,0
1768843258.517154,1418,395.716266,0.279066,0,0,0
1768843258.616504,1484,409.910995,0.276220,0,0,0
1768843258.716591,1500,416.032132,0.277355,0,0,0
1768843258.815837,1483,422.489937,0.284889,0,0,0
1768843258.919441,1459,395.151690,0.270837,0,0,0
1768843259.016458,1471,393.911174,0.267785,0,0,0
1768843259.117939,1488,403.349887,0.271068,0,0,0
1768843259.216206,1452,375.411242,0.258548,0,0,0
1768843259.315641,1484,404.849856,0.272810,0,0,0
1768843259.416465,1460,370.402827,0.253701,0,0,0
1768843259.516431,1453,378.462148,0.260469,0,0,0
1768843259.616134,1440,378.886152,0.263115,0,0,0
1768843259.715534,1398,368.048924,0.263268,0,0,0
1768843259.817831,1461,396.591284,0.271452,0,0,0
1768843259.916387,1383,377.879474,0.273232,0,0,0
1768843260.016596,1471,404.677841,0.275104,0,0,0
1768843260.115667,1381,386.442887,0.279828,0,0,0
1768843260.216705,1439,381.235631,0.264931,0,0,0
1768843260.317870,1269,338.895909,0.267057,0,0,0
1768843260.416133,1407,369.244226,0.262434,0,0,0
1768843260.516483,1319,333.974745,0.253203,0,0,0
1768843260.615772,1388,373.212835,0.268885,0,0,0
1768843260.716358,1335,355.043423,0.265950,0,0,0
1768843260.816624,1382,350.054031,0.253295,0,0,0
1768843260.915742,1395,357.965315,0.256606,0,0,0
1768843261.015745,1393,362.664594,0.260348,0,0,0
1768843261.116704,1419,376.620374,0.265413,0,0,0
1768843261.216161,1334,337.651206,0.253112,0,0,0
1768843261.315673,1405,361.215047,0.257093,0,0,0
1768843261.416616,1356,332.508764,0.245213,0,0,0
1768843261.516709,1404,352.875269,0.251336,0,0,0
1768843261.616556,1368,326.444246,0.238629,0,0,0
1768843261.716668,1378,357.763898,0.259625,0,0,0
1768843261.816658,1351,343.995439,0.254623,0,0,0
1768843261.916522,1362,342.752262,0.251654,0,0,0
1768843262.016154,1352,350.798560,0.259466,0,0,0
1768843262.116749,1325,331.830357,0.250438,0,0,0
1768843262.220431,1341,346.281796,0.258227,0,0,0
1768843262.315915,1318,324.861445,0.246481,0,0,0
1768843262.416662,1340,331.197975,0.247163,0,0,0
1768843262.516641,1358,316.389005,0.232982,0,0,0
1768843262.616575,1327,338.887447,0.255379,0,0,0
1768843262.717272,1321,316.739009,0.239772,0,0,0
1768843262.816280,1282,315.784976,0.246322,0,0,0
1768843262.920892,1233,300.677840,0.243859,0,0,0
1768843263.015742,1350,341.215550,0.252752,0,0,0
1768843263.116455,1253,323.416267,0.258114,0,0,0
1768843263.217419,1328,320.689394,0.241483,0,0,0
1768843263.316509,1240,304.794135,0.245802,0,0,0
1768843263.417836,1299,307.307463,0.236572,0,0,0
1768843263.516371,1276,311.415382,0.244056,0,0,0
1768843263.616689,1236,304.030387,0.245979,0,0,0
1768843263.717447,1368,358.078455,0.261753,0,0,0
1768843263.815964,1332,350.558195,0.263182,0,0,0
1768843263.915911,1325,347.399365,0.262188,0,0,0
1768843264.015932,1242,332.419493,0.267649,0,0,0
1768843264.116113,1288,330.786765,0.256822,0,0,0
1768843264.216284,1197,327.961841,0.273987,0,0,0
1768843264.316633,1294,338.544048,0.261626,0,0,0
1768843264.416584,1158,309.990309,0.267695,0,0,0
1768843264.515816,1316,367.173954,0.279008,0,0,0
1768843264.616397,1308,343.032699,0.262257,0,0,0
1768843264.715633,1017,283.201476,0.278468,0,0,0
1768843264.816755,1344,370.710725,0.275826,0,0,0
1768843264.916000,1271,361.131022,0.284131,0,0,0
1768843265.016026,1300,342.110472,0.263162,0,0,0
1768843265.116437,1277,341.022754,0.267050,0,0,0
1768843265.216136,1357,376.262225,0.277275,0,0,0
1768843265.316141,1305,356.260565,0.272997,0,0,0
1768843265.416062,1265,337.322018,0.266658,0,0,0
1768843265.515988,1301,339.622251,0.261047,0,0,0
1768843265.615731,1318,352.400374,0.267375,0,0,0
1768843265.716351,1292,345.983498,0.267789,0,0,0
1768843265.816098,1315,354.651091,0.269697,0,0,0
1768843265.915972,1309,347.857200,0.265743,0,0,0
1768843266.016068,1318,353.047061,0.267866,0,0,0
1768843266.116458,1292,347.108812,0.268660,0,0,0
1768843266.219465,1307,349.353285,0.267294,0,0,0
1768843266.318775,1184,324.856769,0.274372,0,0,0
1768843266.415786,1267,315.234986,0.248804,0,0,0
1768843266.518067,1298,338.013241,0.260411,0,0,0
1768843266.617437,1362,353.412472,0.259481,0,0,0
1768843266.716014,1373,366.872828,0.267205,0,0,0
1768843266.817087,1419,381.273926,0.268692,0,0,0
1768843266.916518,1143,322.284791,0.281964,0,0,0
1768843267.017232,1058,308.016331,0.291131,0,0,0
1768843267.116531,1065,310.652046,0.291692,0,0,0
1768843267.216681,1067,311.094664,0.291560,0,0,0
1768843267.316517,1076,313.517708,0.291373,0,0,0
1768843267.415523,1086,319.320983,0.294034,0,0,0
1768843267.515701,1097,322.106793,0.293625,0,0,0
1768843267.616420,1100,322.108047,0.292825,0,0,0
1768843267.716237,1103,322.694534,0.292561,0,0,0
1768843267.816979,1314,325.437304,0.247669,0,0,0
1768843267.920027,1440,376.941900,0.261765,0,0,0
1768843268.016696,1426,358.722167,0.251558,0,0,0
1768843268.116468,1424,382.377034,0.268523,0,0,0
1768843268.216002,1385,358.335929,0.258726,0,0,0
1768843268.316115,1429,383.143231,0.268120,0,0,0
1768843268.416583,1438,359.767684,0.250186,0,0,0
1768843268.516287,1471,390.861286,0.265711,0,0,0
1768843268.617615,1539,414.644680,0.269425,0,0,0
1768843268.716037,1522,418.831145,0.275185,0,0,0
1768843268.815782,1540,421.669441,0.273811,0,0,0
1768843268.916358,1355,354.849898,0.261882,0,0,0
1768843269.015867,1543,393.457460,0.254995,0,0,0
1768843269.115750,1494,393.165297,0.263163,0,0,0
1768843269.216029,1363,349.318560,0.256287,0,0,0
1768843269.317050,1404,363.756895,0.259086,0,0,0
1768843269.416294,1411,371.745745,0.263463,0,0,0
1768843269.515968,1415,370.594889,0.261905,0,0,0
1768843269.617437,1473,391.844394,0.266018,0,0,0
1768843269.716125,1427,383.691729,0.268880,0,0,0
1768843269.816224,1482,407.887797,0.275228,0,0,0
1768843269.916213,1448,398.637528,0.275302,0,0,0
1768843270.016155,1230,354.695296,0.288370,0,0,0
1768843270.116807,1161,349.046055,0.300643,0,0,0
1768843270.217216,1155,348.896581,0.302075,0,0,0
1768843270.317576,1475,394.280069,0.267309,0,0,0
1768843270.416565,1439,398.615766,0.277009,0,0,0
1768843270.516367,1200,360.884764,0.300737,0,0,0
1768843270.615539,1534,418.659254,0.272920,0,0,0
1768843270.715927,1576,423.699216,0.268845,0,0,0
1768843270.816250,1556,433.800754,0.278792,0,0,0
1768843270.916183,1575,426.732800,0.270941,0,0,0
1768843271.018155,1306,375.808417,0.287755,0,0,0
1768843271.115978,1567,427.132617,0.272580,0,0,0
1768843271.216650,1580,443.061461,0.280419,0,0,0
1768843271.316466,1420,399.673455,0.281460,0,0,0
1768843271.417013,1271,375.433418,0.295384,0,0,0
1768843271.516190,1270,379.933327,0.299160,0,0,0
1768843271.615920,1270,381.632956,0.300498,0,0,0
1768843271.719205,1533,422.288321,0.275465,0,0,0
1768843271.816511,1564,441.541026,0.282315,0,0,0
1768843271.916150,1494,404.849247,0.270983,0,0,0
1768843272.016274,1246,356.447512,0.286073,0,0,0
1768843272.116423,1240,365.077699,0.294417,0,0,0
1768843272.216430,1558,439.708807,0.282226,0,0,0
1768843272.316177,1574,437.987715,0.278264,0,0,0
1768843272.416564,1579,443.406188,0.280815,0,0,0
1768843272.516773,1505,422.749159,0.280896,0,0,0
1768843272.616664,1573,429.631601,0.273129,0,0,0
1768843272.716543,1400,385.156352,0.275112,0,0,0
1768843272.816338,1277,368.878724,0.288864,0,0,0
1768843272.916639,1281,370.051739,0.288877,0,0,0
1768843273.016222,1288,371.651583,0.288549,0,0,0
1768843273.116523,1613,440.841451,0.273305,0,0,0
1768843273.217497,1619,442.603451,0.273381,0,0,0
1768843273.316411,1257,332.571132,0.264575,0,0,0
1768843273.419089,1685,405.923751,0.240904,0,0,0
1768843273.516294,1637,422.474048,0.258078,0,0,0
1768843273.616470,1620,430.092774,0.265489,0,0,0
1768843273.716164,1392,349.682734,0.251209,0,0,0
1768843273.816150,1513,390.718738,0.258241,0,0,0
1768843273.916124,1390,348.529227,0.250740,0,0,0
1768843274.015825,1519,388.883861,0.256013,0,0,0
1768843274.116131,1398,356.752686,0.255188,0,0,0
1768843274.214217,1262,344.025094,0.272603,0,0,0
1768843274.316211,1559,387.614980,0.248631,0,0,0
1768843274.416071,1564,394.956741,0.252530,0,0,0
1768843274.516369,1404,368.453061,0.262431,0,0,0
1768843274.616361,1493,373.333583,0.250056,0,0,0
1768843274.717532,1427,354.059469,0.248115,0,0,0
1768843274.816111,1551,389.557372,0.251165,0,0,0
1768843274.916074,1530,407.253926,0.266179,0,0,0
1768843275.015796,1605,422.683271,0.263354,0,0,0
1768843275.117312,1557,419.591058,0.269487,0,0,0
1768843275.216450,1569,400.617263,0.255333,0,0,0
1768843275.315549,1568,421.343127,0.268714,0,0,0
1768843275.416497,1603,403.359751,0.251628,0,0,0
1768843275.516022,1463,377.815017,0.258247,0,0,0
1768843275.616090,1284,360.591608,0.280835,0,0,0
1768843275.719432,1676,446.979229,0.266694,0,0,0
1768843275.819442,1604,427.354679,0.266431,0,0,0
1768843275.918809,1713,440.237611,0.256998,0,0,0
1768843276.015628,1706,446.008858,0.261435,0,0,0
1768843276.115849,1673,416.104851,0.248718,0,0,0
1768843276.217044,1675,429.309180,0.256304,0,0,0
1768843276.315810,1665,398.369688,0.239261,0,0,0
1768843276.416140,1651,411.605875,0.249307,0,0,0
1768843276.517509,1434,379.714045,0.264794,0,0,0
1768843276.615827,1620,417.151307,0.257501,0,0,0
1768843276.716955,1603,405.791036,0.253145,0,0,0
1768843276.818673,1428,367.857038,0.257603,0,0,0
1768843276.916066,1675,397.450182,0.237284,0,0,0
1768843277.016441,1598,380.516468,0.238120,0,0,0
1768843277.116580,1684,422.359528,0.250807,0,0,0
1768843277.216907,1602,415.987700,0.259668,0,0,0
1768843277.316235,1725,449.481373,0.260569,0,0,0
1768843277.417480,1727,453.826605,0.262783,0,0,0
1768843277.516420,1702,450.894315,0.264920,0,0,0
1768843277.616772,1357,372.091781,0.274202,0,0,0
1768843277.716647,1689,442.743485,0.262134,0,0,0
1768843277.815802,1715,426.100115,0.248455,0,0,0
1768843277.916129,1765,458.812610,0.259950,0,0,0
1768843278.016389,1519,411.250521,0.270738,0,0,0
1768843278.117432,1796,463.746072,0.258211,0,0,0
1768843278.215886,1761,452.021873,0.256685,0,0,0
1768843278.316188,1772,484.467161,0.273401,0,0,0
1768843278.417497,1736,461.998370,0.266128,0,0,0
1768843278.516341,1559,415.407399,0.266458,0,0,0
1768843278.616321,1712,433.499351,0.253212,0,0,0
1768843278.716369,1716,439.602408,0.256179,0,0,0
1768843278.815957,1689,431.298221,0.255357,0,0,0
1768843278.918381,1710,446.494039,0.261108,0,0,0
1768843279.016206,1699,449.578165,0.264613,0,0,0
1768843279.115921,1565,410.194394,0.262105,0,0,0
1768843279.216014,1710,451.335920,0.263939,0,0,0
1768843279.315949,1713,459.302282,0.268127,0,0,0
1768843279.516204,1787,485.918018,0.271918,0,0,0
1768843279.615980,1710,448.421413,0.262235,0,0,0
1768843279.716528,1922,521.604876,0.271387,0,0,0
1768843279.816267,1862,492.215546,0.264348,0,0,0
1768843279.916062,1380,333.575033,0.241721,0,0,0
1768843280.016302,1253,322.270194,0.257199,0,0,0
1768843280.117732,1752,461.115727,0.263194,0,0,0
1768843280.215746,1793,438.187113,0.244388,0,0,0
1768843280.317509,1786,439.302510,0.245970,0,0,0
1768843280.417522,1667,412.236964,0.247293,0,0,0
1768843280.517436,1794,431.256411,0.240388,0,0,0
1768843280.616903,1839,411.372138,0.223693,0,0,0
1768843280.715752,1778,426.234927,0.239727,0,0,0
1768843280.815918,1710,391.353300,0.228862,0,0,0
1768843280.915374,1735,408.563551,0.235483,0,0,0
1768843281.017408,1735,399.376767,0.230188,0,0,0
1768843281.116325,1720,401.544231,0.233456,0,0,0
1768843281.216160,1550,357.648389,0.230741,0,0,0
1768843281.317392,1705,402.061570,0.235813,0,0,0
1768843281.416527,1696,388.787719,0.229238,0,0,0
1768843281.516282,1698,383.854072,0.226062,0,0,0
1768843281.616913,1701,385.568509,0.226672,0,0,0
1768843281.717169,1678,388.764532,0.231683,0,0,0
1768843281.815794,1621,383.684823,0.236696,0,0,0
1768843281.916610,1463,346.083874,0.236558,0,0,0
1768843282.015763,1332,323.027157,0.242513,0,0,0
1768843282.115969,1635,377.361730,0.230802,0,0,0
1768843282.214742,1556,349.898877,0.224871,0,0,0
1768843282.316494,1637,384.894357,0.235122,0,0,0
1768843282.416184,1503,343.057551,0.228249,0,0,0
1768843282.516350,1523,347.283700,0.228026,0,0,0
1768843282.617759,1457,331.131170,0.227269,0,0,0
1768843282.717363,1505,332.121657,0.220679,0,0,0
1768843282.815890,1427,334.796499,0.234616,0,0,0
1768843282.914224,1212,285.685134,0.235714,0,0,0
1768843283.016152,1188,281.724129,0.237142,0,0,0
1768843283.116800,1499,340.223314,0.226967,0,0,0
1768843283.216490,1445,330.235702,0.228537,0,0,0
1768843283.316447,1426,324.072607,0.227260,0,0,0
1768843283.415813,1443,331.967216,0.230054,0,0,0
1768843283.516158,1430,326.731231,0.228483,0,0,0
1768843283.615901,1489,331.696903,0.222765,0,0,0
1768843283.716544,1354,305.557985,0.225671,0,0,0
1768843283.815778,1233,290.514690,0.235616,0,0,0
1768843283.915741,1413,315.248357,0.223106,0,0,0
1768843284.017393,1471,315.776026,0.214668,0,0,0
1768843284.115783,1472,297.780210,0.202296,0,0,0
1768843284.216382,1490,316.047214,0.212112,0,0,0
1768843284.317495,1364,288.838143,0.211758,0,0,0
1768843284.416679,1246,272.572160,0.218758,0,0,0
1768843284.515719,1241,272.328448,0.219443,0,0,0
1768843284.616177,1426,310.702261,0.217884,0,0,0
1768843284.715664,1460,316.331751,0.216666,0,0,0
1768843284.816497,1404,305.842734,0.217837,0,0,0
1768843284.915848,1382,301.703583,0.218309,0,0,0
1768843285.016258,1260,276.229945,0.219230,0,0,0
1768843285.116372,1416,312.217673,0.220493,0,0,0
1768843285.215946,1467,317.079031,0.216141,0,0,0
1768843285.316725,1353,291.243028,0.215257,0,0,0
1768843285.418801,1480,315.293571,0.213036,0,0,0
1768843285.517433,1478,319.100442,0.215900,0,0,0
1768843285.616429,1460,308.479782,0.211288,0,0,0
1768843285.716928,1345,280.783931,0.208761,0,0,0
1768843285.817426,1219,255.732353,0.209789,0,0,0
1768843285.915857,1440,312.761569,0.217196,0,0,0
1768843286.016312,1389,301.918878,0.217364,0,0,0
1768843286.118328,1480,327.114954,0.221024,0,0,0
1768843286.218021,1477,331.226631,0.224256,0,0,0
1768843286.317883,1356,298.320799,0.220001,0,0,0
1768843286.415992,1478,311.952764,0.211064,0,0,0
1768843286.516640,1611,341.791569,0.212161,0,0,0
1768843286.615988,1536,321.414442,0.209254,0,0,0
1768843286.715976,1578,338.480004,0.214499,0,0,0
1768843286.816035,1555,330.402086,0.212477,0,0,0
1768843286.918446,1549,332.469568,0.214635,0,0,0
1768843287.017611,1374,292.808754,0.213107,0,0,0
1768843287.116490,1280,275.445043,0.215191,0,0,0
1768843287.216934,1489,329.072367,0.221002,0,0,0
1768843287.315805,1428,313.474439,0.219520,0,0,0
1768843287.416152,1465,331.206715,0.226080,0,0,0
1768843287.515700,1504,337.955325,0.224704,0,0,0
1768843287.615926,1412,314.609891,0.222812,0,0,0
1768843287.716578,1550,340.475384,0.219662,0,0,0
1768843287.816529,1544,324.542307,0.210196,0,0,0
1768843287.916285,1589,324.195407,0.204025,0,0,0
1768843288.016175,1528,316.970697,0.207442,0,0,0
1768843288.115803,1584,325.018418,0.205188,0,0,0
1768843288.216398,1527,324.349182,0.212409,0,0,0
1768843288.316284,1544,333.559119,0.216036,0,0,0
1768843288.416282,1455,315.927838,0.217133,0,0,0
1768843288.515236,1549,338.505771,0.218532,0,0,0
1768843288.616170,1474,324.573815,0.220199,0,0,0
1768843288.816374,1631,336.947739,0.206590,0,0,0
1768843288.915897,1555,313.838056,0.201825,0,0,0
1768843289.017416,1632,323.216088,0.198049,0,0,0
1768843289.116426,1641,303.925936,0.185208,0,0,0
1768843289.215877,1657,336.614789,0.203147,0,0,0
1768843289.318250,1654,321.847772,0.194588,0,0,0
1768843289.416432,1663,339.711994,0.204277,0,0,0
1768843289.516342,1671,335.891979,0.201013,0,0,0
1768843289.615742,1680,343.343125,0.204371,0,0,0
1768843289.716416,1680,350.640266,0.208714,0,0,0
1768843289.815846,1708,355.211097,0.207969,0,0,0
1768843289.916020,1654,342.857483,0.207290,0,0,0
1768843290.015819,1575,327.315360,0.207819,0,0,0
1768843290.118083,1649,330.398866,0.200363,0,0,0
1768843290.215965,1658,338.540807,0.204186,0,0,0
1768843290.316203,1532,304.264312,0.198606,0,0,0
1768843290.415717,1748,356.710739,0.204068,0,0,0
1768843290.515974,1726,343.852597,0.199219,0,0,0
1768843290.616562,1655,329.601815,0.199155,0,0,0
1768843290.716499,1728,342.989790,0.198489,0,0,0
1768843290.815861,1720,352.577220,0.204987,0,0,0
1768843290.913379,1741,357.467800,0.205323,0,0,0
1768843291.015990,1754,359.305860,0.204849,0,0,0
1768843291.118520,1792,361.276469,0.201605,0,0,0
1768843291.216393,1860,374.419406,0.201301,0,0,0
1768843291.316478,1641,320.659785,0.195405,0,0,0
1768843291.416603,1558,303.012689,0.194488,0,0,0
1768843291.515934,1904,396.709355,0.208356,0,0,0
1768843291.617306,1849,369.357429,0.199761,0,0,0
1768843291.715786,1923,391.399820,0.203536,0,0,0
1768843291.819480,1810,360.095002,0.198948,0,0,0
1768843291.917318,1608,322.755225,0.200718,0,0,0
1768843292.015934,1604,322.395112,0.200994,0,0,0
1768843292.115896,1933,415.985811,0.215202,0,0,0
1768843292.217273,1906,402.397487,0.211121,0,0,0
1768843292.317282,1953,450.925443,0.230889,0,0,0
1768843292.418040,1834,405.673894,0.221196,0,0,0
1768843292.516181,1975,470.168933,0.238060,0,0,0
1768843292.617899,1966,456.680574,0.232289,0,0,0
1768843292.715420,1767,380.920816,0.215575,0,0,0
1768843292.816475,2003,446.220572,0.222776,0,0,0
1768843292.916275,1990,480.367229,0.241391,0,0,0
1768843293.017908,1649,377.443757,0.228893,0,0,0
1768843293.115816,1983,482.038262,0.243085,0,0,0
1768843293.216117,1853,456.208402,0.246200,0,0,0
1768843293.316184,1673,423.532345,0.253157,0,0,0
1768843293.419372,2018,465.692340,0.230769,0,0,0
1768843293.516503,2067,483.125694,0.233733,0,0,0
1768843293.616465,2089,496.157018,0.237509,0,0,0
1768843293.716135,1911,454.498658,0.237833,0,0,0
1768843293.818455,2172,524.628452,0.241542,0,0,0
1768843293.916308,2176,517.592889,0.237864,0,0,0
1768843294.017338,1925,457.545750,0.237686,0,0,0
1768843294.116414,2120,495.532362,0.233742,0,0,0
1768843294.217170,2111,513.081880,0.243052,0,0,0
1768843294.318388,2089,489.225429,0.234191,0,0,0
1768843294.416486,1869,431.967536,0.231122,0,0,0
1768843294.516997,1739,423.069327,0.243283,0,0,0
1768843294.617272,1743,426.271648,0.244562,0,0,0
1768843294.717727,2174,545.063064,0.250719,0,0,0
1768843294.817315,2221,553.100282,0.249032,0,0,0
1768843294.916209,2256,546.622234,0.242297,0,0,0
1768843295.017275,2057,485.006666,0.235784,0,0,0
1768843295.116104,2243,534.518844,0.238305,0,0,0
1768843295.216644,1960,450.410093,0.229801,0,0,0
1768843295.316305,2263,560.077342,0.247493,0,0,0
1768843295.416224,2257,601.632867,0.266563,0,0,0
1768843295.516061,2311,585.872047,0.253515,0,0,0
1768843295.616016,2311,598.259491,0.258875,0,0,0
1768843295.716068,2369,599.100163,0.252892,0,0,0
1768843295.817177,1826,419.561654,0.229771,0,0,0
1768843295.917259,2318,573.446686,0.247389,0,0,0
1768843296.014158,2310,574.914325,0.248881,0,0,0
1768843296.116508,2306,581.914016,0.252348,0,0,0
1768843296.215958,1982,512.167428,0.258409,0,0,0
1768843296.316671,2166,573.618324,0.264828,0,0,0
1768843296.415912,2190,564.432672,0.257732,0,0,0
1768843296.515817,2126,541.365680,0.254640,0,0,0
1768843296.616070,2108,553.333233,0.262492,0,0,0
1768843296.717420,2065,544.472056,0.263667,0,0,0
1768843296.817268,2065,545.173424,0.264007,0,0,0
1768843296.916140,1813,491.831176,0.271280,0,0,0
1768843297.016321,2123,535.541090,0.252257,0,0,0
1768843297.115740,1912,491.223033,0.256916,0,0,0
1768843297.217280,1765,475.141223,0.269202,0,0,0
1768843297.318839,2176,569.998282,0.261948,0,0,0
1768843297.416821,2141,554.981334,0.259216,0,0,0
1768843297.516049,1831,506.421332,0.276582,0,0,0
1768843297.616531,1819,507.339885,0.278911,0,0,0
1768843297.717188,2054,544.158683,0.264926,0,0,0
1768843297.817269,2022,506.348668,0.250420,0,0,0
1768843297.916096,2095,535.755343,0.255730,0,0,0
1768843298.017503,2050,517.116874,0.252252,0,0,0
1768843298.116046,2120,549.240608,0.259076,0,0,0
1768843298.215771,2118,531.357233,0.250877,0,0,0
1768843298.314853,2187,536.087520,0.245125,0,0,0
1768843298.416363,1906,486.751347,0.255378,0,0,0
1768843298.616168,2056,511.160711,0.248619,0,0,0
1768843298.715746,1990,490.165680,0.246314,0,0,0
1768843298.815678,1722,457.034347,0.265409,0,0,0
1768843298.917230,1717,458.708486,0.267157,0,0,0
1768843299.015452,2035,530.859748,0.260865,0,0,0
1768843299.111322,2047,513.947227,0.251073,0,0,0
1768843299.216366,2001,517.661216,0.258701,0,0,0
1768843299.317162,1943,475.203404,0.244572,0,0,0
1768843299.417255,1922,483.242048,0.251427,0,0,0
1768843299.515952,1951,465.942613,0.238822,0,0,0
1768843299.617242,1922,459.736123,0.239197,0,0,0
1768843299.717351,1755,430.267603,0.245167,0,0,0
1768843299.817349,1879,445.549787,0.237121,0,0,0
1768843299.916542,1822,415.462055,0.228025,0,0,0
1768843300.017392,1848,445.473324,0.241057,0,0,0
1768843300.116210,1822,429.487737,0.235723,0,0,0
1768843300.216885,1792,408.805318,0.228128,0,0,0
1768843300.317332,1740,402.632665,0.231398,0,0,0
1768843300.415921,1553,370.817735,0.238775,0,0,0
1768843300.517407,1446,360.928602,0.249605,0,0,0
1768843300.617276,1882,460.089906,0.244469,0,0,0
1768843300.718577,1853,458.440418,0.247404,0,0,0
1768843300.816236,2021,505.511875,0.250130,0,0,0
1768843300.915706,1989,509.932947,0.256377,0,0,0
1768843301.017999,1670,411.479319,0.246395,0,0,0
1768843301.117142,2039,547.705319,0.268615,0,0,0
1768843301.216462,2001,516.291134,0.258017,0,0,0
1768843301.316501,1837,492.457983,0.268077,0,0,0
1768843301.416850,1805,465.351720,0.257813,0,0,0
1768843301.516359,1840,457.863641,0.248839,0,0,0
1768843301.618295,1819,461.428946,0.253672,0,0,0
1768843301.717301,1848,472.743927,0.255814,0,0,0
1768843301.817990,1821,458.707517,0.251899,0,0,0
1768843301.917254,1810,457.075381,0.252528,0,0,0
1768843302.018519,1801,457.435098,0.253990,0,0,0
1768843302.116202,1782,449.120014,0.252031,0,0,0
1768843302.215044,1659,425.611158,0.256547,0,0,0
1768843302.318584,1488,413.725799,0.278042,0,0,0
1768843302.415834,1484,413.508608,0.278645,0,0,0
1768843302.516734,1486,414.806957,0.279143,0,0,0
1768843302.617510,1486,414.563876,0.278980,0,0,0
1768843302.715844,1645,401.611020,0.244140,0,0,0
1768843302.816062,1636,404.051137,0.246975,0,0,0
1768843302.919394,1692,408.619159,0.241501,0,0,0
1768843303.017185,1644,392.807617,0.238934,0,0,0
1768843303.120644,1661,386.027151,0.232406,0,0,0
1768843303.217161,1643,384.018872,0.233730,0,0,0
1768843303.315893,1449,348.019186,0.240179,0,0,0
1768843303.417342,1561,361.285777,0.231445,0,0,0
1768843303.518731,1490,341.657255,0.229300,0,0,0
1768843303.615685,1544,372.988131,0.241573,0,0,0
1768843303.716368,1442,343.398763,0.238141,0,0,0
1768843303.821268,1260,310.196921,0.246188,0,0,0
1768843303.915928,1562,384.420268,0.246108,0,0,0
1768843304.017295,1565,399.286020,0.255135,0,0,0
1768843304.115920,1560,391.031684,0.250661,0,0,0
1768843304.215967,1598,399.658599,0.250099,0,0,0
1768843304.318691,1561,378.783949,0.242655,0,0,0
1768843304.417253,1599,399.348307,0.249749,0,0,0
1768843304.517716,1604,397.730727,0.247962,0,0,0
1768843304.616264,1574,380.556361,0.241777,0,0,0
1768843304.716170,1373,336.108909,0.244799,0,0,0
1768843304.815448,1582,394.040109,0.249077,0,0,0
1768843304.917192,1410,354.855812,0.251671,0,0,0
1768843305.017433,1282,346.383758,0.270190,0,0,0
1768843305.117093,1279,346.706575,0.271076,0,0,0
1768843305.216705,1511,396.784120,0.262597,0,0,0
1768843305.317567,1516,391.851877,0.258477,0,0,0
1768843305.416539,1466,381.654293,0.260337,0,0,0
1768843305.518569,1448,364.104795,0.251454,0,0,0
1768843305.615564,1475,374.846694,0.254133,0,0,0
1768843305.716095,1275,335.928198,0.263473,0,0,0
1768843305.815624,1507,376.140000,0.249595,0,0,0
1768843305.915685,1484,373.803500,0.251889,0,0,0
1768843306.017178,1492,383.482410,0.257026,0,0,0
1768843306.117294,1306,344.886306,0.264078,0,0,0
1768843306.218247,1222,337.956260,0.276560,0,0,0
1768843306.317090,1213,335.796701,0.276832,0,0,0
1768843306.415879,1624,394.598508,0.242979,0,0,0
1768843306.515830,1557,376.470593,0.241792,0,0,0
1768843306.617352,1522,361.555002,0.237553,0,0,0
1768843306.715772,1514,376.422864,0.248628,0,0,0
1768843306.816272,1513,370.427209,0.244830,0,0,0
1768843306.917168,1527,377.731485,0.247368,0,0,0
1768843307.017463,1325,332.080965,0.250627,0,0,0
1768843307.118361,1534,395.380472,0.257745,0,0,0
1768843307.216227,1484,377.087446,0.254102,0,0,0
1768843307.316480,1478,397.102701,0.268676,0,0,0
1768843307.417149,1273,334.287396,0.262598,0,0,0
1768843307.515945,1141,310.416470,0.272057,0,0,0
1768843307.616273,1557,381.193558,0.244826,0,0,0
1768843307.717616,1479,367.110037,0.248215,0,0,0
1768843307.816433,1214,305.813877,0.251906,0,0,0
1768843307.916397,1444,375.098638,0.259764,0,0,0
1768843308.017205,1390,356.722024,0.256635,0,0,0
1768843308.114954,1507,390.458150,0.259096,0,0,0
1768843308.217210,1356,353.015620,0.260336,0,0,0
1768843308.317201,1202,327.720867,0.272646,0,0,0
1768843308.416093,1535,402.322054,0.262099,0,0,0
1768843308.516068,1519,394.419737,0.259657,0,0,0
1768843308.617259,1617,420.781738,0.260224,0,0,0
1768843308.716225,1569,389.029271,0.247947,0,0,0
1768843308.814690,1653,416.829910,0.252166,0,0,0
1768843308.915987,1661,423.570255,0.255009,0,0,0
1768843309.016542,1553,379.468949,0.244346,0,0,0
1768843309.117061,1589,372.472523,0.234407,0,0,0
1768843309.216210,1419,336.095115,0.236853,0,0,0
1768843309.316189,1517,350.030927,0.230739,0,0,0
1768843309.418863,1401,320.119436,0.228494,0,0,0
1768843309.515894,1471,356.885124,0.242614,0,0,0
1768843309.616996,1508,364.501022,0.241712,0,0,0
1768843309.715755,1451,359.781783,0.247954,0,0,0
1768843309.816507,1505,367.115946,0.243931,0,0,0
1768843309.917068,1445,341.321652,0.236209,0,0,0
1768843310.018902,1487,353.825895,0.237946,0,0,0
1768843310.117173,1324,317.668807,0.239931,0,0,0
1768843310.217141,1418,332.927103,0.234786,0,0,0
1768843310.316906,1429,331.244275,0.231801,0,0,0
1768843310.417130,1272,300.077139,0.235910,0,0,0
1768843310.515687,1438,337.023787,0.234370,0,0,0
1768843310.616177,1431,339.201213,0.237038,0,0,0
1768843310.715776,1425,337.249842,0.236667,0,0,0
1768843310.817110,1411,338.028716,0.239567,0,0,0
1768843310.917606,1403,324.429903,0.231240,0,0,0
1768843311.020624,1346,334.727760,0.248683,0,0,0
1768843311.117506,1375,330.286781,0.240209,0,0,0
1768843311.217064,1240,295.232390,0.238091,0,0,0
1768843311.317159,1115,272.689226,0.244564,0,0,0
1768843311.416449,1107,271.472036,0.245232,0,0,0
1768843311.515962,1106,271.583715,0.245555,0,0,0
1768843311.617249,1358,321.504633,0.236749,0,0,0
1768843311.716113,1372,326.622759,0.238063,0,0,0
1768843311.817121,1296,305.722453,0.235897,0,0,0
1768843311.918128,1314,308.527593,0.234800,0,0,0
1768843312.013242,1304,305.418887,0.234217,0,0,0
1768843312.115858,1329,305.893378,0.230168,0,0,0
1768843312.217052,1232,286.230239,0.232330,0,0,0
1768843312.317080,1289,295.248756,0.229053,0,0,0
1768843312.415743,1417,341.886587,0.241275,0,0,0
1768843312.517196,1169,266.793211,0.228223,0,0,0
1768843312.618191,1032,239.521940,0.232095,0,0,0
1768843312.819978,1028,236.872884,0.230421,0,0,0
1768843312.915536,1022,235.873321,0.230796,0,0,0
1768843313.017051,1316,328.416454,0.249557,0,0,0
1768843313.117775,1317,320.919178,0.243674,0,0,0
1768843313.217090,1273,304.055224,0.238849,0,0,0
1768843313.317011,1306,315.600702,0.241654,0,0,0
1768843313.417310,1343,329.506238,0.245351,0,0,0
1768843313.519618,1274,319.703627,0.250945,0,0,0
1768843313.617045,1325,334.552852,0.252493,0,0,0
1768843313.719045,1345,352.294786,0.261929,0,0,0
1768843313.817015,1147,313.024166,0.272907,0,0,0
1768843313.917022,1060,283.418875,0.267376,0,0,0
1768843314.017167,1058,282.913241,0.267404,0,0,0
1768843314.117143,1058,283.099088,0.267579,0,0,0
1768843314.217054,1329,358.730266,0.269925,0,0,0
1768843314.316423,1330,345.423092,0.259717,0,0,0
1768843314.415851,1333,328.366124,0.246336,0,0,0
1768843314.517115,1231,313.834778,0.254943,0,0,0
1768843314.617069,1084,282.897566,0.260976,0,0,0
1768843314.715901,1358,338.667010,0.249387,0,0,0
1768843314.818793,1338,335.004506,0.250377,0,0,0
1768843314.916062,1325,331.069264,0.249864,0,0,0
1768843315.016439,1198,314.508471,0.262528,0,0,0
1768843315.118883,1270,317.760816,0.250205,0,0,0
1768843315.217147,1178,307.527935,0.261059,0,0,0
1768843315.315140,1032,279.294859,0.270635,0,0,0
1768843315.417022,1025,276.633091,0.269886,0,0,0
1768843315.517243,1024,277.741311,0.271232,0,0,0
1768843315.615678,1310,312.502809,0.238552,0,0,0
1768843315.717088,1268,301.073202,0.237439,0,0,0
1768843315.817381,1347,331.646227,0.246211,0,0,0
1768843315.916975,1170,293.483505,0.250841,0,0,0
1768843316.017572,1329,321.775134,0.242118,0,0,0
1768843316.115466,1355,316.779375,0.233786,0,0,0
1768843316.217252,1342,326.823451,0.243535,0,0,0
1768843316.317056,1368,323.897515,0.236767,0,0,0
1768843316.417128,1365,332.800882,0.243810,0,0,0
1768843316.517241,1363,318.045419,0.233342,0,0,0
1768843316.620180,1164,283.334890,0.243415,0,0,0
1768843316.717078,1350,320.184666,0.237174,0,0,0
1768843316.815867,1162,291.247221,0.250643,0,0,0
1768843316.918843,1366,326.810866,0.239247,0,0,0
1768843317.017157,1209,299.218398,0.247492,0,0,0
1768843317.117272,1058,272.278640,0.257352,0,0,0
1768843317.217124,1391,344.481125,0.247650,0,0,0
1768843317.316970,1418,338.336114,0.238601,0,0,0
1768843317.417262,1208,303.871263,0.251549,0,0,0
1768843317.517503,1086,280.558317,0.258341,0,0,0
1768843317.619008,1403,348.740548,0.248568,0,0,0
1768843317.717118,1330,332.040094,0.249654,0,0,0
1768843317.816360,1414,346.693107,0.245186,0,0,0
1768843317.915733,1408,337.542427,0.239732,0,0,0
1768843318.017206,1456,346.526376,0.237999,0,0,0
1768843318.117085,1281,312.032102,0.243585,0,0,0
1768843318.217085,1161,293.405910,0.252718,0,0,0
1768843318.317281,1482,368.144365,0.248411,0,0,0
1768843318.417143,1389,354.254219,0.255043,0,0,0
1768843318.515806,1137,314.740314,0.276816,0,0,0
1768843318.617876,1132,316.488588,0.279584,0,0,0
1768843318.715972,1516,387.251483,0.255443,0,0,0
1768843318.815757,1455,374.871752,0.257644,0,0,0
1768843318.915832,1515,388.095324,0.256169,0,0,0
1768843319.017805,1306,352.480179,0.269893,0,0,0
1768843319.117041,1211,333.991884,0.275798,0,0,0
1768843319.216991,1521,395.400111,0.259961,0,0,0
1768843319.315966,1509,386.266178,0.255975,0,0,0
1768843319.417093,1477,380.937054,0.257913,0,0,0
1768843319.517097,1486,382.179280,0.257187,0,0,0
1768843319.617124,1257,347.033621,0.276081,0,0,0
1768843319.716942,1137,329.675596,0.289952,0,0,0
1768843319.816993,1137,330.652262,0.290811,0,0,0
1768843319.917465,1536,403.968847,0.263001,0,0,0
1768843320.015729,1552,401.768104,0.258871,0,0,0
1768843320.117026,1520,400.734897,0.263641,0,0,0
1768843320.217188,1520,399.414439,0.262773,0,0,0
1768843320.317100,1284,354.398712,0.276011,0,0,0
1768843320.416601,1540,406.181958,0.263755,0,0,0
1768843320.519421,1487,406.683422,0.273493,0,0,0
1768843320.617008,1503,394.943560,0.262770,0,0,0
1768843320.717186,1479,399.659369,0.270223,0,0,0
1768843320.816982,1525,404.221133,0.265063,0,0,0
1768843320.917086,1317,370.571962,0.281376,0,0,0
1768843321.017160,1203,357.395114,0.297087,0,0,0
1768843321.115997,1581,434.294269,0.274696,0,0,0
1768843321.215777,1581,414.429481,0.262131,0,0,0
1768843321.317378,1595,434.324167,0.272304,0,0,0
1768843321.417515,1595,422.749557,0.265047,0,0,0
1768843321.516357,1419,389.144133,0.274238,0,0,0
1768843321.616144,1561,441.317654,0.282715,0,0,0
1768843321.716048,1604,426.956652,0.266182,0,0,0
1768843321.817671,1267,343.417429,0.271048,0,0,0
1768843321.917140,1567,430.732181,0.274877,0,0,0
1768843322.016992,1497,425.049909,0.283934,0,0,0
1768843322.120797,1309,392.838885,0.300106,0,0,0
1768843322.217077,1174,362.599090,0.308858,0,0,0
1768843322.317046,1181,365.537950,0.309516,0,0,0
1768843322.416957,1538,414.431504,0.269461,0,0,0
1768843322.517078,1567,417.888924,0.266681,0,0,0
1768843322.617069,1319,375.832206,0.284937,0,0,0
1768843322.716934,1581,444.380898,0.281076,0,0,0
1768843322.817087,1427,401.726277,0.281518,0,0,0
1768843322.917050,1222,367.735587,0.300929,0,0,0
1768843323.016927,1499,407.570910,0.271895,0,0,0
1768843323.115899,1452,391.572881,0.269678,0,0,0
1768843323.215742,1580,437.771097,0.277070,0,0,0
1768843323.316971,1555,428.131526,0.275326,0,0,0
1768843323.416981,1362,387.950412,0.284839,0,0,0
1768843323.515857,1239,373.805473,0.301699,0,0,0
1768843323.616189,1237,373.331608,0.301804,0,0,0
1768843323.716161,1595,428.942217,0.268929,0,0,0
1768843323.816958,1581,422.545209,0.267265,0,0,0
1768843323.917471,1432,385.231977,0.269017,0,0,0
1768843324.017022,1652,421.314241,0.255033,0,0,0
1768843324.117364,1515,381.026356,0.251503,0,0,0
1768843324.215797,1260,334.631894,0.265581,0,0,0
1768843324.317054,1578,407.381282,0.258163,0,0,0
1768843324.415817,1548,405.226862,0.261774,0,0,0
1768843324.516892,1519,420.670830,0.276939,0,0,0
1768843324.615389,1545,430.392420,0.278571,0,0,0
1768843324.718455,1514,423.858806,0.279960,0,0,0
1768843324.817513,1385,391.907664,0.282966,0,0,0
1768843324.917038,1530,416.360459,0.272131,0,0,0
1768843325.017064,1531,387.973125,0.253412,0,0,0
1768843325.116984,1465,368.822960,0.251756,0,0,0
1768843325.216001,1553,377.504939,0.243081,0,0,0
1768843325.321848,1507,375.757426,0.249341,0,0,0
1768843325.416935,1347,340.532445,0.252808,0,0,0
1768843325.515842,1492,380.674073,0.255143,0,0,0
1768843325.617691,1385,358.812984,0.259071,0,0,0
1768843325.716935,1164,322.405045,0.276980,0,0,0
1768843325.820250,1607,407.461376,0.253554,0,0,0
1768843325.917674,1575,393.944143,0.250123,0,0,0
1768843326.016950,1598,408.486867,0.255624,0,0,0
1768843326.116985,1559,379.739356,0.243579,0,0,0
1768843326.216949,1615,373.340630,0.231171,0,0,0
1768843326.316891,1639,364.295693,0.222267,0,0,0
1768843326.417011,1664,392.369402,0.235799,0,0,0
1768843326.516901,1689,384.801915,0.227828,0,0,0
1768843326.616940,1684,405.329800,0.240695,0,0,0
1768843326.717550,1456,350.637131,0.240822,0,0,0
1768843326.816330,1652,386.010795,0.233663,0,0,0
1768843326.916912,1518,355.292792,0.234053,0,0,0
1768843327.016654,1270,325.293093,0.256136,0,0,0
1768843327.117070,1631,396.060884,0.242833,0,0,0
1768843327.217177,1670,382.927170,0.229298,0,0,0
1768843327.316862,1663,400.164888,0.240628,0,0,0
1768843327.419446,1665,402.746501,0.241890,0,0,0
1768843327.515765,1357,356.988489,0.263072,0,0,0
1768843327.615868,1335,355.348343,0.266179,0,0,0
1768843327.716963,1730,428.453234,0.247661,0,0,0
1768843327.816535,1791,431.049098,0.240675,0,0,0
1768843327.916893,1822,450.840238,0.247443,0,0,0
1768843328.017161,1498,321.075177,0.214336,0,0,0
1768843328.116157,1908,475.574205,0.249253,0,0,0
1768843328.316038,1562,330.823345,0.211795,0,0,0
1768843328.416890,1233,261.297743,0.211920,0,0,0
1768843328.518478,1630,333.228138,0.204434,0,0,0
1768843328.617506,1740,420.958236,0.241930,0,0,0
1768843328.717001,1608,392.551523,0.244124,0,0,0
1768843328.817011,1767,412.876056,0.233659,0,0,0
1768843328.915957,1875,453.488216,0.241860,0,0,0
1768843329.016855,1808,443.602105,0.245355,0,0,0
1768843329.117001,1831,440.752972,0.240717,0,0,0
1768843329.217537,1906,475.623178,0.249540,0,0,0
1768843329.316940,1670,411.507104,0.246411,0,0,0
1768843329.415605,1917,459.811750,0.239860,0,0,0
1768843329.516937,1905,456.503155,0.239634,0,0,0
1768843329.617195,1556,361.546689,0.232356,0,0,0
1768843329.717115,1396,325.686104,0.233300,0,0,0
1768843329.818474,1828,425.622404,0.232835,0,0,0
1768843329.916473,1736,425.563975,0.245141,0,0,0
1768843330.017531,1531,389.381981,0.254332,0,0,0
1768843330.117701,1609,345.330329,0.214624,0,0,0
1768843330.218570,1541,320.710038,0.208118,0,0,0
1768843330.316927,1584,342.895304,0.216474,0,0,0
1768843330.416896,1539,346.534451,0.225169,0,0,0
1768843330.515873,1326,322.630881,0.243311,0,0,0
1768843330.616918,1546,332.847192,0.215296,0,0,0
1768843330.716942,1541,339.523937,0.220327,0,0,0
1768843330.816945,1406,315.706811,0.224543,0,0,0
1768843330.916801,1520,361.995182,0.238155,0,0,0
1768843331.016854,1448,330.608801,0.228321,0,0,0
1768843331.117516,1428,283.086354,0.198240,0,0,0
1768843331.216992,1306,263.944137,0.202101,0,0,0
1768843331.320088,1164,250.212570,0.214959,0,0,0
1768843331.415926,1396,288.006135,0.206308,0,0,0
1768843331.517010,1384,295.721608,0.213672,0,0,0
1768843331.617759,1406,287.989455,0.204829,0,0,0
1768843331.716883,1392,302.083405,0.217014,0,0,0
1768843331.817445,1190,281.257003,0.236350,0,0,0
1768843331.916854,1419,337.086813,0.237552,0,0,0
1768843332.016911,1396,337.213940,0.241557,0,0,0
1768843332.116953,1189,299.130399,0.251581,0,0,0
1768843332.217008,1155,305.015865,0.264083,0,0,0
1768843332.316989,1164,309.373951,0.265785,0,0,0
1768843332.417456,1343,291.101727,0.216755,0,0,0
1768843332.517048,1385,312.962963,0.225966,0,0,0
1768843332.616912,1383,302.221695,0.218526,0,0,0
1768843332.716932,1418,338.556962,0.238757,0,0,0
1768843332.817473,1439,345.171246,0.239869,0,0,0
1768843332.917128,1379,325.534408,0.236066,0,0,0
1768843333.016799,1185,305.437073,0.257753,0,0,0
1768843333.116831,1192,315.704445,0.264853,0,0,0
1768843333.214651,1433,313.602280,0.218843,0,0,0
1768843333.316280,1453,288.468249,0.198533,0,0,0
1768843333.418624,1403,289.735670,0.206512,0,0,0
1768843333.516802,1490,283.648126,0.190368,0,0,0
1768843333.616925,1403,273.486397,0.194930,0,0,0
1768843333.717800,1246,269.213910,0.216063,0,0,0
1768843333.817019,1478,324.077943,0.219268,0,0,0
1768843333.914886,1563,331.993207,0.212408,0,0,0
1768843334.015822,1517,320.889764,0.211529,0,0,0
1768843334.115903,1484,299.520390,0.201833,0,0,0
1768843334.216841,1307,260.165740,0.199056,0,0,0
1768843334.317071,1252,256.769806,0.205088,0,0,0
1768843334.416807,1508,312.898468,0.207492,0,0,0
1768843334.515951,1449,319.055082,0.220190,0,0,0
1768843334.615736,1494,316.429224,0.211800,0,0,0
1768843334.721326,1246,261.699703,0.210032,0,0,0
1768843334.816813,1156,255.833915,0.221310,0,0,0
1768843334.918591,1171,262.151004,0.223869,0,0,0
1768843335.016010,1509,333.552913,0.221042,0,0,0
1768843335.116861,1588,329.704101,0.207622,0,0,0
1768843335.216858,1428,280.168102,0.196196,0,0,0
1768843335.318459,1581,337.641272,0.213562,0,0,0
1768843335.416923,1617,345.617280,0.213740,0,0,0
1768843335.517614,1601,344.989455,0.215484,0,0,0
1768843335.616760,1637,366.165832,0.223681,0,0,0
1768843335.717152,1650,366.160983,0.221916,0,0,0
1768843335.816892,1703,379.909094,0.223082,0,0,0
1768843335.916840,1691,392.221829,0.231947,0,0,0
1768843336.016773,1704,386.552923,0.226850,0,0,0
1768843336.118990,1379,296.028532,0.214669,0,0,0
1768843336.217463,1249,290.192992,0.232340,0,0,0
1768843336.316907,1256,293.891603,0.233990,0,0,0
1768843336.416811,1589,311.463434,0.196012,0,0,0
1768843336.516809,1657,379.745134,0.229176,0,0,0
1768843336.616481,1697,416.900791,0.245669,0,0,0
1768843336.716879,1664,411.909823,0.247542,0,0,0
1768843336.816900,1613,389.044698,0.241193,0,0,0
1768843336.916939,1584,396.103889,0.250066,0,0,0
1768843337.016937,1523,352.715427,0.231593,0,0,0
1768843337.115788,1534,406.735472,0.265147,0,0,0
1768843337.216383,1489,375.217489,0.251993,0,0,0
1768843337.316845,1401,354.708084,0.253182,0,0,0
1768843337.415630,1347,324.952872,0.241242,0,0,0
1768843337.516918,1309,310.171900,0.236953,0,0,0
1768843337.616796,1164,283.687535,0.243718,0,0,0
1768843337.716739,1069,274.710770,0.256979,0,0,0
1768843337.813237,1068,276.846989,0.259220,0,0,0
1768843337.917016,1150,282.031168,0.245244,0,0,0
1768843338.016943,1139,292.339388,0.256663,0,0,0
1768843338.116842,1143,293.029775,0.256369,0,0,0
1768843338.216815,1005,228.997294,0.227858,0,0,0
1768843338.316088,1073,261.159466,0.243392,0,0,0
1768843338.616866,1067,278.660445,0.261163,0,0,0
1768843338.717955,923,221.249079,0.239706,0,0,0
1768843338.815857,987,277.616382,0.281273,0,0,0
1768843338.915614,901,247.287061,0.274458,0,0,0
1768843339.016109,827,223.988350,0.270844,0,0,0
1768843339.116720,828,224.662004,0.271331,0,0,0
1768843339.220855,960,256.726820,0.267424,0,0,0
1768843339.315436,999,262.389830,0.262652,0,0,0
1768843339.417844,958,246.573594,0.257384,0,0,0
1768843339.516723,846,215.764900,0.255041,0,0,0
1768843339.616948,954,252.479231,0.264653,0,0,0
1768843339.716801,916,239.637587,0.261613,0,0,0
1768843339.817623,966,248.452761,0.257197,0,0,0
1768843339.916978,913,229.541378,0.251414,0,0,0
1768843340.016826,959,249.113364,0.259764,0,0,0
1768843340.119448,938,236.344593,0.251967,0,0,0
1768843340.216724,921,241.376880,0.262081,0,0,0
1768843340.316938,947,244.657687,0.258350,0,0,0
1768843340.416905,932,235.784633,0.252988,0,0,0
1768843340.516834,929,229.988256,0.247565,0,0,0
1768843340.617623,942,247.176722,0.262396,0,0,0
1768843340.716717,843,218.159700,0.258790,0,0,0
1768843340.818455,796,205.175628,0.257758,0,0,0
1768843340.916520,930,226.824348,0.243897,0,0,0
1768843341.016748,942,236.841191,0.251424,0,0,0
1768843341.116712,920,213.709648,0.232293,0,0,0
1768843341.216717,931,240.298245,0.258108,0,0,0
1768843341.317809,806,201.448680,0.249936,0,0,0
1768843341.416729,912,228.803541,0.250881,0,0,0
1768843341.516803,813,193.310711,0.237775,0,0,0
1768843341.619337,753,172.995794,0.229742,0,0,0
1768843341.715742,856,211.803071,0.247433,0,0,0
1768843341.816849,835,204.138227,0.244477,0,0,0
1768843341.916758,842,193.126770,0.229367,0,0,0
1768843342.016714,831,182.128108,0.219167,0,0,0
1768843342.116759,796,163.600377,0.205528,0,0,0
1768843342.316802,837,181.048743,0.216307,0,0,0
1768843342.415647,789,174.705346,0.221426,0,0,0
1768843342.516747,803,175.037225,0.217979,0,0,0
1768843342.616912,788,172.501711,0.218911,0,0,0
1768843342.716856,798,168.127971,0.210687,0,0,0
1768843342.916826,824,177.641277,0.215584,0,0,0
1768843343.016757,768,164.462156,0.214143,0,0,0
1768843343.116795,700,145.993538,0.208562,0,0,0
1768843343.218967,818,172.598115,0.211000,0,0,0
1768843343.316752,831,171.726032,0.206650,0,0,0
1768843343.416841,806,167.982007,0.208414,0,0,0
1768843343.516746,817,180.612296,0.221068,0,0,0
1768843343.616810,819,185.920701,0.227009,0,0,0
1768843343.716684,810,174.461971,0.215385,0,0,0
1768843343.817501,806,178.073528,0.220935,0,0,0
1768843343.916711,754,165.252065,0.219167,0,0,0
1768843344.016865,776,166.165556,0.214131,0,0,0
1768843344.116745,771,167.156130,0.216804,0,0,0
1768843344.216806,789,165.482080,0.209736,0,0,0
1768843344.316701,768,159.181417,0.207267,0,0,0
1768843344.417232,705,141.987302,0.201400,0,0,0
1768843344.617866,767,149.063202,0.194346,0,0,0
1768843344.716666,745,148.093069,0.198783,0,0,0
1768843344.816909,658,128.439315,0.195197,0,0,0
1768843344.916813,767,154.844911,0.201884,0,0,0
1768843345.015409,722,141.997356,0.196672,0,0,0
1768843345.116785,747,148.169575,0.198353,0,0,0
1768843345.216699,711,128.508632,0.180744,0,0,0
1768843345.316997,737,149.142991,0.202365,0,0,0
1768843345.416711,674,126.855375,0.188213,0,0,0
1768843345.517220,643,122.418341,0.190386,0,0,0
1768843345.616658,642,122.018832,0.190060,0,0,0
1768843345.716816,698,123.076664,0.176328,0,0,0
1768843345.816827,690,119.835226,0.173674,0,0,0
1768843345.916867,711,126.049076,0.177284,0,0,0
1768843346.016748,684,117.770317,0.172179,0,0,0
1768843346.115789,624,102.298619,0.163940,0,0,0
1768843346.218127,613,100.076336,0.163257,0,0,0
1768843346.319439,703,123.351481,0.175464,0,0,0
1768843346.416418,693,117.028225,0.168872,0,0,0
1768843346.516716,644,109.248781,0.169641,0,0,0
1768843346.616877,676,112.830392,0.166909,0,0,0
1768843346.717304,646,108.896699,0.168571,0,0,0
1768843346.818490,617,96.286446,0.156056,0,0,0
1768843346.916622,569,87.657932,0.154056,0,0,0
1768843347.016696,679,95.128057,0.140100,0,0,0
1768843347.116944,641,98.349744,0.153432,0,0,0
1768843347.216456,580,88.412889,0.152436,0,0,0
1768843347.316728,654,109.685922,0.167715,0,0,0
1768843347.416785,639,104.443587,0.163448,0,0,0
1768843347.515882,649,101.758403,0.156793,0,0,0
1768843347.615935,639,95.561374,0.149548,0,0,0
1768843347.716675,655,107.395871,0.163963,0,0,0
1768843347.816790,648,102.652574,0.158414,0,0,0
1768843347.916749,659,97.310680,0.147664,0,0,0
1768843348.018903,598,82.732172,0.138348,0,0,1
1768843348.117204,693,104.423572,0.150683,0,0,0
1768843348.216966,678,108.600643,0.160178,0,0,0
1768843348.316638,682,102.260953,0.149943,0,0,1
1768843348.416830,676,103.969826,0.153802,0,0,0
1768843348.516918,628,92.892661,0.147918,0,0,0
1768843348.616676,685,112.942325,0.164879,0,0,0
1768843348.717313,666,109.777695,0.164831,0,0,0
1768843348.816751,664,109.264958,0.164556,0,0,0
1768843348.917131,662,107.692846,0.162678,0,0,0
1768843349.016617,669,118.015638,0.176406,0,0,0
1768843349.119992,667,114.096435,0.171059,0,0,0
1768843349.216666,696,120.160701,0.172645,0,0,0
1768843349.316591,652,109.785804,0.168383,0,0,0
1768843349.414937,701,110.916713,0.158226,0,0,0
1768843349.516714,676,114.838550,0.169880,0,0,0
1768843349.611565,638,106.502005,0.166931,0,0,0
1768843349.716432,719,124.968544,0.173809,0,0,0
1768843349.818007,707,112.733540,0.159453,0,0,0
1768843349.916905,696,120.956542,0.173788,0,0,0
1768843350.016949,710,132.800377,0.187043,0,0,0
1768843350.116265,723,130.978494,0.181160,0,0,0
1768843350.216680,725,131.815038,0.181814,0,0,0
1768843350.315785,754,148.085920,0.196400,0,0,0
1768843350.416613,727,143.362727,0.197198,0,0,0
1768843350.516202,780,155.951239,0.199937,0,0,0
1768843350.616857,756,145.196206,0.192058,0,0,0
1768843350.717618,765,148.595345,0.194242,0,0,0
1768843350.816761,691,132.640580,0.191955,0,0,0
1768843350.917737,849,167.611234,0.197422,0,0,0
1768843351.016731,837,168.917636,0.201813,0,0,0
1768843351.116601,806,168.706996,0.209314,0,0,0
1768843351.216597,762,158.637151,0.208185,0,0,0
1768843351.316281,790,167.552635,0.212092,0,0,0
1768843351.416583,741,157.206207,0.212154,0,0,0
1768843351.516774,688,147.343845,0.214163,0,0,0
1768843351.616920,795,153.914009,0.193603,0,0,0
1768843351.716733,789,157.729642,0.199911,0,0,0
1768843351.816616,708,134.768014,0.190350,0,0,0
1768843351.916712,779,159.818928,0.205159,0,0,0
1768843352.017405,769,156.685438,0.203752,0,0,0
1768843352.117510,793,174.121128,0.219573,0,0,0
1768843352.216668,796,167.144778,0.209981,0,0,0
1768843352.316669,730,145.212051,0.198921,0,0,0
1768843352.416765,690,138.132920,0.200193,0,0,0
1768843352.516620,844,191.338003,0.226704,0,0,0
1768843352.616752,820,181.562470,0.221418,0,0,0
1768843352.717437,743,158.936058,0.213911,0,0,0
1768843352.817603,728,157.156716,0.215875,0,0,0
1768843352.918119,725,155.815302,0.214918,0,0,0
1768843353.017662,864,193.887503,0.224407,0,0,0
1768843353.117482,893,211.874123,0.237261,0,0,0
1768843353.216585,946,208.991275,0.220921,0,0,0
1768843353.316758,937,218.766567,0.233476,0,0,0
1768843353.416770,941,229.127434,0.243494,0,0,0
1768843353.516678,828,192.902811,0.232974,0,0,0
1768843353.617737,939,242.961090,0.258745,0,0,0
1768843353.715834,846,205.348987,0.242729,0,0,0
1768843353.816524,946,237.263953,0.250808,0,0,0
1768843353.916805,973,253.832305,0.260876,0,0,0
1768843354.016605,868,220.991998,0.254599,0,0,0
1768843354.116802,820,204.427469,0.249302,0,0,0
1768843354.216550,973,241.805791,0.248516,0,0,0
1768843354.316554,943,230.010663,0.243914,0,0,0
1768843354.419892,978,237.132546,0.242467,0,0,0
1768843354.517231,917,216.042484,0.235597,0,0,0
1768843354.616945,984,227.462298,0.231161,0,0,0
1768843354.716549,919,209.602458,0.228077,0,0,0
1768843354.816665,814,193.339072,0.237517,0,0,0
1768843354.917934,1001,259.932209,0.259673,0,0,0
1768843355.016685,1014,271.028059,0.267286,0,0,0
1768843355.116560,942,240.364947,0.255164,0,0,0
1768843355.218009,1065,276.213470,0.259355,0,0,0
1768843355.416610,1120,271.682108,0.242573,0,0,0
1768843355.516621,1118,269.306975,0.240883,0,0,0
1768843355.617445,1153,269.768219,0.233971,0,0,0
1768843355.716641,1243,295.624428,0.237831,0,0,0
1768843355.816642,1100,256.025639,0.232751,0,0,0
1768843355.916643,1235,298.199982,0.241457,0,0,0
1768843356.017559,1136,267.482896,0.235460,0,0,0
1768843356.117273,1018,245.355369,0.241017,0,0,0
1768843356.215832,1254,297.891671,0.237553,0,0,0
1768843356.316597,1270,301.059937,0.237055,0,0,0
1768843356.416514,1228,295.457368,0.240600,0,0,0
1768843356.515794,1239,304.506497,0.245768,0,0,0
1768843356.616534,1281,314.792749,0.245740,0,0,0
1768843356.716532,1154,272.486614,0.236124,0,0,0
1768843356.816675,1266,301.588278,0.238221,0,0,0
1768843356.917645,1284,307.173730,0.239232,0,0,0
1768843357.016998,1126,259.277880,0.230265,0,0,0
1768843357.116695,1009,227.687734,0.225657,0,0,0
1768843357.216715,1002,226.627523,0.226175,0,0,0
1768843357.316525,1235,258.767221,0.209528,0,0,0
1768843357.417091,1252,279.478163,0.223225,0,0,0
1768843357.516525,1322,325.597156,0.246291,0,0,0
1768843357.616540,1399,337.192409,0.241024,0,0,0
1768843357.716859,1237,270.075540,0.218331,0,0,0
1768843357.816555,1438,367.731326,0.255724,0,0,0
1768843357.916671,1445,352.318799,0.243819,0,0,0
1768843358.016514,1047,215.502081,0.205828,0,0,0
1768843358.116500,1014,216.662830,0.213671,0,0,0
1768843358.216590,1118,243.928293,0.218183,0,0,0
1768843358.316532,1243,292.281126,0.235142,0,0,0
1768843358.416497,1259,300.137518,0.238394,0,0,0
1768843358.516510,1262,302.036306,0.239331,0,0,0
1768843358.616513,1249,293.141292,0.234701,0,0,0
1768843358.718051,1274,294.387654,0.231074,0,0,0
1768843358.815751,1273,302.751050,0.237825,0,0,0
1768843358.916646,1284,293.415491,0.228517,0,0,0
1768843359.016045,1274,306.888971,0.240886,0,0,0
1768843359.116629,1291,310.400985,0.240435,0,0,0
1768843359.216661,1184,279.753696,0.236278,0,0,0
1768843359.318174,1051,261.453260,0.248766,0,0,0
1768843359.416615,1051,262.246129,0.249521,0,0,0
1768843359.516271,1047,263.120514,0.251309,0,0,0
1768843359.616692,1048,262.987154,0.250942,0,0,0
1768843359.716609,1177,277.865871,0.236080,0,0,0
1768843359.817139,1170,281.995192,0.241022,0,0,0
1768843359.916466,1189,296.867468,0.249678,0,0,0
1768843360.016701,1160,290.488152,0.250421,0,0,0
1768843360.116566,1175,296.960075,0.252732,0,0,0
1768843360.212268,1148,290.510700,0.253058,0,0,0
1768843360.317534,1118,279.848073,0.250311,0,0,0
1768843360.416512,1112,267.567333,0.240618,0,0,0
1768843360.516455,987,243.938504,0.247151,0,0,0
1768843360.616522,1102,263.643937,0.239241,0,0,0
1768843360.716496,1087,272.241718,0.250452,0,0,0
1768843360.816967,952,229.261800,0.240821,0,0,0
1768843360.916785,880,214.307204,0.243531,0,0,0
1768843361.016546,1080,265.041022,0.245408,0,0,0
1768843361.116646,1017,249.140443,0.244976,0,0,0
1768843361.216594,1033,254.516243,0.246386,0,0,0
1768843361.316518,973,239.453169,0.246098,0,0,0
1768843361.416637,1025,257.663171,0.251379,0,0,0
1768843361.516515,950,248.554223,0.261636,0,0,0
1768843361.616515,878,223.482240,0.254536,0,0,0
1768843361.716634,793,207.343763,0.261468,0,0,0
1768843361.816571,790,207.953034,0.263232,0,0,0
1768843361.916563,786,206.697307,0.262974,0,0,0
1768843362.015805,850,213.710558,0.251424,0,0,0
1768843362.117761,829,212.203453,0.255975,0,0,0
1768843362.218556,819,208.956988,0.255137,0,0,0
1768843362.316625,802,200.055412,0.249446,0,0,0
1768843362.416728,809,210.758028,0.260517,0,0,0
1768843362.516535,776,199.950533,0.257668,0,0,0
1768843362.616611,765,187.186730,0.244689,0,0,0
1768843362.716539,745,182.667334,0.245191,0,0,0
1768843362.814341,719,176.585351,0.245599,0,0,0
1768843362.916491,652,167.990230,0.257654,0,0,0
1768843363.016475,607,156.036098,0.257061,0,0,0
1768843363.116546,600,156.215263,0.260359,0,0,0
1768843363.216511,596,155.715313,0.261267,0,0,0
1768843363.316679,718,171.410170,0.238733,0,0,0
1768843363.416061,720,177.516599,0.246551,0,0,0
1768843363.518296,605,155.833199,0.257576,0,0,0
1768843363.615819,752,197.086275,0.262083,0,0,0
1768843363.716541,726,181.674016,0.250240,0,0,0
1768843363.816687,718,181.694523,0.253056,0,0,0
1768843363.917044,695,176.397596,0.253809,0,0,0
1768843364.017284,624,165.700604,0.265546,0,0,0
1768843364.116502,691,179.415539,0.259646,0,0,0
1768843364.217856,726,187.065257,0.257666,0,0,0
1768843364.316608,654,173.916213,0.265927,0,0,0
1768843364.416698,601,162.548565,0.270464,0,0,0
1768843364.516448,709,190.050434,0.268054,0,0,0
1768843364.616624,702,173.027545,0.246478,0,0,0
1768843364.717727,624,161.642378,0.259042,0,0,0
1768843364.815965,664,165.224485,0.248832,0,0,0
1768843364.916447,659,164.950242,0.250304,0,0,0
1768843365.016477,569,144.924742,0.254701,0,0,0
1768843365.116486,560,143.492231,0.256236,0,0,0
1768843365.216059,563,143.797639,0.255413,0,0,0
1768843365.316589,658,163.785850,0.248915,0,0,0
1768843365.416616,693,173.964678,0.251031,0,0,0
1768843365.516463,666,166.261731,0.249642,0,0,0
1768843365.616654,603,154.676211,0.256511,0,0,0
1768843365.718272,690,166.657673,0.241533,0,0,0
1768843365.816592,657,159.565991,0.242871,0,0,0
1768843365.916534,644,144.360485,0.224162,0,0,0
1768843366.017974,585,135.039348,0.230836,0,0,0
1768843366.116578,642,145.440599,0.226543,0,0,0
1768843366.216485,622,153.339703,0.246527,0,0,0
1768843366.316695,568,140.364970,0.247121,0,0,0
1768843366.416439,526,133.259298,0.253345,0,0,0
1768843366.516559,631,146.710347,0.232505,0,0,0
1768843366.616454,631,144.767625,0.229426,0,0,0
1768843366.716561,633,152.203351,0.240448,0,0,0
1768843366.816534,620,142.984819,0.230621,0,0,0
1768843366.916456,602,132.909263,0.220780,0,0,0
1768843367.016527,594,132.557579,0.223161,0,0,0
1768843367.116526,601,132.404759,0.220307,0,0,0
1768843367.216458,561,125.483359,0.223678,0,0,0
1768843367.316573,510,113.341151,0.222238,0,0,0
1768843367.418180,582,124.814342,0.214458,0,0,0
1768843367.516435,598,121.511464,0.203196,0,0,0
1768843367.617385,572,118.988121,0.208021,0,0,0
1768843367.716930,606,132.961617,0.219409,0,0,0
1768843367.816552,597,127.113485,0.212920,0,0,0
1768843367.916375,527,111.327653,0.211248,0,0,0
1768843368.016477,611,135.718228,0.222125,0,0,0
1768843368.116371,607,127.181326,0.209524,0,0,0
1768843368.217626,618,126.899295,0.205339,0,0,0
1768843368.316525,599,119.547641,0.199579,0,0,0
1768843368.416623,618,130.102750,0.210522,0,0,0
1768843368.518167,603,125.001779,0.207300,0,0,0
1768843368.616475,616,131.058799,0.212758,0,0,0
1768843368.716455,593,123.804317,0.208776,0,0,0
1768843368.816487,552,118.339192,0.214383,0,0,0
1768843368.916639,505,112.823486,0.223413,0,0,0
1768843369.016654,612,131.637637,0.215094,0,0,0
1768843369.116555,596,124.073808,0.208178,0,0,0
1768843369.216528,596,132.217921,0.221842,0,0,0
1768843369.316542,594,124.086786,0.208900,0,0,0
1768843369.416383,525,110.873963,0.211189,0,0,0
1768843369.516390,614,139.694794,0.227516,0,0,0
1768843369.616489,609,142.901417,0.234649,0,0,0
1768843369.716661,621,140.788555,0.226713,0,0,0
1768843369.816458,611,146.071468,0.239070,0,0,0
1768843369.917986,636,158.626192,0.249412,0,0,0
1768843370.016628,621,145.989045,0.235087,0,0,0
1768843370.116475,541,126.904277,0.234574,0,0,0
1768843370.216379,629,141.429004,0.224847,0,0,0
1768843370.316485,611,147.851704,0.241983,0,0,0
1768843370.416432,637,153.566841,0.241078,0,0,0
1768843370.516943,638,155.800125,0.244201,0,0,0
1768843370.614228,679,170.160163,0.250604,0,0,0
1768843370.714836,673,172.824414,0.256797,0,0,0
1768843370.816370,683,167.535327,0.245293,0,0,0
1768843370.916474,646,151.879527,0.235108,0,0,0
1768843371.017344,636,151.214115,0.237758,0,0,0
1768843371.120312,641,150.013606,0.234031,0,0,0
1768843371.216376,672,162.809676,0.242276,0,0,0
1768843371.316471,709,184.736426,0.260559,0,0,0
1768843371.416521,647,166.111553,0.256741,0,0,0
1768843371.516750,691,180.885151,0.261773,0,0,0
1768843371.616490,657,171.193920,0.260569,0,0,0
1768843371.716284,578,153.942143,0.266336,0,0,0
1768843371.817247,677,162.313211,0.239754,0,0,0
1768843371.918442,662,167.747539,0.253395,0,0,0
1768843372.016334,683,174.027118,0.254798,0,0,0
1768843372.114782,680,160.622245,0.236209,0,0,0
1768843372.216425,721,184.619742,0.256061,0,0,0
1768843372.313017,724,179.086342,0.247357,0,0,0
1768843372.416526,720,173.769616,0.241347,0,0,0
1768843372.516387,723,173.393654,0.239825,0,0,0
1768843372.616328,629,161.451663,0.256680,0,0,0
1768843372.716324,749,183.130608,0.244500,0,0,0
1768843372.816468,739,173.257183,0.234448,0,0,0
1768843372.917088,653,167.296565,0.256197,0,0,0
1768843373.016480,603,153.350052,0.254312,0,0,0
1768843373.116408,767,175.654207,0.229015,0,0,0
1768843373.216362,740,172.593026,0.233234,0,0,0
1768843373.316432,756,183.689771,0.242976,0,0,0
1768843373.416422,746,180.788163,0.242343,0,0,0
1768843373.516471,793,203.069200,0.256077,0,0,0
1768843373.616531,693,183.551235,0.264865,0,0,0
1768843373.716568,821,206.032616,0.250953,0,0,0
1768843373.816334,824,210.392887,0.255331,0,0,0
1768843373.916428,716,196.396091,0.274296,0,0,0
1768843374.016466,848,211.154705,0.249003,0,0,0
1768843374.116304,855,209.586501,0.245130,0,0,0
1768843374.216436,779,205.218485,0.263438,0,0,0
1768843374.316432,693,188.538667,0.272062,0,0,0
1768843374.416466,937,246.502758,0.263077,0,0,0
1768843374.516288,956,253.169257,0.264821,0,0,0
1768843374.618184,942,253.717771,0.269339,0,0,0
1768843374.718460,1002,262.242027,0.261719,0,0,0
1768843374.817695,966,251.857853,0.260722,0,0,0
1768843374.916356,1028,269.562915,0.262221,0,0,0
1768843375.016478,1029,268.029024,0.260475,0,0,0
1768843375.116294,1102,278.136189,0.252392,0,0,0
1768843375.216177,1122,288.993279,0.257570,0,0,0
1768843375.316329,1109,279.149125,0.251712,0,0,0
1768843375.416543,1102,286.380211,0.259873,0,0,0
1768843375.519428,1117,285.401385,0.255507,0,0,0
1768843375.616354,1108,281.591426,0.254144,0,0,0
1768843375.716377,983,257.710014,0.262167,0,0,0
1768843375.816355,908,247.560732,0.272644,0,0,0
1768843375.916320,1122,290.214920,0.258659,0,0,0
1768843376.016379,1118,282.399131,0.252593,0,0,0
1768843376.116274,985,260.106500,0.264068,0,0,0
1768843376.216026,1119,296.803006,0.265240,0,0,0
1768843376.317531,1063,278.948938,0.262417,0,0,0
1768843376.414661,1058,272.226744,0.257303,0,0,0
1768843376.516457,1037,267.626492,0.258078,0,0,0
1768843376.616481,1032,260.927821,0.252837,0,0,0
1768843376.716299,1032,264.599516,0.256395,0,0,0
1768843376.816339,1030,267.050203,0.259272,0,0,0
1768843376.916394,1005,251.161887,0.249912,0,0,0
1768843377.016300,1045,264.263996,0.252884,0,0,0
1768843377.116518,1012,260.681394,0.257590,0,0,0
1768843377.214887,1069,273.405562,0.255758,0,0,0
1768843377.316325,1065,271.443933,0.254877,0,0,0
1768843377.416390,1089,277.221836,0.254566,0,0,0
1768843377.516293,1076,271.541472,0.252362,0,0,0
1768843377.616455,962,252.752219,0.262736,0,0,0
1768843377.716292,886,242.477878,0.273677,0,0,0
1768843377.818515,879,242.274139,0.275625,0,0,0
1768843377.916291,877,241.619866,0.275507,0,0,0
1768843378.016433,1162,290.252184,0.249787,0,0,0
1768843378.116904,1163,293.900202,0.252709,0,0,0
1768843378.216450,1145,289.277938,0.252644,0,0,0
1768843378.317753,1132,283.036473,0.250032,0,0,0
1768843378.415931,1150,291.907912,0.253833,0,0,0
1768843378.516398,1175,288.660215,0.245668,0,0,0
1768843378.616578,1184,301.561956,0.254698,0,0,0
1768843378.716817,1201,291.831881,0.242991,0,0,0
1768843378.816379,1216,307.585326,0.252948,0,0,0
1768843378.916360,1047,266.854875,0.254876,0,0,0
1768843379.016406,985,255.207518,0.259094,0,0,0
1768843379.116398,980,254.698414,0.259896,0,0,0
1768843379.216338,976,253.956031,0.260201,0,0,0
1768843379.316334,1205,295.638919,0.245344,0,0,0
1768843379.416499,1202,288.732392,0.240210,0,0,0
1768843379.519275,1096,262.688971,0.239680,0,0,0
1768843379.616351,988,246.205468,0.249196,0,0,0
1768843379.716451,1220,307.007025,0.251645,0,0,0
1768843379.816280,1187,305.516215,0.257385,0,0,0
1768843380.016254,1258,317.173390,0.252125,0,0,0
1768843380.116264,1289,329.929143,0.255957,0,0,0
1768843380.216071,901,197.564997,0.219273,0,0,0
1768843380.316248,1403,378.443099,0.269738,0,0,0
1768843380.417814,1206,299.933840,0.248701,0,0,0
1768843380.516342,1451,405.429420,0.279414,0,0,0
1768843380.616335,1395,380.459418,0.272731,0,0,0
1768843380.716225,1387,375.710002,0.270880,0,0,0
1768843380.816274,1358,374.357461,0.275668,0,0,0
1768843380.918800,979,210.235697,0.214745,0,0,0
1768843381.019763,1314,327.688376,0.249382,0,0,0
1768843381.116409,1116,281.315093,0.252074,0,0,0
1768843381.216331,982,254.318128,0.258980,0,0,0
1768843381.316233,1265,315.743914,0.249600,0,0,0
1768843381.416294,1228,317.294783,0.258383,0,0,0
1768843381.516496,1267,326.715458,0.257865,0,0,0
1768843381.616343,1216,309.982677,0.254920,0,0,0
1768843381.718053,1243,319.954633,0.257405,0,0,0
1768843381.816321,1108,280.029604,0.252734,0,0,0
1768843381.917448,1278,314.237316,0.245882,0,0,0
1768843382.016219,1282,310.835838,0.242462,0,0,0
1768843382.116317,1279,289.164090,0.226086,0,0,0
1768843382.217466,1273,295.799398,0.232364,0,0,0
1768843382.316324,1336,290.464636,0.217414,0,0,0
1768843382.416484,1160,262.908851,0.226646,0,0,0
1768843382.516236,1314,302.403834,0.230140,0,0,0
1768843382.616303,1305,282.451229,0.216438,0,0,0
1768843382.716244,1158,246.029319,0.212461,0,0,0
1768843382.816375,1303,294.290406,0.225856,0,0,0
1768843382.916560,1285,268.742981,0.209139,0,0,0
1768843383.016304,1282,290.183565,0.226352,0,0,0
1768843383.116440,1174,244.720363,0.208450,0,0,0
1768843383.216322,1311,299.914428,0.228768,0,0,0
1768843383.318434,1276,290.454924,0.227629,0,0,0
1768843383.416246,1284,299.403354,0.233180,0,0,0
1768843383.516268,1161,257.915514,0.222149,0,0,0
1768843383.617344,1327,298.332173,0.224817,0,0,0
1768843383.716419,1300,290.260510,0.223277,0,0,0
1768843383.815701,1281,275.172925,0.214811,0,0,0
1768843383.916246,1310,313.071096,0.238986,0,0,0
1768843384.016517,1283,295.863030,0.230603,0,0,0
1768843384.116373,1333,324.741575,0.243617,0,0,0
1768843384.216368,1128,253.742171,0.224949,0,0,0
1768843384.316967,1254,299.655708,0.238960,0,0,0
1768843384.416522,1262,286.823673,0.227277,0,0,0
1768843384.517660,1217,283.034367,0.232567,0,0,0
1768843384.616205,1223,292.341260,0.239036,0,0,0
1768843384.715111,1178,267.920272,0.227437,0,0,0
1768843384.816734,1204,289.185137,0.240187,0,0,0
1768843384.916271,1214,272.889470,0.224785,0,0,0
1768843385.016225,1191,273.390350,0.229547,0,0,0
1768843385.115723,988,211.396815,0.213964,0,0,0
1768843385.216372,1154,250.371297,0.216960,0,0,0
1768843385.316267,1204,268.402852,0.222926,0,0,0
1768843385.416229,1133,242.374060,0.213922,0,0,0
1768843385.616245,1171,265.275315,0.226537,0,0,0
1768843385.716342,1165,251.681377,0.216036,0,0,0
1768843385.816358,1176,254.867502,0.216724,0,0,0
1768843385.919471,1117,245.727887,0.219989,0,0,0
1768843386.017214,992,204.146426,0.205793,0,0,0
1768843386.115967,1112,233.736198,0.210194,0,0,0
1768843386.216311,1103,238.013168,0.215787,0,0,0
1768843386.316315,1088,229.246566,0.210705,0,0,0
1768843386.416274,1097,251.816055,0.229550,0,0,0
1768843386.516397,987,213.827804,0.216644,0,0,0
1768843386.618305,1115,253.882829,0.227698,0,0,0
1768843386.716197,1101,253.073630,0.229858,0,0,0
1768843386.816272,1104,249.960942,0.226414,0,0,0
1768843386.916343,1042,222.129392,0.213176,0,0,0
1768843387.016382,1107,241.520849,0.218176,0,0,0
1768843387.116222,1077,230.837937,0.214334,0,0,0
1768843387.216320,984,200.766800,0.204031,0,0,0
1768843387.312948,1116,253.571442,0.227215,0,0,0
1768843387.415418,1027,218.830049,0.213077,0,0,0
1768843387.515591,1107,242.463411,0.219027,0,0,0
1768843387.616315,1005,210.527143,0.209480,0,0,0
1768843387.717438,1095,234.713404,0.214350,0,0,0
1768843387.816416,1107,241.765434,0.218397,0,0,0
1768843387.916333,988,205.658270,0.208156,0,0,0
1768843388.016330,1081,236.764119,0.219023,0,0,0
1768843388.119539,1028,214.356571,0.208518,0,0,0
1768843388.216196,1096,231.299288,0.211039,0,0,0
1768843388.416247,1120,241.277141,0.215426,0,0,0
1768843388.516273,1084,228.753678,0.211027,0,0,0
1768843388.616194,1109,233.514413,0.210563,0,0,0
1768843388.716578,1111,240.057634,0.216073,0,0,0
1768843388.816213,1109,239.521733,0.215980,0,0,0
1768843388.916329,1137,243.225538,0.213919,0,0,0
1768843389.016287,1133,250.586499,0.221171,0,0,0
1768843389.116338,1042,219.359739,0.210518,0,0,0
1768843389.216175,938,191.172212,0.203808,0,0,0
1768843389.316308,1151,262.959781,0.228462,0,0,0
1768843389.416149,1168,268.210921,0.229633,0,0,0
1768843389.516272,1071,242.988691,0.226880,0,0,0
1768843389.616282,1144,265.651348,0.232213,0,0,0
1768843389.816244,1152,266.246372,0.231117,0,0,0
1768843389.918470,1070,246.920311,0.230767,0,0,0
1768843390.016170,1147,267.623667,0.233325,0,0,0
1768843390.116225,1029,234.982974,0.228361,0,0,0
1768843390.216215,1169,275.749946,0.235885,0,0,0
1768843390.316159,1179,277.358887,0.235249,0,0,0
1768843390.417578,1031,226.036734,0.219240,0,0,0
1768843390.516244,1197,288.490819,0.241012,0,0,0
1768843390.616748,1106,252.065270,0.227907,0,0,0
1768843390.716276,1180,272.021399,0.230527,0,0,0
1768843390.816161,1194,298.763861,0.250221,0,0,0
1768843390.916123,1122,272.541704,0.242907,0,0,0
1768843391.116271,1257,343.967953,0.273642,0,0,0
1768843391.216178,1186,320.828316,0.270513,0,0,0
1768843391.318742,1302,326.337173,0.250643,0,0,0
1768843391.416311,1182,285.838979,0.241827,0,0,0
1768843391.516182,1303,345.070464,0.264828,0,0,0
1768843391.616111,1230,318.970388,0.259326,0,0,0
1768843391.716125,1130,289.255086,0.255978,0,0,0
1768843391.816180,1274,326.740363,0.256468,0,0,0
1768843391.916261,1270,317.052757,0.249648,0,0,0
1768843392.016275,1284,317.850061,0.247547,0,0,0
1768843392.116193,1116,268.739311,0.240806,0,0,0
1768843392.216274,1089,262.394317,0.240950,0,0,0
1768843392.316086,1260,319.820450,0.253826,0,0,0
1768843392.417380,1209,299.557633,0.247773,0,0,0
1768843392.516133,1302,335.232098,0.257475,0,0,0
1768843392.617913,1306,339.005888,0.259576,0,0,0
1768843392.716207,1281,315.450379,0.246253,0,0,0
1768843392.817200,1236,293.021199,0.237072,0,0,0
1768843392.918447,1269,319.728387,0.251953,0,0,0
1768843393.116090,1284,329.064120,0.256280,0,0,0
1768843393.216287,1269,322.948574,0.254491,0,0,0
1768843393.316110,1198,285.055444,0.237943,0,0,0
1768843393.417763,1090,258.415371,0.237078,0,0,0
1768843393.515692,1087,258.023092,0.237372,0,0,0
1768843393.616308,1275,326.386744,0.255990,0,0,0
1768843393.718103,1270,312.678072,0.246203,0,0,0
1768843393.816092,1262,310.955296,0.246399,0,0,0
1768843393.916397,1271,322.352248,0.253621,0,0,0
1768843394.016148,1282,326.431064,0.254626,0,0,0
1768843394.116117,1264,325.251677,0.257319,0,0,0
1768843394.216559,1168,301.821970,0.258409,0,0,0
1768843394.316234,1282,318.989403,0.248822,0,0,0
1768843394.416354,1195,298.341312,0.249658,0,0,0
1768843394.516855,1337,325.074510,0.243137,0,0,0
1768843394.616321,1277,301.486907,0.236090,0,0,0
1768843394.716115,1173,278.652748,0.237556,0,0,0
1768843394.816258,1254,305.345341,0.243497,0,0,0
1768843394.916280,1285,321.798126,0.250427,0,0,0
1768843395.016107,1265,315.803572,0.249647,0,0,0
1768843395.116201,1287,324.192797,0.251898,0,0,0
1768843395.216240,1306,328.900732,0.251838,0,0,0
1768843395.316250,1186,293.091397,0.247126,0,0,0
1768843395.415031,1094,269.132560,0.246008,0,0,0
1768843395.516195,1089,268.173895,0.246257,0,0,0
1768843395.616427,1363,319.586966,0.234473,0,0,0
1768843395.716212,1297,307.111549,0.236786,0,0,0
1768843395.816087,1331,359.405462,0.270027,0,0,0
1768843395.916338,1189,312.655268,0.262956,0,0,0
1768843396.016317,1308,344.636974,0.263484,0,0,0
1768843396.116176,1270,325.726079,0.256477,0,0,0
1768843396.217580,1307,344.130419,0.263298,0,0,0
1768843396.416102,1335,355.903801,0.266595,0,0,0
1768843396.517654,1333,362.342745,0.271825,0,0,0
1768843396.616193,1175,310.986303,0.264669,0,0,0
1768843396.716364,1322,361.996275,0.273825,0,0,0
1768843396.816205,1247,350.433103,0.281021,0,0,0
1768843396.915847,1342,368.040586,0.274248,0,0,0
1768843397.016439,1301,331.505721,0.254808,0,0,0
1768843397.116120,1343,366.883870,0.273182,0,0,0
1768843397.216089,1187,327.830862,0.276184,0,0,0
1768843397.316397,1049,294.191986,0.280450,0,0,0
1768843397.416102,1325,375.158008,0.283138,0,0,0
1768843397.516230,1311,362.028386,0.276147,0,0,0
1768843397.619460,1283,363.591581,0.283392,0,0,0
1768843397.718917,1163,318.570265,0.273921,0,0,0
1768843397.817177,1329,361.024766,0.271651,0,0,0
1768843397.916635,1401,383.875511,0.274001,0,0,0
1768843398.016074,1317,355.298310,0.269779,0,0,0
1768843398.116217,1354,363.400886,0.268391,0,0,0
1768843398.216196,1180,324.636929,0.275116,0,0,0
1768843398.316291,1365,370.168404,0.271186,0,0,0
1768843398.416216,1337,390.562734,0.292119,0,0,0
1768843398.516168,1382,398.937631,0.288667,0,0,0
1768843398.616087,1137,322.534142,0.283671,0,0,0
1768843398.716129,1409,426.443688,0.302657,0,0,0
1768843398.816205,1427,417.266037,0.292408,0,0,0
1768843398.916143,1354,392.718891,0.290043,0,0,0
1768843399.016093,1312,371.746477,0.283343,0,0,0
1768843399.117522,1358,373.656226,0.275152,0,0,0
1768843399.216559,1339,352.532380,0.263280,0,0,0
1768843399.320084,1339,358.690713,0.267880,0,0,0
1768843399.416652,1164,323.125629,0.277599,0,0,0
1768843399.516682,1291,355.715020,0.275534,0,0,0
1768843399.616063,1262,326.559778,0.258764,0,0,0
1768843399.716183,1248,355.076100,0.284516,0,0,0
1768843399.817577,1237,348.141861,0.281440,0,0,0
1768843399.916247,1206,331.870885,0.275183,0,0,0
1768843400.016287,1227,352.546148,0.287324,0,0,0
1768843400.116190,1027,282.772887,0.275339,0,0,0
1768843400.217242,1253,330.766218,0.263979,0,0,0
1768843400.316125,1209,336.535530,0.278359,0,0,0
1768843400.416098,1092,287.743911,0.263502,0,0,0
1768843400.516095,982,260.976729,0.265760,0,0,0
1768843400.616123,981,262.859763,0.267951,0,0,0
1768843400.716074,975,258.970728,0.265611,0,0,0
1768843400.916728,1156,312.572213,0.270391,0,0,0
1768843401.016276,1251,321.027202,0.256616,0,0,0
1768843401.115990,1272,336.599853,0.264623,0,0,0
1768843401.216101,1314,333.433616,0.253755,0,0,0
1768843401.316865,1319,352.211246,0.267029,0,0,0
1768843401.416178,1433,369.348849,0.257745,0,0,0
1768843401.516140,1404,356.792848,0.254126,0,0,0
1768843401.613942,1087,243.077821,0.223623,0,0,0
1768843401.716123,1072,240.450235,0.224301,0,0,0
1768843401.816232,1076,242.928644,0.225770,0,0,0
1768843401.916082,1439,359.562996,0.249870,0,0,0
1768843402.016607,1351,349.787515,0.258910,0,0,0
1768843402.116045,1405,354.914820,0.252608,0,0,0
1768843402.216034,1260,314.088585,0.249277,0,0,0
1768843402.316006,1145,291.444892,0.254537,0,0,0
1768843402.416174,1135,286.781814,0.252671,0,0,0
1768843402.514838,1520,388.625646,0.255675,0,0,0
1768843402.616148,1486,374.279691,0.251871,0,0,0
1768843402.715987,1502,402.076399,0.267694,0,0,0
1768843402.816102,1321,338.970069,0.256601,0,0,0
1768843402.915963,1152,281.886989,0.244694,0,0,0
1768843403.016258,1517,413.786595,0.272766,0,0,0
1768843403.116111,1539,416.541215,0.270657,0,0,0
1768843403.216207,1557,416.819827,0.267707,0,0,0
1768843403.316071,1507,401.906193,0.266693,0,0,0
1768843403.416004,1468,386.021789,0.262958,0,0,0
1768843403.515990,1439,365.300525,0.253857,0,0,0
1768843403.616080,1428,358.180593,0.250827,0,0,0
1768843403.716059,1299,323.025029,0.248672,0,0,0
1768843403.816010,1405,359.753801,0.256053,0,0,0
1768843403.916283,1269,322.786302,0.254363,0,0,0
1768843404.017975,1153,297.902500,0.258372,0,0,0
1768843404.116130,1411,382.114518,0.270811,0,0,0
1768843404.219439,1374,371.398762,0.270305,0,0,0
1768843404.317655,1362,363.267957,0.266717,0,0,0
1768843404.416315,1333,339.748825,0.254875,0,0,0
1768843404.515948,1294,343.480680,0.265441,0,0,0
1768843404.616019,1023,261.294513,0.255420,0,0,0
1768843404.715980,1247,318.201468,0.255174,0,0,0
1768843404.815989,1095,287.367860,0.262436,0,0,0
1768843404.916071,955,254.054893,0.266026,0,0,0
1768843405.019240,1156,294.333556,0.254614,0,0,0
1768843405.116441,1107,271.422826,0.245188,0,0,0
1768843405.216089,1022,254.757969,0.249274,0,0,0
1768843405.316075,1054,248.955019,0.236200,0,0,0
1768843405.416062,1046,253.717071,0.242559,0,0,0
1768843405.516077,1028,237.787943,0.231311,0,0,0
1768843405.616058,916,205.753373,0.224622,0,0,0
1768843405.716642,874,196.960251,0.225355,0,0,0
1768843405.814076,867,197.025239,0.227249,0,0,0
1768843405.915957,1001,228.658693,0.228430,0,0,0
1768843406.016012,989,245.506174,0.248237,0,0,0
1768843406.116065,977,229.036745,0.234429,0,0,0
1768843406.216103,952,239.216198,0.251278,0,0,0
1768843406.316080,950,233.840804,0.246148,0,0,0
1768843406.416159,952,245.397221,0.257770,0,0,0
1768843406.515956,947,232.213162,0.245209,0,0,0
1768843406.616105,937,234.384253,0.250143,0,0,0
1768843406.716443,911,233.348380,0.256145,0,0,0
1768843406.816028,795,201.173054,0.253048,0,0,0
1768843406.915947,924,228.799436,0.247618,0,0,0
1768843407.016067,837,204.022534,0.243755,0,0,0
1768843407.215940,945,220.898252,0.233755,0,0,0
1768843407.315913,969,237.750289,0.245356,0,0,0
1768843407.517743,984,253.279916,0.257398,0,0,0
1768843407.616112,914,236.873184,0.259161,0,0,0
1768843407.717443,1010,270.972484,0.268290,0,0,0
1768843407.815982,898,239.697644,0.266924,0,0,0
1768843408.016248,1034,282.613375,0.273320,0,0,0
1768843408.116628,987,264.303349,0.267785,0,0,0
1768843408.215982,970,273.407303,0.281863,0,0,0
1768843408.316109,888,253.615242,0.285603,0,0,0
1768843408.416819,964,267.642692,0.277638,0,0,0
1768843408.517115,875,239.581396,0.273807,0,0,0
1768843408.616033,802,228.267148,0.284622,0,0,0
1768843408.716822,798,228.945504,0.286899,0,0,0
1768843408.816073,799,229.475427,0.287203,0,0,0
1768843408.919585,1038,273.109066,0.263111,0,0,0
1768843409.014316,1037,268.361210,0.258786,0,0,0
1768843409.116373,1019,273.840415,0.268734,0,0,0
1768843409.216021,1017,258.108770,0.253794,0,0,0
1768843409.316111,1006,271.213290,0.269596,0,0,0
1768843409.417391,976,266.796729,0.273357,0,0,0
1768843409.516075,998,278.209026,0.278767,0,0,0
1768843409.619459,939,252.489910,0.268892,0,0,0
1768843409.716122,917,247.738125,0.270162,0,0,0
1768843409.817261,892,242.451811,0.271807,0,0,0
1768843409.915989,895,247.126098,0.276119,0,0,0
1768843410.016165,878,246.295229,0.280518,0,0,0
1768843410.217045,890,252.097104,0.283255,0,0,0
1768843410.315943,880,249.598802,0.283635,0,0,0
1768843410.416031,838,231.201803,0.275897,0,0,0
1768843410.516164,862,238.222258,0.276360,0,0,0
1768843410.617111,876,243.952090,0.278484,0,0,0
1768843410.715999,889,248.239931,0.279235,0,0,0
1768843410.815895,853,250.715433,0.293922,0,0,0
1768843410.915916,881,243.451687,0.276336,0,0,0
1768843411.016257,792,228.544740,0.288567,0,0,0
1768843411.115882,767,225.986226,0.294637,0,0,0
1768843411.217105,758,216.801987,0.286018,0,0,0
1768843411.319314,642,191.504194,0.298293,0,0,0
1768843411.415719,754,211.513421,0.280522,0,0,0
1768843411.515906,753,209.590495,0.278341,0,0,0
1768843411.615885,729,188.807234,0.258995,0,0,0
1768843411.716039,726,194.685443,0.268162,0,0,0
1768843411.816105,730,192.275504,0.263391,0,0,0
1768843411.915875,733,201.347986,0.274690,0,0,0
1768843412.015876,631,178.679615,0.283169,0,0,0
1768843412.115912,614,176.051282,0.286728,0,0,0
1768843412.215921,747,201.134519,0.269256,0,0,0
1768843412.315935,708,190.515833,0.269090,0,0,0
1768843412.415905,623,175.211730,0.281239,0,0,0
1768843412.515975,737,204.572518,0.277575,0,0,0
1768843412.616052,726,185.915028,0.256081,0,0,0
1768843412.715920,726,200.313781,0.275914,0,0,0
1768843412.816202,741,195.146704,0.263356,0,0,0
1768843412.915966,731,198.176536,0.271103,0,0,0
1768843413.017195,746,196.823338,0.263838,0,0,0
1768843413.116055,667,177.861915,0.266660,0,0,0
1768843413.215952,743,201.802883,0.271605,0,0,0
1768843413.315858,752,203.002581,0.269950,0,0,0
1768843413.415973,755,202.019889,0.267576,0,0,0
1768843413.516014,730,195.403785,0.267676,0,0,0
1768843413.615882,629,176.867556,0.281188,0,0,0
1768843413.715995,742,211.708040,0.285321,0,0,0
1768843413.814480,685,192.598870,0.281166,0,0,0
1768843413.915884,771,222.324157,0.288358,0,0,0
1768843414.016025,790,223.377446,0.282756,0,0,0
1768843414.116177,791,224.270309,0.283528,0,0,0
1768843414.215863,793,211.399660,0.266582,0,0,0
1768843414.315981,690,183.405992,0.265806,0,0,0
1768843414.415899,819,216.332109,0.264142,0,0,0
1768843414.519438,826,226.021906,0.273634,0,0,0
1768843414.615952,844,231.264358,0.274010,0,0,0
1768843414.715974,858,243.994383,0.284376,0,0,0
1768843414.815932,810,231.073886,0.285276,0,0,0
1768843414.914930,873,247.558392,0.283572,0,0,0
1768843415.015900,786,226.394185,0.288033,0,0,0
1768843415.115902,709,204.346821,0.288218,0,0,0
1768843415.215992,882,252.544541,0.286332,0,0,0
1768843415.417315,931,269.120323,0.289066,0,0,0
1768843415.520485,955,261.161744,0.273468,0,0,0
1768843415.616482,857,242.251774,0.282674,0,0,0
1768843415.716114,967,261.453596,0.270376,0,0,0
1768843415.815893,873,236.473226,0.270874,0,0,0
1768843415.915982,792,219.680094,0.277374,0,0,0
1768843416.016311,900,247.015926,0.274462,0,0,0
1768843416.116468,981,261.687659,0.266756,0,0,0
1768843416.212629,992,263.769728,0.265897,0,0,0
1768843416.315952,882,242.803726,0.275288,0,0,0
1768843416.416176,1032,279.871805,0.271194,0,0,0
1768843416.515961,1039,283.571597,0.272927,0,0,0
1768843416.615985,1062,276.680389,0.260528,0,0,0
1768843416.715820,1039,269.197437,0.259093,0,0,0
1768843416.816136,927,248.037054,0.267570,0,0,0
1768843416.917846,1043,282.638121,0.270986,0,0,0
1768843417.015842,980,263.658087,0.269039,0,0,0
1768843417.115955,898,253.148100,0.281902,0,0,0
1768843417.215943,899,256.904740,0.285767,0,0,0
1768843417.315875,1141,313.346779,0.274625,0,0,0
1768843417.416012,1108,291.998492,0.263537,0,0,0
1768843417.515899,1143,297.955221,0.260678,0,0,0
1768843417.616006,1075,267.913633,0.249222,0,0,0
1768843417.716014,1198,306.253339,0.255637,0,0,0
1768843417.817486,1113,277.957072,0.249737,0,0,0
1768843417.916634,1184,302.364456,0.255375,0,0,0
1768843418.015801,1221,319.941562,0.262032,0,0,0
1768843418.115905,1164,304.064391,0.261224,0,0,0
1768843418.215866,1009,263.042926,0.260697,0,0,0
1768843418.317022,1167,302.608184,0.259304,0,0,0
1768843418.415753,1064,279.990075,0.263149,0,0,0
1768843418.517128,980,262.982866,0.268350,0,0,0
1768843418.615845,1245,345.595909,0.277587,0,0,0
1768843418.715804,1241,346.669740,0.279347,0,0,0
1768843418.815953,1077,293.892231,0.272880,0,0,0
1768843418.915884,1259,324.825564,0.258003,0,0,0
1768843419.015891,1324,343.758836,0.259637,0,0,0
1768843419.115826,1165,301.563770,0.258853,0,0,0
1768843419.215801,1095,284.841666,0.260129,0,0,0
1768843419.315771,1096,284.992214,0.260029,0,0,0
1768843419.415944,1332,362.950175,0.272485,0,0,0
1768843419.515848,1396,382.563965,0.274043,0,0,0
1768843419.617030,1289,359.834594,0.279158,0,0,0
1768843419.715973,998,275.313218,0.275865,0,0,0
1768843419.815936,1357,379.193834,0.279435,0,0,0
1768843419.916473,1041,263.870890,0.253478,0,0,0
1768843420.015960,892,231.928974,0.260010,0,0,0
1768843420.118270,1337,367.148582,0.274606,0,0,0
1768843420.215075,1430,392.160053,0.274238,0,0,0
1768843420.313698,979,220.892902,0.225631,0,0,0
1768843420.415902,1484,434.391580,0.292717,0,0,0
1768843420.515820,1146,298.351237,0.260341,0,0,0
1768843420.615829,1287,370.029614,0.287513,0,0,0
1768843420.715995,1269,338.931546,0.267086,0,0,0
1768843420.815848,1252,343.799786,0.274600,0,0,0
1768843420.918096,1253,344.661850,0.275069,0,0,0
1768843421.018921,1241,336.179420,0.270894,0,0,0
1768843421.116325,1128,297.904284,0.264100,0,0,0
1768843421.215921,1045,276.697430,0.264782,0,0,0
1768843421.316069,1041,276.084363,0.265211,0,0,0
1768843421.416029,1228,348.529439,0.283819,0,0,0
1768843421.515874,1237,348.072206,0.281384,0,0,0
1768843421.616004,1097,305.416443,0.278411,0,0,0
1768843421.718434,1257,344.439826,0.274017,0,0,0
1768843421.815993,1251,351.386142,0.280884,0,0,0
1768843421.916131,1142,319.937500,0.280155,0,0,0
1768843422.015858,1256,356.892876,0.284150,0,0,0
1768843422.115937,1168,327.468625,0.280367,0,0,0
1768843422.216710,1241,347.701758,0.280179,0,0,0
1768843422.315920,1193,324.151020,0.271711,0,0,0
1768843422.415833,1221,353.032083,0.289134,0,0,0
1768843422.515916,1197,329.470462,0.275247,0,0,0
1768843422.715990,1064,289.073060,0.271685,0,0,0
1768843422.915867,1269,346.559307,0.273096,0,0,0
1768843423.015887,1233,342.112128,0.277463,0,0,0
1768843423.115905,1220,325.270511,0.266615,0,0,0
1768843423.215942,1141,307.594164,0.269583,0,0,0
1768843423.315930,1034,279.667322,0.270471,0,0,0
1768843423.415877,1020,274.225835,0.268849,0,0,0
1768843423.517331,1178,323.885015,0.274945,0,0,0
1768843423.616595,1178,325.977384,0.276721,0,0,0
1768843423.715854,1200,329.249252,0.274374,0,0,0
1768843423.815913,1068,287.819268,0.269494,0,0,0
1768843423.915857,995,275.263876,0.276647,0,0,0
1768843424.015809,1178,318.048087,0.269990,0,0,0
1768843424.116659,1186,339.615393,0.286354,0,0,0
1768843424.215742,1103,296.150133,0.268495,0,0,0
1768843424.315809,1178,330.585846,0.280633,0,0,0
1768843424.415953,1214,333.203844,0.274468,0,0,0
1768843424.515739,1053,285.077436,0.270729,0,0,0
1768843424.615765,991,273.556021,0.276040,0,0,0
1768843424.717071,1248,334.545797,0.268066,0,0,0
1768843424.816576,1164,307.898682,0.264518,0,0,0
1768843424.917455,1246,338.485806,0.271658,0,0,0
1768843425.015537,1161,324.271832,0.279304,0,0,0
1768843425.115729,1201,327.878642,0.273005,0,0,0
1768843425.216224,1157,315.220014,0.272446,0,0,0
1768843425.315809,1167,309.711819,0.265391,0,0,0
1768843425.415742,1183,309.041544,0.261235,0,0,0
1768843425.515789,1287,340.234587,0.264363,0,0,0
1768843425.615768,1255,322.506332,0.256977,0,0,0
1768843425.717441,1195,308.191765,0.257901,0,0,0
1768843425.815800,1041,269.897128,0.259267,0,0,0
1768843425.916000,1189,310.029427,0.260748,0,0,0
1768843426.016438,1113,282.740507,0.254035,0,0,0
1768843426.115724,996,252.355903,0.253369,0,0,0
1768843426.216181,1197,319.036925,0.266530,0,0,0
1768843426.315758,1195,317.052031,0.265316,0,0,0
1768843426.415709,1185,308.446206,0.260292,0,0,0
1768843426.515748,1005,261.509659,0.260209,0,0,0
1768843426.618369,1167,300.121353,0.257173,0,0,0
1768843426.716159,1133,303.119261,0.267537,0,0,0
1768843426.816211,1146,287.118793,0.250540,0,0,0
1768843426.915872,996,248.056366,0.249053,0,0,0
1768843427.015740,1106,276.854700,0.250321,0,0,0
1768843427.115929,1044,257.151399,0.246314,0,0,0
1768843427.216615,1136,293.825595,0.258649,0,0,0
1768843427.315770,1106,287.620913,0.260055,0,0,0
1768843427.418849,994,245.400879,0.246882,0,0,0
1768843427.516301,1129,289.051016,0.256024,0,0,0
1768843427.615780,1080,270.677632,0.250627,0,0,0
1768843427.716374,1137,302.346354,0.265916,0,0,0
1768843427.815780,1045,273.649594,0.261866,0,0,0
1768843427.915829,972,257.265746,0.264677,0,0,0
1768843428.015818,1138,300.274322,0.263861,0,0,0
1768843428.116196,1123,287.034950,0.255597,0,0,0
1768843428.215734,979,244.164555,0.249402,0,0,0
1768843428.318689,968,245.814960,0.253941,0,0,0
1768843428.415851,1147,284.159585,0.247742,0,0,0
1768843428.516145,1143,284.923938,0.249277,0,0,0
1768843428.618329,1133,278.654262,0.245944,0,0,0
1768843428.716315,1054,252.009043,0.239098,0,0,0
1768843428.815906,1115,281.004269,0.252022,0,0,0
1768843428.915943,1125,276.909151,0.246141,0,0,0
1768843429.017704,1039,245.027994,0.235831,0,0,0
1768843429.116047,956,225.672707,0.236059,0,0,0
1768843429.215871,1131,273.570524,0.241884,0,0,0
1768843429.315843,1131,266.112283,0.235289,0,0,0
1768843429.415756,1163,272.232139,0.234078,0,0,0
1768843429.516599,1153,274.597967,0.238160,0,0,0
1768843429.615894,1170,268.473724,0.229465,0,0,0
1768843429.716288,1054,241.864067,0.229473,0,0,0
1768843429.820086,1148,243.535486,0.212139,0,0,0
1768843429.915771,1167,258.509859,0.221517,0,0,0
1768843430.016374,1056,227.286276,0.215233,0,0,0
1768843430.115815,1161,255.710780,0.220250,0,0,0
1768843430.215688,1183,259.362077,0.219241,0,0,0
1768843430.315968,1189,261.546604,0.219972,0,0,0
1768843430.416277,1231,265.499969,0.215678,0,0,0
1768843430.517219,1086,237.663382,0.218843,0,0,0
1768843430.716776,1244,272.726760,0.219234,0,0,0
1768843430.815763,1234,267.820908,0.217035,0,0,0
1768843430.915816,1253,270.393453,0.215797,0,0,0
1768843431.015714,1205,257.513908,0.213704,0,0,0
1768843431.117455,1262,264.101359,0.209272,0,0,0
1768843431.215801,1270,281.755303,0.221855,0,0,0
1768843431.315739,1343,301.803363,0.224723,0,0,0
1768843431.415763,1255,276.684016,0.220465,0,0,0
1768843431.516778,1450,325.372040,0.224395,0,0,0
1768843431.615823,1460,320.774913,0.219709,0,0,0
1768843431.715780,1492,335.846277,0.225098,0,0,0
1768843431.916317,1259,284.122438,0.225673,0,0,0
1768843432.115931,1441,308.204292,0.213882,0,0,0
1768843432.218516,1440,333.139832,0.231347,0,0,0
1768843432.315785,1420,309.237416,0.217773,0,0,0
1768843432.416772,1501,344.898859,0.229779,0,0,0
1768843432.515862,1491,331.925653,0.222619,0,0,0
1768843432.615766,1383,319.720769,0.231179,0,0,0
1768843432.715907,1512,343.488445,0.227175,0,0,0
1768843432.816286,1447,333.567864,0.230524,0,0,0
1768843432.915749,1534,354.564768,0.231137,0,0,0
1768843433.116682,1554,349.487890,0.224896,0,0,0
1768843433.216115,1633,349.150503,0.213809,0,0,0
1768843433.315779,1631,362.557383,0.222291,0,0,0
1768843433.516215,1626,370.241667,0.227701,0,0,0
1768843433.615865,1408,310.604170,0.220600,0,0,0
1768843433.716373,1536,328.895201,0.214124,0,0,0
1768843433.915920,1572,338.474819,0.215315,0,0,0
1768843434.016678,1568,340.117461,0.216912,0,0,0
1768843434.116256,1581,344.527901,0.217918,0,0,0
1768843434.215781,1487,322.978224,0.217201,0,0,0
1768843434.315695,1562,329.864101,0.211181,0,0,0
1768843434.416306,1509,313.968637,0.208064,0,0,0
1768843434.516256,1394,300.439322,0.215523,0,0,0
1768843434.618454,1243,285.809104,0.229935,0,0,0
1768843434.715658,1572,337.116917,0.214451,0,0,0
1768843434.818445,1516,323.117548,0.213138,0,0,0
1768843434.915694,1294,294.319798,0.227450,0,0,0
1768843435.015630,1639,342.863185,0.209190,0,0,0
1768843435.118003,1591,333.285347,0.209482,0,0,0
1768843435.215765,1345,301.743958,0.224345,0,0,0
1768843435.319235,1668,350.069320,0.209874,0,0,0
1768843435.415609,1668,334.289367,0.200413,0,0,0
1768843435.515746,1684,366.523417,0.217650,0,0,0
1768843435.616151,1678,334.011901,0.199054,0,0,0
1768843435.715705,1745,368.917999,0.211414,0,0,0
1768843435.816450,1588,333.265963,0.209865,0,0,0
1768843435.916131,1376,312.462564,0.227080,0,0,0
1768843436.016367,1736,353.818762,0.203813,0,0,0
1768843436.115716,1738,363.571555,0.209190,0,0,0
1768843436.216097,1770,374.326390,0.211484,0,0,0
1768843436.316238,1769,366.841445,0.207372,0,0,0
1768843436.415795,1512,324.285655,0.214475,0,0,0
1768843436.616887,1851,388.722010,0.210006,0,0,0
1768843436.715917,1856,371.069272,0.199930,0,0,0
1768843436.816136,1864,386.835459,0.207530,0,0,0
1768843436.916445,1587,327.732398,0.206511,0,0,0
1768843437.015904,1797,358.307264,0.199392,0,0,0
1768843437.116250,1654,319.337500,0.193070,0,0,0
1768843437.217511,1821,372.203692,0.204395,0,0,0
1768843437.315684,1860,392.078765,0.210795,0,0,0
1768843437.417437,1722,351.548188,0.204151,0,0,0
1768843437.516583,1492,332.337195,0.222746,0,0,0
1768843437.615757,1479,331.404238,0.224073,0,0,0
1768843437.717612,1977,466.873579,0.236153,0,0,0
1768843437.816249,1899,441.635351,0.232562,0,0,0
1768843437.917486,1893,447.413948,0.236352,0,0,0
1768843438.015821,1876,408.384244,0.217689,0,0,0
1768843438.116091,1813,416.276454,0.229606,0,0,0
1768843438.215983,1851,419.000837,0.226365,0,0,0
1768843438.315879,1887,442.881859,0.234702,0,0,0
1768843438.417423,1893,440.908285,0.232915,0,0,0
1768843438.515803,1863,440.392570,0.236389,0,0,0
1768843438.615734,1900,442.089403,0.232679,0,0,0
1768843438.717561,1902,440.550399,0.231625,0,0,0
1768843438.815927,1700,400.450626,0.235559,0,0,0
1768843438.916136,1515,374.377138,0.247114,0,0,0
1768843439.015695,1964,437.952270,0.222990,0,0,0
1768843439.116415,1883,431.337500,0.229069,0,0,0
1768843439.215690,1890,426.493417,0.225658,0,0,0
1768843439.315692,1846,418.897257,0.226922,0,0,0
1768843439.417886,1713,387.152259,0.226008,0,0,0
1768843439.515537,1453,341.272686,0.234875,0,0,0
1768843439.615790,1438,337.193428,0.234488,0,0,0
1768843439.716224,1769,384.536535,0.217375,0,0,0
1768843439.816114,1728,388.372611,0.224753,0,0,0
1768843439.918277,1785,394.331768,0.220914,0,0,0
1768843440.019145,1614,356.322164,0.220770,0,0,0
1768843440.116521,1824,411.098014,0.225383,0,0,0
1768843440.216725,1764,385.533381,0.218556,0,0,0
1768843440.317404,1780,403.208517,0.226522,0,0,0
1768843440.416428,1512,341.866303,0.226102,0,0,0
1768843440.515703,1381,322.494526,0.233522,0,0,0
1768843440.616322,1737,386.984468,0.222789,0,0,0
1768843440.716414,1787,393.541232,0.220225,0,0,0
1768843440.815681,1578,347.711464,0.220349,0,0,0
1768843440.916190,1732,380.726637,0.219819,0,0,0
1768843441.016248,1716,358.975901,0.209193,0,0,0
1768843441.117420,1742,378.733620,0.217413,0,0,0
1768843441.216188,1751,374.484497,0.213869,0,0,0
1768843441.316246,1689,347.371361,0.205667,0,0,0
1768843441.416125,1783,371.770276,0.208508,0,0,0
1768843441.515708,1717,364.600738,0.212348,0,0,0
1768843441.615714,1751,368.771947,0.210606,0,0,0
1768843441.716074,1697,348.220705,0.205198,0,0,0
1768843441.815987,1764,380.362349,0.215625,0,0,0
1768843441.915707,1607,350.986945,0.218411,0,0,0
1768843442.016318,1649,376.862601,0.228540,0,0,0
1768843442.116136,1705,359.577637,0.210896,0,0,0
1768843442.217445,1544,328.404555,0.212697,0,0,0
1768843442.315760,1748,349.031325,0.199675,0,0,0
1768843442.416174,1665,350.165557,0.210310,0,0,0
1768843442.517124,1503,319.347787,0.212474,0,0,0
1768843442.614398,1687,363.210745,0.215300,0,0,0
1768843442.715694,1535,335.901063,0.218828,0,0,0
1768843442.816299,1323,302.230731,0.228443,0,0,0
1768843442.916750,1728,397.005934,0.229749,0,0,0
1768843443.016654,1657,367.004977,0.221488,0,0,0
1768843443.119169,1637,368.064806,0.224841,0,0,0
1768843443.215687,1613,356.895051,0.221262,0,0,0
1768843443.319422,1596,359.443695,0.225215,0,0,0
1768843443.415626,1652,346.012934,0.209451,0,0,0
1768843443.516068,1610,363.634564,0.225860,0,0,0
1768843443.615698,1634,341.418148,0.208946,0,0,0
1768843443.716899,1586,349.735943,0.220514,0,0,0
1768843443.817091,1595,338.296301,0.212098,0,0,0
1768843443.916002,1563,346.188035,0.221489,0,0,0
1768843444.015693,1595,330.310114,0.207091,0,0,0
1768843444.117022,1410,286.977902,0.203530,0,0,0
1768843444.218297,1630,335.006013,0.205525,0,0,0
1768843444.316110,1490,303.333929,0.203580,0,0,0
1768843444.416155,1271,269.821570,0.212291,0,0,0
1768843444.516312,1262,268.187665,0.212510,0,0,0
1768843444.616673,1261,268.495289,0.212923,0,0,0
1768843444.715735,1563,326.490404,0.208887,0,0,0
1768843444.815909,1532,323.223146,0.210981,0,0,0
1768843444.916087,1552,317.338115,0.204470,0,0,0
1768843445.015738,1547,314.156267,0.203075,0,0,0
1768843445.116339,1397,286.764173,0.205271,0,0,0
1768843445.217680,1488,310.863985,0.208914,0,0,0
1768843445.315980,1552,316.903131,0.204190,0,0,0
1768843445.416000,1512,304.096451,0.201122,0,0,0
1768843445.516007,1526,296.957325,0.194599,0,0,0
1768843445.615996,1382,273.804911,0.198122,0,0,0
1768843445.718489,1197,236.725315,0.197766,0,0,0
1768843445.815484,1540,324.091209,0.210449,0,0,0
1768843445.915754,1445,296.646882,0.205292,0,0,0
1768843446.017364,1218,250.941438,0.206027,0,0,0
1768843446.116048,1499,293.096993,0.195528,0,0,0
1768843446.217375,1532,275.222051,0.179649,0,0,0
1768843446.316611,1478,282.229405,0.190954,0,0,0
1768843446.416168,1350,252.430595,0.186986,0,0,0
1768843446.519111,1500,284.807278,0.189872,0,0,0
1768843446.615752,1524,290.210458,0.190427,0,0,0
1768843446.715956,1410,264.433673,0.187542,0,0,0
1768843446.815607,1518,297.712717,0.196122,0,0,0
1768843446.916198,1401,267.489233,0.190927,0,0,0
1768843447.016048,1452,295.982207,0.203844,0,0,0
1768843447.115927,1328,264.182333,0.198932,0,0,0
1768843447.215632,1149,234.313625,0.203928,0,0,0
1768843447.317194,1412,276.626214,0.195911,0,0,0
1768843447.418440,1329,257.322642,0.193621,0,0,0
1768843447.515980,1462,285.972737,0.195604,0,0,0
1768843447.617535,1449,277.772510,0.191699,0,0,0
1768843447.716090,1445,274.505665,0.189969,0,0,0
1768843447.816020,1279,240.391126,0.187952,0,0,0
1768843447.916171,1444,294.467454,0.203925,0,0,0
1768843448.016028,1336,271.013301,0.202854,0,0,0
1768843448.116636,1438,277.484856,0.192966,0,0,0
1768843448.216071,1354,259.846508,0.191910,0,0,0
1768843448.317584,1447,273.987777,0.189349,0,0,0
1768843448.416695,1310,238.692648,0.182208,0,0,0
1768843448.516212,1177,219.005414,0.186071,0,0,0
1768843448.615670,1167,218.029798,0.186829,0,0,0
1768843448.715956,1160,216.302375,0.186468,0,0,0
1768843448.815953,1431,281.810902,0.196933,0,0,0
1768843448.915996,1483,289.367604,0.195123,0,0,0
1768843449.019520,1435,281.549041,0.196201,0,0,0
1768843449.120310,1499,291.360599,0.194370,0,0,0
1768843449.216268,1435,279.934874,0.195077,0,0,0
1768843449.315938,1448,281.734852,0.194568,0,0,0
1768843449.418505,1368,256.045127,0.187167,0,0,0
1768843449.515731,1366,270.461601,0.197995,0,0,0
1768843449.616128,1283,250.844239,0.195514,0,0,0
1768843449.715978,1134,225.380813,0.198749,0,0,0
1768843449.818972,1121,224.355519,0.200139,0,0,0
1768843449.918007,1116,224.667759,0.201315,0,0,0
1768843450.016108,1117,224.669088,0.201136,0,0,0
1768843450.116071,1373,274.749068,0.200109,0,0,0
1768843450.217155,1374,284.078588,0.206753,0,0,0
1768843450.316484,1400,295.600576,0.211143,0,0,0
1768843450.416106,1271,260.610818,0.205044,0,0,0
1768843450.515495,1391,295.097149,0.212147,0,0,0
1768843450.616247,1405,322.027290,0.229201,0,0,0
1768843450.716137,1436,292.101189,0.203413,0,0,0
1768843450.816101,1321,264.736266,0.200406,0,0,0
1768843450.915900,1381,287.006574,0.207825,0,0,0
1768843451.016202,1325,264.957802,0.199968,0,0,0
1768843451.115641,1368,286.566654,0.209479,0,0,0
1768843451.215598,1322,275.764429,0.208596,0,0,0
1768843451.315867,1135,234.210763,0.206353,0,0,0
1768843451.517302,1356,265.732542,0.195968,0,0,0
1768843451.615825,1338,272.632925,0.203762,0,0,0
1768843451.715956,1370,266.358890,0.194423,0,0,0
1768843451.815972,1367,278.411714,0.203666,0,0,0
1768843451.915532,1396,270.963431,0.194100,0,0,0
1768843452.016406,1387,273.442939,0.197147,0,0,0
1768843452.116021,1366,266.423353,0.195039,0,0,0
1768843452.217460,1388,279.007562,0.201014,0,0,0
1768843452.315891,1443,278.086267,0.192714,0,0,0
1768843452.516009,1283,248.053870,0.193339,0,0,0
1768843452.616324,1171,222.335737,0.189868,0,0,0
1768843452.815965,1164,223.720136,0.192199,0,0,0
1768843452.917425,1161,225.464845,0.194199,0,0,0
1768843453.016351,1503,293.377603,0.195195,0,0,0
1768843453.116644,1500,291.946599,0.194631,0,0,0
1768843453.217442,1518,285.798258,0.188273,0,0,0
1768843453.317385,1523,288.508602,0.189434,0,0,0
1768843453.416265,1542,276.185325,0.179109,0,0,0
1768843453.516211,1526,269.468802,0.176585,0,0,0
1768843453.615889,1291,221.701767,0.171729,0,0,0
1768843453.716604,1610,317.159050,0.196993,0,0,0
1768843453.815916,1718,329.235000,0.191639,0,0,0
1768843453.915884,1555,301.841563,0.194110,0,0,0
1768843454.016798,1586,287.527841,0.181291,0,0,0
1768843454.116024,1462,265.623492,0.181685,0,0,0
1768843454.215872,1597,297.544627,0.186315,0,0,0
1768843454.315884,1597,284.505849,0.178150,0,0,0
1768843454.418084,1581,288.766149,0.182648,0,0,0
1768843454.516509,1557,280.146989,0.179927,0,0,0
1768843454.616306,1547,299.416764,0.193547,0,0,0
1768843454.715976,1545,266.016272,0.172179,0,0,0
1768843454.816447,1372,230.076561,0.167694,0,0,0
1768843454.916035,1269,217.618430,0.171488,0,0,0
1768843455.016011,1670,295.646817,0.177034,0,0,0
1768843455.116381,1638,280.518546,0.171257,0,0,0
1768843455.216126,1603,286.183729,0.178530,0,0,0
1768843455.315865,1639,292.393239,0.178397,0,0,0
1768843455.415702,1634,306.232632,0.187413,0,0,0
1768843455.517221,1508,286.207185,0.189793,0,0,0
1768843455.616073,1709,311.403823,0.182214,0,0,0
1768843455.715896,1616,287.877422,0.178142,0,0,0
1768843455.815940,1435,261.677705,0.182354,0,0,0
1768843455.915665,1771,325.741123,0.183931,0,0,0
1768843456.016125,1755,312.629359,0.178136,0,0,0
1768843456.119233,1592,281.454392,0.176793,0,0,0
1768843456.216000,1448,254.143067,0.175513,0,0,0
1768843456.315937,1765,310.956915,0.176180,0,0,0
1768843456.516052,1803,297.842154,0.165193,0,0,0
1768843456.616190,1736,281.824009,0.162341,0,0,0
1768843456.715994,1480,239.777891,0.162012,0,0,0
1768843456.816858,1781,303.597897,0.170465,0,0,0
1768843457.015987,1745,296.815616,0.170095,0,0,0
1768843457.116163,1743,317.904128,0.182389,0,0,0
1768843457.215984,1708,309.957299,0.181474,0,0,0
1768843457.317334,1755,311.431568,0.177454,0,0,0
1768843457.417290,1627,284.082054,0.174605,0,0,0
1768843457.517237,1828,342.043316,0.187113,0,0,0
1768843457.616449,1844,347.942169,0.188689,0,0,0
1768843457.716205,1671,319.792473,0.191378,0,0,0
1768843457.817410,1847,373.803804,0.202384,0,0,0
1768843457.917539,1890,373.747883,0.197750,0,0,0
1768843458.017428,1919,392.418664,0.204491,0,0,0
1768843458.115988,1902,409.934944,0.215528,0,0,0
1768843458.216134,1968,417.507496,0.212148,0,0,0
1768843458.315966,1765,376.463382,0.213294,0,0,0
1768843458.416286,1999,416.644145,0.208426,0,0,0
1768843458.515827,1946,387.946437,0.199356,0,0,0
1768843458.618455,1674,338.815349,0.202399,0,0,0
1768843458.715625,1992,406.700895,0.204167,0,0,0
1768843458.817321,1814,358.210515,0.197470,0,0,0
1768843458.915705,2011,390.272200,0.194069,0,0,0
1768843459.015887,1996,369.361183,0.185051,0,0,0
1768843459.117186,1773,333.404908,0.188046,0,0,0
1768843459.215853,1940,381.440530,0.196619,0,0,0
1768843459.318447,1919,379.577521,0.197800,0,0,0
1768843459.416735,1921,397.703225,0.207029,0,0,0
1768843459.517449,1984,390.937824,0.197045,0,0,0
1768843459.615788,1792,356.120610,0.198728,0,0,0
1768843459.716564,1629,334.219130,0.205168,0,0,0
1768843459.816021,2008,425.405027,0.211855,0,0,0
1768843459.915905,2055,388.557538,0.189079,0,0,0
1768843460.015791,1935,356.684595,0.184333,0,0,0
1768843460.118208,2117,412.054072,0.194641,0,0,0
1768843460.218477,2010,396.965643,0.197495,0,0,0
1768843460.320453,2043,409.709004,0.200543,0,0,0
1768843460.416243,1811,347.053092,0.191636,0,0,0
1768843460.515869,2002,414.338935,0.206963,0,0,0
1768843460.618621,1875,377.634855,0.201405,0,0,0
1768843460.715988,2073,419.501552,0.202364,0,0,0
1768843460.815939,1926,377.311650,0.195904,0,0,0
1768843460.915954,1739,346.997002,0.199538,0,0,0
1768843461.018869,1734,347.539997,0.200427,0,0,0
1768843461.117112,2135,438.190279,0.205241,0,0,0
1768843461.215824,2122,418.619436,0.197276,0,0,0
1768843461.317194,2131,415.275978,0.194874,0,0,0
1768843461.416076,2087,403.101821,0.193149,0,0,0
1768843461.515817,2147,419.135109,0.195219,0,0,0
1768843461.716350,2107,431.011331,0.204562,0,0,0
1768843461.817333,2099,431.800910,0.205717,0,0,0
1768843461.916408,2100,436.981427,0.208086,0,0,0
1768843462.017186,1820,387.992423,0.213183,0,0,0
1768843462.117324,1740,376.020796,0.216104,0,0,0
1768843462.215832,1740,376.100478,0.216150,0,0,0
1768843462.317239,2141,444.571347,0.207647,0,0,0
1768843462.415848,2097,426.445171,0.203360,0,0,0
1768843462.516451,1793,375.265651,0.209295,0,0,0
1768843462.615915,2163,454.234837,0.210002,0,0,0
1768843462.717211,2165,448.083077,0.206967,0,0,0
1768843462.816436,2181,442.655836,0.202960,0,0,0
1768843462.917164,1937,370.395667,0.191221,0,0,0
1768843463.016931,2301,501.017462,0.217739,0,0,0
1768843463.116115,2383,494.275386,0.207417,0,0,0
1768843463.215779,2375,522.613217,0.220048,0,0,0
1768843463.315926,2270,492.093786,0.216781,0,0,0
1768843463.416131,2080,445.815059,0.214334,0,0,0
1768843463.516130,1871,403.108590,0.215451,0,0,0
1768843463.616342,2299,477.226902,0.207580,0,0,0
1768843463.716019,2209,452.903680,0.205027,0,0,0
1768843463.815930,2265,444.051091,0.196049,0,0,0
1768843463.915919,2292,444.272460,0.193836,0,0,0
1768843464.015905,2290,451.491295,0.197158,0,0,0
1768843464.118700,2289,451.216148,0.197124,0,0,0
1768843464.219471,2295,451.820878,0.196872,0,0,0
1768843464.315989,2243,457.892192,0.204143,0,0,0
1768843464.415914,2329,463.076955,0.198831,0,0,0
1768843464.515902,2336,493.191757,0.211127,0,0,0
1768843464.615842,2342,474.365562,0.202547,0,0,0
1768843464.717836,2265,461.597440,0.203796,0,0,0
1768843464.815868,1820,329.620820,0.181110,0,0,0
1768843464.915829,2264,463.991314,0.204943,0,0,0
1768843465.015864,2329,470.347845,0.201953,0,0,0
1768843465.116669,2312,472.301488,0.204283,0,0,0
1768843465.218366,2334,471.575453,0.202046,0,0,0
1768843465.317312,2106,417.185987,0.198094,0,0,0
1768843465.417276,2418,482.718171,0.199635,0,0,0
1768843465.515916,2407,453.585691,0.188444,0,0,0
1768843465.615871,2332,459.528645,0.197053,0,0,0
1768843465.715860,2375,453.939640,0.191132,0,0,0
1768843465.817868,2300,450.472262,0.195858,0,0,0
1768843465.917822,2386,458.038355,0.191969,0,0,0
1768843466.018336,2322,466.101077,0.200733,0,0,0
1768843466.115991,2097,417.977423,0.199322,0,0,0
1768843466.217127,2311,468.842599,0.202874,0,0,0
1768843466.315929,2197,437.038279,0.198925,0,0,0
1768843466.415905,2323,469.808454,0.202242,0,0,0
1768843466.515826,2184,438.915004,0.200968,0,0,0
1768843466.615802,2352,446.475467,0.189828,0,0,0
1768843466.716518,2289,445.858054,0.194783,0,0,0
1768843466.815892,2368,465.488492,0.196575,0,0,0
1768843466.915779,2029,390.409307,0.192415,0,0,0
1768843467.016143,2300,422.703391,0.183784,0,0,0
1768843467.116577,2240,442.296621,0.197454,0,0,0
1768843467.217125,2312,446.565350,0.193151,0,0,0
1768843467.315921,2149,386.080772,0.179656,0,0,0
1768843467.417882,1853,346.844106,0.187180,0,0,0
1768843467.520335,2308,437.070708,0.189372,0,0,0
1768843467.617103,2348,429.724169,0.183017,0,0,0
1768843467.717218,2377,438.077622,0.184299,0,0,0
1768843467.816506,2363,453.552873,0.191939,0,0,0
1768843467.916365,2034,383.721116,0.188653,0,0,0
1768843468.015788,2329,451.192818,0.193728,0,0,0
1768843468.117106,2322,453.870100,0.195465,0,0,0
1768843468.215819,2319,472.142537,0.203597,0,0,0
1768843468.322953,2103,419.176856,0.199323,0,0,0
1768843468.418436,2310,479.408955,0.207536,0,0,0
1768843468.515773,2282,485.024948,0.212544,0,0,0
1768843468.616006,2271,487.526259,0.214675,0,0,0
1768843468.715757,2274,489.928287,0.215448,0,0,0
1768843468.817100,1975,414.980165,0.210117,0,0,0
1768843468.915768,1860,399.791420,0.214942,0,0,0
1768843469.018486,2263,473.250427,0.209125,0,0,0
1768843469.118329,2369,518.576844,0.218901,0,0,0
1768843469.215757,1983,415.387647,0.209474,0,0,0
1768843469.315801,1780,384.258074,0.215875,0,0,0
1768843469.417099,1782,386.217107,0.216732,0,0,0
1768843469.515832,2275,503.561246,0.221346,0,0,0
1768843469.616027,2238,505.002313,0.225649,0,0,0
1768843469.715807,1743,388.548621,0.222919,0,0,0
1768843469.817521,2181,472.988862,0.216868,0,0,0
1768843469.915880,2147,488.790857,0.227662,0,0,0
1768843470.015843,1903,422.318628,0.221923,0,0,0
1768843470.115814,1784,409.750698,0.229681,0,0,0
1768843470.215750,2247,499.481164,0.222288,0,0,0
1768843470.317135,2282,478.475380,0.209674,0,0,0
1768843470.415838,2075,420.626149,0.202711,0,0,0
1768843470.515715,1887,400.041938,0.211999,0,0,0
1768843470.618445,1885,401.619105,0.213061,0,0,0
1768843470.716879,2175,494.271917,0.227251,0,0,0
1768843470.815967,2212,495.769663,0.224127,0,0,0
1768843470.915706,2179,486.609941,0.223318,0,0,0
1768843471.015918,2181,499.598685,0.229069,0,0,0
1768843471.115709,1893,432.292286,0.228364,0,0,0
1768843471.215976,2152,491.425295,0.228357,0,0,0
1768843471.315721,2150,504.614191,0.234704,0,0,0
1768843471.419474,1854,427.630320,0.230653,0,0,0
1768843471.517372,1752,414.329381,0.236489,0,0,0
1768843471.619813,2059,453.439316,0.220223,0,0,0
1768843471.717165,1980,429.741328,0.217041,0,0,0
1768843471.817063,1723,388.182121,0.225294,0,0,0
1768843471.917070,1708,386.540034,0.226311,0,0,0
1768843472.017810,2027,468.065578,0.230915,0,0,0
1768843472.117081,1979,454.935914,0.229882,0,0,0
1768843472.215902,1685,403.054717,0.239202,0,0,0
1768843472.317034,1961,446.578881,0.227730,0,0,0
1768843472.415804,2004,453.977003,0.226535,0,0,0
1768843472.516778,1970,471.714554,0.239449,0,0,0
1768843472.615864,1964,461.807704,0.235136,0,0,0
1768843472.716333,1712,400.366154,0.233859,0,0,0
1768843472.815961,1955,459.749442,0.235166,0,0,0
1768843472.917107,1978,470.041557,0.237635,0,0,0
1768843473.015960,1767,413.546297,0.234039,0,0,0
1768843473.115667,1634,391.191965,0.239408,0,0,0
1768843473.215829,1621,388.231127,0.239501,0,0,0
1768843473.317163,1615,388.056119,0.240282,0,0,0
1768843473.417140,1835,455.070584,0.247995,0,0,0
1768843473.517148,1818,453.843304,0.249639,0,0,0
1768843473.615860,1918,503.410097,0.262466,0,0,0
1768843473.717107,1943,506.792323,0.260830,0,0,0
1768843473.815772,1936,502.611656,0.259613,0,0,0
1768843473.919449,1864,507.821007,0.272436,0,0,0
1768843474.015695,1574,392.778018,0.249541,0,0,0
1768843474.118450,1742,449.662778,0.258130,0,0,0
1768843474.217013,1777,456.640109,0.256972,0,0,0
1768843474.318218,1802,478.124445,0.265330,0,0,0
1768843474.417078,1585,407.570195,0.257142,0,0,0
1768843474.517067,1477,388.410304,0.262972,0,0,0
1768843474.615921,1687,451.987553,0.267924,0,0,0
1768843474.718099,1686,452.553747,0.268419,0,0,0
1768843474.817068,1618,435.644089,0.269249,0,0,0
1768843474.916523,1674,441.935900,0.264000,0,0,0
1768843475.017680,1644,434.517905,0.264305,0,0,0
1768843475.117310,1662,431.761829,0.259784,0,0,0
1768843475.215784,1657,446.835259,0.269665,0,0,0
1768843475.315940,1431,389.859103,0.272438,0,0,0
1768843475.415317,1567,410.006541,0.261651,0,0,0
1768843475.518490,1529,414.928643,0.271373,0,0,0
1768843475.617251,1441,390.842606,0.271230,0,0,0
1768843475.715713,1419,365.375193,0.257488,0,0,0
1768843475.817172,1390,376.200695,0.270648,0,0,0
1768843475.917137,1281,342.813222,0.267614,0,0,0
1768843476.017043,1429,376.872079,0.263731,0,0,0
1768843476.117480,1345,357.496772,0.265797,0,0,0
1768843476.218470,1486,414.700362,0.279072,0,0,0
1768843476.317152,1481,418.162374,0.282351,0,0,0
1768843476.417058,1492,406.912579,0.272730,0,0,0
1768843476.516007,1510,428.215324,0.283586,0,0,0
1768843476.616071,1316,367.082868,0.278938,0,0,0
1768843476.717009,1447,385.492574,0.266408,0,0,0
1768843476.815714,1412,359.980297,0.254944,0,0,0
1768843476.917063,1213,316.182451,0.260662,0,0,0
1768843477.019593,1389,356.850868,0.256912,0,0,0
1768843477.116166,1266,331.969587,0.262219,0,0,0
1768843477.215901,1384,356.255532,0.257410,0,0,0
1768843477.317147,1320,341.026984,0.258354,0,0,0
1768843477.417102,1122,302.017025,0.269177,0,0,0
1768843477.516925,1499,411.507002,0.274521,0,0,0
1768843477.617003,1408,389.278763,0.276476,0,0,0
1768843477.715157,1402,376.408029,0.268479,0,0,0
1768843477.818239,1307,331.632275,0.253735,0,0,0
1768843477.916471,1390,328.710043,0.236482,0,0,0
1768843478.015722,1267,300.122635,0.236877,0,0,0
1768843478.117075,1361,340.313021,0.250046,0,0,0
1768843478.216988,1327,346.089366,0.260806,0,0,0
1768843478.315775,1368,363.991360,0.266076,0,0,0
1768843478.416981,1139,308.067809,0.270472,0,0,0
1768843478.517158,1379,371.208297,0.269187,0,0,0
1768843478.616411,1275,340.638376,0.267167,0,0,0
1768843478.817472,1359,351.006199,0.258283,0,0,0
1768843478.917012,1348,333.054587,0.247073,0,0,0
1768843479.017362,1296,310.850461,0.239854,0,0,0
1768843479.116603,1296,332.921770,0.256884,0,0,0
1768843479.216221,1146,289.366292,0.252501,0,0,0
1768843479.315709,1324,328.682331,0.248249,0,0,0
1768843479.415880,1340,353.085026,0.263496,0,0,0
1768843479.515748,1336,345.797884,0.258831,0,0,0
1768843479.716957,1403,342.602221,0.244193,0,0,0
1768843479.817079,1304,319.638857,0.245122,0,0,0
1768843479.917563,1095,285.615964,0.260836,0,0,0
1768843480.016830,1306,318.257171,0.243688,0,0,0
1768843480.120251,1362,342.237459,0.251276,0,0,0
1768843480.217114,1300,313.880444,0.241446,0,0,0
1768843480.316990,1200,288.070088,0.240058,0,0,0
1768843480.516654,1397,335.841761,0.240402,0,0,0
1768843480.616977,1343,322.925169,0.240451,0,0,0
1768843480.716999,1366,332.924526,0.243722,0,0,0
1768843480.815714,1388,330.319794,0.237983,0,0,0
1768843480.916538,1441,360.350659,0.250070,0,0,0
1768843481.013801,1415,337.427866,0.238465,0,0,0
1768843481.116361,1466,363.937496,0.248252,0,0,0
1768843481.317175,1424,337.900020,0.237289,0,0,0
1768843481.415801,1386,315.544201,0.227665,0,0,0
1768843481.517231,1218,273.380724,0.224451,0,0,0
1768843481.615749,1305,295.575888,0.226495,0,0,0
1768843481.717279,1256,304.059551,0.242086,0,0,0
1768843481.816952,1145,279.500694,0.244105,0,0,0
1768843481.915729,1305,334.710318,0.256483,0,0,0
1768843482.015719,1305,308.234838,0.236195,0,0,0
1768843482.117108,1358,327.758303,0.241354,0,0,0
1768843482.215716,1288,322.068253,0.250053,0,0,0
1768843482.315942,1077,276.351827,0.256594,0,0,0
1768843482.417086,976,261.489830,0.267920,0,0,0
1768843482.515111,1354,338.723792,0.250165,0,0,0
1768843482.616914,1215,283.862856,0.233632,0,0,0
1768843482.715878,1284,302.065577,0.235254,0,0,0
1768843482.818044,1245,296.541114,0.238186,0,0,0
1768843482.917011,1102,256.775536,0.233009,0,0,0
1768843483.015709,1326,330.210926,0.249028,0,0,0
1768843483.116035,1220,301.566684,0.247186,0,0,0
1768843483.217036,1344,327.337276,0.243555,0,0,0
1768843483.318206,1268,309.865569,0.244373,0,0,0
1768843483.419440,1352,341.466879,0.252564,0,0,0
1768843483.515637,1266,316.136911,0.249713,0,0,0
1768843483.617083,1279,323.152465,0.252660,0,0,0
1768843483.715692,1235,305.950158,0.247733,0,0,0
1768843483.817061,1108,271.406303,0.244952,0,0,0
1768843483.915958,1204,306.448629,0.254525,0,0,0
1768843484.017317,1209,299.466416,0.247698,0,0,0
1768843484.116930,1170,284.481320,0.243146,0,0,0
1768843484.217210,1240,307.658720,0.248112,0,0,0
1768843484.317471,1230,302.105254,0.245614,0,0,0
1768843484.415760,1303,326.483066,0.250563,0,0,0
1768843484.518689,1298,311.422979,0.239925,0,0,0
1768843484.616971,1271,318.179445,0.250338,0,0,0
1768843484.716932,1285,315.360693,0.245417,0,0,0
1768843484.816931,1114,264.555988,0.237483,0,0,0
1768843484.919331,1325,326.939042,0.246746,0,0,0
1768843485.016099,1195,283.278193,0.237053,0,0,0
1768843485.118088,1289,331.265978,0.256995,0,0,0
1768843485.216038,1175,284.315308,0.241970,0,0,0
1768843485.416934,1346,362.968807,0.269665,0,0,0
1768843485.518202,1386,335.644258,0.242168,0,0,0
1768843485.616983,1179,260.446396,0.220904,0,0,0
1768843485.715560,1331,306.501666,0.230279,0,0,0
1768843485.817059,1224,280.086111,0.228829,0,0,0
1768843485.918172,1084,252.037393,0.232507,0,0,0
1768843486.018617,1255,322.484390,0.256960,0,0,0
1768843486.116155,1266,325.855506,0.257390,0,0,0
1768843486.216275,1242,318.451419,0.256402,0,0,0
1768843486.316907,1243,318.570701,0.256292,0,0,0
1768843486.417040,1089,248.974720,0.228627,0,0,0
1768843486.520030,1302,298.353455,0.229150,0,0,0
1768843486.616898,1309,320.434865,0.244794,0,0,0
1768843486.719448,1336,316.650263,0.237014,0,0,0
1768843486.916936,1231,297.389260,0.241583,0,0,0
1768843487.118758,1116,224.500923,0.201166,0,0,0
1768843487.316884,1245,294.848606,0.236826,0,0,0
1768843487.418039,1300,308.328393,0.237176,0,0,0
1768843487.617049,1319,312.708750,0.237080,0,0,0
1768843487.718745,1352,304.708216,0.225376,0,0,0
1768843487.817472,1360,316.863481,0.232988,0,0,0
1768843488.016948,1356,304.205836,0.224341,0,0,0
1768843488.117082,1226,268.064228,0.218649,0,0,0
1768843488.216927,1066,240.523298,0.225632,0,0,0
1768843488.317535,1054,240.348260,0.228034,0,0,0
1768843488.516993,1055,244.282982,0.231548,0,0,0
1768843488.615736,1331,299.767378,0.225220,0,0,0
1768843488.715992,1346,319.973140,0.237722,0,0,0
1768843488.817039,1377,320.374835,0.232661,0,0,0
1768843488.916924,1344,323.611115,0.240782,0,0,0
1768843489.116676,1372,331.096903,0.241324,0,0,0
1768843489.317002,1448,337.577155,0.233133,0,0,0
1768843489.415745,1412,333.542049,0.236220,0,0,0
1768843489.517155,1393,333.896474,0.239696,0,0,0
1768843489.616979,1280,282.474841,0.220683,0,0,0
1768843489.715971,1426,353.313163,0.247765,0,0,0
1768843489.816958,1420,343.261395,0.241733,0,0,0
1768843489.912485,1226,276.562748,0.225581,0,0,0
1768843490.015584,1171,270.070708,0.230633,0,0,0
1768843490.216389,1482,360.996975,0.243588,0,0,0
1768843490.316848,1541,393.286715,0.255215,0,0,0
1768843490.415885,1583,402.073354,0.253995,0,0,0
1768843490.516921,1547,380.535456,0.245983,0,0,0
1768843490.617038,1519,387.964614,0.255408,0,0,0
1768843490.717018,1514,380.776940,0.251504,0,0,0
1768843490.918769,1565,392.666519,0.250905,0,0,0
1768843491.015464,1550,398.737200,0.257250,0,0,0
1768843491.116934,1449,352.946562,0.243579,0,0,0
1768843491.216839,1537,382.267128,0.248710,0,0,0
1768843491.316016,1441,327.365181,0.227179,0,0,0
1768843491.417551,1587,379.968390,0.239426,0,0,0
1768843491.516843,1557,369.467175,0.237294,0,0,0
1768843491.616827,1574,365.177190,0.232006,0,0,0
1768843491.816891,1603,387.565373,0.241775,0,0,0
1768843492.916942,1716,388.916618,0.226641,0,0,0
1768843493.017446,1720,409.916291,0.238323,0,0,0
1768843493.217996,1686,399.230737,0.236792,0,0,0
1768843493.316938,1596,380.218374,0.238232,0,0,0
1768843493.516824,1742,402.102863,0.230828,0,0,0
1768843493.616917,1642,365.911895,0.222845,0,0,0
1768843493.716077,1416,327.755950,0.231466,0,0,0
1768843493.817092,1707,360.729259,0.211324,0,0,0
1768843494.017445,1727,384.656264,0.222731,0,0,0
1768843494.116170,1845,409.828566,0.222129,0,0,0
1768843494.216970,1793,396.937856,0.221382,0,0,0
1768843494.416956,1865,414.746072,0.222384,0,0,0
1768843494.516794,1675,364.389045,0.217546,0,0,0
1768843494.618429,1514,339.973562,0.224553,0,0,0
1768843494.716799,1887,425.563898,0.225524,0,0,0
1768843494.816837,1908,413.543438,0.216742,0,0,0
1768843494.920164,1571,347.383891,0.221123,0,0,0
1768843495.116927,1833,416.385147,0.227160,0,0,0
1768843495.216941,1894,400.188596,0.211293,0,0,0
1768843495.317770,1597,341.302681,0.213715,0,0,0
1768843495.417459,1489,333.803659,0.224180,0,0,0
1768843495.516921,1481,335.641942,0.226632,0,0,0
1768843495.716963,1922,397.678883,0.206909,0,0,0
1768843495.815794,1962,414.487484,0.211258,0,0,0
1768843495.915745,1755,364.882349,0.207910,0,0,0
1768843496.016892,1943,429.734955,0.221171,0,0,0
1768843496.115391,1941,445.387742,0.229463,0,0,0
1768843496.316801,1962,455.493635,0.232158,0,0,0
1768843496.416923,1940,446.478640,0.230144,0,0,0
1768843496.516881,1771,389.336004,0.219840,0,0,0
1768843496.615590,1965,443.881757,0.225894,0,0,0
1768843496.716770,1786,385.578299,0.215889,0,0,0
1768843496.816929,1617,359.601615,0.222388,0,0,0
1768843496.919084,1615,360.781784,0.223394,0,0,0
1768843497.016930,1978,436.488520,0.220672,0,0,0
1768843497.116926,2021,437.584103,0.216519,0,0,0
1768843497.216782,1998,445.533312,0.222990,0,0,0
1768843497.316912,1981,430.092084,0.217109,0,0,0
1768843497.416818,1875,392.436776,0.209300,0,0,0
1768843497.519314,2034,451.249817,0.221853,0,0,0
1768843497.616855,1878,386.514962,0.205812,0,0,0
1768843497.816927,2069,446.112912,0.215618,0,0,0
1768843497.916892,2098,437.382105,0.208476,0,0,0
1768843498.017447,1844,373.396162,0.202492,0,0,0
1768843498.115921,2085,423.656741,0.203193,0,0,0
1768843498.316902,1888,385.140190,0.203994,0,0,0
1768843498.615879,1929,371.159729,0.192410,0,0,0
1768843498.716482,1926,405.446906,0.210512,0,0,0
1768843498.817457,1910,396.666896,0.207679,0,0,0
1768843498.916892,1872,413.362041,0.220813,0,0,0
1768843499.016082,1842,404.958400,0.219847,0,0,0
1768843499.116784,1684,351.459860,0.208705,0,0,0
1768843499.225374,1527,327.629324,0.214558,0,0,0
1768843499.317211,1766,373.453819,0.211469,0,0,0
1768843499.417600,1787,404.483531,0.226348,0,0,0
1768843499.516776,1601,356.330184,0.222567,0,0,0
1768843499.617030,1514,345.474869,0.228187,0,0,0
1768843499.716902,1521,346.893635,0.228069,0,0,0
1768843499.816827,1520,349.705743,0.230070,0,0,0
1768843499.916849,1776,400.946795,0.225758,0,0,0
1768843500.016257,1770,391.342104,0.221097,0,0,0
1768843500.117675,1783,380.699197,0.213516,0,0,0
1768843500.216910,1557,327.773860,0.210516,0,0,0
1768843500.316844,1447,317.594061,0.219484,0,0,0
1768843500.415996,1947,412.239983,0.211731,0,0,0
1768843500.516755,1970,405.547404,0.205862,0,0,0
1768843500.616811,1713,354.848391,0.207150,0,0,0
1768843500.716791,1978,392.406416,0.198385,0,0,0
1768843500.821900,1999,400.883356,0.200542,0,0,0
1768843500.916928,2025,415.868203,0.205367,0,0,0
1768843501.016829,1749,363.036192,0.207568,0,0,0
1768843501.116832,2066,411.791859,0.199318,0,0,0
1768843501.216799,2053,411.835182,0.200602,0,0,0
1768843501.316816,1778,342.831635,0.192819,0,0,0
1768843501.417115,1987,417.682646,0.210208,0,0,0
1768843501.516972,1767,366.327101,0.207316,0,0,0
1768843501.616843,1909,376.787680,0.197374,0,0,0
1768843501.715741,1947,388.711057,0.199646,0,0,0
1768843501.916857,1964,404.295313,0.205853,0,0,0
1768843502.016123,1932,371.883588,0.192486,0,0,0
1768843502.117854,1912,359.276450,0.187906,0,0,0
1768843502.215679,1657,308.623683,0.186254,0,0,0
1768843502.316840,1921,386.674788,0.201288,0,0,0
1768843502.416256,1958,401.690693,0.205154,0,0,0
1768843502.516828,1924,383.803919,0.199482,0,0,0
1768843502.615877,1899,384.010389,0.202217,0,0,0
1768843502.716707,1915,383.196960,0.200103,0,0,0
1768843502.817810,1611,332.368179,0.206312,0,0,0
1768843502.916216,1966,399.445173,0.203177,0,0,0
1768843503.017849,1806,358.362262,0.198429,0,0,0
1768843503.115238,2052,415.110232,0.202295,0,0,0
1768843503.216834,1875,367.047413,0.195759,0,0,0
1768843503.316894,2013,412.538785,0.204937,0,0,0
1768843503.416695,1796,359.274326,0.200041,0,0,0
1768843503.517004,1957,388.051190,0.198289,0,0,0
1768843503.617136,2068,416.690183,0.201494,0,0,0
1768843503.715742,2038,407.267709,0.199837,0,0,0
1768843503.816807,2068,405.773166,0.196215,0,0,0
1768843503.916852,1755,327.486799,0.186602,0,0,0
1768843504.015373,1987,414.371472,0.208541,0,0,0
1768843504.117697,1840,370.894393,0.201573,0,0,0
1768843504.214970,1851,391.255582,0.211375,0,0,0
1768843504.315973,1824,365.591120,0.200434,0,0,0
1768843504.416798,1861,384.009432,0.206346,0,0,0
1768843504.516717,1824,370.274832,0.203002,0,0,0
1768843504.616905,1589,319.534629,0.201092,0,0,0
1768843504.715740,1470,304.140468,0.206898,0,0,0
1768843504.816825,1850,385.018295,0.208118,0,0,0
1768843504.916675,1808,366.202413,0.202546,0,0,0
1768843505.217018,1815,399.012294,0.219841,0,0,0
1768843506.516675,1764,415.517563,0.235554,0,0,0
1768843506.614927,1713,401.384154,0.234316,0,0,0
1768843506.817761,1657,391.075970,0.236014,0,0,0
1768843506.916716,1734,391.987267,0.226060,0,0,0
1768843507.016695,1701,386.100849,0.226985,0,0,0
1768843507.116734,1663,398.326468,0.239523,0,0,0
1768843507.217246,1434,353.936336,0.246818,0,0,0
1768843507.416775,1636,383.945272,0.234685,0,0,0
1768843507.517494,1564,372.291382,0.238038,0,0,0
1768843507.616642,1662,412.724314,0.248330,0,0,0
1768843507.716816,1559,391.224141,0.250946,0,0,0
1768843507.817032,1641,409.784589,0.249716,0,0,0
1768843507.916689,1504,374.820463,0.249216,0,0,0
1768843508.015712,1615,398.238908,0.246588,0,0,0
1768843508.116789,1660,421.769110,0.254078,0,0,0
1768843508.216450,1613,416.551114,0.258246,0,0,0
1768843508.316677,1659,432.158643,0.260493,0,0,0
1768843508.415843,1598,417.743073,0.261416,0,0,0
1768843508.515689,1601,407.205233,0.254344,0,0,0
1768843508.616105,1631,415.815706,0.254945,0,0,0
1768843508.715827,1614,408.989252,0.253401,0,0,0
1768843508.815693,1414,372.479318,0.263422,0,0,0
1768843508.917507,1286,357.134976,0.277710,0,0,0
1768843509.016646,1601,414.998605,0.259212,0,0,0
1768843509.216805,1533,401.335485,0.261797,0,0,0
1768843509.316812,1512,397.425933,0.262848,0,0,0
1768843509.416737,1478,395.610003,0.267666,0,0,0
1768843509.516078,1265,333.565688,0.263688,0,0,0
1768843509.617341,1507,383.041179,0.254175,0,0,0
1768843509.716775,1481,381.524777,0.257613,0,0,0
1768843509.816625,1285,340.322508,0.264842,0,0,0
1768843509.916611,1500,368.124572,0.245416,0,0,0
1768843510.016860,1394,345.341562,0.247734,0,0,0
1768843510.117418,1211,325.261042,0.268589,0,0,0
1768843510.216107,1462,365.842233,0.250234,0,0,0
1768843510.317904,1521,388.251846,0.255261,0,0,0
1768843510.418002,1358,341.465414,0.251447,0,0,0
1768843510.516680,1531,393.554964,0.257057,0,0,0
1768843510.616765,1504,397.829399,0.264514,0,0,0
1768843510.716775,1495,373.557485,0.249871,0,0,0
1768843510.816666,1315,335.243662,0.254938,0,0,0
1768843510.916441,1483,368.004100,0.248148,0,0,0
1768843511.116824,1504,370.919852,0.246622,0,0,0
1768843511.217564,1531,399.864433,0.261179,0,0,0
1768843511.316608,1509,393.734400,0.260924,0,0,0
1768843511.416718,1521,384.269033,0.252642,0,0,0
1768843511.516709,1343,349.761460,0.260433,0,0,0
1768843511.616568,1491,380.503174,0.255200,0,0,0
1768843511.716134,1349,357.614668,0.265096,0,0,0
1768843511.916626,1362,356.248564,0.261563,0,0,0
1768843512.016774,1408,368.233618,0.261530,0,0,0
1768843512.116806,1386,367.142554,0.264894,0,0,0
1768843512.216692,1225,331.678621,0.270758,0,0,0
1768843512.318109,1457,369.184737,0.253387,0,0,0
1768843512.916802,1361,360.175769,0.264641,0,0,0
1768843513.016666,1341,346.744853,0.258572,0,0,0
1768843513.118126,1136,302.751509,0.266507,0,0,0
1768843513.316638,1396,360.369840,0.258145,0,0,0
1768843513.420732,1329,344.753568,0.259408,0,0,0
1768843513.516968,1373,360.249153,0.262381,0,0,0
1768843513.616671,1404,369.614634,0.263258,0,0,0
1768843513.716613,1389,353.328418,0.254376,0,0,0
1768843513.816558,1391,366.912336,0.263776,0,0,0
1768843514.216569,1320,344.523760,0.261003,0,0,0
1768843514.318908,1274,324.741540,0.254899,0,0,0
1768843514.416260,1290,340.406097,0.263881,0,0,0
1768843514.515634,1181,306.549576,0.259568,0,0,0
1768843514.616590,1056,270.292531,0.255959,0,0,0
1768843514.717090,1045,268.754241,0.257181,0,0,0
1768843514.816554,1282,336.893507,0.262787,0,0,0
1768843515.416563,1264,318.104719,0.251665,0,0,0
1768843515.716597,1277,328.823110,0.257497,0,0,0
1768843515.816573,1259,324.897228,0.258060,0,0,0
1768843515.919842,1222,332.630105,0.272201,0,0,0
1768843516.016590,1277,342.654714,0.268328,0,0,0
1768843516.116952,1266,341.047573,0.269390,0,0,0
1768843516.216934,1112,297.013980,0.267099,0,0,0
1768843516.318205,1308,353.532858,0.270285,0,0,0
1768843516.416722,1320,337.722493,0.255850,0,0,0
1768843516.516581,1260,330.655381,0.262425,0,0,0
1768843516.619502,1242,328.341187,0.264365,0,0,0
1768843516.718104,1150,287.136312,0.249684,0,0,0
1768843516.817428,1003,251.630856,0.250878,0,0,0
1768843516.916633,989,249.918747,0.252698,0,0,0
1768843517.016651,1236,314.791697,0.254686,0,0,0
1768843517.116694,1285,350.360846,0.272654,0,0,0
1768843517.216696,1070,268.210610,0.250664,0,0,0
1768843517.314673,1269,330.693805,0.260594,0,0,0
1768843517.416544,1305,344.171218,0.263733,0,0,0
1768843517.515676,1304,350.656824,0.268909,0,0,0
1768843517.616606,1038,246.573410,0.237547,0,0,0
1768843517.716678,1250,343.589729,0.274872,0,0,0
1768843517.816550,1240,334.785105,0.269988,0,0,0
1768843517.916576,1117,300.378628,0.268916,0,0,0
1768843518.115779,988,274.550353,0.277885,0,0,0
1768843518.216781,983,274.662729,0.279413,0,0,0
1768843518.316702,1300,348.508841,0.268084,0,0,0
1768843518.416596,1376,370.263887,0.269087,0,0,0
1768843518.516609,1368,361.892884,0.264542,0,0,0
1768843518.616851,1359,348.610576,0.256520,0,0,0
1768843518.716929,1328,347.765101,0.261871,0,0,0
1768843518.816513,1379,355.189734,0.257571,0,0,0
1768843518.917311,1148,281.670219,0.245357,0,0,0
1768843519.016581,993,253.509652,0.255297,0,0,0
1768843519.117321,1293,341.319010,0.263974,0,0,0
1768843519.216592,1162,284.527582,0.244860,0,0,0
1768843519.316578,1003,242.238431,0.241514,0,0,0
1768843519.417095,894,224.022137,0.250584,0,0,0
1768843519.516535,1228,298.916099,0.243417,0,0,0
1768843519.616657,1216,283.671831,0.233283,0,0,0
1768843519.716713,1217,300.985110,0.247317,0,0,0
1768843519.817453,1202,292.722515,0.243530,0,0,0
1768843519.916678,1188,285.166618,0.240039,0,0,0
1768843520.016579,1173,295.278798,0.251730,0,0,0
1768843520.116654,1192,286.045273,0.239971,0,0,0
1768843520.216685,1133,277.783605,0.245175,0,0,0
1768843520.316568,1036,257.945892,0.248983,0,0,0
1768843520.416717,920,244.355531,0.265604,0,0,0
1768843520.516628,918,244.771810,0.266636,0,0,0
1768843520.619456,1251,287.467245,0.229790,0,0,0
1768843520.716513,1228,277.957562,0.226350,0,0,0
1768843520.816568,1018,253.312572,0.248834,0,0,0
1768843521.017216,1294,295.861356,0.228641,0,0,0
1768843521.116659,1247,286.017262,0.229364,0,0,0
1768843521.216615,1245,292.835945,0.235210,0,0,0
1768843521.316584,1216,267.851432,0.220273,0,0,0
1768843521.416841,1137,262.493709,0.230865,0,0,0
1768843521.516515,1136,252.307269,0.222101,0,0,0
1768843521.716523,1161,254.031983,0.218804,0,0,0
1768843521.816590,1145,250.875797,0.219105,0,0,0
1768843521.917126,1013,222.772442,0.219914,0,0,0
1768843522.016543,916,217.538472,0.237487,0,0,0
1768843522.117215,1191,277.851726,0.233293,0,0,0
1768843522.316625,1175,266.915965,0.227163,0,0,0
1768843522.416503,1151,257.023125,0.223304,0,0,0
1768843522.519213,1129,258.838768,0.229264,0,0,0
1768843522.618261,1137,255.283506,0.224524,0,0,0
1768843522.716630,1008,230.110811,0.228285,0,0,0
1768843522.817051,1105,257.647416,0.233165,0,0,0
1768843522.916612,1019,230.778957,0.226476,0,0,0
1768843523.017208,1153,259.580670,0.225135,0,0,0
1768843523.116925,1033,231.497579,0.224102,0,0,0
1768843523.216705,1219,287.557534,0.235896,0,0,0
1768843523.316635,1198,277.574581,0.231698,0,0,0
1768843523.415946,961,245.323203,0.255279,0,0,0
1768843523.516598,928,239.081402,0.257631,0,0,0
1768843523.616547,1250,310.394092,0.248315,0,0,0
1768843523.717922,1213,301.770759,0.248781,0,0,0
1768843523.816505,1080,270.102332,0.250095,0,0,0
1768843523.914713,1212,311.041313,0.256635,0,0,0
1768843524.016602,1234,274.906793,0.222777,0,0,0
1768843524.116565,1199,294.664055,0.245758,0,0,0
1768843524.216508,952,231.970839,0.243667,0,0,0
1768843524.315508,1178,284.385545,0.241414,0,0,0
1768843524.416549,1105,270.063855,0.244402,0,0,0
1768843524.516705,1199,294.845516,0.245910,0,0,0
1768843524.618459,1197,262.175862,0.219027,0,0,0
1768843524.717309,1196,282.021439,0.235804,0,0,0
1768843524.818063,1195,290.681106,0.243248,0,0,0
1768843524.917460,1113,278.742207,0.250442,0,0,0
1768843525.019624,1178,299.220242,0.254007,0,0,0
1768843525.116484,1132,280.779287,0.248038,0,0,0
1768843525.218016,1039,260.419619,0.250644,0,0,0
1768843525.318450,951,249.542989,0.262401,0,0,0
1768843525.416580,1124,268.511104,0.238889,0,0,0
1768843525.516452,1099,271.928987,0.247433,0,0,0
1768843525.617555,928,245.009214,0.264019,0,0,0
1768843525.716572,916,244.936358,0.267398,0,0,0
1768843525.817138,1203,296.322344,0.246319,0,0,0
1768843525.916654,1170,286.838440,0.245161,0,0,0
1768843526.016573,1101,272.050890,0.247094,0,0,0
1768843526.115905,1142,281.871939,0.246823,0,0,0
1768843526.216539,1167,269.566964,0.230991,0,0,0
1768843526.317143,1147,268.212411,0.233838,0,0,0
1768843526.416740,1164,255.367413,0.219388,0,0,0
1768843526.516730,1053,242.043755,0.229861,0,0,0
1768843526.616570,1080,250.991093,0.232399,0,0,0
1768843526.716630,992,229.918464,0.231773,0,0,0
1768843526.814865,894,221.375179,0.247623,0,0,0
1768843526.916592,884,219.191207,0.247954,0,0,0
1768843527.116604,877,219.449735,0.250228,0,0,0
1768843527.216555,966,223.421424,0.231285,0,0,0
1768843527.316409,1044,246.932593,0.236525,0,0,0
1768843527.416535,1060,249.201066,0.235095,0,0,0
1768843527.716493,1090,246.879136,0.226495,0,0,0
1768843527.816723,1077,242.054762,0.224749,0,0,0
1768843528.216437,1128,293.541556,0.260232,0,0,0
1768843528.316676,1092,271.841119,0.248939,0,0,0
1768843528.416478,1133,278.547045,0.245849,0,0,0
1768843528.516680,1107,278.725726,0.251785,0,0,0
1768843528.616499,1098,268.854258,0.244858,0,0,0
1768843528.716462,1119,281.485279,0.251551,0,0,0
1768843528.816614,1109,265.049748,0.238999,0,0,0
1768843528.916452,1110,283.711910,0.255596,0,0,0
1768843529.016448,1170,299.329515,0.255837,0,0,0
1768843529.116441,1208,314.831221,0.260622,0,0,0
1768843529.217515,1203,325.121745,0.270259,0,0,0
1768843529.316472,1187,308.498508,0.259898,0,0,0
1768843529.416423,1173,303.468139,0.258711,0,0,0
1768843529.517087,1051,256.086268,0.243660,0,0,0
1768843529.616490,950,236.556606,0.249007,0,0,0
1768843529.716456,1162,307.984836,0.265047,0,0,0
1768843529.916408,1159,297.149701,0.256385,0,0,0
1768843530.016858,1197,322.933735,0.269786,0,0,0
1768843530.116493,1086,292.481420,0.269320,0,0,0
1768843530.216282,1205,312.014792,0.258933,0,0,0
1768843530.315227,1071,269.046981,0.251211,0,0,0
1768843530.416423,1192,306.938012,0.257498,0,0,0
1768843530.616539,1186,311.736804,0.262847,0,0,0
1768843530.716557,1181,318.055153,0.269310,0,0,0
1768843530.916444,1137,298.996957,0.262970,0,0,0
1768843531.016400,1177,318.913391,0.270954,0,0,0
1768843531.417079,1222,337.676954,0.276331,0,0,0
1768843531.516500,1206,325.030228,0.269511,0,0,0
1768843531.616453,1019,270.159697,0.265122,0,0,0
1768843531.716565,1002,268.700273,0.268164,0,0,0
1768843531.817530,1212,294.985162,0.243387,0,0,0
1768843531.916485,1198,324.502676,0.270870,0,0,0
1768843532.016448,1233,343.932098,0.278939,0,0,0
1768843532.116464,1088,294.771153,0.270929,0,0,0
1768843532.218837,1302,356.203283,0.273582,0,0,0
1768843532.316431,1254,333.739547,0.266140,0,0,0
1768843532.417091,1256,331.503239,0.263936,0,0,0
1768843532.516435,1275,343.767193,0.269621,0,0,0
1768843532.616531,1283,342.898120,0.267263,0,0,0
1768843532.716642,1130,314.847192,0.278626,0,0,0
1768843532.816489,1059,301.466303,0.284671,0,0,0
1768843532.916428,1053,298.564513,0.283537,0,0,0
1768843533.016427,1309,337.299680,0.257677,0,0,0
1768843533.116500,1354,375.034331,0.276983,0,0,0
1768843533.219135,1374,376.648672,0.274126,0,0,0
1768843533.416429,1397,364.870584,0.261182,0,0,0
1768843533.516348,1278,333.940936,0.261300,0,0,0
1768843533.819443,1345,321.012419,0.238671,0,0,0
1768843533.916513,1309,314.859450,0.240534,0,0,0
1768843534.015937,1408,344.611928,0.244753,0,0,0
1768843534.116370,1393,361.250713,0.259333,0,0,0
1768843534.216442,1430,385.428894,0.269531,0,0,0
1768843534.316482,1418,377.709068,0.266367,0,0,0
1768843534.416499,1426,373.961334,0.262245,0,0,0
1768843534.516493,1423,349.644512,0.245709,0,0,0
1768843534.617472,1409,355.891765,0.252585,0,0,0
1768843534.716259,1433,359.683137,0.251000,0,0,0
1768843534.816148,1319,328.998684,0.249430,0,0,0
1768843534.915694,1457,341.738188,0.234549,0,0,0
1768843535.017849,1458,351.481109,0.241071,0,0,0
1768843535.116350,1538,364.979643,0.237308,0,0,0
1768843535.216364,1371,335.743449,0.244889,0,0,0
1768843535.316544,1609,408.029869,0.253592,0,0,0
1768843535.416332,1575,381.356353,0.242131,0,0,0
1768843535.517844,1608,371.390672,0.230964,0,0,0
1768843535.616492,1598,381.201744,0.238549,0,0,0
1768843535.716426,1406,338.755915,0.240936,0,0,0
1768843535.816462,1301,326.012081,0.250586,0,0,0
1768843535.916343,1296,326.564958,0.251979,0,0,0
1768843536.016351,1640,387.770383,0.236445,0,0,0
1768843536.616328,1939,449.082609,0.231605,0,0,0
1768843537.016430,1943,426.994641,0.219760,0,0,0
1768843537.217638,1743,376.527794,0.216023,0,0,0
1768843537.316445,2007,471.663685,0.235009,0,0,0
1768843537.416317,1961,461.905702,0.235546,0,0,0
1768843537.521776,2092,480.031109,0.229460,0,0,0
1768843537.612367,1864,412.091554,0.221079,0,0,0
1768843537.721175,2153,513.143461,0.238339,0,0,0
1768843537.816398,2112,468.242095,0.221706,0,0,0
1768843537.917024,2122,476.254025,0.224436,0,0,0
1768843538.016464,2118,470.039442,0.221926,0,0,0
1768843538.116471,2174,474.668227,0.218339,0,0,0
1768843538.216354,2143,474.990167,0.221647,0,0,0
1768843538.316381,2244,507.437695,0.226131,0,0,0
1768843538.515687,1985,438.860335,0.221088,0,0,0
1768843538.616372,2344,509.903643,0.217536,0,0,0
1768843538.716377,2393,528.337265,0.220784,0,0,0
1768843538.818470,2380,499.163853,0.209733,0,0,0
1768843538.916284,2441,530.275413,0.217237,0,0,0
1768843539.216516,2432,496.111750,0.203993,0,0,0
1768843539.317915,2410,499.579832,0.207295,0,0,0
1768843539.416449,2336,475.517346,0.203561,0,0,0
1768843539.516407,2289,457.538702,0.199886,0,0,0
1768843539.616375,2241,452.840372,0.202071,0,0,0
1768843539.716597,1916,373.427578,0.194900,0,0,0
1768843539.816277,1832,363.203905,0.198255,0,0,0
1768843539.916343,2236,432.467696,0.193411,0,0,0
1768843540.116286,2324,468.520749,0.201601,0,0,0
1768843540.217750,2365,512.488640,0.216697,0,0,0
1768843540.616322,2340,500.387877,0.213841,0,0,0
1768843540.716331,2325,490.552770,0.210990,0,0,0
1768843540.916433,2329,484.241859,0.207918,0,0,0
1768843541.016294,2374,491.523594,0.207044,0,0,0
1768843541.116386,2129,431.824748,0.202830,0,0,0
1768843541.216253,2388,522.362386,0.218745,0,0,0
1768843541.320421,2362,530.243055,0.224489,0,0,0
1768843541.415487,1997,458.984703,0.229837,0,0,0
1768843541.616417,2398,512.513752,0.213726,0,0,0
1768843541.716475,2350,514.640750,0.218996,0,0,0
1768843541.816435,2323,486.795641,0.209555,0,0,0
1768843541.916350,2014,450.247026,0.223559,0,0,0
1768843542.118095,2289,490.764824,0.214401,0,0,0
1768843542.216405,2328,509.353165,0.218794,0,0,0
1768843542.316351,2075,461.875847,0.222591,0,0,0
1768843542.416546,2392,507.013070,0.211962,0,0,0
1768843544.017781,2009,197.575628,0.098345,0,0,0
1768843544.116220,2297,417.048750,0.181562,0,0,0
1768843544.215956,2363,454.885218,0.192503,0,0,0
1768843544.317762,2124,412.401191,0.194163,0,0,0
1768843544.516340,2339,465.046480,0.198823,0,0,0
1768843544.716411,2322,470.668405,0.202700,0,0,0
1768843544.816362,2353,469.682893,0.199610,0,0,0
1768843544.916447,2343,456.862065,0.194990,0,0,0
1768843545.016301,2376,462.108927,0.194490,0,0,0
1768843545.116314,2125,414.412873,0.195018,0,0,0
1768843545.216382,1933,398.099753,0.205949,0,0,0
1768843545.316372,1936,400.523927,0.206882,0,0,0
1768843545.416200,2382,478.920488,0.201058,0,0,0
1768843545.516398,2414,475.701511,0.197059,0,0,0
1768843545.621476,2338,471.446566,0.201645,0,0,0
1768843545.717810,2412,480.365313,0.199156,0,0,0
1768843545.817507,2350,472.345142,0.200998,0,0,0
1768843545.916563,2375,464.763327,0.195690,0,0,0
1768843546.016294,2087,421.909877,0.202161,0,0,0
1768843546.116270,2388,466.298840,0.195268,0,0,0
1768843546.216328,2205,424.815011,0.192660,0,0,0
1768843546.316363,2429,491.793646,0.202468,0,0,0
1768843546.416562,2220,456.913681,0.205817,0,0,0
1768843546.516201,1948,417.697492,0.214424,0,0,0
1768843546.616218,1947,419.345868,0.215381,0,0,0
1768843546.716370,1950,420.827195,0.215809,0,0,0
1768843546.916322,2277,500.269034,0.219705,0,0,0
1768843547.016300,2348,479.444569,0.204193,0,0,0
1768843547.116344,2046,429.100568,0.209727,0,0,0
1768843547.216188,2357,464.649992,0.197136,0,0,0
1768843547.316347,2348,464.740710,0.197930,0,0,0
1768843547.416273,2051,421.546780,0.205532,0,0,0
1768843547.516636,2386,483.852767,0.202788,0,0,0
1768843547.616735,2397,472.863477,0.197273,0,0,0
1768843547.716188,2359,488.545030,0.207098,0,0,0
1768843547.816683,1965,424.488055,0.216024,0,0,0
1768843547.919444,1947,421.309692,0.216389,0,0,0
1768843548.016278,1945,420.345052,0.216116,0,0,0
1768843548.118168,2313,450.387756,0.194720,0,0,0
1768843548.217224,2284,467.176507,0.204543,0,0,0
1768843548.316431,2343,499.660231,0.213257,0,0,0
1768843548.416250,2237,477.468942,0.213442,0,0,0
1768843548.516274,2302,486.587951,0.211376,0,0,0
1768843548.616246,2267,468.514250,0.206667,0,0,0
1768843548.716452,2340,496.134126,0.212023,0,0,0
1768843548.816324,2292,483.912973,0.211131,0,0,0
1768843548.917990,2364,507.673819,0.214752,0,0,0
1768843549.016360,2115,464.660230,0.219698,0,0,0
1768843549.116329,2372,500.827818,0.211142,0,0,0
1768843549.216299,2362,480.996148,0.203639,0,0,0
1768843549.316252,2293,461.473489,0.201253,0,0,0
1768843549.416202,2034,417.535211,0.205278,0,0,0
1768843549.516254,2269,456.131366,0.201027,0,0,0
1768843549.616822,2271,477.385230,0.210209,0,0,0
1768843549.719031,2009,420.473718,0.209295,0,0,0
1768843549.815698,2307,503.975975,0.218455,0,0,0
1768843549.916267,2228,491.855177,0.220761,0,0,0
1768843550.016152,2307,503.328082,0.218174,0,0,0
1768843550.116215,2308,486.541142,0.210806,0,0,0
1768843550.216315,2037,445.974843,0.218937,0,0,0
1768843550.315144,2210,441.512767,0.199780,0,0,0
1768843550.416175,1994,404.511535,0.202864,0,0,0
1768843550.515608,2239,463.248940,0.206900,0,0,0
1768843550.616951,2246,477.144066,0.212442,0,0,0
1768843550.716180,1963,407.406392,0.207543,0,0,0
1768843550.816166,1835,385.970731,0.210338,0,0,0
1768843550.916366,2126,440.450373,0.207173,0,0,0
1768843551.016330,2064,436.774265,0.211615,0,0,0
1768843551.216349,2157,453.053442,0.210039,0,0,0
1768843551.316189,2185,453.507255,0.207555,0,0,0
1768843551.416282,2145,446.119450,0.207981,0,0,0
1768843551.616716,1913,402.108411,0.210198,0,0,0
1768843551.716493,2112,449.864767,0.213004,0,0,0
1768843551.816153,2127,439.024594,0.206406,0,0,0
1768843551.916281,2117,412.594417,0.194896,0,0,0
1768843552.017815,1862,369.796691,0.198602,0,0,0
1768843552.116225,1745,347.869409,0.199352,0,0,0
1768843552.216253,2110,423.069883,0.200507,0,0,0
1768843552.316283,2053,408.403206,0.198930,0,0,0
1768843552.414435,1750,346.589549,0.198051,0,0,0
1768843552.516227,2182,435.614063,0.199640,0,0,0
1768843552.616183,2174,420.039554,0.193210,0,0,0
1768843552.716605,2141,428.742952,0.200254,0,0,0
1768843552.918080,2045,421.272057,0.206001,0,0,0
1768843553.016160,2069,423.808369,0.204837,0,0,0
1768843553.116231,1919,387.433881,0.201894,0,0,0
1768843553.216265,2036,409.779633,0.201267,0,0,0
1768843553.316755,2091,408.781225,0.195496,0,0,0
1768843553.416369,1883,372.125969,0.197624,0,0,0
1768843553.516148,2064,406.956350,0.197169,0,0,0
1768843553.615552,2015,403.817262,0.200406,0,0,0
1768843554.516261,1933,416.173617,0.215299,0,0,0
1768843554.616148,1913,411.599635,0.215159,0,0,0
1768843554.716141,1742,366.663353,0.210484,0,0,0
1768843554.916330,1971,440.325775,0.223402,0,0,0
1768843555.016093,1785,393.757350,0.220592,0,0,0
1768843555.116087,1446,317.360173,0.219475,0,0,0
1768843555.218479,1446,319.508976,0.220961,0,0,0
1768843555.316337,2074,456.086417,0.219907,0,0,0
1768843555.416236,2035,419.677134,0.206230,0,0,0
1768843555.516276,1626,308.669242,0.189833,0,0,0
1768843555.616279,2060,450.123460,0.218507,0,0,0
1768843555.716148,1946,435.743511,0.223918,0,0,0
1768843555.816248,2002,450.653010,0.225101,0,0,0
1768843555.916256,1567,303.441712,0.193645,0,0,0
1768843556.015938,1998,451.648578,0.226050,0,0,0
1768843556.116179,1964,408.772552,0.208133,0,0,0
1768843556.216251,1597,304.016626,0.190367,0,0,0
1768843556.316206,1386,274.560478,0.198096,0,0,0
1768843556.516887,2030,456.974110,0.225110,0,0,0
1768843556.616611,1956,450.916636,0.230530,0,0,0
1768843556.716202,1534,301.728391,0.196694,0,0,0
1768843556.916108,1942,472.397135,0.243253,0,0,0
1768843557.117358,1876,444.286814,0.236827,0,0,0
1768843557.216181,1940,457.671392,0.235913,0,0,0
1768843557.316232,1966,456.350579,0.232121,0,0,0
1768843557.416165,2003,460.666162,0.229988,0,0,0
1768843557.516118,1757,400.998927,0.228229,0,0,0
1768843557.616351,2060,449.226908,0.218071,0,0,0
1768843557.716230,1882,403.925019,0.214625,0,0,0
1768843557.816172,2131,475.678847,0.223219,0,0,0
1768843557.916107,2159,479.810979,0.222238,0,0,0
1768843558.016692,1981,412.415569,0.208186,0,0,0
1768843558.216131,2058,489.584154,0.237893,0,0,0
1768843558.321043,2113,476.140344,0.225339,0,0,0
1768843558.418063,1830,399.292451,0.218193,0,0,0
1768843558.516109,1753,389.179870,0.222008,0,0,0
1768843558.616116,2166,465.849456,0.215074,0,0,0
1768843558.716228,2160,490.763442,0.227205,0,0,0
1768843558.816271,1878,406.787742,0.216607,0,0,0
1768843558.916042,2064,456.836688,0.221336,0,0,0
1768843559.014390,1923,421.311001,0.219090,0,0,0
1768843559.118853,2076,441.703887,0.212767,0,0,0
1768843559.316192,2111,450.627900,0.213467,0,0,0
1768843559.416171,2121,445.479402,0.210033,0,0,0
1768843559.516145,2026,456.467933,0.225305,0,0,0
1768843559.716169,2127,468.121610,0.220085,0,0,0
1768843559.915699,2170,473.090046,0.218014,0,0,0
1768843560.016160,2122,468.274171,0.220676,0,0,0
1768843560.116156,1786,395.999239,0.221724,0,0,0
1768843560.216196,1770,391.847424,0.221383,0,0,0
1768843560.316060,1769,393.590912,0.222493,0,0,0
1768843560.416293,2159,453.368593,0.209990,0,0,0
1768843560.516434,2180,443.568081,0.203472,0,0,0
1768843560.616179,2206,474.564333,0.215124,0,0,0
1768843560.716138,1981,425.503546,0.214792,0,0,0
1768843560.816311,2100,452.967884,0.215699,0,0,0
1768843560.916122,2130,440.974958,0.207030,0,0,0
1768843561.016096,1963,403.681959,0.205645,0,0,0
1768843561.116052,2039,437.100150,0.214370,0,0,0
1768843561.216095,2038,441.661775,0.216713,0,0,0
1768843561.316151,2109,469.776750,0.222749,0,0,0
1768843561.416060,1891,412.315053,0.218041,0,0,0
1768843561.518570,1685,369.968015,0.219566,0,0,0
1768843561.616101,2254,516.759169,0.229263,0,0,0
1768843561.716099,2156,471.826642,0.218844,0,0,0
1768843561.918245,2106,479.996539,0.227919,0,0,0
1768843562.016154,1990,451.464516,0.226867,0,0,0
1768843562.116153,2064,473.932602,0.229619,0,0,0
1768843562.216059,2111,470.393711,0.222830,0,0,0
1768843562.316353,2159,479.086869,0.221902,0,0,0
1768843562.417311,2212,500.779089,0.226392,0,0,0
1768843562.516918,2184,464.318721,0.212600,0,0,0
1768843562.615600,2284,501.801551,0.219703,0,0,0
1768843562.716051,1940,437.089595,0.225304,0,0,0
1768843562.816024,1869,428.990955,0.229530,0,0,0
1768843562.916006,2211,477.943652,0.216166,0,0,0
1768843563.016021,2251,502.606366,0.223281,0,0,0
1768843563.118481,2217,491.496305,0.221694,0,0,0
1768843563.220471,2301,511.257499,0.222189,0,0,0
1768843563.317164,2159,462.207267,0.214084,0,0,0
1768843563.417561,2342,539.336141,0.230289,0,0,0
1768843563.516001,2183,506.755728,0.232137,0,0,0
1768843563.616480,1853,418.320349,0.225753,0,0,0
1768843563.716018,2254,513.627530,0.227874,0,0,0
1768843563.816103,2125,476.818874,0.224385,0,0,0
1768843563.915992,2264,496.375870,0.219247,0,0,0
1768843564.016924,2119,454.836258,0.214647,0,0,0
1768843564.116096,1877,422.434081,0.225058,0,0,0
1768843564.216250,1868,422.072033,0.225949,0,0,0
1768843564.316141,2071,460.863027,0.222532,0,0,0
1768843564.416110,2024,438.338841,0.216571,0,0,0
1768843564.516160,2116,503.456141,0.237928,0,0,0
1768843564.616238,2189,493.020954,0.225227,0,0,0
1768843564.716183,2185,512.567160,0.234585,0,0,0
1768843564.816258,2191,514.281285,0.234724,0,0,0
1768843564.916077,1717,370.811927,0.215965,0,0,0
1768843565.116267,1598,356.364690,0.223007,0,0,0
1768843565.216939,2301,525.238113,0.228265,0,0,0
1768843565.318169,2235,517.546891,0.231565,0,0,0
1768843565.417528,2074,462.516185,0.223007,0,0,0
1768843565.516053,2071,446.170889,0.215437,0,0,0
1768843565.616196,2088,465.282801,0.222837,0,0,0
1768843565.716158,2064,449.616679,0.217838,0,0,0
1768843565.816859,2060,466.566631,0.226489,0,0,0
1768843565.917244,2049,452.970858,0.221069,0,0,0
1768843566.016487,2013,449.148940,0.223124,0,0,0
1768843566.117865,2091,473.410403,0.226404,0,0,0
1768843566.213031,2043,467.396108,0.228779,0,0,0
1768843566.315957,1811,420.091325,0.231966,0,0,0
1768843566.416263,1678,398.711331,0.237611,0,0,0
1768843566.516053,2166,475.693048,0.219618,0,0,0
1768843566.616013,2121,467.143867,0.220247,0,0,0
1768843566.716140,2135,439.796394,0.205994,0,0,0
1768843566.816635,1995,413.748563,0.207393,0,0,0
1768843566.916223,2116,439.302967,0.207610,0,0,0
1768843567.016170,2003,414.352184,0.206866,0,0,0
1768843567.114179,2044,444.764204,0.217595,0,0,0
1768843567.216074,2038,422.447059,0.207285,0,0,0
1768843567.315938,2062,447.551730,0.217047,0,0,0
1768843567.416084,2096,440.679034,0.210248,0,0,0
1768843567.516006,2146,447.163622,0.208371,0,0,0
1768843567.616143,2157,444.922708,0.206269,0,0,0
1768843567.716716,2164,466.658554,0.215646,0,0,0
1768843567.816013,2178,455.594568,0.209180,0,0,0
1768843567.915972,2105,442.207565,0.210075,0,0,0
1768843568.016102,2088,441.091824,0.211251,0,0,0
1768843568.115941,2074,443.291642,0.213738,0,0,0
1768843568.215969,2125,462.410376,0.217605,0,0,0
1768843568.315964,2050,435.939672,0.212653,0,0,0
1768843568.416179,2146,478.970655,0.223192,0,0,0
1768843568.516125,1868,418.041389,0.223791,0,0,0
1768843568.616064,1729,397.581054,0.229949,0,0,0
1768843568.715952,1725,396.559673,0.229890,0,0,0
1768843568.816115,2065,463.386637,0.224400,0,0,0
1768843568.916987,2050,460.603852,0.224685,0,0,0
1768843569.016225,1880,422.757886,0.224871,0,0,0
1768843569.115984,2146,476.892129,0.222224,0,0,0
1768843569.215931,2157,458.601854,0.212611,0,0,0
1768843569.316559,1896,410.273473,0.216389,0,0,0
1768843569.416065,2138,459.369460,0.214859,0,0,0
1768843569.515920,2111,443.914835,0.210287,0,0,0
1768843569.615941,2086,443.227273,0.212477,0,0,0
1768843569.715924,2048,453.484912,0.221428,0,0,0
1768843569.814233,2085,459.397815,0.220335,0,0,0
1768843569.916030,1877,410.660786,0.218786,0,0,0
1768843570.016044,1691,383.162901,0.226590,0,0,0
1768843570.114765,2182,492.837830,0.225865,0,0,0
1768843570.216018,2225,488.618701,0.219604,0,0,0
1768843570.315915,1994,436.239641,0.218776,0,0,0
1768843570.415951,2198,475.752548,0.216448,0,0,0
1768843570.515923,2174,479.304009,0.220471,0,0,0
1768843570.616065,2144,488.426574,0.227811,0,0,0
1768843570.716369,1888,425.526586,0.225385,0,0,0
1768843570.815969,2145,500.714386,0.233433,0,0,0
1768843570.916056,2092,475.147554,0.227126,0,0,0
1768843571.015702,2122,493.579454,0.232601,0,0,0
1768843571.115986,2141,476.837493,0.222717,0,0,0
1768843571.216060,1942,437.441954,0.225253,0,0,0
1768843571.316031,2116,504.009677,0.238190,0,0,0
1768843571.416034,2099,497.664573,0.237096,0,0,0
1768843571.516008,2141,503.987443,0.235398,0,0,0
1768843571.615982,1909,447.612585,0.234475,0,0,0
1768843571.719609,2155,497.570889,0.230891,0,0,0
1768843571.815922,2112,474.716178,0.224771,0,0,0
1768843571.915605,2177,485.796605,0.223150,0,0,0
1768843572.016039,2073,481.890607,0.232460,0,0,0
1768843572.115957,2054,469.500267,0.228579,0,0,0
1768843572.216056,2045,495.604003,0.242349,0,0,0
1768843572.316687,1839,451.820070,0.245688,0,0,0
1768843572.416011,1700,428.056877,0.251798,0,0,0
1768843572.515885,1694,426.365135,0.251691,0,0,0
1768843572.615690,2120,468.926952,0.221192,0,0,0
1768843572.717132,2173,495.683823,0.228110,0,0,0
1768843572.916152,2072,482.346882,0.232793,0,0,0
1768843573.116081,2042,477.287122,0.233735,0,0,0
1768843573.216039,1905,437.245945,0.229525,0,0,0
1768843573.416365,1940,433.252850,0.223326,0,0,0
1768843573.517002,1945,460.727762,0.236878,0,0,0
1768843573.615901,1794,420.972645,0.234656,0,0,0
1768843573.715977,1654,388.735783,0.235028,0,0,0
1768843573.816190,1858,453.469574,0.244063,0,0,0
1768843573.915863,1844,443.739840,0.240640,0,0,0
1768843574.016032,1899,447.806444,0.235812,0,0,0
1768843574.116119,1885,446.140192,0.236679,0,0,0
1768843574.216146,1932,440.884396,0.228201,0,0,0
1768843574.316165,1917,422.214815,0.220248,0,0,0
1768843574.416014,1931,439.767922,0.227741,0,0,0
1768843574.515958,1744,388.751527,0.222908,0,0,0
1768843574.615964,1835,436.473443,0.237860,0,0,0
1768843574.717348,1843,410.979355,0.222995,0,0,0
1768843574.816026,1833,430.931268,0.235096,0,0,0
1768843574.914909,1638,387.588260,0.236623,0,0,0
1768843575.015976,1570,377.581264,0.240498,0,0,0
1768843575.115962,1566,377.886313,0.241307,0,0,0
1768843575.216008,1891,396.814051,0.209843,0,0,0
1768843575.315979,1844,409.004889,0.221803,0,0,0
1768843575.416019,1801,374.336787,0.207849,0,0,0
1768843575.516041,1747,367.563279,0.210397,0,0,0
1768843575.615983,1761,353.553814,0.200769,0,0,0
1768843575.716043,1729,367.073881,0.212304,0,0,0
1768843575.815953,1771,373.607199,0.210958,0,0,0
1768843575.915933,1723,367.312028,0.213182,0,0,0
1768843576.015980,1708,366.948455,0.214841,0,0,0
1768843576.115991,1728,379.304647,0.219505,0,0,0
1768843576.215961,1693,377.264119,0.222838,0,0,0
1768843576.317525,1696,380.331113,0.224252,0,0,0
1768843576.415864,1708,392.328670,0.229701,0,0,0
1768843576.516034,1588,362.318271,0.228160,0,0,0
1768843576.616386,1742,382.492792,0.219571,0,0,0
1768843576.716014,1753,374.495665,0.213631,0,0,0
1768843576.815959,1768,364.559698,0.206199,0,0,0
1768843576.915993,1767,361.883428,0.204801,0,0,0
1768843577.017239,1634,324.550436,0.198623,0,0,0
1768843577.115958,1711,374.081624,0.218633,0,0,0
1768843577.215974,1671,370.746477,0.221871,0,0,0
1768843577.315946,1505,324.819923,0.215827,0,0,0
1768843577.415947,1744,386.030863,0.221348,0,0,0
1768843577.515847,1757,388.028118,0.220847,0,0,0
1768843577.615878,1589,348.407249,0.219262,0,0,0
1768843577.716035,1498,329.225959,0.219777,0,0,0
1768843577.819172,1813,361.718769,0.199514,0,0,0
1768843577.915864,1781,350.337022,0.196708,0,0,0
1768843578.115985,1799,393.762829,0.218879,0,0,0
1768843578.215959,1805,375.989403,0.208304,0,0,0
1768843578.316090,1818,396.081230,0.217866,0,0,0
1768843578.418103,1676,363.129082,0.216664,0,0,0
1768843578.515938,1875,419.793126,0.223890,0,0,0
1768843578.617751,1770,394.993858,0.223160,0,0,0
1768843578.716274,1876,435.447712,0.232115,0,0,0
1768843578.915892,1788,409.938241,0.229272,0,0,0
1768843579.015975,1772,398.146153,0.224687,0,0,0
1768843579.115939,1760,385.600424,0.219091,0,0,0
1768843579.217413,1770,370.869079,0.209531,0,0,0
1768843579.315845,1749,356.246833,0.203686,0,0,0
1768843579.415954,1771,375.433930,0.211990,0,0,0
1768843579.515974,1734,360.310466,0.207792,0,0,0
1768843579.615962,1682,353.833723,0.210365,0,0,0
1768843579.715809,1697,367.729033,0.216694,0,0,0
1768843579.815962,1690,379.335596,0.224459,0,0,0
1768843579.915918,1579,353.083124,0.223612,0,0,0
1768843580.016332,1715,375.112303,0.218724,0,0,0
1768843580.116310,1704,375.301612,0.220247,0,0,0
1768843580.215794,1789,364.349706,0.203661,0,0,0
1768843580.315837,1723,378.040110,0.219408,0,0,0
1768843580.415986,1742,364.754462,0.209388,0,0,0
1768843580.516025,1629,353.007326,0.216702,0,0,0
1768843580.618425,1716,350.342618,0.204162,0,0,0
1768843580.716480,1693,366.660320,0.216574,0,0,0
1768843580.816194,1483,320.475759,0.216100,0,0,0
1768843580.915828,1701,363.582935,0.213747,0,0,0
1768843581.015800,1703,362.662586,0.212955,0,0,0
1768843581.116041,1614,337.359637,0.209021,0,0,0
1768843581.216139,1663,361.439970,0.217342,0,0,0
1768843581.316061,1591,342.019660,0.214972,0,0,0
1768843581.415971,1647,368.759480,0.223898,0,0,0
1768843581.616285,1700,382.228842,0.224840,0,0,0
1768843581.716140,1696,364.928974,0.215170,0,0,0
1768843581.817526,1560,333.807859,0.213979,0,0,0
1768843581.915834,1696,345.950661,0.203980,0,0,0
1768843582.115932,1593,322.937666,0.202723,0,0,0
1768843582.215984,1671,370.788195,0.221896,0,0,0
1768843582.317917,1680,356.761163,0.212358,0,0,0
1768843582.415779,1665,380.559635,0.228564,0,0,0
1768843582.515879,1702,378.684174,0.222494,0,0,0
1768843582.615836,1540,340.326801,0.220991,0,0,0
1768843582.915882,1750,376.816800,0.215324,0,0,0
1768843583.015906,1730,370.462833,0.214140,0,0,0
1768843583.116350,1718,377.409551,0.219680,0,0,0
1768843583.216022,1721,365.590746,0.212429,0,0,0
1768843583.315968,1725,374.822252,0.217288,0,0,0
1768843583.415914,1572,340.225961,0.216429,0,0,0
1768843583.517362,1717,365.735635,0.213009,0,0,0
1768843583.615892,1680,356.038693,0.211928,0,0,0
1768843583.715945,1724,375.316922,0.217701,0,0,0
1768843583.815837,1674,367.327306,0.219431,0,0,0
1768843583.915939,1689,371.324850,0.219849,0,0,0
1768843584.015766,1684,371.484045,0.220596,0,0,0
1768843584.115853,1692,369.909688,0.218623,0,0,0
1768843584.215846,1722,364.367745,0.211596,0,0,0
1768843584.315809,1726,372.240935,0.215667,0,0,0
1768843584.415916,1755,378.619085,0.215737,0,0,0
1768843584.515898,1723,349.811957,0.203025,0,0,0
1768843584.615974,1717,361.020107,0.210262,0,0,0
1768843584.715940,1564,324.163676,0.207266,0,0,0
1768843584.815838,1678,366.262614,0.218273,0,0,0
1768843584.917584,1612,353.472776,0.219276,0,0,0
1768843585.015800,1504,327.463525,0.217728,0,0,0
1768843585.115822,1678,359.187184,0.214057,0,0,0
1768843585.218450,1574,333.093359,0.211622,0,0,0
1768843585.316624,1440,314.071219,0.218105,0,0,0
1768843585.415764,1710,342.761835,0.200446,0,0,0
1768843585.516369,1616,342.726020,0.212083,0,0,0
1768843585.615852,1579,309.470338,0.195991,0,0,0
1768843585.717137,1489,287.156386,0.192852,0,0,0
1768843585.815909,1543,321.884209,0.208609,0,0,0
1768843585.915809,1524,323.698709,0.212401,0,0,0
1768843586.015752,1346,287.536843,0.213623,0,0,0
1768843586.215814,1559,335.300112,0.215074,0,0,0
1768843586.315751,1538,336.082488,0.218519,0,0,0
1768843586.415803,1442,314.871537,0.218358,0,0,0
1768843586.515912,1316,293.964905,0.223378,0,0,0
1768843586.615823,1311,293.287505,0.223713,0,0,0
1768843586.715893,1620,343.280712,0.211902,0,0,0
1768843586.816032,1655,358.398147,0.216555,0,0,0
1768843586.916363,1621,331.989078,0.204805,0,0,0
1768843587.016961,1699,388.779158,0.228828,0,0,0
1768843587.116536,1735,352.141024,0.202963,0,0,0
1768843587.216014,1741,382.811304,0.219880,0,0,0
1768843587.315879,1639,364.630798,0.222472,0,0,0
1768843587.415927,1475,328.487147,0.222703,0,0,0
1768843587.515810,1832,416.117428,0.227138,0,0,0
1768843587.615982,1839,404.987223,0.220221,0,0,0
1768843587.717900,1786,384.232102,0.215136,0,0,0
1768843587.815761,1865,392.973559,0.210710,0,0,0
1768843587.916035,1877,412.276213,0.219646,0,0,0
1768843588.015793,1810,380.941097,0.210465,0,0,0
1768843588.115761,1833,401.717469,0.219158,0,0,0
1768843588.215698,1805,392.800957,0.217618,0,0,0
1768843588.315849,1619,347.833816,0.214845,0,0,0
1768843588.418483,1775,383.276208,0.215930,0,0,0
1768843588.515680,1812,406.720928,0.224460,0,0,0
1768843588.615794,1774,386.181767,0.217690,0,0,0
1768843588.715822,1621,351.009344,0.216539,0,0,0
1768843588.815784,1799,407.144605,0.226317,0,0,0
1768843588.915876,1787,400.670728,0.224214,0,0,0
1768843589.017218,1778,408.533233,0.229771,0,0,0
1768843589.115855,1599,367.599565,0.229893,0,0,0
1768843589.215804,1841,404.301188,0.219610,0,0,0
1768843589.319080,1773,391.926452,0.221053,0,0,0
1768843589.416008,1547,342.404934,0.221335,0,0,0
1768843589.515983,1815,379.885776,0.209303,0,0,0
1768843589.615737,1765,365.750828,0.207224,0,0,0
1768843589.716515,1763,375.683939,0.213094,0,0,0
1768843589.815745,1696,359.514408,0.211978,0,0,0
1768843589.915757,1729,400.498798,0.231636,0,0,0
1768843590.015900,1756,396.368566,0.225722,0,0,0
1768843590.116103,1802,398.695796,0.221252,0,0,0
1768843590.215713,1610,356.666100,0.221532,0,0,0
1768843590.317278,1859,397.315425,0.213725,0,0,0
1768843590.415796,1852,403.100353,0.217657,0,0,0
1768843590.515762,1798,398.934033,0.221877,0,0,0
1768843590.615877,1639,363.300454,0.221660,0,0,0
1768843590.715876,1768,405.668492,0.229451,0,0,0
1768843590.915978,1789,400.612556,0.223931,0,0,0
1768843591.018914,1790,398.436889,0.222590,0,0,0
1768843591.215885,1802,395.585310,0.219526,0,0,0
1768843591.316286,1682,372.451833,0.221434,0,0,0
1768843591.417247,1785,404.508436,0.226615,0,0,0
1768843591.515953,1725,396.855624,0.230061,0,0,0
1768843591.615706,1750,404.520890,0.231155,0,0,0
1768843591.717317,1673,392.942820,0.234873,0,0,0
1768843591.815768,1816,399.171204,0.219808,0,0,0
1768843591.915698,1792,382.780882,0.213605,0,0,0
1768843592.015924,1803,399.273450,0.221450,0,0,0
1768843592.115704,1776,384.956514,0.216755,0,0,0
1768843592.215818,1686,360.981507,0.214105,0,0,0
1768843592.315706,1523,333.064588,0.218690,0,0,0
1768843592.415771,1728,404.564054,0.234123,0,0,0
1768843592.515713,1772,409.901626,0.231321,0,0,0
1768843592.616689,1782,406.675929,0.228213,0,0,0
