relative_time,raw_point_count,blind_rejected,front_rejected,front_raw_count,back_raw_count,feats_undistort_size,feats_down_size,eff_feat_num_first,eff_feat_num_last,front_effL,back_effL,front_undist,back_undist,front_down,back_down,front_range_med,back_range_med,t_lambda_min,r_lambda_min,imu_dt_max_ms,imu_count,imu_degraded,lidar_weak_rotation,combined_risk,near_wall,total_time,match_time,solve_time,map_incre_time,kf_update_time,deskew_enable,current_voxel_size
0.000000000,20064,3216,0,12088,7976,nan,nan,nan,nan,nan,nan,nan,nan,nan,nan,nan,nan,nan,nan,nan,nan,nan,nan,nan,nan,0.010834017,nan,nan,nan,nan,0,nan
0.100110292,19968,3044,0,12000,7968,0,nan,nan,nan,nan,nan,nan,nan,nan,nan,nan,nan,nan,nan,8.145332336,21,0.000000000,nan,nan,nan,0.072881987,nan,nan,nan,nan,0,nan
0.200039387,20064,3261,0,12148,7916,16799,5271,nan,nan,nan,nan,8947,7852,3331,1940,2.483530569,1.803204944,nan,nan,7.922887802,19,0.000000000,nan,nan,0.000000000,2.783146978,nan,nan,nan,nan,0,0.100000000
0.300034523,19968,3188,0,12000,7968,16776,5284,5257,5257,3256,2001,8877,7899,3274,2010,2.475144609,1.864219349,1468.531430130,4912.306325947,7.870197296,22,0.000000000,nan,nan,0.000000000,40.890798031,24.715488078,0.539939036,3.933704982,26.637500967,0,0.100000000
0.400910378,20064,3227,0,11983,8081,16833,5209,4564,4578,2848,1730,8823,8010,3234,1975,2.491915301,1.792369272,1089.257274679,4748.506234320,7.315158844,18,0.000000000,nan,nan,0.000000000,26.535123005,17.297193001,0.624210923,1.374982996,19.384722982,0,0.100000000
0.500086308,19968,3275,0,12018,7950,16689,5185,3954,3948,2398,1550,8811,7878,3194,1991,2.479140737,1.833312286,896.607234460,4275.456947901,9.237766266,22,0.000000000,nan,nan,0.000000000,32.189791964,21.573360020,0.580193941,0.704937032,23.562948976,0,0.100000000
0.600385427,20064,3306,0,12043,8021,16754,5310,3975,3971,2464,1507,8811,7943,3334,1976,2.481367583,1.825072917,885.738533228,4275.590331948,7.504940033,18,0.000000000,nan,nan,0.000000000,30.482798000,24.133726023,0.512367929,0.553741003,25.991168979,0,0.100000000
0.700232506,19968,3348,0,12085,7883,16616,5276,3861,3871,2396,1475,8801,7815,3340,1936,2.484101891,1.818750468,880.328121937,4336.822791932,7.988452911,22,0.000000000,nan,nan,0.000000000,26.820085011,18.950269965,0.539137051,0.516440952,20.768518036,0,0.100000000
0.799988508,19968,3214,0,12049,7919,16750,5315,3722,3717,2314,1403,8907,7843,3383,1932,2.490995087,1.776614988,845.330009246,3850.020418555,5.773305893,20,0.000000000,nan,nan,0.000000000,32.982325007,22.891592002,0.426938990,0.439341005,24.309640983,0,0.100000000
0.902547359,19680,3322,0,11986,7694,16354,5280,3623,3627,2204,1423,8727,7627,3366,1914,2.531835316,1.767251755,854.727076467,3693.183264923,5.585670471,6,0.000000000,nan,nan,0.000000000,18.842280027,15.194724081,0.437440060,0.431527966,16.686499002,0,0.100000000
1.000422716,20448,3191,0,12469,7979,17253,5370,3545,3557,2187,1370,9346,7907,3463,1907,2.435314155,1.792143376,850.089584845,3360.988627334,8.004426956,33,0.000000000,nan,nan,0.000000000,32.406840008,23.281516973,0.414417009,0.331778021,24.774995982,0,0.100000000
1.101619959,20064,3469,0,12273,7791,16591,5198,3394,3391,2087,1304,8872,7719,3340,1858,2.505903453,1.754862119,828.387081048,3412.934321814,6.994009018,18,0.000000000,nan,nan,0.000000000,30.414433975,20.354120061,0.436122937,0.410700042,21.917209961,0,0.100000000
1.199991941,19776,2827,0,11873,7903,16945,5282,3251,3248,1985,1263,9113,7832,3420,1862,2.469233221,1.778414776,770.641182041,2952.387702935,6.553649902,21,0.000000000,nan,nan,0.000000000,30.968620966,22.382902971,0.501435949,0.326518028,23.971723975,0,0.100000000
1.300049305,20256,3460,0,12437,7819,16792,5205,3208,3201,1950,1251,9043,7749,3332,1873,2.469922279,1.777145215,714.092256600,3044.258244768,7.626533508,14,0.000000000,nan,nan,0.000000000,36.106018000,27.773942973,0.594393001,0.324721041,29.881659022,0,0.100000000
1.401369333,19488,2734,0,11628,7860,16750,5245,3248,3256,1966,1290,8961,7789,3341,1904,2.503177757,1.787060719,747.653682879,3030.878132396,7.523536682,27,0.000000000,nan,nan,0.000000000,31.269725994,21.708855056,0.377613003,0.535970961,23.007907963,0,0.100000000
1.499990702,20160,3453,0,12585,7575,16703,5257,3172,3155,1944,1211,9198,7505,3413,1844,2.443454931,1.777331419,713.754372157,3036.777539768,7.610082626,15,0.000000000,nan,nan,0.000000000,23.335754988,14.034581021,0.392852002,0.299161999,15.375946998,0,0.100000000
1.601261616,19680,3259,0,11825,7855,16417,5203,3156,3164,1884,1280,8632,7785,3256,1947,2.567088181,1.774155824,749.916494261,3003.676685521,6.127834320,11,0.000000000,nan,nan,0.000000000,27.400306019,21.431164059,0.436194066,0.306394999,22.933294007,0,0.100000000
1.700849295,19872,3513,0,12390,7482,16355,5199,3160,3147,1952,1195,8938,7417,3347,1852,2.487974052,1.752524507,736.994527896,3202.190973707,8.502483368,17,0.000000000,nan,nan,0.000000000,21.666674991,14.865448000,0.368761015,0.279379019,16.185734014,0,0.100000000
1.800637484,20352,3303,0,12226,8126,17045,5263,3152,3154,1962,1192,8991,8054,3314,1949,2.472474258,1.712506374,727.312098001,3149.279375698,7.600069046,31,0.000000000,nan,nan,0.000000000,27.924728987,19.086504006,0.399646990,0.278115971,20.549516019,0,0.100000000
1.900053024,20064,3627,0,12475,7589,16433,5259,3188,3188,1991,1197,8919,7514,3347,1912,2.465557639,1.762405107,713.814313230,3280.880501397,6.958484650,25,0.000000000,nan,nan,0.000000000,31.878412992,22.521632956,0.401804922,0.277854037,23.753550020,0,0.100000000
1.999957800,19968,3481,0,12214,7754,16483,5218,3199,3208,1968,1240,8804,7679,3315,1903,2.486936889,1.754104592,746.521367554,3398.288657515,6.593465805,22,0.000000000,nan,nan,0.000000000,47.042968974,36.455868045,0.868644973,0.251838996,39.079955954,0,0.100000000
2.099967957,20064,3696,0,12620,7444,16364,5123,3160,3155,1951,1204,8989,7375,3244,1879,2.451054592,1.783892687,727.311072300,3243.345881674,8.603096008,18,0.000000000,nan,nan,0.000000000,29.774299997,21.667074005,0.388757966,0.258028973,22.944145021,0,0.100000000
2.200129509,20064,3484,0,12406,7658,16576,5196,3168,3173,1964,1209,8989,7587,3328,1868,2.491492068,1.754239120,767.044401223,3402.055721046,6.128072739,20,0.000000000,nan,nan,0.000000000,32.860574021,25.685188011,0.398432021,0.272538979,26.976688998,0,0.100000000
2.300925493,19968,3615,0,12491,7477,16349,5242,3224,3230,1996,1234,8935,7414,3337,1905,2.483169433,1.810095037,796.486167657,3253.416242115,9.230852127,22,0.000000000,nan,nan,0.000000000,27.055726969,19.271280034,0.451895932,0.249870995,20.968154015,0,0.100000000
2.399963617,19872,3586,0,12303,7569,16282,5192,3228,3230,1976,1254,8783,7499,3311,1881,2.468300837,1.797403678,724.748636991,3449.004668291,nan,1,nan,nan,nan,0.000000000,17.781128990,14.666839968,0.389102031,0.328778056,15.861737018,0,0.100000000
2.501620054,19968,3653,0,12515,7453,16311,5212,3089,3085,1875,1210,8919,7392,3344,1868,2.467588866,1.866799131,726.183847582,3080.206818904,7.814884186,39,0.000000000,nan,nan,0.000000000,36.360797007,26.388138940,0.452110020,0.280398992,27.910467004,0,0.100000000
2.601190567,20352,3880,0,12700,7652,16468,5218,3069,3077,1834,1243,8935,7533,3317,1901,2.455351970,1.823272056,685.080580603,3120.610286610,8.062601089,13,0.000000000,nan,nan,0.000000000,29.414237011,21.709055058,0.353704963,0.268327014,22.879762051,0,0.100000000
2.699981213,19872,3913,0,12494,7378,15955,5126,3007,3009,1823,1186,8795,7160,3289,1837,2.485248683,1.921570278,710.664156959,3028.653399397,8.623600006,17,0.000000000,nan,nan,0.000000000,31.610053964,21.330703923,0.308893912,0.259521999,22.284802981,0,0.100000000
2.800055504,20064,3903,0,12651,7413,16157,5119,3007,3011,1783,1228,8953,7204,3245,1874,2.430873327,1.850736435,704.245021282,2979.351811905,8.236885071,28,0.000000000,nan,nan,0.000000000,37.178218015,28.748090961,0.613486103,0.235112035,30.771864986,0,0.100000000
2.899995804,19488,3774,0,12360,7128,15710,5027,3015,3007,1817,1190,8742,6968,3235,1792,2.466232651,1.837042997,714.773046424,3070.258532253,7.907390594,16,0.000000000,nan,nan,0.000000000,36.453207023,27.235263027,0.392288086,0.235281012,28.535086021,0,0.100000000
2.998002052,20544,3921,0,12972,7572,16619,5130,3062,3066,1821,1245,9212,7407,3305,1825,2.414851917,1.812493910,708.344576434,3225.491710136,8.210659027,15,0.000000000,nan,nan,0.000000000,32.544830989,23.581433052,0.361898041,0.217435008,24.759484979,0,0.100000000
3.100041151,19968,3985,0,12633,7335,15979,5069,3079,3076,1874,1202,8799,7180,3270,1799,2.482607119,1.744979453,722.828390943,3161.301737318,9.222030640,30,0.000000000,nan,nan,0.000000000,25.603537040,18.864864018,0.368189940,0.253632024,19.994707021,0,0.100000000
3.200064182,19968,3938,0,12779,7189,16026,5178,3101,3102,1908,1194,9050,6976,3401,1777,2.443060865,1.766114500,726.956939478,3193.286028596,6.145238876,20,0.000000000,nan,nan,0.000000000,37.343350996,28.065772029,0.381816004,0.254490005,29.329098994,0,0.100000000
3.300026894,19968,4089,0,12771,7197,15875,5220,3112,3125,1918,1207,8843,7032,3370,1850,2.479663853,1.676391993,755.552188457,3306.452215104,8.183240891,20,0.000000000,nan,nan,0.000000000,32.536231971,25.431877002,0.510083977,0.259049004,27.094544028,0,0.100000000
3.399940491,20064,3974,0,12807,7257,16086,5199,3112,3122,1929,1193,9002,7084,3416,1783,2.437364645,1.728182134,754.059895610,3175.740390666,8.662700653,19,0.000000000,nan,nan,0.000000000,33.977283980,26.558116020,0.396231946,0.278731051,27.960920008,0,0.100000000
3.500127792,19968,4185,0,12755,7213,15779,5215,3128,3133,1919,1214,8770,7009,3382,1833,2.453674059,1.734106702,767.359141016,3297.906563927,10.844707489,21,0.000000000,nan,nan,0.000000000,39.228051028,29.818523035,0.593585952,0.229922007,31.772956019,0,0.100000000
3.600119352,20064,4210,0,12809,7255,15850,5212,3130,3121,1926,1195,8863,6987,3406,1806,2.430933345,1.811420707,780.162206699,3206.073905258,7.737159729,10,0.000000000,nan,nan,0.000000000,18.636017980,14.390130993,0.398132019,0.242833979,15.740705014,0,0.100000000
3.700033426,19968,4152,0,12786,7182,15812,5142,3047,3050,1877,1173,8814,6998,3357,1785,2.446043022,1.685970228,773.127423029,3033.083757240,7.047176361,30,0.000000000,nan,nan,0.000000000,37.999560009,28.056084004,0.607366965,0.226854987,29.963781009,0,0.100000000
3.799947500,20064,4100,0,12861,7203,15960,5115,3003,3008,1876,1132,8918,7042,3352,1763,2.439403468,1.727325415,748.987051010,2971.779370327,6.110668182,19,0.000000000,nan,nan,0.000000000,27.390588017,18.548223015,0.476546993,0.364876003,20.139617031,0,0.100000000
3.900068521,19968,4040,0,12811,7157,15924,5154,3062,3071,1859,1212,8896,7028,3339,1815,2.443582990,1.687739190,767.493599617,3043.991194329,5.846500397,21,0.000000000,nan,nan,0.000000000,21.761112032,13.351086003,0.345447101,0.219387992,14.507188986,0,0.100000000
4.000002861,19968,4100,0,12843,7125,15864,5083,2951,2953,1802,1151,8889,6975,3286,1797,2.453183660,1.734153716,753.261126182,2985.271167646,8.304595947,20,0.000000000,nan,nan,0.000000000,22.658868984,13.814135920,0.384444895,0.341233041,15.030061011,0,0.100000000
4.100062847,20064,4120,0,12966,7098,15940,5200,3125,3130,1927,1203,9007,6933,3374,1826,2.469164060,1.737553708,762.412110299,3226.768371285,6.703138351,18,0.000000000,nan,nan,0.000000000,21.820535010,14.430112031,0.374957046,0.257693988,15.603797976,0,0.100000000
4.200068951,19968,4192,0,12872,7096,15772,5175,3011,3017,1847,1170,8878,6894,3328,1847,2.450926029,1.812315751,733.882381412,3113.064678132,7.095336914,22,0.000000000,nan,nan,0.000000000,32.024785993,23.234839027,0.339719933,0.230928999,24.393751984,0,0.100000000
4.300074100,19968,4177,0,12761,7207,15787,5219,3077,3083,1860,1223,8845,6942,3335,1884,2.437023570,1.784359133,732.261618132,3185.416532083,6.210088730,20,0.000000000,nan,nan,0.000000000,25.944377005,17.331957002,0.329774979,0.205480959,18.428059993,0,0.100000000
4.399915695,19968,4389,0,12812,7156,15575,5200,3015,3009,1816,1193,8749,6826,3300,1900,2.463364563,1.875628933,713.149376978,3153.853131553,7.880449295,20,0.000000000,nan,nan,0.000000000,32.249785028,22.782042972,0.353345007,0.231075042,23.995516007,0,0.100000000
4.499990225,19968,4403,0,12880,7088,15561,5080,2929,2922,1795,1127,8936,6625,3259,1821,2.434091678,1.806556117,721.813742881,2950.622702986,6.756067276,20,0.000000000,nan,nan,0.000000000,36.580509041,27.380173968,0.645286054,0.473951979,29.383945977,0,0.100000000
4.600023985,20064,4823,0,12960,7104,15237,5015,2911,2908,1779,1129,8752,6485,3207,1808,2.469091328,1.833231262,717.679732062,3055.286884194,11.867761612,19,0.000000000,nan,nan,0.000000000,27.752559981,21.253744024,0.410643057,0.217452005,22.564845043,0,0.100000000
4.700087786,20064,4982,0,13293,6771,15078,4921,2882,2885,1865,1020,9039,6039,3290,1631,2.440284888,1.978965401,691.915534875,2934.212548322,6.488561630,20,0.000000000,nan,nan,0.000000000,30.653985043,21.453787049,0.341397012,0.224785006,22.575943032,0,0.100000000
4.799923420,19968,5229,0,13299,6669,14735,4829,2819,2819,1823,996,8821,5914,3265,1564,2.462199976,1.835524472,702.608218656,2953.752968376,8.986711502,21,0.000000000,nan,nan,0.000000000,36.546479969,27.846096898,0.413499016,0.294116035,29.194873990,0,0.100000000
4.899961233,19968,4972,0,13173,6795,14992,4936,2885,2885,1882,1003,9050,5942,3339,1597,2.432077635,2.003311276,691.988261786,3010.729485673,6.000041962,20,0.000000000,nan,nan,0.000000000,38.056293037,29.451610986,0.499575981,0.190187013,31.132143980,0,0.100000000
5.000061750,19584,5305,0,13034,6550,14275,4779,2802,2797,1823,974,8557,5718,3251,1528,2.527556524,1.805454594,695.162505750,2730.859284140,5.832910538,8,0.000000000,nan,nan,0.000000000,14.879955968,12.284088007,0.311890035,0.183008029,13.300699007,0,0.100000000
5.101215839,20448,5161,0,13649,6799,15283,5056,2875,2872,1923,949,9406,5877,3499,1557,2.455976246,2.073728276,722.042078318,2858.172009879,6.366252899,24,0.000000000,nan,nan,0.000000000,33.044390962,23.237705056,0.363806961,0.195458997,24.519981991,0,0.100000000
5.200212002,19968,5419,0,13407,6561,14545,4823,2784,2786,1789,997,8864,5681,3308,1515,2.475300041,1.893528121,654.387889007,3033.761300857,7.241487503,29,0.000000000,nan,nan,0.000000000,29.245709011,20.459498046,0.328746100,0.200085982,21.588993026,0,0.100000000
5.299951553,19968,5262,0,13262,6706,14702,4823,2754,2740,1784,956,8916,5786,3310,1513,2.469003486,1.930669514,666.856809919,3025.608657021,6.367206573,20,0.000000000,nan,nan,0.000000000,32.002441993,22.769153060,0.358272984,0.195926987,23.933927005,0,0.100000000
5.400121450,20064,5491,0,13379,6685,14569,4815,2765,2760,1788,972,8814,5755,3286,1529,2.496233855,1.789370823,664.943821159,3121.512745493,6.461858749,18,0.000000000,nan,nan,0.000000000,33.004681987,25.144480984,0.563068024,0.260328990,26.925011014,0,0.100000000
5.499936819,19968,5264,0,13269,6699,14700,4784,2729,2736,1755,981,8857,5843,3195,1589,2.488820812,1.918306796,659.879959418,3140.027305640,7.471799850,22,0.000000000,nan,nan,0.000000000,29.929948039,21.427993081,0.400932971,0.210672035,22.819784994,0,0.100000000
5.600218534,19776,5282,0,13259,6517,14490,4833,2817,2812,1845,967,8823,5667,3297,1536,2.486144263,1.810372387,646.817772575,3128.334725482,6.986379623,4,0.000000000,nan,nan,0.000000000,13.895603013,11.430701939,0.240677968,0.184673991,12.211121037,0,0.100000000
5.699338675,20256,5397,0,13360,6896,14855,4976,2858,2856,1851,1005,8824,6031,3325,1651,2.494620141,1.979529263,683.349679033,3263.347731476,6.597518921,22,0.000000000,nan,nan,0.000000000,30.965098995,21.433374903,0.340010971,0.211214006,22.543250001,0,0.100000000
5.800634623,20160,5321,0,13551,6609,14835,4996,2929,2928,1930,998,9091,5744,3421,1575,2.463528597,1.833968658,682.562396066,3125.231364258,10.338544846,30,0.000000000,nan,nan,0.000000000,21.070745017,13.721796102,0.335493009,0.196909998,14.820098993,0,0.100000000
5.900857687,19872,5343,0,13302,6570,14525,4939,2841,2840,1834,1006,8761,5764,3342,1597,2.516102166,1.857842715,678.730033551,3154.915512284,7.629871368,6,0.000000000,nan,nan,0.000000000,20.950556966,17.660694022,0.361008046,0.222929986,18.909873965,0,0.100000000
6.000058889,19872,4805,0,13059,6813,15063,5041,2917,2912,1897,1015,8999,6064,3403,1638,2.488537951,1.796359957,706.830560213,2919.641882330,6.280899048,20,0.000000000,nan,nan,0.000000000,36.242287955,27.932205994,0.423235993,0.226098055,29.247431026,0,0.100000000
6.098871469,20256,4962,0,13319,6937,15290,5024,2830,2825,1800,1025,8985,6305,3349,1675,2.491994366,1.752429392,696.225711711,2909.873159885,6.924867630,33,0.000000000,nan,nan,0.000000000,28.122425021,19.689336943,0.453778019,0.269025040,21.138697048,0,0.100000000
6.200334787,20064,4454,0,12990,7074,15606,5152,2923,2922,1880,1042,9137,6469,3417,1735,2.460294568,1.786708968,723.567534348,2799.581695826,8.389472961,22,0.000000000,nan,nan,0.000000000,32.536495011,24.514889985,0.342279032,0.238287961,25.623248017,0,0.100000000
6.300933599,19872,4196,0,12736,7136,15672,5103,2875,2878,1808,1070,9030,6642,3372,1731,2.478742849,1.731797160,704.595239167,2840.171099837,6.341218948,20,0.000000000,nan,nan,0.000000000,31.807418040,23.499829054,0.347688096,0.192962994,24.631683016,0,0.100000000
6.400092602,19968,3820,0,12567,7401,16144,5204,2971,2969,1876,1093,9089,7055,3387,1817,2.478416383,1.718448705,725.310862424,2883.626754960,6.459712982,15,0.000000000,nan,nan,0.000000000,33.047995996,23.375249992,0.336647034,0.204559998,24.548588961,0,0.100000000
6.500363827,19872,3916,0,12705,7167,15952,5133,2929,2924,1812,1112,9070,6882,3357,1776,2.466905568,1.713432210,703.927150911,2935.869018038,9.537696838,22,0.000000000,nan,nan,0.000000000,30.766754993,21.734473994,0.360126025,0.210273021,22.944662953,0,0.100000000
6.599962711,19872,3813,0,12358,7514,16055,5176,2965,2958,1809,1149,8771,7284,3282,1894,2.544819369,1.711015301,730.609171227,2980.468646917,6.972551346,20,0.000000000,nan,nan,0.000000000,30.903556035,22.516842990,0.309706957,0.205715012,23.583995993,0,0.100000000
6.699938536,20160,4177,0,12909,7251,15979,5180,2994,2989,1806,1183,8957,7022,3342,1838,2.489432272,1.760736017,724.150948877,3044.161757544,7.499456406,15,0.000000000,nan,nan,0.000000000,35.355194006,28.626059997,0.517311913,0.214335974,30.347599008,0,0.100000000
6.800062180,19872,3803,0,12441,7431,16065,5181,2982,2977,1805,1172,8829,7236,3282,1899,2.494230276,1.766621006,702.970346898,3084.529078598,6.277799606,12,0.000000000,nan,nan,0.000000000,28.782063979,20.038524934,0.339875056,0.207995996,21.171955974,0,0.100000000
6.899878740,20160,4044,0,12834,7326,16112,5175,2993,2991,1821,1170,9001,7111,3320,1855,2.455036254,1.841735593,698.479712624,3133.696778100,10.805606842,35,0.000000000,nan,nan,0.000000000,33.333536005,23.997934069,0.413133996,0.234091014,25.331871002,0,0.100000000
6.999973297,19872,3816,0,12429,7443,16052,5172,3046,3041,1829,1212,8787,7265,3301,1871,2.498061988,1.755044452,696.522136781,3376.688687743,6.106138229,6,0.000000000,nan,nan,0.000000000,16.398541979,13.508728996,0.364017033,0.212105981,14.650825993,0,0.100000000
7.099865913,19968,3983,0,12741,7227,15981,5133,2956,2956,1772,1184,8930,7051,3259,1874,2.466876164,1.759433458,678.774265163,3202.691445989,7.477760315,38,0.000000000,nan,nan,0.000000000,24.046755978,14.549441985,0.459529052,0.209854974,15.908983012,0,0.100000000
7.200464010,19968,3851,0,12575,7393,16113,5119,2987,2995,1812,1183,8880,7233,3287,1832,2.479154908,1.724192553,706.578859844,3419.874728216,7.642507553,20,0.000000000,nan,nan,0.000000000,19.264989009,13.254479913,0.324700959,0.215696986,14.343929011,0,0.100000000
7.399940014,19776,4019,0,12498,7278,15753,5085,2973,2976,1817,1159,8660,7093,3291,1794,2.475671916,1.734104328,673.548410152,3406.752415363,6.410837173,23,0.000000000,nan,nan,0.000000000,21.078072954,15.259326901,0.353627023,0.198764028,16.406912997,0,0.100000000
7.501577377,20160,3882,0,12726,7434,16274,5175,2982,2970,1837,1133,9025,7249,3344,1831,2.463462294,1.702235550,712.857589770,3090.039670166,8.359670639,34,0.000000000,nan,nan,0.000000000,28.977126989,19.268114003,0.359923928,0.198222988,20.403285976,0,0.100000000
7.600078821,19776,3961,0,12579,7197,15811,5139,2915,2925,1791,1134,8804,7007,3339,1800,2.458855441,1.681985116,701.349192221,3139.077940298,5.672693253,6,0.000000000,nan,nan,0.000000000,19.502402982,16.293731984,0.371839094,0.329512986,17.569570977,0,0.100000000
7.699998379,20160,3928,0,12577,7583,16228,5106,2882,2888,1782,1106,8814,7414,3319,1787,2.481694154,1.674611055,711.742444130,3034.266325590,7.691621780,33,0.000000000,nan,nan,0.000000000,28.349532979,20.369131002,0.363453990,0.191339001,21.490738960,0,0.100000000
7.799936056,20064,3928,0,12717,7347,16132,5092,2892,2891,1718,1173,8917,7215,3252,1840,2.438851240,1.715894194,698.405784009,2998.547393179,8.092880249,23,0.000000000,nan,nan,0.000000000,21.985706990,13.398837007,0.372054987,0.241217029,14.599676011,0,0.100000000
7.900023460,19872,3814,0,12477,7395,16054,5142,2937,2940,1748,1192,8731,7323,3249,1893,2.467653343,1.746612119,721.146062472,3053.375482818,6.773471832,10,0.000000000,nan,nan,0.000000000,41.186754010,31.180185906,0.762209995,0.207972014,33.359731024,0,0.100000000
7.999901056,20160,3638,0,12689,7471,16518,5195,2954,2960,1726,1234,9117,7401,3274,1921,2.425224766,1.797127481,672.724844553,3190.004380895,7.022142410,15,0.000000000,nan,nan,0.000000000,27.422282030,20.783459011,0.347742054,0.304071000,21.907283983,0,0.100000000
8.100021362,19872,3524,0,12158,7714,16344,5179,2997,2997,1762,1235,8698,7646,3252,1927,2.474695840,1.686265716,732.668558080,3226.985618003,7.585048676,17,0.000000000,nan,nan,0.000000000,30.815873004,20.707513962,0.331458927,0.204115000,21.842875984,0,0.100000000
8.199954987,20064,3409,0,12500,7564,16651,5329,3062,3065,1861,1204,9156,7495,3456,1873,2.428209194,1.747384343,695.842713299,3201.443752512,7.634878159,36,0.000000000,nan,nan,0.000000000,33.127515984,23.837171961,0.358122925,0.194975000,24.974730040,0,0.100000000
8.299889326,19968,3484,0,12242,7726,16480,5357,3034,3046,1782,1264,8823,7657,3350,2007,2.486250467,1.665002416,738.804545610,3336.764464971,7.184743881,22,0.000000000,nan,nan,0.000000000,27.997325989,19.020506996,0.341681007,0.195332977,20.106772019,0,0.100000000
8.399991989,19968,3367,0,12339,7629,16597,5396,3145,3133,1863,1270,9036,7561,3434,1962,2.444342414,1.729167777,727.549313424,3328.697674815,8.848667145,20,0.000000000,nan,nan,0.000000000,30.177464010,22.811285977,0.367595057,0.222799019,24.034183007,0,0.100000000
8.499868631,19968,3395,0,12213,7755,16569,5340,3096,3094,1820,1274,8885,7684,3389,1951,2.461375183,1.647832677,733.702661469,3248.128920910,6.938934326,20,0.000000000,nan,nan,0.000000000,22.793260985,14.167678950,0.399576034,0.283836969,15.465060016,0,0.100000000
8.599893093,19776,3367,0,12108,7668,16405,5339,3101,3105,1868,1237,8807,7598,3431,1908,2.422740787,1.710816888,742.517573767,3206.442516452,7.579565048,18,0.000000000,nan,nan,0.000000000,39.506150992,28.611223097,0.668503984,0.530110963,30.822734989,0,0.100000000
8.701689720,20256,3552,0,12370,7886,16700,5319,3041,3049,1810,1239,8883,7817,3371,1948,2.460124272,1.695336215,741.479036765,3104.703187408,7.136106491,17,0.000000000,nan,nan,0.000000000,33.585302008,24.324091966,0.368825858,0.198709953,25.591041951,0,0.100000000
8.800877094,20064,3558,0,12310,7754,16502,5241,3023,3017,1791,1226,8827,7675,3318,1923,2.435023258,1.742350720,757.476393638,2951.519881546,8.488893509,24,0.000000000,nan,nan,0.000000000,32.351395988,23.533721920,0.355881988,0.188356033,24.664174998,0,0.100000000
8.899917841,19968,3426,0,12194,7774,16538,5252,2971,2978,1750,1228,8839,7699,3324,1928,2.451426624,1.691040519,724.859413272,2939.734841553,7.491111755,21,0.000000000,nan,nan,0.000000000,25.488043029,16.963235976,0.331737043,0.198357971,18.131240038,0,0.100000000
9.000043154,19968,3518,0,12353,7615,16446,5206,2884,2891,1733,1158,8904,7542,3291,1915,2.443078685,1.703384417,711.074291237,2978.659384175,9.276151657,20,0.000000000,nan,nan,0.000000000,31.373639998,22.498953971,0.354746997,0.182171992,23.606038012,0,0.100000000
9.099946737,20064,3479,0,12412,7652,16581,5273,2985,2979,1818,1161,8996,7585,3356,1917,2.450110812,1.668557765,710.340673692,3084.599544713,6.921291351,18,0.000000000,nan,nan,0.000000000,21.436668991,13.504676986,0.330899958,0.212982006,14.605659002,0,0.100000000
9.200806618,19968,3547,0,12380,7588,16417,5218,2876,2874,1743,1131,8901,7516,3315,1903,2.461132075,1.690449893,713.567935280,3061.003627191,7.740974426,22,0.000000000,nan,nan,0.000000000,26.238011022,20.359975984,0.449062965,0.187496014,21.778225957,0,0.100000000
9.302478552,20064,3475,0,12429,7635,16585,5270,2969,2966,1790,1176,9020,7565,3337,1933,2.462149883,1.682382253,701.604787245,3120.025078132,7.845401764,19,0.000000000,nan,nan,0.000000000,28.155322012,22.512210940,0.450326013,0.223843032,23.954696022,0,0.100000000
9.400338411,19968,3577,0,12294,7674,16387,5214,2855,2855,1731,1124,8786,7601,3294,1920,2.459800159,1.679702622,700.142300879,3041.236230245,7.401704788,21,0.000000000,nan,nan,0.000000000,28.414235974,21.022798959,0.252355007,0.192381965,21.867789037,0,0.100000000
9.500497341,20064,3433,0,12287,7777,16627,5167,2919,2911,1716,1195,8920,7707,3238,1929,2.431897321,1.702257615,699.406659740,3072.467070854,7.667541504,19,0.000000000,nan,nan,0.000000000,31.144344015,24.072466011,0.335448945,0.185916957,25.165845989,0,0.100000000
9.600096703,19680,3480,0,12185,7495,16196,5114,2823,2823,1696,1127,8772,7424,3233,1881,2.470394244,1.694380858,682.723995336,3001.635343817,6.098270416,7,0.000000000,nan,nan,0.000000000,16.304590972,13.049356989,0.326478970,0.493106025,14.207505970,0,0.100000000
9.701563835,20256,3278,0,12238,8018,16974,5248,2975,2963,1746,1217,9032,7942,3264,1984,2.434951672,1.707422919,680.154100278,3150.293077407,7.383584976,31,0.000000000,nan,nan,0.000000000,28.207828000,21.889452997,0.366677996,0.229473982,23.102165025,0,0.100000000
9.799870968,20064,3544,0,12249,7815,16516,5127,2857,2850,1680,1170,8770,7746,3211,1916,2.479296622,1.674151989,674.806000852,3066.160309411,6.513834000,9,0.000000000,nan,nan,0.000000000,26.606281986,21.584376984,0.741483120,0.209274993,24.028401996,0,0.100000000
9.900011063,19968,3199,0,12201,7767,16765,5276,2972,2976,1781,1195,9064,7701,3321,1955,2.436571289,1.742007141,691.340732698,3239.119702680,8.877038956,35,0.000000000,nan,nan,0.000000000,21.881631983,13.290459057,0.354063988,0.199174974,14.395313046,0,0.100000000
9.999987602,19968,3387,0,12178,7790,16577,5300,2974,2968,1773,1195,8852,7725,3329,1971,2.467831852,1.654812629,731.490961566,2902.900603799,7.243871689,19,0.000000000,nan,nan,0.000000000,35.590769025,26.642518002,0.382348080,0.215487962,27.857315028,0,0.100000000
10.099916458,19968,3239,0,12213,7755,16725,5319,2983,2977,1770,1207,9037,7688,3342,1977,2.470235209,1.750052006,722.282628094,3078.103835739,8.349895477,21,0.000000000,nan,nan,0.000000000,24.867199012,16.783227038,0.329888950,0.213033985,17.895699013,0,0.100000000
10.200040817,20064,3478,0,12369,7695,16582,5249,2999,3013,1812,1201,8950,7632,3335,1914,2.517955418,1.643717642,739.259672638,3198.906926089,6.370544434,18,0.000000000,nan,nan,0.000000000,31.470175949,23.822803923,0.356202072,0.234621984,25.013990002,0,0.100000000
10.299826622,20064,3321,0,12266,7798,16739,5239,2978,2967,1775,1192,9007,7732,3293,1946,2.457853053,1.714656969,691.314558804,3355.272070808,8.813619614,20,0.000000000,nan,nan,0.000000000,32.300642983,27.265416924,0.435297028,0.191439001,28.655675007,0,0.100000000
10.400005341,19872,3434,0,12196,7676,16434,5219,2925,2925,1747,1178,8826,7608,3287,1932,2.495135798,1.646707580,702.347301403,3320.970058857,5.256414413,3,0.000000000,nan,nan,0.000000000,14.910092985,12.274541950,0.249858014,0.195075991,13.139637013,0,0.100000000
10.500182867,19776,3428,0,12139,7637,16344,5154,2900,2898,1688,1210,8779,7565,3176,1978,2.491469837,1.717832044,677.367118985,3432.916336644,8.167266846,22,0.000000000,nan,nan,0.000000000,31.563171011,24.371957988,0.422093959,0.197421992,25.731385977,0,0.100000000
10.601199389,20448,3512,0,12330,8118,16932,5297,3025,3019,1786,1233,8884,8048,3294,2003,2.472572256,1.641860816,713.493454091,3428.104117054,8.863687515,28,0.000000000,nan,nan,0.000000000,26.215375983,19.918922975,0.348303060,0.190540042,21.074677003,0,0.100000000
10.700015545,20064,3491,0,12341,7723,16569,5234,2953,2950,1771,1179,8918,7651,3289,1945,2.467595095,1.721313749,688.859279017,3450.554875855,10.087966919,27,0.000000000,nan,nan,0.000000000,21.720441000,13.253659068,0.327000045,0.192032021,14.329603990,0,0.100000000
10.800853252,19968,3396,0,12257,7711,16568,5384,3066,3064,1854,1210,8927,7641,3397,1987,2.494326829,1.674663508,732.601546433,3257.601746021,6.463527679,22,0.000000000,nan,nan,0.000000000,21.772651991,13.684184058,0.349726004,0.202521042,14.810107998,0,0.100000000
10.899994135,19968,3507,0,12306,7662,16457,5362,3077,3069,1850,1219,8863,7594,3382,1980,2.494349095,1.688368869,741.798752648,3443.974328226,7.396459579,20,0.000000000,nan,nan,0.000000000,20.634467015,13.806769042,0.350512972,0.192901003,14.959070017,0,0.100000000
11.000435591,19968,3270,0,12228,7740,16694,5394,3102,3097,1885,1212,9026,7668,3426,1968,2.490823826,1.685575792,749.154023941,3152.128600759,5.989313126,20,0.000000000,nan,nan,0.000000000,35.445381014,26.104340039,0.398608972,0.213426014,27.445961023,0,0.100000000
11.100410938,20064,3471,0,12301,7763,16589,5327,3035,3038,1836,1202,8896,7693,3361,1966,2.505987323,1.682714810,756.019475102,3233.055998188,5.932569504,18,0.000000000,nan,nan,0.000000000,32.165163022,26.700263959,0.358840916,0.221720024,27.825021010,0,0.100000000
11.201736689,19968,3028,0,12106,7862,16936,5355,3062,3056,1873,1183,9150,7786,3404,1951,2.458209174,1.693422878,736.792607742,3020.592482050,6.161928177,19,0.000000000,nan,nan,0.000000000,23.355914978,15.909765905,0.352899020,0.206794008,17.051438976,0,0.100000000
11.300323963,19776,3034,0,11966,7810,16738,5253,2968,2973,1788,1185,9002,7736,3318,1935,2.486051385,1.679760701,729.715764124,3016.166003639,7.251977921,22,0.000000000,nan,nan,0.000000000,32.600226987,22.521720966,0.343870022,0.200117996,23.654491990,0,0.100000000
11.399889946,19776,3014,0,11833,7943,16758,5241,2954,2953,1798,1155,8889,7869,3290,1951,2.514881009,1.675500205,736.591501676,2892.247239158,2.660989761,2,0.000000000,nan,nan,0.000000000,16.601179028,13.461664028,0.341801962,0.215927023,14.582058997,0,0.100000000
11.500026941,20064,3415,0,12531,7533,16645,5305,3017,3003,1815,1188,9189,7456,3390,1915,2.449896524,1.708299596,747.700009896,3075.505236505,7.610321045,37,0.000000000,nan,nan,0.000000000,31.030948041,21.686481021,0.336450990,0.189218961,22.789675975,0,0.100000000
11.600876331,19872,3142,0,11833,8039,16726,5375,3051,3068,1844,1224,8751,7975,3353,2022,2.535840830,1.693305906,776.910709965,3116.142765647,5.890846252,4,0.000000000,nan,nan,0.000000000,16.993420024,14.021393959,0.359617930,0.239292043,15.173891967,0,0.100000000
11.699830294,20160,3307,0,12375,7785,16849,5427,3093,3089,1835,1254,9117,7732,3409,2018,2.444998579,1.727149869,761.536480645,3248.743671983,7.418394089,34,0.000000000,nan,nan,0.000000000,31.486973981,21.889533964,0.374101975,0.241961970,23.063228000,0,0.100000000
11.799948692,19872,3042,0,11819,8053,16826,5440,3095,3101,1826,1275,8826,8000,3332,2108,2.488616532,1.760109098,751.660380469,3232.470713360,6.411790848,5,0.000000000,nan,nan,0.000000000,16.842056008,13.781816058,0.335166987,0.249494042,14.881487004,0,0.100000000
11.900017023,20160,3256,0,12157,8003,16900,5490,3089,3093,1824,1269,8936,7964,3369,2121,2.454201326,1.821708842,748.642012001,3259.373731957,9.461164474,36,0.000000000,nan,nan,0.000000000,29.191859008,19.099318015,0.402397010,0.488371006,20.369401027,0,0.100000000
11.999970913,19584,2919,0,11716,7868,16661,5398,3003,3019,1778,1241,8827,7834,3303,2095,2.488276173,1.825334340,727.529375426,3407.883594134,5.827665329,9,0.000000000,nan,nan,0.000000000,23.078575032,18.508211011,0.394181116,0.239524001,19.686632033,0,0.100000000
12.101551056,20256,3083,0,11976,8280,17169,5544,3123,3099,1759,1340,8919,8250,3287,2257,2.455030175,1.851977165,720.892060906,3406.620683380,7.504701614,29,0.000000000,nan,nan,0.000000000,30.360739969,20.775229961,0.367746921,0.260425033,21.956435987,0,0.100000000
12.199820757,20064,2862,0,11711,8353,17198,5525,3205,3195,1816,1379,8854,8344,3301,2224,2.460365881,1.891004877,771.965486557,3687.204272902,6.398200989,11,0.000000000,nan,nan,0.000000000,23.314398946,14.253106958,0.346261077,0.301686989,15.408007021,0,0.100000000
12.300033808,19968,2917,0,11909,8059,17047,5699,3246,3236,1837,1399,8988,8059,3406,2293,2.463776409,1.954699671,772.779213540,3724.012681664,8.378744125,18,0.000000000,nan,nan,0.000000000,40.980909020,30.349571083,0.709249114,0.286550028,32.532669022,0,0.100000000
12.399816751,20064,2812,0,11833,8231,17248,5819,3223,3244,1838,1406,9017,8231,3497,2322,2.491920750,1.873605647,763.620110707,3589.773164062,9.171962738,34,0.000000000,nan,nan,0.000000000,35.337451962,25.517640985,0.376795011,0.347558002,26.714028965,0,0.100000000
12.499907255,19968,2728,0,11715,8253,17236,5923,3233,3224,1851,1373,8983,8253,3495,2428,2.517348797,2.021101472,787.849175971,3387.162901929,8.293390274,21,0.000000000,nan,nan,0.000000000,37.614884030,31.154027907,0.454564928,0.348085014,32.667105959,0,0.100000000
12.599939585,20064,2811,0,11842,8222,17249,5887,3188,3176,1847,1329,9027,8222,3560,2327,2.496366998,2.009073911,763.256487206,3309.913918458,7.943153381,19,0.000000000,nan,nan,0.000000000,32.968684041,25.465757062,0.829187979,0.330524985,27.931766002,0,0.100000000
12.699925661,19872,2658,0,11444,8428,17210,5973,3158,3209,1837,1372,8782,8428,3500,2473,2.551708879,2.060735559,782.808730769,3341.952957051,6.970167160,3,0.000000000,nan,nan,0.000000000,18.954189029,15.683931997,0.386919943,0.318692997,16.882791009,0,0.100000000
12.799837828,20064,2661,0,11671,8393,17399,5966,2937,3204,1840,1364,9006,8393,3479,2487,2.453439266,2.059220465,850.545020347,3232.373995366,9.500503540,37,0.000000000,nan,nan,0.000000000,32.373202033,22.355085006,0.358167978,0.361634011,23.514064960,0,0.100000000
12.900148630,19872,2539,0,11317,8555,17329,5999,2976,3119,1754,1365,8778,8551,3493,2506,2.536596459,2.061184385,782.266928651,3185.505034248,5.876779556,3,0.000000000,nan,nan,0.000000000,18.774049997,15.534397040,0.349018956,0.424032973,16.689306998,0,0.100000000
13.000599146,19872,2556,0,11579,8293,17312,5792,2930,2908,1642,1266,9023,8289,3356,2436,2.456581858,2.145190936,691.479017616,2867.420085447,7.724285126,20,0.000000000,nan,nan,0.000000000,31.631971011,24.965936027,0.374653959,0.334782002,26.146001997,0,0.100000000
13.102566242,19872,2472,0,11244,8628,17396,5762,2880,2890,1639,1251,8772,8624,3274,2488,2.545599498,2.073854049,710.873693297,2895.873726285,8.650779724,21,0.000000000,nan,nan,0.000000000,31.671482022,22.253917879,0.340592931,0.230089005,23.352961987,0,0.100000000
13.200514793,19872,2470,0,11461,8411,17398,5988,3035,3043,1756,1287,8991,8407,3427,2561,2.436048621,2.173635177,749.854670098,3130.721962011,10.905027390,39,0.000000000,nan,nan,0.000000000,26.935953996,18.993811042,0.343301042,0.264501025,20.145608985,0,0.100000000
13.300402641,20064,2630,0,11281,8783,17430,5961,3056,3041,1693,1348,8651,8779,3345,2616,2.533173554,2.123463670,744.449590946,3069.231476738,9.866237640,17,0.000000000,nan,nan,0.000000000,27.478628035,20.773558994,0.377012999,0.243838003,21.980591002,0,0.100000000
13.399842024,19968,2497,0,11376,8592,17467,6037,3082,3096,1751,1345,8879,8588,3385,2652,2.435608532,2.238609520,790.945641128,3131.512268505,8.241176605,21,0.000000000,nan,nan,0.000000000,30.914039991,25.126232998,0.444769976,0.260879984,26.600186015,0,0.100000000
13.499867678,19968,2549,0,11188,8780,17415,6148,3055,3092,1775,1317,8639,8776,3453,2695,2.504326002,2.231672115,770.099879674,3081.112232531,7.947683334,20,0.000000000,nan,nan,0.000000000,32.076500996,26.423640025,0.380298996,0.311094976,27.647874027,0,0.100000000
13.604071856,20064,2495,0,11440,8624,17565,6217,3185,3223,1804,1419,8945,8620,3405,2812,2.512126107,2.275773578,807.802048760,3256.490448787,6.160736084,19,0.000000000,nan,nan,0.000000000,21.943084954,18.324939942,0.373397954,0.423238031,19.582225010,0,0.100000000
13.701794386,20064,2544,0,11350,8714,17516,6203,3129,3134,1749,1385,8802,8714,3364,2839,2.519201837,2.233787136,794.592553322,2964.723624689,7.642745972,20,0.000000000,nan,nan,0.000000000,34.739763010,24.935666996,0.363281928,0.327687012,26.104852033,0,0.100000000
13.800034285,19872,2444,0,11214,8658,17424,6186,2960,2963,1669,1294,8766,8658,3292,2894,2.583064406,2.253614557,774.291450387,3111.471926585,5.195140839,3,0.000000000,nan,nan,0.000000000,18.348584010,15.257204010,0.341901032,0.323881977,16.376106010,0,0.100000000
13.899824619,20064,2527,0,11365,8699,17533,6196,2789,2931,1661,1270,8834,8699,3236,2960,2.612037936,2.276262326,770.435190014,2804.223088005,9.711503983,36,0.000000000,nan,nan,0.000000000,32.168063044,22.244264022,0.308707007,0.427566993,23.298025015,0,0.100000000
13.999803543,19968,2410,0,11131,8837,17554,6312,2956,3005,1597,1408,8717,8837,3202,3110,2.557291856,2.311108222,815.799292275,2935.833532261,7.822751999,22,0.000000000,nan,nan,0.000000000,33.288820006,26.869029913,0.372151029,0.308714982,28.149764054,0,0.100000000
14.099982262,20064,2516,0,11166,8898,17544,6260,2943,2941,1535,1406,8650,8894,3100,3160,2.478635715,2.333827463,790.636592273,2885.154137418,7.666826248,18,0.000000000,nan,nan,0.000000000,28.566735040,19.937622012,0.355968077,0.355439028,21.048252005,0,0.100000000
14.199973822,19968,2394,0,11005,8963,17570,6449,3045,3081,1487,1594,8611,8959,3086,3363,2.445418547,2.338591835,814.975751188,3096.094106081,6.899356842,22,0.000000000,nan,nan,0.000000000,25.495339010,18.524913001,0.378691882,0.337381964,19.778352987,0,0.100000000
14.299873829,19872,2503,0,11111,8761,17365,6320,2580,2943,1344,1599,8608,8757,2917,3403,2.321004105,2.389660622,711.950250555,3259.920055208,4.933595657,2,0.000000000,nan,nan,0.000000000,18.469522009,15.300698986,0.348431990,0.444831036,16.339142981,0,0.100000000
14.401552439,20160,2424,0,10965,9195,17732,6501,2851,3035,1289,1746,8541,9191,2833,3668,2.299640069,2.420649711,759.509779360,3114.991851573,8.472681046,36,0.000000000,nan,nan,0.000000000,30.197458982,23.290285026,0.361200015,0.400213001,24.453738006,0,0.100000000
14.499950647,19968,2472,0,11056,8912,17492,6231,2618,2774,1216,1558,8580,8912,2767,3464,2.210756520,2.517692272,691.795730555,3067.214703554,6.511211395,23,0.000000000,nan,nan,0.000000000,28.670367028,20.243851992,0.311958021,0.300844025,21.266223979,0,0.100000000
14.599858284,20064,2485,0,10922,9142,17575,5917,2675,2728,1167,1561,8433,9142,2535,3382,2.212671006,2.505896720,651.257966396,2927.911275994,7.401704788,20,0.000000000,nan,nan,0.000000000,23.880683992,16.345326963,0.294092053,0.254358980,17.319631996,0,0.100000000
14.699927568,19488,2358,0,10594,8894,17126,5735,2593,2580,1065,1515,8232,8894,2439,3296,2.150223579,2.648376008,616.088905386,2696.620908510,6.782770157,8,0.000000000,nan,nan,0.000000000,21.078593971,17.867867951,0.400635006,0.243772054,19.139515003,0,0.100000000
14.800878763,20160,2777,0,11101,9059,17379,5710,2654,2648,1140,1508,8323,9056,2440,3270,2.206279428,2.631928425,668.745623392,2867.238014903,7.992982864,14,0.000000000,nan,nan,0.000000000,34.490303020,24.761789013,0.325341942,0.257737003,25.809299957,0,0.100000000
14.899605751,20256,2452,0,11262,8994,17800,5752,2658,2695,1135,1560,8806,8994,2441,3311,2.088232891,2.703773381,667.095992594,2636.397823999,7.760524750,32,0.000000000,nan,nan,0.000000000,39.176955004,29.521226010,0.353072945,0.263057998,30.624277017,0,0.100000000
14.999926329,20160,2886,0,10913,9247,17270,5819,2708,2711,1133,1578,8027,9243,2404,3415,2.158493017,2.669642741,675.885642231,2878.404882453,10.543584824,22,0.000000000,nan,nan,0.000000000,34.877275000,25.162856968,0.370401947,0.325884030,26.392146014,0,0.100000000
15.099871397,19488,2537,0,10825,8663,16947,5642,2599,2610,1051,1559,8288,8659,2347,3295,2.073670509,2.755568553,584.169271531,2598.739818111,7.492780685,12,0.000000000,nan,nan,0.000000000,28.005029017,19.520933041,0.455848058,0.268868986,20.987113006,0,0.100000000
15.200566053,20544,2920,0,11030,9514,17620,6022,2802,2804,1086,1718,8106,9514,2395,3627,2.112363845,2.722139985,685.688031000,2727.979859098,11.348009109,21,0.000000000,nan,nan,0.000000000,33.308451995,23.720388010,0.332501950,0.262979011,24.797332007,0,0.100000000
15.300687790,19872,2600,0,10801,9071,17268,5858,2698,2703,1036,1667,8197,9071,2359,3499,2.049080078,2.786290221,607.506777690,2639.674462498,6.494045258,13,0.000000000,nan,nan,0.000000000,35.102120019,25.535849039,0.335400924,0.244112976,26.648434985,0,0.100000000
15.399808884,20160,2944,0,11173,8987,17212,5941,2786,2794,1058,1736,8225,8987,2343,3598,2.074789906,2.786848610,616.888914503,2836.649775133,9.457588196,34,0.000000000,nan,nan,0.000000000,33.433871984,23.541923030,0.776496076,0.237556989,26.034248993,0,0.100000000
15.499974489,19872,2735,0,10725,9147,17133,6129,2939,2919,1052,1867,7986,9147,2342,3787,2.039607203,2.823358465,676.243253822,2795.532836823,6.761074066,5,0.000000000,nan,nan,0.000000000,18.249605026,15.174970962,0.370780006,0.299259031,16.291729000,0,0.100000000
15.600405693,20160,3030,0,11037,9123,17126,6262,2987,3076,1112,1964,8003,9123,2357,3905,2.008438713,2.837036005,752.567136825,3019.482593336,7.753133774,35,0.000000000,nan,nan,0.000000000,23.429648019,15.365576954,0.367060013,0.291092030,16.495794000,0,0.100000000
15.699993372,20064,2873,0,10640,9424,17187,6304,3034,3009,1006,2003,7764,9423,2234,4070,2.004349652,2.865423961,751.795672165,2896.897368705,6.706714630,22,0.000000000,nan,nan,0.000000000,27.623138041,20.971330930,0.343634980,0.465814024,22.120110982,0,0.100000000
15.800158501,20160,3045,0,10677,9483,17111,6255,2904,2896,986,1910,7632,9479,2123,4132,1.971558639,2.856515566,745.160911027,2836.056897056,9.048461914,19,0.000000000,nan,nan,0.000000000,30.003816006,23.667826026,0.328404014,0.294601952,24.744310998,0,0.100000000
15.905498743,19680,3078,0,10556,9124,16598,6269,2803,2810,928,1882,7478,9120,2085,4184,1.977399424,2.924772654,700.853853546,2752.732937116,7.191896439,9,0.000000000,nan,nan,0.000000000,19.637835037,16.187435016,0.339958002,0.435896975,17.528660013,0,0.100000000
16.000595093,20544,3269,0,10943,9601,17271,6492,2781,2785,968,1817,7673,9598,2111,4381,1.931813867,2.904860990,657.288121863,2677.816077374,6.977796555,23,0.000000000,nan,nan,0.000000000,29.383410001,19.233022002,0.327317044,0.340101018,20.285608014,0,0.100000000
16.099916458,19872,3059,0,10467,9405,16809,6342,2680,2729,950,1779,7404,9405,2050,4292,1.963297734,2.910630215,650.497308972,2602.209543809,6.172418594,12,0.000000000,nan,nan,0.000000000,33.293265966,25.596936001,0.406652049,0.384747982,26.959906972,0,0.100000000
16.201570511,20256,3385,0,10779,9477,16867,6320,2635,2650,1004,1646,7390,9477,2121,4199,1.984351523,2.885570390,632.035130525,2377.542746058,9.785890579,34,0.000000000,nan,nan,0.000000000,36.328180984,28.615367017,0.521706068,0.350186019,30.567217967,0,0.100000000
16.301563501,19968,3251,0,10502,9466,16713,5658,2263,2339,907,1432,7248,9465,1932,3726,1.987685193,2.877293605,523.338172639,2308.050495291,6.551027298,18,0.000000000,nan,nan,0.000000000,21.176916023,15.382122074,0.257869018,0.236650987,16.239035001,0,0.100000000
16.400789738,19488,3250,0,10270,9218,16234,5530,2277,2276,908,1368,7017,9217,1961,3569,2.069037678,2.894903884,458.615383124,2104.504373846,8.970022202,28,0.000000000,nan,nan,0.000000000,31.922918977,24.082541000,0.280873035,0.201114046,24.969456019,0,0.100000000
16.500007868,20448,3762,0,11030,9418,16682,5539,2318,2307,862,1445,7264,9418,1916,3623,1.944699050,2.893697115,485.657067642,2154.058862881,8.656263351,10,0.000000000,nan,nan,0.000000000,19.712672045,14.971916971,0.269412936,0.233752013,15.855257981,0,0.100000000
16.600658178,19776,3901,0,10670,9106,15871,5445,2289,2299,900,1399,6768,9103,1927,3518,2.143648039,2.882208634,471.451282826,2158.799564194,5.762100220,12,0.000000000,nan,nan,0.000000000,21.219613031,13.471010025,0.248222030,0.192892971,14.314902015,0,0.100000000
16.700001478,20064,3890,0,10870,9194,16170,5484,2278,2285,897,1388,6979,9191,1971,3513,1.995202489,2.885530550,508.537557156,2129.549840974,7.535457611,35,0.000000000,nan,nan,0.000000000,24.824847002,20.293993992,0.262953981,0.249173027,21.196004993,0,0.100000000
16.800178051,20064,4084,0,10773,9291,15976,5564,2350,2336,873,1463,6689,9287,1971,3593,2.110788753,2.848998678,508.766543722,2183.098599962,8.332729340,20,0.000000000,nan,nan,0.000000000,25.824012002,18.733931996,0.266740972,0.212624960,19.632923009,0,0.100000000
16.899887800,19968,4199,0,11045,8923,15765,5505,2339,2330,914,1416,6846,8919,2010,3495,2.005373502,2.875044037,515.778168757,2142.723465533,8.245944977,22,0.000000000,nan,nan,0.000000000,37.273631024,28.061811929,0.505932025,0.211799983,29.677837971,0,0.100000000
16.999781132,20064,4445,0,11230,8834,15615,5482,2343,2330,891,1439,6784,8831,1979,3503,2.147661284,2.876924327,503.033937408,2126.930353896,6.760835648,18,0.000000000,nan,nan,0.000000000,21.971853042,13.544176007,0.265105104,0.210364000,14.434626966,0,0.100000000
17.100950718,20160,4421,0,11488,8672,15735,5339,2315,2306,894,1412,7086,8649,1923,3416,1.945441820,2.881018172,499.869664357,2189.779679318,7.098674774,18,0.000000000,nan,nan,0.000000000,20.883194986,13.187943958,0.263909984,0.193696993,14.052486978,0,0.100000000
17.200315237,19872,4531,0,11251,8621,15337,5180,2196,2192,815,1377,6767,8570,1810,3370,2.022197857,2.867628295,436.987011560,1979.317717380,6.959438324,5,0.000000000,nan,nan,0.000000000,19.183712953,15.959938930,0.363330939,0.396932010,17.158397997,0,0.100000000
17.299879551,19968,4598,0,11403,8565,15366,5073,2070,2116,818,1298,6898,8468,1841,3232,1.951437883,2.868107391,408.647867607,1870.341130163,7.972478867,39,0.000000000,nan,nan,0.000000000,29.234203976,21.024005080,0.245540985,0.190271996,21.830748010,0,0.100000000
17.401115656,20064,4681,0,11437,8627,15379,5043,2051,2049,754,1295,6890,8489,1788,3255,1.960687070,2.871141115,404.289683252,1736.341280193,6.244659424,18,0.000000000,nan,nan,0.000000000,19.299666979,14.479425037,0.225058990,0.207067002,15.250631026,0,0.100000000
17.499807119,19968,4605,0,11352,8616,15359,5040,2114,2120,810,1310,6912,8447,1845,3195,1.965951147,2.874847209,413.745678439,1882.295677961,8.435487747,21,0.000000000,nan,nan,0.000000000,25.034047023,16.606706951,0.258489978,0.201638963,17.448206956,0,0.100000000
17.599961758,20064,4777,0,11478,8586,15283,4975,2090,2076,782,1294,6892,8391,1809,3166,1.957670447,2.867362735,404.650935518,1791.597550707,8.164644241,19,0.000000000,nan,nan,0.000000000,26.938693016,22.241371975,0.352352974,0.186591002,23.536814027,0,0.100000000
17.699913979,19968,4809,0,11411,8557,15155,5061,2095,2089,798,1291,6835,8320,1873,3188,1.985643945,2.851068761,432.193998756,1706.356611488,7.205724716,22,0.000000000,nan,nan,0.000000000,24.881294987,16.824178048,0.244772003,0.194086984,17.617696954,0,0.100000000
17.800329447,19488,4822,0,11544,7944,14662,4819,2029,2026,804,1222,6966,7696,1880,2939,1.897102916,2.872980115,447.565913283,1603.333263983,6.272077560,9,0.000000000,nan,nan,0.000000000,27.517464012,22.776508995,0.298874977,0.213601976,23.733373033,0,0.100000000
17.898327351,20544,5126,0,11779,8765,15414,5256,2126,2136,847,1289,6948,8466,1964,3292,1.982926619,2.893938437,468.998460233,1795.371585445,7.191896439,20,0.000000000,nan,nan,0.000000000,22.426503012,16.039370908,0.272965990,0.248184951,17.069712980,0,0.100000000
18.000792742,19872,5003,0,11733,8139,14865,5000,2079,2088,803,1285,7034,7831,1881,3119,1.888923289,2.892659759,454.045146853,1699.110197316,7.750988007,12,0.000000000,nan,nan,0.000000000,32.394111971,27.213817055,0.466711936,0.224019052,28.662402008,0,0.100000000
18.099822760,20160,5366,0,11996,8164,14790,4945,2014,2024,810,1214,6983,7807,1873,3072,1.953251697,2.884294172,433.785861212,1710.622783993,8.333683014,35,0.000000000,nan,nan,0.000000000,23.123477993,15.626734996,0.225907948,0.189726008,16.382354952,0,0.100000000
18.200275898,19872,5205,0,11900,7972,14663,4910,2011,1994,775,1219,7060,7603,1848,3062,1.872849591,2.874833697,407.615924070,1702.836897133,6.244659424,5,0.000000000,nan,nan,0.000000000,17.068817979,14.440193947,0.266299932,0.238451001,15.370299981,0,0.100000000
18.299893379,20064,5554,0,12087,7977,14506,4890,1940,1953,773,1180,6921,7585,1834,3056,1.854012191,2.884269579,413.383893026,1685.527207618,7.609844208,37,0.000000000,nan,nan,0.000000000,27.661774016,19.387621956,0.242186070,0.234173029,20.180711988,0,0.100000000
18.400304317,20064,5409,0,12053,8011,14651,4813,2096,2090,797,1293,7046,7605,1828,2985,1.830840897,2.866764361,454.752735878,1840.606636229,7.065773010,14,0.000000000,nan,nan,0.000000000,22.834900010,16.633551917,0.238351058,0.197743997,17.433628032,0,0.100000000
18.500991583,19872,5639,0,12019,7853,14229,4703,1969,1968,775,1193,6774,7455,1768,2935,1.880481803,2.786138135,414.679601375,1673.228404766,5.951404572,9,0.000000000,nan,nan,0.000000000,18.190265051,13.568622933,0.218376983,0.244606053,14.355441032,0,0.100000000
18.600004435,20160,5499,0,12184,7976,14657,4685,1975,2000,799,1201,7102,7555,1850,2835,1.816346727,2.787312166,443.586089951,1810.217284342,6.385326385,35,0.000000000,nan,nan,0.000000000,33.442209999,23.811046965,0.268703909,0.227832992,24.714227999,0,0.100000000
18.700723648,19872,5728,0,12190,7682,14140,4503,1928,1930,779,1151,6850,7290,1744,2759,1.853499778,2.732369615,404.264097376,1670.202018650,6.263971329,5,0.000000000,nan,nan,0.000000000,17.001666012,14.154678909,0.303776993,0.438521034,15.172512038,0,0.100000000
18.799886703,19968,5551,0,12210,7758,14413,4486,1885,1884,780,1104,7074,7339,1804,2682,1.825629764,2.727691225,407.569362876,1838.107276254,10.372638702,38,0.000000000,nan,nan,0.000000000,21.110846021,12.900412024,0.316185004,0.177267008,13.926637999,0,0.100000000
18.899821043,19584,5835,0,12303,7281,13745,4304,1823,1815,780,1035,6834,6911,1781,2523,1.846941597,2.620371482,391.082647478,1634.554637720,5.617856979,7,0.000000000,nan,nan,0.000000000,15.144278994,12.748234032,0.201930001,0.164306024,13.438131020,0,0.100000000
19.000359774,20448,5809,0,12673,7775,14635,4455,1885,1902,769,1133,7207,7428,1825,2630,1.959556601,2.730083187,400.857287996,1853.686556665,8.231163025,35,0.000000000,nan,nan,0.000000000,19.318803039,11.024581036,0.208768994,0.192000996,11.751061014,0,0.100000000
19.099857330,20064,6063,0,12694,7370,13997,4391,1857,1837,754,1083,6842,7155,1814,2577,1.869754281,2.639945069,363.870733863,1752.635858376,8.150577545,16,0.000000000,nan,nan,0.000000000,24.385738012,17.682401987,0.317703933,0.328900991,18.789771013,0,0.100000000
19.199908257,19968,5774,0,12432,7536,14190,4440,1840,1803,791,1012,6817,7373,1881,2559,1.875467663,2.565253033,389.459494722,1835.643648015,7.444620132,22,0.000000000,nan,nan,0.000000000,26.171682985,18.216513039,0.214149011,0.194633030,18.958206987,0,0.100000000
19.299844742,19968,5854,0,12579,7389,14110,4383,1793,1789,793,996,6801,7309,1928,2455,1.873808198,2.546026852,375.475396245,1906.477406675,7.975816727,15,0.000000000,nan,nan,0.000000000,26.787862997,18.728659954,0.223930983,0.180000032,19.499812974,0,0.100000000
19.400007725,20064,5798,0,12417,7647,14262,4534,1865,1835,843,992,6667,7595,2022,2512,2.060437392,2.435084583,402.557224896,1962.008075599,7.224798203,24,0.000000000,nan,nan,0.000000000,29.679560976,21.249354002,0.247813005,0.184973993,22.075095039,0,0.100000000
19.500900269,19968,5801,0,12533,7435,14163,4463,1897,1895,861,1034,6751,7412,2017,2446,2.058668008,2.427495361,402.076259943,2165.384112767,7.517337799,22,0.000000000,nan,nan,0.000000000,34.540113993,25.969606941,0.370638969,0.175726018,27.219320997,0,0.100000000
19.599812269,19872,5823,0,12363,7509,14045,4422,1721,1767,826,941,6540,7505,2008,2414,2.287305017,2.325304553,341.030752530,1897.356802474,nan,1,nan,nan,nan,0.000000000,13.367792009,11.181512033,0.215901004,0.184790988,11.896540003,0,0.100000000
19.701147556,20160,5858,0,12746,7414,14298,4503,1818,1843,942,901,6929,7369,2156,2347,2.312779328,2.367286269,347.562769171,2013.947352900,8.608818054,36,0.000000000,nan,nan,0.000000000,31.274825975,23.141623940,0.248246011,0.177616021,23.970863025,0,0.100000000
19.799901009,19968,5910,0,12566,7402,14054,4418,1803,1795,906,889,6734,7320,2175,2243,2.395235681,2.263717693,311.339790444,1811.580810342,7.090091705,23,0.000000000,nan,nan,0.000000000,22.262883955,18.018864968,0.219471985,0.270442979,18.821059028,0,0.100000000
19.903404474,20160,5729,0,13057,7103,14427,4542,1847,1854,988,866,7440,6987,2365,2177,2.270877488,2.304759780,388.644107563,1987.391472794,7.745027542,17,0.000000000,nan,nan,0.000000000,19.181282958,14.304790995,0.202103925,0.215287029,15.015123005,0,0.100000000
20.000635147,19296,6017,0,12524,6772,13275,4254,1722,1743,933,810,6630,6645,2278,1976,2.446395420,2.271034581,366.204693700,1904.538228799,8.398056030,15,0.000000000,nan,nan,0.000000000,19.170139974,12.391142081,0.194837048,0.184448028,13.077637996,0,0.100000000
20.100956917,20448,5799,0,13523,6925,14645,4399,1733,1769,970,799,7850,6795,2442,1957,2.276712862,2.311659781,352.519855178,1912.066159201,7.186174393,19,0.000000000,nan,nan,0.000000000,26.475901017,21.165859071,0.264444971,0.199430040,22.092033003,0,0.100000000
20.200139284,20064,5986,0,13269,6795,14074,4209,1665,1699,927,772,7390,6684,2312,1897,2.294436498,2.265206866,327.309036774,1905.656020726,8.443832397,28,0.000000000,nan,nan,0.000000000,23.504493001,15.938583005,0.193994027,0.175606052,16.615540022,0,0.100000000
20.299848795,20064,5747,0,13251,6813,14313,4284,1836,1826,956,870,7629,6684,2360,1924,2.287022624,2.266255448,369.318731033,2007.355663823,6.113767624,14,0.000000000,nan,nan,0.000000000,24.167700962,16.965049901,0.223117007,0.184690056,17.698174983,0,0.100000000
20.399781466,19968,5778,0,13225,6743,14186,4270,1797,1791,997,794,7536,6650,2377,1893,2.252955170,2.268041848,347.315147250,1803.033578985,6.725788116,18,0.000000000,nan,nan,0.000000000,29.048488010,21.054936049,0.232726976,0.189750979,21.838165994,0,0.100000000
20.499832630,19968,5630,0,13240,6728,14334,4242,1844,1842,1030,812,7704,6630,2382,1860,2.221895313,2.306668433,361.580491644,1985.365867020,7.772445679,29,0.000000000,nan,nan,0.000000000,26.116380002,19.934291951,0.267242955,0.196896028,20.817201992,0,0.100000000
20.599991798,19968,5629,0,13306,6662,14335,4135,1664,1654,939,715,7749,6586,2332,1803,2.170150496,2.286136741,328.809930927,1796.651650357,6.350755692,20,0.000000000,nan,nan,0.000000000,28.015098011,19.640362996,0.481517985,0.235004001,21.244511998,0,0.100000000
20.700274944,20160,5492,0,13297,6863,14664,4244,1696,1682,950,732,7877,6787,2307,1937,2.166353039,2.269016124,301.752042454,1578.874480476,6.550073624,16,0.000000000,nan,nan,0.000000000,30.446095043,22.745682043,0.237268046,0.173050037,23.557029956,0,0.100000000
20.801737785,19968,5371,0,13401,6567,14593,4229,1667,1664,936,728,8083,6510,2305,1924,2.034210710,2.252554346,323.296828613,1530.907689123,6.654262543,24,0.000000000,nan,nan,0.000000000,31.934762024,23.081443971,0.233842991,0.174002023,23.920837964,0,0.100000000
20.899896622,19680,5346,0,13033,6647,14330,4187,1715,1711,931,780,7748,6582,2246,1941,2.130866871,1.894472977,304.562121331,1414.960391098,5.832433701,5,0.000000000,nan,nan,0.000000000,12.769780995,10.563589050,0.193914922,0.191262981,11.230005010,0,0.100000000
21.001204014,19968,5083,0,13326,6642,14881,4122,1638,1656,967,689,8322,6559,2330,1792,1.969520694,2.080454008,334.851468801,1534.931499201,7.795333862,35,0.000000000,nan,nan,0.000000000,26.946101978,18.943678064,0.230176083,0.227268960,19.728586019,0,0.100000000
21.102045536,20448,5526,0,13769,6679,14918,4153,1614,1590,883,707,8311,6607,2330,1823,1.878283580,1.913146109,311.558984369,1446.661565026,nan,1,nan,nan,nan,0.000000000,12.544939003,10.210598004,0.176150003,0.165494042,10.827311024,0,0.100000000
21.200220346,19968,4856,0,13190,6778,15108,4139,1530,1526,863,663,8434,6674,2299,1840,1.876492804,1.855969070,326.942080827,1424.489797100,7.270336151,20,0.000000000,nan,nan,0.000000000,21.920747007,15.861921944,0.204065000,0.207970967,16.571226995,0,0.100000000
21.301470757,19680,4638,0,13011,6669,15038,4102,1500,1508,836,672,8456,6582,2266,1836,1.806928107,1.830273211,317.582052450,1412.322177621,8.087158203,40,0.000000000,nan,nan,0.000000000,18.060567032,12.103938090,0.171303982,0.235346961,12.698339007,0,0.100000000
21.399963856,19872,4796,0,13087,6785,15072,4123,1516,1520,878,642,8377,6695,2305,1818,1.867320513,1.843827773,334.979567728,1322.388423948,6.728649139,18,0.000000000,nan,nan,0.000000000,16.944106028,12.007868034,0.176937960,0.177177018,12.608051009,0,0.100000000
21.499006033,20448,5059,0,13721,6727,15385,4039,1534,1543,883,660,8689,6696,2270,1769,1.712815224,1.671235903,337.712296895,1539.811620585,5.712270737,11,0.000000000,nan,nan,0.000000000,23.412496957,16.379103006,0.221621071,0.183915021,17.124708975,0,0.100000000
21.600835800,19488,4685,0,12896,6592,14799,3980,1493,1493,851,642,8215,6584,2248,1732,1.844719433,1.760230327,363.867121772,1519.646147469,6.509542465,19,0.000000000,nan,nan,0.000000000,27.838407957,22.028264008,0.318721926,0.275390979,23.100418039,0,0.100000000
21.700215578,20256,4729,0,13320,6936,15523,4120,1438,1428,810,618,8587,6936,2315,1805,1.710467420,1.594044871,341.997765377,1379.008937648,9.025096893,26,0.000000000,nan,nan,0.000000000,25.636938983,17.983319995,0.258286949,0.269891985,18.888071994,0,0.100000000
21.799848080,19872,4752,0,13080,6792,15116,4107,1471,1466,834,632,8328,6788,2293,1814,1.707417926,1.552139929,331.882827824,1299.934171156,5.475997925,6,0.000000000,nan,nan,0.000000000,15.713586006,11.877960991,0.173967041,0.177252048,12.490088993,0,0.100000000
21.899806499,19680,4443,0,12997,6683,15233,4153,1450,1455,861,594,8554,6679,2323,1830,1.685911109,1.629260298,353.314601326,1334.911743820,8.374691010,24,0.000000000,nan,nan,0.000000000,22.935419984,15.987934079,0.219784037,0.172844972,16.757233010,0,0.100000000
22.000008821,20352,4481,0,12933,7419,15867,4119,1488,1482,833,649,8449,7418,2262,1857,1.652974280,1.470711403,346.983152729,1611.431850575,7.945299149,21,0.000000000,nan,nan,0.000000000,22.424626979,19.500495982,0.293162011,0.171496999,20.517123980,0,0.100000000
22.099691391,19968,4378,0,12974,6994,15586,4106,1413,1426,798,628,8595,6991,2281,1825,1.642585145,1.492768262,339.340372773,1375.650938771,8.291244507,33,0.000000000,nan,nan,0.000000000,16.224146006,10.304922063,0.179413008,0.193319051,10.888535006,0,0.100000000
22.199874163,19968,4271,0,12830,7138,15693,4037,1433,1439,776,663,8555,7138,2200,1837,1.568655768,1.408939701,340.284728160,1423.072066799,7.506847382,21,0.000000000,nan,nan,0.000000000,17.703059013,9.909159038,0.155335001,0.169442967,10.473919974,0,0.100000000
22.299799919,19968,4229,0,12803,7165,15735,4072,1473,1451,796,655,8570,7165,2178,1894,1.592113179,1.457678600,351.234581968,1334.382359167,7.164239883,19,0.000000000,nan,nan,0.000000000,15.905612032,11.573106982,0.166382990,0.176795002,12.148129987,0,0.100000000
22.400092363,19584,3941,0,12301,7283,15639,3989,1465,1463,759,704,8356,7283,2053,1936,1.514419109,1.390249622,352.738673964,1359.970438069,6.471395493,7,0.000000000,nan,nan,0.000000000,17.637497978,13.325316017,0.170550018,0.165880017,13.932757953,0,0.100000000
22.500568628,20352,4055,0,12844,7508,16293,4119,1479,1452,770,682,8788,7505,2137,1982,1.542453045,1.437306505,335.582043315,1505.816031793,8.157491684,26,0.000000000,nan,nan,0.000000000,26.279719023,16.691031982,0.177777023,0.190272985,17.306924041,0,0.100000000
22.599710226,19680,3674,0,12089,7591,16002,4075,1465,1472,731,741,8411,7591,2105,1970,1.461245409,1.390341305,368.556426592,1411.338625895,9.015321732,13,0.000000000,nan,nan,0.000000000,36.561337998,27.528071019,0.448609062,0.212595041,29.169519024,0,0.100000000
22.701563835,20448,3798,0,12563,7885,16646,4201,1478,1453,760,693,8761,7885,2204,1997,1.510655812,1.377924948,360.669231481,1373.062465648,8.246660233,26,0.000000000,nan,nan,0.000000000,14.177803998,11.736412067,0.165306963,0.186985009,12.323017989,0,0.100000000
22.800190449,19776,3364,0,12003,7773,16408,4192,1442,1460,768,692,8639,7769,2221,1971,1.498889646,1.369914609,349.972315601,1414.940274214,10.443925858,12,0.000000000,nan,nan,0.000000000,23.669046001,18.195193028,0.201600022,0.189684972,18.902930955,0,0.100000000
22.900077820,19872,3598,0,11903,7969,16270,4257,1468,1471,780,691,8305,7965,2277,1980,1.600654212,1.336097254,362.031206873,1486.618056065,8.828401566,18,0.000000000,nan,nan,0.000000000,20.822767983,16.451985983,0.208734011,0.182847027,17.164863006,0,0.100000000
23.000030041,20160,3420,0,12074,8086,16736,4294,1504,1499,836,663,8654,8082,2355,1939,1.522822541,1.305014754,371.531574706,1560.888765554,6.350517273,36,0.000000000,nan,nan,0.000000000,27.400865976,18.414499005,0.174848945,0.180763949,19.029118994,0,0.100000000
23.101349354,19776,3373,0,11657,8119,16399,4379,1480,1534,818,716,8283,8116,2393,1986,1.666381156,1.255332027,379.441429870,1742.574076603,6.149053574,6,0.000000000,nan,nan,0.000000000,15.420489013,12.890034006,0.201585004,0.223152980,13.607400993,0,0.100000000
23.203070164,19872,3261,0,11787,8085,16607,4146,1340,1381,741,640,8525,8082,2258,1888,1.587426237,1.259514198,337.484002578,1319.836816897,8.947134018,30,0.000000000,nan,nan,0.000000000,21.208984021,16.378492990,0.213252089,0.331792980,17.121576006,0,0.100000000
23.300648689,19968,3296,0,11524,8444,16668,4129,1429,1421,746,675,8227,8441,2173,1956,1.614970541,1.261179614,351.920224115,1289.585841418,7.177352905,26,0.000000000,nan,nan,0.000000000,26.142374962,17.252496968,0.176801055,0.174830959,17.863514018,0,0.100000000
23.402358055,19968,3259,0,11761,8207,16705,4154,1431,1423,763,660,8502,8203,2227,1927,1.569063660,1.305603301,389.996570347,1357.161049918,7.941246033,21,0.000000000,nan,nan,0.000000000,28.332480986,24.574391020,0.272597070,0.234442006,25.538687012,0,0.100000000
23.500218153,19968,3120,0,11400,8568,16844,4042,1376,1389,708,681,8280,8564,2109,1933,1.529871700,1.284070449,360.830418694,1302.594337359,8.681058884,19,0.000000000,nan,nan,0.000000000,26.868188987,18.984026101,0.275421015,0.200318987,19.964420993,0,0.100000000
23.599806547,19968,3220,0,11687,8281,16744,4174,1469,1471,761,710,8467,8277,2223,1951,1.517574423,1.336610639,381.360275869,1467.011732414,8.995294571,20,0.000000000,nan,nan,0.000000000,25.715722004,17.360488069,0.228788063,0.154691981,18.110432022,0,0.100000000
23.701532841,19776,3027,0,11318,8458,16745,4108,1422,1418,749,669,8287,8458,2139,1969,1.437423379,1.308907541,388.312088601,1579.550735514,5.690813065,4,0.000000000,nan,nan,0.000000000,12.466477987,10.195306037,0.172255037,0.166676997,10.785186023,0,0.100000000
23.800398111,20448,3362,0,12158,8290,17082,4214,1502,1481,793,688,8796,8286,2216,1998,1.560172066,1.387581318,398.344463298,1560.698647858,7.842302322,28,0.000000000,nan,nan,0.000000000,27.475626965,21.834924060,0.325303990,0.244386028,22.961001028,0,0.100000000
23.900371552,19872,2903,0,11337,8535,16965,4083,1424,1427,701,726,8430,8535,2093,1990,1.397406656,1.351418122,401.039342281,1762.534397424,9.033679962,25,0.000000000,nan,nan,0.000000000,17.975613009,11.046246043,0.166398066,0.190166989,11.653226975,0,0.100000000
24.000841379,19968,3264,0,11601,8367,16700,4100,1459,1462,764,698,8334,8366,2118,1982,1.446539162,1.454915609,419.926355028,1903.165776900,6.783485413,23,0.000000000,nan,nan,0.000000000,17.855061975,10.355727980,0.160513970,0.186746998,10.928562027,0,0.100000000
24.099939823,19488,2891,0,11058,8430,16593,4105,1425,1435,725,710,8167,8426,2085,2020,1.401018966,1.412459409,388.178625698,1849.548374574,6.718397141,10,0.000000000,nan,nan,0.000000000,26.207675983,18.281005963,0.212272978,0.176596979,19.050973991,0,0.100000000
24.201223850,20544,3333,0,11851,8693,17207,4190,1430,1428,758,670,8514,8693,2123,2067,1.457296495,1.482745388,405.228350051,1660.486092324,7.025241852,20,0.000000000,nan,nan,0.000000000,22.870409011,14.980246953,0.176170026,0.163754972,15.571122000,0,0.100000000
24.300147295,18720,2854,0,10783,7937,15862,3987,1317,1326,648,678,7929,7933,1996,1991,1.423905552,1.497289231,367.854199196,1630.630363188,6.633758545,13,0.000000000,nan,nan,0.000000000,27.233314002,19.297422958,0.195224013,0.184011005,19.947945024,0,0.100000000
24.398909092,21504,3403,0,12368,9136,18097,4350,1506,1513,742,771,8965,9132,2149,2201,1.364030479,1.511712615,411.238099505,1790.855948286,8.973121643,30,0.000000000,nan,nan,0.000000000,26.078363007,16.636969929,0.178770977,0.178214977,17.239743960,0,0.100000000
24.500597000,19872,2989,0,11436,8436,16879,4108,1398,1400,691,709,8443,8436,2027,2081,1.325157725,1.530721901,411.991945071,1694.541996052,6.145477295,9,0.000000000,nan,nan,0.000000000,22.729572956,18.044053053,0.226994976,0.282334979,18.830750952,0,0.100000000
24.600418806,19968,3173,0,11386,8582,16791,4077,1381,1389,651,738,8209,8582,1935,2142,1.386149033,1.574043793,394.735392305,1565.406170027,6.890296936,38,0.000000000,nan,nan,0.000000000,26.102871983,17.270881974,0.164947007,0.141906028,17.860741005,0,0.100000000
24.699839115,20064,3028,0,11699,8365,17032,4077,1337,1346,626,720,8667,8365,1925,2152,1.232150125,1.590927697,400.781705180,1708.509658466,8.564949036,19,0.000000000,nan,nan,0.000000000,17.729899962,11.621653975,0.151161978,0.155346992,12.173098978,0,0.100000000
24.800537109,19872,3159,0,11255,8617,16709,4034,1355,1361,652,709,8094,8615,1896,2138,1.328961776,1.577148741,403.525857536,1738.032326314,5.749225616,3,0.000000000,nan,nan,0.000000000,14.302955009,11.950826040,0.192122010,0.152455992,12.614911946,0,0.100000000
24.901906729,20256,3186,0,11655,8601,17066,4088,1308,1313,632,681,8465,8601,1941,2147,1.252186093,1.601784968,378.670212074,1577.127956785,8.580684662,34,0.000000000,nan,nan,0.000000000,23.249265971,15.632726892,0.182788004,0.149415981,16.266447958,0,0.100000000
25.000462532,19968,2953,0,11178,8790,17011,4167,1349,1373,616,757,8225,8786,1969,2198,1.278084071,1.601023429,370.130832283,1870.509557190,7.586717606,24,0.000000000,nan,nan,0.000000000,29.076116043,19.952012983,0.201878080,0.233703002,20.667870995,0,0.100000000
25.100390434,20064,3209,0,11668,8396,16851,4119,1321,1305,607,698,8459,8392,1955,2164,1.238145028,1.646497053,384.035665521,1609.285151106,6.594657898,19,0.000000000,nan,nan,0.000000000,25.076971971,16.862391029,0.192759035,0.151530956,17.565066984,0,0.100000000
25.200726271,19968,2973,0,11298,8670,16991,4151,1354,1365,620,745,8321,8670,1940,2211,1.239336150,1.626154068,364.428321097,1742.769798345,7.960319519,22,0.000000000,nan,nan,0.000000000,18.076081004,11.594919080,0.150111970,0.162117009,12.127269001,0,0.100000000
25.300739527,20064,3216,0,11710,8354,16844,4072,1357,1353,650,703,8490,8354,1937,2135,1.253677587,1.681905169,389.845709665,1715.493350746,7.677555084,18,0.000000000,nan,nan,0.000000000,24.600967998,15.318195976,0.145310012,0.156324997,15.853739984,0,0.100000000
25.400785208,19968,2938,0,11337,8631,17026,4128,1344,1354,629,725,8395,8631,1939,2189,1.200780111,1.649964227,361.431070303,1768.704390681,7.749319077,21,0.000000000,nan,nan,0.000000000,17.540042987,10.280491086,0.154198031,0.159499992,10.865796008,0,0.100000000
25.501009941,20064,3270,0,11675,8389,16790,4085,1340,1322,633,689,8401,8389,1927,2158,1.202970548,1.684093239,358.086735186,1721.441500173,6.433486938,19,0.000000000,nan,nan,0.000000000,32.440377981,25.724122999,0.264527975,0.156296010,26.614060975,0,0.100000000
25.600539923,19872,2889,0,11211,8661,16979,4104,1354,1370,635,735,8322,8657,1848,2256,1.196091551,1.673167911,362.296440559,1877.061542128,5.772113800,3,0.000000000,nan,nan,0.000000000,12.603514013,10.132734024,0.184008968,0.150022970,10.768205044,0,0.100000000
25.700597048,19296,3250,0,10934,8362,16042,4015,1373,1374,620,754,7682,8360,1745,2270,1.214811312,1.728258153,354.632436748,1764.581026707,7.387876511,32,0.000000000,nan,nan,0.000000000,28.308661014,19.927476009,0.184014963,0.145105994,20.584126993,0,0.100000000
25.797551870,20832,2984,0,11807,9025,17844,4163,1430,1446,656,790,8822,9022,1858,2305,1.168000576,1.661886713,393.524696958,1912.029082188,5.740165710,10,0.000000000,nan,nan,0.000000000,21.282856993,17.205214943,0.234987005,0.239667017,18.015571986,0,0.100000000
25.900674105,20160,3399,0,11520,8640,16757,4150,1463,1450,658,792,8119,8638,1796,2354,1.199406927,1.749485660,349.911207071,2030.631286902,9.945869446,34,0.000000000,nan,nan,0.000000000,25.404744956,19.787753990,0.302454981,0.191265019,20.858220989,0,0.100000000
26.001275301,19776,2815,0,11209,8567,16957,4094,1474,1477,659,818,8390,8567,1798,2296,1.151545883,1.722814558,377.102538473,1988.378051469,7.140159607,6,0.000000000,nan,nan,0.000000000,22.422252048,18.576646049,0.250401965,0.194530003,19.459147006,0,0.100000000
26.100625753,19872,2820,0,11149,8723,17048,4144,1440,1458,632,826,8327,8721,1791,2353,1.153469994,1.704711355,350.244007671,2087.268546643,7.089376450,25,0.000000000,nan,nan,0.000000000,29.446617002,22.786319023,0.226119999,0.160454016,23.606660019,0,0.100000000
26.200712681,19392,2505,0,10843,8549,16883,4147,1439,1447,653,794,8347,8536,1839,2308,1.166076362,1.704455032,357.011937395,2068.927037410,7.165908813,29,0.000000000,nan,nan,0.000000000,17.716307018,10.364670015,0.155385060,0.148031977,10.928062024,0,0.100000000
26.299959183,19968,3175,0,11576,8392,16789,4101,1402,1410,626,784,8425,8364,1774,2327,1.130191551,1.732595179,310.711742480,2086.976171372,8.174896240,23,0.000000000,nan,nan,0.000000000,28.170411999,18.942347029,0.183407043,0.136032002,19.573793979,0,0.100000000
26.403563261,20256,3301,0,11357,8899,16951,4201,1497,1488,676,812,8082,8869,1814,2387,1.185398593,1.675224185,342.867856989,2141.582735627,7.483243942,15,0.000000000,nan,nan,0.000000000,26.598965982,18.813995994,0.229581026,0.349886017,19.697398006,0,0.100000000
26.500579357,19968,3213,0,11558,8410,16751,4100,1434,1446,656,790,8375,8376,1789,2311,1.113973977,1.741851596,317.149937739,2051.754665409,8.334636688,25,0.000000000,nan,nan,0.000000000,17.658915953,10.342647962,0.159787014,0.154203968,10.899715999,0,0.100000000
26.602061033,19968,3345,0,11308,8660,16619,4168,1503,1511,689,822,8001,8618,1768,2400,1.161456854,1.718712177,323.142786321,2119.233194362,6.078243256,20,0.000000000,nan,nan,0.000000000,30.051199021,22.494212084,0.255380990,0.209335005,23.399584985,0,0.100000000
26.700327396,19968,3367,0,11660,8308,16597,4158,1444,1447,647,800,8324,8273,1815,2343,1.134829745,1.754886010,303.868879066,2108.746212044,7.480144501,20,0.000000000,nan,nan,0.000000000,17.379643046,13.963364938,0.203704927,0.163506018,14.668777003,0,0.100000000
26.799762487,20160,3311,0,11554,8606,16845,4222,1568,1569,721,848,8269,8576,1855,2367,1.197484439,1.690020310,335.133661555,2189.863869463,6.402015686,16,0.000000000,nan,nan,0.000000000,21.525204007,14.532184985,0.181044976,0.175275025,15.205066011,0,0.100000000
26.900586605,20064,3492,0,11763,8301,16568,4175,1440,1433,651,782,8301,8267,1839,2336,1.141247608,1.742832256,286.784686020,2031.046725038,9.158611298,21,0.000000000,nan,nan,0.000000000,24.585417996,18.160369014,0.222519971,0.161122007,18.963712035,0,0.100000000
27.000552416,19968,3341,0,11339,8629,16623,4048,1427,1417,649,768,8031,8592,1719,2329,1.141429354,1.673719466,294.837285993,1957.916980682,8.545398712,23,0.000000000,nan,nan,0.000000000,18.841994053,13.853718992,0.169726904,0.147901010,14.447875961,0,0.100000000
27.100255489,19968,3556,0,11502,8466,16408,4017,1410,1409,636,773,7979,8429,1686,2331,1.198726397,1.718465920,286.137290563,1835.116816314,7.695198059,20,0.000000000,nan,nan,0.000000000,17.086998036,11.382430908,0.160423981,0.147693034,11.956426955,0,0.100000000
27.199655771,19968,3488,0,11336,8632,16476,3926,1399,1407,598,809,7883,8593,1586,2340,1.161481857,1.678939008,308.151797963,1751.474635614,6.253004074,20,0.000000000,nan,nan,0.000000000,17.248876975,9.776256979,0.155996997,0.166574027,10.331889964,0,0.100000000
27.301952362,20448,3809,0,11687,8761,16635,4105,1464,1471,640,831,7906,8729,1676,2429,1.214571099,1.736385313,316.116346763,1731.660225991,5.824327469,11,0.000000000,nan,nan,0.000000000,20.662973984,17.179924005,0.238335982,0.159849005,18.026074977,0,0.100000000
27.400508642,19488,3532,0,11158,8330,15952,3827,1360,1341,570,771,7646,8306,1542,2285,1.192703823,1.719534520,292.424807374,1499.136155119,8.152723312,20,0.000000000,nan,nan,0.000000000,31.698806037,26.291172951,0.254580984,0.176467001,27.311471989,0,0.100000000
27.500717402,20064,3901,0,11532,8532,16159,3991,1448,1445,637,808,7644,8515,1634,2357,1.209477175,1.747305410,288.106726727,1613.360568658,8.505105972,27,0.000000000,nan,nan,0.000000000,27.717250981,19.535886997,0.190315011,0.145852973,20.202732994,0,0.100000000
27.599788427,20736,3827,0,11985,8751,16905,3947,1373,1370,624,746,8164,8741,1665,2282,1.186378535,1.667387496,329.444218553,1438.161151324,6.041765213,7,0.000000000,nan,nan,0.000000000,16.634511994,13.978121977,0.218981993,0.168256985,14.872238971,0,0.100000000
27.700827122,19968,3959,0,11465,8503,16005,3924,1439,1454,648,806,7506,8499,1639,2285,1.229538345,1.702149803,330.757267302,1590.267427047,7.924318314,35,0.000000000,nan,nan,0.000000000,26.998871996,20.341553958,0.215646112,0.174790970,21.077551995,0,0.100000000
27.801991463,19872,3900,0,11458,8414,15968,3866,1359,1369,613,756,7558,8410,1620,2246,1.220352146,1.685690466,324.857331615,1390.911129116,5.385398865,2,0.000000000,nan,nan,0.000000000,11.916871008,9.561002953,0.171751017,0.208182028,10.163202009,0,0.100000000
27.900254726,20160,4132,0,11424,8736,16024,3955,1474,1471,672,799,7292,8732,1634,2321,1.227235664,1.674880136,342.248552586,1509.729056409,8.448123932,34,0.000000000,nan,nan,0.000000000,18.078795983,10.437021032,0.160280964,0.162295008,11.011291994,0,0.100000000
28.000605106,19872,4006,0,11485,8387,15862,3893,1327,1342,624,718,7477,8385,1637,2256,1.204198479,1.690807265,308.539454518,1348.483477918,6.123304367,5,0.000000000,nan,nan,0.000000000,19.779380993,16.723528039,0.218405039,0.140829012,17.494836007,0,0.100000000
28.099893808,20160,4219,0,11622,8538,15937,3868,1467,1484,708,776,7403,8534,1615,2253,1.277350797,1.680982897,347.424604533,1647.940269038,8.509159088,35,0.000000000,nan,nan,0.000000000,16.598212998,12.179235986,0.167816994,0.150220003,12.755303003,0,0.100000000
28.200479746,19872,4068,0,11455,8417,15800,3769,1307,1304,625,679,7383,8417,1576,2193,1.202185532,1.700349689,307.004024825,1436.280557164,9.212493896,5,0.000000000,nan,nan,0.000000000,18.081291986,15.349414025,0.207512989,0.155864982,16.104907030,0,0.100000000
28.300746202,19968,4218,0,11356,8612,15746,3857,1492,1484,675,809,7134,8612,1567,2290,1.283716533,1.697079893,346.069386966,1701.992630854,9.663820267,38,0.000000000,nan,nan,0.000000000,27.594416984,19.124982005,0.249601086,0.156056951,19.964823965,0,0.100000000
28.399863720,20064,4150,0,11601,8463,15910,3823,1332,1331,598,733,7447,8463,1548,2275,1.149685993,1.724583469,334.988825828,1255.987898991,10.014533997,18,0.000000000,nan,nan,0.000000000,25.988349982,18.137682986,0.166658021,0.155706017,18.688559008,0,0.100000000
28.499866962,20064,4335,0,11312,8752,15725,3857,1433,1459,659,800,6973,8752,1549,2308,1.214958841,1.709255836,359.807542982,1870.238034067,7.195234299,21,0.000000000,nan,nan,0.000000000,33.796468982,25.771198038,0.353261014,0.158253009,26.894008974,0,0.100000000
28.600825310,20160,4257,0,11465,8695,15899,3932,1443,1439,619,820,7208,8691,1587,2345,1.210088052,1.758073996,365.391557893,1376.716887906,7.895469666,18,0.000000000,nan,nan,0.000000000,18.977230997,14.224892017,0.234225008,0.159514020,15.030370967,0,0.100000000
28.700283289,19872,4253,0,11304,8568,15615,3803,1507,1500,647,853,7048,8567,1532,2271,1.272122102,1.675507358,363.133206763,1900.112770196,5.603790283,5,0.000000000,nan,nan,0.000000000,14.028056990,11.612228933,0.176200876,0.161685981,12.257369002,0,0.100000000
28.799794674,20160,4570,0,11673,8487,15586,3810,1450,1447,649,798,7100,8486,1553,2257,1.272294388,1.741086138,319.651367861,1386.557335304,7.225513458,22,0.000000000,nan,nan,0.000000000,17.366545042,9.793789010,0.158700976,0.141190016,10.354786995,0,0.100000000
28.900737524,20064,4419,0,11634,8430,15641,3781,1491,1487,670,817,7211,8430,1563,2218,1.390234460,1.672930236,335.308965095,1691.499866358,7.731676102,35,0.000000000,nan,nan,0.000000000,25.916864048,17.596489051,0.222695002,0.146792969,18.311787979,0,0.100000000
29.000831127,19968,4626,0,11687,8281,15338,3880,1510,1502,684,818,7060,8278,1613,2267,1.369411374,1.723109355,334.419743259,1543.711022476,6.192922592,21,0.000000000,nan,nan,0.000000000,31.178313016,23.416287964,0.241262023,0.148580992,24.221225001,0,0.100000000
29.100678205,19968,4646,0,11694,8274,15318,3824,1470,1470,675,795,7053,8265,1604,2220,1.338747196,1.685506198,322.102113589,1658.525535111,10.362386703,20,0.000000000,nan,nan,0.000000000,25.612978963,17.030126008,0.190373044,0.151016982,17.684885010,0,0.100000000
29.200789690,20064,4755,0,11754,8310,15305,3831,1465,1460,670,790,7029,8276,1623,2208,1.419908067,1.681961214,317.504803843,1573.419468952,6.542921066,19,0.000000000,nan,nan,0.000000000,30.322415987,22.258196026,0.264720933,0.169868988,23.136320990,0,0.100000000
29.300779819,19968,4795,0,11809,8159,15169,3868,1445,1442,675,767,7114,8055,1677,2191,1.431164086,1.718290711,323.846576447,1556.019124119,8.012771606,22,0.000000000,nan,nan,0.000000000,24.407407967,20.520838967,0.240464055,0.138956995,21.352864977,0,0.100000000
29.400644064,19968,4781,0,11738,8230,15183,3980,1478,1483,697,786,7094,8089,1696,2284,1.513885753,1.761820033,328.587192431,1633.035788575,9.148120880,20,0.000000000,nan,nan,0.000000000,20.472111995,14.033114945,0.189650105,0.143065001,14.670554956,0,0.100000000
29.500276089,20064,4896,0,11914,8150,15164,3910,1439,1436,672,764,7189,7975,1709,2201,1.468233294,1.748323202,328.479414579,1669.938567521,7.939577103,18,0.000000000,nan,nan,0.000000000,16.942857008,13.131571875,0.186869933,0.142166973,13.767786033,0,0.100000000
29.600870371,20064,4952,0,11923,8141,15108,3879,1452,1459,700,759,7161,7947,1696,2183,1.630303652,1.745013786,308.546892920,1829.488628290,7.598638535,6,0.000000000,nan,nan,0.000000000,12.100977998,9.861890983,0.181994052,0.158241019,10.458756995,0,0.100000000
29.704553127,19200,4862,0,11827,7373,14334,3715,1375,1368,671,697,7157,7177,1658,2057,1.560623290,1.840030997,297.754223647,1697.026650223,7.384777069,30,0.000000000,nan,nan,0.000000000,17.482305993,14.455939003,0.237355009,0.149136002,15.323873027,0,0.100000000
29.800037146,20736,5121,0,12177,8559,15611,3930,1526,1518,730,788,7280,8331,1732,2198,1.738070594,1.688117005,324.613139166,2000.045294113,6.204366684,12,0.000000000,nan,nan,0.000000000,28.267169022,20.029108040,0.222560018,0.142158999,20.787863992,0,0.100000000
29.900783539,19968,5115,0,12264,7704,14849,3812,1435,1446,686,760,7357,7492,1653,2159,1.553598681,1.755164340,305.906335948,1860.755345649,7.491827011,33,0.000000000,nan,nan,0.000000000,29.943306989,23.121694045,0.331957068,0.151176995,24.244627042,0,0.100000000
30.000762463,20064,5225,0,12069,7995,14835,3868,1473,1476,729,747,7083,7752,1713,2155,1.703474984,1.698032970,318.497558806,2047.516766293,7.001161575,19,0.000000000,nan,nan,0.000000000,23.590162979,17.944275984,0.305030029,0.191631028,18.940106034,0,0.100000000
30.100697279,19776,5208,0,12102,7674,14564,3875,1504,1505,735,770,7130,7434,1750,2125,1.720270249,1.736408212,304.091214636,1979.022327208,7.708311081,20,0.000000000,nan,nan,0.000000000,28.654102993,22.828963003,0.408582040,0.169931969,24.299849989,0,0.100000000
30.201394081,20160,5415,0,12133,8027,14741,3854,1486,1496,779,717,6979,7762,1767,2087,1.750041441,1.617821291,280.188307856,2158.896449357,6.886005402,15,0.000000000,nan,nan,0.000000000,22.326887993,17.178111011,0.259776018,0.147339015,18.064067990,0,0.100000000
30.300402164,20064,5451,0,12303,7761,14609,3860,1464,1472,783,689,7102,7507,1829,2031,1.774960655,1.710992987,293.567008050,2093.246255372,8.331060410,25,0.000000000,nan,nan,0.000000000,24.242179992,16.981321969,0.185574056,0.163231976,17.666525033,0,0.100000000
30.405013800,19776,5519,0,12180,7596,14253,3863,1531,1530,825,705,6893,7360,1859,2004,1.849539692,1.572420516,285.117226140,2339.510804174,6.965160370,6,0.000000000,nan,nan,0.000000000,11.711601983,9.660452954,0.179393042,0.162851997,10.254181980,0,0.100000000
30.499864101,20160,5595,0,12443,7717,14561,3995,1601,1653,881,772,7075,7486,1937,2058,1.856294412,1.672942138,337.433873175,2485.149800336,7.903575897,32,0.000000000,nan,nan,0.000000000,17.251030018,14.010254003,0.229395926,0.218433037,14.817674004,0,0.100000000
30.600577116,19680,5486,0,12322,7358,14190,3823,1549,1518,853,665,7021,7169,1928,1895,1.939311454,1.498077476,295.442531070,2344.661445494,6.162405014,9,0.000000000,nan,nan,0.000000000,17.816781998,11.049227032,0.166502956,0.216841989,11.648819025,0,0.100000000
30.701540709,20352,5591,0,12623,7729,14757,3942,1600,1576,888,688,7228,7529,1957,1985,2.008920369,1.584000598,326.391888998,2438.289818208,8.724212646,28,0.000000000,nan,nan,0.000000000,30.854279990,23.257255962,0.345063920,0.305008027,24.408561992,0,0.100000000
30.800631046,19872,5660,0,12487,7385,14208,3757,1552,1544,857,687,7017,7191,1879,1878,2.071720540,1.523726062,305.792021457,2294.449391840,5.774974823,9,0.000000000,nan,nan,0.000000000,16.617040965,10.909692093,0.168616010,0.171472959,11.504859023,0,0.100000000
30.901957512,20064,5609,0,12643,7421,14451,3882,1573,1565,932,633,7222,7229,1955,1927,2.148747662,1.505870159,311.948375311,2177.426591079,8.785486221,36,0.000000000,nan,nan,0.000000000,32.255726983,23.915889964,0.390877947,0.180670992,25.162442005,0,0.100000000
31.000493288,20064,5787,0,12783,7281,14273,3740,1476,1494,826,668,7188,7085,1832,1908,2.227816633,1.539944780,330.999073776,2289.845711375,7.649898529,20,0.000000000,nan,nan,0.000000000,18.673499988,14.704942936,0.241180009,0.187220052,15.540773980,0,0.100000000
31.100810766,19968,5642,0,12500,7468,14322,3769,1482,1482,851,631,7075,7247,1864,1905,2.292714697,1.444896211,304.719248756,2279.527829312,5.816936493,5,0.000000000,nan,nan,0.000000000,11.777592008,9.552216972,0.168602041,0.139055948,10.143391963,0,0.100000000
31.201568365,19968,5547,0,12628,7340,14417,3895,1552,1547,884,663,7272,7145,1951,1944,2.287537046,1.459491030,333.012803480,2220.801026873,7.289171219,37,0.000000000,nan,nan,0.000000000,27.624260983,18.962542992,0.212009007,0.178868009,19.696248055,0,0.100000000
31.300085783,19680,5325,0,12324,7356,14351,3843,1511,1494,899,595,7171,7180,1912,1931,2.293396526,1.415242553,297.185117407,2211.192243726,6.244897842,21,0.000000000,nan,nan,0.000000000,27.797284012,20.393002022,0.207560079,0.138078991,21.124719002,0,0.100000000
31.400032759,20160,5659,0,12818,7342,14497,3863,1552,1552,914,638,7268,7229,1961,1902,2.297866633,1.397550004,299.427980877,2126.712042196,8.915424347,17,0.000000000,nan,nan,0.000000000,28.715197986,21.455511043,0.218760921,0.177983020,22.228410002,0,0.100000000
31.500053644,20160,5796,0,12835,7325,14360,3745,1461,1469,860,609,7133,7227,1839,1906,2.304188610,1.394419540,316.585362873,2221.516820625,7.101297379,12,0.000000000,nan,nan,0.000000000,26.774792990,19.649065973,0.204799057,0.149776053,20.388934005,0,0.100000000
31.600234985,20064,5629,0,12584,7480,14431,3831,1453,1450,873,577,7029,7402,1868,1963,2.324234504,1.420833843,298.357953478,2009.529593731,8.540391922,28,0.000000000,nan,nan,0.000000000,26.455735031,18.858121999,0.243261049,0.135788985,19.687087974,0,0.100000000
31.700405598,19968,5824,0,12793,7175,14140,3788,1541,1542,888,654,7039,7101,1914,1874,2.300480212,1.452008925,338.067261690,2042.665978041,6.117820740,8,0.000000000,nan,nan,0.000000000,26.666791004,21.900455002,0.320638996,0.285502989,22.976716980,0,0.100000000
31.800755262,20064,5702,0,12721,7343,14358,3964,1620,1603,964,639,7081,7277,2077,1887,2.345606504,1.408092717,353.279360863,2145.943202122,7.598161697,32,0.000000000,nan,nan,0.000000000,17.053701973,13.254561985,0.265270064,0.151840970,14.128224982,0,0.100000000
31.900705576,19776,5780,0,12557,7219,13992,3770,1594,1598,967,631,6830,7162,1984,1786,2.300403596,1.414578182,355.190364606,2091.622199502,5.789995193,6,0.000000000,nan,nan,0.000000000,20.971684018,17.422516947,0.270250952,0.175317982,18.358509988,0,0.100000000
31.999938250,20160,5695,0,12733,7427,14461,4063,1621,1608,980,628,7091,7370,2111,1952,2.345331227,1.379938762,383.568625758,2135.281835747,9.146690369,32,0.000000000,nan,nan,0.000000000,25.506145030,17.383811937,0.223569048,0.319001963,18.168213021,0,0.100000000
32.100518703,19872,5777,0,12607,7265,14091,3903,1596,1600,1050,550,6868,7223,2112,1791,2.337421868,1.370014910,370.310525522,1973.674729066,7.950782776,25,0.000000000,nan,nan,0.000000000,23.403625994,17.582631030,0.240548921,0.196846959,18.383693998,0,0.100000000
32.199754477,19872,5761,0,12475,7397,14091,3903,1565,1562,1004,558,6868,7223,2112,1791,2.337421868,1.370014910,348.574674331,1831.784261680,nan,nan,nan,nan,nan,0.000000000,12.744659034,11.130661005,0.191976957,0.185574987,11.805290007,0,0.100000000
32.300876379,20256,5955,0,13000,7256,14297,3845,1494,1474,1001,473,7074,7223,2139,1706,2.355535890,1.280395230,343.385107946,1628.189500428,6.790637970,34,0.000000000,nan,nan,0.000000000,12.196324999,9.846385103,0.183219032,0.203919946,10.461630009,0,0.100000000
32.400121689,19968,5834,0,12656,7312,14130,3797,1520,1528,998,530,6866,7264,2106,1691,2.411823649,1.231552060,338.325789047,1665.077070586,6.661415100,24,0.000000000,nan,nan,0.000000000,26.866850036,20.393644983,0.240214053,0.215583015,21.222388023,0,0.100000000
32.500147343,19968,5783,0,12769,7199,14181,3841,1489,1467,980,487,7037,7144,2164,1677,2.390168668,1.204068751,286.527557083,1657.622164686,6.367206573,21,0.000000000,nan,nan,0.000000000,16.521235986,12.206282001,0.166131009,0.179427036,12.807237974,0,0.100000000
32.600558519,19968,5933,0,12772,7196,14031,3694,1457,1430,944,486,6897,7134,2125,1569,2.425453474,1.207035992,293.590568770,1646.704149403,8.129835129,20,0.000000000,nan,nan,0.000000000,35.958410008,28.184894996,0.352645991,0.186270045,29.369822005,0,0.100000000
32.700257540,19968,5766,0,12622,7346,14198,3899,1493,1472,986,486,6911,7287,2178,1721,2.375815621,1.243865710,317.081922537,1628.490923222,6.797552109,20,0.000000000,nan,nan,0.000000000,15.726472018,12.857869093,0.188291073,0.241391012,13.579179998,0,0.100000000
32.800262928,19968,5855,0,12675,7293,14109,3771,1445,1436,973,463,6896,7213,2137,1634,2.392178353,1.236245100,310.734816472,1474.013018427,8.211135864,20,0.000000000,nan,nan,0.000000000,27.246147976,19.580343913,0.246963114,0.171558000,20.443001005,0,0.100000000
32.900183916,19968,5736,0,12465,7503,14228,3882,1476,1476,1022,454,6827,7401,2248,1634,2.385215069,1.235936437,341.279970594,1554.879017202,8.129596710,6,0.000000000,nan,nan,0.000000000,19.901377033,17.163520912,0.332537107,0.317058992,18.261744000,0,0.100000000
33.000109673,19872,5865,0,12602,7270,14003,3799,1463,1459,975,484,6905,7098,2155,1644,2.351383782,1.261680398,348.098957751,1590.182213033,6.065368652,15,0.000000000,nan,nan,0.000000000,33.980506996,28.509462951,0.363966043,0.160646974,29.807977029,0,0.100000000
33.099852800,20160,5844,0,12647,7513,14312,3917,1508,1482,1003,479,7039,7273,2238,1679,2.432280808,1.260648646,365.422491899,1464.291805604,7.472276688,35,0.000000000,nan,nan,0.000000000,20.628288039,17.027730006,0.258298940,0.170381041,17.876429018,0,0.100000000
33.200472593,19392,5804,0,12218,7174,13584,3733,1448,1447,951,496,6700,6884,2078,1655,2.297338978,1.261614812,348.370150288,1435.563138761,7.842302322,14,0.000000000,nan,nan,0.000000000,20.798222977,16.071517020,0.210211962,0.154367997,16.817577009,0,0.100000000
33.300219774,20448,5917,0,12646,7802,14527,3952,1515,1507,1006,501,7107,7420,2188,1764,2.423454165,1.284510222,363.939145637,1435.537267534,7.583856583,21,0.000000000,nan,nan,0.000000000,27.601687005,22.322875971,0.351848023,0.348709989,23.571477970,0,0.100000000
33.400093317,19968,5795,0,12463,7505,14169,3862,1469,1483,968,515,7078,7091,2113,1749,2.294100586,1.275718204,349.545896918,1483.415874531,7.341861725,28,0.000000000,nan,nan,0.000000000,25.140596030,19.311661017,0.198435038,0.147607003,20.050194988,0,0.100000000
33.500189781,20256,5896,0,12376,7880,14356,3982,1535,1522,986,536,6918,7438,2168,1814,2.332253223,1.280325910,370.134254533,1579.099661960,6.462574005,15,0.000000000,nan,nan,0.000000000,21.801811003,15.442122938,0.172155036,0.162544020,16.034267959,0,0.100000000
33.600579739,20064,5807,0,12380,7684,14253,3901,1479,1489,958,531,7093,7160,2113,1788,2.278741066,1.328321701,317.395511647,1416.400529474,7.005214691,24,0.000000000,nan,nan,0.000000000,18.998854037,15.327782952,0.188482984,0.153731031,16.010844032,0,0.100000000
33.703587055,19968,5688,0,12078,7890,14276,3869,1443,1430,870,560,6932,7344,2059,1810,2.314009831,1.312032601,323.425316405,1496.113214192,6.123065948,22,0.000000000,nan,nan,0.000000000,26.885241969,19.034404948,0.207540928,0.153360947,19.769983948,0,0.100000000
33.802896738,19872,5817,0,12268,7604,14051,3826,1489,1490,937,553,7083,6968,2094,1732,2.261568670,1.322372483,320.868412799,1584.662725601,5.818367004,2,0.000000000,nan,nan,0.000000000,12.339017994,10.112238990,0.200804905,0.196040026,10.809607978,0,0.100000000
33.899907589,20160,5836,0,12459,7701,14320,3887,1501,1482,930,552,7230,7090,2145,1742,2.387225856,1.317354831,328.035654070,1478.717167560,7.984161377,33,0.000000000,nan,nan,0.000000000,17.602637003,10.717668978,0.163063058,0.184684992,11.299792037,0,0.100000000
34.002188921,19584,5833,0,12081,7503,13747,4004,1504,1503,955,548,6896,6851,2236,1768,2.201199960,1.324157509,317.959995742,1608.193223192,6.113290787,12,0.000000000,nan,nan,0.000000000,23.223369964,17.247693031,0.223699957,0.160270021,18.009322986,0,0.100000000
34.101558447,20352,6092,0,12977,7375,14256,4123,1521,1495,972,523,7550,6706,2397,1726,2.370347292,1.335322824,323.925471262,1535.710904336,9.105443954,26,0.000000000,nan,nan,0.000000000,19.716487033,15.534922015,0.269028998,0.185490004,16.484714986,0,0.100000000
34.200135469,19968,5924,0,12577,7391,14040,4128,1491,1493,1006,487,7354,6686,2426,1702,2.257061686,1.294132304,347.726394093,1396.656365218,8.838891983,26,0.000000000,nan,nan,0.000000000,27.738498989,20.277139032,0.230295991,0.218272966,21.085918008,0,0.100000000
34.301208735,20160,6042,0,12821,7339,14114,4226,1595,1572,1090,482,7484,6630,2566,1660,2.278066447,1.241220367,370.280916182,1583.856743250,3.808021545,2,0.000000000,nan,nan,0.000000000,28.154344996,20.913465996,0.222844887,0.231746992,21.690141992,0,0.100000000
34.400640011,19872,5817,0,12689,7183,14114,4226,1524,1523,1028,495,7484,6630,2566,1660,2.278066447,1.241220367,336.899096653,1502.226098298,nan,nan,nan,nan,nan,0.000000000,12.194406008,10.698911035,0.171631982,0.175088993,11.295875011,0,0.100000000
34.501353741,19872,5858,0,12968,6904,14114,4226,1562,1563,1068,495,7484,6630,2566,1660,2.278066447,1.241220367,349.304542236,1541.354005151,nan,nan,nan,nan,nan,0.000000000,12.212390022,10.663260007,0.195560046,0.185052981,11.293189018,0,0.100000000
34.600653172,20256,5667,0,12803,7453,14114,4226,1530,1531,1035,496,7484,6630,2566,1660,2.278066447,1.241220367,345.725546914,1526.454179461,nan,nan,nan,nan,nan,0.000000000,11.434257030,10.031557002,0.129345979,0.199898030,10.486328043,0,0.100000000
34.700803280,19968,5545,0,12980,6988,14114,4226,1563,1562,1067,495,7484,6630,2566,1660,2.278066447,1.241220367,354.642687229,1549.691167876,nan,nan,nan,nan,nan,0.000000000,11.749848956,10.307086108,0.145317987,0.169760024,10.788361018,0,0.100000000
34.800638914,19776,5509,0,12605,7171,14114,4226,1530,1531,1036,495,7484,6630,2566,1660,2.278066447,1.241220367,345.443398274,1525.501285383,nan,nan,nan,nan,nan,0.000000000,12.010172009,10.489322944,0.169574982,0.217163994,11.066542007,0,0.100000000
34.899644375,19584,5234,0,12843,6741,14114,4226,1547,1548,1066,482,7484,6630,2566,1660,2.278066447,1.241220367,352.299575675,1518.539249225,nan,nan,nan,nan,nan,0.000000000,14.959847031,13.298609934,0.191561005,0.159277988,13.970181986,0,0.100000000
34.999822617,20640,5284,0,13148,7492,14114,4226,1527,1527,1038,489,7484,6630,2566,1660,2.278066447,1.241220367,345.521561257,1504.623238333,nan,nan,nan,nan,nan,0.000000000,17.197853944,15.178580070,0.222881034,0.438864983,16.004981007,0,0.100000000
35.100541830,19872,4966,0,12756,7116,14114,4226,1555,1555,1066,489,7484,6630,2566,1660,2.278066447,1.241220367,353.532758039,1526.880233589,nan,nan,nan,nan,nan,0.000000000,25.108987989,22.351307969,0.229432888,0.319067040,23.201444012,0,0.100000000
35.200358391,19872,5017,0,12647,7225,14114,4226,1526,1526,1037,489,7484,6630,2566,1660,2.278066447,1.241220367,344.840503047,1506.403886844,nan,nan,nan,nan,nan,0.000000000,20.787734014,18.568798027,0.224419928,0.194172957,19.358474994,0,0.100000000
35.301101208,20064,4932,0,12947,7117,15128,4260,1264,1569,998,571,8649,6479,2587,1673,2.076712018,1.353778026,453.241242468,1423.230193543,7.450580597,22,0.000000000,nan,nan,0.000000000,14.677467989,11.816065002,0.202363997,0.650652975,12.514903967,0,0.100000000
35.404148340,20256,4961,0,12913,7343,15291,4313,1792,1785,1163,622,8523,6768,2562,1751,2.103260564,1.381506949,450.123674044,1831.742905982,6.016254425,11,0.000000000,nan,nan,0.000000000,14.406150032,11.543455999,0.238238950,0.366164022,12.442708015,0,0.100000000
35.500817776,19968,4731,0,12831,7137,15233,4308,1781,1751,1159,592,8632,6601,2578,1730,2.064023620,1.421903310,455.382152315,1783.695781257,7.767915726,30,0.000000000,nan,nan,0.000000000,20.750596013,15.824055939,0.294870988,0.249728037,16.843215039,0,0.100000000
35.600590229,19968,4671,0,12901,7067,15293,4389,1688,1667,1072,595,8676,6617,2555,1834,2.057536864,1.502064223,433.628815413,1228.343297839,9.307861328,20,0.000000000,nan,nan,0.000000000,23.218533024,18.140467000,0.282957975,0.319055980,19.144838036,0,0.100000000
35.700123549,19968,4451,0,12803,7165,15513,4363,1667,1656,1065,591,8775,6738,2540,1823,2.036083750,1.459846282,429.867432222,1482.740018002,7.814168930,20,0.000000000,nan,nan,0.000000000,18.106943986,14.123092929,0.180273957,0.243363960,14.769900008,0,0.100000000
35.800236940,20064,4375,0,13029,7035,15685,4332,1635,1644,1031,613,8987,6698,2505,1827,2.049877325,1.492710965,411.764423503,1432.001160066,6.988525391,18,0.000000000,nan,nan,0.000000000,22.424484952,17.775021959,0.263834954,0.190974970,18.666128977,0,0.100000000
35.900704622,19968,4177,0,12781,7187,15787,4383,1606,1601,965,636,8871,6916,2447,1936,2.005957433,1.478625157,402.440119022,1317.786380554,7.795333862,22,0.000000000,nan,nan,0.000000000,27.286411962,21.209730010,0.228125020,0.193137035,21.997135016,0,0.100000000
36.000408888,19968,3884,0,12728,7240,16080,4430,1602,1597,957,640,9065,7015,2466,1964,1.988863259,1.454334905,403.878333635,1332.074366199,9.012699127,20,0.000000000,nan,nan,0.000000000,27.371321979,18.951651000,0.195533095,0.209113001,19.635960984,0,0.100000000
36.101737022,20064,3768,0,12689,7375,16292,4589,1624,1603,948,655,9066,7226,2525,2064,2.002610644,1.406624672,413.488476559,1424.464099893,8.717060089,19,0.000000000,nan,nan,0.000000000,16.433080018,12.376646046,0.197606976,0.257200038,13.060807949,0,0.100000000
36.200158358,19776,3182,0,12312,7464,16590,4676,1704,1706,1036,670,9210,7380,2640,2036,2.007339786,1.330841576,420.136235471,1482.756468373,8.318901062,21,0.000000000,nan,nan,0.000000000,20.684783987,12.991467025,0.209291989,0.256670988,13.693846005,0,0.100000000
36.299904108,19968,3246,0,12406,7562,16718,4648,1652,1629,999,630,9194,7524,2633,2015,2.028948112,1.305931491,414.331265852,1644.611923016,6.791353226,20,0.000000000,nan,nan,0.000000000,14.355473046,11.519805994,0.185636978,0.255096005,12.154010998,0,0.100000000
36.400480032,19584,3136,0,12023,7561,16444,4729,1647,1651,993,658,8885,7559,2740,1989,2.133613029,1.273163376,413.476068546,1438.068290076,5.994796753,4,0.000000000,nan,nan,0.000000000,14.300671988,11.853046017,0.183110998,0.201702002,12.506311003,0,0.100000000
36.499989271,20064,3266,0,12636,7428,16794,4810,1798,1762,1153,609,9366,7428,2862,1948,2.084270130,1.299337699,485.472355170,1813.590146850,7.115840912,34,0.000000000,nan,nan,0.000000000,19.726695027,12.409957009,0.197317975,0.244133000,13.085835031,0,0.100000000
36.599872112,19968,3402,0,12361,7607,16562,4780,1701,1725,1114,611,8955,7607,2825,1955,2.237946858,1.294428033,484.784476654,1654.626186884,8.093118668,22,0.000000000,nan,nan,0.000000000,30.475735024,21.305793955,0.208982907,0.260142027,22.055907990,0,0.100000000
36.700151205,19584,3184,0,12047,7537,16396,4639,1548,1553,979,574,8859,7537,2817,1822,2.185807623,1.310469374,443.048685287,1443.569397251,5.795717239,7,0.000000000,nan,nan,0.000000000,14.358862012,11.930116045,0.195514003,0.238948967,12.595283973,0,0.100000000
36.801171541,20352,3238,0,12533,7819,17110,4429,1569,1532,961,571,9291,7819,2728,1701,2.457184918,1.312489641,441.308158582,1317.324182256,6.326913834,26,0.000000000,nan,nan,0.000000000,18.998046988,12.620748021,0.174194982,0.200740993,13.240954024,0,0.100000000
36.900416136,19680,3069,0,11960,7720,16607,4384,1613,1602,998,604,8887,7720,2763,1621,2.427313166,1.311182073,436.797141883,1345.837904745,7.931470871,12,0.000000000,nan,nan,0.000000000,31.037673005,22.453088895,0.255340943,0.196753012,23.400633014,0,0.100000000
37.000089884,19584,2922,0,11556,8028,16658,4356,1552,1563,956,607,8630,8028,2597,1759,2.418049782,1.321184328,419.025392778,1194.418690615,7.103681564,22,0.000000000,nan,nan,0.000000000,23.334400030,17.885449983,0.254984014,0.196876004,18.747691007,0,0.100000000
37.101559162,20352,3101,0,12502,7850,17247,4541,1682,1663,1015,648,9401,7846,2799,1742,2.417881620,1.334747521,462.772514547,1179.707500428,9.920120239,24,0.000000000,nan,nan,0.000000000,29.776370036,22.453523939,0.225349970,0.246669981,23.240059963,0,0.100000000
37.200246572,19776,2948,0,11702,8074,16824,4398,1591,1592,986,606,8750,8074,2628,1770,2.422471661,1.339125054,436.723194912,1082.203608532,6.879806519,11,0.000000000,nan,nan,0.000000000,13.895917044,11.258131010,0.178607006,0.203524018,11.883052997,0,0.100000000
37.300345898,20160,2995,0,12078,8082,17161,4409,1591,1594,950,644,9079,8082,2625,1784,2.380334548,1.354344087,437.667576537,1059.826529138,83.328247070,5,1.000000000,nan,nan,0.000000000,29.197269003,20.380962989,0.213998952,0.223022013,21.089388989,0,0.100000000
37.400335073,19968,2889,0,11711,8257,17075,4343,1533,1535,923,612,8821,8254,2557,1786,2.383773671,1.333627087,437.161850991,954.841439346,55.392742157,3,1.000000000,nan,nan,0.000000000,28.301940009,19.595146994,0.193166954,0.200169976,20.262801030,0,0.100000000
37.500277042,20064,2893,0,11745,8319,17075,4343,1556,1552,973,579,8821,8254,2557,1786,2.383773671,1.333627087,445.280846270,911.522939288,nan,nan,nan,nan,nan,0.000000000,12.579442991,10.830335028,0.189000973,0.181154988,11.435043998,0,0.100000000
37.600928307,19968,2750,0,11631,8337,17075,4343,1613,1610,1009,601,8821,8254,2557,1786,2.383773671,1.333627087,448.128626430,1095.739079577,nan,nan,nan,nan,nan,0.000000000,12.618932000,10.881809925,0.197633984,0.184396980,11.522013985,0,0.100000000
37.701338291,19968,2879,0,11726,8242,17075,4343,1598,1598,995,603,8821,8254,2557,1786,2.383773671,1.333627087,448.228206051,1082.631430427,nan,nan,nan,nan,nan,0.000000000,13.084375998,11.267938942,0.200604030,0.182994001,11.917052034,0,0.100000000
37.801697731,19968,2786,0,11837,8131,17178,4481,1661,1589,990,599,9047,8131,2661,1820,2.329008607,1.444919727,456.271051975,1071.710170789,nan,1,nan,nan,nan,0.000000000,18.373726984,12.569991057,0.191587023,0.189965998,13.262371009,0,0.100000000
37.900686741,19968,2831,0,11730,8238,17178,4481,1569,1567,963,604,9047,8131,2661,1820,2.329008607,1.444919727,454.931908894,1045.228842534,nan,nan,nan,nan,nan,0.000000000,14.562037017,12.874101987,0.183860946,0.177705020,13.521723973,0,0.100000000
38.000489235,19776,2778,0,11704,8072,17178,4481,1574,1568,961,607,9047,8131,2661,1820,2.329008607,1.444919727,446.028240801,992.918890396,nan,nan,nan,nan,nan,0.000000000,13.471497979,11.765979056,0.203263946,0.160339987,12.437694997,0,0.100000000
38.099661112,19776,2789,0,11469,8307,16983,4631,1535,1642,983,659,8676,8307,2629,2002,2.286957309,1.500366895,466.723907097,1181.634356312,36.288738251,9,1.000000000,nan,nan,0.000000000,27.816504997,18.840047065,0.188082049,0.221835973,19.490850042,0,0.100000000
38.200049162,20448,2696,0,12233,8215,17748,4656,1615,1625,930,695,9533,8215,2621,2035,2.263866123,1.549051632,444.415041796,952.488678536,nan,1,nan,nan,nan,0.000000000,35.527438042,28.435468033,0.373351038,0.250358018,29.603768024,0,0.100000000
38.300371408,19392,2706,0,11110,8282,16682,4551,1629,1606,889,717,8403,8279,2471,2080,2.268225352,1.528956179,446.436001386,1087.656863042,4.103660583,2,0.000000000,nan,nan,0.000000000,21.751340013,16.363352013,0.227903947,0.182421005,17.104708997,0,0.100000000
38.400304317,20352,2743,0,12080,8272,17605,4661,1631,1617,890,727,9333,8272,2555,2106,2.230554635,1.614852106,447.886161693,1078.012174556,6.373405457,12,0.000000000,nan,nan,0.000000000,26.292280003,17.627020949,0.187283033,0.209596008,18.272916030,0,0.100000000
38.502276659,19968,2649,0,11405,8563,17605,4661,1624,1623,921,702,9333,8272,2555,2106,2.230554635,1.614852106,431.466880353,1085.305437014,nan,nan,nan,nan,nan,0.000000000,12.711916992,11.126890080,0.130678993,0.223531039,11.600047001,0,0.100000000
38.600099564,20256,2818,0,11878,8378,17434,4713,1618,1621,860,761,9059,8375,2563,2150,2.215983303,1.644615722,412.746233573,1042.808210815,nan,1,nan,nan,nan,0.000000000,15.875198005,12.370228011,0.178796996,0.206160010,13.007104979,0,0.100000000
38.700771809,19872,2472,0,11309,8563,17396,4720,1596,1629,878,751,8833,8563,2521,2199,2.214095958,1.627455050,447.008211876,1146.716660937,nan,1,nan,nan,nan,0.000000000,31.301650975,25.786397979,0.228103017,0.214303960,26.545170986,0,0.100000000
38.800588131,19968,2806,0,11819,8149,17396,4720,1582,1584,837,747,8833,8563,2521,2199,2.214095958,1.627455050,411.207029957,970.590677200,nan,nan,nan,nan,nan,0.000000000,13.176308013,11.515666032,0.175256981,0.166748010,12.113516976,0,0.100000000
38.901135206,20064,2492,0,11595,8469,17396,4720,1611,1612,863,749,8833,8563,2521,2199,2.214095958,1.627455050,416.154513388,1077.416690693,nan,nan,nan,nan,nan,0.000000000,13.687979023,11.877618032,0.214445987,0.170774991,12.577631976,0,0.100000000
39.000312090,20064,2883,0,11860,8204,17396,4720,1579,1582,834,748,8833,8563,2521,2199,2.214095958,1.627455050,417.850528335,960.624129363,nan,nan,nan,nan,nan,0.000000000,12.836159964,11.320649064,0.134855974,0.165596954,11.800278036,0,0.100000000
39.100041628,19776,2531,0,11410,8366,17396,4720,1614,1613,865,748,8833,8563,2521,2199,2.214095958,1.627455050,422.804690329,1082.990054980,nan,nan,nan,nan,nan,0.000000000,13.715990004,12.010962004,0.145715021,0.213442021,12.558807037,0,0.100000000
39.203327179,20256,2768,0,11629,8627,17484,4655,1487,1534,802,732,8857,8627,2472,2183,2.161015767,1.755571094,417.227191770,929.452665409,89.820384979,4,1.000000000,nan,nan,0.000000000,28.872129973,20.158881031,0.183358032,0.213788997,20.861833997,0,0.100000000
39.300632954,19872,2453,0,11418,8454,17415,4684,1641,1628,836,792,8965,8450,2430,2254,2.131063084,1.749940442,406.360615413,1056.747571893,5.548715591,8,0.000000000,nan,nan,0.000000000,14.062472037,11.574900011,0.185475103,0.196654000,12.212056026,0,0.100000000
39.400271654,19872,2627,0,11419,8453,17241,4712,1628,1640,832,808,8792,8449,2435,2277,2.147379249,1.752279352,406.500640987,1089.046605863,9.590864182,19,0.000000000,nan,nan,0.000000000,20.258506993,11.731002014,0.192555948,0.201048970,12.374514015,0,0.100000000
39.500395536,20160,2441,0,11569,8591,17241,4712,1605,1609,809,800,8792,8449,2435,2277,2.147379249,1.752279352,395.442880290,1058.211082923,nan,nan,nan,nan,nan,0.000000000,14.868864964,13.146478974,0.189640035,0.173243985,13.828600000,0,0.100000000
39.600545168,19872,2611,0,11327,8545,17241,4712,1642,1647,846,801,8792,8449,2435,2277,2.147379249,1.752279352,412.435196859,1116.416057421,nan,nan,nan,nan,nan,0.000000000,15.446116973,13.769779995,0.198847032,0.160084979,14.425122004,0,0.100000000
39.700551987,19776,2399,0,11339,8437,17373,4700,1557,1567,778,789,8936,8437,2413,2287,2.097978180,1.784316421,384.061811261,1093.517739248,44.450759888,5,1.000000000,nan,nan,0.000000000,20.013431960,12.416787969,0.168832019,0.194651016,13.017339981,0,0.100000000
39.800298691,20448,2569,0,11758,8690,17875,4688,1626,1640,802,838,9185,8690,2403,2285,2.118764484,1.775259447,411.995188175,1163.991989455,29.634475708,4,1.000000000,nan,nan,0.000000000,25.803972967,16.387942887,0.180137984,0.203278032,17.018754035,0,0.100000000
39.900685787,19968,2427,0,11397,8571,17537,4667,1644,1627,802,825,8970,8567,2372,2295,2.093112869,1.793925892,380.504394116,1102.295190191,3.826856613,2,0.000000000,nan,nan,0.000000000,17.048137961,13.963142002,0.189223036,0.208990008,14.592302963,0,0.100000000
40.000894547,20064,2464,0,11119,8945,17596,4615,1568,1593,769,824,8655,8941,2319,2296,2.111172126,1.779195871,380.776769355,1092.352543155,5.270004272,3,0.000000000,nan,nan,0.000000000,19.139223034,11.614888906,0.175567984,0.204436015,12.231022993,0,0.100000000
40.100786209,19968,2499,0,11379,8589,17465,4652,1642,1664,854,810,8880,8585,2387,2265,2.088575677,1.811523102,407.066460257,1316.619495736,nan,1,nan,nan,nan,0.000000000,30.118798953,21.440366050,0.201404968,0.208279002,22.134248982,0,0.100000000
40.200664759,19968,2351,0,11059,8909,17465,4652,1642,1637,839,798,8880,8585,2387,2265,2.088575677,1.811523102,394.511014365,1265.828294917,nan,nan,nan,nan,nan,0.000000000,13.794865983,11.906776053,0.205169024,0.218129018,12.580201961,0,0.100000000
40.300459862,20064,2582,0,11543,8521,17465,4652,1642,1646,834,812,8880,8585,2387,2265,2.088575677,1.811523102,414.480558534,1274.802170737,nan,nan,nan,nan,nan,0.000000000,12.847108010,11.227402021,0.146439939,0.170956017,11.717197020,0,0.100000000
40.400761127,19968,2289,0,11133,8835,17465,4652,1689,1685,876,809,8880,8585,2387,2265,2.088575677,1.811523102,420.145436521,1331.427252478,nan,nan,nan,nan,nan,0.000000000,14.109207026,12.410611031,0.155235059,0.211969018,12.981202977,0,0.100000000
40.500343800,20064,2642,0,11558,8506,17465,4652,1638,1639,829,810,8880,8585,2387,2265,2.088575677,1.811523102,411.948528757,1265.194743121,nan,nan,nan,nan,nan,0.000000000,13.775803032,11.966300081,0.153024041,0.172495027,12.506101048,0,0.100000000
40.600645065,19968,2331,0,11230,8738,17633,4993,1770,1840,961,879,8895,8738,2668,2325,2.112766921,1.804017067,461.601699793,1499.284809839,6.125450134,5,0.000000000,nan,nan,0.000000000,25.033954997,18.713981030,0.248836004,0.295228034,19.540704030,0,0.100000000
40.701619148,20064,2650,0,11375,8689,17633,4993,1767,1771,913,858,8895,8738,2668,2325,2.112766921,1.804017067,431.734318890,1205.888825302,nan,nan,nan,nan,nan,0.000000000,14.973289042,13.122677978,0.200392038,0.224187039,13.831127028,0,0.100000000
40.800532818,19776,2307,0,11182,8594,17633,4993,1834,1841,989,852,8895,8738,2668,2325,2.112766921,1.804017067,446.997259136,1250.750245919,nan,nan,nan,nan,nan,0.000000000,15.990227985,13.930468063,0.261151989,0.216667948,14.774924028,0,0.100000000
40.903210402,20256,2604,0,11349,8907,17648,5282,1845,1888,943,945,8745,8903,2911,2371,2.218881271,1.773846431,458.646696396,1276.113255353,5.605220795,2,0.000000000,nan,nan,0.000000000,16.000953969,13.250713004,0.203616975,0.287279952,13.957956980,0,0.100000000
41.000415325,19776,2001,0,11133,8643,17771,5327,1836,1850,1039,811,9132,8639,3156,2171,2.226891426,1.761775546,413.960696531,1349.451043656,nan,1,nan,nan,nan,0.000000000,16.955557978,13.592248957,0.223171955,0.268292963,14.317414025,0,0.100000000
41.100591421,19584,1809,0,10900,8684,17771,5199,1790,1771,998,773,9087,8684,3101,2098,2.247069332,1.734622018,456.984417686,1243.892681719,91.174840927,7,1.000000000,nan,nan,0.000000000,29.592211999,23.142878024,0.208105019,0.230209029,23.866782023,0,0.100000000
41.200285673,19872,2138,0,11321,8551,17771,5199,1783,1793,1006,787,9087,8684,3101,2098,2.247069332,1.734622018,459.375846306,1362.877969360,nan,nan,nan,nan,nan,0.000000000,16.217925993,14.182039944,0.231586979,0.317341008,14.914783009,0,0.100000000
41.300271511,20064,2322,0,11412,8652,17738,4874,1708,1688,934,754,9089,8649,2922,1952,2.249446375,1.756546619,448.458539499,1259.144742465,19.668340683,9,1.000000000,nan,nan,0.000000000,23.388212023,17.587686947,0.289366115,0.192438019,18.577731971,0,0.100000000
41.400245905,19584,2424,0,11153,8431,17738,4874,1726,1743,978,765,9089,8649,2922,1952,2.249446375,1.756546619,450.547165866,1198.652477664,nan,nan,nan,nan,nan,0.000000000,15.311823983,13.290239032,0.230356061,0.228388992,14.113538957,0,0.100000000
41.499946594,20352,2326,0,11532,8820,18022,4822,1737,1706,943,763,9202,8820,2890,1932,2.227423583,1.768867274,452.655361490,1309.950914748,nan,1,nan,nan,nan,0.000000000,20.498034952,12.184352963,0.190352031,0.213938998,12.837774993,0,0.100000000
41.600252867,19584,2311,0,11155,8429,18022,4822,1727,1733,959,774,9202,8820,2890,1932,2.227423583,1.768867274,472.081990943,1307.680419091,nan,nan,nan,nan,nan,0.000000000,14.125599992,12.502134952,0.145680911,0.193565036,13.018053025,0,0.100000000
41.698338985,20448,2320,0,11425,9023,18022,4822,1730,1730,952,778,9202,8820,2890,1932,2.227423583,1.768867274,466.987967348,1348.884182255,nan,nan,nan,nan,nan,0.000000000,14.155145967,12.290602841,0.213172985,0.183822005,12.981432024,0,0.100000000
41.800332546,19968,2304,0,11193,8775,17660,4917,1883,1829,967,862,8885,8775,2909,2008,2.247448616,1.803482162,514.152188262,1506.773158746,4.658222198,2,0.000000000,nan,nan,0.000000000,24.342978024,19.294075028,0.225477095,0.250514015,20.068568003,0,0.100000000
41.900192976,19968,2251,0,11391,8577,17713,4926,1720,1799,961,838,9136,8577,2953,1973,2.212603163,1.804715476,470.125574266,1429.747305385,nan,1,nan,nan,nan,0.000000000,20.918474009,12.606244010,0.211509934,0.219505979,13.291324954,0,0.100000000
42.000490904,20064,2237,0,11229,8835,17713,4926,1868,1867,1022,845,9136,8577,2953,1973,2.212603163,1.804715476,506.464712187,1566.450638839,nan,nan,nan,nan,nan,0.000000000,15.871765965,13.768664037,0.266060000,0.213883002,14.657116961,0,0.100000000
42.100482941,19968,2332,0,11358,8610,17632,4921,1840,1821,993,828,9022,8610,2973,1948,2.202178833,1.812487637,462.775364037,1517.924896437,23.379564285,2,1.000000000,nan,nan,0.000000000,30.795853003,23.038055981,0.226804055,0.218372967,23.840233975,0,0.100000000
42.201653957,19968,2255,0,11143,8825,17632,4921,1874,1871,1055,816,9022,8610,2973,1948,2.202178833,1.812487637,462.859107140,1651.795827214,nan,nan,nan,nan,nan,0.000000000,17.787354009,15.774245956,0.217159104,0.375770032,16.518487013,0,0.100000000
42.300232410,19968,2349,0,11293,8675,17615,4870,1840,1853,1018,835,8944,8671,2892,1978,2.207248037,1.808800986,445.718528440,1408.008603396,34.080028534,9,1.000000000,nan,nan,0.000000000,19.755607005,14.321828960,0.239158922,0.221232011,15.095284965,0,0.100000000
42.400195837,19392,2188,0,10676,8716,17200,4830,1841,1853,974,879,8488,8712,2782,2048,2.199088045,1.800677756,441.787266635,1335.574185854,29.787063599,3,1.000000000,nan,nan,0.000000000,26.888409979,18.887993007,0.234503939,0.197933987,19.688730012,0,0.100000000
42.499917984,20640,2433,0,11649,8991,18203,5033,1968,1982,1027,955,9212,8991,2898,2135,2.164862961,1.829052435,476.409467276,1460.712361260,5.544662476,2,0.000000000,nan,nan,0.000000000,23.157858988,17.011072021,0.233872968,0.214912987,17.864553956,0,0.100000000
42.601433516,19968,2242,0,11122,8846,17722,4885,1921,1890,960,930,8877,8845,2793,2092,2.134843555,1.828780447,459.595599208,1429.908220174,25.830507278,2,1.000000000,nan,nan,0.000000000,19.934030017,12.158096943,0.235532993,0.195019005,12.921545014,0,0.100000000
42.700572014,19872,2390,0,11160,8712,17478,4853,1832,1838,931,907,8770,8708,2738,2115,2.124042583,1.859404735,480.345268235,1556.828708406,nan,1,nan,nan,nan,0.000000000,21.820584021,16.075885040,0.221675029,0.245688017,16.822902951,0,0.100000000
42.799671173,19872,2196,0,11121,8751,17672,4922,1874,1880,978,902,8925,8747,2816,2106,2.082721776,1.860119880,483.728779656,1554.900063506,33.860206604,3,1.000000000,nan,nan,0.000000000,21.558613982,14.580168005,0.245154079,0.226560980,15.393453999,0,0.100000000
42.900619268,20064,2440,0,11212,8852,17620,4935,1943,1947,997,950,8772,8848,2745,2190,2.100748443,1.903743439,514.892376237,1574.765092428,70.755958557,4,1.000000000,nan,nan,0.000000000,32.917334989,23.692418006,0.386382977,0.223519048,24.887884967,0,0.100000000
43.000144005,20160,2156,0,11421,8739,17620,4935,1921,1921,971,950,8772,8848,2745,2190,2.100748443,1.903743439,497.996238826,1532.544562208,nan,nan,nan,nan,nan,0.000000000,14.218751981,12.309476035,0.246384065,0.196782988,13.085097016,0,0.100000000
43.100211382,20064,2416,0,11182,8882,17620,4935,1947,1941,997,944,8772,8848,2745,2190,2.100748443,1.903743439,491.733524258,1580.646926906,nan,nan,nan,nan,nan,0.000000000,20.041147014,17.818055057,0.301232969,0.233557017,18.842585036,0,0.100000000
43.203554153,19776,2158,0,11086,8690,17614,5113,2025,2004,993,1011,8928,8686,2794,2319,1.991069827,1.952187873,480.212063426,1565.272658808,2.825498581,2,0.000000000,nan,nan,0.000000000,29.673529032,20.786703972,0.229779049,0.229972007,21.566934010,0,0.100000000
43.303563833,20256,2405,0,10997,9259,17614,5113,2057,2058,1053,1005,8928,8686,2794,2319,1.991069827,1.952187873,483.555562831,1587.175794681,nan,nan,nan,nan,nan,0.000000000,14.897936955,12.922775000,0.265664072,0.198765018,13.741364994,0,0.100000000
43.402931213,19584,2097,0,11032,8552,17483,5213,2184,2105,1007,1098,8935,8548,2779,2434,1.945818592,1.980215492,528.131519866,1640.267818001,nan,1,nan,nan,nan,0.000000000,16.040110961,13.301860017,0.248175988,0.220692018,14.132220997,0,0.100000000
43.499749899,20064,2376,0,10901,9163,17684,5200,2177,2185,1064,1121,8525,9159,2672,2528,1.973962804,2.001002934,538.109872414,1588.607914066,33.416748047,2,1.000000000,nan,nan,0.000000000,29.845940007,21.002596943,0.242843933,0.197465997,21.820030990,0,0.100000000
43.599970341,20064,2113,0,10954,9110,17947,5216,2166,2084,937,1147,8841,9106,2660,2556,1.921264921,2.046166935,507.352683419,1540.722356695,66.176652908,3,1.000000000,nan,nan,0.000000000,23.746093037,19.403713057,0.280667038,0.220078044,20.302516001,0,0.100000000
43.701165676,20064,2245,0,10941,9123,17815,5164,2100,2092,969,1123,8696,9119,2592,2572,1.954639240,2.056298382,506.541872137,1539.931947313,23.120403290,5,1.000000000,nan,nan,0.000000000,35.135063983,25.947543967,0.334163895,0.213711988,27.004545962,0,0.100000000
43.799931526,20064,2212,0,11162,8902,17848,5184,2030,2047,920,1127,8946,8902,2607,2577,1.908494189,2.082700521,526.626645337,1515.269881471,nan,1,nan,nan,nan,0.000000000,18.066619989,15.302766988,0.238691980,0.243048009,16.108653042,0,0.100000000
43.900262117,20064,2276,0,10996,9068,17784,5122,2071,2086,1003,1083,8716,9068,2518,2604,1.914560047,2.092385623,527.190551961,1587.856730535,31.483411789,6,1.000000000,nan,nan,0.000000000,28.464237985,21.860505978,0.248739962,0.222504023,22.686112963,0,0.100000000
44.001631021,19776,2283,0,10846,8930,17784,5122,2062,2062,952,1110,8716,9068,2518,2604,1.914560047,2.092385623,493.604621858,1445.922994520,nan,nan,nan,nan,nan,0.000000000,14.845703030,12.811224966,0.234349049,0.217078021,13.588639966,0,0.100000000
44.099948883,20064,2252,0,10887,9177,17808,4995,2022,2012,948,1064,8631,9177,2410,2585,1.856616834,2.121658088,497.029149566,1501.612908461,nan,1,nan,nan,nan,0.000000000,20.535337972,12.722913001,0.256402011,0.231042970,13.526463008,0,0.100000000
44.201076508,20064,2394,0,10916,9148,17666,4864,1940,1935,863,1072,8522,9144,2334,2530,1.852129501,2.150132896,455.887318997,1309.635601349,5.572319031,2,0.000000000,nan,nan,0.000000000,19.769100996,12.053068087,0.217568013,0.198155991,12.787285028,0,0.100000000
44.302794933,19968,2241,0,10853,9115,17666,4864,1928,1931,851,1080,8522,9144,2334,2530,1.852129501,2.150132896,453.122033824,1348.992066826,nan,nan,nan,nan,nan,0.000000000,17.458834976,15.384373895,0.251621008,0.233393977,16.277235991,0,0.100000000
44.400187492,19968,2459,0,10943,9025,17505,5074,2149,2134,894,1240,8484,9021,2393,2681,1.835217556,2.200022763,471.111160163,1408.447869752,5.985021591,2,0.000000000,nan,nan,0.000000000,17.466551973,13.521882996,0.235014944,0.201652991,14.320242975,0,0.100000000
44.500562429,20064,2193,0,11031,9033,17505,5074,2154,2147,911,1236,8484,9021,2393,2681,1.835217556,2.200022763,471.055982545,1392.252857713,nan,nan,nan,nan,nan,0.000000000,14.803307015,12.829059036,0.242263952,0.201475981,13.644633000,0,0.100000000
44.600701332,20064,2506,0,11073,8991,17554,5050,2109,2061,849,1212,8563,8991,2323,2727,1.789798817,2.228267517,461.713126597,1404.638515086,5.283594131,2,0.000000000,nan,nan,0.000000000,25.994061027,18.432558049,0.260565954,0.212921994,19.311684999,0,0.100000000
44.701028824,19392,2158,0,10568,8824,17230,4980,2047,2056,876,1180,8406,8824,2256,2724,1.758631148,2.254717297,477.922461058,1472.802892373,19.957304001,5,1.000000000,nan,nan,0.000000000,21.182700002,12.595487002,0.240293972,0.237473985,13.392531022,0,0.100000000
44.800356865,20256,2585,0,11045,9211,17667,5176,1986,1938,812,1126,8460,9207,2345,2831,1.764549945,2.243781141,467.336575353,1381.667079193,99.864244461,2,1.000000000,nan,nan,0.000000000,26.585678977,20.987069991,0.221181952,0.219080015,21.735435992,0,0.100000000
44.901601553,20064,2191,0,11022,9042,17869,5205,1993,2026,887,1139,8827,9042,2382,2823,1.711427773,2.253227756,473.071830334,1450.789891545,10.304927826,4,0.000000000,nan,nan,0.000000000,22.582461999,17.863432993,0.236938067,0.403456041,18.716547987,0,0.100000000
45.100893974,19872,2339,0,10851,9021,17529,4971,1928,1952,821,1131,8512,9017,2223,2748,1.721545257,2.246992729,459.982300387,1346.752375320,10.078430176,3,0.000000000,nan,nan,0.000000000,23.731715977,15.094842063,0.271220051,0.401658996,16.043786018,0,0.100000000
45.200768471,19968,2556,0,10661,9307,17408,4988,1954,1908,762,1146,8105,9303,2208,2780,1.745820446,2.258831769,440.955369167,1376.094180816,6.303310394,28,0.000000000,nan,nan,0.000000000,23.983496998,19.722418918,0.273433980,0.265535957,20.664118056,0,0.100000000
45.299923897,20064,2477,0,10893,9171,17583,5028,1856,1852,772,1080,8416,9167,2220,2808,1.712692769,2.282849422,407.049822213,1154.042453012,6.298303604,14,0.000000000,nan,nan,0.000000000,26.257245976,17.951436923,0.237043016,0.193557004,18.738863990,0,0.100000000
45.400250673,20064,2499,0,10847,9217,17561,5108,1985,1976,804,1172,8344,9217,2234,2874,1.717685115,2.298274308,437.826033513,1454.164920991,50.876617432,6,1.000000000,nan,nan,0.000000000,22.361941985,18.186806992,0.252570026,0.262858986,19.066400011,0,0.100000000
45.500511169,19776,2552,0,10716,9060,17561,5108,1929,1933,818,1115,8344,9217,2234,2874,1.717685115,2.298274308,405.788686476,1523.220076056,nan,nan,nan,nan,nan,0.000000000,16.030621016,14.026955992,0.245849020,0.223430980,14.843237004,0,0.100000000
45.601554155,20064,2483,0,10828,9236,17577,5167,2031,2012,824,1188,8341,9236,2198,2969,1.673215426,2.327072650,406.795986625,1249.195485188,7.362604141,31,0.000000000,nan,nan,0.000000000,17.094367009,14.197098091,0.265847018,0.202358002,15.090800996,0,0.100000000
45.700007439,20064,2637,0,10997,9067,17423,5228,1970,1962,774,1188,8356,9067,2216,3012,1.650096689,2.362715841,367.109958948,1300.695714982,6.151437759,20,0.000000000,nan,nan,0.000000000,16.346943972,13.572882046,0.240247988,0.203996024,14.413044031,0,0.100000000
45.800309420,20160,2404,0,10654,9506,17752,5220,1979,1981,774,1207,8246,9506,2186,3034,1.671106802,2.357686693,387.811265550,1294.898075607,6.168365479,18,0.000000000,nan,nan,0.000000000,16.349778976,13.506994059,0.257310923,0.217840017,14.313853986,0,0.100000000
45.901618719,19968,2551,0,10719,9249,17413,5191,1915,1907,712,1195,8168,9245,2105,3086,1.650156034,2.395603258,366.408235054,1182.321796865,8.999586105,24,0.000000000,nan,nan,0.000000000,20.003860991,16.900699004,0.238829060,0.231780985,17.702548997,0,0.100000000
46.000462532,19872,2153,0,10584,9288,17715,5199,1931,1949,743,1206,8430,9285,2122,3077,1.628103500,2.406535430,368.769987412,1302.661431255,nan,1,nan,nan,nan,0.000000000,16.886912985,14.078982000,0.240365975,0.216808985,14.903910982,0,0.100000000
46.100443125,19776,2151,0,10469,9307,17621,5185,1932,1916,715,1201,8317,9304,2090,3095,1.593844423,2.406497402,378.073205126,1289.216714200,20.117759705,19,1.000000000,nan,nan,0.000000000,16.244089988,13.406891027,0.258244982,0.192284002,14.196340984,0,0.100000000
46.200491190,19776,2159,0,10591,9185,17613,5113,1942,1939,738,1201,8428,9185,2046,3067,1.585484793,2.444001597,421.072743350,1564.943132544,7.738590240,31,0.000000000,nan,nan,0.000000000,15.888196009,13.194754021,0.227748998,0.192508975,13.944488019,0,0.100000000
46.300079107,19584,2377,0,10427,9157,17203,5098,1923,1929,658,1271,8050,9153,1986,3112,1.597333841,2.459114766,380.027196554,1573.810575298,19.905328751,6,1.000000000,nan,nan,0.000000000,20.073156978,14.616197906,0.206610013,0.223223993,15.357194003,0,0.100000000
46.402503014,20352,2629,0,10918,9434,17719,5044,1890,1906,654,1252,8285,9434,1953,3091,1.564478198,2.426386178,412.208958696,1358.762885106,79.984188080,6,1.000000000,nan,nan,0.000000000,20.581276971,12.957146973,0.215767010,0.208746002,13.678153977,0,0.100000000
46.500327587,19968,2528,0,10679,9289,17436,5010,1837,1834,585,1249,8150,9286,1880,3130,1.540615991,2.489619167,384.987763711,1503.219719939,nan,1,nan,nan,nan,0.000000000,17.884572037,14.093987062,0.223911018,0.223106006,14.850250038,0,0.100000000
46.600042582,20064,2682,0,10626,9438,17436,5010,1908,1902,643,1259,8150,9286,1880,3130,1.540615991,2.489619167,394.372187777,1524.271448125,nan,nan,nan,nan,nan,0.000000000,14.887208003,12.800214987,0.234570063,0.195506029,13.599636033,0,0.100000000
46.700136185,19968,2674,0,10738,9230,17290,4948,1885,1857,595,1262,8064,9226,1917,3031,1.509110824,2.477009371,414.209569883,1555.674791095,49.959421158,6,1.000000000,nan,nan,0.000000000,27.206436964,21.496610017,0.211229024,0.256510044,22.249864996,0,0.100000000
46.800071001,19872,2714,0,10529,9343,17154,4975,1882,1876,648,1228,7813,9341,1948,3027,1.544125332,2.415720411,401.995031812,1434.745616950,6.492614746,3,0.000000000,nan,nan,0.000000000,15.964481980,13.309763919,0.228904129,0.211261038,14.062597009,0,0.100000000
47.000325918,19968,2899,0,10568,9400,17065,5156,1956,2001,720,1281,7665,9400,2063,3093,1.509130173,2.387496897,428.974767605,1671.850642918,6.050348282,5,0.000000000,nan,nan,0.000000000,30.129422026,26.156393986,0.338210026,0.246863987,27.268413047,0,0.100000000
47.100101948,20064,2987,0,10858,9206,17065,5156,1927,1929,714,1215,7665,9400,2063,3093,1.509130173,2.387496897,420.346409410,1537.122407127,nan,nan,nan,nan,nan,0.000000000,15.313128999,13.645461062,0.167097023,0.200597977,14.223717037,0,0.100000000
47.200649738,20064,3020,0,10550,9514,17040,5341,1867,2020,734,1286,7530,9510,2109,3232,1.504684495,2.375862553,423.596381638,1685.438642065,nan,1,nan,nan,nan,0.000000000,30.283542990,22.970799939,0.268166012,0.387904001,23.870365985,0,0.100000000
47.300389051,20160,3111,0,10782,9378,17045,5470,1996,2011,761,1250,7671,9374,2171,3299,1.434442370,2.405241143,404.647505714,1575.957322984,nan,1,nan,nan,nan,0.000000000,31.333275023,22.874824994,0.242862967,0.241958012,23.677662015,0,0.100000000
47.400183916,19968,3176,0,10704,9264,17045,5470,2086,2093,823,1270,7671,9374,2171,3299,1.434442370,2.405241143,415.983145766,1656.029673068,nan,nan,nan,nan,nan,0.000000000,16.322958982,14.255437010,0.255852996,0.237207976,15.158139984,0,0.100000000
47.500424147,20448,3315,0,11397,9051,17045,5470,2067,2068,794,1274,7671,9374,2171,3299,1.434442370,2.405241143,411.910340169,1620.313921532,nan,nan,nan,nan,nan,0.000000000,15.066527994,13.363455073,0.186629011,0.208965968,13.967650011,0,0.100000000
47.601853609,19776,3170,0,10648,9128,16602,4904,1781,1816,787,1029,7474,9128,1995,2909,1.460765424,2.416155055,359.964744866,1694.268632015,14.251947403,2,0.000000000,nan,nan,0.000000000,21.781701013,16.232292051,0.225798984,0.370769994,17.016418977,0,0.100000000
47.699868202,20256,3372,0,10979,9277,16880,4987,1529,1563,686,877,7603,9277,1956,3031,1.333330376,2.432242294,301.680503280,1231.024167674,25.570869446,4,1.000000000,nan,nan,0.000000000,27.953716053,22.397537949,0.182810938,0.229852041,23.033744015,0,0.100000000
47.801630497,20064,3443,0,10864,9200,16617,4861,1673,1657,713,944,7421,9196,1927,2934,1.287104082,2.453232496,369.405334382,1510.712374884,nan,1,nan,nan,nan,0.000000000,22.551726957,18.678411085,0.232735940,0.209944963,19.483094977,0,0.100000000
47.901644230,19680,3495,0,10823,8857,16617,4861,1736,1740,719,1021,7421,9196,1927,2934,1.287104082,2.453232496,403.614399926,1500.609132411,nan,nan,nan,nan,nan,0.000000000,14.285286015,12.593853055,0.224232092,0.183617987,13.293513970,0,0.100000000
48.001557589,19680,3606,0,10915,8765,16070,4839,1691,1650,671,979,7309,8761,1913,2926,1.198050475,2.484937069,374.590928994,1288.899404114,nan,1,nan,nan,nan,0.000000000,20.578468044,15.308665985,0.186590012,0.176180038,15.955749026,0,0.100000000
48.101024866,20448,3720,0,10898,9550,16724,4954,1664,1670,670,1000,7178,9546,1939,3015,1.186205916,2.489269016,368.486070347,1509.724126668,6.080150604,6,0.000000000,nan,nan,0.000000000,21.177985007,14.646744006,0.191196974,0.201822026,15.297086968,0,0.100000000
48.199874163,20160,3774,0,11299,8861,16382,4866,1702,1719,702,1017,7521,8861,1907,2959,1.180579906,2.498560087,364.604457612,1477.945763420,5.716323853,2,0.000000000,nan,nan,0.000000000,28.757434979,21.879690001,0.199822069,0.173573964,22.582117992,0,0.100000000
48.300039768,19872,3818,0,10860,9012,16050,4825,1753,1752,664,1088,7038,9012,1845,2980,1.146659276,2.499250535,378.353085215,1600.627652149,nan,1,nan,nan,nan,0.000000000,17.802366987,14.660392946,0.198682013,0.188871985,15.332941024,0,0.100000000
48.399495840,20256,3926,0,11275,8981,16326,4816,1771,1789,646,1143,7345,8981,1818,2998,1.104770552,2.515151437,381.669838020,1685.432169206,6.085634232,13,0.000000000,nan,nan,0.000000000,21.521862014,16.687912983,0.239001994,0.203618023,17.446928017,0,0.100000000
48.501529455,19968,4005,0,10862,9106,15959,4848,1792,1766,642,1124,6857,9102,1805,3043,1.120519999,2.502133441,366.241067462,1798.924988232,nan,1,nan,nan,nan,0.000000000,29.648377036,22.713211016,0.288871059,0.186134013,23.678292986,0,0.100000000
48.600446463,20064,3968,0,11031,9033,16092,4828,1836,1830,634,1196,7063,9029,1809,3019,1.098209909,2.525550662,371.294049940,1871.018009023,nan,1,nan,nan,nan,0.000000000,19.567174022,13.164100063,0.212733983,0.172843982,13.882272004,0,0.100000000
48.700281620,20064,4182,0,10921,9143,16092,4828,1802,1808,639,1169,7063,9029,1809,3019,1.098209909,2.525550662,362.263281927,1862.754861990,nan,nan,nan,nan,nan,0.000000000,19.733380002,17.432207998,0.331941992,0.295431004,18.625668017,0,0.100000000
48.801514149,19968,4353,0,11154,8814,15611,4694,1677,1729,612,1117,6797,8814,1734,2960,1.114072692,2.525219397,359.040666643,1668.464700694,14.350175858,2,0.000000000,nan,nan,0.000000000,15.553906036,12.654918944,0.183678989,0.178995018,13.303667016,0,0.100000000
48.900649071,19488,4597,0,10889,8599,14887,4599,1631,1684,614,1070,6288,8599,1698,2901,1.084943091,2.505090209,346.059195668,1689.543417199,nan,1,nan,nan,nan,0.000000000,22.603831021,18.285363039,0.284216949,0.190671999,19.194296969,0,0.100000000
49.000403643,20544,4934,0,11567,8977,15606,4582,1647,1682,585,1097,6633,8973,1680,2902,1.163383435,2.545024594,323.093371852,1705.395914706,79.997301102,6,1.000000000,nan,nan,0.000000000,30.218539003,22.768795956,0.273748068,0.301397988,23.715807998,0,0.100000000
49.101034403,19776,4998,0,11013,8763,14774,4504,1661,1664,624,1040,6011,8763,1679,2825,1.173995264,2.529317864,323.741474112,1702.007364413,nan,1,nan,nan,nan,0.000000000,17.796802975,14.642423019,0.206270954,0.173925015,15.308519010,0,0.100000000
49.201290369,20160,5283,0,11519,8641,14873,4473,1680,1673,626,1047,6232,8641,1700,2773,1.138556656,2.542403170,333.700778844,1588.607324908,149.819850922,4,1.000000000,nan,nan,0.000000000,20.312437962,12.327747943,0.184461940,0.179246999,12.973184988,0,0.100000000
49.299916267,20064,5524,0,11327,8737,14536,4345,1593,1619,604,1015,5810,8726,1670,2675,1.207252048,2.513017365,320.565726197,1697.437731567,nan,1,nan,nan,nan,0.000000000,27.424099972,22.900153068,0.243139046,0.156880997,23.775474983,0,0.100000000
49.400731325,19776,5483,0,11269,8507,14536,4345,1621,1623,596,1027,5810,8726,1670,2675,1.207252048,2.513017365,317.271271295,1694.128380567,nan,nan,nan,nan,nan,0.000000000,13.196809043,11.640038982,0.199634058,0.143450976,12.288667029,0,0.100000000
49.499884605,19776,5758,0,11452,8324,14536,4345,1619,1620,597,1023,5810,8726,1670,2675,1.207252048,2.513017365,325.353046362,1702.963002167,nan,nan,nan,nan,nan,0.000000000,12.645716022,11.128018028,0.163439021,0.162868993,11.685428966,0,0.100000000
49.600090981,19872,5765,0,11477,8395,14103,4433,1481,1571,613,958,5810,8293,1776,2657,1.262088524,2.538942088,309.865460286,1759.392336459,35.645008087,7,1.000000000,nan,nan,0.000000000,19.467947015,14.973494923,0.176066998,0.222819974,15.587011003,0,0.100000000
49.698863745,20256,6095,0,11830,8426,14103,4433,1509,1508,589,919,5810,8293,1776,2657,1.262088524,2.538942088,310.467143070,1422.002037454,nan,nan,nan,nan,nan,0.000000000,13.229901961,11.509911914,0.216801069,0.203101023,12.204047001,0,0.100000000
49.800615549,20064,5976,0,11642,8422,14084,4529,1519,1524,618,906,5879,8205,1869,2660,1.339449901,2.557974743,326.701812760,1355.605708548,124.923467636,3,1.000000000,nan,nan,0.000000000,24.650280015,17.235478095,0.228032994,0.356464006,18.041553965,0,0.100000000
49.900306225,20256,6174,0,12318,7938,14084,4529,1488,1486,607,879,5879,8205,1869,2660,1.339449901,2.557974743,303.208087255,1371.106400224,nan,nan,nan,nan,nan,0.000000000,24.418362998,22.189461975,0.272588979,0.183590048,23.130026995,0,0.100000000
50.000471830,19968,6206,0,12039,7929,13758,4153,1342,1355,625,730,6160,7598,1857,2296,1.405251295,2.530556763,308.171683194,1174.822567900,nan,1,nan,nan,nan,0.000000000,24.030621978,17.434487003,0.159074028,0.203806965,18.010994012,0,0.100000000
50.101881266,20064,6359,0,12289,7775,13701,3994,1305,1307,625,682,6274,7427,1862,2132,1.366112162,2.534241905,292.386993397,1137.714517532,nan,1,nan,nan,nan,0.000000000,23.676672019,16.689310025,0.186796009,0.173890032,17.374054005,0,0.100000000
50.201484919,19968,6490,0,12065,7903,13474,4024,1260,1324,610,714,5978,7496,1860,2164,1.407460838,2.519253277,296.108315898,1119.848454545,49.426317215,5,1.000000000,nan,nan,0.000000000,33.062544011,26.643090998,0.292563986,0.181139971,27.665434987,0,0.100000000
50.300011635,19680,6205,0,11944,7736,13471,3893,1330,1340,614,726,6078,7393,1801,2092,1.268517012,2.535986003,284.531225853,1057.842378674,6.031751633,2,0.000000000,nan,nan,0.000000000,26.708532008,19.526547985,0.218453002,0.152881956,20.268443041,0,0.100000000
50.398345709,20352,6833,0,12270,8082,13471,3893,1368,1375,601,774,6078,7393,1801,2092,1.268517012,2.535986003,303.100861072,1086.236424107,nan,nan,nan,nan,nan,0.000000000,11.711441970,10.107629991,0.163247983,0.176366011,10.738402023,0,0.100000000
50.500273466,18816,6230,0,11461,7355,13471,3893,1407,1409,620,789,6078,7393,1801,2092,1.268517012,2.535986003,304.205008320,1119.293789759,nan,nan,nan,nan,nan,0.000000000,11.707970989,10.153381969,0.163723074,0.150503009,10.711260024,0,0.100000000
50.600921869,20640,6933,0,12559,8081,13703,4048,1504,1403,627,776,6000,7703,1916,2132,1.393751224,2.535932673,306.121666341,1253.142580518,4.225015640,2,0.000000000,nan,nan,0.000000000,28.830154042,22.641097952,0.214379048,0.203820993,23.401072016,0,0.100000000
50.700611591,20544,6891,0,12214,8330,13703,4048,1332,1321,602,719,6000,7703,1916,2132,1.393751224,2.535932673,287.579461727,1164.373317434,nan,nan,nan,nan,nan,0.000000000,11.974018998,10.539844981,0.152169028,0.147473998,11.063885002,0,0.100000000
50.800569057,19680,6928,0,12028,7652,12748,3902,1117,1329,568,761,5506,7242,1767,2135,1.293494199,2.546396514,278.821260024,1154.514641758,nan,1,nan,nan,nan,0.000000000,25.188816013,18.765509070,0.195817964,0.170554966,19.451817032,0,0.100000000
50.899934769,20256,6894,0,12273,7983,13358,4035,1385,1373,597,776,5843,7515,1818,2217,1.360178626,2.568018993,285.283953690,1153.321084560,26.051521301,3,1.000000000,nan,nan,0.000000000,17.898197984,14.839559037,0.174573041,0.160962984,15.460374998,0,0.100000000
51.000279903,20064,7021,0,12224,7840,13039,3902,1365,1366,576,790,5672,7367,1779,2123,1.276870568,2.562798639,274.899809855,1131.906803145,nan,1,nan,nan,nan,0.000000000,23.858378991,18.738095008,0.252584054,0.166335027,19.823153038,0,0.100000000
51.100023031,19968,6956,0,12062,7906,13008,4008,1442,1453,610,843,5558,7450,1801,2207,1.298921006,2.557452607,290.351754945,1240.438754902,70.018053055,2,1.000000000,nan,nan,0.000000000,25.014399027,19.780356088,0.196726003,0.172202999,20.465513982,0,0.100000000
51.200665712,19968,6992,0,12102,7866,13008,4008,1319,1318,598,720,5558,7450,1801,2207,1.298921006,2.557452607,251.882822237,1157.666661864,nan,nan,nan,nan,nan,0.000000000,11.600792001,10.295858083,0.144403020,0.152934983,10.812346009,0,0.100000000
51.299900293,19968,7084,0,12178,7790,13008,4008,1414,1414,591,823,5558,7450,1801,2207,1.298921006,2.557452607,267.570400849,1207.734853934,nan,nan,nan,nan,nan,0.000000000,12.328398007,10.894598963,0.164084020,0.176639005,11.488379969,0,0.100000000
51.399863243,19104,6787,0,11524,7580,12313,3807,1326,1304,568,736,5253,7060,1748,2059,1.313097486,2.543694245,239.696391806,994.972681753,3.890275955,2,0.000000000,nan,nan,0.000000000,12.617899978,10.385317088,0.160270021,0.148708001,10.934863007,0,0.100000000
51.501514673,20928,7776,0,13047,7881,13148,3944,1253,1261,550,711,5728,7420,1855,2089,1.365568201,2.586257014,219.081440195,1049.434125817,nan,1,nan,nan,nan,0.000000000,12.664692011,10.713146010,0.154604029,0.153179979,11.287718022,0,0.100000000
51.599905014,20064,7439,0,12221,7843,12621,3867,1267,1288,590,698,5321,7300,1848,2019,1.452863713,2.550150447,236.065467435,894.030336143,34.552335739,28,1.000000000,nan,nan,0.000000000,14.191955968,11.905551946,0.166851911,0.194412016,12.514495989,0,0.100000000
51.700503588,19968,7596,0,12523,7445,12368,3881,1264,1248,589,659,5449,6919,1863,2018,1.464385547,2.615097938,235.826874360,948.169445391,5.594015121,5,0.000000000,nan,nan,0.000000000,27.531804983,23.178248084,0.161925971,0.144983991,23.759846983,0,0.100000000
51.801616907,20064,7748,0,12598,7466,12368,3881,1266,1261,580,681,5449,6919,1863,2018,1.464385547,2.615097938,228.900337958,947.513075238,nan,nan,nan,nan,nan,0.000000000,11.375602975,10.141154053,0.136646035,0.132802001,10.619339009,0,0.100000000
51.900800467,19872,7739,0,12625,7247,12368,3881,1242,1238,581,657,5449,6919,1863,2018,1.464385547,2.615097938,231.714285411,937.071175152,nan,nan,nan,nan,nan,0.000000000,11.019331985,9.833816031,0.114597962,0.137808966,10.251869040,0,0.100000000
51.999841213,20064,7960,0,12742,7322,12368,3881,1257,1259,582,677,5449,6919,1863,2018,1.464385547,2.615097938,230.179138781,950.079775680,nan,nan,nan,nan,nan,0.000000000,13.203250011,11.858925980,0.142823963,0.166827987,12.334622967,0,0.100000000
52.100298405,19488,7872,0,12412,7076,11612,3670,1075,1162,572,590,5255,6357,1802,1868,1.348025188,2.610418663,212.332381094,741.300624452,nan,1,nan,nan,nan,0.000000000,16.343044001,11.812679062,0.121460995,0.140412012,12.267202022,0,0.100000000
52.199785948,20544,8346,0,13168,7376,12194,3834,1228,1254,599,655,5565,6629,1924,1910,1.597200673,2.607223247,223.321699857,767.135809828,25.613069534,6,1.000000000,nan,nan,0.000000000,26.838614023,21.316907078,0.169823994,0.150491018,21.925283014,0,0.100000000
52.300618649,19968,8281,0,12819,7149,11683,3691,1195,1204,573,631,5337,6346,1837,1854,1.481323688,2.599278339,229.443957446,710.187498424,nan,1,nan,nan,nan,0.000000000,11.529805022,9.712560975,0.152624038,0.147614977,10.219174030,0,0.100000000
52.399969816,19872,8288,0,12741,7131,11580,3701,1257,1254,568,686,5203,6377,1854,1847,1.577227008,2.576615881,246.890942487,735.312996566,54.456233978,9,1.000000000,nan,nan,0.000000000,27.251309017,20.767896960,0.198383001,0.192035979,21.473677014,0,0.100000000
52.500379324,20160,8505,0,12911,7249,11580,3701,1241,1245,577,668,5203,6377,1854,1847,1.577227008,2.576615881,250.354935691,725.562430093,nan,nan,nan,nan,nan,0.000000000,14.422566048,12.748442998,0.147294020,0.123434002,13.258429943,0,0.100000000
52.600493431,19968,8448,0,12873,7095,11516,3671,1274,1243,562,681,5239,6277,1830,1841,1.621415727,2.592378685,237.675019078,745.176557954,nan,1,nan,nan,nan,0.000000000,15.989115986,13.976927963,0.217907073,0.165263948,14.762707986,0,0.100000000
52.700067520,20064,8528,0,12939,7125,11532,3782,1314,1333,618,715,5264,6268,1880,1902,1.680042675,2.614426944,236.980091548,787.193469511,74.469089508,3,1.000000000,nan,nan,0.000000000,25.248726015,19.422709942,0.212623971,0.153178989,20.177894970,0,0.100000000
52.800847292,20064,8625,0,13164,6900,11532,3782,1346,1340,603,737,5264,6268,1880,1902,1.680042675,2.614426944,241.250718328,778.124596670,nan,nan,nan,nan,nan,0.000000000,15.928821987,14.426330919,0.214838015,0.134008995,15.172962972,0,0.100000000
52.902922869,19584,8427,0,12740,6844,11153,3817,1405,1365,609,756,5164,5989,1972,1845,1.812501948,2.562173153,236.668530691,757.413448760,60.178518295,5,1.000000000,nan,nan,0.000000000,19.575785031,15.111151966,0.161963981,0.150262960,15.694913978,0,0.100000000
53.001555204,20352,8729,0,13433,6919,11619,3809,1381,1388,646,742,5598,6021,2003,1806,1.689119407,2.572303533,244.961462312,794.148004320,14.480590820,5,0.000000000,nan,nan,0.000000000,12.006309000,10.115544952,0.156027963,0.149258005,10.672607983,0,0.100000000
53.100551128,19968,8522,0,13050,6918,11442,3781,1309,1326,610,716,5432,6010,1972,1809,1.733729106,2.495718085,230.329258776,750.967045080,nan,1,nan,nan,nan,0.000000000,28.094550013,24.160679022,0.393599039,0.155421032,25.540578004,0,0.100000000
53.201049328,20064,8705,0,13317,6747,11442,3781,1356,1358,597,761,5432,6010,1972,1809,1.733729106,2.495718085,240.188905518,767.374318665,nan,nan,nan,nan,nan,0.000000000,13.806481031,12.295024935,0.225628086,0.142564997,13.059478952,0,0.100000000
53.301547766,19872,8482,0,13072,6800,11442,3781,1332,1335,613,722,5432,6010,1972,1809,1.733729106,2.495718085,222.373999958,751.983969127,nan,nan,nan,nan,nan,0.000000000,12.962928973,11.540959007,0.182376942,0.149623025,12.175103009,0,0.100000000
53.399978876,20064,8607,0,13290,6774,11453,3708,1373,1353,621,732,5590,5863,1995,1713,1.800030568,2.189983296,221.719377679,689.872913644,nan,1,nan,nan,nan,0.000000000,15.496374981,11.775813007,0.155353977,0.150533975,12.342208996,0,0.100000000
53.500433683,19680,8371,0,13013,6667,11453,3708,1290,1281,593,688,5590,5863,1995,1713,1.800030568,2.189983296,200.923649307,651.465080766,nan,nan,nan,nan,nan,0.000000000,11.007288005,9.747563046,0.143988873,0.139195996,10.258233990,0,0.100000000
53.602449894,20064,8585,0,13330,6734,11475,3757,1404,1342,623,719,5610,5865,2063,1694,1.853747727,1.784641720,200.380095544,694.296320461,76.016902924,3,1.000000000,nan,nan,0.000000000,29.422466992,23.440250079,0.243204995,0.139909971,24.267191999,0,0.100000000
53.702142954,20064,8411,0,13091,6973,11649,3873,1329,1327,622,705,5484,6165,2077,1796,2.299862873,1.767876959,210.078138417,645.104287421,nan,1,nan,nan,nan,0.000000000,25.455110997,19.387945009,0.182315998,0.157765986,20.037555019,0,0.100000000
53.802005291,20160,8717,0,13387,6773,11649,3873,1356,1351,623,728,5484,6165,2077,1796,2.299862873,1.767876959,186.821629323,669.579245575,nan,nan,nan,nan,nan,0.000000000,14.445104985,12.666997034,0.240981986,0.294189027,13.494681974,0,0.100000000
53.900113583,20064,8538,0,13262,6802,11522,3860,1342,1378,644,734,5549,5973,2090,1770,2.778242759,1.686126004,215.708833227,628.928871643,15.541076660,3,1.000000000,nan,nan,0.000000000,23.529925966,17.485374061,0.185794954,0.169684005,18.116332998,0,0.100000000
54.000762224,19968,8582,0,13291,6677,11382,3953,1438,1385,651,734,5567,5815,2190,1763,2.617434033,1.714450991,219.702105458,743.099181915,nan,1,nan,nan,nan,0.000000000,22.703016002,16.866719991,0.167182938,0.171570980,17.466571007,0,0.100000000
54.100110292,19968,8683,0,13307,6661,11281,4029,1459,1415,674,741,5498,5783,2253,1776,2.705324890,1.623135842,209.879376522,733.150775481,4.683971405,2,0.000000000,nan,nan,0.000000000,24.033895985,19.712982001,0.301596068,0.185182958,20.728481002,0,0.100000000
54.200098038,20064,8875,0,13490,6574,11185,4119,1454,1413,701,712,5627,5558,2435,1684,2.743617659,1.633307605,217.766907068,779.573601957,24.273157120,14,1.000000000,nan,nan,0.000000000,21.543749026,14.845432015,0.218308007,0.360635982,15.589823015,0,0.100000000
54.300156832,19776,8597,0,13403,6373,11175,4051,1340,1345,704,641,5733,5442,2396,1655,2.701240676,1.563245438,211.706067817,854.793296871,19.872188568,3,1.000000000,nan,nan,0.000000000,18.916879024,14.243261016,0.153450994,0.146084989,14.776244003,0,0.100000000
54.402568102,20256,8813,0,13530,6726,11439,3900,1258,1281,679,602,5847,5592,2360,1540,2.709048834,1.433978500,215.020388470,769.083713439,3.836870193,2,0.000000000,nan,nan,0.000000000,17.076418037,12.671031989,0.141940080,0.143729034,13.185842021,0,0.100000000
54.501733065,19968,8674,0,13524,6444,11439,3900,1279,1289,669,620,5847,5592,2360,1540,2.709048834,1.433978500,198.189641033,743.438358750,nan,nan,nan,nan,nan,0.000000000,12.080548040,10.773375980,0.151766988,0.142186007,11.315437965,0,0.100000000
54.600611687,19776,8502,0,13312,6464,11439,3900,1340,1352,723,629,5847,5592,2360,1540,2.709048834,1.433978500,202.445095073,761.476520409,nan,nan,nan,nan,nan,0.000000000,12.602101953,11.202294030,0.167210004,0.157721981,11.781422014,0,0.100000000
54.701055765,20160,8644,0,13620,6540,11512,3833,1416,1335,724,611,5944,5568,2300,1533,2.747791781,1.351236692,218.398990930,842.359850110,60.010671616,3,1.000000000,nan,nan,0.000000000,23.075710982,17.178928014,0.172976928,0.152242021,17.783185991,0,0.100000000
54.799926996,20064,8553,0,13555,6509,11512,3833,1321,1325,725,600,5944,5568,2300,1533,2.747791781,1.351236692,220.824867699,796.700760354,nan,nan,nan,nan,nan,0.000000000,11.527918978,10.221726086,0.142566976,0.139561016,10.751010035,0,0.100000000
54.900274277,19872,8509,0,13532,6340,11359,3765,1322,1308,707,601,5981,5378,2293,1472,2.758496161,1.268439389,184.687849075,815.002354504,5.722761154,2,0.000000000,nan,nan,0.000000000,23.585424002,17.631203926,0.185951067,0.167472987,18.261443998,0,0.100000000
54.999821663,20064,8441,0,13580,6484,11619,3905,1252,1324,721,603,6132,5487,2437,1468,2.817305871,1.221509735,205.085639564,853.595518240,74.414730072,5,1.000000000,nan,nan,0.000000000,13.915307994,11.615371972,0.147804967,0.151991961,12.150765979,0,0.100000000
55.100047827,19776,8342,0,13397,6379,11619,3905,1304,1314,725,589,6132,5487,2437,1468,2.817305871,1.221509735,207.896256427,862.339628161,nan,nan,nan,nan,nan,0.000000000,11.805283953,10.437117016,0.160314899,0.169888022,10.985109024,0,0.100000000
55.200700283,20256,8546,0,13777,6479,11706,3934,1332,1338,734,604,6194,5512,2494,1440,2.826108813,1.182485946,206.160435933,765.319817282,nan,1,nan,nan,nan,0.000000000,13.277183985,11.146673001,0.193300890,0.197298010,11.818806990,0,0.100000000
55.300650597,19968,8166,0,13470,6498,11798,3888,1302,1266,737,529,6282,5516,2482,1406,2.770734885,1.158283635,178.672426254,789.049813944,nan,1,nan,nan,nan,0.000000000,24.805705994,18.907488964,0.169273990,0.142892997,19.508878002,0,0.100000000
55.400406361,20064,8162,0,13405,6659,11898,3944,1295,1296,751,545,6106,5792,2531,1413,2.855297276,1.135725714,184.317626491,813.925339510,nan,1,nan,nan,nan,0.000000000,14.471438015,12.445916072,0.173904991,0.242159993,13.071733993,0,0.100000000
55.500297070,19872,8011,0,13414,6458,11857,3917,1250,1252,748,504,6311,5546,2521,1396,2.807915590,1.133619877,166.706460742,828.079786494,25.486230850,8,1.000000000,nan,nan,0.000000000,15.220642963,12.748493988,0.158416049,0.157936011,13.279132021,0,0.100000000
55.599924564,20064,8090,0,13421,6643,11970,4011,1278,1286,762,524,6151,5819,2558,1453,2.905736853,1.148572618,170.758028224,859.991751104,21.425485611,21,1.000000000,nan,nan,0.000000000,25.199630007,17.128172040,0.159091956,0.162077020,17.702495039,0,0.100000000
55.700520039,19968,7923,0,13394,6574,12041,4041,1317,1314,821,493,6366,5675,2609,1432,2.871686453,1.137390862,176.874978364,917.110369437,nan,1,nan,nan,nan,0.000000000,29.436593002,22.539647063,0.190224091,0.195493980,23.220479023,0,0.100000000
55.800405741,20064,8022,0,13605,6459,12038,3979,1266,1279,761,518,6363,5675,2565,1414,2.933338877,1.120391929,164.540715506,902.620634369,nan,1,nan,nan,nan,0.000000000,12.966215028,10.743023071,0.138007919,0.154434005,11.248532974,0,0.100000000
55.900403976,19776,7702,0,13264,6512,12038,3979,1265,1273,777,496,6363,5675,2565,1414,2.933338877,1.120391929,158.383585095,936.131202926,nan,nan,nan,nan,nan,0.000000000,11.508654978,10.246352991,0.137912924,0.129499007,10.755149997,0,0.100000000
55.999357462,20160,7859,0,13685,6475,12297,4028,1349,1323,811,512,6640,5657,2629,1399,2.900321938,1.091809950,179.172426895,964.600364208,60.634613037,7,1.000000000,nan,nan,0.000000000,23.530812003,17.520989990,0.209300022,0.154818001,18.239655008,0,0.100000000
56.100291967,19392,7081,0,12881,6511,12297,4028,1338,1338,820,518,6640,5657,2629,1399,2.900321938,1.091809950,165.424073284,955.704251785,nan,nan,nan,nan,nan,0.000000000,11.920528021,10.576719069,0.164394907,0.145009020,11.123669974,0,0.100000000
56.197299004,20640,7973,0,14007,6633,12663,4173,1360,1357,832,525,6842,5821,2714,1459,2.896073447,1.075971216,161.960896416,1039.341887037,95.216751099,4,1.000000000,nan,nan,0.000000000,18.205681001,13.872743992,0.146356993,0.156385999,14.439423976,0,0.100000000
56.300495863,19776,7240,0,13296,6480,12532,4077,1342,1345,849,496,6821,5711,2701,1376,2.938749365,1.049825681,155.843478246,1078.797250229,7.317304611,3,0.000000000,nan,nan,0.000000000,15.084084996,12.005591008,0.187725935,0.190963037,12.795931019,0,0.100000000
56.400018692,20352,7652,0,13801,6551,12532,4077,1347,1347,844,503,6821,5711,2701,1376,2.938749365,1.049825681,153.017550810,1083.310412553,nan,nan,nan,nan,nan,0.000000000,12.152939977,10.846847028,0.148937921,0.145663042,11.375884002,0,0.100000000
56.501537561,19968,7356,0,13555,6413,12608,4125,1335,1353,845,508,6921,5687,2744,1381,2.952303204,1.044873680,155.723797360,1097.795399948,nan,1,nan,nan,nan,0.000000000,22.215289006,15.015214973,0.155750953,0.142829027,15.552500030,0,0.100000000
56.600547314,19872,7301,0,13376,6496,12567,4158,1333,1318,840,478,6869,5698,2793,1365,2.930432737,1.038251883,148.193135187,1019.382320509,nan,1,nan,nan,nan,0.000000000,21.670630958,14.954192971,0.217621971,0.153533998,15.687395993,0,0.100000000
56.699998856,19776,7263,0,13611,6165,12509,4110,1322,1317,843,474,6995,5514,2805,1305,2.933409769,1.032296494,150.732682842,1002.916665688,nan,1,nan,nan,nan,0.000000000,27.353043959,22.553782910,0.301413005,0.159926014,23.540109047,0,0.100000000
56.802371740,20256,7230,0,13497,6759,13022,4273,1410,1412,884,528,6975,6047,2849,1424,2.920454336,1.065546350,172.639542844,1172.380405494,44.808387756,4,1.000000000,nan,nan,0.000000000,27.416213998,21.197960945,0.432451954,0.165292004,22.680815018,0,0.100000000
56.900553465,19968,7093,0,13562,6406,12871,4214,1371,1371,878,493,7135,5736,2882,1332,2.902637707,1.039971623,169.565407495,1140.489676571,64.255237579,4,1.000000000,nan,nan,0.000000000,15.911085007,13.113682042,0.175689987,0.226959994,13.789580029,0,0.100000000
57.000463963,19968,6994,0,13406,6562,12970,4216,1420,1431,900,531,7050,5920,2853,1363,2.909801558,1.051793455,188.673674252,1342.432131196,6.462574005,4,0.000000000,nan,nan,0.000000000,13.816302002,11.674511014,0.188684964,0.153256988,12.302965042,0,0.100000000
57.099863529,20064,6845,0,13567,6497,13215,4364,1409,1408,892,516,7372,5843,2994,1370,2.900817105,1.064707955,199.369180772,1287.093314913,30.031204224,8,1.000000000,nan,nan,0.000000000,16.948304023,13.326574001,0.156941998,0.151832995,13.882148021,0,0.100000000
57.200537682,19968,6732,0,13251,6717,13232,4319,1444,1436,872,564,7128,6104,2905,1414,2.912226282,1.080971290,210.864912409,1430.181707037,nan,1,nan,nan,nan,0.000000000,18.547705957,14.715063036,0.187555968,0.153289991,15.331147995,0,0.100000000
57.299968243,20064,6788,0,13373,6691,13272,4391,1393,1424,886,538,7227,6045,2942,1449,2.893418206,1.109393072,186.350025675,1480.304116286,nan,1,nan,nan,nan,0.000000000,29.256895010,24.745545990,0.197616057,0.149877975,25.453718961,0,0.100000000
57.400141478,19968,6574,0,13099,6869,13390,4347,1420,1434,890,544,7123,6267,2880,1467,2.932089756,1.113359815,212.537250919,1550.575994579,38.840532303,9,1.000000000,nan,nan,0.000000000,35.102789989,27.358545980,0.364023028,0.190438004,28.543351975,0,0.100000000
57.499941111,19872,6536,0,13097,6775,13332,4290,1400,1404,879,525,7157,6175,2836,1454,2.908006465,1.160596854,191.110768376,1519.026037653,6.721019745,7,0.000000000,nan,nan,0.000000000,17.456629022,15.226957970,0.247208925,0.152218039,16.033124004,0,0.100000000
57.602204323,20160,6503,0,13136,7024,13653,4311,1456,1454,857,597,7164,6489,2800,1511,2.932304083,1.114436614,188.776780680,1556.443237391,9.431123734,25,0.000000000,nan,nan,0.000000000,14.523291960,12.180878082,0.170147920,0.165408012,12.803894992,0,0.100000000
57.700086832,19968,6437,0,13043,6925,13527,4406,1528,1488,939,549,7182,6345,2919,1487,2.918135136,1.146900994,210.599029329,1648.336474328,76.033830643,8,1.000000000,nan,nan,0.000000000,27.260696981,20.367747056,0.211776991,0.174116984,21.157692012,0,0.100000000
57.800324440,19488,6296,0,13006,6482,13527,4406,1457,1453,927,526,7182,6345,2919,1487,2.918135136,1.146900994,192.321223574,1612.702143912,nan,nan,nan,nan,nan,0.000000000,12.960476044,11.147897050,0.155852991,0.147046987,11.707854981,0,0.100000000
57.899839163,20544,6355,0,13188,7356,14185,4668,1578,1570,946,624,7347,6838,3099,1569,2.928833533,1.128434711,226.267002307,1892.374192439,nan,1,nan,nan,nan,0.000000000,18.088991055,14.669472992,0.192602049,0.175553025,15.299422026,0,0.100000000
58.000095844,19968,6201,0,13085,6883,13763,4591,1506,1515,913,602,7368,6395,3022,1569,2.934493683,1.146490299,213.270903001,1558.887487639,4.710912704,2,0.000000000,nan,nan,0.000000000,30.361238983,23.972471070,0.213378982,0.201202987,24.700047972,0,0.100000000
58.100683928,19776,6028,0,12714,7062,13763,4591,1513,1512,926,586,7368,6395,3022,1569,2.934493683,1.146490299,201.466570284,1565.058375598,nan,nan,nan,nan,nan,0.000000000,12.750385969,11.358865013,0.123041973,0.182014017,11.817228980,0,0.100000000
58.200620651,20160,5989,0,13247,6913,14167,4649,1475,1539,956,583,7690,6477,3100,1549,2.946082411,1.125798419,211.663769785,1691.081774444,2.836227417,2,0.000000000,nan,nan,0.000000000,17.883854045,14.623026073,0.163493038,0.200043025,15.211755992,0,0.100000000
58.299982309,19488,5904,0,12360,7128,13580,4664,1505,1520,889,631,6898,6682,3065,1599,2.889732277,1.134004831,211.213141892,1742.986428799,nan,1,nan,nan,nan,0.000000000,15.129249019,12.718566984,0.181156036,0.174317975,13.356359035,0,0.100000000
58.397500515,20544,5737,0,13402,7142,14803,4662,1515,1523,961,562,8075,6728,3069,1593,2.916447521,1.117550699,187.950578828,1743.064222937,26.479482651,10,1.000000000,nan,nan,0.000000000,17.008815019,13.688490028,0.168075028,0.179775991,14.302745985,0,0.100000000
58.500112057,20064,5693,0,12740,7324,14367,4805,1595,1577,976,601,7458,6909,3165,1640,2.929812827,1.148272205,218.299520196,1973.862731732,55.745363235,3,1.000000000,nan,nan,0.000000000,30.846299022,24.218276027,0.217354973,0.197921006,24.958522001,0,0.100000000
58.602642298,19968,5421,0,12719,7249,14543,4853,1604,1580,961,619,7712,6831,3167,1686,2.915274966,1.171261705,212.225803673,1816.041366848,48.052549362,3,1.000000000,nan,nan,0.000000000,21.240411035,15.074565948,0.227068085,0.174013025,15.824717993,0,0.100000000
58.700514555,19968,5317,0,12560,7408,14647,4934,1634,1642,973,669,7642,7005,3205,1729,2.920506729,1.195894201,224.463250796,2048.087543606,12.287855148,7,0.000000000,nan,nan,0.000000000,25.312582962,20.832824055,0.209785998,0.229355006,21.555482002,0,0.100000000
58.800600290,19968,5231,0,12627,7341,14647,4934,1652,1647,975,672,7642,7005,3205,1729,2.920506729,1.195894201,221.249294994,2064.804033515,nan,nan,nan,nan,nan,0.000000000,14.284845034,12.657622981,0.190879975,0.172408007,13.294245990,0,0.100000000
58.900725126,19968,5148,0,12635,7333,14647,4934,1657,1661,988,673,7642,7005,3205,1729,2.920506729,1.195894201,224.577640835,2073.643573980,nan,nan,nan,nan,nan,0.000000000,13.580400962,12.122627930,0.147264043,0.173283042,12.641587004,0,0.100000000
59.000056267,20160,5250,0,12943,7217,14906,5056,1605,1593,1011,582,8087,6819,3355,1701,2.929932558,1.209301065,210.601034502,1719.198917744,nan,1,nan,nan,nan,0.000000000,24.480623018,19.209816062,0.179531984,0.197443995,19.872294972,0,0.100000000
59.101427555,19872,5123,0,12619,7253,14906,5056,1598,1602,1020,582,8087,6819,3355,1701,2.929932558,1.209301065,210.134571277,1734.738897178,nan,nan,nan,nan,nan,0.000000000,14.404368994,12.831541069,0.187048048,0.181618030,13.447333011,0,0.100000000
59.199908257,20064,5129,0,12838,7226,14931,5088,1614,1601,1003,598,8075,6856,3366,1722,2.873109890,1.247345725,202.275463240,1681.168683698,129.432439804,2,1.000000000,nan,nan,0.000000000,33.189361973,27.120001090,0.193003041,0.179096009,27.834461012,0,0.100000000
59.303602219,20064,5063,0,12731,7333,14931,5088,1615,1613,1008,605,8075,6856,3366,1722,2.873109890,1.247345725,210.468872035,1693.061792772,nan,nan,nan,nan,nan,0.000000000,14.688361029,12.870971055,0.201047922,0.214622996,13.561100990,0,0.100000000
59.401439428,19968,4918,0,12672,7296,14931,5088,1618,1619,1018,601,8075,6856,3366,1722,2.873109890,1.247345725,206.413615714,1697.498360158,nan,nan,nan,nan,nan,0.000000000,14.715333993,13.066738029,0.182241027,0.186243968,13.696319016,0,0.100000000
59.500055790,19968,4893,0,12730,7238,14931,5088,1613,1613,1011,602,8075,6856,3366,1722,2.873109890,1.247345725,208.428026780,1700.534772389,nan,nan,nan,nan,nan,0.000000000,13.803294045,12.367507035,0.131713983,0.169968989,12.837498041,0,0.100000000
59.600018263,20064,4702,0,12599,7465,15358,5282,1625,1642,1008,634,8193,7165,3434,1848,2.866232680,1.328755817,218.610041693,1916.264583136,nan,1,nan,nan,nan,0.000000000,30.461022980,26.579302968,0.434542075,0.224513002,28.057680000,0,0.100000000
59.701395035,20064,4622,0,12902,7162,15358,5282,1675,1683,992,691,8193,7165,3434,1848,2.866232680,1.328755817,233.193120905,2007.256793763,nan,nan,nan,nan,nan,0.000000000,15.376491006,13.771975995,0.190515013,0.178852002,14.418684994,0,0.100000000
59.801403522,19968,4420,0,12642,7326,15544,5410,1736,1777,1090,687,8480,7064,3554,1856,2.858431946,1.307402932,240.600630703,2070.419338660,20.973443985,7,1.000000000,nan,nan,0.000000000,22.768462019,18.022126926,0.202831929,0.241828966,18.767948030,0,0.100000000
59.902162075,19872,4283,0,12787,7085,15544,5410,1703,1703,1045,658,8480,7064,3554,1856,2.858431946,1.307402932,231.399875463,2025.606736291,nan,nan,nan,nan,nan,0.000000000,15.619758051,13.644276012,0.183671946,0.194570050,14.283769997,0,0.100000000
60.000302553,19776,4141,0,12555,7221,15631,5446,1743,1706,1077,629,8636,6995,3680,1766,2.875200307,1.284351164,290.706164058,1921.991247624,6.099939346,2,0.000000000,nan,nan,0.000000000,16.069656005,13.663374004,0.197094923,0.214989006,14.335924003,0,0.100000000
60.102020502,20064,4093,0,13058,7006,15967,5451,1695,1741,1132,609,9126,6841,3726,1725,2.825608440,1.290188001,235.741341799,2160.003170020,115.689516068,4,1.000000000,nan,nan,0.000000000,30.810740020,25.649645948,0.194103050,0.221340975,26.319655008,0,0.100000000
60.199542284,20256,3952,0,12980,7276,15967,5451,1766,1754,1145,609,9126,6841,3726,1725,2.825608440,1.290188001,252.816626269,2019.641780878,nan,nan,nan,nan,nan,0.000000000,15.360485995,13.648600958,0.197838002,0.189328974,14.314564003,0,0.100000000
60.300597191,19968,3825,0,12685,7283,16139,5458,1686,1718,1136,582,8911,7228,3747,1711,2.875211509,1.256354056,278.079512249,2057.665003554,6.607532501,2,0.000000000,nan,nan,0.000000000,24.614333990,17.021893989,0.199634989,0.209246995,17.689660017,0,0.100000000
60.400396824,19968,3762,0,12504,7464,16202,5568,1736,1755,1161,594,8763,7439,3872,1696,2.885870034,1.301844068,288.816804644,1862.468455642,26.665449142,3,1.000000000,nan,nan,0.000000000,22.080895025,17.163752054,0.204887998,0.221573981,17.864166992,0,0.100000000
60.502029657,19872,3602,0,12442,7430,16202,5568,1732,1725,1155,570,8763,7439,3872,1696,2.885870034,1.301844068,276.277924221,1895.021005374,nan,nan,nan,nan,nan,0.000000000,16.491016955,14.727537986,0.199602044,0.192187028,15.389727021,0,0.100000000
60.599937916,20160,3556,0,12319,7841,16600,5395,1644,1678,1108,570,8761,7839,3655,1740,2.893347354,1.376414181,289.406844635,1837.082431097,35.713434219,3,1.000000000,nan,nan,0.000000000,29.428943002,20.798063138,0.193590007,0.254816026,21.464655001,0,0.100000000
60.700238705,19968,3428,0,12235,7733,16600,5395,1694,1690,1133,557,8761,7839,3655,1740,2.893347354,1.376414181,277.153654409,1875.327064553,nan,nan,nan,nan,nan,0.000000000,15.615185024,13.823563058,0.191989995,0.189120008,14.479354024,0,0.100000000
60.800305605,19680,3326,0,12092,7588,16600,5395,1775,1788,1149,639,8761,7839,3655,1740,2.893347354,1.376414181,316.061895084,1890.999355492,nan,nan,nan,nan,nan,0.000000000,15.437635011,13.544513029,0.208543031,0.203135016,14.239726006,0,0.100000000
60.903494120,20352,3261,0,12249,8103,17087,5630,1745,1876,1146,730,8988,8099,3681,1949,2.880078167,1.533973612,357.803519382,2125.559327994,1.698732376,2,0.000000000,nan,nan,0.000000000,17.753181048,14.950853947,0.227009994,0.295529957,15.762082010,0,0.100000000
61.000624895,20064,3099,0,12043,8021,16961,5599,1801,1808,1162,646,8940,8021,3672,1927,2.893122018,1.583884460,317.634046991,2045.626707474,nan,1,nan,nan,nan,0.000000000,27.411534975,19.314500911,0.238851004,0.283385976,20.096879045,0,0.100000000
61.100587130,19968,2906,0,11733,8235,17058,5686,1884,1873,1181,692,8823,8235,3675,2011,2.879288380,1.643903653,331.263058501,2085.049924829,29.934644699,2,1.000000000,nan,nan,0.000000000,20.858794975,16.615954984,0.233060913,0.226461038,17.359997029,0,0.100000000
61.200256824,19584,2295,0,11258,8326,17058,5686,1907,1905,1184,721,8823,8235,3675,2011,2.879288380,1.643903653,339.281197182,2096.297817457,nan,nan,nan,nan,nan,0.000000000,17.063021020,15.154557012,0.229219964,0.196648005,15.937958960,0,0.100000000
61.302576780,20160,2834,0,11792,8368,17322,5834,1905,1893,1201,692,8954,8368,3771,2063,2.866696864,1.734768964,336.406162666,2065.663289270,34.339427948,9,1.000000000,nan,nan,0.000000000,21.384068998,17.160490039,0.216843036,0.205194985,17.892362026,0,0.100000000
61.400430202,19872,2550,0,11420,8452,17318,5717,1758,1754,1159,595,8866,8452,3667,2050,2.864946077,1.755298115,283.977936102,1934.216851480,45.469045639,5,1.000000000,nan,nan,0.000000000,28.025221021,19.227183948,0.212825951,0.201732968,19.936772995,0,0.100000000
61.501459837,19872,2716,0,11566,8306,17318,5717,1760,1755,1134,621,8866,8452,3667,2050,2.864946077,1.755298115,295.421806898,1932.659413163,nan,nan,nan,nan,nan,0.000000000,16.599011025,14.723763976,0.208246929,0.202043040,15.415946953,0,0.100000000
61.600535393,19392,2642,0,11003,8389,16746,5584,1811,1782,1125,657,8357,8389,3548,2036,2.905553426,1.792656945,314.215096553,1818.614744139,73.857545853,3,1.000000000,nan,nan,0.000000000,23.253558029,18.579965923,0.200658047,0.239726971,19.258562010,0,0.100000000
61.701292276,20352,2529,0,11765,8587,17819,5610,1782,1751,1117,634,9236,8583,3583,2027,2.846444664,1.852378481,323.461352236,1913.374197170,66.236495972,2,1.000000000,nan,nan,0.000000000,22.062021017,15.857195016,0.211468025,0.210068014,16.546884959,0,0.100000000
61.802510262,20160,2411,0,11364,8796,17745,5735,1749,1702,1063,639,8949,8796,3604,2131,2.885681593,1.839680564,296.191555766,1757.740792955,69.872856140,3,1.000000000,nan,nan,0.000000000,24.533787044,19.096224976,0.256415049,0.213907042,19.975653966,0,0.100000000
61.900607586,19968,2322,0,11323,8645,17745,5735,1720,1716,1076,640,8949,8796,3604,2131,2.885681593,1.839680564,296.149947301,1764.354567104,nan,nan,nan,nan,nan,0.000000000,17.292718985,15.288371942,0.214666012,0.203803007,16.153574979,0,0.100000000
62.001118898,19968,2265,0,10985,8983,17745,5735,1707,1708,1065,643,8949,8796,3604,2131,2.885681593,1.839680564,298.130938545,1783.044144521,nan,nan,nan,nan,nan,0.000000000,15.717262053,14.057578053,0.155419984,0.224925985,14.583844983,0,0.100000000
62.101393938,19872,2149,0,11166,8706,17745,5735,1721,1720,1077,643,8949,8796,3604,2131,2.885681593,1.839680564,301.058529250,1788.977570771,nan,nan,nan,nan,nan,0.000000000,19.060162012,17.135265982,0.209289952,0.234027975,17.850409029,0,0.100000000
62.201848745,19872,2130,0,10865,9007,17738,5957,1793,1799,1087,712,8735,9003,3557,2400,2.882089746,1.900068947,346.721966672,1926.298272732,8.308649063,11,0.000000000,nan,nan,0.000000000,17.645312997,14.636020001,0.193907938,0.212345039,15.297708975,0,0.100000000
62.301437140,19872,2191,0,11158,8714,17677,5995,1815,1850,1114,736,8967,8710,3592,2403,2.863393536,1.932863749,328.466750389,1929.663816593,4.089593887,3,0.000000000,nan,nan,0.000000000,22.934262990,15.191381972,0.257234962,0.273926998,16.129275027,0,0.100000000
62.400331259,20160,2282,0,10997,9163,17874,6136,1739,1814,1066,748,8715,9159,3607,2529,2.891635278,1.921969275,305.342323959,1931.345018320,25.494575500,4,1.000000000,nan,nan,0.000000000,22.696222004,16.632159997,0.198887021,0.221438007,17.323996988,0,0.100000000
62.501396656,19776,2197,0,11132,8644,17874,6136,1856,1854,1113,741,8715,9159,3607,2529,2.891635278,1.921969275,314.967099265,2011.377602933,nan,nan,nan,nan,nan,0.000000000,17.973142967,16.070090991,0.225002063,0.212479965,16.823598999,0,0.100000000
62.600225925,20160,2428,0,11075,9085,17728,6147,1797,1883,1052,831,8647,9081,3490,2657,2.875846456,1.972891776,343.628334819,1935.067363677,71.776628494,6,1.000000000,nan,nan,0.000000000,26.535672019,21.752432978,0.223173003,0.277119980,22.582691046,0,0.100000000
62.700766087,19872,2291,0,11019,8853,17728,6147,1901,1889,1085,804,8647,9081,3490,2657,2.875846456,1.972891776,334.333573476,1988.952703754,nan,nan,nan,nan,nan,0.000000000,17.306602967,15.402558027,0.236193009,0.207263045,16.150672978,0,0.100000000
62.800427198,20064,2458,0,11226,8838,17602,6267,1821,1840,1055,785,8767,8835,3521,2746,2.840378570,2.033926730,342.031144087,1980.322557873,80.182790756,3,1.000000000,nan,nan,0.000000000,26.423183037,18.521587015,0.260508968,0.365144981,19.417875039,0,0.100000000
62.900345802,19968,2253,0,10928,9040,17711,6339,1873,1826,1047,779,8671,9040,3445,2894,2.781102737,2.046299605,386.004704391,1875.130418109,40.217876434,3,1.000000000,nan,nan,0.000000000,24.116314016,19.310103962,0.210385013,0.317479018,20.044889010,0,0.100000000
63.000182629,20064,2502,0,11250,8814,17558,6367,1755,1824,1016,808,8744,8814,3397,2970,2.710130344,2.096138075,355.888359848,1964.275730869,14.525413513,2,0.000000000,nan,nan,0.000000000,23.395302997,19.051534007,0.213044987,0.308324001,19.806688011,0,0.100000000
63.100137711,19968,2226,0,10746,9222,17738,6633,1864,1881,979,902,8516,9222,3382,3251,2.695533869,2.102272514,381.798043018,2008.081586461,54.154872894,3,1.000000000,nan,nan,0.000000000,23.395392986,19.276271050,0.225343043,0.352193019,20.050815016,0,0.100000000
63.200189590,19968,2391,0,10978,8990,17573,6645,1834,1858,958,900,8585,8988,3336,3309,2.600187265,2.180959175,356.822852997,1968.916019666,nan,1,nan,nan,nan,0.000000000,24.199040025,17.426536069,0.203595031,0.227340031,18.120847002,0,0.100000000
63.301298857,20160,2381,0,10709,9451,17573,6645,1955,1955,1047,908,8585,8988,3336,3309,2.600187265,2.180959175,383.313920754,1996.784673148,nan,nan,nan,nan,nan,0.000000000,19.358730002,17.332461081,0.236471999,0.236991036,18.165843037,0,0.100000000
63.401380777,19392,2245,0,10740,8652,17143,6239,1725,1826,915,911,8493,8650,3023,3216,2.527026888,2.214522959,354.945538557,1914.538278741,4.764795303,2,0.000000000,nan,nan,0.000000000,18.648041005,15.691042994,0.220446964,0.399546989,16.414801998,0,0.100000000
63.498279572,20544,2566,0,10900,9644,17974,6345,1892,1868,917,951,8330,9644,2978,3367,2.581586523,2.313144718,399.048069548,1834.549125144,3.272294998,2,0.000000000,nan,nan,0.000000000,29.212507012,23.847270932,0.226557953,0.382247032,24.619064003,0,0.100000000
63.600629807,19872,2239,0,10830,9042,17629,6273,1858,1884,903,981,8587,9042,2974,3299,2.481151757,2.327242702,379.912594769,1930.905706864,19.987821579,2,1.000000000,nan,nan,0.000000000,34.128613013,26.260204962,0.245170027,0.246685988,27.062864974,0,0.100000000
63.700080156,20160,2504,0,11012,9148,17629,6273,1885,1879,920,959,8587,9042,2974,3299,2.481151757,2.327242702,377.303001266,1888.796786248,nan,nan,nan,nan,nan,0.000000000,17.829224002,15.907846973,0.215638021,0.234772975,16.658910958,0,0.100000000
63.800792694,19872,2207,0,10744,9128,17661,6264,1742,1747,841,906,8533,9128,2916,3348,2.424446446,2.377007453,336.329649332,1808.074442015,4.260301590,2,0.000000000,nan,nan,0.000000000,22.599526972,18.361159076,0.216685992,0.271799974,19.119806995,0,0.100000000
63.900034189,19968,2585,0,10859,9109,17379,6180,1774,1777,829,948,8270,9109,2845,3335,2.431613759,2.371410431,402.055597668,1860.967016214,19.428253174,4,1.000000000,nan,nan,0.000000000,25.835949986,22.648050042,0.224702933,0.223851006,23.410808004,0,0.100000000
63.999938965,20064,2266,0,10832,9232,17794,6029,1823,1767,812,955,8562,9232,2784,3245,2.387168137,2.429358208,423.926936661,1850.638088357,30.034065247,7,1.000000000,nan,nan,0.000000000,24.210715957,20.389403973,0.225652126,0.220139977,21.117358003,0,0.100000000
64.100191832,20160,2610,0,10803,9357,17546,5908,1666,1689,752,937,8193,9353,2626,3282,2.387002562,2.479249043,371.569495687,1631.447508263,16.118526459,3,1.000000000,nan,nan,0.000000000,29.284881020,22.214576020,0.371744973,0.253600010,23.460002034,0,0.100000000
64.201541662,19968,2307,0,10628,9340,17657,5829,1746,1729,782,947,8321,9336,2599,3230,2.347184823,2.437925352,397.834735290,1809.029318641,5.600929260,4,0.000000000,nan,nan,0.000000000,23.865301046,18.274191942,0.205771008,0.208523008,18.996761995,0,0.100000000
64.301390171,20064,2602,0,10872,9192,17458,5853,1720,1756,769,987,8270,9188,2555,3298,2.340124179,2.556217810,381.659423239,1763.055488174,20.569086075,2,1.000000000,nan,nan,0.000000000,23.085916007,18.832030008,0.203493983,0.301818014,19.510004029,0,0.100000000
64.400261402,19872,2295,0,10613,9259,17458,5853,1771,1768,774,994,8270,9188,2555,3298,2.340124179,2.556217810,384.033613588,1767.425539413,nan,nan,nan,nan,nan,0.000000000,17.524341994,15.556781145,0.191637024,0.202200958,16.228513035,0,0.100000000
64.500442982,20064,2691,0,11015,9049,17369,5842,1768,1742,729,1013,8320,9049,2551,3291,2.301130572,2.576460824,395.605353508,1767.213242786,nan,1,nan,nan,nan,0.000000000,21.060478000,17.669683031,0.210878032,0.210628030,18.399505992,0,0.100000000
64.599861383,19968,2351,0,10722,9246,17369,5842,1766,1761,761,1000,8320,9049,2551,3291,2.301130572,2.576460824,401.683997174,1770.584485214,nan,nan,nan,nan,nan,0.000000000,16.392520978,14.569986088,0.195877976,0.205210003,15.237153973,0,0.100000000
64.701401711,19968,2587,0,10936,9032,17369,5842,1726,1726,724,1002,8320,9049,2551,3291,2.301130572,2.576460824,388.242408325,1753.310882419,nan,nan,nan,nan,nan,0.000000000,17.620238999,15.877507976,0.171128020,0.214372005,16.452122945,0,0.100000000
64.802960634,20064,2484,0,10778,9286,17576,6001,1769,1792,759,1033,8290,9286,2586,3415,2.242615547,2.601492985,384.364597164,1917.902203156,17.283678055,3,1.000000000,nan,nan,0.000000000,31.120088999,22.297780029,0.400147052,0.235384970,23.631183954,0,0.100000000
64.900942564,19776,2480,0,10760,9016,17576,6001,1796,1797,730,1067,8290,9286,2586,3415,2.242615547,2.601492985,391.017842498,1896.599116063,nan,nan,nan,nan,nan,0.000000000,16.774857009,15.004655987,0.203414063,0.207678007,15.682200028,0,0.100000000
65.000170469,20160,2644,0,10767,9393,17576,6001,1795,1790,739,1051,8290,9286,2586,3415,2.242615547,2.601492985,386.355095925,1797.393182155,nan,nan,nan,nan,nan,0.000000000,17.093285976,15.193394967,0.227972865,0.227031996,15.926241991,0,0.100000000
65.100652695,20064,2500,0,10894,9170,17576,6001,1764,1771,710,1061,8290,9286,2586,3415,2.242615547,2.601492985,382.436048543,1757.920154146,nan,nan,nan,nan,nan,0.000000000,16.851541004,15.077515040,0.201941002,0.201531977,15.756451001,0,0.100000000
65.201309681,20160,2751,0,10818,9342,17405,5718,1419,1587,640,947,8067,9338,2333,3385,2.173893574,2.671467211,396.469147042,1713.249098212,49.451589584,3,1.000000000,nan,nan,0.000000000,16.779522994,14.296915033,0.165792066,0.247634947,14.903696021,0,0.100000000
65.301391125,19872,2466,0,10829,9043,17402,5695,1548,1550,577,973,8359,9043,2377,3318,2.017901427,2.738251013,364.222877197,1601.379296337,nan,1,nan,nan,nan,0.000000000,17.825997027,15.247753006,0.219528971,0.208445010,16.002648976,0,0.100000000
65.400217772,20160,2787,0,11074,9086,17369,5772,1752,1683,638,1045,8283,9086,2364,3408,2.139116835,2.713215276,344.442049449,1854.858084933,54.688215256,3,1.000000000,nan,nan,0.000000000,25.955485005,21.106467932,0.220838992,0.219435955,21.853397018,0,0.100000000
65.501624346,19872,2463,0,10807,9065,17405,5855,1640,1641,577,1064,8340,9065,2398,3457,2.081823636,2.742949298,383.377200168,1780.397282829,5.494117737,2,0.000000000,nan,nan,0.000000000,17.366195971,14.704539033,0.190265127,0.235049985,15.369542991,0,0.100000000
65.600167990,19872,2750,0,10802,9070,17118,5857,1756,1761,624,1137,8048,9070,2314,3543,2.093869118,2.742119751,404.980355757,1947.428681403,28.509378433,7,1.000000000,nan,nan,0.000000000,20.612569002,16.485397005,0.199106988,0.200876966,17.156345013,0,0.100000000
65.699892998,19584,2513,0,10542,9042,17067,5876,1789,1693,577,1116,8025,9042,2299,3577,2.080311548,2.761007624,382.602122159,1834.633958449,55.748462677,6,1.000000000,nan,nan,0.000000000,29.543752025,22.190366057,0.225753058,0.239167013,22.945592005,0,0.100000000
65.798974752,20640,2895,0,11455,9185,17741,6095,1791,1772,626,1146,8557,9184,2389,3706,2.034400105,2.800320286,370.603159093,2005.665607164,25.725126266,13,1.000000000,nan,nan,0.000000000,32.279584033,23.324447975,0.205273973,0.216285000,24.010887020,0,0.100000000
65.900484324,19488,2294,0,10491,8997,17741,6095,1791,1786,639,1147,8557,9184,2389,3706,2.034400105,2.800320286,385.517237063,2031.274017095,nan,nan,nan,nan,nan,0.000000000,17.240513000,15.123179008,0.182339980,0.439708994,15.714416979,0,0.100000000
66.000229597,20256,2743,0,11091,9165,17741,6095,1770,1772,625,1147,8557,9184,2389,3706,2.034400105,2.800320286,370.707216815,2014.506979667,nan,nan,nan,nan,nan,0.000000000,16.593020991,14.734119992,0.172358064,0.218204979,15.291728021,0,0.100000000
66.100289583,19584,2230,0,10532,9052,17350,5740,1567,1655,540,1115,8300,9050,2157,3583,1.987732407,2.813788263,391.898827982,1833.961354581,nan,1,nan,nan,nan,0.000000000,29.275886016,22.633281944,0.175532012,0.244607974,23.269074038,0,0.100000000
66.199867487,19968,2679,0,10939,9029,17350,5740,1638,1644,546,1098,8300,9050,2157,3583,1.987732407,2.813788263,363.489379545,1834.469275938,nan,nan,nan,nan,nan,0.000000000,16.110087978,14.304182958,0.196714012,0.201058981,14.945005998,0,0.100000000
66.299800158,20160,2796,0,11060,9100,17350,5740,1664,1659,561,1098,8300,9050,2157,3583,1.987732407,2.813788263,380.754138722,1859.477514512,nan,nan,nan,nan,nan,0.000000000,16.877148999,15.055852069,0.183969038,0.193479995,15.683271980,0,0.100000000
66.401351690,19200,2769,0,10289,8911,17350,5740,1641,1638,547,1091,8300,9050,2157,3583,1.987732407,2.813788263,360.505488645,1839.197795631,nan,nan,nan,nan,nan,0.000000000,16.174508026,14.325601980,0.179452996,0.200273993,14.957448991,0,0.100000000
66.499574184,19680,2786,0,10893,8787,16890,5520,1544,1576,501,1075,8106,8784,2025,3495,1.915207407,2.857273510,354.565993254,1656.167752859,5.169630051,2,0.000000000,nan,nan,0.000000000,16.034814005,13.651261979,0.168066996,0.197539979,14.243874990,0,0.100000000
66.595443487,21120,3103,0,11362,9758,18013,5851,1775,1655,526,1129,8259,9754,2060,3791,1.898260526,2.822413872,390.294763059,1723.153465823,25.716304779,4,1.000000000,nan,nan,0.000000000,24.144484021,19.242577080,0.205075019,0.207000005,20.006522012,0,0.100000000
66.700488091,20064,2890,0,10963,9101,17170,5521,1591,1552,482,1070,8073,9097,1902,3619,1.839231876,2.879021672,350.841196250,1633.496174462,85.712909698,3,1.000000000,nan,nan,0.000000000,24.559696030,21.389338013,0.204076001,0.250347017,22.089766979,0,0.100000000
66.801283836,20160,3213,0,11074,9086,16943,5535,1552,1533,501,1032,7857,9086,1963,3572,1.885705435,2.854613637,337.052497300,1506.807788891,38.546562195,4,1.000000000,nan,nan,0.000000000,21.581922018,15.324190026,0.178756018,0.253478007,15.964314982,0,0.100000000
66.901376724,19968,2994,0,10920,9048,16970,5525,1584,1557,517,1040,7922,9048,1916,3609,1.846884670,2.863706120,337.799118262,1467.885960220,51.007986069,6,1.000000000,nan,nan,0.000000000,23.187651997,19.680792990,0.186299963,0.200282026,20.346537000,0,0.100000000
67.000073433,20256,3332,0,10936,9320,16920,5475,1673,1647,544,1103,7600,9320,1917,3558,1.870659510,2.857103511,351.181206690,1615.711181108,39.935112000,3,1.000000000,nan,nan,0.000000000,26.304510946,18.055904016,0.212049985,0.217207009,18.739320047,0,0.100000000
67.101364136,20064,3178,0,10915,9149,16882,5314,1605,1581,524,1057,7737,9145,1907,3407,1.836080872,2.849422114,339.220998421,1495.432495685,5.005598068,2,0.000000000,nan,nan,0.000000000,29.533486988,21.476648049,0.190099876,0.191354018,22.104857955,0,0.100000000
67.301470995,19968,3350,0,11011,8957,16614,5289,1592,1628,515,1113,7657,8957,1884,3405,1.825562124,2.855117888,339.455362328,1483.872551112,nan,1,nan,nan,nan,0.000000000,17.980598030,14.990648080,0.195206027,0.196865003,15.672437963,0,0.100000000
67.400664091,19776,3632,0,10814,8962,16140,5142,1585,1550,474,1076,7178,8962,1726,3416,1.827115165,2.848723402,305.299004587,1328.593453837,5.616903305,2,0.000000000,nan,nan,0.000000000,20.556733012,16.833198955,0.181174022,0.231439015,17.471941013,0,0.100000000
67.501513481,20256,3543,0,11348,8908,16709,5181,1474,1523,508,1015,7801,8908,1816,3365,1.812307708,2.862193905,312.744579534,1410.118345353,5.508661270,2,0.000000000,nan,nan,0.000000000,18.574357033,15.996551025,0.198798080,0.200233015,16.704219044,0,0.100000000
67.600331783,20064,3763,0,11101,8963,16297,5076,1409,1368,427,941,7334,8963,1666,3410,1.809193721,2.861992446,263.641985841,1243.769173847,6.596088409,3,0.000000000,nan,nan,0.000000000,29.510669003,23.312442994,0.314256991,0.212931016,24.442584021,0,0.100000000
67.701006651,20064,3752,0,11163,8901,16308,4998,1445,1456,457,999,7411,8897,1682,3316,1.793196606,2.872659666,286.358214130,1341.323399223,99.182367325,3,1.000000000,nan,nan,0.000000000,25.927532988,21.695917007,0.201943971,0.191027997,22.384028009,0,0.100000000
67.801453352,19968,3758,0,11217,8751,16206,4896,1428,1397,415,982,7462,8744,1674,3222,1.768085508,2.863623098,287.004148966,1320.330406305,29.829025269,2,1.000000000,nan,nan,0.000000000,25.414146017,16.245645995,0.157959003,0.162841985,16.811695008,0,0.100000000
67.900043011,19968,3776,0,11197,8771,16206,4896,1392,1387,415,972,7462,8744,1674,3222,1.768085508,2.863623098,275.200104156,1304.369775050,nan,nan,nan,nan,nan,0.000000000,13.737595000,12.182769016,0.150348002,0.167763967,12.729182956,0,0.100000000
68.001528502,20160,3939,0,11618,8542,16206,4896,1385,1380,414,966,7462,8744,1674,3222,1.768085508,2.863623098,272.076695231,1289.463184367,nan,nan,nan,nan,nan,0.000000000,13.845134992,12.248398038,0.174613087,0.160148018,12.812390982,0,0.100000000
68.101398230,19968,4003,0,11449,8519,15961,5257,1511,1533,542,991,7519,8442,1940,3317,1.793286665,2.856474018,339.298326736,1371.117581615,59.128522873,6,1.000000000,nan,nan,0.000000000,27.892676997,19.706356979,0.163324003,0.195506029,20.298535004,0,0.100000000
68.202698708,19680,3964,0,11354,8326,15961,5257,1516,1534,541,993,7519,8442,1940,3317,1.793286665,2.856474018,330.101754520,1391.377512735,nan,nan,nan,nan,nan,0.000000000,14.817285992,13.056003896,0.182175019,0.206791970,13.673865004,0,0.100000000
68.300358295,20160,4204,0,11866,8294,15952,5430,1647,1548,605,943,7712,8240,2116,3314,1.872309371,2.729991898,320.446376295,1433.704130817,nan,1,nan,nan,nan,0.000000000,29.044777970,21.428135922,0.190338062,0.199333008,22.097394976,0,0.100000000
68.399828196,20160,4122,0,11970,8190,16034,5548,1650,1627,672,955,7883,8151,2239,3309,1.762614209,2.648327172,352.477190806,1307.116423890,2.649545670,2,0.000000000,nan,nan,0.000000000,30.092784029,21.229092090,0.373888935,0.294195022,22.545662010,0,0.100000000
68.502120733,19968,4311,0,11741,8227,16034,5548,1644,1645,699,946,7883,8151,2239,3309,1.762614209,2.648327172,351.525224528,1362.039013483,nan,nan,nan,nan,nan,0.000000000,15.632714028,13.937132957,0.188965991,0.188557024,14.569767984,0,0.100000000
68.601264000,19968,4152,0,11810,8158,15812,5464,1499,1495,636,859,7669,8143,2319,3145,1.840250272,2.539528515,345.787359317,1220.817304781,4.970073700,2,0.000000000,nan,nan,0.000000000,21.566951007,18.555145944,0.187273021,0.238701003,19.223095966,0,0.100000000
68.700583935,19968,4273,0,11586,8382,15691,5522,1548,1528,704,824,7314,8377,2366,3156,1.992109517,2.378535947,334.122639414,1369.786836963,nan,1,nan,nan,nan,0.000000000,16.384457995,13.944655017,0.189225015,0.229939003,14.563795994,0,0.100000000
68.800622702,20064,4228,0,11720,8344,15832,4960,1471,1486,647,839,7490,8342,2211,2749,1.981796995,2.372965709,322.806787023,1267.422776953,nan,1,nan,nan,nan,0.000000000,30.712088046,22.651467880,0.167966005,0.218202011,23.237426998,0,0.100000000
68.900972128,19968,4325,0,11597,8371,15639,4934,1463,1434,626,808,7268,8371,2161,2773,2.083105807,2.306019560,285.618390352,1147.818033022,34.250974655,6,1.000000000,nan,nan,0.000000000,26.756212988,19.358885998,0.185064971,0.186802004,20.003968966,0,0.100000000
69.000481129,20160,4407,0,11991,8169,15749,4934,1565,1558,700,858,7580,8169,2189,2745,2.106387199,2.354672374,315.417729927,1267.023430696,nan,1,nan,nan,nan,0.000000000,15.306473011,12.790755020,0.197560003,0.186235004,13.425962010,0,0.100000000
69.102416992,20064,4539,0,11808,8256,15521,4836,1500,1507,664,843,7265,8256,2102,2734,2.057464725,2.335224207,321.101185685,1208.262096585,25.565624237,3,1.000000000,nan,nan,0.000000000,24.664035009,19.479458046,0.248581055,0.231134996,20.321810967,0,0.100000000
69.201422691,19968,4516,0,11751,8217,15448,4813,1509,1491,711,780,7235,8213,2176,2637,2.044540649,2.320131458,314.207548961,1226.671108997,9.969472885,3,0.000000000,nan,nan,0.000000000,25.340081018,19.693541049,0.199603965,0.184686971,20.394280029,0,0.100000000
69.302111864,19968,4611,0,11732,8236,15353,4690,1457,1492,685,807,7121,8232,2079,2611,2.062588938,2.284516427,312.691038443,1248.081262337,5.601644516,2,0.000000000,nan,nan,0.000000000,14.333936968,12.017029047,0.188070990,0.188152015,12.632397993,0,0.100000000
69.401376009,19968,4478,0,11727,8241,15486,4695,1507,1496,727,769,7248,8238,2138,2557,2.081477102,2.284656540,322.544586466,1299.489086443,40.187597275,6,1.000000000,nan,nan,0.000000000,19.695011957,13.957641029,0.166498998,0.203122967,14.570893021,0,0.100000000
69.502640486,19680,4539,0,11797,7883,15137,4631,1465,1459,712,747,7258,7879,2150,2481,2.081685629,2.240930805,330.972752578,1224.900616394,nan,1,nan,nan,nan,0.000000000,27.524223027,21.541327063,0.187290017,0.187248981,22.204704001,0,0.100000000
69.600323439,19968,4566,0,11723,8245,15398,4638,1433,1402,735,667,7157,8241,2126,2512,2.101844001,2.179399237,292.319638265,1198.921480299,20.091295242,2,1.000000000,nan,nan,0.000000000,23.934486031,19.629287010,0.235057028,0.222053961,20.452301018,0,0.100000000
69.699165344,20352,4624,0,11883,8469,15398,4638,1434,1435,758,677,7157,8241,2126,2512,2.101844001,2.179399237,293.908982089,1185.798770482,nan,nan,nan,nan,nan,0.000000000,15.042913961,13.161204988,0.159738003,0.165615987,13.732079999,0,0.100000000
69.802706003,19968,4641,0,11800,8168,15398,4638,1422,1426,750,676,7157,8241,2126,2512,2.101844001,2.179399237,293.629203010,1175.223021641,nan,nan,nan,nan,nan,0.000000000,16.240080004,14.454273973,0.188884907,0.200812996,15.224307019,0,0.100000000
69.899955988,19872,4572,0,11881,7991,15398,4638,1442,1447,764,683,7157,8241,2126,2512,2.101844001,2.179399237,301.295595919,1202.183978505,nan,nan,nan,nan,nan,0.000000000,12.628889002,11.166134034,0.129900000,0.176372007,11.605636973,0,0.100000000
70.101632118,19584,4503,0,11753,7831,15398,4638,1430,1429,748,681,7157,8241,2126,2512,2.101844001,2.179399237,297.105219625,1187.539495439,nan,nan,nan,nan,nan,0.000000000,17.985936953,16.221921018,0.176986039,0.190067047,16.970497963,0,0.100000000
70.199965954,20352,4655,0,12337,8015,15693,4428,1408,1405,766,639,7678,8015,2197,2231,2.096598903,2.060178140,290.114295985,1273.976412986,34.513235092,2,1.000000000,nan,nan,0.000000000,17.766714969,14.650567959,0.210674072,0.160567986,15.385554987,0,0.100000000
70.300183535,20160,4510,0,12250,7910,15646,4445,1344,1388,732,656,7736,7910,2225,2220,2.011845929,2.093729313,291.725748660,1264.410449141,nan,1,nan,nan,nan,0.000000000,15.400917968,13.223293005,0.164295023,0.164179015,13.771950966,0,0.100000000
70.403516054,19968,4601,0,12080,7888,15363,4508,1367,1393,746,647,7479,7884,2210,2298,2.123587790,2.081391141,297.980348873,1172.566376071,65.234422684,3,1.000000000,nan,nan,0.000000000,29.121210973,21.708226006,0.171363936,0.161777018,22.323490004,0,0.100000000
70.501306772,19968,4577,0,12413,7555,15387,4437,1430,1416,784,632,7838,7549,2286,2151,2.033914852,2.125106067,298.853781890,1308.243169112,4.948139191,2,0.000000000,nan,nan,0.000000000,21.597415966,14.240948949,0.196422974,0.188185018,14.944448019,0,0.100000000
70.604765415,19968,4609,0,12323,7645,15355,4464,1381,1387,770,617,7716,7639,2274,2190,2.069369755,2.114311715,310.565012284,1297.991218050,nan,1,nan,nan,nan,0.000000000,13.352132984,11.141974945,0.161262054,0.175440975,11.692828964,0,0.100000000
70.701282501,19968,4571,0,12526,7442,15393,4444,1330,1364,748,616,7954,7439,2294,2150,2.043838308,2.137957442,279.270676358,1321.604444828,29.938220978,5,1.000000000,nan,nan,0.000000000,34.890439012,26.225279027,0.265717914,0.181972980,27.179782977,0,0.100000000
70.800014973,20160,4582,0,12720,7440,15393,4444,1381,1388,769,619,7954,7439,2294,2150,2.043838308,2.137957442,292.491336544,1374.992429389,nan,nan,nan,nan,nan,0.000000000,12.766291969,11.180452013,0.157075003,0.171726977,11.718972994,0,0.100000000
70.901463985,19968,4530,0,12607,7361,15434,4418,1360,1354,773,581,8073,7361,2234,2184,1.992922961,2.149197778,284.034487256,1293.408007265,45.013189316,5,1.000000000,nan,nan,0.000000000,32.389005006,24.676006928,0.250760058,0.177962997,25.555900007,0,0.100000000
71.002852440,19680,4201,0,12261,7419,15475,4342,1365,1378,781,597,8058,7417,2197,2145,1.961865157,2.061496939,300.804818281,1347.099317760,nan,1,nan,nan,nan,0.000000000,29.360087996,24.967656063,0.229003024,0.198475027,25.803153985,0,0.100000000
71.200489998,19968,4041,0,12464,7504,15923,4386,1315,1303,801,502,8419,7504,2225,2161,1.879777326,2.062675655,298.295588592,1314.252566148,9.152889252,2,0.000000000,nan,nan,0.000000000,17.310498049,12.661404035,0.142092991,0.180901028,13.179455011,0,0.100000000
71.305389404,19776,3795,0,12206,7570,15923,4386,1305,1311,779,532,8419,7504,2225,2161,1.879777326,2.062675655,300.404716232,1341.577812648,nan,nan,nan,nan,nan,0.000000000,12.406123977,10.870101978,0.143737940,0.198095979,11.396468966,0,0.100000000
71.400049686,19968,4050,0,12560,7408,15914,4501,1448,1353,769,584,8506,7408,2185,2316,1.841407599,2.205442138,318.991435597,1401.811724670,35.667181015,2,1.000000000,nan,nan,0.000000000,18.213980016,13.036249962,0.159734976,0.197903020,13.596155040,0,0.100000000
71.501417160,19968,4082,0,12568,7400,15882,4474,1303,1329,751,578,8482,7400,2186,2288,1.799551434,2.227177575,322.019277752,1275.476672107,5.798816681,2,0.000000000,nan,nan,0.000000000,25.851971994,18.261828984,0.170033018,0.195795961,18.910956976,0,0.100000000
71.600042105,19584,3978,0,11946,7638,15602,4490,1315,1327,708,619,7964,7638,2150,2340,1.963497905,1.921208891,300.331360716,1427.963776879,5.440950394,2,0.000000000,nan,nan,0.000000000,17.027006019,12.852056010,0.165483973,0.233403989,13.407382998,0,0.100000000
71.700088739,20352,3988,0,12834,7518,16360,4437,1356,1365,747,618,8842,7518,2132,2305,1.619491608,1.949487100,339.001691440,1346.917036491,81.260681152,2,1.000000000,nan,nan,0.000000000,23.726914020,19.372785988,0.231988030,0.187873025,20.187757036,0,0.100000000
71.802812338,19968,3888,0,12113,7855,16076,4419,1350,1350,737,613,8225,7851,2110,2309,1.774877196,1.762901345,323.628872471,1465.891999829,nan,1,nan,nan,nan,0.000000000,28.237737017,20.618602051,0.187903002,0.182547024,21.265767980,0,0.100000000
71.901374340,19968,3700,0,12288,7680,16264,4436,1314,1303,701,602,8588,7676,2152,2284,1.620053733,1.949026764,335.307877405,1310.913013807,nan,1,nan,nan,nan,0.000000000,23.392321018,19.676641910,0.208115962,0.193393033,20.430620003,0,0.100000000
72.001838207,19968,3723,0,11958,8010,16241,4420,1344,1344,726,618,8235,8006,2142,2278,1.708190239,1.705453415,345.131452388,1299.091425351,29.857397079,3,1.000000000,nan,nan,0.000000000,15.825185983,13.040933933,0.146613049,0.178081973,13.569459959,0,0.100000000
72.100386143,19968,3628,0,12170,7798,16336,4416,1283,1327,734,593,8542,7794,2177,2239,1.580944109,1.937354760,320.776589256,1230.373712288,49.653053284,3,1.000000000,nan,nan,0.000000000,27.658858977,19.251443911,0.162677956,0.197647023,19.837759959,0,0.100000000
72.200291872,19392,3524,0,11676,7716,16336,4416,1295,1292,716,576,8542,7794,2177,2239,1.580944109,1.937354760,332.757316921,1200.230811184,nan,nan,nan,nan,nan,0.000000000,12.771337992,11.129812978,0.170725980,0.196364999,11.696782021,0,0.100000000
72.299569845,20736,3635,0,12394,8342,17097,4509,1381,1374,730,644,8755,8342,2166,2343,1.499328513,1.784545163,347.005005117,1399.550076733,nan,1,nan,nan,nan,0.000000000,20.334681030,14.068853052,0.163674995,0.179763010,14.628563949,0,0.100000000
72.401314020,19776,3338,0,11549,8227,17097,4509,1386,1385,741,644,8755,8342,2166,2343,1.499328513,1.784545163,366.111738434,1431.052088200,nan,nan,nan,nan,nan,0.000000000,13.471616956,11.788982025,0.155606016,0.188820995,12.358729029,0,0.100000000
72.501555204,19968,3444,0,11957,8011,17097,4509,1337,1338,702,636,8755,8342,2166,2343,1.499328513,1.784545163,332.967429691,1385.522481849,nan,nan,nan,nan,nan,0.000000000,12.940251967,11.429603968,0.132810965,0.167616992,11.907726992,0,0.100000000
72.601214409,19584,3180,0,11482,8102,17097,4509,1358,1358,705,653,8755,8342,2166,2343,1.499328513,1.784545163,356.163484708,1428.302427915,nan,nan,nan,nan,nan,0.000000000,14.271355001,12.658173975,0.150621985,0.172882981,13.184712036,0,0.100000000
72.700826406,20064,3486,0,11922,8142,16574,4252,1280,1226,641,585,8435,8139,2021,2231,1.455351802,1.650575969,319.982370899,1353.011466857,30.002832413,4,1.000000000,nan,nan,0.000000000,19.215654000,15.168253041,0.213322928,0.164164987,15.918003977,0,0.100000000
72.801689148,20064,3246,0,11933,8131,16814,4280,1346,1334,646,688,8683,8131,2040,2240,1.409844691,1.643464980,362.942005782,1455.469017785,nan,1,nan,nan,nan,0.000000000,24.823643966,17.217987042,0.172815926,0.173164008,17.844024987,0,0.100000000
72.900660753,20064,3520,0,11985,8079,16540,4154,1296,1323,592,731,8461,8079,1955,2199,1.401997902,1.626079342,374.809406354,1565.665147484,43.850660324,3,1.000000000,nan,nan,0.000000000,25.097539998,17.189603997,0.164000026,0.162133016,17.776359979,0,0.100000000
73.002691269,19872,3116,0,11746,8126,16752,4149,1333,1350,613,737,8626,8126,1973,2176,1.329870651,1.601965021,394.063346389,1646.635380653,74.217081070,4,1.000000000,nan,nan,0.000000000,26.355962968,16.928244964,0.163383083,0.151636021,17.495766981,0,0.100000000
73.099685907,20160,3470,0,11797,8363,16686,4217,1385,1378,630,748,8323,8363,1962,2255,1.362155966,1.607360887,388.293004442,1891.737269308,14.700174332,3,0.000000000,nan,nan,0.000000000,22.538306017,14.217079966,0.157245900,0.173154986,14.761016995,0,0.100000000
73.200217247,19584,2993,0,11540,8044,16686,4217,1394,1384,649,735,8323,8363,1962,2255,1.362155966,1.607360887,397.449374657,1885.879540911,nan,nan,nan,nan,nan,0.000000000,12.360498018,10.633298021,0.161895005,0.202965981,11.245808040,0,0.100000000
73.299746037,20160,3380,0,11746,8414,16776,4300,1328,1318,649,669,8362,8414,1979,2321,1.313327672,1.646378771,348.532243578,1644.861475285,35.428762436,4,1.000000000,nan,nan,0.000000000,27.712681971,22.807968082,0.219193927,0.217669003,23.620531952,0,0.100000000
73.399806976,20160,3015,0,11696,8464,17141,4225,1400,1390,578,812,8680,8461,1911,2314,1.225222238,1.713692251,379.344414352,1509.053348479,39.556264877,4,1.000000000,nan,nan,0.000000000,18.394756014,11.137680034,0.169120030,0.160493015,11.706667021,0,0.100000000
73.501300097,20064,3244,0,11539,8525,16816,4245,1283,1274,550,724,8295,8521,1884,2361,1.245491493,1.669032008,324.309090154,1285.020020077,30.087947845,3,1.000000000,nan,nan,0.000000000,27.101796994,18.828169035,0.221982948,0.177428999,19.567018026,0,0.100000000
73.601415396,19584,2966,0,11524,8060,16816,4245,1313,1310,572,738,8295,8521,1884,2361,1.245491493,1.669032008,344.671059518,1480.886394032,nan,nan,nan,nan,nan,0.000000000,12.689175026,11.197877931,0.146810955,0.151148008,11.725865013,0,0.100000000
73.702368498,20352,3110,0,11572,8780,16816,4245,1314,1308,584,724,8295,8521,1884,2361,1.245491493,1.669032008,341.625487184,1452.871842151,nan,nan,nan,nan,nan,0.000000000,12.158482976,10.619351000,0.155726040,0.153478002,11.177701002,0,0.100000000
73.801211596,19296,2954,0,11223,8073,16816,4245,1309,1306,574,732,8295,8521,1884,2361,1.245491493,1.669032008,329.137766173,1413.379376114,nan,nan,nan,nan,nan,0.000000000,14.668622985,13.015826000,0.176696980,0.152424036,13.628829969,0,0.100000000
73.900000572,20544,2983,0,11599,8945,17557,4576,1231,1427,636,791,8616,8941,2008,2568,1.186103053,1.677361039,391.805204451,1995.740427110,20.008802414,5,1.000000000,nan,nan,0.000000000,25.469258020,20.596618939,0.186268997,0.201579998,21.281891037,0,0.100000000
73.999951839,20064,3142,0,11712,8352,17557,4576,1451,1458,624,834,8616,8941,2008,2568,1.186103053,1.677361039,376.676414885,1871.088564099,nan,nan,nan,nan,nan,0.000000000,15.920844977,14.021738025,0.203558069,0.164540019,14.743413019,0,0.100000000
74.101474047,19968,2803,0,11179,8789,17161,4230,1531,1418,621,797,8374,8787,1794,2436,1.127485482,1.714375648,367.931325429,1909.627825724,74.326276779,3,1.000000000,nan,nan,0.000000000,16.439587984,10.647999006,0.165209000,0.163672026,11.227909999,0,0.100000000
74.199893713,20160,3204,0,11528,8632,16952,4210,1354,1343,572,771,8324,8628,1813,2397,1.153051592,1.740910493,339.450485015,1779.405457132,9.980678558,3,0.000000000,nan,nan,0.000000000,14.710222953,12.255068985,0.193866028,0.202651019,12.956506980,0,0.100000000
74.300393820,19968,2810,0,11224,8744,17154,4250,1260,1315,552,763,8414,8740,1793,2457,1.105115807,1.746864620,317.706364373,1772.471748880,15.434741974,2,1.000000000,nan,nan,0.000000000,17.706522020,13.886842062,0.177807000,0.149536994,14.512975002,0,0.100000000
74.401289701,20256,3237,0,11769,8487,17015,4222,1271,1295,563,732,8532,8483,1826,2396,1.140021527,1.778501290,313.146270339,1810.096826218,24.602174759,3,1.000000000,nan,nan,0.000000000,26.141724957,17.838345084,0.169123989,0.182031014,18.437058956,0,0.100000000
74.501584530,19680,2759,0,11015,8665,17015,4222,1297,1303,552,751,8532,8483,1826,2396,1.140021527,1.778501290,306.736829947,1841.027148598,nan,nan,nan,nan,nan,0.000000000,12.801212026,11.038331082,0.140421093,0.160994998,11.546773952,0,0.100000000
74.602482557,20160,3145,0,11651,8509,17011,4319,1362,1386,608,778,8502,8509,1842,2477,1.118021002,1.816232582,329.698832784,1977.728484759,46.262979507,3,1.000000000,nan,nan,0.000000000,25.206561026,19.971953996,0.199148024,0.182247022,20.672645012,0,0.100000000
74.700348854,19680,2865,0,11094,8586,16811,4303,1369,1350,550,800,8225,8586,1812,2491,1.076567237,1.767018093,333.505938221,1861.564109492,29.211759567,3,1.000000000,nan,nan,0.000000000,14.437555976,12.116941041,0.154641981,0.174645043,12.679038977,0,0.100000000
74.800601482,20352,3143,0,11666,8686,17205,4306,1348,1324,579,745,8519,8686,1831,2475,1.121110187,1.704360847,320.112198382,1826.031035523,75.612068176,7,1.000000000,nan,nan,0.000000000,16.133274999,12.521046039,0.160885043,0.168517989,13.057183998,0,0.100000000
74.901270866,19872,2954,0,11379,8493,17205,4306,1350,1343,587,756,8519,8686,1831,2475,1.121110187,1.704360847,335.679295260,1879.645163024,nan,nan,nan,nan,nan,0.000000000,15.829037991,13.883842970,0.227220997,0.204964017,14.675154001,0,0.100000000
75.000067234,20160,3194,0,11337,8823,17205,4306,1333,1326,592,734,8519,8686,1831,2475,1.121110187,1.704360847,318.567095709,1803.734516952,nan,nan,nan,nan,nan,0.000000000,12.815394963,11.183479975,0.165310048,0.175351975,11.726627999,0,0.100000000
75.100395203,20064,3051,0,11507,8557,17009,4302,1279,1422,630,792,8456,8553,1915,2387,1.152609838,1.693054364,373.698164576,2194.578640191,6.040096283,5,0.000000000,nan,nan,0.000000000,22.062894015,17.269151984,0.221098948,0.214321015,18.060426984,0,0.100000000
75.201737642,19488,3089,0,11242,8246,17009,4302,1295,1291,600,691,8456,8553,1915,2387,1.152609838,1.693054364,302.449925442,1859.054734180,nan,nan,nan,nan,nan,0.000000000,12.420840969,10.772799957,0.159328047,0.191358966,11.314133008,0,0.100000000
75.300554991,20448,3169,0,11666,8782,17009,4302,1452,1453,633,820,8456,8553,1915,2387,1.152609838,1.693054364,355.818872376,2103.576253740,nan,nan,nan,nan,nan,0.000000000,12.890368002,11.237146973,0.178243965,0.172526983,11.859518010,0,0.100000000
75.400519133,20064,3161,0,11363,8701,16899,4116,1152,1264,592,672,8198,8701,1821,2295,1.183336100,1.590218539,299.966893784,1702.939636105,nan,1,nan,nan,nan,0.000000000,25.317917985,17.930296017,0.168930972,0.221219030,18.534858013,0,0.100000000
75.501326561,19488,3246,0,11096,8392,16899,4116,1390,1385,596,789,8198,8701,1821,2295,1.183336100,1.590218539,330.859806085,1751.506736672,nan,nan,nan,nan,nan,0.000000000,12.858106988,11.220037064,0.159267045,0.202607946,11.798863008,0,0.100000000
75.599075794,20544,3197,0,11694,8850,17343,4248,1250,1326,578,748,8497,8846,1837,2411,1.142495944,1.597198969,296.748608253,1679.318716178,20.054817200,2,1.000000000,nan,nan,0.000000000,23.722992046,15.770642029,0.166152022,0.178763992,16.312822001,0,0.100000000
75.701331615,20064,3371,0,11419,8645,17343,4248,1401,1394,568,826,8497,8846,1837,2411,1.142495944,1.597198969,320.655456114,1754.573860511,nan,nan,nan,nan,nan,0.000000000,12.500691984,10.836244968,0.164635014,0.157505041,11.436945002,0,0.100000000
75.801322937,19872,3158,0,11152,8720,17343,4248,1391,1390,561,829,8497,8846,1837,2411,1.142495944,1.597198969,318.688532083,1710.857338065,nan,nan,nan,nan,nan,0.000000000,14.970114978,13.185631949,0.252693077,0.147635990,13.989797968,0,0.100000000
75.900214434,20064,3474,0,11457,8607,16586,4294,1332,1373,611,762,7985,8601,1800,2494,1.171204911,1.695965556,302.053116617,1644.680255375,125.513315201,9,1.000000000,nan,nan,0.000000000,18.771587987,15.534834994,0.240377034,0.152504013,16.365953023,0,0.100000000
76.000189781,19872,2952,0,11190,8682,16916,4301,1420,1420,605,815,8249,8667,1794,2507,1.160889718,1.605673661,306.649439801,1819.169208305,8.433818817,4,0.000000000,nan,nan,0.000000000,13.194188999,10.868877056,0.173464010,0.175654015,11.446537043,0,0.100000000
76.101380825,19680,2829,0,10977,8703,16847,4441,1408,1394,606,788,8156,8691,1821,2620,1.164834939,1.631525616,289.841733989,1833.384839153,95.753669739,10,1.000000000,nan,nan,0.000000000,28.497110005,20.736662089,0.250481069,0.212373969,21.625137015,0,0.100000000
76.200346708,19200,3017,0,10774,8426,16179,4390,1422,1432,607,825,7761,8418,1793,2597,1.191387819,1.622351223,310.276998709,1788.452475113,5.198240280,2,0.000000000,nan,nan,0.000000000,20.485816989,17.130309076,0.265295035,0.180531002,18.084909010,0,0.100000000
76.298811674,20448,3492,0,11909,8539,16952,4517,1479,1471,653,818,8432,8520,1939,2578,1.196115731,1.627704800,302.892527762,2009.544677444,54.373502731,3,1.000000000,nan,nan,0.000000000,23.702305974,18.373604980,0.231205951,0.198714028,19.113050017,0,0.100000000
76.400108814,20352,3557,0,11485,8867,16791,4516,1609,1520,664,856,7926,8865,1896,2620,1.249969386,1.594401488,321.564326868,2039.448720030,64.426660538,4,1.000000000,nan,nan,0.000000000,18.446323986,12.537755072,0.175258028,0.187118014,13.143764983,0,0.100000000
76.500663996,20064,3513,0,11589,8475,16547,4191,1486,1421,610,811,8086,8461,1784,2407,1.199251218,1.615156084,266.493019486,2004.345725971,44.621229172,8,1.000000000,nan,nan,0.000000000,18.032962980,10.992886906,0.184467004,0.165682985,11.598416953,0,0.100000000
76.601183176,20064,3655,0,11633,8431,16405,4256,1422,1408,625,783,7979,8426,1846,2410,1.290225550,1.625247978,270.198259615,1928.680320504,5.008935928,3,0.000000000,nan,nan,0.000000000,14.231140027,11.139039998,0.156791997,0.157364004,11.689549021,0,0.100000000
76.700331450,20160,3621,0,11909,8251,16405,4256,1453,1464,690,774,7979,8426,1846,2410,1.290225550,1.625247978,281.196317070,1892.412234866,nan,nan,nan,nan,nan,0.000000000,12.670334021,11.013982061,0.174360059,0.169189007,11.607804976,0,0.100000000
76.800310612,19776,3559,0,11251,8525,16213,4072,1459,1424,655,769,7694,8519,1749,2323,1.263009604,1.575405385,287.544135679,1916.215692216,28.997898102,4,1.000000000,nan,nan,0.000000000,21.794822009,17.006133916,0.334496959,0.177529000,18.159628031,0,0.100000000
76.902985096,19776,3717,0,11615,8161,16213,4072,1430,1441,652,789,7694,8519,1749,2323,1.263009604,1.575405385,286.422231767,1865.514646248,nan,nan,nan,nan,nan,0.000000000,13.073718990,11.293682968,0.214528874,0.226360979,11.991093983,0,0.100000000
77.000015497,20064,3663,0,11556,8508,16397,3996,1438,1378,643,735,7897,8500,1760,2236,1.249996050,1.558344006,287.364336576,1805.141684760,nan,1,nan,nan,nan,0.000000000,15.685110004,13.041943021,0.219821988,0.167120015,13.817068015,0,0.100000000
77.101117611,20448,3814,0,11846,8602,16630,4050,1381,1389,655,734,8034,8596,1735,2315,1.195094760,1.567678717,273.612269739,1672.153654396,30.090808868,3,1.000000000,nan,nan,0.000000000,21.145948034,16.959867964,0.220599060,0.220907037,17.759251990,0,0.100000000
77.199877262,19776,3794,0,11439,8337,15978,3921,1346,1324,615,709,7646,8332,1698,2223,1.239402996,1.556537009,273.443284863,1630.815851980,4.465818405,2,0.000000000,nan,nan,0.000000000,17.636716017,10.282369039,0.167774968,0.187184021,10.834468994,0,0.100000000
77.300628901,20352,3915,0,11839,8513,16433,4056,1350,1331,638,693,7924,8509,1748,2308,1.252740188,1.593955102,247.648250367,1633.239406962,90.502023697,6,1.000000000,nan,nan,0.000000000,25.125792017,16.417606035,0.170677959,0.176536036,16.989519994,0,0.100000000
77.401189566,20064,3911,0,11668,8396,16149,3914,1350,1334,639,695,7754,8395,1714,2200,1.285225063,1.572089406,251.341636906,1665.045690511,8.737325668,25,0.000000000,nan,nan,0.000000000,16.832143010,13.770124991,0.159419957,0.177985057,14.356264961,0,0.100000000
77.503023863,20064,4121,0,11883,8181,15939,3881,1256,1279,633,646,7758,8181,1714,2167,1.267751813,1.606102375,262.049357201,1528.900336268,29.287815094,4,1.000000000,nan,nan,0.000000000,23.460173979,19.202602969,0.279349973,0.230428996,20.236017008,0,0.100000000
77.601294518,20064,4053,0,11620,8444,15939,3881,1281,1283,631,652,7758,8181,1714,2167,1.267751813,1.606102375,241.163779467,1612.529529106,nan,nan,nan,nan,nan,0.000000000,13.886298984,12.226289022,0.183578988,0.142599980,12.898598972,0,0.100000000
77.701262712,19296,4143,0,11248,8048,15149,3793,1201,1243,573,670,7105,8044,1616,2177,1.374010499,1.625779497,245.731449803,1297.329172052,9.949922562,3,0.000000000,nan,nan,0.000000000,25.256813038,18.295952992,0.182865944,0.151769025,18.946895027,0,0.100000000
77.801027775,20640,4110,0,12055,8585,16526,3922,1278,1293,606,687,7941,8585,1691,2231,1.371816679,1.591561778,250.481122339,1392.249725266,5.799293518,2,0.000000000,nan,nan,0.000000000,21.775551024,15.976583993,0.210520055,0.186525984,16.701348010,0,0.100000000
77.901252031,19872,4294,0,11752,8120,16526,3922,1370,1375,662,713,7941,8585,1691,2231,1.371816679,1.591561778,267.168533922,1457.551162397,nan,nan,nan,nan,nan,0.000000000,11.996031040,10.226426995,0.172524014,0.163181976,10.800367978,0,0.100000000
77.999808311,20160,4132,0,11694,8466,16024,3923,1280,1332,623,709,7562,8462,1720,2203,1.419845749,1.573083294,250.073296345,1362.265708188,3.287792206,2,0.000000000,nan,nan,0.000000000,28.236928978,21.369866095,0.194101012,0.183901982,22.033291985,0,0.100000000
78.100299120,19680,4305,0,11698,7982,15371,3886,1208,1230,608,622,7389,7982,1749,2137,1.494382192,1.626154816,270.003012119,1310.988538995,nan,1,nan,nan,nan,0.000000000,11.895895994,9.869857924,0.132805959,0.157781993,10.347641946,0,0.100000000
78.199897528,20448,4306,0,12081,8367,16138,3871,1264,1290,592,698,7775,8363,1737,2134,1.492313677,1.574099728,239.897508615,1293.606369438,69.795131683,4,1.000000000,nan,nan,0.000000000,20.035138004,14.675675950,0.189777929,0.163644028,15.403382014,0,0.100000000
78.301231384,19968,4444,0,11716,8252,15520,3857,1282,1287,615,672,7268,8252,1657,2200,1.457846681,1.562594679,268.890591588,1392.842474795,nan,1,nan,nan,nan,0.000000000,18.706353032,14.200322039,0.275687955,0.160049007,15.356968041,0,0.100000000
78.401727915,20064,4365,0,11780,8284,15695,3832,1312,1304,600,704,7411,8284,1642,2190,1.344381994,1.553809106,244.506078121,1375.304761031,5.272388458,2,0.000000000,nan,nan,0.000000000,20.305067999,16.284418001,0.233808008,0.148418010,17.107197957,0,0.100000000
78.504745960,19680,4313,0,11283,8397,15363,3862,1317,1305,627,678,6970,8393,1614,2248,1.436757459,1.551172413,272.935630342,1535.350612383,nan,1,nan,nan,nan,0.000000000,15.364710998,12.280944036,0.173857959,0.166081998,12.864662975,0,0.100000000
78.601627350,20256,4445,0,11684,8572,15807,3799,1316,1274,597,677,7235,8572,1627,2172,1.286592780,1.616514746,269.156834136,1411.327839462,79.558610916,3,1.000000000,nan,nan,0.000000000,22.375826025,17.120716977,0.178196060,0.163218996,17.726571998,0,0.100000000
78.701185703,20064,4484,0,11423,8641,15807,3799,1322,1323,625,698,7235,8572,1627,2172,1.286592780,1.616514746,291.702766766,1329.963501719,nan,nan,nan,nan,nan,0.000000000,11.581368046,9.930461994,0.169043022,0.180884032,10.522134020,0,0.100000000
78.801280499,19968,4529,0,11671,8297,15807,3799,1260,1264,577,687,7235,8572,1627,2172,1.286592780,1.616514746,256.971980822,1387.054477879,nan,nan,nan,nan,nan,0.000000000,11.238745996,9.751952020,0.145811995,0.151130022,10.251591040,0,0.100000000
78.900570869,19968,4747,0,11603,8365,15807,3799,1318,1318,621,697,7235,8572,1627,2172,1.286592780,1.616514746,296.900511902,1309.398726400,nan,nan,nan,nan,nan,0.000000000,11.215168983,9.717223991,0.151464948,0.172380009,10.246535996,0,0.100000000
79.000083447,20160,4785,0,12078,8082,15807,3799,1263,1258,572,686,7235,8572,1627,2172,1.286592780,1.616514746,264.454498916,1388.322565183,nan,nan,nan,nan,nan,0.000000000,11.562013999,10.047690070,0.132017944,0.232279999,10.529496998,0,0.100000000
79.101370573,19872,4809,0,11687,8185,15059,3699,1341,1277,631,646,6955,8104,1573,2126,1.494722737,1.450544683,289.663577565,1702.701127800,nan,1,nan,nan,nan,0.000000000,18.172818993,15.137388080,0.208253914,0.161353964,15.879679006,0,0.100000000
79.200234890,20064,4915,0,12092,7972,15145,3746,1204,1209,580,629,7322,7823,1671,2075,1.465322444,1.486233453,257.134037118,1613.960212015,88.614940643,3,1.000000000,nan,nan,0.000000000,21.182995988,14.300301031,0.143881014,0.168772996,14.818440017,0,0.100000000
79.301242828,20064,4914,0,11870,8194,15145,3746,1347,1348,688,660,7322,7823,1671,2075,1.465322444,1.486233453,298.796506412,1632.968704565,nan,nan,nan,nan,nan,0.000000000,11.684448982,10.167175904,0.174441957,0.168188999,10.754859017,0,0.100000000
79.402249575,19296,4940,0,11582,7714,14352,3655,1231,1215,625,590,6853,7499,1631,2024,1.639773455,1.484347014,264.903702075,1522.630974565,15.437364578,5,1.000000000,nan,nan,0.000000000,18.013007008,11.498253967,0.160047028,0.180269009,12.036519009,0,0.100000000
79.497364283,20448,5113,0,12458,7990,15331,3692,1284,1270,677,593,7575,7756,1701,1991,1.575572648,1.365155288,276.006873102,1712.916594493,20.293474197,2,1.000000000,nan,nan,0.000000000,26.056715986,19.134485046,0.316679070,0.386038970,20.236946002,0,0.100000000
79.599979639,20256,5177,0,12162,8094,15075,3795,1353,1352,680,672,7245,7830,1727,2068,1.672930397,1.369893763,299.339836091,1819.230271610,nan,1,nan,nan,nan,0.000000000,19.521547016,16.386422038,0.221970025,0.187750964,17.192417989,0,0.100000000
79.701173544,19968,5242,0,12295,7673,15075,3795,1325,1332,660,672,7245,7830,1727,2068,1.672930397,1.369893763,257.564716041,1907.429578397,nan,nan,nan,nan,nan,0.000000000,11.202957015,9.817258979,0.148705090,0.153052970,10.337938962,0,0.100000000
79.801201820,19392,5144,0,12065,7327,14244,3669,1342,1350,740,610,7164,7080,1739,1930,1.755093197,1.369609263,283.955404468,1929.641910593,36.730051041,4,1.000000000,nan,nan,0.000000000,17.727694008,10.566641984,0.162175973,0.195397995,11.147077952,0,0.100000000
79.899864674,20640,5413,0,12719,7921,15223,3950,1381,1363,704,659,7583,7640,1859,2091,1.790748793,1.338978251,249.492319286,1848.002910926,nan,1,nan,nan,nan,0.000000000,16.986397968,13.301844941,0.162849086,0.185950019,13.852209027,0,0.100000000
80.001317978,19968,5357,0,12262,7706,15223,3950,1372,1371,732,639,7583,7640,1859,2091,1.790748793,1.338978251,264.209903297,1860.428729644,nan,nan,nan,nan,nan,0.000000000,14.676932013,12.963308021,0.214105879,0.183301978,13.701423013,0,0.100000000
80.102313042,19776,5450,0,12338,7438,15223,3950,1335,1339,710,629,7583,7640,1859,2091,1.790748793,1.338978251,249.180434095,1898.503081272,nan,nan,nan,nan,nan,0.000000000,12.571113009,11.053374968,0.164677971,0.170193030,11.644821032,0,0.100000000
80.201911926,20160,5480,0,12441,7719,15223,3950,1377,1372,730,642,7583,7640,1859,2091,1.790748793,1.338978251,273.103663068,1830.832853418,nan,nan,nan,nan,nan,0.000000000,11.367884988,9.981153009,0.123509031,0.173867971,10.421569983,0,0.100000000
80.304099321,19968,5544,0,12538,7430,15223,3950,1341,1341,709,632,7583,7640,1859,2091,1.790748793,1.338978251,258.655940353,1883.889517065,nan,nan,nan,nan,nan,0.000000000,11.512222001,10.059491033,0.128098007,0.176703965,10.492255969,0,0.100000000
80.399657965,20064,5464,0,12247,7817,15223,3950,1373,1373,729,644,7583,7640,1859,2091,1.790748793,1.338978251,275.295548631,1833.630960231,nan,nan,nan,nan,nan,0.000000000,13.534853002,12.100074033,0.137201045,0.169993960,12.597200985,0,0.100000000
80.501173258,20064,5622,0,12584,7480,14438,3858,1336,1389,753,636,7275,7163,1991,1867,1.999985515,1.446230269,298.989696265,2416.802686481,105.609893799,2,1.000000000,nan,nan,0.000000000,23.474212969,16.776932054,0.296328973,0.352591975,17.822747992,0,0.100000000
80.601897001,20064,5498,0,12302,7762,14562,3972,1379,1379,762,617,7167,7395,2068,1904,2.047201683,1.362062384,339.858920082,2141.681339765,74.356794357,5,1.000000000,nan,nan,0.000000000,19.113087037,15.305346984,0.242708018,0.197282003,16.162426968,0,0.100000000
80.701212168,19968,5623,0,12617,7351,14341,3939,1345,1367,765,602,7329,7012,2132,1807,2.123915307,1.456104886,309.579291535,2244.884861014,30.359029770,14,1.000000000,nan,nan,0.000000000,15.693708963,10.588858044,0.146078994,0.206761004,11.124123004,0,0.100000000
80.801132917,19968,5459,0,12382,7586,14505,3900,1373,1367,754,613,7300,7205,2058,1842,2.281590021,1.410281506,322.349011834,2124.358720100,8.369684219,4,0.000000000,nan,nan,0.000000000,20.655237953,14.692144992,0.160965021,0.179307011,15.258288011,0,0.100000000
80.901432276,19968,5513,0,12584,7384,14451,3938,1488,1471,815,656,7466,6985,2092,1846,2.253722293,1.460229048,339.641705219,2229.856706891,9.660482407,3,0.000000000,nan,nan,0.000000000,22.672710998,18.894852023,0.225008058,0.215906010,19.713691028,0,0.100000000
81.003739357,20064,5515,0,12633,7431,14545,3786,1349,1344,773,571,7525,7020,2026,1760,2.260799308,1.390406056,328.309172502,1994.908860092,36.023855209,10,1.000000000,nan,nan,0.000000000,16.774387972,12.697701983,0.163807999,0.274773978,13.323610998,0,0.100000000
81.101166964,19968,5368,0,12506,7462,14596,3792,1430,1443,823,620,7535,7061,2030,1762,2.264396421,1.329445346,336.457006797,2304.097876216,44.073820114,12,1.000000000,nan,nan,0.000000000,17.374830029,14.238036994,0.184097036,0.283618981,14.881559007,0,0.100000000
81.203166962,19968,5392,0,12627,7341,14572,3784,1385,1378,791,587,7604,6968,2078,1706,2.254542851,1.279369591,358.549583959,2111.919986435,6.875753403,9,0.000000000,nan,nan,0.000000000,23.090717965,17.252240039,0.200019975,0.182424963,17.962139042,0,0.100000000
81.301137209,20064,5458,0,12728,7336,14572,3784,1413,1425,811,614,7604,6968,2078,1706,2.254542851,1.279369591,382.959913958,2178.162907547,nan,nan,nan,nan,nan,0.000000000,12.567957980,11.103746016,0.167922990,0.182498014,11.676098977,0,0.100000000
81.401144266,19968,5411,0,12801,7167,14572,3784,1397,1396,791,605,7604,6968,2078,1706,2.254542851,1.279369591,356.375150678,2129.719858073,nan,nan,nan,nan,nan,0.000000000,11.726787023,10.308774014,0.162657001,0.151390966,10.863907984,0,0.100000000
81.501288891,19968,5493,0,12786,7182,14572,3784,1443,1443,824,619,7604,6968,2078,1706,2.254542851,1.279369591,400.178312077,2171.979551380,nan,nan,nan,nan,nan,0.000000000,11.984682991,10.661257955,0.131258043,0.155296992,11.147290992,0,0.100000000
81.601264477,19968,5469,0,12765,7203,14572,3784,1411,1412,808,604,7604,6968,2078,1706,2.254542851,1.279369591,381.758386163,2157.720368631,nan,nan,nan,nan,nan,0.000000000,12.293256994,10.955478007,0.128022104,0.156122958,11.425406032,0,0.100000000
81.701176167,19200,5406,0,12507,6693,13790,3794,1028,1159,569,590,7313,6477,2240,1554,2.310469385,1.142020153,337.386480747,2062.040758677,44.420719147,4,1.000000000,nan,nan,0.000000000,23.546326032,18.052820931,0.187250029,0.506886048,18.722693028,0,0.100000000
81.800544500,20736,5689,0,13236,7500,13790,3794,1162,1163,664,499,7313,6477,2240,1554,2.310469385,1.142020153,274.986847119,1762.912574155,nan,nan,nan,nan,nan,0.000000000,13.878543978,12.339378940,0.154285983,0.254547049,12.903672003,0,0.100000000
81.899972916,20064,5499,0,13012,7052,14561,3770,1118,1152,687,465,7704,6857,2238,1532,2.301432221,1.119873682,298.890027979,1645.369922201,64.287662506,6,1.000000000,nan,nan,0.000000000,27.554657019,19.652883930,0.171865977,0.363623025,20.340264018,0,0.100000000
82.001236439,20064,5362,0,12848,7216,14561,3770,1141,1136,679,457,7704,6857,2238,1532,2.301432221,1.119873682,298.805918238,1582.598065188,nan,nan,nan,nan,nan,0.000000000,15.787496057,13.542171975,0.157239032,0.147133018,14.081547037,0,0.100000000
82.101190329,19776,5310,0,12643,7133,14561,3770,1147,1143,682,461,7704,6857,2238,1532,2.301432221,1.119873682,295.103538404,1584.283679712,nan,nan,nan,nan,nan,0.000000000,11.781861016,10.324207949,0.141539087,0.155733025,10.803783953,0,0.100000000
82.200022697,20064,5138,0,12664,7400,14922,3912,1129,1147,708,439,7617,7305,2345,1567,2.336353623,1.111868255,303.599241415,1661.011045599,nan,1,nan,nan,nan,0.000000000,16.384174000,12.349919009,0.143402023,0.260558038,12.851363979,0,0.100000000
82.302914858,19872,5165,0,12635,7237,14703,3890,1130,1124,684,440,7529,7174,2318,1572,2.299330723,1.112113754,276.224506015,1703.727642213,nan,1,nan,nan,nan,0.000000000,14.388003969,11.302720057,0.134234957,0.243142014,11.810133990,0,0.100000000
82.400183916,20064,5092,0,12549,7515,14968,3846,1063,1099,627,472,7514,7454,2273,1573,2.302891105,1.116278395,294.901599386,1601.810466763,75.020074844,6,1.000000000,nan,nan,0.000000000,23.292541038,17.630481045,0.131847919,0.179304974,18.119571963,0,0.100000000
82.500561237,19968,5247,0,12671,7297,14968,3846,1176,1176,673,503,7514,7454,2273,1573,2.302891105,1.116278395,304.919387475,1919.858977824,nan,nan,nan,nan,nan,0.000000000,11.601814011,10.216767958,0.135104056,0.161878008,10.703906999,0,0.100000000
82.603005171,19968,5156,0,12367,7601,14808,3791,1036,1094,624,470,7338,7470,2173,1618,2.329140217,1.128667996,289.635424903,1791.869046787,4.776000977,2,0.000000000,nan,nan,0.000000000,18.399661989,12.887058954,0.124695012,0.189259998,13.329773035,0,0.100000000
82.701268435,19680,4999,0,12295,7385,14808,3791,1098,1097,608,489,7338,7470,2173,1618,2.329140217,1.128667996,276.512575764,1560.017037545,nan,nan,nan,nan,nan,0.000000000,12.876639026,11.235137063,0.163946010,0.234105042,11.799543048,0,0.100000000
82.799261570,20352,5159,0,12370,7982,14808,3791,1091,1087,622,465,7338,7470,2173,1618,2.329140217,1.128667996,268.065048734,1774.648888626,nan,nan,nan,nan,nan,0.000000000,12.100886030,10.568803002,0.119262957,0.160734984,11.016881966,0,0.100000000
82.901143551,20064,5097,0,12373,7691,14808,3791,1113,1113,612,501,7338,7470,2173,1618,2.329140217,1.128667996,273.457978961,1705.797839989,nan,nan,nan,nan,nan,0.000000000,11.194427963,9.801810025,0.120550045,0.163697987,10.244912992,0,0.100000000
83.001364946,19680,4972,0,12108,7572,14808,3791,1092,1097,609,488,7338,7470,2173,1618,2.329140217,1.128667996,276.277280914,1663.673791687,nan,nan,nan,nan,nan,0.000000000,11.539138970,10.039250948,0.128464017,0.166693993,10.537202004,0,0.100000000
83.099799633,20256,5018,0,12325,7931,15234,4027,1175,1172,610,562,7592,7642,2310,1717,2.275477287,1.236092816,310.678544087,1617.328759648,8.559226990,2,0.000000000,nan,nan,0.000000000,12.505962979,10.450060072,0.135910988,0.174911984,10.925046983,0,0.100000000
83.201210022,20064,4982,0,12397,7667,15078,3924,1205,1153,641,512,7701,7377,2281,1643,2.274614042,1.212437649,306.385708178,1730.067370130,4.503011703,2,0.000000000,nan,nan,0.000000000,20.091422019,15.109742933,0.181291078,0.185155019,15.741695010,0,0.100000000
83.301502466,19968,4825,0,12162,7806,15139,4089,1189,1182,644,538,7654,7485,2365,1724,2.243410660,1.221420863,308.000486443,1474.703592780,7.608652115,2,0.000000000,nan,nan,0.000000000,25.949570001,19.390060974,0.159820018,0.198009016,19.965504005,0,0.100000000
83.401096582,20064,4828,0,12392,7672,15139,4089,1130,1126,638,488,7654,7485,2365,1724,2.243410660,1.221420863,282.113018835,1395.635627589,nan,nan,nan,nan,nan,0.000000000,12.266231002,10.866697878,0.127758016,0.176261005,11.334647948,0,0.100000000
83.501694202,19296,4627,0,11471,7825,14665,4008,1130,1133,576,557,7212,7453,2300,1708,2.204711297,1.186774198,286.842006969,1539.228134999,nan,1,nan,nan,nan,0.000000000,17.564486014,13.563672954,0.132107001,0.186730002,14.033705986,0,0.100000000
83.599588156,20736,4927,0,12930,7806,15805,4055,1172,1190,621,569,8374,7431,2329,1726,2.198639762,1.202615475,312.164665945,1608.836516312,30.303001404,2,1.000000000,nan,nan,0.000000000,23.815953988,17.276656057,0.153740984,0.184223987,17.828912009,0,0.100000000
83.701374292,19968,4716,0,12116,7852,15248,4026,1111,1127,591,536,7787,7461,2287,1739,2.201257201,1.193368803,276.739632357,1484.847232409,65.062522888,4,1.000000000,nan,nan,0.000000000,27.608453995,20.577373973,0.145628001,0.207588018,21.132976981,0,0.100000000
83.801177502,20064,4608,0,12257,7807,15452,4093,1235,1223,663,560,8038,7414,2318,1775,2.153658479,1.226271156,307.882631494,1705.620505088,5.899429321,3,0.000000000,nan,nan,0.000000000,13.200591959,10.816908034,0.138081959,0.184468983,11.353589012,0,0.100000000
83.901249647,19968,4743,0,12201,7767,15221,4087,1174,1194,652,542,7858,7363,2310,1777,2.193308781,1.211483786,297.403744253,1581.485570253,16.466617584,5,1.000000000,nan,nan,0.000000000,30.396757997,25.482146069,0.294753059,0.177121954,26.526917994,0,0.100000000
84.001362801,20064,4690,0,12440,7624,15370,4075,1296,1309,718,591,8154,7216,2290,1785,2.163448891,1.224303269,332.007332498,1772.029546484,11.687278748,3,0.000000000,nan,nan,0.000000000,16.243474034,11.798346008,0.150005973,0.197406975,12.330233003,0,0.100000000
84.104302168,19680,4843,0,11990,7690,15370,4075,1237,1231,653,578,8154,7216,2290,1785,2.163448891,1.224303269,276.987694721,1689.484303690,nan,nan,nan,nan,nan,0.000000000,12.868103979,11.295904987,0.157366041,0.195573957,11.856604018,0,0.100000000
84.201200247,20256,4684,0,12583,7673,15568,4061,1243,1239,667,572,8293,7275,2277,1784,2.143595866,1.269529474,296.250259324,1707.371864319,7.495641708,19,0.000000000,nan,nan,0.000000000,22.646725003,15.257892956,0.163969991,0.162855024,15.854174970,0,0.100000000
84.299988747,19872,4827,0,12259,7613,15568,4061,1236,1237,641,596,8293,7275,2277,1784,2.143595866,1.269529474,296.544338562,1672.226707073,nan,nan,nan,nan,nan,0.000000000,12.387568015,10.859090020,0.140884018,0.173748995,11.382294004,0,0.100000000
84.402964354,20064,4692,0,12280,7784,15368,4081,1274,1252,602,650,7947,7421,2221,1860,2.093223793,1.344316946,313.055907829,1539.481360240,119.784832001,4,1.000000000,nan,nan,0.000000000,26.869436027,19.307802955,0.323616958,0.365432992,20.437111030,0,0.100000000
84.501278400,20160,4771,0,12284,7876,15368,4081,1226,1225,599,626,7947,7421,2221,1860,2.093223793,1.344316946,303.947673338,1526.774972896,nan,nan,nan,nan,nan,0.000000000,21.010310971,18.370485050,0.162677024,0.176622008,18.965968979,0,0.100000000
84.601394176,19968,4612,0,12227,7741,15368,4081,1250,1250,624,626,7947,7421,2221,1860,2.093223793,1.344316946,302.558552387,1612.182065733,nan,nan,nan,nan,nan,0.000000000,12.272908003,10.801559954,0.152677938,0.155863992,11.310129019,0,0.100000000
84.701245546,20064,4710,0,12478,7586,15350,4222,1326,1313,637,676,8070,7280,2261,1961,2.098413780,1.670248745,328.379240139,1700.272283465,nan,1,nan,nan,nan,0.000000000,14.411657001,11.943053105,0.143340963,0.182109012,12.456495955,0,0.100000000
84.801091433,19968,4508,0,12332,7636,15456,4262,1312,1257,570,687,8092,7364,2263,1999,2.089718123,1.652470116,302.820533257,1594.508486126,20.046472549,4,1.000000000,nan,nan,0.000000000,24.411841005,15.331722971,0.150733045,0.181520998,15.863550012,0,0.100000000
84.901383877,19776,4544,0,12342,7434,15456,4262,1282,1289,575,714,8092,7364,2263,1999,2.089718123,1.652470116,317.242577157,1582.885346738,nan,nan,nan,nan,nan,0.000000000,14.081864967,12.400728010,0.138710020,0.313718978,12.910534046,0,0.100000000
85.001624346,19872,4472,0,12279,7593,15456,4262,1283,1277,561,716,8092,7364,2263,1999,2.089718123,1.652470116,295.905716887,1609.693413521,nan,nan,nan,nan,nan,0.000000000,12.998796999,11.386674014,0.163348042,0.172750966,11.924605991,0,0.100000000
85.103129387,20448,4429,0,13029,7419,16015,4273,1268,1286,572,714,8813,7202,2224,2049,1.991275696,1.844209069,316.386336904,1563.024759487,nan,1,nan,nan,nan,0.000000000,32.086978958,24.167965981,0.179768016,0.300784013,24.807262002,0,0.100000000
85.201239824,19488,4265,0,11817,7671,16015,4273,1277,1273,548,725,8813,7202,2224,2049,1.991275696,1.844209069,307.232769345,1408.581515269,nan,nan,nan,nan,nan,0.000000000,22.611507971,20.358468057,0.287722971,0.261620036,21.383918996,0,0.100000000
85.300481558,20256,4104,0,12750,7506,16148,4256,1289,1275,592,683,8860,7288,2175,2081,1.925168999,1.871716558,305.912024184,1465.703464068,4.913091660,2,0.000000000,nan,nan,0.000000000,21.728351014,17.039820028,0.216655957,0.198978989,17.786460987,0,0.100000000
85.399854422,20256,4266,0,12268,7988,15986,4235,1306,1294,605,689,8265,7721,2155,2080,1.974008601,1.727497859,288.286040825,1623.040080144,21.485567093,8,1.000000000,nan,nan,0.000000000,21.529638965,15.726045007,0.184682023,0.205202959,16.359575035,0,0.100000000
85.501327991,19968,3950,0,12326,7642,16014,4322,1282,1272,606,666,8578,7436,2191,2131,1.911891736,1.905708944,294.670585604,1586.733180739,nan,1,nan,nan,nan,0.000000000,29.732841009,25.028720032,0.500352995,0.215600012,26.762215013,0,0.100000000
85.601206303,19968,3929,0,12157,7811,16014,4322,1400,1397,627,770,8578,7436,2191,2131,1.911891736,1.905708944,337.271883883,1607.656811847,nan,nan,nan,nan,nan,0.000000000,16.314602050,14.561457036,0.209663995,0.193562009,15.304072003,0,0.100000000
85.701206446,19680,3736,0,12227,7453,16014,4322,1304,1302,643,659,8578,7436,2191,2131,1.911891736,1.905708944,286.773555629,1646.134409256,nan,nan,nan,nan,nan,0.000000000,13.881266001,12.208758912,0.181991956,0.205416000,12.855281006,0,0.100000000
85.901264668,19872,3593,0,12276,7596,16275,4747,1534,1498,657,841,8742,7533,2392,2355,1.889239010,1.805580807,368.142766293,1639.618727346,nan,1,nan,nan,nan,0.000000000,27.504616999,23.630043026,0.232585007,0.251325022,24.439231958,0,0.100000000
85.999927521,20160,3335,0,12469,7691,16275,4747,1399,1407,671,736,8742,7533,2392,2355,1.889239010,1.805580807,322.412304624,1723.970402874,nan,nan,nan,nan,nan,0.000000000,15.291986987,13.578740996,0.173172040,0.249070989,14.200592006,0,0.100000000
86.101997852,19872,3092,0,12088,7784,16275,4747,1391,1389,563,826,8742,7533,2392,2355,1.889239010,1.805580807,319.062589741,1546.996640912,nan,nan,nan,nan,nan,0.000000000,14.261889970,12.478385062,0.150791020,0.211267965,13.020356011,0,0.100000000
86.200093746,19488,2632,0,11763,7725,16852,4611,1508,1456,737,719,9127,7725,2401,2210,1.909931207,1.533205160,343.858484232,1697.588271274,64.498186111,8,1.000000000,nan,nan,0.000000000,25.067367998,18.654764979,0.198592083,0.257540960,19.354471005,0,0.100000000
86.299879074,19872,3045,0,12033,7839,16823,4493,1382,1377,668,709,8987,7836,2301,2192,1.921659149,1.549825296,335.634204873,1401.244198975,38.458347321,6,1.000000000,nan,nan,0.000000000,27.726836037,22.537455952,0.167063961,0.208762009,23.123644991,0,0.100000000
86.399953842,19680,3239,0,12055,7625,16437,4552,1316,1314,655,659,8816,7621,2335,2217,1.925865745,1.553088820,289.206903697,1496.279198188,nan,1,nan,nan,nan,0.000000000,19.745992962,15.056807024,0.202743977,0.209705031,15.716275957,0,0.100000000
86.501926899,20256,3100,0,12182,8074,16437,4552,1407,1415,671,744,8816,7621,2335,2217,1.925865745,1.553088820,347.755961488,1635.341305514,nan,nan,nan,nan,nan,0.000000000,13.535446022,11.937709060,0.178652001,0.215562992,12.514411006,0,0.100000000
86.601163149,19872,3135,0,11931,7941,16437,4552,1409,1411,620,791,8816,7621,2335,2217,1.925865745,1.553088820,320.313063146,1410.012608833,nan,nan,nan,nan,nan,0.000000000,14.139880019,12.515061011,0.156495022,0.214064959,13.073821960,0,0.100000000
86.701113224,19776,2856,0,11957,7819,16916,4468,1385,1402,627,775,9097,7819,2245,2223,1.854366484,1.600721710,366.970536209,1492.238074988,nan,1,nan,nan,nan,0.000000000,14.015108987,11.701074021,0.152447959,0.235717976,12.245229038,0,0.100000000
86.800087452,20064,3129,0,11894,8170,16931,4539,1274,1300,587,713,8764,8167,2215,2324,1.896360850,1.605767791,314.740500979,1453.092380348,90.743780136,3,1.000000000,nan,nan,0.000000000,18.475506979,11.967629020,0.148481049,0.209006015,12.488795968,0,0.100000000
86.901215076,19968,2926,0,12000,7968,17038,4491,1228,1252,588,664,9070,7968,2247,2244,1.846683494,1.631215328,309.350502126,1388.921148900,nan,1,nan,nan,nan,0.000000000,18.055067980,15.398035990,0.178251008,0.204303011,16.026508005,0,0.100000000
87.001219273,19968,3022,0,11789,8179,16942,4468,1166,1172,479,693,8763,8179,2176,2292,1.875738228,1.615097886,291.038801122,1389.296435766,nan,1,nan,nan,nan,0.000000000,25.477827003,21.049220057,0.209191057,0.302241999,21.800226008,0,0.100000000
87.101245642,19968,2887,0,11906,8062,16942,4468,1264,1265,571,694,8763,8179,2176,2292,1.875738228,1.615097886,311.523219122,1505.122128507,nan,nan,nan,nan,nan,0.000000000,17.282005982,15.238566964,0.190037943,0.265476003,15.943175997,0,0.100000000
87.201064110,20064,2887,0,11684,8380,16942,4468,1299,1307,569,738,8763,8179,2176,2292,1.875738228,1.615097886,325.500493404,1516.642289647,nan,nan,nan,nan,nan,0.000000000,23.510514002,21.114022064,0.271369994,0.223988027,22.215446981,0,0.100000000
87.301114321,19968,2885,0,11781,8187,16942,4468,1264,1270,571,699,8763,8179,2176,2292,1.875738228,1.615097886,318.708434770,1555.651030473,nan,nan,nan,nan,nan,0.000000000,15.097997035,13.321329956,0.172865984,0.191599014,13.914695999,0,0.100000000
87.401587248,19872,2775,0,11437,8435,17093,4586,1129,1215,526,689,8661,8432,2127,2459,1.831741538,1.649001356,326.606382872,1472.936341360,5.770683289,6,0.000000000,nan,nan,0.000000000,17.843684996,14.539292955,0.192399952,0.247860036,15.372313967,0,0.100000000
87.499850988,20160,2916,0,11663,8497,17240,4599,1377,1357,570,787,8747,8493,2139,2460,1.795164848,1.653478182,351.607350415,1424.899067879,40.032625198,3,1.000000000,nan,nan,0.000000000,22.483578010,16.733497905,0.183499011,0.231896993,17.417758994,0,0.100000000
87.601147413,19872,2700,0,11344,8528,17168,4447,1399,1375,526,849,8644,8524,2023,2424,1.809640599,1.660284470,338.236318541,1471.967165253,40.116548538,4,1.000000000,nan,nan,0.000000000,22.028474952,17.137601913,0.161089993,0.201120041,17.722287972,0,0.100000000
87.701309919,20064,2899,0,11513,8551,17161,4532,1391,1376,519,857,8614,8547,2045,2487,1.801430392,1.705933161,335.808891355,1402.927039191,5.952835083,2,0.000000000,nan,nan,0.000000000,18.391318968,13.432708976,0.154279987,0.205323973,13.986959995,0,0.100000000
87.801221609,19776,2752,0,11344,8432,17161,4532,1422,1412,529,883,8614,8547,2045,2487,1.801430392,1.705933161,330.623426521,1369.514898158,nan,nan,nan,nan,nan,0.000000000,15.156812966,13.469172991,0.178432907,0.204933982,14.088168973,0,0.100000000
87.900722980,20064,2926,0,11632,8432,17134,4575,1243,1263,513,750,8706,8428,2116,2459,1.814266797,1.717330449,328.289908033,1510.333979473,89.978694916,7,1.000000000,nan,nan,0.000000000,26.085409976,20.396527951,0.184450008,0.220951973,21.084037027,0,0.100000000
88.003542900,19968,2794,0,11499,8469,17170,4411,1301,1334,542,792,8701,8469,1980,2431,1.775302785,1.722746045,342.728937708,1405.117402141,21.311998367,11,1.000000000,nan,nan,0.000000000,18.271709036,12.863447017,0.160054944,0.209594029,13.394523994,0,0.100000000
88.101129770,20064,2971,0,11695,8369,17089,4526,1298,1311,497,814,8720,8369,2024,2502,1.756167860,1.718929028,363.109381242,1403.307306777,89.456081390,2,1.000000000,nan,nan,0.000000000,15.698904986,12.579337985,0.142777048,0.218934962,13.121394033,0,0.100000000
88.201308250,19968,2856,0,11516,8452,17108,4536,1323,1319,517,802,8656,8452,2033,2503,1.729635212,1.730838981,356.100610328,1386.659382182,65.906763077,4,1.000000000,nan,nan,0.000000000,24.026675033,19.370138005,0.180739036,0.230227015,20.069530001,0,0.100000000
88.301103354,19872,2928,0,11418,8454,16940,4633,1355,1333,511,822,8487,8453,2089,2544,1.767697381,1.728908897,366.309634995,1375.050266063,nan,1,nan,nan,nan,0.000000000,23.389416980,19.286522991,0.212000043,0.318425009,20.070933038,0,0.100000000
88.401207447,20064,2871,0,11571,8493,16940,4633,1351,1350,539,811,8487,8453,2089,2544,1.767697381,1.728908897,359.027198776,1545.775628474,nan,nan,nan,nan,nan,0.000000000,14.175985998,12.562631979,0.152926019,0.200732960,13.094614027,0,0.100000000
88.501282215,19776,2908,0,11326,8450,16940,4633,1324,1321,507,814,8487,8453,2089,2544,1.767697381,1.728908897,352.497500438,1478.326990759,nan,nan,nan,nan,nan,0.000000000,17.744768003,15.829999058,0.248696015,0.219542999,16.614533961,0,0.100000000
88.600118637,19968,2732,0,11509,8459,17232,4702,1317,1335,494,841,8777,8455,2028,2674,1.623555681,1.783503279,349.734162025,1426.001823743,46.903133392,4,1.000000000,nan,nan,0.000000000,23.166318948,19.695214985,0.291233067,0.248795026,20.738015999,0,0.100000000
88.699899197,20160,2921,0,11385,8775,17235,4657,1394,1428,527,901,8464,8771,1944,2713,1.750980462,1.784800808,387.268049906,1533.173080668,33.698558807,6,1.000000000,nan,nan,0.000000000,15.077217016,12.544835045,0.159036019,0.220381015,13.102216995,0,0.100000000
88.801500082,19488,2908,0,11444,8044,16576,4622,1387,1391,476,915,8532,8044,1943,2679,1.606703707,1.777533689,339.537392359,1412.331783536,3.860950470,2,0.000000000,nan,nan,0.000000000,14.789421984,12.329847028,0.167609076,0.232168997,12.942745001,0,0.100000000
88.901637077,20064,2934,0,11248,8816,17126,4605,1300,1348,485,863,8314,8812,1857,2748,1.732590527,1.785429901,338.512551100,1423.711958446,115.732431412,5,1.000000000,nan,nan,0.000000000,27.811971959,21.201276977,0.180529023,0.248186989,21.829244972,0,0.100000000
89.000478506,20352,3002,0,12004,8348,17126,4605,1396,1396,479,917,8314,8812,1857,2748,1.732590527,1.785429901,353.812606163,1352.576525627,nan,nan,nan,nan,nan,0.000000000,13.829973002,12.196321040,0.169877021,0.209078018,12.761962018,0,0.100000000
89.100266218,19968,2857,0,11354,8614,17107,4614,1342,1354,513,841,8493,8614,1881,2733,1.737468569,1.742746566,314.455714788,1451.041927832,59.218406677,4,1.000000000,nan,nan,0.000000000,26.437491993,21.849920915,0.247974996,0.275290979,22.709982994,0,0.100000000
89.200169325,20160,3045,0,11554,8606,17111,4699,1322,1300,497,803,8507,8604,2017,2682,1.881561561,1.767751511,340.340422013,1229.718326213,nan,1,nan,nan,nan,0.000000000,18.261147023,14.110575023,0.151866989,0.230885984,14.640386042,0,0.100000000
89.301792383,19872,2763,0,11237,8635,17111,4699,1347,1354,558,796,8507,8604,2017,2682,1.881561561,1.767751511,351.100550867,1418.799536241,nan,nan,nan,nan,nan,0.000000000,14.196106000,12.497936026,0.165245030,0.241461967,13.067543972,0,0.100000000
89.401261330,20160,3068,0,11527,8633,17088,4563,1269,1304,503,801,8458,8630,1933,2630,1.960345593,1.759542810,312.426326025,1242.143681283,69.713354111,6,1.000000000,nan,nan,0.000000000,18.193016003,12.593423889,0.138310017,0.205130025,13.102022989,0,0.100000000
89.501114130,19872,2672,0,11225,8647,17196,4389,1196,1227,493,734,8549,8647,1877,2512,1.919990352,1.739583827,302.126126731,1216.507199453,74.701786041,3,1.000000000,nan,nan,0.000000000,19.525629992,13.736913912,0.160297961,0.327321002,14.322182979,0,0.100000000
89.604918480,20256,3019,0,11791,8465,17196,4389,1300,1302,534,768,8549,8647,1877,2512,1.919990352,1.739583827,335.690950075,1322.526343726,nan,nan,nan,nan,nan,0.000000000,14.515757037,12.496859999,0.164660101,0.190112041,13.035028998,0,0.100000000
89.701198339,19776,2572,0,11082,8694,17196,4389,1246,1237,511,726,8549,8647,1877,2512,1.919990352,1.739583827,306.862167357,1211.783517219,nan,nan,nan,nan,nan,0.000000000,13.479685003,11.811013974,0.168434985,0.202947005,12.371862016,0,0.100000000
89.801167488,20064,2903,0,11487,8577,17196,4389,1304,1311,545,766,8549,8647,1877,2512,1.919990352,1.739583827,347.815472268,1360.681255999,nan,nan,nan,nan,nan,0.000000000,15.101063007,13.478666020,0.148002990,0.207226025,14.015021967,0,0.100000000
89.901078463,19968,2554,0,11211,8757,17410,4476,1296,1287,523,764,8653,8757,1835,2641,1.834379716,1.759738018,276.725935148,1279.097253571,nan,1,nan,nan,nan,0.000000000,16.711458971,14.044078009,0.210846018,0.284684007,14.764730993,0,0.100000000
90.001199722,20064,2819,0,11189,8875,17241,4581,1338,1403,517,886,8369,8872,1807,2774,1.895238989,1.756298385,340.647150459,1389.550790144,40.087461472,3,1.000000000,nan,nan,0.000000000,18.599562987,14.466265042,0.155049958,0.221855997,15.031945019,0,0.100000000
90.101190329,19872,2519,0,11211,8661,17241,4581,1351,1350,508,842,8369,8872,1807,2774,1.895238989,1.756298385,286.648181282,1366.330592884,nan,nan,nan,nan,nan,0.000000000,13.729451050,11.997553054,0.152964960,0.230341975,12.541694974,0,0.100000000
90.201055765,20160,2722,0,11062,9098,17434,4555,1325,1356,545,811,8340,9094,1780,2775,1.867944232,1.769096341,345.899318308,1318.978528914,55.544137955,4,1.000000000,nan,nan,0.000000000,25.625451992,21.231535997,0.209313992,0.286602008,21.934539021,0,0.100000000
90.301208973,19968,2602,0,11340,8628,17434,4555,1361,1376,552,824,8340,9094,1780,2775,1.867944232,1.769096341,333.035968386,1380.999483875,nan,nan,nan,nan,nan,0.000000000,13.625421037,11.989922088,0.167018035,0.211398990,12.554014975,0,0.100000000
90.401171923,19968,2697,0,11056,8912,17434,4555,1371,1373,541,832,8340,9094,1780,2775,1.867944232,1.769096341,331.351801075,1345.812220748,nan,nan,nan,nan,nan,0.000000000,13.567960006,11.976686073,0.160636962,0.190673978,12.530684005,0,0.100000000
90.501048803,20064,2771,0,11382,8682,17289,4394,1378,1323,561,762,8607,8682,1789,2605,1.798780183,1.805395706,332.488942313,1286.450373691,4.494667053,2,0.000000000,nan,nan,0.000000000,21.624056972,17.428957915,0.227867975,0.224535004,18.245476997,0,0.100000000
90.600021124,19872,2613,0,10794,9078,17289,4394,1286,1294,522,772,8607,8682,1789,2605,1.798780183,1.805395706,318.430611756,1291.070124038,nan,nan,nan,nan,nan,0.000000000,12.993316050,11.430297978,0.144126941,0.204419019,11.942879006,0,0.100000000
90.699864149,20160,2925,0,11327,8833,17231,4645,1346,1385,561,824,8398,8833,1856,2789,1.785136113,1.814032826,354.361186604,1408.826084302,65.857648849,5,1.000000000,nan,nan,0.000000000,27.513365028,19.716133014,0.171274005,0.226547010,20.318054012,0,0.100000000
90.801092863,19968,2668,0,10700,9268,17296,4648,1332,1359,535,824,8032,9264,1815,2833,1.835083615,1.795658083,352.324660442,1437.412793021,35.302877426,3,1.000000000,nan,nan,0.000000000,23.686777975,17.603433982,0.205537945,0.232402992,18.300438009,0,0.100000000
90.901103020,20064,2860,0,10981,9083,17296,4648,1389,1384,530,854,8032,9264,1815,2833,1.835083615,1.795658083,367.342821470,1355.948737172,nan,nan,nan,nan,nan,0.000000000,16.117085994,14.381124056,0.163225923,0.209492981,14.944442024,0,0.100000000
90.999978542,19488,2125,0,10218,9270,17296,4648,1361,1362,540,822,8032,9264,1815,2833,1.835083615,1.795658083,334.761587394,1337.473500992,nan,nan,nan,nan,nan,0.000000000,18.320033036,16.505128006,0.221076945,0.256349973,17.217438028,0,0.100000000
91.100310802,20160,2846,0,10861,9299,17296,4648,1436,1439,601,838,8032,9264,1815,2833,1.835083615,1.795658083,374.430990822,1455.220157552,nan,nan,nan,nan,nan,0.000000000,19.277586020,17.299510073,0.220584101,0.314039004,18.057984009,0,0.100000000
91.200283289,19968,2821,0,10743,9225,17143,4678,1397,1403,567,836,7918,9225,1726,2952,1.814005366,1.836064771,314.785619235,1457.339464829,nan,1,nan,nan,nan,0.000000000,24.367528968,20.868683991,0.231112004,0.437904964,21.729917964,0,0.100000000
91.301079750,19776,3003,0,10707,9069,16769,4629,1550,1423,459,964,7700,9069,1659,2970,1.817373634,1.856994863,299.923456751,1457.124930660,3.823995590,2,0.000000000,nan,nan,0.000000000,24.229647999,19.658753008,0.224930991,0.244366995,20.444114984,0,0.100000000
91.401592731,20544,3264,0,11063,9481,16769,4629,1517,1510,544,966,7700,9069,1659,2970,1.817373634,1.856994863,340.414127752,1401.048891151,nan,nan,nan,nan,nan,0.000000000,13.959542965,12.302645948,0.170621963,0.203919015,12.926102965,0,0.100000000
91.501143932,20256,3495,0,11117,9139,16757,4842,1490,1474,478,996,7618,9139,1724,3118,1.848625431,1.859313820,336.602113089,1494.251079744,15.249490738,4,1.000000000,nan,nan,0.000000000,25.068671035,20.222808002,0.235778978,0.232704973,21.040392981,0,0.100000000
91.601485729,19584,3266,0,10558,9026,16757,4842,1511,1528,513,1015,7618,9139,1724,3118,1.848625431,1.859313820,354.560716225,1590.374822108,nan,nan,nan,nan,nan,0.000000000,14.583057025,12.833693007,0.179853989,0.212682004,13.454775035,0,0.100000000
91.699918747,20448,3744,0,11261,9187,16757,4842,1487,1491,527,964,7618,9139,1724,3118,1.848625431,1.859313820,315.173472919,1606.631958028,nan,nan,nan,nan,nan,0.000000000,19.403084007,17.395624018,0.246363983,0.286962022,18.236707023,0,0.100000000
91.801176071,19872,3518,0,10885,8987,16350,4444,1442,1410,517,893,7367,8983,1707,2737,1.875247746,1.856517694,313.999297825,1469.787438145,nan,1,nan,nan,nan,0.000000000,14.498299977,12.159723963,0.159131945,0.207940000,12.722762011,0,0.100000000
91.899939299,20064,3733,0,11088,8976,16327,4471,1477,1372,468,904,7355,8972,1689,2782,1.855501359,1.857621759,298.219565715,1433.671771856,75.650453568,4,1.000000000,nan,nan,0.000000000,17.737452989,13.742670009,0.163863995,0.194420980,14.314158994,0,0.100000000
92.001014233,19680,3666,0,10866,8814,16010,4409,1412,1406,500,906,7200,8810,1707,2702,1.861505057,1.870746245,310.026714355,1662.789747108,nan,1,nan,nan,nan,0.000000000,24.937355018,21.068275964,0.214335974,0.207234989,21.790792001,0,0.100000000
92.099511147,20256,3781,0,11106,9150,16471,4560,1326,1380,535,845,7325,9146,1780,2780,1.826095589,1.872690297,345.013413737,1326.747771425,60.438871384,5,1.000000000,nan,nan,0.000000000,27.361528017,24.032221059,0.244899944,0.275279977,24.874461989,0,0.100000000
92.202576876,20064,3800,0,11032,9032,16260,4506,1236,1285,445,840,7232,9028,1777,2729,1.865397519,1.881729659,291.097681385,1493.475645802,nan,1,nan,nan,nan,0.000000000,23.564964009,17.245194933,0.180205971,0.230623991,17.875151010,0,0.100000000
92.301634312,20256,3996,0,11487,8769,16260,4506,1284,1293,464,829,7232,9028,1777,2729,1.865397519,1.881729659,274.083838994,1427.435394440,nan,nan,nan,nan,nan,0.000000000,20.140924957,18.163145054,0.257994921,0.196857029,19.054609002,0,0.100000000
92.401159525,20064,4099,0,10979,9085,15961,4557,1430,1362,469,893,6876,9085,1738,2819,1.828593024,1.893791456,294.559604893,1431.728172510,nan,1,nan,nan,nan,0.000000000,15.490072023,12.988492032,0.181361043,0.306172005,13.598265010,0,0.100000000
92.501185417,19968,4201,0,11157,8811,15763,4554,1408,1357,503,854,6955,8808,1741,2813,1.807255906,1.920845536,300.163789126,1365.862448059,5.827903748,4,0.000000000,nan,nan,0.000000000,22.491468990,18.497683981,0.182304007,0.237682019,19.195911009,0,0.100000000
92.601105928,19680,4412,0,11007,8673,15264,4348,1312,1313,481,832,6595,8669,1627,2721,1.829431850,1.908283753,306.158689721,1327.974363960,4.124879837,2,0.000000000,nan,nan,0.000000000,18.419691012,12.979701976,0.148139079,0.218487985,13.502822956,0,0.100000000
92.700122356,20256,4502,0,11214,9042,15750,4479,1287,1305,437,868,6710,9040,1645,2834,1.807620378,1.945265673,288.281434980,1253.482062497,34.714460373,7,1.000000000,nan,nan,0.000000000,27.554600965,21.929373033,0.173209002,0.207099947,22.547745961,0,0.100000000
92.805970192,20064,4725,0,11112,8952,15335,4381,1212,1256,370,886,6387,8948,1549,2832,1.821018669,1.930647191,270.134486606,1292.605188648,6.892681122,2,0.000000000,nan,nan,0.000000000,22.753530007,17.881557986,0.221613038,0.214901986,18.651438993,0,0.100000000
92.901056528,19776,4781,0,11245,8531,15335,4381,1304,1301,404,897,6387,8948,1549,2832,1.821018669,1.930647191,287.946353342,1327.169643315,nan,nan,nan,nan,nan,0.000000000,13.277995051,11.778733984,0.142099976,0.169628009,12.297925015,0,0.100000000
92.999963760,20160,4925,0,11352,8808,15231,4473,1201,1282,421,861,6428,8803,1641,2832,1.820062885,1.947445758,288.124033062,1335.722465358,6.331205368,2,0.000000000,nan,nan,0.000000000,18.953093968,12.126528949,0.142019009,0.205421995,12.630154961,0,0.100000000
93.101813078,19968,5040,0,11375,8593,15231,4473,1298,1292,435,857,6428,8803,1641,2832,1.820062885,1.947445758,287.953013034,1348.674448392,nan,nan,nan,nan,nan,0.000000000,13.890862989,12.259132927,0.186411955,0.224552001,12.872883002,0,0.100000000
93.201056480,19776,5039,0,11162,8614,15231,4473,1296,1292,435,857,6428,8803,1641,2832,1.820062885,1.947445758,286.697116858,1353.532832814,nan,nan,nan,nan,nan,0.000000000,14.440381958,12.898680987,0.159029965,0.182532007,13.444496959,0,0.100000000
93.304371834,20352,5262,0,11730,8622,15086,4675,1579,1448,510,938,6495,8591,1730,2945,1.781871224,2.034635598,331.647032258,1456.603344795,9.428024292,4,0.000000000,nan,nan,0.000000000,20.618936047,16.737025056,0.195719011,0.211513019,17.367876018,0,0.100000000
93.401795626,19968,5159,0,11385,8583,14805,4676,1492,1478,511,967,6279,8526,1731,2945,1.762466977,2.011705024,344.727974819,1497.632810929,19.809722900,3,1.000000000,nan,nan,0.000000000,22.538076038,19.183664059,0.230403035,0.277379993,19.941215985,0,0.100000000
93.501071453,19968,5308,0,11348,8620,14656,4680,1489,1510,560,950,6117,8539,1692,2988,1.789579263,2.061899671,326.320878133,1446.921442707,20.358562469,3,1.000000000,nan,nan,0.000000000,14.752284973,12.407570903,0.174427987,0.207221950,13.035831973,0,0.100000000
93.601106882,19968,5170,0,11435,8533,14794,4714,1561,1536,561,975,6363,8431,1766,2948,1.742890450,2.058338245,313.554782024,1485.912065981,79.493284225,3,1.000000000,nan,nan,0.000000000,29.917654989,23.481630022,0.197727990,0.247674005,24.170503952,0,0.100000000
93.701071024,20064,5292,0,11310,8754,14768,4772,1569,1591,578,1013,6144,8624,1738,3034,1.781240403,2.112675740,322.599421154,1424.972147402,5.095243454,2,0.000000000,nan,nan,0.000000000,20.909170969,16.750575043,0.172504981,0.212600979,17.357221979,0,0.100000000
93.801012993,19968,5162,0,11524,8444,14802,4753,1583,1599,628,971,6512,8290,1789,2964,1.740760328,2.114310043,345.541473824,1481.858463447,8.445978165,2,0.000000000,nan,nan,0.000000000,21.733852045,16.630117025,0.246861018,0.295686012,17.413505004,0,0.100000000
93.901133060,19968,5285,0,11435,8533,14679,4776,1670,1655,606,1049,6333,8346,1727,3049,1.793423037,2.117087771,336.276241117,1481.257127192,4.459857941,2,0.000000000,nan,nan,0.000000000,32.765559037,27.694984979,0.381201971,0.220655988,28.883567022,0,0.100000000
94.001022339,20064,5224,0,11760,8304,14836,4821,1638,1666,677,989,6751,8085,1822,2999,1.720992772,2.140627421,335.988076501,1586.678285315,29.501438141,6,1.000000000,nan,nan,0.000000000,18.786185014,14.522785030,0.184407982,0.213099003,15.174438013,0,0.100000000
94.101062298,19968,5230,0,11511,8457,14734,4878,1694,1668,627,1041,6531,8203,1829,3049,1.794192069,2.150196687,307.487663275,1467.210927017,60.184001923,3,1.000000000,nan,nan,0.000000000,23.299085966,19.315220008,0.262869988,0.203851028,20.208464004,0,0.100000000
94.201671839,19872,5125,0,11580,8292,14734,4878,1736,1732,696,1036,6531,8203,1829,3049,1.794192069,2.150196687,332.582951945,1560.897883302,nan,nan,nan,nan,nan,0.000000000,14.540606004,12.773449067,0.222439936,0.217446010,13.515460014,0,0.100000000
94.300452232,20064,5410,0,11695,8369,14650,4768,1688,1667,711,956,6616,8034,1851,2917,1.803170836,2.203262955,294.625104264,1434.028582883,nan,1,nan,nan,nan,0.000000000,24.939920986,18.748114002,0.233932980,0.212622981,19.577083003,0,0.100000000
94.401033878,19296,4914,0,11067,8229,14650,4768,1709,1706,757,949,6616,8034,1851,2917,1.803170836,2.203262955,320.895138809,1493.341586240,nan,nan,nan,nan,nan,0.000000000,14.596522960,12.953794969,0.196521054,0.191227999,13.620104990,0,0.100000000
94.500775814,20736,5380,0,12237,8499,14650,4768,1715,1713,768,945,6616,8034,1851,2917,1.803170836,2.203262955,298.900443672,1599.878015738,nan,nan,nan,nan,nan,0.000000000,14.177205041,12.522506004,0.203591015,0.209741003,13.210300007,0,0.100000000
94.601191521,19488,4787,0,11489,7999,14697,4825,1596,1656,843,813,7118,7579,1956,2869,1.785695242,2.232146303,293.933177479,1298.917115713,5.526542664,2,0.000000000,nan,nan,0.000000000,14.862593031,12.483112980,0.204762968,0.231215963,13.151752006,0,0.100000000
94.701298952,20544,5210,0,11886,8658,15330,5009,1798,1806,840,966,7167,8163,1982,3027,1.787876118,2.312144199,329.060143334,1430.826664369,14.360427856,5,0.000000000,nan,nan,0.000000000,21.415928029,17.545758979,0.219914014,0.249123026,18.264060025,0,0.100000000
94.800983667,20064,4911,0,11852,8212,15149,4904,1740,1729,889,840,7446,7703,2036,2868,1.824962896,2.264272228,344.835759589,1297.125317565,49.821853638,6,1.000000000,nan,nan,0.000000000,26.013394003,19.011533004,0.234267034,0.207828998,19.802060036,0,0.100000000
94.903568268,19872,4871,0,11808,8064,14997,5017,1783,1788,852,936,7435,7562,2054,2963,1.779165252,2.347597067,339.602269251,1409.865146896,nan,1,nan,nan,nan,0.000000000,23.369111994,20.356774970,0.270756136,0.232702005,21.253851010,0,0.100000000
94.999886990,19968,4811,0,11784,8184,14997,5017,1828,1826,901,925,7435,7562,2054,2963,1.779165252,2.347597067,344.445033417,1373.810038269,nan,nan,nan,nan,nan,0.000000000,15.390839020,13.614491094,0.221129041,0.211984036,14.348627010,0,0.100000000
95.099989891,20160,4657,0,12120,8040,14997,5017,1799,1807,874,933,7435,7562,2054,2963,1.779165252,2.347597067,330.952311668,1365.721283041,nan,nan,nan,nan,nan,0.000000000,14.769573987,13.000093983,0.215995067,0.205905002,13.716283953,0,0.100000000
95.201084375,19392,4759,0,11225,8167,14629,4995,1969,1885,919,966,7038,7591,1954,3041,1.833221326,2.367809097,392.472105788,1474.893505420,4.603624344,2,0.000000000,nan,nan,0.000000000,26.691771985,22.191674041,0.226316042,0.231251004,22.959085996,0,0.100000000
95.300656319,20544,4691,0,12414,8130,15849,5236,1914,1930,952,978,8288,7561,2147,3089,1.685147737,2.383050680,380.166014730,1420.273936674,30.350208282,3,1.000000000,nan,nan,0.000000000,24.748578959,18.467098998,0.219540030,0.248386001,19.196928013,0,0.100000000
95.401015043,20064,4764,0,11608,8456,15296,5172,1969,1957,895,1062,7382,7914,1956,3216,1.777148251,2.358418381,433.867898329,1368.837539806,97.957134247,5,1.000000000,nan,nan,0.000000000,19.972092996,15.086136933,0.220679969,0.302967033,15.835905040,0,0.100000000
95.501282930,19584,4376,0,11572,8012,15296,5172,2047,2041,957,1084,7382,7914,1956,3216,1.777148251,2.358418381,448.732185032,1521.524613089,nan,nan,nan,nan,nan,0.000000000,16.520859965,14.619096008,0.235207961,0.221929047,15.404506004,0,0.100000000
95.600278616,19872,4726,0,11522,8350,15142,5378,2180,2145,977,1168,7217,7925,1999,3379,1.811950893,2.344373907,462.212396889,1512.862021730,nan,1,nan,nan,nan,0.000000000,30.642148980,22.123561997,0.243478979,0.278859981,22.945414006,0,0.100000000
95.699918985,20160,4647,0,11575,8585,15142,5378,1960,1955,885,1070,7217,7925,1999,3379,1.811950893,2.344373907,400.842621658,1413.186752419,nan,nan,nan,nan,nan,0.000000000,15.991031018,14.200584963,0.212393061,0.221682014,14.933986997,0,0.100000000
95.800159454,19968,4793,0,11369,8599,15142,5378,2020,2030,934,1096,7217,7925,1999,3379,1.811950893,2.344373907,395.811122941,1463.608939015,nan,nan,nan,nan,nan,0.000000000,16.830553999,14.967466996,0.252957980,0.228753022,15.778567991,0,0.100000000
96.002600193,19680,4539,0,11200,8480,15137,5025,2026,1992,848,1144,6935,8202,1810,3215,1.762386998,2.381415052,337.864295719,1409.206704072,60.116767883,2,1.000000000,nan,nan,0.000000000,23.333396006,18.606701051,0.317258993,0.410273031,19.636283978,0,0.100000000
96.101627588,20352,5068,0,11736,8616,15280,5055,1729,1759,813,946,7009,8271,1835,3220,1.757912956,2.377636775,302.476375930,1166.677765598,47.389745712,5,1.000000000,nan,nan,0.000000000,24.957583984,17.955806048,0.188981008,0.257359003,18.618848990,0,0.100000000
96.201122761,20064,4834,0,11560,8504,15280,5055,1899,1897,856,1041,7009,8271,1835,3220,1.757912956,2.377636775,339.421289489,1453.538441149,nan,nan,nan,nan,nan,0.000000000,15.384031984,13.527748990,0.234149047,0.241011032,14.365379000,0,0.100000000
96.301132917,19776,4659,0,11279,8497,15113,5131,1943,1921,856,1065,7052,8061,1902,3229,1.748677524,2.406432341,338.388999434,1659.955486713,5.084037781,2,0.000000000,nan,nan,0.000000000,21.553019993,14.368585020,0.246170966,0.303704001,15.143547032,0,0.100000000
96.400079250,20160,5098,0,11708,8452,15058,5115,1907,1885,890,995,7122,7936,1939,3176,1.732886453,2.452051072,332.590801358,1678.897458532,5.707263947,2,0.000000000,nan,nan,0.000000000,17.969893001,14.677826082,0.218678964,0.272456033,15.398138028,0,0.100000000
96.500976562,19968,5188,0,11761,8207,14776,5040,1924,1916,924,992,7151,7625,1968,3072,1.732171792,2.481615960,318.509946364,1828.018512314,60.415029526,3,1.000000000,nan,nan,0.000000000,18.976785999,14.782782004,0.224168005,0.321784988,15.520303976,0,0.100000000
96.601122618,20064,5427,0,11702,8362,14633,5090,1917,1937,911,1026,6957,7676,1959,3131,1.741421830,2.522807536,339.067958408,1859.592634515,4.487514496,2,0.000000000,nan,nan,0.000000000,28.169086028,21.114557108,0.238426088,0.271232042,21.946144989,0,0.100000000
96.701658487,19968,5483,0,11922,8046,14481,5135,1922,1975,938,1037,7127,7354,1987,3148,1.690333070,2.588051202,362.696959448,1874.310052514,5.942106247,2,0.000000000,nan,nan,0.000000000,19.782639982,14.914432075,0.214656000,0.270618999,15.648633009,0,0.100000000
96.801061869,19872,5612,0,11809,8063,14481,5135,2015,2015,964,1051,7127,7354,1987,3148,1.690333070,2.588051202,356.950029102,1937.155404854,nan,nan,nan,nan,nan,0.000000000,18.310649961,16.406234994,0.273582002,0.209784950,17.312133976,0,0.100000000
96.899726868,20160,5802,0,12194,7966,14354,5126,1998,1943,910,1033,7116,7238,1929,3197,1.654911445,2.625982802,349.691551513,1900.726515213,40.037155151,2,1.000000000,nan,nan,0.000000000,19.633616961,16.046501987,0.230119971,0.227445969,16.801557969,0,0.100000000
97.001058340,19968,5889,0,11973,7995,14075,5121,1961,1936,905,1031,6792,7283,1879,3242,1.645031276,2.650023942,357.889620785,1821.301786085,nan,1,nan,nan,nan,0.000000000,33.856088005,26.270033035,0.372637995,0.247673015,27.520461997,0,0.100000000
97.101317167,20064,5951,0,12203,7861,14075,5121,1976,1980,905,1075,6792,7283,1879,3242,1.645031276,2.650023942,372.879544650,1801.631804709,nan,nan,nan,nan,nan,0.000000000,15.380862053,13.588110101,0.225838972,0.207631034,14.362915012,0,0.100000000
97.201236725,19872,6058,0,11945,7927,14075,5121,2002,2009,910,1099,6792,7283,1879,3242,1.645031276,2.650023942,378.079455259,1822.657510521,nan,nan,nan,nan,nan,0.000000000,15.158386028,13.333759969,0.246707990,0.193950022,14.138295955,0,0.100000000
97.302595615,19968,6172,0,12243,7725,13792,5108,1841,1939,981,958,6681,7111,1973,3135,1.686305451,2.655760110,398.774440036,1905.427613849,64.918994904,6,1.000000000,nan,nan,0.000000000,30.809907999,24.146407959,0.224008982,0.288234034,24.927679973,0,0.100000000
97.400595188,20064,6404,0,12300,7764,13656,4755,1738,1803,902,901,6467,7189,1773,2982,1.669342638,2.594125216,345.872696963,1792.645921171,4.891157150,2,0.000000000,nan,nan,0.000000000,27.360665030,20.083662006,0.233533035,0.273542013,20.882307959,0,0.100000000
97.501653194,20064,6460,0,12428,7636,13656,4755,1843,1835,960,875,6467,7189,1773,2982,1.669342638,2.594125216,394.076794434,1874.533706395,nan,nan,nan,nan,nan,0.000000000,13.920601981,12.131780037,0.230363046,0.181616982,12.858105008,0,0.100000000
97.601822376,20064,6549,0,12463,7601,13511,4542,1788,1691,915,776,6574,6937,1815,2727,1.702774932,2.550021343,376.784786832,1859.070352109,6.729125977,2,0.000000000,nan,nan,0.000000000,13.750269020,11.479599983,0.216563058,0.249436998,12.174942007,0,0.100000000
97.702691317,19872,6733,0,12626,7246,13135,4398,1643,1644,1001,643,6644,6491,1870,2528,1.764311454,2.580809396,367.900380033,1712.242422138,16.118049622,5,1.000000000,nan,nan,0.000000000,15.240280016,12.951327022,0.221108960,0.203479023,13.700281037,0,0.100000000
97.801048517,20064,6866,0,12733,7331,13194,4403,1694,1699,1017,682,6609,6585,1883,2520,1.802186987,2.577358349,378.989261930,1867.337157249,49.688577652,7,1.000000000,nan,nan,0.000000000,24.289911962,20.037121954,0.285177026,0.354473945,20.953153959,0,0.100000000
97.901017427,19872,6965,0,12751,7121,12903,4393,1775,1792,1087,705,6538,6365,1922,2471,1.996949651,2.559713064,421.118832118,2026.478412925,6.132841110,2,0.000000000,nan,nan,0.000000000,19.142161997,14.162215986,0.199841044,0.244406983,14.886763005,0,0.100000000
97.999994993,20064,7064,0,13033,7031,12903,4393,1737,1734,1069,665,6538,6365,1922,2471,1.996949651,2.559713064,385.727498531,1932.811858899,nan,nan,nan,nan,nan,0.000000000,12.767378008,11.219608947,0.216974935,0.164647005,11.903267994,0,0.100000000
98.101039648,20064,7191,0,13102,6962,12869,4306,1714,1760,1098,662,6615,6254,1947,2359,2.845689267,2.503426654,406.565319332,1940.435456898,56.049585342,2,1.000000000,nan,nan,0.000000000,22.398717992,19.099612022,0.293153978,0.216786982,20.050394989,0,0.100000000
98.201063633,19968,7153,0,13122,6846,12811,4278,1766,1757,1074,683,6638,6173,1986,2292,2.883588543,2.493879317,405.664921016,1939.251610083,39.745569229,4,1.000000000,nan,nan,0.000000000,24.520767969,18.293494009,0.219672977,0.214400003,19.034983008,0,0.100000000
98.301066637,19968,7307,0,13072,6896,12811,4278,1761,1759,1084,675,6638,6173,1986,2292,2.883588543,2.493879317,404.395962354,1958.901567944,nan,nan,nan,nan,nan,0.000000000,12.628693017,10.909458972,0.239182962,0.184807985,11.662243982,0,0.100000000
98.400922775,19968,7245,0,13175,6793,12719,4239,1742,1739,1088,651,6580,6139,2025,2214,2.907332339,2.380605974,405.259371926,1936.676873977,61.082601547,4,1.000000000,nan,nan,0.000000000,17.484001000,10.990658018,0.192827021,0.205078977,11.663361045,0,0.100000000
98.500975609,20064,7396,0,13133,6931,12719,4239,1771,1773,1067,706,6580,6139,2025,2214,2.907332339,2.380605974,424.941324907,1844.233628284,nan,nan,nan,nan,nan,0.000000000,11.305271008,9.976599016,0.146104023,0.149665982,10.479279968,0,0.100000000
98.601637840,19968,7165,0,13155,6813,12799,4049,1679,1681,1081,600,6602,6197,2000,2049,3.016181199,2.125025161,429.578430828,1798.911536984,30.748367310,12,1.000000000,nan,nan,0.000000000,20.030090993,16.518021002,0.323549961,0.175158959,17.572826997,0,0.100000000
98.701113701,20064,7330,0,13195,6869,12799,4049,1684,1689,1100,589,6602,6197,2000,2049,3.016181199,2.125025161,412.496653076,1811.508115266,nan,nan,nan,nan,nan,0.000000000,14.044806012,12.012063002,0.300526095,0.334604003,13.031438983,0,0.100000000
98.804210186,19872,7125,0,13189,6683,12799,4049,1691,1692,1102,590,6602,6197,2000,2049,3.016181199,2.125025161,421.163472168,1840.101115858,nan,nan,nan,nan,nan,0.000000000,18.020190008,15.903099033,0.220243004,0.162656012,16.594596964,0,0.100000000
98.900047779,20160,7467,0,13486,6674,12689,4276,1794,1808,1241,567,6518,6171,2269,2007,3.103684333,1.945350311,476.971647661,1884.816675571,nan,1,nan,nan,nan,0.000000000,14.184331987,11.943769001,0.210324069,0.268285978,12.685182970,0,0.100000000
99.001131535,19968,7261,0,13409,6559,12703,4211,1732,1800,1252,548,6649,6054,2284,1927,3.110876984,1.722168214,479.331092890,1887.280766055,115.723848343,5,1.000000000,nan,nan,0.000000000,23.161077988,17.159268085,0.269314973,0.238943961,18.095574982,0,0.100000000
99.101881266,19968,7346,0,13431,6537,12618,4323,1842,1836,1312,524,6534,6084,2400,1923,3.135209508,1.507594589,492.816943196,1820.318279965,5.866527557,10,0.000000000,nan,nan,0.000000000,16.300980002,13.527394040,0.235736021,0.228149991,14.290197985,0,0.100000000
99.201004505,19584,7296,0,13088,6496,12284,4145,1766,1748,1234,514,6234,6050,2289,1856,3.091376108,1.446268861,472.952976321,1612.618518794,5.188703537,2,0.000000000,nan,nan,0.000000000,23.512150976,19.383355044,0.254427025,0.193356944,20.235448028,0,0.100000000
99.301566362,20448,7301,0,13812,6636,12284,4145,1832,1834,1246,588,6234,6050,2289,1856,3.091376108,1.446268861,492.016832869,1684.484059270,nan,nan,nan,nan,nan,0.000000000,11.909672990,10.409298004,0.213178981,0.164983969,11.105372978,0,0.100000000
99.400975466,19968,7234,0,13366,6602,12730,4124,1815,1837,1259,578,6513,6217,2323,1801,3.129434129,1.204635622,488.406816630,1636.690801589,nan,1,nan,nan,nan,0.000000000,14.559567033,11.839639978,0.204114011,0.261512003,12.542993005,0,0.100000000
99.501032591,20064,7189,0,13490,6574,12871,4134,1863,1885,1298,587,6675,6196,2312,1822,3.127434364,1.189217544,495.012149200,1823.467315807,4.456996918,3,0.000000000,nan,nan,0.000000000,23.090201023,19.407026004,0.364024076,0.233370985,20.614223031,0,0.100000000
99.601074696,19968,7132,0,13361,6607,12871,4134,1846,1848,1280,568,6675,6196,2312,1822,3.127434364,1.189217544,494.242946392,1731.034905256,nan,nan,nan,nan,nan,0.000000000,12.469192035,10.759596946,0.265920942,0.170423998,11.581147963,0,0.100000000
99.701129913,19968,7118,0,13464,6504,12871,4134,1836,1840,1248,592,6675,6196,2312,1822,3.127434364,1.189217544,479.861022730,1811.361610575,nan,nan,nan,nan,nan,0.000000000,16.061050002,14.164151042,0.292743032,0.199850008,15.115735005,0,0.100000000
99.801110506,19680,6924,0,13182,6498,12871,4134,1847,1845,1284,561,6675,6196,2312,1822,3.127434364,1.189217544,492.739881743,1728.062830049,nan,nan,nan,nan,nan,0.000000000,13.656333962,11.855827062,0.258575892,0.179380993,12.713602977,0,0.100000000
99.901577950,20352,7228,0,13673,6679,13120,4166,1863,1838,1279,559,6858,6262,2387,1779,3.125580227,1.199901244,484.330334166,1883.872849927,2.774715424,2,0.000000000,nan,nan,0.000000000,12.864337012,10.666892980,0.226180011,0.227042998,11.434712971,0,0.100000000
100.001169443,19968,6930,0,13239,6729,13034,4269,1946,1984,1347,637,6680,6354,2429,1840,3.167769940,1.208450792,516.058746880,2037.232446521,13.256072998,6,0.000000000,nan,nan,0.000000000,20.244891988,16.553534078,0.314692967,0.236602034,17.588359013,0,0.100000000
100.101033688,20064,6739,0,13360,6704,13321,4248,1882,1882,1309,573,7026,6295,2427,1821,3.123461973,1.230182493,525.200091864,1911.513571230,47.039508820,5,1.000000000,nan,nan,0.000000000,20.762280968,14.412869001,0.314080971,0.208005949,15.463866002,0,0.100000000
100.201053381,19968,6831,0,13101,6867,13133,4209,1953,1950,1323,627,6685,6448,2379,1830,3.174811224,1.246215279,511.087391576,1946.799826145,nan,1,nan,nan,nan,0.000000000,19.965549989,17.166764999,0.425275066,0.215299951,18.486737972,0,0.100000000
100.301594734,20064,6571,0,13120,6944,13489,4322,1942,1922,1362,560,6996,6493,2485,1837,3.119583563,1.247112245,511.287500564,1818.521775372,nan,1,nan,nan,nan,0.000000000,21.953259013,14.961192908,0.289345044,0.213438994,15.792246966,0,0.100000000
100.401249409,19872,6567,0,12859,7013,13301,4242,1878,1893,1310,583,6754,6547,2411,1831,3.184744859,1.278189699,485.563363537,1877.306247557,nan,1,nan,nan,nan,0.000000000,18.254777009,13.014811964,0.224659918,0.239996996,13.746851997,0,0.100000000
100.500920534,20064,6288,0,12925,7139,13301,4242,1880,1878,1298,580,6754,6547,2411,1831,3.184744859,1.278189699,504.002019720,1793.047667224,nan,nan,nan,nan,nan,0.000000000,13.433514978,11.775152932,0.219943002,0.177386974,12.530918990,0,0.100000000
100.600953102,19200,6241,0,12301,6899,13301,4242,1856,1853,1299,554,6754,6547,2411,1831,3.184744859,1.278189699,500.874841231,1797.009693417,nan,nan,nan,nan,nan,0.000000000,14.711452997,12.889305013,0.278278952,0.174953020,13.823861023,0,0.100000000
100.698772430,20736,6199,0,13270,7466,14533,4372,1988,1975,1363,612,7622,6911,2498,1874,3.099140583,1.326044879,557.397536828,1910.846170923,nan,1,nan,nan,nan,0.000000000,31.030662998,24.617746996,0.470290892,0.290979980,26.094341010,0,0.100000000
100.800401926,20064,6188,0,12748,7316,13872,4357,1963,1988,1434,554,7164,6708,2526,1831,3.150980148,1.300501998,560.198474789,2022.365257486,13.922929764,3,0.000000000,nan,nan,0.000000000,16.708336014,13.560277061,0.266420073,0.217947003,14.425059024,0,0.100000000
100.902745485,19968,5863,0,12788,7180,14101,4395,2068,2071,1443,628,7510,6591,2557,1838,3.110812747,1.345421160,592.348177353,2013.473852506,nan,1,nan,nan,nan,0.000000000,28.099940973,21.917332080,0.446456077,0.457776012,23.342165048,0,0.100000000
101.000923395,20064,5558,0,12599,7465,14502,4512,2085,2102,1499,603,7703,6799,2579,1933,3.101226451,1.323765057,571.290419986,2161.206441934,nan,1,nan,nan,nan,0.000000000,20.754589990,15.981665987,0.237106986,0.314747973,16.775608005,0,0.100000000
101.101047277,19872,5269,0,12381,7491,14502,4512,2158,2156,1512,644,7703,6799,2579,1933,3.101226451,1.323765057,622.491443354,2164.151331133,nan,nan,nan,nan,nan,0.000000000,16.770955001,14.568546962,0.328259019,0.414122012,15.584563022,0,0.100000000
101.201921463,20064,5197,0,12572,7492,14502,4512,2119,2113,1513,600,7703,6799,2579,1933,3.101226451,1.323765057,590.378963459,2159.268111541,nan,nan,nan,nan,nan,0.000000000,19.980542012,17.629875045,0.265362032,0.172258995,18.518960977,0,0.100000000
101.301141262,19584,4685,0,12057,7527,14895,4517,2164,2185,1547,638,8088,6807,2650,1867,3.071286711,1.367190185,602.134535017,2336.759708619,nan,1,nan,nan,nan,0.000000000,14.683460002,12.090334960,0.270817021,0.249764009,12.979799998,0,0.100000000
101.399007320,20256,5071,0,12859,7397,15181,4634,2190,2126,1579,547,8536,6645,2763,1871,3.036288036,1.389719764,586.352189642,2258.172838401,61.676025391,9,1.000000000,nan,nan,0.000000000,23.825121985,16.921211965,0.329874048,0.243824965,18.033750996,0,0.100000000
101.499943972,19968,4777,0,12498,7470,15187,4621,2231,2213,1572,641,8496,6691,2723,1898,3.034091505,1.407820346,636.868252759,2387.810794424,75.270891190,3,1.000000000,nan,nan,0.000000000,17.403420992,13.930221030,0.348697999,0.262958987,15.086575004,0,0.100000000
101.600024700,20064,4786,0,12549,7515,15274,4589,2052,2046,1506,540,8495,6779,2709,1880,3.026091592,1.411497436,571.052582600,2128.066387105,25.876998901,4,1.000000000,nan,nan,0.000000000,21.147530002,17.180193972,0.382725964,0.194744964,18.368636025,0,0.100000000
101.700962543,20064,4538,0,12495,7569,15274,4589,2068,2064,1511,553,8495,6779,2709,1880,3.026091592,1.411497436,553.669636523,2150.104863677,nan,nan,nan,nan,nan,0.000000000,16.059916001,14.119588013,0.297816994,0.174318033,15.097222000,0,0.100000000
101.801192999,19968,4513,0,12399,7569,15274,4589,2049,2049,1508,541,8495,6779,2709,1880,3.026091592,1.411497436,557.751592800,2162.435360352,nan,nan,nan,nan,nan,0.000000000,12.241576973,10.723969026,0.194379012,0.159866002,11.328468041,0,0.100000000
101.900928974,19968,4397,0,12409,7559,15567,4663,2066,2061,1452,609,8775,6792,2704,1959,2.969388828,1.535874815,612.097913403,2146.268578172,4.638910294,2,0.000000000,nan,nan,0.000000000,14.393443998,11.758383946,0.240983034,0.241537986,12.550985033,0,0.100000000
102.000072718,19968,4329,0,12127,7841,15635,4722,2097,2167,1527,640,8492,7143,2662,2060,2.976349525,1.545582385,671.954936861,2217.711869107,9.283065796,2,0.000000000,nan,nan,0.000000000,20.541627018,12.759985053,0.293215096,0.366627995,13.757798006,0,0.100000000
102.099858046,20064,4100,0,12315,7749,15960,4848,2192,2202,1508,694,8832,7128,2708,2140,2.905983473,1.669261957,657.096179211,2273.401847121,nan,1,nan,nan,nan,0.000000000,20.367672958,14.366326039,0.242697075,0.233190018,15.176600020,0,0.100000000
102.205447674,19968,4109,0,11875,8093,15960,4848,2189,2187,1495,692,8832,7128,2708,2140,2.905983473,1.669261957,641.621309002,2246.611869638,nan,nan,nan,nan,nan,0.000000000,14.142077998,12.142391992,0.290562981,0.220949994,13.083196012,0,0.100000000
102.300934553,19584,3929,0,11595,7989,15960,4848,2193,2191,1504,687,8832,7128,2708,2140,2.905983473,1.669261957,640.168557549,2213.045976840,nan,nan,nan,nan,nan,0.000000000,13.836276019,12.009038997,0.235911051,0.195664994,12.815880007,0,0.100000000
102.402713060,19392,3943,0,11522,7870,15960,4848,2184,2184,1490,694,8832,7128,2708,2140,2.905983473,1.669261957,649.871567626,2247.678087281,nan,nan,nan,nan,nan,0.000000000,13.417074981,11.668218998,0.191717991,0.211839972,12.317114975,0,0.100000000
102.500132084,21024,4163,0,12293,8731,16857,5098,1849,1907,1117,790,8542,8315,2509,2589,2.813289070,2.010583233,640.780168265,2491.851210296,4.396200180,2,0.000000000,nan,nan,0.000000000,15.786110947,12.942947913,0.221477996,0.538357010,13.651560002,0,0.100000000
102.600982666,19968,3870,0,11501,8467,16094,4796,1719,1787,980,807,8065,8029,2295,2501,2.809296311,2.000996003,497.192642726,1829.515768080,49.830436707,6,1.000000000,nan,nan,0.000000000,16.311301966,12.813759968,0.196782930,0.286868017,13.490315003,0,0.100000000
102.700980186,19872,3847,0,11710,8162,16021,4791,1716,1748,967,781,8316,7705,2387,2404,2.750201415,2.044102238,515.958936761,1940.999113134,nan,1,nan,nan,nan,0.000000000,18.521816994,13.759263034,0.235754938,0.388093991,14.519201999,0,0.100000000
102.901044369,19968,3672,0,11649,8319,16292,4874,1939,1934,1063,871,8425,7867,2384,2490,2.656032631,2.126759722,561.289657402,2294.551680153,115.462064743,9,1.000000000,nan,nan,0.000000000,22.921525000,17.412082991,0.330047973,0.333808013,18.566749990,0,0.100000000
103.001735687,19968,3786,0,11546,8422,16178,4882,1967,1938,1016,922,8225,7953,2359,2523,2.673889359,2.076829110,612.343842417,2174.817551464,69.303035736,3,1.000000000,nan,nan,0.000000000,27.819644019,18.901588977,0.296183047,0.217118009,19.851554011,0,0.100000000
103.100882292,19968,3595,0,11552,8416,16369,5044,1887,1887,1022,865,8320,8049,2441,2603,2.579916019,2.100785851,556.943571495,2130.260923106,5.656719208,2,0.000000000,nan,nan,0.000000000,27.599369991,21.968638001,0.249510980,0.217077963,22.822521976,0,0.100000000
103.201273441,19968,3640,0,11514,8454,16324,5234,1990,2002,1067,935,8226,8098,2502,2732,2.608053224,2.147767874,615.003762016,2145.774357747,14.361858368,6,0.000000000,nan,nan,0.000000000,20.264936029,12.908322969,0.222728006,0.219393987,13.666911982,0,0.100000000
103.301013470,19968,3516,0,11391,8577,16448,5383,1999,1969,1031,938,8164,8284,2539,2844,2.559131280,2.131689806,612.185877989,2389.052561827,4.683732986,2,0.000000000,nan,nan,0.000000000,17.279437976,13.796632935,0.219700974,0.226700970,14.539756987,0,0.100000000
103.400961637,20064,3518,0,11482,8582,16542,5477,2103,2095,1066,1029,8247,8295,2516,2961,2.522821423,2.215697835,668.262456620,2276.867903019,4.146814346,2,0.000000000,nan,nan,0.000000000,20.430536999,14.816769981,0.239454093,0.252973987,15.648129978,0,0.100000000
103.500895262,19968,3463,0,11267,8701,16501,5525,2053,2016,979,1037,8056,8445,2509,3016,2.478520932,2.231298344,638.541661904,2344.081772531,nan,1,nan,nan,nan,0.000000000,34.702671983,26.206944953,0.298416940,0.231610960,27.242520999,0,0.100000000
103.603111506,19392,3442,0,10951,8441,16501,5525,2041,2050,989,1061,8056,8445,2509,3016,2.478520932,2.231298344,593.843020097,2326.166477151,nan,nan,nan,nan,nan,0.000000000,15.734772023,13.792690006,0.232857012,0.217371038,14.575693000,0,0.100000000
103.701585054,20640,3461,0,11839,8801,16501,5525,2040,2037,997,1040,8056,8445,2509,3016,2.478520932,2.231298344,617.358674614,2335.032489341,nan,nan,nan,nan,nan,0.000000000,18.627585028,16.378340020,0.301200023,0.316174002,17.373993993,0,0.100000000
103.801028728,20064,3370,0,11627,8437,16501,5525,2054,2053,1011,1042,8056,8445,2509,3016,2.478520932,2.231298344,611.556782739,2282.301897978,nan,nan,nan,nan,nan,0.000000000,19.985237974,17.990188033,0.241260976,0.220706977,18.726756040,0,0.100000000
103.900933027,19968,3354,0,11323,8645,16610,5138,1685,1824,855,969,8140,8470,2274,2864,2.271960754,2.723482785,562.236247778,2335.526462271,9.809494019,3,0.000000000,nan,nan,0.000000000,20.658003050,12.938193919,0.198286900,0.488639984,13.611798990,0,0.100000000
104.000930548,19872,3064,0,11453,8419,16610,5138,1748,1749,851,898,8140,8470,2274,2864,2.271960754,2.723482785,477.215157792,1899.086559647,nan,nan,nan,nan,nan,0.000000000,14.418798033,12.581579038,0.201914110,0.240525987,13.264586974,0,0.100000000
104.100602388,20064,3267,0,11497,8567,16793,5152,1805,1868,903,965,8402,8391,2294,2858,2.224612920,2.717155816,540.404111746,1940.038812524,44.281244278,12,1.000000000,nan,nan,0.000000000,31.980570988,23.013944970,0.309688970,0.234292995,24.016522977,0,0.100000000
104.201000929,20160,3186,0,11829,8331,16970,5020,1878,1903,864,1039,8845,8125,2279,2741,2.212421449,2.778191269,549.822560958,1937.957135347,3.986358643,2,0.000000000,nan,nan,0.000000000,16.462080996,12.255440990,0.224451011,0.215556996,13.032541028,0,0.100000000
104.301022291,19872,3427,0,11543,8329,16441,4980,1928,1929,846,1083,8369,8072,2253,2727,2.198133257,2.754534376,562.202633652,2033.568690482,nan,1,nan,nan,nan,0.000000000,26.520882035,18.375703134,0.217366091,0.252265017,19.151307002,0,0.100000000
104.401060820,20064,3385,0,11801,8263,16675,4967,2019,2028,965,1063,8734,7941,2292,2675,2.171576736,2.783017510,605.591708248,2118.084974505,5.342245102,2,0.000000000,nan,nan,0.000000000,19.567360985,14.817644027,0.262650021,0.235808024,15.639774036,0,0.100000000
104.501059294,19584,3519,0,11466,8118,16061,4814,1874,1889,804,1085,8303,7758,2115,2699,2.092203124,2.776915988,536.047442828,2177.714751350,nan,1,nan,nan,nan,0.000000000,15.126332000,12.393127021,0.256474130,0.287757022,13.225489995,0,0.100000000
104.599910259,20352,3559,0,12026,8326,16789,5040,1981,1984,884,1100,8885,7904,2297,2743,2.134871684,2.795582576,608.399776825,2010.080500469,59.826135635,4,1.000000000,nan,nan,0.000000000,18.682501977,13.961181918,0.221806986,0.214600994,14.715359022,0,0.100000000
104.700505257,20160,3717,0,11918,8242,16439,4912,1838,1837,777,1060,8618,7821,2207,2705,2.066164537,2.791605261,529.926151446,2053.927910698,30.354022980,3,1.000000000,nan,nan,0.000000000,23.133916955,18.666710006,0.263721915,0.238745008,19.498353999,0,0.100000000
104.800967216,19872,3702,0,11906,7966,16166,4722,1811,1864,838,1026,8600,7566,2155,2567,2.020483032,2.785236572,536.651908174,1775.921330991,4.178762436,2,0.000000000,nan,nan,0.000000000,24.398207024,20.155947015,0.287360046,0.297136023,21.123775980,0,0.100000000
104.899751902,20064,3787,0,12053,8011,16273,4522,1745,1781,863,918,8690,7583,2078,2444,1.942935602,2.797152199,564.684552695,1631.471096579,5.046367645,2,0.000000000,nan,nan,0.000000000,16.126143979,12.504594983,0.193940068,0.213374966,13.190492988,0,0.100000000
105.001039982,19968,3721,0,11942,8026,16243,4454,1777,1774,778,996,8578,7665,2079,2375,1.998402315,2.726262338,527.600714320,1783.319230331,nan,1,nan,nan,nan,0.000000000,22.214786964,16.606705962,0.311118027,0.200254028,17.586275004,0,0.100000000
105.100918055,20064,3753,0,12141,7923,16243,4454,1910,1914,866,1048,8578,7665,2079,2375,1.998402315,2.726262338,582.369170103,1933.869624152,nan,nan,nan,nan,nan,0.000000000,13.203306997,11.373172922,0.245895935,0.177178998,12.164185988,0,0.100000000
105.200860500,19392,3693,0,11465,7927,16243,4454,1860,1871,837,1034,8578,7665,2079,2375,1.998402315,2.726262338,540.921428068,1929.886777569,nan,nan,nan,nan,nan,0.000000000,12.815984956,11.072084017,0.220044982,0.165745034,11.796096980,0,0.100000000
105.297358751,20640,3870,0,12603,8037,16243,4454,1909,1912,868,1044,8578,7665,2079,2375,1.998402315,2.726262338,575.466922044,1943.246128793,nan,nan,nan,nan,nan,0.000000000,13.703379023,11.923222046,0.242647016,0.160034979,12.701113010,0,0.100000000
105.401137829,20064,3891,0,11881,8183,16169,4070,1733,1715,781,934,8272,7897,1935,2135,1.987383327,2.109527449,491.849958412,1287.787293219,52.776575089,4,1.000000000,nan,nan,0.000000000,16.919072019,10.999512917,0.216403976,0.186109974,11.697956012,0,0.100000000
105.501065016,19968,3810,0,12084,7884,16154,4022,1753,1714,779,935,8493,7661,1944,2078,1.938259789,2.191806564,507.478095050,1155.890725204,nan,1,nan,nan,nan,0.000000000,12.049064040,9.674817033,0.188640028,0.168494997,10.334927007,0,0.100000000
105.600963593,19968,3812,0,11817,8151,16152,4035,1699,1673,745,928,8204,7948,1881,2154,1.953895349,1.812373986,485.545852416,1015.917316016,18.734216690,3,1.000000000,nan,nan,0.000000000,12.661679008,10.303086950,0.204445969,0.163091987,11.006506043,0,0.100000000
105.700937271,19680,3743,0,11949,7731,16152,4035,1744,1751,786,965,8204,7948,1881,2154,1.953895349,1.812373986,534.717215927,1042.873957988,nan,nan,nan,nan,nan,0.000000000,11.573275027,9.870307927,0.206654018,0.177223003,10.579249996,0,0.100000000
105.800209761,20064,3795,0,11787,8277,16265,3987,1613,1584,648,936,8137,8128,1764,2223,1.797165840,1.930999571,456.223427647,898.155236960,69.002389908,5,1.000000000,nan,nan,0.000000000,15.627729998,11.247688031,0.175166002,0.155058980,11.872699019,0,0.100000000
105.900648594,20160,3728,0,11971,8189,16428,4071,1691,1674,653,1021,8338,8090,1803,2268,1.538548058,2.043021966,524.976395268,969.055460777,45.563220978,3,1.000000000,nan,nan,0.000000000,21.440504002,13.083244965,0.218954054,0.184016011,13.800870976,0,0.100000000
106.001523256,20160,3684,0,11960,8200,16472,4062,1688,1675,621,1054,8382,8090,1689,2373,1.475093527,2.259119915,505.373614226,959.863237386,nan,1,nan,nan,nan,0.000000000,16.440243984,10.746436019,0.198749069,0.167163031,11.428893020,0,0.100000000
106.100988150,19968,3461,0,11633,8335,16503,4182,1634,1684,609,1075,8253,8250,1705,2477,1.413195276,2.360662639,538.553670810,986.590035750,43.210744858,5,1.000000000,nan,nan,0.000000000,26.875733980,22.425487870,0.432579021,0.243485032,23.905222013,0,0.100000000
106.202077150,19680,3215,0,11402,8278,16503,4182,1680,1697,560,1137,8253,8250,1705,2477,1.413195276,2.360662639,520.215908109,1016.247438226,nan,nan,nan,nan,nan,0.000000000,13.988050981,12.071111007,0.215130043,0.160667987,12.818555988,0,0.100000000
106.299979210,19488,3475,0,11348,8140,16009,3664,1518,1579,548,1031,7927,8082,1468,2196,1.384927456,2.444273095,497.336331416,892.415671705,30.127286911,2,1.000000000,nan,nan,0.000000000,15.142308956,11.678849987,0.167559017,0.182432996,12.273141998,0,0.100000000
106.399735928,20256,3923,0,11812,8444,16009,3664,1535,1533,539,994,7927,8082,1468,2196,1.384927456,2.444273095,469.701859032,885.019463396,nan,nan,nan,nan,nan,0.000000000,10.533540975,8.918411913,0.180892006,0.139580981,9.556128993,0,0.100000000
106.500230312,20064,3908,0,11851,8213,16009,3664,1563,1557,568,989,7927,8082,1468,2196,1.384927456,2.444273095,477.505882113,882.760874427,nan,nan,nan,nan,nan,0.000000000,10.783770005,9.242489992,0.168495986,0.130711007,9.843152016,0,0.100000000
106.600842237,19776,3920,0,11534,8242,16009,3664,1509,1513,521,992,7927,8082,1468,2196,1.384927456,2.444273095,466.855604431,882.812338635,nan,nan,nan,nan,nan,0.000000000,10.297192028,8.865383978,0.160419033,0.133805035,9.380383010,0,0.100000000
106.704976320,19488,3902,0,11566,7922,15582,3503,1464,1472,553,919,7664,7918,1346,2157,1.346129012,2.407409945,473.665523878,779.434002023,49.868106842,4,1.000000000,nan,nan,0.000000000,19.820550049,15.259560023,0.313394063,0.161435979,16.307596001,0,0.100000000
106.799557686,20832,4224,0,12145,8687,16604,3606,1506,1489,497,992,7950,8654,1330,2276,1.304841540,2.141455959,455.382757359,800.170398546,nan,1,nan,nan,nan,0.000000000,15.044300992,12.105570000,0.221716997,0.150592008,12.884498981,0,0.100000000
106.901965618,19872,4040,0,11709,8163,15828,3427,1439,1430,504,926,7696,8132,1286,2141,1.296325174,2.303598867,438.228124390,716.519371145,nan,1,nan,nan,nan,0.000000000,16.377320979,10.170310037,0.188889971,0.185467012,10.797094030,0,0.100000000
107.000844955,20160,4084,0,11431,8729,15828,3427,1450,1450,511,939,7696,8132,1286,2141,1.296325174,2.303598867,439.981864918,715.821304368,nan,nan,nan,nan,nan,0.000000000,10.550038016,8.843238058,0.169845996,0.137431954,9.416664019,0,0.100000000
107.101069450,19968,4168,0,11703,8265,15796,3399,1349,1386,451,935,7598,8198,1224,2175,1.254896031,2.270126952,432.014415102,739.424594774,5.754709244,4,0.000000000,nan,nan,0.000000000,23.767179984,14.758108009,0.155499903,0.168237020,15.319646976,0,0.100000000
107.200922489,20064,4265,0,11513,8551,15796,3399,1417,1413,450,963,7598,8198,1224,2175,1.254896031,2.270126952,433.605402768,721.222126980,nan,nan,nan,nan,nan,0.000000000,10.641707981,8.997229044,0.186074059,0.197931018,9.669718042,0,0.100000000
107.301744699,19968,4334,0,11816,8152,15630,3335,1349,1344,451,893,7589,8041,1177,2158,1.214653828,2.115898809,418.296233573,671.634423663,nan,1,nan,nan,nan,0.000000000,12.617835950,10.229324049,0.224283023,0.165180012,11.010852992,0,0.100000000
107.401099443,19968,4382,0,11620,8348,15630,3335,1375,1377,469,908,7589,8041,1177,2158,1.214653828,2.115898809,416.512528473,658.242803661,nan,nan,nan,nan,nan,0.000000000,9.570644004,8.019914094,0.159001036,0.184224977,8.620226989,0,0.100000000
107.500947952,19680,4411,0,11640,8040,15265,3301,1351,1327,403,924,7375,7890,1167,2134,1.204304395,2.105142515,412.415645839,624.215424238,nan,1,nan,nan,nan,0.000000000,15.679534990,12.342630071,0.243844988,0.183060998,13.169224956,0,0.100000000
107.603569508,20352,4656,0,12028,8324,15692,3299,1354,1375,429,946,7534,8158,1145,2154,1.191017211,1.728356461,433.650746306,648.641706346,29.901266098,2,1.000000000,nan,nan,0.000000000,27.158900979,20.309596031,0.458441034,0.231846003,21.756253962,0,0.100000000
107.700845957,20064,4582,0,11884,8180,15478,3310,1340,1332,447,885,7475,8003,1156,2154,1.196397114,1.894131470,408.783692452,636.198651945,4.117250443,2,0.000000000,nan,nan,0.000000000,10.388891038,7.968206017,0.157878036,0.134201022,8.499201969,0,0.100000000
107.801059484,20064,4771,0,11674,8390,15289,3351,1450,1446,423,1023,7055,8234,1111,2240,1.174952399,1.837298324,442.937402758,737.283994318,63.932418823,3,1.000000000,nan,nan,0.000000000,27.044039045,21.660443977,0.359055935,0.160366006,22.821158986,0,0.100000000
107.901027203,19968,4840,0,11694,8274,15124,3231,1285,1283,381,902,7046,8078,1082,2149,1.165830392,1.768827177,352.042306995,642.930908058,59.448480606,5,1.000000000,nan,nan,0.000000000,15.444864053,11.556932004,0.200926908,0.150235021,12.291810010,0,0.100000000
108.000956059,20064,4859,0,11708,8356,15201,3235,1288,1312,394,918,6966,8235,1069,2166,1.160833526,1.589232831,364.985519040,554.014074826,45.058012009,7,1.000000000,nan,nan,0.000000000,19.157071016,13.299029029,0.229892030,0.143685029,14.137957012,0,0.100000000
108.101744890,19968,4900,0,11649,8319,15064,3193,1217,1260,382,878,6903,8161,1074,2119,1.155852498,1.546194732,356.121709661,596.959774057,nan,1,nan,nan,nan,0.000000000,11.789615965,8.847610967,0.159527001,0.113246962,9.414467961,0,0.100000000
108.200839281,19872,5009,0,11778,8094,15064,3193,1334,1331,402,929,6903,8161,1074,2119,1.155852498,1.546194732,374.644925199,643.553720549,nan,nan,nan,nan,nan,0.000000000,11.486992997,9.783715999,0.227180950,0.175431021,10.533896042,0,0.100000000
108.302577019,19872,4944,0,11583,8289,15064,3193,1284,1284,392,892,6903,8161,1074,2119,1.155852498,1.546194732,360.632238635,632.424961667,nan,nan,nan,nan,nan,0.000000000,10.172809998,8.836012043,0.148691004,0.112878974,9.339480021,0,0.100000000
108.400642157,20352,5358,0,12316,8036,14990,3199,1370,1398,389,1009,7041,7949,1040,2159,1.222189032,1.454902742,414.834718820,627.134413246,80.167770386,6,1.000000000,nan,nan,0.000000000,18.244426989,13.350757945,0.277280982,0.186400022,14.256323047,0,0.100000000
108.500870228,19968,4971,0,11602,8366,14993,3187,1302,1332,354,978,6737,8256,994,2193,1.204087196,1.379409832,410.807888704,627.260666449,9.982585907,3,0.000000000,nan,nan,0.000000000,11.162690003,8.446043998,0.147628016,0.119823962,8.961273008,0,0.100000000
108.600833654,19968,5153,0,11853,8115,14811,3218,1292,1337,354,983,6770,8041,1049,2169,1.205015542,1.423601758,387.229754217,598.282549820,nan,1,nan,nan,nan,0.000000000,14.898443012,9.029740060,0.156602997,0.186507998,9.584008018,0,0.100000000
108.700839281,20256,5247,0,11621,8635,15005,3272,1345,1360,378,982,6469,8536,1048,2224,1.252039953,1.398386030,392.521186815,652.961723879,3.990173340,2,0.000000000,nan,nan,0.000000000,12.078350002,9.474188031,0.210136001,0.121605990,10.181783000,0,0.100000000
108.801931143,19872,5245,0,11826,8046,15005,3272,1411,1413,397,1016,6469,8536,1048,2224,1.252039953,1.398386030,420.950061028,725.068908533,nan,nan,nan,nan,nan,0.000000000,13.892139017,12.079023989,0.206441968,0.141914003,12.987247959,0,0.100000000
108.900850773,20064,5510,0,11807,8257,14550,3157,1355,1348,407,941,6363,8187,1056,2101,1.347831553,1.334725098,401.744263141,623.784918749,30.134916306,8,1.000000000,nan,nan,0.000000000,21.318760992,15.383936930,0.267855998,0.143392012,16.346165037,0,0.100000000
109.000924826,19872,5413,0,11900,7972,14550,3157,1324,1318,387,931,6363,8187,1056,2101,1.347831553,1.334725098,383.562989361,584.967208134,nan,nan,nan,nan,nan,0.000000000,13.902903011,12.303778029,0.179411029,0.115555013,13.053211966,0,0.100000000
109.103458643,19968,5623,0,11893,8075,14550,3157,1322,1320,387,933,6363,8187,1056,2101,1.347831553,1.334725098,384.921121724,587.254105699,nan,nan,nan,nan,nan,0.000000000,8.595483028,7.284810010,0.148569001,0.099919969,7.811815012,0,0.100000000
109.199863434,20160,5633,0,12334,7826,14523,2850,1280,1295,382,913,6910,7613,964,1886,1.293757327,1.399203343,362.895371785,546.052323661,106.199979782,5,1.000000000,nan,nan,0.000000000,14.288395003,10.645889968,0.227915996,0.109026965,11.404399003,0,0.100000000
109.300970793,19776,5877,0,11907,7869,14523,2850,1229,1227,378,849,6910,7613,964,1886,1.293757327,1.399203343,316.922105956,535.853264857,nan,nan,nan,nan,nan,0.000000000,9.425467986,7.830912014,0.198996975,0.179121969,8.498437994,0,0.100000000
109.400880098,20256,5801,0,12324,7932,14451,2886,1238,1239,364,875,6882,7569,968,1918,1.259403636,1.463106630,323.328885582,578.147799736,70.100307465,5,1.000000000,nan,nan,0.000000000,23.437939002,17.428827006,0.242009992,0.099333993,18.291664950,0,0.100000000
109.500835419,20064,6112,0,12197,7867,13948,2838,1208,1206,332,874,6459,7489,905,1933,1.243887423,1.499465893,280.927738561,473.364854939,46.498060226,3,1.000000000,nan,nan,0.000000000,10.066142015,7.463381975,0.144815946,0.101462007,7.973464963,0,0.100000000
109.600881100,19872,5999,0,12108,7764,13869,2844,1206,1194,306,888,6617,7252,901,1943,1.218582017,1.490366687,298.977152758,545.251092183,6.188392639,2,0.000000000,nan,nan,0.000000000,10.218083975,7.784097979,0.166424026,0.096219999,8.378573984,0,0.100000000
109.700919867,20160,6358,0,12346,7814,13798,2842,1259,1240,328,912,6557,7241,902,1940,1.209940925,1.512035420,313.265017797,549.590300157,nan,1,nan,nan,nan,0.000000000,20.012990979,13.718125934,0.216178945,0.119603996,14.476166980,0,0.100000000
109.800924063,19872,6177,0,12159,7713,13798,2842,1247,1247,321,926,6557,7241,902,1940,1.209940925,1.512035420,303.004212562,537.886308274,nan,nan,nan,nan,nan,0.000000000,8.035811014,6.696986093,0.134996022,0.105380022,7.206547016,0,0.100000000
109.899768591,19392,6298,0,12317,7075,13090,2716,1238,1237,328,909,6623,6467,900,1816,1.173640453,1.665598937,317.283633394,547.709401887,49.717903137,3,1.000000000,nan,nan,0.000000000,13.751410996,7.692940999,0.135497074,0.099033001,8.183396014,0,0.100000000
110.000868320,20736,6510,0,12705,8031,14222,2828,1253,1238,333,905,6919,7303,889,1939,1.154645370,1.617599743,302.499614256,533.824911612,14.253377914,3,0.000000000,nan,nan,0.000000000,9.919399978,7.313786016,0.151805987,0.101757993,7.860495010,0,0.100000000
110.101033688,19968,6579,0,12584,7384,13385,2701,1180,1215,326,889,6711,6674,893,1808,1.138822194,1.726750405,273.606360489,528.149079867,nan,1,nan,nan,nan,0.000000000,14.387905016,10.541712050,0.250032987,0.170558982,11.414921028,0,0.100000000
110.200977564,19776,6429,0,12216,7560,13343,2702,1174,1190,338,852,6507,6836,859,1843,1.124172177,1.708209286,265.648830762,514.682054117,5.843639374,2,0.000000000,nan,nan,0.000000000,19.822962990,13.289503986,0.220487011,0.102145947,14.078314998,0,0.100000000
110.400948286,20064,6737,0,12538,7526,13323,2646,1169,1148,297,851,6517,6806,803,1843,1.103700639,1.734735687,243.772589626,435.578652757,64.084529877,2,1.000000000,nan,nan,0.000000000,16.187892004,10.633429978,0.202692056,0.130590983,11.365354992,0,0.100000000
110.500879049,20064,6880,0,12731,7333,13323,2646,1146,1150,296,854,6517,6806,803,1843,1.103700639,1.734735687,241.951868060,439.119384706,nan,nan,nan,nan,nan,0.000000000,16.199644015,13.783167873,0.345304958,0.209974009,14.979050029,0,0.100000000
110.600917101,19968,6857,0,12577,7391,13323,2646,1150,1150,296,854,6517,6806,803,1843,1.103700639,1.734735687,241.337969440,436.132041520,nan,nan,nan,nan,nan,0.000000000,11.341857025,9.009289963,0.146684994,0.088714994,9.591915004,0,0.100000000
110.703089237,19968,7071,0,12769,7199,12893,2636,1196,1180,269,911,6403,6490,759,1877,1.051053302,1.927365281,250.462033797,448.139962471,nan,1,nan,nan,nan,0.000000000,10.733261006,8.173589013,0.195366971,0.151346030,8.857647015,0,0.100000000
110.800873995,20064,7111,0,12771,7293,12949,2749,1224,1205,267,938,6264,6685,747,2002,1.042809179,1.828240163,243.869783509,433.354992799,5.730628967,2,0.000000000,nan,nan,0.000000000,17.138456984,12.040517002,0.203954987,0.112529029,12.783610029,0,0.100000000
110.900962830,19872,7006,0,12622,7250,12949,2749,1211,1208,270,938,6264,6685,747,2002,1.042809179,1.828240163,254.383425123,434.239775810,nan,nan,nan,nan,nan,0.000000000,7.641109987,6.371504918,0.131775101,0.091594004,6.846681004,0,0.100000000
111.000867844,20064,7285,0,12734,7330,12775,2687,1209,1216,247,969,6061,6714,712,1975,1.012978258,1.850837000,289.617525059,492.685486475,15.840530396,4,1.000000000,nan,nan,0.000000000,14.033812971,10.006670956,0.175839989,0.132488029,10.645136004,0,0.100000000
111.100931644,19968,7119,0,12523,7445,12845,2687,1193,1194,240,954,5953,6892,704,1983,1.007296360,1.792282216,279.905061524,465.705003100,80.518007278,3,1.000000000,nan,nan,0.000000000,14.608606987,11.401872034,0.214856002,0.137463969,12.164939020,0,0.100000000
111.200805902,19968,7253,0,12556,7412,12711,2704,1195,1197,243,954,5851,6860,721,1983,0.991339024,1.824658540,265.189179068,445.183809862,3.928184509,3,0.000000000,nan,nan,1.000000000,13.936234987,11.484383023,0.243196031,0.158312963,12.363154034,0,0.100000000
111.301622391,20064,7328,0,12552,7512,12732,2669,1192,1179,243,936,5665,7067,700,1969,0.998909921,1.782647701,278.024906353,424.615868895,nan,1,nan,nan,nan,1.000000000,12.047540979,9.329913009,0.128155109,0.094710966,9.801164037,0,0.100000000
111.400833130,20064,7388,0,12592,7472,12672,2577,1112,1119,255,864,5580,7092,694,1883,0.976698251,1.789751612,268.022892661,446.837420052,53.977012634,5,1.000000000,nan,nan,1.000000000,12.862575008,9.330095083,0.155691989,0.130450004,9.913889982,0,0.100000000
111.500986576,19968,7391,0,12522,7446,12573,2581,1145,1128,243,885,5426,7147,678,1903,0.977488357,1.785787774,240.774516016,412.421569272,5.553007126,2,0.000000000,nan,nan,1.000000000,15.914299991,11.514548969,0.145543949,0.114615017,12.088002986,0,0.100000000
111.600866556,19872,7536,0,12448,7424,12332,2523,1136,1112,245,867,5190,7142,662,1861,0.972359258,1.795997241,244.122212637,437.660475287,nan,1,nan,nan,nan,1.000000000,17.946356034,12.814868009,0.208364974,0.083374034,13.584972010,0,0.100000000
111.700928211,20064,7509,0,12533,7531,12551,2557,1146,1149,241,908,5229,7322,632,1925,0.947625443,1.806770727,233.858234798,436.098120066,45.032739639,5,1.000000000,nan,nan,1.000000000,14.053682971,10.994495009,0.225826981,0.234914012,11.828402989,0,0.100000000
111.800822735,20064,7635,0,12448,7616,12425,2500,1110,1101,232,869,5053,7372,595,1905,0.940262191,1.715243674,235.227803330,421.616764073,19.974470139,2,1.000000000,nan,nan,1.000000000,13.283827982,9.635556024,0.195049040,0.118157011,10.355987994,0,0.100000000
111.901353359,19584,7602,0,12409,7175,12425,2500,1102,1100,232,868,5053,7372,595,1905,0.940262191,1.715243674,234.116140745,419.173223879,nan,nan,nan,nan,nan,1.000000000,10.953404999,9.292203991,0.212562969,0.127788982,10.028132994,0,0.100000000
112.000084162,20448,7853,0,12570,7878,12425,2500,1099,1099,232,867,5053,7372,595,1905,0.940262191,1.715243674,236.802566602,420.143942537,nan,nan,nan,nan,nan,1.000000000,9.272184980,7.815697987,0.131546985,0.100502977,8.293756982,0,0.100000000
112.101987362,19968,7912,0,12456,7512,12052,2405,1151,1106,173,933,4768,7284,467,1938,0.875977446,1.785263254,194.752064280,418.007536944,24.438381195,4,1.000000000,nan,nan,1.000000000,12.462279003,6.933738885,0.123742095,0.095728028,7.390478975,0,0.100000000
112.200788260,19968,7917,0,12286,7682,12052,2405,1107,1105,172,933,4768,7284,467,1938,0.875977446,1.785263254,194.862618663,417.312153717,nan,nan,nan,nan,nan,1.000000000,9.063595964,7.849938935,0.155934016,0.080310972,8.430483984,0,0.100000000
112.301030397,19968,8428,0,12452,7516,12052,2405,1105,1104,173,931,4768,7284,467,1938,0.875977446,1.785263254,194.762828909,415.437379127,nan,nan,nan,nan,nan,1.000000000,8.811136009,7.653880981,0.145722006,0.082265993,8.183981990,0,0.100000000
112.400934458,19776,8334,0,12128,7648,11438,2344,1024,1036,170,866,4102,7336,421,1923,0.874495864,1.763014878,194.477916546,393.605204570,20.199060440,7,1.000000000,nan,nan,1.000000000,7.872989983,6.163761020,0.159182004,0.090200978,6.674220029,0,0.100000000
112.499531031,20256,9000,0,12600,7656,11252,2339,1064,1070,155,915,4042,7210,407,1932,0.851984463,1.823909169,200.679071480,406.280512506,4.097700119,2,0.000000000,nan,nan,1.000000000,11.812768003,9.625033999,0.215202046,0.218321977,10.424724023,0,0.100000000
112.600906849,19968,8782,0,12263,7705,11182,2402,1044,1081,167,914,3967,7215,421,1981,0.842750234,1.866570413,223.141396304,395.038063635,24.246931076,12,1.000000000,nan,nan,1.000000000,24.222907028,17.934450996,0.290528988,0.107347965,18.993332982,0,0.100000000
112.700820446,19968,9301,0,12356,7612,10663,2289,1062,1063,144,919,3675,6988,383,1906,0.818833945,1.980143895,194.947312169,402.737875203,19.522905350,3,1.000000000,nan,nan,1.000000000,16.378308996,11.259686027,0.189727987,0.119036005,11.941631034,0,0.100000000
112.801118374,20064,9506,0,12414,7650,10554,2295,1030,1034,149,885,3608,6946,392,1903,0.801518514,1.908242534,209.253871591,410.216225811,5.405187607,3,0.000000000,nan,nan,1.000000000,22.999034962,17.415530048,0.327142945,0.124663988,18.532190006,0,0.100000000
112.900832415,20064,9972,0,12550,7514,10554,2295,1067,1067,148,919,3608,6946,392,1903,0.801518514,1.908242534,215.205607777,424.372264388,nan,nan,nan,nan,nan,1.000000000,10.079501953,8.669031959,0.183337950,0.126000028,9.350273001,0,0.100000000
113.001342058,19968,9974,0,12598,7370,10554,2295,1067,1069,148,921,3608,6946,392,1903,0.801518514,1.908242534,214.240286950,425.247077262,nan,nan,nan,nan,nan,1.000000000,13.167655969,11.320316931,0.241869013,0.162308046,12.221832993,0,0.100000000
113.100780010,19968,10172,0,12529,7439,10554,2295,1068,1068,148,920,3608,6946,392,1903,0.801518514,1.908242534,219.450604369,425.567070152,nan,nan,nan,nan,nan,1.000000000,9.783665999,8.219009964,0.140899036,0.090839982,8.713366988,0,0.100000000
113.200938225,20064,10344,0,12758,7306,9716,2172,1016,1060,130,930,3451,6265,336,1836,0.729351056,2.163958736,189.845787708,360.300948966,79.845190048,6,1.000000000,nan,nan,1.000000000,21.900665946,17.328927119,0.340444967,0.133155962,18.499776954,0,0.100000000
113.300948620,19872,10555,0,12565,7307,9716,2172,1054,1055,127,928,3451,6265,336,1836,0.729351056,2.163958736,182.100159811,380.840329193,nan,nan,nan,nan,nan,1.000000000,8.641691005,7.332467998,0.171814987,0.077536970,7.918091025,0,0.100000000
113.400989294,20064,10939,0,12831,7233,9121,2274,1083,1070,123,947,3046,6075,330,1944,0.712666434,2.400836655,208.536340040,397.287296964,5.714178085,2,0.000000000,nan,nan,1.000000000,12.052214995,9.567341069,0.227645971,0.145115016,10.365160997,0,0.100000000
113.500869989,19680,11145,0,12517,7163,9121,2274,1043,1040,117,923,3046,6075,330,1944,0.712666434,2.400836655,193.444977036,383.132554382,nan,nan,nan,nan,nan,1.000000000,16.126482980,14.077088039,0.293627090,0.145848957,15.209803008,0,0.100000000
113.599911213,20352,11588,0,12926,7426,9121,2274,1085,1085,122,963,3046,6075,330,1944,0.712666434,2.400836655,211.718800955,399.217500906,nan,nan,nan,nan,nan,1.000000000,11.362196994,9.773132042,0.196905981,0.115103030,10.442922008,0,0.100000000
113.702248335,19968,11840,0,12843,7125,9121,2274,1095,1096,118,978,3046,6075,330,1944,0.712666434,2.400836655,222.636313025,398.704522048,nan,nan,nan,nan,nan,1.000000000,7.763219997,6.642299937,0.107141968,0.076242955,7.051346009,0,0.100000000
113.803561211,19680,12085,0,12873,6807,7591,2101,1091,1076,113,963,2144,5447,274,1827,0.754156464,2.787188830,221.423788856,396.371734896,nan,1,nan,nan,nan,1.000000000,15.791042009,12.999369996,0.351303956,0.152900990,14.277192007,0,0.100000000
113.900539398,20352,12676,0,13231,7121,7672,2103,1081,1048,97,951,1960,5712,267,1836,0.770265527,2.789320739,217.873270239,389.643191910,45.335769653,3,1.000000000,nan,nan,1.000000000,11.470047000,8.556285000,0.171967084,0.095438038,9.187723044,0,0.100000000
114.000837803,19968,12693,0,13088,6880,7271,2042,1001,1007,100,907,1840,5431,265,1777,0.787489921,2.865664092,200.933578257,367.415813085,9.856700897,3,0.000000000,nan,nan,1.000000000,13.920093013,11.468551937,0.255548046,0.167904014,12.402731983,0,0.100000000
114.100998402,19776,12486,0,12856,6920,7286,2047,978,989,98,891,1755,5531,252,1795,0.798345761,2.810895113,166.833006494,351.516067570,nan,1,nan,nan,nan,1.000000000,12.371151010,9.211362980,0.109084009,0.078056997,9.651585016,0,0.100000000
114.201426029,20160,12879,0,13314,6846,7277,2026,1005,1012,87,925,1869,5408,245,1781,0.787279480,2.886062693,196.784262317,381.151236648,44.324636459,4,1.000000000,nan,nan,1.000000000,13.479410030,9.702414973,0.174640969,0.096454984,10.338585009,0,0.100000000
114.302611828,20064,12838,0,13154,6910,7277,2026,1016,1015,88,927,1869,5408,245,1781,0.787279480,2.886062693,189.406850677,380.337172765,nan,nan,nan,nan,nan,1.000000000,6.936095015,5.793735967,0.151286076,0.107060012,6.328983989,0,0.100000000
114.400743961,19968,13039,0,13073,6895,7277,2026,1013,1014,88,926,1869,5408,245,1781,0.787279480,2.886062693,187.632757290,380.465092051,nan,nan,nan,nan,nan,1.000000000,13.263420027,11.475224979,0.267494004,0.158634037,12.479588040,0,0.100000000
114.500818014,20064,13171,0,13084,6980,6889,2072,1078,1076,84,992,1372,5517,212,1860,0.893345729,2.909540622,184.702272821,372.532137500,20.395278931,5,1.000000000,nan,nan,1.000000000,7.755671046,6.203545956,0.143377925,0.084322994,6.720318052,0,0.100000000
114.601066113,19200,12936,0,12658,6542,6260,1925,935,927,83,844,1186,5074,212,1713,0.893068836,2.925985451,167.571638936,330.906531464,14.223337173,3,0.000000000,nan,nan,1.000000000,10.773340007,9.175827086,0.195389963,0.163699966,9.897275013,0,0.100000000
114.700577736,20832,13781,0,13562,7270,6260,1925,956,957,84,873,1186,5074,212,1713,0.893068836,2.925985451,174.772778967,341.594838151,nan,nan,nan,nan,nan,1.000000000,11.903924984,10.296835040,0.206562981,0.092811999,11.096814007,0,0.100000000
114.800849915,19968,13278,0,13114,6854,6686,2017,1000,1017,100,917,1276,5410,231,1786,0.898124148,2.938893394,188.700645508,377.733255358,nan,1,nan,nan,nan,1.000000000,10.312576022,8.545983990,0.199997972,0.141772034,9.312032023,0,0.100000000
114.900906801,19584,12987,0,12890,6694,6593,1983,1056,1038,108,930,1271,5322,234,1749,0.893014552,2.968957294,182.845084340,378.977047050,5.932331085,3,0.000000000,nan,nan,1.000000000,14.067297976,11.733581021,0.313965895,0.217709050,12.867385987,0,0.100000000
115.000003815,20064,13281,0,13089,6975,6779,2046,1070,1064,110,954,1283,5496,238,1808,0.899346973,2.927297284,180.917306675,376.061134756,129.842281342,4,1.000000000,nan,nan,1.000000000,11.521551001,8.927281015,0.180594972,0.084163039,9.574631054,0,0.100000000
115.100056887,20352,13712,0,13523,6829,6779,2046,1067,1064,115,949,1283,5496,238,1808,0.899346973,2.927297284,173.369058906,374.569049517,nan,nan,nan,nan,nan,1.000000000,5.815582001,4.933218996,0.113121991,0.073225994,5.363184959,0,0.100000000
115.200796604,19968,13168,0,13089,6879,6796,2014,1061,1061,109,952,1312,5484,226,1788,0.893643938,2.925815015,176.720382879,404.996021764,20.216226578,5,1.000000000,nan,nan,1.000000000,12.588287005,10.025300027,0.227766985,0.191482017,10.891576996,0,0.100000000
115.300911665,19968,13314,0,13146,6822,6650,1957,949,949,107,842,1283,5367,219,1738,0.891919825,2.967539762,158.066604808,344.948472305,4.462480545,2,0.000000000,nan,nan,1.000000000,13.753768988,10.308186989,0.176191970,0.107670960,10.985168978,0,0.100000000
115.400870800,19872,13113,0,13000,6872,6755,2020,1080,1090,99,991,1259,5496,214,1806,0.916722983,2.933998132,189.773979840,381.408922687,19.146442413,6,1.000000000,nan,nan,1.000000000,14.554305992,11.025416956,0.216882967,0.120399985,11.817532009,0,0.100000000
115.503024817,19872,13212,0,13052,6820,6755,2020,1095,1093,97,996,1259,5496,214,1806,0.916722983,2.933998132,190.405447901,382.457902565,nan,nan,nan,nan,nan,1.000000000,12.472819013,10.601029964,0.281842018,0.190178980,11.653387977,0,0.100000000
115.601325750,20352,13355,0,13184,7168,6993,2043,1081,1084,93,991,1266,5727,205,1838,0.910934003,2.901243389,190.958450046,389.036441504,65.571308136,7,1.000000000,nan,nan,1.000000000,14.157145051,11.692357017,0.291672011,0.180399977,12.738503050,0,0.100000000
115.701087713,19968,13321,0,13100,6868,6643,2021,1056,1059,98,961,1269,5374,209,1812,0.901721138,2.972485711,200.156512144,369.697783252,nan,1,nan,nan,nan,1.000000000,13.702256954,11.105422978,0.312316988,0.274493999,12.190976006,0,0.100000000
115.800759792,19968,13166,0,13068,6900,6798,2085,1056,1050,90,960,1292,5506,209,1876,0.907087034,2.919104764,171.550474076,373.993165981,5.996942520,14,0.000000000,nan,nan,1.000000000,10.048380005,7.955695968,0.168059953,0.092761999,8.602346992,0,0.100000000
115.900951385,20064,13325,0,13166,6898,6735,2083,1090,1091,95,996,1315,5420,218,1865,0.868298327,2.965277522,203.365819979,405.916583396,34.012317657,11,1.000000000,nan,nan,1.000000000,11.170627957,9.043138882,0.209947000,0.129553024,9.815342026,0,0.100000000
116.001039743,19872,12991,0,12860,7012,6735,2083,1075,1076,94,982,1315,5420,218,1865,0.868298327,2.965277522,195.896831876,398.703398299,nan,nan,nan,nan,nan,1.000000000,7.116645982,5.986504024,0.134686066,0.072424999,6.472626003,0,0.100000000
116.100797415,20064,13042,0,12989,7075,7018,2138,1114,1113,99,1014,1421,5597,230,1908,0.838465883,2.936077780,215.691125297,395.568886254,69.710731506,3,1.000000000,nan,nan,1.000000000,9.153346997,7.405083976,0.185053970,0.071312999,8.019490982,0,0.100000000
116.201434374,20064,13025,0,12997,7067,7035,2074,1065,1063,95,968,1459,5576,215,1859,0.828829276,2.907266348,199.055583839,379.130553744,44.441699982,4,1.000000000,nan,nan,1.000000000,11.930556968,9.322629077,0.184866076,0.103812956,10.009468999,0,0.100000000
116.300873041,19776,12516,0,12649,7127,7256,2136,1124,1131,98,1033,1578,5678,227,1909,0.800603676,2.907618226,219.535699408,412.785836373,5.872488022,8,0.000000000,nan,nan,1.000000000,11.956876027,9.233084973,0.125326042,0.089415000,9.681213996,0,0.100000000
116.401253223,20160,12806,0,13028,7132,7350,2044,993,993,98,895,1668,5682,229,1815,0.778972957,2.895034929,195.191768065,322.991565907,3.899812698,2,0.000000000,nan,nan,1.000000000,12.200527999,8.446480962,0.125132035,0.090552028,8.906758972,0,0.100000000
116.500738621,20064,12433,0,12905,7159,7627,2056,1021,1015,89,926,1865,5762,225,1831,0.749711265,2.877063101,192.226406241,354.004900192,nan,1,nan,nan,nan,1.000000000,11.052325019,8.751027985,0.286572031,0.138550997,9.862069972,0,0.100000000
116.604114294,19968,12085,0,12743,7225,7879,2104,982,986,98,888,1996,5883,240,1864,0.721206965,2.875240716,193.074614612,352.307211041,4.415750504,2,0.000000000,nan,nan,1.000000000,12.823387980,10.695426085,0.228687015,0.129013031,11.544691981,0,0.100000000
116.700787306,19968,11848,0,12796,7172,8116,2156,985,1000,90,910,2205,5911,286,1870,0.704628276,2.838653356,170.520361341,348.447213024,30.086755753,5,1.000000000,nan,nan,1.000000000,9.572461015,7.636886032,0.169418054,0.082989980,8.204986982,0,0.100000000
116.800712585,19776,11453,0,12633,7143,8116,2156,1018,1020,91,929,2205,5911,286,1870,0.704628276,2.838653356,178.630189793,364.866522384,nan,nan,nan,nan,nan,1.000000000,7.790339005,6.771490967,0.150148990,0.078684010,7.309695997,0,0.100000000
116.899058819,20256,11366,0,12816,7440,8886,2146,1086,1021,100,921,2640,6246,271,1875,0.692345291,2.685629410,158.008232780,351.634354409,99.966764450,3,1.000000000,nan,nan,1.000000000,9.610980982,7.926539984,0.185573939,0.147888029,8.623545989,0,0.100000000
117.000835896,19104,10229,0,12098,7006,8871,2153,949,979,91,888,2835,6036,251,1902,0.696081178,2.740843545,189.502730635,353.562340243,6.364345551,2,0.000000000,nan,nan,1.000000000,19.259900961,16.067088000,0.352861010,0.128232001,17.318163009,0,0.100000000
117.095686674,20448,10687,0,12851,7597,8871,2153,985,985,93,892,2835,6036,251,1902,0.696081178,2.740843545,191.974235133,359.125471124,nan,nan,nan,nan,nan,1.000000000,9.304843028,7.976245950,0.163521094,0.079748046,8.541959978,0,0.100000000
117.302129030,20064,9870,0,12586,7478,10190,2222,633,1008,116,892,3506,6684,301,1921,0.764767594,2.158114159,208.193948952,322.536003995,74.009180069,8,1.000000000,nan,nan,1.000000000,17.084446037,11.432707950,0.148479943,0.141946017,12.049746001,0,0.100000000
117.401026487,19968,9328,0,12177,7791,10636,2231,1108,1101,124,977,3600,7036,295,1936,0.786276353,2.049396809,214.199621350,425.323681513,nan,1,nan,nan,nan,1.000000000,7.123901043,5.414262007,0.132675981,0.092771021,5.866549036,0,0.100000000
117.501070738,19488,9000,0,11857,7631,10484,2267,1051,1031,111,920,3466,7018,368,1899,0.817490980,2.037205414,189.262224954,394.136633885,50.028800964,2,1.000000000,nan,nan,1.000000000,11.324965977,7.567915076,0.119081931,0.100103964,8.013863000,0,0.100000000
117.600387096,20160,8997,0,12403,7757,11159,2366,982,1104,135,969,3941,7218,375,1991,0.825063016,1.885375148,226.843808205,453.558881194,nan,1,nan,nan,nan,1.000000000,13.159124006,9.789169941,0.171651016,0.145114027,10.439423029,0,0.100000000
117.700801849,19776,8820,0,12052,7724,11159,2366,1098,1098,136,962,3941,7218,375,1991,0.825063016,1.885375148,234.271488917,474.427787142,nan,nan,nan,nan,nan,1.000000000,10.930938006,9.286279033,0.216917018,0.109574001,10.050184967,0,0.100000000
117.799906969,20352,8613,0,12491,7861,11735,2487,910,1172,172,1000,4335,7400,432,2055,0.878392836,1.989390216,264.400243478,506.646611051,4.671335220,2,0.000000000,nan,nan,1.000000000,16.857536975,12.610442005,0.187665049,0.099366007,13.297455967,0,0.100000000
117.900735140,19488,8339,0,12168,7320,11145,2321,1017,1016,144,872,4376,6769,472,1849,0.847346445,1.775584927,205.235036475,407.332718050,6.459236145,8,0.000000000,nan,nan,1.000000000,10.750957008,8.334147977,0.133461086,0.094213989,8.801140008,0,0.100000000
118.000324249,20544,8030,0,12539,8005,12510,2595,1255,1207,190,1017,4965,7545,550,2045,0.880333437,1.929637254,265.772069710,486.846005357,4.480123520,2,0.000000000,nan,nan,1.000000000,22.080454044,16.623848991,0.294308120,0.117735995,18.157158978,0,0.100000000
118.100978613,19968,7907,0,12410,7558,12057,2526,1229,1199,202,997,5038,7019,525,2001,0.881295628,1.887869442,256.678511731,480.284112614,30.413866043,5,1.000000000,nan,nan,1.000000000,13.042200007,8.905783121,0.158337993,0.113032002,9.420258983,0,0.100000000
118.201739550,19968,7776,0,12661,7307,12188,2479,1175,1156,199,957,5352,6836,529,1950,0.896764197,1.887226668,251.586451610,443.954714060,nan,1,nan,nan,nan,1.000000000,23.531043029,17.545513052,0.308472954,0.117030984,18.622140051,0,0.100000000
118.300882816,20064,7639,0,12602,7462,12188,2479,1086,1085,191,894,5352,6836,529,1950,0.896764197,1.887226668,213.419544546,401.154685535,nan,nan,nan,nan,nan,1.000000000,8.004009956,6.728397973,0.139942917,0.079801015,7.244620996,0,0.100000000
118.401858807,19968,7482,0,12695,7273,12482,2720,1240,1268,257,1011,5682,6800,672,2048,0.934969243,1.851754563,293.546229818,525.125617840,45.902967453,3,1.000000000,nan,nan,1.000000000,10.740644997,8.092486067,0.162029930,0.118213007,8.669372997,0,0.100000000
118.500852585,19968,7159,0,12492,7476,12805,2663,1227,1229,241,988,5825,6980,644,2019,0.955198952,1.804722663,295.651259882,459.957485725,nan,1,nan,nan,nan,1.000000000,14.561836026,11.565873050,0.228315010,0.141113997,12.379485997,0,0.100000000
118.600723028,20064,7190,0,12644,7420,12870,2690,1252,1256,257,999,5926,6944,629,2061,0.959537910,1.877309065,295.518804407,564.011407989,6.133794785,2,0.000000000,nan,nan,1.000000000,11.198205990,8.863620984,0.136984978,0.105220010,9.350067005,0,0.100000000
118.700719118,19680,7072,0,12499,7181,12604,2670,1222,1228,252,976,5957,6647,665,2005,0.976760440,1.760248560,325.749783117,546.515107544,4.000425339,2,0.000000000,nan,nan,1.000000000,13.731675979,10.539231997,0.254856888,0.145435974,11.378724012,0,0.100000000
118.800403118,20352,7093,0,12737,7615,13255,2757,1226,1254,292,962,6182,7073,739,2018,0.990924548,2.019239956,302.797423108,591.244731909,64.277887344,3,1.000000000,nan,nan,1.000000000,15.012927004,12.498134922,0.209681981,0.101191981,13.216384978,0,0.100000000
118.900704861,20064,7200,0,12749,7315,13255,2757,1257,1258,291,967,6182,7073,739,2018,0.990924548,2.019239956,277.160586522,563.808721670,nan,nan,nan,nan,nan,1.000000000,9.438056033,8.000402944,0.189371000,0.130773988,8.668967988,0,0.100000000
119.000895500,19968,6979,0,12768,7200,13255,2757,1264,1265,292,973,6182,7073,739,2018,0.990924548,2.019239956,297.765207164,584.094336525,nan,nan,nan,nan,nan,1.000000000,14.397930005,12.549428910,0.222198956,0.154729991,13.321554987,0,0.100000000
119.101041317,20064,7003,0,12721,7343,13057,2686,1228,1145,294,851,6383,6674,765,1921,1.054163702,1.805919715,284.987183708,554.835481558,4.352807999,2,0.000000000,nan,nan,0.000000000,12.003731972,8.555009903,0.132952991,0.119685021,9.040559002,0,0.100000000
119.200854301,19968,6950,0,12697,7271,13057,2686,1169,1169,285,884,6383,6674,765,1921,1.054163702,1.805919715,299.271343815,561.957384124,nan,nan,nan,nan,nan,0.000000000,13.198799978,11.391906999,0.243882998,0.189193990,12.297371984,0,0.100000000
119.300737619,20064,6967,0,12599,7465,13057,2686,1167,1165,263,902,6383,6674,765,1921,1.054163702,1.805919715,281.573054714,559.624915362,nan,nan,nan,nan,nan,0.000000000,12.368287949,10.469394038,0.209716032,0.154545996,11.241130007,0,0.100000000
119.400834084,19584,6729,0,12161,7423,12851,2602,1062,1163,231,932,6223,6628,689,1913,1.113701881,1.835445166,297.233785947,473.707443475,25.511503220,3,1.000000000,nan,nan,0.000000000,10.975062964,7.876509044,0.127995037,0.111108995,8.349059033,0,0.100000000
119.501526356,20160,6919,0,12630,7530,13237,2767,1317,1277,274,1003,6436,6801,787,1980,1.150498827,1.796198803,337.069969313,524.983975007,65.368890762,5,1.000000000,nan,nan,0.000000000,16.124957008,12.019850023,0.166820013,0.137262046,12.691334996,0,0.100000000
119.601632118,20256,6482,0,12173,8083,13770,2908,1346,1317,270,1047,6433,7337,770,2138,1.166082764,1.815006885,363.601618454,567.430727098,nan,1,nan,nan,nan,0.000000000,9.161096998,7.024034974,0.151763961,0.105187995,7.594583964,0,0.100000000
119.700789690,19968,6651,0,12298,7670,13313,2810,1331,1318,291,1027,6296,7017,783,2027,1.192911798,1.707056570,361.875995420,575.087837083,66.998958588,4,1.000000000,nan,nan,0.000000000,12.025786971,9.442571958,0.195688044,0.268182019,10.322897986,0,0.100000000
119.800790787,19968,6196,0,12005,7963,13313,2810,1265,1270,289,981,6296,7017,783,2027,1.192911798,1.707056570,325.246988485,553.454502769,nan,nan,nan,nan,nan,0.000000000,8.185425017,6.907223142,0.145572005,0.101046986,7.443033042,0,0.100000000
119.900886774,20064,6392,0,12320,7744,13313,2810,1294,1291,286,1005,6296,7017,783,2027,1.192911798,1.707056570,332.520467900,559.287803934,nan,nan,nan,nan,nan,0.000000000,8.086065005,6.860084017,0.142619945,0.097469019,7.368004997,0,0.100000000
120.000741482,19968,5984,0,11866,8102,13980,2926,1236,1261,320,941,6422,7558,867,2059,1.259609493,1.562073095,349.344141116,560.364639377,35.357952118,5,1.000000000,nan,nan,0.000000000,16.128203017,11.918702978,0.236004998,0.132103974,12.789556989,0,0.100000000
120.100873470,19968,6125,0,12076,7892,13980,2926,1254,1262,296,966,6422,7558,867,2059,1.259609493,1.562073095,357.828760268,529.321851124,nan,nan,nan,nan,nan,0.000000000,10.126105975,8.499855001,0.226667966,0.117643969,9.239528968,0,0.100000000
120.201559067,19680,5871,0,11454,8226,13980,2926,1293,1292,332,960,6422,7558,867,2059,1.259609493,1.562073095,347.613816932,552.127337791,nan,nan,nan,nan,nan,0.000000000,12.979720021,11.304734915,0.220632064,0.140812015,12.079056003,0,0.100000000
120.301725149,20352,6127,0,12401,7951,13980,2926,1260,1260,297,963,6422,7558,867,2059,1.259609493,1.562073095,343.225326079,520.697713740,nan,nan,nan,nan,nan,0.000000000,8.786810038,7.301867998,0.153609028,0.117461022,7.827103022,0,0.100000000
120.402240992,20064,5795,0,11661,8403,13980,2926,1295,1296,335,961,6422,7558,867,2059,1.259609493,1.562073095,363.203049974,565.119011612,nan,nan,nan,nan,nan,0.000000000,8.110866009,6.864845986,0.117201009,0.114937022,7.262933999,0,0.100000000
120.501784086,19968,5804,0,11953,8015,14160,3024,1022,1372,358,1014,6601,7559,942,2082,1.361635391,1.630183696,389.706358024,591.976828662,nan,1,nan,nan,nan,0.000000000,21.086445951,16.627332952,0.203089032,0.170112005,17.359382997,0,0.100000000
120.601603746,19968,5608,0,11660,8308,14356,3107,1322,1424,382,1042,6474,7882,993,2114,1.397672010,1.524879001,419.966161562,692.816774584,nan,1,nan,nan,nan,0.000000000,9.733382962,7.761557994,0.162123004,0.130718981,8.333267004,0,0.100000000
120.700706959,20064,5551,0,11858,8206,14509,3149,1374,1380,375,1005,6774,7735,1026,2123,1.349841454,1.598007817,428.192356882,671.829201580,4.147529602,2,0.000000000,nan,nan,0.000000000,17.045502027,13.643099985,0.278015039,0.118238037,14.621528040,0,0.100000000
120.800879717,19968,5440,0,11726,8242,14524,3145,1342,1329,330,999,6632,7892,1006,2139,1.422942755,1.592475401,396.762816816,591.308966622,nan,1,nan,nan,nan,0.000000000,13.247377006,10.570760991,0.144268037,0.109968998,11.091415014,0,0.100000000
120.900891304,20064,5228,0,11847,8217,14832,3205,1372,1344,343,1001,7043,7789,1039,2166,1.323500677,1.650493878,419.650048566,618.769485100,54.536104202,4,1.000000000,nan,nan,0.000000000,21.384258987,17.847453011,0.372515060,0.121338991,19.053354044,0,0.100000000
121.000800133,19488,4643,0,11184,8304,14832,3205,1379,1385,380,1005,7043,7789,1039,2166,1.323500677,1.650493878,414.404418947,649.513751748,nan,nan,nan,nan,nan,0.000000000,11.728390004,10.249939980,0.183013035,0.110268011,10.899810994,0,0.100000000
121.101859093,20352,5084,0,11762,8590,15264,3384,1417,1370,350,1020,7023,8241,1107,2277,1.352342042,1.607169840,429.829213886,709.223321567,44.500589371,2,1.000000000,nan,nan,0.000000000,14.597349975,11.036103009,0.216942979,0.145850005,11.863494001,0,0.100000000
121.199956179,19392,4064,0,10915,8477,15264,3384,1403,1408,380,1028,7023,8241,1107,2277,1.352342042,1.607169840,421.791229385,763.183227024,nan,nan,nan,nan,nan,0.000000000,12.506851985,10.729739966,0.228471064,0.212413026,11.542125023,0,0.100000000
121.300645590,20160,4878,0,11448,8712,15278,3364,1413,1392,372,1020,6829,8449,1123,2241,1.408967321,1.697295499,413.954454387,743.488760215,19.056320190,12,1.000000000,nan,nan,0.000000000,14.136119979,10.720041057,0.172015920,0.135916984,11.293499032,0,0.100000000
121.400926828,19968,4551,0,11435,8533,15413,3432,1449,1420,407,1013,7089,8324,1177,2255,1.378054415,1.823501314,438.854272127,805.871889632,36.279201508,2,1.000000000,nan,nan,0.000000000,13.809924014,9.773964004,0.166115002,0.126069004,10.344756010,0,0.100000000
121.500726938,20064,4629,0,11553,8511,15413,3432,1433,1433,405,1028,7089,8324,1177,2255,1.378054415,1.823501314,452.380622705,815.642020203,nan,nan,nan,nan,nan,0.000000000,11.094284011,9.409637074,0.236327935,0.113452959,10.203164013,0,0.100000000
121.600924253,19968,4359,0,11388,8580,15413,3432,1405,1408,379,1029,7089,8324,1177,2255,1.378054415,1.823501314,429.287587715,764.832987430,nan,nan,nan,nan,nan,0.000000000,14.175101998,12.271999032,0.255563122,0.167562976,13.172648964,0,0.100000000
121.700672150,19968,4405,0,11452,8516,15559,3487,1414,1434,444,990,7116,8443,1257,2230,1.445265812,2.019322874,436.397643436,875.863912432,5.949020386,2,0.000000000,nan,nan,0.000000000,22.748796968,18.767674977,0.332646072,0.154411013,19.888782990,0,0.100000000
121.800675631,20160,4282,0,11443,8717,15559,3487,1411,1415,408,1007,7116,8443,1257,2230,1.445265812,2.019322874,416.297236443,808.278665180,nan,nan,nan,nan,nan,0.000000000,11.517078965,9.742465976,0.152214023,0.110164983,10.291609971,0,0.100000000
121.904014111,19296,4046,0,10868,8428,15246,3549,1505,1478,455,1023,6826,8420,1289,2260,1.500970033,2.297067292,435.113591952,938.064837045,nan,1,nan,nan,nan,0.000000000,17.489164020,14.046181983,0.283295929,0.126439030,15.007293026,0,0.100000000
122.001352787,20640,4108,0,11724,8916,15246,3549,1460,1462,446,1016,6826,8420,1289,2260,1.500970033,2.297067292,409.697523905,845.685131616,nan,nan,nan,nan,nan,0.000000000,12.118735001,10.464048886,0.223153969,0.160154945,11.203559989,0,0.100000000
122.101066589,19968,4016,0,11438,8530,15948,3592,1489,1432,454,978,7422,8526,1341,2251,1.452550336,2.394813889,411.431851652,798.974959922,nan,1,nan,nan,nan,0.000000000,14.695525984,11.491272016,0.159377989,0.152523979,12.073211023,0,0.100000000
122.200670719,20064,3757,0,11181,8883,15948,3592,1434,1433,447,986,7422,8526,1341,2251,1.452550336,2.394813889,412.680452586,822.871356026,nan,nan,nan,nan,nan,0.000000000,12.266753998,10.618010943,0.122794008,0.109582965,11.071308982,0,0.100000000
122.300786972,20064,3858,0,11603,8461,15948,3592,1439,1441,447,994,7422,8526,1341,2251,1.452550336,2.394813889,415.402291076,825.663763147,nan,nan,nan,nan,nan,0.000000000,9.029162000,7.861569000,0.086053973,0.136998016,8.176300034,0,0.100000000
122.402055979,19968,3784,0,11432,8536,16180,3791,957,1048,458,590,7644,8536,1485,2306,1.548297604,2.304549409,418.261987187,876.682469527,75.694561005,5,1.000000000,nan,nan,0.000000000,17.238565022,13.634349976,0.178142102,0.249998004,14.270849992,0,0.100000000
122.500806808,19968,3725,0,11689,8279,16239,3724,1051,1286,493,793,7961,8278,1493,2231,1.505436126,2.375776604,390.868010182,896.551131069,10.314941406,2,0.000000000,nan,nan,0.000000000,12.037399050,9.556970035,0.127387058,0.172297994,10.026307951,0,0.100000000
122.600682259,19872,3847,0,11464,8408,16239,3724,1324,1304,452,852,7961,8278,1493,2231,1.505436126,2.375776604,394.460784103,775.293126815,nan,nan,nan,nan,nan,0.000000000,13.710580999,11.892887065,0.156972033,0.156708993,12.454544951,0,0.100000000
122.702130556,19872,3710,0,11643,8229,16158,3980,1455,1437,563,874,8048,8110,1673,2307,1.566192152,2.467690234,433.955889292,986.689764178,44.357776642,5,1.000000000,nan,nan,0.000000000,13.853601005,10.558218055,0.155569986,0.156758004,11.120926996,0,0.100000000
122.799846888,20352,3924,0,11998,8354,16424,4055,1560,1558,598,960,8243,8181,1741,2314,1.696406191,2.506222822,439.837208692,1120.349893659,9.966373444,2,0.000000000,nan,nan,0.000000000,19.822040980,14.721927000,0.229110010,0.370092050,15.514574014,0,0.100000000
122.900731325,20064,3718,0,11703,8361,16424,4055,1468,1468,583,885,8243,8181,1741,2314,1.696406191,2.506222822,414.996734238,1067.932899871,nan,nan,nan,nan,nan,0.000000000,13.577393023,11.281075072,0.180021045,0.136314018,11.875399970,0,0.100000000
123.000743151,19968,3948,0,11707,8261,16016,4076,1589,1576,621,955,8073,7943,1749,2327,1.624992672,2.641046208,469.596902237,1400.387503347,34.146785736,5,1.000000000,nan,nan,0.000000000,17.286029994,13.694170921,0.201281975,0.264192000,14.400993998,0,0.100000000
123.101567030,20064,3805,0,11756,8308,16255,4149,1453,1479,586,893,8334,7921,1795,2354,1.608571399,2.629448190,412.690488633,1428.821345639,2.584218979,2,0.000000000,nan,nan,0.000000000,26.515341015,22.174533980,0.361433951,0.170158979,23.455293034,0,0.100000000
123.200762987,19968,3940,0,11840,8128,16024,4275,1574,1580,617,963,8334,7690,1861,2414,1.651856277,2.697173254,460.544783257,1805.788110143,35.705804825,2,1.000000000,nan,nan,0.000000000,20.433899015,14.861262986,0.234024017,0.173323962,15.628153982,0,0.100000000
123.300763607,20064,3890,0,11906,8158,16024,4275,1493,1493,576,917,8334,7690,1861,2414,1.651856277,2.697173254,402.094594110,1673.041000358,nan,nan,nan,nan,nan,0.000000000,14.749822963,12.983779015,0.209147984,0.164034951,13.739040995,0,0.100000000
123.400764704,19584,3835,0,11485,8099,15745,4202,1563,1545,590,955,8116,7629,1778,2424,1.641239520,2.727218485,471.311820334,1758.513953878,nan,1,nan,nan,nan,0.000000000,22.336527996,16.918574052,0.243668968,0.154545007,17.790106998,0,0.100000000
123.501680374,20064,3915,0,11850,8214,15745,4202,1544,1544,626,918,8116,7629,1778,2424,1.641239520,2.727218485,438.811337597,1803.245218877,nan,nan,nan,nan,nan,0.000000000,12.154008029,10.581069044,0.166807033,0.152892026,11.178943969,0,0.100000000
123.601394653,19872,3894,0,11775,8097,15745,4202,1559,1562,605,957,8116,7629,1778,2424,1.641239520,2.727218485,478.682175000,1814.505035140,nan,nan,nan,nan,nan,0.000000000,11.793615005,10.151383001,0.151007960,0.208640005,10.655853024,0,0.100000000
123.699953556,20544,3946,0,12082,8462,16594,4297,1658,1658,662,996,8609,7985,1800,2497,1.757114086,2.738122352,499.474433661,1787.000699832,1.603364944,2,0.000000000,nan,nan,0.000000000,20.858732983,16.492405965,0.263265974,0.316091988,17.404999002,0,0.100000000
123.800718784,19968,3855,0,11797,8171,16109,4323,1647,1662,636,1026,8418,7691,1838,2485,1.635123235,2.748665221,523.608837236,2075.706492843,115.674495697,6,1.000000000,nan,nan,0.000000000,22.883072030,18.662082963,0.392595073,0.176722009,19.977897988,0,0.100000000
123.900636196,19680,3970,0,11661,8019,15706,4286,1667,1686,688,998,8155,7551,1826,2460,1.682798232,2.678147403,509.750497982,1787.467783721,7.404088974,3,0.000000000,nan,nan,0.000000000,24.036807998,20.062568947,0.407898042,0.213608961,21.432276000,0,0.100000000
123.999915838,20352,3920,0,11938,8414,16428,4268,1620,1608,645,963,8501,7927,1872,2396,1.631792309,2.748056383,490.892421812,1659.182295986,24.492502213,7,1.000000000,nan,nan,0.000000000,17.996362993,12.973921956,0.186059973,0.165776000,13.604672044,0,0.100000000
124.100655556,19968,3985,0,11748,8220,15979,4349,1711,1694,683,1011,8222,7757,1883,2466,1.686274248,2.701590794,535.423448237,1754.308409021,nan,1,nan,nan,nan,0.000000000,18.675154017,12.651637953,0.193197979,0.177184993,13.340579986,0,0.100000000
124.200653791,20064,3921,0,12004,8060,15979,4349,1636,1635,634,1001,8222,7757,1883,2466,1.686274248,2.701590794,500.350247321,1656.919652637,nan,nan,nan,nan,nan,0.000000000,12.586807949,10.901728005,0.204345037,0.166200043,11.590992042,0,0.100000000
124.300796986,19488,4050,0,11419,8069,15434,4193,1575,1589,668,921,7837,7597,1816,2377,1.708489946,2.723293192,436.005082134,1598.943609905,4.079580307,2,0.000000000,nan,nan,0.000000000,14.764578955,12.219030061,0.221352093,0.160522992,12.972007971,0,0.100000000
124.401766777,20544,3879,0,12362,8182,16661,4339,1638,1659,671,988,8977,7684,1943,2396,1.692324396,2.722484955,516.900938311,1874.059005431,5.074024200,2,0.000000000,nan,nan,0.000000000,18.821683014,12.372194964,0.180058007,0.169610023,13.008809008,0,0.100000000
124.501119852,20064,4014,0,11810,8254,16661,4339,1644,1650,732,918,8977,7684,1943,2396,1.692324396,2.722484955,503.245589458,1680.387488602,nan,nan,nan,nan,nan,0.000000000,23.049089999,20.522065985,0.240321970,0.181137992,21.314069047,0,0.100000000
124.600816727,19968,3871,0,11834,8134,16093,4416,1590,1614,682,932,8447,7646,1957,2459,1.777364911,2.721382015,496.769310468,1741.968154507,nan,1,nan,nan,nan,0.000000000,15.670080029,13.052345021,0.237199070,0.208880985,13.879570004,0,0.100000000
124.700836658,19968,4009,0,11865,8103,16093,4416,1567,1578,704,874,8447,7646,1957,2459,1.777364911,2.721382015,457.140399791,1407.819904165,nan,nan,nan,nan,nan,0.000000000,12.870762963,11.133388965,0.183756056,0.169281033,11.778221990,0,0.100000000
124.800646782,19968,3822,0,11785,8183,16142,4482,1588,1610,723,887,8416,7726,2003,2479,1.940518700,2.668227998,499.771012378,1678.801969403,9.895324707,13,0.000000000,nan,nan,0.000000000,16.800874961,12.397787999,0.184200006,0.196423964,13.019057980,0,0.100000000
124.901213169,20064,3975,0,12005,8059,16142,4482,1620,1631,722,909,8416,7726,2003,2479,1.940518700,2.668227998,487.080729448,1508.504011675,nan,nan,nan,nan,nan,0.000000000,13.243730995,11.363935017,0.190258957,0.224086980,12.015797023,0,0.100000000
125.000646591,19968,3843,0,11855,8113,16121,4785,1706,1773,934,839,8459,7662,2297,2488,2.078241821,2.483246736,578.990852077,1940.076307406,64.327478409,5,1.000000000,nan,nan,0.000000000,20.611665037,17.006018956,0.268701988,0.238878012,17.915263015,0,0.100000000
125.100661516,20160,3992,0,12241,7919,16164,4965,1642,1683,883,800,8662,7502,2417,2548,2.132942107,2.302408432,508.637031447,1646.958103881,16.102075577,4,1.000000000,nan,nan,0.000000000,14.661718043,12.314162042,0.183283992,0.209112011,12.942011002,0,0.100000000
125.200980663,19872,3828,0,11626,8246,16040,5067,1929,2044,1047,997,8172,7868,2429,2638,2.276620938,1.879790432,602.983449515,1934.194770586,7.457256317,3,0.000000000,nan,nan,0.000000000,21.386612032,16.150866984,0.299458043,0.250065990,17.109439010,0,0.100000000
125.300676823,20064,3987,0,11897,8167,16073,5050,1612,1720,907,813,8192,7881,2419,2631,2.342574984,1.780934838,555.875456869,1542.442248082,15.560865402,3,1.000000000,nan,nan,0.000000000,17.551060999,13.838342915,0.201721035,0.423901016,14.564936981,0,0.100000000
125.400792360,19968,3801,0,11303,8665,16163,4999,1752,1753,797,956,7636,8527,2301,2698,2.481287993,1.600033426,522.394931895,1467.474849104,8.442401886,2,0.000000000,nan,nan,0.000000000,20.313579007,14.650865050,0.218655041,0.286080001,15.360985999,0,0.100000000
125.500635624,19968,3889,0,11390,8578,16163,4999,1569,1581,834,747,7636,8527,2301,2698,2.481287993,1.600033426,453.637043914,1396.343071980,nan,nan,nan,nan,nan,0.000000000,16.397970030,14.585480967,0.198279973,0.184465956,15.289351053,0,0.100000000
125.600622177,20064,3862,0,11093,8971,16163,4999,1690,1697,783,914,7636,8527,2301,2698,2.481287993,1.600033426,490.755657669,1643.873283893,nan,nan,nan,nan,nan,0.000000000,17.481219023,15.471900988,0.250460987,0.214208965,16.369508987,0,0.100000000
125.700711727,19968,3882,0,11319,8649,16082,4288,1297,1443,762,681,7470,8612,2001,2287,2.704680717,1.628572308,444.252923074,1178.152029288,55.625915527,3,1.000000000,nan,nan,0.000000000,14.009786013,11.407885992,0.188126985,0.439302006,12.073904974,0,0.100000000
125.800653696,19968,3846,0,11105,8863,16118,4248,1463,1458,767,691,7288,8830,1945,2303,2.727564561,1.608604340,424.422936125,1187.000759545,39.882898331,7,1.000000000,nan,nan,0.000000000,21.116702002,17.668323067,0.222839997,0.175560010,18.452629040,0,0.100000000
125.900619030,20064,3835,0,11382,8682,16225,4319,1501,1502,833,669,7582,8643,1974,2345,2.684427023,1.628520234,449.033016643,1129.190623641,29.738664627,4,1.000000000,nan,nan,0.000000000,18.738558050,15.271928976,0.249263016,0.194897992,16.187519999,0,0.100000000
126.000631571,19968,3781,0,11229,8739,16183,4344,1540,1516,851,665,7481,8702,1999,2345,2.694391573,1.611618872,447.128198682,1312.969573483,nan,1,nan,nan,nan,0.000000000,19.728676998,16.623425996,0.295998063,0.167024031,17.653932038,0,0.100000000
126.100634813,19488,3130,0,10598,8890,16354,4395,1408,1419,806,613,7497,8857,2005,2390,2.696186293,1.612428625,411.542103549,1229.243174350,24.355649948,3,1.000000000,nan,nan,0.000000000,15.940686979,13.397191127,0.158408948,0.257931009,13.980525953,0,0.100000000
126.202172756,20352,3974,0,11517,8835,16374,4452,1619,1624,871,753,7573,8801,2025,2427,2.682428937,1.614457240,521.528609258,1286.943599604,nan,1,nan,nan,nan,0.000000000,18.047151971,15.177260095,0.238417997,0.169512001,15.996998001,0,0.100000000
126.299872637,19872,3593,0,10985,8887,16275,4458,1463,1465,845,620,7415,8860,1986,2472,2.716987593,1.611145844,434.983441016,1399.754817145,70.022821426,5,1.000000000,nan,nan,0.000000000,16.746838053,14.072336955,0.161552976,0.212242012,14.674405975,0,0.100000000
126.400767803,19776,3793,0,11103,8673,15979,4424,1499,1501,845,656,7344,8635,1985,2439,2.718244450,1.620670547,432.187767328,1247.690239614,5.680084229,6,0.000000000,nan,nan,0.000000000,20.516299992,16.167937021,0.196654059,0.243636954,16.996728955,0,0.100000000
126.500166416,19872,3892,0,11191,8681,15976,4466,1477,1496,837,659,7323,8653,1960,2506,2.725122719,1.620716166,460.966863868,1304.039182965,10.306119919,3,0.000000000,nan,nan,0.000000000,18.281851022,14.390828030,0.215560081,0.166854006,15.158274036,0,0.100000000
126.600751162,20352,3983,0,11616,8736,16365,4441,1503,1511,860,651,7657,8708,1999,2442,2.664588914,1.613421191,459.277061075,1174.004402202,25.904178619,2,1.000000000,nan,nan,0.000000000,23.388681991,17.091787944,0.234931067,0.173518958,17.936889024,0,0.100000000
126.700783253,19968,4016,0,11317,8651,16365,4441,1499,1493,839,654,7657,8708,1999,2442,2.664588914,1.613421191,453.034140378,1137.284108188,nan,nan,nan,nan,nan,0.000000000,13.041290978,11.489398079,0.158326875,0.160760945,12.062627007,0,0.100000000
126.802295446,20064,3923,0,11083,8981,16365,4441,1513,1514,859,655,7657,8708,1999,2442,2.664588914,1.613421191,461.998583614,1174.020386213,nan,nan,nan,nan,nan,0.000000000,13.606721011,11.999615002,0.147462997,0.189637998,12.583467003,0,0.100000000
126.900737047,19776,4176,0,11221,8555,16365,4441,1494,1494,838,656,7657,8708,1999,2442,2.664588914,1.613421191,460.393495336,1150.123336793,nan,nan,nan,nan,nan,0.000000000,16.940063972,15.085599967,0.189900980,0.344323053,15.760811977,0,0.100000000
127.000392675,20352,4039,0,10946,9406,16365,4441,1513,1513,858,655,7657,8708,1999,2442,2.664588914,1.613421191,461.928467535,1172.931384591,nan,nan,nan,nan,nan,0.000000000,19.182536053,16.766470973,0.234920066,0.172697997,17.595941958,0,0.100000000
127.100813866,19968,4372,0,11167,8801,16365,4441,1494,1494,838,656,7657,8708,1999,2442,2.664588914,1.613421191,460.393529321,1150.124344960,nan,nan,nan,nan,nan,0.000000000,13.506298012,11.939020013,0.169926032,0.166517973,12.494034017,0,0.100000000
127.200730801,19968,4255,0,10900,9068,15709,4225,1226,1209,681,528,6662,9047,1704,2521,2.682526075,1.736414142,334.786455561,1071.813399644,6.046772003,5,0.000000000,nan,nan,0.000000000,13.049016008,10.860628041,0.143049052,0.201663002,11.381974968,0,0.100000000
127.301261187,20064,4715,0,11309,8755,15345,4125,1295,1305,709,596,6631,8714,1678,2447,2.646110529,1.828013517,388.633662659,1305.524727317,37.575006485,7,1.000000000,nan,nan,0.000000000,13.027695997,10.752527975,0.164016034,0.172564993,11.290360009,0,0.100000000
127.400587320,19968,4607,0,10885,9083,15357,4129,1261,1298,715,583,6342,9015,1594,2535,2.682402524,1.800117228,389.641732345,1473.818617891,69.223165512,4,1.000000000,nan,nan,0.000000000,19.723901991,16.067711986,0.171539024,0.180821982,16.673065023,0,0.100000000
127.500822783,20064,5034,0,11278,8786,15026,4101,1261,1290,716,574,6335,8691,1641,2460,2.665965286,1.880179488,370.635545100,1110.423922878,78.946590424,4,1.000000000,nan,nan,0.000000000,17.088960973,11.921286059,0.152357097,0.177123002,12.438617996,0,0.100000000
127.600687504,19008,4822,0,10338,8670,14182,3953,1196,1207,626,581,5649,8533,1449,2504,2.711764938,1.848137703,302.802552015,1430.552679651,nan,1,nan,nan,nan,0.000000000,15.032217954,12.127715978,0.137661118,0.165329955,12.606937962,0,0.100000000
127.696390152,21024,5380,0,11668,9356,15640,4207,1307,1317,732,585,6479,9161,1652,2555,2.647478221,1.907554673,339.400348394,1238.039212554,14.568090439,3,0.000000000,nan,nan,0.000000000,23.681781953,17.366919958,0.172721979,0.179582974,17.960313999,0,0.100000000
127.801656008,19968,5299,0,10910,9058,14665,3963,1296,1283,653,630,5805,8860,1459,2504,2.679415991,1.889205494,348.430932932,1511.692318918,nan,1,nan,nan,nan,0.000000000,22.362746997,18.934596039,0.229081023,0.184609962,19.760704017,0,0.100000000
127.900633335,19968,5464,0,11076,8892,14500,3879,1215,1205,637,568,5850,8650,1461,2418,2.658542266,1.916334751,276.286344772,1305.663343876,4.210233688,2,0.000000000,nan,nan,0.000000000,20.227609028,14.632930979,0.157909933,0.163274992,15.193276980,0,0.100000000
128.000576973,20064,5749,0,11076,8988,14500,3879,1205,1208,626,582,5850,8650,1461,2418,2.658542266,1.916334751,278.641644906,1303.760805534,nan,nan,nan,nan,nan,0.000000000,13.230487006,11.759263056,0.128008949,0.158028968,12.232098030,0,0.100000000
128.100644112,19968,5887,0,11200,8768,14077,3901,1216,1222,663,559,5646,8431,1478,2423,2.626420975,1.950510409,276.079487990,1147.825558378,nan,1,nan,nan,nan,0.000000000,16.040303977,13.283634034,0.218414993,0.169786974,14.058639994,0,0.100000000
128.200618029,20064,6118,0,11410,8654,13942,3906,1157,1153,674,479,5654,8288,1486,2420,2.648613070,1.983302521,244.935193338,1124.400724131,51.035404205,3,1.000000000,nan,nan,0.000000000,15.570274030,11.942875048,0.163884077,0.168411992,12.564107019,0,0.100000000
128.301088810,19776,6277,0,11189,8587,13942,3906,1189,1187,651,536,5654,8288,1486,2420,2.648613070,1.983302521,250.873361035,1174.519723421,nan,nan,nan,nan,nan,0.000000000,11.333261966,9.866596025,0.152988010,0.172072963,10.409637995,0,0.100000000
128.400906324,20256,6464,0,11804,8452,13942,3906,1183,1184,655,529,5654,8288,1486,2420,2.648613070,1.983302521,243.542379134,1172.555609822,nan,nan,nan,nan,nan,0.000000000,11.806360970,10.303522984,0.149106898,0.188394042,10.846247955,0,0.100000000
128.500667572,20064,6618,0,11470,8594,13442,3769,1128,1140,644,496,5401,8041,1378,2391,2.556990598,1.985074267,261.939797619,1056.634603498,79.653978348,6,1.000000000,nan,nan,0.000000000,20.822885039,17.552464094,0.201028946,0.181181007,18.274135015,0,0.100000000
128.600768089,19968,6834,0,11728,8240,13442,3769,1168,1165,655,510,5401,8041,1378,2391,2.556990598,1.985074267,272.822725714,1169.919674802,nan,nan,nan,nan,nan,0.000000000,11.687245977,10.261662013,0.139209966,0.176460017,10.767622967,0,0.100000000
128.700716257,19968,6952,0,11650,8318,13012,3704,1095,1084,613,471,5383,7629,1365,2339,2.513181808,1.997381739,244.233521451,1113.568280849,39.892911911,8,1.000000000,nan,nan,0.000000000,23.500405019,19.772794098,0.235461979,0.179526047,20.551867026,0,0.100000000
128.800640106,19584,7119,0,11863,7721,13012,3704,1087,1091,604,487,5383,7629,1365,2339,2.513181808,1.997381739,230.602235820,1161.008226599,nan,nan,nan,nan,nan,0.000000000,12.912788021,11.420959956,0.150305044,0.233781990,11.989692051,0,0.100000000
128.900758982,20448,7264,0,11899,8549,13180,3648,1103,1110,602,508,5464,7716,1349,2299,2.504430272,2.096914041,239.162535683,1223.405870001,nan,1,nan,nan,nan,0.000000000,17.935851996,14.866281068,0.210735947,0.173726992,15.607226989,0,0.100000000
129.000636339,19968,7369,0,12102,7866,12595,3481,1105,1094,553,541,5591,7004,1306,2175,2.440347997,2.064191060,247.881210488,1159.619896453,nan,1,nan,nan,nan,0.000000000,22.988504032,16.705678019,0.168957922,0.158574025,17.310654046,0,0.100000000
129.100636721,20064,7518,0,12129,7935,12595,3481,1080,1076,544,532,5591,7004,1306,2175,2.440347997,2.064191060,240.473575707,1079.160150482,nan,nan,nan,nan,nan,0.000000000,11.703372991,10.075977072,0.189650047,0.261720037,10.725009022,0,0.100000000
129.200755358,19968,7611,0,12225,7743,12595,3481,1060,1059,538,521,5591,7004,1306,2175,2.440347997,2.064191060,233.253507257,1121.980467490,nan,nan,nan,nan,nan,0.000000000,12.174130999,10.477894975,0.129544991,0.138403033,10.939609958,0,0.100000000
129.300692320,20064,7758,0,12140,7924,12595,3481,1084,1085,554,531,5591,7004,1306,2175,2.440347997,2.064191060,252.470482289,1157.334858601,nan,nan,nan,nan,nan,0.000000000,10.173043993,8.890057914,0.115920964,0.208136975,9.297014971,0,0.100000000
129.400684595,19584,7620,0,11976,7608,12595,3481,1058,1060,538,522,5591,7004,1306,2175,2.440347997,2.064191060,239.007743237,1157.110561223,nan,nan,nan,nan,nan,0.000000000,16.852144967,15.046366025,0.158579962,0.163904973,15.617662983,0,0.100000000
129.499927282,20352,8186,0,12445,7907,12162,3253,986,1024,531,493,5449,6713,1247,2006,2.376137631,2.280353735,220.381554384,994.627155082,19.880533218,2,1.000000000,nan,nan,0.000000000,13.414330024,10.474243027,0.115823001,0.145048019,10.896120046,0,0.100000000
129.601882935,19968,7919,0,12273,7695,12162,3253,947,942,527,415,5449,6713,1247,2006,2.376137631,2.280353735,182.079973666,840.128995219,nan,nan,nan,nan,nan,0.000000000,9.150105005,7.965124038,0.115474919,0.134241011,8.401631028,0,0.100000000
129.702677965,20064,8077,0,12345,7719,11983,3258,1111,1109,570,539,5505,6478,1252,2006,2.341855232,2.339173974,254.733153864,908.681406798,7.792234421,2,0.000000000,nan,nan,0.000000000,9.995631990,8.158792043,0.122568046,0.182465999,8.623525966,0,0.100000000
129.800746441,19968,8151,0,12386,7582,11813,3172,878,895,474,421,5489,6324,1211,1961,2.302871939,2.426093777,181.401329690,709.930833000,nan,1,nan,nan,nan,0.000000000,18.082808005,13.295175915,0.125915976,0.146697974,13.785093033,0,0.100000000
129.900850296,20064,8236,0,12563,7501,11824,3098,1075,1057,551,506,5598,6226,1189,1909,2.265251490,2.470613852,239.029485008,833.220588340,153.894662857,2,1.000000000,nan,nan,0.000000000,20.035492023,13.320144964,0.258243992,0.248456956,14.168973954,0,0.100000000
130.000657082,19968,8212,0,12456,7512,11752,3024,1027,996,528,468,5489,6263,1127,1897,2.234153533,2.479387271,211.440680976,765.557678654,26.802778244,5,1.000000000,nan,nan,0.000000000,15.382297977,11.360069970,0.168773113,0.179500028,11.971624976,0,0.100000000
130.100733042,19968,8209,0,12516,7452,11755,3071,1020,1022,522,500,5606,6149,1153,1918,2.177951678,2.496763185,234.722420512,753.991268767,17.283916473,18,1.000000000,nan,nan,0.000000000,14.439229970,8.503107005,0.125282037,0.163397985,8.955878962,0,0.100000000
130.200661182,19584,8152,0,12096,7488,11428,3027,1055,1056,499,557,5206,6222,1130,1897,2.219984921,2.529921893,217.374581511,887.256853098,nan,1,nan,nan,nan,0.000000000,15.882885957,12.991082971,0.211016973,0.359467987,13.753109961,0,0.100000000
130.298463106,20448,8556,0,13044,7404,11888,2972,991,998,509,489,5797,6091,1124,1848,2.088715942,2.560317671,216.487111166,812.083577306,74.061155319,2,1.000000000,nan,nan,0.000000000,18.936108972,14.100684028,0.213545980,0.201333023,14.844538993,0,0.100000000
130.400613070,19872,8385,0,12479,7393,11888,2972,1060,1067,494,573,5797,6091,1124,1848,2.088715942,2.560317671,242.921477441,931.798245717,nan,nan,nan,nan,nan,0.000000000,11.037610995,9.382580058,0.175893947,0.131356006,10.033703002,0,0.100000000
130.500597239,20064,8452,0,12655,7409,11888,2972,1085,1086,514,572,5797,6091,1124,1848,2.088715942,2.560317671,250.001004427,933.951305916,nan,nan,nan,nan,nan,0.000000000,12.094107980,10.620549961,0.181113894,0.175844005,11.248251016,0,0.100000000
130.600668192,20064,8540,0,12554,7510,11888,2972,1067,1066,493,573,5797,6091,1124,1848,2.088715942,2.560317671,241.337932319,931.864775308,nan,nan,nan,nan,nan,0.000000000,13.529703952,11.762447946,0.167622988,0.263532973,12.377768988,0,0.100000000
130.700632811,19776,8372,0,12578,7198,11888,2972,1085,1082,513,569,5797,6091,1124,1848,2.088715942,2.560317671,247.929951285,928.527778669,nan,nan,nan,nan,nan,0.000000000,12.109354022,10.040478024,0.113424030,0.122067984,10.482393031,0,0.100000000
130.800801277,19680,8443,0,12374,7306,11233,2892,1018,1049,455,594,5290,5943,1032,1860,1.984560394,2.657906929,255.342112364,918.722545285,15.910387039,3,1.000000000,nan,nan,0.000000000,11.129368038,9.189489007,0.140084070,0.156624999,9.708801983,0,0.100000000
130.900182724,20160,8634,0,12726,7434,11233,2892,992,983,492,491,5290,5943,1032,1860,1.984560394,2.657906929,201.193473698,752.460172085,nan,nan,nan,nan,nan,0.000000000,8.342887973,7.213322038,0.113557035,0.145487022,7.621158031,0,0.100000000
131.002418041,20160,8716,0,12727,7433,11233,2892,951,942,393,549,5290,5943,1032,1860,1.984560394,2.657906929,188.337022703,808.876112436,nan,nan,nan,nan,nan,0.000000000,8.481385012,7.382683980,0.109477958,0.117122021,7.801080006,0,0.100000000
131.099940538,20160,8809,0,12804,7356,11347,2907,1012,980,427,553,5436,5911,1015,1892,1.876093550,2.703986973,265.045357621,885.147170941,12.391805649,2,0.000000000,nan,nan,0.000000000,12.351351033,9.047900036,0.117552991,0.126735016,9.477160987,0,0.100000000
131.200662374,20064,8723,0,12715,7349,11347,2907,925,926,421,505,5436,5911,1015,1892,1.876093550,2.703986973,224.599122504,731.133348678,nan,nan,nan,nan,nan,0.000000000,14.027665020,12.564921926,0.203281059,0.183428987,13.262764027,0,0.100000000
131.300808907,19968,8768,0,12675,7293,11196,2836,939,943,393,550,5347,5849,1000,1836,1.829133678,2.721165890,255.399176445,909.989887858,9.896039963,3,0.000000000,nan,nan,0.000000000,18.238911987,15.913715004,0.284182956,0.199829985,16.982534027,0,0.100000000
131.401166201,19584,8541,0,12312,7272,11039,2750,982,985,424,561,5254,5785,989,1761,1.814872722,2.734857359,246.314362488,883.304536173,39.597988129,4,1.000000000,nan,nan,0.000000000,12.892903003,9.762697970,0.159488001,0.261198031,10.347611038,0,0.100000000
131.501405478,20448,9180,0,13222,7226,11039,2750,1001,998,423,575,5254,5785,989,1761,1.814872722,2.734857359,231.294541132,825.615771459,nan,nan,nan,nan,nan,0.000000000,10.633532016,9.089224972,0.170451938,0.123232021,9.748584009,0,0.100000000
131.600623846,19968,8935,0,12756,7212,11029,2769,963,933,391,542,5272,5757,951,1818,1.755040992,2.745115123,241.196777832,743.900833635,35.606861115,3,1.000000000,nan,nan,0.000000000,22.535725962,18.453975033,0.234657899,0.231993967,19.350781979,0,0.100000000
131.701977968,19968,8902,0,12784,7184,11062,2732,950,963,375,588,5318,5744,919,1813,1.719308436,2.752946767,237.549713234,765.182204696,65.858840942,6,1.000000000,nan,nan,0.000000000,17.920711020,14.926221920,0.288077979,0.157447997,15.940674988,0,0.100000000
131.800730228,20064,9031,0,12829,7235,11062,2732,968,963,391,572,5318,5744,919,1813,1.719308436,2.752946767,238.128821571,769.728792256,nan,nan,nan,nan,nan,0.000000000,10.337319982,8.867355995,0.140209915,0.198482012,9.394210996,0,0.100000000
131.900819302,19968,8963,0,12851,7117,11062,2732,985,986,339,647,5318,5744,919,1813,1.719308436,2.752946767,245.242940570,827.123683576,nan,nan,nan,nan,nan,0.000000000,11.320491962,9.702919924,0.138083997,0.112635957,10.207253974,0,0.100000000
132.000570059,20064,9120,0,12959,7105,10940,2698,919,921,367,554,5272,5668,876,1822,1.644767162,2.762002035,258.349480386,763.341105763,9.557008743,2,0.000000000,nan,nan,0.000000000,10.326170013,8.222533041,0.136583054,0.133185997,8.742234961,0,0.100000000
132.100745678,19776,8827,0,12763,7013,10945,2700,898,898,316,582,5382,5563,859,1841,1.595903464,2.783707393,218.359340548,791.637293088,5.547523499,2,0.000000000,nan,nan,0.000000000,19.337398990,16.142575012,0.247162941,0.176845002,17.056059965,0,0.100000000
132.201848984,19392,8686,0,12643,6749,10945,2700,901,902,323,579,5382,5563,859,1841,1.595903464,2.783707393,215.041154322,803.604951482,nan,nan,nan,nan,nan,0.000000000,11.391238018,9.799532068,0.145343016,0.188460050,10.317709995,0,0.100000000
132.300086498,20736,9387,0,13410,7326,11345,2663,938,899,336,563,5591,5754,837,1826,1.496046450,2.774358975,190.250526099,786.331020553,9.779930115,2,0.000000000,nan,nan,0.000000000,10.893516999,8.463347971,0.126946077,0.124235987,8.918196021,0,0.100000000
132.400569201,20064,9211,0,13009,7055,11345,2663,882,886,319,567,5591,5754,837,1826,1.496046450,2.774358975,186.239478663,789.302691017,nan,nan,nan,nan,nan,0.000000000,11.445518991,9.706474026,0.192727079,0.346493034,10.485825012,0,0.100000000
132.500598669,19968,9095,0,12958,7010,11345,2663,891,887,319,568,5591,5754,837,1826,1.496046450,2.774358975,194.784504854,789.392323122,nan,nan,nan,nan,nan,0.000000000,12.062028050,10.103712964,0.095507014,0.118107011,10.478476004,0,0.100000000
132.600607634,19584,8915,0,12595,6989,11345,2663,888,891,323,568,5591,5754,837,1826,1.496046450,2.774358975,191.652701566,783.296650007,nan,nan,nan,nan,nan,0.000000000,10.235456983,8.859172987,0.140324002,0.156317023,9.402478987,0,0.100000000
132.700180769,20448,9507,0,13234,7214,11345,2663,892,889,321,568,5591,5754,837,1826,1.496046450,2.774358975,195.278091929,791.337517538,nan,nan,nan,nan,nan,0.000000000,12.259998010,10.701768100,0.145686034,0.214604021,11.224910035,0,0.100000000
132.800710440,19968,9492,0,12890,7078,10472,2505,820,883,246,637,4904,5568,716,1789,1.388965976,2.793318465,245.974451015,815.826596909,20.177841187,4,1.000000000,nan,nan,0.000000000,7.735454012,5.980241986,0.097126875,0.175753958,6.340354041,0,0.100000000
132.900737762,19968,9472,0,12911,7057,10492,2523,900,856,290,566,4937,5555,731,1792,1.372233210,2.799948741,211.960877390,643.991066529,nan,1,nan,nan,nan,0.000000000,9.339127981,7.337006915,0.115710020,0.145290978,7.769626973,0,0.100000000
133.000584841,19968,9733,0,12930,7038,10231,2454,805,781,237,544,4708,5523,658,1796,1.351770322,2.795195504,158.596735233,663.286863805,15.526533127,5,1.000000000,nan,nan,0.000000000,7.744995004,6.084182998,0.085262000,0.114471011,6.429831032,0,0.100000000
133.100775480,19968,9750,0,12993,6975,10231,2454,808,805,243,562,4708,5523,658,1796,1.351770322,2.795195504,170.230214221,674.673829235,nan,nan,nan,nan,nan,0.000000000,7.339892036,6.261292961,0.095355033,0.116622017,6.650665018,0,0.100000000
133.202394009,19968,9861,0,13001,6967,10103,2487,774,784,237,547,4665,5438,666,1821,1.312878871,2.802858422,164.396629365,664.022334334,6.191492081,2,0.000000000,nan,nan,0.000000000,7.288026041,5.909296975,0.084833999,0.088759989,6.244193006,0,0.100000000
133.300713778,20064,10068,0,13133,6931,9992,2432,738,765,205,560,4569,5423,629,1803,1.290158931,2.793737593,163.194129503,600.323947737,19.996643066,3,1.000000000,nan,nan,0.000000000,8.971370000,7.497238985,0.101567945,0.098217977,7.892781985,0,0.100000000
133.400655985,19968,10086,0,13058,6910,9878,2494,855,859,244,615,4494,5384,661,1833,1.272087056,2.818726186,190.686804875,657.227267452,24.281740189,3,1.000000000,nan,nan,0.000000000,11.802599998,8.908984950,0.090980029,0.110260036,9.264485037,0,0.100000000
133.502095461,19968,10168,0,13041,6927,9878,2494,713,709,180,529,4494,5384,661,1833,1.272087056,2.818726186,152.565831752,595.768607997,nan,nan,nan,nan,nan,0.000000000,8.643217036,7.560161990,0.102705031,0.140796008,7.969177037,0,0.100000000
133.600699902,20064,10210,0,12995,7069,9850,2479,874,818,204,614,4299,5551,618,1861,1.217294528,2.834034661,189.817107239,694.977647065,5.665540695,3,0.000000000,nan,nan,0.000000000,12.977202015,10.892879101,0.190887076,0.188099046,11.619733006,0,0.100000000
133.700607061,20064,10228,0,12939,7125,9832,2396,843,810,159,651,4181,5651,587,1809,1.203336628,2.838293985,181.229993161,699.340457408,14.210700989,4,0.000000000,nan,nan,0.000000000,15.315646015,11.434493004,0.144542078,0.147009967,11.993789987,0,0.100000000
133.800816536,19968,10342,0,13003,6965,9832,2396,832,827,179,648,4181,5651,587,1809,1.203336628,2.838293985,179.863871306,697.021847992,nan,nan,nan,nan,nan,0.000000000,7.335470989,6.233204040,0.089783978,0.107611006,6.579644047,0,0.100000000
133.900560379,20064,10503,0,13053,7011,9832,2396,696,696,152,544,4181,5651,587,1809,1.203336628,2.838293985,151.784057624,583.925048332,nan,nan,nan,nan,nan,0.000000000,6.825362972,5.736143095,0.075697957,0.089298002,6.049911957,0,0.100000000
134.000680447,19968,10737,0,13096,6872,9227,2374,752,759,171,588,3828,5399,552,1822,1.171432240,2.840204713,174.459471156,587.708697244,nan,1,nan,nan,nan,0.000000000,11.121831951,8.059074054,0.084995991,0.097496959,8.387284994,0,0.100000000
134.100576162,19968,10777,0,12997,6971,9227,2374,791,791,151,640,3828,5399,552,1822,1.171432240,2.840204713,175.225158544,682.679927045,nan,nan,nan,nan,nan,0.000000000,7.470401004,6.522682088,0.087470980,0.087454973,6.889773998,0,0.100000000
134.200683117,20064,11219,0,13165,6899,8841,2356,774,808,155,653,3424,5417,509,1847,1.174900906,2.852090397,189.791829299,665.054116932,5.828142166,4,0.000000000,nan,nan,0.000000000,7.770053053,6.223514967,0.091068039,0.129071996,6.581799011,0,0.100000000
134.300656080,19968,11431,0,12984,6984,8533,2263,699,735,121,614,2980,5553,426,1837,1.201260156,2.841048606,159.304425118,570.050408637,5.920171738,3,0.000000000,nan,nan,0.000000000,13.373702008,9.763446928,0.117319927,0.112087990,10.231685999,0,0.100000000
134.400578260,20064,11830,0,13047,7017,8230,2262,750,771,108,663,2758,5472,415,1847,1.217021356,2.866963840,155.998667913,660.895039953,5.765914917,3,0.000000000,nan,nan,0.000000000,11.304811982,8.765949053,0.138299074,0.145811005,9.268138034,0,0.100000000
134.500649214,19968,11883,0,12894,7074,8081,2251,677,693,114,579,2444,5637,416,1835,1.272314504,2.858287851,128.180107345,593.228176526,15.637159348,4,1.000000000,nan,nan,0.000000000,12.495825998,9.351250075,0.113913964,0.146068982,9.814032994,0,0.100000000
134.600647449,19968,12131,0,12946,7022,7833,2244,831,821,129,692,2277,5556,410,1834,1.324278669,2.873327159,153.104145589,758.967013120,10.408163071,2,0.000000000,nan,nan,0.000000000,20.972595958,16.456497950,0.230392965,0.125530991,17.282988003,0,0.100000000
134.700580120,20064,12362,0,12912,7152,7833,2244,729,726,130,596,2277,5556,410,1834,1.324278669,2.873327159,138.169707480,644.664003979,nan,nan,nan,nan,nan,0.000000000,6.319821987,5.377766036,0.078416953,0.078365963,5.691906030,0,0.100000000
134.800694704,19968,12557,0,12946,7022,7833,2244,791,792,129,663,2277,5556,410,1834,1.324278669,2.873327159,150.993809323,730.183504543,nan,nan,nan,nan,nan,0.000000000,6.460518984,5.544912012,0.093558978,0.113092014,5.916038994,0,0.100000000
134.902301550,19968,12789,0,12974,6994,7175,2134,698,692,92,600,1615,5560,303,1831,1.439118114,2.886324469,138.711851415,584.697486747,89.964866638,2,1.000000000,nan,nan,0.000000000,10.116346995,8.402960957,0.075899996,0.085830048,8.709895017,0,0.100000000
135.000557184,19968,12920,0,13014,6954,7044,2096,795,793,104,689,1523,5521,293,1803,1.379903623,2.897786446,166.271653860,682.679703555,nan,1,nan,nan,nan,0.000000000,13.810924022,10.440964950,0.148552004,0.109202985,11.011417024,0,0.100000000
135.101506472,20064,13181,0,13151,6913,7044,2096,705,706,104,602,1523,5521,293,1803,1.379903623,2.897786446,138.736595210,535.995222098,nan,nan,nan,nan,nan,0.000000000,6.594037986,5.559424055,0.097598997,0.126953993,5.923358025,0,0.100000000
135.201052189,19968,13250,0,13027,6941,6714,2119,834,808,79,729,1225,5489,238,1881,1.520492399,2.901263386,165.298969743,755.037791315,4.289865494,2,0.000000000,nan,nan,0.000000000,10.899510002,8.315917104,0.128604996,0.139809039,8.822872012,0,0.100000000
135.300673723,19968,13326,0,13081,6887,6714,2119,716,715,76,639,1225,5489,238,1881,1.520492399,2.901263386,134.276399043,603.195679221,nan,nan,nan,nan,nan,0.000000000,8.652907040,7.399610942,0.133873953,0.182660006,7.925811980,0,0.100000000
135.400496721,20064,13386,0,13050,7014,6714,2119,762,757,76,681,1225,5489,238,1881,1.520492399,2.901263386,137.453792846,613.970409116,nan,nan,nan,nan,nan,0.000000000,13.966442028,12.164460029,0.217637978,0.154262001,13.036381977,0,0.100000000
135.500599146,19968,13245,0,13036,6932,6719,2086,713,712,68,644,1206,5513,217,1869,1.636657578,2.894172534,133.764218988,584.737866278,6.102561951,3,0.000000000,nan,nan,0.000000000,9.932455025,7.706542965,0.082610059,0.100795995,8.062712033,0,0.100000000
135.600493193,20064,13257,0,12962,7102,6719,2086,792,794,94,700,1206,5513,217,1869,1.636657578,2.894172534,148.666048049,725.141735423,nan,nan,nan,nan,nan,0.000000000,7.919149997,6.804903038,0.127845095,0.115948962,7.362970966,0,0.100000000
135.701748133,19968,13209,0,12999,6969,6755,2123,733,718,69,649,1229,5526,217,1906,1.621288987,2.892831782,129.221268202,603.267014637,nan,1,nan,nan,nan,0.000000000,10.777858959,8.499287011,0.079958001,0.094932038,8.826218022,0,0.100000000
135.800647020,20064,13420,0,13085,6979,6755,2123,792,797,86,711,1229,5526,217,1906,1.621288987,2.892831782,148.618613536,660.518318853,nan,nan,nan,nan,nan,0.000000000,8.794984024,7.710873964,0.124714978,0.099553028,8.244913013,0,0.100000000
135.900745153,19872,13129,0,12920,6952,6739,2121,739,722,73,649,1254,5485,230,1891,1.566134195,2.898220351,132.829874138,607.792517817,39.939641953,10,1.000000000,nan,nan,0.000000000,10.354953993,8.178458957,0.117096002,0.158916053,8.651598997,0,0.100000000
136.002288818,20064,13345,0,12986,7078,6715,2086,798,791,81,710,1183,5532,236,1850,1.555872109,2.890356383,143.838957102,796.201214791,50.118207932,3,1.000000000,nan,nan,0.000000000,18.058416958,14.542920049,0.235220941,0.191096973,15.450824983,0,0.100000000
136.100596905,19968,12987,0,12861,7107,6977,2166,790,785,98,687,1345,5632,257,1909,1.492378633,2.893589718,149.814064549,705.729878971,50.502538681,2,1.000000000,nan,nan,0.000000000,17.968328961,15.085859050,0.189612038,0.108756009,15.815576015,0,0.100000000
136.200576544,19968,13141,0,12855,7113,6823,2102,785,777,98,679,1277,5546,261,1841,1.521117014,2.889298703,146.359452793,710.967869355,59.965610504,4,1.000000000,nan,nan,0.000000000,9.441680973,7.939591014,0.134816975,0.081524020,8.451418020,0,0.100000000
136.300608873,20064,12992,0,12970,7094,6823,2102,799,804,98,706,1277,5546,261,1841,1.521117014,2.889298703,148.659971939,713.734661041,nan,nan,nan,nan,nan,0.000000000,9.768225020,8.616037958,0.186427031,0.087496999,9.321158053,0,0.100000000
136.400760889,19968,13036,0,12939,7029,6823,2102,791,786,96,690,1277,5546,261,1841,1.521117014,2.889298703,139.937588060,624.267120393,nan,nan,nan,nan,nan,0.000000000,7.439465029,6.532892003,0.115977949,0.083575025,6.988184992,0,0.100000000
136.500776291,20064,12912,0,13032,7032,7148,2172,778,763,100,663,1613,5535,313,1859,1.361489600,2.899184825,148.385372991,650.050957419,105.988264084,2,1.000000000,nan,nan,0.000000000,8.342331043,6.645404967,0.096711970,0.084688014,7.020402001,0,0.100000000
136.600676775,19968,12684,0,12899,7069,7148,2172,809,814,99,715,1613,5535,313,1859,1.361489600,2.899184825,155.848557224,688.823172750,nan,nan,nan,nan,nan,0.000000000,11.291443021,9.866465058,0.197169022,0.195525005,10.584219999,0,0.100000000
136.700649977,19968,12505,0,12884,7084,7459,2169,719,744,90,654,1836,5623,305,1864,1.324214293,2.887463991,142.039447590,615.177959989,nan,1,nan,nan,nan,0.000000000,9.578489000,8.072361990,0.173131935,0.086594955,8.733680006,0,0.100000000
136.800663471,19968,12287,0,12897,7071,7459,2169,781,782,84,698,1836,5623,305,1864,1.324214293,2.887463991,158.967839712,645.445729223,nan,nan,nan,nan,nan,0.000000000,9.868892026,8.684146043,0.142321049,0.145518046,9.255475015,0,0.100000000
136.900504827,20064,12225,0,12990,7074,7459,2169,724,727,84,643,1836,5623,305,1864,1.324214293,2.887463991,135.487564155,572.808534513,nan,nan,nan,nan,nan,0.000000000,9.395295056,8.195294999,0.127939915,0.102162012,8.678673999,0,0.100000000
137.000512123,19968,11829,0,12924,7044,8135,2284,685,730,112,618,2514,5621,406,1878,1.303396644,2.870328295,161.321944520,708.335894456,nan,1,nan,nan,nan,0.000000000,11.496794003,8.110227005,0.080762024,0.104500970,8.428158006,0,0.100000000
137.100610733,20064,11612,0,13095,6969,8135,2284,701,707,114,593,2514,5621,406,1878,1.303396644,2.870328295,122.830083460,559.711461451,nan,nan,nan,nan,nan,0.000000000,7.088529994,6.193845940,0.077362929,0.086014043,6.516861031,0,0.100000000
137.200782776,19968,11001,0,12929,7039,8963,2322,646,668,92,576,3331,5632,460,1862,1.192712454,2.860269166,154.294553664,615.323026200,37.413835526,4,1.000000000,nan,nan,0.000000000,13.273932971,10.205062048,0.082163024,0.125704042,10.525760998,0,0.100000000
137.300580025,19776,10633,0,12803,6973,8963,2322,755,759,111,648,3331,5632,460,1862,1.192712454,2.860269166,157.849613807,637.601556859,nan,nan,nan,nan,nan,0.000000000,6.614592974,5.679114023,0.092371949,0.099628989,6.019018008,0,0.100000000
137.402107954,20256,10614,0,13229,7027,9638,2351,839,855,152,703,3999,5639,525,1826,1.189437284,2.845862998,202.837080860,796.228032525,54.590702057,6,1.000000000,nan,nan,0.000000000,19.749591011,16.352784005,0.234951091,0.156742986,17.241385998,0,0.100000000
137.500750065,19968,10260,0,12978,6990,9704,2319,813,815,174,641,4158,5546,540,1779,1.209371119,2.839432799,189.066948234,740.857222914,5.682229996,2,0.000000000,nan,nan,0.000000000,10.883348994,8.705688000,0.087910972,0.100321020,9.045317012,0,0.100000000
137.600596428,19968,10028,0,12903,7065,9704,2319,828,834,176,658,4158,5546,540,1779,1.209371119,2.839432799,192.389750529,726.777435786,nan,nan,nan,nan,nan,0.000000000,9.022863000,7.828568050,0.148482970,0.096940028,8.351621975,0,0.100000000
137.700501204,19968,9965,0,12947,7021,9999,2422,763,791,132,659,4445,5554,608,1814,1.249592355,2.826699789,190.594152942,735.133360176,59.778451920,2,1.000000000,nan,nan,0.000000000,10.854005988,8.690236893,0.092856062,0.093278999,9.044226026,0,0.100000000
137.800606489,19968,9947,0,12901,7067,10017,2426,769,807,151,656,4420,5597,619,1807,1.283676160,2.814197981,193.917843863,691.549146431,25.056600571,6,1.000000000,nan,nan,0.000000000,7.507344009,6.112145085,0.087055960,0.108305016,6.453905953,0,0.100000000
137.900553465,19968,9932,0,12924,7044,10032,2396,789,781,143,638,4486,5546,617,1779,1.297211995,2.809428207,188.571784199,744.294777465,6.888866425,2,0.000000000,nan,nan,0.000000000,11.746953009,9.660209005,0.085749081,0.105415005,10.000182025,0,0.100000000
138.001065016,19584,9911,0,12920,6664,9669,2364,797,803,166,637,4513,5156,626,1738,1.329731557,2.774505707,190.216273222,732.233114575,5.588769913,4,0.000000000,nan,nan,0.000000000,13.805955998,11.939555989,0.156707945,0.104132982,12.533874018,0,0.100000000
138.098349810,20064,9770,0,12914,7150,10290,2506,748,789,177,612,4663,5627,682,1824,1.335557134,2.801141232,189.809557516,727.848719974,6.821155548,31,0.000000000,nan,nan,0.000000000,7.706656004,6.090616924,0.086216023,0.097422046,6.445128005,0,0.100000000
138.198957920,20352,9691,0,13121,7231,10657,2521,834,833,216,617,4968,5689,731,1790,1.372166738,2.802631613,199.873455478,761.746983779,6.494760513,4,0.000000000,nan,nan,0.000000000,11.500067019,8.282439958,0.092185976,0.113465998,8.634329948,0,0.100000000
138.300491571,20064,9620,0,13114,6950,10440,2545,843,835,221,614,5023,5417,755,1790,1.388952509,2.772693446,193.409159391,733.471935975,nan,1,nan,nan,nan,0.000000000,18.900287978,15.459278948,0.243616989,0.149900967,16.371530015,0,0.100000000
138.400595903,20064,9587,0,13166,6898,10473,2523,901,886,254,632,5170,5303,767,1756,1.411506797,2.773154289,207.890922121,772.060717866,nan,1,nan,nan,nan,0.000000000,11.836966034,9.162566974,0.149549043,0.114026014,9.721654002,0,0.100000000
138.501466036,19872,9412,0,12948,6924,10456,2597,900,887,264,623,5072,5384,807,1790,1.445112251,2.775171266,209.942509371,768.689869167,5.681753159,2,0.000000000,nan,nan,0.000000000,14.869812992,12.505220133,0.208681973,0.145673053,13.295298035,0,0.100000000
138.604434013,20064,9372,0,12995,7069,10688,2616,997,948,306,642,5201,5487,864,1752,1.448248974,2.779459689,218.986101398,805.575159919,79.738140106,5,1.000000000,nan,nan,0.000000000,11.086434999,8.928143943,0.142812962,0.135880022,9.428403981,0,0.100000000
138.700498104,20064,9389,0,12942,7122,10671,2649,898,913,325,588,5088,5583,889,1760,1.516290026,2.774986341,234.291139224,856.878480861,5.735874176,2,0.000000000,nan,nan,0.000000000,12.820634001,10.806218022,0.167456979,0.156586990,11.437336041,0,0.100000000
138.800592899,20064,9279,0,12995,7069,10781,2677,862,892,321,571,5267,5514,900,1777,1.525069811,2.758240498,245.258769372,785.589489874,nan,1,nan,nan,nan,0.000000000,11.337867007,8.707078989,0.111479952,0.110574008,9.132548003,0,0.100000000
138.900642395,19392,9375,0,12926,6466,10781,2677,983,982,379,603,5267,5514,900,1777,1.525069811,2.758240498,243.270194613,796.644500034,nan,nan,nan,nan,nan,0.000000000,7.733224018,6.638704042,0.106988999,0.120659010,7.042346988,0,0.100000000
139.000872135,20352,9180,0,12954,7398,11168,2645,790,848,313,535,5282,5886,868,1777,1.606120790,2.775548528,244.368667320,800.333980595,nan,1,nan,nan,nan,0.000000000,16.009565967,13.203613926,0.165314006,0.139078009,13.843479042,0,0.100000000
139.100611687,19968,9305,0,12982,6986,11168,2645,953,946,338,608,5282,5886,868,1777,1.606120790,2.775548528,261.212681085,831.672865959,nan,nan,nan,nan,nan,0.000000000,8.542644966,7.366498990,0.125808932,0.111724017,7.840839971,0,0.100000000
139.200406075,19872,9084,0,12866,7006,11168,2645,881,881,306,575,5282,5886,868,1777,1.606120790,2.775548528,242.341059694,837.427735143,nan,nan,nan,nan,nan,0.000000000,7.516231970,6.477616087,0.095909054,0.104954990,6.842712988,0,0.100000000
139.301368475,20352,9316,0,13303,7049,11032,2651,849,867,361,506,5451,5581,898,1753,1.755749641,2.699972361,252.997553797,799.818101161,7.090091705,3,0.000000000,nan,nan,0.000000000,19.051263982,15.765871038,0.196598994,0.238228007,16.522568010,0,0.100000000
139.402564049,19968,9070,0,12853,7115,11032,2651,822,827,343,484,5451,5581,898,1753,1.755749641,2.699972361,211.107938835,728.455714342,nan,nan,nan,nan,nan,0.000000000,7.857893012,6.639966974,0.088625937,0.241995964,6.995287957,0,0.100000000
139.500455618,19776,9000,0,12709,7067,10772,2705,906,903,369,534,5116,5656,960,1745,1.817555123,2.714027394,253.204824296,905.271785023,nan,1,nan,nan,nan,0.000000000,14.956917032,11.114357971,0.137935916,0.172881002,11.641332996,0,0.100000000
139.598903418,20256,9063,0,12825,7431,10772,2705,877,884,371,513,5116,5656,960,1745,1.817555123,2.714027394,227.761142063,790.921140023,nan,nan,nan,nan,nan,0.000000000,7.985552016,6.759721029,0.103753991,0.137404015,7.137720997,0,0.100000000
139.700546980,19392,8593,0,12439,6953,10795,2719,862,888,390,498,5203,5592,991,1728,1.905137532,2.716699665,248.315643762,784.026120016,5.534887314,6,0.000000000,nan,nan,0.000000000,8.288846991,6.746385014,0.094480929,0.128621992,7.101859024,0,0.100000000
139.797139168,20640,9286,0,12995,7645,11350,2877,877,877,431,446,5284,6066,1022,1855,1.949290868,2.631949576,225.417378947,703.684378373,6.448030472,8,0.000000000,nan,nan,0.000000000,14.970656019,11.774450017,0.141300028,0.189755985,12.278801994,0,0.100000000
139.900647879,19968,8798,0,12701,7267,11166,2881,1030,1005,486,519,5291,5875,1058,1823,1.976848053,2.666380639,243.299195329,866.865577499,nan,1,nan,nan,nan,0.000000000,16.934322019,13.425345940,0.194584019,0.145526021,14.127800008,0,0.100000000
140.000509024,19968,8714,0,12644,7324,11250,2874,903,903,450,453,5294,5956,1032,1842,2.022062187,2.638187961,237.176916757,770.736906486,34.298896790,13,1.000000000,nan,nan,0.000000000,15.725005011,13.205612020,0.215975975,0.203364005,14.013879991,0,0.100000000
140.100450039,19968,8502,0,12618,7350,11250,2874,1022,1024,414,610,5294,5956,1032,1842,2.022062187,2.638187961,254.971831215,961.254685271,nan,nan,nan,nan,nan,0.000000000,9.846611996,8.255634923,0.147612998,0.184635981,8.877827961,0,0.100000000
140.200445652,20064,8608,0,12674,7390,11452,2987,906,928,451,477,5399,6053,1096,1891,2.086620699,2.558785052,230.763677386,882.699861463,nan,1,nan,nan,nan,0.000000000,13.492126018,11.495691957,0.182183925,0.192324049,12.134315970,0,0.100000000
140.300590277,20064,8528,0,12666,7398,11532,3022,1067,1050,517,533,5499,6033,1135,1887,2.133024804,2.548741473,239.927144117,729.468364013,7.032871246,2,0.000000000,nan,nan,0.000000000,12.091821001,9.494164959,0.137880968,0.235215004,10.004273034,0,0.100000000
140.401209354,19968,8499,0,12458,7510,11532,3022,892,890,394,496,5499,6033,1135,1887,2.133024804,2.548741473,211.484908114,678.050059429,nan,nan,nan,nan,nan,0.000000000,13.072738016,11.556479032,0.163834018,0.169924053,12.163556006,0,0.100000000
140.500601530,19968,8268,0,12497,7471,11532,3022,893,901,394,507,5499,6033,1135,1887,2.133024804,2.548741473,200.664477118,648.701604834,nan,nan,nan,nan,nan,0.000000000,9.177160042,7.752962003,0.096442993,0.121738994,8.128162997,0,0.100000000
140.600529909,19968,8173,0,12351,7617,11791,3072,620,879,417,462,5442,6349,1174,1898,2.282075831,2.338908537,162.197679486,794.678616083,85.042953491,7,1.000000000,nan,nan,0.000000000,19.737247028,14.198943099,0.107305008,0.207982026,14.642563998,0,0.100000000
140.700484037,20064,8061,0,12367,7697,11999,3076,910,939,430,509,5574,6425,1204,1872,2.296996949,2.292290603,184.850616426,648.509667199,5.702495575,5,0.000000000,nan,nan,0.000000000,13.229773962,10.753137001,0.107072992,0.137661002,11.197371001,0,0.100000000
140.800553560,19968,8026,0,12281,7687,11938,3143,863,892,465,427,5472,6466,1221,1922,2.350366706,2.238550954,216.171103349,658.839126381,nan,1,nan,nan,nan,0.000000000,11.815522041,10.033673141,0.127301959,0.192382024,10.504394013,0,0.100000000
140.900543690,19968,7796,0,12240,7728,12168,3132,956,967,483,484,5643,6525,1225,1907,2.359926024,2.219636494,240.785992151,771.250082564,5.445241928,2,0.000000000,nan,nan,0.000000000,23.396416975,19.641813065,0.241637055,0.174718967,20.504838030,0,0.100000000
141.000592470,20064,7714,0,12188,7876,12346,3203,912,929,527,402,5630,6716,1280,1923,2.376881798,2.133604870,234.222765531,636.917695022,20.378589630,2,1.000000000,nan,nan,0.000000000,13.233268983,10.718381964,0.178407063,0.138551986,11.371103988,0,0.100000000
141.100653172,19968,7385,0,11931,8037,12346,3203,1024,1026,516,510,5630,6716,1280,1923,2.376881798,2.133604870,262.917235072,680.539412102,nan,nan,nan,nan,nan,0.000000000,15.174231026,13.459261099,0.247582037,0.259876018,14.267571038,0,0.100000000
141.200690269,19968,7316,0,11912,8056,12648,3290,935,922,508,414,5625,7023,1309,1981,2.439339837,2.094619788,232.823935108,798.897390445,75.521945953,6,1.000000000,nan,nan,0.000000000,14.628837991,11.237563042,0.103531987,0.164308003,11.630410037,0,0.100000000
141.300455332,20064,7225,0,11849,8215,12835,3315,1103,1093,537,556,5573,7262,1299,2016,2.496309243,2.090359415,303.632558447,807.477096557,10.088205338,3,0.000000000,nan,nan,0.000000000,13.943795988,11.352067988,0.130683999,0.172280998,11.822024011,0,0.100000000
141.400549650,19872,6971,0,11699,8173,12835,3315,966,956,523,433,5573,7262,1299,2016,2.496309243,2.090359415,256.495194864,750.894670532,nan,nan,nan,nan,nan,0.000000000,11.308479996,9.879761958,0.134199974,0.158394978,10.428939015,0,0.100000000
141.500588179,20064,7050,0,11791,8273,13010,3402,1083,1057,527,530,5514,7496,1298,2104,2.551433180,2.059486589,287.954092179,827.630171390,6.307840347,2,0.000000000,nan,nan,0.000000000,12.195624004,10.208031104,0.139354961,0.185072015,10.726945009,0,0.100000000
141.600426197,19968,6771,0,11574,8394,13193,3506,982,1003,508,495,5518,7675,1364,2142,2.588954039,2.076053177,265.081395690,756.483338336,nan,1,nan,nan,nan,0.000000000,16.238419979,12.777314929,0.152478926,0.187792990,13.349468005,0,0.100000000
141.700558186,20064,6579,0,11507,8557,13193,3506,1022,1022,555,467,5518,7675,1364,2142,2.588954039,2.076053177,273.162306630,758.983714243,nan,nan,nan,nan,nan,0.000000000,10.621111956,9.232993063,0.123918056,0.171678024,9.686331963,0,0.100000000
141.800553560,20064,6342,0,11312,8752,13193,3506,1052,1047,557,490,5518,7675,1364,2142,2.588954039,2.076053177,287.383804144,815.262713282,nan,nan,nan,nan,nan,0.000000000,13.809989963,12.291290041,0.173124019,0.176593952,12.926509022,0,0.100000000
141.900588274,19872,6108,0,11350,8522,13760,3636,1037,1058,573,485,5735,8025,1405,2231,2.609826642,2.026519397,283.692946535,930.787652299,4.675626755,2,0.000000000,nan,nan,0.000000000,12.959557003,10.109144961,0.118434953,0.179725001,10.578981019,0,0.100000000
142.000409365,19776,5799,0,11085,8691,13973,3761,1071,1085,573,512,5716,8257,1445,2316,2.654854389,2.017343980,316.105121738,964.749055842,45.177221298,3,1.000000000,nan,nan,0.000000000,24.565852014,20.129569923,0.222339062,0.223974988,20.923782955,0,0.100000000
142.102305651,20352,5767,0,11449,8903,14581,3745,1027,1060,569,491,6033,8548,1449,2296,2.603528572,1.964544233,290.552536240,900.562246079,4.283189774,2,0.000000000,nan,nan,0.000000000,23.960273014,19.911985088,0.198505004,0.160838012,20.625102974,0,0.100000000
142.202582121,19968,5249,0,10974,8994,14715,3899,1112,1129,602,527,6013,8702,1483,2416,2.655058566,1.945029543,300.914666004,975.201571314,5.979537964,3,0.000000000,nan,nan,0.000000000,11.664279038,9.652330948,0.123813981,0.181381998,10.111719021,0,0.100000000
142.301816702,19872,5234,0,11090,8782,14634,3836,1229,1211,650,561,6074,8560,1515,2321,2.641346488,1.971934371,340.373994415,1065.105199239,nan,1,nan,nan,nan,0.000000000,11.764284980,9.750543104,0.128394982,0.169665960,10.224051948,0,0.100000000
142.400478125,20064,4926,0,10986,9078,15134,3999,1203,1219,666,553,6211,8923,1555,2444,2.671878734,1.903571617,375.958941244,1093.734333233,89.870214462,3,1.000000000,nan,nan,0.000000000,18.291207030,15.054301999,0.179041002,0.219426001,15.734283021,0,0.100000000
142.500599384,19872,4835,0,11024,8848,15033,4022,1355,1377,685,692,6262,8771,1583,2439,2.646130563,1.953281672,433.320630112,1171.023647051,5.923986435,2,0.000000000,nan,nan,0.000000000,13.016148005,10.407689086,0.152185967,0.211858947,10.976725025,0,0.100000000
142.600415707,19872,4516,0,10735,9137,15352,4126,1324,1347,667,680,6249,9103,1567,2559,2.673746906,1.875879774,420.361147185,1248.714047441,5.531311035,4,0.000000000,nan,nan,0.000000000,16.850206011,14.297913003,0.230866077,0.188956968,15.096993011,0,0.100000000
142.700299263,20160,4877,0,11156,9004,15279,4132,1374,1364,672,692,6311,8968,1603,2529,2.640431871,1.955453620,415.664136013,1084.892608966,nan,1,nan,nan,nan,0.000000000,13.830804965,11.316410964,0.164591009,0.366572989,11.973268993,0,0.100000000
142.800451040,20064,4590,0,10816,9248,15470,4087,1276,1266,617,649,6257,9213,1532,2555,2.665252532,1.876353366,385.956979744,1200.721251491,3.857135773,2,0.000000000,nan,nan,0.000000000,16.890779021,14.011214953,0.219333044,0.183799013,14.785556006,0,0.100000000
142.900665283,19968,4728,0,10983,8985,15236,4036,1296,1286,631,655,6284,8952,1579,2457,2.605543907,1.887630007,366.932438721,1146.433154095,52.486181259,4,1.000000000,nan,nan,0.000000000,18.926265999,16.030098079,0.150562963,0.194350956,16.559763986,0,0.100000000
143.003549337,19968,4666,0,10865,9103,15298,4016,1214,1227,617,610,6230,9068,1537,2479,2.615580560,1.880647465,362.820750511,1264.151822591,54.607629776,3,1.000000000,nan,nan,0.000000000,21.402669023,18.233473937,0.217158988,0.179518014,19.014629012,0,0.100000000
143.100476027,19968,4729,0,10942,9026,15235,4063,1350,1353,672,681,6248,8987,1606,2457,2.599543566,1.901389713,387.860315621,1321.304825991,10.184526443,4,0.000000000,nan,nan,0.000000000,14.347935037,11.214316008,0.152209017,0.198649010,11.765517003,0,0.100000000
143.200499296,20064,4809,0,11108,8956,15235,4063,1289,1286,637,649,6248,8987,1606,2457,2.599543566,1.901389713,362.894978133,1280.752491209,nan,nan,nan,nan,nan,0.000000000,11.375870963,9.965242003,0.123860955,0.189365994,10.382543027,0,0.100000000
143.300476313,19968,4673,0,10957,9011,15235,4063,1363,1366,663,703,6248,8987,1606,2457,2.599543566,1.901389713,390.381609257,1318.024523021,nan,nan,nan,nan,nan,0.000000000,12.492778013,11.111337983,0.124484999,0.190837018,11.556361977,0,0.100000000
143.400442123,20064,4796,0,11128,8936,15264,4052,1237,1264,677,587,6365,8899,1615,2437,2.621973496,1.876013028,389.530044411,1126.049138136,nan,1,nan,nan,nan,0.000000000,15.521983965,13.281766966,0.148191117,0.196937006,13.883079984,0,0.100000000
143.500500917,19968,4708,0,10906,9062,15256,4140,1420,1419,705,714,6237,9019,1638,2502,2.623439915,1.863447301,433.041368187,1340.828669979,24.674415588,5,1.000000000,nan,nan,0.000000000,25.223320001,18.759218045,0.197567046,0.190827996,19.441510027,0,0.100000000
143.600395441,19680,5005,0,10803,8877,15256,4140,1299,1297,676,621,6237,9019,1638,2502,2.623439915,1.863447301,385.591588033,1283.400739012,nan,nan,nan,nan,nan,0.000000000,12.582152965,10.902141978,0.181455049,0.205815013,11.533293000,0,0.100000000
143.700148106,19968,5017,0,10906,9062,14947,4194,1411,1393,692,701,6043,8904,1619,2575,2.609595014,1.871236611,425.888714182,1322.247189446,50.549983978,6,1.000000000,nan,nan,0.000000000,14.225657971,11.975927919,0.183552038,0.205660006,12.592553976,0,0.100000000
143.801652431,20064,5346,0,11175,8889,14714,4048,1244,1243,655,588,6038,8676,1537,2511,2.590674592,1.948424334,371.218158751,1078.553544243,4.498958588,2,0.000000000,nan,nan,0.000000000,18.013767025,11.391542037,0.142842939,0.181152020,11.924132006,0,0.100000000
143.898782730,20352,5366,0,10901,9451,14982,4041,1352,1343,634,709,5798,9184,1499,2542,2.581146097,1.950032712,346.251358685,1229.691105508,5.571126938,2,0.000000000,nan,nan,0.000000000,17.001116008,13.955696020,0.168945873,0.214407977,14.570647967,0,0.100000000
144.000578642,20064,5470,0,11304,8760,14590,3971,1156,1147,595,552,6090,8500,1516,2455,2.617347341,1.938211081,335.306648559,1020.857737056,5.721092224,2,0.000000000,nan,nan,0.000000000,15.764852986,12.828161009,0.137357099,0.187708007,13.301413972,0,0.100000000
144.100602865,19584,5273,0,10657,8927,14307,3944,1291,1294,586,708,5639,8668,1443,2501,2.550803879,1.890273286,371.402160968,1177.874342923,5.609035492,2,0.000000000,nan,nan,0.000000000,20.488010021,17.376626027,0.234881998,0.226798991,18.205297994,0,0.100000000
144.200421095,20352,5387,0,11501,8851,14961,3908,1119,1096,622,474,6354,8607,1504,2404,2.649546316,1.980298263,309.228785090,948.090849795,30.320167542,5,1.000000000,nan,nan,0.000000000,18.177828984,13.427562953,0.142352947,0.182794000,13.943091035,0,0.100000000
144.300460815,20064,5396,0,11070,8994,14664,3917,1322,1309,629,680,5919,8745,1450,2467,2.604084405,1.926618861,356.184537349,1061.949116650,19.520282745,3,1.000000000,nan,nan,0.000000000,12.270465028,10.058104992,0.145832950,0.193381973,10.587287019,0,0.100000000
144.400515318,19968,5449,0,11163,8805,14515,3798,1049,1045,563,482,5972,8543,1464,2334,2.604203958,1.978555296,293.376914835,978.517260736,35.843610764,3,1.000000000,nan,nan,0.000000000,13.353158021,11.157218018,0.158959010,0.162878016,11.689354025,0,0.100000000
144.500422239,19968,5322,0,10949,9019,14642,3877,1309,1302,619,683,5870,8772,1476,2401,2.629536990,1.960242294,376.154890630,1170.184323098,nan,1,nan,nan,nan,0.000000000,14.525701001,12.184288935,0.203767035,0.294715981,12.886790966,0,0.100000000
144.600640297,19296,5053,0,10606,8690,14239,3794,1078,1088,597,491,5745,8494,1479,2315,2.664200887,1.954048094,293.420102864,970.311897943,nan,1,nan,nan,nan,0.000000000,13.775932021,11.444539996,0.176284986,0.321650994,12.085403956,0,0.100000000
144.699008465,20736,5529,0,11461,9275,15203,4061,1333,1318,669,649,6171,9032,1572,2489,2.634967540,1.953404697,372.890897654,1188.791141998,nan,1,nan,nan,nan,0.000000000,19.109810004,14.897590037,0.194096006,0.180558010,15.589786984,0,0.100000000
144.800446987,19968,5147,0,11014,8954,14817,3983,1196,1183,672,511,6057,8760,1524,2459,2.642092689,1.946170315,341.034552458,1073.434668991,4.179239273,2,0.000000000,nan,nan,0.000000000,17.148911022,11.660009972,0.137933937,0.195558998,12.183590967,0,0.100000000
144.900511742,19968,5049,0,10999,8969,14915,4068,1360,1328,646,682,6107,8808,1531,2537,2.663126336,1.967113373,383.866805254,1139.151534516,49.830198288,5,1.000000000,nan,nan,0.000000000,26.338602998,22.721743968,0.287540024,0.195117958,23.699209967,0,0.100000000
145.000414848,20064,4927,0,11055,9009,15133,4037,1267,1257,664,593,6248,8885,1541,2496,2.644435265,1.956563795,372.415658482,1172.264623490,4.845857620,2,0.000000000,nan,nan,0.000000000,21.837044042,18.778764992,0.236521999,0.177762995,19.630397030,0,0.100000000
145.100576639,19968,4880,0,11078,8890,15133,4037,1430,1429,656,773,6248,8885,1541,2496,2.644435265,1.956563795,426.542058965,1329.836937109,nan,nan,nan,nan,nan,0.000000000,12.252244982,10.794882022,0.155962014,0.173749984,11.343785969,0,0.100000000
145.200414181,19968,4595,0,10857,9111,15133,4037,1346,1347,656,691,6248,8885,1541,2496,2.644435265,1.956563795,397.604050422,1243.040065069,nan,nan,nan,nan,nan,0.000000000,11.923509999,10.350678931,0.170013926,0.204337004,10.907738993,0,0.100000000
145.302637100,20064,4733,0,11164,8900,15133,4037,1411,1409,656,753,6248,8885,1541,2496,2.644435265,1.956563795,413.631834492,1306.752964771,nan,nan,nan,nan,nan,0.000000000,11.866235000,10.361436056,0.151447020,0.199080037,10.913421982,0,0.100000000
145.400413036,20064,4267,0,10762,9302,15133,4037,1360,1360,662,698,6248,8885,1541,2496,2.644435265,1.956563795,407.535794898,1277.873435157,nan,nan,nan,nan,nan,0.000000000,12.150729017,10.709200986,0.121294986,0.176469039,11.146073986,0,0.100000000
145.500554323,19872,4337,0,11018,8854,15531,4110,1467,1453,687,766,6681,8850,1707,2403,2.681373476,1.885504165,398.537426135,1301.339918656,5.784749985,2,0.000000000,nan,nan,0.000000000,13.297724014,10.791759007,0.158861047,0.192747044,11.363008001,0,0.100000000
145.601025581,20064,3996,0,10754,9310,16064,4184,1438,1415,746,669,6758,9306,1750,2434,2.707373665,1.798595995,414.443591880,1373.249188734,60.142278671,2,1.000000000,nan,nan,0.000000000,15.448855003,12.889362057,0.199661008,0.189816987,13.542485016,0,0.100000000
145.700571775,20064,4145,0,11144,8920,15915,4066,1421,1408,747,661,7001,8914,1783,2283,2.703627404,1.809036445,398.365111815,1272.436329727,5.714893341,11,0.000000000,nan,nan,0.000000000,14.258914976,11.958607938,0.179639086,0.184161006,12.588941026,0,0.100000000
145.801875114,19584,3787,0,10829,8755,15793,4218,1469,1454,798,656,7053,8740,1890,2328,2.745358385,1.790113797,433.718707598,1478.991350446,6.657600403,9,0.000000000,nan,nan,0.000000000,12.856949004,10.634427948,0.161095988,0.184315024,11.208910029,0,0.100000000
145.900052309,20448,3992,0,11336,9112,16452,4203,1399,1400,796,604,7386,9066,1908,2295,2.718228192,1.735224498,379.924010767,1288.571130187,49.778699875,11,1.000000000,nan,nan,0.000000000,21.528962010,15.237621032,0.183589058,0.221618044,15.894723008,0,0.100000000
146.000519991,19968,3672,0,11005,8963,16292,4237,1567,1553,854,699,7367,8925,1940,2297,2.724100219,1.751859052,448.689418202,1485.766857927,14.501810074,6,0.000000000,nan,nan,0.000000000,17.888578004,12.441411032,0.181050040,0.210595026,13.054270006,0,0.100000000
146.100699902,20064,3646,0,11015,9049,16414,4308,1435,1420,790,630,7400,9014,1936,2372,2.711757210,1.742916121,396.452093839,1343.942193153,nan,1,nan,nan,nan,0.000000000,18.699805951,12.841760938,0.169319042,0.211670995,13.454356987,0,0.100000000
146.200938463,19584,3257,0,10603,8981,16323,4346,1555,1555,842,713,7383,8940,1984,2362,2.715995155,1.749939946,433.335663762,1414.424281499,nan,1,nan,nan,nan,0.000000000,14.917790017,12.234047987,0.190820021,0.194557011,12.902135961,0,0.100000000
146.300500393,19968,3745,0,10966,9002,16219,4422,1471,1459,815,644,7250,8969,1960,2462,2.730670069,1.739743960,424.380440376,1468.895798048,41.678905487,3,1.000000000,nan,nan,0.000000000,13.543725945,11.093117995,0.163604913,0.219271984,11.676011025,0,0.100000000
146.400481939,20064,3926,0,11274,8790,16219,4422,1611,1608,862,746,7250,8969,1960,2462,2.730670069,1.739743960,439.249970271,1614.874782588,nan,nan,nan,nan,nan,0.000000000,14.052700950,12.296610919,0.204645970,0.202172028,13.017922989,0,0.100000000
146.500527859,19968,3933,0,11142,8826,16219,4422,1501,1497,814,683,7250,8969,1960,2462,2.730670069,1.739743960,410.405903000,1490.335746040,nan,nan,nan,nan,nan,0.000000000,12.798186042,11.190819088,0.162669050,0.202864991,11.766812007,0,0.100000000
146.600519657,19968,3885,0,11139,8829,16219,4422,1602,1601,892,709,7250,8969,1960,2462,2.730670069,1.739743960,433.595896073,1632.490860554,nan,nan,nan,nan,nan,0.000000000,12.782076024,11.136219022,0.175218971,0.218781992,11.744539952,0,0.100000000
146.700460196,20064,4078,0,11272,8792,16219,4422,1461,1461,787,674,7250,8969,1960,2462,2.730670069,1.739743960,389.500307935,1429.987781300,nan,nan,nan,nan,nan,0.000000000,13.217880041,11.618034041,0.157270988,0.201151008,12.188657012,0,0.100000000
146.800455332,19968,3842,0,11005,8963,16122,4336,1508,1544,831,713,7193,8929,1923,2413,2.745400056,1.755144674,426.970986184,1529.580930430,75.532913208,2,1.000000000,nan,nan,0.000000000,26.250087947,20.466091053,0.203543052,0.194468012,21.171159984,0,0.100000000
146.900620699,19968,4008,0,11179,8789,15956,4330,1495,1518,806,712,7202,8754,1958,2372,2.747780424,1.777398492,411.843787481,1342.515783813,4.169225693,2,0.000000000,nan,nan,0.000000000,21.941792977,15.482619987,0.219225942,0.186589023,16.142475011,0,0.100000000
147.003396988,20064,3809,0,10964,9100,15956,4330,1588,1593,860,733,7202,8754,1958,2372,2.747780424,1.777398492,437.519451186,1457.641325154,nan,nan,nan,nan,nan,0.000000000,12.694268022,11.107703962,0.184730918,0.176016008,11.731361039,0,0.100000000
147.100472689,19968,3980,0,11204,8764,15956,4330,1616,1618,846,772,7202,8754,1958,2372,2.747780424,1.777398492,442.547041575,1422.630776631,nan,nan,nan,nan,nan,0.000000000,12.552629982,10.939367989,0.185283949,0.189046958,11.579409009,0,0.100000000
147.200573206,19968,3725,0,10874,9094,16239,4389,1483,1502,895,607,7185,9054,1975,2414,2.801154642,1.719918620,408.656232477,1427.553598712,9.203910828,7,0.000000000,nan,nan,0.000000000,14.537283976,12.197764008,0.163322024,0.213911000,12.782798032,0,0.100000000
147.300401926,19680,3971,0,11210,8470,15705,4350,1509,1507,946,561,7281,8424,2046,2304,2.813423015,1.821326297,423.672768492,1461.196802839,5.742311478,2,0.000000000,nan,nan,0.000000000,13.814221020,11.287447007,0.170590007,0.219441019,11.959585012,0,0.100000000
147.400672436,20352,3807,0,11059,9293,16541,4591,1606,1625,1025,600,7281,9260,2182,2409,2.845017816,1.714181730,486.334444354,1768.350503608,35.345077515,5,1.000000000,nan,nan,0.000000000,17.528430966,13.964368962,0.190230960,0.246384006,14.596818015,0,0.100000000
147.500375986,19968,4015,0,11347,8621,15949,4604,1490,1562,945,617,7371,8578,2265,2339,2.846300711,1.750063423,464.024613804,1592.035437623,50.121307373,10,1.000000000,nan,nan,0.000000000,18.221014005,14.837335970,0.185297045,0.282634050,15.463243006,0,0.100000000
147.600385904,19488,3825,0,10702,8786,15659,4563,1659,1658,950,708,6908,8751,2279,2284,2.891269836,1.637807416,489.129087006,1558.792103610,nan,1,nan,nan,nan,0.000000000,15.419763979,12.250723958,0.191977073,0.211286009,12.901397015,0,0.100000000
147.700193167,20544,4101,0,11838,8706,15659,4563,1497,1487,897,590,6908,8751,2279,2284,2.891269836,1.637807416,424.482633745,1377.905617770,nan,nan,nan,nan,nan,0.000000000,13.173089013,11.580736027,0.157476927,0.186710968,12.141864980,0,0.100000000
147.800369501,20064,3862,0,11237,8827,16198,4976,1710,1752,974,778,7407,8791,2720,2256,2.858720244,1.580539492,522.084934923,1800.613192405,nan,1,nan,nan,nan,0.000000000,16.858260962,14.038938913,0.207096920,0.327367045,14.711599040,0,0.100000000
147.901935816,19968,4008,0,11546,8422,16198,4976,1739,1773,1092,681,7407,8791,2720,2256,2.858720244,1.580539492,551.079329104,1632.939486903,nan,nan,nan,nan,nan,0.000000000,15.781284019,13.974420028,0.192897045,0.265883980,14.650291996,0,0.100000000
148.000463724,19968,3954,0,11348,8620,16010,5000,1721,1759,923,836,7435,8575,2704,2296,2.699881684,1.588274558,559.661336893,1712.020409530,64.373731613,3,1.000000000,nan,nan,0.000000000,20.821753016,13.752061001,0.187411963,0.343334978,14.411437034,0,0.100000000
148.100456476,19968,4104,0,11474,8494,15860,4965,1538,1534,788,746,7418,8442,2641,2324,2.580749917,1.708417247,437.621261320,1331.041027698,41.108846664,3,1.000000000,nan,nan,0.000000000,20.855048031,15.990688000,0.199897971,0.277561019,16.689612996,0,0.100000000
148.200347185,20064,3910,0,11292,8772,16150,5060,1697,1703,742,961,7423,8727,2622,2438,2.501219763,1.921444550,487.270777977,1521.892473644,1.612663269,2,0.000000000,nan,nan,0.000000000,24.345153011,19.461126009,0.239387969,0.259527005,20.286629035,0,0.100000000
148.300395966,19968,4060,0,11283,8685,15904,5113,1653,1635,842,793,7233,8671,2740,2373,2.591172933,1.952742466,489.051540663,1681.382454462,5.537748337,3,0.000000000,nan,nan,0.000000000,23.445117986,20.362733048,0.249787932,0.295883976,21.219813963,0,0.100000000
148.402921915,19872,3811,0,10910,8962,15904,5113,1786,1779,799,980,7233,8671,2740,2373,2.591172933,1.952742466,476.974609943,1744.456213671,nan,nan,nan,nan,nan,0.000000000,15.161637974,13.251862023,0.226469943,0.257914013,13.975905953,0,0.100000000
148.503884315,20256,4047,0,11417,8839,16205,4854,1591,1675,820,855,7374,8831,2489,2365,2.418972191,2.144530526,476.484259038,1506.772165088,110.426187515,3,1.000000000,nan,nan,0.000000000,15.737394977,12.634717976,0.173649925,0.244297029,13.246327988,0,0.100000000
148.600530863,19968,3864,0,11086,8882,16205,4854,1630,1646,761,885,7374,8831,2489,2365,2.418972191,2.144530526,467.715507617,1516.237414790,nan,nan,nan,nan,nan,0.000000000,13.880450977,12.142890948,0.189536077,0.221874972,12.779073964,0,0.100000000
148.700453043,19968,4062,0,11071,8897,16205,4854,1667,1660,808,852,7374,8831,2489,2365,2.418972191,2.144530526,444.092106377,1461.893138635,nan,nan,nan,nan,nan,0.000000000,14.353078033,12.597380031,0.206429977,0.201443967,13.286122005,0,0.100000000
148.800354958,20064,3830,0,11049,9015,16230,4504,1572,1567,736,831,7231,8999,2262,2242,2.226146086,2.175408487,432.516861179,1129.081616563,49.991846085,5,1.000000000,nan,nan,0.000000000,25.708747038,17.906750960,0.230736041,0.215903041,18.690389988,0,0.100000000
148.900415659,20064,3963,0,10964,9100,16097,4423,1502,1473,696,777,7013,9084,2196,2227,2.292560529,2.156634019,399.845233181,1206.503143755,31.984329224,5,1.000000000,nan,nan,0.000000000,16.589228006,12.699487968,0.166506972,0.200244016,13.306080014,0,0.100000000
149.000617743,19968,3906,0,11151,8817,16058,4454,1425,1443,669,774,7255,8803,2215,2239,2.214235071,2.173353655,371.356510120,1237.777272622,29.710531235,2,1.000000000,nan,nan,0.000000000,21.865796996,18.846497929,0.302927976,0.309606025,19.865098991,0,0.100000000
149.100464344,19584,3982,0,10939,8645,15598,4333,1382,1387,651,736,6965,8633,2137,2196,2.307051864,2.130106097,360.107858000,1199.163921607,3.612279892,2,0.000000000,nan,nan,0.000000000,13.264148962,11.030276073,0.165630074,0.187227968,11.593377043,0,0.100000000
149.202174664,20448,3977,0,11434,9014,16467,4497,1533,1528,637,891,7473,8994,2188,2309,2.337013077,2.238927704,423.697757926,1270.915302188,3.388881683,2,0.000000000,nan,nan,0.000000000,15.356856980,12.495323026,0.169359031,0.272820005,13.090834022,0,0.100000000
149.300442934,19776,3898,0,10736,9040,16467,4497,1357,1363,602,761,7473,8994,2188,2309,2.337013077,2.238927704,332.782305696,1136.824545316,nan,nan,nan,nan,nan,0.000000000,13.399230957,11.754948006,0.166826008,0.199421018,12.313135026,0,0.100000000
149.401569843,20160,3973,0,11376,8784,16183,4501,1461,1503,599,904,7456,8727,2221,2280,2.316544697,2.215030684,382.185770750,1710.476717291,84.984302521,6,1.000000000,nan,nan,0.000000000,16.403043002,13.822408917,0.204611046,0.216872955,14.549325977,0,0.100000000
149.500340939,20064,3860,0,10957,9107,16200,4543,1417,1419,642,777,7171,9029,2256,2287,2.393777888,2.199696425,334.754030062,1298.190463970,5.831003189,2,0.000000000,nan,nan,0.000000000,17.746414989,15.268524003,0.205370947,0.188434031,15.999427007,0,0.100000000
149.600438833,19968,4045,0,11103,8865,15919,4546,1519,1506,616,890,7166,8753,2311,2235,2.427041495,2.244124360,391.777155061,1397.582358440,nan,1,nan,nan,nan,0.000000000,21.969873051,18.835289055,0.229252968,0.216446992,19.631745992,0,0.100000000
149.701587677,19968,3826,0,10894,9074,16138,4534,1529,1490,633,857,7196,8942,2273,2261,2.427567509,2.246460572,390.388095084,1520.350314315,5.874395370,2,0.000000000,nan,nan,0.000000000,21.325582988,15.501706977,0.221368973,0.207595993,16.232881986,0,0.100000000
149.800446033,20064,3970,0,11004,9060,16090,4592,1509,1503,612,891,7196,8894,2329,2263,2.528214946,2.296496841,375.333838162,1413.872697996,13.304710388,3,0.000000000,nan,nan,0.000000000,22.532421048,15.966638981,0.191673986,0.194956956,16.615652014,0,0.100000000
149.900606155,19968,3885,0,10935,9033,16090,4592,1468,1472,618,854,7196,8894,2329,2263,2.528214946,2.296496841,364.855407266,1388.844320012,nan,nan,nan,nan,nan,0.000000000,15.555399004,13.773621002,0.213489984,0.202926982,14.454285032,0,0.100000000
150.000357866,20064,4252,0,11214,8850,15808,4517,1518,1511,607,904,7245,8563,2328,2189,2.683163538,2.301552908,375.694184091,1450.016281583,5.301713943,2,0.000000000,nan,nan,0.000000000,14.591529965,12.090703938,0.200844079,0.212253013,12.759185047,0,0.100000000
150.100425005,19968,4094,0,11233,8735,15870,4568,1400,1433,615,818,7477,8393,2373,2195,2.480768042,2.321977969,380.050808190,1316.998887576,54.694175720,3,1.000000000,nan,nan,0.000000000,17.238676024,12.946434959,0.157588976,0.203242002,13.511803001,0,0.100000000
150.200365543,20064,4278,0,11415,8649,15870,4568,1504,1511,611,900,7477,8393,2373,2195,2.480768042,2.321977969,390.066822701,1373.200644204,nan,nan,nan,nan,nan,0.000000000,14.402877016,12.616621039,0.191506057,0.187144033,13.314658951,0,0.100000000
150.300496340,19968,4236,0,11489,8479,15728,4607,1594,1533,595,938,7728,8000,2419,2188,2.332694842,2.374161744,405.849008692,1518.269382587,30.133008957,3,1.000000000,nan,nan,0.000000000,23.490863037,19.648650021,0.279603933,0.192453968,20.549118984,0,0.100000000
150.400681496,20064,4431,0,11549,8515,15629,4602,1602,1595,646,949,7630,7999,2399,2203,2.483912027,2.379450603,409.689245101,1590.036301719,nan,1,nan,nan,nan,0.000000000,14.372958045,11.985115067,0.188896956,0.211529026,12.622511014,0,0.100000000
150.500425577,19968,4386,0,11655,8313,15578,4581,1546,1542,635,907,7842,7736,2442,2139,2.289406967,2.424142832,380.650379008,1482.020474147,nan,1,nan,nan,nan,0.000000000,18.746223999,13.160864008,0.179264054,0.195306959,13.784525043,0,0.100000000
150.600562096,19968,4441,0,11472,8496,15578,4581,1569,1569,645,924,7842,7736,2442,2139,2.289406967,2.424142832,370.991091445,1385.409205123,nan,nan,nan,nan,nan,0.000000000,13.737406989,12.135235069,0.171063992,0.184194010,12.744950014,0,0.100000000
150.700444221,19968,4482,0,11790,8178,15482,4531,1536,1523,649,874,7972,7510,2409,2122,2.275920966,2.459500776,367.736099926,1387.863500255,42.423009872,5,1.000000000,nan,nan,0.000000000,18.729806005,15.140581992,0.253562001,0.206759025,15.938996978,0,0.100000000
150.802556038,20064,4480,0,11507,8557,15580,4509,1586,1598,637,961,7720,7860,2308,2201,2.411675264,2.441104365,377.975284775,1323.979694925,nan,1,nan,nan,nan,0.000000000,16.527620028,13.549219992,0.182430958,0.200759037,14.177130011,0,0.100000000
150.900367498,20064,4692,0,11993,8071,15368,4462,1566,1582,669,913,8017,7351,2353,2109,2.226771871,2.503181489,360.330027430,1484.919743655,6.563663483,2,0.000000000,nan,nan,0.000000000,23.814967019,17.209638085,0.237908040,0.208702986,18.009299994,0,0.100000000
151.000390291,19776,4119,0,11485,8291,15368,4462,1623,1623,688,935,8017,7351,2353,2109,2.226771871,2.503181489,349.926243404,1569.720523841,nan,nan,nan,nan,nan,0.000000000,14.233583992,12.602786999,0.181895040,0.192323991,13.256474980,0,0.100000000
151.101465940,20160,4583,0,11921,8239,15573,4452,1664,1662,725,937,8060,7513,2352,2100,2.159984335,2.529471455,375.967756674,1697.499520458,3.968000412,2,0.000000000,nan,nan,0.000000000,13.858650986,11.437806010,0.189692015,0.196845969,12.091031007,0,0.100000000
151.200541019,19872,4275,0,11669,8203,15593,4419,1615,1607,725,882,8203,7390,2322,2097,2.066833612,2.553930096,388.473148963,1750.623646867,121.203899384,3,1.000000000,nan,nan,0.000000000,16.281304997,12.605534925,0.202530995,0.193164975,13.267393049,0,0.100000000
151.299823284,20064,4502,0,11882,8182,15558,4433,1583,1592,683,909,8126,7432,2318,2115,2.054652360,2.595467891,367.225937529,1622.950569183,117.661952972,2,1.000000000,nan,nan,0.000000000,29.696913960,21.934607939,0.224704912,0.211611041,22.672689985,0,0.100000000
151.400367737,19968,4739,0,12039,7929,15225,4356,1568,1583,676,907,8103,7122,2270,2086,2.011148179,2.655877146,376.058430176,1573.676266819,5.505561829,2,0.000000000,nan,nan,0.000000000,17.337934987,14.132683980,0.222392962,0.403947022,14.912936022,0,0.100000000
151.500638962,20064,4640,0,12030,8034,15420,4335,1554,1559,671,888,8147,7273,2212,2123,1.904626217,2.650593487,349.436904592,1415.342810898,30.115365982,3,1.000000000,nan,nan,0.000000000,18.025739992,15.395145980,0.294874015,0.183950993,16.362990020,0,0.100000000
151.600494623,19968,4760,0,11992,7976,15204,4408,1615,1625,648,977,7935,7269,2203,2205,2.044986330,2.645071365,387.000435956,1773.847806008,nan,1,nan,nan,nan,0.000000000,14.563421020,11.774268001,0.183955999,0.193944026,12.441275991,0,0.100000000
151.700490236,19872,4630,0,11862,8010,15204,4408,1577,1582,641,941,7935,7269,2203,2205,2.044986330,2.645071365,346.804806107,1511.935637561,nan,nan,nan,nan,nan,0.000000000,15.051774972,13.227106887,0.217421039,0.202368014,13.953358983,0,0.100000000
151.801089287,20064,4821,0,11974,8090,15239,4126,1533,1542,616,926,7832,7407,2121,2005,2.206095347,2.601827444,362.346234600,1815.102301010,84.206342697,4,1.000000000,nan,nan,0.000000000,15.873222030,12.122827990,0.185468933,0.179530995,12.760999962,0,0.100000000
151.900643587,20064,4599,0,11949,8115,15461,4174,1519,1521,640,881,8080,7381,2186,1988,2.106434002,2.621857456,357.718250592,1446.187823994,nan,1,nan,nan,nan,0.000000000,15.126334038,12.720959960,0.223490060,0.173885026,13.466427976,0,0.100000000
152.001781702,19872,4868,0,12027,7845,15000,4129,1522,1526,632,894,7860,7140,2151,1978,2.280126187,2.636656018,329.814482672,1503.278360980,nan,1,nan,nan,nan,0.000000000,12.728945003,10.567740013,0.168894068,0.160851981,11.159744987,0,0.100000000
152.100326300,19872,4579,0,12019,7853,15289,4118,1501,1538,695,843,8159,7130,2194,1924,2.109110037,2.657336953,346.713661387,1495.111843772,5.296468735,3,0.000000000,nan,nan,0.000000000,23.832062026,18.329970015,0.223012990,0.169200997,19.069708011,0,0.100000000
152.199233055,19776,4873,0,12046,7730,14899,4055,1505,1509,652,857,7884,7015,2148,1907,2.243992517,2.610618586,322.212163159,1565.681754622,5.385160446,2,0.000000000,nan,nan,0.000000000,17.931888986,13.728821010,0.171386986,0.220399001,14.337505971,0,0.100000000
152.300855398,20352,4751,0,12282,8070,15597,4064,1549,1555,680,875,8271,7326,2139,1925,2.052233402,2.688692659,341.654795344,1529.294010115,nan,1,nan,nan,nan,0.000000000,12.671478034,10.424484906,0.184534991,0.158593990,11.036351032,0,0.100000000
152.400393248,19968,4723,0,12073,7895,15241,4058,1484,1492,704,788,7957,7284,2135,1923,2.284742687,2.252016760,316.641387947,1394.635912593,58.216094971,2,1.000000000,nan,nan,0.000000000,12.880205992,10.410510993,0.173407083,0.152562978,10.996705969,0,0.100000000
152.500346661,19200,4289,0,11860,7340,14907,3845,1452,1438,637,801,8064,6843,2106,1739,2.232362835,2.194001356,316.054154291,1391.143410148,20.762205124,4,1.000000000,nan,nan,0.000000000,17.741385032,14.303675969,0.201570976,0.154584006,14.977282030,0,0.100000000
152.599844694,20736,4681,0,12288,8448,14907,3845,1414,1415,642,773,8064,6843,2106,1739,2.232362835,2.194001356,314.404119963,1444.303951597,nan,nan,nan,nan,nan,0.000000000,11.446193035,9.858009988,0.184383010,0.159695977,10.468730005,0,0.100000000
152.700493813,19968,4513,0,12162,7806,15451,3898,1385,1407,602,805,8124,7327,2058,1840,2.232187267,2.178198693,295.297220666,1361.832081925,24.698019028,2,1.000000000,nan,nan,0.000000000,27.843718010,21.050469019,0.209974009,0.176201982,21.803077019,0,0.100000000
152.800388575,20064,4483,0,11987,8077,15577,3961,1351,1388,561,827,7971,7606,1994,1967,2.122771966,2.036383614,289.930294735,1368.107689742,nan,1,nan,nan,nan,0.000000000,13.987317041,11.497180909,0.175238994,0.157426985,12.098925014,0,0.100000000
152.900351286,19872,4590,0,12076,7796,15278,3962,1468,1467,616,851,7966,7312,1952,2010,2.127880112,2.230401795,290.617061912,1428.722749929,nan,1,nan,nan,nan,0.000000000,13.866099995,10.897209984,0.164216035,0.163574994,11.472858023,0,0.100000000
153.000641108,20160,4413,0,11882,8278,15743,3980,1398,1444,601,843,7962,7781,1912,2068,2.000408686,2.073742840,306.626684268,1312.662051110,nan,1,nan,nan,nan,0.000000000,16.292924003,13.449242979,0.243836956,0.159458956,14.257580973,0,0.100000000
153.100366592,20064,4577,0,12088,7976,15483,3999,1483,1447,612,835,7972,7511,1922,2077,2.068780314,2.537240579,299.043774018,1253.598943203,6.036043167,2,0.000000000,nan,nan,0.000000000,17.006305978,14.097553969,0.225103053,0.229157973,14.976117003,0,0.100000000
153.200463772,19968,4348,0,11908,8060,15616,3977,1486,1475,620,855,8024,7592,1902,2075,1.829251256,2.254010517,302.480435979,1304.527591590,3.673076630,2,0.000000000,nan,nan,0.000000000,17.096257012,12.506449071,0.271987985,0.141975994,13.420370000,0,0.100000000
153.300479889,19968,4501,0,12127,7841,15463,3992,1425,1433,624,809,8064,7399,1924,2068,2.178384760,2.275480712,277.957697698,1241.521891624,8.382081985,2,0.000000000,nan,nan,0.000000000,16.671169025,12.632230006,0.156033027,0.140670978,13.194985979,0,0.100000000
153.403592587,20064,4187,0,12016,8048,15873,3976,1483,1494,634,860,8279,7594,1914,2062,1.988181300,2.277562652,311.213327962,1435.090846870,24.510622025,3,1.000000000,nan,nan,0.000000000,17.944070976,12.710541021,0.175822002,0.151265005,13.329624024,0,0.100000000
153.501335859,19776,4400,0,11901,7875,15873,3976,1503,1506,639,867,8279,7594,1914,2062,1.988181300,2.277562652,311.298249359,1518.839425407,nan,nan,nan,nan,nan,0.000000000,10.948918003,9.462339047,0.136302027,0.138088013,9.927409003,0,0.100000000
153.600088835,20256,4238,0,12195,8061,16014,3973,1472,1483,614,869,8388,7626,1917,2056,1.969754926,2.098523022,302.181286248,1551.522545517,5.194664001,2,0.000000000,nan,nan,0.000000000,16.247155960,11.049824010,0.185716024,0.174487010,11.684986996,0,0.100000000
153.700432539,19968,4414,0,12034,7934,15550,3979,1442,1454,632,822,7978,7572,1901,2078,2.122941009,2.016141839,279.184898154,1250.486502072,nan,1,nan,nan,nan,0.000000000,19.766382000,16.980580054,0.294550962,0.231920974,17.986096966,0,0.100000000
153.800436497,20064,4163,0,11929,8135,15897,3991,1472,1477,612,865,8178,7719,1905,2086,1.904232449,2.195602205,301.860054729,1416.751132393,74.470520020,4,1.000000000,nan,nan,0.000000000,15.567274007,12.854541943,0.196600042,0.178724993,13.532165030,0,0.100000000
153.900395870,19968,4252,0,11861,8107,15712,3938,1445,1450,619,831,7952,7760,1889,2049,2.158445991,2.023771228,290.056014657,1357.126775969,39.998531342,4,1.000000000,nan,nan,0.000000000,15.111893008,11.264046014,0.160229043,0.157218019,11.833642027,0,0.100000000
154.000519276,20064,4138,0,12001,8063,15712,3938,1456,1457,616,841,7952,7760,1889,2049,2.158445991,2.023771228,286.635584195,1257.536537118,nan,nan,nan,nan,nan,0.000000000,14.465257002,12.746860040,0.205760938,0.157126982,13.482704991,0,0.100000000
154.102427244,19968,4098,0,11847,8121,15866,3882,1414,1417,598,819,8057,7809,1831,2051,2.206773115,1.924568728,294.931810822,1297.593596625,75.707674026,4,1.000000000,nan,nan,0.000000000,17.524742987,12.237148941,0.213477993,0.178865041,12.930692988,0,0.100000000
154.200318813,20064,4052,0,12147,7917,16008,3865,1431,1467,593,874,8405,7603,1821,2044,2.166023946,2.072305774,349.949769856,1209.707092429,nan,1,nan,nan,nan,0.000000000,15.861771011,11.720849958,0.197972986,0.168352970,12.367871997,0,0.100000000
154.300393581,20064,3977,0,11896,8168,16083,3894,1436,1439,592,847,8189,7894,1821,2073,2.162503309,1.930392453,321.069956292,1311.335809007,14.339447021,3,0.000000000,nan,nan,0.000000000,14.726733963,11.684427038,0.173548062,0.168083003,12.287692982,0,0.100000000
154.400465012,19872,4041,0,11930,7942,15827,3816,1428,1432,589,843,8171,7656,1780,2036,2.088843050,2.054323529,300.439166474,1119.575381403,nan,1,nan,nan,nan,0.000000000,19.779162016,16.743811080,0.298963045,0.160223979,17.765616998,0,0.100000000
154.500503302,20064,3792,0,11771,8293,16268,3885,1499,1491,610,881,8249,8019,1823,2062,2.085407636,1.910082222,326.412839543,1316.350240570,6.814241409,2,0.000000000,nan,nan,0.000000000,16.332911968,11.678509996,0.162177021,0.186756020,12.266081991,0,0.100000000
154.600343466,20064,3956,0,11906,8158,16104,3901,1463,1494,639,855,8200,7904,1844,2057,2.176815201,1.991039205,323.753179432,1250.163472010,nan,1,nan,nan,nan,0.000000000,16.699669010,12.232508976,0.182920950,0.167204009,12.841952965,0,0.100000000
154.700441360,19392,3557,0,11384,8008,16104,3901,1537,1534,626,908,8200,7904,1844,2057,2.176815201,1.991039205,315.622429960,1297.443739800,nan,nan,nan,nan,nan,0.000000000,12.995889992,11.332038965,0.200150011,0.160291034,12.007462035,0,0.100000000
154.797070265,19968,3920,0,11943,8025,16044,3952,1515,1533,630,903,8261,7783,1846,2106,2.158588865,2.068314253,337.733191654,1194.573614704,75.362682343,6,1.000000000,nan,nan,0.000000000,16.876980022,11.398963048,0.166345038,0.154296984,11.987113045,0,0.100000000
154.899539948,20544,3565,0,11850,8694,16044,3952,1542,1540,648,892,8261,7783,1846,2106,2.158588865,2.068314253,338.989322613,1194.748474963,nan,nan,nan,nan,nan,0.000000000,12.597264023,10.949246993,0.227428973,0.148474006,11.669887986,0,0.100000000
154.999712706,20160,3859,0,12025,8135,16297,3886,1536,1545,645,900,8362,7935,1792,2094,2.195300456,1.991887004,323.250606627,1174.987961953,15.653133392,10,1.000000000,nan,nan,0.000000000,14.300807030,10.496304894,0.189852901,0.153870031,11.112829030,0,0.100000000
155.100436926,19872,3413,0,11597,8275,16297,3886,1574,1575,643,932,8362,7935,1792,2094,2.195300456,1.991887004,328.901363457,1203.505640229,nan,nan,nan,nan,nan,0.000000000,14.484149986,12.725044042,0.224711956,0.160471012,13.486544020,0,0.100000000
155.201559544,20064,3681,0,11924,8140,16379,3923,1523,1588,619,969,8383,7996,1806,2117,2.171852051,2.006544166,358.195850253,1172.229905929,34.313678741,8,1.000000000,nan,nan,0.000000000,14.580080984,11.929998000,0.191986968,0.181187992,12.577210029,0,0.100000000
155.300538063,20064,3404,0,11846,8218,16656,3951,1546,1566,616,950,8597,8059,1778,2173,2.090299070,2.003076081,368.530039351,1116.838025457,30.329942703,4,1.000000000,nan,nan,0.000000000,22.931293992,17.667640001,0.218053930,0.168487022,18.427624018,0,0.100000000
155.400454760,19968,3583,0,11735,8233,16656,3951,1546,1548,625,923,8597,8059,1778,2173,2.090299070,2.003076081,363.284382383,1104.449970666,nan,nan,nan,nan,nan,0.000000000,11.606870976,10.080516047,0.176352041,0.145774044,10.683235014,0,0.100000000
155.500451565,19968,3295,0,11690,8278,16669,3958,1568,1602,642,960,8483,8186,1815,2143,2.110041746,1.996029814,374.679305064,1242.865775300,6.029129028,3,0.000000000,nan,nan,0.000000000,16.130039992,12.783333019,0.176818110,0.151234970,13.391755987,0,0.100000000
155.603660345,19872,3422,0,11602,8270,16669,3958,1585,1578,636,942,8483,8186,1815,2143,2.110041746,1.996029814,367.354298616,1231.416066981,nan,nan,nan,nan,nan,0.000000000,14.000918018,12.266438978,0.213955063,0.145305996,13.015601027,0,0.100000000
155.700318098,19584,3308,0,11536,8048,16272,3899,1571,1599,648,951,8270,8002,1772,2127,2.118701373,2.088957478,341.891947702,1156.862259784,53.858995438,3,1.000000000,nan,nan,0.000000000,13.814776961,11.381600052,0.183197961,0.165036996,12.038413028,0,0.100000000
155.900368690,20064,3519,0,11965,8099,16541,3913,1576,1606,681,925,8446,8095,1783,2130,2.098335415,1.995937392,338.630343098,1184.071318959,80.004453659,7,1.000000000,nan,nan,0.000000000,18.134465034,15.109285014,0.289554009,0.175082998,16.086653981,0,0.100000000
156.000394583,19968,2832,0,11462,8506,17132,3938,1541,1529,644,885,8651,8481,1825,2113,2.057416638,1.847841191,317.314538490,1089.809523603,5.263805389,3,0.000000000,nan,nan,0.000000000,20.940194023,17.772424966,0.310933101,0.214605010,18.816219002,0,0.100000000
156.100316048,19968,3100,0,11617,8351,16864,3972,1617,1633,683,950,8516,8348,1827,2145,2.081710243,1.896145820,354.790639766,1224.858915705,3.971576691,2,0.000000000,nan,nan,0.000000000,16.284703976,12.764587998,0.189098006,0.182526011,13.404584024,0,0.100000000
156.200700045,19584,2454,0,11112,8472,17126,4003,1588,1571,679,892,8668,8458,1853,2150,2.032719820,1.883926590,337.692654538,1247.136866614,10.216712952,3,0.000000000,nan,nan,0.000000000,13.753584004,11.260481959,0.207706005,0.145132013,11.960632983,0,0.100000000
156.300334692,20160,3383,0,11794,8366,16773,3968,1559,1570,653,917,8413,8360,1834,2134,2.065240194,1.895632449,354.249979509,1164.384742828,4.179239273,2,0.000000000,nan,nan,0.000000000,18.040109018,15.047446999,0.330940064,0.177606009,16.115769977,0,0.100000000
156.400450706,19968,3179,0,11743,8225,16785,3974,1541,1527,665,862,8568,8217,1880,2094,2.036633002,1.962410304,299.575810651,1133.543432893,4.322528839,2,0.000000000,nan,nan,0.000000000,20.418743952,17.414496979,0.244087016,0.208433019,18.360041955,0,0.100000000
156.500408888,19968,3055,0,11649,8319,16909,3938,1555,1553,613,940,8597,8312,1821,2117,2.026895364,1.911732160,349.105475793,1166.624120520,116.537809372,3,1.000000000,nan,nan,0.000000000,19.662892038,14.453322976,0.211748003,0.152793014,15.188357967,0,0.100000000
156.600459814,19872,3256,0,11706,8166,16909,3938,1521,1526,608,918,8597,8312,1821,2117,2.026895364,1.911732160,323.333221013,1085.199867316,nan,nan,nan,nan,nan,0.000000000,14.205793035,12.022938987,0.194251072,0.162427023,12.709258008,0,0.100000000
156.700296640,20160,2976,0,11821,8339,16909,3938,1508,1509,607,902,8597,8312,1821,2117,2.026895364,1.911732160,332.348989160,1137.555071679,nan,nan,nan,nan,nan,0.000000000,11.052733986,9.566721041,0.145534927,0.157746021,10.045934992,0,0.100000000
156.800430298,19872,3249,0,11715,8157,16619,3968,1477,1497,609,888,8462,8157,1848,2120,2.002283834,1.984207860,332.290144651,1068.198317057,4.272460938,2,0.000000000,nan,nan,0.000000000,18.159239960,15.249126998,0.281058019,0.177762995,16.259395983,0,0.100000000
156.900270462,20064,2927,0,11692,8372,17133,3875,1478,1473,606,867,8761,8372,1770,2105,1.955445192,1.887088101,324.275509871,991.644549446,43.956041336,3,1.000000000,nan,nan,0.000000000,15.465971024,12.147506932,0.176524045,0.161945005,12.785825005,0,0.100000000
157.000394106,19968,3206,0,11729,8239,17133,3875,1487,1489,602,887,8761,8372,1770,2105,1.955445192,1.887088101,309.293703252,959.618187483,nan,nan,nan,nan,nan,0.000000000,11.234449979,9.642111021,0.163201010,0.147547049,10.223651014,0,0.100000000
157.100404263,19776,2860,0,11630,8146,16912,3920,1508,1517,617,900,8770,8142,1797,2123,1.939455060,1.946247670,350.458992974,984.082253307,5.648136139,3,0.000000000,nan,nan,0.000000000,12.070859957,9.788543044,0.167949998,0.162796001,10.361990950,0,0.100000000
157.202630281,20160,3138,0,11636,8524,17018,4016,1479,1460,593,867,8498,8520,1814,2202,1.960918520,1.861653945,312.842518430,961.361994137,89.759588242,4,1.000000000,nan,nan,0.000000000,12.728705013,10.090512922,0.180294912,0.205682998,10.736932978,0,0.100000000
157.300365925,20064,2848,0,11684,8380,17212,3961,1467,1488,573,915,8836,8376,1781,2180,1.919230930,1.940628788,346.060642430,975.516993977,63.741445541,3,1.000000000,nan,nan,0.000000000,21.658216021,16.851012886,0.218838977,0.162028999,17.621682025,0,0.100000000
157.402591944,19968,2993,0,11566,8402,17212,3961,1444,1450,559,891,8836,8376,1781,2180,1.919230930,1.940628788,322.026523837,941.936690428,nan,nan,nan,nan,nan,0.000000000,11.796934996,10.127006972,0.191700936,0.161156000,10.803067998,0,0.100000000
157.500291824,19968,2828,0,11770,8198,17136,3857,1392,1366,543,823,8941,8195,1828,2029,1.890690048,1.934573381,292.702977558,870.605176295,50.008535385,11,1.000000000,nan,nan,0.000000000,16.796886979,13.305690023,0.236320018,0.166192011,14.135432953,0,0.100000000
157.600347281,20064,2814,0,11621,8443,17136,3857,1381,1389,557,832,8941,8195,1828,2029,1.890690048,1.934573381,293.192398245,851.754371584,nan,nan,nan,nan,nan,0.000000000,11.320664024,9.667091945,0.153951929,0.162875978,10.220685974,0,0.100000000
157.700336933,19968,2837,0,11790,8178,17127,3880,1361,1339,555,784,8949,8178,1842,2038,1.873203093,1.896094587,299.600170661,837.113615032,10.781764984,7,0.000000000,nan,nan,0.000000000,13.019894948,10.628944961,0.157671049,0.200422015,11.200427020,0,0.100000000
157.800281048,20064,2704,0,11604,8460,17356,3991,1393,1417,574,843,8896,8460,1830,2161,1.862298449,1.825185219,310.568946575,942.144253087,49.433231354,3,1.000000000,nan,nan,0.000000000,31.773752009,24.010244000,0.250617974,0.190105988,24.887943000,0,0.100000000
157.901700020,19488,2741,0,11260,8228,17356,3991,1459,1465,589,876,8896,8460,1830,2161,1.862298449,1.825185219,336.980356692,937.766959001,nan,nan,nan,nan,nan,0.000000000,11.495980027,9.818387975,0.179896015,0.154148031,10.400858999,0,0.100000000
158.000365734,19968,2592,0,11504,8464,17372,4026,1441,1431,571,860,8908,8464,1782,2244,1.833917005,1.854936888,321.868197637,816.717158202,7.863759995,5,0.000000000,nan,nan,0.000000000,20.975667983,18.241324055,0.238986046,0.214903033,19.162580022,0,0.100000000
158.100869894,20544,2705,0,11943,8601,17372,4026,1469,1456,562,894,8908,8464,1782,2244,1.833917005,1.854936888,319.088603592,794.729459463,nan,nan,nan,nan,nan,0.000000000,14.699213032,12.805574050,0.219989975,0.253819977,13.540970976,0,0.100000000
158.200397968,19872,2488,0,11347,8525,17380,4027,1394,1418,542,876,8859,8521,1740,2287,1.788204682,1.920123644,333.288398734,764.851745094,nan,1,nan,nan,nan,0.000000000,12.732139963,10.083283065,0.168956933,0.186553982,10.644891008,0,0.100000000
158.300282717,19968,2596,0,11440,8528,17368,4050,1437,1428,550,878,8844,8524,1766,2284,1.785329958,2.006051349,296.212498021,837.003884373,nan,1,nan,nan,nan,0.000000000,14.451196010,10.818039940,0.161688949,0.167923979,11.388878978,0,0.100000000
158.400244713,19584,2304,0,11234,8350,17368,4050,1379,1376,550,826,8844,8524,1766,2284,1.785329958,2.006051349,284.679963241,823.021430602,nan,nan,nan,nan,nan,0.000000000,11.516848987,9.965442005,0.156298105,0.160628988,10.530600033,0,0.100000000
158.500189543,20352,2520,0,11371,8981,17368,4050,1414,1409,550,859,8844,8524,1766,2284,1.785329958,2.006051349,272.645462426,835.987962874,nan,nan,nan,nan,nan,0.000000000,11.469018995,9.854939941,0.174656976,0.139229000,10.457072000,0,0.100000000
158.600392580,19776,2226,0,11191,8585,17546,4332,1487,1502,607,895,8961,8585,1963,2369,1.765983309,1.836139432,305.131435217,880.221545957,10.138750076,3,0.000000000,nan,nan,0.000000000,17.429421016,11.809451971,0.187618018,0.215105014,12.422166998,0,0.100000000
158.700299740,19776,2672,0,11415,8361,17546,4332,1459,1452,575,877,8961,8585,1963,2369,1.765983309,1.836139432,277.061779027,835.766371954,nan,nan,nan,nan,nan,0.000000000,12.211770983,10.391604970,0.175445923,0.167651975,10.970823001,0,0.100000000
158.900432587,20064,2643,0,11497,8567,17417,4470,1371,1519,590,929,8850,8567,2157,2313,1.886472765,1.664213900,363.902505820,1043.773129293,65.846443176,5,1.000000000,nan,nan,0.000000000,22.025193030,16.005821992,0.168843952,0.239275978,16.607996018,0,0.100000000
159.000303507,19872,2479,0,11418,8454,17389,4333,1502,1461,642,819,8935,8454,2133,2200,1.847863687,1.654425590,314.969270028,765.553774677,5.680084229,2,0.000000000,nan,nan,0.000000000,16.736193968,14.024868957,0.245027943,0.187230995,14.893176965,0,0.100000000
159.100233078,20064,2572,0,11315,8749,17488,4132,1392,1384,613,771,8739,8749,2044,2088,1.889387702,1.566635278,324.982345536,803.316914562,34.192562103,6,1.000000000,nan,nan,0.000000000,12.501593970,10.048465047,0.153734058,0.190775027,10.592340026,0,0.100000000
159.200246334,19872,2585,0,11460,8412,17488,4132,1436,1428,684,744,8739,8749,2044,2088,1.889387702,1.566635278,304.697851838,893.461428549,nan,nan,nan,nan,nan,0.000000000,16.516101023,14.541234937,0.280160981,0.214641972,15.450975974,0,0.100000000
159.300301552,20160,2466,0,11139,9021,17690,4054,1387,1440,682,758,8673,9017,1922,2132,1.875932271,1.587292693,347.271574450,896.484043960,15.421867371,5,1.000000000,nan,nan,0.000000000,13.057484990,10.579259950,0.171049964,0.182977994,11.147000012,0,0.100000000
159.400382519,19968,2622,0,11468,8500,17342,4095,1452,1439,679,760,8846,8496,1929,2166,1.853177133,1.723266056,294.343209000,948.501467775,55.693149567,11,1.000000000,nan,nan,0.000000000,15.962080972,12.004427903,0.164207944,0.165474019,12.589659018,0,0.100000000
159.500396967,20064,2502,0,11224,8840,17558,4159,1450,1458,701,757,8722,8836,1943,2216,1.856094821,1.648157295,321.604643295,912.638461850,7.895469666,10,0.000000000,nan,nan,0.000000000,17.721869983,12.647103926,0.171213003,0.159654010,13.242789020,0,0.100000000
159.600314856,19968,2646,0,11506,8462,17558,4159,1391,1382,632,750,8722,8836,1943,2216,1.856094821,1.648157295,307.448006186,850.351198211,nan,nan,nan,nan,nan,0.000000000,13.534162950,11.913268012,0.175553083,0.187460042,12.523688958,0,0.100000000
159.700396299,19968,2493,0,11217,8751,17558,4159,1387,1391,641,750,8722,8836,1943,2216,1.856094821,1.648157295,303.922991890,792.064872702,nan,nan,nan,nan,nan,0.000000000,14.901366027,13.148761995,0.189677987,0.158837007,13.844297035,0,0.100000000
159.800207615,20064,2666,0,11486,8578,17394,4112,1377,1383,616,767,8816,8578,1908,2204,1.798681039,1.735728410,300.209404615,845.120057208,4.531383514,2,0.000000000,nan,nan,0.000000000,23.150905035,17.963650986,0.183918921,0.175315014,18.640224996,0,0.100000000
159.901501894,19968,2475,0,11178,8790,17394,4112,1405,1402,597,805,8816,8578,1908,2204,1.798681039,1.735728410,320.888822996,847.471788485,nan,nan,nan,nan,nan,0.000000000,12.318406953,10.499381984,0.206561992,0.273938989,11.197536020,0,0.100000000
160.000254869,20064,2687,0,11318,8746,17373,4188,1569,1454,679,775,8627,8746,1962,2226,1.806466446,1.684474677,291.216725248,899.332553187,47.927141190,3,1.000000000,nan,nan,0.000000000,12.842344993,10.454204981,0.169544015,0.169053965,11.054359959,0,0.100000000
160.102034330,19968,2514,0,11079,8889,17450,4163,1483,1449,598,851,8565,8885,1916,2247,1.797003265,1.616640963,322.004519282,913.965451558,7.099390030,16,0.000000000,nan,nan,0.000000000,13.807329990,11.311901966,0.202183961,0.166347018,12.023751973,0,0.100000000
160.200328350,20064,2751,0,11163,8901,17309,4232,1485,1475,642,833,8412,8897,1904,2328,1.803086389,1.744640673,302.471724285,947.227242294,8.543491364,18,0.000000000,nan,nan,0.000000000,13.102168974,10.545595025,0.165568024,0.177913986,11.126393976,0,0.100000000
160.301321745,19776,2590,0,11100,8676,17182,4169,1497,1487,634,853,8510,8672,1859,2310,1.775169681,1.634671540,323.275691525,937.188060579,7.390022278,6,0.000000000,nan,nan,0.000000000,12.670903991,10.368066025,0.178505026,0.145496975,10.950624011,0,0.100000000
160.402568579,19776,2801,0,11077,8699,16971,4194,1461,1471,627,844,8276,8695,1823,2371,1.784496394,1.707060060,309.734300827,1087.621868828,6.163597107,20,0.000000000,nan,nan,0.000000000,18.161305052,14.565561025,0.241953996,0.191424973,15.436137037,0,0.100000000
160.498817205,20448,2742,0,11294,9154,17702,4200,1531,1525,677,848,8552,9150,1845,2355,1.752525403,1.677741470,304.929033268,1007.734776048,5.556821823,3,0.000000000,nan,nan,0.000000000,14.010991028,11.538939143,0.189475017,0.157508999,12.217245996,0,0.100000000
160.600211382,20064,2844,0,11117,8947,17216,4135,1417,1426,607,819,8269,8947,1773,2362,1.742049592,1.675106247,287.056865089,976.160796892,92.652320862,6,1.000000000,nan,nan,0.000000000,19.457318005,15.567229944,0.186857069,0.171297987,16.256333038,0,0.100000000
160.700408936,19968,2839,0,11195,8773,17125,4068,1560,1551,653,898,8352,8773,1757,2311,1.688029448,1.749379571,354.701843151,1063.225905774,9.202957153,17,0.000000000,nan,nan,0.000000000,13.716880989,11.287147005,0.200729060,0.173354056,11.946581013,0,0.100000000
160.800231934,20064,2895,0,10963,9101,17165,4027,1440,1447,609,838,8064,9101,1660,2367,1.700483735,1.692537481,309.880967329,1077.823776885,nan,1,nan,nan,nan,0.000000000,13.979598996,11.514797050,0.158362032,0.171405030,12.084651971,0,0.100000000
160.901884556,19584,2311,0,10481,9103,17165,4027,1508,1511,638,873,8064,9101,1660,2367,1.700483735,1.692537481,323.300605571,1106.625524550,nan,nan,nan,nan,nan,0.000000000,12.621050992,10.899326997,0.226725941,0.176652975,11.658425967,0,0.100000000
160.999814272,19776,2487,0,10605,9171,17165,4027,1496,1499,641,858,8064,9101,1660,2367,1.700483735,1.692537481,316.664531208,1104.720692401,nan,nan,nan,nan,nan,0.000000000,16.988296993,15.047070978,0.253067003,0.180959993,15.929011977,0,0.100000000
161.100430012,19872,2865,0,10642,9230,17003,4104,1539,1527,690,837,7773,9230,1696,2408,1.649184333,1.716113599,335.902040228,1038.503561161,14.411211014,5,0.000000000,nan,nan,0.000000000,15.633253031,12.961998931,0.238274923,0.199522008,13.799277018,0,0.100000000
161.202224731,19968,3099,0,11015,8953,16865,4108,1511,1583,663,920,7912,8953,1765,2343,1.599441948,1.770411528,375.605814795,1119.727083870,41.369915009,11,1.000000000,nan,nan,0.000000000,17.791345017,13.172623992,0.198884984,0.237144006,13.873979973,0,0.100000000
161.300213337,20064,3160,0,10889,9175,16900,4078,1597,1630,730,900,7725,9175,1690,2388,1.580370226,1.751009402,386.278850118,1178.640476582,nan,1,nan,nan,nan,0.000000000,13.185613032,10.903660965,0.198783993,0.161729986,11.547234026,0,0.100000000
161.400518894,19968,3305,0,10965,9003,16659,4148,1532,1535,667,868,7659,9000,1738,2410,1.542433471,1.791143920,351.374356581,1186.064926518,nan,1,nan,nan,nan,0.000000000,20.913917047,16.559886048,0.214095053,0.188372971,17.335015989,0,0.100000000
161.500269651,20064,3390,0,10891,9173,16670,4141,1575,1566,690,876,7503,9167,1661,2480,1.531313809,1.787494591,344.605005205,1190.799372861,9.496688843,3,0.000000000,nan,nan,0.000000000,20.571683010,15.573842975,0.212233979,0.216165965,16.284036974,0,0.100000000
161.600239038,19968,3313,0,10859,9109,16651,4102,1543,1532,655,877,7566,9085,1671,2431,1.513385083,1.811504599,371.086958808,1223.409077334,104.913949966,3,1.000000000,nan,nan,0.000000000,15.893131029,12.963899993,0.265889103,0.380676007,13.878842001,0,0.100000000
161.700680971,20064,3336,0,10900,9164,16651,4102,1534,1537,635,902,7566,9085,1671,2431,1.513385083,1.811504599,358.284997335,1124.613606618,nan,nan,nan,nan,nan,0.000000000,15.665112995,13.353352027,0.171444961,0.180436997,13.955077040,0,0.100000000
161.800355673,20064,3394,0,11005,9059,16666,4093,1565,1602,652,950,7790,8876,1574,2519,1.458104084,1.884268419,393.960081782,1099.829780141,6.158828735,2,0.000000000,nan,nan,0.000000000,15.151451982,12.318989029,0.191165018,0.185588957,12.987299007,0,0.100000000
161.900475740,19584,3299,0,11026,8558,16666,4093,1457,1456,550,906,7790,8876,1574,2519,1.458104084,1.884268419,334.992106103,819.895470740,nan,nan,nan,nan,nan,0.000000000,14.016431989,12.299528986,0.217428023,0.174337009,13.069017034,0,0.100000000
162.000976801,20448,3534,0,11301,9147,16910,4166,1601,1648,670,978,8008,8902,1536,2630,1.445205847,1.995210800,373.409272598,991.248795491,nan,1,nan,nan,nan,0.000000000,17.647114000,14.135613048,0.277222018,0.249070989,15.133193985,0,0.100000000
162.100442410,19968,3391,0,11299,8669,16573,3982,1495,1481,571,910,8135,8438,1481,2501,1.361606779,2.112560956,328.004635494,925.791286099,5.689859390,2,0.000000000,nan,nan,0.000000000,15.683899983,12.286409910,0.158282986,0.182438991,12.868584017,0,0.100000000
162.200237274,20160,3638,0,11402,8758,16573,3982,1556,1554,640,914,8135,8438,1481,2501,1.361606779,2.112560956,328.465615844,969.079056928,nan,nan,nan,nan,nan,0.000000000,11.814526981,10.143504012,0.213956926,0.162716955,10.855022992,0,0.100000000
162.300379753,19968,3499,0,11357,8611,16465,3916,1514,1528,644,884,8134,8331,1505,2411,1.326040744,2.130675209,321.150979426,954.946566505,29.788255692,4,1.000000000,nan,nan,0.000000000,21.066852030,17.213305982,0.238148961,0.191138999,18.006319995,0,0.100000000
162.400401592,19968,3614,0,11145,8823,16350,3973,1392,1402,580,822,7804,8546,1506,2467,1.337237201,2.012022567,283.110362371,763.727435012,29.796600342,8,1.000000000,nan,nan,0.000000000,15.798071981,12.105921982,0.155099027,0.197864021,12.656684034,0,0.100000000
162.500228405,20064,3555,0,11445,8619,16505,3997,1517,1515,641,874,8164,8341,1515,2482,1.283311953,2.214156267,323.867111090,974.950807019,45.586109161,4,1.000000000,nan,nan,0.000000000,16.410181008,11.358358955,0.175497960,0.178935996,11.959706957,0,0.100000000
162.600323200,20064,3623,0,11191,8873,16437,4016,1506,1510,641,869,7849,8588,1488,2528,1.290634365,2.199868167,323.927317692,1012.324915187,85.970878601,3,1.000000000,nan,nan,0.000000000,12.190864014,9.854001051,0.173838052,0.171596010,10.452845017,0,0.100000000
162.700361729,19968,3554,0,11503,8465,16410,4009,1520,1535,663,872,8225,8185,1530,2479,1.240930699,2.231564788,337.189868687,1055.427515545,5.624532700,2,0.000000000,nan,nan,0.000000000,17.771935964,13.821754023,0.187255966,0.190966006,14.472492039,0,0.100000000
162.800372124,19872,3651,0,11277,8595,16410,4009,1512,1513,650,863,8225,8185,1530,2479,1.240930699,2.231564788,317.448071949,1015.393509160,nan,nan,nan,nan,nan,0.000000000,11.997688969,10.465138941,0.176542031,0.153854955,11.060647026,0,0.100000000
162.899152517,20256,3485,0,11827,8429,16410,4009,1502,1501,652,849,8225,8185,1530,2479,1.240930699,2.231564788,318.355385197,1004.570270116,nan,nan,nan,nan,nan,0.000000000,13.701707998,12.029317964,0.202570052,0.205354998,12.739096012,0,0.100000000
163.000316620,20256,3760,0,11614,8642,16410,4009,1511,1509,647,862,8225,8185,1530,2479,1.240930699,2.231564788,325.572838753,1016.315913177,nan,nan,nan,nan,nan,0.000000000,12.150552997,10.649541917,0.167683058,0.151986023,11.204720009,0,0.100000000
163.100549221,19968,3549,0,11442,8526,16415,4036,1469,1523,610,913,8235,8180,1416,2620,1.161331575,2.273404474,306.995220326,1064.834077542,nan,1,nan,nan,nan,0.000000000,19.099093974,16.311039042,0.356443052,0.184133998,17.482577998,0,0.100000000
163.200333834,19968,3518,0,11363,8605,16446,4006,1545,1487,559,928,8213,8233,1381,2625,1.138327289,2.268727866,331.122992848,1072.166004616,nan,1,nan,nan,nan,0.000000000,15.798641020,11.730009108,0.174351910,0.182684045,12.355078012,0,0.100000000
163.300209284,20064,3546,0,11312,8752,16514,4002,1465,1483,551,932,8134,8380,1396,2606,1.133841902,2.273490032,327.738658429,1074.529138687,nan,1,nan,nan,nan,0.000000000,20.162800036,14.658653061,0.200441049,0.251177000,15.415977978,0,0.100000000
163.400460243,20064,3660,0,11449,8615,16514,4002,1515,1509,579,930,8134,8380,1396,2606,1.133841902,2.273490032,348.345149207,1103.664573414,nan,nan,nan,nan,nan,0.000000000,12.394626974,10.463794053,0.165742938,0.288651965,11.047845997,0,0.100000000
163.500438690,20064,3898,0,11398,8666,16162,3969,1532,1484,545,939,7841,8321,1331,2638,1.095329658,2.197811997,321.028143544,1110.185062930,3.679275513,2,0.000000000,nan,nan,0.000000000,20.659392001,17.175924964,0.311216048,0.203142001,18.211628951,0,0.100000000
163.600297689,19968,3957,0,11340,8628,16007,3928,1477,1485,598,887,7675,8332,1351,2577,1.078066322,2.228184193,339.236692102,1248.900464125,20.205259323,4,1.000000000,nan,nan,0.000000000,17.510154983,11.196981010,0.171642983,0.176015019,11.781671958,0,0.100000000
163.701701880,19392,3838,0,10651,8741,15550,4050,1394,1404,491,913,7110,8440,1331,2719,1.031747551,2.196231708,325.507193087,1209.873076208,39.895534515,4,1.000000000,nan,nan,0.000000000,14.904014999,11.893539049,0.178219983,0.252960017,12.516768998,0,0.100000000
163.799414396,20736,4375,0,11750,8986,16357,4068,1447,1442,524,918,7657,8700,1377,2691,1.038165207,2.250256764,350.936039069,1185.413233913,nan,1,nan,nan,nan,0.000000000,13.805458962,10.991543008,0.196856970,0.179960974,11.722957017,0,0.100000000
163.900223494,20064,4083,0,10994,9070,15977,4118,1503,1499,563,936,7160,8817,1344,2774,1.020650442,2.207063357,356.793193857,1395.469518549,4.386901855,2,0.000000000,nan,nan,0.000000000,16.047507001,12.092906050,0.171739026,0.173225999,12.693123950,0,0.100000000
164.001776218,20064,4375,0,11333,8731,15685,4087,1348,1352,442,910,7158,8527,1329,2758,1.024200399,2.256689556,337.202249974,1123.828789482,44.661283493,3,1.000000000,nan,nan,0.000000000,25.388927024,19.776493020,0.208002981,0.164247991,20.459836000,0,0.100000000
164.100314379,19968,4289,0,11044,8924,15685,4087,1415,1420,529,891,7158,8527,1329,2758,1.024200399,2.256689556,343.579098566,1263.256324644,nan,nan,nan,nan,nan,0.000000000,11.894066003,10.421507061,0.178670045,0.156010035,10.993330972,0,0.100000000
164.200485945,19968,4495,0,11323,8645,15469,3977,1395,1387,490,897,7042,8427,1272,2705,0.990859233,2.265733237,327.808530899,1252.760391894,3.570556641,2,0.000000000,nan,nan,1.000000000,14.000022027,10.952957964,0.153487956,0.174395973,11.501808011,0,0.100000000
164.300326347,19488,4406,0,10576,8912,15469,3977,1430,1428,541,887,7042,8427,1272,2705,0.990859233,2.265733237,345.812229084,1284.376769361,nan,nan,nan,nan,nan,1.000000000,12.157901016,10.444195010,0.212921004,0.227971002,11.140523013,0,0.100000000
164.399968386,19968,4715,0,11163,8805,15249,3933,1393,1437,523,914,6679,8570,1195,2738,1.001345604,2.283590068,389.775049775,1244.002742850,89.693307877,2,1.000000000,nan,nan,0.000000000,12.676373008,10.256452020,0.153680041,0.187130994,10.795693030,0,0.100000000
164.600241899,19968,5197,0,11091,8877,14767,3993,1443,1462,556,906,6106,8661,1223,2770,1.068206880,2.235364295,362.043193638,1267.584785630,143.668174744,8,1.000000000,nan,nan,0.000000000,16.040020972,12.343051087,0.164113997,0.222436036,12.914229010,0,0.100000000
164.700211287,20064,5377,0,10994,9070,14767,3993,1435,1436,484,952,6106,8661,1223,2770,1.068206880,2.235364295,324.616336967,1246.904980224,nan,nan,nan,nan,nan,0.000000000,11.701665993,10.241743061,0.165759004,0.169552979,10.816188995,0,0.100000000
164.800518751,19968,5512,0,11092,8876,14767,3993,1473,1468,484,984,6106,8661,1223,2770,1.068206880,2.235364295,335.181906302,1239.334576635,nan,nan,nan,nan,nan,0.000000000,12.326430005,10.795734997,0.182272110,0.183780969,11.395048990,0,0.100000000
164.900223970,19968,5789,0,11061,8907,14175,3989,1360,1390,512,878,5398,8777,1338,2651,1.466964554,2.165235049,366.894255706,1327.469497859,nan,1,nan,nan,nan,0.000000000,13.079034979,10.687751928,0.161650998,0.249381003,11.321434984,0,0.100000000
165.000351667,20064,5800,0,11198,8866,14260,3978,1454,1456,536,920,5505,8755,1347,2631,1.565845520,2.178537481,342.977638821,1332.154955043,25.714635849,3,1.000000000,nan,nan,0.000000000,14.865824021,12.093272991,0.163894030,0.190140039,12.685616035,0,0.100000000
165.103582144,19968,6195,0,11168,8800,13769,3873,1407,1396,507,889,5026,8743,1256,2617,1.650108519,2.179706617,364.411495280,1338.994639078,nan,1,nan,nan,nan,0.000000000,13.067986001,10.587478988,0.169130974,0.255200022,11.208713986,0,0.100000000
165.203038931,19872,6211,0,11082,8790,13769,3873,1499,1492,501,991,5026,8743,1256,2617,1.650108519,2.179706617,388.539307924,1369.434837449,nan,nan,nan,nan,nan,0.000000000,11.367717991,9.905865067,0.175080029,0.159960007,10.497878015,0,0.100000000
165.301298618,19872,6587,0,11149,8723,13281,3921,1541,1528,458,1070,4560,8721,1177,2744,1.835433424,2.240867270,397.215026493,1400.610753008,35.958051682,5,1.000000000,nan,nan,0.000000000,12.034968007,10.001772956,0.167779042,0.181715994,10.594580031,0,0.100000000
165.400756359,20256,6895,0,11444,8812,13357,4064,1560,1542,492,1050,4545,8812,1187,2877,1.857333835,2.236708626,398.631672992,1546.846734626,59.719562531,8,1.000000000,nan,nan,0.000000000,19.494765031,16.012515931,0.217886991,0.236778986,16.773980984,0,0.100000000
165.500195503,19968,7079,0,11293,8675,12885,3934,1505,1503,430,1073,4210,8675,1126,2808,1.975643318,2.264964761,375.553786950,1371.044575916,39.957046509,6,1.000000000,nan,nan,0.000000000,22.298992029,18.124473921,0.327420072,0.247791992,19.274017017,0,0.100000000
165.600338459,20064,7042,0,11094,8970,13018,4036,1445,1485,469,1016,4051,8967,1144,2892,2.020023264,2.191373527,373.608131069,1529.628006040,30.100584030,4,1.000000000,nan,nan,0.000000000,14.719566039,12.370145007,0.217935012,0.194813998,13.134351990,0,0.100000000
165.700317621,19968,7391,0,11400,8568,13018,4036,1519,1521,483,1038,4051,8967,1144,2892,2.020023264,2.191373527,399.612520348,1575.540144407,nan,nan,nan,nan,nan,0.000000000,13.452454994,11.717123969,0.249842939,0.166398007,12.524026970,0,0.100000000
165.800412416,20064,7370,0,11246,8818,12690,4070,1478,1476,478,998,3942,8748,1223,2847,2.098426819,2.217982982,403.631719346,1590.155542944,5.453824997,2,0.000000000,nan,nan,0.000000000,13.360988989,11.248963012,0.173587992,0.235378975,11.839805986,0,0.100000000
165.900337696,19968,7576,0,11521,8447,12388,4058,1534,1535,495,1040,4116,8272,1310,2748,2.105564038,2.301180128,374.997809368,1395.637982212,nan,1,nan,nan,nan,0.000000000,15.110271983,11.992236949,0.176451984,0.184021017,12.598039990,0,0.100000000
166.000290155,19968,7565,0,11583,8385,12399,4134,1451,1429,505,924,4244,8155,1408,2726,2.105821910,2.243779396,393.488998263,1550.342928991,60.095071793,3,1.000000000,nan,nan,0.000000000,16.596073983,13.136319991,0.159920950,0.216357003,13.718400965,0,0.100000000
166.100208521,20064,7709,0,11712,8352,12399,4134,1435,1442,512,930,4244,8155,1408,2726,2.105821910,2.243779396,376.645416081,1586.039039149,nan,nan,nan,nan,nan,0.000000000,12.762364990,11.238134990,0.173245033,0.204749987,11.867052002,0,0.100000000
166.200250387,19968,7753,0,11861,8107,12211,4279,1462,1478,624,854,4589,7622,1684,2595,2.132327600,2.244190268,383.148061206,1730.260719060,nan,1,nan,nan,nan,0.000000000,13.799125969,11.675633956,0.178886985,0.233135012,12.284591969,0,0.100000000
166.300326824,19968,7782,0,11970,7998,12182,4389,1808,1781,774,1007,4828,7354,1832,2557,2.152596364,2.271104883,444.777153134,1829.942696805,72.966575623,3,1.000000000,nan,nan,0.000000000,20.076960966,16.077355016,0.230267993,0.289445976,16.826039006,0,0.100000000
166.400264502,20064,8085,0,12358,7706,11975,4068,1486,1497,754,743,5015,6960,1858,2210,2.153405209,2.262803840,374.206707599,1719.647149525,65.570831299,2,1.000000000,nan,nan,0.000000000,17.659751989,12.088188028,0.244290975,0.307176029,12.984647998,0,0.100000000
166.500215054,19968,8285,0,12316,7652,11679,3979,1385,1406,643,763,4776,6903,1779,2200,2.221760519,2.287296202,326.971240940,1460.476590489,5.711078644,2,0.000000000,nan,nan,0.000000000,23.961515981,19.540484005,0.200778013,0.161675969,20.249002031,0,0.100000000
166.601643324,19968,8145,0,12244,7724,11819,3941,1497,1471,713,758,4945,6874,1777,2164,2.170821457,2.302935290,346.996347625,1442.899239042,nan,1,nan,nan,nan,0.000000000,19.217604946,14.367431984,0.214974105,0.235037005,15.135284979,0,0.100000000
166.700680971,19968,8451,0,12313,7655,11513,3946,1480,1457,668,789,4674,6839,1714,2232,2.215291496,2.360804542,344.388471820,1473.328107739,5.660057068,6,0.000000000,nan,nan,0.000000000,13.778581982,11.137908965,0.180321920,0.177431968,11.773352977,0,0.100000000
166.804206133,19488,7826,0,11841,7647,11658,3870,1449,1447,660,787,4806,6852,1662,2208,2.180449328,2.360112752,343.251254747,1344.829108149,nan,1,nan,nan,nan,0.000000000,12.987422000,10.486180952,0.161489996,0.177788024,11.101191980,0,0.100000000
166.900773525,20544,8953,0,12707,7837,11658,3870,1331,1331,609,722,4806,6852,1662,2208,2.180449328,2.360112752,303.097781359,1262.751550958,nan,nan,nan,nan,nan,0.000000000,14.071199985,12.358157954,0.184904027,0.152239983,13.024638989,0,0.100000000
167.000803471,19968,8405,0,12283,7685,11559,3917,1443,1484,656,828,4773,6786,1622,2295,2.208870718,2.408353058,341.770442911,1385.023453444,nan,1,nan,nan,nan,0.000000000,12.051912025,10.121097963,0.170017942,0.175102032,10.739265010,0,0.100000000
167.100184441,19968,8686,0,12529,7439,11278,3874,1441,1446,710,736,4766,6512,1644,2230,2.194618738,2.428419005,347.260690763,1493.729458614,4.450798035,2,0.000000000,nan,nan,0.000000000,14.454009943,12.293469976,0.205977994,0.205147022,13.009943999,0,0.100000000
167.200304508,20064,8520,0,12574,7490,11540,3920,1542,1529,726,803,5056,6484,1785,2135,2.237206598,2.419161733,351.152527266,1484.700958348,16.519546509,3,1.000000000,nan,nan,0.000000000,13.585079985,11.043921055,0.204085023,0.161776028,11.677688046,0,0.100000000
167.301699162,19968,8727,0,12825,7143,11237,3828,1381,1399,756,643,5150,6087,1799,2029,2.242741832,2.461761575,307.399740676,1434.955580481,49.745798111,13,1.000000000,nan,nan,0.000000000,16.060924041,11.883740954,0.151620014,0.191372994,12.439417013,0,0.100000000
167.400368929,20064,8668,0,12847,7217,11392,3907,1495,1496,819,677,5319,6073,1906,2001,2.267136758,2.400052932,353.481309244,1379.217662295,20.557165146,7,1.000000000,nan,nan,0.000000000,12.655308004,10.383060027,0.167666003,0.196744979,10.999756982,0,0.100000000
167.500408411,20064,8870,0,13109,6955,11190,3713,1297,1335,780,555,5465,5725,1866,1847,2.220338245,2.453331607,321.402976212,1441.706639580,56.314229965,4,1.000000000,nan,nan,0.000000000,16.630328028,11.637285934,0.144816120,0.158960989,12.167028966,0,0.100000000
167.600311756,19488,8456,0,12443,7045,11190,3713,1313,1321,783,538,5465,5725,1866,1847,2.220338245,2.453331607,313.177697663,1444.665018067,nan,nan,nan,nan,nan,0.000000000,10.727364046,9.455331950,0.140410964,0.137599010,9.966637997,0,0.100000000
167.701363802,20448,9011,0,13404,7044,11433,3785,1256,1326,800,526,5752,5681,1905,1880,2.215306584,2.473044503,294.015303377,1329.987959920,65.433025360,2,1.000000000,nan,nan,0.000000000,22.576810035,19.241580041,0.237044995,0.169255014,20.083834010,0,0.100000000
167.800246477,19968,8746,0,12874,7094,11218,3804,1334,1351,757,594,5375,5843,1831,1973,2.376720618,2.395725555,303.334049829,1391.952081836,nan,1,nan,nan,nan,0.000000000,14.507251966,11.433218955,0.149625994,0.188108999,11.965166021,0,0.100000000
167.900219917,19968,8542,0,12825,7143,11218,3804,1377,1380,777,603,5375,5843,1831,1973,2.376720618,2.395725555,310.715324344,1410.072858868,nan,nan,nan,nan,nan,0.000000000,13.103906997,11.369074055,0.223856070,0.243305985,12.253512046,0,0.100000000
168.000216484,20064,8771,0,12863,7201,11218,3804,1406,1407,783,624,5375,5843,1831,1973,2.376720618,2.395725555,318.823775563,1434.892313568,nan,nan,nan,nan,nan,0.000000000,11.640098004,10.203052021,0.187097001,0.155024987,10.808169958,0,0.100000000
168.100244522,19968,8579,0,12843,7125,11218,3804,1411,1410,784,626,5375,5843,1831,1973,2.376720618,2.395725555,320.145154640,1420.484398318,nan,nan,nan,nan,nan,0.000000000,11.088548985,9.739931091,0.186072022,0.151573040,10.326448013,0,0.100000000
168.200195312,19872,8838,0,12890,6982,11218,3804,1409,1406,778,628,5375,5843,1831,1973,2.376720618,2.395725555,319.436408449,1424.311092651,nan,nan,nan,nan,nan,0.000000000,12.078472995,10.679100989,0.187425932,0.195058994,11.290149996,0,0.100000000
168.301232100,20160,8617,0,13060,7100,11539,3807,1347,1403,779,624,5769,5770,1925,1882,2.441697973,2.522770702,280.589596691,1642.529721371,104.311466217,2,1.000000000,nan,nan,0.000000000,16.139547981,13.774750987,0.169559964,0.290651049,14.397049032,0,0.100000000
168.400850058,19968,8943,0,12982,6986,11539,3807,1451,1446,804,642,5769,5770,1925,1882,2.441697973,2.522770702,292.174212585,1543.006298379,nan,nan,nan,nan,nan,0.000000000,14.059691981,12.387551949,0.191083935,0.164302997,13.073966024,0,0.100000000
168.500397444,19968,8642,0,12816,7152,11322,3880,1530,1538,806,732,5497,5825,1931,1949,2.499989139,2.536435657,296.139818136,1703.723356594,nan,1,nan,nan,nan,0.000000000,16.012570006,13.072555012,0.175640977,0.190549996,13.679484022,0,0.100000000
168.600111961,20064,8983,0,13123,6941,11077,4060,1500,1517,860,657,5446,5631,2070,1990,2.595978936,2.559675451,358.190329866,1934.806538400,44.736862183,6,1.000000000,nan,nan,0.000000000,16.827912012,14.536642935,0.297705003,0.206238008,15.481613984,0,0.100000000
168.700222969,19968,8579,0,12917,7051,11385,4198,1603,1638,954,684,5702,5683,2262,1936,2.573884208,2.551188926,375.606419287,1885.643827067,19.532680511,4,1.000000000,nan,nan,0.000000000,18.843883998,16.277470044,0.312761054,0.211822975,17.383096041,0,0.100000000
168.800987244,20064,8701,0,13054,7010,11359,4122,1520,1510,948,562,5731,5628,2236,1886,2.621079805,2.598229839,333.341072699,1865.713365264,nan,1,nan,nan,nan,0.000000000,14.815199014,12.775070965,0.172651082,0.223209034,13.372751011,0,0.100000000
168.900300026,19968,8427,0,12992,6976,11537,4413,1585,1685,1022,663,6007,5530,2425,1988,2.623866414,2.569667234,376.483616407,1856.081286724,30.469179153,9,1.000000000,nan,nan,0.000000000,17.196805973,13.709185994,0.177401991,0.245885982,14.358335000,0,0.100000000
169.000261784,19584,8562,0,13247,6337,11018,4343,1667,1646,1027,619,6146,4872,2526,1817,2.624919950,2.511898120,373.326743310,2022.477604542,6.136178970,4,0.000000000,nan,nan,0.000000000,15.086116968,12.917747023,0.212819024,0.208556012,13.613026007,0,0.100000000
169.098064184,20352,8487,0,13426,6926,11018,4343,1632,1634,1031,603,6146,4872,2526,1817,2.624919950,2.511898120,355.342331617,1998.556197590,nan,nan,nan,nan,nan,0.000000000,13.468064019,11.930261098,0.220110989,0.185676035,12.682561006,0,0.100000000
169.200244904,19584,8309,0,13314,6270,11018,4343,1608,1609,1019,590,6146,4872,2526,1817,2.624919950,2.511898120,342.267694626,1898.959628150,nan,nan,nan,nan,nan,0.000000000,12.927449017,11.504308961,0.178887974,0.180097006,12.133586977,0,0.100000000
169.300354004,20448,8374,0,13936,6512,11018,4343,1608,1607,1029,578,6146,4872,2526,1817,2.624919950,2.511898120,351.912690635,1977.073375633,nan,nan,nan,nan,nan,0.000000000,12.163224979,10.821727978,0.150602951,0.204191951,11.336470023,0,0.100000000
169.400203943,20064,8183,0,13834,6230,11877,4251,1402,1385,1033,352,7536,4341,2751,1500,2.615027279,2.418030234,386.379933778,2100.901588657,65.345764160,6,1.000000000,nan,nan,0.000000000,16.959287983,14.033578103,0.156979018,0.417783973,14.589145023,0,0.100000000
169.500729084,19968,8216,0,13706,6262,11748,4156,1294,1300,931,369,7338,4410,2675,1481,2.698558332,2.331125250,311.739851163,1517.870777538,nan,1,nan,nan,nan,0.000000000,17.792265979,13.957634044,0.151249988,0.253523001,14.488990011,0,0.100000000
169.600166559,19968,7962,0,13679,6289,12002,4210,1361,1371,984,387,7598,4404,2728,1482,2.602612851,2.404291603,292.887573475,1464.984779241,nan,1,nan,nan,nan,0.000000000,20.055800036,16.743456072,0.186291931,0.229909027,17.424688034,0,0.100000000
169.700155735,19968,7953,0,13656,6312,12002,4210,1278,1276,885,391,7598,4404,2728,1482,2.602612851,2.404291603,254.347662543,1369.515101664,nan,nan,nan,nan,nan,0.000000000,14.570256986,12.846615922,0.216574990,0.285985996,13.587584952,0,0.100000000
169.800128222,20064,7584,0,13574,6490,12002,4210,1317,1313,916,397,7598,4404,2728,1482,2.602612851,2.404291603,265.379340263,1477.516440683,nan,nan,nan,nan,nan,0.000000000,15.643646009,13.769084995,0.157014001,0.197871996,14.315285021,0,0.100000000
169.900296211,19776,7586,0,13599,6177,12002,4210,1325,1326,934,392,7598,4404,2728,1482,2.602612851,2.404291603,273.603313825,1482.786280222,nan,nan,nan,nan,nan,0.000000000,13.417288952,11.938844982,0.194635068,0.163322024,12.580112030,0,0.100000000
169.998959541,20256,7236,0,13654,6602,13016,4412,1516,1404,949,455,8116,4900,2807,1605,2.592332653,2.387906911,313.265000677,1662.062623608,48.538446426,8,1.000000000,nan,nan,0.000000000,13.704011973,11.361707933,0.173177978,0.226079021,11.943575984,0,0.100000000
170.100269318,19872,7290,0,13640,6232,13016,4412,1472,1459,971,488,8116,4900,2807,1605,2.592332653,2.387906911,336.204740949,1755.206715382,nan,nan,nan,nan,nan,0.000000000,12.774245988,11.248682044,0.175862922,0.192323001,11.847232003,0,0.100000000
170.200109005,19968,6931,0,13657,6311,13033,4376,1472,1437,973,464,8353,4680,2842,1534,2.598798618,2.345776127,303.757802526,1887.483812193,60.019731522,7,1.000000000,nan,nan,0.000000000,22.592783032,19.016965991,0.267491967,0.249498989,19.882653025,0,0.100000000
170.300223589,20064,6926,0,13922,6142,13033,4376,1468,1472,988,484,8353,4680,2842,1534,2.598798618,2.345776127,324.753432441,1768.270889463,nan,nan,nan,nan,nan,0.000000000,14.145014982,12.612623046,0.186351128,0.173140026,13.236800034,0,0.100000000
170.400085211,20064,6641,0,13868,6196,13033,4376,1503,1506,1020,486,8353,4680,2842,1534,2.598798618,2.345776127,333.369538130,1779.425222309,nan,nan,nan,nan,nan,0.000000000,15.651838970,14.066300006,0.219617039,0.171257008,14.790010988,0,0.100000000
170.500379801,19968,6541,0,13949,6019,13423,4642,1448,1594,1197,397,8788,4635,3337,1305,2.639897010,2.102611154,339.640266198,1771.092637522,39.749860764,3,1.000000000,nan,nan,0.000000000,20.768015005,16.904727963,0.226900971,0.235700980,17.698845011,0,0.100000000
170.600232363,19872,6340,0,13901,5971,13528,4650,1637,1552,1160,392,8791,4737,3385,1265,2.676584404,1.754229740,357.640366376,1819.785271062,6.113290787,2,0.000000000,nan,nan,0.000000000,18.492440984,15.823542955,0.278656080,0.279329950,16.700741020,0,0.100000000
170.700328350,20160,6362,0,14093,6067,13794,4702,1626,1588,1213,375,9043,4751,3519,1183,2.649017960,1.507250800,355.354414818,1757.514132264,4.940271378,2,0.000000000,nan,nan,0.000000000,14.087547024,11.805852060,0.182353891,0.201957999,12.432280986,0,0.100000000
170.800192595,19968,6124,0,13963,6005,13840,4665,1473,1414,1104,310,8896,4944,3550,1115,2.745410949,1.242896484,306.912850969,1591.426066692,84.556579590,4,1.000000000,nan,nan,0.000000000,17.384316016,13.418051007,0.162380864,0.203864998,13.995296962,0,0.100000000
170.900125980,19968,5764,0,13811,6157,14200,4287,1466,1413,1106,307,9086,5114,3358,929,2.736279476,1.063369614,302.338976709,1211.064767670,20.348548889,6,1.000000000,nan,nan,0.000000000,13.980067975,11.679082992,0.159560994,0.180218020,12.251449050,0,0.100000000
171.000111818,20064,5385,0,13717,6347,14675,4216,1351,1357,1013,344,9154,5521,3258,958,2.712632232,1.036998090,292.539482982,1319.193742840,5.077600479,2,0.000000000,nan,nan,0.000000000,19.101523969,14.214319119,0.154556998,0.198022986,14.768232999,0,0.100000000
171.100201368,19968,5123,0,13533,6435,14841,4167,1312,1345,1013,332,9092,5749,3221,946,2.713015396,1.012614906,280.832413208,1137.721647797,4.806995392,2,0.000000000,nan,nan,0.000000000,21.658161015,17.220189038,0.173465000,0.164347002,17.852174002,0,0.100000000
171.200180531,19968,4784,0,13381,6587,14841,4167,1321,1321,979,342,9092,5749,3221,946,2.713015396,1.012614906,268.444386523,1090.683927587,nan,nan,nan,nan,nan,0.000000000,12.155222008,10.509898071,0.140657998,0.190033985,11.046236032,0,0.100000000
171.300131798,20064,4570,0,13311,6753,15490,4223,1405,1322,923,399,9045,6445,3208,1015,2.687743015,0.994397302,293.543527962,1112.823239233,74.677705765,8,1.000000000,nan,nan,1.000000000,15.544010035,13.144976052,0.172509055,0.168667000,13.719067967,0,0.100000000
171.400404453,19872,4184,0,13031,6841,15490,4223,1316,1318,943,375,9045,6445,3208,1015,2.687743015,0.994397302,296.921549821,1037.889762071,nan,nan,nan,nan,nan,1.000000000,12.679112027,11.209513003,0.139303971,0.152183988,11.711794999,0,0.100000000
171.502096653,19872,4280,0,12983,6889,15490,4223,1365,1364,943,421,9045,6445,3208,1015,2.687743015,0.994397302,311.424296789,1121.947317367,nan,nan,nan,nan,nan,1.000000000,13.158248970,11.684834957,0.132733956,0.156799972,12.157147983,0,0.100000000
171.600251675,19968,3948,0,12869,7099,16016,4358,1418,1310,888,422,8917,7099,3170,1188,2.623392130,1.026806211,271.518495518,1036.795796171,140.007495880,7,1.000000000,nan,nan,0.000000000,15.069162007,11.960688920,0.152644992,0.180837989,12.512023037,0,0.100000000
171.703560352,19584,4010,0,12390,7194,15570,4208,1287,1288,806,482,8376,7194,3029,1179,2.692914879,1.040417213,279.517831033,964.543135216,nan,1,nan,nan,nan,0.000000000,12.848098995,10.641408968,0.140901946,0.162045006,11.181782000,0,0.100000000
171.801776648,20160,3793,0,12815,7345,16363,4311,1273,1312,842,470,9018,7345,3071,1240,2.594521154,1.063775385,300.895586214,1082.729975370,48.445701599,6,1.000000000,nan,nan,0.000000000,15.117727977,11.419392074,0.143107085,0.159299991,11.950579996,0,0.100000000
171.900436878,19968,3688,0,12500,7468,16276,4212,1272,1286,817,469,8808,7468,2976,1236,2.630051612,1.079658039,279.414934713,994.553439701,6.289958954,2,0.000000000,nan,nan,0.000000000,16.728016024,13.585265027,0.149510975,0.168809027,14.101339970,0,0.100000000
172.000069380,19968,3624,0,12378,7590,16340,4194,1295,1300,790,510,8750,7590,2928,1266,2.614224376,1.103279888,288.668344450,1093.544570774,77.068328857,3,1.000000000,nan,nan,0.000000000,15.853095974,12.099267042,0.152082997,0.174912042,12.648536009,0,0.100000000
172.100140333,19968,3432,0,12256,7712,16340,4194,1291,1305,871,434,8750,7590,2928,1266,2.614224376,1.103279888,307.344346295,1028.419179062,nan,nan,nan,nan,nan,0.000000000,15.181429975,13.583271939,0.187936006,0.158209004,14.198483957,0,0.100000000
172.200101852,19968,3461,0,12108,7860,16503,4018,1297,1322,865,457,8643,7860,2744,1274,2.541165678,1.141858102,337.427438074,1070.425963953,40.118217468,5,1.000000000,nan,nan,0.000000000,14.766992012,11.448778969,0.154001988,0.201482966,12.013170985,0,0.100000000
172.300111294,19872,3217,0,12031,7841,16503,4018,1361,1355,879,476,8643,7860,2744,1274,2.541165678,1.141858102,339.048347382,1109.080610304,nan,nan,nan,nan,nan,0.000000000,19.206136989,16.918390000,0.312098942,0.162512006,17.966651998,0,0.100000000
172.400192738,19872,3208,0,11732,8140,16503,4018,1293,1294,871,423,8643,7860,2744,1274,2.541165678,1.141858102,317.582343400,915.027570907,nan,nan,nan,nan,nan,0.000000000,11.851730000,10.335251049,0.151918968,0.145555998,10.876391025,0,0.100000000
172.503361940,19872,3027,0,11754,8118,16841,3866,1257,1244,762,482,8724,8117,2551,1315,2.118634329,1.194648493,321.266261923,926.893020250,nan,1,nan,nan,nan,0.000000000,17.943460029,12.865515077,0.158720009,0.157398987,13.452721003,0,0.100000000
172.600562811,19968,3091,0,11420,8548,16873,3840,1325,1296,725,571,8335,8538,2355,1485,2.091910175,1.198628791,284.957063506,891.765683224,99.020957947,4,1.000000000,nan,nan,0.000000000,17.134355032,14.191713999,0.298066996,0.163235993,15.259842970,0,0.100000000
172.700211287,19968,3095,0,11741,8227,16873,3840,1181,1181,704,477,8335,8538,2355,1485,2.091910175,1.198628791,250.169104487,668.959154882,nan,nan,nan,nan,nan,0.000000000,11.502966983,10.040315101,0.132107991,0.152878987,10.529167019,0,0.100000000
172.800197124,19968,3088,0,11398,8570,16876,3624,1267,1257,771,486,8458,8418,2344,1280,2.017789622,1.167584692,296.752850317,901.773856872,39.654493332,9,1.000000000,nan,nan,0.000000000,13.547868002,9.847755951,0.136007031,0.157268019,10.348010983,0,0.100000000
172.900183916,19968,3051,0,11673,8295,16913,3615,1240,1240,765,475,8777,8136,2425,1190,1.937785316,1.208889170,265.338822202,902.156954970,24.209737778,4,1.000000000,nan,nan,0.000000000,12.739880010,10.007973993,0.138033996,0.157732982,10.501331999,0,0.100000000
173.000198364,19968,3128,0,11461,8507,16836,3490,1035,1051,682,369,8489,8347,2377,1113,1.984032745,1.202072402,190.609010354,615.235613186,3.907442093,2,0.000000000,nan,nan,0.000000000,12.343534036,10.124095017,0.125880004,0.175280962,10.614808009,0,0.100000000
173.100180149,19968,3155,0,11804,8164,16836,3490,1092,1083,666,417,8489,8347,2377,1113,1.984032745,1.202072402,194.387478936,630.084647992,nan,nan,nan,nan,nan,0.000000000,11.704938021,10.144259024,0.176121946,0.130608969,10.745645966,0,0.100000000
173.200763702,19584,3080,0,11376,8208,16836,3490,1012,1009,660,349,8489,8347,2377,1113,1.984032745,1.202072402,188.156294818,587.515526456,nan,nan,nan,nan,nan,0.000000000,11.181387992,9.830342024,0.127313950,0.125018996,10.296855005,0,0.100000000
173.298197746,20448,3240,0,12091,8357,16836,3490,1084,1083,662,421,8489,8347,2377,1113,1.984032745,1.202072402,191.348090343,609.753636194,nan,nan,nan,nan,nan,0.000000000,10.581198963,9.155025997,0.133418012,0.123498030,9.634342976,0,0.100000000
173.400079012,19968,3261,0,11689,8279,16703,3239,744,912,604,308,8614,8089,2213,1026,1.904628463,1.244674281,162.203100972,503.911449923,74.851512909,3,1.000000000,nan,nan,0.000000000,10.063725000,7.939314994,0.090318965,0.135187991,8.315137005,0,0.100000000
173.500133753,20160,3629,0,11843,8317,16527,3227,1058,1026,658,368,8423,8104,2228,999,1.942113501,1.276803226,175.572498934,543.683346189,24.311304092,4,1.000000000,nan,nan,0.000000000,17.835594015,14.017320005,0.174936955,0.118849974,14.635958010,0,0.100000000
173.600186586,19968,3475,0,11683,8285,16489,3302,1125,1064,642,422,8394,8095,2172,1130,1.920062333,1.286621180,186.999451423,524.229688368,5.750656128,2,0.000000000,nan,nan,0.000000000,11.561614054,8.898552042,0.126733095,0.144354010,9.375790018,0,0.100000000
173.700224876,19968,3591,0,11581,8387,16373,3356,1143,1168,629,539,8168,8205,2131,1225,1.964331184,1.310287379,207.462234626,583.113997315,25.675535202,3,1.000000000,nan,nan,0.000000000,13.743819960,10.167632950,0.133832044,0.125736988,10.645679024,0,0.100000000
173.800201654,20160,3640,0,11884,8276,16516,3288,919,930,598,332,8408,8108,2154,1134,1.970620682,1.332441355,172.223045320,514.647842275,nan,1,nan,nan,nan,0.000000000,11.526536022,8.684842964,0.105061976,0.132953981,9.078481002,0,0.100000000
173.900280476,20064,3653,0,11652,8412,16407,3291,863,912,509,403,8156,8251,2136,1155,2.002003729,1.339347225,152.447917067,496.228397338,18.534660339,2,1.000000000,nan,nan,0.000000000,12.191900983,10.017982975,0.116712006,0.168058963,10.465272993,0,0.100000000
174.000077724,20064,3717,0,11756,8308,16343,3286,939,964,609,355,8182,8161,2147,1139,1.909957449,1.372283108,173.195288783,555.550095066,4.739522934,2,0.000000000,nan,nan,0.000000000,11.303479027,8.701542974,0.114239054,0.141112017,9.163303010,0,0.100000000
174.100226641,19968,3534,0,11326,8642,16430,3188,894,901,514,387,7939,8491,2033,1155,1.917728346,1.368435976,145.286605924,530.027456549,36.967515945,4,1.000000000,nan,nan,0.000000000,11.194336985,8.903357026,0.109151006,0.205426011,9.320827026,0,0.100000000
174.200564623,20064,3719,0,11672,8392,16341,3165,910,920,589,331,8099,8242,2011,1154,1.928081178,1.373053543,154.888508386,513.151503050,35.164356232,6,1.000000000,nan,nan,0.000000000,10.148025001,8.030914003,0.100022939,0.132596993,8.414920012,0,0.100000000
174.300149679,19872,3433,0,11248,8624,16341,3165,985,982,591,391,8099,8242,2011,1154,1.928081178,1.373053543,152.420819061,565.541603085,nan,nan,nan,nan,nan,0.000000000,10.354881000,8.792528999,0.154730049,0.141130993,9.406442987,0,0.100000000
174.400069237,20256,3794,0,11813,8443,16458,3172,899,907,576,331,8166,8292,2003,1169,1.975643580,1.392356120,165.616570297,484.026001289,129.898548126,2,1.000000000,nan,nan,0.000000000,10.728485999,8.175752999,0.096641947,0.120498997,8.547657984,0,0.100000000
174.500188589,19776,3299,0,11064,8712,16458,3172,1010,1007,580,427,8166,8292,2003,1169,1.975643580,1.392356120,186.025306116,654.787563892,nan,nan,nan,nan,nan,0.000000000,9.374237969,8.069806965,0.111250032,0.118124008,8.491037996,0,0.100000000
174.601308584,20256,3930,0,12043,8213,16322,3208,965,977,618,359,8265,8057,2076,1132,1.969869789,1.393160432,193.680223017,559.221567410,40.343046188,4,1.000000000,nan,nan,0.000000000,16.121788009,13.359549106,0.165463949,0.133783033,13.984076970,0,0.100000000
174.700062037,19776,3226,0,11031,8745,16322,3208,990,997,596,401,8265,8057,2076,1132,1.969869789,1.393160432,186.149326836,584.259337983,nan,nan,nan,nan,nan,0.000000000,9.446393989,8.130019996,0.110369991,0.123146980,8.557480993,0,0.100000000
174.800035000,19776,3808,0,11511,8265,15964,3315,1026,1023,611,412,7858,8106,2052,1263,1.928203062,1.408101577,190.675142755,549.697826331,25.834798813,4,1.000000000,nan,nan,0.000000000,12.096466962,9.823676024,0.154109031,0.181351963,10.396036028,0,0.100000000
174.900735140,20256,3397,0,11497,8759,15964,3315,1041,1038,546,492,7858,8106,2052,1263,1.928203062,1.408101577,156.497716834,586.186386293,nan,nan,nan,nan,nan,0.000000000,12.269854022,10.532180022,0.143543002,0.113464019,11.029538990,0,0.100000000
175.001864910,20256,3806,0,11486,8770,16446,3547,1134,1111,613,498,7854,8592,2004,1543,1.641723905,1.419934490,203.886326876,650.535333068,nan,1,nan,nan,nan,0.000000000,15.220214031,10.953395045,0.126906962,0.150181004,11.417987000,0,0.100000000
175.100234032,19776,3359,0,11146,8630,16446,3547,1063,1050,554,496,7854,8592,2004,1543,1.641723905,1.419934490,165.497624222,583.590205407,nan,nan,nan,nan,nan,0.000000000,11.469579011,10.004634969,0.152258028,0.122575031,10.564852972,0,0.100000000
175.201564312,20160,3728,0,11373,8787,16428,3689,1040,1104,486,618,7784,8644,1861,1828,1.411846834,1.521396698,217.073709433,705.578712142,60.234069824,4,1.000000000,nan,nan,0.000000000,25.389007002,17.703559017,0.155123067,0.136960996,18.258660042,0,0.100000000
175.300103903,19968,3430,0,11215,8753,16428,3689,1081,1086,500,586,7784,8644,1861,1828,1.411846834,1.521396698,185.683984656,653.206553313,nan,nan,nan,nan,nan,0.000000000,11.064786988,9.635031980,0.139904034,0.130625966,10.112555057,0,0.100000000
175.400379181,20160,3728,0,11462,8698,16428,3695,1129,1161,434,727,7881,8547,1746,1949,1.310917616,1.626708988,215.308788403,755.622372938,20.590305328,3,1.000000000,nan,nan,0.000000000,19.297858002,15.123391000,0.179591996,0.162188022,15.720551019,0,0.100000000
175.500369787,19392,3352,0,10829,8563,16036,3631,1103,1107,430,677,7583,8453,1656,1975,1.313730935,1.637096842,198.948790557,720.477183320,5.299568176,2,0.000000000,nan,nan,0.000000000,11.896615033,9.766726987,0.127472973,0.151794986,10.274076019,0,0.100000000
175.600749969,20448,3644,0,11451,8997,16800,3511,1174,1184,452,732,7888,8912,1592,1919,1.283180786,1.698706435,225.429479525,785.622009610,11.544466019,3,0.000000000,nan,nan,0.000000000,13.137713016,10.882030008,0.135101960,0.152090041,11.363416968,0,0.100000000
175.700104237,19968,3529,0,11270,8698,16435,3408,1091,1063,436,627,7829,8606,1557,1851,1.287133675,1.686038569,182.646179030,633.919758405,15.136480331,3,1.000000000,nan,nan,0.000000000,13.013819989,9.758476052,0.121461053,0.130172994,10.211481946,0,0.100000000
175.800231218,20160,3461,0,11124,9036,16435,3408,1088,1087,408,679,7829,8606,1557,1851,1.287133675,1.686038569,211.112046575,645.204897807,nan,nan,nan,nan,nan,0.000000000,10.174980969,8.820078976,0.124982966,0.116145995,9.282241983,0,0.100000000
175.900940418,19584,2905,0,10711,8873,16675,3331,1058,1088,416,672,7903,8772,1533,1798,1.281135021,1.669276663,213.878484877,656.219510373,nan,1,nan,nan,nan,0.000000000,11.134832050,9.019440971,0.132261077,0.109574001,9.506025002,0,0.100000000
176.001236677,19776,2942,0,10789,8987,16675,3331,1076,1075,417,658,7903,8772,1533,1798,1.281135021,1.669276663,207.618590068,638.247874226,nan,nan,nan,nan,nan,0.000000000,9.842416039,8.503893972,0.129926077,0.110580004,8.963013999,0,0.100000000
176.100154400,19968,3256,0,10935,9033,16675,3331,1099,1090,421,669,7903,8772,1533,1798,1.281135021,1.669276663,213.393201446,642.562511817,nan,nan,nan,nan,nan,0.000000000,9.896432050,8.492605994,0.121484103,0.124056998,8.974127995,0,0.100000000
176.200944185,19872,3405,0,11179,8693,16675,3331,1087,1077,417,660,7903,8772,1533,1798,1.281135021,1.669276663,212.747619474,647.055294332,nan,nan,nan,nan,nan,0.000000000,9.815766010,8.418031037,0.121260004,0.107684988,8.856208005,0,0.100000000
176.300194979,19872,3333,0,10908,8964,16675,3331,1055,1056,417,639,7903,8772,1533,1798,1.281135021,1.669276663,208.687134546,613.951282239,nan,nan,nan,nan,nan,0.000000000,12.109138945,10.761575017,0.126002007,0.111952017,11.234485020,0,0.100000000
176.403706312,19776,3471,0,11049,8727,16301,3488,1012,1093,426,667,7677,8624,1669,1819,1.304068265,1.677529437,202.000138642,643.688355700,nan,1,nan,nan,nan,0.000000000,14.885123994,11.596874974,0.129231892,0.114761002,12.070483994,0,0.100000000
176.498438120,20160,3470,0,11255,8905,16686,3429,1104,1092,435,657,7926,8760,1626,1803,1.267100448,1.661748269,226.099348720,644.944413733,55.172681808,6,1.000000000,nan,nan,0.000000000,18.322328979,15.185425000,0.218815985,0.124216953,15.977369971,0,0.100000000
176.600494862,20160,3798,0,11301,8859,16358,3452,1180,1173,447,726,7668,8690,1574,1878,1.280295658,1.673849819,232.708369697,684.780547378,nan,1,nan,nan,nan,0.000000000,21.311604010,15.760926064,0.173298991,0.118541007,16.372372978,0,0.100000000
176.700142622,19968,3456,0,10913,9055,16508,3429,1061,1027,446,581,7598,8910,1541,1888,1.253033124,1.652737067,173.087873692,516.399729005,19.837856293,4,1.000000000,nan,nan,0.000000000,14.321359049,10.041964939,0.115257979,0.120440032,10.472333990,0,0.100000000
176.800233126,20256,3898,0,11182,9074,16354,3454,1158,1153,417,736,7439,8915,1473,1981,1.260871117,1.715932712,218.588619482,680.083551726,nan,1,nan,nan,nan,0.000000000,14.041724964,10.381865955,0.128293992,0.114619033,10.848322010,0,0.100000000
176.901512623,19968,3656,0,11067,8901,16308,3398,1094,1092,392,700,7537,8771,1420,1978,1.213908120,1.671735083,220.213640791,632.612212031,5.331277847,3,0.000000000,nan,nan,0.000000000,14.841880999,10.690125986,0.132031972,0.129182998,11.147724988,0,0.100000000
177.000197172,20160,4058,0,11348,8812,16098,3388,1048,1052,350,702,7421,8677,1393,1995,1.212518502,1.692847917,185.765884136,664.663286221,5.457878113,2,0.000000000,nan,nan,0.000000000,13.196535001,9.838285099,0.119786069,0.105523970,10.281577008,0,0.100000000
177.103580713,20064,3892,0,11213,8851,16168,3317,1057,1063,411,652,7431,8737,1330,1987,1.188927192,1.683474081,210.809957437,681.202558279,8.935928345,4,0.000000000,nan,nan,0.000000000,14.320266026,11.549438001,0.124564045,0.141076976,11.994329980,0,0.100000000
177.200243473,19680,4171,0,10844,8836,15505,3314,1028,1030,402,628,6787,8718,1302,2012,1.229246153,1.699436380,187.795591040,634.072737435,nan,1,nan,nan,nan,0.000000000,14.408945979,11.588449939,0.146526028,0.133276975,12.096400023,0,0.100000000
177.301383018,20352,4327,0,11286,9066,16021,3176,1147,1208,411,797,7079,8942,1221,1955,1.189008808,1.680337919,273.869445579,732.694784868,nan,1,nan,nan,nan,0.000000000,18.323143013,15.189077007,0.186845078,0.119256030,15.892494004,0,0.100000000
177.400110960,19968,4565,0,10941,9027,15399,3165,1095,1092,376,716,6484,8915,1165,2000,1.199453185,1.718604699,213.545646124,642.679533442,4.992008209,2,0.000000000,nan,nan,0.000000000,17.642714956,13.398590963,0.166051032,0.119804987,13.992081047,0,0.100000000
177.500286818,20064,4787,0,11110,8954,15273,3101,1152,1132,379,753,6423,8850,1122,1979,1.198394311,1.766027479,275.154537142,687.698099349,6.405115128,2,0.000000000,nan,nan,0.000000000,13.652839989,11.308874993,0.188607955,0.176762987,11.979378993,0,0.100000000
177.600199938,20160,5191,0,11142,9018,14965,3108,1139,1114,341,773,6040,8925,1077,2031,1.185406389,1.734695923,264.286926656,662.265273576,34.462690353,3,1.000000000,nan,nan,0.000000000,10.302616982,8.201536082,0.128108077,0.103616971,8.663161017,0,0.100000000
177.701166630,19968,5322,0,11172,8796,14642,3054,1059,1059,329,730,5920,8722,1008,2046,1.189388273,1.779050605,215.303535439,655.570592856,51.045179367,5,1.000000000,nan,nan,0.000000000,12.469321024,9.698932059,0.119165983,0.120396959,10.179608013,0,0.100000000
177.800065041,20064,5448,0,11064,9000,14612,3120,1110,1089,291,798,5657,8955,967,2153,1.183468256,1.761572868,229.787323009,625.196215886,nan,1,nan,nan,nan,0.000000000,10.323636001,8.374694968,0.145500991,0.112525013,8.862590010,0,0.100000000
177.900152445,19680,5782,0,10953,8727,13894,3121,971,965,199,766,5185,8709,895,2226,1.168949115,1.817557974,175.962630575,579.659264666,4.420042038,2,0.000000000,nan,nan,0.000000000,10.033750965,8.172242087,0.102101010,0.114541035,8.567855984,0,0.100000000
178.000286102,20352,5819,0,11209,9143,14529,3239,1052,1105,263,842,5393,9136,857,2382,1.190926524,1.785228561,231.860197419,563.730495619,74.864387512,5,1.000000000,nan,nan,0.000000000,13.958662981,10.357210005,0.139180978,0.121848017,10.883248004,0,0.100000000
178.101233244,20064,6299,0,11261,8803,13761,3150,931,965,182,783,4986,8775,815,2335,1.159791501,1.901015493,157.243690855,566.816374113,56.590557098,4,1.000000000,nan,nan,0.000000000,10.589332960,8.356920094,0.112861919,0.113122980,8.767897962,0,0.100000000
178.200120687,19968,6188,0,11138,8830,13776,3149,1036,1082,258,824,5060,8716,792,2357,1.151771241,1.896589495,235.998590983,529.218909429,5.794763565,2,0.000000000,nan,nan,0.000000000,12.109823991,9.314183961,0.122049008,0.145085040,9.772030986,0,0.100000000
178.300016403,20064,6581,0,11519,8545,13479,3113,1020,1045,163,882,5121,8358,808,2305,1.157266651,1.978674182,194.071740741,589.943589231,44.250726700,8,1.000000000,nan,nan,0.000000000,14.022521034,9.846524976,0.115016010,0.103097002,10.280484043,0,0.100000000
178.400038004,20064,6307,0,11463,8601,13753,3173,1139,1152,217,935,5472,8281,805,2368,1.172109188,1.988526314,264.497937538,628.707501454,9.932994843,3,0.000000000,nan,nan,0.000000000,13.606477994,10.919913941,0.145390106,0.122743018,11.413036962,0,0.100000000
178.500378609,19968,6820,0,11686,8282,13144,2949,976,1002,132,870,5251,7893,713,2236,1.127489715,2.060782647,194.067519494,559.885935737,5.172252655,2,0.000000000,nan,nan,0.000000000,12.377988023,10.232070985,0.110101944,0.107771950,10.634929000,0,0.100000000
178.600004196,20064,6681,0,11627,8437,13379,2750,1027,1003,151,852,5423,7956,648,2102,1.125451889,2.070742869,211.751583557,554.091387411,9.812116623,3,0.000000000,nan,nan,0.000000000,19.170055981,13.365110033,0.159519957,0.096058997,13.971692009,0,0.100000000
178.701226711,19968,7007,0,11678,8290,12957,2658,1000,1001,132,869,5139,7818,617,2041,1.088450259,2.084770967,203.527247389,560.259132892,40.234565735,4,1.000000000,nan,nan,0.000000000,9.903144964,7.564675005,0.107696920,0.089898007,7.978370995,0,0.100000000
178.803435326,19872,6839,0,11526,8346,12957,2658,936,939,95,844,5139,7818,617,2041,1.088450259,2.084770967,175.637228737,514.071900335,nan,nan,nan,nan,nan,0.000000000,8.146694978,7.036767958,0.106621010,0.089809997,7.431494014,0,0.100000000
178.899840593,20160,7264,0,11739,8421,12892,2619,1045,1048,144,904,4990,7902,582,2037,1.041040800,2.158075267,214.231868743,551.999650107,33.438205719,8,1.000000000,nan,nan,0.000000000,10.071291006,8.053278900,0.138842035,0.173923036,8.575339976,0,0.100000000
179.000027657,19968,7219,0,11697,8271,12745,2622,968,989,104,885,5035,7710,564,2058,1.006930473,2.165647730,192.672327686,553.674810842,34.356832504,6,1.000000000,nan,nan,0.000000000,12.568832026,9.281693958,0.131449953,0.099828001,9.757945023,0,0.100000000
179.100007296,20064,7705,0,11825,8239,12355,2570,987,994,157,837,4706,7649,520,2050,0.981814529,2.136350851,238.215654392,444.016869324,44.268131256,9,1.000000000,nan,nan,1.000000000,18.649476988,13.228653930,0.181632990,0.089721987,13.853135984,0,0.100000000
179.200160980,19968,7752,0,11903,8065,12212,2504,963,987,138,849,4750,7462,509,1995,0.960457975,2.187298711,229.137854902,447.902549643,7.196664810,22,0.000000000,nan,nan,1.000000000,8.409456001,6.635229976,0.105198007,0.079005025,7.039026008,0,0.100000000
179.300227165,19968,7769,0,11750,8218,12195,2453,947,952,128,824,4562,7633,468,1985,0.975415951,2.141123493,217.791701390,402.323790421,40.593147278,5,1.000000000,nan,nan,1.000000000,8.889177989,7.018634991,0.127544976,0.087011955,7.490459015,0,0.100000000
179.399997234,20064,7830,0,12014,8050,12230,2472,958,959,128,831,4759,7471,489,1983,0.939304524,2.189663129,208.476158834,474.612246195,34.770965576,4,1.000000000,nan,nan,1.000000000,15.359460027,11.046970030,0.164558995,0.097161043,11.615486990,0,0.100000000
179.499997616,19968,7671,0,11692,8276,12230,2472,957,957,124,833,4759,7471,489,1983,0.939304524,2.189663129,210.310519116,471.986588208,nan,nan,nan,nan,nan,1.000000000,7.788456976,6.627823983,0.113988994,0.073460978,7.051768014,0,0.100000000
179.600033760,19968,7845,0,11846,8122,12230,2472,957,961,126,835,4759,7471,489,1983,0.939304524,2.189663129,202.967828138,465.522709541,nan,nan,nan,nan,nan,1.000000000,7.692451996,6.600282912,0.102775986,0.084088009,7.028978027,0,0.100000000
179.700042486,20064,7594,0,11610,8454,12466,2491,999,965,132,833,4602,7864,475,2016,0.988362228,2.132773290,210.843113105,475.746421952,nan,1,nan,nan,nan,1.000000000,9.520307009,7.408712059,0.132113055,0.098872988,7.885359984,0,0.100000000
179.800056934,19968,7871,0,11829,8139,12466,2491,882,882,120,762,4602,7864,475,2016,0.988362228,2.132773290,157.678280362,441.054489457,nan,nan,nan,nan,nan,1.000000000,8.257102978,7.074491004,0.096917094,0.083458959,7.435233973,0,0.100000000
179.900027275,19872,7610,0,11607,8265,12466,2491,952,952,120,832,4602,7864,475,2016,0.988362228,2.132773290,197.404058829,468.647626495,nan,nan,nan,nan,nan,1.000000000,7.701419992,6.628971954,0.104664941,0.077868986,7.016563963,0,0.100000000
180.000097275,20160,7999,0,11856,8304,12157,2508,859,959,117,842,4490,7667,483,2025,0.978884927,2.190043372,237.502125421,465.728743898,nan,1,nan,nan,nan,1.000000000,8.214696951,6.665970024,0.094709045,0.086603977,7.040450990,0,0.100000000
180.100173950,19968,7677,0,11683,8285,12287,2487,954,958,130,828,4624,7663,497,1990,0.972061459,2.161053641,203.084436807,446.157997337,nan,1,nan,nan,nan,1.000000000,11.507469986,8.289382968,0.107332016,0.098741963,8.690148010,0,0.100000000
180.200041533,20064,8030,0,11943,8121,12030,2434,902,892,129,763,4486,7544,482,1952,0.978114006,2.184171909,167.782158828,413.255874849,nan,1,nan,nan,nan,1.000000000,9.658743977,7.922335993,0.120446028,0.080070982,8.362609020,0,0.100000000
180.300323486,19968,7601,0,11679,8289,12363,2503,940,933,125,808,4701,7662,506,1997,0.961271563,2.178222188,197.521649251,437.816628610,126.137971878,2,1.000000000,nan,nan,1.000000000,12.605030963,9.442818002,0.115341041,0.096592004,9.857240017,0,0.100000000
180.400087833,19488,7503,0,11419,8069,11981,2468,920,919,114,805,4445,7536,484,1984,0.988218626,2.184969783,201.566446992,448.999415557,5.759239197,3,0.000000000,nan,nan,1.000000000,8.527996019,6.848888064,0.103881990,0.082602026,7.236552017,0,0.100000000
180.501317263,20544,8014,0,12270,8274,12526,2564,991,957,113,844,4913,7613,510,2054,0.954463180,2.184799725,202.982601703,462.887253030,117.092847824,4,1.000000000,nan,nan,1.000000000,13.314331998,9.802037966,0.127550971,0.117403979,10.288721009,0,0.100000000
180.600177050,19776,7768,0,11649,8127,12526,2564,923,922,113,809,4913,7613,510,2054,0.954463180,2.184799725,199.666805250,441.874207966,nan,nan,nan,nan,nan,1.000000000,13.195413980,11.644305952,0.167470018,0.126515981,12.271216023,0,0.100000000
180.700073481,20160,7552,0,11848,8312,12604,2582,951,957,142,815,4878,7726,514,2068,0.987781958,2.169894428,231.570228228,468.479552403,nan,1,nan,nan,nan,1.000000000,13.381263008,9.182243026,0.113652088,0.086442975,9.628562955,0,0.100000000
180.799979687,20064,7593,0,11610,8454,12467,2599,982,987,158,829,4628,7839,495,2104,0.992348709,2.164178466,247.290862283,448.540770981,nan,1,nan,nan,nan,1.000000000,18.195929995,13.204146002,0.149558997,0.101561018,13.825085014,0,0.100000000
180.900094509,19968,7356,0,11736,8232,12608,2599,944,943,125,818,4938,7670,531,2068,0.989684541,2.187254574,216.601831805,458.544288614,nan,1,nan,nan,nan,1.000000000,16.179402999,12.415795005,0.144843012,0.102739024,12.947861047,0,0.100000000
181.000135899,19968,7079,0,11527,8441,12885,2598,1019,1010,174,836,5018,7867,514,2084,1.004417466,2.141174142,249.690573348,464.652031226,nan,1,nan,nan,nan,0.000000000,10.538346018,8.538462978,0.164661906,0.136479968,9.104023979,0,0.100000000
181.100003958,20064,7149,0,11727,8337,12885,2598,1005,1002,171,831,5018,7867,514,2084,1.004417466,2.141174142,255.163821375,481.934282689,nan,nan,nan,nan,nan,0.000000000,12.660385983,11.110346997,0.115071016,0.082042010,11.524158996,0,0.100000000
181.200116873,19200,6513,0,11069,8131,12683,2577,1022,994,174,820,5094,7589,565,2012,1.029734168,2.169155886,252.830492339,502.229295363,nan,1,nan,nan,nan,0.000000000,9.117176000,7.160641020,0.127787003,0.086334010,7.606917992,0,0.100000000
181.298601627,20736,7216,0,11956,8780,12683,2577,897,910,171,739,5094,7589,565,2012,1.029734168,2.169155886,210.762070672,479.115539065,nan,nan,nan,nan,nan,0.000000000,12.679651962,11.304194981,0.164953934,0.160872994,11.916927993,0,0.100000000
181.400006294,20064,6931,0,11779,8285,13129,2634,1017,989,174,815,5350,7779,606,2028,1.074111736,2.161461782,234.081861743,496.812704206,40.222167969,3,1.000000000,nan,nan,0.000000000,8.898978005,7.064428064,0.115859031,0.108677021,7.507528993,0,0.100000000
181.500146866,19968,6615,0,11580,8388,13349,2719,993,983,207,776,5391,7958,662,2057,1.137299445,2.100208401,229.563363880,535.243844111,5.027055740,2,0.000000000,nan,nan,0.000000000,21.504784992,17.279000022,0.197397952,0.094046991,18.021842989,0,0.100000000
181.600299120,19968,6633,0,11687,8281,13331,2736,1023,1005,203,802,5454,7877,677,2059,1.178049645,2.135309356,244.508900521,528.660659298,30.083179474,3,1.000000000,nan,nan,0.000000000,12.891430000,10.056875006,0.151398883,0.102200022,10.607658012,0,0.100000000
181.699985266,19968,6225,0,11445,8523,13739,2806,1049,1033,236,797,5611,8128,749,2057,1.219563850,2.065763468,256.465411561,507.707189561,5.665063858,4,0.000000000,nan,nan,0.000000000,9.196145053,7.383061980,0.111240952,0.098445977,7.812878001,0,0.100000000
181.800102949,19872,6331,0,11534,8338,13739,2806,976,984,236,748,5611,8128,749,2057,1.219563850,2.065763468,225.542621684,491.202514190,nan,nan,nan,nan,nan,0.000000000,8.570910024,7.379751070,0.104549981,0.097469019,7.785066962,0,0.100000000
181.900021076,19968,5808,0,11345,8623,14156,2880,979,1026,253,773,5896,8260,833,2047,1.271521868,2.035566138,255.683717637,533.149555630,99.520683289,3,1.000000000,nan,nan,0.000000000,9.634150018,7.683052972,0.118330005,0.102265971,8.099619008,0,0.100000000
182.003559351,19968,5856,0,11436,8532,14108,2965,1046,1053,281,772,5856,8252,886,2079,1.288002143,2.028084155,250.827347057,570.692991665,19.602298737,3,1.000000000,nan,nan,0.000000000,10.737360048,8.507628983,0.119784963,0.101112004,8.957094047,0,0.100000000
182.100073814,19968,5334,0,11234,8734,14630,3058,1071,1067,260,807,6184,8446,911,2147,1.275674333,1.991024997,267.741712903,535.862645400,4.246950150,2,0.000000000,nan,nan,0.000000000,11.990592990,9.009075118,0.114741910,0.104568026,9.441861999,0,0.100000000
182.200095654,19968,5464,0,11305,8663,14500,3026,996,1011,256,755,6054,8446,939,2087,1.316869558,1.994275298,271.097238046,554.488081625,29.594898224,5,1.000000000,nan,nan,0.000000000,11.376110022,9.262671054,0.119004049,0.107301981,9.704505967,0,0.100000000
182.300054073,19776,5115,0,11172,8604,14657,2972,989,997,274,723,6285,8372,957,2015,1.314251089,1.951749776,255.249009144,590.249217632,nan,1,nan,nan,nan,0.000000000,13.930558984,9.981509997,0.114530965,0.108245993,10.397539998,0,0.100000000
182.399051905,20160,5127,0,11136,9024,15029,3074,926,996,275,721,6170,8859,985,2089,1.340955992,1.958851470,253.663974358,588.302848143,nan,1,nan,nan,nan,0.000000000,15.646789980,13.234374986,0.205015007,0.104986015,13.968620973,0,0.100000000
182.500021935,19968,4768,0,11183,8785,15029,3074,1007,1014,276,738,6170,8859,985,2089,1.340955992,1.958851470,250.563480378,588.573351899,nan,nan,nan,nan,nan,0.000000000,11.367405998,9.893359034,0.155618007,0.131819979,10.463763028,0,0.100000000
182.600023985,20064,4860,0,11158,8906,15029,3074,1015,1019,276,743,6170,8859,985,2089,1.340955992,1.958851470,250.751251211,587.575245676,nan,nan,nan,nan,nan,0.000000000,11.701188982,10.209962958,0.138664967,0.095665979,10.749713983,0,0.100000000
182.700113773,19392,4515,0,11026,8366,14873,2990,1048,1018,309,709,6596,8277,1064,1926,1.350625769,1.848031676,267.029329332,571.113796653,4.128217697,2,0.000000000,nan,nan,0.000000000,11.807944044,9.751389094,0.138598960,0.125939958,10.268526035,0,0.100000000
182.797473669,20544,4389,0,11266,9278,16151,3304,1092,1106,418,688,6938,9213,1202,2102,1.403830280,1.895927766,287.996636480,660.116623432,30.245780945,5,1.000000000,nan,nan,0.000000000,11.805890012,9.597837983,0.153845991,0.161982025,10.130300012,0,0.100000000
182.901436567,20064,4375,0,11367,8697,15685,3204,1023,1040,357,683,7027,8658,1169,2035,1.372481337,1.863368587,272.838288712,581.775522913,29.444456100,2,1.000000000,nan,nan,0.000000000,18.630536040,12.626270065,0.148165971,0.120437995,13.165313983,0,0.100000000
183.004607201,19968,4055,0,10961,9007,15909,3327,1044,1040,394,646,6925,8984,1224,2103,1.407486072,1.812110940,268.385843795,643.215113272,4.314899445,2,0.000000000,nan,nan,0.000000000,13.414337009,10.100153042,0.126186060,0.113727001,10.544923018,0,0.100000000
183.100604057,20064,4220,0,11175,8889,15909,3327,1092,1094,447,647,6925,8984,1224,2103,1.407486072,1.812110940,306.130259406,681.947949067,nan,nan,nan,nan,nan,0.000000000,10.334679042,8.781169017,0.145576021,0.119237986,9.351559973,0,0.100000000
183.200236082,19968,3747,0,10908,9060,16217,3437,1167,1154,494,660,7173,9044,1299,2138,1.427200814,1.810199905,333.282045862,675.722942559,4.511356354,2,0.000000000,nan,nan,0.000000000,12.146317982,9.547391033,0.157613948,0.144801976,10.137689998,0,0.100000000
183.300015211,20064,3913,0,11146,8918,16217,3437,1108,1103,485,618,7173,9044,1299,2138,1.427200814,1.810199905,309.093071196,637.418980030,nan,nan,nan,nan,nan,0.000000000,11.337981967,9.917576914,0.139270967,0.128407963,10.419650003,0,0.100000000
183.400104284,19968,3431,0,10935,9033,16217,3437,1166,1166,480,686,7173,9044,1299,2138,1.427200814,1.810199905,334.388529051,658.854454517,nan,nan,nan,nan,nan,0.000000000,11.160450988,9.678148024,0.157962146,0.149424013,10.239458992,0,0.100000000
183.500433207,19584,3628,0,11077,8507,15952,3294,1090,1061,495,566,7445,8507,1393,1901,1.473226099,1.719860991,315.038108266,740.487797970,5.599498749,2,0.000000000,nan,nan,0.000000000,12.610253994,10.250947031,0.124567014,0.130115019,10.727068991,0,0.100000000
183.600590229,19776,3252,0,10901,8875,16520,3453,1141,1144,559,585,7649,8871,1446,2007,1.484748191,1.716780152,350.418394507,727.501686969,11.308431625,2,0.000000000,nan,nan,0.000000000,17.315947975,12.484183011,0.142020988,0.139179989,13.006026973,0,0.100000000
183.696750641,20640,3565,0,11500,9140,17071,3499,1077,1118,561,557,7935,9136,1503,1996,1.546887851,1.827038324,331.898193443,713.433957563,9.923458099,2,0.000000000,nan,nan,0.000000000,12.512606976,10.202008008,0.166674959,0.128771993,10.812150955,0,0.100000000
183.800073385,19968,3196,0,11132,8836,17071,3499,1136,1158,573,585,7935,9136,1503,1996,1.546887851,1.827038324,330.616621605,702.057298023,nan,nan,nan,nan,nan,0.000000000,12.193526025,10.730827984,0.148174993,0.124791055,11.261142965,0,0.100000000
183.900298119,20064,3337,0,11091,8973,16723,3632,1221,1205,594,611,7750,8973,1605,2027,1.561025621,1.727187263,364.711205998,769.662418725,nan,1,nan,nan,nan,0.000000000,21.344117005,17.576772952,0.214576023,0.149090018,18.358174013,0,0.100000000
184.000082493,19968,3127,0,11130,8838,16837,3616,1274,1242,645,597,8003,8834,1678,1938,1.555096461,1.788497422,383.841803490,843.246426311,nan,1,nan,nan,nan,0.000000000,14.415752958,11.948661995,0.193973014,0.154806999,12.649309996,0,0.100000000
184.100106716,19968,3193,0,10970,8998,16771,3633,1197,1199,588,611,7777,8994,1632,2001,1.596452684,1.754903991,371.413238463,667.085213959,nan,1,nan,nan,nan,0.000000000,11.501080007,9.240008949,0.132100016,0.154403038,9.719714988,0,0.100000000
184.199942112,20064,3048,0,11188,8876,17012,3629,1207,1187,674,513,8140,8872,1702,1927,1.600098275,1.805380147,339.935849403,775.812433977,2.490997314,2,0.000000000,nan,nan,0.000000000,24.365222023,20.227483008,0.215725973,0.133991009,20.975881955,0,0.100000000
184.300257683,19872,2957,0,10869,9003,17012,3629,1136,1131,605,526,8140,8872,1702,1927,1.600098275,1.805380147,326.857344513,724.666476330,nan,nan,nan,nan,nan,0.000000000,11.416724010,9.924840007,0.143107085,0.141936005,10.465672996,0,0.100000000
184.401968241,19968,2970,0,11151,8817,16994,3709,1147,1141,656,485,8181,8813,1725,1984,1.638654689,1.802102626,331.844119895,724.563418588,5.451917648,7,0.000000000,nan,nan,0.000000000,12.253943016,10.068746051,0.124170969,0.140883029,10.527846985,0,0.100000000
184.499963999,19968,2720,0,10853,9115,16994,3709,1030,1036,532,504,8181,8813,1725,1984,1.638654689,1.802102626,269.118841981,619.624222737,nan,nan,nan,nan,nan,0.000000000,11.585419008,10.083025962,0.162442971,0.130651984,10.618896980,0,0.100000000
184.600076914,20064,2997,0,11381,8683,16994,3709,1116,1112,599,513,8181,8813,1725,1984,1.638654689,1.802102626,283.678164153,679.533959067,nan,nan,nan,nan,nan,0.000000000,13.069053995,11.540211039,0.159393996,0.142359990,12.104353984,0,0.100000000
184.700064898,19872,2616,0,10831,9041,16994,3709,1107,1106,591,515,8181,8813,1725,1984,1.638654689,1.802102626,278.649890723,670.895447739,nan,nan,nan,nan,nan,0.000000000,13.549815980,12.032356986,0.150251959,0.117353979,12.575533008,0,0.100000000
184.799997091,20160,2916,0,11446,8714,17240,3968,1116,1177,676,501,8526,8714,2017,1951,1.731655563,1.827462010,310.481934316,822.627299961,19.968509674,6,1.000000000,nan,nan,0.000000000,16.002281045,12.248885992,0.131508976,0.177004025,12.743278989,0,0.100000000
184.900133371,19872,2484,0,10872,9000,17240,3968,1085,1111,601,510,8526,8714,2017,1951,1.731655563,1.827462010,308.426274081,773.338272073,nan,nan,nan,nan,nan,0.000000000,11.443714960,9.906853957,0.134147878,0.139434997,10.369821975,0,0.100000000
185.000020742,20064,2821,0,11262,8802,17239,4002,1332,1257,728,529,8437,8802,2056,1946,1.768271781,1.785223369,328.458884016,833.797971606,5.643367767,4,0.000000000,nan,nan,0.000000000,17.146623984,12.608515972,0.166098995,0.207886973,13.183469011,0,0.100000000
185.100127935,19872,2360,0,10920,8952,17239,4002,1197,1186,720,466,8437,8802,2056,1946,1.768271781,1.785223369,298.712822318,796.111881667,nan,nan,nan,nan,nan,0.000000000,13.245670998,11.473366001,0.130338012,0.137862982,11.958272953,0,0.100000000
185.200135708,20160,2720,0,11167,8993,17436,4096,1323,1270,730,540,8447,8989,2094,2002,1.804058514,1.749368763,326.745454891,831.908331402,nan,1,nan,nan,nan,0.000000000,15.917807003,12.516311021,0.154685986,0.154738023,13.085815997,0,0.100000000
185.301607370,19872,2399,0,10984,8888,17436,4096,1261,1258,711,547,8447,8989,2094,2002,1.804058514,1.749368763,315.285119609,911.381664001,nan,nan,nan,nan,nan,0.000000000,11.926372012,10.289761994,0.137865951,0.146195001,10.824137018,0,0.100000000
185.400756121,20064,2658,0,11143,8921,17402,4180,1185,1206,685,521,8485,8917,2175,2005,1.850220759,1.763004516,317.261868528,872.548980878,120.189189911,3,1.000000000,nan,nan,0.000000000,17.405483988,14.833540074,0.226799049,0.167945982,15.625446977,0,0.100000000
185.499922514,19968,2403,0,11184,8784,17561,4193,1125,1127,713,414,8777,8784,2291,1902,1.860365517,1.708096996,307.457505335,746.648963913,34.461259842,6,1.000000000,nan,nan,0.000000000,15.597475984,13.044862018,0.174354005,0.155027024,13.677362003,0,0.100000000
185.600027084,20064,2617,0,11306,8758,17443,4213,1206,1196,723,473,8685,8758,2275,1938,1.886393601,1.673995839,317.118278629,763.220524707,64.300537109,3,1.000000000,nan,nan,0.000000000,15.631621005,13.024804997,0.193329004,0.157989038,13.697020011,0,0.100000000
185.699987650,19872,2312,0,11187,8685,17443,4213,1180,1166,712,454,8685,8758,2275,1938,1.886393601,1.673995839,323.627776632,751.384881311,nan,nan,nan,nan,nan,0.000000000,12.214838003,10.716750985,0.141600962,0.146868988,11.207178992,0,0.100000000
185.801143646,20064,2332,0,11150,8914,17728,4130,1057,1115,720,395,8814,8914,2353,1777,1.931367277,1.553317260,315.877106416,803.640736148,60.276746750,5,1.000000000,nan,nan,0.000000000,13.426016027,10.492657020,0.117956020,0.141262019,10.933959973,0,0.100000000
185.899874926,19104,1515,0,10450,8654,17728,4130,1095,1102,711,391,8814,8914,2353,1777,1.931367277,1.553317260,281.709709404,721.699593943,nan,nan,nan,nan,nan,0.000000000,17.278576968,15.453275060,0.197020010,0.248825992,16.180492996,0,0.100000000
186.001250267,20160,2305,0,11275,8885,17728,4130,1092,1090,701,389,8814,8914,2353,1777,1.931367277,1.553317260,274.283897231,717.245507520,nan,nan,nan,nan,nan,0.000000000,12.692785996,10.856958979,0.128003012,0.142054050,11.307873006,0,0.100000000
186.099967241,19968,2498,0,11094,8874,17466,4178,1166,1135,768,367,8596,8870,2514,1664,2.043523514,1.467095102,303.570082055,852.238644635,34.266471863,9,1.000000000,nan,nan,0.000000000,13.309562986,10.664159083,0.132883026,0.196704990,11.140309973,0,0.100000000
186.199925661,20064,2524,0,11645,8419,17536,4152,1099,1098,760,338,9119,8417,2590,1562,2.028200674,1.448388787,289.196182245,720.150628353,33.352375031,4,1.000000000,nan,nan,0.000000000,17.733346031,14.871301013,0.183064025,0.162306998,15.513332037,0,0.100000000
186.300074577,19968,2516,0,11208,8760,17536,4152,1171,1170,770,400,9119,8417,2590,1562,2.028200674,1.448388787,315.821383391,852.569456338,nan,nan,nan,nan,nan,0.000000000,12.228694977,10.663627007,0.154727953,0.164047000,11.182097020,0,0.100000000
186.400006294,19968,2535,0,11543,8425,17429,4227,1053,1057,727,330,9004,8425,2691,1536,2.035934188,1.424310007,280.198009052,680.658379156,80.492496490,6,1.000000000,nan,nan,0.000000000,15.475688037,12.784202991,0.151385088,0.162147975,13.335532043,0,0.100000000
186.500013113,19968,2485,0,11255,8713,17479,4279,1081,1106,743,363,8766,8713,2649,1630,2.059479479,1.405021651,279.961104140,770.748479201,4.068136215,2,0.000000000,nan,nan,0.000000000,16.769240960,13.732621970,0.123520091,0.162582030,14.182379993,0,0.100000000
186.599947453,19968,2597,0,11546,8422,17367,4329,1126,1138,761,377,8945,8422,2717,1612,2.040459132,1.416505360,296.053781020,762.021231942,nan,1,nan,nan,nan,0.000000000,17.580585030,12.957469036,0.132636982,0.159003015,13.431761996,0,0.100000000
186.699923038,19968,2515,0,11305,8663,17367,4329,1179,1173,791,382,8945,8422,2717,1612,2.040459132,1.416505360,294.964822762,771.339158585,nan,nan,nan,nan,nan,0.000000000,12.445958040,10.971778014,0.147352926,0.157353992,11.456722044,0,0.100000000
186.799892902,20064,2616,0,11489,8575,17444,4388,1159,1161,795,366,8873,8571,2790,1598,2.089149561,1.301421525,315.460598184,881.706839284,11.467456818,11,0.000000000,nan,nan,0.000000000,13.488057011,11.124807002,0.145608094,0.182015006,11.615179013,0,0.100000000
186.900065660,19968,2527,0,11360,8608,17437,4414,1116,1110,770,340,8832,8605,2869,1545,2.130483279,1.253220232,293.962131019,869.944669361,16.380548477,14,1.000000000,nan,nan,0.000000000,13.456060027,11.024801992,0.139074924,0.165624020,11.485580995,0,0.100000000
186.999970198,19968,2644,0,11503,8465,17320,4486,1341,1306,900,406,8858,8462,2993,1493,2.201058126,1.230309916,371.835367606,1082.787408137,6.319046021,8,0.000000000,nan,nan,0.000000000,14.000600029,11.523624999,0.148113992,0.188233971,12.051142985,0,0.100000000
187.101152182,19968,2586,0,11534,8434,17378,4407,1256,1220,858,362,8948,8430,3087,1320,2.217810310,1.190722432,341.168393501,1028.928035146,65.579891205,2,1.000000000,nan,nan,0.000000000,15.683224017,12.250388041,0.160659023,0.225277035,12.801461038,0,0.100000000
187.200095177,20064,2735,0,11718,8346,17378,4407,1275,1278,911,367,8948,8430,3087,1320,2.217810310,1.190722432,372.878266394,1033.548493788,nan,nan,nan,nan,nan,0.000000000,12.977457023,11.351231020,0.144367048,0.172679021,11.873429001,0,0.100000000
187.300057888,19968,2647,0,11799,8169,17317,4571,1301,1271,893,378,9148,8169,3360,1211,2.322991660,1.148936872,361.795214491,979.655448763,5.673885345,2,0.000000000,nan,nan,0.000000000,16.887536971,14.224357961,0.139540003,0.229097961,14.775203017,0,0.100000000
187.400594473,19968,2650,0,11572,8396,17317,4571,1287,1297,915,382,9148,8169,3360,1211,2.322991660,1.148936872,352.883876648,963.665320340,nan,nan,nan,nan,nan,0.000000000,13.548017014,11.891988048,0.162334996,0.190210994,12.430723989,0,0.100000000
187.500081539,19872,2728,0,11802,8070,17317,4571,1353,1359,979,380,9148,8169,3360,1211,2.322991660,1.148936872,357.042784977,1041.097199421,nan,nan,nan,nan,nan,0.000000000,13.739533024,12.131233001,0.157900038,0.177269976,12.707197980,0,0.100000000
187.602392197,19488,2621,0,11078,8410,16863,4491,1404,1338,907,431,8453,8410,3134,1357,2.197840250,1.171296315,336.500687046,970.717821235,5.759000778,3,0.000000000,nan,nan,0.000000000,14.564070967,12.179626036,0.158105977,0.265114999,12.727675028,0,0.100000000
187.699197054,20256,2753,0,12103,8153,17499,4884,1327,1371,875,496,9350,8149,3371,1513,2.202296521,1.223765085,345.408233405,1085.959814386,73.843240738,5,1.000000000,nan,nan,0.000000000,18.915750028,15.763553965,0.150787935,0.224316027,16.303162032,0,0.100000000
187.797819376,20256,2563,0,11508,8748,17499,4884,1460,1458,956,502,9350,8149,3371,1513,2.202296521,1.223765085,398.573876658,1145.257345287,nan,nan,nan,nan,nan,0.000000000,15.052472998,13.337739976,0.180586998,0.221796974,13.942235964,0,0.100000000
187.900024176,20064,2780,0,11641,8423,17280,4918,1306,1375,801,574,8861,8419,3196,1722,2.206811506,1.284751322,364.460343124,1075.968540266,nan,1,nan,nan,nan,0.000000000,21.859019005,16.963437956,0.170431915,0.310216041,17.548376985,0,0.100000000
187.999941587,19968,2643,0,11278,8690,17280,4918,1460,1475,887,588,8861,8419,3196,1722,2.206811506,1.284751322,407.360499451,1237.867022915,nan,nan,nan,nan,nan,0.000000000,15.716128983,13.961263001,0.184927951,0.206666009,14.642691996,0,0.100000000
188.099951029,20064,2745,0,11609,8455,17315,4332,1238,1376,773,603,8863,8452,2759,1573,2.075131033,1.358893785,339.007760501,838.118605013,5.677223206,2,0.000000000,nan,nan,0.000000000,14.931293030,12.451254996,0.169201987,0.226092001,13.056451979,0,0.100000000
188.200116396,19968,2572,0,11323,8645,17392,4316,1254,1229,766,463,8747,8645,2727,1589,2.058256345,1.357745919,278.831904585,840.791326934,5.780458450,2,0.000000000,nan,nan,0.000000000,13.520080014,11.135444045,0.135989045,0.176794012,11.631137982,0,0.100000000
188.299969673,19872,2663,0,11290,8582,17205,4209,1362,1352,835,517,8623,8582,2691,1518,2.044541258,1.389552243,325.027110722,987.161066626,5.732536316,2,0.000000000,nan,nan,0.000000000,21.102458006,15.886943962,0.166300044,0.178843969,16.448855982,0,0.100000000
188.503042936,20064,2664,0,11227,8837,17396,4152,1448,1402,834,568,8560,8836,2588,1564,2.024175370,1.441500965,324.677282732,1018.425992117,129.747390747,3,1.000000000,nan,nan,0.000000000,22.519766993,18.443283974,0.274281017,0.180170988,19.417749019,0,0.100000000
188.600447178,20064,2827,0,11341,8723,17396,4152,1344,1329,767,562,8560,8836,2588,1564,2.024175370,1.441500965,309.997425286,918.925495419,nan,nan,nan,nan,nan,0.000000000,16.783074010,15.045701060,0.208507059,0.178742979,15.786090982,0,0.100000000
188.700042725,19968,2649,0,11112,8856,17396,4152,1357,1342,741,601,8560,8836,2588,1564,2.024175370,1.441500965,328.161261312,1002.633448319,nan,nan,nan,nan,nan,0.000000000,13.256589998,11.637178017,0.175357913,0.170763000,12.243322039,0,0.100000000
188.800191164,20064,2873,0,11391,8673,17396,4152,1383,1375,812,563,8560,8836,2588,1564,2.024175370,1.441500965,324.935977153,870.197008510,nan,nan,nan,nan,nan,0.000000000,15.642751008,13.707296981,0.289949065,0.258606975,14.509885048,0,0.100000000
188.900151253,19968,2639,0,11107,8861,17325,4191,1292,1301,708,593,8464,8861,2522,1669,1.976779289,1.482622725,348.990969099,969.981948966,30.243635178,6,1.000000000,nan,nan,0.000000000,20.176904043,16.003967088,0.162568060,0.221515016,16.589554027,0,0.100000000
188.999996185,20064,2956,0,11482,8582,17104,4224,1293,1304,671,633,8522,8582,2505,1719,2.031017704,1.561062947,322.710584328,920.813252024,5.454063416,4,0.000000000,nan,nan,0.000000000,14.140358020,11.824793066,0.142686069,0.174322049,12.334845029,0,0.100000000
189.100126266,19776,2675,0,10842,8934,17104,4224,1313,1312,645,667,8522,8582,2505,1719,2.031017704,1.561062947,304.205605366,941.186933421,nan,nan,nan,nan,nan,0.000000000,12.857810012,11.280867970,0.150309002,0.171319989,11.848288006,0,0.100000000
189.202555895,20256,2897,0,11499,8757,17355,4270,1193,1264,634,630,8598,8757,2490,1780,2.033809272,1.616450780,278.563989781,926.454505798,75.766801834,4,1.000000000,nan,nan,0.000000000,13.765046955,11.132209969,0.137587951,0.206633005,11.629668996,0,0.100000000
189.300115108,19968,2691,0,10803,9165,17273,4202,1216,1300,683,617,8112,9161,2354,1848,2.001214489,1.596125940,286.474861269,919.263829715,5.612373352,2,0.000000000,nan,nan,0.000000000,14.514419017,12.090061035,0.143153884,0.186627032,12.641133042,0,0.100000000
189.400252819,19968,2911,0,11188,8780,17273,4202,1327,1347,670,677,8112,9161,2354,1848,2.001214489,1.596125940,319.220994450,970.119983745,nan,nan,nan,nan,nan,0.000000000,16.483618005,14.695489022,0.217246066,0.192952983,15.408608015,0,0.100000000
189.499979973,20064,2708,0,10736,9328,17352,4121,1265,1355,680,675,8028,9324,2313,1808,2.001623900,1.596227094,338.397049330,1053.084617541,5.542278290,4,0.000000000,nan,nan,0.000000000,20.156888990,13.942532882,0.147373008,0.190561987,14.463464962,0,0.100000000
189.600058556,19872,2768,0,11074,8798,17352,4121,1370,1372,711,661,8028,9324,2313,1808,2.001623900,1.596227094,362.626112456,986.399981685,nan,nan,nan,nan,nan,0.000000000,12.209153036,10.641166999,0.163814926,0.170082028,11.199126020,0,0.100000000
189.800041437,19584,2709,0,10718,8866,16871,4185,1353,1437,747,690,8005,8866,2324,1861,1.966134256,1.716459018,363.381633312,894.173931322,70.128440857,5,1.000000000,nan,nan,0.000000000,13.183880947,10.907403019,0.147020968,0.186569989,11.450377991,0,0.100000000
189.899954557,20544,2935,0,11283,9261,17605,4295,1330,1341,596,745,8347,9258,2372,1923,1.906240622,1.709321786,331.710391068,959.320515972,36.657810211,3,1.000000000,nan,nan,0.000000000,17.735468980,14.888142992,0.188898004,0.372072042,15.524276008,0,0.100000000
190.000037670,19392,2747,0,10319,9073,16641,4173,1361,1374,591,783,7572,9069,2215,1958,1.970390125,1.731231089,336.241200641,954.684506183,5.493640900,2,0.000000000,nan,nan,0.000000000,17.161978001,14.530421002,0.219492009,0.188070990,15.312057978,0,0.100000000
190.097563505,20448,3178,0,11237,9211,16641,4173,1282,1289,617,672,7572,9069,2215,1958,1.970390125,1.731231089,287.152297687,748.729545918,nan,nan,nan,nan,nan,0.000000000,12.832037988,11.302809988,0.155799964,0.166502025,11.863383988,0,0.100000000
190.200112104,20352,3050,0,10799,9553,16641,4173,1386,1384,609,775,7572,9069,2215,1958,1.970390125,1.731231089,330.445187376,940.176364778,nan,nan,nan,nan,nan,0.000000000,12.954022037,11.304807093,0.185901998,0.155917020,11.939591030,0,0.100000000
190.300148487,20160,3411,0,11118,9042,16745,4277,1418,1313,578,735,7795,8950,2255,2022,1.916203812,1.789106226,309.444657325,924.323249343,19.561290741,4,1.000000000,nan,nan,0.000000000,15.153950953,12.087120034,0.160803960,0.180533971,12.656309991,0,0.100000000
190.399988413,19968,3413,0,10801,9167,16551,4274,1353,1349,599,750,7478,9073,2241,2033,2.063218605,1.792780501,325.398659319,944.995103435,75.226783752,4,1.000000000,nan,nan,0.000000000,17.662914994,15.146790945,0.213644060,0.216933957,15.905138978,0,0.100000000
190.500008583,20064,3875,0,11067,8997,16551,4274,1331,1335,563,772,7478,9073,2241,2033,2.063218605,1.792780501,321.511436998,926.836478215,nan,nan,nan,nan,nan,0.000000000,13.200482994,11.561986990,0.153755944,0.166658021,12.117630045,0,0.100000000
190.600026369,20064,4128,0,10821,9243,15932,4168,1361,1298,598,700,6810,9122,2182,1986,2.226184860,1.822158098,308.145066838,782.025963313,nan,1,nan,nan,nan,0.000000000,23.005504976,18.323772005,0.192144944,0.172688975,19.033096032,0,0.100000000
190.700063467,19968,4391,0,11123,8845,15932,4168,1314,1301,600,701,6810,9122,2182,1986,2.226184860,1.822158098,289.515866293,834.595062440,nan,nan,nan,nan,nan,0.000000000,13.626806031,12.088235933,0.153671077,0.159092015,12.643955008,0,0.100000000
190.800051928,19968,4633,0,11160,8808,15932,4168,1263,1262,589,673,6810,9122,2182,1986,2.226184860,1.822158098,287.217589846,821.466943559,nan,nan,nan,nan,nan,0.000000000,12.862952019,11.329901929,0.161744014,0.148615974,11.905595020,0,0.100000000
190.899998903,19968,4635,0,11531,8437,15932,4168,1297,1295,589,706,6810,9122,2182,1986,2.226184860,1.822158098,297.290671426,859.923160660,nan,nan,nan,nan,nan,0.000000000,12.220460048,10.710480041,0.142326928,0.155337038,11.236765014,0,0.100000000
191.001452446,20064,4831,0,11679,8385,15229,3958,1306,1297,607,690,7504,7725,2158,1800,1.854050665,1.977035438,326.173451319,821.073977867,79.352378845,5,1.000000000,nan,nan,0.000000000,12.810072978,10.632588004,0.148626976,0.191280968,11.165454984,0,0.100000000
191.100716829,19968,4603,0,11648,8320,15361,3943,1285,1253,594,659,7644,7717,2146,1797,1.802488095,2.008754086,282.335535484,770.808355088,3.439426422,2,0.000000000,nan,nan,0.000000000,17.129060987,10.279548937,0.143192010,0.185058976,10.799304990,0,0.100000000
191.199975729,20064,4516,0,11795,8269,15544,4035,1165,1179,546,633,7762,7782,2145,1890,1.768528637,2.006409254,261.684483761,756.416794951,77.390670776,2,1.000000000,nan,nan,0.000000000,13.739246991,11.444640928,0.152891036,0.276799954,12.005215976,0,0.100000000
191.300035238,19872,4198,0,11698,8174,15544,4035,1251,1259,617,642,7762,7782,2145,1890,1.768528637,2.006409254,278.991599932,873.809904960,nan,nan,nan,nan,nan,0.000000000,14.617462992,12.506489002,0.139831041,0.184429984,13.030791015,0,0.100000000
191.399978876,19968,4214,0,12137,7831,15544,4035,1265,1257,618,639,7762,7782,2145,1890,1.768528637,2.006409254,267.443499271,822.683313455,nan,nan,nan,nan,nan,0.000000000,11.540281004,10.132559983,0.135954004,0.160761992,10.638150969,0,0.100000000
191.499930620,19968,4320,0,12022,7946,15644,4038,808,1141,616,525,8313,7331,2171,1867,1.694245579,2.130127185,242.497405109,923.590705711,14.345645905,4,0.000000000,nan,nan,0.000000000,11.956716015,9.877135046,0.101654034,0.244671013,10.277710971,0,0.100000000
191.600780964,19968,4117,0,12128,7840,15847,4086,1131,1164,588,576,8661,7186,2174,1912,1.638746196,2.198115335,222.319005748,735.179184697,49.994945526,5,1.000000000,nan,nan,0.000000000,15.602870029,12.519347132,0.130586966,0.213688996,12.997790007,0,0.100000000
191.699863434,19872,3972,0,11829,8043,15896,4226,1355,1333,675,658,8389,7507,2195,2031,1.646725836,2.168668965,327.853139173,899.081681333,5.681276321,2,0.000000000,nan,nan,0.000000000,16.619425965,12.369478936,0.146008038,0.185618002,12.909584038,0,0.100000000
191.799930573,19968,3565,0,11854,8114,16399,4149,1357,1290,632,658,8695,7704,2116,2033,1.608149900,2.135032763,331.639870811,1009.403128168,84.025859833,4,1.000000000,nan,nan,0.000000000,16.007277998,12.489326997,0.153296045,0.201692048,13.034930977,0,0.100000000
191.900074720,19968,3473,0,11797,8171,16491,4178,1419,1356,651,705,8554,7937,2137,2041,1.598114647,2.122627795,370.702465647,1024.865327713,nan,1,nan,nan,nan,0.000000000,17.775511020,13.908028021,0.159149989,0.207733014,14.481735008,0,0.100000000
191.999860764,19968,3076,0,11621,8347,16491,4178,1317,1317,631,686,8554,7937,2137,2041,1.598114647,2.122627795,330.670211294,1042.759557653,nan,nan,nan,nan,nan,0.000000000,12.157359044,10.608865065,0.146308972,0.166925020,11.140707997,0,0.100000000
192.099886417,20064,3246,0,11677,8387,16491,4178,1383,1386,680,706,8554,7937,2137,2041,1.598114647,2.122627795,358.342862698,1029.840982578,nan,nan,nan,nan,nan,0.000000000,15.042509011,13.294283010,0.217198045,0.207415025,14.036197041,0,0.100000000
192.201192856,19968,3019,0,11493,8475,16945,4235,1415,1429,741,688,8594,8351,2196,2039,1.535303247,2.102892119,373.199557155,1144.173187208,80.079793930,5,1.000000000,nan,nan,0.000000000,29.500245990,23.191580083,0.318582053,0.325129018,24.195923004,0,0.100000000
192.300697565,19776,3126,0,11641,8135,16646,4158,1391,1391,726,665,8603,8043,2197,1961,1.518266764,2.101015043,398.012614390,1087.808074471,6.697177887,2,0.000000000,nan,nan,0.000000000,13.328408008,11.077612988,0.150615058,0.187847996,11.624544975,0,0.100000000
192.401576996,19968,3079,0,11522,8446,16885,4187,1223,1308,653,655,8522,8363,2144,2043,1.525559847,2.108126157,299.386774627,1121.598746369,9.017705917,16,0.000000000,nan,nan,0.000000000,12.788996974,10.471315123,0.146335980,0.184745993,11.011161958,0,0.100000000
192.499658585,20256,3004,0,11704,8552,17248,4103,1215,1225,610,615,8723,8525,2103,2000,1.463303837,2.105941551,280.083912070,911.933822976,6.009340286,8,0.000000000,nan,nan,0.000000000,15.525519033,12.801139965,0.171661028,0.168520026,13.433874003,0,0.100000000
192.599850416,19968,3148,0,11643,8325,16816,4099,1253,1263,583,680,8535,8281,2062,2037,1.474002390,2.107270762,297.567333991,1134.392540983,7.149696350,11,0.000000000,nan,nan,0.000000000,14.110160992,11.893520073,0.140252931,0.169800012,12.386507005,0,0.100000000
192.700345755,20064,2924,0,11864,8200,17136,4090,1227,1213,642,571,8959,8177,2110,1980,1.385242567,2.132545499,281.605652631,753.811603076,7.774829865,17,0.000000000,nan,nan,0.000000000,13.345201965,11.115349946,0.137644995,0.155668997,11.610160000,0,0.100000000
192.799931049,19968,3297,0,11743,8225,16667,4118,1320,1274,608,666,8469,8198,2089,2029,1.505725392,2.100274582,304.038457264,1015.971336813,6.808757782,22,0.000000000,nan,nan,0.000000000,12.606390985,10.338625987,0.147332903,0.153488945,10.855234985,0,0.100000000
192.899863958,20064,3020,0,11886,8178,17040,4222,1292,1257,653,604,8884,8156,2196,2026,1.434100036,2.088640667,314.253395183,979.166635315,7.477998734,19,0.000000000,nan,nan,0.000000000,13.092539972,10.662267916,0.161241041,0.199296046,11.197322980,0,0.100000000
192.999910593,19968,3247,0,11594,8374,16717,4320,1295,1279,652,627,8344,8373,2196,2124,1.506581071,2.049472335,313.293408848,956.919828542,5.881071091,3,0.000000000,nan,nan,0.000000000,17.926869972,13.743793068,0.147356011,0.168913975,14.259040996,0,0.100000000
193.099889517,20064,2979,0,11517,8547,17081,4400,1229,1238,674,564,8538,8543,2315,2085,1.393945109,2.038275180,331.301395494,1000.134659471,4.474639893,2,0.000000000,nan,nan,0.000000000,16.256279952,12.912651931,0.137958967,0.198221998,13.416102040,0,0.100000000
193.201562643,19968,3168,0,11452,8516,16796,4152,1128,1168,702,466,8284,8512,2197,1955,1.564312463,1.957112396,288.490347778,933.708714979,7.425785065,4,0.000000000,nan,nan,0.000000000,20.658602007,15.951387002,0.145990984,0.223495997,16.482458042,0,0.100000000
193.299922228,20064,2840,0,11368,8696,16796,4152,1179,1178,666,512,8284,8512,2197,1955,1.564312463,1.957112396,294.447759786,926.402278019,nan,nan,nan,nan,nan,0.000000000,16.605546989,14.504916966,0.158169074,0.191044994,15.208820987,0,0.100000000
193.400121689,19968,3127,0,11500,8468,16837,4135,1277,1255,703,552,8372,8465,2201,1934,1.530227075,1.963583160,310.697637017,986.854027921,54.347753525,2,1.000000000,nan,nan,0.000000000,14.273984998,11.928276042,0.137900002,0.199682952,12.461389997,0,0.100000000
193.500559807,19968,2857,0,11370,8598,16837,4135,1180,1163,689,474,8372,8465,2201,1934,1.530227075,1.963583160,310.390238842,844.967763441,nan,nan,nan,nan,nan,0.000000000,11.937022966,10.462339967,0.132154033,0.156764989,10.936434031,0,0.100000000
193.599845648,19872,3071,0,11497,8375,16837,4135,1227,1225,732,493,8372,8465,2201,1934,1.530227075,1.963583160,304.557352986,903.996875132,nan,nan,nan,nan,nan,0.000000000,12.768606015,11.296765995,0.136504939,0.156797003,11.791818019,0,0.100000000
193.700302362,20160,2794,0,11569,8591,17362,3990,1092,1130,647,483,8771,8591,2062,1928,1.654841705,1.933037543,294.979338546,808.501545937,77.198982239,3,1.000000000,nan,nan,0.000000000,12.326552998,9.985342971,0.129756983,0.192808977,10.444940999,0,0.100000000
193.799879313,19968,3086,0,11654,8314,16878,4031,1176,1226,697,529,8564,8314,2097,1934,1.635732272,2.007608427,310.358397761,866.732055438,nan,1,nan,nan,nan,0.000000000,13.735991030,11.541257962,0.129808963,0.171735010,12.016639987,0,0.100000000
193.899831057,20064,3041,0,11447,8617,17019,4018,1296,1312,685,627,8402,8617,2050,1968,1.642075100,1.989924859,362.510217448,1066.273347994,6.345510483,12,0.000000000,nan,nan,0.000000000,15.689641994,11.896235985,0.142581994,0.169529987,12.410610972,0,0.100000000
193.999869585,19872,3175,0,11686,8186,17019,4018,1275,1271,703,568,8402,8617,2050,1968,1.642075100,1.989924859,337.702527020,1077.013954413,nan,nan,nan,nan,nan,0.000000000,12.972559023,11.424548051,0.159383926,0.149859989,12.005754048,0,0.100000000
194.102490664,20160,3203,0,11536,8624,16953,4034,1298,1289,715,574,8333,8620,2030,2004,1.650407788,2.001527528,360.042170351,1021.903533427,80.741167068,8,1.000000000,nan,nan,0.000000000,19.960755017,15.347278037,0.174811983,0.197154994,15.955674986,0,0.100000000
194.200280428,20064,3177,0,11774,8290,16883,3992,1162,1160,642,518,8597,8286,2035,1957,1.592422934,2.014202808,300.569939148,963.051665426,25.582551956,6,1.000000000,nan,nan,0.000000000,13.226112991,10.569323960,0.132234069,0.197182992,11.050630012,0,0.100000000
194.300332308,19968,3178,0,11585,8383,16786,3944,1253,1264,690,574,8403,8383,2012,1932,1.634133369,1.980469338,303.479223760,1052.616616706,15.346288681,6,1.000000000,nan,nan,0.000000000,15.400093980,11.489048891,0.137413037,0.159317977,11.995999957,0,0.100000000
194.399993896,20064,3041,0,11858,8206,16786,3944,1248,1255,694,561,8403,8383,2012,1932,1.634133369,1.980469338,288.986981080,973.592514920,nan,nan,nan,nan,nan,0.000000000,12.233384012,10.690344905,0.158487994,0.164286001,11.265783047,0,0.100000000
194.499862194,19968,3149,0,11596,8372,16815,3871,1318,1305,726,579,8443,8372,1984,1887,1.642424142,1.984570307,338.937422377,1131.684409007,4.869461060,2,0.000000000,nan,nan,0.000000000,16.329810023,12.195942982,0.148113060,0.159396033,12.771242997,0,0.100000000
194.600051165,20064,3046,0,11842,8222,16815,3871,1236,1238,713,525,8443,8372,1984,1887,1.642424142,1.984570307,286.038483288,934.102484649,nan,nan,nan,nan,nan,0.000000000,12.402025983,10.886140983,0.160180964,0.164802012,11.447033961,0,0.100000000
194.700736761,19968,3171,0,11607,8361,16793,3919,1336,1342,773,569,8435,8358,2036,1883,1.617666858,1.969700584,319.478996140,1036.766577633,54.034471512,4,1.000000000,nan,nan,0.000000000,17.704505997,13.647019921,0.161102973,0.190171006,14.203316998,0,0.100000000
194.799892187,20064,3018,0,11650,8414,17042,3970,1250,1243,701,542,8632,8410,2048,1922,1.613041005,2.028896381,288.538071146,910.192677228,nan,1,nan,nan,nan,0.000000000,13.261123037,10.315807012,0.137836032,0.147913990,10.821837990,0,0.100000000
194.902970552,19968,3295,0,11724,8244,17042,3970,1264,1267,695,572,8632,8410,2048,1922,1.613041005,2.028896381,321.342062942,965.443184083,nan,nan,nan,nan,nan,0.000000000,14.890164020,13.230171055,0.185435929,0.148643972,13.906239998,0,0.100000000
195.000423193,19968,3079,0,11596,8372,16885,3980,1202,1225,681,544,8516,8369,2098,1882,1.723949239,1.932652357,332.653126614,1003.303954868,5.497932434,3,0.000000000,nan,nan,0.000000000,12.326292053,10.015390988,0.129313965,0.171242049,10.498368007,0,0.100000000
195.099901438,20160,3245,0,11851,8309,16885,3980,1274,1282,704,578,8516,8369,2098,1882,1.723949239,1.932652357,348.668178822,1117.440946544,nan,nan,nan,nan,nan,0.000000000,12.148302048,10.496159957,0.173711975,0.158005045,11.117051006,0,0.100000000
195.200495720,19776,3071,0,11468,8308,16701,3945,1196,1172,685,487,8393,8308,2085,1860,1.763239594,1.950716670,293.053833126,1002.197670282,5.525588989,3,0.000000000,nan,nan,0.000000000,13.940192002,11.518571933,0.158776005,0.173957029,12.029250036,0,0.100000000
195.299902201,20160,3167,0,11930,8230,16701,3945,1208,1214,651,563,8393,8308,2085,1860,1.763239594,1.950716670,313.720170677,1101.815485582,nan,nan,nan,nan,nan,0.000000000,11.961610988,10.426881083,0.144111982,0.149686006,10.991907038,0,0.100000000
195.399950981,19968,3001,0,11581,8387,16701,3945,1169,1166,661,505,8393,8308,2085,1860,1.763239594,1.950716670,291.426408146,903.041799116,nan,nan,nan,nan,nan,0.000000000,12.710411975,11.204680020,0.150435022,0.162555021,11.712953972,0,0.100000000
195.499939680,20064,3055,0,11773,8291,17005,4014,1157,1153,660,493,8714,8291,2209,1805,1.738928425,1.930841774,236.947433345,1004.468273926,nan,1,nan,nan,nan,0.000000000,12.486072024,10.210523033,0.144529040,0.198941969,10.708116984,0,0.100000000
195.600317717,19968,2977,0,11488,8480,17005,4014,1188,1201,657,544,8714,8291,2209,1805,1.738928425,1.930841774,288.549795282,1044.162166941,nan,nan,nan,nan,nan,0.000000000,15.550371958,13.882679981,0.206754019,0.148626044,14.598270995,0,0.100000000
195.699855804,19488,2958,0,11183,8305,17005,4014,1215,1227,672,555,8714,8291,2209,1805,1.738928425,1.930841774,300.228057182,1034.814776424,nan,nan,nan,nan,nan,0.000000000,11.419971997,9.968389000,0.131336041,0.145199010,10.459955025,0,0.100000000
195.899973154,20064,2681,0,11408,8656,17379,3990,1177,1204,702,502,8726,8653,2212,1778,1.727726811,1.834590649,307.108751983,943.343708016,60.085296631,9,1.000000000,nan,nan,0.000000000,12.294714979,9.979524941,0.136450981,0.157842005,10.456296965,0,0.100000000
196.000267267,19872,2542,0,11203,8669,17326,3972,1156,1167,689,478,8657,8669,2198,1774,1.742374815,1.720486878,287.770058979,1041.328556500,34.301042557,3,1.000000000,nan,nan,0.000000000,16.143224027,12.831354979,0.133998052,0.189509010,13.374261966,0,0.100000000
196.102450371,19488,2087,0,10779,8709,17397,3912,1189,1193,671,522,8688,8709,2163,1749,1.728448869,1.428126734,321.011897189,1046.329516298,69.743633270,7,1.000000000,nan,nan,0.000000000,17.534939980,10.663103021,0.130823930,0.193860964,11.142196017,0,0.100000000
196.200436354,19872,2834,0,11448,8424,17397,3912,1133,1129,663,466,8688,8709,2163,1749,1.728448869,1.428126734,271.673844336,1024.931488040,nan,nan,nan,nan,nan,0.000000000,12.502378959,10.946532013,0.152764958,0.178143033,11.518164014,0,0.100000000
196.300027847,20064,2922,0,11238,8826,17138,3974,1188,1205,666,539,8312,8826,2138,1836,1.781895642,1.454120238,323.989729087,1128.137043120,nan,1,nan,nan,nan,0.000000000,12.415241974,10.093110031,0.138329924,0.158287992,10.612344020,0,0.100000000
196.400064945,19968,2836,0,11372,8596,17128,3992,1202,1213,660,553,8536,8592,2153,1839,1.710991112,1.803201784,315.031638513,1194.831820808,nan,1,nan,nan,nan,0.000000000,13.690355001,11.240521038,0.157595961,0.199832022,11.761431990,0,0.100000000
196.501826048,20064,2869,0,11157,8907,17128,3992,1261,1264,679,585,8536,8592,2153,1839,1.710991112,1.803201784,343.730717742,1151.790040980,nan,nan,nan,nan,nan,0.000000000,11.836209975,10.310181009,0.151579967,0.193360029,10.855096043,0,0.100000000
196.600168467,19968,2789,0,11260,8708,17128,3992,1203,1203,662,541,8536,8592,2153,1839,1.710991112,1.803201784,302.621262524,1092.646402515,nan,nan,nan,nan,nan,0.000000000,11.729828024,10.153959040,0.127761043,0.169562991,10.640392022,0,0.100000000
196.699992418,19968,2813,0,11113,8855,17151,4044,1294,1290,689,601,8300,8851,2139,1905,1.748018155,1.457736947,352.564545130,1296.311895214,5.332946777,2,0.000000000,nan,nan,0.000000000,12.767585984,10.492542991,0.143561978,0.205655000,11.025291984,0,0.100000000
196.799965143,19872,2768,0,11151,8721,17151,4044,1242,1237,668,569,8300,8851,2139,1905,1.748018155,1.457736947,326.934621785,1220.089050927,nan,nan,nan,nan,nan,0.000000000,11.698938964,10.121068975,0.137128984,0.194457010,10.641808971,0,0.100000000
196.899878025,19872,2800,0,11083,8789,17068,4048,1197,1233,631,602,8283,8785,2154,1894,1.760233554,1.519496306,319.413381750,1173.635912935,6.479740143,2,0.000000000,nan,nan,0.000000000,17.756100046,14.688891999,0.201346877,0.196281995,15.402437013,0,0.100000000
197.000720501,19968,2776,0,11105,8863,17188,4060,1231,1260,733,527,8329,8859,2175,1885,1.722310701,1.492968569,315.501593878,1240.361525406,10.141849518,2,0.000000000,nan,nan,0.000000000,13.223443006,10.578555928,0.171022024,0.182215997,11.176209955,0,0.100000000
197.100015879,20064,2833,0,11256,8808,17227,4108,1315,1303,719,584,8423,8804,2217,1891,1.703747678,1.538651567,352.496190521,1206.220343271,nan,1,nan,nan,nan,0.000000000,13.574651035,11.239381041,0.155365095,0.213227002,11.779195978,0,0.100000000
197.200409889,19968,2867,0,11183,8785,17227,4108,1266,1262,718,544,8423,8804,2217,1891,1.703747678,1.538651567,328.250573476,1251.403596017,nan,nan,nan,nan,nan,0.000000000,14.167963003,12.488874083,0.192306063,0.165709993,13.168382982,0,0.100000000
197.304207325,19968,2806,0,11230,8738,17158,4069,1239,1219,611,608,8423,8735,2193,1876,1.695188487,1.547399754,288.951255393,1195.581759944,14.171838760,12,0.000000000,nan,nan,0.000000000,14.143428998,11.613920971,0.152557972,0.291878998,12.181379017,0,0.100000000
197.399892569,20064,2820,0,11260,8804,17240,4092,1172,1196,663,533,8436,8804,2204,1888,1.766463091,1.503602896,271.454385103,1272.952229454,nan,1,nan,nan,nan,0.000000000,18.539016019,13.865246030,0.150327978,0.210939965,14.421797998,0,0.100000000
197.500495672,19968,2773,0,11297,8671,17240,4092,1217,1222,635,587,8436,8804,2204,1888,1.766463091,1.503602896,270.731401909,1212.129143857,nan,nan,nan,nan,nan,0.000000000,15.584011970,13.346678985,0.233213010,0.196071051,14.127701987,0,0.100000000
197.599936962,19968,2857,0,11047,8921,17107,4131,1229,1224,627,597,8195,8912,2131,2000,1.771145966,1.534468778,309.418675509,1283.062551485,50.026178360,4,1.000000000,nan,nan,0.000000000,12.690243020,10.378536012,0.139178010,0.211007020,10.900164023,0,0.100000000
197.699810028,19968,2804,0,11318,8650,17160,4138,1233,1266,619,647,8524,8636,2225,1913,1.703235015,1.628240484,308.270052513,1219.080201772,4.094123840,2,0.000000000,nan,nan,0.000000000,14.383669011,12.041417940,0.187156955,0.170760031,12.687231996,0,0.100000000
197.800089359,20064,2820,0,11020,9044,17240,4134,1213,1219,574,645,8213,9027,2189,1945,1.793903340,1.567305364,295.965467222,1184.326874559,34.531116486,4,1.000000000,nan,nan,0.000000000,12.910455989,10.657260078,0.132741989,0.173627050,11.151254992,0,0.100000000
197.900398970,19584,2818,0,11346,8238,16762,4255,1209,1213,637,576,8547,8215,2314,1941,1.721076983,1.543342421,265.070087608,1315.602052202,nan,1,nan,nan,nan,0.000000000,14.863452991,11.465604941,0.129400985,0.185633020,11.965576035,0,0.100000000
198.001341105,20064,2711,0,10992,9072,16762,4255,1250,1251,640,611,8547,8215,2314,1941,1.721076983,1.543342421,304.130272495,1372.522518174,nan,nan,nan,nan,nan,0.000000000,12.084802031,10.593916057,0.147099956,0.166837999,11.109212996,0,0.100000000
198.200897932,19872,2768,0,11089,8783,17100,4391,1222,1268,668,600,8431,8669,2403,1988,1.835289882,1.641903752,283.426426509,1452.059742577,5.674839020,4,0.000000000,nan,nan,0.000000000,17.874723999,14.700641972,0.202988042,0.176739995,15.412692970,0,0.100000000
198.299884558,20064,2730,0,11394,8670,17100,4391,1200,1201,643,558,8431,8669,2403,1988,1.835289882,1.641903752,269.253612677,1342.677531714,nan,nan,nan,nan,nan,0.000000000,13.513382000,11.909540917,0.138363102,0.184375036,12.421399995,0,0.100000000
198.399937391,19968,2780,0,11120,8848,17184,4314,1220,1198,629,569,8499,8685,2336,1978,1.847696084,1.674785017,283.976574168,1308.078221735,nan,1,nan,nan,nan,0.000000000,13.338518969,11.035812960,0.140610035,0.175633992,11.537468003,0,0.100000000
198.499835491,20064,2842,0,11241,8823,17184,4314,1183,1187,611,576,8499,8685,2336,1978,1.847696084,1.674785017,252.154294594,1308.268686418,nan,nan,nan,nan,nan,0.000000000,12.077590043,10.571209015,0.128783053,0.146573002,11.044899002,0,0.100000000
198.601577044,20064,2964,0,11192,8872,17096,4369,1106,1192,641,551,8400,8696,2338,2031,1.928508076,1.681393912,269.320006499,1241.733536018,39.930582047,8,1.000000000,nan,nan,0.000000000,13.515678002,10.838296032,0.134657079,0.192401989,11.341147008,0,0.100000000
198.699922800,20064,3137,0,11414,8650,16923,4457,1219,1212,598,614,8426,8497,2377,2080,1.985943623,1.689844928,272.225142798,1230.749452855,5.938053131,6,0.000000000,nan,nan,0.000000000,13.366531988,11.010992981,0.145838072,0.165490957,11.503068032,0,0.100000000
198.799860954,20064,3189,0,11374,8690,16871,4581,1169,1229,632,597,8354,8517,2450,2131,1.999232475,1.746323604,252.597106340,1268.086494650,10.325431824,9,0.000000000,nan,nan,0.000000000,24.972988002,19.884399022,0.212471059,0.193808053,20.660136011,0,0.100000000
198.899884701,20352,3333,0,11501,8851,16871,4581,1225,1226,648,578,8354,8517,2450,2131,1.999232475,1.746323604,244.461972092,1435.030583000,nan,nan,nan,nan,nan,0.000000000,13.137492002,11.617634038,0.147813000,0.162456010,12.143236992,0,0.100000000
199.000899792,19968,3345,0,11233,8735,16619,4766,1356,1269,659,610,8045,8574,2528,2238,1.992166907,1.883261010,263.137377016,1437.509258982,5.704641342,2,0.000000000,nan,nan,0.000000000,17.767645011,14.549033018,0.153275032,0.220713962,15.099218988,0,0.100000000
199.099945068,20064,3443,0,11127,8937,16617,4864,1233,1203,590,613,7833,8784,2477,2387,1.966146972,2.252062733,289.996905632,1236.011365678,nan,1,nan,nan,nan,0.000000000,14.612681989,12.177407043,0.133458991,0.185936980,12.659027008,0,0.100000000
199.199901819,19968,3477,0,11225,8743,16487,4933,1364,1363,632,731,7883,8604,2422,2511,1.711047023,2.551775505,331.500593514,1490.662405856,nan,1,nan,nan,nan,0.000000000,18.690662982,13.923424121,0.168711937,0.226113014,14.520327968,0,0.100000000
199.299813986,20256,3550,0,11250,9006,16487,4933,1287,1274,614,660,7883,8604,2422,2511,1.711047023,2.551775505,296.337955074,1438.672339338,nan,nan,nan,nan,nan,0.000000000,14.787263004,13.111794076,0.168000057,0.177424983,13.707379985,0,0.100000000
199.400439024,19776,3677,0,11108,8668,16487,4933,1322,1315,613,702,7883,8604,2422,2511,1.711047023,2.551775505,304.894525500,1438.891325725,nan,nan,nan,nan,nan,0.000000000,14.043016010,12.394017016,0.156374939,0.186502992,12.931773032,0,0.100000000
199.499907017,20160,3821,0,11206,8954,16335,4464,1135,1153,585,568,7529,8806,2160,2304,1.666188806,2.406127042,227.149623652,1427.634381397,4.304170609,2,0.000000000,nan,nan,0.000000000,13.514613034,11.238741979,0.134925067,0.196148991,11.748927005,0,0.100000000
199.600052357,19872,4024,0,11279,8593,16335,4464,1215,1212,587,625,7529,8806,2160,2304,1.666188806,2.406127042,250.826317181,1433.471346981,nan,nan,nan,nan,nan,0.000000000,13.459421985,11.833435041,0.143207959,0.164355966,12.342957023,0,0.100000000
199.702637911,20064,4027,0,11057,9007,16033,4504,1110,1117,533,584,7169,8864,2113,2391,1.672906472,2.642559390,210.961309345,1266.091965881,24.591207504,3,1.000000000,nan,nan,0.000000000,13.329144975,11.018268007,0.120536948,0.188434962,11.465019954,0,0.100000000
199.799906969,19296,4154,0,10869,8427,15138,4308,1140,1151,523,628,6851,8287,1953,2355,1.538333213,2.693052806,265.610915451,1211.067049989,5.721330643,2,0.000000000,nan,nan,0.000000000,13.393895992,11.115101050,0.133966969,0.186846009,11.593247997,0,0.100000000
199.900893688,20736,4370,0,11552,9184,16362,4695,1186,1174,555,619,7314,9048,2185,2510,1.718878696,2.725211697,261.469086468,1218.943196076,5.107879639,2,0.000000000,nan,nan,0.000000000,14.197436045,11.896938027,0.149621977,0.171310967,12.426342990,0,0.100000000
199.999983549,19968,4575,0,11300,8668,15389,4573,1203,1218,549,669,6842,8547,2077,2496,1.666963676,2.717854704,280.602575119,1270.672454180,55.638551712,6,1.000000000,nan,nan,0.000000000,16.853754991,12.911689002,0.138121948,0.197877001,13.441319985,0,0.100000000
200.099887371,20064,4835,0,11275,8789,15389,4573,1225,1223,551,672,6842,8547,2077,2496,1.666963676,2.717854704,257.942206861,1265.503601418,nan,nan,nan,nan,nan,0.000000000,14.069486002,12.554372952,0.154429988,0.168666011,13.131625019,0,0.100000000
200.200028658,20160,5051,0,11564,8596,15105,4586,1181,1182,542,640,6593,8512,2072,2514,1.924795276,2.785968294,241.635553502,1260.077780680,nan,1,nan,nan,nan,0.000000000,14.287398022,12.127822032,0.148424995,0.220926013,12.628420955,0,0.100000000
200.300407648,19776,5077,0,11043,8733,15105,4586,1188,1179,540,639,6593,8512,2072,2514,1.924795276,2.785968294,240.143701822,1290.926831652,nan,nan,nan,nan,nan,0.000000000,14.300865005,12.640536006,0.184736040,0.199474976,13.272411015,0,0.100000000
200.399870634,19968,5383,0,11324,8644,14581,4699,1118,1151,471,680,5991,8590,1981,2718,1.859815614,2.856147589,215.246296724,1303.422475700,39.302110672,7,1.000000000,nan,nan,0.000000000,23.363736982,19.746305014,0.159522926,0.181064999,20.306376973,0,0.100000000
200.500039339,20256,5612,0,11378,8878,14640,4723,1198,1199,480,719,5805,8835,1977,2746,1.860800362,2.835037073,242.495860656,1159.591325187,nan,1,nan,nan,nan,0.000000000,14.095989987,11.853266973,0.133302005,0.211138045,12.342620990,0,0.100000000
200.600803852,19872,5598,0,11096,8776,14270,4795,1172,1151,379,772,5534,8736,1928,2867,1.773222195,2.901669864,220.279445390,1226.619148452,5.440473557,2,0.000000000,nan,nan,0.000000000,20.008908003,17.468646984,0.191045052,0.212673971,18.161837012,0,0.100000000
200.700236559,19872,5737,0,11198,8674,14131,4911,1243,1224,416,808,5508,8623,1996,2915,1.746008615,2.913786993,229.366101805,1234.117170135,5.403280258,2,0.000000000,nan,nan,0.000000000,14.793294016,12.698175968,0.140843913,0.185907993,13.199499983,0,0.100000000
200.799900770,20064,5669,0,11131,8933,14391,5068,1169,1337,456,881,5564,8827,2045,3023,1.790872585,2.912419120,283.752399468,1345.771837574,59.928894043,8,1.000000000,nan,nan,0.000000000,15.136164031,12.995218043,0.132431043,0.224141986,13.493152976,0,0.100000000
200.899926662,20160,5959,0,11493,8667,14197,5030,1323,1289,433,856,5731,8466,2134,2896,1.721119693,2.924013627,243.043467061,1147.950057545,nan,1,nan,nan,nan,0.000000000,15.903402003,13.405145961,0.149754982,0.234091014,13.937493030,0,0.100000000
201.000337124,19872,5665,0,11333,8539,14197,5030,1365,1354,453,901,5731,8466,2134,2896,1.721119693,2.924013627,297.308514614,1134.137551703,nan,nan,nan,nan,nan,0.000000000,14.564775978,12.991546013,0.168254075,0.204997021,13.570275973,0,0.100000000
201.099986315,20064,5950,0,11557,8507,14197,5030,1347,1344,463,881,5731,8466,2134,2896,1.721119693,2.924013627,289.915783169,1156.382308256,nan,nan,nan,nan,nan,0.000000000,14.371071011,12.897662993,0.149526983,0.197732996,13.423657976,0,0.100000000
201.200494528,19296,5717,0,11365,7931,13575,4395,1196,1175,440,735,5921,7654,2007,2388,1.857896390,2.960908562,270.988741185,996.511616796,nan,1,nan,nan,nan,0.000000000,14.448907052,11.977285962,0.137608033,0.184511009,12.464729021,0,0.100000000
201.299124002,20256,6293,0,11736,8520,13959,4487,1197,1198,482,716,5788,8171,2090,2397,2.119293559,2.876320786,245.209308572,1072.403704152,19.689083099,3,1.000000000,nan,nan,0.000000000,16.161606007,12.433345022,0.130385917,0.177705020,12.909149984,0,0.100000000
201.400041819,20448,6719,0,12457,7991,13725,4547,1193,1214,511,703,6045,7680,2185,2362,2.060014780,2.949776916,246.460011034,1085.900915638,nan,1,nan,nan,nan,0.000000000,15.104252030,12.342038914,0.147268060,0.180467032,12.851537031,0,0.100000000
201.500800133,19872,6489,0,11875,7997,13379,4521,1213,1233,514,719,5697,7682,2136,2385,2.372358787,2.901916517,197.149614535,1214.466464768,23.410081863,8,1.000000000,nan,nan,0.000000000,17.352416995,14.778364974,0.136210001,0.193697982,15.269586002,0,0.100000000
201.600378275,20064,6961,0,12362,7702,13099,4510,1225,1248,553,695,5747,7352,2166,2344,2.417392172,2.932977617,220.788550468,1186.718896932,49.906969070,2,1.000000000,nan,nan,0.000000000,19.880838052,15.156501904,0.148948922,0.193029991,15.696092974,0,0.100000000
201.699903250,19968,6819,0,12117,7851,13145,4505,1245,1255,518,737,5643,7502,2166,2339,2.507557538,2.886934913,211.708484562,1296.296719201,4.914760590,2,0.000000000,nan,nan,0.000000000,15.983742953,13.728337013,0.148141000,0.187688973,14.246654988,0,0.100000000
201.799816847,20064,7109,0,12371,7693,12951,4481,1319,1320,579,741,5653,7298,2188,2293,2.570310385,2.901059447,244.300179302,1340.948584887,39.939641953,3,1.000000000,nan,nan,0.000000000,19.363839994,16.656177002,0.205818971,0.184102973,17.388033972,0,0.100000000
201.900428295,20064,7036,0,12286,7778,13024,4459,1315,1290,543,747,5595,7429,2204,2255,2.638467688,2.832930754,215.849436409,1456.061402541,70.306539536,4,1.000000000,nan,nan,0.000000000,14.186011977,12.164004031,0.166559999,0.174454006,12.710342009,0,0.100000000
202.000377655,19776,7205,0,12410,7366,13024,4459,1201,1203,470,733,5595,7429,2204,2255,2.638467688,2.832930754,178.383593354,1391.788793828,nan,nan,nan,nan,nan,0.000000000,12.865789991,11.505969975,0.132716086,0.174178975,12.005066965,0,0.100000000
202.102575302,20064,7223,0,12446,7618,13024,4459,1266,1266,509,757,5595,7429,2204,2255,2.638467688,2.832930754,212.045695106,1400.870754884,nan,nan,nan,nan,nan,0.000000000,12.936644023,11.556932994,0.147703977,0.179976982,12.077799998,0,0.100000000
202.199780226,19968,7316,0,12478,7490,12648,4509,1359,1370,596,774,5557,7091,2354,2155,2.721209417,2.771691655,209.152766527,1646.756824218,nan,1,nan,nan,nan,0.000000000,15.348898014,12.745917018,0.156280003,0.187340018,13.306876994,0,0.100000000
202.302567005,20064,7472,0,12698,7366,12648,4509,1338,1341,589,752,5557,7091,2354,2155,2.721209417,2.771691655,195.811749909,1626.038341662,nan,nan,nan,nan,nan,0.000000000,13.322266983,11.849211995,0.175489928,0.184017001,12.431523006,0,0.100000000
202.399816275,19968,7356,0,12586,7382,12648,4509,1347,1349,596,753,5557,7091,2354,2155,2.721209417,2.771691655,197.448662873,1647.217225200,nan,nan,nan,nan,nan,0.000000000,12.666406983,11.367583007,0.114516995,0.173982990,11.789413984,0,0.100000000
202.499752283,19968,7476,0,12772,7196,12488,4594,1179,1328,603,725,5672,6816,2514,2080,2.830370901,2.716322909,214.338868285,1645.479359329,5.617141724,2,0.000000000,nan,nan,0.000000000,14.719661034,12.749834044,0.146379927,0.208141981,13.285481022,0,0.100000000
202.602124929,20064,7548,0,12840,7224,12488,4594,1348,1346,586,760,5672,6816,2514,2080,2.830370901,2.716322909,225.219568055,1634.322100083,nan,nan,nan,nan,nan,0.000000000,16.962430964,15.375717019,0.216598972,0.167767052,16.084283998,0,0.100000000
202.699886322,20064,7686,0,12999,7065,12488,4594,1360,1361,601,760,5672,6816,2514,2080,2.830370901,2.716322909,235.238093757,1662.401250184,nan,nan,nan,nan,nan,0.000000000,13.386784005,12.022858020,0.132408983,0.161047035,12.492764974,0,0.100000000
202.803357124,19872,7493,0,12786,7086,12375,4628,1496,1389,647,742,5746,6629,2627,2001,2.851560377,2.317186654,235.233846525,1707.087980989,nan,1,nan,nan,nan,0.000000000,14.269619016,12.305122102,0.164852943,0.198509020,12.880649010,0,0.100000000
202.899730682,20064,7559,0,13036,7028,12501,4594,1338,1301,627,674,5967,6534,2667,1927,2.798374033,2.625643373,214.248979372,1596.566513931,63.853263855,5,1.000000000,nan,nan,0.000000000,17.479171976,14.310839993,0.146586972,0.205144985,14.855067013,0,0.100000000
202.999868155,20160,7602,0,12950,7210,12554,4576,1391,1371,648,723,5898,6656,2681,1895,2.872421508,1.960194017,238.134922151,1646.351160137,19.887208939,4,1.000000000,nan,nan,0.000000000,26.302743994,22.813601070,0.208966027,0.216875982,23.547479999,0,0.100000000
203.100272655,19776,7594,0,13069,6707,12178,4663,1391,1362,651,711,6094,6084,2827,1836,2.829160092,2.238146480,243.959578275,1768.157590302,nan,1,nan,nan,nan,0.000000000,17.022838991,13.856927049,0.167634978,0.209214981,14.463805011,0,0.100000000
203.199826956,20256,7708,0,13301,6955,12544,4788,1308,1345,629,716,6255,6289,2883,1905,2.886798360,1.882566284,213.843353293,1739.689729371,19.896507263,3,1.000000000,nan,nan,0.000000000,16.726554022,14.478922065,0.150905980,0.288626004,15.026668960,0,0.100000000
203.300571680,19968,7521,0,13194,6774,12544,4788,1371,1370,654,716,6255,6289,2883,1905,2.886798360,1.882566284,204.394561764,1726.471069811,nan,nan,nan,nan,nan,0.000000000,13.831285993,12.440211023,0.153297966,0.172575994,12.983671972,0,0.100000000
203.400252581,19968,7523,0,13146,6822,12544,4788,1393,1392,653,739,6255,6289,2883,1905,2.886798360,1.882566284,216.643930663,1751.014150525,nan,nan,nan,nan,nan,0.000000000,13.861834013,12.487650034,0.153191912,0.165112026,13.034049014,0,0.100000000
203.500489235,19872,7415,0,13121,6751,12453,4864,1379,1368,669,699,6543,5910,3070,1794,2.801583853,1.766853596,224.655212397,1711.594024791,5.780696869,3,0.000000000,nan,nan,0.000000000,19.563181966,17.285405949,0.209700025,0.195686996,18.060716975,0,0.100000000
203.599837542,20160,7677,0,13439,6721,12479,4822,1325,1386,702,684,6611,5868,3068,1754,2.845388153,1.642318262,250.108372194,1794.672194206,4.700899124,2,0.000000000,nan,nan,0.000000000,16.840087948,13.740788039,0.152733002,0.175735971,14.279472991,0,0.100000000
203.700218916,19968,7320,0,13199,6769,12644,4885,1361,1389,677,712,6780,5864,3139,1746,2.799785450,1.662255336,246.184913838,1846.724911820,5.370616913,4,0.000000000,nan,nan,0.000000000,17.471753992,14.392826997,0.153324916,0.177656999,14.951501973,0,0.100000000
203.800359964,19872,7280,0,13279,6593,12588,4900,1415,1419,748,671,6910,5678,3209,1691,2.840736707,1.594278987,255.354698495,1904.086727859,4.962682724,2,0.000000000,nan,nan,0.000000000,19.585394009,15.753858024,0.161553908,0.171647989,16.326448997,0,0.100000000
203.899916887,19680,7079,0,13151,6529,12588,4900,1427,1423,739,684,6910,5678,3209,1691,2.840736707,1.594278987,264.587429177,1982.214274836,nan,nan,nan,nan,nan,0.000000000,16.610792023,15.033055970,0.192841981,0.222144998,15.668757027,0,0.100000000
204.000112295,20448,7200,0,13481,6967,12588,4900,1433,1426,740,686,6910,5678,3209,1691,2.840736707,1.594278987,256.814138282,1948.155968965,nan,nan,nan,nan,nan,0.000000000,17.946542008,15.965703002,0.209685997,0.194402004,16.630729020,0,0.100000000
204.101008415,19968,6910,0,13231,6737,13054,5108,1720,1499,765,734,7196,5858,3370,1738,2.795325452,1.695671656,291.555952630,2141.424998434,55.931806564,6,1.000000000,nan,nan,0.000000000,16.269765038,13.970843051,0.204345968,0.231439015,14.647295990,0,0.100000000
204.200038671,20064,6736,0,13453,6611,13324,5124,1429,1440,752,688,7558,5766,3412,1712,2.802189000,1.918521432,271.924493112,1881.697332981,14.783382416,3,0.000000000,nan,nan,0.000000000,22.974891006,19.358426973,0.194967026,0.203297008,20.016394032,0,0.100000000
204.300258160,19968,6584,0,13121,6847,13380,5065,1540,1503,776,727,7352,6028,3310,1755,2.767059746,1.805797269,299.054268548,2003.046945672,6.051778793,9,0.000000000,nan,nan,0.000000000,23.568473989,20.650772960,0.234979962,0.219370995,21.434338007,0,0.100000000
204.400567293,19872,6370,0,13132,6740,13380,5065,1486,1489,742,747,7352,6028,3310,1755,2.767059746,1.805797269,290.864411946,1996.206854038,nan,nan,nan,nan,nan,0.000000000,15.082138998,13.523965958,0.167861988,0.200135983,14.141067048,0,0.100000000
204.500026226,20160,6427,0,13136,7024,13729,5013,1440,1466,717,749,7470,6259,3271,1742,2.766555943,1.953433872,311.481907120,1910.059695928,29.696702957,3,1.000000000,nan,nan,0.000000000,16.434074962,14.175618940,0.161261996,0.194497989,14.741179999,0,0.100000000
204.600372076,19776,5864,0,12957,6819,13729,5013,1477,1473,719,754,7470,6259,3271,1742,2.766555943,1.953433872,296.991832036,1944.777109832,nan,nan,nan,nan,nan,0.000000000,15.764967015,14.129789022,0.169425970,0.218157016,14.756446006,0,0.100000000
204.701632738,20064,5922,0,12858,7206,14138,5144,1412,1418,713,705,7617,6521,3286,1858,2.727012290,1.967028680,267.318540462,1938.506741618,31.847715378,8,1.000000000,nan,nan,0.000000000,21.078193968,17.789650999,0.183258089,0.198086957,18.396608997,0,0.100000000
204.799805880,19968,5558,0,12882,7086,14406,5212,1397,1470,719,751,7928,6478,3347,1865,2.665113584,2.139112246,309.979771480,1955.003617157,nan,1,nan,nan,nan,0.000000000,20.229861955,16.045252967,0.155772897,0.197371992,16.604621022,0,0.100000000
204.901558399,20160,5473,0,12781,7379,14406,5212,1463,1466,728,738,7928,6478,3347,1865,2.665113584,2.139112246,316.533327362,1995.740869424,nan,nan,nan,nan,nan,0.000000000,16.706507013,15.048002009,0.192189007,0.182593009,15.707856975,0,0.100000000
205.000705004,19872,5278,0,12784,7088,14406,5212,1489,1488,727,761,7928,6478,3347,1865,2.665113584,2.139112246,305.451508404,2004.784272043,nan,nan,nan,nan,nan,0.000000000,19.756508991,17.942688020,0.215183944,0.189304992,18.698638014,0,0.100000000
205.099878311,19584,5181,0,12703,6881,14406,5212,1461,1462,730,732,7928,6478,3347,1865,2.665113584,2.139112246,311.336908355,2003.254036284,nan,nan,nan,nan,nan,0.000000000,14.983200992,13.395267946,0.135771988,0.275804952,13.895643002,0,0.100000000
205.201733828,20544,5196,0,13023,7521,15344,5568,1404,1529,828,701,8393,6951,3535,2033,2.666068741,2.060268170,333.888685819,2099.465601087,90.062618256,3,1.000000000,nan,nan,0.000000000,19.193365006,16.749079921,0.178811955,0.256403000,17.371799971,0,0.100000000
205.300370932,19776,5031,0,12634,7142,15344,5568,1506,1525,813,712,8393,6951,3535,2033,2.666068741,2.060268170,314.580600308,2040.893495772,nan,nan,nan,nan,nan,0.000000000,16.948673991,15.195481014,0.191756932,0.202830997,15.825266019,0,0.100000000
205.401607513,20064,4960,0,12823,7241,15100,5502,1433,1503,757,746,8437,6663,3463,2039,2.630382817,2.059881057,343.753685631,2080.728280792,nan,1,nan,nan,nan,0.000000000,17.063409963,14.803625003,0.165914011,0.235132989,15.385818027,0,0.100000000
205.499943256,20064,4854,0,12929,7135,15206,5414,1421,1415,716,699,8584,6622,3398,2016,2.580834190,2.024300735,299.324640425,2034.180004015,5.462646484,2,0.000000000,nan,nan,0.000000000,17.465154990,15.092962945,0.179914001,0.268515025,15.740251984,0,0.100000000
205.600212336,19776,4731,0,12490,7286,15041,5488,1604,1612,845,767,8263,6778,3413,2075,2.624886273,2.043211881,364.062559009,2066.811418836,11.032819748,3,0.000000000,nan,nan,0.000000000,22.414100007,17.169109953,0.194758992,0.295954000,17.840537999,0,0.100000000
205.700104713,20256,4731,0,12984,7272,15521,5495,1605,1537,749,788,8753,6768,3387,2108,2.553100304,1.987017964,349.476722864,2043.397671333,3.058671951,2,0.000000000,nan,nan,0.000000000,26.036054012,20.685309952,0.199882081,0.261610025,21.437506017,0,0.100000000
205.800000906,19968,4497,0,12478,7490,15467,5436,1623,1573,810,763,8385,7082,3346,2090,2.641522402,1.910430463,320.390557755,1984.034533061,5.746603012,2,0.000000000,nan,nan,0.000000000,20.204247965,17.096060037,0.175203953,0.236877007,17.728127015,0,0.100000000
205.901545048,19872,4015,0,12390,7482,15853,5492,1470,1454,740,714,8780,7073,3435,2057,2.562551451,1.874315866,285.946237733,1911.198511981,2.144098282,2,0.000000000,nan,nan,0.000000000,21.500606032,18.565013015,0.187130994,0.280950044,19.209620019,0,0.100000000
205.999924898,20160,4071,0,12506,7654,16085,5490,1552,1565,843,722,8742,7343,3391,2099,2.581489819,1.776103932,291.486628044,2033.639719715,5.574464798,2,0.000000000,nan,nan,0.000000000,21.247021970,17.371267022,0.181908079,0.280216977,18.001867982,0,0.100000000
206.099855661,20064,3855,0,12314,7750,16205,5441,1418,1432,738,694,8789,7416,3378,2063,2.543844673,1.664810706,279.664654223,1988.241614771,10.157823563,3,0.000000000,nan,nan,0.000000000,19.001566980,16.299198964,0.160416937,0.228060992,16.862158955,0,0.100000000
206.201682568,19680,3606,0,12046,7634,16070,5501,1629,1609,874,735,8696,7374,3421,2080,2.589876195,1.584266917,323.378922321,2061.081608065,nan,1,nan,nan,nan,0.000000000,26.838258957,22.443284921,0.182763149,0.284110021,23.087745009,0,0.100000000
206.300048351,20064,3934,0,12111,7953,16070,5501,1516,1517,792,725,8696,7374,3421,2080,2.589876195,1.584266917,289.190645543,2071.063015517,nan,nan,nan,nan,nan,0.000000000,16.874930006,15.105682076,0.186779944,0.244190043,15.711807006,0,0.100000000
206.400257826,19872,3836,0,12227,7645,16070,5501,1631,1626,854,772,8696,7374,3421,2080,2.589876195,1.584266917,312.180471952,2040.174552173,nan,nan,nan,nan,nan,0.000000000,17.108757980,15.250630968,0.207681966,0.285851012,15.906760003,0,0.100000000
206.499817133,19968,3845,0,12213,7755,16119,5697,1521,1569,911,658,8536,7583,3653,2044,2.623326144,1.317683192,329.434012115,1912.519132793,71.983098984,4,1.000000000,nan,nan,0.000000000,27.752696013,24.325477949,0.187235011,0.284391979,24.973519030,0,0.100000000
206.600536585,19968,3758,0,12298,7670,16206,5400,1532,1552,850,702,8701,7505,3531,1869,2.618479147,1.321977670,304.513932444,2049.486160159,29.951572418,4,1.000000000,nan,nan,0.000000000,18.100444984,15.481050068,0.210609986,0.328942959,16.188868962,0,0.100000000
206.699811459,19968,3653,0,12167,7801,16311,5377,1561,1586,907,679,8616,7695,3511,1866,2.615265330,1.310133170,287.264387585,2139.019717653,10.002136230,4,0.000000000,nan,nan,0.000000000,17.414623988,15.035302029,0.178257993,0.236858963,15.656907985,0,0.100000000
206.799813986,19968,3592,0,12140,7828,16372,5415,1668,1638,936,702,8636,7736,3536,1879,2.610085375,1.313573729,318.978168575,2254.348720406,70.059299469,5,1.000000000,nan,nan,0.000000000,19.948209985,16.754240962,0.191916944,0.373277988,17.406657978,0,0.100000000
206.902007818,19872,3438,0,11941,7931,16430,5209,1480,1481,869,612,8551,7879,3363,1846,2.589997213,1.307153766,266.122376222,2011.903690429,2.290487289,2,0.000000000,nan,nan,0.000000000,17.583496985,14.612500032,0.177995942,0.323638960,15.262097993,0,0.100000000
206.999658585,19968,3405,0,11976,7992,16430,5209,1599,1612,950,662,8551,7879,3363,1846,2.589997213,1.307153766,305.471397445,2026.428226914,nan,nan,nan,nan,nan,0.000000000,16.717989987,14.985742979,0.191256986,0.228377001,15.648312983,0,0.100000000
207.099911928,20256,3299,0,12140,8116,16430,5209,1539,1536,900,636,8551,7879,3363,1846,2.589997213,1.307153766,288.950644519,1992.017011531,nan,nan,nan,nan,nan,0.000000000,16.146128997,14.387786970,0.203515054,0.244216993,15.070451016,0,0.100000000
207.200345516,19968,3337,0,11839,8129,16627,5276,1537,1513,884,629,8499,8128,3365,1911,2.570469454,1.308796219,322.432619916,1847.502698149,nan,1,nan,nan,nan,0.000000000,17.305436952,14.676557039,0.172038970,0.303059991,15.316970006,0,0.100000000
207.300235748,19872,3087,0,11784,8088,16781,5167,1492,1494,843,651,8697,8084,3258,1909,2.545536674,1.330766652,273.651520759,1883.703623964,5.563259125,2,0.000000000,nan,nan,0.000000000,17.253683996,14.708737959,0.262314978,0.295761041,15.407673956,0,0.100000000
207.402398825,20064,3130,0,11607,8457,16930,5312,1462,1466,885,581,8477,8453,3337,1975,2.527617964,1.327913759,307.290958774,1750.951052413,54.412603378,7,1.000000000,nan,nan,0.000000000,22.330903972,15.864522953,0.168166996,0.263458001,16.441743996,0,0.100000000
207.503267050,19872,2940,0,11656,8216,16930,5312,1306,1297,764,533,8477,8453,3337,1975,2.527617964,1.327913759,205.558775475,1605.422590381,nan,nan,nan,nan,nan,0.000000000,16.773205018,15.154035995,0.158128038,0.233792991,15.718111012,0,0.100000000
207.600643158,19680,2960,0,11463,8217,16716,5234,1476,1453,911,542,8502,8214,3359,1875,2.514424761,1.334891518,280.009146631,1860.388446226,30.928850174,10,1.000000000,nan,nan,0.000000000,20.806166984,16.038585978,0.168930041,0.237845001,16.619418981,0,0.100000000
207.700846910,19488,2813,0,11347,8141,16671,5223,1361,1380,811,569,8534,8137,3236,1987,2.507780348,1.367492958,215.669719741,1807.834258576,8.003234863,24,0.000000000,nan,nan,0.000000000,16.813354043,14.407455921,0.154929003,0.233047991,14.953462989,0,0.100000000
207.801526070,20544,3021,0,11673,8871,17519,5394,1479,1474,859,615,8648,8871,3356,2038,2.522141175,1.342018315,284.141408092,1932.044389379,30.090570450,4,1.000000000,nan,nan,0.000000000,21.434428985,17.923323903,0.389608031,0.322185049,19.149430969,0,0.100000000
207.900549650,19872,3002,0,11667,8205,17519,5394,1439,1435,852,583,8648,8871,3356,2038,2.522141175,1.342018315,267.403709004,1821.063727812,nan,nan,nan,nan,nan,0.000000000,16.742034990,15.005449008,0.175694993,0.250952027,15.608065994,0,0.100000000
207.999825239,19776,2794,0,11247,8529,17519,5394,1480,1482,861,621,8648,8871,3356,2038,2.522141175,1.342018315,285.462687946,1937.603608429,nan,nan,nan,nan,nan,0.000000000,16.222451988,14.639978996,0.129260006,0.239372021,15.092862013,0,0.100000000
208.100444078,20160,3012,0,11695,8465,17144,5382,1389,1504,889,615,8682,8462,3292,2090,2.469190364,1.412898110,319.365589586,1877.918234683,144.050598145,3,1.000000000,nan,nan,0.000000000,25.822643016,21.160452976,0.182007032,0.261510024,21.776542999,0,0.100000000
208.200536013,19968,2713,0,11236,8732,17251,5391,1429,1419,856,563,8519,8732,3260,2131,2.521360685,1.380754709,296.123892786,1813.854470748,nan,1,nan,nan,nan,0.000000000,23.050227959,15.848796000,0.158968964,0.243978982,16.411733988,0,0.100000000
208.299803257,20256,3067,0,11831,8425,17251,5391,1456,1464,821,643,8519,8732,3260,2131,2.521360685,1.380754709,285.082763859,1821.521841740,nan,nan,nan,nan,nan,0.000000000,17.129239044,15.414637048,0.162338023,0.236899999,16.010216030,0,0.100000000
208.400311470,19200,2656,0,10517,8683,16540,5173,1548,1509,851,658,7860,8680,3079,2094,2.464177602,1.416697568,319.790316111,1896.267515803,5.805492401,2,0.000000000,nan,nan,0.000000000,17.481000978,14.636961918,0.184258970,0.227814016,15.283623012,0,0.100000000
208.500370026,20832,3137,0,12059,8773,17691,5240,1489,1491,881,610,8922,8769,3193,2047,2.475069637,1.510160944,315.556800179,1786.183441534,6.252527237,4,0.000000000,nan,nan,0.000000000,19.451684959,16.392827965,0.161981035,0.223811017,17.017984006,0,0.100000000
208.601542234,19872,2795,0,11107,8765,17073,5150,1408,1407,832,575,8312,8761,3078,2072,2.487783200,1.491907220,304.337348649,1655.509749935,64.145565033,8,1.000000000,nan,nan,0.000000000,18.705814960,15.677641029,0.167821010,0.213612977,16.239773016,0,0.100000000
208.700309992,19872,2925,0,11278,8594,16943,5221,1542,1511,887,624,8353,8590,3165,2056,2.438748376,1.538962470,347.546353917,1784.458042917,5.875825882,2,0.000000000,nan,nan,0.000000000,22.802343010,19.599858962,0.202048977,0.226275995,20.296217001,0,0.100000000
208.800367594,20160,2843,0,11213,8947,17313,5050,1371,1371,796,575,8369,8944,2974,2076,2.475493738,1.579573648,321.271208193,1574.870791482,nan,1,nan,nan,nan,0.000000000,18.772500975,16.172129952,0.163453049,0.239863002,16.737946018,0,0.100000000
208.900246620,19872,2983,0,11298,8574,16885,5162,1343,1360,849,511,8311,8574,3116,2046,2.434142625,1.599058340,328.914308991,1632.197097234,19.833087921,7,1.000000000,nan,nan,0.000000000,19.113931980,15.385828039,0.165741018,0.288438983,15.970097971,0,0.100000000
208.999829531,19968,2841,0,11253,8715,17123,5197,1350,1371,809,562,8408,8715,3097,2100,2.443101780,1.636443144,318.025980745,1583.511430286,36.035060883,4,1.000000000,nan,nan,0.000000000,22.872676025,18.472674070,0.152573106,0.212350045,19.067686982,0,0.100000000
209.099835634,20256,2930,0,11533,8723,17322,5365,1446,1438,922,516,8599,8723,3202,2163,2.412393134,1.671987136,335.813970661,1740.698196271,6.496667862,2,0.000000000,nan,nan,0.000000000,19.752066000,17.211488914,0.188039965,0.254017010,17.861653003,0,0.100000000
209.200195551,19776,2810,0,11074,8702,16962,5170,1348,1326,816,510,8264,8698,3020,2150,2.386818576,1.702332574,304.273744592,1539.443967392,4.417657852,2,0.000000000,nan,nan,0.000000000,17.743690987,14.682767040,0.161779928,0.213295978,15.234137012,0,0.100000000
209.300108433,20064,2811,0,11102,8962,17249,5284,1412,1373,828,545,8287,8962,3045,2239,2.401164095,1.726057359,345.960285467,1648.912396012,29.737234116,3,1.000000000,nan,nan,0.000000000,27.681719977,22.733512975,0.232402934,0.246201002,23.528176011,0,0.100000000
209.399828911,20160,2867,0,11203,8957,17249,5284,1362,1353,767,586,8287,8962,3045,2239,2.401164095,1.726057359,333.689980312,1544.806350907,nan,nan,nan,nan,nan,0.000000000,16.309081984,14.676731022,0.162058044,0.209678954,15.252616024,0,0.100000000
209.500439405,19968,2679,0,10892,9076,17285,5110,1206,1284,766,518,8213,9072,2885,2225,2.391404593,1.776521855,281.536513321,1545.903016678,5.395889282,3,0.000000000,nan,nan,0.000000000,18.878024013,15.022186970,0.150056090,0.209805963,15.531446959,0,0.100000000
209.600257874,20064,2907,0,11294,8770,17153,5154,1242,1301,780,521,8387,8766,2906,2248,2.353208028,1.815215642,301.943488401,1593.041073848,nan,1,nan,nan,nan,0.000000000,19.605631009,15.496329928,0.147346931,0.232578022,16.024711018,0,0.100000000
209.701567173,19776,2671,0,10724,9052,17153,5154,1266,1265,798,467,8387,8766,2906,2248,2.353208028,1.815215642,291.424219688,1508.318585597,nan,nan,nan,nan,nan,0.000000000,15.709728003,13.997205999,0.148195017,0.200007984,14.534792979,0,0.100000000
209.799881458,20256,2999,0,11609,8647,17253,5177,1426,1388,871,517,8606,8647,2944,2233,2.322439635,1.837164652,374.178984526,1638.998569558,nan,1,nan,nan,nan,0.000000000,16.788472945,14.292654989,0.175769033,0.215825043,14.882618969,0,0.100000000
209.900296211,19968,2709,0,10907,9061,17255,5163,1378,1354,895,459,8194,9061,2928,2235,2.375337083,1.813387464,336.070280576,1709.777036315,9.459018707,3,0.000000000,nan,nan,0.000000000,20.647186029,16.562844103,0.152694935,0.277449028,17.115364026,0,0.100000000
210.001246214,19680,2869,0,10939,8741,17255,5163,1411,1406,893,513,8194,9061,2928,2235,2.375337083,1.813387464,335.243651575,1716.543282587,nan,nan,nan,nan,nan,0.000000000,15.664511011,13.982523058,0.161659031,0.196799985,14.535247989,0,0.100000000
210.098520041,20256,2855,0,11126,9130,17397,5163,1377,1404,893,511,8267,9130,2860,2303,2.319833402,1.855392822,352.186926644,1809.558505883,70.402383804,2,1.000000000,nan,nan,0.000000000,20.892071014,18.200443941,0.222072995,0.273201964,18.980285968,0,0.100000000
210.199816227,20160,2913,0,11082,9078,17397,5163,1393,1394,879,515,8267,9130,2860,2303,2.319833402,1.855392822,337.973824830,1757.807052964,nan,nan,nan,nan,nan,0.000000000,17.599300016,15.832901991,0.156786991,0.205094984,16.383206996,0,0.100000000
210.300420761,19776,2801,0,10865,8911,17397,5163,1410,1413,875,538,8267,9130,2860,2303,2.319833402,1.855392822,344.974592090,1789.228497678,nan,nan,nan,nan,nan,0.000000000,16.062707000,14.410079049,0.167708960,0.203327974,15.012360003,0,0.100000000
210.400872231,20256,2781,0,11032,9224,17471,5204,1416,1366,846,520,8251,9220,2759,2445,2.254837225,1.947931341,351.025372366,1770.128945710,29.644727707,4,1.000000000,nan,nan,0.000000000,17.273524019,14.445820940,0.161611009,0.238810026,15.045252978,0,0.100000000
210.500775814,20064,2856,0,11061,9003,17204,5170,1431,1434,850,584,8201,9003,2736,2434,2.261010616,1.943238807,383.017470939,1871.366845480,6.848096848,23,0.000000000,nan,nan,0.000000000,16.723949986,14.223420934,0.181661046,0.226858014,14.819131000,0,0.100000000
210.603291273,19776,2697,0,10769,9007,17075,5148,1376,1369,752,617,8068,9007,2676,2472,2.235272365,1.993005026,371.466803326,1747.987850584,6.465911865,7,0.000000000,nan,nan,0.000000000,18.104446004,15.199909918,0.210891943,0.248559983,16.152066004,0,0.100000000
210.699808598,20160,2793,0,11168,8992,17363,5149,1471,1507,860,647,8371,8992,2731,2418,2.152199111,2.015837075,375.708324075,1928.712009247,8.950948715,34,0.000000000,nan,nan,0.000000000,17.265528964,14.498006029,0.167916936,0.266848016,15.090281027,0,0.100000000
210.803543806,19296,2187,0,10167,9129,17105,4956,1333,1333,761,572,7976,9129,2571,2385,2.238109751,2.025280448,325.068630853,1848.969780571,6.329536438,12,0.000000000,nan,nan,0.000000000,16.574604029,13.990964100,0.149391999,0.232161023,14.532979985,0,0.100000000
210.899747849,20064,2625,0,10848,9216,17435,5052,1317,1320,803,517,8219,9216,2583,2469,2.157168012,2.065329511,290.198023672,1550.131659933,19.933462143,7,1.000000000,nan,nan,0.000000000,23.396907956,19.801193965,0.181696028,0.209727034,20.426802977,0,0.100000000
211.000190258,19968,2512,0,10692,9276,17452,4898,1267,1285,772,513,8179,9273,2510,2388,2.133399203,2.085007618,313.130899160,1691.560993874,9.926557541,5,0.000000000,nan,nan,0.000000000,17.674558971,15.029377944,0.138778938,0.249409000,15.535251005,0,0.100000000
211.201020956,19968,2970,0,11058,8910,16994,4781,1374,1304,760,544,8084,8910,2439,2342,1.975717619,2.192774343,325.828438686,1670.706810478,119.828939438,7,1.000000000,nan,nan,0.000000000,21.975687996,18.270924047,0.165967969,0.250512036,18.835464027,0,0.100000000
211.301212788,20256,3028,0,10949,9307,17224,4842,1320,1321,780,541,7917,9307,2410,2432,1.946387412,2.163223068,306.877481838,1614.437364030,nan,1,nan,nan,nan,0.000000000,15.490710037,13.206329022,0.158731011,0.218432047,13.734907028,0,0.100000000
211.400123596,19968,2995,0,10968,9000,16969,4700,1202,1243,750,493,7973,8996,2410,2290,1.856296039,2.240727585,304.408848929,1551.227043637,50.751924515,4,1.000000000,nan,nan,0.000000000,15.419641975,13.092142995,0.135331997,0.214700995,13.604193984,0,0.100000000
211.499815226,20064,3016,0,10709,9355,17044,4809,1267,1254,773,481,7693,9351,2373,2436,1.808752597,2.211343699,282.883809624,1564.319970423,nan,1,nan,nan,nan,0.000000000,23.428391956,17.485672026,0.181948999,0.211284030,18.134061014,0,0.100000000
211.601143837,19872,3033,0,10975,8897,17044,4809,1292,1286,781,505,7693,9351,2373,2436,1.808752597,2.211343699,303.639942360,1592.637181639,nan,nan,nan,nan,nan,0.000000000,15.125214995,13.337848010,0.170340063,0.287403003,13.915003976,0,0.100000000
211.702418804,20256,3205,0,11000,9256,17047,4978,1241,1267,752,515,7795,9252,2402,2576,1.786100255,2.282526578,296.126023871,1755.809517195,110.528469086,4,1.000000000,nan,nan,0.000000000,16.993384052,13.918505982,0.137449999,0.209497986,14.416127000,0,0.100000000
211.800231457,20160,3259,0,11316,8844,17047,4978,1296,1300,758,542,7795,9252,2402,2576,1.786100255,2.282526578,300.392345575,1744.085777506,nan,nan,nan,nan,nan,0.000000000,15.607503999,13.900142978,0.191708037,0.199895003,14.577684982,0,0.100000000
211.900276423,20064,3344,0,11022,9042,17047,4978,1305,1309,762,547,7795,9252,2402,2576,1.786100255,2.282526578,313.122688713,1774.316886172,nan,nan,nan,nan,nan,0.000000000,14.609717007,13.208758959,0.107043015,0.200989947,13.602013991,0,0.100000000
212.000434160,20064,3419,0,11143,8921,17047,4978,1326,1320,756,564,7795,9252,2402,2576,1.786100255,2.282526578,312.395477785,1859.690764491,nan,nan,nan,nan,nan,0.000000000,14.975605998,13.538053026,0.112341950,0.205080956,13.947971049,0,0.100000000
212.100794315,19488,3247,0,10819,8669,17047,4978,1329,1324,753,571,7795,9252,2402,2576,1.786100255,2.282526578,312.406146395,1855.476553949,nan,nan,nan,nan,nan,0.000000000,14.608354017,13.179940986,0.113380956,0.191084982,13.591394003,0,0.100000000
212.199857235,20448,3607,0,11408,9040,16837,4749,1231,1327,732,595,7798,9039,2202,2547,1.563772700,2.288133969,313.135129255,1926.190220267,5.981922150,2,0.000000000,nan,nan,0.000000000,16.882410040,14.433694014,0.182197022,0.198697031,15.095727984,0,0.100000000
212.300030470,20064,3444,0,11182,8882,16616,4708,1424,1322,732,590,7738,8878,2217,2491,1.645126478,2.344282508,301.214842675,2128.128255043,85.026979446,4,1.000000000,nan,nan,0.000000000,19.793123996,15.476859058,0.170901942,0.218080007,16.056699969,0,0.100000000
212.400209188,19872,3557,0,11213,8659,16311,4700,1312,1298,689,609,7654,8657,2198,2502,1.585450873,2.339194340,332.286238843,1734.548564673,nan,1,nan,nan,nan,0.000000000,15.514012019,13.291513023,0.146466016,0.193910033,13.819485030,0,0.100000000
212.499859571,20160,3608,0,11561,8599,16548,4705,1290,1246,673,573,7952,8596,2238,2467,1.556618498,2.346352699,313.764411869,1934.148252266,90.821504593,6,1.000000000,nan,nan,0.000000000,15.970745008,13.515318045,0.146622013,0.242773036,14.048476995,0,0.100000000
212.600460768,19968,3669,0,11265,8703,16548,4705,1268,1268,682,586,7952,8596,2238,2467,1.556618498,2.346352699,294.390789607,1855.072069348,nan,nan,nan,nan,nan,0.000000000,14.528721978,12.963212037,0.153366011,0.184790988,13.478992041,0,0.100000000
212.701802015,19776,3732,0,11182,8594,16040,4443,1056,1066,588,478,7446,8594,1991,2452,1.398632066,2.378477761,242.649177489,1507.015170397,nan,1,nan,nan,nan,0.000000000,14.409801981,12.299027992,0.116346055,0.172364991,12.729176029,0,0.100000000
212.800101757,20256,3860,0,11478,8778,16392,4641,1142,1213,597,616,7614,8778,2060,2581,1.376491492,2.375862255,308.239670181,1576.251003827,54.102182388,3,1.000000000,nan,nan,0.000000000,26.639895979,21.844456031,0.144171994,0.201161951,22.370059043,0,0.100000000
212.900122166,20064,3879,0,11345,8719,16181,4593,1221,1199,567,632,7465,8716,2025,2568,1.361346404,2.387347227,316.516356071,1589.637626281,26.047229767,4,1.000000000,nan,nan,0.000000000,18.353021995,14.184490952,0.152229972,0.192610023,14.694041980,0,0.100000000
213.000128984,19968,3908,0,11145,8823,16056,4686,1208,1275,627,648,7237,8819,2020,2666,1.366836171,2.392689310,330.467363467,1677.153752743,2.789974213,2,0.000000000,nan,nan,0.000000000,17.492212995,14.970617020,0.138043019,0.203440024,15.517092019,0,0.100000000
213.100118160,19872,3986,0,11340,8532,15882,4724,1253,1234,590,644,7354,8528,2051,2673,1.332925080,2.422050490,323.313529352,1721.933488987,nan,1,nan,nan,nan,0.000000000,16.386777977,13.509088953,0.155661954,0.205520017,14.057311986,0,0.100000000
213.202610731,19488,3987,0,11060,8428,15882,4724,1278,1280,592,688,7354,8528,2051,2673,1.332925080,2.422050490,327.609406742,1745.451034997,nan,nan,nan,nan,nan,0.000000000,14.880291012,13.365713996,0.150270062,0.181509997,13.914920972,0,0.100000000
213.299605608,20544,4266,0,11506,9038,16274,4609,1194,1236,543,693,7237,9037,1941,2668,1.301227510,2.474249189,300.407108488,1721.878021858,nan,1,nan,nan,nan,0.000000000,15.044867003,12.755991949,0.138144998,0.198620022,13.246226008,0,0.100000000
213.399876118,20256,4348,0,11628,8628,16274,4609,1231,1228,554,674,7237,9037,1941,2668,1.301227510,2.474249189,274.920478151,1719.207556600,nan,nan,nan,nan,nan,0.000000000,14.403258974,12.822704972,0.146705017,0.176400994,13.363023987,0,0.100000000
213.501485825,19968,4431,0,11425,8543,16274,4609,1240,1236,556,680,7237,9037,1941,2668,1.301227510,2.474249189,283.719845957,1746.640551067,nan,nan,nan,nan,nan,0.000000000,14.289973013,12.777735945,0.145233062,0.181936019,13.282394968,0,0.100000000
213.600169420,20064,4746,0,11472,8592,15314,4480,1031,1126,463,663,6735,8579,1873,2607,1.256806248,2.453925854,251.246078407,1473.338679992,29.487848282,4,1.000000000,nan,nan,0.000000000,15.699448006,13.511756959,0.114789931,0.238079985,13.946116029,0,0.100000000
213.701496363,19968,4607,0,11360,8608,15357,4501,1132,1119,532,587,6781,8576,1888,2613,1.261082045,2.504660285,240.323943523,1462.077636862,4.479408264,2,0.000000000,nan,nan,0.000000000,23.479560041,17.993642017,0.137774972,0.196230016,18.519134959,0,0.100000000
213.800732374,19968,4840,0,11385,8583,15124,4347,1193,1172,561,611,6579,8545,1814,2533,1.233100602,2.494052468,298.751409300,1411.034927541,nan,1,nan,nan,nan,0.000000000,14.073147962,11.954064947,0.132301007,0.202962954,12.436837016,0,0.100000000
213.900289536,19872,4866,0,11412,8460,15124,4347,1205,1213,570,643,6579,8545,1814,2533,1.233100602,2.494052468,281.328752066,1397.451012289,nan,nan,nan,nan,nan,0.000000000,13.880443992,12.488032051,0.132596062,0.167060993,12.977904000,0,0.100000000
214.003232956,20064,5168,0,11504,8560,14892,4375,1254,1210,561,649,6401,8491,1817,2558,1.230991084,2.531937006,306.926636440,1381.057375512,65.773248672,4,1.000000000,nan,nan,0.000000000,18.452565011,15.075673000,0.187075988,0.195915985,15.740215022,0,0.100000000
214.099873781,20064,5136,0,11550,8514,14924,4474,1175,1154,535,619,6496,8428,1841,2633,1.252854159,2.553584953,279.297306352,1605.146012248,11.380195618,5,0.000000000,nan,nan,0.000000000,16.121502034,13.956088107,0.169872015,0.175877009,14.566886995,0,0.100000000
214.200078249,19872,5409,0,11609,8263,14459,4365,1118,1107,495,612,6280,8179,1840,2525,1.227512700,2.552154179,256.719220526,1366.863872906,15.749454498,2,1.000000000,nan,nan,0.000000000,17.582787026,13.830422948,0.131281966,0.175776018,14.296302048,0,0.100000000
214.299728870,20160,5419,0,11740,8420,14737,4440,1026,1054,446,608,6428,8309,1855,2585,1.246625445,2.561626674,267.808079403,1422.465408462,5.180358887,3,0.000000000,nan,nan,0.000000000,17.316189012,13.921694015,0.124596991,0.214856991,14.384435955,0,0.100000000
214.400320053,19776,5656,0,11571,8205,14737,4440,1031,1027,407,620,6428,8309,1855,2585,1.246625445,2.561626674,258.293413234,1426.692925651,nan,nan,nan,nan,nan,0.000000000,17.297323968,15.531056037,0.123365957,0.181003998,15.981416975,0,0.100000000
214.600048304,19968,5912,0,11775,8193,14052,4204,1038,1038,420,618,5999,8053,1728,2476,1.239906846,2.594929810,263.339783162,1244.177367877,20.817279816,3,1.000000000,nan,nan,0.000000000,15.647204011,12.574433931,0.115338014,0.180779956,13.017942023,0,0.100000000
214.699753761,19968,5982,0,11624,8344,14052,4204,1043,1044,394,650,5999,8053,1728,2476,1.239906846,2.594929810,256.725576870,1280.069395344,nan,nan,nan,nan,nan,0.000000000,12.941595982,11.601175007,0.119380013,0.146637962,12.035146006,0,0.100000000
214.801315546,19584,5806,0,11497,8087,13774,4163,974,1003,392,611,5842,7932,1767,2396,1.240415658,2.620726874,260.577540619,1186.786877451,6.057977676,2,0.000000000,nan,nan,0.000000000,13.685140002,11.586793989,0.105955871,0.167795981,11.992728978,0,0.100000000
214.902562141,20352,6478,0,11869,8483,13774,4163,990,987,383,604,5842,7932,1767,2396,1.240415658,2.620726874,260.273876997,1255.231052457,nan,nan,nan,nan,nan,0.000000000,13.057291973,11.775523075,0.111476984,0.155109970,12.186351989,0,0.100000000
215.000102282,20256,6276,0,11824,8432,13976,4204,972,987,377,610,5762,8214,1739,2465,1.185513993,2.637254227,249.333108174,1220.920253820,79.512834549,3,1.000000000,nan,nan,0.000000000,13.992367021,11.979090923,0.113139977,0.187603000,12.399398023,0,0.100000000
215.101656675,19968,6518,0,11731,8237,13446,4157,925,955,326,629,5428,8018,1703,2454,1.229328801,2.637603163,229.422648788,1025.997570024,14.422655106,2,0.000000000,nan,nan,0.000000000,15.442272008,13.458934962,0.099565019,0.171508058,13.846916961,0,0.100000000
215.200211763,19968,6533,0,11806,8162,13431,4214,1009,1035,364,671,5523,7908,1785,2429,1.224812610,2.647895410,253.631554702,1284.236515761,nan,1,nan,nan,nan,0.000000000,18.192093004,13.726286998,0.112331996,0.171685999,14.159581973,0,0.100000000
215.300141335,19776,6699,0,11615,8161,13431,4214,1018,1022,361,661,5523,7908,1785,2429,1.224812610,2.647895410,232.166734331,1331.656796597,nan,nan,nan,nan,nan,0.000000000,12.785764993,11.552570970,0.114712049,0.166393991,11.968882987,0,0.100000000
215.400293112,20256,6858,0,12066,8190,13394,4160,1041,1025,374,651,5511,7883,1775,2385,1.210235537,2.643592421,235.727501845,1246.974102334,20.211696625,4,1.000000000,nan,nan,0.000000000,17.364986998,13.205428026,0.113161979,0.243282993,13.639796001,0,0.100000000
215.500149727,19968,6944,0,11899,8069,13394,4160,925,923,337,586,5511,7883,1775,2385,1.210235537,2.643592421,206.908179417,1131.749673348,nan,nan,nan,nan,nan,0.000000000,12.926893018,11.602704006,0.099832017,0.188498001,11.998969945,0,0.100000000
215.600758076,20064,7011,0,11906,8158,13049,4191,918,951,345,606,5240,7809,1703,2488,1.240389437,2.641080965,219.538352803,1095.338623391,nan,1,nan,nan,nan,0.000000000,14.608133002,12.684916088,0.103939965,0.209745020,13.088716951,0,0.100000000
215.700192451,19776,7019,0,11945,7831,13049,4191,848,859,308,551,5240,7809,1703,2488,1.240389437,2.641080965,192.053380732,1086.450794025,nan,nan,nan,nan,nan,0.000000000,12.711442017,11.519601976,0.094204966,0.157053000,11.881034006,0,0.100000000
215.801705360,19968,7122,0,11995,7973,12842,4192,829,849,322,527,5228,7614,1738,2454,1.377520605,2.659306380,195.546638278,1004.953796941,9.453773499,5,0.000000000,nan,nan,0.000000000,15.471797029,12.738755031,0.096261094,0.267696974,13.134614041,0,0.100000000
215.900817156,20160,7290,0,12196,7964,12842,4192,838,835,329,506,5228,7614,1738,2454,1.377520605,2.659306380,198.564072267,890.200110678,nan,nan,nan,nan,nan,0.000000000,13.725687983,12.493399961,0.107640983,0.152455992,12.875590008,0,0.100000000
216.000333309,19872,7209,0,12087,7785,12842,4192,811,807,325,482,5228,7614,1738,2454,1.377520605,2.659306380,184.651137685,867.485770824,nan,nan,nan,nan,nan,0.000000000,12.666009017,11.496312101,0.093578070,0.147769984,11.862170999,0,0.100000000
216.099792242,20160,7467,0,12229,7931,12842,4192,832,834,326,508,5228,7614,1738,2454,1.377520605,2.659306380,199.277284936,889.986962396,nan,nan,nan,nan,nan,0.000000000,12.802884972,11.643124977,0.094344956,0.147051003,11.999871989,0,0.100000000
216.200077534,19968,7511,0,12285,7683,12842,4192,812,819,326,493,5228,7614,1738,2454,1.377520605,2.659306380,190.314585107,872.835113182,nan,nan,nan,nan,nan,0.000000000,14.251203043,13.013988035,0.097893993,0.157959003,13.369783992,0,0.100000000
216.300075054,20064,7682,0,12393,7671,12378,4146,822,840,395,445,5314,7064,1885,2261,1.469857082,2.684392450,221.293959118,704.931415792,37.618160248,3,1.000000000,nan,nan,0.000000000,14.698158950,12.736648030,0.108050997,0.341264997,13.145034027,0,0.100000000
216.400117636,19872,7855,0,12424,7448,12378,4146,850,843,357,486,5314,7064,1885,2261,1.469857082,2.684392450,208.029803956,660.846231412,nan,nan,nan,nan,nan,0.000000000,15.449040977,13.767811994,0.093514100,0.157921982,14.129628020,0,0.100000000
216.503642082,19872,8067,0,12410,7462,11801,3974,764,770,367,403,4962,6839,1808,2166,1.520345843,2.678068241,208.566005436,576.956616623,94.326972961,4,1.000000000,nan,nan,0.000000000,13.648364984,11.434317101,0.094490009,0.180073956,11.796922015,0,0.100000000
216.604431629,20064,8192,0,12675,7389,11868,4058,795,784,377,407,5167,6701,1897,2161,1.461702411,2.707569260,190.258883430,522.985597017,10.226488113,2,0.000000000,nan,nan,0.000000000,12.764240964,11.075868970,0.086945016,0.173461041,11.436918983,0,0.100000000
216.700389862,20160,8503,0,12689,7471,11653,3982,738,770,350,420,4904,6749,1820,2162,1.537981279,2.666540984,177.425167915,497.086423956,35.741090775,4,1.000000000,nan,nan,0.000000000,14.980305976,12.375475024,0.091847964,0.166042999,12.728364964,0,0.100000000
216.800059319,20064,8317,0,12579,7485,11743,3984,763,752,378,374,4988,6755,1827,2157,1.520094414,2.667771309,179.226387830,387.070810746,3.770828247,2,0.000000000,nan,nan,0.000000000,16.100815032,12.972016993,0.085704029,0.220885035,13.332523988,0,0.100000000
216.902627230,19776,8427,0,12603,7173,11345,3796,811,814,408,406,4871,6474,1773,2023,1.626589710,2.677010771,182.817430818,558.545484401,nan,1,nan,nan,nan,0.000000000,12.182017963,10.545093042,0.095273019,0.164511963,10.921220004,0,0.100000000
216.999852419,20160,8469,0,12688,7472,11687,3884,879,811,421,390,4968,6719,1792,2092,1.615557003,2.679549404,162.238036499,382.353633701,nan,1,nan,nan,nan,0.000000000,13.622631959,11.753085942,0.114134047,0.302800036,12.200348021,0,0.100000000
217.100250244,19968,8631,0,12751,7217,11687,3884,784,777,367,410,4968,6719,1792,2092,1.615557003,2.679549404,158.642169776,402.326018706,nan,nan,nan,nan,nan,0.000000000,15.735932975,14.003610937,0.092967006,0.159521005,14.370616002,0,0.100000000
217.200099945,19872,8631,0,12803,7069,11687,3884,765,760,407,353,4968,6719,1792,2092,1.615557003,2.679549404,152.293147283,323.460275952,nan,nan,nan,nan,nan,0.000000000,11.508613010,10.400542000,0.083485967,0.154347974,10.746253014,0,0.100000000
217.303093433,19776,8649,0,12814,6962,11687,3884,766,767,373,394,4968,6719,1792,2092,1.615557003,2.679549404,161.779902436,401.908262516,nan,nan,nan,nan,nan,0.000000000,12.103932968,10.969861993,0.086496002,0.161734992,11.316349031,0,0.100000000
217.402128935,20448,8850,0,13365,7083,11687,3884,753,749,407,342,4968,6719,1792,2092,1.615557003,2.679549404,152.570168869,325.230775156,nan,nan,nan,nan,nan,0.000000000,11.537700018,10.428170965,0.081546954,0.153388944,10.758057993,0,0.100000000
217.500229836,19968,8817,0,13062,6906,11687,3884,755,756,371,385,4968,6719,1792,2092,1.615557003,2.679549404,163.948544370,405.409727454,nan,nan,nan,nan,nan,0.000000000,11.073920003,10.028361052,0.062200997,0.144128979,10.276598972,0,0.100000000
217.600193262,19968,8793,0,13058,6910,11171,3892,817,761,457,304,5058,6113,1941,1951,2.065426602,2.647227413,175.702547412,425.564947879,40.021181107,2,1.000000000,nan,nan,0.000000000,12.465249049,10.754953080,0.088509056,0.211503007,11.120560986,0,0.100000000
217.701276302,20064,8928,0,13144,6920,11132,3807,810,828,419,409,5071,6061,1917,1890,2.149218798,2.619081612,208.327287917,582.623835683,5.769729614,2,0.000000000,nan,nan,0.000000000,13.162528048,11.034024996,0.095465919,0.191510015,11.413488013,0,0.100000000
217.800606012,19968,8764,0,13009,6959,11200,3943,989,940,494,446,5074,6126,2020,1923,2.549926586,2.593254044,232.344665813,574.877696376,19.582033157,5,1.000000000,nan,nan,0.000000000,19.175003981,16.989075986,0.159794930,0.167680962,17.581140040,0,0.100000000
217.900228024,19776,8845,0,13158,6618,11200,3943,935,941,475,466,5074,6126,2020,1923,2.549926586,2.593254044,224.017695757,545.218941443,nan,nan,nan,nan,nan,0.000000000,12.237168034,11.018363002,0.104343053,0.201485993,11.417656031,0,0.100000000
217.999616861,19968,8884,0,13182,6786,11080,4002,970,937,510,427,5236,5844,2100,1902,2.714833571,2.562593063,241.349325371,633.932630279,10.018348694,5,0.000000000,nan,nan,0.000000000,19.062236010,15.571080963,0.159081013,0.310201023,16.171087977,0,0.100000000
218.100368738,20256,8933,0,13395,6861,11319,4045,869,864,465,399,5495,5824,2182,1863,2.655613306,2.689484982,205.779499821,604.148456193,nan,1,nan,nan,nan,0.000000000,16.235831019,13.506865944,0.102003978,0.157130999,13.889997965,0,0.100000000
218.200259209,19968,8912,0,13419,6549,11052,4175,876,892,481,411,5574,5478,2276,1899,2.689105209,2.592071174,212.432828174,524.760353298,nan,1,nan,nan,nan,0.000000000,15.320978011,12.898477027,0.115776027,0.162441982,13.329228037,0,0.100000000
218.300222874,19872,8855,0,13371,6501,11052,4175,935,920,502,418,5574,5478,2276,1899,2.689105209,2.592071174,206.825274779,611.328660707,nan,nan,nan,nan,nan,0.000000000,14.146283967,12.902151037,0.118453987,0.165342994,13.378640986,0,0.100000000
218.400021553,20160,8884,0,13578,6582,11272,3953,870,858,468,390,5886,5386,2205,1748,2.805089851,2.595009620,188.131113125,594.061712461,129.678010941,3,1.000000000,nan,nan,0.000000000,16.170206014,14.321920928,0.124095997,0.161863980,14.782037993,0,0.100000000
218.500323534,19680,8716,0,13079,6601,11272,3953,929,921,525,396,5886,5386,2205,1748,2.805089851,2.595009620,205.222955803,586.762143294,nan,nan,nan,nan,nan,0.000000000,12.077647960,10.844332981,0.104193983,0.171241001,11.255030986,0,0.100000000
218.599762678,19968,8813,0,13416,6552,11151,3876,868,851,483,368,5777,5374,2215,1661,2.827758172,2.619169503,168.746838430,523.178962410,nan,1,nan,nan,nan,0.000000000,17.225443968,15.433082939,0.148006016,0.173634966,15.979862015,0,0.100000000
218.699719429,19776,8727,0,13177,6599,11151,3876,919,915,551,364,5777,5374,2215,1661,2.827758172,2.619169503,196.068796548,555.346955689,nan,nan,nan,nan,nan,0.000000000,15.027991030,13.815934013,0.124354963,0.152769964,14.295067987,0,0.100000000
218.799989223,19968,8892,0,13442,6526,11151,3876,843,850,488,362,5777,5374,2215,1661,2.827758172,2.619169503,171.891082784,524.305924070,nan,nan,nan,nan,nan,0.000000000,12.372928963,11.262457992,0.098271004,0.139990996,11.641600984,0,0.100000000
219.001423359,19776,8883,0,13334,6442,10889,3861,901,927,516,411,5578,5311,2249,1612,2.807609920,1.971106499,201.935511097,665.579034274,nan,1,nan,nan,nan,0.000000000,12.672762037,10.815485031,0.103768951,0.156432041,11.204669019,0,0.100000000
219.099946499,20160,8876,0,13390,6770,11280,3918,1014,961,485,476,5679,5601,2335,1583,2.802583378,1.828950744,188.319263046,840.862442788,16.040802002,5,1.000000000,nan,nan,0.000000000,14.888865000,12.379245891,0.109420915,0.163794030,12.797511008,0,0.100000000
219.200077772,20064,8860,0,13572,6492,11200,3874,1023,1020,559,461,5822,5378,2328,1546,2.871954323,1.851621574,219.563496626,966.796427196,4.505872726,2,0.000000000,nan,nan,0.000000000,16.817358963,14.020911942,0.122247031,0.287439034,14.490109985,0,0.100000000
219.300093889,19584,8676,0,12933,6651,10904,3786,893,927,448,479,5378,5526,2200,1586,2.799402563,1.804217202,186.599957194,751.521001264,6.524085999,5,0.000000000,nan,nan,0.000000000,12.721846986,10.918393033,0.108036969,0.148063991,11.349750974,0,0.100000000
219.399653673,20160,8762,0,13637,6523,11394,3871,1009,1022,550,472,5953,5441,2302,1569,2.860019006,1.782276422,215.670999390,824.274291123,6.139278412,3,0.000000000,nan,nan,0.000000000,12.959720974,11.215074919,0.112305977,0.163533958,11.638203985,0,0.100000000
219.500527859,20160,8869,0,13546,6614,11287,3881,1126,1037,532,505,5785,5502,2325,1556,2.853471229,1.668505914,222.447110817,834.180540374,25.824785233,7,1.000000000,nan,nan,0.000000000,13.856331992,11.488695978,0.125320046,0.179494964,11.952316039,0,0.100000000
219.600143194,19872,8611,0,13359,6513,11257,3768,1018,1025,582,443,5813,5444,2246,1522,2.851950354,1.679788561,201.517919091,827.133377550,nan,1,nan,nan,nan,0.000000000,13.310669980,11.610043992,0.116680982,0.163618999,12.039116002,0,0.100000000
219.701581955,20160,8865,0,13386,6774,11291,3853,1029,943,567,376,5680,5611,2324,1529,2.902322096,1.546746301,185.832981704,744.425885617,120.048522949,4,1.000000000,nan,nan,0.000000000,12.770557019,10.988224007,0.127032981,0.159334973,11.420117982,0,0.100000000
219.800012350,19776,8522,0,13284,6492,11250,3888,998,986,574,412,5811,5439,2353,1535,2.875374462,1.601019930,210.153048823,826.784963421,5.448818207,2,0.000000000,nan,nan,0.000000000,26.833009964,22.855305928,0.169412000,0.160488009,23.439318000,0,0.100000000
220.000130653,19968,8464,0,13329,6639,11500,4014,1001,1022,634,388,5930,5570,2462,1552,2.897852783,1.510859168,231.226485207,941.906586050,84.145069122,4,1.000000000,nan,nan,0.000000000,13.178096036,11.458886962,0.116371957,0.159497024,11.889972026,0,0.100000000
220.100445986,19872,8546,0,13272,6600,11500,4014,1020,1013,633,380,5930,5570,2462,1552,2.897852783,1.510859168,238.264453917,944.376644159,nan,nan,nan,nan,nan,0.000000000,14.908423997,13.573002070,0.157880946,0.154567999,14.139704988,0,0.100000000
220.200622320,20160,8410,0,13530,6630,11746,4064,1026,1073,734,339,6173,5573,2572,1492,2.919258309,1.495014999,270.482828560,1012.829670729,nan,1,nan,nan,nan,0.000000000,17.582394998,15.561186010,0.152554945,0.274922000,16.168949020,0,0.100000000
220.300086737,20064,8500,0,13470,6594,11560,4039,1012,1032,639,393,5961,5599,2567,1472,2.993733779,1.518086296,242.971349117,997.909928427,7.805824280,21,0.000000000,nan,nan,0.000000000,13.194792031,11.285684071,0.116603042,0.195414003,11.716287991,0,0.100000000
220.401546717,19392,8226,0,12846,6546,11162,3849,1000,987,607,380,5668,5494,2364,1485,2.970925820,1.481910585,228.564304093,1065.646287529,6.506681442,10,0.000000000,nan,nan,0.000000000,12.641357025,10.847236088,0.114402035,0.164135010,11.299808044,0,0.100000000
220.500472784,20448,8566,0,13824,6624,11878,4049,1043,1054,694,360,6234,5644,2530,1519,2.986058867,1.528996399,243.831862920,1014.735339631,33.931970596,15,1.000000000,nan,nan,0.000000000,13.236074999,11.338397919,0.128697953,0.147912011,11.779011053,0,0.100000000
220.600765467,20160,8475,0,13442,6718,11878,4049,1123,1116,713,403,6234,5644,2530,1519,2.986058867,1.528996399,269.607467937,1036.330089855,nan,nan,nan,nan,nan,0.000000000,13.812862977,12.433984957,0.185218989,0.147699961,13.026027998,0,0.100000000
220.701564074,19968,8352,0,13434,6534,11612,4094,1020,1048,687,361,6073,5539,2576,1518,2.986607647,1.468159767,233.500099621,1004.822787439,54.229259491,4,1.000000000,nan,nan,0.000000000,14.489580004,12.250914995,0.120223092,0.182382006,12.705266010,0,0.100000000
220.801506996,19968,8138,0,13315,6653,11826,4106,981,983,595,388,6205,5621,2575,1531,3.012236022,1.452819717,228.975227742,954.441401913,65.726518631,2,1.000000000,nan,nan,0.000000000,18.405265000,16.555020004,0.137815077,0.161240983,17.085555010,0,0.100000000
220.900386333,19968,8053,0,13338,6630,11911,4177,987,987,612,375,6370,5541,2630,1547,2.979676124,1.447431522,223.313281325,936.966250656,14.892816544,2,0.000000000,nan,nan,0.000000000,16.461825988,14.387256058,0.176406000,0.167292019,15.011851967,0,0.100000000
221.000332832,19968,8010,0,13399,6569,11954,4175,974,963,609,354,6383,5571,2630,1545,3.005351332,1.432501973,218.917360683,1087.263338339,3.527164459,2,0.000000000,nan,nan,0.000000000,14.104823000,11.764933937,0.108418986,0.171238964,12.221860990,0,0.100000000
221.100010633,20064,7886,0,13294,6770,11954,4175,992,992,631,361,6383,5571,2630,1545,3.005351332,1.432501973,223.268680602,1098.538655338,nan,nan,nan,nan,nan,0.000000000,12.467257970,11.281403946,0.108031905,0.150418957,11.687333987,0,0.100000000
221.200726271,19968,7897,0,13336,6632,12067,4434,1093,1068,663,405,6371,5696,2769,1665,3.018622997,1.411181272,234.802981700,1140.789412845,nan,1,nan,nan,nan,0.000000000,22.643777018,19.050368050,0.166385085,0.233334955,19.646201981,0,0.100000000
221.300037384,19968,7811,0,13115,6853,12153,4660,1190,1152,723,429,6267,5886,2914,1746,3.013852623,1.399545768,278.481801621,1124.569468567,84.313631058,2,1.000000000,nan,nan,0.000000000,14.703694964,12.714291981,0.127965992,0.221961003,13.202710019,0,0.100000000
221.400005341,19872,7924,0,13174,6698,11944,4246,1020,1026,614,412,6112,5832,2668,1578,3.041660131,1.433665950,250.151483436,1167.796675667,34.506797791,3,1.000000000,nan,nan,0.000000000,13.274057012,11.454189953,0.132603047,0.160049996,11.904946005,0,0.100000000
221.500919819,20160,7867,0,13263,6897,12289,4327,1024,1041,642,399,6245,6044,2730,1597,3.038750058,1.409421326,248.863596510,1314.135885291,55.848836899,8,1.000000000,nan,nan,0.000000000,14.833646012,12.857509020,0.137324969,0.222499017,13.350930996,0,0.100000000
221.600146055,19776,7737,0,12937,6839,12289,4327,1062,1067,669,398,6245,6044,2730,1597,3.038750058,1.409421326,252.531760764,1303.194857851,nan,nan,nan,nan,nan,0.000000000,19.040525018,17.449120001,0.187034020,0.162223005,18.130026001,0,0.100000000
221.699993610,20256,8035,0,13275,6981,12217,4384,998,1030,624,406,6141,6076,2768,1616,3.075174355,1.424665195,246.317762769,1553.779422184,50.196647644,4,1.000000000,nan,nan,0.000000000,14.904643002,13.007018017,0.111754984,0.196709007,13.425601996,0,0.100000000
221.800005436,19968,7724,0,12961,7007,12240,4391,1051,1069,628,441,6166,6074,2777,1614,3.045915869,1.428614201,247.331699406,1692.161799644,4.936933517,2,0.000000000,nan,nan,0.000000000,13.525233022,11.683528952,0.113711052,0.178741990,12.115477002,0,0.100000000
221.902206182,20064,7692,0,12896,7168,12368,4430,1093,1099,662,437,6050,6318,2730,1700,3.078946302,1.459583952,266.957968155,1582.807851657,4.200220108,2,0.000000000,nan,nan,0.000000000,13.555982965,11.720531969,0.125446997,0.177831040,12.173159979,0,0.100000000
222.000630617,19968,7625,0,12860,7108,12339,4385,1138,1099,645,454,6141,6198,2724,1661,3.059890636,1.488225353,249.092395723,1743.162753705,56.874275208,3,1.000000000,nan,nan,0.000000000,16.230756009,12.946551025,0.122544996,0.165290025,13.413743000,0,0.100000000
222.100427628,19968,7635,0,12860,7108,12329,4330,1102,1098,650,448,6059,6270,2619,1711,3.085295165,1.529927867,251.824595253,1726.715271040,nan,1,nan,nan,nan,0.000000000,13.596279954,11.626135092,0.124983955,0.193441054,12.072957994,0,0.100000000
222.200097799,19392,7384,0,12672,6720,12004,4335,1144,1134,657,477,6098,5906,2624,1711,3.057882829,1.650518088,247.707653667,1812.803437068,55.853843689,2,1.000000000,nan,nan,0.000000000,15.210465004,13.239667984,0.161157979,0.168705999,13.833934034,0,0.100000000
222.300568342,20640,7786,0,13174,7466,12004,4335,1108,1100,655,445,6098,5906,2624,1711,3.057882829,1.650518088,245.728406275,1733.116284942,nan,nan,nan,nan,nan,0.000000000,12.757308024,11.415446003,0.139415031,0.179764989,11.886347958,0,0.100000000
222.400157213,19584,7473,0,12585,6999,12004,4335,1098,1095,655,440,6098,5906,2624,1711,3.057882829,1.650518088,248.706767729,1726.387715489,nan,nan,nan,nan,nan,0.000000000,13.870389957,12.496102951,0.144935038,0.148919993,13.057856006,0,0.100000000
222.500132561,20448,7631,0,13349,7099,12813,4711,1202,1213,719,494,6540,6273,2954,1757,3.071147452,1.623968585,283.810010950,1846.253752226,14.579296112,2,0.000000000,nan,nan,0.000000000,23.812972999,19.475048932,0.217858993,0.233621977,20.312699024,0,0.100000000
222.600502491,19968,7491,0,12839,7129,12813,4711,1187,1192,693,499,6540,6273,2954,1757,3.071147452,1.623968585,273.984808244,1840.992038031,nan,nan,nan,nan,nan,0.000000000,14.926506963,13.306602021,0.145916943,0.179021037,13.814100006,0,0.100000000
222.700247765,19776,7324,0,12753,7023,12448,4514,1028,1101,621,480,6251,6197,2742,1772,3.053721995,1.649163707,256.855035448,1579.074138633,97.451925278,4,1.000000000,nan,nan,0.000000000,13.736734982,11.835863988,0.128215062,0.187704980,12.277826027,0,0.100000000
222.799986839,20064,7473,0,12844,7220,12587,4617,1227,1171,707,464,6231,6356,2805,1812,3.038301805,1.593330324,269.299735665,1702.560873177,5.266189575,4,0.000000000,nan,nan,0.000000000,14.136187034,12.256209971,0.130651984,0.171324005,12.739330006,0,0.100000000
222.899823904,20160,7368,0,12859,7301,12788,4675,1200,1209,695,514,6350,6438,2836,1839,3.032661327,1.631933070,296.999146185,1816.911681002,nan,1,nan,nan,nan,0.000000000,14.648151991,12.626843993,0.132361019,0.181166979,13.109274034,0,0.100000000
223.001343250,19968,7176,0,12654,7314,12788,4675,1207,1206,686,520,6350,6438,2836,1839,3.032661327,1.631933070,295.873030933,1781.999586696,nan,nan,nan,nan,nan,0.000000000,14.146320987,12.730309973,0.147916959,0.165803998,13.266047987,0,0.100000000
223.100194693,19968,7212,0,12779,7189,12752,4769,1268,1217,684,533,6432,6320,2912,1857,3.025880102,1.672906996,284.715155718,2048.984190500,nan,1,nan,nan,nan,0.000000000,18.516647979,15.406027902,0.158476993,0.218778965,15.970438020,0,0.100000000
223.200017452,20064,7112,0,12792,7272,12752,4769,1227,1219,683,536,6432,6320,2912,1857,3.025880102,1.672906996,282.751378883,2045.600997658,nan,nan,nan,nan,nan,0.000000000,17.624855042,16.206565022,0.137939933,0.171541993,16.698299034,0,0.100000000
223.300061703,19776,7057,0,12596,7180,12752,4769,1241,1241,697,544,6432,6320,2912,1857,3.025880102,1.672906996,294.018685686,2078.738146534,nan,nan,nan,nan,nan,0.000000000,13.883409963,12.516244024,0.131095061,0.172032975,12.999300030,0,0.100000000
223.399786472,20256,7065,0,13022,7234,13187,4908,1369,1311,719,592,6825,6362,2968,1940,3.030625420,1.639566503,312.659603224,1947.648595034,29.855489731,3,1.000000000,nan,nan,0.000000000,15.865809051,13.713572989,0.149488042,0.247207994,14.248232008,0,0.100000000
223.500247002,19776,7008,0,12602,7174,12764,4873,1355,1359,757,602,6517,6247,2979,1894,3.036388402,1.664255141,311.728982581,2222.020942396,48.334121704,5,1.000000000,nan,nan,0.000000000,16.319737013,14.300389972,0.149242987,0.228029035,14.832721034,0,0.100000000
223.700121880,20064,7101,0,12864,7200,12764,4873,1282,1277,682,595,6517,6247,2979,1894,3.036388402,1.664255141,287.630790410,2132.390289624,nan,nan,nan,nan,nan,0.000000000,14.491904993,12.960581109,0.162942975,0.194913999,13.536920014,0,0.100000000
223.800058603,19776,6837,0,12726,7050,12935,4868,1226,1231,746,485,6775,6160,3036,1832,3.025514965,1.700092750,282.597448897,1917.215219776,nan,1,nan,nan,nan,0.000000000,16.023417003,13.548904972,0.138990988,0.255354040,14.127565024,0,0.100000000
223.899805546,20160,6835,0,12798,7362,12935,4868,1321,1320,764,556,6775,6160,3036,1832,3.025514965,1.700092750,308.879155404,1944.604017167,nan,nan,nan,nan,nan,0.000000000,15.549224045,14.145153982,0.142765057,0.177888025,14.670884993,0,0.100000000
224.000173330,20064,6791,0,12905,7159,13269,5045,1497,1389,803,586,6975,6294,3089,1956,2.967157078,1.743831263,291.874821367,1977.820077660,94.321727753,3,1.000000000,nan,nan,0.000000000,16.679252964,14.487920038,0.160321069,0.270282966,15.060185979,0,0.100000000
224.100311756,19680,6679,0,12772,6908,13269,5045,1326,1339,752,587,6975,6294,3089,1956,2.967157078,1.743831263,282.824524092,1945.731035851,nan,nan,nan,nan,nan,0.000000000,14.770540001,13.282816974,0.147323939,0.192239997,13.812731020,0,0.100000000
224.200115681,20064,6618,0,12979,7085,13269,5045,1339,1332,743,589,6975,6294,3089,1956,2.967157078,1.743831263,278.303489017,1930.308918611,nan,nan,nan,nan,nan,0.000000000,14.641826972,13.221596077,0.166094047,0.170401996,13.765721000,0,0.100000000
224.300979614,20064,6440,0,12930,7134,13620,5148,1282,1298,759,539,7368,6252,3126,2022,2.930166464,1.733005925,309.241875879,2163.884584289,nan,1,nan,nan,nan,0.000000000,15.950566973,13.637879980,0.146039063,0.226837001,14.169652015,0,0.100000000
224.400030613,20160,6306,0,13203,6957,13620,5148,1328,1338,760,578,7368,6252,3126,2022,2.930166464,1.733005925,326.404264743,2051.145177029,nan,nan,nan,nan,nan,0.000000000,15.889165981,14.406239148,0.155129994,0.194662018,14.961690991,0,0.100000000
224.500109196,20064,6321,0,12863,7201,13620,5148,1347,1335,758,577,7368,6252,3126,2022,2.930166464,1.733005925,332.616684325,2052.720058546,nan,nan,nan,nan,nan,0.000000000,16.200001992,14.637391898,0.179381983,0.191399013,15.275486046,0,0.100000000
224.600284338,19872,5949,0,12904,6968,13919,5129,1177,1270,715,555,7791,6128,3156,1973,2.844021981,1.937517606,340.431939839,1957.577199129,24.180650711,4,1.000000000,nan,nan,0.000000000,17.504131014,14.231439971,0.135320122,0.282144989,14.725629007,0,0.100000000
224.700105667,20160,5865,0,12731,7429,13919,5129,1321,1322,725,597,7791,6128,3156,1973,2.844021981,1.937517606,332.541610300,1962.870907229,nan,nan,nan,nan,nan,0.000000000,16.583713994,15.021635976,0.151368906,0.204351032,15.579760016,0,0.100000000
224.801455736,19968,5700,0,12887,7081,14264,5154,1370,1386,770,616,8075,6189,3222,1932,2.784571046,1.888397713,356.421933945,2108.255818549,20.020723343,14,1.000000000,nan,nan,0.000000000,17.110494955,14.132273034,0.152266992,0.237476954,14.674645965,0,0.100000000
224.901411533,19968,5488,0,12701,7267,14264,5154,1406,1413,793,620,8075,6189,3222,1932,2.784571046,1.888397713,359.320473167,2122.898170071,nan,nan,nan,nan,nan,0.000000000,15.732462984,14.185919019,0.168385974,0.215312000,14.772880008,0,0.100000000
225.001358509,19776,5367,0,12821,6955,14405,5340,1398,1395,821,574,8350,6055,3404,1936,2.683395625,1.994397153,357.103239630,2228.916911273,6.084680557,2,0.000000000,nan,nan,0.000000000,21.394960990,17.943414976,0.185296056,0.256023020,18.585589016,0,0.100000000
225.100571156,20160,5182,0,12843,7317,14974,5404,1433,1382,787,595,8534,6440,3369,2035,2.715936810,1.911944773,350.553888091,2203.090755873,47.824382782,5,1.000000000,nan,nan,0.000000000,17.029507027,14.376306965,0.155345071,0.236594002,14.938721957,0,0.100000000
225.200326443,19680,5051,0,12690,6990,14974,5404,1485,1481,865,616,8534,6440,3369,2035,2.715936810,1.911944773,365.646854213,2316.115405791,nan,nan,nan,nan,nan,0.000000000,15.751147002,14.304427896,0.127104053,0.218473026,14.768437017,0,0.100000000
225.301532030,20160,4833,0,12928,7232,15323,5526,1652,1560,923,637,8958,6365,3495,2031,2.504299844,1.950723750,367.658895606,2325.495385966,89.878082275,6,1.000000000,nan,nan,0.000000000,19.642005034,16.044371005,0.188821927,0.286795024,16.691143974,0,0.100000000
225.401660442,20160,4663,0,12986,7174,15493,5613,1529,1535,910,625,9246,6247,3516,2097,2.448993783,2.004280165,338.564662858,2321.768486274,54.504871368,7,1.000000000,nan,nan,0.000000000,22.014403017,19.410583016,0.195046945,0.229701982,20.103141025,0,0.100000000
225.501549721,20064,4529,0,12944,7120,15531,5607,1513,1447,819,628,9267,6264,3488,2119,2.367456640,2.008277132,339.551486500,2203.197290780,74.413061142,2,1.000000000,nan,nan,0.000000000,17.141560034,14.786287036,0.163492048,0.231301994,15.382165031,0,0.100000000
225.600110292,19968,4437,0,12643,7325,15527,5640,1519,1501,851,650,9110,6417,3403,2237,2.396070385,2.025223481,351.052167827,2349.359895969,4.907369614,2,0.000000000,nan,nan,0.000000000,19.612969016,17.115627998,0.173619017,0.214186031,17.721550015,0,0.100000000
225.700255394,19968,4345,0,12742,7226,15619,5719,1445,1444,809,635,9198,6421,3484,2235,2.381906943,2.029448756,373.382036288,2312.898260943,nan,1,nan,nan,nan,0.000000000,22.595364018,18.281229073,0.167541963,0.213213032,18.861557997,0,0.100000000
225.800087452,20064,4126,0,12528,7536,15619,5719,1474,1475,847,628,9198,6421,3484,2235,2.381906943,2.029448756,373.657127615,2287.929798108,nan,nan,nan,nan,nan,0.000000000,21.538412024,19.419430988,0.211745908,0.444832025,20.145179995,0,0.100000000
225.900407553,19968,3809,0,12450,7518,16155,5843,1466,1471,822,649,9362,6793,3510,2333,2.364693804,1.964013007,396.837573008,2195.054149430,29.681921005,5,1.000000000,nan,nan,0.000000000,20.240437007,17.511802958,0.215573062,0.261971029,18.269010994,0,0.100000000
225.999949217,19680,3282,0,12109,7571,16394,5887,1545,1506,845,661,9410,6984,3552,2335,2.337335793,1.959859110,409.032700889,2339.274695083,10.126113892,4,0.000000000,nan,nan,0.000000000,24.905633996,20.403334987,0.175619032,0.237644999,21.063544031,0,0.100000000
226.199746847,19968,3241,0,12178,7790,16723,5841,1535,1500,864,636,9407,7316,3489,2352,2.322928714,1.877097595,384.217426315,2339.146399681,60.077428818,6,1.000000000,nan,nan,0.000000000,22.510248993,17.782927025,0.177071022,0.260738016,18.405837996,0,0.100000000
226.301443100,19584,3459,0,12010,7574,16723,5841,1521,1519,865,654,9407,7316,3489,2352,2.322928714,1.877097595,401.146064864,2342.305475967,nan,nan,nan,nan,nan,0.000000000,20.050810999,18.142181973,0.181631010,0.246978016,18.787820998,0,0.100000000
226.399826527,20160,3258,0,12246,7914,16898,5883,1360,1516,866,650,9357,7541,3501,2382,2.309083344,1.906954102,408.437139447,2400.300421056,87.861061096,3,1.000000000,nan,nan,0.000000000,17.866836046,15.461574076,0.161300006,0.231350015,16.027030011,0,0.100000000
226.500008583,20064,3262,0,12128,7936,16798,5841,1471,1463,849,614,9187,7611,3522,2319,2.351238200,1.769418264,409.119897546,2154.622930576,4.855394363,2,0.000000000,nan,nan,0.000000000,18.720593012,16.205716995,0.180689036,0.214712985,16.874314984,0,0.100000000
226.601308107,19872,3097,0,12012,7860,16798,5841,1476,1477,848,629,9187,7611,3522,2319,2.351238200,1.769418264,405.065275746,2193.191523731,nan,nan,nan,nan,nan,0.000000000,17.211124999,15.496591106,0.168676954,0.204150972,16.086588032,0,0.100000000
226.699974537,19968,3040,0,11941,8027,16924,5789,1369,1378,786,592,9132,7792,3410,2379,2.361883000,1.744134701,365.526457862,2121.963418844,45.010328293,2,1.000000000,nan,nan,0.000000000,18.065330980,15.516605985,0.151776010,0.227825018,16.057363013,0,0.100000000
226.802568436,19296,2875,0,11661,7635,16417,5749,1376,1393,716,677,8989,7428,3368,2381,2.388020275,1.794056318,353.924668012,2081.748367657,nan,1,nan,nan,nan,0.000000000,18.407470023,15.535945946,0.160407915,0.222275965,16.088751960,0,0.100000000
226.900857210,20448,2839,0,11969,8479,17605,5942,1455,1476,824,652,9288,8317,3496,2446,2.337635072,1.726075573,393.205595896,2200.676957676,nan,1,nan,nan,nan,0.000000000,22.006150044,19.142922072,0.221641036,0.246374984,19.875323051,0,0.100000000
227.001571178,20256,2811,0,12169,8087,17441,6109,1381,1507,808,699,9494,7947,3631,2478,2.382211401,1.790553590,375.422573445,2352.875589583,4.507541656,2,0.000000000,nan,nan,0.000000000,28.891315975,24.250691931,0.168901985,0.226321048,24.836669967,0,0.100000000
227.099909306,20064,2605,0,11765,8299,17441,6109,1602,1598,822,776,9494,7947,3631,2478,2.382211401,1.790553590,389.891787231,2440.960707920,nan,nan,nan,nan,nan,0.000000000,17.799131048,15.988372033,0.194483029,0.233108003,16.675286985,0,0.100000000
227.200686216,19968,2620,0,11678,8290,17441,6109,1532,1530,821,709,9494,7947,3631,2478,2.382211401,1.790553590,367.135851347,2390.022658524,nan,nan,nan,nan,nan,0.000000000,17.391033005,15.694405069,0.178038026,0.216672022,16.292700020,0,0.100000000
227.300143242,19776,2333,0,11525,8251,17439,5963,1686,1622,849,773,9222,8217,3412,2551,2.291528798,1.765784269,441.328647128,2642.671346821,nan,1,nan,nan,nan,0.000000000,18.392077007,15.789432044,0.191478000,0.279502012,16.469642986,0,0.100000000
227.400026321,19968,2552,0,11650,8318,17412,6146,1643,1583,781,802,9105,8307,3478,2668,2.252062447,1.839349895,412.173772475,2253.111379589,173.544883728,3,1.000000000,nan,nan,0.000000000,19.807237026,17.142257013,0.209143967,0.286039023,17.875054968,0,0.100000000
227.499912739,19872,2226,0,11489,8383,17412,6146,1539,1560,739,821,9105,8307,3478,2668,2.252062447,1.839349895,414.000272368,2246.815735763,nan,nan,nan,nan,nan,0.000000000,18.244492006,16.060921072,0.187580066,0.258599001,16.678627988,0,0.100000000
227.602329493,19776,2390,0,11456,8320,17382,6219,1530,1503,794,709,9066,8316,3453,2766,2.220817535,2.043568707,400.228136478,2295.875488974,4.483699799,2,0.000000000,nan,nan,0.000000000,20.949101017,17.493517022,0.171144027,0.276450999,18.103595998,0,0.100000000
227.702598572,20064,2196,0,11420,8644,17864,6075,1850,1583,837,746,9224,8640,3402,2673,2.182357901,1.974627311,397.359950652,2554.563707493,90.424060822,4,1.000000000,nan,nan,0.000000000,19.005995011,16.284212936,0.197791087,0.299620035,16.989944037,0,0.100000000
227.804575205,20064,2492,0,11420,8644,17568,6150,1571,1553,768,785,8928,8640,3383,2767,2.218255463,2.060431191,385.120937015,2448.278787436,3.946065903,2,0.000000000,nan,nan,0.000000000,20.307397994,17.598722014,0.219273905,0.255596999,18.357183028,0,0.100000000
227.900364399,19872,2160,0,11410,8462,17568,6150,1581,1574,804,770,8928,8640,3383,2767,2.218255463,2.060431191,387.843363044,2382.401655664,nan,nan,nan,nan,nan,0.000000000,17.876569997,16.156380007,0.185725046,0.207973004,16.772354022,0,0.100000000
227.999990940,20160,2334,0,11376,8784,17822,6167,1582,1539,749,790,9042,8780,3333,2834,2.302388553,2.068413556,396.199622792,2345.787747207,39.974212646,3,1.000000000,nan,nan,0.000000000,18.756131991,16.177733021,0.175106048,0.230256002,16.780655016,0,0.100000000
228.102743149,19584,2070,0,11113,8471,17822,6167,1531,1532,740,792,9042,8780,3333,2834,2.302388553,2.068413556,381.990997968,2329.542751949,nan,nan,nan,nan,nan,0.000000000,19.274207007,17.335089040,0.201230112,0.245624979,17.990400025,0,0.100000000
228.200110197,20256,2193,0,11315,8941,18059,6310,1635,1581,745,836,9122,8937,3359,2951,2.621327274,2.066272539,410.506869519,2309.544080086,72.182178497,3,1.000000000,nan,nan,0.000000000,19.282808993,16.557543015,0.191357045,0.254690007,17.193039996,0,0.100000000
228.300061226,19968,2115,0,11309,8659,18059,6310,1528,1537,703,834,9122,8937,3359,2951,2.621327274,2.066272539,393.874903741,2368.130879581,nan,nan,nan,nan,nan,0.000000000,18.248604028,16.420339874,0.169599953,0.226969016,17.013200966,0,0.100000000
228.400075674,20064,1989,0,11127,8937,18059,6310,1577,1575,742,833,9122,8937,3359,2951,2.621327274,2.066272539,401.471503453,2399.265522675,nan,nan,nan,nan,nan,0.000000000,18.268171989,16.434053017,0.193733023,0.230380043,17.065819004,0,0.100000000
228.502991199,19392,2241,0,10776,8616,18059,6310,1528,1528,696,832,9122,8937,3359,2951,2.621327274,2.066272539,394.405810410,2369.180238472,nan,nan,nan,nan,nan,0.000000000,18.533130002,16.662803944,0.172930071,0.220640970,17.290470947,0,0.100000000
228.601233959,20448,1915,0,11362,9086,18529,6472,1791,1571,780,791,9443,9086,3537,2935,2.671431325,1.997409472,390.067689770,2536.852385657,nan,1,nan,nan,nan,0.000000000,20.931778010,18.009163090,0.233459927,0.274577003,18.792955962,0,0.100000000
228.699945688,20160,2273,0,11217,8943,17883,6305,1523,1611,812,799,8943,8940,3498,2807,2.598998953,2.020525674,364.997197342,2629.459743362,4.388809204,2,0.000000000,nan,nan,0.000000000,21.506253979,18.737240986,0.183044991,0.260291970,19.397149037,0,0.100000000
228.801315784,19776,1923,0,10888,8888,17849,6306,1481,1502,771,731,8965,8884,3509,2797,2.654804277,1.953596167,374.456410070,2266.742425471,4.279375076,2,0.000000000,nan,nan,0.000000000,25.786816957,21.598741994,0.179155089,0.290516007,22.227976995,0,0.100000000
228.900197983,19968,2313,0,11224,8744,17651,6284,1602,1635,863,772,8911,8740,3490,2794,2.676182016,2.034172573,391.073898756,2615.252151637,59.615373611,5,1.000000000,nan,nan,0.000000000,24.336902017,18.852152047,0.198005990,0.239648041,19.505848002,0,0.100000000
228.999939203,20064,1885,0,10951,9113,18175,6398,1640,1547,806,741,9066,9109,3572,2826,2.687600494,1.985458463,395.746612560,2373.138442282,10.959625244,2,0.000000000,nan,nan,0.000000000,22.958690999,20.078778034,0.236592023,0.228624034,20.875165996,0,0.100000000
229.099969625,20160,2259,0,11485,8675,18175,6398,1523,1529,793,736,9066,9109,3572,2826,2.687600494,1.985458463,383.288360186,2326.051699329,nan,nan,nan,nan,nan,0.000000000,18.536216987,16.749001981,0.164487050,0.213321997,17.341994972,0,0.100000000
229.200472116,19872,1907,0,10956,8916,17961,6360,1511,1423,757,666,9045,8916,3587,2773,2.731011900,1.974967616,372.553847714,2329.449970752,nan,1,nan,nan,nan,0.000000000,27.027583041,23.212381930,0.197873043,0.244851981,23.884908005,0,0.100000000
229.301454544,20064,2261,0,11301,8763,17799,6344,1565,1507,780,727,9036,8763,3577,2767,2.749034504,1.969660613,375.730546839,2357.577256162,nan,1,nan,nan,nan,0.000000000,19.551743986,16.942657065,0.191911007,0.237222994,17.625303008,0,0.100000000
229.400529623,19968,1940,0,11019,8949,18024,6309,1537,1509,756,753,9079,8945,3525,2784,2.761129090,1.970287255,390.128851699,2366.458038159,5.914449692,14,0.000000000,nan,nan,0.000000000,22.797568992,19.895492936,0.193655025,0.262142974,20.598616975,0,0.100000000
229.501307964,19776,2079,0,10939,8837,18024,6309,1498,1492,747,745,9079,8945,3525,2784,2.761129090,1.970287255,373.428837888,2335.714312124,nan,nan,nan,nan,nan,0.000000000,18.629194004,16.635767010,0.182011921,0.247409043,17.246578005,0,0.100000000
229.601445913,20160,1935,0,11054,9106,18024,6309,1505,1503,758,745,9079,8945,3525,2784,2.761129090,1.970287255,377.817258962,2336.433893987,nan,nan,nan,nan,nan,0.000000000,18.519007019,16.464998014,0.127073086,0.277401996,16.949659970,0,0.100000000
229.699953556,20064,2070,0,10916,9148,18024,6309,1490,1489,746,743,9079,8945,3525,2784,2.761129090,1.970287255,376.514276444,2332.027140959,nan,nan,nan,nan,nan,0.000000000,18.835351977,17.161519034,0.128543994,0.257887004,17.630108981,0,0.100000000
229.801360846,19968,1979,0,11115,8853,17985,6326,1480,1513,789,724,9136,8849,3651,2675,2.816014443,1.976100662,377.471230634,2295.162065121,nan,1,nan,nan,nan,0.000000000,19.861703971,17.060276994,0.171342981,0.317823025,17.711870023,0,0.100000000
229.899969578,19968,1928,0,10909,9059,17985,6326,1503,1512,784,728,9136,8849,3651,2675,2.816014443,1.976100662,366.494419259,2363.327807533,nan,nan,nan,nan,nan,0.000000000,18.767105998,16.986819974,0.165100966,0.209974998,17.591859039,0,0.100000000
230.000572681,20064,2016,0,11245,8819,17985,6326,1564,1553,830,723,9136,8849,3651,2675,2.816014443,1.976100662,366.129986691,2617.851725525,nan,nan,nan,nan,nan,0.000000000,18.937754037,16.995729005,0.218166038,0.250342011,17.706052051,0,0.100000000
230.100036621,19968,1781,0,10825,9143,18183,6519,1856,1571,821,750,9040,9143,3740,2779,2.892630376,1.938302286,380.147403343,2702.479310702,39.652109146,7,1.000000000,nan,nan,0.000000000,21.204671008,18.400124973,0.195364992,0.329424976,19.081250008,0,0.100000000
230.201332331,20064,2087,0,11157,8907,17973,6452,1611,1577,851,726,9066,8907,3748,2704,2.903204346,1.966441443,359.311801856,2547.533441737,nan,1,nan,nan,nan,0.000000000,20.438389038,17.670269997,0.180562958,0.251796038,18.296346010,0,0.100000000
230.300557613,19968,1759,0,10746,9222,18205,6629,1807,1714,993,721,8987,9218,3774,2855,2.941608125,1.933131422,432.836852830,2736.936688158,23.669242859,2,1.000000000,nan,nan,0.000000000,25.996669952,22.089212027,0.198792899,0.307872018,22.795638011,0,0.100000000
230.401285887,19872,2038,0,10975,8897,18205,6629,1616,1617,866,751,8987,9218,3774,2855,2.941608125,1.933131422,411.890399679,2553.576796607,nan,nan,nan,nan,nan,0.000000000,20.862239995,18.569063046,0.181895972,0.239453977,19.201499003,0,0.100000000
230.501052618,19968,1718,0,10713,9255,18246,6923,1683,1697,932,765,8995,9251,3725,3198,2.997176861,1.999417408,404.734117922,2673.704427041,104.507207870,4,1.000000000,nan,nan,0.000000000,22.597996984,19.828950928,0.189867045,0.307605020,20.476268022,0,0.100000000
230.600236416,20256,2047,0,11025,9231,18205,7182,1543,1616,840,776,8977,9228,3835,3347,2.990026264,2.021300717,417.826666362,2691.244886777,4.251956940,2,0.000000000,nan,nan,0.000000000,21.991760994,18.768209964,0.170358981,0.303272973,19.372156006,0,0.100000000
230.699900389,19872,1531,0,10701,9171,18337,7307,1700,1738,946,792,9166,9171,3876,3431,2.997252616,2.052354266,441.240613500,2968.205158840,nan,1,nan,nan,nan,0.000000000,22.175960010,19.364729058,0.204156968,0.352789997,20.050421997,0,0.100000000
230.800047636,19104,1072,0,10127,8977,18028,6768,1604,1613,861,752,9051,8977,3614,3154,3.005195113,2.040982579,403.358334866,2722.651711026,nan,1,nan,nan,nan,0.000000000,23.848181998,19.751963962,0.194062013,0.244772993,20.398921974,0,0.100000000
230.900252819,20448,1904,0,11124,9324,18028,6768,1569,1574,835,739,9051,8977,3614,3154,3.005195113,2.040982579,396.212396395,2770.705501944,nan,nan,nan,nan,nan,0.000000000,19.701703044,17.751423933,0.178234011,0.269140000,18.374271051,0,0.100000000
231.000251532,19584,1585,0,10654,8930,18028,6768,1656,1656,895,761,9051,8977,3614,3154,3.005195113,2.040982579,398.299798023,2854.979088103,nan,nan,nan,nan,nan,0.000000000,18.923927040,17.195107066,0.137273048,0.240531983,17.682403035,0,0.100000000
231.100463867,20352,1819,0,10736,9616,18529,6899,1524,1691,874,817,8917,9612,3618,3281,3.044075728,2.118840936,426.279112571,3102.114619961,nan,1,nan,nan,nan,0.000000000,31.243445002,21.787629987,0.181006035,0.298367988,22.413139988,0,0.100000000
231.200140953,19968,1798,0,10967,9001,18529,6899,1768,1764,936,828,8917,9612,3618,3281,3.044075728,2.118840936,427.398945605,3337.911463316,nan,nan,nan,nan,nan,0.000000000,19.389399968,17.568839015,0.159678049,0.257927983,18.122477981,0,0.100000000
231.300052166,19968,1762,0,10725,9243,18202,6715,1977,1797,975,822,8959,9243,3613,3102,3.078527560,2.108617343,424.552225347,3213.893381366,nan,1,nan,nan,nan,0.000000000,20.999667991,17.980549950,0.213125953,0.297486025,18.716947990,0,0.100000000
231.400041103,19968,1755,0,10953,9015,18209,6758,1847,1651,891,760,9194,9015,3705,3053,3.062045363,2.116396516,376.078229588,2854.601794085,10.087490082,4,0.000000000,nan,nan,0.000000000,20.949219994,18.076592940,0.203709002,0.293876976,18.785134016,0,0.100000000
231.500026941,20064,1742,0,10796,9268,18318,6777,1676,1740,924,816,9050,9268,3630,3147,3.085090386,2.101728053,381.610781614,3085.474202312,nan,1,nan,nan,nan,0.000000000,21.568401018,18.739111023,0.234127918,0.259554014,19.521027047,0,0.100000000
231.602822065,19968,1786,0,10926,9042,18178,6670,1768,1791,981,810,9136,9042,3682,2988,3.078171311,2.124808156,441.075838166,3208.466724545,20.057916641,3,1.000000000,nan,nan,0.000000000,20.710697980,17.777286994,0.194851018,0.246907002,18.471671967,0,0.100000000
231.703592539,19968,1695,0,10598,9370,18269,6792,1800,1780,953,827,8901,9368,3713,3079,3.107129545,2.067906864,408.765775344,3444.621464143,6.378889084,3,0.000000000,nan,nan,0.000000000,20.962032024,18.067514058,0.201540941,0.316987978,18.755552999,0,0.100000000
231.800111294,19968,1763,0,10818,9150,18201,6747,1975,1858,1071,787,9054,9147,3740,3007,3.098197043,2.112061568,476.431145683,3372.944885434,84.457635880,3,1.000000000,nan,nan,0.000000000,22.113255982,18.174556957,0.223675976,0.343974039,18.942299997,0,0.100000000
231.900036097,19968,1647,0,10614,9354,18317,6959,1745,1759,1028,731,8967,9350,3770,3189,3.109732774,2.112072351,391.834371596,3659.525652723,6.077051163,2,0.000000000,nan,nan,0.000000000,30.519713007,26.893496979,0.202659052,0.292439014,27.613760030,0,0.100000000
232.000023603,20064,1861,0,10818,9246,18199,6959,1780,1808,994,814,8957,9242,3730,3229,3.088208158,2.168835470,397.732863020,3315.373463918,nan,1,nan,nan,nan,0.000000000,25.990461989,21.462908946,0.205837947,0.311759999,22.172964003,0,0.100000000
232.099963903,20064,1635,0,10729,9335,18425,6989,1717,1757,1017,740,9094,9331,3824,3165,3.090642745,2.163510826,420.501785871,3348.663527735,6.060123444,9,0.000000000,nan,nan,0.000000000,21.479154995,18.476096040,0.227470940,0.355236989,19.266109972,0,0.100000000
232.201958179,19968,1813,0,10844,9124,18151,6897,1761,1774,1000,774,9027,9124,3773,3124,3.082446566,2.234496369,407.265798921,3175.110243001,8.245229721,22,0.000000000,nan,nan,0.000000000,21.226219018,18.122628971,0.205355929,0.329294009,18.858046969,0,0.100000000
232.299989939,19872,1639,0,10644,9228,18229,6852,1650,1672,930,742,9001,9228,3706,3146,3.055477998,2.203303083,403.246375883,2762.099331569,5.882501602,2,0.000000000,nan,nan,0.000000000,21.143460996,18.115911982,0.193080923,0.397738011,18.798416015,0,0.100000000
232.399950981,20160,1857,0,11029,9131,18299,6794,1669,1686,890,796,9168,9131,3713,3081,3.099564112,2.254766687,374.247936276,2834.879581140,85.433006287,10,1.000000000,nan,nan,0.000000000,21.234902961,18.225929991,0.212899002,0.300339947,18.916219007,0,0.100000000
232.499985695,19872,1614,0,10650,9222,18254,6777,1676,1680,951,729,9032,9222,3625,3152,3.052440263,2.229254792,372.825611308,3039.993473635,4.582405090,2,0.000000000,nan,nan,0.000000000,32.922426995,24.549256952,0.191611995,0.273155980,25.203975965,0,0.100000000
232.600790977,20160,1831,0,10803,9357,18325,6844,1699,1703,939,764,8968,9357,3706,3138,3.069730523,2.227031677,412.180665646,3011.046486907,nan,1,nan,nan,nan,0.000000000,21.572244994,18.506858964,0.227089040,0.397133001,19.261393987,0,0.100000000
232.702487469,19872,1598,0,10658,9214,18270,6790,1702,1680,948,732,9060,9210,3673,3117,3.057804311,2.223709709,403.787438193,3506.931217406,80.116510391,3,1.000000000,nan,nan,0.000000000,23.747689964,19.508196972,0.196642010,0.333555974,20.235116011,0,0.100000000
232.801433563,20160,1876,0,10699,9461,18270,6790,1711,1701,983,718,9060,9210,3673,3117,3.057804311,2.223709709,392.522977271,3467.688231747,nan,nan,nan,nan,nan,0.000000000,20.326106052,18.044361903,0.193195068,0.329701987,18.730086973,0,0.100000000
232.901397943,19872,1644,0,10703,9169,18224,6941,1805,1751,971,780,9059,9165,3725,3216,3.069261892,2.267469952,389.206797934,3729.904916016,6.009340286,2,0.000000000,nan,nan,0.000000000,21.121831029,18.168341019,0.200821029,0.292190001,18.904627999,0,0.100000000
233.000037432,19968,1781,0,10546,9422,18183,6960,1785,1731,1027,704,8765,9418,3744,3216,3.128306962,2.321592563,400.051734837,3579.230478080,9.925603867,38,0.000000000,nan,nan,0.000000000,21.365840978,18.318031041,0.191303960,0.309572963,18.993668025,0,0.100000000
233.099993229,20064,1678,0,10870,9194,18382,6855,1703,1666,923,743,9188,9194,3626,3229,3.076119976,2.334487511,388.816011274,3338.443807460,20.177602768,4,1.000000000,nan,nan,0.000000000,20.802578016,17.928762070,0.194438966,0.272533041,18.587270984,0,0.100000000
233.199981451,20064,1776,0,10698,9366,18284,7108,1747,1765,1003,762,8918,9366,3785,3323,3.100087248,2.328778776,435.200973614,3747.749705205,6.256103516,3,0.000000000,nan,nan,0.000000000,22.713823011,19.144824008,0.191500993,0.333988050,19.818907022,0,0.100000000
233.301989794,20064,1819,0,10844,9220,18241,6966,1747,1731,968,763,9021,9220,3662,3304,3.073522813,2.331642033,452.846550097,3376.220133491,3.929615021,2,0.000000000,nan,nan,0.000000000,21.335635975,18.522158032,0.200373936,0.279603002,19.269760000,0,0.100000000
233.401944160,19680,1660,0,10291,9389,18016,7065,1754,1752,974,778,8631,9385,3704,3361,3.133368610,2.282437503,431.846622366,3495.883334643,nan,1,nan,nan,nan,0.000000000,21.362387983,18.474138109,0.220311980,0.305644993,19.221173017,0,0.100000000
233.502457380,20256,1900,0,10817,9439,18352,6929,1764,1748,967,781,8913,9439,3673,3256,3.084357043,2.355893265,435.474145329,3307.351966757,39.878368378,2,1.000000000,nan,nan,0.000000000,21.461936005,18.140208034,0.225959055,0.287898001,18.859211996,0,0.100000000
233.600112915,19968,1663,0,10407,9561,18352,6929,1732,1727,972,755,8913,9439,3673,3256,3.084357043,2.355893265,434.398987048,3240.844193604,nan,nan,nan,nan,nan,0.000000000,19.956188975,17.980427947,0.204853015,0.239665969,18.706917006,0,0.100000000
233.701248884,20064,1906,0,10626,9438,18154,6849,1740,1747,1016,731,8720,9434,3664,3185,3.094312529,2.402623143,441.488203802,2975.506188905,nan,1,nan,nan,nan,0.000000000,22.414061008,18.808994966,0.244660012,0.339188962,19.596770988,0,0.100000000
233.800050735,19968,1751,0,10480,9488,18154,6849,1655,1662,951,711,8720,9434,3664,3185,3.094312529,2.402623143,420.234236094,2908.518599124,nan,nan,nan,nan,nan,0.000000000,19.663937972,17.736946931,0.193744025,0.252331956,18.412227044,0,0.100000000
233.900027275,20064,1909,0,10776,9288,18151,6798,1666,1688,950,738,8866,9285,3569,3229,3.069718966,2.351432298,434.966800835,3047.772259702,3.840923309,2,0.000000000,nan,nan,0.000000000,21.018554980,18.009717111,0.183811993,0.295822974,18.658643996,0,0.100000000
233.999947786,19872,1762,0,10569,9303,18151,6798,1644,1647,969,678,8866,9285,3569,3229,3.069718966,2.351432298,411.155625632,3022.811372686,nan,nan,nan,nan,nan,0.000000000,19.762685988,17.853928963,0.188701961,0.258910004,18.515024974,0,0.100000000
234.099923849,20160,1955,0,10971,9189,18201,6771,1842,1722,970,752,9065,9136,3640,3131,3.056017170,2.381060560,405.810790740,3060.743413739,62.537193298,6,1.000000000,nan,nan,0.000000000,21.002779016,18.161833985,0.216362008,0.304286019,18.896857044,0,0.100000000
234.200639963,19968,1884,0,10879,9089,18080,6735,1681,1685,951,734,9044,9036,3610,3125,3.021111801,2.398415103,396.749862485,3388.396921237,8.506774902,4,0.000000000,nan,nan,0.000000000,24.453234044,18.717597937,0.191224972,0.286337978,19.375999982,0,0.100000000
234.300013542,20064,1988,0,10784,9280,18072,6771,1676,1673,1024,649,8847,9225,3597,3174,3.030571189,2.392517927,418.129734752,2922.332547918,39.950847626,3,1.000000000,nan,nan,0.000000000,24.402492039,20.397412998,0.207407982,0.283367001,21.102562954,0,0.100000000
234.399900913,19872,1922,0,10956,8916,18072,6771,1681,1678,983,695,8847,9225,3597,3174,3.030571189,2.392517927,414.996647652,3026.521574568,nan,nan,nan,nan,nan,0.000000000,19.444677979,17.483612988,0.190158957,0.261295994,18.140776956,0,0.100000000
234.500264645,20064,1967,0,10810,9254,18093,6717,1665,1689,965,724,8891,9202,3485,3232,3.013123818,2.492115595,399.438250678,3120.473987085,40.121078491,20,1.000000000,nan,nan,0.000000000,20.349470025,17.442804994,0.190856052,0.305982016,18.090847007,0,0.100000000
234.600698471,20352,1922,0,11306,9046,18426,6729,1532,1539,931,608,9417,9009,3599,3130,3.005392687,2.542649970,379.851457147,2867.392927467,19.265174866,3,1.000000000,nan,nan,0.000000000,20.245964988,17.486691941,0.178572023,0.282370020,18.094925035,0,0.100000000
234.701246977,20064,1914,0,11008,9056,18146,6623,1641,1693,1021,672,9124,9022,3495,3128,3.034795997,2.502249390,434.890021257,3030.481158665,11.155843735,9,0.000000000,nan,nan,0.000000000,20.442498964,17.599720974,0.191292958,0.379813020,18.250750029,0,0.100000000
234.800042391,19872,1882,0,10993,8879,17986,6555,1648,1662,953,709,9129,8857,3484,3071,2.974669339,2.569214681,408.894930197,3426.128936914,7.873535156,2,0.000000000,nan,nan,0.000000000,19.571142970,16.868789971,0.183158030,0.269443961,17.512919032,0,0.100000000
234.902004242,20256,1983,0,11121,9135,17986,6555,1639,1641,947,694,9129,8857,3484,3071,2.974669339,2.569214681,403.894466293,3222.052210166,nan,nan,nan,nan,nan,0.000000000,18.919464026,16.997722967,0.192934938,0.270441000,17.651258036,0,0.100000000
235.004456997,20160,1884,0,11054,9106,18272,6706,1927,1784,1034,750,9176,9096,3565,3141,2.963839739,2.590112507,446.830469197,3513.955119695,3.356695175,2,0.000000000,nan,nan,0.000000000,21.039318992,17.583016015,0.205643999,0.269818003,18.301648030,0,0.100000000
235.101224661,19968,1849,0,10978,8990,18115,6759,1652,1722,1066,656,9129,8986,3597,3162,2.996837166,2.581457975,446.684566845,2897.393310614,43.765306473,4,1.000000000,nan,nan,0.000000000,23.459302029,18.909606966,0.212597952,0.325867033,19.596280996,0,0.100000000
235.201339483,19968,1912,0,11103,8865,18052,6821,1650,1724,1024,700,9187,8865,3700,3121,2.965681314,2.625381747,425.822284507,3484.806307044,6.315946579,2,0.000000000,nan,nan,0.000000000,23.362461012,19.590567972,0.226683973,0.684491999,20.354570006,0,0.100000000
235.300627947,20064,1819,0,11145,8919,18241,6760,1687,1718,1029,689,9322,8919,3555,3205,2.963512665,2.626774543,444.667381549,3038.832767498,30.022621155,3,1.000000000,nan,nan,0.000000000,21.382726962,17.894746969,0.199069967,0.315457990,18.615784007,0,0.100000000
235.400486708,19968,1896,0,11064,8904,18241,6760,1608,1620,990,630,9322,8919,3555,3205,2.963512665,2.626774543,404.057168659,3034.438688514,nan,nan,nan,nan,nan,0.000000000,20.073944004,18.142952933,0.192083011,0.254789018,18.845840008,0,0.100000000
235.499909639,20064,1869,0,11209,8855,18191,6694,1611,1625,941,684,9336,8855,3422,3272,2.925677501,2.666708496,425.783801838,3095.690228444,5.574464798,2,0.000000000,nan,nan,0.000000000,21.973564988,18.042671960,0.175932946,0.299498963,18.672440958,0,0.100000000
235.601227999,19776,1893,0,10859,8917,17879,6746,1790,1809,1015,794,8962,8917,3437,3309,2.950160018,2.686752327,473.113573916,3754.962230249,6.460189819,2,0.000000000,nan,nan,0.000000000,20.462232991,17.618414946,0.208807003,0.317431986,18.375025014,0,0.100000000
235.699940443,20256,1838,0,11223,9033,18414,6690,1692,1745,1008,737,9381,9033,3435,3255,2.911436840,2.680859200,453.177198379,3597.625954058,4.447460175,2,0.000000000,nan,nan,0.000000000,27.034838044,23.979490914,0.306708971,0.286703988,24.964787997,0,0.100000000
235.807075262,19872,1881,0,10954,8918,18414,6690,1753,1756,1018,738,9381,9033,3435,3255,2.911436840,2.680859200,449.122485228,3620.200305976,nan,nan,nan,nan,nan,0.000000000,22.219448001,19.416173978,0.213805004,0.552609970,20.207820984,0,0.100000000
235.902557611,19776,1444,0,10819,8957,18328,6772,1969,1810,1015,795,9374,8954,3506,3266,2.905715334,2.718885413,478.244094889,3799.914059766,130.130529404,5,1.000000000,nan,nan,0.000000000,21.703093022,18.700234010,0.229247031,0.328032009,19.480132964,0,0.100000000
235.999895096,19872,1571,0,10914,8958,18297,6673,1713,1703,954,749,9339,8958,3410,3263,2.916852056,2.718750960,458.865886997,3248.936763237,54.325342178,5,1.000000000,nan,nan,0.000000000,19.801618007,17.066586006,0.186816964,0.269125972,17.716186994,0,0.100000000
236.100128174,19968,1624,0,11006,8962,18340,6709,1799,1793,1017,776,9378,8962,3461,3248,2.877092805,2.735512188,491.519627727,3510.073769579,nan,1,nan,nan,nan,0.000000000,19.963002997,17.234330997,0.197310932,0.270001008,17.951412010,0,0.100000000
236.199879169,19968,1713,0,11057,8911,18251,6461,1727,1711,991,720,9342,8909,3317,3144,2.895756864,2.678370036,473.296248287,3231.170690452,19.898414612,4,1.000000000,nan,nan,0.000000000,27.169421024,21.285352064,0.189259008,0.270435994,21.949996008,0,0.100000000
236.301222086,19968,1862,0,10922,9046,18251,6461,1687,1697,990,707,9342,8909,3317,3144,2.895756864,2.678370036,466.810410274,3229.697331709,nan,nan,nan,nan,nan,0.000000000,18.627370999,16.647968965,0.182292017,0.256564002,17.298913037,0,0.100000000
236.399889708,19680,1660,0,10970,8710,18251,6461,1785,1792,993,799,9342,8909,3317,3144,2.895756864,2.678370036,497.680193668,3344.191422724,nan,nan,nan,nan,nan,0.000000000,18.875178997,16.806015978,0.195555971,0.290566997,17.487573961,0,0.100000000
236.502607584,19680,1844,0,10693,8987,17832,6659,1860,1801,970,831,8845,8987,3306,3353,2.870889991,2.747378909,502.904891304,4099.176611855,nan,1,nan,nan,nan,0.000000000,25.847497978,21.150510991,0.234542938,0.360942038,21.898359992,0,0.100000000
236.602450848,20448,1719,0,11257,9191,18725,6847,1954,1887,1042,845,9534,9191,3398,3449,2.795377341,2.779795798,520.658372569,3313.964192890,nan,1,nan,nan,nan,0.000000000,28.275798017,21.240139904,0.242057024,0.315317011,22.013442009,0,0.100000000
236.699878693,19968,1730,0,10795,9173,18725,6847,1812,1819,1012,807,9534,9191,3398,3449,2.795377341,2.779795798,507.665998753,3160.000824051,nan,nan,nan,nan,nan,0.000000000,20.023271034,17.875958991,0.216546061,0.264609000,18.621738011,0,0.100000000
236.799922705,20064,1779,0,10952,9112,18725,6847,1882,1879,1018,861,9534,9191,3398,3449,2.795377341,2.779795798,526.568241650,3250.266434850,nan,nan,nan,nan,nan,0.000000000,19.915867015,17.820830981,0.215604960,0.295206031,18.577177019,0,0.100000000
236.901220322,19776,1719,0,10786,8990,18725,6847,1839,1841,1007,834,9534,9191,3398,3449,2.795377341,2.779795798,519.640357589,3293.533468895,nan,nan,nan,nan,nan,0.000000000,19.914033008,17.886861053,0.197589980,0.252634985,18.574775022,0,0.100000000
236.999953508,19968,1874,0,10916,9052,18090,6806,1731,1936,907,1029,9042,9048,3042,3764,2.653314759,2.932947388,563.595793169,3272.019056609,94.472169876,3,1.000000000,nan,nan,0.000000000,20.492069016,17.616768950,0.194489025,0.405763974,18.320030009,0,0.100000000
237.100148678,19968,1704,0,10746,9222,18260,6661,1646,1774,782,992,9042,9218,2880,3781,2.658045169,2.906835081,436.654888586,3221.082233071,19.333124161,3,1.000000000,nan,nan,0.000000000,23.920515028,21.134863957,0.206829922,0.321939995,21.839040972,0,0.100000000
237.199929237,19680,1942,0,10829,8851,18260,6661,1824,1826,750,1076,9042,9218,2880,3781,2.658045169,2.906835081,487.397940948,3269.094849509,nan,nan,nan,nan,nan,0.000000000,19.144735008,17.106986023,0.209799968,0.297594990,17.818878987,0,0.100000000
237.301642418,20352,1731,0,11043,9309,18617,6292,1695,1696,694,1002,9312,9305,2684,3608,2.633192174,2.934070371,396.769808100,2851.487986953,30.139923096,5,1.000000000,nan,nan,0.000000000,20.930253959,17.007710936,0.190763036,0.275259023,17.669633031,0,0.100000000
237.400002003,20064,1982,0,11028,9036,18078,6301,1847,1783,767,1016,9042,9036,2637,3664,2.631553536,2.959184517,469.753048282,2897.369168204,56.143522263,6,1.000000000,nan,nan,0.000000000,19.288101990,16.473921947,0.199833012,0.266944990,17.179915973,0,0.100000000
237.499964476,19872,1761,0,10724,9148,18078,6301,1684,1687,714,973,9042,9036,2637,3664,2.631553536,2.959184517,405.356025436,2661.697352573,nan,nan,nan,nan,nan,0.000000000,18.172734010,16.300928080,0.191064028,0.259867986,16.966539959,0,0.100000000
237.599936008,20160,2135,0,10945,9215,18078,6301,1757,1764,764,1000,9042,9036,2637,3664,2.631553536,2.959184517,437.477450673,2673.796679621,nan,nan,nan,nan,nan,0.000000000,18.778873025,16.793642018,0.218872039,0.242451963,17.485660966,0,0.100000000
237.699872017,20064,1897,0,10807,9257,18163,6382,1811,1719,740,979,8910,9253,2695,3687,2.578926775,2.974049558,423.002339909,3038.525676074,1.752614975,2,0.000000000,nan,nan,0.000000000,19.274076971,16.698104970,0.195800036,0.239483023,17.379585013,0,0.100000000
237.801256895,20064,2295,0,10854,9210,17765,6516,1820,1808,736,1072,8559,9206,2707,3809,2.599583576,2.993859260,481.500738409,2947.363526803,nan,1,nan,nan,nan,0.000000000,21.658896992,18.824859988,0.222259026,0.333705975,19.555525039,0,0.100000000
237.899959564,20064,2120,0,11077,8987,17765,6516,1691,1684,628,1056,8559,9206,2707,3809,2.599583576,2.993859260,421.275177470,2865.090232811,nan,nan,nan,nan,nan,0.000000000,20.528057008,18.617627036,0.201991992,0.258085027,19.292346959,0,0.100000000
237.999837160,20160,2412,0,11115,9045,17765,6516,1784,1782,689,1093,8559,9206,2707,3809,2.599583576,2.993859260,456.249169096,2896.932184772,nan,nan,nan,nan,nan,0.000000000,18.938462017,16.949993093,0.205037009,0.294669997,17.661336984,0,0.100000000
238.102566481,19968,2291,0,11024,8944,17765,6516,1682,1681,631,1050,8559,9206,2707,3809,2.599583576,2.993859260,420.603811910,2843.784626671,nan,nan,nan,nan,nan,0.000000000,18.544456980,16.708640032,0.192412059,0.245233008,17.352983996,0,0.100000000
238.201000690,19968,2504,0,10810,9158,17460,6258,1769,1762,608,1154,8303,9157,2470,3788,2.576419816,2.989199374,450.028835486,3001.378131240,4.190921783,2,0.000000000,nan,nan,0.000000000,22.926005011,19.876553968,0.197057903,0.416555034,20.558755030,0,0.100000000
238.300088406,20352,2532,0,10977,9375,17816,6282,1704,1695,667,1028,8442,9374,2506,3776,2.547294566,2.997396185,413.973870032,2899.745383635,nan,1,nan,nan,nan,0.000000000,18.670897989,15.932673065,0.188615988,0.238288019,16.601758951,0,0.100000000
238.399828196,20064,2413,0,10872,9192,17647,6286,1735,1721,638,1083,8459,9188,2509,3777,2.547663443,2.981166942,444.888050838,2837.962202008,nan,1,nan,nan,nan,0.000000000,18.766139983,16.128603136,0.201964052,0.256208994,16.809182009,0,0.100000000
238.500039339,19968,2582,0,11011,8957,17382,6210,1695,1695,648,1047,8425,8957,2470,3740,2.552265223,3.004286887,439.747360778,2898.174142339,19.779682159,6,1.000000000,nan,nan,0.000000000,18.643074029,16.016002977,0.192011066,0.257592008,16.676358995,0,0.100000000
238.599830627,20064,2503,0,10910,9154,17382,6210,1811,1813,677,1136,8425,8957,2470,3740,2.552265223,3.004286887,482.035989972,3005.148438942,nan,nan,nan,nan,nan,0.000000000,17.750996980,15.884475957,0.205702963,0.259839988,16.581517993,0,0.100000000
238.700097561,19968,2726,0,11054,8914,17238,6049,1702,1667,635,1032,8324,8914,2412,3637,2.517851685,2.987286309,414.907297096,2715.509438844,40.295839310,7,1.000000000,nan,nan,0.000000000,22.257906967,18.114920007,0.199584989,0.237872009,18.786453002,0,0.100000000
238.799842358,20064,2696,0,10760,9304,17364,5971,1604,1580,591,989,8061,9303,2378,3593,2.526566657,2.955160489,390.432194345,2588.299160632,4.516363144,2,0.000000000,nan,nan,0.000000000,25.939351995,22.713621031,0.367453962,0.263466965,23.919153027,0,0.100000000
238.903595448,19680,2900,0,10868,8812,17364,5971,1618,1616,598,1018,8061,9303,2378,3593,2.526566657,2.955160489,410.667199614,2650.397478503,nan,nan,nan,nan,nan,0.000000000,17.074117030,15.269847936,0.179395953,0.209291000,15.886677953,0,0.100000000
239.001494169,20448,3004,0,10843,9605,17364,5971,1632,1631,596,1035,8061,9303,2378,3593,2.526566657,2.955160489,410.924372876,2639.856699938,nan,nan,nan,nan,nan,0.000000000,17.953018018,15.926120977,0.203373958,0.243548013,16.695313971,0,0.100000000
239.103934765,20064,3231,0,11102,8962,16829,5985,1665,1660,640,1020,7871,8958,2440,3545,2.528935532,2.960484850,403.202864706,2889.517201880,99.840164185,2,1.000000000,nan,nan,0.000000000,22.128635028,19.461795047,0.224249088,0.276999024,20.243743027,0,0.100000000
239.201287270,19872,3222,0,10862,9010,16829,5985,1681,1675,647,1028,7871,8958,2440,3545,2.528935532,2.960484850,405.150058377,2849.853164233,nan,nan,nan,nan,nan,0.000000000,17.101332021,15.398448915,0.180439965,0.212776999,16.037142021,0,0.100000000
239.301184893,20064,3337,0,11049,9015,16829,5985,1676,1677,645,1032,7871,8958,2440,3545,2.528935532,2.960484850,411.446507267,2940.381109376,nan,nan,nan,nan,nan,0.000000000,17.255745013,15.472092025,0.201280927,0.235404994,16.145153961,0,0.100000000
239.401191473,19872,3397,0,10900,8972,16829,5985,1648,1648,621,1027,7871,8958,2440,3545,2.528935532,2.960484850,402.681322049,2830.473504103,nan,nan,nan,nan,nan,0.000000000,16.360461013,14.794652059,0.137002033,0.213307969,15.274709032,0,0.100000000
239.601203203,19872,3595,0,10961,8911,16273,5733,1642,1606,637,969,7366,8907,2264,3469,2.449666228,2.939335430,415.487477801,2721.880657211,7.010221481,2,0.000000000,nan,nan,0.000000000,17.305073969,14.840553049,0.183672004,0.244501978,15.467602992,0,0.100000000
239.700023651,20064,3667,0,10740,9324,16273,5733,1586,1591,593,998,7366,8907,2264,3469,2.449666228,2.939335430,407.957380428,2589.366810798,nan,nan,nan,nan,nan,0.000000000,16.206992033,14.506006031,0.182531017,0.225982047,15.141172044,0,0.100000000
239.801156282,19968,3806,0,10931,9037,16158,5531,1476,1643,583,1060,7125,9033,2099,3432,2.417791991,2.957303824,423.315175819,2547.664405503,38.472652435,4,1.000000000,nan,nan,0.000000000,19.312482036,15.692883055,0.171415042,0.266434974,16.291270033,0,0.100000000
239.899925947,19968,3793,0,10651,9317,16171,5633,1498,1562,514,1048,6858,9313,2125,3508,2.427036006,2.892921851,388.848676147,2412.742730475,14.990329742,3,0.000000000,nan,nan,0.000000000,17.802449001,15.154480934,0.207969977,0.338979007,15.831986035,0,0.100000000
240.000900030,19968,4045,0,10943,9025,15919,5611,1715,1734,571,1163,6897,9022,2180,3431,2.430922501,2.948403732,435.007698296,2768.478219607,5.133867264,2,0.000000000,nan,nan,0.000000000,17.734593013,14.626614982,0.197648944,0.242637005,15.298323007,0,0.100000000
240.099986076,20064,3962,0,10652,9412,16098,5749,1632,1621,573,1048,6690,9408,2266,3483,2.423327241,2.874048405,384.902113978,2811.828101695,49.486160278,8,1.000000000,nan,nan,0.000000000,17.968872970,15.485899057,0.199373986,0.242851034,16.185995017,0,0.100000000
240.200455189,19968,4251,0,11042,8926,16098,5749,1715,1725,599,1126,6690,9408,2266,3483,2.423327241,2.874048405,402.980881793,2877.730248670,nan,nan,nan,nan,nan,0.000000000,16.225704981,14.483103994,0.185067998,0.211498991,15.135432011,0,0.100000000
240.300082684,20160,4172,0,10911,9249,15984,5580,1611,1585,555,1030,6735,9249,2141,3439,2.383665477,2.863622550,355.917742421,2715.513766473,nan,1,nan,nan,nan,0.000000000,18.782157975,15.864973015,0.220512971,0.260326953,16.644959978,0,0.100000000
240.401228905,19872,4390,0,10951,8921,15478,5587,1771,1747,571,1176,6557,8921,2117,3470,2.405612814,2.920702824,449.326105316,2892.678921841,nan,1,nan,nan,nan,0.000000000,17.692980007,14.501179976,0.196444918,0.317266968,15.193570987,0,0.100000000
240.500081301,19968,4375,0,10797,9171,15478,5587,1697,1699,563,1136,6557,8921,2117,3470,2.405612814,2.920702824,444.309436430,2800.350690522,nan,nan,nan,nan,nan,0.000000000,15.937639982,14.172883064,0.184617937,0.237955013,14.821366000,0,0.100000000
240.599788666,20064,4712,0,11146,8918,15478,5587,1755,1757,563,1194,6557,8921,2117,3470,2.405612814,2.920702824,463.981724547,2781.052595714,nan,nan,nan,nan,nan,0.000000000,16.004758014,14.160242979,0.225157070,0.239364977,14.860333991,0,0.100000000
240.699950695,20160,4509,0,10872,9288,15478,5587,1702,1699,562,1137,6557,8921,2117,3470,2.405612814,2.920702824,443.079583035,2744.459151313,nan,nan,nan,nan,nan,0.000000000,16.706217953,14.962418005,0.181774027,0.218992995,15.564811009,0,0.100000000
240.801284790,19968,4634,0,11018,8950,15478,5587,1726,1726,563,1163,6557,8921,2117,3470,2.405612814,2.920702824,456.068459164,2809.701189552,nan,nan,nan,nan,nan,0.000000000,15.279977000,13.670293964,0.149953936,0.208540994,14.182937972,0,0.100000000
240.901261568,19968,4453,0,10964,9004,15511,5387,1673,1679,529,1150,6670,8841,1937,3450,2.342250264,2.917321037,429.372195589,2696.711899896,nan,1,nan,nan,nan,0.000000000,21.791371983,18.315770954,0.216724002,0.248064985,19.054761040,0,0.100000000
241.001270294,19872,4449,0,10945,8927,15511,5387,1739,1739,533,1206,6670,8841,1937,3450,2.342250264,2.917321037,448.292446070,2662.407307889,nan,nan,nan,nan,nan,0.000000000,15.004332992,13.155321998,0.139710028,0.209237973,13.661452977,0,0.100000000
241.099982262,20160,4644,0,11177,8983,15512,5580,1778,1763,575,1188,6789,8723,2085,3495,2.306909800,2.947753549,431.830129851,2578.688685819,nan,1,nan,nan,nan,0.000000000,17.291123979,14.552605979,0.219071982,0.266540970,15.257168969,0,0.100000000
241.201228380,19872,4497,0,10943,8929,15371,5569,1774,1753,505,1248,6706,8665,1968,3601,2.267503374,2.911380539,440.793127152,2399.828996325,nan,1,nan,nan,nan,0.000000000,19.718895957,15.883330954,0.208362006,0.270585006,16.572323977,0,0.100000000
241.299893618,19968,4793,0,11075,8893,15171,5562,1816,1833,547,1286,6559,8612,1970,3592,2.286080011,2.938553548,454.732521039,2710.491622140,54.802894592,4,1.000000000,nan,nan,0.000000000,20.540464029,16.558295989,0.199736096,0.243314018,17.259159009,0,0.100000000
241.403570890,19968,4859,0,11194,8774,15105,5517,1715,1710,489,1221,6588,8517,1934,3583,2.226065290,2.929243129,423.079426098,2317.974308769,34.482240677,5,1.000000000,nan,nan,0.000000000,17.015734978,14.485209016,0.187869009,0.312437012,15.146187972,0,0.100000000
241.499816656,19968,4896,0,10978,8990,15105,5517,1630,1646,477,1169,6588,8517,1934,3583,2.226065290,2.929243129,408.399203472,2120.867927446,nan,nan,nan,nan,nan,0.000000000,15.718518989,14.009131992,0.197337999,0.225600961,14.669246972,0,0.100000000
241.602571726,20160,5202,0,11381,8779,14954,5069,1484,1553,434,1119,6523,8431,1730,3339,2.179639658,2.961629386,360.276512872,2248.276922805,nan,1,nan,nan,nan,0.000000000,15.316589968,12.961247994,0.177901005,0.255446997,13.575527992,0,0.100000000
241.701134443,19968,5255,0,11154,8814,14709,5162,1546,1565,446,1119,6348,8361,1837,3325,2.208534234,2.933097716,351.066508561,2352.363207862,nan,1,nan,nan,nan,0.000000000,17.371079011,14.340356982,0.232302991,0.218369009,15.127817984,0,0.100000000
241.802339315,20064,5330,0,11328,8736,14730,5165,1582,1561,460,1101,6553,8177,1814,3351,2.169905288,2.981841610,332.854035540,2342.873183143,5.580902100,2,0.000000000,nan,nan,0.000000000,20.811569004,16.526996915,0.194170047,0.222568982,17.234847997,0,0.100000000
241.901200056,19968,5543,0,11377,8591,14730,5165,1546,1542,466,1076,6553,8177,1814,3351,2.169905288,2.981841610,324.068676718,2332.525253462,nan,nan,nan,nan,nan,0.000000000,14.814901981,13.201820024,0.189740967,0.186707999,13.814222999,0,0.100000000
242.001188755,19872,5591,0,11499,8373,14730,5165,1536,1533,458,1075,6553,8177,1814,3351,2.169905288,2.981841610,338.289229757,2409.089466906,nan,nan,nan,nan,nan,0.000000000,14.442824991,12.822009972,0.157328963,0.229232013,13.340106991,0,0.100000000
242.100042582,19968,5886,0,11635,8333,14078,4950,1516,1550,438,1112,6534,7544,1808,3142,2.134597607,3.018027106,378.740245360,2179.369922718,84.499597549,4,1.000000000,nan,nan,0.000000000,14.982499997,12.709912087,0.173369946,0.219196023,13.312467956,0,0.100000000
242.202221155,20064,5871,0,11695,8369,14189,4959,1530,1519,428,1091,6727,7462,1763,3196,2.095013593,3.066584063,341.274914064,2347.025105693,nan,1,nan,nan,nan,0.000000000,15.827124007,13.645187020,0.168630097,0.202713010,14.239932003,0,0.100000000
242.301189661,19872,6078,0,11800,8072,13790,4799,1536,1552,436,1116,6637,7153,1721,3078,2.087775893,3.047458968,364.630942755,2153.638804921,nan,1,nan,nan,nan,0.000000000,14.690492011,12.485944957,0.194725057,0.215643027,13.148621016,0,0.100000000
242.400644541,19968,6150,0,11960,8008,13814,4860,1540,1534,447,1087,6819,6995,1743,3117,2.075788729,3.075398321,372.242706495,2241.489008018,59.893846512,2,1.000000000,nan,nan,0.000000000,16.632347018,13.599855069,0.179925060,0.208273996,14.204358042,0,0.100000000
242.501801968,20160,6282,0,12287,7873,13874,4809,1533,1532,437,1095,7028,6846,1742,3067,2.054494231,3.078048851,367.648620691,2262.971247156,5.315780640,2,0.000000000,nan,nan,0.000000000,14.916118002,12.409013987,0.188044040,0.510952028,13.055047020,0,0.100000000
242.601431847,19968,6398,0,12179,7789,13566,4789,1555,1536,444,1092,6853,6713,1720,3069,2.039647746,3.079642603,373.317987029,2200.736147676,64.528703690,5,1.000000000,nan,nan,0.000000000,16.573813977,14.044077892,0.222673989,0.382965023,14.756098972,0,0.100000000
242.699905396,20064,6617,0,12320,7744,13443,4742,1581,1571,443,1128,6778,6665,1718,3024,2.013794968,3.082020395,331.273507155,2112.144268280,nan,1,nan,nan,nan,0.000000000,20.273045986,16.943936062,0.305961992,0.341676001,17.950957990,0,0.100000000
242.800062180,19776,6428,0,11980,7796,13443,4742,1477,1475,456,1019,6778,6665,1718,3024,2.013794968,3.082020395,284.606334096,1946.891319706,nan,nan,nan,nan,nan,0.000000000,14.120496984,12.458379031,0.169428065,0.200335984,13.077604002,0,0.100000000
242.899438620,20256,6791,0,12281,7975,13461,4633,1487,1472,410,1062,6627,6834,1636,2997,1.969394001,3.057780967,288.898552362,1838.283869564,3.895282745,2,0.000000000,nan,nan,0.000000000,14.520308992,12.166089960,0.168447034,0.246306008,12.780366989,0,0.100000000
243.002612114,20064,6746,0,12130,7934,13314,4587,1430,1411,432,979,6499,6815,1666,2921,1.983172727,3.051817739,300.239918748,1529.582694072,44.290304184,6,1.000000000,nan,nan,0.000000000,15.114167007,12.899359106,0.195470988,0.209085003,13.594414981,0,0.100000000
243.101373196,19872,6650,0,12168,7704,13218,4485,1347,1361,436,925,6654,6564,1609,2876,1.936222353,3.053250572,298.130352011,1338.235399992,nan,1,nan,nan,nan,0.000000000,15.482412011,12.723114982,0.179869880,0.224748976,13.389442000,0,0.100000000
243.199834585,20160,6836,0,12364,7796,13320,4423,1497,1446,440,1006,6699,6621,1574,2849,1.951997467,3.034394226,337.158691885,1272.646120728,32.094955444,3,1.000000000,nan,nan,0.000000000,20.611821034,16.108288022,0.188757083,0.205310993,16.758244019,0,0.100000000
243.301293612,19968,6717,0,12240,7728,13247,4411,1320,1344,404,940,6763,6484,1505,2906,1.914254392,3.079698909,337.822811939,1147.303153299,nan,1,nan,nan,nan,0.000000000,25.216330017,18.930861028,0.183356053,0.225357013,19.590040029,0,0.100000000
243.401258945,19968,6917,0,12275,7693,13247,4411,1296,1310,407,903,6763,6484,1505,2906,1.914254392,3.079698909,293.240414926,1103.576735599,nan,nan,nan,nan,nan,0.000000000,12.665520015,11.244212044,0.150684966,0.182778982,11.778430024,0,0.100000000
243.501164436,19968,6723,0,12236,7732,13241,4351,1338,1359,407,952,6806,6435,1482,2869,1.880950258,3.102201063,326.203795003,1027.132349283,28.090953827,3,1.000000000,nan,nan,0.000000000,21.400710975,17.770597071,0.186112011,0.185780984,18.431824050,0,0.100000000
243.601601839,19776,6911,0,12089,7687,13241,4351,1385,1383,407,976,6806,6435,1482,2869,1.880950258,3.102201063,316.070000072,1038.260741259,nan,nan,nan,nan,nan,0.000000000,12.963982008,11.501455039,0.155357993,0.196470995,12.064525974,0,0.100000000
243.702591419,20352,6705,0,12335,8017,13643,4341,1458,1453,422,1031,6934,6709,1433,2908,1.851150162,3.075346148,356.745628649,1133.545315037,30.301570892,5,1.000000000,nan,nan,0.000000000,13.466436008,11.362628953,0.161295000,0.211392005,11.945801962,0,0.100000000
243.801273823,19872,6776,0,12120,7752,13092,4309,1451,1461,435,1026,6572,6520,1471,2838,1.855382313,3.087952803,348.420481988,1229.237517627,nan,1,nan,nan,nan,0.000000000,14.755112003,12.529562984,0.178315968,0.204943994,13.179233996,0,0.100000000
243.901180267,19968,6567,0,12047,7921,13397,4305,1412,1408,415,993,6742,6655,1447,2858,1.826446127,3.095792972,323.550941320,1018.023338523,74.267148972,5,1.000000000,nan,nan,0.000000000,15.022680978,12.715953984,0.214050058,0.197743007,13.485535979,0,0.100000000
244.000128984,20064,6579,0,12089,7975,13481,4332,1378,1389,424,965,6662,6819,1476,2856,1.824787924,3.080039103,342.962393496,1237.402023874,nan,1,nan,nan,nan,0.000000000,17.984300968,15.875415993,0.191096042,0.177460024,16.532735026,0,0.100000000
244.100192785,19968,6407,0,12096,7872,13481,4332,1407,1408,428,980,6662,6819,1476,2856,1.824787924,3.080039103,344.904142783,1221.637369463,nan,nan,nan,nan,nan,0.000000000,13.120226969,11.669290019,0.156674942,0.167438004,12.228184962,0,0.100000000
244.201131105,19968,6348,0,12154,7814,13616,4302,1470,1400,443,957,6888,6728,1404,2898,1.802449028,3.069446343,331.524188392,1224.530277195,nan,1,nan,nan,nan,0.000000000,15.023029991,12.896447966,0.200364040,0.161595002,13.601743965,0,0.100000000
244.299835682,20064,6286,0,12201,7863,13774,4293,1436,1440,442,998,6987,6787,1390,2903,1.786962826,3.031715735,374.908972753,1211.244298493,55.901527405,6,1.000000000,nan,nan,0.000000000,16.109670047,13.707153907,0.198972004,0.192833017,14.462871011,0,0.100000000
244.401185036,19776,6158,0,11949,7827,13774,4293,1400,1401,441,960,6987,6787,1390,2903,1.786962826,3.031715735,357.545437139,1209.094500833,nan,nan,nan,nan,nan,0.000000000,12.437661004,10.996705038,0.149704050,0.164679019,11.543022003,0,0.100000000
244.503714561,19776,6221,0,11913,7863,13551,4228,1447,1464,431,1033,6720,6831,1391,2837,1.773265333,2.970629863,390.456458191,1313.395058375,nan,1,nan,nan,nan,0.000000000,23.788655002,19.619903993,0.237108965,0.186524005,20.464098023,0,0.100000000
244.600287914,20352,6220,0,12481,7871,13551,4228,1395,1400,429,971,6720,6831,1391,2837,1.773265333,2.970629863,357.295818761,1187.567019617,nan,nan,nan,nan,nan,0.000000000,12.367416988,10.896166903,0.157793984,0.179259980,11.467362987,0,0.100000000
244.700022459,20064,6308,0,12095,7969,13752,4128,1454,1441,440,1001,6856,6896,1302,2826,1.743216722,2.900862836,357.748974691,1258.247937157,nan,1,nan,nan,nan,0.000000000,15.945269959,13.238882995,0.170228072,0.194812019,13.822835987,0,0.100000000
244.801268339,20064,5917,0,11991,8073,13752,4128,1467,1460,446,1014,6856,6896,1302,2826,1.743216722,2.900862836,363.585376809,1261.621149105,nan,nan,nan,nan,nan,0.000000000,12.417750957,10.914873972,0.175023917,0.174582005,11.509631004,0,0.100000000
244.901223660,19680,6047,0,11962,7718,13752,4128,1462,1466,447,1019,6856,6896,1302,2826,1.743216722,2.900862836,367.707968515,1282.807125472,nan,nan,nan,nan,nan,0.000000000,12.040274043,10.574693966,0.134823960,0.180881994,11.070719978,0,0.100000000
245.001046419,20256,5885,0,11973,8283,14367,4266,1395,1420,387,1033,7073,7294,1275,2991,1.695738479,2.919539642,367.123342787,1198.405071705,13.913631439,2,0.000000000,nan,nan,0.000000000,21.098929981,15.315323952,0.173797016,0.233201019,15.909445006,0,0.100000000
245.101124525,19776,6095,0,12002,7774,13677,4057,1355,1374,404,970,6866,6811,1296,2761,1.699762644,2.903003179,325.537415918,1088.611193336,nan,1,nan,nan,nan,0.000000000,18.982348032,14.674856968,0.165765057,0.197963032,15.252426034,0,0.100000000
245.199278593,19968,5836,0,11926,8042,14128,4177,1469,1404,461,943,7093,7035,1296,2881,1.660924191,2.874437659,322.577435475,1269.964488073,91.657161713,5,1.000000000,nan,nan,0.000000000,13.123848010,10.953870951,0.163769990,0.172855041,11.544708977,0,0.100000000
245.302360535,19584,6044,0,11966,7618,13536,3914,1297,1308,372,936,6858,6678,1186,2728,1.656565810,2.843239728,311.247827762,1033.602285403,5.699872971,2,0.000000000,nan,nan,0.000000000,12.235047005,10.193911032,0.157278031,0.174913963,10.740334983,0,0.100000000
245.499843359,19968,6148,0,12086,7882,13816,4066,1312,1319,387,932,6849,6967,1233,2833,1.622278062,2.856750893,306.227477020,1025.578472069,nan,1,nan,nan,nan,0.000000000,13.649603992,11.431617022,0.155790010,0.190213032,12.033736974,0,0.100000000
245.601196527,20160,6137,0,12074,8086,14019,4158,1243,1258,396,862,6979,7040,1272,2886,1.593710433,2.838802077,301.596425907,1080.708484492,4.308938980,2,0.000000000,nan,nan,0.000000000,12.826161983,10.682084016,0.137443014,0.182889984,11.186011019,0,0.100000000
245.701109409,19872,5989,0,11914,7958,13879,4015,1117,1396,441,955,6846,7033,1192,2823,1.579232279,2.833927392,356.623173660,1166.784999681,56.002616882,10,1.000000000,nan,nan,0.000000000,12.348802004,10.252637032,0.136149989,0.188709004,10.731717979,0,0.100000000
245.799896479,20064,6031,0,11997,8067,14029,4010,1204,1190,363,827,6900,7129,1119,2891,1.552910507,2.810635795,290.309453048,1001.704271329,nan,1,nan,nan,nan,0.000000000,17.995017988,15.808285039,0.180469011,0.242346956,16.444435983,0,0.100000000
245.901102781,20064,5762,0,11821,8243,14029,4010,1222,1215,357,858,6900,7129,1119,2891,1.552910507,2.810635795,289.193794303,998.556855711,nan,nan,nan,nan,nan,0.000000000,12.079630978,10.538598057,0.135827053,0.160352967,11.024690990,0,0.100000000
246.001279593,19392,5349,0,11452,7940,14039,4023,1098,1146,355,791,6990,7049,1108,2915,1.478751985,2.765784897,277.051829071,918.182869604,6.193399429,2,0.000000000,nan,nan,0.000000000,22.389031015,18.997567997,0.178326969,0.165680016,19.640847051,0,0.100000000
246.100532770,20448,6094,0,12148,8300,14039,4023,1200,1212,367,845,6990,7049,1108,2915,1.478751985,2.765784897,291.063292720,963.099395340,nan,nan,nan,nan,nan,0.000000000,11.807689967,10.403121007,0.141597993,0.169095991,10.897897999,0,0.100000000
246.199849367,20256,5924,0,12109,8147,14328,4023,1284,1258,353,905,7022,7306,1039,2984,1.418659208,2.739010559,282.607171997,1007.654594355,7.810115814,3,0.000000000,nan,nan,0.000000000,16.993678990,12.914577965,0.172369007,0.196950976,13.643735030,0,0.100000000
246.301594257,19872,5789,0,11698,8174,14328,4023,1258,1254,352,902,7022,7306,1039,2984,1.418659208,2.739010559,292.495993744,1016.817897345,nan,nan,nan,nan,nan,0.000000000,12.187747983,10.703522014,0.149397994,0.158825016,11.229606986,0,0.100000000
246.401134253,19872,5754,0,11794,8078,14114,3850,1211,1207,321,886,6860,7254,955,2895,1.361906388,2.738468994,285.874847504,954.130409483,nan,1,nan,nan,nan,0.000000000,14.089870965,11.019394966,0.136514020,0.174059998,11.510183976,0,0.100000000
246.501483917,19968,6070,0,11906,8062,13894,3813,1177,1168,274,894,6687,7207,949,2864,1.336310605,2.691199910,288.275019655,986.847290558,24.222850800,3,1.000000000,nan,nan,0.000000000,12.107138988,10.121576954,0.136810006,0.196287991,10.626176023,0,0.100000000
246.600724697,19968,5835,0,11888,8080,14129,3752,1127,1125,284,841,6879,7250,954,2798,1.301052644,2.704638828,284.100294149,904.989284720,40.550231934,3,1.000000000,nan,nan,0.000000000,11.781935988,9.826235007,0.134320057,0.157325994,10.338363005,0,0.100000000
246.700342417,19584,6101,0,11513,8071,14129,3752,1131,1131,293,838,6879,7250,954,2798,1.301052644,2.704638828,280.825545476,894.511512732,nan,nan,nan,nan,nan,0.000000000,10.876497021,9.601700061,0.118198048,0.141232973,10.043461982,0,0.100000000
246.799830914,19776,5885,0,11779,7997,13887,3720,1083,1069,278,791,6735,7152,910,2810,1.266617534,2.716694915,266.587285561,824.996124193,5.185365677,2,0.000000000,nan,nan,0.000000000,14.226189000,12.066854979,0.123220030,0.161527016,12.549847015,0,0.100000000
246.999870062,19680,5684,0,11584,8096,13992,3748,1142,1132,286,846,6740,7252,953,2795,1.204392185,2.693152338,276.808276638,895.254260494,99.970817566,7,1.000000000,nan,nan,0.000000000,11.887739995,9.829581017,0.129411987,0.164936006,10.306280979,0,0.100000000
247.100440264,20352,6555,0,12141,8211,13793,3744,1088,1099,256,843,6490,7303,926,2818,1.209975379,2.686572605,274.783313547,919.873364918,nan,1,nan,nan,nan,0.000000000,13.819792017,11.621951999,0.149075990,0.300707994,12.175444979,0,0.100000000
247.201079130,20064,6016,0,11786,8278,14044,3850,1120,1121,240,881,6655,7389,888,2962,1.151209777,2.703127248,279.763267382,817.146905333,nan,1,nan,nan,nan,0.000000000,13.089184999,11.084240978,0.142646953,0.212012965,11.581029976,0,0.100000000
247.301200867,19872,6189,0,11887,7985,14044,3850,1089,1089,242,847,6655,7389,888,2962,1.151209777,2.703127248,270.436102133,812.733494806,nan,nan,nan,nan,nan,0.000000000,11.019423022,9.715332068,0.116769923,0.198016001,10.159070021,0,0.100000000
247.401684761,19680,6198,0,11889,7791,14044,3850,1137,1144,241,903,6655,7389,888,2962,1.151209777,2.703127248,285.172656393,834.015584508,nan,nan,nan,nan,nan,0.000000000,10.966886999,9.570517985,0.125655031,0.143006037,10.026342992,0,0.100000000
247.500951767,19968,6387,0,12040,7928,13577,3753,1067,1114,227,887,6555,7022,932,2821,1.142952302,2.711237552,335.741518665,905.584337744,nan,1,nan,nan,nan,0.000000000,11.363042053,9.408131067,0.120665936,0.202995026,9.856264049,0,0.100000000
247.701235771,19968,6620,0,12149,7819,13344,3621,1014,974,215,759,6454,6890,906,2715,1.104327416,2.709331415,284.008106825,852.990102246,89.696884155,4,1.000000000,nan,nan,0.000000000,11.188618024,9.195271938,0.118409051,0.197744987,9.646975028,0,0.100000000
247.801112175,19680,6698,0,11830,7850,13344,3621,1060,1050,223,827,6454,6890,906,2715,1.104327416,2.709331415,302.469003878,879.862095994,nan,nan,nan,nan,nan,0.000000000,12.255759968,10.812461027,0.154965965,0.175664027,11.336754018,0,0.100000000
247.900328875,20256,6730,0,12436,7820,13522,3682,1103,1081,244,837,6591,6931,932,2750,1.071103190,2.703003788,298.997211415,849.488151237,nan,1,nan,nan,nan,0.000000000,11.192512000,9.348928987,0.124716957,0.165801030,9.813316981,0,0.100000000
248.000775337,20064,6785,0,12129,7935,13522,3682,1113,1108,235,873,6591,6931,932,2750,1.071103190,2.703003788,305.418471261,862.308550800,nan,nan,nan,nan,nan,0.000000000,12.307158031,10.854215070,0.163040881,0.155427027,11.476163985,0,0.100000000
248.101099253,20160,6780,0,12084,8076,13522,3682,1071,1074,235,839,6591,6931,932,2750,1.071103190,2.703003788,301.221443370,861.736190795,nan,nan,nan,nan,nan,0.000000000,10.410271003,9.261850035,0.089428970,0.155362010,9.601450001,0,0.100000000
248.201120853,19872,6790,0,12121,7751,13078,3778,1168,1115,268,847,6274,6804,1015,2763,1.046416968,2.666314057,324.500184534,977.142809273,nan,1,nan,nan,nan,0.000000000,11.271992989,9.437433037,0.135676004,0.159499992,9.912072972,0,0.100000000
248.299836159,19872,6722,0,12164,7708,13146,3910,1116,1116,270,846,6440,6706,1050,2860,1.047167860,2.681251108,323.890583134,867.720845611,59.832572937,3,1.000000000,nan,nan,0.000000000,14.299525996,12.058452005,0.137379044,0.195863016,12.567584985,0,0.100000000
248.400659323,19296,6674,0,11998,7298,12618,3838,1046,1051,248,803,6304,6314,1074,2764,1.051167203,2.704218858,281.476203015,865.013344438,44.277429581,7,1.000000000,nan,nan,0.000000000,11.676245020,9.786422946,0.123007980,0.196387002,10.218865995,0,0.100000000
248.497922421,20928,7041,0,12731,8197,13883,4031,1136,1124,273,851,6793,7090,1140,2891,1.055976331,2.644418871,306.884132311,913.093376199,nan,1,nan,nan,nan,0.000000000,20.836846961,16.944294970,0.165668956,0.298349012,17.558652034,0,0.100000000
248.600482702,19776,6853,0,12227,7549,12919,3988,1147,1153,279,874,6421,6498,1224,2764,1.067107307,2.622108430,333.862164138,883.779953998,5.552530289,2,0.000000000,nan,nan,0.000000000,12.216560019,10.307709977,0.125679013,0.198360998,10.774557013,0,0.100000000
248.699228525,20448,7096,0,12854,7594,12919,3988,1171,1174,279,895,6421,6498,1224,2764,1.067107307,2.622108430,339.054706534,925.356074305,nan,nan,nan,nan,nan,0.000000000,11.204590031,9.904553939,0.132214045,0.167785038,10.379101033,0,0.100000000
248.801297188,19872,6973,0,12577,7295,12895,3965,1156,1122,394,728,6641,6254,1492,2473,1.272982688,2.512694532,310.422244719,917.133151535,nan,1,nan,nan,nan,0.000000000,11.787502968,9.892509028,0.128884974,0.182849006,10.366389994,0,0.100000000
248.899922609,20160,6844,0,12673,7487,13312,4013,967,1026,372,654,6852,6460,1646,2367,1.361685353,2.360532754,275.399035950,903.849167641,nan,1,nan,nan,nan,0.000000000,13.505245966,10.788910091,0.114844006,0.264354050,11.216098967,0,0.100000000
249.001352787,19776,7106,0,12892,6884,13312,4013,1036,1051,409,642,6852,6460,1646,2367,1.361685353,2.360532754,284.812838236,948.850146463,nan,nan,nan,nan,nan,0.000000000,13.132189051,11.763949005,0.138949894,0.205543009,12.264662015,0,0.100000000
249.099871159,20256,6836,0,13127,7129,13416,3708,907,895,408,487,7141,6275,1869,1839,1.496244960,2.112597718,240.282923506,756.666832210,nan,1,nan,nan,nan,0.000000000,11.124266020,9.207645955,0.104064005,0.224371965,9.615670017,0,0.100000000
249.201400518,19968,6865,0,13077,6891,13099,3480,968,941,479,462,6902,6197,1779,1701,1.487590807,2.033601965,268.438738186,770.302802273,4.963874817,2,0.000000000,nan,nan,0.000000000,15.012027987,12.801792007,0.180032046,0.199636037,13.473869010,0,0.100000000
249.301074266,19872,6566,0,12856,7016,13099,3480,867,876,409,467,6902,6197,1779,1701,1.487590807,2.033601965,253.564482393,655.646549469,nan,nan,nan,nan,nan,0.000000000,10.261775984,9.054240945,0.108441047,0.142465055,9.456235974,0,0.100000000
249.399850845,19968,6584,0,13010,6958,13380,3616,903,903,374,529,6864,6516,1818,1798,1.466054509,2.016762942,259.610582411,670.461362388,44.619798660,6,1.000000000,nan,nan,0.000000000,10.866958008,9.040994919,0.099162979,0.166794984,9.416743997,0,0.100000000
249.499840975,20256,6522,0,13087,7169,13730,3636,894,886,375,511,6959,6771,1848,1788,1.464239729,1.962333871,259.450578698,724.055915965,4.227161407,2,0.000000000,nan,nan,0.000000000,11.689612002,9.822906053,0.118800031,0.178082031,10.261853051,0,0.100000000
249.601229906,19776,6288,0,12906,6870,13484,3670,1012,1006,489,517,6958,6526,1868,1802,1.490796022,1.994791702,288.071390637,828.113130029,nan,1,nan,nan,nan,0.000000000,14.771009039,12.790070090,0.145220023,0.167703023,13.315851975,0,0.100000000
249.699838161,19776,6085,0,12757,7019,13687,3602,817,816,363,453,6869,6818,1885,1717,1.559168065,1.916261493,245.686186898,615.025483629,31.883716583,12,1.000000000,nan,nan,0.000000000,21.723284968,14.718879014,0.108238019,0.205349002,15.122805024,0,0.100000000
249.800063610,20352,6116,0,13167,7185,13687,3602,884,904,411,493,6869,6818,1885,1717,1.559168065,1.916261493,265.972380676,694.316181287,nan,nan,nan,nan,nan,0.000000000,10.875192995,9.579926031,0.117123011,0.144771009,10.012210987,0,0.100000000
249.901208162,19680,5847,0,12854,6826,13687,3602,919,919,412,507,6869,6818,1885,1717,1.559168065,1.916261493,265.096566135,725.398807231,nan,nan,nan,nan,nan,0.000000000,10.419439001,9.076248971,0.117309974,0.167746970,9.484729962,0,0.100000000
249.999232531,20352,5799,0,13262,7090,14549,3960,1003,980,582,398,7663,6886,2369,1591,1.691238059,1.791804489,281.261322721,818.457269484,5.766391754,2,0.000000000,nan,nan,0.000000000,13.446572993,10.501287936,0.113624032,0.217593974,10.920484958,0,0.100000000
250.101035833,19584,5751,0,12926,6658,13829,3549,1017,999,714,285,7399,6430,2267,1282,1.718301726,1.801782052,286.986800230,829.508213053,24.256229401,3,1.000000000,nan,nan,0.000000000,11.432497005,9.285634966,0.125965045,0.185712008,9.754854022,0,0.100000000
250.200000286,20448,5518,0,13323,7125,14926,3855,995,1001,715,286,8036,6890,2410,1445,1.676137509,1.769743350,274.194403198,712.333142547,95.408916473,4,1.000000000,nan,nan,0.000000000,13.192795042,11.006760993,0.122674101,0.173462031,11.484272021,0,0.100000000
250.302166224,19968,5719,0,13020,6948,14245,3635,1001,997,682,315,7523,6722,2285,1350,1.708539405,1.811414335,300.629821555,802.926443502,1.619815826,2,0.000000000,nan,nan,0.000000000,14.159812999,9.974019078,0.108321954,0.168222992,10.382363980,0,0.100000000
250.401133299,19776,5369,0,12611,7165,14245,3635,992,998,699,299,7523,6722,2285,1350,1.708539405,1.811414335,294.793967051,794.233887358,nan,nan,nan,nan,nan,0.000000000,10.710947972,9.423140029,0.112356036,0.159580028,9.850165981,0,0.100000000
250.499830961,20064,5549,0,12873,7191,14511,3721,996,996,681,315,7537,6974,2213,1508,1.655004791,1.817270210,300.293101199,764.809867224,59.942007065,5,1.000000000,nan,nan,0.000000000,14.465793967,11.682126962,0.117338961,0.186516962,12.103379006,0,0.100000000
250.600157022,20160,5454,0,12669,7491,14511,3721,1020,1022,703,319,7537,6974,2213,1508,1.655004791,1.817270210,300.982506896,791.462479131,nan,nan,nan,nan,nan,0.000000000,10.697402991,9.397180984,0.122323981,0.147482031,9.816442966,0,0.100000000
250.701157331,19872,5213,0,12400,7472,14655,3779,1112,1058,692,366,7368,7287,2162,1617,1.657814252,1.804319586,307.742551226,856.142395768,nan,1,nan,nan,nan,0.000000000,11.967860977,9.717482957,0.132384070,0.187639031,10.207181971,0,0.100000000
250.802327633,20064,5193,0,12353,7711,14655,3779,1010,1016,660,356,7368,7287,2162,1617,1.657814252,1.804319586,290.558346006,770.069783580,nan,nan,nan,nan,nan,0.000000000,12.570813997,11.122931086,0.148872961,0.146222010,11.661516968,0,0.100000000
250.903561831,19872,4769,0,12105,7767,15099,3862,1136,1032,658,374,7534,7565,2146,1716,1.639072178,1.794052672,292.762757292,842.942788341,54.163932800,5,1.000000000,nan,nan,0.000000000,13.458585949,11.367156927,0.139000942,0.213498017,11.866698042,0,0.100000000
250.999758959,20160,4994,0,12267,7893,15099,3862,978,984,610,374,7534,7565,2146,1716,1.639072178,1.794052672,281.814578300,817.823416043,nan,nan,nan,nan,nan,0.000000000,11.514808983,10.178287979,0.115723058,0.151120010,10.605520976,0,0.100000000
251.101204634,19872,4683,0,11971,7901,15185,3862,969,1005,632,373,7480,7705,2116,1746,1.601930867,1.815259248,296.712887709,851.480784762,49.400091171,4,1.000000000,nan,nan,0.000000000,15.152217005,11.294768017,0.116206997,0.292400946,11.780144006,0,0.100000000
251.199814081,20160,4861,0,12180,7980,15295,3718,926,910,575,335,7456,7839,1988,1730,1.587056223,1.797141292,240.821160897,801.878035262,69.534778595,6,1.000000000,nan,nan,0.000000000,12.025163975,9.490673954,0.104174949,0.173565990,9.879822028,0,0.100000000
251.301182747,19776,4707,0,11771,8005,15295,3718,915,919,580,339,7456,7839,1988,1730,1.587056223,1.797141292,255.327630011,810.949525314,nan,nan,nan,nan,nan,0.000000000,10.591858008,9.262000094,0.102923077,0.139196985,9.662855999,0,0.100000000
251.400079727,20064,5047,0,12420,7644,15013,3606,891,898,579,319,7476,7537,1954,1652,1.549300163,1.906875458,248.673105518,751.421425539,19.455671310,2,1.000000000,nan,nan,0.000000000,11.548098002,9.113779932,0.099986966,0.145337021,9.493407037,0,0.100000000
251.501438379,20064,4903,0,12071,7993,15157,3645,847,869,528,341,7296,7861,1895,1750,1.555852877,1.886538143,260.193786446,838.724044938,13.606548309,9,0.000000000,nan,nan,0.000000000,13.753535983,10.912968952,0.096464006,0.157697010,11.289924034,0,0.100000000
251.601052284,19680,4988,0,11983,7697,14688,3533,843,863,519,344,7111,7577,1809,1724,1.440201719,1.936535847,243.011568062,717.390800412,6.921291351,7,0.000000000,nan,nan,0.000000000,10.757790995,8.821664087,0.098114077,0.155055954,9.220634995,0,0.100000000
251.701332092,20352,5206,0,12295,8057,15142,3661,914,916,539,377,7235,7907,1865,1796,1.480285066,1.905657359,258.754961095,897.516860880,8.150577545,15,0.000000000,nan,nan,0.000000000,11.331881979,9.218101972,0.110797002,0.162472017,9.611715970,0,0.100000000
251.801592827,19872,5050,0,12112,7760,14818,3607,913,925,577,348,7188,7630,1845,1762,1.446801085,1.962848182,253.801575440,842.080836048,nan,1,nan,nan,nan,0.000000000,16.501403996,12.471416092,0.110852998,0.186195946,12.899689027,0,0.100000000
251.899881363,20160,5283,0,11889,8271,14873,3728,998,997,568,429,6719,8154,1847,1881,1.504230684,1.828126361,275.399316865,997.331010822,nan,1,nan,nan,nan,0.000000000,11.561070976,9.329820983,0.116614101,0.155242044,9.746468975,0,0.100000000
252.002810478,19968,5355,0,12091,7877,14609,3698,941,936,555,381,6842,7767,1842,1856,1.464708652,1.961722690,232.811168168,789.143082419,3.361463547,2,0.000000000,nan,nan,0.000000000,12.730956019,10.713139025,0.138120959,0.139631971,11.234630016,0,0.100000000
252.101093292,19968,5517,0,11951,8017,14447,3686,957,951,527,424,6525,7922,1803,1883,1.498879885,1.973751856,237.479721760,844.928987240,39.429664612,5,1.000000000,nan,nan,0.000000000,11.391462991,9.486270021,0.105314015,0.159181014,9.884772997,0,0.100000000
252.201053619,19968,5676,0,12058,7910,14288,3626,908,901,467,434,6459,7829,1745,1881,1.517495922,1.905347266,221.875409113,796.021714364,nan,1,nan,nan,nan,0.000000000,11.118182039,9.190853976,0.102629012,0.175426016,9.578708967,0,0.100000000
252.301052809,19872,5814,0,12157,7715,14288,3626,899,904,470,434,6459,7829,1745,1881,1.517495922,1.905347266,219.451892716,765.415687424,nan,nan,nan,nan,nan,0.000000000,10.355125996,9.078698989,0.097419950,0.132201007,9.447504999,0,0.100000000
252.403452873,20160,5911,0,12392,7768,14245,3746,964,946,536,410,6526,7719,1918,1828,1.618834151,1.618929007,249.458001221,807.204346049,127.977371216,4,1.000000000,nan,nan,0.000000000,19.744880963,16.317753005,0.152103952,0.155062997,16.855523980,0,0.100000000
252.500220537,19968,6084,0,12463,7505,14245,3746,949,969,566,403,6526,7719,1918,1828,1.618834151,1.618929007,251.768996132,804.258303536,nan,nan,nan,nan,nan,0.000000000,10.565546982,9.325710940,0.105905056,0.139241980,9.735512023,0,0.100000000
252.602209806,19968,6008,0,12389,7579,13956,3671,956,942,532,410,6399,7557,1931,1740,1.780246388,1.407541141,262.573604780,810.450103927,nan,1,nan,nan,nan,0.000000000,17.008256982,14.386949071,0.194871973,0.194018998,15.060231031,0,0.100000000
252.700159788,19488,5934,0,12175,7313,13956,3671,932,936,528,408,6399,7557,1931,1740,1.780246388,1.407541141,255.554149567,797.238696340,nan,nan,nan,nan,nan,0.000000000,10.314097977,9.112806059,0.103322032,0.137268973,9.490950964,0,0.100000000
252.797991991,20544,6387,0,12936,7608,14153,3834,968,972,678,294,6545,7608,2401,1433,1.968724955,1.191402066,255.304395024,896.525847822,nan,1,nan,nan,nan,0.000000000,11.917626020,9.986589081,0.113568909,0.209607999,10.418295045,0,0.100000000
252.901055574,19968,6164,0,12505,7463,13800,3743,998,961,652,309,6342,7458,2462,1281,2.037185577,1.136739850,227.752198434,916.119666526,95.309257507,4,1.000000000,nan,nan,0.000000000,21.779814968,15.556118917,0.143265992,0.292981043,16.122895002,0,0.100000000
253.002324104,20064,6280,0,12302,7762,13780,3855,1003,957,691,266,6022,7758,2575,1280,2.359106665,1.126775954,253.296903711,901.271842934,nan,1,nan,nan,nan,0.000000000,17.487798992,14.860183001,0.140840013,0.153723988,15.399295953,0,0.100000000
253.101104736,19872,6206,0,12380,7492,13780,3855,966,964,708,256,6022,7758,2575,1280,2.359106665,1.126775954,253.328834950,875.976265612,nan,nan,nan,nan,nan,0.000000000,11.139294016,9.735403990,0.108206936,0.148632971,10.155035998,0,0.100000000
253.199681997,20064,6262,0,12035,8029,13798,3722,920,916,680,236,5773,8025,2468,1254,2.530254660,1.143149156,264.217224908,911.921528668,94.589233398,3,1.000000000,nan,nan,0.000000000,11.615060968,9.482513065,0.101827027,0.162878016,9.869524045,0,0.100000000
253.301180601,20160,6332,0,12353,7807,13798,3722,920,918,689,229,5773,8025,2468,1254,2.530254660,1.143149156,266.130119160,875.150647210,nan,nan,nan,nan,nan,0.000000000,10.633105994,9.435818007,0.101842976,0.150202948,9.813490964,0,0.100000000
253.402293682,19872,6324,0,11765,8107,13798,3722,905,905,676,229,5773,8025,2468,1254,2.530254660,1.143149156,259.342802801,883.293341939,nan,nan,nan,nan,nan,0.000000000,10.689154034,9.492861980,0.099226949,0.133575988,9.877646982,0,0.100000000
253.502739191,20064,6611,0,12025,8039,13449,3456,850,858,625,233,5419,8030,2262,1194,2.690599556,1.155886610,235.612414109,749.362955371,nan,1,nan,nan,nan,0.000000000,12.140749022,10.270850966,0.118613068,0.187953992,10.708530026,0,0.100000000
253.600276947,19968,6619,0,11773,8195,13345,3487,858,862,625,237,5190,8155,2256,1231,2.789353984,1.167075859,219.432734398,903.610486849,66.119432449,4,1.000000000,nan,nan,0.000000000,10.681954038,8.821754076,0.103158993,0.159927004,9.218292020,0,0.100000000
253.700396776,20064,6833,0,11972,8092,13227,3502,936,928,659,269,5237,7990,2285,1217,2.765996021,1.184616836,206.516728618,733.908617640,4.380226135,2,0.000000000,nan,nan,0.000000000,10.934250022,9.172645980,0.112580019,0.137777010,9.607528977,0,0.100000000
253.801028728,20064,6772,0,11791,8273,13288,3499,963,949,656,293,5192,8096,2285,1214,2.772908418,1.187967106,218.109584320,861.047766370,nan,1,nan,nan,nan,0.000000000,12.612209015,9.997449990,0.103397993,0.143620011,10.399163002,0,0.100000000
253.901161909,19872,6879,0,11877,7995,13288,3499,934,926,642,284,5192,8096,2285,1214,2.772908418,1.187967106,215.863664141,851.773264239,nan,nan,nan,nan,nan,0.000000000,10.178140015,8.940846950,0.106070016,0.125513005,9.332742018,0,0.100000000
254.004152060,19968,6994,0,12026,7942,12970,3438,918,905,613,292,5390,7580,2351,1087,2.761556356,1.210875522,203.795000391,761.133982140,4.579305649,2,0.000000000,nan,nan,0.000000000,13.837740989,11.380196025,0.099284051,0.148484018,11.761620000,0,0.100000000
254.101019382,19968,7060,0,12096,7872,12904,3484,945,920,655,265,5464,7440,2369,1115,2.774412757,1.233207823,209.627047488,658.622400096,6.029605865,2,0.000000000,nan,nan,0.000000000,17.384179984,14.456543024,0.136287941,0.145228987,14.965898998,0,0.100000000
254.203569651,19968,7168,0,12397,7571,12796,3501,896,911,661,250,5734,7062,2481,1020,2.767326148,1.219404975,200.674754236,770.823178841,5.959749222,2,0.000000000,nan,nan,0.000000000,13.367459003,10.555754008,0.104614999,0.181079959,10.973090015,0,0.100000000
254.299736023,20160,7236,0,12518,7642,12920,3600,952,950,732,218,5886,7034,2627,973,2.801130335,1.229136914,224.306654853,742.462358607,4.327774048,2,0.000000000,nan,nan,0.000000000,14.594140986,11.109641055,0.105357030,0.185865967,11.513717996,0,0.100000000
254.401058197,19680,7137,0,12311,7369,12920,3600,851,845,623,222,5886,7034,2627,973,2.801130335,1.229136914,175.534605474,711.627128103,nan,nan,nan,nan,nan,0.000000000,10.508153006,9.248214075,0.099627068,0.171164051,9.633126028,0,0.100000000
254.602880239,19872,7261,0,12592,7280,12920,3600,871,868,647,221,5886,7034,2627,973,2.801130335,1.229136914,175.336499512,695.282696264,nan,nan,nan,nan,nan,0.000000000,10.243200988,9.031241992,0.101862010,0.128283980,9.399132046,0,0.100000000
254.801005840,19584,7083,0,12465,7119,12497,3451,834,866,615,251,6049,6448,2490,961,2.770111180,1.287932805,190.736746796,653.843368569,60.403108597,6,1.000000000,nan,nan,0.000000000,16.949505021,12.433903001,0.106779044,0.172957021,12.847514998,0,0.100000000
254.902160883,19776,7210,0,12188,7588,12562,3380,878,809,615,194,5750,6812,2421,959,2.800450562,1.298176575,139.263786033,722.683845324,nan,1,nan,nan,nan,0.000000000,10.236769973,8.564542048,0.096508942,0.135014008,8.936837025,0,0.100000000
255.101171255,19872,7448,0,12372,7500,12420,3547,908,912,682,230,5719,6701,2565,982,2.805696178,1.328703480,151.913549797,824.138286461,61.481714249,6,1.000000000,nan,nan,0.000000000,14.821342018,11.437199079,0.106344989,0.137474039,11.849467002,0,0.100000000
255.202866316,20064,7782,0,12836,7228,12278,3605,930,915,686,229,5909,6369,2664,941,2.806073996,1.348962928,159.514911638,743.702901543,55.482387543,6,1.000000000,nan,nan,0.000000000,14.473172021,11.695210938,0.110952940,0.184505014,12.138774036,0,0.100000000
255.301593304,19968,7659,0,12745,7223,12305,3657,906,895,644,251,5986,6319,2633,1024,2.779116687,1.359663128,161.084633023,740.241601627,90.665340424,2,1.000000000,nan,nan,0.000000000,12.751115952,10.998100974,0.114822004,0.146983017,11.433944979,0,0.100000000
255.401117086,20160,7779,0,13161,6999,12377,3809,978,975,752,223,6335,6042,2837,972,2.823031741,1.363786648,204.382665021,915.690396947,60.320854187,3,1.000000000,nan,nan,0.000000000,11.724020995,9.846915025,0.112371054,0.153139001,10.289533006,0,0.100000000
255.501069546,20064,7699,0,13053,7011,12361,3711,940,962,702,260,6287,6074,2703,1008,2.771675763,1.392805043,210.356488871,794.049728537,9.402036667,2,0.000000000,nan,nan,0.000000000,15.800538007,13.822437031,0.184794015,0.155848975,14.469131012,0,0.100000000
255.601204157,19968,7719,0,12875,7093,12361,3711,967,970,720,250,6287,6074,2703,1008,2.771675763,1.392805043,204.509417695,822.070011750,nan,nan,nan,nan,nan,0.000000000,10.710359027,9.497962077,0.109453977,0.128051965,9.906437015,0,0.100000000
255.701049089,19872,7690,0,12887,6985,12361,3711,982,980,729,251,6287,6074,2703,1008,2.771675763,1.392805043,207.762406539,835.925572725,nan,nan,nan,nan,nan,0.000000000,11.128671991,9.913157963,0.134082104,0.123311998,10.368327028,0,0.100000000
255.801657200,19872,7410,0,12543,7329,12361,3711,977,970,719,251,6287,6074,2703,1008,2.771675763,1.392805043,201.286806824,826.160151666,nan,nan,nan,nan,nan,0.000000000,11.311202019,10.078806023,0.123529986,0.126205967,10.546697013,0,0.100000000
256.001115084,19776,7084,0,12408,7368,12361,3711,980,979,727,252,6287,6074,2703,1008,2.771675763,1.392805043,205.956571716,838.169444919,nan,nan,nan,nan,nan,0.000000000,10.819618998,9.603019047,0.120723969,0.129658030,10.042035021,0,0.100000000
256.099858046,19968,7329,0,12728,7240,12635,3766,893,975,689,286,6295,6340,2620,1146,2.822711755,1.481875139,199.158899431,739.400621906,14.012336731,3,0.000000000,nan,nan,0.000000000,11.973995017,9.855402925,0.115747913,0.407643965,10.281442024,0,0.100000000
256.200113773,19968,7365,0,12610,7358,12635,3766,985,992,678,314,6295,6340,2620,1146,2.822711755,1.481875139,219.193065134,816.169910808,nan,nan,nan,nan,nan,0.000000000,14.353892999,12.891694030,0.146139064,0.222339993,13.433378015,0,0.100000000
256.301160336,20064,7540,0,12677,7387,12520,3718,1122,1077,789,288,6054,6466,2583,1135,2.847907508,1.503890782,242.393421792,934.621671307,65.022468567,3,1.000000000,nan,nan,0.000000000,15.968058025,12.652390054,0.133178022,0.151069020,13.147461985,0,0.100000000
256.401046276,19776,7604,0,12809,6967,12168,3734,1034,1028,750,278,6109,6059,2617,1117,2.810840710,1.618060559,233.200929262,895.993770288,nan,1,nan,nan,nan,0.000000000,11.319616053,9.522724024,0.115013099,0.167331018,9.943393001,0,0.100000000
256.600797653,19872,7611,0,12832,7040,12257,3667,1008,988,691,297,6164,6093,2570,1097,2.789255336,1.661905224,187.796609070,815.629675977,54.069995880,4,1.000000000,nan,nan,0.000000000,11.821342981,9.532069031,0.125423016,0.151146960,9.966715006,0,0.100000000
256.801124096,19872,7571,0,12795,7077,12297,3786,958,980,724,256,6166,6131,2672,1114,2.787255990,1.697546812,208.689269806,827.087555619,114.430904388,4,1.000000000,nan,nan,0.000000000,11.602053011,9.597100958,0.118308992,0.155093963,10.005113028,0,0.100000000
256.899866581,20160,7639,0,12591,7569,12517,3902,1101,1107,784,323,5923,6594,2641,1261,2.835702096,1.644268207,238.575694017,1011.166703369,40.681362152,7,1.000000000,nan,nan,0.000000000,11.956389993,10.040264984,0.130335975,0.160201977,10.515336005,0,0.100000000
257.001276970,19968,7526,0,12719,7249,12438,3898,1025,1017,694,323,6153,6285,2671,1227,2.789254853,1.689644618,239.631792606,899.114516119,5.944490433,2,0.000000000,nan,nan,0.000000000,14.968231961,12.149871036,0.113146030,0.137155992,12.572430016,0,0.100000000
257.101100683,19872,7372,0,12466,7406,12438,3898,1049,1052,731,321,6153,6285,2671,1227,2.789254853,1.689644618,238.336617340,899.945781636,nan,nan,nan,nan,nan,0.000000000,11.047519976,9.838640981,0.119202014,0.146840990,10.268388956,0,0.100000000
257.200092554,20064,7474,0,12660,7404,12586,3964,999,1012,690,322,6111,6475,2651,1313,2.797562672,1.723479361,242.534264272,864.486135399,5.581140518,2,0.000000000,nan,nan,0.000000000,15.943031001,13.920645986,0.158774958,0.151009008,14.534994960,0,0.100000000
257.301079988,19104,6915,0,12158,6946,12185,3962,1105,1080,778,302,6068,6117,2641,1321,2.808556754,1.720843064,248.444953565,1047.911380656,25.789260864,5,1.000000000,nan,nan,0.000000000,14.783560007,12.796050054,0.145661004,0.212644984,13.347525033,0,0.100000000
257.396607161,20832,7874,0,13185,7647,12185,3962,1080,1085,775,310,6068,6117,2641,1321,2.808556754,1.720843064,242.829799122,1023.015400282,nan,nan,nan,nan,nan,0.000000000,11.691846012,10.227087012,0.119332050,0.151615997,10.686723981,0,0.100000000
257.499706268,19584,7448,0,12543,7041,12185,3962,1100,1104,795,309,6068,6117,2641,1321,2.808556754,1.720843064,247.977933731,1038.125111941,nan,nan,nan,nan,nan,0.000000000,12.733482989,11.350193061,0.151825021,0.188221049,11.890295020,0,0.100000000
257.700510979,20160,7748,0,12980,7180,12408,4005,1167,1111,803,308,6218,6190,2680,1325,2.767142794,1.819367576,292.117487245,1049.136502894,43.694972992,6,1.000000000,nan,nan,0.000000000,19.120324985,14.739117003,0.153520028,0.163752993,15.277747996,0,0.100000000
257.800969839,19392,6967,0,12131,7261,12421,4143,1088,1102,765,337,6004,6417,2760,1383,2.787219170,1.743805661,245.576944541,1034.679640867,49.728631973,5,1.000000000,nan,nan,0.000000000,12.613960018,10.711311945,0.122188067,0.156144029,11.167909019,0,0.100000000
257.900007010,20544,7935,0,13288,7256,12605,4202,1139,1145,830,315,6360,6245,2833,1369,2.770638781,1.805409121,275.319438111,1101.712547276,7.771253586,4,0.000000000,nan,nan,0.000000000,14.632103965,12.468686909,0.124640937,0.168794009,12.934035040,0,0.100000000
258.001042843,19968,7326,0,12561,7407,12638,4259,1089,1094,762,332,6105,6533,2823,1436,2.841525132,1.746689141,254.991345430,1010.306093452,109.721183777,7,1.000000000,nan,nan,0.000000000,19.729965017,17.258051026,0.181325013,0.464608020,17.920885992,0,0.100000000
258.101159573,20064,7486,0,12841,7223,12574,4233,1124,1113,792,321,6256,6318,2870,1363,2.798280364,1.798586448,280.169136274,1057.289738690,6.611347198,2,0.000000000,nan,nan,0.000000000,15.731726016,12.671587057,0.127701089,0.181565003,13.133150002,0,0.100000000
258.201139688,19968,7423,0,12645,7323,12541,4184,1141,1107,751,356,6117,6424,2746,1438,2.899020822,1.738948055,243.205285603,957.377518957,8.755683899,4,0.000000000,nan,nan,0.000000000,13.549891999,11.235193000,0.124185055,0.161528995,11.693931010,0,0.100000000
258.402890682,19872,7512,0,12695,7177,12356,4273,1133,1119,797,322,6133,6223,2818,1455,2.914405788,1.759432537,268.575696369,1109.132874262,nan,1,nan,nan,nan,0.000000000,15.242625028,12.519253010,0.132242043,0.188573031,12.985415990,0,0.100000000
258.601056099,20064,7639,0,12905,7159,12421,4239,972,1018,741,277,6256,6165,2784,1455,2.925634981,1.756662239,202.177347972,1078.282890370,nan,1,nan,nan,nan,0.000000000,14.626781980,12.387680064,0.116254028,0.185673998,12.822646997,0,0.100000000
258.700961113,19872,7412,0,12782,7090,12456,4246,1116,1093,778,315,6376,6080,2842,1404,2.918157933,1.767580729,248.640633425,1011.575225267,15.674591064,2,1.000000000,nan,nan,0.000000000,19.616550999,17.084589053,0.128675019,0.173375010,17.568595009,0,0.100000000
258.800137520,20064,7612,0,12881,7183,12456,4246,1060,1059,742,317,6376,6080,2842,1404,2.918157933,1.767580729,219.660053612,1024.187179295,nan,nan,nan,nan,nan,0.000000000,12.689547031,11.420333060,0.121120014,0.149781990,11.856015015,0,0.100000000
258.901672602,19968,7406,0,12772,7196,12558,4326,1189,1162,827,335,6378,6180,2936,1390,2.890249411,1.779142595,269.662567208,1021.560774715,50.924301147,6,1.000000000,nan,nan,0.000000000,13.467703015,11.392896005,0.151570013,0.195719011,11.912368995,0,0.100000000
259.000964642,19968,7406,0,12776,7192,12558,4200,1176,1156,842,314,6367,6191,2830,1370,2.925167673,1.815186500,301.078227541,1224.310052672,6.108760834,6,0.000000000,nan,nan,0.000000000,13.468544988,11.497022933,0.148741994,0.188609993,12.051975995,0,0.100000000
259.100948334,19968,7292,0,12673,7295,12672,4298,1225,1207,841,366,6367,6305,2894,1404,2.969198743,1.807932232,315.620000389,1157.836471594,39.746284485,3,1.000000000,nan,nan,0.000000000,15.271348995,13.144558063,0.179445895,0.209886988,13.753034000,0,0.100000000
259.301013231,19968,7201,0,12627,7341,12763,4326,1186,1161,823,338,6413,6350,2941,1385,2.999318884,1.827632721,295.863551203,1170.948101484,nan,1,nan,nan,nan,0.000000000,17.215059022,14.960733068,0.197421992,0.248747994,15.662243997,0,0.100000000
259.401365757,20064,7352,0,12850,7214,12763,4326,1194,1192,859,333,6413,6350,2941,1385,2.999318884,1.827632721,291.892704399,1181.543234689,nan,nan,nan,nan,nan,0.000000000,12.867891986,11.441562965,0.141907018,0.181860989,11.936218012,0,0.100000000
259.501092196,19968,7264,0,12584,7384,12763,4326,1144,1142,805,337,6413,6350,2941,1385,2.999318884,1.827632721,288.784781973,1162.728106052,nan,nan,nan,nan,nan,0.000000000,13.394391979,11.868403992,0.156152993,0.243789982,12.438946986,0,0.100000000
259.601014614,19968,7124,0,12681,7287,12840,4306,1146,1173,857,316,6543,6297,2927,1379,2.992728860,1.902636063,324.004272191,1195.424097272,5.912780762,5,0.000000000,nan,nan,0.000000000,13.350713009,11.348298984,0.126541010,0.176084985,11.813941004,0,0.100000000
259.701045513,19872,7130,0,12507,7365,12840,4306,1140,1143,819,324,6543,6297,2927,1379,2.992728860,1.902636063,317.247365460,1203.288428162,nan,nan,nan,nan,nan,0.000000000,12.803893012,11.320358899,0.144380960,0.231344020,11.820987973,0,0.100000000
259.800481081,20160,7152,0,12789,7371,13004,4335,1228,1262,876,386,6572,6432,2904,1431,3.004364157,1.947257293,314.267299665,1317.548103533,nan,1,nan,nan,nan,0.000000000,14.404529997,11.889008048,0.146620907,0.220802962,12.437756988,0,0.100000000
259.901032925,19872,7058,0,12443,7429,13004,4335,1244,1245,885,360,6572,6432,2904,1431,3.004364157,1.947257293,326.490888035,1274.401834954,nan,nan,nan,nan,nan,0.000000000,12.927772012,11.532399978,0.144170946,0.157898001,12.029369012,0,0.100000000
260.000088930,19968,7110,0,12701,7267,12854,4433,1355,1265,923,342,6539,6315,2963,1470,3.030132934,1.994239234,335.682602517,1352.591859466,4.987955093,2,0.000000000,nan,nan,0.000000000,19.090565038,16.677621985,0.194575987,0.170946005,17.379923025,0,0.100000000
260.100008726,20064,7096,0,12488,7576,12854,4433,1256,1253,898,355,6539,6315,2963,1470,3.030132934,1.994239234,341.667234333,1353.781616104,nan,nan,nan,nan,nan,0.000000000,13.227651012,11.840958032,0.139582029,0.167505001,12.375116989,0,0.100000000
260.201252699,19872,7250,0,12637,7235,12618,4503,1358,1313,917,396,6357,6261,3021,1482,3.099506108,2.041333914,348.664333673,1432.504355116,nan,1,nan,nan,nan,0.000000000,17.157345952,13.830532029,0.158973970,0.217444031,14.384793991,0,0.100000000
260.301028728,20160,7200,0,12823,7337,12956,4638,1261,1290,968,322,6578,6378,3141,1497,3.141468569,2.064572961,342.892639951,1604.221641492,2.579927444,2,0.000000000,nan,nan,0.000000000,18.566630024,15.924156003,0.241993985,0.188503007,16.722894972,0,0.100000000
260.401063681,19776,7181,0,12471,7305,12591,4552,1271,1263,935,328,6264,6327,3063,1489,3.131269318,2.078388357,342.184556155,1426.880734506,10.222434998,3,0.000000000,nan,nan,0.000000000,18.826849002,15.039450082,0.141034019,0.180992007,15.558439016,0,0.100000000
260.501567602,19776,7141,0,12527,7249,12631,4664,1289,1267,948,319,6341,6290,3080,1584,3.138861844,2.100281164,342.654098491,1510.126890405,19.662618637,3,1.000000000,nan,nan,0.000000000,15.486191027,13.131655985,0.143055920,0.187325990,13.643612969,0,0.100000000
260.600612402,20352,7232,0,13057,7295,13116,4786,1303,1337,1018,319,6799,6317,3242,1544,3.094624190,2.127926260,364.414283737,1560.102248095,3.438234329,2,0.000000000,nan,nan,0.000000000,22.683013987,19.164735975,0.174481014,0.222084986,19.807988021,0,0.100000000
260.702117682,20160,7115,0,12742,7418,13041,4626,1271,1264,918,346,6592,6449,2991,1635,3.170289720,2.148593000,372.452821201,1501.886292960,nan,1,nan,nan,nan,0.000000000,18.145802023,15.981230943,0.195775996,0.172803004,16.669842007,0,0.100000000
260.801059961,19680,6999,0,12415,7265,13041,4626,1253,1251,916,335,6592,6449,2991,1635,3.170289720,2.148593000,360.669746571,1517.870214642,nan,nan,nan,nan,nan,0.000000000,13.603966043,12.130897958,0.148039951,0.181875017,12.643049005,0,0.100000000
261.000946283,20064,6849,0,12600,7464,13211,4777,1409,1362,1002,360,6714,6497,3090,1687,3.202681831,2.190848346,397.216941384,1799.801906658,110.505819321,4,1.000000000,nan,nan,0.000000000,16.309903003,13.386420964,0.164623023,0.170770974,13.955255970,0,0.100000000
261.101038456,19872,6545,0,12470,7402,13211,4777,1335,1331,983,348,6714,6497,3090,1687,3.202681831,2.190848346,377.266651395,1611.818004072,nan,nan,nan,nan,nan,0.000000000,14.136878017,12.547048042,0.145846047,0.217552006,13.088275038,0,0.100000000
261.200198889,19872,6653,0,12466,7406,13211,4777,1319,1320,974,346,6714,6497,3090,1687,3.202681831,2.190848346,375.486811595,1692.985805179,nan,nan,nan,nan,nan,0.000000000,13.955054979,12.481906044,0.145419966,0.187085010,13.010459021,0,0.100000000
261.301213980,19968,6841,0,12579,7389,13123,4776,1292,1310,939,371,6649,6474,3122,1654,3.240968048,2.235864851,360.066961389,1698.510874945,nan,1,nan,nan,nan,0.000000000,15.979640011,13.613482995,0.153770030,0.214697968,14.180578000,0,0.100000000
261.501566648,19680,6669,0,12373,7307,13007,4789,1269,1275,924,351,6619,6388,3114,1675,3.232934683,2.274155117,379.030552433,1620.573790167,79.772472382,2,1.000000000,nan,nan,0.000000000,14.663907001,12.678518018,0.157291943,0.180525996,13.252637989,0,0.100000000
261.600291491,20544,6482,0,13146,7398,14058,5036,1402,1407,1068,339,7596,6462,3379,1657,3.192054682,2.267162677,389.212850605,1877.680916814,5.893468857,4,0.000000000,nan,nan,0.000000000,15.774079016,13.569584989,0.165667036,0.215183012,14.180099010,0,0.100000000
261.701091528,19968,6471,0,12440,7528,13493,4930,1306,1305,950,355,6885,6608,3252,1678,3.233022590,2.276822497,385.016116380,1736.116936182,6.452083588,4,0.000000000,nan,nan,0.000000000,17.494974018,14.825896942,0.144598016,0.197372981,15.346578031,0,0.100000000
261.901077986,19968,6263,0,12403,7565,13701,5064,1448,1444,1085,359,7085,6616,3347,1717,3.191251639,2.292779780,408.803209299,1962.552718569,99.894046783,8,1.000000000,nan,nan,0.000000000,17.182279029,14.786230982,0.168675964,0.308646006,15.401987999,0,0.100000000
262.000915766,20064,6040,0,12465,7599,13701,5064,1391,1375,1025,350,7085,6616,3347,1717,3.191251639,2.292779780,371.102871023,1786.128954490,nan,nan,nan,nan,nan,0.000000000,16.399530985,13.519219065,0.156188966,0.203381991,14.128528011,0,0.100000000
262.102550507,19872,5904,0,12280,7592,13701,5064,1387,1396,1043,353,7085,6616,3347,1717,3.191251639,2.292779780,392.313018840,1792.818369891,nan,nan,nan,nan,nan,0.000000000,14.525623992,13.098950032,0.119998993,0.211309991,13.519770000,0,0.100000000
262.200921059,20064,5744,0,12318,7746,14316,5339,1469,1422,1032,390,7441,6875,3499,1840,3.148194890,2.342131215,386.832704490,2012.587320411,9.959936142,2,0.000000000,nan,nan,0.000000000,16.855477996,14.277312963,0.171163992,0.280737004,14.880747010,0,0.100000000
262.300959110,19968,5658,0,12300,7668,14306,5360,1420,1435,1027,408,7457,6849,3491,1869,3.148474171,2.355154686,409.316032608,2001.295312191,70.150852203,2,1.000000000,nan,nan,0.000000000,16.612860025,14.307267906,0.171035994,0.237711996,14.907559031,0,0.100000000
262.404286146,19680,5521,0,12167,7513,14306,5360,1423,1417,1029,388,7457,6849,3491,1869,3.148474171,2.355154686,382.673335426,1910.003354930,nan,nan,nan,nan,nan,0.000000000,15.688377025,14.092805970,0.152919965,0.217952009,14.649465971,0,0.100000000
262.601048470,19968,5216,0,12336,7632,14748,5363,1540,1535,1105,430,7862,6886,3402,1961,3.077979164,2.380528499,441.881475641,2349.869098446,150.289058685,7,1.000000000,nan,nan,0.000000000,17.263434012,14.246846957,0.191145111,0.273488986,14.877946000,0,0.100000000
262.701062918,20064,5196,0,12383,7681,14864,5422,1579,1554,1129,425,8024,6840,3460,1962,3.045506429,2.408357402,471.469167415,2264.284775639,40.145874023,3,1.000000000,nan,nan,0.000000000,20.918428025,16.234465933,0.183648081,0.275463972,16.894129978,0,0.100000000
262.801892042,19968,4840,0,12289,7679,14864,5422,1535,1538,1126,412,8024,6840,3460,1962,3.045506429,2.408357402,445.549377853,2198.424116498,nan,nan,nan,nan,nan,0.000000000,16.415063001,14.766319015,0.177597976,0.222155999,15.379293996,0,0.100000000
262.901580334,19968,4663,0,12383,7585,14864,5422,1581,1587,1175,412,8024,6840,3460,1962,3.045506429,2.408357402,452.207475828,2259.979176324,nan,nan,nan,nan,nan,0.000000000,16.432349978,14.648139069,0.206659955,0.220875023,15.360091988,0,0.100000000
263.001042604,19872,4553,0,12301,7571,14864,5422,1543,1551,1138,413,8024,6840,3460,1962,3.045506429,2.408357402,422.770962607,2229.026305892,nan,nan,nan,nan,nan,0.000000000,16.149501025,14.471196104,0.201816962,0.225720985,15.111423971,0,0.100000000
263.201085091,19584,4369,0,12288,7296,15211,5581,1548,1607,1244,363,8685,6526,3584,1997,2.705015811,2.463032367,455.359514723,2389.864067030,45.752525330,3,1.000000000,nan,nan,0.000000000,17.792863015,15.444676916,0.177600014,0.232969003,16.068044992,0,0.100000000
263.299916029,20256,4165,0,12540,7716,16087,5584,1557,1530,1204,326,9165,6922,3513,2071,2.590276602,2.556847395,400.492489138,2141.438279258,60.034513474,2,1.000000000,nan,nan,0.000000000,17.791195016,15.289154020,0.190050981,0.241141010,15.959676006,0,0.100000000
263.399867058,20160,4211,0,12505,7655,16087,5584,1504,1489,1167,322,9165,6922,3513,2071,2.590276602,2.556847395,377.931427180,2080.249119328,nan,nan,nan,nan,nan,0.000000000,16.437727027,14.777769917,0.164604047,0.215329987,15.357613971,0,0.100000000
263.501013994,19584,4128,0,12119,7465,15452,5653,1552,1570,1199,371,8773,6679,3545,2108,2.409756443,2.560783754,437.674940828,2333.132997003,9.902715683,2,0.000000000,nan,nan,0.000000000,18.802197999,15.466731100,0.168942963,0.235538988,16.078291985,0,0.100000000
263.599513054,19968,4033,0,12225,7743,15931,5734,1610,1563,1176,387,8947,6984,3555,2179,2.626059076,2.530830519,427.403990643,2465.716222752,49.418926239,5,1.000000000,nan,nan,0.000000000,17.598894017,15.162652067,0.174825022,0.250805984,15.781971975,0,0.100000000
263.700798035,20448,4256,0,12796,7652,16188,5792,1573,1580,1169,411,9297,6891,3549,2243,2.513058660,2.556282554,449.306670372,2280.633077785,nan,1,nan,nan,nan,0.000000000,19.153363013,16.531679023,0.191007042,0.240931986,17.159710987,0,0.100000000
263.800923109,19968,3909,0,12066,7902,16188,5792,1616,1607,1182,425,9297,6891,3549,2243,2.513058660,2.556282554,456.303416885,2316.798131100,nan,nan,nan,nan,nan,0.000000000,18.095295993,16.161487962,0.206667988,0.227397948,16.887569975,0,0.100000000
263.901044846,19968,3949,0,12098,7870,16015,5673,1612,1629,1216,413,8823,7192,3478,2195,2.560494639,2.561855241,467.318664584,2217.385766759,nan,1,nan,nan,nan,0.000000000,17.871004995,15.233190963,0.190138002,0.254829996,15.864672954,0,0.100000000
264.001002550,19872,3796,0,11947,7925,16072,5644,1427,1430,1047,383,8773,7299,3492,2152,2.572059659,2.521833215,412.652417796,2078.916691110,nan,1,nan,nan,nan,0.000000000,19.661128987,16.014959023,0.167977007,0.246680051,16.629867023,0,0.100000000
264.099711895,20160,3776,0,12027,8133,16380,5719,1676,1606,1170,436,8862,7518,3397,2322,2.486095661,2.609085859,459.265034731,2183.731156248,nan,1,nan,nan,nan,0.000000000,20.784223976,18.182226981,0.221510010,0.280578970,18.895026005,0,0.100000000
264.200891495,19968,3646,0,11930,8038,16380,5719,1553,1551,1131,420,8862,7518,3397,2322,2.486095661,2.609085859,448.651136361,2107.982747985,nan,nan,nan,nan,nan,0.000000000,17.240637972,15.472244006,0.167990976,0.272043981,16.074726998,0,0.100000000
264.301050663,19584,3560,0,11588,7996,16380,5719,1613,1617,1119,498,8862,7518,3397,2322,2.486095661,2.609085859,469.101919351,2130.470949472,nan,nan,nan,nan,nan,0.000000000,17.243475013,15.298328013,0.180180010,0.314662000,15.968306980,0,0.100000000
264.403205633,20448,3446,0,12127,8321,16380,5719,1682,1681,1169,512,8862,7518,3397,2322,2.486095661,2.609085859,481.508516624,2101.026637998,nan,nan,nan,nan,nan,0.000000000,17.294326972,15.450043022,0.187344034,0.240226043,16.115875973,0,0.100000000
264.501052141,19968,3345,0,11619,8349,16619,5774,1624,1620,1110,510,8724,7895,3382,2392,2.427057229,2.436720940,461.683598977,2264.707768646,14.474868774,4,0.000000000,nan,nan,0.000000000,18.008050043,15.436237911,0.189162034,0.285496004,16.094674997,0,0.100000000
264.601047754,19968,3151,0,11546,8422,16813,5696,1536,1545,1091,454,8791,8022,3299,2397,2.367875188,2.413429215,450.989697471,2202.572098958,nan,1,nan,nan,nan,0.000000000,20.190689014,16.482858977,0.197108951,0.247576972,17.113162030,0,0.100000000
264.700903416,19968,3170,0,11379,8589,16794,5708,1515,1530,987,543,8558,8236,3276,2432,2.523467475,2.389201580,442.709941895,2224.328939819,20.024061203,4,1.000000000,nan,nan,0.000000000,19.050119037,15.703942976,0.192141917,0.342233980,16.338101006,0,0.100000000
264.801033497,20064,3026,0,11477,8587,17034,5728,1558,1540,1024,516,8769,8265,3270,2458,2.383517323,2.419969870,451.248192435,2048.045954000,nan,1,nan,nan,nan,0.000000000,23.038765998,20.120109024,0.199273054,0.271587982,20.802344021,0,0.100000000
264.900939465,19872,2965,0,11191,8681,16903,5658,1505,1506,968,538,8439,8464,3191,2467,2.515058250,2.375634652,425.802354571,2256.039021758,nan,1,nan,nan,nan,0.000000000,17.674836970,15.224242990,0.167502963,0.244961004,15.830431017,0,0.100000000
265.003436089,20064,2830,0,11348,8716,17230,5936,1570,1536,949,587,8691,8539,3283,2653,2.280794138,2.442106306,470.689909863,1980.815565090,95.035791397,3,1.000000000,nan,nan,0.000000000,18.946386990,16.175455006,0.184390985,0.442382006,16.807487002,0,0.100000000
265.100976944,19872,2827,0,10999,8873,17041,5921,1514,1517,956,561,8299,8742,3218,2703,2.408349135,2.416594070,444.714250705,2244.557447594,nan,1,nan,nan,nan,0.000000000,18.158096005,15.694350877,0.163987977,0.244049006,16.276991984,0,0.100000000
265.301049232,20064,2836,0,11216,8848,17224,6074,1434,1457,872,585,8416,8808,3164,2910,2.196865396,2.554736299,431.204250569,2279.879394811,56.258201599,5,1.000000000,nan,nan,0.000000000,18.797214027,16.203816980,0.170291052,0.266620016,16.823920014,0,0.100000000
265.401013374,19968,2727,0,11141,8827,17237,5908,1405,1435,879,556,8425,8812,3042,2866,2.108888827,2.560490616,428.226719321,2041.024500347,5.689620972,2,0.000000000,nan,nan,0.000000000,18.330131948,15.823336027,0.155637972,0.291242031,16.395190964,0,0.100000000
265.501569271,19776,2758,0,10859,8917,17237,5908,1346,1360,836,524,8425,8812,3042,2866,2.108888827,2.560490616,386.502046099,2052.729628403,nan,nan,nan,nan,nan,0.000000000,17.343247018,15.575211029,0.156330992,0.268994016,16.130634991,0,0.100000000
265.600042582,19680,2720,0,10746,8934,16956,5950,1494,1475,883,592,8023,8933,2943,3007,2.124239669,2.546651758,418.506461528,2395.422220907,8.747577667,3,0.000000000,nan,nan,0.000000000,26.036412048,22.432528087,0.171307067,0.304899993,23.037042003,0,0.100000000
265.801023960,19968,2696,0,10838,9130,16956,5950,1478,1469,851,618,8023,8933,2943,3007,2.124239669,2.546651758,430.265764863,2259.651683381,nan,nan,nan,nan,nan,0.000000000,17.669944966,15.868071059,0.166698999,0.262146990,16.478778038,0,0.100000000
265.901038170,19872,2410,0,10775,9097,16956,5950,1508,1511,886,625,8023,8933,2943,3007,2.124239669,2.546651758,420.433642980,2289.459325772,nan,nan,nan,nan,nan,0.000000000,17.589852039,15.800311056,0.173333974,0.238370965,16.394672974,0,0.100000000
266.000113964,19488,2042,0,10376,9112,17442,5889,1633,1502,795,707,8334,9108,2757,3132,2.044814975,2.522538760,436.881485962,2315.493273061,4.685401917,2,0.000000000,nan,nan,0.000000000,18.942049996,16.110715049,0.195735018,0.345813984,16.838190029,0,0.100000000
266.100000858,19872,2559,0,10685,9187,17309,5837,1396,1419,751,668,8128,9181,2712,3125,2.041327345,2.550473488,397.259009818,1935.536838610,65.894365311,5,1.000000000,nan,nan,0.000000000,17.782779993,15.283110959,0.168437022,0.240156020,15.891260991,0,0.100000000
266.200603962,20352,2495,0,10962,9390,17853,5887,1481,1501,793,708,8493,9360,2738,3149,1.996613359,2.480103064,423.160118143,2284.957001475,nan,1,nan,nan,nan,0.000000000,20.083045005,17.272709054,0.180047005,0.351367984,17.921766965,0,0.100000000
266.301578522,20064,2643,0,10748,9316,17417,5726,1377,1363,753,610,8177,9240,2709,3017,2.061350324,2.460243076,405.237549271,1944.764627356,nan,1,nan,nan,nan,0.000000000,17.287584022,14.722712920,0.155728019,0.258653017,15.283804038,0,0.100000000
266.401013851,19776,2420,0,10858,8918,17352,5603,1424,1425,888,537,8549,8803,2746,2857,2.013138395,2.444058301,409.217007392,2128.985966252,nan,1,nan,nan,nan,0.000000000,25.170507026,20.918191003,0.197993999,0.333081989,21.666632034,0,0.100000000
266.500203609,20160,2627,0,10847,9313,17529,5682,1391,1378,834,544,8386,9143,2800,2882,2.062281486,2.444215413,411.398117104,1857.090168509,nan,1,nan,nan,nan,0.000000000,19.643457024,16.877656977,0.181913027,0.274197024,17.530260957,0,0.100000000
266.600905657,19872,2336,0,10949,8923,17529,5682,1450,1454,910,544,8386,9143,2800,2882,2.062281486,2.444215413,437.104419785,1989.241226682,nan,nan,nan,nan,nan,0.000000000,16.671691963,14.844238933,0.172975007,0.302263012,15.457258036,0,0.100000000
266.709496260,19872,2535,0,10877,8995,17529,5682,1434,1423,867,556,8386,9143,2800,2882,2.062281486,2.444215413,429.865647615,2013.007579042,nan,nan,nan,nan,nan,0.000000000,18.091485021,16.044188989,0.161831966,0.250312034,16.658557986,0,0.100000000
266.801333189,20064,2437,0,11231,8833,17623,5497,1583,1525,987,538,9067,8556,2878,2619,2.030211053,2.390986269,453.707342705,2422.956207092,114.130496979,3,1.000000000,nan,nan,0.000000000,17.006507027,14.241992962,0.169913052,0.307503971,14.851801039,0,0.100000000
266.901721478,20064,2514,0,11163,8901,17546,5520,1483,1460,1039,421,8934,8612,2981,2539,2.150860383,2.356332008,448.803064416,1873.413722112,85.544824600,2,1.000000000,nan,nan,0.000000000,17.300573993,14.639198955,0.177226961,0.301905966,15.305249020,0,0.100000000
267.000897408,19968,2512,0,11288,8680,17546,5520,1538,1539,1067,472,8934,8612,2981,2539,2.150860383,2.356332008,455.093868772,1803.337017761,nan,nan,nan,nan,nan,0.000000000,15.867113019,14.138822036,0.172182918,0.235257961,14.732737967,0,0.100000000
267.101151943,19872,2412,0,11005,8867,17546,5520,1485,1485,1029,456,8934,8612,2981,2539,2.150860383,2.356332008,445.079011638,1799.857242867,nan,nan,nan,nan,nan,0.000000000,15.988667961,14.180500992,0.174423039,0.232802005,14.789704990,0,0.100000000
267.201023579,19968,2551,0,11272,8696,17546,5520,1516,1520,1051,469,8934,8612,2981,2539,2.150860383,2.356332008,457.098445791,1850.483871506,nan,nan,nan,nan,nan,0.000000000,15.749924001,14.024961973,0.178527029,0.228972000,14.618554967,0,0.100000000
267.300948858,19776,2359,0,10918,8858,17546,5520,1459,1457,1003,454,8934,8612,2981,2539,2.150860383,2.356332008,447.756224957,1828.797180301,nan,nan,nan,nan,nan,0.000000000,17.856185965,16.155715974,0.139340002,0.251735968,16.682068002,0,0.100000000
267.400970936,19680,2644,0,11007,8673,17032,5318,1496,1484,984,500,8667,8365,2802,2516,2.032473105,2.336837332,431.699470515,1496.134488338,70.919036865,4,1.000000000,nan,nan,0.000000000,19.517364039,16.340859991,0.184097036,0.233524013,17.058989964,0,0.100000000
267.500378370,20256,2334,0,11398,8858,17918,5480,1423,1436,902,534,9377,8541,2854,2626,2.040496738,2.354324316,428.135986529,1641.129255487,70.383787155,2,1.000000000,nan,nan,0.000000000,17.269352975,14.219578006,0.163331919,0.251160003,14.786133019,0,0.100000000
267.601797104,20160,2735,0,11296,8864,17421,5427,1641,1603,1016,587,8844,8577,2811,2616,2.052187504,2.350354995,439.738062915,1788.387496291,nan,1,nan,nan,nan,0.000000000,19.575743994,16.732271062,0.229428057,0.235579966,17.523363989,0,0.100000000
267.701031685,19872,2295,0,11049,8823,17421,5427,1566,1561,960,601,8844,8577,2811,2616,2.052187504,2.350354995,445.415268490,1830.315999057,nan,nan,nan,nan,nan,0.000000000,16.479427984,14.646755008,0.204735959,0.244134979,15.327876958,0,0.100000000
267.800966024,19776,2706,0,11198,8578,17421,5427,1586,1588,994,594,8844,8577,2811,2616,2.052187504,2.350354995,427.097398855,1855.219664607,nan,nan,nan,nan,nan,0.000000000,15.885293018,14.085453004,0.187852071,0.246512995,14.724519977,0,0.100000000
267.900117874,20160,2222,0,11075,9085,17934,5764,1675,1709,1072,637,9042,8892,2961,2803,1.986636969,2.359174555,496.834485479,2045.821110944,9.708404541,9,0.000000000,nan,nan,0.000000000,20.198046986,15.986725979,0.186097983,0.297664956,16.638081986,0,0.100000000
268.000876427,20160,2647,0,11305,8855,17509,5875,1664,1669,1042,627,8795,8714,2987,2888,2.047885733,2.407195854,449.634320634,1920.885526692,nan,1,nan,nan,nan,0.000000000,21.795125969,18.060647999,0.185015087,0.302010973,18.702445028,0,0.100000000
268.100932360,19872,2078,0,11090,8782,17509,5875,1646,1644,995,649,8795,8714,2987,2888,2.047885733,2.407195854,455.496006044,1935.492924197,nan,nan,nan,nan,nan,0.000000000,17.056827026,15.151732950,0.199256989,0.267689000,15.806078038,0,0.100000000
268.200912952,20064,2582,0,11349,8715,17478,5742,1632,1649,981,668,8833,8645,2807,2935,2.037397647,2.405986075,435.867865413,1881.298544889,84.467172623,3,1.000000000,nan,nan,0.000000000,20.418949018,17.395328032,0.187383033,0.318592996,18.064804026,0,0.100000000
268.306022167,19968,2133,0,11228,8740,17831,5789,1585,1624,939,685,9139,8692,2769,3020,1.896438221,2.390152089,460.352595530,1973.772613716,nan,1,nan,nan,nan,0.000000000,17.597425962,15.026542998,0.174547953,0.280266977,15.643650026,0,0.100000000
268.401050091,20064,2511,0,11189,8875,17549,5747,1639,1628,912,716,8706,8843,2691,3056,1.936680462,2.398936645,451.832463639,1948.561722931,nan,1,nan,nan,nan,0.000000000,17.699668009,15.030102979,0.195085013,0.267743017,15.679028991,0,0.100000000
268.500951052,19968,2188,0,11123,8845,17549,5747,1590,1589,870,719,8706,8843,2691,3056,1.936680462,2.398936645,445.528585665,1909.211807382,nan,nan,nan,nan,nan,0.000000000,16.709767981,14.873542939,0.190325023,0.263613998,15.517471009,0,0.100000000
268.600953817,19968,2332,0,10949,9019,17632,5806,1667,1659,869,790,8617,9015,2663,3143,1.959763236,2.397426553,445.591800370,2037.757713032,39.754867554,4,1.000000000,nan,nan,0.000000000,21.349410003,17.447372957,0.184319972,0.255212013,18.091635953,0,0.100000000
268.700920820,19968,2353,0,11152,8816,17611,5740,1692,1673,972,701,8799,8812,2634,3106,1.909032446,2.464334370,448.586936019,2260.581683321,89.483976364,2,1.000000000,nan,nan,0.000000000,21.641178988,17.805003037,0.217733963,0.302547007,18.536813033,0,0.100000000
268.800937653,19680,2284,0,10907,8773,17611,5740,1507,1508,805,703,8799,8812,2634,3106,1.909032446,2.464334370,394.406210570,2063.383473314,nan,nan,nan,nan,nan,0.000000000,16.768916976,14.927978977,0.187138969,0.250034034,15.541426023,0,0.100000000
268.901236534,20064,2429,0,11094,8970,17631,5633,1554,1558,918,640,8665,8966,2598,3035,1.929234592,2.465670704,441.257213940,1944.139713700,84.503412247,3,1.000000000,nan,nan,0.000000000,19.860250002,16.705593094,0.178239017,0.265420007,17.359154008,0,0.100000000
269.001093388,20160,2195,0,10919,9241,17631,5633,1486,1479,823,656,8665,8966,2598,3035,1.929234592,2.465670704,400.945475744,1931.881467419,nan,nan,nan,nan,nan,0.000000000,16.481731029,14.640859037,0.187948986,0.234676991,15.260518994,0,0.100000000
269.100965023,19968,2589,0,11162,8806,17375,5639,1647,1636,934,702,8569,8806,2591,3048,1.978001547,2.490307243,463.966170951,2113.214860186,6.280899048,4,0.000000000,nan,nan,0.000000000,17.630645016,14.987652947,0.189643004,0.260253961,15.639388002,0,0.100000000
269.199862957,20160,2199,0,11106,9054,17957,5623,1490,1508,776,732,8903,9054,2537,3086,1.888403573,2.441669627,434.529534417,1879.302296096,4.787921906,2,0.000000000,nan,nan,0.000000000,17.453308974,14.819067030,0.169332954,0.266089977,15.414275986,0,0.100000000
269.303463459,20160,2599,0,11087,9073,17557,5650,1545,1557,872,685,8484,9073,2513,3137,1.904488307,2.495334486,453.780383499,1659.216018288,16.204118729,6,1.000000000,nan,nan,0.000000000,25.064445974,20.768024027,0.171625987,0.287441013,21.373370022,0,0.100000000
269.400979042,19488,2126,0,10669,8819,17557,5650,1513,1513,784,729,8484,9073,2513,3137,1.904488307,2.495334486,448.184487555,1748.292722492,nan,nan,nan,nan,nan,0.000000000,16.536562005,14.602812938,0.172923959,0.259230961,15.251920035,0,0.100000000
269.500244856,20448,2586,0,11181,9267,17858,5761,1640,1650,908,742,8591,9267,2543,3218,1.860359360,2.516395063,462.195600206,1950.534903214,60.091257095,5,1.000000000,nan,nan,0.000000000,20.955654036,17.342312960,0.184026023,0.320059014,17.973614973,0,0.100000000
269.601975441,19488,2177,0,10895,8593,17307,5565,1520,1513,782,731,8718,8589,2482,3083,1.822707968,2.501945861,407.204717685,1889.435170680,10.401964188,4,0.000000000,nan,nan,0.000000000,18.416254024,15.691479086,0.198706053,0.329411996,16.398053966,0,0.100000000
269.699800491,20544,2586,0,11068,9476,17307,5565,1571,1562,817,745,8718,8589,2482,3083,1.822707968,2.501945861,411.539542825,1898.965991152,nan,nan,nan,nan,nan,0.000000000,16.822903010,14.520281984,0.173355977,0.255794963,15.128933999,0,0.100000000
269.800962210,19680,2244,0,10931,8749,17432,5447,1495,1511,780,731,8683,8749,2417,3030,1.789021565,2.509902565,426.831811297,1852.642986973,29.911518097,3,1.000000000,nan,nan,0.000000000,23.581829970,18.527851964,0.185932033,0.241464004,19.142683013,0,0.100000000
269.900377512,20352,2485,0,11227,9125,17863,5618,1641,1614,839,775,8742,9121,2426,3192,1.918211377,2.563594774,456.353656476,1984.155057579,6.601810455,3,0.000000000,nan,nan,0.000000000,22.558283003,17.940430029,0.189253944,0.470747997,18.621321011,0,0.100000000
270.000949860,19584,2339,0,10805,8779,17241,5511,1477,1482,755,727,8462,8779,2383,3128,1.777191186,2.546357016,427.668931687,1727.971338019,nan,1,nan,nan,nan,0.000000000,16.742588021,14.202193066,0.164802012,0.254410028,14.808446984,0,0.100000000
270.099998951,20352,2488,0,11313,9039,17860,5573,1465,1487,795,692,8821,9039,2413,3160,1.853944169,2.558614626,441.197160745,1724.832256635,39.979457855,4,1.000000000,nan,nan,0.000000000,16.903141979,14.281986922,0.180466974,0.266989984,14.927078970,0,0.100000000
270.200829029,19968,2466,0,11103,8865,17498,5554,1501,1514,827,687,8633,8865,2419,3135,1.808748780,2.557211401,441.191589059,1901.164145382,35.426616669,6,1.000000000,nan,nan,0.000000000,21.059805003,17.355323944,0.166902028,0.250655983,17.953069007,0,0.100000000
270.301931858,19680,2408,0,10681,8999,17498,5554,1515,1523,853,670,8633,8865,2419,3135,1.808748780,2.557211401,449.920986035,2004.210600230,nan,nan,nan,nan,nan,0.000000000,16.040828021,14.211551985,0.188650098,0.239492976,14.821194985,0,0.100000000
270.400337934,20352,2598,0,11232,9120,17750,5784,1545,1503,818,685,8630,9120,2490,3294,1.795660334,2.584277384,450.974421507,1779.934043874,6.489276886,2,0.000000000,nan,nan,0.000000000,19.762868003,16.829458997,0.175488065,0.283506000,17.494467029,0,0.100000000
270.501971245,19680,2455,0,10797,8883,17750,5784,1555,1556,825,731,8630,9120,2490,3294,1.795660334,2.584277384,464.362776525,1934.792492993,nan,nan,nan,nan,nan,0.000000000,16.669028962,14.841438038,0.179486990,0.229611003,15.454109001,0,0.100000000
270.599359989,20448,2690,0,11188,9260,17754,5969,1545,1575,794,781,8498,9256,2517,3452,1.874810797,2.625376476,480.923565805,1844.999043611,nan,1,nan,nan,nan,0.000000000,18.168741022,15.477394976,0.174820016,0.391144014,16.094643041,0,0.100000000
270.700955868,19776,2230,0,10691,9085,17754,5969,1608,1605,822,783,8498,9256,2517,3452,1.874810797,2.625376476,481.826211443,2023.166453189,nan,nan,nan,nan,nan,0.000000000,17.104942002,15.314067015,0.175017980,0.246054027,15.933283954,0,0.100000000
270.801015854,19776,2310,0,10688,9088,17462,5664,1481,1499,740,759,8374,9088,2318,3346,1.860894811,2.628982157,445.325246480,1766.727879434,75.618743896,3,1.000000000,nan,nan,0.000000000,20.990704012,17.978293006,0.166899001,0.258062035,18.567019026,0,0.100000000
270.900816679,19872,2250,0,10742,9130,17462,5664,1541,1548,749,799,8374,9088,2318,3346,1.860894811,2.628982157,437.573724406,1767.972489919,nan,nan,nan,nan,nan,0.000000000,17.906405963,15.896436002,0.227264944,0.228883990,16.709220014,0,0.100000000
271.001126289,19872,2439,0,10693,9179,17429,5692,1598,1531,719,812,8254,9175,2247,3445,1.879999116,2.612307946,430.139999047,1779.065653127,6.623744965,2,0.000000000,nan,nan,0.000000000,17.543807975,14.935080020,0.178928021,0.265003007,15.565198031,0,0.100000000
271.101258039,19872,2632,0,10832,9040,17236,5822,1472,1439,665,774,8200,9036,2309,3513,1.974263750,2.587092653,425.948714619,1646.881431930,39.989233017,6,1.000000000,nan,nan,0.000000000,26.295053016,18.879608018,0.173633918,0.251922989,19.459937990,0,0.100000000
271.199863672,20256,2657,0,11000,9256,17595,5899,1413,1424,659,765,8343,9252,2397,3502,1.959029634,2.588771050,401.946299600,1774.935090742,80.077409744,2,1.000000000,nan,nan,0.000000000,19.214449974,16.429956944,0.189561979,0.325875008,17.206794990,0,0.100000000
271.300928354,19968,2659,0,10914,9054,17305,5962,1436,1424,688,736,8251,9054,2509,3453,2.083367193,2.558091406,381.678788234,1789.656179118,nan,1,nan,nan,nan,0.000000000,18.191523966,15.531671001,0.174837944,0.287741015,16.163042979,0,0.100000000
271.400974274,19680,2605,0,10729,8951,17305,5962,1484,1485,762,723,8251,9054,2509,3453,2.083367193,2.558091406,417.798056809,1695.186197774,nan,nan,nan,nan,nan,0.000000000,21.883303998,19.608532952,0.217948982,0.445803977,20.483637985,0,0.100000000
271.499494553,20256,2747,0,11335,8921,17505,5945,1488,1441,811,630,8584,8921,2740,3205,2.289993654,2.506202963,399.782107366,1735.149236056,20.242452621,3,1.000000000,nan,nan,0.000000000,24.846720975,20.224280946,0.182924035,0.292556011,20.845649997,0,0.100000000
271.601819277,19680,2650,0,10989,8691,17026,5454,1422,1424,867,557,8335,8691,2547,2907,2.236212230,2.497503011,431.247852788,1638.146443577,5.106449127,2,0.000000000,nan,nan,0.000000000,16.836051014,14.333068044,0.157277973,0.272417965,14.888017962,0,0.100000000
271.699091911,20064,2802,0,11217,8847,17258,5516,1343,1383,824,559,8411,8847,2581,2935,2.346457218,2.491093652,385.346456246,1634.291475404,4.461526871,2,0.000000000,nan,nan,0.000000000,17.054314958,14.443385066,0.174830901,0.324300956,15.025756031,0,0.100000000
271.800094843,20352,2751,0,11450,8902,17597,5512,1446,1449,846,603,8695,8902,2570,2942,2.128729963,2.493059515,425.041366517,1598.292472202,5.773067474,2,0.000000000,nan,nan,0.000000000,18.610134022,15.733639942,0.184674980,0.279294967,16.332430998,0,0.100000000
271.900919676,19968,2855,0,11072,8896,17109,5485,1349,1388,823,565,8216,8893,2523,2962,2.276839403,2.502886510,401.149901979,1649.126518669,nan,1,nan,nan,nan,0.000000000,20.618964045,17.597283993,0.152320077,0.260131026,18.136744038,0,0.100000000
272.000838995,19968,2768,0,11309,8659,17196,5417,1422,1416,820,596,8541,8655,2510,2907,2.140572732,2.512857781,410.371888166,1588.612863428,63.040971756,4,1.000000000,nan,nan,0.000000000,21.953921998,14.367690950,0.162344892,0.247177028,14.931126963,0,0.100000000
272.101026773,19488,2820,0,11071,8417,17196,5417,1330,1333,763,570,8541,8655,2510,2907,2.140572732,2.512857781,374.303951499,1608.471227730,nan,nan,nan,nan,nan,0.000000000,15.772408980,14.074591978,0.160178053,0.234574021,14.647877018,0,0.100000000
272.199862003,20544,2854,0,11527,9017,17196,5417,1472,1469,866,603,8541,8655,2510,2907,2.140572732,2.512857781,420.458184328,1656.419342541,nan,nan,nan,nan,nan,0.000000000,17.017638020,14.984511945,0.192356936,0.399112992,15.671187022,0,0.100000000
272.300947189,20064,2933,0,11384,8680,17127,5471,1535,1441,795,646,8447,8680,2519,2952,2.257365546,2.521686263,395.977207146,1743.303664732,39.837598801,5,1.000000000,nan,nan,0.000000000,16.872795997,14.313305088,0.180379080,0.248174998,14.955049031,0,0.100000000
272.400796652,20064,2903,0,11545,8519,17157,5345,1445,1424,838,586,8638,8519,2402,2943,2.078421233,2.542730832,377.329744664,1652.462421983,23.869514465,3,1.000000000,nan,nan,0.000000000,20.877850999,18.078110996,0.223682960,0.234120002,18.863155041,0,0.100000000
272.501108646,19968,2947,0,11344,8624,17017,5351,1380,1391,818,573,8393,8624,2331,3020,2.198404178,2.539823415,361.066164016,1721.458347207,nan,1,nan,nan,nan,0.000000000,16.410431010,13.865511050,0.159057090,0.278927037,14.437073027,0,0.100000000
272.601047754,20064,2919,0,11327,8737,17017,5351,1416,1423,842,581,8393,8624,2331,3020,2.198404178,2.539823415,392.044298848,1583.462496500,nan,nan,nan,nan,nan,0.000000000,15.675239032,13.891143026,0.154532026,0.259282009,14.454021992,0,0.100000000
272.701139927,19968,2931,0,11251,8717,17017,5351,1345,1335,770,565,8393,8624,2331,3020,2.198404178,2.539823415,335.481910562,1624.528301115,nan,nan,nan,nan,nan,0.000000000,15.641149017,13.926141022,0.145749014,0.250783982,14.459716971,0,0.100000000
272.800833225,19968,2959,0,11301,8667,17017,5351,1417,1419,844,575,8393,8624,2331,3020,2.198404178,2.539823415,382.910448651,1598.132850365,nan,nan,nan,nan,nan,0.000000000,15.743915981,13.893094962,0.181986019,0.248470984,14.486932021,0,0.100000000
272.900822401,20064,3028,0,11331,8733,17032,5550,1366,1384,794,590,8303,8729,2439,3111,2.167727101,2.604318318,364.189462256,1791.956467120,54.754734039,4,1.000000000,nan,nan,0.000000000,16.997169005,14.500000048,0.152262917,0.257761974,15.049122972,0,0.100000000
273.000907660,19968,2912,0,11268,8700,17052,5610,1484,1453,818,635,8352,8700,2431,3179,2.172634938,2.524798441,424.506763766,1718.537288219,nan,1,nan,nan,nan,0.000000000,18.423887028,15.947738953,0.166810001,0.227075012,16.533817048,0,0.100000000
273.201010704,19872,2759,0,10990,8882,17109,5628,1507,1512,833,679,8227,8882,2324,3304,2.103372036,2.298214791,437.457159742,1929.416918181,nan,1,nan,nan,nan,0.000000000,20.330895029,16.901984054,0.170276035,0.245500996,17.502639035,0,0.100000000
273.300826311,19776,2962,0,11133,8643,16810,5504,1384,1372,725,647,8167,8643,2269,3235,2.006376395,2.526802052,396.989348948,1426.601659687,4.414796829,2,0.000000000,nan,nan,0.000000000,18.136602012,14.816906012,0.158685085,0.211354985,15.369269997,0,0.100000000
273.401581764,19872,2785,0,10923,8949,17083,5511,1379,1379,677,702,8134,8949,2196,3315,2.124439209,2.244274782,389.236171806,1598.091919230,23.884773254,4,1.000000000,nan,nan,0.000000000,21.550024045,18.922406947,0.194846885,0.240760040,19.635465986,0,0.100000000
273.500615358,20544,3110,0,11543,9001,17430,5531,1372,1389,694,695,8429,9001,2158,3373,2.000358464,2.328400896,401.132310108,1464.851482766,5.643367767,2,0.000000000,nan,nan,0.000000000,16.881967022,14.325310942,0.157554925,0.256986008,14.881620009,0,0.100000000
273.601110458,19968,2725,0,10854,9114,17239,5512,1249,1301,633,668,8129,9110,2128,3384,2.112152671,2.196576376,356.241651272,1596.302252089,30.418634415,2,1.000000000,nan,nan,0.000000000,17.291380034,14.775643009,0.151045097,0.282088004,15.337393037,0,0.100000000
273.700970650,19968,2967,0,11206,8762,17239,5512,1327,1338,646,692,8129,9110,2128,3384,2.112152671,2.196576376,371.309237661,1641.784851355,nan,nan,nan,nan,nan,0.000000000,16.091725032,14.337043045,0.152180903,0.233758008,14.874906978,0,0.100000000
273.800785303,20064,2837,0,11113,8951,17223,5416,1335,1322,645,677,8272,8951,2083,3333,2.152054955,2.099114826,364.255934340,1691.677403585,38.338184357,5,1.000000000,nan,nan,0.000000000,19.374378957,14.920875954,0.170742976,0.433222041,15.575849975,0,0.100000000
273.900966644,19968,2908,0,11203,8765,17223,5416,1299,1305,618,687,8272,8951,2083,3333,2.152054955,2.099114826,346.898845385,1667.607778644,nan,nan,nan,nan,nan,0.000000000,15.955698967,14.182274987,0.173817098,0.253332953,14.746322995,0,0.100000000
274.000796318,19776,2978,0,10853,8923,17223,5416,1336,1335,667,668,8272,8951,2083,3333,2.152054955,2.099114826,352.421432473,1737.799472317,nan,nan,nan,nan,nan,0.000000000,15.637173026,13.890335045,0.153114088,0.284376030,14.426054026,0,0.100000000
274.099048853,20064,2878,0,11220,8844,17182,5243,1269,1259,637,622,8338,8844,2035,3208,2.037013124,2.181554942,339.247666731,1542.959724879,6.064414978,2,0.000000000,nan,nan,0.000000000,16.241393983,13.443169009,0.142926001,0.240460970,13.951485977,0,0.100000000
274.301882505,20064,2904,0,11030,9034,17156,5215,1361,1335,649,686,8126,9030,2031,3184,2.073892266,2.126874829,362.021358767,1499.632885898,70.439815521,4,1.000000000,nan,nan,0.000000000,19.787327969,16.802347905,0.160800933,0.267027004,17.384473002,0,0.100000000
274.400837898,19968,3075,0,11028,8940,16889,5262,1340,1357,638,719,7953,8936,1981,3281,2.095355325,2.138161559,352.895920835,1358.522929620,5.878448486,4,0.000000000,nan,nan,0.000000000,16.132985009,13.681909943,0.171952997,0.251011981,14.245337981,0,0.100000000
274.500817299,20064,3051,0,11012,9052,17009,5281,1341,1368,609,759,7961,9048,1985,3296,2.081040672,2.163302817,362.704851988,1629.208327393,nan,1,nan,nan,nan,0.000000000,16.678416985,13.783880044,0.147116021,0.252238999,14.327351993,0,0.100000000
274.600856066,20064,3165,0,11268,8796,16895,5135,1338,1343,627,716,8100,8795,1964,3171,2.110142327,2.151337105,364.430304370,1399.550386661,10.123252869,4,0.000000000,nan,nan,0.000000000,18.744722009,16.079054913,0.150612032,0.251863035,16.619411006,0,0.100000000
274.701368093,19680,3108,0,10810,8870,16895,5135,1377,1372,614,758,8100,8795,1964,3171,2.110142327,2.151337105,379.183264509,1490.101372660,nan,nan,nan,nan,nan,0.000000000,15.092218993,13.357559044,0.161081960,0.216251006,13.923613005,0,0.100000000
274.799696684,20448,3237,0,11684,8764,17207,5142,1311,1320,606,714,8454,8753,1965,3177,2.059005386,2.171152856,360.495953826,1593.360099411,nan,1,nan,nan,nan,0.000000000,16.127530020,13.439707982,0.152219029,0.215585984,13.968713989,0,0.100000000
274.900896311,19968,3126,0,10949,9019,16838,5027,1257,1234,593,641,7838,9000,1894,3133,2.103064142,2.124802948,364.144570239,1401.993665692,29.508113861,2,1.000000000,nan,nan,0.000000000,22.223556996,19.086209999,0.204963027,0.219750975,19.810161961,0,0.100000000
275.001615763,20064,3234,0,11228,8836,16838,5027,1310,1313,626,687,7838,9000,1894,3133,2.103064142,2.124802948,357.475759699,1445.965779899,nan,nan,nan,nan,nan,0.000000000,14.784461004,13.050926034,0.166276062,0.249302015,13.602160034,0,0.100000000
275.100764275,20064,3216,0,10968,9096,16844,5076,1255,1265,612,653,7787,9057,1865,3211,2.080454002,2.182529218,351.995762631,1531.438303014,4.401922226,2,0.000000000,nan,nan,0.000000000,17.450090963,14.135657053,0.155514921,0.302944973,14.730372000,0,0.100000000
275.200937510,20064,3266,0,11207,8857,16844,5076,1348,1348,651,697,7787,9057,1865,3211,2.080454002,2.182529218,374.716068002,1626.122331489,nan,nan,nan,nan,nan,0.000000000,15.792955994,14.135030971,0.142326986,0.282552966,14.617031964,0,0.100000000
275.301153898,19968,3237,0,11059,8909,16727,5057,1376,1298,625,673,7865,8862,1936,3121,2.061601501,2.179511275,364.806454418,1535.701970776,7.701873779,4,0.000000000,nan,nan,0.000000000,15.890993003,13.290418021,0.154028938,0.227044977,13.872456970,0,0.100000000
275.400810957,19968,3155,0,11181,8787,16727,5057,1269,1264,611,653,7865,8862,1936,3121,2.061601501,2.179511275,357.831016198,1507.145978707,nan,nan,nan,nan,nan,0.000000000,14.674818027,13.063962979,0.133782974,0.193379994,13.558337989,0,0.100000000
275.499833822,20160,3420,0,11309,8851,16736,5060,1235,1258,595,663,7921,8815,1912,3148,2.092381127,2.216570597,359.120644857,1511.667184585,nan,1,nan,nan,nan,0.000000000,15.452388034,13.159172086,0.142452016,0.215457985,13.662281970,0,0.100000000
275.600910425,19968,3288,0,11124,8844,16676,5078,1209,1238,573,665,7911,8765,1947,3131,2.028155988,2.250203768,341.741870985,1339.743025794,5.789756775,2,0.000000000,nan,nan,0.000000000,19.888237002,15.444894962,0.153263041,0.247396005,15.964699036,0,0.100000000
275.700571537,20064,3590,0,11130,8934,16470,5009,1163,1209,539,670,7608,8862,1835,3174,2.096111762,2.261491746,349.601924538,1480.264182017,4.318475723,2,0.000000000,nan,nan,0.000000000,15.360399964,12.921579997,0.133328955,0.274318969,13.415626017,0,0.100000000
275.800799131,19872,3182,0,10882,8990,16686,5037,1214,1229,508,721,7790,8896,1836,3201,2.067634003,2.249890895,332.732533349,1352.810762526,56.099176407,9,1.000000000,nan,nan,0.000000000,15.371469024,13.058583078,0.137364957,0.223517010,13.554195000,0,0.100000000
275.899964571,19680,2976,0,10632,9048,16700,4911,1276,1235,567,668,7741,8959,1798,3113,2.060430355,2.267834399,346.434550822,1479.615788341,8.674383163,19,0.000000000,nan,nan,0.000000000,15.410705993,12.935073115,0.156140944,0.232834951,13.488264987,0,0.100000000
275.999810696,19968,3356,0,10964,9004,16608,5026,1261,1264,531,733,7707,8901,1778,3248,2.077553886,2.293743439,368.539048102,1344.889214442,10.544538498,20,0.000000000,nan,nan,0.000000000,16.599244031,14.184262953,0.149080006,0.212460989,14.715444995,0,0.100000000
276.100226402,19872,3394,0,10966,8906,16474,4884,1196,1152,457,695,7672,8802,1707,3177,2.079467485,2.340811928,323.725240522,1379.450894485,49.303054810,8,1.000000000,nan,nan,0.000000000,19.038088969,16.475238022,0.197699002,0.197489979,17.122972000,0,0.100000000
276.199948549,19968,3704,0,11130,8838,16260,4861,1221,1218,465,753,7484,8776,1681,3180,2.155130497,2.334453551,354.289538508,1315.987468454,nan,1,nan,nan,nan,0.000000000,17.106104002,14.599838934,0.208134006,0.203724019,15.335936972,0,0.100000000
276.299814463,19968,3761,0,11084,8884,16260,4861,1200,1184,465,719,7484,8776,1681,3180,2.155130497,2.334453551,331.883212237,1252.870874705,nan,nan,nan,nan,nan,0.000000000,15.065615007,13.231081946,0.131232955,0.190574036,13.705613965,0,0.100000000
276.401628733,20160,3993,0,11209,8951,16260,4861,1232,1229,486,743,7484,8776,1681,3180,2.155130497,2.334453551,353.457651601,1337.815085814,nan,nan,nan,nan,nan,0.000000000,14.296332025,12.663292990,0.148535008,0.249053002,13.189972960,0,0.100000000
276.500767469,19968,3804,0,10955,9013,16160,4821,1245,1208,527,681,7226,8934,1666,3155,2.241574508,2.311558260,344.597606117,1355.972173237,5.997419357,3,0.000000000,nan,nan,0.000000000,14.751114009,12.548181985,0.136147020,0.206045981,13.047816989,0,0.100000000
276.700926304,19968,4113,0,11119,8849,15851,4726,1196,1169,499,670,7102,8749,1620,3106,2.272225301,2.322431016,327.807205906,1314.691339569,4.243612289,2,0.000000000,nan,nan,0.000000000,15.018949984,12.745763990,0.131129927,0.184949953,13.214377977,0,0.100000000
276.800934076,20064,4126,0,11366,8698,15934,4698,1215,1187,513,674,7337,8597,1637,3061,2.257856696,2.408361573,334.784368517,1289.518145927,40.379762650,3,1.000000000,nan,nan,0.000000000,14.987831993,12.594125990,0.134620932,0.211631006,13.088527950,0,0.100000000
276.900858641,19872,4296,0,11068,8804,15572,4720,1142,1140,503,637,6870,8702,1654,3066,2.248419220,2.341441212,321.675349464,1231.797660306,nan,1,nan,nan,nan,0.000000000,14.640763984,12.399882078,0.130024971,0.199573988,12.874903972,0,0.100000000
277.101462364,20160,4612,0,11187,8973,15544,4675,1185,1172,508,664,6685,8859,1609,3066,2.229306810,2.285109594,337.069166439,1211.173843696,54.095983505,9,1.000000000,nan,nan,0.000000000,14.544842998,12.328068900,0.131705077,0.197526009,12.803397956,0,0.100000000
277.200896978,19968,4515,0,11174,8794,15449,4622,1041,1055,446,609,6796,8653,1611,3011,2.194832764,2.367885569,292.373407315,1186.121418248,20.897150040,7,1.000000000,nan,nan,0.000000000,14.989266056,12.265298981,0.113915943,0.193916028,12.697757978,0,0.100000000
277.300747156,20064,4775,0,11185,8879,15449,4622,1065,1066,441,625,6796,8653,1611,3011,2.194832764,2.367885569,290.955673775,1179.989144552,nan,nan,nan,nan,nan,0.000000000,17.839039967,16.198938945,0.170210027,0.252289989,16.802947037,0,0.100000000
277.400732517,19968,4731,0,11254,8714,15233,4604,1044,1046,414,632,6701,8532,1596,3008,2.178709327,2.399992709,280.947330297,1211.533975356,21.698474884,2,1.000000000,nan,nan,0.000000000,14.302465948,12.128161965,0.124015030,0.224619056,12.569675979,0,0.100000000
277.500981331,20064,4982,0,11465,8599,15233,4604,1004,1011,426,585,6701,8532,1596,3008,2.178709327,2.399992709,280.010002515,1118.384037105,nan,nan,nan,nan,nan,0.000000000,13.329371985,11.942596931,0.114010996,0.180738978,12.365481991,0,0.100000000
277.601539850,19872,4965,0,11308,8564,15233,4604,1011,1013,430,583,6701,8532,1596,3008,2.178709327,2.399992709,259.849626137,1125.915236543,nan,nan,nan,nan,nan,0.000000000,13.558654988,11.977398011,0.130589993,0.212832005,12.444494001,0,0.100000000
277.700229168,19872,5130,0,11409,8463,14738,4466,981,972,413,559,6530,8208,1449,3017,2.144477072,2.546981189,264.072012166,1082.327775441,6.105899811,6,0.000000000,nan,nan,0.000000000,16.796965036,14.351426100,0.166788988,0.221200986,14.961751993,0,0.100000000
277.802025318,20448,5332,0,11882,8566,15112,4656,930,974,446,528,6854,8258,1596,3060,2.125121269,2.350562863,256.012949196,1028.320901136,6.040811539,6,0.000000000,nan,nan,0.000000000,16.684760049,13.940068951,0.104328094,0.232464052,14.338332985,0,0.100000000
277.902123690,19872,5259,0,11682,8190,15112,4656,1008,1005,429,576,6854,8258,1596,3060,2.125121269,2.350562863,261.972340226,1126.291287900,nan,nan,nan,nan,nan,0.000000000,13.359042990,11.943203106,0.114396971,0.178757997,12.365304981,0,0.100000000
278.000802040,20064,5265,0,11616,8448,14795,4593,998,971,420,551,6752,8043,1630,2963,2.099051244,2.536687006,267.766323857,1065.223830789,1.750946045,2,0.000000000,nan,nan,0.000000000,13.776446984,11.806724011,0.107461063,0.181070995,12.224530044,0,0.100000000
278.100887299,19968,5339,0,11800,8168,14625,4520,944,931,404,527,6848,7777,1621,2899,2.070180241,2.697256717,262.788782483,1116.622585843,59.963226318,2,1.000000000,nan,nan,0.000000000,17.153261986,13.884630986,0.122808036,0.191365951,14.333236031,0,0.100000000
278.200896502,19968,5419,0,11740,8228,14545,4550,1013,1031,468,563,6766,7779,1626,2924,2.069699861,2.635251201,296.239665272,1107.611632703,4.016399384,2,0.000000000,nan,nan,0.000000000,13.792670972,11.779634049,0.108275970,0.198305002,12.196558993,0,0.100000000
278.300788164,19584,5307,0,11821,7763,14545,4550,1017,1021,453,568,6766,7779,1626,2924,2.069699861,2.635251201,279.738684780,1099.407816611,nan,nan,nan,nan,nan,0.000000000,13.016990968,11.631894973,0.112364069,0.179404044,12.056294014,0,0.100000000
278.400563240,20352,5452,0,11994,8358,14896,4431,922,934,418,516,7025,7871,1542,2889,2.044526550,2.743914958,259.525823922,978.679758455,50.534725189,10,1.000000000,nan,nan,0.000000000,15.386970015,13.260573032,0.127759005,0.212216983,13.743139978,0,0.100000000
278.502917051,20160,5435,0,12212,7948,14721,4432,921,932,440,492,7264,7457,1538,2894,1.996990828,2.731011868,233.730049474,1003.495859474,30.454874039,12,1.000000000,nan,nan,0.000000000,14.683328976,12.211332971,0.105401035,0.245874980,12.602463015,0,0.100000000
278.600945950,19968,5620,0,12013,7955,14344,4348,935,948,427,521,6905,7439,1464,2884,1.996215913,2.658834641,245.315715800,967.728241701,nan,1,nan,nan,nan,0.000000000,15.282934008,12.788735970,0.106094056,0.203296018,13.185865013,0,0.100000000
278.701685905,19968,5546,0,12110,7858,14418,4499,1007,993,454,539,7108,7310,1555,2944,1.961214409,2.769690629,247.490053174,992.642842482,19.923686981,3,1.000000000,nan,nan,0.000000000,17.669283028,13.755699038,0.125662016,0.206748024,14.193697018,0,0.100000000
278.800729752,19968,5575,0,12077,7891,14389,4354,989,992,429,563,7040,7349,1463,2891,1.954285916,2.672727167,268.821053827,911.777754547,40.045022964,2,1.000000000,nan,nan,0.000000000,13.463856012,11.394956906,0.113855058,0.214589993,11.823410983,0,0.100000000
278.900840044,20064,5469,0,12072,7992,14591,4425,1012,1021,486,535,7200,7391,1541,2884,1.934292985,2.796259297,264.007036710,1022.745500200,3.342628479,2,0.000000000,nan,nan,0.000000000,14.938776963,12.132106931,0.117306074,0.192443957,12.563683966,0,0.100000000
279.000830650,19296,5337,0,11815,7481,14591,4425,989,991,442,549,7200,7391,1541,2884,1.934292985,2.796259297,242.439586904,959.318639786,nan,nan,nan,nan,nan,0.000000000,12.751468981,11.458317051,0.105714076,0.169720035,11.860313010,0,0.100000000
279.200255871,19104,5441,0,11485,7619,13659,4080,893,830,368,462,6560,7099,1414,2666,1.868328519,2.733137517,210.467158812,917.141052911,nan,1,nan,nan,nan,0.000000000,13.583619031,11.248271971,0.096465985,0.181719020,11.615570984,0,0.100000000
279.400748253,20064,5689,0,12349,7715,14371,4116,890,858,387,471,7146,7225,1437,2679,1.860183065,2.725501062,203.274802452,982.455282901,90.000391006,5,1.000000000,nan,nan,0.000000000,15.783289040,13.130692940,0.099155004,0.177233014,13.511163997,0,0.100000000
279.500895739,19968,5645,0,12155,7813,14319,4143,877,901,422,479,6999,7320,1465,2678,1.864975371,2.707234857,226.143004861,885.859227213,5.049705505,2,0.000000000,nan,nan,0.000000000,13.913360017,11.771209014,0.119596953,0.254161016,12.194185983,0,0.100000000
279.600927830,19968,5746,0,12259,7709,14218,4101,856,887,402,485,6964,7254,1401,2700,1.833176727,2.672476697,220.990781854,865.699318352,5.856990814,2,0.000000000,nan,nan,0.000000000,12.651674973,10.674897989,0.093663053,0.181626005,11.055292969,0,0.100000000
279.700814247,20064,5706,0,12156,7908,14218,4101,872,872,417,455,6964,7254,1401,2700,1.833176727,2.672476697,214.474635317,883.474577249,nan,nan,nan,nan,nan,0.000000000,11.846191017,10.545328958,0.096849981,0.170320971,10.916059022,0,0.100000000
279.802231073,19968,5629,0,12232,7736,14335,4133,900,913,410,503,7012,7323,1380,2753,1.829463058,2.707586617,238.093665974,905.868456056,60.171604156,5,1.000000000,nan,nan,0.000000000,12.721341976,10.682666034,0.100735982,0.214546046,11.076178984,0,0.100000000
279.901749372,19968,5679,0,12101,7867,14335,4133,910,916,414,502,7012,7323,1380,2753,1.829463058,2.707586617,228.431143517,965.758729715,nan,nan,nan,nan,nan,0.000000000,12.628539000,11.303223029,0.110296009,0.185215962,11.701176001,0,0.100000000
280.000787735,19776,5480,0,12167,7609,14335,4133,907,911,407,504,7012,7323,1380,2753,1.829463058,2.707586617,222.361529751,961.259157635,nan,nan,nan,nan,nan,0.000000000,12.575222005,11.162698967,0.097780023,0.167816994,11.547014990,0,0.100000000
280.101027012,20160,5727,0,12067,8093,14429,4122,864,869,413,456,6715,7714,1371,2751,1.821806245,2.586650786,220.282435144,820.031832593,39.725542068,6,1.000000000,nan,nan,0.000000000,15.594876022,13.130546955,0.101803918,0.194412016,13.530323980,0,0.100000000
280.200820208,20064,5526,0,12244,7820,14429,4122,895,896,415,481,6715,7714,1371,2751,1.821806245,2.586650786,219.630172716,853.021153444,nan,nan,nan,nan,nan,0.000000000,11.725003948,10.401970998,0.107661006,0.163930003,10.786329978,0,0.100000000
280.300871611,20064,5675,0,12210,7854,14385,4000,953,916,408,508,6879,7506,1374,2626,1.791433245,2.540241577,216.989510632,951.189221673,19.947528839,7,1.000000000,nan,nan,0.000000000,12.362362992,10.280382005,0.104288978,0.195863016,10.671744007,0,0.100000000
280.400923491,19968,5458,0,12204,7764,14385,4000,913,909,430,479,6879,7506,1374,2626,1.791433245,2.540241577,210.353337131,889.443057669,nan,nan,nan,nan,nan,0.000000000,11.267572991,9.993912012,0.104311039,0.166933984,10.380369960,0,0.100000000
280.500788212,19872,5476,0,11946,7926,14385,4000,920,916,439,477,6879,7506,1374,2626,1.791433245,2.540241577,211.922196031,909.096496720,nan,nan,nan,nan,nan,0.000000000,11.380163021,10.082847031,0.103425002,0.167603954,10.472071008,0,0.100000000
280.602247953,19776,5364,0,11977,7799,14385,4000,903,904,434,470,6879,7506,1374,2626,1.791433245,2.540241577,209.688437501,888.436873074,nan,nan,nan,nan,nan,0.000000000,11.321181955,10.047278018,0.098588003,0.170209038,10.417015990,0,0.100000000
280.800759315,19584,4929,0,11702,7882,14651,4037,1024,1023,462,561,7037,7614,1393,2644,1.712478940,2.558673194,233.254555027,1090.131172903,35.417795181,3,1.000000000,nan,nan,0.000000000,13.685179991,10.949374002,0.120264012,0.237524975,11.383194011,0,0.100000000
281.001090050,19968,4946,0,11962,8006,15018,4041,1121,1081,533,548,7250,7768,1350,2691,1.669608338,2.513906781,261.837197842,1051.058570316,54.548025131,4,1.000000000,nan,nan,0.000000000,14.789668960,11.887355882,0.121905934,0.201774004,12.345641968,0,0.100000000
281.100793123,19968,4814,0,11936,8032,15150,4068,1021,1049,504,545,7356,7794,1364,2704,1.655149661,2.550753420,258.400888334,980.860259317,65.717458725,4,1.000000000,nan,nan,0.000000000,15.115056012,12.855311972,0.133781927,0.222100993,13.356218988,0,0.100000000
281.200734377,19968,4856,0,11904,8064,15108,3956,1005,1011,494,517,7285,7823,1274,2682,1.640752545,2.495008897,255.729106838,1036.940522783,36.547899246,2,1.000000000,nan,nan,0.000000000,13.587858004,10.892451974,0.111551955,0.191756990,11.328018038,0,0.100000000
281.300680161,19968,5092,0,12088,7880,14872,3993,1054,1082,532,550,7225,7647,1292,2701,1.642646990,2.577020266,277.827295732,1006.041478180,nan,1,nan,nan,nan,0.000000000,15.380419965,12.803270074,0.116443960,0.227154000,13.234490005,0,0.100000000
281.400723219,19968,4876,0,12081,7887,14872,3993,988,993,442,551,7225,7647,1292,2701,1.642646990,2.577020266,246.767755629,953.108926782,nan,nan,nan,nan,nan,0.000000000,11.681904958,10.210658947,0.116637966,0.212318962,10.642563051,0,0.100000000
281.500857115,20064,4978,0,12189,7875,14872,3993,1027,1028,483,545,7225,7647,1292,2701,1.642646990,2.577020266,254.722743713,965.577999315,nan,nan,nan,nan,nan,0.000000000,11.713685992,10.277267953,0.118664990,0.188130012,10.703353037,0,0.100000000
281.600743532,19968,4819,0,12167,7801,15145,3809,905,909,399,510,7619,7526,1256,2553,1.577122699,2.567223128,202.204589424,897.053422488,29.756546021,7,1.000000000,nan,nan,0.000000000,13.193714025,11.131633015,0.104987004,0.175489986,11.547429021,0,0.100000000
281.700690746,20064,4853,0,12102,7962,15207,3753,937,922,416,506,7525,7682,1186,2567,1.571829822,2.541963663,207.728133972,946.917254024,40.494441986,2,1.000000000,nan,nan,0.000000000,14.620554983,12.090044969,0.102191989,0.193037966,12.479793979,0,0.100000000
281.803029776,19872,4790,0,12122,7750,15207,3753,964,964,419,545,7525,7682,1186,2567,1.571829822,2.541963663,228.971989503,906.779265885,nan,nan,nan,nan,nan,0.000000000,11.082563025,9.744583047,0.115110015,0.157326984,10.152889008,0,0.100000000
281.900381565,19680,4613,0,11683,7997,15063,3668,956,942,405,537,7325,7738,1157,2511,1.559298550,2.382196332,214.411116114,929.279824083,80.487251282,4,1.000000000,nan,nan,0.000000000,12.773929979,9.986943041,0.109997985,0.162723009,10.383457993,0,0.100000000
281.999755621,20448,5027,0,12448,8000,15063,3668,938,933,418,515,7325,7738,1157,2511,1.559298550,2.382196332,208.952198709,888.890929352,nan,nan,nan,nan,nan,0.000000000,10.860520008,9.490642988,0.106922991,0.152450986,9.903757018,0,0.100000000
282.100711823,19584,4493,0,11822,7762,15063,3668,942,940,419,521,7325,7738,1157,2511,1.559298550,2.382196332,206.864860575,944.503586520,nan,nan,nan,nan,nan,0.000000000,11.068116000,9.706826007,0.108745007,0.169056992,10.112524033,0,0.100000000
282.201211691,20352,4897,0,12213,8139,15063,3668,945,946,425,521,7325,7738,1157,2511,1.559298550,2.382196332,196.890990144,927.080281652,nan,nan,nan,nan,nan,0.000000000,10.857044952,9.445895965,0.115943025,0.176859030,9.850711969,0,0.100000000
282.300676107,19968,4771,0,11992,7976,15193,3724,964,963,414,549,7525,7668,1165,2559,1.478042293,2.344647850,216.291479181,995.625868361,4.092216492,2,0.000000000,nan,nan,0.000000000,11.819202045,9.690366976,0.108563981,0.205154996,10.107412003,0,0.100000000
282.400845528,19872,4796,0,12086,7786,15072,3683,976,967,439,528,7621,7451,1145,2538,1.458605801,2.430496845,206.599311101,988.271583821,nan,1,nan,nan,nan,0.000000000,11.716759996,9.706648998,0.105705927,0.180959003,10.119043000,0,0.100000000
282.503580332,19872,4907,0,11987,7885,15072,3683,1030,1030,470,560,7621,7451,1145,2538,1.458605801,2.430496845,229.661849372,1006.379979912,nan,nan,nan,nan,nan,0.000000000,11.099580966,9.672163054,0.132503978,0.181995973,10.113839991,0,0.100000000
282.605630875,19680,4936,0,12082,7598,14740,3609,980,987,449,538,7497,7243,1109,2500,1.429160238,2.291036894,258.778299689,971.376701579,34.028053284,3,1.000000000,nan,nan,0.000000000,16.135065001,11.309050955,0.109872024,0.200096983,11.724526004,0,0.100000000
282.800947905,19968,5021,0,12128,7840,14943,3656,970,964,437,527,7423,7520,1089,2567,1.408420389,2.358142980,232.749030837,1103.513427601,nan,1,nan,nan,nan,0.000000000,13.638834993,11.541455053,0.136454008,0.205504010,12.031448015,0,0.100000000
282.900684595,20064,5008,0,12167,7897,15052,3654,961,997,426,571,7478,7574,1071,2583,1.384852163,2.263695378,246.159473269,1113.336940917,6.286382675,2,0.000000000,nan,nan,0.000000000,11.860377970,9.709810023,0.117220974,0.188298000,10.159513971,0,0.100000000
283.000840425,19968,5031,0,11899,8069,14933,3696,999,1015,462,553,7161,7772,1084,2612,1.381151305,2.237844931,239.092631325,1024.659283088,22.994279861,5,1.000000000,nan,nan,0.000000000,12.943659036,10.833993962,0.115576957,0.235232001,11.290083989,0,0.100000000
283.403963804,19968,4797,0,11626,8342,15167,3704,999,991,407,584,7093,8074,1082,2622,1.322002249,2.202589882,234.362710073,891.471060823,70.625543594,21,1.000000000,nan,nan,0.000000000,13.635987998,10.717946105,0.125959050,0.289814023,11.170544021,0,0.100000000
283.500711918,20064,4761,0,11946,8118,15299,3671,998,991,452,539,7436,7863,1093,2578,1.304174463,2.209184024,211.466443102,858.583107176,3.301858902,2,0.000000000,nan,nan,0.000000000,15.208808996,12.202433019,0.119150034,0.213302963,12.649960991,0,0.100000000
283.601074219,20064,4857,0,11739,8325,15203,3740,1027,1005,375,630,7112,8091,1065,2675,1.292956875,2.139219973,243.711994858,721.453181230,14.761924744,2,0.000000000,nan,nan,0.000000000,11.932744004,9.514935024,0.118652999,0.190252962,9.936427989,0,0.100000000
283.701055527,19968,4856,0,11901,8067,15203,3740,997,997,414,583,7112,8091,1065,2675,1.292956875,2.139219973,236.728462664,724.302918675,nan,nan,nan,nan,nan,0.000000000,10.931459023,9.492398938,0.125202932,0.191478000,9.923076024,0,0.100000000
283.802326441,20064,4785,0,11617,8447,15275,3706,1071,1039,399,640,7060,8215,1020,2686,1.251428567,2.041219508,278.400219853,782.927675501,20.111560822,10,1.000000000,nan,nan,0.000000000,14.041598013,10.629798984,0.116325042,0.196004985,11.063935002,0,0.100000000
283.900843382,19968,4821,0,11724,8244,15143,3627,1003,1004,397,607,7113,8030,971,2656,1.228166904,2.196617701,258.411964510,858.470807684,5.767583847,2,0.000000000,nan,nan,0.000000000,13.625401945,10.745155043,0.113787944,0.189298997,11.177624983,0,0.100000000
284.000703096,19872,4986,0,11493,8379,14882,3587,996,1006,413,593,6743,8139,943,2644,1.222124359,2.089542750,246.940264983,875.889933952,14.298915863,3,0.000000000,nan,nan,0.000000000,11.274661985,9.116711968,0.116967072,0.217031979,9.538721002,0,0.100000000
284.103623867,20064,4879,0,11679,8385,15181,3542,964,974,406,568,7038,8143,961,2581,1.201075980,2.235447843,239.511934514,721.484135292,10.000228882,8,0.000000000,nan,nan,0.000000000,11.268999951,9.124594042,0.117469986,0.184927019,9.562603955,0,0.100000000
284.202225685,19680,5065,0,11545,8135,15181,3542,949,942,384,558,7038,8143,961,2581,1.201075980,2.235447843,226.892715926,733.306058766,nan,nan,nan,nan,nan,0.000000000,10.241186013,8.933302946,0.103708007,0.166996033,9.345326049,0,0.100000000
284.301549435,20544,4973,0,11999,8545,15181,3542,977,976,395,581,7038,8143,961,2581,1.201075980,2.235447843,250.725818922,769.235366135,nan,nan,nan,nan,nan,0.000000000,9.971118008,8.696734032,0.091244001,0.160133990,9.026643005,0,0.100000000
284.400754929,19968,5090,0,11835,8133,15181,3542,914,910,382,528,7038,8143,961,2581,1.201075980,2.235447843,223.741037735,668.160521404,nan,nan,nan,nan,nan,0.000000000,10.127761052,8.774253947,0.090974034,0.165360980,9.132837993,0,0.100000000
284.500772953,19968,4930,0,11891,8077,15034,3608,1017,975,400,575,7370,7664,1015,2593,1.137482731,2.307897406,261.726900654,906.041023637,25.596380234,2,1.000000000,nan,nan,0.000000000,11.142752948,9.186490963,0.117434014,0.235812971,9.597550961,0,0.100000000
284.600815773,20064,5044,0,12104,7960,15016,3653,864,852,315,537,7481,7535,1040,2613,1.114636265,2.322165026,227.663244498,794.960007328,25.722742081,4,1.000000000,nan,nan,0.000000000,11.243888002,9.238492989,0.097928045,0.224947988,9.607637010,0,0.100000000
284.700817347,19488,4772,0,11431,8057,15016,3653,936,942,388,554,7481,7535,1040,2613,1.114636265,2.322165026,245.679529587,854.045032991,nan,nan,nan,nan,nan,0.000000000,10.379180021,9.064889047,0.114009948,0.174912042,9.480328998,0,0.100000000
284.798794746,20544,5253,0,12674,7870,15287,3666,969,961,391,570,8001,7286,1064,2602,1.077397777,2.352861966,240.073315746,916.936297359,90.368986130,3,1.000000000,nan,nan,0.000000000,14.017860987,10.715223965,0.110887922,0.205944001,11.128037004,0,0.100000000
284.900665760,19584,4717,0,11856,7728,14863,3737,1041,1026,468,558,7634,7229,1129,2608,1.143241601,2.363347109,294.392707814,918.062875050,nan,1,nan,nan,nan,0.000000000,14.590941952,11.326136999,0.120905985,0.232064049,11.764243012,0,0.100000000
284.999797821,20352,5307,0,12555,7797,15041,3729,1079,1100,451,649,7979,7062,1136,2593,1.131145420,2.402289321,285.021564463,1103.771209744,10.036230087,5,0.000000000,nan,nan,0.000000000,11.541900982,9.491976933,0.124255952,0.209999969,9.933230991,0,0.100000000
286.100972414,19776,4952,0,11878,7898,14820,4020,964,1010,507,503,7321,7499,1496,2524,1.427176962,1.609068692,315.034267161,1039.188284143,499.996185303,13,1.000000000,nan,nan,0.000000000,16.912834020,12.141471030,0.111042056,0.563304988,12.545971957,0,0.100000000
286.201050758,20064,5461,0,12355,7709,14599,3881,866,884,432,452,7196,7403,1478,2403,1.454122914,1.537369889,231.421319625,996.320415510,34.561872482,5,1.000000000,nan,nan,0.000000000,11.789211014,9.751995909,0.101095007,0.265768031,10.136520024,0,0.100000000
286.300634384,20064,5160,0,12109,7955,14900,3993,950,951,457,494,7259,7641,1624,2369,1.467108082,1.453630665,277.448495235,906.805574630,23.997545242,5,1.000000000,nan,nan,0.000000000,15.973258007,12.486226042,0.104302017,0.236035965,12.886509998,0,0.100000000
286.401432514,19968,5417,0,12484,7484,14900,3993,862,877,443,434,7259,7641,1624,2369,1.467108082,1.453630665,251.203661970,841.367436187,nan,nan,nan,nan,nan,0.000000000,11.544423003,10.295404936,0.095620984,0.190923049,10.658262996,0,0.100000000
286.500702858,19872,5243,0,12418,7454,14900,3993,928,928,465,463,7259,7641,1624,2369,1.467108082,1.453630665,247.915035332,847.894802078,nan,nan,nan,nan,nan,0.000000000,13.788218028,12.336552958,0.153424975,0.192094012,12.881208037,0,0.100000000
286.601443291,19968,5216,0,12714,7254,14748,3823,842,870,484,386,7616,7132,1943,1880,1.594144136,1.349086728,242.874420541,870.458943804,30.348539352,11,1.000000000,nan,nan,0.000000000,16.563081997,13.815904967,0.107672939,0.300339016,14.275703987,0,0.100000000
286.700713634,20064,5292,0,12884,7180,14768,3498,745,742,476,266,7638,7130,1912,1586,1.691998810,1.327406914,193.680680514,818.926641823,4.530429840,2,0.000000000,nan,nan,0.000000000,13.883007981,11.132985062,0.097381009,0.234455045,11.493856029,0,0.100000000
286.800699949,19968,5063,0,12807,7161,14768,3498,754,759,469,290,7638,7130,1912,1586,1.691998810,1.327406914,172.182012086,777.347196867,nan,nan,nan,nan,nan,0.000000000,10.346226045,9.022812068,0.085433014,0.170735992,9.390486986,0,0.100000000
286.901216984,19968,5272,0,12724,7244,14768,3498,760,772,516,256,7638,7130,1912,1586,1.691998810,1.327406914,190.207377595,847.648766541,nan,nan,nan,nan,nan,0.000000000,10.467803979,9.172254999,0.091806054,0.182452961,9.522598004,0,0.100000000
287.000656366,20064,5175,0,12852,7212,14885,3477,725,740,442,298,7673,7212,1926,1551,1.639992074,1.333459023,195.073387088,762.977662065,26.274442673,4,1.000000000,nan,nan,0.000000000,15.573860961,13.126119971,0.130805071,0.421349017,13.642690028,0,0.100000000
287.100778341,20064,5426,0,12677,7387,14634,3483,827,811,486,325,7249,7385,1877,1606,1.675191619,1.341496940,224.079581991,958.274322084,29.850006104,8,1.000000000,nan,nan,0.000000000,16.005743993,13.774944993,0.145523110,0.188194972,14.323297015,0,0.100000000
287.200834513,19968,5134,0,12608,7360,14830,3539,818,801,450,351,7474,7356,1867,1672,1.605188094,1.348131878,219.182882843,766.889144814,30.270099640,7,1.000000000,nan,nan,0.000000000,12.553773005,10.066596966,0.090582937,0.193240005,10.422993044,0,0.100000000
287.301574707,20064,5553,0,12647,7417,14507,3397,825,834,463,371,7097,7410,1776,1621,1.669428016,1.357796569,232.925005520,929.622024701,4.128932953,2,0.000000000,nan,nan,0.000000000,13.261952030,10.977674043,0.129203021,0.172359985,11.563081993,0,0.100000000
287.400800228,19968,5216,0,12473,7495,14748,3426,757,734,431,303,7265,7483,1763,1663,1.595095008,1.361766879,225.176625823,853.310317790,37.948131561,3,1.000000000,nan,nan,0.000000000,13.982278993,10.874951025,0.081787002,0.173048989,11.208655022,0,0.100000000
287.500701189,19968,5588,0,12587,7381,14376,3373,924,933,456,477,7018,7358,1721,1652,1.681263621,1.372324124,256.048273474,927.853058130,54.795503616,4,1.000000000,nan,nan,0.000000000,10.753512965,8.722125029,0.106594001,0.180194038,9.120959032,0,0.100000000
287.600775480,20064,5321,0,12582,7482,14739,3501,783,793,409,384,7285,7454,1781,1720,1.629410009,1.369475824,233.770253744,864.287197809,4.525899887,2,0.000000000,nan,nan,0.000000000,10.964697984,9.020768979,0.085218053,0.197947957,9.369529027,0,0.100000000
287.700806856,19968,5527,0,12527,7441,14437,3378,848,850,448,402,7029,7408,1683,1695,1.673589227,1.375926220,222.136167215,811.141218750,5.855560303,2,0.000000000,nan,nan,0.000000000,15.122546989,12.693838973,0.141977973,0.220882008,13.237061037,0,0.100000000
287.800690174,20064,5356,0,12460,7604,14437,3378,788,790,386,404,7029,7408,1683,1695,1.673589227,1.375926220,208.142871758,774.823354209,nan,nan,nan,nan,nan,0.000000000,10.676916980,9.398499038,0.100160018,0.177249021,9.780830995,0,0.100000000
287.900838614,20064,5572,0,12432,7632,14437,3378,841,835,456,379,7029,7408,1683,1695,1.673589227,1.375926220,211.663935907,801.958496145,nan,nan,nan,nan,nan,0.000000000,13.021229999,11.395236012,0.165369012,0.306494010,12.008714955,0,0.100000000
288.000750065,19872,5341,0,12131,7741,14437,3378,840,839,421,418,7029,7408,1683,1695,1.673589227,1.375926220,223.243198493,776.790403428,nan,nan,nan,nan,nan,0.000000000,13.184160984,11.607274122,0.091275957,0.159786025,11.963328987,0,0.100000000
288.103577614,20064,5588,0,12358,7706,14472,3586,910,929,496,433,6855,7617,1746,1840,1.633957430,1.441027768,241.784123056,848.306361388,nan,1,nan,nan,nan,0.000000000,12.169510010,10.092346987,0.119011966,0.197731017,10.536737973,0,0.100000000
288.200634480,19968,5446,0,12081,7887,14472,3586,843,843,446,397,6855,7617,1746,1840,1.633957430,1.441027768,215.633065346,716.747539532,nan,nan,nan,nan,nan,0.000000000,15.105667990,13.336714881,0.120932993,0.214496045,13.852408971,0,0.100000000
288.300689697,19776,5419,0,12202,7574,14472,3586,865,863,418,445,6855,7617,1746,1840,1.633957430,1.441027768,237.016933210,730.667665627,nan,nan,nan,nan,nan,0.000000000,10.389609030,9.136027016,0.099736091,0.167694991,9.514201025,0,0.100000000
288.501338005,20064,5502,0,12394,7670,14558,3588,956,879,406,473,7025,7533,1652,1936,1.590230812,1.464582835,237.742004503,818.609912488,64.732789993,14,1.000000000,nan,nan,0.000000000,11.178930989,9.211964032,0.103563943,0.189826009,9.597704979,0,0.100000000
288.600780487,19968,5583,0,12038,7930,14381,3592,867,850,419,431,6610,7771,1590,2002,1.614717279,1.458010332,226.469676562,816.480508825,9.449720383,6,0.000000000,nan,nan,0.000000000,12.096199032,9.559793980,0.106444000,0.210521976,9.937177005,0,0.100000000
288.700737000,19968,5780,0,12388,7580,14184,3516,759,770,410,360,6783,7401,1598,1918,1.532742322,1.472936179,211.107640781,706.163353847,nan,1,nan,nan,nan,0.000000000,13.154558023,10.522459052,0.084828003,0.186652993,10.858197988,0,0.100000000
288.800705910,20064,5733,0,12046,8018,14327,3514,749,753,370,383,6499,7828,1535,1979,1.590814230,1.453499868,194.723546397,637.190781483,49.991369247,4,1.000000000,nan,nan,0.000000000,11.204987997,8.975467063,0.082738989,0.204689975,9.304540989,0,0.100000000
288.900963068,19968,5880,0,12314,7654,14084,3347,764,753,367,386,6650,7434,1494,1853,1.525741303,1.490426540,190.371600289,638.580384505,25.949716568,3,1.000000000,nan,nan,0.000000000,10.648510011,8.681215055,0.085817999,0.159580959,9.021534992,0,0.100000000
289.000637054,19872,6041,0,12140,7732,13827,3352,815,797,372,425,6322,7505,1435,1917,1.620581049,1.520366780,218.168820445,647.293349917,35.365343094,2,1.000000000,nan,nan,0.000000000,10.465107975,8.616578009,0.088836008,0.172784959,8.959884988,0,0.100000000
289.200644493,19968,6228,0,12302,7666,13736,3347,763,789,382,407,6324,7412,1424,1923,1.634069387,1.555715921,206.597036787,646.442848734,70.368766785,2,1.000000000,nan,nan,0.000000000,12.748421053,10.757473065,0.126775005,0.215606007,11.222678004,0,0.100000000
289.300712109,19968,6167,0,12407,7561,13797,3338,741,762,342,420,6529,7268,1444,1894,1.544119844,1.545402077,222.784886472,654.169943709,24.563550949,4,1.000000000,nan,nan,0.000000000,10.544719989,8.679308987,0.086438027,0.208203041,9.021452046,0,0.100000000
289.401248217,20064,6336,0,12525,7539,13797,3338,789,792,375,417,6529,7268,1444,1894,1.544119844,1.545402077,191.179830655,656.840594787,nan,nan,nan,nan,nan,0.000000000,11.297526013,9.911099973,0.097304001,0.171029009,10.295922984,0,0.100000000
289.500664473,20064,6340,0,12425,7639,13797,3338,761,757,345,412,6529,7268,1444,1894,1.544119844,1.545402077,216.190693926,701.693312111,nan,nan,nan,nan,nan,0.000000000,9.857343975,8.664478955,0.095733034,0.179650029,9.017859004,0,0.100000000
289.601336956,19968,6530,0,12476,7492,13434,3408,751,753,326,427,6248,7186,1372,2036,1.563791384,1.636385704,196.483316895,567.622221190,5.017757416,2,0.000000000,nan,nan,0.000000000,11.719902977,9.822718974,0.086801010,0.210200960,10.173856979,0,0.100000000
289.702326298,20064,6316,0,12222,7842,13434,3408,794,804,356,448,6248,7186,1372,2036,1.563791384,1.636385704,225.593626025,659.985790930,nan,nan,nan,nan,nan,0.000000000,12.598436035,11.142353993,0.127344043,0.169525039,11.639725999,0,0.100000000
289.800747156,19872,6440,0,12399,7473,13428,3427,853,835,384,451,6265,7163,1332,2095,1.540776456,1.702267918,241.795536872,630.062739380,4.587173462,2,0.000000000,nan,nan,0.000000000,10.874644970,9.068130981,0.097085023,0.183921016,9.433650004,0,0.100000000
289.900624990,20064,6321,0,12086,7978,13739,3347,738,725,319,406,6119,7620,1273,2074,1.521503531,1.665946111,208.280280851,615.890467492,88.552474976,7,1.000000000,nan,nan,0.000000000,14.177141013,10.791234963,0.081711973,0.161834992,11.122249998,0,0.100000000
290.003334999,19968,6461,0,12373,7595,13503,3291,726,731,306,425,6253,7250,1237,2054,1.492157185,1.733108169,215.016548854,558.275085292,9.973049164,5,0.000000000,nan,nan,0.000000000,11.157458997,8.993011026,0.086233078,0.159326009,9.331956040,0,0.100000000
290.102382898,20064,6439,0,12122,7942,13621,3355,686,687,304,383,6061,7560,1247,2108,1.502929424,1.712098108,185.795938793,594.265619878,50.001621246,3,1.000000000,nan,nan,0.000000000,10.635111015,8.891596110,0.074430020,0.165235018,9.199869004,0,0.100000000
290.200751543,19872,6575,0,12291,7581,13621,3355,746,745,292,453,6061,7560,1247,2108,1.502929424,1.712098108,212.780271017,597.669846721,nan,nan,nan,nan,nan,0.000000000,10.027590964,8.831681975,0.086795946,0.156132970,9.192464000,0,0.100000000
290.301172733,20064,6596,0,12212,7852,13464,3238,673,697,311,386,6032,7432,1205,2033,1.405937713,1.732655695,194.840622497,533.210055235,69.181919098,6,1.000000000,nan,nan,0.000000000,10.439761973,8.495148097,0.075602904,0.166915008,8.801123011,0,0.100000000
290.400733709,19584,6777,0,12085,7499,13464,3238,753,754,290,464,6032,7432,1205,2033,1.405937713,1.732655695,200.002880194,512.914560921,nan,nan,nan,nan,nan,0.000000000,9.770159959,8.631102974,0.082187937,0.153747038,8.956648002,0,0.100000000
290.501330137,19680,6870,0,12130,7550,12806,3369,748,754,327,427,5712,7094,1276,2093,1.426181108,1.785788182,203.243964522,561.204659970,nan,1,nan,nan,nan,0.000000000,10.999691964,9.338678967,0.085749023,0.158550974,9.667341015,0,0.100000000
290.601046562,20832,7246,0,12917,7915,12806,3369,760,764,326,438,5712,7094,1276,2093,1.426181108,1.785788182,223.067796868,583.517594064,nan,nan,nan,nan,nan,0.000000000,10.049459990,8.923497982,0.083262043,0.145313970,9.261341009,0,0.100000000
290.700826406,19968,7310,0,12359,7609,12654,3529,882,844,369,475,5657,6997,1430,2099,1.445152202,1.770167832,236.173525872,630.599070152,nan,1,nan,nan,nan,0.000000000,11.213243008,9.463569964,0.102166960,0.200801995,9.842646017,0,0.100000000
290.800756693,19776,6956,0,12176,7600,12654,3529,846,852,382,470,5657,6997,1430,2099,1.445152202,1.770167832,245.515529235,567.267137685,nan,nan,nan,nan,nan,0.000000000,11.595421005,10.343385977,0.124774000,0.156933034,10.815330024,0,0.100000000
290.900068283,20256,7600,0,12881,7375,12654,3529,839,849,384,465,5657,6997,1430,2099,1.445152202,1.770167832,223.482469652,552.769729177,nan,nan,nan,nan,nan,0.000000000,11.183006980,10.019187059,0.091526948,0.187453988,10.379168030,0,0.100000000
291.000719309,19968,7275,0,12632,7336,12654,3529,876,873,382,491,5657,6997,1430,2099,1.445152202,1.770167832,241.599725113,543.377031046,nan,nan,nan,nan,nan,0.000000000,10.617390042,9.501521010,0.098071061,0.157155970,9.866977984,0,0.100000000
291.100669146,19968,7362,0,12847,7121,12602,3683,984,971,528,443,6457,6145,1823,1860,1.488507342,1.780034037,302.574997642,738.375256084,10.076284409,4,0.000000000,nan,nan,0.000000000,13.745653036,11.115458095,0.105826010,0.204493001,11.529395997,0,0.100000000
291.202044249,19968,7304,0,12922,7046,12660,3629,1030,998,516,482,6638,6022,1877,1752,1.549687018,1.763561862,292.936159083,770.683945310,16.041278839,2,1.000000000,nan,nan,0.000000000,11.939927004,9.960530035,0.116452982,0.232932973,10.385575006,0,0.100000000
291.300626516,19680,7346,0,13026,6654,12660,3629,892,897,546,351,6638,6022,1877,1752,1.549687018,1.763561862,265.254369549,664.505089563,nan,nan,nan,nan,nan,0.000000000,11.039692035,9.859085956,0.103272963,0.175735040,10.247653001,0,0.100000000
291.398834944,19968,7474,0,13486,6482,12490,3561,856,874,533,341,7094,5396,2160,1401,1.585466947,1.693297937,224.489987891,660.965675800,15.414953232,4,1.000000000,nan,nan,0.000000000,11.732151033,9.832653974,0.101544021,0.254567014,10.232413013,0,0.100000000
291.500723362,20352,7337,0,13763,6589,13011,3712,953,937,677,260,7599,5412,2432,1280,1.659630428,1.552345481,288.863221555,624.573856130,5.835771561,2,0.000000000,nan,nan,0.000000000,13.234251004,11.376164039,0.109531975,0.207021949,11.808187002,0,0.100000000
291.600687027,20064,7408,0,14019,6045,12652,3569,993,1001,650,351,7758,4894,2519,1050,1.714969960,1.435509822,290.961807283,699.905997597,50.120830536,7,1.000000000,nan,nan,0.000000000,12.952476973,10.403006920,0.108027947,0.185343961,10.814959998,0,0.100000000
291.700629473,19776,7245,0,13700,6076,12652,3569,1020,1009,673,336,7758,4894,2519,1050,1.714969960,1.435509822,294.234457003,690.364158134,nan,nan,nan,nan,nan,0.000000000,11.382608966,10.087355040,0.123334990,0.193273998,10.555525019,0,0.100000000
291.799629450,20160,7217,0,14198,5962,12939,3250,853,832,622,210,8021,4918,2474,776,1.861433896,1.235527649,226.927618056,621.838378002,29.783010483,7,1.000000000,nan,nan,0.000000000,12.356688967,10.060126078,0.094466959,0.170359970,10.436890007,0,0.100000000
291.900671244,20064,7220,0,13847,6217,12939,3250,837,842,621,221,8021,4918,2474,776,1.861433896,1.235527649,224.922797846,600.515414157,nan,nan,nan,nan,nan,0.000000000,9.866729029,8.706110995,0.104053994,0.155817019,9.077688039,0,0.100000000
292.000826359,19968,6963,0,13791,6177,13001,3357,919,955,618,337,7623,5378,2478,879,2.007038957,1.171254862,279.453173146,690.437565678,66.705226898,4,1.000000000,nan,nan,0.000000000,10.998195037,9.066603961,0.104776002,0.205125019,9.492738987,0,0.100000000
292.102581263,19968,7023,0,13651,6317,12941,3336,894,904,568,336,7256,5685,2395,941,2.108715441,1.174990163,262.041956772,577.055184191,5.681753159,3,0.000000000,nan,nan,0.000000000,10.786120023,8.908664982,0.111983041,0.180980016,9.311569040,0,0.100000000
292.201430559,19968,6873,0,13546,6422,13091,3307,910,928,613,315,7257,5834,2404,903,2.053226962,1.163833536,274.891254519,668.584648779,60.262441635,2,1.000000000,nan,nan,0.000000000,12.863309996,8.724212064,0.106280961,0.155023008,9.116136003,0,0.100000000
292.302184820,20064,6970,0,13572,6492,13090,3349,936,935,571,364,7033,6057,2381,968,2.214768833,1.174489674,284.770918960,656.879016834,nan,1,nan,nan,nan,0.000000000,10.632884048,8.873640909,0.107507978,0.135139038,9.277231991,0,0.100000000
292.401581526,19872,6849,0,13270,6602,13019,3277,879,865,525,340,6811,6208,2289,988,2.132845473,1.137933218,244.823177182,697.039343195,5.830049515,2,0.000000000,nan,nan,0.000000000,10.663884983,8.787887986,0.117818010,0.174868037,9.192419006,0,0.100000000
292.503745317,19968,6960,0,13415,6553,13004,3360,991,975,622,353,6651,6353,2312,1048,2.370802594,1.140129808,266.554483024,734.695890690,nan,1,nan,nan,nan,0.000000000,10.951744043,9.062369063,0.122936908,0.162168988,9.487428993,0,0.100000000
292.600606203,19968,6681,0,13135,6833,13283,3288,944,919,571,348,6500,6783,2224,1064,2.296531333,1.107201898,263.207602887,713.125899336,40.100097656,4,1.000000000,nan,nan,0.000000000,10.664020025,8.789439977,0.105093000,0.195796019,9.184491995,0,0.100000000
292.702137709,19872,7014,0,13147,6725,13283,3288,841,859,582,277,6500,6783,2224,1064,2.296531333,1.107201898,243.009570593,638.238219634,nan,nan,nan,nan,nan,0.000000000,10.317940032,8.979848935,0.098624907,0.166977989,9.351170040,0,0.100000000
292.802572012,20256,7114,0,13266,6990,13283,3288,862,863,589,274,6500,6783,2224,1064,2.296531333,1.107201898,240.082279358,591.981628970,nan,nan,nan,nan,nan,0.000000000,10.120288003,8.872668899,0.100530975,0.169613049,9.289349953,0,0.100000000
292.900702000,19968,7269,0,12969,6999,12695,3151,933,867,574,293,5700,6995,2093,1058,2.837217887,1.070207970,240.726921869,637.830160526,nan,1,nan,nan,nan,0.000000000,10.389389005,8.640942920,0.096185948,0.193902000,9.011771996,0,0.100000000
293.000574112,19968,7258,0,12692,7276,12695,3151,834,822,555,267,5700,6995,2093,1058,2.837217887,1.070207970,230.878447151,565.754206184,nan,nan,nan,nan,nan,0.000000000,10.043550981,8.861216891,0.095619995,0.161583012,9.236644953,0,0.100000000
293.101676941,20064,7516,0,12778,7286,12695,3151,863,865,564,301,5700,6995,2093,1058,2.837217887,1.070207970,253.551954593,570.679493839,nan,nan,nan,nan,nan,0.000000000,9.944753023,8.813453023,0.097229029,0.152199995,9.194294980,0,0.100000000
293.200693607,19968,7503,0,12451,7517,12695,3151,825,823,547,276,5700,6995,2093,1058,2.837217887,1.070207970,229.519078576,541.872618571,nan,nan,nan,nan,nan,0.000000000,9.917713003,8.741836005,0.105374027,0.181967975,9.147058998,0,0.100000000
293.301259756,19968,7556,0,12426,7542,12408,3333,866,917,590,327,4868,7540,2227,1106,3.012702555,1.041480433,258.732581247,638.690494762,6.062269211,2,0.000000000,nan,nan,0.000000000,10.895040992,9.125230019,0.106560008,0.180664996,9.502342029,0,0.100000000
293.400775433,19968,7586,0,12335,7633,12378,3278,860,876,546,330,4770,7608,2183,1095,2.993900345,0.999154599,246.556219654,585.266257778,85.738420486,6,1.000000000,nan,nan,1.000000000,15.610236034,11.445299955,0.106681022,0.198427006,11.826117989,0,0.100000000
293.500694990,19872,7633,0,12363,7509,12378,3278,807,823,567,256,4770,7608,2183,1095,2.993900345,0.999154599,220.531618828,533.909460230,nan,nan,nan,nan,nan,1.000000000,9.844211978,8.761429926,0.089020003,0.135689043,9.107385995,0,0.100000000
293.600026846,20256,7763,0,12728,7528,12489,3274,813,848,630,218,5208,7281,2276,998,2.967244985,0.967815084,245.485681991,619.703673201,59.573411942,6,1.000000000,nan,nan,1.000000000,12.130604999,9.713968961,0.088230008,0.198840979,10.066065006,0,0.100000000
293.700660467,19776,7666,0,12471,7305,12106,3314,884,882,678,204,5162,6944,2419,895,2.960091542,0.962328176,242.970015858,637.921478738,51.036357880,3,1.000000000,nan,nan,1.000000000,10.689196992,8.992386982,0.107191969,0.182838005,9.388990991,0,0.100000000
293.801264763,19872,7777,0,12586,7286,12091,3274,880,887,714,173,5303,6788,2443,831,2.896066414,0.951193467,251.045988966,628.942432240,70.054292679,2,1.000000000,nan,nan,1.000000000,12.618945038,10.572744999,0.116435986,0.155683025,11.060548946,0,0.100000000
293.900861740,20352,8098,0,13103,7249,12250,3218,856,872,718,154,5676,6574,2517,701,2.847269462,0.956391117,239.253801234,691.969228976,nan,1,nan,nan,nan,1.000000000,11.595065997,9.788795025,0.115244067,0.163101999,10.234971007,0,0.100000000
294.000851631,19968,7870,0,12817,7151,12094,2941,713,760,628,132,5668,6426,2307,634,2.822486748,0.948306923,207.450410295,546.812155207,nan,1,nan,nan,nan,1.000000000,8.964395034,7.341361023,0.077542034,0.132105022,7.655661029,0,0.100000000
294.100691795,20064,7754,0,12757,7307,12306,2972,779,775,643,132,5781,6525,2324,648,2.802597408,0.977804192,213.388556849,598.592100074,69.968461990,2,1.000000000,nan,nan,1.000000000,9.248415008,7.562658982,0.088790024,0.146149017,7.930952008,0,0.100000000
294.200751543,19584,7869,0,12732,6852,12306,2972,777,772,648,124,5781,6525,2324,648,2.802597408,0.977804192,207.280128707,540.851643318,nan,nan,nan,nan,nan,1.000000000,8.522488992,7.434928964,0.087391003,0.135146023,7.767337025,0,0.100000000
294.298986912,20352,7688,0,12726,7626,12306,2972,769,764,647,117,5781,6525,2324,648,2.802597408,0.977804192,204.146437297,533.764205256,nan,nan,nan,nan,nan,1.000000000,8.791480039,7.656215050,0.086591055,0.131197972,7.990968006,0,0.100000000
294.400713682,19584,7995,0,12593,6991,12306,2972,767,764,645,119,5781,6525,2324,648,2.802597408,0.977804192,200.932914950,536.375451722,nan,nan,nan,nan,nan,1.000000000,9.508388001,8.419480931,0.093410024,0.130577013,8.795537986,0,0.100000000
294.600726128,19872,8063,0,12888,6984,12306,2972,765,770,650,120,5781,6525,2324,648,2.802597408,0.977804192,203.472325475,541.128487181,nan,nan,nan,nan,nan,1.000000000,8.516717993,7.418680005,0.089291076,0.131720968,7.786087983,0,0.100000000
294.700676441,20064,7939,0,12762,7302,12121,3093,699,797,610,187,5873,6248,2347,746,2.785455179,1.093403182,192.669275044,683.657283868,110.502481461,4,1.000000000,nan,nan,0.000000000,11.581361003,9.486350988,0.081003993,0.215513050,9.826439025,0,0.100000000
294.800530910,19968,8131,0,13093,6875,12121,3093,722,725,527,198,5873,6248,2347,746,2.785455179,1.093403182,181.513897435,598.727029025,nan,nan,nan,nan,nan,0.000000000,12.646785006,11.172499973,0.090488989,0.161465025,11.616236996,0,0.100000000
294.900656939,20064,7840,0,12870,7194,12220,3036,806,812,659,153,6152,6068,2438,598,2.759633779,1.094185753,230.083458051,646.238486614,34.796476364,3,1.000000000,nan,nan,0.000000000,12.683829991,10.920987930,0.102850085,0.167639984,11.317827040,0,0.100000000
295.200614929,20064,8034,0,13281,6783,12026,3166,859,872,691,181,6373,5653,2492,674,2.725449635,1.172232044,223.070830576,744.059032818,69.769382477,8,1.000000000,nan,nan,0.000000000,18.227419991,14.086636016,0.120676064,0.161562988,14.561056043,0,0.100000000
295.300844431,19968,7891,0,12965,7003,12073,3068,824,816,663,153,6210,5863,2434,634,2.773213583,1.173573592,233.458318944,682.043586433,41.126012802,2,1.000000000,nan,nan,0.000000000,12.945745024,10.039395071,0.105265004,0.144706981,10.438280995,0,0.100000000
295.400812149,19968,7932,0,13133,6835,12073,3068,821,826,682,144,6210,5863,2434,634,2.773213583,1.173573592,230.970232397,664.824489112,nan,nan,nan,nan,nan,0.000000000,11.922605976,10.660224012,0.118455035,0.171234016,11.113261047,0,0.100000000
295.500565052,19968,7868,0,12948,7020,12096,3215,859,851,714,137,6203,5893,2491,724,2.791014655,1.231216055,242.230763474,676.067644453,50.265789032,4,1.000000000,nan,nan,0.000000000,10.685911984,8.677509963,0.092727016,0.153507979,9.036741976,0,0.100000000
295.600648880,20064,7927,0,13064,7000,12133,3341,884,873,717,156,6366,5767,2532,809,2.725763258,1.304993915,241.534734763,667.922253892,nan,1,nan,nan,nan,0.000000000,10.254319990,8.592888946,0.097093987,0.152729976,8.960248029,0,0.100000000
295.700559139,20064,8057,0,12950,7114,12133,3341,911,908,753,155,6366,5767,2532,809,2.725763258,1.304993915,255.055096536,708.973514365,nan,nan,nan,nan,nan,0.000000000,9.895890020,8.608028933,0.114122988,0.197786954,9.025946027,0,0.100000000
295.800798178,19968,7608,0,12661,7307,12133,3341,913,911,737,174,6366,5767,2532,809,2.725763258,1.304993915,257.196109371,688.097963312,nan,nan,nan,nan,nan,0.000000000,9.731018043,8.566731005,0.103984959,0.152418972,8.952819975,0,0.100000000
295.900600195,20064,7735,0,12804,7260,12325,3308,870,873,705,168,6295,6030,2464,844,2.781714912,1.415494804,253.483240358,771.386072000,nan,1,nan,nan,nan,0.000000000,10.334269027,8.588765049,0.100303034,0.174371991,8.965020999,0,0.100000000
296.000802040,19968,7560,0,12581,7387,12404,3279,835,861,712,149,6221,6183,2338,941,2.770083594,1.435564741,273.332756589,648.515842913,7.148504257,10,0.000000000,nan,nan,0.000000000,10.100112995,8.425078064,0.091788010,0.150023960,8.776933013,0,0.100000000
296.100620985,19968,7551,0,12631,7337,12413,3440,876,875,736,139,6295,6118,2489,951,2.775727886,1.507405813,266.651383961,634.492066379,6.494045258,7,0.000000000,nan,nan,0.000000000,11.196624953,9.488071024,0.103892991,0.159103016,9.866651963,0,0.100000000
296.200583458,19968,7661,0,12559,7409,12303,3337,877,882,739,143,6073,6230,2382,955,2.801471632,1.537231584,254.897690194,726.740736013,7.176637650,33,0.000000000,nan,nan,0.000000000,13.404585014,11.556629033,0.101096986,0.153567002,11.948068975,0,0.100000000
296.300735712,19968,7619,0,12594,7374,12345,3297,861,867,715,152,6195,6150,2344,953,2.764942251,1.557914339,272.683302028,721.610703977,10.277509689,20,0.000000000,nan,nan,0.000000000,10.818420036,9.026917978,0.093967945,0.148007995,9.401989984,0,0.100000000
296.400573730,19968,7892,0,12891,7077,12072,3338,853,860,702,158,6118,5954,2371,967,2.794009819,1.621623445,264.590216740,704.361961132,7.076263428,19,0.000000000,nan,nan,0.000000000,10.410037998,8.701873943,0.096826057,0.150967971,9.064991027,0,0.100000000
296.500569820,20064,7641,0,12699,7365,12419,3456,851,840,687,153,6208,6211,2445,1011,2.765337736,1.616115766,258.125658402,697.979354781,7.672548294,18,0.000000000,nan,nan,0.000000000,13.633456023,11.151771003,0.096355972,0.166671001,11.552100012,0,0.100000000
296.600562572,19968,7875,0,12892,7076,12089,3410,896,894,724,170,6133,5956,2409,1001,2.791452939,1.660615954,268.364569614,708.362280373,35.492420197,3,1.000000000,nan,nan,0.000000000,10.610539990,8.895382052,0.097035896,0.156787981,9.278584039,0,0.100000000
296.701636553,20064,7796,0,12723,7341,12264,3395,846,844,657,187,6054,6210,2392,1003,2.775088682,1.661177780,247.355082593,702.752043194,16.658544540,2,1.000000000,nan,nan,0.000000000,11.478214990,9.264007036,0.104717037,0.165142992,9.631699999,0,0.100000000
296.800593615,19968,7950,0,12847,7121,12014,3353,853,865,677,188,6028,5986,2364,989,2.804978671,1.698617060,243.422784408,682.926043193,nan,1,nan,nan,nan,0.000000000,10.737146018,8.881293004,0.093571027,0.174166984,9.259863000,0,0.100000000
296.900544643,19968,7857,0,12566,7402,12107,3399,850,858,641,217,5823,6284,2335,1064,2.837233927,1.713104746,234.574224108,670.478628137,nan,1,nan,nan,nan,0.000000000,13.396072958,11.435015011,0.099072058,0.180215051,11.836040998,0,0.100000000
297.001209259,20064,7980,0,12733,7331,12107,3399,841,845,663,182,5823,6284,2335,1064,2.837233927,1.713104746,245.559603839,628.505509494,nan,nan,nan,nan,nan,0.000000000,12.018513051,10.746222921,0.126315048,0.161518983,11.230561999,0,0.100000000
297.100611448,19968,7925,0,12553,7415,12107,3399,867,870,663,207,5823,6284,2335,1064,2.837233927,1.713104746,242.130081793,665.351939806,nan,nan,nan,nan,nan,0.000000000,11.145211000,9.816940990,0.099155994,0.149943982,10.196855001,0,0.100000000
297.200577974,19584,7771,0,12528,7056,11809,3486,887,864,637,227,5838,5971,2334,1152,2.895506641,1.802206712,254.929411631,751.436283475,nan,1,nan,nan,nan,0.000000000,10.858597991,9.190439130,0.093867013,0.172052998,9.559161961,0,0.100000000
297.301390886,20352,8068,0,12573,7779,12280,3397,815,801,561,240,5636,6644,2233,1164,2.971630199,1.768900262,255.050269731,678.752728484,10.077238083,5,0.000000000,nan,nan,0.000000000,11.509314994,9.713310923,0.093953102,0.190902967,10.074254998,0,0.100000000
297.400529623,20064,7976,0,12688,7376,12084,3517,816,808,589,219,5860,6224,2365,1152,2.883049902,1.811188987,252.570825682,665.147963739,4.651308060,2,0.000000000,nan,nan,0.000000000,12.986327987,10.504489939,0.090626127,0.191282015,10.870518978,0,0.100000000
297.500979662,19968,8124,0,12658,7310,11840,3516,887,858,595,263,5603,6237,2315,1201,3.006660720,1.798443254,267.808790118,756.393498675,nan,1,nan,nan,nan,0.000000000,10.906710988,9.235342965,0.095719064,0.170612999,9.606274019,0,0.100000000
297.600615263,19872,8079,0,12549,7323,11840,3516,910,907,567,340,5603,6237,2315,1201,3.006660720,1.798443254,237.524121143,793.376836642,nan,nan,nan,nan,nan,0.000000000,10.168413981,9.024156083,0.099469034,0.161819975,9.406186000,0,0.100000000
297.700403452,19776,8217,0,12538,7238,11555,3471,885,851,547,304,5401,6154,2233,1238,2.971966675,1.817065204,255.224257741,754.225723307,8.491277695,6,0.000000000,nan,nan,0.000000000,10.758290999,9.052617999,0.102019054,0.156752998,9.444313997,0,0.100000000
297.799348354,20352,8391,0,13119,7233,11555,3471,862,862,567,295,5401,6154,2233,1238,2.971966675,1.817065204,256.056352273,814.262203320,nan,nan,nan,nan,nan,0.000000000,12.653813057,11.357539915,0.108255015,0.175519031,11.822080007,0,0.100000000
297.900544643,19584,8202,0,12544,7040,11378,3402,825,820,561,259,5481,5897,2282,1120,2.903246446,1.825708058,232.744510424,736.162082726,6.998062134,6,0.000000000,nan,nan,0.000000000,10.589498037,8.914995007,0.093037961,0.158548995,9.277738980,0,0.100000000
298.000265360,20448,8589,0,13089,7359,11855,3501,809,810,568,242,5742,6113,2373,1128,3.031112985,1.820901106,233.522585785,747.632795405,100.149631500,4,1.000000000,nan,nan,0.000000000,13.966293016,12.106561044,0.116572017,0.235947024,12.561260024,0,0.100000000
298.100661278,19968,8626,0,13027,6941,11338,3580,858,878,607,271,5576,5762,2391,1189,3.003799336,1.827746305,253.233115671,810.323639797,75.513839722,4,1.000000000,nan,nan,0.000000000,16.589362989,13.339465950,0.096483040,0.167896971,13.714438013,0,0.100000000
298.200678349,19680,8373,0,12709,6971,11303,3672,903,908,591,317,5540,5763,2450,1222,3.056076287,1.815226945,250.346841065,865.103353595,48.966646194,2,1.000000000,nan,nan,0.000000000,11.472450977,9.717777022,0.113015063,0.204470998,10.127368965,0,0.100000000
298.400565624,19968,8541,0,12935,7033,11423,3540,877,879,580,299,5627,5796,2387,1153,3.079593206,1.834152813,230.562402409,808.171870157,nan,1,nan,nan,nan,0.000000000,11.703985045,10.094664933,0.099239056,0.194726977,10.484142986,0,0.100000000
298.500521660,19968,8638,0,13113,6855,11326,3457,893,891,610,281,5725,5601,2339,1118,3.060039770,1.852072615,240.185370369,869.300901714,70.983409882,5,1.000000000,nan,nan,0.000000000,10.617400985,8.991495066,0.096203061,0.162009033,9.369147010,0,0.100000000
298.600672245,19296,8612,0,12601,6695,11326,3457,878,874,597,277,5725,5601,2339,1118,3.060039770,1.852072615,243.266867148,854.224982317,nan,nan,nan,nan,nan,0.000000000,10.186933039,9.060895012,0.104546023,0.139645999,9.443609975,0,0.100000000
298.699897528,20160,8674,0,13110,7050,11326,3457,871,864,593,271,5725,5601,2339,1118,3.060039770,1.852072615,227.795319983,824.866355129,nan,nan,nan,nan,nan,0.000000000,10.377095023,9.206175047,0.107891974,0.151313026,9.612886002,0,0.100000000
298.799819231,20544,8848,0,13552,6992,11692,3641,917,908,571,337,5995,5697,2424,1217,3.120268231,1.867537905,249.673404887,919.674658803,35.385131836,4,1.000000000,nan,nan,0.000000000,14.357078995,12.553723005,0.128317974,0.187171972,13.033697032,0,0.100000000
298.901201010,20064,8625,0,13019,7045,11435,3554,869,869,573,296,5727,5708,2363,1191,3.008982987,1.884954357,239.043243066,865.796695923,nan,1,nan,nan,nan,0.000000000,11.125287972,9.431226994,0.098975957,0.183052965,9.816979000,0,0.100000000
299.000621319,19968,8592,0,12943,7025,11435,3554,851,853,565,288,5727,5708,2363,1191,3.008982987,1.884954357,220.715343130,772.254138752,nan,nan,nan,nan,nan,0.000000000,12.796653027,11.516785074,0.114347902,0.148562016,11.962950986,0,0.100000000
299.100574970,20064,8688,0,13030,7034,11435,3554,842,844,568,276,5727,5708,2363,1191,3.008982987,1.884954357,212.141233631,773.418397370,nan,nan,nan,nan,nan,0.000000000,10.305601987,9.191234945,0.099049998,0.155927031,9.564160020,0,0.100000000
299.200686693,19968,8649,0,13047,6921,11435,3554,863,864,570,294,5727,5708,2363,1191,3.008982987,1.884954357,219.448643302,769.768218258,nan,nan,nan,nan,nan,0.000000000,10.446630011,9.277792007,0.097447017,0.152431021,9.668510000,0,0.100000000
299.301652193,20064,8637,0,13104,6960,11423,3607,786,832,525,307,5819,5604,2441,1166,3.104014194,1.929075204,219.467899817,1010.448020082,24.871349335,7,1.000000000,nan,nan,0.000000000,11.320604011,9.430648002,0.090068963,0.263847003,9.817081969,0,0.100000000
299.400606871,19968,8649,0,13063,6905,11315,3593,786,814,499,315,5668,5647,2420,1173,3.128312469,1.953398319,195.438019328,942.160445544,60.174703598,6,1.000000000,nan,nan,0.000000000,11.793354992,10.160833946,0.097292999,0.162896991,10.543744953,0,0.100000000
299.500570297,19968,8565,0,12918,7050,11399,3690,908,893,542,351,5711,5688,2494,1196,3.130061381,1.928206292,215.064661925,1015.407454104,4.708528519,2,0.000000000,nan,nan,0.000000000,13.229184027,11.313626019,0.118866039,0.205259013,11.761312955,0,0.100000000
299.600585938,20064,8761,0,13138,6926,11399,3690,878,868,543,325,5711,5688,2494,1196,3.130061381,1.928206292,219.878957324,960.304950863,nan,nan,nan,nan,nan,0.000000000,10.746704007,9.518507053,0.103798986,0.172611966,9.901891986,0,0.100000000
299.702958822,19872,8452,0,12810,7062,11416,3788,921,919,525,394,5662,5754,2441,1347,3.118145577,1.965781554,219.385441069,996.763135984,6.047010422,2,0.000000000,nan,nan,0.000000000,11.754084029,9.853335912,0.115836971,0.226030010,10.265855002,0,0.100000000
299.800552845,19680,8372,0,12795,6885,11416,3788,915,915,535,380,5662,5754,2441,1347,3.118145577,1.965781554,224.047837897,1040.517118784,nan,nan,nan,nan,nan,0.000000000,10.997216974,9.819488972,0.101430982,0.149805041,10.201194964,0,0.100000000
299.901212454,20352,8776,0,13102,7250,11572,3738,848,831,483,348,5681,5891,2422,1316,3.117832910,1.959438727,198.946777129,993.404874530,63.957691193,5,1.000000000,nan,nan,0.000000000,11.169729987,9.550203977,0.091581082,0.150302018,9.905715997,0,0.100000000
300.000557184,20064,8521,0,13039,7025,11539,3728,880,897,541,356,5776,5763,2445,1283,3.101592113,2.049012957,218.382785561,1142.669342022,43.948411942,5,1.000000000,nan,nan,0.000000000,12.080222019,9.763360955,0.094049028,0.176441041,10.133069998,0,0.100000000
300.100652933,19968,8250,0,12760,7208,11714,3908,918,907,534,373,5760,5954,2535,1373,3.099433197,2.000352958,245.204948657,997.169119861,70.185899734,2,1.000000000,nan,nan,0.000000000,11.893510004,10.109205905,0.102512015,0.162709970,10.494987015,0,0.100000000
300.200763702,20064,8532,0,13094,6970,11714,3908,913,909,548,361,5760,5954,2535,1373,3.099433197,2.000352958,239.616445928,1001.707489604,nan,nan,nan,nan,nan,0.000000000,11.628758977,10.410756920,0.108101987,0.163872959,10.845545970,0,0.100000000
300.300610542,19968,8211,0,12848,7120,11714,3908,1002,1004,601,403,5760,5954,2535,1373,3.099433197,2.000352958,258.341229320,1109.014284113,nan,nan,nan,nan,nan,0.000000000,11.361470039,10.096974031,0.117167016,0.172137981,10.530664003,0,0.100000000
300.400549889,19968,8199,0,12893,7075,11714,3908,951,953,586,367,5760,5954,2535,1373,3.099433197,2.000352958,255.187486165,1114.548532394,nan,nan,nan,nan,nan,0.000000000,13.231713965,12.037156092,0.107191037,0.160026946,12.431368988,0,0.100000000
300.500548601,19968,8206,0,12873,7095,11758,4054,855,976,593,383,5872,5886,2689,1365,3.093572796,2.055907837,309.327318025,1066.594740178,6.464004517,2,0.000000000,nan,nan,0.000000000,12.054396968,10.342355061,0.095920986,0.239804969,10.711089009,0,0.100000000
300.600621939,19968,8220,0,12802,7166,11744,4079,988,945,625,320,5960,5784,2704,1375,3.069335866,2.113896014,282.333592210,996.636362905,39.589405060,5,1.000000000,nan,nan,0.000000000,12.738801015,10.815678979,0.129774970,0.190966006,11.291114031,0,0.100000000
300.703256607,19872,8187,0,12702,7170,11681,4095,960,955,634,321,5835,5846,2690,1405,3.092375687,2.090131920,272.659094475,1024.588345809,26.524305344,3,1.000000000,nan,nan,0.000000000,12.514255010,10.754210991,0.104367908,0.203463016,11.156146997,0,0.100000000
300.900551081,19968,7924,0,12704,7264,12040,4175,948,942,597,345,6119,5921,2755,1420,3.066947898,2.124097912,267.118049891,960.852831658,13.309240341,2,0.000000000,nan,nan,0.000000000,22.123841045,17.311787931,0.137544004,0.190275023,17.818866007,0,0.100000000
301.000469923,20064,8008,0,12769,7295,12040,4175,886,895,547,348,6119,5921,2755,1420,3.066947898,2.124097912,236.428357294,981.985035066,nan,nan,nan,nan,nan,0.000000000,13.762372953,12.426536996,0.124121958,0.202401017,12.882834999,0,0.100000000
301.101279497,19968,7776,0,12695,7273,12188,4145,945,949,631,318,6258,5930,2733,1412,3.063918419,2.158040667,278.694130403,1009.827380364,6.671190262,2,0.000000000,nan,nan,0.000000000,14.484277985,11.423429882,0.107728003,0.240683963,11.863466993,0,0.100000000
301.200756311,19872,7896,0,12748,7124,12188,4145,1038,1030,649,381,6258,5930,2733,1412,3.063918419,2.158040667,302.155875301,1095.909370844,nan,nan,nan,nan,nan,0.000000000,16.844183032,15.351107053,0.154274050,0.253735983,15.914415009,0,0.100000000
301.303564310,20064,7714,0,12716,7348,12346,4325,1038,1053,664,389,6338,6008,2797,1528,3.030861860,2.177720087,312.186795398,1055.088533885,56.013822556,2,1.000000000,nan,nan,0.000000000,13.517107989,11.638520984,0.112882117,0.204648997,12.066559982,0,0.100000000
301.400635004,19776,7707,0,12823,6953,12346,4325,1097,1090,671,419,6338,6008,2797,1528,3.030861860,2.177720087,319.105292035,1127.901406438,nan,nan,nan,nan,nan,0.000000000,12.831611035,11.538068997,0.123040052,0.187675992,11.988493032,0,0.100000000
301.600491762,19968,7403,0,12903,7065,12561,4389,1098,1104,717,387,6758,5803,2872,1517,2.991357130,2.247420539,307.016053971,1056.708884220,98.907709122,8,1.000000000,nan,nan,0.000000000,14.154209988,12.186720036,0.135810056,0.219393987,12.673136021,0,0.100000000
301.700564146,20064,7444,0,12869,7195,12616,4417,1052,1042,672,370,6705,5911,2917,1500,2.975788655,2.238237012,286.211156820,976.565842143,nan,1,nan,nan,nan,0.000000000,13.425193960,11.613887036,0.120344048,0.195019005,12.049807992,0,0.100000000
301.800603628,19968,7343,0,12832,7136,12621,4407,1056,1081,696,385,6795,5826,2909,1498,2.971997535,2.275313444,289.075985020,1049.610097661,9.623050690,2,0.000000000,nan,nan,0.000000000,16.271007014,13.950603956,0.129188993,0.215552980,14.403463982,0,0.100000000
301.900621176,20064,7383,0,12743,7321,12677,4435,1045,1045,638,407,6701,5976,2925,1510,2.987891455,2.265547173,288.452806225,1073.322827091,5.431652069,2,0.000000000,nan,nan,0.000000000,13.759355003,11.812137032,0.120839919,0.208901009,12.256225978,0,0.100000000
302.000614882,19488,6759,0,12407,7081,12725,4398,1054,1059,680,379,6868,5857,2897,1501,2.965361448,2.308629450,285.671680165,1050.184776565,4.590749741,2,0.000000000,nan,nan,0.000000000,13.639920973,11.750049947,0.113069022,0.232845021,12.173897994,0,0.100000000
302.101594210,20064,7237,0,12824,7240,12823,4509,1107,1119,710,409,6817,6006,2971,1538,2.995552470,2.297347411,304.775343842,1200.721643817,90.159654617,6,1.000000000,nan,nan,0.000000000,14.085155970,12.000360002,0.119167031,0.219993992,12.443353015,0,0.100000000
302.200380564,19776,6768,0,12516,7260,13004,4580,1060,1058,660,398,7036,5968,3060,1520,2.969396041,2.316752313,279.199470232,1147.994228752,43.348550797,2,1.000000000,nan,nan,0.000000000,14.480323007,12.315928005,0.127633975,0.306021015,12.787130952,0,0.100000000
302.300270081,20160,7163,0,12789,7371,12993,4658,1138,1138,657,481,6892,6101,3039,1619,2.986333341,2.297263953,295.234515735,1307.866681698,3.790378571,2,0.000000000,nan,nan,0.000000000,14.867946971,12.531179993,0.128333981,0.220381015,13.025996974,0,0.100000000
302.399815559,20352,6780,0,12670,7682,13568,4712,1157,1147,650,497,7172,6396,3078,1634,2.974980488,2.346393283,304.393746775,1209.513383452,nan,1,nan,nan,nan,0.000000000,14.664629998,12.611513026,0.129317050,0.221071998,13.078792021,0,0.100000000
302.501971006,20064,6741,0,12791,7273,13319,4737,1110,1108,673,435,7220,6099,3149,1588,3.005694157,2.332416972,305.964371317,1256.231020182,4.286050797,2,0.000000000,nan,nan,0.000000000,14.791410998,12.668477022,0.139387907,0.274938007,13.159967028,0,0.100000000
302.600471497,19968,6449,0,12566,7402,13515,4838,1090,1105,638,467,7338,6177,3248,1590,3.009149664,2.355920623,294.128260882,1323.915485070,69.466590881,2,1.000000000,nan,nan,0.000000000,14.753191965,12.724733038,0.119901029,0.197939051,13.172095001,0,0.100000000
302.700485945,20064,6495,0,12729,7335,13515,4838,1120,1127,624,503,7338,6177,3248,1590,3.009149664,2.355920623,276.058161715,1340.249376663,nan,nan,nan,nan,nan,0.000000000,14.135178993,12.718371989,0.134104979,0.201540999,13.191064005,0,0.100000000
302.800665617,19968,6339,0,12584,7384,13625,4977,1180,1183,630,553,7442,6183,3309,1668,3.019243059,2.367274156,300.786008041,1424.310517234,40.740013123,6,1.000000000,nan,nan,0.000000000,15.586147027,13.306835026,0.132996996,0.232234015,13.804119953,0,0.100000000
302.900453329,19584,6094,0,12345,7239,13486,4906,1056,1056,516,540,7355,6131,3281,1625,3.028634403,2.366610710,276.097687184,1172.144359905,8.407115936,2,0.000000000,nan,nan,0.000000000,15.156287991,13.061288919,0.121539924,0.220196962,13.523407979,0,0.100000000
303.001965523,20448,6160,0,12792,7656,14284,5128,1114,1142,645,497,7822,6462,3453,1675,3.043209172,2.350660282,310.427493513,1285.297286158,nan,1,nan,nan,nan,0.000000000,15.998832998,13.667459018,0.125939958,0.248452998,14.130856027,0,0.100000000
303.100613832,19968,5870,0,12574,7394,14094,5168,1103,1096,654,442,7793,6301,3495,1673,3.050568616,2.388299464,300.168373638,1248.776300179,54.476737976,2,1.000000000,nan,nan,0.000000000,16.561942000,14.055351028,0.142729958,0.483668991,14.681636996,0,0.100000000
303.200547934,20064,5651,0,12444,7620,14094,5168,1155,1160,659,501,7793,6301,3495,1673,3.050568616,2.388299464,318.790698623,1257.976154388,nan,nan,nan,nan,nan,0.000000000,15.440949006,13.828429044,0.138960022,0.249679957,14.324291027,0,0.100000000
303.300583839,19872,5452,0,12558,7314,14094,5168,1144,1143,657,486,7793,6301,3495,1673,3.050568616,2.388299464,293.111608935,1365.205533781,nan,nan,nan,nan,nan,0.000000000,14.990939992,13.524058042,0.125252001,0.245442963,13.991518004,0,0.100000000
303.400465012,20064,5361,0,12605,7459,14094,5168,1131,1133,647,486,7793,6301,3495,1673,3.050568616,2.388299464,303.858576639,1307.656077667,nan,nan,nan,nan,nan,0.000000000,15.110420005,13.607484987,0.126756961,0.233170984,14.070510981,0,0.100000000
303.500472307,19968,5103,0,12663,7305,14861,5436,1196,1221,660,561,8590,6271,3728,1708,3.048007832,2.367556745,373.618321089,1474.321209788,39.740085602,3,1.000000000,nan,nan,0.000000000,17.867904971,14.683480025,0.144509075,0.281209999,15.193930012,0,0.100000000
303.600476503,19872,5022,0,12418,7454,14846,5580,1358,1375,797,578,8412,6434,3806,1774,3.077806461,2.402980967,412.601101309,1581.478269409,nan,1,nan,nan,nan,0.000000000,17.592803983,15.004412970,0.152335037,0.264173956,15.543428017,0,0.100000000
303.801890612,19584,4668,0,12154,7430,14912,5932,1396,1322,870,452,8476,6436,4100,1832,3.080867937,2.414756682,429.051344239,1928.157927590,6.220817566,2,0.000000000,nan,nan,0.000000000,18.651571998,16.124022019,0.161864969,0.320420950,16.678173037,0,0.100000000
304.001059532,20160,4385,0,12444,7716,15771,6061,1332,1452,987,465,9046,6725,4239,1822,3.096413182,2.401426861,458.152143105,2446.406234395,55.747747421,13,1.000000000,nan,nan,0.000000000,19.787986006,16.632155981,0.155308982,0.392247981,17.177325964,0,0.100000000
304.100449562,19968,4177,0,12399,7569,15787,6081,1534,1472,950,522,9221,6566,4221,1860,3.086735591,2.406067282,449.059462389,1849.394065379,80.141305923,2,1.000000000,nan,nan,0.000000000,19.144410966,16.628923942,0.169172999,0.295746024,17.252610996,0,0.100000000
304.200422287,19968,4064,0,12383,7585,15900,6116,1506,1509,911,598,9233,6667,4219,1897,3.086653047,2.441590103,466.289286794,2176.410032328,15.823841095,5,1.000000000,nan,nan,0.000000000,19.566417963,16.721762018,0.174119021,0.286577037,17.362099024,0,0.100000000
304.300969362,20064,3943,0,12395,7669,16117,6187,1532,1548,985,563,9368,6749,4252,1935,3.066154119,2.419033148,444.584715175,1970.482969052,nan,1,nan,nan,nan,0.000000000,20.859213022,17.859497981,0.213930965,0.337158970,18.540607998,0,0.100000000
304.400439024,19968,3792,0,12312,7656,16172,6076,1629,1636,1015,621,9318,6854,4114,1962,3.077771566,2.464019353,487.024024208,2311.692128563,19.950628281,5,1.000000000,nan,nan,0.000000000,20.534047973,17.120233970,0.192675914,0.316053978,17.812827951,0,0.100000000
304.500552177,19680,3623,0,11832,7848,16053,6177,1593,1597,987,610,8963,7090,4141,2036,3.073898684,2.408035826,494.840090934,1936.483966955,nan,1,nan,nan,nan,0.000000000,21.407181048,17.724613019,0.175180030,0.314820034,18.339633010,0,0.100000000
304.701760292,20064,3309,0,12037,8027,16053,6177,1496,1503,905,598,8963,7090,4141,2036,3.073898684,2.408035826,424.018033944,1964.927425181,nan,nan,nan,nan,nan,0.000000000,19.696607953,17.749695049,0.182708085,0.334571989,18.397603009,0,0.100000000
304.800567150,20064,3283,0,12067,7997,16777,6427,1728,1652,993,659,9312,7465,4173,2254,3.055598055,2.431758189,487.388422997,2258.071613225,nan,1,nan,nan,nan,0.000000000,21.651199029,17.869574949,0.197214016,0.357237994,18.528649001,0,0.100000000
304.900438786,19680,2902,0,11610,8070,16777,6427,1673,1679,938,741,9312,7465,4173,2254,3.055598055,2.431758189,491.090146605,2331.590440037,nan,nan,nan,nan,nan,0.000000000,19.760972005,17.753457010,0.199857983,0.306884001,18.461822008,0,0.100000000
305.005897760,19488,2882,0,11438,8050,16602,6345,1564,1596,861,735,8935,7667,4049,2296,3.055250697,2.397231291,489.247900466,2093.147392986,3.918409348,2,0.000000000,nan,nan,0.000000000,20.290295011,17.598017061,0.196818961,0.276322011,18.278472999,0,0.100000000
305.096488953,20736,2945,0,12115,8621,16602,6345,1620,1611,922,689,8935,7667,4049,2296,3.055250697,2.397231291,485.553926473,2023.343723662,nan,nan,nan,nan,nan,0.000000000,18.864610989,16.933862935,0.185889017,0.327237009,17.570630007,0,0.100000000
305.205296993,20064,2679,0,11753,8311,17381,6841,1759,1680,974,706,9377,8004,4444,2397,3.085844548,2.304605071,511.127811324,2206.968835931,4.251718521,2,0.000000000,nan,nan,0.000000000,20.990816003,18.222757033,0.200064038,0.301408989,18.897177011,0,0.100000000
305.300519943,19968,2642,0,11539,8429,17322,6807,1699,1716,949,767,9155,8167,4367,2440,3.106229003,2.292589344,541.611129968,2201.251183419,45.535802841,7,1.000000000,nan,nan,0.000000000,21.385119995,18.174561032,0.190002029,0.359456986,18.826389045,0,0.100000000
305.401145458,20064,2516,0,11736,8328,17544,6554,1667,1673,937,736,9460,8084,4264,2290,3.107957439,2.288946041,488.540935454,2206.638000349,4.076004028,2,0.000000000,nan,nan,0.000000000,23.786386999,19.807774923,0.183017051,0.377058983,20.484257024,0,0.100000000
305.500585318,19968,2476,0,11473,8495,17488,6587,1582,1590,799,791,9182,8306,4224,2363,3.113636672,2.290908780,436.970379082,2070.000123631,30.080556870,2,1.000000000,nan,nan,0.000000000,22.480188985,19.620978972,0.179803988,0.345302047,20.237953984,0,0.100000000
305.600592375,19968,2339,0,11466,8502,17625,6573,1748,1737,948,789,9306,8319,4237,2336,3.113328649,2.286060810,537.858336558,2152.414767402,nan,1,nan,nan,nan,0.000000000,21.000034001,17.908851965,0.201904972,0.342274026,18.605154008,0,0.100000000
305.700475693,20064,2253,0,11377,8687,17807,6744,1768,1763,941,822,9258,8549,4260,2484,3.109486960,2.294535553,535.598353467,2310.308510961,2.784013748,2,0.000000000,nan,nan,0.000000000,21.014736034,18.154735968,0.197435962,0.297246035,18.830533954,0,0.100000000
305.800503016,19968,2096,0,11163,8805,17868,6861,1741,1717,900,817,9166,8702,4327,2534,3.126563697,2.278860151,538.590420354,2077.003558089,nan,1,nan,nan,nan,0.000000000,21.685810003,18.520226935,0.191199069,0.292006007,19.201212970,0,0.100000000
305.999809265,20064,1891,0,11128,8936,17868,6861,1832,1832,911,921,9166,8702,4327,2534,3.126563697,2.278860151,556.724007738,2093.871926927,nan,nan,nan,nan,nan,0.000000000,20.558158983,18.491116061,0.199389004,0.288933981,19.202060997,0,0.100000000
306.100493670,19776,1618,0,10934,8842,18154,7389,1820,1836,988,848,9314,8840,4651,2738,3.121387558,2.301329730,542.462015826,2172.796143450,nan,1,nan,nan,nan,0.000000000,23.252414016,20.263110986,0.217874011,0.366126013,20.994920982,0,0.100000000
306.200498819,19968,1901,0,10987,8981,18063,7448,1939,1984,1104,880,9086,8977,4664,2784,3.129763190,2.309427873,595.979014723,2461.810520411,61.039924622,2,1.000000000,nan,nan,0.000000000,23.385795997,20.270306035,0.216024055,0.366590975,21.019524022,0,0.100000000
306.302592039,19968,1989,0,11035,8933,17975,7552,2007,1983,1095,888,9044,8931,4624,2928,3.134166346,2.349259055,599.177690729,2218.443069388,4.388093948,2,0.000000000,nan,nan,0.000000000,24.147638003,21.081233921,0.225334021,0.336566998,21.853115002,0,0.100000000
306.400405645,20064,1895,0,11000,9064,18165,7580,1980,1977,1124,853,9105,9060,4584,2996,3.117079670,2.338283055,550.022070572,2618.363437567,nan,1,nan,nan,nan,0.000000000,26.189894008,22.041588847,0.237556000,0.374120020,22.838853998,0,0.100000000
306.500546932,19968,1969,0,10954,9014,18165,7580,1857,1858,1012,846,9105,9060,4584,2996,3.117079670,2.338283055,517.850037050,2231.216672833,nan,nan,nan,nan,nan,0.000000000,22.594536014,20.503529988,0.228355930,0.336610014,21.252709033,0,0.100000000
306.600963116,20064,1886,0,11162,8902,18174,7598,1848,1835,945,890,9272,8902,4505,3093,3.093128383,2.446727086,491.791160236,2180.947522747,9.955406189,4,0.000000000,nan,nan,0.000000000,23.224205012,20.361959003,0.208607002,0.314974983,21.072194038,0,0.100000000
306.700638056,19872,1964,0,10787,9085,18174,7598,1838,1845,975,870,9272,8902,4505,3093,3.093128383,2.446727086,506.030327068,2131.255314794,nan,nan,nan,nan,nan,0.000000000,22.317682975,20.266275038,0.213630963,0.288075011,21.016753977,0,0.100000000
306.802037001,20064,1855,0,11013,9051,18205,7389,1784,1800,827,973,9154,9051,4206,3183,3.039996048,2.564773108,520.901386272,2154.986424460,40.025949478,4,1.000000000,nan,nan,0.000000000,22.475973004,19.611284952,0.196563953,0.427869032,20.290485991,0,0.100000000
306.900570869,20064,1968,0,10846,9218,18092,6918,1554,1644,842,802,8874,9218,3918,3000,3.051498602,2.554126180,456.801833380,2124.793742615,9.500026703,2,0.000000000,nan,nan,0.000000000,22.392512998,18.762645021,0.188683975,0.402468024,19.511785998,0,0.100000000
307.000528812,19968,1823,0,10918,9050,18141,6877,1682,1719,847,872,9091,9050,3886,2991,3.008472449,2.578521442,512.341237918,2228.211146728,69.287538528,6,1.000000000,nan,nan,0.000000000,22.025002982,19.180966949,0.189320941,0.310177973,19.851993013,0,0.100000000
307.100496531,19200,1912,0,10209,8991,17284,6596,1635,1646,801,845,8294,8990,3629,2967,3.016334334,2.526030794,503.802884856,2024.180552096,nan,1,nan,nan,nan,0.000000000,20.360574010,17.651116068,0.181576004,0.283174042,18.287263054,0,0.100000000
307.200718880,20736,1926,0,11538,9198,17284,6596,1712,1718,835,883,8294,8990,3629,2967,3.016334334,2.526030794,530.561624499,2085.279135696,nan,nan,nan,nan,nan,0.000000000,19.986382977,17.893416050,0.217663066,0.331682968,18.609552993,0,0.100000000
307.300399065,20064,1920,0,10829,9235,17284,6596,1673,1661,811,850,8294,8990,3629,2967,3.016334334,2.526030794,513.026008847,2121.109043490,nan,nan,nan,nan,nan,0.000000000,19.407838990,17.500600137,0.182543998,0.276901992,18.143791007,0,0.100000000
307.400465250,19968,1915,0,11007,8961,18049,6789,1890,1797,966,831,9092,8957,3935,2854,3.015786891,2.510317532,561.516429635,2169.426168218,3.465175629,2,0.000000000,nan,nan,0.000000000,21.639190963,18.795825075,0.217246939,0.292088022,19.524651987,0,0.100000000
307.600408077,20064,1955,0,11199,8865,18105,6858,1706,1648,930,718,9244,8861,4042,2816,3.023600504,2.508369553,502.177810887,1856.802556734,6.919860840,9,0.000000000,nan,nan,0.000000000,21.974508010,18.565146020,0.194297987,0.324689026,19.223619951,0,0.100000000
307.701872110,19968,1965,0,11128,8840,17999,6860,1791,1725,871,854,9159,8840,3982,2878,3.046198693,2.526998620,497.812691262,2062.562214662,nan,1,nan,nan,nan,0.000000000,21.492130996,18.414552964,0.192437903,0.294174999,19.087509019,0,0.100000000
307.900422573,20064,1903,0,11234,8830,18157,6867,1676,1655,902,753,9327,8830,4046,2821,3.043790334,2.519622053,463.994608593,2086.743826425,9.931564331,2,0.000000000,nan,nan,0.000000000,24.174301012,21.274522995,0.229075027,0.327042944,22.017951997,0,0.100000000
308.000469208,19968,1993,0,11165,8803,17971,6899,1809,1756,882,874,9168,8803,4094,2805,3.021183037,2.524339618,515.998141956,2153.665917100,19.884586334,4,1.000000000,nan,nan,0.000000000,21.242633986,18.424532027,0.217431982,0.275030965,19.125871011,0,0.100000000
308.100444078,20064,1835,0,11056,9008,18225,6927,1626,1613,865,748,9221,9004,4125,2802,3.035166731,2.535598418,471.138332857,2126.501871512,6.038904190,19,0.000000000,nan,nan,0.000000000,21.340126987,18.589806976,0.187823025,0.267548021,19.277604995,0,0.100000000
308.200453043,19776,1911,0,11021,8755,17861,7077,1813,1826,973,853,9110,8751,4226,2851,3.040060907,2.535868392,542.311206703,2514.460167884,12.794017792,3,0.000000000,nan,nan,0.000000000,22.113276005,19.241700007,0.212653016,0.291413977,19.948210975,0,0.100000000
308.400554895,19584,1864,0,10967,8617,17716,7012,1784,1805,960,845,9103,8613,4241,2771,3.034483091,2.517650543,541.978582265,2483.634129687,132.567167282,4,1.000000000,nan,nan,0.000000000,22.310382978,19.402385980,0.199387956,0.288403011,20.110713027,0,0.100000000
308.500416040,20448,1776,0,11323,9125,18668,7065,1711,1738,917,821,9546,9122,4226,2839,3.001371528,2.602241938,494.196421774,2431.972822327,4.961013794,2,0.000000000,nan,nan,0.000000000,22.447426978,19.487116020,0.219382986,0.282734982,20.210248011,0,0.100000000
308.804542303,19584,1601,0,10412,9172,17979,7046,1951,1783,893,890,8807,9172,4077,2969,3.002194582,2.592189255,496.764036549,2514.574651142,109.478712082,6,1.000000000,nan,nan,0.000000000,24.044527963,20.976822940,0.218447996,0.291220029,21.732566005,0,0.100000000
308.899609089,20448,1609,0,11388,9060,17979,7046,1790,1791,915,876,8807,9172,4077,2969,3.002194582,2.592189255,513.496451153,2365.338777844,nan,nan,nan,nan,nan,0.000000000,20.959109010,18.913883017,0.221277005,0.395309005,19.632835989,0,0.100000000
309.100538731,19968,1538,0,10816,9152,18426,7006,1865,1733,962,771,9278,9148,4164,2842,2.977686116,2.599777153,500.971347339,2303.712530260,nan,1,nan,nan,nan,0.000000000,24.094271008,19.898047089,0.202675001,0.330329000,20.611527027,0,0.100000000
309.200597048,19968,1398,0,10593,9375,18566,6895,1685,1715,918,797,9195,9371,4112,2783,2.980481398,2.586490676,507.427197077,2388.831656135,10.229825974,2,0.000000000,nan,nan,0.000000000,21.588760021,18.674050982,0.222964038,0.322596985,19.433173991,0,0.100000000
309.300556421,19968,1565,0,10742,9226,18399,6947,1739,1746,888,858,9177,9222,4067,2880,2.977832397,2.617521473,509.611010219,2266.943256611,14.565229416,7,0.000000000,nan,nan,0.000000000,21.547643002,18.738840008,0.196732988,0.303752022,19.431541034,0,0.100000000
309.400472164,19872,1342,0,10571,9301,18399,6947,1678,1686,862,824,9177,9222,4067,2880,2.977832397,2.617521473,463.912732212,2268.202794758,nan,nan,nan,nan,nan,0.000000000,20.575159986,18.573598994,0.213372987,0.307389942,19.258924993,0,0.100000000
309.500579596,20064,1527,0,10737,9327,18533,6996,1680,1702,863,839,9210,9323,4095,2901,2.978730967,2.630550853,456.131188146,2303.821256069,14.637470245,9,0.000000000,nan,nan,0.000000000,21.288683987,18.573586014,0.185650017,0.276929990,19.218711997,0,0.100000000
309.602216959,19872,1320,0,10561,9311,18548,6832,1752,1747,987,760,9237,9311,4056,2776,2.977805529,2.574214162,438.890569954,2591.175254662,6.919145584,3,0.000000000,nan,nan,0.000000000,21.271603007,18.434712023,0.200242968,0.303880021,19.144991995,0,0.100000000
309.700526714,19968,1564,0,10805,9163,18400,6906,1685,1746,973,773,9237,9163,4044,2862,2.975634793,2.593021049,468.653696491,2594.295506411,51.203012466,6,1.000000000,nan,nan,0.000000000,22.391793027,18.899596995,0.192315027,0.279145024,19.572847988,0,0.100000000
309.800472736,19872,1330,0,10599,9273,18400,6906,1653,1660,948,712,9237,9163,4044,2862,2.975634793,2.593021049,401.398280094,2495.249939737,nan,nan,nan,nan,nan,0.000000000,20.314280991,18.382114940,0.207602046,0.285728951,19.059381972,0,0.100000000
309.900667429,19968,1484,0,10735,9233,18480,7077,1677,1707,958,749,9247,9233,4196,2881,2.980392839,2.612771333,446.673178695,2497.639522381,46.387672424,3,1.000000000,nan,nan,0.000000000,21.916764963,18.967006006,0.182049000,0.364150037,19.609157986,0,0.100000000
310.000446081,19968,1343,0,10747,9221,18480,7077,1667,1670,952,718,9247,9233,4196,2881,2.980392839,2.612771333,428.054728246,2487.346736531,nan,nan,nan,nan,nan,0.000000000,21.019705979,18.981031957,0.211396953,0.307694019,19.660932012,0,0.100000000
310.100614548,20064,1496,0,10798,9266,18480,7077,1703,1700,968,732,9247,9233,4196,2881,2.980392839,2.612771333,435.063345689,2470.859932497,nan,nan,nan,nan,nan,0.000000000,21.141569014,19.095153024,0.233037979,0.295887003,19.863863999,0,0.100000000
310.200506449,19584,1318,0,10375,9209,18480,7077,1685,1685,943,742,9247,9233,4196,2881,2.980392839,2.612771333,441.342641609,2486.278448846,nan,nan,nan,nan,nan,0.000000000,19.903294975,18.140479049,0.153806934,0.275100989,18.644365016,0,0.100000000
310.300259590,20064,1398,0,10691,9373,18662,7342,1810,1777,978,799,9289,9373,4295,3047,2.963218076,2.691366061,488.787589626,2839.549421990,nan,1,nan,nan,nan,0.000000000,24.913483998,22.061816009,0.219086069,0.309953990,22.814071039,0,0.100000000
310.500399113,20064,1309,0,10420,9644,18751,7601,1882,1922,986,936,9111,9640,4169,3432,2.935623569,2.762350735,545.752715180,3144.744724399,21.461248398,5,1.000000000,nan,nan,0.000000000,23.298265005,20.313738903,0.218465982,0.314645004,21.044506982,0,0.100000000
310.600830078,20064,1336,0,10618,9446,18724,7806,1976,1984,973,1011,9282,9442,4179,3627,2.868737106,2.804095457,530.668016386,2860.292330930,9.979724884,4,0.000000000,nan,nan,0.000000000,24.424473988,21.252662991,0.234204927,0.334824959,22.024260950,0,0.100000000
310.700952053,19776,907,0,10321,9455,18865,7993,1979,1934,964,970,9411,9454,4219,3774,2.809131690,2.853752173,534.130699514,3009.020998728,4.375219345,2,0.000000000,nan,nan,0.000000000,26.982336014,22.257243982,0.236042950,0.330417999,23.065719986,0,0.100000000
310.800333977,19968,1123,0,10431,9537,18841,7970,1988,1992,922,1070,9306,9535,4062,3908,2.774461532,2.864732835,532.161679667,2945.976568065,70.128440857,5,1.000000000,nan,nan,0.000000000,24.642079021,21.460199030,0.242274953,0.362284947,22.282625025,0,0.100000000
310.901396275,19680,968,0,10333,9347,18841,7970,1952,1934,913,1021,9306,9535,4062,3908,2.774461532,2.864732835,506.201936170,3072.611530421,nan,nan,nan,nan,nan,0.000000000,23.711158021,21.295069077,0.275277940,0.379418023,22.242680017,0,0.100000000
311.000363350,20064,1323,0,10463,9601,18737,7210,1936,1795,861,934,9140,9597,3555,3655,2.664216658,2.895711067,456.403285039,2810.190783349,5.535602570,2,0.000000000,nan,nan,0.000000000,23.162574973,19.616956008,0.220994058,0.318067032,20.364468975,0,0.100000000
311.100477457,19968,1334,0,10511,9457,18630,7150,1804,1719,829,890,9177,9453,3596,3554,2.662992758,2.933480432,414.479776355,2799.063939223,nan,1,nan,nan,nan,0.000000000,23.279649031,20.429435070,0.209326914,0.324733963,21.162613004,0,0.100000000
311.200409651,19776,1259,0,10413,9363,18513,7010,1701,1703,748,955,9153,9360,3451,3559,2.626524183,2.935712534,448.307463524,2790.670799798,5.924701691,4,0.000000000,nan,nan,0.000000000,22.264774016,19.216611050,0.202260970,0.336811005,19.898955012,0,0.100000000
311.298975468,20160,1388,0,10527,9633,18513,7010,1735,1732,760,972,9153,9360,3451,3559,2.626524183,2.935712534,460.563684668,2841.079842841,nan,nan,nan,nan,nan,0.000000000,20.579689008,18.578713993,0.199914968,0.273069018,19.253479957,0,0.100000000
311.400469542,20064,1300,0,10624,9440,18513,7010,1702,1698,720,978,9153,9360,3451,3559,2.626524183,2.935712534,457.380326679,2853.435455355,nan,nan,nan,nan,nan,0.000000000,20.703012007,18.647641991,0.229464960,0.288466981,19.383157953,0,0.100000000
311.501902342,19968,1363,0,10548,9420,18601,7043,1582,1671,785,886,9181,9420,3469,3574,2.594987623,2.956108840,471.398281953,2583.260293957,59.845685959,3,1.000000000,nan,nan,0.000000000,21.773735993,18.929287035,0.203336880,0.387070002,19.584782014,0,0.100000000
311.600341558,19680,1227,0,10237,9443,18449,6880,1571,1581,741,840,9006,9443,3410,3470,2.598720138,2.948895540,406.211745885,2379.503354478,nan,1,nan,nan,nan,0.000000000,21.090811002,18.352416984,0.178344955,0.304738001,18.984124996,0,0.100000000
311.700078249,20352,1408,0,10927,9425,18940,7066,1697,1692,856,836,9515,9425,3609,3457,2.585561889,2.950068754,432.067497169,2682.108509484,89.980602264,5,1.000000000,nan,nan,0.000000000,23.063749017,20.204728993,0.198687077,0.312669959,20.875743008,0,0.100000000
311.801883698,19776,1199,0,10393,9383,18940,7066,1744,1739,800,939,9515,9425,3609,3457,2.585561889,2.950068754,455.952566849,2771.626879041,nan,nan,nan,nan,nan,0.000000000,20.951303013,18.877120048,0.200004899,0.297207967,19.566169998,0,0.100000000
312.000461578,19776,1264,0,10549,9227,18508,6813,1680,1635,765,870,9285,9223,3430,3383,2.517034148,2.970196957,422.832838796,2592.952858970,9.829521179,4,0.000000000,nan,nan,0.000000000,21.691936010,18.473971984,0.207338948,0.284334004,19.154092006,0,0.100000000
312.200532913,19872,1300,0,10543,9329,18568,6919,1596,1652,719,933,9243,9325,3461,3458,2.502584975,2.979825842,443.906878849,2623.934115003,40.262460709,6,1.000000000,nan,nan,0.000000000,21.512859967,18.626973033,0.203848933,0.314078992,19.327664981,0,0.100000000
312.300483942,20064,1357,0,10438,9626,18703,7010,1636,1699,826,873,9081,9622,3465,3545,2.537967327,2.949890112,467.418046755,2378.604007452,12.667894363,4,0.000000000,nan,nan,0.000000000,23.443270009,19.741065043,0.199385919,0.283615955,20.409351040,0,0.100000000
312.400568724,20064,1410,0,10745,9319,18650,6964,1651,1626,715,911,9331,9319,3497,3467,2.512479511,2.987230544,389.304324136,2401.723113443,19.768953323,2,1.000000000,nan,nan,0.000000000,23.922217020,20.843179023,0.181245035,0.304076995,21.484852012,0,0.100000000
312.500422955,19968,1269,0,10445,9523,18695,7174,1812,1746,843,903,9172,9523,3619,3555,2.514214927,2.947338020,434.653820883,2548.188967785,nan,1,nan,nan,nan,0.000000000,24.352793000,19.970726047,0.216382963,0.298484985,20.676271990,0,0.100000000
312.600436211,20064,1483,0,10744,9320,18695,7174,1757,1752,822,930,9172,9523,3619,3555,2.514214927,2.947338020,463.541688585,2521.078587731,nan,nan,nan,nan,nan,0.000000000,21.199988027,19.106357999,0.209959922,0.298250001,19.847112999,0,0.100000000
312.700503349,19872,1245,0,10362,9510,18695,7174,1708,1709,822,887,9172,9523,3619,3555,2.514214927,2.947338020,455.413354296,2511.507203589,nan,nan,nan,nan,nan,0.000000000,20.930494007,18.895686080,0.202052004,0.303377979,19.581036002,0,0.100000000
312.800493717,20064,1459,0,10539,9525,18695,7174,1711,1712,803,909,9172,9523,3619,3555,2.514214927,2.947338020,438.774886207,2468.867148534,nan,nan,nan,nan,nan,0.000000000,21.749443957,19.717726042,0.189569953,0.268545002,20.386138000,0,0.100000000
312.900322199,19968,1283,0,10375,9593,18681,7004,1912,1753,797,956,9092,9589,3523,3481,2.437168738,2.998370446,467.309514380,2554.511597037,65.695762634,4,1.000000000,nan,nan,0.000000000,22.625863960,19.793005020,0.216975925,0.290311989,20.536663011,0,0.100000000
313.000519991,20064,1432,0,10482,9582,18628,7156,1921,1805,784,1021,9050,9578,3611,3545,2.461323853,2.987861664,453.827136391,2644.688374459,3.952264786,2,0.000000000,nan,nan,0.000000000,22.167337011,19.330371055,0.225303986,0.300712010,20.072091022,0,0.100000000
313.105598211,19776,1314,0,10408,9368,18458,7087,1817,1785,843,942,9094,9364,3608,3479,2.415952953,3.023175573,493.815095982,2489.094832591,8.535861969,2,0.000000000,nan,nan,0.000000000,21.688796987,18.892614928,0.196713023,0.275375030,19.580888969,0,0.100000000
313.201931477,20160,1456,0,10594,9566,18700,7271,1847,1752,779,973,9138,9562,3675,3596,2.438599214,2.975405325,453.041226280,2714.324849873,30.922412872,5,1.000000000,nan,nan,0.000000000,22.951947001,19.877840008,0.230664038,0.320273975,20.639601047,0,0.100000000
313.301628590,19968,1297,0,10530,9438,18667,7174,1764,1743,789,954,9229,9438,3579,3595,2.414842621,3.013513957,450.081798014,2645.134457025,70.065021515,4,1.000000000,nan,nan,0.000000000,22.970997030,19.445882877,0.208178069,0.336016004,20.138183027,0,0.100000000
313.400685072,20064,1481,0,10708,9356,18579,7333,1851,1835,855,980,9223,9356,3693,3640,2.472384117,3.002124383,457.845415766,2554.326442167,35.536766052,2,1.000000000,nan,nan,0.000000000,33.634769963,29.698694008,0.210982049,0.276764971,30.418000999,0,0.100000000
313.500415325,19872,1282,0,10487,9385,18579,7333,1832,1825,815,1010,9223,9356,3693,3640,2.472384117,3.002124383,461.976836777,2650.020230059,nan,nan,nan,nan,nan,0.000000000,21.746117971,19.674010982,0.211786013,0.291191973,20.429801021,0,0.100000000
313.600392103,20160,1455,0,10646,9514,18701,7207,1834,1753,845,908,9187,9514,3612,3595,2.425920186,2.966924400,470.297362670,2555.547776039,18.943548203,4,1.000000000,nan,nan,0.000000000,23.358820006,19.729250052,0.240788970,0.316546008,20.528531983,0,0.100000000
313.700449705,19872,1290,0,10546,9326,18701,7207,1817,1825,840,985,9187,9514,3612,3595,2.425920186,2.966924400,484.179257277,2574.101802006,nan,nan,nan,nan,nan,0.000000000,21.384175983,19.154309994,0.223856070,0.387121050,19.881153014,0,0.100000000
313.800485134,20064,1461,0,10444,9620,18599,7083,1712,1753,855,898,8983,9616,3538,3545,2.415533299,2.952285246,482.904375288,2560.953260739,39.676904678,4,1.000000000,nan,nan,0.000000000,23.115006974,19.615864032,0.192606065,0.273424026,20.286498999,0,0.100000000
313.900683403,19872,1386,0,10566,9306,18599,7083,1790,1782,823,959,8983,9616,3538,3545,2.415533299,2.952285246,468.003332446,2554.108288411,nan,nan,nan,nan,nan,0.000000000,22.160144057,19.975064963,0.249070057,0.288631010,20.806054992,0,0.100000000
314.000322580,20064,1437,0,10442,9622,18599,7083,1746,1750,855,895,8983,9616,3538,3545,2.415533299,2.952285246,469.603725441,2548.217138191,nan,nan,nan,nan,nan,0.000000000,20.957893983,18.919353082,0.214290048,0.305998023,19.627784030,0,0.100000000
314.100339413,20064,1428,0,10684,9380,18599,7083,1793,1795,827,968,8983,9616,3538,3545,2.415533299,2.952285246,472.692366008,2575.609193885,nan,nan,nan,nan,nan,0.000000000,20.322711964,18.503135012,0.159227930,0.275528000,19.042292959,0,0.100000000
314.400444269,19968,1383,0,10502,9466,18581,6964,1456,1852,955,897,9115,9466,3476,3488,2.393250541,2.966073797,451.255237757,2812.464819951,96.187114716,5,1.000000000,nan,nan,0.000000000,21.938998019,18.724970985,0.180271978,0.384031970,19.370264024,0,0.100000000
314.500421762,20064,1500,0,10617,9447,18560,6917,1659,1547,698,849,9113,9447,3421,3496,2.401761873,2.965911003,389.503391900,2169.147833363,5.478382111,2,0.000000000,nan,nan,0.000000000,21.429414977,18.728345982,0.183562923,0.258763030,19.381067017,0,0.100000000
314.600466013,19872,1360,0,10413,9459,18560,6917,1555,1568,714,854,9113,9447,3421,3496,2.401761873,2.965911003,396.471632099,2073.615579699,nan,nan,nan,nan,nan,0.000000000,20.376760047,18.514292082,0.170953979,0.247453980,19.117353018,0,0.100000000
314.700310230,20064,1479,0,10515,9549,18581,7032,1660,1572,702,870,9036,9545,3386,3646,2.386288095,2.977331299,375.341944176,2099.972944511,60.390710831,4,1.000000000,nan,nan,0.000000000,21.638558945,18.820527010,0.200788025,0.282555004,19.514624029,0,0.100000000
314.800468683,19968,1383,0,10448,9520,18581,6890,1591,1615,719,896,9065,9516,3356,3534,2.365047353,2.992399212,391.853766255,2168.220383808,19.922971725,3,1.000000000,nan,nan,0.000000000,21.198310016,18.492606992,0.172817032,0.276412989,19.105995016,0,0.100000000
314.900394678,20064,1521,0,10532,9532,18581,6890,1586,1584,748,836,9065,9516,3356,3534,2.365047353,2.992399212,378.061213031,2183.117994706,nan,nan,nan,nan,nan,0.000000000,21.179161035,19.127291976,0.216521148,0.311259006,19.885469985,0,0.100000000
315.000758171,19968,1342,0,10588,9380,18622,7046,1748,1671,764,907,9246,9376,3491,3555,2.312091085,3.013543320,426.017323451,2154.676749637,49.153089523,6,1.000000000,nan,nan,0.000000000,22.975096013,20.150820084,0.193814107,0.296073966,20.817050012,0,0.100000000
315.100856781,20064,1577,0,10694,9370,18483,7135,1602,1570,766,804,9113,9370,3441,3694,2.319421500,3.005770120,382.139501273,2031.550542410,66.253662109,7,1.000000000,nan,nan,0.000000000,22.063820041,19.312279008,0.188611099,0.310842006,19.957939046,0,0.100000000
315.200309753,19872,1300,0,10489,9383,18568,7034,1560,1566,723,843,9185,9383,3425,3609,2.301415684,3.024379628,416.832825912,1993.350078264,nan,1,nan,nan,nan,0.000000000,29.017132008,25.004698953,0.200725102,0.348719012,25.798204995,0,0.100000000
315.300804853,20160,1551,0,10713,9447,18568,7034,1518,1528,707,821,9185,9383,3425,3609,2.301415684,3.024379628,385.830041275,2002.080318314,nan,nan,nan,nan,nan,0.000000000,22.458076011,19.656915974,0.174698012,0.291094999,20.289365028,0,0.100000000
315.403565407,19968,1351,0,10576,9392,18568,7034,1575,1578,710,868,9185,9383,3425,3609,2.301415684,3.024379628,413.819781496,1966.316686297,nan,nan,nan,nan,nan,0.000000000,21.127654996,19.162137003,0.190121995,0.265315000,19.855447987,0,0.100000000
315.500400066,20064,1555,0,10413,9651,18568,7034,1531,1526,710,816,9185,9383,3425,3609,2.301415684,3.024379628,386.313635473,2001.296653950,nan,nan,nan,nan,nan,0.000000000,20.566439023,18.754574005,0.168974046,0.247518008,19.341217994,0,0.100000000
315.602290154,20064,1350,0,10513,9551,18710,6996,1302,1381,529,852,9163,9547,3313,3683,2.297380266,2.993908647,390.978143134,1802.965216017,5.450963974,2,0.000000000,nan,nan,0.000000000,21.703523002,18.973697908,0.161870033,0.368952984,19.524864969,0,0.100000000
315.701345682,19680,1074,0,10274,9406,18710,6996,1453,1487,623,864,9163,9547,3313,3683,2.297380266,2.993908647,394.866828052,1946.183947179,nan,nan,nan,nan,nan,0.000000000,21.176802984,19.061290019,0.189491955,0.330256997,19.692472008,0,0.100000000
315.800553083,19968,1226,0,10399,9569,18738,6921,1964,1674,751,923,9172,9566,3221,3700,2.293512097,2.967664287,428.277943209,2245.987263699,8.927583694,2,0.000000000,nan,nan,0.000000000,22.292417008,19.298073021,0.224617019,0.302972039,20.050577994,0,0.100000000
315.900372028,19776,1259,0,10430,9346,18513,6875,1624,1610,736,874,9170,9343,3158,3717,2.240217619,2.967864008,415.130659830,2206.490566983,nan,1,nan,nan,nan,0.000000000,21.506964986,18.589074898,0.188197999,0.257345964,19.220806018,0,0.100000000
316.000395775,19968,1487,0,10482,9486,18477,6902,1567,1608,661,947,8995,9482,3178,3724,2.314437091,2.920686924,420.901657152,1907.532123781,59.973239899,6,1.000000000,nan,nan,0.000000000,21.705045016,18.831727037,0.189315004,0.320967985,19.451209984,0,0.100000000
316.100368023,19584,1493,0,10421,9163,18087,6848,1505,1521,689,832,8928,9159,3191,3657,2.255851647,2.943727063,379.915093918,2066.361168571,nan,1,nan,nan,nan,0.000000000,21.095498989,18.389485020,0.166712038,0.252679980,19.011732948,0,0.100000000
316.200574160,20448,1560,0,10632,9816,18884,6865,1683,1642,704,938,9068,9816,3105,3760,2.264577857,2.889994124,404.279742732,2136.081534552,40.063858032,7,1.000000000,nan,nan,0.000000000,22.314219968,18.821434001,0.185231096,0.256131985,19.504547992,0,0.100000000
316.300445795,19776,1515,0,10535,9241,18257,6823,1633,1580,714,866,9020,9237,3165,3658,2.248691274,2.864353472,378.023105050,2130.493242077,20.450353622,2,1.000000000,nan,nan,0.000000000,22.856437019,19.580550026,0.183753029,0.250232988,20.211020019,0,0.100000000
316.402112246,20160,1582,0,10601,9559,18574,6835,1766,1680,735,945,9019,9555,3193,3642,2.233865929,2.868843002,421.577017803,2279.764951421,83.370923996,4,1.000000000,nan,nan,0.000000000,21.597875049,18.758484919,0.202415977,0.246973010,19.456732029,0,0.100000000
316.500481367,20064,1576,0,10737,9327,18574,6835,1620,1612,751,861,9019,9555,3193,3642,2.233865929,2.868843002,385.803816182,2280.189793065,nan,nan,nan,nan,nan,0.000000000,22.527574969,20.226850989,0.194121967,0.228542020,20.862450008,0,0.100000000
316.600451231,19968,1606,0,10653,9315,18358,6840,1502,1572,759,813,9043,9315,3311,3529,2.248251272,2.837520757,382.224919990,2154.242339367,5.163669586,2,0.000000000,nan,nan,0.000000000,21.577977983,18.849208951,0.186982972,0.272872043,19.489091006,0,0.100000000
316.700420856,19968,1624,0,10670,9298,18340,6936,1540,1554,735,819,9042,9298,3324,3612,2.274397732,2.829463173,385.605028327,2019.170077372,nan,1,nan,nan,nan,0.000000000,22.496126010,19.846241979,0.196315988,0.253276026,20.470421005,0,0.100000000
316.800374031,19968,1634,0,10702,9266,18330,6636,1501,1508,751,757,9064,9266,3232,3404,2.243636537,2.815477562,378.958718833,2006.613528475,nan,1,nan,nan,nan,0.000000000,20.769449999,17.919388134,0.182399002,0.255311024,18.517570046,0,0.100000000
316.900324106,20064,1672,0,10584,9480,18330,6636,1472,1470,749,721,9064,9266,3232,3404,2.243636537,2.815477562,378.062203657,2022.324845187,nan,nan,nan,nan,nan,0.000000000,19.945468986,18.053363019,0.182415999,0.263793976,18.680487992,0,0.100000000
317.000376225,19968,1639,0,10671,9297,18325,6642,1564,1606,745,861,9032,9293,3191,3451,2.222105125,2.813800364,423.266059979,2196.201630007,26.093482971,4,1.000000000,nan,nan,0.000000000,21.969878988,18.721696048,0.177867012,0.285218004,19.333369972,0,0.100000000
317.100943804,19872,1700,0,10542,9330,18168,6542,1546,1537,706,831,8842,9326,3136,3406,2.276623610,2.791119451,406.469638398,1965.659573535,20.262241364,3,1.000000000,nan,nan,0.000000000,20.349388011,17.756348010,0.174070010,0.234846957,18.366636999,0,0.100000000
317.203153133,19872,1582,0,10657,9215,18168,6542,1452,1457,703,754,8842,9326,3136,3406,2.276623610,2.791119451,366.951673938,1990.885614434,nan,nan,nan,nan,nan,0.000000000,21.973101015,20.179318963,0.175188005,0.215772016,20.792747964,0,0.100000000
317.299819469,20256,1729,0,10572,9684,18523,6680,1504,1510,679,831,8843,9680,3149,3531,2.256239807,2.774861773,387.204547585,1886.169307804,29.797077179,6,1.000000000,nan,nan,0.000000000,21.368907997,18.596135953,0.168671075,0.272942998,19.217080029,0,0.100000000
317.400388718,19872,1613,0,10619,9253,18255,6699,1476,1472,721,751,9002,9253,3269,3430,2.196516100,2.773008080,374.142334838,2072.750465321,4.040002823,2,0.000000000,nan,nan,0.000000000,20.908846986,18.267804000,0.176897040,0.257821986,18.890445994,0,0.100000000
317.500273466,20064,1726,0,10717,9347,18334,6796,1609,1639,750,889,8987,9347,3308,3488,2.224713055,2.737866584,416.496179401,2198.129248369,78.412294388,5,1.000000000,nan,nan,0.000000000,21.581178997,18.820963043,0.179826980,0.326706970,19.447022991,0,0.100000000
317.600337029,19968,1689,0,10715,9253,18275,6786,1534,1568,781,787,9022,9253,3335,3451,2.254885552,2.727935028,387.705716528,2094.567405438,nan,1,nan,nan,nan,0.000000000,21.044007037,18.353555060,0.171225052,0.280842010,18.981963978,0,0.100000000
317.700436592,19776,1810,0,10482,9294,18275,6786,1645,1649,781,868,9022,9253,3335,3451,2.254885552,2.727935028,413.610214375,2171.211618903,nan,nan,nan,nan,nan,0.000000000,20.212685049,18.312958011,0.189770944,0.270288030,18.954233965,0,0.100000000
317.799265623,20160,1732,0,10848,9312,18424,6495,1506,1600,754,846,9112,9312,3172,3323,2.265093977,2.662886683,411.090785836,2080.208786727,4.156351089,2,0.000000000,nan,nan,0.000000000,23.665855988,19.293022051,0.175204012,0.261776033,19.894762023,0,0.100000000
317.900296926,19680,1804,0,10410,9270,18424,6495,1615,1626,772,854,9112,9312,3172,3323,2.265093977,2.662886683,400.041594837,2125.427735303,nan,nan,nan,nan,nan,0.000000000,19.844579045,17.930626986,0.195046945,0.240318011,18.617836002,0,0.100000000
317.999729395,20256,1766,0,10709,9547,18486,6447,1531,1559,720,839,8939,9547,3105,3342,2.234810274,2.616938137,401.963035033,2084.529057129,nan,1,nan,nan,nan,0.000000000,20.290918008,17.586119997,0.175561989,0.280117965,18.183295033,0,0.100000000
318.101073265,20064,1867,0,10607,9457,18193,6572,1615,1559,750,809,8740,9453,3225,3347,2.226255691,2.603961312,380.912526201,2250.691064616,40.123462677,2,1.000000000,nan,nan,0.000000000,20.554843999,17.912801937,0.184745935,0.258316984,18.563209975,0,0.100000000
318.200301886,19968,1847,0,10602,9366,18193,6572,1562,1561,751,810,8740,9453,3225,3347,2.226255691,2.603961312,375.115758964,2297.979638385,nan,nan,nan,nan,nan,0.000000000,19.736058020,17.871446034,0.183930038,0.251160993,18.523379986,0,0.100000000
318.300287485,19968,1857,0,10778,9190,18193,6572,1566,1575,750,825,8740,9453,3225,3347,2.226255691,2.603961312,380.470019086,2305.299516248,nan,nan,nan,nan,nan,0.000000000,20.126485033,18.226846936,0.191992032,0.222684990,18.901818024,0,0.100000000
318.400487661,20064,1956,0,10816,9248,18104,6408,1605,1578,735,843,8856,9248,3110,3298,2.243626008,2.354861070,379.615821418,2262.997875823,20.046949387,3,1.000000000,nan,nan,0.000000000,26.033195958,20.565118059,0.181525946,0.266808027,21.200958989,0,0.100000000
318.500452042,19776,1832,0,10613,9163,18104,6408,1562,1565,732,833,8856,9248,3110,3298,2.243626008,2.354861070,367.842940830,2296.523430669,nan,nan,nan,nan,nan,0.000000000,19.060183025,17.225796997,0.186471036,0.222825038,17.853376979,0,0.100000000
318.700470924,19968,1841,0,10742,9226,18123,6290,1707,1584,757,827,8898,9225,3113,3177,2.131828443,2.383491960,368.073396017,2443.912220358,95.569372177,2,1.000000000,nan,nan,0.000000000,20.145132963,17.316853045,0.201635936,0.261838024,17.992403009,0,0.100000000
318.800310612,20064,1991,0,10561,9503,18069,6472,1685,1652,780,872,8570,9499,3185,3287,2.273092342,2.435276345,387.390119745,2445.648258389,15.707969666,3,1.000000000,nan,nan,0.000000000,23.934323981,20.499346894,0.207266072,0.303960987,21.200810967,0,0.100000000
318.900404215,19872,1869,0,10702,9170,17999,6179,1540,1494,759,735,8833,9166,3015,3164,2.148326141,2.361658015,358.501574785,2260.618376451,9.870529175,2,0.000000000,nan,nan,0.000000000,19.551081990,16.948078002,0.183548022,0.228302961,17.581547960,0,0.100000000
319.100838184,19968,1851,0,10743,9225,17999,6179,1499,1492,745,747,8833,9166,3015,3164,2.148326141,2.361658015,364.805379885,2207.606773113,nan,nan,nan,nan,nan,0.000000000,18.512355979,16.594438988,0.187264988,0.228233985,17.211958999,0,0.100000000
319.200614929,19968,2064,0,10643,9325,17900,6287,1685,1558,761,797,8575,9325,3047,3240,2.193239863,2.344271568,358.919143395,2109.093016925,20.860910416,4,1.000000000,nan,nan,0.000000000,20.046930993,17.363875988,0.190382940,0.268763979,18.047239981,0,0.100000000
319.300274611,19968,1803,0,10665,9303,18161,6280,1633,1597,729,868,8858,9303,3026,3254,2.213918018,2.348123448,372.839493935,2312.064981185,nan,1,nan,nan,nan,0.000000000,20.755816018,18.017660012,0.179262948,0.258898013,18.654512998,0,0.100000000
319.800404310,19200,2096,0,10218,8982,17100,6035,1679,1553,742,811,8122,8978,2866,3169,2.115704104,2.398624986,371.227812146,2345.200098579,290.127277374,6,1.000000000,nan,nan,0.000000000,19.071369024,16.366188996,0.191909086,0.249585020,17.042047053,0,0.100000000
319.898557186,20832,2122,0,10937,9895,17100,6035,1545,1545,730,815,8122,8978,2866,3169,2.115704104,2.398624986,363.520717303,2373.941276898,nan,nan,nan,nan,nan,0.000000000,19.496207999,17.723220983,0.172372966,0.249831995,18.326748977,0,0.100000000
320.000348568,19968,2081,0,10635,9333,17883,6348,1444,1507,731,776,8550,9333,2986,3362,2.100400772,2.379155136,339.245424359,2467.756220035,95.180511475,3,1.000000000,nan,nan,0.000000000,20.872127032,18.112010963,0.165690959,0.253116013,18.699017004,0,0.100000000
320.100305080,20064,2207,0,10677,9387,17853,6311,1673,1652,814,838,8466,9387,3002,3309,2.126910064,2.322117336,414.131443040,2487.250975592,nan,1,nan,nan,nan,0.000000000,22.015188995,18.902307027,0.239608984,0.264700968,19.666962966,0,0.100000000
320.200726986,19968,2147,0,10671,9297,17817,6284,1620,1628,794,834,8520,9297,2969,3315,2.084824440,2.364606910,380.767630373,2490.274664554,85.001230240,3,1.000000000,nan,nan,0.000000000,23.715730989,19.156893017,0.189854938,0.246599026,19.792876963,0,0.100000000
320.300461054,20160,2307,0,10616,9544,17849,6210,1666,1653,807,846,8305,9544,2930,3280,2.163356847,2.273845039,395.457164454,2358.522039983,nan,1,nan,nan,nan,0.000000000,19.732871966,16.979960026,0.184353034,0.228354009,17.622329004,0,0.100000000
320.402201891,19872,2096,0,10580,9292,17849,6210,1622,1628,828,800,8305,9544,2930,3280,2.163356847,2.273845039,389.703599012,2324.519195771,nan,nan,nan,nan,nan,0.000000000,18.807593966,16.866794031,0.199965027,0.230399019,17.524521041,0,0.100000000
320.500281572,20160,2328,0,10471,9689,17828,6097,1651,1611,774,837,8143,9685,2766,3331,2.116912787,2.291354614,402.397753236,2386.572869463,24.738550186,2,1.000000000,nan,nan,0.000000000,19.207994977,16.454456025,0.177459035,0.237372005,17.086334003,0,0.100000000
320.600353003,19872,2004,0,10425,9447,17828,6097,1523,1516,742,774,8143,9685,2766,3331,2.116912787,2.291354614,379.259344683,2310.095367463,nan,nan,nan,nan,nan,0.000000000,18.196324003,16.391190002,0.173645967,0.246729993,16.998559993,0,0.100000000
320.700387001,19296,1609,0,9959,9337,17683,6020,1527,1546,743,803,8349,9334,2798,3222,2.000523204,2.309278683,361.788712070,2231.858275206,6.732940674,2,0.000000000,nan,nan,0.000000000,18.620140967,16.071571968,0.169496983,0.218389032,16.666859039,0,0.100000000
320.900490522,19776,2094,0,10329,9447,17678,6041,1600,1580,747,833,8234,9444,2776,3265,1.977460984,2.309657341,386.535679386,2392.556118940,61.480522156,3,1.000000000,nan,nan,0.000000000,23.485029989,18.953827850,0.184712117,0.274925027,19.596605969,0,0.100000000
321.000269413,19776,2373,0,10393,9383,17399,6023,1575,1593,723,870,8020,9379,2727,3296,2.104540590,2.346538066,403.157383018,2129.288670127,nan,1,nan,nan,nan,0.000000000,19.378204015,16.783300904,0.185283017,0.218433968,17.460064031,0,0.100000000
321.201964378,20256,2618,0,10579,9677,17634,5956,1629,1610,741,869,7961,9673,2612,3344,1.926936722,2.286871636,407.185686079,2395.100502817,111.649036407,4,1.000000000,nan,nan,0.000000000,18.996950996,16.289470077,0.204482058,0.232673017,16.944755975,0,0.100000000
321.800296307,19680,3077,0,10274,9406,16599,5744,1603,1525,702,823,7193,9406,2508,3236,2.031727627,2.370508808,380.482930311,2168.223822021,330.317020416,5,1.000000000,nan,nan,0.000000000,18.755689031,15.757269051,0.171998050,0.242898997,16.373243998,0,0.100000000
321.901428699,20352,3326,0,10785,9567,17022,5809,1499,1538,699,839,7457,9565,2572,3237,2.154340233,2.319637244,393.331656511,2083.726440375,79.937458038,3,1.000000000,nan,nan,0.000000000,21.696045995,18.566505983,0.235138985,0.257933978,19.291521981,0,0.100000000
322.000382662,20064,3408,0,10687,9377,16652,5872,1589,1593,748,845,7282,9370,2573,3299,2.121209906,2.327500163,388.691068525,2187.228416472,65.078735352,3,1.000000000,nan,nan,0.000000000,18.900791998,16.243558028,0.172238913,0.240408001,16.859050025,0,0.100000000
322.301610708,20160,3582,0,10868,9292,16574,6035,1556,1601,772,829,7462,9112,2737,3298,2.788964724,2.242763794,372.837424614,1935.972071335,119.979858398,4,1.000000000,nan,nan,0.000000000,21.920892992,19.103552098,0.181174022,0.250270998,19.723745005,0,0.100000000
322.400452137,19968,3599,0,11186,8782,16365,5921,1611,1595,834,761,7823,8542,2862,3059,2.751336151,2.230081233,363.564592410,2059.412655571,nan,1,nan,nan,nan,0.000000000,21.299314045,18.566524028,0.175549008,0.236627006,19.190656021,0,0.100000000
322.500215292,19872,3684,0,11245,8627,16365,5921,1640,1634,829,805,7823,8542,2862,3059,2.751336151,2.230081233,360.687618857,2139.482392059,nan,nan,nan,nan,nan,0.000000000,18.132846977,16.382399946,0.185190060,0.219139969,17.014991026,0,0.100000000
322.600208521,20160,3727,0,11740,8420,16365,5921,1604,1584,831,753,7823,8542,2862,3059,2.751336151,2.230081233,356.348502309,2116.624749142,nan,nan,nan,nan,nan,0.000000000,18.290141015,16.476589022,0.183437020,0.241164002,17.117347976,0,0.100000000
322.702600718,19872,3699,0,11618,8254,16365,5921,1611,1615,810,805,7823,8542,2862,3059,2.751336151,2.230081233,371.035896593,2071.335800307,nan,nan,nan,nan,nan,0.000000000,18.495485012,16.561066965,0.191668980,0.247413001,17.232710961,0,0.100000000
322.800458670,20064,3681,0,12025,8039,16379,6040,1560,1610,876,734,8558,7821,3262,2778,2.599533674,2.172107782,393.085287313,2108.462373035,9.821176529,2,0.000000000,nan,nan,0.000000000,19.438143994,16.804246057,0.193577958,0.304450979,17.436139984,0,0.100000000
322.900357723,20064,3628,0,12134,7930,16432,6057,1659,1683,940,743,8682,7750,3303,2754,2.725602930,2.152933782,459.055077459,2170.041497962,nan,1,nan,nan,nan,0.000000000,19.304753980,16.772996983,0.186000951,0.279614003,17.421116005,0,0.100000000
323.000397682,19968,3639,0,12116,7852,16432,6057,1532,1529,939,590,8682,7750,3303,2754,2.725602930,2.152933782,395.255117563,2000.118553517,nan,nan,nan,nan,nan,0.000000000,18.178127008,16.417941952,0.173339038,0.248291995,17.013632052,0,0.100000000
323.100401163,19968,3450,0,12046,7922,16514,6145,1562,1534,1018,516,8640,7874,3474,2671,2.689287140,2.048231703,388.121052014,2018.134489610,5.804300308,13,0.000000000,nan,nan,0.000000000,19.402862992,16.794700874,0.198838999,0.278856023,17.428909021,0,0.100000000
323.200270176,20064,3488,0,12033,8031,16572,6071,1507,1540,1041,499,8551,8021,3548,2523,2.739776256,1.928511378,378.793203541,2197.739237020,20.254611969,6,1.000000000,nan,nan,0.000000000,19.636382000,16.740657971,0.181257958,0.263152993,17.363088031,0,0.100000000
323.300369978,19968,3381,0,12089,7879,16583,6162,1636,1657,1152,505,8706,7877,3684,2478,2.826888547,1.855181089,408.923625068,2183.235783270,nan,1,nan,nan,nan,0.000000000,20.209303999,17.192370025,0.197354006,0.278597989,17.877013015,0,0.100000000
323.400377989,19776,3430,0,11885,7891,16583,6162,1616,1617,1127,490,8706,7877,3684,2478,2.826888547,1.855181089,393.755244597,2144.361258648,nan,nan,nan,nan,nan,0.000000000,19.603693974,17.682731035,0.189459999,0.239801011,18.372909981,0,0.100000000
323.600301266,20064,3423,0,12006,8058,16637,6212,1641,1625,1151,474,8579,8058,3663,2549,2.857289961,1.856439458,407.911069351,2197.241259819,124.721765518,7,1.000000000,nan,nan,0.000000000,20.352780004,17.781274975,0.179229013,0.343127002,18.409429991,0,0.100000000
323.700372696,19968,3128,0,12001,7967,16637,6212,1565,1570,1159,411,8579,8058,3663,2549,2.857289961,1.856439458,383.366289853,2125.720218567,nan,nan,nan,nan,nan,0.000000000,18.579144962,16.827255080,0.175052905,0.235324958,17.434964015,0,0.100000000
323.800327778,19488,3370,0,11448,8040,16637,6212,1608,1612,1175,437,8579,8058,3663,2549,2.857289961,1.856439458,397.496585658,2161.243750457,nan,nan,nan,nan,nan,0.000000000,19.841546018,17.603405053,0.194514927,0.318539038,18.278987962,0,0.100000000
324.001008749,20064,3359,0,11837,8227,16701,6116,1513,1528,1067,461,8478,8223,3788,2328,2.876772737,1.695696067,416.795269224,2065.355729070,184.941530228,5,1.000000000,nan,nan,0.000000000,19.528025005,16.823382000,0.186161953,0.296820013,17.437406001,0,0.100000000
324.100732565,19968,3248,0,12018,7950,16716,5958,1459,1516,1057,459,8770,7946,3797,2161,2.888650853,1.626301766,420.747386753,1784.217884272,19.751787186,4,1.000000000,nan,nan,0.000000000,19.923447981,17.149412946,0.227471988,0.304215995,17.901187995,0,0.100000000
324.200323343,19680,3296,0,11811,7869,16716,5958,1490,1481,1061,420,8770,7946,3797,2161,2.888650853,1.626301766,406.455236253,1893.014253536,nan,nan,nan,nan,nan,0.000000000,17.877171980,16.202824016,0.160987023,0.218569010,16.773661016,0,0.100000000
324.400229931,19872,3163,0,11735,8137,16705,5972,1361,1373,833,540,8572,8133,3663,2309,2.849422272,1.838864317,302.947398707,2078.227327581,20.182371140,26,1.000000000,nan,nan,0.000000000,18.845030980,16.278158932,0.154790061,0.309727038,16.827262996,0,0.100000000
324.601479530,20064,3056,0,11845,8219,17004,5639,1471,1440,836,604,8785,8219,3387,2252,2.824944100,1.870595950,358.573187361,1913.059785537,40.100336075,26,1.000000000,nan,nan,0.000000000,18.937728018,15.586091962,0.166242011,0.278574997,16.172812961,0,0.100000000
324.700302362,19968,3141,0,11725,8243,16823,5755,1371,1368,813,555,8580,8243,3416,2339,2.831878248,1.886172060,295.615506356,1956.928708834,5.491018295,2,0.000000000,nan,nan,0.000000000,18.009639985,15.481309034,0.149008003,0.236601045,16.019963019,0,0.100000000
324.800353527,19968,2907,0,11645,8323,17057,5768,1400,1411,838,573,8734,8323,3458,2310,2.831273259,1.857535227,321.835442920,1826.042934848,nan,1,nan,nan,nan,0.000000000,19.786471035,16.797168995,0.165912032,0.301380991,17.366488988,0,0.100000000
324.900286913,19968,2876,0,11515,8453,17088,5774,1447,1472,856,616,8635,8453,3441,2333,2.827700778,1.857926806,345.117278304,1970.304416129,nan,1,nan,nan,nan,0.000000000,18.645531032,16.092275095,0.169499137,0.286296010,16.718162049,0,0.100000000
325.000239849,20064,2761,0,11534,8530,17088,5774,1467,1479,899,580,8635,8453,3441,2333,2.827700778,1.857926806,335.885512544,2070.144307724,nan,nan,nan,nan,nan,0.000000000,17.154243018,15.443740063,0.157472037,0.246388023,16.011210973,0,0.100000000
325.100472450,19968,2660,0,11346,8622,17304,6007,1561,1558,870,688,8686,8618,3559,2448,2.821546075,1.842068821,392.536787971,1968.113426927,nan,1,nan,nan,nan,0.000000000,18.937385001,16.336360015,0.182581076,0.249116973,16.958302003,0,0.100000000
325.200352192,19872,2616,0,11519,8353,17304,6007,1590,1598,973,625,8686,8618,3559,2448,2.821546075,1.842068821,401.410960678,1993.923596086,nan,nan,nan,nan,nan,0.000000000,18.022692995,16.218878969,0.187077909,0.235742948,16.857757990,0,0.100000000
325.300293922,19872,2579,0,11264,8608,17289,6214,1626,1605,884,721,8685,8604,3613,2601,2.784040383,1.881793520,392.547001361,1964.780439964,nan,1,nan,nan,nan,0.000000000,19.615177007,16.844797065,0.186088029,0.489854021,17.491357983,0,0.100000000
325.400228739,19968,2539,0,11507,8461,17425,6426,1537,1452,789,663,8968,8457,3734,2692,2.747252024,1.935078590,355.640549013,1988.383640435,nan,1,nan,nan,nan,0.000000000,20.106398966,17.428682011,0.176901987,0.347193039,18.067399971,0,0.100000000
325.500813484,19584,2405,0,11103,8481,17425,6426,1599,1607,904,703,8968,8457,3734,2692,2.747252024,1.935078590,412.762153521,2006.622498793,nan,nan,nan,nan,nan,0.000000000,20.040699979,17.948054941,0.176190981,0.256173953,18.575032998,0,0.100000000
325.700252771,19584,1874,0,10886,8698,17706,6045,1632,1530,796,734,9010,8696,3447,2598,2.669861808,1.972634166,309.875328378,2060.497904789,150.571584702,5,1.000000000,nan,nan,0.000000000,19.532734004,16.766976041,0.193793967,0.287812029,17.414990987,0,0.100000000
325.805164337,20064,2287,0,11242,8822,17773,6157,1707,1659,884,775,8951,8822,3453,2704,2.676990256,1.983408914,433.276688715,2059.238921877,9.808063507,4,0.000000000,nan,nan,0.000000000,24.809112016,20.852126938,0.183962053,0.260982953,21.502791031,0,0.100000000
325.902184725,19680,2091,0,11140,8540,17773,6157,1450,1454,756,698,8951,8822,3453,2704,2.676990256,1.983408914,348.903066791,1875.736389840,nan,nan,nan,nan,nan,0.000000000,19.759610994,17.411812965,0.177762005,0.250952027,18.030350970,0,0.100000000
326.000230312,20064,2465,0,11161,8903,17773,6157,1626,1622,824,798,8951,8822,3453,2704,2.676990256,1.983408914,419.847943027,1972.020612029,nan,nan,nan,nan,nan,0.000000000,19.061054976,17.056059965,0.218466972,0.278647989,17.787962977,0,0.100000000
326.200349808,20064,2522,0,11236,8828,17538,6598,1563,1566,738,828,8732,8806,3545,3053,2.652805783,2.065186938,360.744615440,2073.048970220,100.309371948,3,1.000000000,nan,nan,0.000000000,22.887786035,19.964066916,0.172281987,0.289848016,20.572740003,0,0.100000000
326.300392628,19968,2641,0,11411,8557,17538,6598,1650,1663,788,875,8732,8806,3545,3053,2.652805783,2.065186938,372.797309691,2159.433520904,nan,nan,nan,nan,nan,0.000000000,20.081381022,18.239171070,0.189881015,0.294704980,18.887633982,0,0.100000000
326.400163889,19488,2586,0,11330,8158,16898,6221,1900,1733,864,869,8813,8085,3405,2816,2.534023080,2.233682830,405.268643429,2325.072298793,3.606319427,2,0.000000000,nan,nan,0.000000000,20.389614976,17.536097032,0.216696004,0.351055001,18.324263045,0,0.100000000
326.498511314,20736,2770,0,11989,8747,16898,6221,1536,1555,748,807,8813,8085,3405,2816,2.534023080,2.233682830,325.127842328,2063.349317883,nan,nan,nan,nan,nan,0.000000000,19.031451026,17.205509124,0.178337970,0.265374023,17.810705001,0,0.100000000
326.602974653,19872,2724,0,11620,8252,17144,6274,1771,1738,898,840,8982,8162,3556,2718,2.491588026,2.612847852,406.728141455,2205.970189221,36.856889725,3,1.000000000,nan,nan,0.000000000,20.546017040,17.604656052,0.204571988,0.278585998,18.335043045,0,0.100000000
326.800313950,20256,2843,0,12082,8174,17409,6322,1563,1608,758,850,9374,8035,3525,2797,2.413382057,2.695819437,374.105441765,2046.155996644,94.111204147,4,1.000000000,nan,nan,0.000000000,20.002619014,17.341389961,0.172824948,0.291895005,17.968272965,0,0.100000000
326.900292397,20064,2866,0,11979,8085,17194,6424,1688,1747,875,872,9199,7995,3524,2900,2.584360660,2.670783613,420.856669522,1998.531160953,8.892774582,2,0.000000000,nan,nan,0.000000000,21.527404024,18.855281058,0.199035974,0.376959972,19.518240006,0,0.100000000
327.000267029,18720,2568,0,11129,7591,16148,5940,1485,1507,660,847,8599,7549,3183,2757,2.425968846,2.694980670,344.407551144,1834.338253553,2.617835999,2,0.000000000,nan,nan,0.000000000,19.201163959,16.740881023,0.189903949,0.237633009,17.361209961,0,0.100000000
327.100328445,21312,2737,0,12457,8855,18571,6523,1793,1779,890,889,9757,8814,3562,2961,2.453541283,2.636367171,466.425938368,2158.707612868,45.146942139,10,1.000000000,nan,nan,0.000000000,21.013652964,18.098836939,0.211249979,0.310968026,18.825687002,0,0.100000000
327.200290442,19968,2389,0,11607,8361,17575,6314,1739,1730,860,870,9226,8349,3455,2859,2.416250690,2.664204329,421.684733791,2126.448925015,5.623102188,3,0.000000000,nan,nan,0.000000000,20.375002001,17.597172991,0.203086995,0.253242033,18.278467993,0,0.100000000
327.399820328,20160,2249,0,11507,8653,17907,6557,1840,1848,920,928,9254,8653,3450,3107,2.410046974,2.589311082,484.569422381,2025.885923921,62.379837036,4,1.000000000,nan,nan,0.000000000,21.750946995,18.601132033,0.231305079,0.483505952,19.418990007,0,0.100000000
327.500282288,19872,2234,0,11238,8634,17634,6494,1663,1664,745,919,9004,8630,3385,3109,2.432163723,2.604079715,428.247383180,1960.482843464,10.051488876,2,0.000000000,nan,nan,0.000000000,22.655428969,19.961090933,0.208333950,0.283687958,20.634190005,0,0.100000000
327.600277662,19872,2070,0,11265,8607,17634,6494,1715,1722,823,899,9004,8630,3385,3109,2.432163723,2.604079715,425.825717277,1941.147498251,nan,nan,nan,nan,nan,0.000000000,21.105180029,19.063593936,0.225161028,0.318032980,19.852504018,0,0.100000000
327.700317621,19872,2051,0,11100,8772,17634,6494,1686,1690,746,944,9004,8630,3385,3109,2.432163723,2.604079715,422.881831725,1881.651970598,nan,nan,nan,nan,nan,0.000000000,19.763579010,17.828897981,0.197265006,0.280138978,18.492300005,0,0.100000000
327.800182104,19776,1840,0,10983,8793,17634,6494,1718,1721,820,901,9004,8630,3385,3109,2.432163723,2.604079715,438.794375799,1930.823499399,nan,nan,nan,nan,nan,0.000000000,19.218566013,17.449943989,0.148541934,0.271320052,17.965670966,0,0.100000000
327.900414944,19584,1992,0,10806,8778,17588,6496,1777,1778,856,922,8814,8774,3445,3051,2.396484698,2.507285991,397.216273665,2223.587415811,5.004167557,3,0.000000000,nan,nan,0.000000000,20.459952997,17.811453901,0.195534027,0.301524007,18.488652015,0,0.100000000
328.000556231,20352,2129,0,11319,9033,18219,6486,1711,1728,816,912,9186,9033,3389,3097,2.516013537,2.601129354,455.177226656,1978.220718574,5.697965622,7,0.000000000,nan,nan,0.000000000,20.694912004,17.955226998,0.200069975,0.293592981,18.651860009,0,0.100000000
328.100301266,19968,2051,0,11027,8941,17913,6417,1624,1656,823,833,8976,8937,3441,2976,2.424261925,2.514155245,409.903524218,2072.332809449,45.804023743,7,1.000000000,nan,nan,0.000000000,21.058799000,18.184387009,0.186524063,0.260117988,18.863610050,0,0.100000000
328.200259447,20064,2086,0,11119,8945,17913,6417,1693,1722,874,848,8976,8937,3441,2976,2.424261925,2.514155245,445.153719804,2096.312581986,nan,nan,nan,nan,nan,0.000000000,19.718020980,17.823893984,0.213499006,0.268384989,18.505130021,0,0.100000000
328.300433159,19968,2109,0,11198,8770,17855,6318,1755,1691,807,884,9085,8770,3410,2908,2.385354124,2.419081784,399.564525187,2035.475194010,5.616426468,4,0.000000000,nan,nan,0.000000000,20.471666998,17.636022065,0.195668952,0.237199012,18.305926002,0,0.100000000
328.400243759,19968,2063,0,11084,8884,17901,6355,1766,1724,874,850,9017,8884,3323,3032,2.562963488,2.356680218,380.223246046,1940.403411870,5.370378494,2,0.000000000,nan,nan,0.000000000,20.465505018,17.749242950,0.227009994,0.274159014,18.481174018,0,0.100000000
328.500218153,19968,2088,0,11239,8729,17901,6355,1706,1694,864,830,9017,8884,3323,3032,2.562963488,2.356680218,371.851584966,1931.902604222,nan,nan,nan,nan,nan,0.000000000,20.856074989,18.940223963,0.217210094,0.234654988,19.626498979,0,0.100000000
328.600173712,20064,2095,0,11133,8931,17965,6351,1746,1636,840,796,9034,8931,3339,3012,2.645048183,2.299281210,363.394116637,1970.739545447,6.187200546,4,0.000000000,nan,nan,0.000000000,20.291423018,17.585246009,0.204144919,0.285787974,18.318173999,0,0.100000000
328.700217247,19872,2008,0,11082,8790,17860,6396,1662,1684,908,776,9071,8789,3418,2978,2.459941857,2.303932317,421.719181516,1887.447772407,nan,1,nan,nan,nan,0.000000000,23.327617033,20.682443923,0.200717070,0.238692970,21.362201020,0,0.100000000
328.800273180,20064,2058,0,10866,9198,18002,6425,1544,1544,752,792,8805,9197,3321,3104,2.629004749,2.210155880,341.441191078,2015.983268403,104.413270950,9,1.000000000,nan,nan,0.000000000,21.231709979,18.633957952,0.175656984,0.264118949,19.241417991,0,0.100000000
328.900181532,19968,1859,0,10983,8985,18002,6425,1715,1732,910,822,8805,9197,3321,3104,2.629004749,2.210155880,400.445053228,2098.438531522,nan,nan,nan,nan,nan,0.000000000,19.933546020,17.997674993,0.204819080,0.260460016,18.675787025,0,0.100000000
329.002692223,20064,2009,0,10757,9307,18002,6425,1583,1581,761,820,8805,9197,3321,3104,2.629004749,2.210155880,349.965378938,2059.824237230,nan,nan,nan,nan,nan,0.000000000,19.697643002,17.869991018,0.174508023,0.242190959,18.499099009,0,0.100000000
329.100223064,19968,1862,0,10907,9061,18102,6682,1766,1727,897,830,9045,9057,3503,3179,2.680373401,2.264537626,425.255447011,2056.042126907,nan,1,nan,nan,nan,0.000000000,21.729251021,18.976795021,0.213685038,0.300115033,19.697756972,0,0.100000000
329.200220823,19680,1937,0,10624,9056,18102,6682,1624,1627,789,838,9045,9057,3503,3179,2.680373401,2.264537626,351.158465684,1918.838124102,nan,nan,nan,nan,nan,0.000000000,20.737236016,18.914063985,0.177548034,0.253824983,19.540718989,0,0.100000000
329.300238371,20352,1900,0,11156,9196,18102,6682,1743,1758,917,841,9045,9057,3503,3179,2.680373401,2.264537626,394.250072097,1969.720997880,nan,nan,nan,nan,nan,0.000000000,20.749865973,18.764922977,0.196659006,0.281923974,19.437792012,0,0.100000000
329.402366638,20064,1849,0,10796,9268,18211,6393,1435,1423,641,782,8943,9268,3383,3010,2.872316395,2.177991845,305.621377934,1660.577262647,29.681921005,3,1.000000000,nan,nan,0.000000000,20.193475997,17.552745936,0.180982985,0.249040022,18.138916988,0,0.100000000
329.500275612,19968,1814,0,10790,9178,18211,6393,1616,1599,791,808,8943,9268,3383,3010,2.872316395,2.177991845,368.639840092,1740.107048592,nan,nan,nan,nan,nan,0.000000000,20.658741007,18.768458976,0.200361887,0.243177987,19.460143987,0,0.100000000
329.600274801,19968,1846,0,10683,9285,18118,6289,1645,1661,790,871,8837,9281,3178,3111,2.857023839,2.234710055,409.921573707,1792.880319259,6.514072418,2,0.000000000,nan,nan,0.000000000,20.539592020,17.854031001,0.182896038,0.256981002,18.514214025,0,0.100000000
329.700181246,20064,1837,0,10669,9395,18223,6433,1608,1602,695,907,8832,9391,3162,3271,2.866336111,2.252040361,350.448358266,1837.416830051,41.132688522,11,1.000000000,nan,nan,0.000000000,21.063279011,18.025521014,0.183796044,0.243478979,18.691350007,0,0.100000000
329.800474644,19968,1842,0,10681,9287,18122,6580,1768,1702,838,864,8839,9283,3263,3317,2.852838050,2.302572074,399.901447466,1763.437442261,6.387948990,21,0.000000000,nan,nan,0.000000000,20.736593986,17.903982080,0.194925931,0.261434994,18.599431030,0,0.100000000
329.901433229,20064,1792,0,10591,9473,18268,6653,1678,1658,799,859,8799,9469,3256,3397,2.860255050,2.331951485,389.779990274,1770.505098351,7.376432419,19,0.000000000,nan,nan,0.000000000,20.844266983,18.119430810,0.204597018,0.258227985,18.781044986,0,0.100000000
330.001039982,19488,1817,0,10687,8801,17667,6554,1812,1784,936,848,8866,8801,3358,3196,2.833164197,2.377218140,427.810979464,1846.694930362,6.551980972,10,0.000000000,nan,nan,0.000000000,21.441619028,18.419929023,0.223848037,0.390122994,19.354719960,0,0.100000000
330.099721909,20448,1759,0,10638,9810,18685,6760,1678,1687,770,917,8879,9806,3282,3478,2.836422753,2.348957855,402.800709970,1789.336418894,11.133432388,16,0.000000000,nan,nan,0.000000000,24.025288003,21.059516002,0.212613086,0.292214972,21.736964991,0,0.100000000
330.200172663,19968,1790,0,10737,9231,18685,6760,1774,1783,857,926,8879,9806,3282,3478,2.836422753,2.348957855,436.190494782,1868.301298533,nan,nan,nan,nan,nan,0.000000000,20.570900990,18.603233038,0.227566983,0.273904006,19.330228970,0,0.100000000
330.300146103,20064,1860,0,10632,9432,18685,6760,1714,1718,789,929,8879,9806,3282,3478,2.836422753,2.348957855,411.320820019,1803.684704539,nan,nan,nan,nan,nan,0.000000000,20.203234977,18.346091034,0.195725937,0.248330995,19.005658047,0,0.100000000
330.400127411,19968,1672,0,10678,9290,18292,6867,1749,1720,826,894,9002,9290,3305,3562,2.789123225,2.470941477,434.070403262,1781.210467267,5.257844925,2,0.000000000,nan,nan,0.000000000,21.329643030,18.654598040,0.189462968,0.291463977,19.307422976,0,0.100000000
330.500142336,20160,1865,0,10436,9724,18291,6954,1716,1777,822,955,8567,9724,3175,3779,2.835041779,2.413554931,471.861025787,1813.704896569,4.394292831,2,0.000000000,nan,nan,0.000000000,22.248447989,19.374256080,0.201702991,0.300090003,20.091893035,0,0.100000000
330.602602720,19680,1449,0,10346,9334,18227,6960,1842,1824,847,977,8897,9330,3207,3753,2.779207332,2.571935061,475.385575003,1778.038410636,5.644083023,4,0.000000000,nan,nan,0.000000000,22.100270027,19.234579988,0.228255987,0.292424986,19.981204008,0,0.100000000
330.704592466,19872,1423,0,10298,9574,18445,7162,1646,1682,707,975,8874,9571,3156,4006,2.744983405,2.544860554,426.682738950,1809.712201319,29.090404510,11,1.000000000,nan,nan,0.000000000,22.800859995,19.885158050,0.192541978,0.311759999,20.539920952,0,0.100000000
330.801285505,19872,1477,0,10328,9544,18391,7208,1799,1816,816,1000,8848,9543,3115,4093,2.759921365,2.582399259,455.043245018,1727.256850252,4.594087601,2,0.000000000,nan,nan,0.000000000,24.388904974,21.180879965,0.243592076,0.377186981,22.038851981,0,0.100000000
330.901682854,19968,1673,0,10531,9437,18291,7228,1791,1707,765,942,8854,9437,3140,4088,2.710110746,2.620956688,471.411287885,1577.215235495,24.554729462,17,1.000000000,nan,nan,0.000000000,24.262577994,21.370951028,0.206242024,0.297779974,22.089547012,0,0.100000000
331.000122309,20064,1787,0,10370,9694,18273,6657,1661,1626,748,878,8583,9690,2805,3852,2.785223264,2.570284600,397.419590450,1659.013457694,6.546497345,5,0.000000000,nan,nan,0.000000000,22.244483989,18.712564022,0.216062064,0.306795991,19.420249970,0,0.100000000
331.100601435,19968,1779,0,10466,9502,18273,6657,1621,1627,715,912,8583,9690,2805,3852,2.785223264,2.570284600,387.935715790,1649.626948082,nan,nan,nan,nan,nan,0.000000000,26.942697004,24.763352063,0.213884981,0.264818955,25.483621983,0,0.100000000
331.200139761,19968,1810,0,10413,9555,18154,6598,1647,1598,689,909,8603,9551,2746,3852,2.559350945,2.637121771,385.885409033,1583.351162903,3.592014313,2,0.000000000,nan,nan,0.000000000,26.533558033,23.343963025,0.209539023,0.270290009,24.042346980,0,0.100000000
331.300224781,19968,1844,0,10405,9563,18154,6598,1585,1589,691,898,8603,9551,2746,3852,2.559350945,2.637121771,382.011929979,1547.583778890,nan,nan,nan,nan,nan,0.000000000,19.694099028,17.890803982,0.171212945,0.262641988,18.495463999,0,0.100000000
331.400113344,20064,1843,0,10482,9582,18217,6615,1817,1657,719,938,8639,9578,2718,3897,2.344089154,2.695403484,436.233407184,1641.707992787,19.855260849,2,1.000000000,nan,nan,0.000000000,21.138765966,18.380031048,0.210632919,0.285027025,19.141267985,0,0.100000000
331.501045465,19968,1867,0,10413,9555,18217,6615,1637,1626,688,938,8639,9578,2718,3897,2.344089154,2.695403484,409.821887457,1615.535549491,nan,nan,nan,nan,nan,0.000000000,19.856004044,18.020819000,0.192156003,0.248147000,18.649782985,0,0.100000000
331.600217342,20064,1863,0,10542,9522,18217,6615,1717,1714,780,934,8639,9578,2718,3897,2.344089154,2.695403484,421.910314906,1599.287221605,nan,nan,nan,nan,nan,0.000000000,20.181558037,18.257225049,0.200237962,0.265445036,18.935140979,0,0.100000000
331.700372219,19968,1939,0,10373,9595,18217,6615,1620,1616,684,932,8639,9578,2718,3897,2.344089154,2.695403484,402.222205354,1583.839306240,nan,nan,nan,nan,nan,0.000000000,19.238080014,17.442593991,0.148962950,0.298308034,17.963977996,0,0.100000000
331.800262928,19968,1874,0,10442,9526,18090,6298,1574,1623,662,961,8564,9526,2443,3855,1.684443339,2.775195178,400.350993287,1549.797041460,5.743265152,4,0.000000000,nan,nan,0.000000000,19.857924024,17.166163947,0.174203946,0.293978024,17.775284010,0,0.100000000
331.900231838,20160,2115,0,10306,9854,18090,6298,1560,1555,567,988,8564,9526,2443,3855,1.684443339,2.775195178,367.465270124,1588.433824341,nan,nan,nan,nan,nan,0.000000000,18.988021999,17.186741054,0.168873928,0.232705963,17.790227954,0,0.100000000
332.000281811,19872,1937,0,10348,9524,17931,6383,1693,1716,715,1001,8411,9520,2407,3976,1.413651316,2.801946832,448.100781782,1717.399577617,nan,1,nan,nan,nan,0.000000000,20.194478973,17.395638977,0.193987973,0.365732005,18.069553014,0,0.100000000
332.100359917,20160,2236,0,10232,9928,17920,6473,1549,1537,473,1064,7996,9924,2327,4146,1.477542293,2.783492070,365.753724153,1593.553454345,50.164699554,14,1.000000000,nan,nan,0.000000000,20.455525024,17.801053007,0.175977009,0.291176024,18.408119038,0,0.100000000
332.200304508,19968,2101,0,10315,9653,17863,6528,1814,1793,637,1156,8214,9649,2401,4127,1.302674740,2.823707744,442.528436967,1735.857438589,74.398279190,5,1.000000000,nan,nan,0.000000000,21.078985010,18.331837025,0.201064046,0.272319012,19.030499971,0,0.100000000
332.400199175,20064,2270,0,10624,9440,17790,6739,1848,1869,713,1156,8350,9440,2652,4087,1.613789474,2.791027359,439.548692716,2188.180338432,12.663841248,3,0.000000000,nan,nan,0.000000000,23.069525952,19.159543968,0.202349911,0.279729953,19.863456022,0,0.100000000
332.500150919,20256,2501,0,10475,9781,17790,6739,1816,1806,686,1120,8350,9440,2652,4087,1.613789474,2.791027359,423.813977441,1963.019017967,nan,nan,nan,nan,nan,0.000000000,20.668373036,18.666783115,0.215566950,0.281483983,19.436401024,0,0.100000000
332.600388765,20064,2454,0,10500,9564,17790,6739,1942,1923,802,1121,8350,9440,2652,4087,1.613789474,2.791027359,465.963643005,2057.866726083,nan,nan,nan,nan,nan,0.000000000,20.737841958,18.694729952,0.221844937,0.292617013,19.459450035,0,0.100000000
332.701060534,19968,2634,0,10510,9458,17330,6913,1995,1955,881,1074,7876,9454,3090,3823,2.765630015,2.628883891,480.220407695,1790.921722103,46.180486679,3,1.000000000,nan,nan,0.000000000,26.270484959,21.387509012,0.248671044,0.321743020,22.205444053,0,0.100000000
332.802290916,19968,2604,0,10695,9273,17360,6892,1864,1824,934,890,8091,9269,3245,3647,2.868130010,2.559667327,439.088791841,1668.949516837,5.772829056,2,0.000000000,nan,nan,0.000000000,22.100645001,19.285349059,0.217029941,0.317684957,20.022417011,0,0.100000000
332.901650190,20160,2674,0,10927,9233,17482,6305,1629,1623,721,902,8249,9233,3043,3262,2.869453934,2.548405243,401.781991716,1675.248304815,4.095077515,2,0.000000000,nan,nan,0.000000000,25.213536981,22.094467015,0.207206991,0.411475019,22.860618017,0,0.100000000
333.000174761,20064,2695,0,10905,9159,17365,6197,1804,1849,924,925,8206,9159,3001,3196,2.968905990,2.540023297,463.490713602,1967.572408634,nan,1,nan,nan,nan,0.000000000,20.205051987,17.492588086,0.222330913,0.298622006,18.258623022,0,0.100000000
333.100317955,20064,2661,0,10731,9333,17399,6270,1831,1793,855,938,8066,9333,3029,3241,2.904698297,2.578055956,437.213057223,1859.171924923,nan,1,nan,nan,nan,0.000000000,21.246489021,18.332557054,0.219184963,0.265385024,19.097832963,0,0.100000000
333.200279474,20064,2684,0,10669,9395,17376,6175,1846,1848,922,926,7985,9391,2955,3220,2.969843345,2.566500036,478.553107124,2092.896235864,4.245519638,2,0.000000000,nan,nan,0.000000000,20.067901001,17.402703001,0.221817056,0.299484993,18.141969980,0,0.100000000
333.300981283,19968,2756,0,10718,9250,17208,6238,1727,1723,798,925,7962,9246,2945,3293,2.959633657,2.584480929,425.269036861,1788.252996310,nan,1,nan,nan,nan,0.000000000,19.946752000,17.344728054,0.201461953,0.283230038,18.027759041,0,0.100000000
333.401366234,19968,2839,0,10699,9269,17125,6234,1755,1763,826,937,7859,9266,2924,3310,2.990241743,2.540998961,459.823438445,1962.238827788,nan,1,nan,nan,nan,0.000000000,24.200027983,20.930800994,0.190220017,0.271252007,21.597540996,0,0.100000000
333.500609159,19968,2808,0,10810,9158,17156,6263,1723,1700,791,909,7998,9158,2932,3331,2.949248176,2.572188568,398.211021498,1744.887106820,5.969047546,14,0.000000000,nan,nan,0.000000000,20.387395984,17.322833999,0.195771048,0.257171050,17.976909003,0,0.100000000
333.601987123,19488,2747,0,10519,8969,16737,6262,1762,1770,841,929,7768,8969,2964,3298,2.999275686,2.527077434,481.285971132,1833.639180451,nan,1,nan,nan,nan,0.000000000,20.294397022,17.626495042,0.198223046,0.283762987,18.303215038,0,0.100000000
333.697152376,20544,2853,0,11112,9432,17687,6221,1634,1631,770,861,8259,9428,2946,3275,2.923616030,2.587349011,395.685518607,1619.415208492,5.387544632,2,0.000000000,nan,nan,0.000000000,20.208053000,17.498910020,0.193177024,0.272407022,18.166252994,0,0.100000000
333.800078869,20064,2883,0,10857,9207,17687,6221,1724,1705,822,883,8259,9428,2946,3275,2.923616030,2.587349011,434.983008956,1646.120124476,nan,nan,nan,nan,nan,0.000000000,19.198723952,17.136937997,0.220028043,0.328046037,17.848516000,0,0.100000000
333.900384426,19968,2812,0,10820,9148,17687,6221,1642,1633,772,861,8259,9428,2946,3275,2.923616030,2.587349011,387.703454926,1636.280184180,nan,nan,nan,nan,nan,0.000000000,18.906339013,17.009819974,0.178406946,0.246800017,17.633991956,0,0.100000000
334.000175238,20064,3085,0,10720,9344,16975,6467,1812,1824,896,928,7635,9340,3071,3396,2.965865729,2.574598400,469.306615021,1729.917956029,4.307508469,2,0.000000000,nan,nan,0.000000000,20.504538028,17.837843043,0.207650010,0.300759042,18.530523987,0,0.100000000
334.100134611,19968,3031,0,10833,9135,16975,6467,1761,1753,771,982,7635,9340,3071,3396,2.965865729,2.574598400,422.161860898,1687.092679784,nan,nan,nan,nan,nan,0.000000000,20.032685017,18.042992044,0.223468000,0.326042005,18.748575007,0,0.100000000
334.200261593,19968,3319,0,10897,9071,16645,6376,1813,1846,896,950,7716,8929,3093,3283,2.966745232,2.597434541,439.538825699,1767.883476794,nan,1,nan,nan,nan,0.000000000,20.969465957,18.195096985,0.230770966,0.294186000,18.977725005,0,0.100000000
334.300756931,20064,3229,0,10926,9138,16645,6376,1764,1753,802,951,7716,8929,3093,3283,2.966745232,2.597434541,398.103064036,1784.499670396,nan,nan,nan,nan,nan,0.000000000,19.431550987,17.526426993,0.197581074,0.308924995,18.209865026,0,0.100000000
334.400344610,19968,3349,0,10982,8986,16615,6176,1782,1833,890,943,7780,8835,2984,3192,2.976290834,2.591834987,474.652895516,1727.907055464,5.923509598,2,0.000000000,nan,nan,0.000000000,19.672147988,17.039910017,0.197715999,0.276369043,17.713196983,0,0.100000000
334.500292063,19584,3146,0,10746,8838,16434,6038,1626,1627,701,926,7727,8707,2910,3128,3.020734607,2.603286876,380.245493801,1597.850607061,0.681638718,2,0.000000000,nan,nan,0.000000000,19.465003978,16.805577965,0.203089032,0.295659003,17.454952991,0,0.100000000
334.598300934,20448,3451,0,11280,9168,16993,6110,1680,1682,762,920,7994,8999,2919,3191,2.985012533,2.593846495,400.510282762,1660.574145065,nan,1,nan,nan,nan,0.000000000,19.860761007,17.186034005,0.209045014,0.329061004,17.876853992,0,0.100000000
334.700195551,19968,3229,0,10916,9052,16735,6106,1580,1584,707,877,7826,8909,2945,3161,3.025227976,2.596956863,334.868610792,1661.049440646,39.978027344,8,1.000000000,nan,nan,0.000000000,19.401788013,16.878225026,0.181552954,0.293166959,17.504218034,0,0.100000000
334.800059795,20064,3293,0,11022,9042,16767,6123,1683,1695,816,879,7877,8890,3008,3115,3.010306011,2.602081093,413.502575610,1661.663504997,69.273471832,4,1.000000000,nan,nan,0.000000000,19.693162991,17.076731951,0.191519910,0.284851994,17.792894971,0,0.100000000
334.900205612,19968,3225,0,10823,9145,16739,6131,1693,1714,757,957,7733,9006,2976,3155,3.009990176,2.594351121,391.640532649,1850.499755980,5.883693695,10,0.000000000,nan,nan,0.000000000,21.302368026,18.619889044,0.193060958,0.289556046,19.297580991,0,0.100000000
335.000127316,20064,3221,0,10931,9133,16839,6224,1787,1767,812,955,7843,8996,3042,3182,2.984056994,2.597190500,419.425128990,1735.250535832,5.784273148,2,0.000000000,nan,nan,0.000000000,19.824893971,17.236545973,0.191467989,0.279810978,17.905627028,0,0.100000000
335.100264311,19968,3127,0,10813,9155,16837,6286,1746,1746,798,948,7815,9022,3085,3201,3.006107840,2.581159209,409.820578192,1815.809987482,104.429006577,2,1.000000000,nan,nan,0.000000000,19.942489977,17.370407062,0.195639033,0.269670971,18.034794019,0,0.100000000
335.200838089,19968,3088,0,10895,9073,16876,6309,1750,1745,822,923,7922,8954,3121,3188,2.987058249,2.609719224,424.777822663,1634.401221829,49.355030060,6,1.000000000,nan,nan,0.000000000,24.974514032,22.081736941,0.204083044,0.256231986,22.803062981,0,0.100000000
335.300135136,19968,3047,0,10743,9225,16917,6261,1745,1765,771,994,7784,9133,3053,3208,3.003045164,2.562917501,424.952258993,1799.153227775,19.284248352,5,1.000000000,nan,nan,0.000000000,20.249018969,17.590488947,0.201329996,0.264044967,18.273024005,0,0.100000000
335.400093317,20064,2969,0,10979,9085,17091,6153,1746,1778,849,929,8071,9020,3016,3137,2.986706762,2.579110283,411.206762191,1670.400189827,40.055990219,5,1.000000000,nan,nan,0.000000000,19.948535017,17.167009995,0.195018947,0.282865018,17.833122984,0,0.100000000
335.500223637,19968,3010,0,10781,9187,16954,6178,1727,1723,799,924,7775,9179,3021,3157,3.017859478,2.548077958,409.253031518,1831.850592627,nan,1,nan,nan,nan,0.000000000,19.884487963,17.203796015,0.193936983,0.288964016,17.887024966,0,0.100000000
335.800085783,20064,2570,0,10841,9223,17490,6229,1913,1791,853,938,8267,9223,3016,3213,2.984614951,2.548399303,422.895709917,1611.456680855,76.111555099,10,1.000000000,nan,nan,0.000000000,20.964452007,17.667754961,0.234650041,0.540943001,18.483301043,0,0.100000000
335.900300503,19968,2538,0,10765,9203,17426,6302,1808,1799,871,928,8226,9200,3074,3228,2.922580289,2.548683713,443.198816296,1704.095266623,5.716085434,7,0.000000000,nan,nan,0.000000000,20.804301021,17.603846965,0.203440024,0.280563021,18.299060990,0,0.100000000
336.000246525,19680,2377,0,10592,9088,17426,6302,1733,1732,795,937,8226,9200,3074,3228,2.922580289,2.548683713,414.301100720,1751.286427784,nan,nan,nan,nan,nan,0.000000000,19.604722038,17.549938057,0.223874056,0.305375026,18.258965982,0,0.100000000
336.100185871,19968,2539,0,10862,9106,17426,6302,1814,1812,875,937,8226,9200,3074,3228,2.922580289,2.548683713,438.592985084,1744.753389817,nan,nan,nan,nan,nan,0.000000000,19.567443989,17.512775026,0.230582897,0.316806021,18.243215978,0,0.100000000
336.200073957,20160,2734,0,10884,9276,17426,6302,1736,1741,801,940,8226,9200,3074,3228,2.922580289,2.548683713,409.784305917,1733.145130456,nan,nan,nan,nan,nan,0.000000000,19.664868014,17.642575025,0.208616082,0.275407976,18.332128006,0,0.100000000
336.300237179,19872,2665,0,10810,9062,17203,6135,1717,1714,847,867,8145,9058,2982,3153,2.945715759,2.586805884,406.642793678,1625.649696472,nan,1,nan,nan,nan,0.000000000,19.792816020,17.027711903,0.229853962,0.362874998,17.765176017,0,0.100000000
336.401109219,20064,2631,0,10779,9285,17429,6239,1530,1569,691,878,8148,9281,3064,3175,2.897979515,2.579570870,408.188265228,1703.461527225,37.957191467,3,1.000000000,nan,nan,0.000000000,19.745876023,17.046000983,0.174032000,0.284631038,17.646599968,0,0.100000000
336.500346661,19872,2605,0,10783,9089,17429,6239,1763,1752,872,880,8148,9281,3064,3175,2.897979515,2.579570870,457.245867512,1681.353109722,nan,nan,nan,nan,nan,0.000000000,19.614995981,17.696252035,0.212147948,0.261681969,18.470173003,0,0.100000000
336.600106001,19968,2538,0,10800,9168,17426,6359,1772,1738,801,937,8262,9164,3180,3179,2.867376746,2.618092609,410.639672011,1723.345123203,129.636526108,3,1.000000000,nan,nan,0.000000000,20.519758051,17.764253018,0.204043987,0.262428017,18.446324044,0,0.100000000
336.700052500,20064,2576,0,10826,9238,17484,6313,1777,1725,810,915,8250,9234,3151,3162,2.859705694,2.619313341,437.755318085,1625.652941038,5.249261856,2,0.000000000,nan,nan,0.000000000,20.622100972,17.872897908,0.222998031,0.276730047,18.581053009,0,0.100000000
336.800680399,19872,2340,0,10793,9079,17484,6313,1694,1695,780,915,8250,9234,3151,3162,2.859705694,2.619313341,413.755268390,1594.929773579,nan,nan,nan,nan,nan,0.000000000,19.523703959,17.460378003,0.220984919,0.274402031,18.203129992,0,0.100000000
336.900187254,20064,2502,0,10947,9117,17558,6315,1705,1697,790,907,8445,9113,3116,3199,2.822059437,2.619133127,386.326292623,1591.394154932,nan,1,nan,nan,nan,0.000000000,20.431321987,17.704727070,0.218482048,0.285610033,18.405841023,0,0.100000000
337.000041962,19968,2243,0,10918,9050,17721,6193,1609,1640,716,924,8671,9050,3015,3178,2.761296153,2.644784630,425.425928761,1576.796406665,89.921712875,2,1.000000000,nan,nan,0.000000000,20.142001973,17.477733956,0.181421055,0.230571954,18.109713972,0,0.100000000
337.100062370,19968,2286,0,10778,9190,17678,6248,1666,1692,790,902,8488,9190,3026,3222,2.830270512,2.591130334,413.199442298,1600.357763904,29.842853546,2,1.000000000,nan,nan,0.000000000,20.031197986,17.458390037,0.201181916,0.245362986,18.147325027,0,0.100000000
337.200045586,19680,2156,0,10635,9045,17520,6136,1639,1648,729,919,8475,9045,2945,3191,2.758958756,2.621987238,385.471303254,1515.048116385,nan,1,nan,nan,nan,0.000000000,20.052731968,17.267089977,0.209303980,0.299192034,17.982324003,0,0.100000000
337.298354626,20352,2235,0,11117,9235,18113,6314,1784,1738,836,902,8878,9235,3098,3216,2.822777067,2.585024899,451.442682392,1599.026033702,nan,1,nan,nan,nan,0.000000000,20.869283006,18.099242996,0.213398016,0.313113967,18.817561038,0,0.100000000
337.400151730,19968,2107,0,10824,9144,18113,6314,1673,1665,777,888,8878,9235,3098,3216,2.822777067,2.585024899,413.556038852,1483.826587950,nan,nan,nan,nan,nan,0.000000000,19.364422013,17.569048039,0.179293973,0.245817995,18.209115951,0,0.100000000
337.500165462,19776,2185,0,10635,9141,18113,6314,1707,1703,804,899,8878,9235,3098,3216,2.822777067,2.585024899,414.916146954,1499.043344378,nan,nan,nan,nan,nan,0.000000000,19.952550007,17.806490010,0.197667978,0.271056022,18.519677978,0,0.100000000
337.598886967,20064,2026,0,10796,9268,18034,6501,1853,1755,767,988,8766,9268,3118,3383,2.646729032,2.577193923,436.638471988,1651.639857070,nan,1,nan,nan,nan,0.000000000,21.178826981,18.401951005,0.205205928,0.270715973,19.143258978,0,0.100000000
337.700139761,19968,2146,0,10692,9276,17818,6504,1769,1732,805,927,8546,9272,3137,3367,2.652540169,2.549401212,453.502362348,1633.469009748,nan,1,nan,nan,nan,0.000000000,21.238941990,18.461902975,0.224673015,0.288834970,19.199625996,0,0.100000000
337.800036669,19872,1981,0,10736,9136,17818,6504,1733,1742,824,918,8546,9272,3137,3367,2.652540169,2.549401212,438.360122919,1576.398068276,nan,nan,nan,nan,nan,0.000000000,20.212337025,18.302684068,0.220880029,0.266210991,19.006769988,0,0.100000000
337.900072813,19872,2035,0,10693,9179,17833,6394,1816,1784,840,944,8658,9175,3066,3328,2.581286510,2.532284953,451.905132272,1696.467099958,3.385543823,2,0.000000000,nan,nan,0.000000000,22.339132964,18.884022080,0.198384980,0.400324992,19.584784051,0,0.100000000
338.000044346,19968,1973,0,10726,9242,17991,6355,1767,1738,780,958,8753,9238,3067,3288,2.597636120,2.553462029,421.382437989,1754.196471498,70.207118988,6,1.000000000,nan,nan,0.000000000,20.667459001,17.931205046,0.224162068,0.271174998,18.642779032,0,0.100000000
338.100186586,19968,2140,0,10795,9173,17824,6310,1697,1720,780,940,8655,9169,3117,3193,2.567297892,2.557646752,428.312412740,1659.877207401,4.277467728,2,0.000000000,nan,nan,0.000000000,20.281640056,17.673042079,0.192578940,0.269040989,18.338697031,0,0.100000000
338.200490475,19968,2036,0,10781,9187,17824,6310,1652,1655,744,911,8655,9169,3117,3193,2.567297892,2.557646752,403.381936432,1643.590773698,nan,nan,nan,nan,nan,0.000000000,19.505326985,17.652058974,0.200876035,0.253978011,18.320585950,0,0.100000000
338.300091028,20064,2347,0,11071,8993,17713,6325,1709,1739,826,913,8722,8991,3105,3220,2.511635877,2.523260008,470.772984267,1699.824820117,3.414869308,2,0.000000000,nan,nan,0.000000000,20.344357996,17.597789934,0.202384021,0.282392954,18.287569052,0,0.100000000
338.400177956,19680,2045,0,10608,9072,17631,6252,1686,1690,731,959,8559,9072,3038,3214,2.564819068,2.528165486,447.496949194,1544.664820834,nan,1,nan,nan,nan,0.000000000,19.923068990,17.352659954,0.188750913,0.237500004,18.008539046,0,0.100000000
338.499824286,20256,2328,0,11384,8872,17924,6266,1816,1794,814,980,9052,8872,3043,3223,2.496784857,2.541315420,464.556695898,1819.310698145,19.993066788,2,1.000000000,nan,nan,0.000000000,20.855221024,17.979299999,0.211058999,0.270418997,18.699379987,0,0.100000000
338.600107670,20064,2233,0,10991,9073,17827,6366,1702,1641,615,1026,8754,9073,3080,3286,2.572685948,2.536710076,397.294136997,1759.340917703,5.630016327,2,0.000000000,nan,nan,0.000000000,23.649370007,20.586970961,0.208732032,0.312449993,21.269146993,0,0.100000000
338.700181961,19968,2340,0,11083,8885,17827,6366,1794,1798,810,988,8754,9073,3080,3286,2.572685948,2.536710076,452.216170218,1740.081152331,nan,nan,nan,nan,nan,0.000000000,19.715052040,17.744078883,0.211129955,0.291598961,18.471503980,0,0.100000000
338.800153017,19968,2310,0,10911,9057,17654,6242,1642,1639,699,940,8601,9053,3014,3228,2.493278997,2.512049711,409.109345653,1673.023584805,nan,1,nan,nan,nan,0.000000000,20.455780963,17.690703971,0.204002077,0.258157961,18.362225033,0,0.100000000
338.900156260,19968,2273,0,11126,8842,17691,6172,1757,1726,822,904,8853,8838,3074,3098,2.349274249,2.558671033,467.169217560,1607.999747040,nan,1,nan,nan,nan,0.000000000,20.046260033,17.331214971,0.199807924,0.270830002,18.014439032,0,0.100000000
339.000129700,20064,2394,0,10989,9075,17666,6253,1660,1638,729,909,8595,9071,3092,3161,2.496235778,2.530121311,397.839425795,1666.675954107,79.979658127,3,1.000000000,nan,nan,0.000000000,20.309429034,17.627615016,0.198412919,0.268317002,18.337272981,0,0.100000000
339.100103855,19392,2169,0,11044,8348,17666,6253,1791,1787,869,918,8595,9071,3092,3161,2.496235778,2.530121311,452.971761810,1684.806163767,nan,nan,nan,nan,nan,0.000000000,19.223357027,17.380810925,0.199609902,0.247596006,18.056992965,0,0.100000000
339.203730583,20544,2508,0,11289,9255,18032,6321,1706,1681,841,840,8781,9251,3178,3143,2.425104286,2.462893668,433.933023043,1712.352557847,14.450788498,4,0.000000000,nan,nan,0.000000000,20.506278961,17.819253088,0.199991046,0.241640024,18.517000019,0,0.100000000
339.300044060,19584,2298,0,11005,8579,17282,6018,1697,1707,843,864,8703,8579,3125,2893,2.466898681,2.527779345,465.917047215,1675.979492478,50.667285919,7,1.000000000,nan,nan,0.000000000,19.678021956,16.790478956,0.187352940,0.229601050,17.437988019,0,0.100000000
339.399726868,20544,2488,0,11645,8899,18052,6369,1604,1628,757,871,9157,8895,3319,3050,2.478578534,2.512129359,382.997724169,1705.927000934,nan,1,nan,nan,nan,0.000000000,24.176686013,20.159912005,0.191179977,0.276596053,20.829671004,0,0.100000000
339.500160456,19968,2443,0,11361,8607,17521,6019,1656,1668,838,830,8914,8607,3177,2842,2.413542595,2.512434707,446.126264216,1642.235785627,nan,1,nan,nan,nan,0.000000000,19.588223018,16.891859996,0.194061955,0.256036990,17.561485991,0,0.100000000
339.600078821,20064,2444,0,11163,8901,17616,6060,1537,1551,705,846,8719,8897,3100,2960,2.475172154,2.422145763,350.032790733,1812.996119500,16.260862350,4,1.000000000,nan,nan,0.000000000,19.571192039,16.946573975,0.171321968,0.239485002,17.544552975,0,0.100000000
339.700177908,19968,2532,0,11377,8591,17432,5970,1627,1651,823,828,8845,8587,3094,2876,2.482558909,2.469570078,433.593228492,1647.969935548,20.619153976,2,1.000000000,nan,nan,0.000000000,22.785883048,19.700216071,0.192678999,0.344637025,20.402074966,0,0.100000000
339.800808668,20064,2574,0,11353,8711,17432,5970,1544,1545,721,824,8845,8587,3094,2876,2.482558909,2.469570078,378.705488759,1645.736460467,nan,nan,nan,nan,nan,0.000000000,18.187542039,16.436580045,0.167630031,0.238592969,17.031216004,0,0.100000000
339.900133133,19968,2642,0,11447,8521,17432,5970,1653,1649,828,821,8845,8587,3094,2876,2.482558909,2.469570078,423.972965821,1644.263494277,nan,nan,nan,nan,nan,0.000000000,18.686827971,16.812696937,0.197899004,0.261339999,17.499506997,0,0.100000000
340.000007153,19392,2607,0,11423,7969,17432,5970,1529,1532,709,823,8845,8587,3094,2876,2.482558909,2.469570078,379.869017847,1619.054553370,nan,nan,nan,nan,nan,0.000000000,18.147270021,16.387898941,0.178317074,0.222908973,16.985708033,0,0.100000000
340.201253414,19968,2653,0,11637,8331,17311,6052,1630,1639,882,757,8980,8331,3373,2679,2.488565685,2.379936735,437.638183823,1643.526106925,83.660602570,3,1.000000000,nan,nan,0.000000000,19.505486998,16.937681998,0.205335964,0.243236020,17.601297994,0,0.100000000
340.400274038,19968,2670,0,11700,8268,17294,5861,1497,1485,771,714,9030,8264,3350,2511,2.483399337,2.352909464,397.691804830,1564.934715059,74.514865875,4,1.000000000,nan,nan,0.000000000,19.242280978,16.599135997,0.198020018,0.294366968,17.279674998,0,0.100000000
340.700160503,19968,2756,0,11811,8157,17208,5824,1512,1539,847,692,9067,8141,3375,2449,2.509562607,2.278635752,430.799971103,1551.848729186,55.439949036,4,1.000000000,nan,nan,0.000000000,19.381135004,16.835069051,0.166663085,0.277496991,17.443121003,0,0.100000000
340.900486708,20256,3201,0,12303,7953,17051,5769,1573,1485,815,670,9148,7903,3396,2373,2.509282202,2.217883949,390.454370716,1612.492914417,49.794197083,6,1.000000000,nan,nan,0.000000000,18.652931030,16.054671025,0.181017036,0.232134014,16.675643041,0,0.100000000
341.001123428,19488,2558,0,11495,7993,16926,5646,1532,1543,885,658,8990,7936,3328,2318,2.549712876,2.176277558,417.340645760,1659.891509326,20.159959793,3,1.000000000,nan,nan,0.000000000,18.476155004,15.951603942,0.179150957,0.266832008,16.581122007,0,0.100000000
341.200099230,19968,3367,0,12149,7819,16926,5646,1465,1465,808,657,8990,7936,3328,2318,2.549712876,2.176277558,369.299984327,1644.477951074,nan,nan,nan,nan,nan,0.000000000,17.285114969,15.617861005,0.161566888,0.214185042,16.189535032,0,0.100000000
341.300312281,20064,3680,0,12494,7570,16380,5485,1495,1490,874,616,8883,7497,3278,2207,2.573687830,2.076339079,399.390063777,1680.696217492,4.537343979,2,0.000000000,nan,nan,0.000000000,17.975743976,15.538757958,0.180770992,0.243811985,16.144049994,0,0.100000000
341.399984598,20064,3653,0,12374,7690,16407,5474,1432,1410,797,613,8796,7611,3259,2215,2.552620860,2.073210546,356.596084429,1609.517576006,60.933828354,4,1.000000000,nan,nan,0.000000000,19.646524976,16.578304931,0.176412053,0.237634988,17.161117983,0,0.100000000
341.500153780,19968,3640,0,12432,7536,16324,5503,1490,1497,902,595,8864,7460,3344,2159,2.544708315,2.104107035,397.026871446,1605.809855518,60.283422470,4,1.000000000,nan,nan,0.000000000,18.356076034,15.883207030,0.173039967,0.245753035,16.532226000,0,0.100000000
341.600240946,20064,3722,0,12550,7514,16338,5540,1529,1547,923,624,8901,7437,3379,2161,2.524670476,2.060672505,420.746586246,1652.649680229,24.133443832,3,1.000000000,nan,nan,0.000000000,18.261192017,15.771866019,0.196129025,0.277142972,16.430344025,0,0.100000000
341.700268269,19968,3631,0,12452,7516,16333,5454,1467,1466,880,586,8886,7447,3325,2129,2.535997952,2.088251186,401.601901937,1574.402841944,nan,1,nan,nan,nan,0.000000000,17.698349955,15.281811997,0.163516030,0.236883992,15.856985992,0,0.100000000
341.800286770,19968,3765,0,12603,7365,16199,5537,1544,1550,933,617,8902,7297,3397,2140,2.534254699,2.099060293,433.919550636,1612.594077384,nan,1,nan,nan,nan,0.000000000,18.140042957,15.752008068,0.180041068,0.215704029,16.373794002,0,0.100000000
341.900135994,20064,3686,0,12574,7490,16374,5549,1505,1502,926,576,8951,7423,3435,2114,2.589016970,2.140598342,421.810502911,1441.437303826,4.544019699,2,0.000000000,nan,nan,0.000000000,18.266156956,15.843904926,0.170110958,0.255093037,16.440669016,0,0.100000000
342.000079870,20064,3825,0,12756,7308,16374,5549,1365,1381,811,570,8951,7423,3435,2114,2.589016970,2.140598342,370.423411292,1385.790888425,nan,nan,nan,nan,nan,0.000000000,17.089498986,15.405748039,0.155144022,0.240870984,15.958882985,0,0.100000000
342.100086212,19488,3698,0,12083,7405,15786,5182,1396,1409,844,565,8450,7336,3103,2079,2.542962238,2.193256119,415.801159278,1319.094666507,7.669210434,8,0.000000000,nan,nan,0.000000000,16.889420047,14.412149088,0.164494035,0.206396042,14.986600028,0,0.100000000
342.300147772,19680,3756,0,12441,7239,15920,5146,1398,1387,844,543,8756,7164,3204,1942,2.555501913,1.793122684,364.388896134,1354.518690267,59.324741364,9,1.000000000,nan,nan,0.000000000,17.172700027,14.558624011,0.183570024,0.219186011,15.139381983,0,0.100000000
342.399030447,20352,3999,0,12928,7424,15920,5146,1440,1436,906,530,8756,7164,3204,1942,2.555501913,1.793122684,381.989934261,1362.423351403,nan,nan,nan,nan,nan,0.000000000,16.160840984,14.361903013,0.187139958,0.273751968,14.963744034,0,0.100000000
342.500098228,19872,3771,0,12464,7408,15920,5146,1432,1422,901,521,8756,7164,3204,1942,2.555501913,1.793122684,381.344411402,1359.388723023,nan,nan,nan,nan,nan,0.000000000,16.209350026,14.458646998,0.166119018,0.205471995,15.029808972,0,0.100000000
342.600083590,20064,3791,0,12829,7235,15920,5146,1418,1417,895,522,8756,7164,3204,1942,2.555501913,1.793122684,375.386607482,1353.911134984,nan,nan,nan,nan,nan,0.000000000,16.023069969,14.213617018,0.169817009,0.266295043,14.820826007,0,0.100000000
342.700130224,19968,3851,0,12664,7304,16113,5377,1550,1552,958,594,8884,7229,3443,1934,2.524562478,1.678815377,430.839455406,1493.484194936,151.749849319,6,1.000000000,nan,nan,0.000000000,17.930471979,15.425989055,0.190089981,0.309903990,16.055384011,0,0.100000000
342.800100327,19968,3843,0,12636,7332,16121,5333,1532,1544,969,575,8952,7169,3408,1925,2.506954522,1.713421709,412.753939383,1468.500514936,nan,1,nan,nan,nan,0.000000000,18.649781996,16.215579002,0.176685920,0.226623961,16.819525976,0,0.100000000
342.900140762,19968,3719,0,12554,7414,16245,5245,1477,1482,914,568,8914,7331,3364,1881,2.533256171,1.659569470,398.243389887,1486.127665776,36.161184311,4,1.000000000,nan,nan,0.000000000,17.669424997,15.187088051,0.186365040,0.248728029,15.842813009,0,0.100000000
343.000162363,20064,3878,0,12750,7314,16182,5083,1468,1471,913,558,8943,7239,3322,1761,2.515720448,1.657165614,378.298015147,1382.706034535,20.024299622,3,1.000000000,nan,nan,0.000000000,16.781195998,14.340323047,0.187386991,0.216493965,14.978063002,0,0.100000000
343.100104809,19968,3802,0,12549,7419,16162,5135,1487,1479,905,574,8812,7350,3362,1773,2.509300471,1.665291286,371.886544231,1535.710268910,34.453868866,3,1.000000000,nan,nan,0.000000000,17.637770972,14.619938971,0.160196039,0.197903952,15.200805035,0,0.100000000
343.200165033,19968,3938,0,12668,7300,16026,5056,1468,1479,898,581,8799,7227,3256,1800,2.496523236,1.683679254,402.413653233,1340.372194106,1.796483994,2,0.000000000,nan,nan,0.000000000,16.951792990,14.348038996,0.175694993,0.229524972,14.933936996,0,0.100000000
343.300075054,19968,3769,0,12515,7453,16195,5135,1465,1449,889,560,8816,7379,3337,1798,2.492228040,1.675139702,390.992981381,1541.911386581,4.181861877,2,0.000000000,nan,nan,0.000000000,16.985260998,14.619188092,0.162858109,0.208445999,15.214801009,0,0.100000000
343.400054455,20064,4062,0,12766,7298,15998,5110,1479,1487,906,581,8779,7219,3318,1792,2.503073529,1.700171179,398.770662585,1313.575515531,24.308681488,2,1.000000000,nan,nan,0.000000000,18.271727022,15.589033952,0.167666993,0.240778027,16.200044018,0,0.100000000
343.500102282,20064,3762,0,12702,7362,16298,5188,1469,1479,915,564,9016,7282,3358,1830,2.491908089,1.685055905,418.394910539,1404.405930659,120.373010635,5,1.000000000,nan,nan,0.000000000,17.033859040,14.629455924,0.174271932,0.227745040,15.232175996,0,0.100000000
343.600112677,19488,3883,0,12413,7075,15601,5166,1515,1504,932,572,8607,6994,3342,1824,2.515183878,1.695386034,406.051500833,1433.938593764,6.318807602,2,0.000000000,nan,nan,0.000000000,16.944740026,14.389499032,0.170265033,0.272157020,15.013362980,0,0.100000000
343.700082541,20064,3803,0,12692,7372,16257,5218,1491,1488,932,556,8965,7292,3379,1839,2.483077321,1.735516438,418.478357560,1439.143833927,nan,1,nan,nan,nan,0.000000000,17.341845960,14.834138041,0.168559898,0.224342977,15.431278036,0,0.100000000
343.801646471,20256,3900,0,12900,7356,16352,5170,1432,1456,863,593,9070,7282,3272,1898,2.536978169,1.739238960,380.636366277,1452.127645972,29.666900635,4,1.000000000,nan,nan,0.000000000,16.872229986,14.456618926,0.160935102,0.240364985,15.069732035,0,0.100000000
343.899986267,20064,3651,0,12764,7300,16409,5189,1487,1452,875,577,9193,7216,3349,1840,2.508933922,1.785909197,393.639573501,1415.719589946,nan,1,nan,nan,nan,0.000000000,16.949985002,14.549952000,0.170523999,0.219444977,15.144637960,0,0.100000000
344.000156164,19584,3750,0,12145,7439,16409,5189,1532,1530,942,588,9193,7216,3349,1840,2.508933922,1.785909197,417.291482402,1496.568604591,nan,nan,nan,nan,nan,0.000000000,16.399217013,14.634222956,0.186027086,0.221725029,15.296482015,0,0.100000000
344.100508213,20448,3687,0,12911,7537,16757,5319,1535,1539,943,596,9296,7461,3481,1838,2.545261975,1.771481045,419.042866624,1429.639424786,65.304994583,8,1.000000000,nan,nan,0.000000000,17.461361014,14.993255027,0.168510072,0.228257035,15.599526989,0,0.100000000
344.200135946,19968,3733,0,12447,7521,16231,5244,1518,1523,918,605,8791,7440,3374,1870,2.523217125,1.750703281,427.969538572,1449.489477361,66.414594650,3,1.000000000,nan,nan,0.000000000,17.597205995,14.992724115,0.194275985,0.261094014,15.620538034,0,0.100000000
344.300081253,19872,3576,0,12458,7414,16292,5254,1594,1592,985,607,8962,7330,3374,1880,2.503558480,1.777493602,446.610663787,1487.003989698,5.713462830,2,0.000000000,nan,nan,0.000000000,17.634345044,14.930297970,0.194599037,0.237683009,15.564822999,0,0.100000000
344.400115252,20064,3946,0,12645,7419,16114,5164,1424,1409,828,581,8771,7343,3320,1844,2.516934913,1.682207185,371.765584661,1411.981150968,6.236553192,3,0.000000000,nan,nan,0.000000000,17.089230998,14.615060005,0.172531989,0.240312016,15.204371011,0,0.100000000
344.501361132,20064,3740,0,12676,7388,16114,5164,1504,1517,934,583,8771,7343,3320,1844,2.516934913,1.682207185,416.619062752,1444.253030346,nan,nan,nan,nan,nan,0.000000000,15.993371024,14.259869058,0.178502931,0.206503028,14.861865027,0,0.100000000
344.600079775,19968,3802,0,12613,7355,16162,5141,1410,1421,833,588,8877,7285,3301,1840,2.511410380,1.667378228,394.115418948,1484.077570532,100.085735321,6,1.000000000,nan,nan,0.000000000,16.955895000,14.550860040,0.157337985,0.235621992,15.124827973,0,0.100000000
344.700095892,19968,3825,0,12717,7251,16139,5007,1498,1483,896,587,8958,7181,3178,1829,2.518748411,1.674979715,421.829852960,1428.742277953,5.417346954,5,0.000000000,nan,nan,0.000000000,16.947694006,14.225634979,0.173555047,0.235824962,14.863546006,0,0.100000000
344.800067425,20064,4042,0,12940,7124,16139,5007,1464,1466,882,584,8958,7181,3178,1829,2.518748411,1.674979715,404.744877304,1471.341915876,nan,nan,nan,nan,nan,0.000000000,15.671810019,13.972239045,0.162152981,0.219481997,14.560548007,0,0.100000000
344.900069237,19968,3988,0,12831,7137,15976,5152,1475,1461,904,557,8903,7073,3376,1776,2.541746384,1.609356721,397.947276490,1335.530013342,5.905389786,2,0.000000000,nan,nan,0.000000000,16.716343001,14.380959095,0.159257965,0.216156011,14.965430018,0,0.100000000
344.999968529,20064,3911,0,12738,7326,16149,5130,1487,1489,918,571,8891,7258,3315,1815,2.522322130,1.563106511,396.602179464,1489.352410275,4.187822342,2,0.000000000,nan,nan,0.000000000,16.650449019,14.312251005,0.165099045,0.215299020,14.892386040,0,0.100000000
346.101872444,19968,3885,0,12885,7083,16079,5300,1322,1452,911,541,9064,7015,3385,1915,2.535491208,1.672201282,410.260247292,1425.019882055,179.933786392,18,1.000000000,nan,nan,0.000000000,17.369366949,14.911631995,0.154469919,0.243210001,15.461463016,0,0.100000000
346.200396061,20064,3865,0,12617,7447,16195,5354,1532,1562,951,611,8828,7367,3308,2046,2.581800528,1.791129789,453.057412084,1486.739630859,60.165166855,5,1.000000000,nan,nan,0.000000000,17.374435964,14.962201065,0.172608008,0.219562964,15.558312996,0,0.100000000
346.400013924,20064,4374,0,12843,7221,15686,5201,1458,1464,861,603,8792,6894,3249,1952,2.550273174,1.858998673,419.186958285,1398.884295933,nan,1,nan,nan,nan,0.000000000,16.868078965,14.495360025,0.164533034,0.238741981,15.082402038,0,0.100000000
346.500096560,20064,4679,0,13144,6920,15381,5074,1488,1483,955,528,8936,6445,3306,1768,2.525847370,1.947275542,412.905060696,1361.639737380,6.605625153,2,0.000000000,nan,nan,0.000000000,19.758994051,16.898779024,0.168995000,0.228327001,17.534343002,0,0.100000000
346.600060940,19968,4984,0,13294,6674,14980,5097,1426,1430,921,509,8844,6136,3388,1709,2.535625136,1.788665124,408.291367968,1275.475535973,nan,1,nan,nan,nan,0.000000000,17.804403964,15.222345071,0.160884054,0.236850989,15.793074970,0,0.100000000
346.900075674,19968,5530,0,13501,6467,14434,4944,1468,1461,985,476,8883,5551,3397,1547,2.554093592,1.861060717,408.166829826,1304.520613891,31.689167023,13,1.000000000,nan,nan,0.000000000,16.521629994,14.188546920,0.169337960,0.230785983,14.785177016,0,0.100000000
347.000095844,20064,5696,0,13705,6359,14364,4858,1375,1394,912,482,8989,5375,3370,1488,2.518615094,1.773344909,398.582474956,1191.291450285,9.724378586,18,0.000000000,nan,nan,0.000000000,15.829782002,13.637596974,0.149742060,0.215781969,14.170257025,0,0.100000000
347.100083590,19872,5680,0,13431,6441,14188,4732,1423,1407,928,479,8783,5405,3255,1477,2.561794927,1.940355947,411.177032124,1252.880683834,6.219625473,12,0.000000000,nan,nan,0.000000000,17.463530996,15.120769967,0.154042034,0.219313020,15.689557011,0,0.100000000
347.300083637,19968,5759,0,13446,6522,14205,4693,1359,1370,890,480,8767,5438,3201,1492,2.549052550,1.904547336,389.982539245,1208.872734023,80.003261566,11,1.000000000,nan,nan,0.000000000,15.479072987,13.215424086,0.151481945,0.190466992,13.750826998,0,0.100000000
347.400040150,19968,5734,0,13593,6375,14205,4693,1398,1399,924,475,8767,5438,3201,1492,2.549052550,1.904547336,404.025459207,1182.662044941,nan,nan,nan,nan,nan,0.000000000,14.803697995,13.166942983,0.174736953,0.202819007,13.788102951,0,0.100000000
347.500453472,19968,5789,0,13457,6511,14175,4800,1377,1378,912,466,8775,5400,3271,1529,2.522746584,1.892186148,412.728164607,1149.581447772,41.553497314,9,1.000000000,nan,nan,0.000000000,15.870416013,13.654626964,0.160287949,0.186507998,14.205771033,0,0.100000000
347.600431919,19968,5758,0,13606,6362,14206,4855,1399,1390,972,418,9030,5176,3388,1467,2.495245870,1.953422675,400.593211974,1186.547112004,nan,1,nan,nan,nan,0.000000000,15.851445030,13.609278947,0.159248011,0.216607004,14.180961007,0,0.100000000
347.699915409,20064,5808,0,13673,6391,14252,4920,1411,1405,944,461,8978,5274,3433,1487,2.501898024,1.881290528,403.281401235,1260.649959731,15.874385834,30,1.000000000,nan,nan,0.000000000,16.101965972,13.771977974,0.176201982,0.199981965,14.347731019,0,0.100000000
347.799958467,20064,5824,0,13708,6356,14236,4902,1411,1411,983,428,9065,5171,3428,1474,2.525889446,1.966939299,414.610377036,1220.368432507,6.419420242,20,0.000000000,nan,nan,0.000000000,16.430079995,13.916419004,0.178399961,0.345267006,14.527640014,0,0.100000000
347.900107384,19968,5834,0,13608,6360,14130,4884,1351,1340,883,457,8886,5244,3375,1509,2.531399209,1.896109817,388.170271258,1208.729002481,8.169174194,22,0.000000000,nan,nan,0.000000000,15.935433970,13.568699942,0.157532981,0.267761003,14.104050992,0,0.100000000
348.000147104,19872,5912,0,13543,6329,13956,4779,1388,1387,944,443,8841,5115,3313,1466,2.497364547,1.974558442,406.553634210,1132.903713824,6.318569183,2,0.000000000,nan,nan,0.000000000,15.757843968,13.441086921,0.178418995,0.288837007,14.085677976,0,0.100000000
348.102546453,19872,5861,0,13497,6375,14007,4817,1309,1313,877,436,8802,5205,3345,1472,2.506674391,1.829444179,378.842378984,1123.004182201,7.939338684,20,0.000000000,nan,nan,0.000000000,15.859359002,13.524626964,0.176099071,0.205655000,14.077903004,0,0.100000000
348.200601578,19872,5968,0,13557,6315,13900,4694,1420,1417,972,445,8813,5087,3276,1418,2.489186853,1.926861411,415.451535164,1125.168392190,6.268501282,13,0.000000000,nan,nan,0.000000000,15.544577036,13.360655052,0.158729905,0.198733003,13.919312041,0,0.100000000
348.300315619,20352,6202,0,13802,6550,13900,4694,1334,1334,895,439,8813,5087,3276,1418,2.489186853,1.926861411,370.420454806,1095.189156986,nan,nan,nan,nan,nan,0.000000000,14.760194987,13.172698964,0.161926961,0.199137023,13.752440980,0,0.100000000
348.399949789,19968,6081,0,13639,6329,13883,4756,1402,1399,948,451,8765,5118,3318,1438,2.501926155,1.972537211,406.967762874,1086.127854185,nan,1,nan,nan,nan,0.000000000,15.388006985,13.315049000,0.155463000,0.194867956,13.869484945,0,0.100000000
348.499922037,20064,5862,0,13644,6420,14198,4821,1326,1324,874,450,8997,5201,3351,1470,2.493137410,1.898713492,385.368721438,1195.218084887,18.918275833,3,1.000000000,nan,nan,0.000000000,15.924930980,13.699122064,0.150283042,0.230575970,14.236378018,0,0.100000000
348.600162983,19968,6052,0,13692,6276,14198,4821,1383,1383,932,451,8997,5201,3351,1470,2.493137410,1.898713492,399.136050923,1216.668307172,nan,nan,nan,nan,nan,0.000000000,15.236794017,13.706669037,0.148074003,0.192587962,14.263821999,0,0.100000000
348.700260878,20064,5840,0,13746,6318,14220,4873,1385,1387,947,440,9102,5118,3383,1490,2.524660145,1.954342985,408.213099328,1168.419222306,127.101659775,2,1.000000000,nan,nan,0.000000000,16.101337038,13.885134016,0.167424092,0.242736016,14.470994996,0,0.100000000
348.800183058,19968,6036,0,13714,6254,14220,4873,1341,1347,903,444,9102,5118,3383,1490,2.524660145,1.954342985,380.520212137,1188.871426986,nan,nan,nan,nan,nan,0.000000000,15.200570982,13.670416025,0.155108050,0.204956974,14.216504991,0,0.100000000
348.900092363,19200,5738,0,13025,6175,13458,4640,1313,1314,914,400,8494,4964,3221,1419,2.421197668,1.877817924,388.136157919,1098.136968019,19.725322723,9,1.000000000,nan,nan,0.000000000,15.440834977,13.264867070,0.153283938,0.221882015,13.819800981,0,0.100000000
349.100406408,20064,5970,0,13651,6413,14090,4812,1410,1412,966,446,8972,5118,3382,1430,2.483696284,1.961302034,423.170034267,1291.504208033,nan,1,nan,nan,nan,0.000000000,15.853784978,13.676067989,0.164460042,0.200223003,14.244166028,0,0.100000000
349.200261831,19968,5949,0,13569,6399,14015,4839,1373,1363,911,452,8793,5222,3370,1469,2.524532658,1.857390569,392.711937107,1143.639820898,39.823293686,8,1.000000000,nan,nan,0.000000000,15.844561043,13.644498948,0.148613006,0.202110037,14.181050996,0,0.100000000
350.500027895,19968,6162,0,13781,6187,13802,4730,1191,1204,788,416,8793,5009,3298,1432,2.586557675,1.875544173,394.678976772,1348.242984366,409.998893738,44,1.000000000,nan,nan,0.000000000,15.752325999,13.385791040,0.136487070,0.309361028,13.884279004,0,0.100000000
350.600472212,20064,5673,0,13674,6390,14387,4796,1052,1132,719,413,9235,5152,3381,1415,2.511765120,1.962205206,367.474848463,1046.884584545,15.414476395,3,1.000000000,nan,nan,0.000000000,15.522060974,13.416237023,0.126769068,0.257674023,13.869802002,0,0.100000000
350.700143576,19968,5993,0,13677,6291,13971,4783,1424,1422,989,433,8889,5082,3335,1448,2.576165776,1.908182236,430.848074863,1234.957395085,5.769729614,5,0.000000000,nan,nan,0.000000000,15.481068986,13.386123988,0.158468960,0.229694007,13.943333994,0,0.100000000
350.800090075,20064,5575,0,13472,6592,14485,4845,1390,1404,928,476,9125,5360,3334,1511,2.536114780,1.960473885,391.413702617,1323.140774751,40.161609650,4,1.000000000,nan,nan,0.000000000,16.502348997,14.250113047,0.161632895,0.222446048,14.811708010,0,0.100000000
350.900035620,19584,5379,0,13197,6387,14485,4845,1452,1455,982,473,9125,5360,3334,1511,2.536114780,1.960473885,387.708135683,1288.541364966,nan,nan,nan,nan,nan,0.000000000,15.107699030,13.486090058,0.182383985,0.196515000,14.081495989,0,0.100000000
351.100013494,19872,5689,0,13529,6343,14179,4835,1437,1444,967,477,9065,5114,3360,1475,2.535559901,1.980113612,410.102041088,1447.383795673,46.734333038,31,1.000000000,nan,nan,0.000000000,15.921277984,13.503499969,0.171824067,0.219137990,14.095021994,0,0.100000000
351.200066566,19968,5801,0,13416,6552,14163,4873,1455,1465,964,501,8845,5318,3340,1533,2.581053304,2.082396934,405.369741061,1361.932917095,9.145975113,18,0.000000000,nan,nan,0.000000000,15.744961973,13.499316119,0.170439947,0.201112998,14.080012974,0,0.100000000
351.299958706,20064,6019,0,13615,6449,14041,4839,1461,1460,972,488,8893,5148,3318,1521,2.563334353,2.278012048,400.059391241,1500.274013412,39.987802505,7,1.000000000,nan,nan,0.000000000,15.968572989,13.564087974,0.177721900,0.289770018,14.153145952,0,0.100000000
351.400061131,19968,5999,0,13529,6439,13965,4785,1390,1385,922,463,8820,5145,3282,1503,2.551745675,2.186940339,367.936073166,1341.890202569,nan,1,nan,nan,nan,0.000000000,15.643138962,13.356734940,0.154762005,0.196550041,13.904350984,0,0.100000000
351.499887466,20064,6061,0,13702,6362,13999,4758,1417,1435,993,442,8948,5051,3323,1435,2.527040864,2.214971769,389.942515849,1422.064146882,69.645881653,4,1.000000000,nan,nan,0.000000000,15.605091001,13.387668005,0.161663047,0.249542005,14.004461991,0,0.100000000
351.599974632,19968,6054,0,13663,6305,13910,4770,1379,1374,918,456,8868,5042,3377,1393,2.534997757,1.917437987,366.829747990,1161.058162935,nan,1,nan,nan,nan,0.000000000,15.323175001,13.019688951,0.152832072,0.193936983,13.561155996,0,0.100000000
351.699967861,19968,6037,0,13698,6270,13927,4706,1435,1418,949,469,8923,5004,3316,1390,2.532384297,2.064230039,390.622335813,1379.036699430,99.864721298,4,1.000000000,nan,nan,0.000000000,15.187355981,13.025855005,0.159756979,0.207382021,13.594677032,0,0.100000000
351.799930573,20064,6063,0,13753,6311,13997,4818,1426,1421,947,474,8967,5030,3435,1383,2.563551197,1.969872483,401.563224933,1343.045356439,nan,1,nan,nan,nan,0.000000000,15.380422992,13.301133062,0.155604968,0.201775983,13.859461993,0,0.100000000
351.900037527,19968,5964,0,13625,6343,14000,4803,1443,1449,975,474,8897,5103,3407,1396,2.556232089,2.159982391,413.507176112,1351.521713704,50.623655319,6,1.000000000,nan,nan,0.000000000,15.847942967,13.578883896,0.169585051,0.231156999,14.205564978,0,0.100000000
352.000020027,19968,6045,0,13691,6277,13919,4685,1392,1400,971,429,8923,4996,3345,1340,2.527132088,2.040724704,411.596120763,1277.274884852,31.893014908,3,1.000000000,nan,nan,0.000000000,15.105865023,12.971554999,0.164206082,0.200464972,13.528599986,0,0.100000000
352.100095510,20064,6031,0,13561,6503,14029,4712,1402,1408,953,455,8806,5223,3342,1370,2.554391331,2.055817411,396.468300503,1267.623630123,nan,1,nan,nan,nan,0.000000000,15.556227008,13.168951031,0.166075071,0.198649010,13.794858998,0,0.100000000
352.200061798,19968,5982,0,13689,6279,14029,4712,1430,1432,978,454,8806,5223,3342,1370,2.554391331,2.055817411,407.554939705,1254.587107632,nan,nan,nan,nan,nan,0.000000000,14.458863006,12.921850954,0.159496034,0.191542029,13.478633016,0,0.100000000
352.299959421,20064,6036,0,13570,6494,14024,4626,1353,1376,915,461,8746,5278,3189,1437,2.541327946,2.184568799,379.059938474,1239.175387044,6.004095078,4,0.000000000,nan,nan,0.000000000,15.053326031,12.735367927,0.147664978,0.274005986,13.290550036,0,0.100000000
352.401705742,19968,5925,0,13743,6225,14039,4650,1385,1385,968,417,9006,5033,3297,1353,2.481617943,2.277260784,395.733420505,1210.213621987,nan,1,nan,nan,nan,0.000000000,15.114677022,12.891999038,0.154834997,0.216895016,13.448500016,0,0.100000000
352.499922037,19968,6018,0,13600,6368,14039,4650,1358,1352,932,420,9006,5033,3297,1353,2.481617943,2.277260784,372.556665316,1196.368051316,nan,nan,nan,nan,nan,0.000000000,14.296395995,12.753508985,0.152063090,0.194406020,13.290086004,0,0.100000000
352.599944115,19872,5923,0,13652,6220,13945,4711,1414,1422,984,438,8946,4999,3350,1361,2.480861072,2.271662895,414.199258476,1328.254627050,3.084897995,2,0.000000000,nan,nan,0.000000000,15.486846969,13.159475988,0.178810034,0.234338979,13.753161009,0,0.100000000
352.800746202,19968,6034,0,13812,6156,13945,4711,1434,1442,1003,439,8946,4999,3350,1361,2.480861072,2.271662895,408.698458208,1284.888641730,nan,nan,nan,nan,nan,0.000000000,14.668164018,13.058617944,0.175807974,0.201377028,13.671405963,0,0.100000000
352.899885654,19968,6142,0,13914,6054,13822,4769,1406,1411,953,458,8892,4930,3396,1373,2.525303636,2.267520604,406.496565467,1206.978299690,nan,1,nan,nan,nan,0.000000000,15.198752983,13.121647993,0.156736933,0.200423994,13.672935020,0,0.100000000
353.000491142,20064,6608,0,14411,5653,13452,4491,1315,1327,954,373,8954,4498,3324,1167,2.506235223,2.277736358,361.286811615,1116.328490565,5.093812943,2,0.000000000,nan,nan,0.000000000,14.441729989,12.335630076,0.165556965,0.194387976,12.879153015,0,0.100000000
353.099973679,19968,7002,0,14567,5401,12962,4327,1261,1250,945,305,8821,4141,3327,1000,2.497632951,1.988371507,335.026583453,1147.647868899,nan,1,nan,nan,nan,0.000000000,13.975110953,12.012104911,0.147488958,0.169606006,12.526345032,0,0.100000000
353.399930716,19968,6922,0,14527,5441,13042,4291,1227,1257,932,325,8787,4255,3294,997,2.497788771,2.269381687,341.760176965,1163.645451204,59.578657150,14,1.000000000,nan,nan,0.000000000,13.886519999,11.845865985,0.138570031,0.206321012,12.361298024,0,0.100000000
353.499873400,19968,6628,0,14295,5673,13042,4291,1310,1309,984,325,8787,4255,3294,997,2.497788771,2.269381687,361.177915349,1223.025233358,nan,nan,nan,nan,nan,0.000000000,13.186086959,11.778265995,0.148889958,0.185077020,12.308074045,0,0.100000000
353.799872637,19968,6865,0,14418,5550,13099,4410,1269,1302,960,342,8850,4249,3353,1057,2.532049792,2.000417213,348.498050214,1252.010336637,174.304485321,5,1.000000000,nan,nan,0.000000000,14.165198023,12.101646920,0.142478966,0.210686994,12.647369993,0,0.100000000
353.899924994,19968,6614,0,14356,5612,13099,4410,1328,1319,979,340,8850,4249,3353,1057,2.532049792,2.000417213,367.809913150,1180.267060604,nan,nan,nan,nan,nan,0.000000000,13.351102010,11.972020089,0.143681013,0.180081988,12.491801986,0,0.100000000
354.000033617,20064,6853,0,14315,5749,13099,4410,1289,1295,955,340,8850,4249,3353,1057,2.532049792,2.000417213,355.680894888,1191.222801878,nan,nan,nan,nan,nan,0.000000000,13.578542974,12.056071020,0.150834967,0.217141991,12.651812984,0,0.100000000
354.099944592,20064,6574,0,14264,5800,13099,4410,1316,1314,975,339,8850,4249,3353,1057,2.532049792,2.000417213,369.060558979,1173.875529969,nan,nan,nan,nan,nan,0.000000000,12.862221978,11.578289967,0.121770950,0.191579980,11.982438038,0,0.100000000
354.200014353,19968,6605,0,14234,5734,13359,4506,1328,1332,959,373,8780,4579,3358,1148,2.517219381,2.024177149,366.865497963,1136.415068121,39.408445358,7,1.000000000,nan,nan,0.000000000,14.413357014,12.359180953,0.154355948,0.208203041,12.913321960,0,0.100000000
354.300153494,19488,5836,0,13632,5856,13648,4606,1417,1431,1001,430,8977,4671,3351,1255,2.496967288,2.301335537,417.354268138,1200.230837687,19.919157028,2,1.000000000,nan,nan,0.000000000,14.813318034,12.745985994,0.164134952,0.201038027,13.315850985,0,0.100000000
354.400485277,20256,6789,0,14072,6184,13463,4515,1361,1374,984,390,8765,4698,3305,1210,2.517484792,1.815664021,406.408131796,1216.098170019,8.090734482,19,0.000000000,nan,nan,0.000000000,14.780113008,12.652216014,0.155398971,0.207334000,13.208041026,0,0.100000000
354.600657463,19872,5550,0,13358,6514,14318,4910,1480,1477,961,516,8776,5542,3323,1587,2.542225599,1.934138672,420.020967228,1350.362571728,20.121097565,8,1.000000000,nan,nan,0.000000000,19.824672956,17.435939051,0.182299060,0.224128016,18.145568960,0,0.100000000
354.700135946,19968,5141,0,13312,6656,14823,4937,1495,1480,951,529,8948,5875,3242,1695,2.514508889,2.011001224,418.964818402,1409.629248513,35.198211670,6,1.000000000,nan,nan,0.000000000,18.229481007,15.830521064,0.210152124,0.208460027,16.560301010,0,0.100000000
354.800000429,19680,4843,0,12857,6823,14823,4937,1505,1510,983,527,8948,5875,3242,1695,2.514508889,2.011001224,423.742410811,1459.263966953,nan,nan,nan,nan,nan,0.000000000,15.711784014,14.095571940,0.167630031,0.220756978,14.691349992,0,0.100000000
354.900048733,20352,4603,0,13378,6974,14823,4937,1505,1503,975,528,8948,5875,3242,1695,2.514508889,2.011001224,414.737964516,1473.271934765,nan,nan,nan,nan,nan,0.000000000,15.238329011,13.653654954,0.166394922,0.213383988,14.249968983,0,0.100000000
354.999932289,19968,4349,0,12872,7096,15615,5232,1570,1547,980,567,8852,6763,3339,1893,2.529829516,1.728001708,454.534360307,1560.616702497,8.495092392,26,0.000000000,nan,nan,0.000000000,17.513322993,14.945341973,0.209820981,0.222865026,15.656769974,0,0.100000000
355.100103855,20064,4413,0,12924,7140,15647,5282,1520,1539,969,570,8784,6863,3329,1953,2.555457132,1.700762530,437.315453721,1482.328104822,7.824659348,19,0.000000000,nan,nan,0.000000000,17.175486020,14.703866909,0.189869083,0.225365977,15.332009003,0,0.100000000
355.202021360,19872,4089,0,12753,7119,15779,5319,1527,1525,977,548,8865,6914,3399,1920,2.538756655,1.676950324,452.119389633,1476.924771051,6.381988525,4,0.000000000,nan,nan,0.000000000,17.706696002,15.152143955,0.179906958,0.244100986,15.803096001,0,0.100000000
355.299882412,20160,4128,0,12725,7435,16028,5345,1515,1522,981,541,8752,7276,3404,1941,2.573571758,1.665617596,425.712501830,1424.136599039,8.422613144,26,0.000000000,nan,nan,0.000000000,17.807987984,15.262432978,0.168049941,0.284012000,15.874092991,0,0.100000000
356.399998188,19968,3683,0,12419,7549,16281,5211,1311,1431,860,571,8807,7474,3293,1918,2.559509792,1.559107095,448.860297192,1447.118274461,160.825729370,38,1.000000000,nan,nan,0.000000000,17.411553010,14.734115975,0.149582978,0.256634026,15.268945019,0,0.100000000
356.900129557,19872,3741,0,12491,7381,16127,5259,1368,1502,932,570,8812,7315,3375,1884,2.561221506,1.584397055,445.340876523,1503.705139090,229.960203171,3,1.000000000,nan,nan,0.000000000,18.128657015,15.664268984,0.154972018,0.287853996,16.234526003,0,0.100000000
357.000104666,20064,3805,0,12761,7303,16255,5235,1437,1470,921,549,9023,7232,3397,1838,2.537776510,1.574340323,446.432258977,1477.050641626,79.274654388,3,1.000000000,nan,nan,0.000000000,17.068139976,14.709288022,0.158828974,0.242947019,15.276958991,0,0.100000000
357.099858522,19968,3690,0,12487,7481,16255,5235,1556,1568,1002,566,9023,7232,3397,1838,2.537776510,1.574340323,466.788092211,1505.847475906,nan,nan,nan,nan,nan,0.000000000,16.492233030,14.750870061,0.180243107,0.230095990,15.363882005,0,0.100000000
357.200637102,20064,3733,0,12742,7322,16327,5134,1378,1375,862,513,9077,7250,3332,1802,2.500321830,1.568367778,386.683384266,1336.470812782,nan,1,nan,nan,nan,0.000000000,17.117329000,14.597088040,0.166922982,0.230087026,15.168457001,0,0.100000000
357.299867153,19872,3637,0,12329,7543,16327,5134,1448,1441,929,512,9077,7250,3332,1802,2.500321830,1.568367778,419.054328665,1326.166247261,nan,nan,nan,nan,nan,0.000000000,16.002840013,14.368258999,0.164421042,0.197432993,14.937423985,0,0.100000000
357.399878502,20064,3641,0,12590,7474,16419,5064,1382,1392,879,513,9021,7398,3270,1794,2.484213030,1.568903719,398.581181804,1319.758933618,39.938211441,6,1.000000000,nan,nan,0.000000000,16.810327012,14.353120059,0.155348971,0.212748011,14.911112958,0,0.100000000
357.500022173,19968,3720,0,12398,7570,16244,5121,1458,1455,935,520,8747,7497,3255,1866,2.526169264,1.557125876,453.984961255,1339.008434908,20.489692688,7,1.000000000,nan,nan,0.000000000,17.252774967,14.710930060,0.178073999,0.224461022,15.357416007,0,0.100000000
357.600224733,19968,3568,0,12461,7507,16396,5241,1447,1474,940,534,8964,7432,3368,1873,2.486337407,1.573516277,429.133010304,1428.815751464,51.718473434,4,1.000000000,nan,nan,0.000000000,17.068163957,14.679727959,0.164539961,0.218482979,15.250000986,0,0.100000000
357.699834824,19680,3664,0,12399,7281,16396,5241,1566,1556,1026,530,8964,7432,3368,1873,2.486337407,1.573516277,463.363215853,1458.920503672,nan,nan,nan,nan,nan,0.000000000,16.672740050,14.923456998,0.176976959,0.234145031,15.538742999,0,0.100000000
357.801399469,20448,3776,0,12774,7674,16668,5348,1499,1489,950,539,9074,7594,3452,1896,2.477971580,1.578926505,421.294219383,1416.992776805,6.193161011,2,0.000000000,nan,nan,0.000000000,17.476761015,15.069532034,0.187773025,0.238373003,15.679382021,0,0.100000000
357.899918079,19968,3620,0,12440,7528,16344,5299,1584,1573,1041,532,8881,7463,3406,1893,2.510135272,1.550159329,466.983254917,1498.436748267,59.686899185,4,1.000000000,nan,nan,0.000000000,17.622442043,15.132991946,0.172670058,0.245692965,15.749379992,0,0.100000000
357.999883890,19968,3721,0,12602,7366,16243,5229,1436,1433,917,516,8952,7291,3378,1851,2.505013353,1.559572674,403.732777786,1327.874213582,15.137434006,3,1.000000000,nan,nan,0.000000000,17.176506983,14.845650061,0.161467004,0.221580965,15.407816973,0,0.100000000
358.099998713,20064,3535,0,12503,7561,16243,5229,1520,1529,1016,513,8952,7291,3378,1851,2.505013353,1.559572674,429.487912844,1323.169664198,nan,nan,nan,nan,nan,0.000000000,16.477989033,14.752999006,0.174480898,0.228188990,15.394936025,0,0.100000000
358.199998140,19488,3690,0,12066,7422,15794,5055,1369,1378,863,515,8442,7352,3210,1845,2.427115053,1.550372337,402.779809288,1292.505053233,nan,1,nan,nan,nan,0.000000000,16.758599959,14.314001019,0.151346030,0.236044987,14.862476033,0,0.100000000
358.400100231,19968,3839,0,12564,7404,16125,5178,1538,1535,1027,508,8795,7330,3312,1866,2.495989746,1.555428359,447.675941142,1363.450038746,5.442142487,2,0.000000000,nan,nan,0.000000000,18.757637008,15.960105986,0.189531944,0.243482005,16.582556011,0,0.100000000
358.503035784,20064,3678,0,12440,7624,16382,5236,1448,1454,928,526,8832,7550,3344,1892,2.486204983,1.551689359,410.256963289,1437.624645504,nan,1,nan,nan,nan,0.000000000,17.069308029,14.623872994,0.163048040,0.262090005,15.192690014,0,0.100000000
358.599884510,19968,3744,0,12470,7498,16220,5223,1575,1548,1025,523,8791,7429,3338,1885,2.507764132,1.571488402,453.553608597,1377.068722130,5.972385406,2,0.000000000,nan,nan,0.000000000,17.103803984,14.731615025,0.190489984,0.229878002,15.359610028,0,0.100000000
358.800407648,19872,3816,0,12485,7387,16052,5227,1390,1408,898,510,8742,7310,3334,1893,2.510230514,1.571641487,397.799875393,1333.118753073,39.730310440,16,1.000000000,nan,nan,0.000000000,16.893107037,14.454049990,0.164189958,0.236149004,15.017181984,0,0.100000000
358.901368380,20064,3572,0,12676,7388,16488,5260,1487,1502,983,519,9173,7315,3345,1915,2.514113331,1.587048484,447.834843315,1452.923730096,nan,1,nan,nan,nan,0.000000000,17.199509020,14.769470959,0.178562012,0.206931029,15.364840045,0,0.100000000
359.000074625,19872,3721,0,12396,7476,16488,5260,1434,1441,918,523,9173,7315,3345,1915,2.514113331,1.587048484,414.728332658,1424.332452466,nan,nan,nan,nan,nan,0.000000000,16.560551012,14.854641980,0.189393992,0.227034034,15.452919994,0,0.100000000
359.201438665,19872,3691,0,12390,7482,16177,5141,1526,1521,1018,503,8762,7415,3317,1824,2.518514079,1.550231639,455.438725235,1271.454777206,nan,1,nan,nan,nan,0.000000000,17.945042986,14.852410008,0.196442008,0.614123011,15.526080970,0,0.100000000
359.299889803,19968,3536,0,12452,7516,16428,5215,1416,1414,907,507,8985,7443,3330,1885,2.501501629,1.581115163,414.949033667,1334.647932450,20.956039429,3,1.000000000,nan,nan,0.000000000,17.149306019,14.681269065,0.169229985,0.222403964,15.250749013,0,0.100000000
359.399819374,20064,3793,0,12502,7562,16267,5214,1567,1570,1049,521,8768,7499,3357,1857,2.520262482,1.543015573,463.174470270,1419.395328596,nan,1,nan,nan,nan,0.000000000,17.703483987,14.920163027,0.189276994,0.332753989,15.623917046,0,0.100000000
359.500046253,20064,3701,0,12567,7497,16359,5215,1428,1432,912,520,8940,7419,3329,1886,2.519636133,1.590432680,410.299249430,1400.798320064,4.005432129,2,0.000000000,nan,nan,0.000000000,17.038304999,14.666511037,0.171650958,0.222766015,15.275179001,0,0.100000000
359.599825382,19968,3726,0,12509,7459,16238,5210,1537,1544,1031,513,8844,7394,3360,1850,2.540841145,1.556681520,450.319997098,1406.118000805,nan,1,nan,nan,nan,0.000000000,17.749974038,15.108457999,0.206341967,0.383306993,15.766674012,0,0.100000000
359.699939966,19968,3697,0,12590,7378,16238,5210,1428,1423,908,515,8844,7394,3360,1850,2.540841145,1.556681520,401.810951251