t,valid_plane_num,lambda_min,lambda_min_norm,is_degenerate_voxelslam,persistent_degenerate,early_warning
1772194435.001598,0,nan,nan,0,0,0
1772194435.100621,0,nan,nan,0,0,0
1772194435.201409,0,nan,nan,0,0,0
1772194435.301632,0,nan,nan,0,0,0
1772194435.401993,0,nan,nan,0,0,1
1772194435.500421,0,nan,nan,0,0,1
1772194435.601421,0,nan,nan,0,0,1
1772194435.701421,0,nan,nan,0,0,1
1772194435.801412,0,nan,nan,0,0,1
1772194435.900580,0,nan,nan,0,1,1
1772194436.000468,1233,307.048617,0.249026,0,1,1
1772194436.101453,1248,318.644033,0.255324,0,1,1
1772194436.201416,1282,321.091051,0.250461,0,1,0
1772194436.300675,1262,318.480623,0.252362,0,0,0
1772194436.401539,1239,308.878656,0.249297,0,0,0
1772194436.501472,1236,316.700533,0.256230,0,0,0
1772194436.600614,1226,309.739512,0.252642,0,0,0
1772194436.700705,1236,322.221886,0.260697,0,0,0
1772194436.800579,1220,305.004263,0.250003,0,0,0
1772194436.901405,1205,287.715169,0.238768,0,0,0
1772194437.000414,1205,293.911858,0.243910,0,0,0
1772194437.101398,1234,290.477355,0.235395,0,0,0
1772194437.201403,1210,312.108345,0.257941,0,0,0
1772194437.301542,1222,299.136039,0.244792,0,0,0
1772194437.400417,1216,302.912226,0.249105,0,0,0
1772194437.501377,1234,296.084201,0.239939,0,0,0
1772194437.599982,1238,297.257255,0.240111,0,0,0
1772194437.700574,1236,282.193484,0.228312,0,0,0
1772194437.801426,1213,270.542296,0.223036,0,0,0
1772194437.900377,1207,264.250947,0.218932,0,0,0
1772194438.000332,1215,262.940663,0.216412,0,0,0
1772194438.100331,1220,267.835834,0.219538,0,0,0
1772194438.201370,1193,265.084454,0.222200,0,0,0
1772194438.301605,1221,275.068362,0.225281,0,0,0
1772194438.400117,1211,265.863760,0.219541,0,0,0
1772194438.501351,1165,244.443315,0.209823,0,0,0
1772194438.600564,1168,239.224931,0.204816,0,0,0
1772194438.700420,1127,227.962353,0.202274,0,0,0
1772194438.800557,1143,239.382085,0.209433,0,0,0
1772194438.901428,1086,218.381893,0.201088,0,0,0
1772194439.001510,1106,226.914495,0.205167,0,0,0
1772194439.100726,1084,224.593228,0.207189,0,0,0
1772194439.201449,1085,220.380146,0.203115,0,0,0
1772194439.301558,1073,231.635747,0.215877,0,0,0
1772194439.400591,1082,219.819815,0.203161,0,0,0
1772194439.500484,1085,224.422730,0.206841,0,0,0
1772194439.601340,1082,230.919733,0.213419,0,0,0
1772194439.700625,1106,233.565788,0.211181,0,0,0
1772194439.800383,1094,246.479891,0.225302,0,0,0
1772194439.901351,1088,234.035457,0.215106,0,0,0
1772194440.000203,1068,231.252007,0.216528,0,0,0
1772194440.101432,1082,219.061457,0.202460,0,0,0
1772194440.200113,1084,226.282691,0.208748,0,0,0
1772194440.301543,1055,211.430084,0.200408,0,0,0
1772194440.400625,1097,232.861556,0.212271,0,0,0
1772194440.501431,1053,217.268137,0.206333,0,0,0
1772194440.600431,1098,237.523454,0.216324,0,0,0
1772194440.702132,1087,233.409037,0.214728,0,0,0
1772194440.800721,1112,232.613406,0.209185,0,0,0
1772194440.901442,1067,233.436806,0.218779,0,0,0
1772194441.000448,1114,233.776237,0.209853,0,0,0
1772194441.100121,1092,236.710611,0.216768,0,0,0
1772194441.201591,1094,230.914739,0.211074,0,0,0
1772194441.301673,1092,232.495967,0.212908,0,0,0
1772194441.400702,1090,225.326201,0.206721,0,0,0
1772194441.500456,1147,247.914890,0.216142,0,0,0
1772194441.601404,1147,239.911009,0.209164,0,0,0
1772194441.701626,1184,263.340737,0.222416,0,0,0
1772194441.800910,1230,257.820494,0.209610,0,0,0
1772194441.900733,1234,257.002043,0.208267,0,0,0
1772194442.000484,1194,268.712258,0.225052,0,0,0
1772194442.100510,1246,279.150215,0.224037,0,0,0
1772194442.201324,1227,284.579717,0.231931,0,0,0
1772194442.301642,1234,292.104230,0.236713,0,0,0
1772194442.401425,1197,306.502113,0.256059,0,0,0
1772194442.500391,1257,306.333026,0.243702,0,0,0
1772194442.601362,1232,313.293917,0.254297,0,0,0
1772194442.700598,1244,306.256137,0.246187,0,0,0
1772194442.801475,1241,312.958779,0.252183,0,0,0
1772194442.900473,1205,297.359934,0.246772,0,0,0
1772194443.000534,1194,291.784950,0.244376,0,0,0
1772194443.101391,1169,296.365214,0.253520,0,0,0
1772194443.201457,1224,300.599296,0.245588,0,0,0
1772194443.301695,1238,322.302256,0.260341,0,0,0
1772194443.401383,1256,324.646323,0.258476,0,0,0
1772194443.501393,1233,315.816852,0.256137,0,0,0
1772194443.601537,1225,295.590609,0.241298,0,0,0
1772194443.701501,1221,302.843930,0.248029,0,0,0
1772194443.801324,1263,300.933251,0.238269,0,0,0
1772194443.901294,1278,308.477142,0.241375,0,0,0
1772194444.001474,1235,302.308602,0.244784,0,0,0
1772194444.101376,1243,305.011664,0.245383,0,0,0
1772194444.201411,1272,307.343131,0.241622,0,0,0
1772194444.301481,1288,320.746906,0.249027,0,0,0
1772194444.400575,1269,310.208166,0.244451,0,0,0
1772194444.501362,1259,315.938857,0.250944,0,0,0
1772194444.600503,1261,313.941854,0.248963,0,0,0
1772194444.700332,1261,316.438575,0.250943,0,0,0
1772194444.800547,1250,313.321473,0.250657,0,0,0
1772194444.900523,1268,309.297075,0.243925,0,0,0
1772194445.001291,1274,323.838308,0.254190,0,0,0
1772194445.101396,1266,303.529868,0.239755,0,0,0
1772194445.201300,1249,310.845385,0.248875,0,0,0
1772194445.300502,1220,298.320344,0.244525,0,0,0
1772194445.401336,1229,302.823672,0.246398,0,0,0
1772194445.501307,1264,303.836923,0.240377,0,0,0
1772194445.601304,1227,303.162424,0.247076,0,0,0
1772194445.701329,1238,319.193481,0.257830,0,0,0
1772194445.801298,1300,321.471045,0.247285,0,0,0
1772194445.900691,1232,320.427092,0.260087,0,0,0
1772194446.000553,1299,324.308768,0.249660,0,0,0
1772194446.100476,1255,329.057456,0.262197,0,0,0
1772194446.200531,1291,319.726312,0.247658,0,0,0
1772194446.301771,1270,325.085861,0.255973,0,0,0
1772194446.401694,1296,317.762502,0.245187,0,0,0
1772194446.501389,1235,303.473874,0.245728,0,0,0
1772194446.600622,1267,311.463668,0.245828,0,0,0
1772194446.700280,1251,310.083988,0.247869,0,0,0
1772194446.801568,1261,315.587648,0.250268,0,0,0
1772194446.900476,1271,309.349700,0.243391,0,0,0
1772194447.001499,1216,303.172455,0.249319,0,0,0
1772194447.101339,1266,313.049504,0.247274,0,0,0
1772194447.201425,1233,316.491659,0.256684,0,0,0
1772194447.301371,1296,310.769733,0.239791,0,0,0
1772194447.401498,1308,327.691491,0.250529,0,0,0
1772194447.501427,1321,318.331812,0.240978,0,0,0
1772194447.601295,1278,320.956374,0.251140,0,0,0
1772194447.700341,1318,317.823520,0.241141,0,0,0
1772194447.800473,1272,311.907240,0.245210,0,0,0
1772194447.901448,1254,312.038512,0.248835,0,0,0
1772194448.001324,1257,306.752159,0.244035,0,0,0
1772194448.101474,1249,301.872803,0.241692,0,0,0
1772194448.201285,1286,333.781155,0.259550,0,0,0
1772194448.301290,1295,321.899150,0.248571,0,0,0
1772194448.401355,1317,329.282679,0.250025,0,0,0
1772194448.500463,1297,328.288550,0.253114,0,0,0
1772194448.600550,1296,323.949573,0.249961,0,0,0
1772194448.701333,1297,326.324328,0.251599,0,0,0
1772194448.801513,1308,314.190543,0.240207,0,0,0
1772194448.901372,1312,319.796452,0.243747,0,0,0
1772194449.001404,1272,310.909445,0.244426,0,0,0
1772194449.101484,1255,304.679418,0.242772,0,0,0
1772194449.201271,1300,324.257198,0.249429,0,0,0
1772194449.301389,1259,323.794200,0.257184,0,0,0
1772194449.401529,1278,322.391351,0.252262,0,0,0
1772194449.501261,1283,324.873543,0.253214,0,0,0
1772194449.601248,1231,311.347768,0.252923,0,0,0
1772194449.700288,1279,323.887404,0.253235,0,0,0
1772194449.800453,1238,311.683870,0.251764,0,0,0
1772194449.901268,1253,306.566707,0.244666,0,0,0
1772194450.000629,1275,319.442636,0.250543,0,0,0
1772194450.100627,1306,315.968484,0.241936,0,0,0
1772194450.200618,1266,311.188366,0.245804,0,0,0
1772194450.301315,1261,297.916532,0.236254,0,0,0
1772194450.401431,1273,318.391810,0.250111,0,0,0
1772194450.500532,1257,304.696437,0.242400,0,0,0
1772194450.601357,1254,297.243527,0.237036,0,0,0
1772194450.700630,1244,305.424652,0.245518,0,0,0
1772194450.800594,1291,311.570505,0.241340,0,0,0
1772194450.901468,1250,320.691092,0.256553,0,0,0
1772194451.001457,1318,315.138690,0.239104,0,0,0
1772194451.101269,1283,330.347432,0.257480,0,0,0
1772194451.201291,1306,334.022191,0.255760,0,0,0
1772194451.301515,1286,321.186025,0.249756,0,0,0
1772194451.401475,1291,327.615566,0.253769,0,0,0
1772194451.501313,1292,318.183327,0.246272,0,0,0
1772194451.600668,1295,310.831831,0.240025,0,0,0
1772194451.700595,1283,323.132210,0.251857,0,0,0
1772194451.801485,1319,323.499653,0.245261,0,0,0
1772194451.901265,1273,317.792793,0.249641,0,0,0
1772194452.001365,1240,313.083615,0.252487,0,0,0
1772194452.100564,1299,324.510528,0.249816,0,0,0
1772194452.201479,1255,326.574202,0.260218,0,0,0
1772194452.301422,1292,324.671820,0.251294,0,0,0
1772194452.401317,1321,340.635177,0.257862,0,0,0
1772194452.501376,1326,332.816997,0.250993,0,0,0
1772194452.600427,1315,336.602267,0.255971,0,0,0
1772194452.701430,1322,321.613735,0.243278,0,0,0
1772194452.801322,1304,319.152232,0.244749,0,0,0
1772194452.901244,1293,319.993166,0.247481,0,0,0
1772194453.000499,1303,310.643234,0.238406,0,0,0
1772194453.101226,1299,318.600588,0.245266,0,0,0
1772194453.201231,1297,324.833071,0.250450,0,0,0
1772194453.301222,1389,345.884761,0.249017,0,0,0
1772194453.400511,1360,331.119417,0.243470,0,0,0
1772194453.501249,1375,353.217598,0.256886,0,0,0
1772194453.601465,1352,323.272122,0.239107,0,0,0
1772194453.701285,1382,345.688299,0.250136,0,0,0
1772194453.801455,1334,340.066256,0.254922,0,0,0
1772194453.901390,1368,338.985025,0.247796,0,0,0
1772194454.001478,1357,330.854725,0.243813,0,0,0
1772194454.101433,1370,335.976543,0.245238,0,0,0
1772194454.201455,1388,331.611966,0.238914,0,0,0
1772194454.301455,1365,339.142868,0.248456,0,0,0
1772194454.401218,1413,345.884085,0.244787,0,0,0
1772194454.501213,1440,356.579587,0.247625,0,0,0
1772194454.601403,1485,378.025217,0.254562,0,0,0
1772194454.700333,1455,379.060478,0.260523,0,0,0
1772194454.801312,1468,377.347984,0.257049,0,0,0
1772194454.901453,1471,375.409628,0.255207,0,0,0
1772194455.001324,1478,366.253724,0.247804,0,0,0
1772194455.101195,1483,366.331646,0.247021,0,0,0
1772194455.200161,1525,387.104308,0.253839,0,0,0
1772194455.301365,1503,379.487783,0.252487,0,0,0
1772194455.401902,1477,368.180795,0.249276,0,0,0
1772194455.501308,1490,370.335328,0.248547,0,0,0
1772194455.601497,1526,387.338235,0.253826,0,0,0
1772194455.700512,1518,380.101303,0.250396,0,0,0
1772194455.800446,1586,394.584178,0.248792,0,0,0
1772194455.900555,1565,393.555582,0.251473,0,0,0
1772194456.000400,1582,389.263293,0.246058,0,0,0
1772194456.101187,1573,403.484939,0.256507,0,0,0
1772194456.200431,1587,394.021429,0.248281,0,0,0
1772194456.301453,1602,393.512366,0.245638,0,0,0
1772194456.401890,1584,396.095346,0.250060,0,0,0
1772194456.500648,1611,402.635172,0.249929,0,0,0
1772194456.600493,1616,413.404984,0.255820,0,0,0
1772194456.700490,1636,409.262923,0.250161,0,0,0
1772194456.801403,1633,409.365086,0.250683,0,0,0
1772194456.901391,1657,427.347297,0.257904,0,0,0
1772194457.001248,1707,451.114855,0.264273,0,0,0
1772194457.100394,1690,428.422085,0.253504,0,0,0
1772194457.201200,1604,418.388666,0.260841,0,0,0
1772194457.301197,1677,415.740022,0.247907,0,0,0
1772194457.401116,1663,425.052685,0.255594,0,0,0
1772194457.501160,1686,423.139960,0.250973,0,0,0
1772194457.601251,1700,414.705508,0.243944,0,0,0
1772194457.701414,1641,416.726130,0.253946,0,0,0
1772194457.801239,1679,411.792397,0.245261,0,0,0
1772194457.901209,1661,403.343438,0.242832,0,0,0
1772194458.001221,1668,402.617623,0.241377,0,0,0
1772194458.101224,1625,391.508325,0.240928,0,0,0
1772194458.201340,1724,427.536722,0.247991,0,0,0
1772194458.300539,1709,420.523928,0.246064,0,0,0
1772194458.400381,1686,434.624732,0.257785,0,0,0
1772194458.501268,1691,433.039846,0.256085,0,0,0
1772194458.601282,1711,431.696387,0.252306,0,0,0
1772194458.701325,1707,425.580195,0.249315,0,0,0
1772194458.801456,1717,442.961263,0.257986,0,0,0
1772194458.900366,1729,449.115685,0.259755,0,0,0
1772194459.001220,1738,434.393800,0.249939,0,0,0
1772194459.101380,1754,452.520584,0.257993,0,0,0
1772194459.201380,1763,455.134922,0.258159,0,0,0
1772194459.301218,1800,469.547902,0.260860,0,0,0
1772194459.400502,1822,473.348513,0.259796,0,0,0
1772194459.501388,1830,479.883513,0.262231,0,0,0
1772194459.601225,1825,470.582361,0.257853,0,0,0
1772194459.701260,1817,462.881982,0.254751,0,0,0
1772194459.801231,1803,451.932319,0.250656,0,0,0
1772194459.901404,1767,454.258786,0.257079,0,0,0
1772194460.001219,1758,455.512121,0.259108,0,0,0
1772194460.101474,1749,429.980762,0.245844,0,0,0
1772194460.201252,1730,429.507097,0.248270,0,0,0
1772194460.300382,1785,427.020284,0.239227,0,0,0
1772194460.402043,1791,443.385526,0.247563,0,0,0
1772194460.500244,1771,424.706304,0.239812,0,0,0
1772194460.601213,1815,463.800813,0.255538,0,0,0
1772194460.701315,1825,455.112531,0.249377,0,0,0
1772194460.801181,1818,463.354882,0.254871,0,0,0
1772194460.901277,1789,441.272921,0.246659,0,0,0
1772194461.000541,1771,435.985243,0.246180,0,0,0
1772194461.101379,1766,427.000080,0.241789,0,0,0
1772194461.200418,1760,428.180066,0.243284,0,0,0
1772194461.301138,1765,418.854357,0.237311,0,0,0
1772194461.400609,1745,420.468457,0.240956,0,0,0
1772194461.500634,1784,425.521372,0.238521,0,0,0
1772194461.600498,1759,427.446566,0.243005,0,0,0
1772194461.700382,1796,436.075229,0.242804,0,0,0
1772194461.800546,1816,444.539567,0.244791,0,0,0
1772194461.900458,1800,455.570374,0.253095,0,0,0
1772194462.001124,1819,466.574614,0.256501,0,0,0
1772194462.101549,1856,470.506303,0.253506,0,0,0
1772194462.201232,1838,463.975083,0.252435,0,0,0
1772194462.301313,1847,461.449836,0.249837,0,0,0
1772194462.401349,1826,443.103798,0.242664,0,0,0
1772194462.500354,1801,433.517271,0.240709,0,0,0
1772194462.601300,1801,437.022489,0.242655,0,0,0
1772194462.701493,1775,416.494878,0.234645,0,0,0
1772194462.801223,1781,405.751884,0.227823,0,0,0
1772194462.901557,1741,419.762606,0.241104,0,0,0
1772194463.001298,1781,437.235582,0.245500,0,0,0
1772194463.101376,1797,465.128534,0.258836,0,0,0
1772194463.201450,1762,439.281407,0.249308,0,0,0
1772194463.301313,1795,431.666487,0.240483,0,0,0
1772194463.401408,1747,419.629500,0.240200,0,0,0
1772194463.501265,1768,425.721186,0.240793,0,0,0
1772194463.601444,1769,425.514704,0.240540,0,0,0
1772194463.701345,1759,420.464611,0.239036,0,0,0
1772194463.801238,1742,402.034419,0.230789,0,0,0
1772194463.901189,1739,405.703353,0.233297,0,0,0
1772194464.001368,1731,400.465314,0.231349,0,0,0
1772194464.101152,1748,418.734467,0.239551,0,0,0
1772194464.201105,1775,416.662092,0.234739,0,0,0
1772194464.301196,1770,436.579371,0.246655,0,0,0
1772194464.401292,1776,423.019982,0.238187,0,0,0
1772194464.501281,1762,423.312149,0.240245,0,0,0
1772194464.601324,1801,439.317891,0.243930,0,0,0
1772194464.701373,1764,439.791993,0.249315,0,0,0
1772194464.801284,1745,411.623130,0.235887,0,0,0
1772194464.901429,1755,417.805165,0.238066,0,0,0
1772194465.001512,1739,406.114329,0.233533,0,0,0
1772194465.101197,1740,406.419025,0.233574,0,0,0
1772194465.200432,1760,413.900205,0.235171,0,0,0
1772194465.301265,1721,393.413546,0.228596,0,0,0
1772194465.401295,1708,394.249373,0.230825,0,0,0
1772194465.501323,1722,385.717235,0.223994,0,0,0
1772194465.601467,1727,404.019548,0.233943,0,0,0
1772194465.701092,1722,390.296846,0.226653,0,0,0
1772194465.801197,1754,399.657609,0.227855,0,0,0
1772194465.901404,1760,396.246590,0.225140,0,0,0
1772194466.001230,1722,399.504705,0.232000,0,0,0
1772194466.101407,1717,398.516737,0.232101,0,0,0
1772194466.201191,1711,410.717974,0.240046,0,0,0
1772194466.301231,1712,399.619220,0.233422,0,0,0
1772194466.401361,1721,393.302044,0.228531,0,0,0
1772194466.501128,1716,407.175023,0.237281,0,0,0
1772194466.601403,1758,416.536892,0.236938,0,0,0
1772194466.700472,1721,398.275968,0.231421,0,0,0
1772194466.800453,1730,421.896407,0.243871,0,0,0
1772194466.900244,1773,444.489821,0.250699,0,0,0
1772194467.000428,1776,432.381720,0.243458,0,0,0
1772194467.101220,1788,441.233487,0.246775,0,0,0
1772194467.201340,1807,450.655317,0.249394,0,0,0
1772194467.300218,1784,451.760426,0.253229,0,0,0
1772194467.402901,1803,462.205879,0.256354,0,0,0
1772194467.501132,1781,445.051893,0.249889,0,0,0
1772194467.601315,1734,440.100743,0.253807,0,0,0
1772194467.701288,1743,418.785974,0.240267,0,0,0
1772194467.801249,1713,427.072515,0.249313,0,0,0
1772194467.901278,1706,424.031073,0.248553,0,0,0
1772194468.001173,1687,437.291246,0.259212,0,0,0
1772194468.101343,1700,435.545184,0.256203,0,0,0
1772194468.201102,1715,447.918461,0.261177,0,0,0
1772194468.301312,1750,444.642291,0.254081,0,0,0
1772194468.401307,1728,454.761517,0.263172,0,0,0
1772194468.501178,1743,448.480715,0.257304,0,0,0
1772194468.601091,1749,442.765712,0.253154,0,0,0
1772194468.701335,1708,446.524809,0.261431,0,0,0
1772194468.801181,1710,432.402636,0.252867,0,0,0
1772194468.901121,1688,424.991255,0.251772,0,0,0
1772194469.000318,1702,444.587899,0.261215,0,0,0
1772194469.101321,1726,457.766043,0.265218,0,0,0
1772194469.201254,1708,424.311206,0.248426,0,0,0
1772194469.300382,1716,463.745142,0.270248,0,0,0
1772194469.401260,1765,462.944058,0.262291,0,0,0
1772194469.501383,1757,481.561585,0.274082,0,0,0
1772194469.601099,1762,479.001441,0.271851,0,0,0
1772194469.701342,1753,484.413227,0.276334,0,0,0
1772194469.801104,1749,482.651278,0.275958,0,0,0
1772194469.901217,1730,470.496338,0.271963,0,0,0
1772194470.001179,1696,452.712763,0.266930,0,0,0
1772194470.101227,1703,460.642473,0.270489,0,0,0
1772194470.201406,1695,461.474798,0.272257,0,0,0
1772194470.301297,1720,488.402303,0.283955,0,0,0
1772194470.401377,1693,466.446225,0.275515,0,0,0
1772194470.501292,1649,467.448558,0.283474,0,0,0
1772194470.601294,1668,471.176538,0.282480,0,0,0
1772194470.701308,1664,449.961253,0.270409,0,0,0
1772194470.801106,1644,424.133805,0.257989,0,0,0
1772194470.901241,1648,451.852772,0.274183,0,0,0
1772194471.001195,1665,463.555227,0.278412,0,0,0
1772194471.101224,1653,478.350201,0.289383,0,0,0
1772194471.201369,1667,457.860279,0.274661,0,0,0
1772194471.301150,1684,468.051138,0.277940,0,0,0
1772194471.401161,1653,448.956136,0.271601,0,0,0
1772194471.500388,1652,454.585783,0.275173,0,0,0
1772194471.600422,1665,453.532844,0.272392,0,0,0
1772194471.700691,1661,463.526626,0.279065,0,0,0
1772194471.800510,1707,463.412631,0.271478,0,0,0
1772194471.901137,1675,471.509709,0.281498,0,0,0
1772194472.001303,1632,458.028681,0.280655,0,0,0
1772194472.101187,1615,441.747796,0.273528,0,0,0
1772194472.200341,1650,467.811535,0.283522,0,0,0
1772194472.301109,1641,447.862046,0.272920,0,0,0
1772194472.401308,1552,412.476513,0.265771,0,0,0
1772194472.501200,1602,431.980531,0.269651,0,0,0
1772194472.601099,1570,414.923731,0.264283,0,0,0
1772194472.701205,1585,432.938666,0.273147,0,0,0
1772194472.802019,1519,424.149529,0.279229,0,0,0
1772194472.901282,1540,401.476040,0.260699,0,0,0
1772194473.001074,1577,440.871397,0.279563,0,0,0
1772194473.101060,1535,420.991103,0.274261,0,0,0
1772194473.201374,1550,403.245704,0.260159,0,0,0
1772194473.301209,1508,385.036513,0.255329,0,0,0
1772194473.401133,1541,419.987206,0.272542,0,0,0
1772194473.501442,1581,432.270996,0.273416,0,0,0
1772194473.601358,1572,428.469887,0.272564,0,0,0
1772194473.701292,1549,412.679033,0.266416,0,0,0
1772194473.801155,1577,434.112165,0.275277,0,0,0
1772194473.901281,1507,402.656487,0.267191,0,0,0
1772194474.001853,1534,410.575797,0.267650,0,0,0
1772194474.101109,1563,422.225569,0.270138,0,0,0
1772194474.201313,1562,420.964234,0.269503,0,0,0
1772194474.301159,1576,424.802561,0.269545,0,0,0
1772194474.401101,1565,412.057145,0.263295,0,0,0
1772194474.501197,1541,400.853822,0.260126,0,0,0
1772194474.601842,1560,399.332544,0.255982,0,0,0
1772194474.702091,1552,414.498981,0.267074,0,0,0
1772194474.801306,1532,412.753694,0.269421,0,0,0
1772194474.902077,1472,403.655447,0.274222,0,0,0
1772194475.001304,1517,419.809358,0.276737,0,0,0
1772194475.101115,1503,405.116379,0.269539,0,0,0
1772194475.201280,1509,416.892964,0.276271,0,0,0
1772194475.301141,1539,424.267796,0.275678,0,0,0
1772194475.401286,1517,421.442132,0.277813,0,0,0
1772194475.501314,1517,428.255742,0.282304,0,0,0
1772194475.601071,1457,401.194044,0.275356,0,0,0
1772194475.701123,1467,402.475938,0.274353,0,0,0
1772194475.801322,1458,401.952816,0.275688,0,0,0
1772194475.901174,1482,422.547974,0.285120,0,0,0
1772194476.001325,1466,408.650095,0.278752,0,0,0
1772194476.101267,1451,404.174246,0.278549,0,0,0
1772194476.201351,1469,406.218885,0.276527,0,0,0
1772194476.300358,1471,404.336835,0.274872,0,0,0
1772194476.401268,1475,397.758355,0.269667,0,0,0
1772194476.500446,1469,382.600673,0.260450,0,0,0
1772194476.600401,1483,399.220631,0.269198,0,0,0
1772194476.700355,1477,388.898013,0.263303,0,0,0
1772194476.801323,1502,412.035231,0.274324,0,0,0
1772194476.901917,1496,408.219037,0.272874,0,0,0
1772194477.001347,1481,397.703611,0.268537,0,0,0
1772194477.101270,1507,400.157665,0.265533,0,0,0
1772194477.201147,1442,396.408418,0.274902,0,0,0
1772194477.301072,1459,395.405880,0.271012,0,0,0
1772194477.401024,1381,365.949355,0.264989,0,0,0
1772194477.500025,1432,385.812535,0.269422,0,0,0
1772194477.601066,1399,362.758022,0.259298,0,0,0
1772194477.701251,1361,352.874304,0.259276,0,0,0
1772194477.801371,1370,331.264357,0.241799,0,0,0
1772194477.901395,1372,348.882370,0.254287,0,0,0
1772194478.001293,1368,327.525967,0.239420,0,0,0
1772194478.101274,1419,351.974190,0.248044,0,0,0
1772194478.201231,1360,346.154785,0.254526,0,0,0
1772194478.300179,1370,351.204120,0.256353,0,0,0
1772194478.401252,1357,334.690825,0.246640,0,0,0
1772194478.501237,1357,349.007982,0.257191,0,0,0
1772194478.601244,1378,348.818629,0.253134,0,0,0
1772194478.701382,1306,317.341720,0.242988,0,0,0
1772194478.800211,1307,313.970123,0.240222,0,0,0
1772194478.901401,1317,323.872341,0.245917,0,0,0
1772194479.000318,1312,307.023412,0.234012,0,0,0
1772194479.101125,1303,315.669581,0.242264,0,0,0
1772194479.201254,1318,326.562819,0.247771,0,0,0
1772194479.301044,1312,301.557723,0.229846,0,0,0
1772194479.401220,1304,302.020299,0.231611,0,0,0
1772194479.501247,1295,301.055545,0.232475,0,0,0
1772194479.601201,1253,280.970993,0.224239,0,0,0
1772194479.701269,1289,289.775199,0.224806,0,0,0
1772194479.801074,1248,294.560779,0.236026,0,0,0
1772194479.900974,1273,302.741640,0.237817,0,0,0
1772194480.001142,1229,287.010077,0.233531,0,0,0
1772194480.101212,1218,247.816539,0.203462,0,0,0
1772194480.201362,1179,255.193798,0.216449,0,0,0
1772194480.300943,1225,266.070064,0.217200,0,0,0
1772194480.401062,1162,244.259355,0.210206,0,0,0
1772194480.501128,1193,247.639743,0.207577,0,0,0
1772194480.601232,1163,251.384697,0.216152,0,0,0
1772194480.701008,1132,236.582443,0.208995,0,0,0
1772194480.801113,1175,255.776904,0.217682,0,0,0
1772194480.900989,1144,234.775827,0.205224,0,0,0
1772194481.001032,1163,259.488321,0.223120,0,0,0
1772194481.101210,1131,248.648860,0.219849,0,0,0
1772194481.201178,1113,250.307473,0.224894,0,0,0
1772194481.300711,1110,218.648025,0.196980,0,0,0
1772194481.400930,1078,220.491772,0.204538,0,0,0
1772194481.501053,1146,231.706828,0.202187,0,0,0
1772194481.600653,1113,232.307483,0.208722,0,0,0
1772194481.700513,1100,208.143156,0.189221,0,0,0
1772194481.801194,1085,218.664207,0.201534,0,0,0
1772194481.901260,1073,200.279397,0.186654,0,0,0
1772194482.001072,1071,215.417847,0.201137,0,0,0
1772194482.100984,1059,196.533293,0.185584,0,0,0
1772194482.201122,1051,205.456461,0.195487,0,0,0
1772194482.301383,1026,197.675398,0.192666,0,0,0
1772194482.401250,1001,192.121957,0.191930,0,0,0
1772194482.501018,972,179.965695,0.185150,0,0,0
1772194482.601194,967,170.471941,0.176289,0,0,0
1772194482.701141,992,179.572471,0.181021,0,0,0
1772194482.801098,972,171.689661,0.176635,0,0,0
1772194482.901264,980,187.200525,0.191021,0,0,0
1772194483.001239,982,193.177867,0.196719,0,0,0
1772194483.101471,930,192.062448,0.206519,0,0,0
1772194483.201334,934,191.235700,0.204749,0,0,0
1772194483.301397,925,198.510064,0.214605,0,0,0
1772194483.401093,947,198.119272,0.209207,0,0,0
1772194483.501250,918,209.750981,0.228487,0,0,0
1772194483.600991,943,205.083402,0.217480,0,0,0
1772194483.701171,946,216.249994,0.228594,0,0,0
1772194483.801253,900,210.246782,0.233608,0,0,0
1772194483.901055,904,214.173482,0.236918,0,0,0
1772194484.001267,875,212.367555,0.242706,0,0,0
1772194484.101290,850,216.725247,0.254971,0,0,0
1772194484.201256,869,206.984050,0.238186,0,0,0
1772194484.301265,881,219.216055,0.248826,0,0,0
1772194484.401158,884,216.344907,0.244734,0,0,0
1772194484.501071,875,213.615937,0.244132,0,0,0
1772194484.601258,862,208.308939,0.241658,0,0,0
1772194484.701205,872,211.649508,0.242717,0,0,0
1772194484.801228,880,211.531305,0.240376,0,0,0
1772194484.901082,868,202.257664,0.233016,0,0,0
1772194485.001181,867,203.430575,0.234637,0,0,0
1772194485.101184,870,214.121961,0.246117,0,0,0
1772194485.201021,877,216.051296,0.246353,0,0,0
1772194485.301149,879,211.409008,0.240511,0,0,0
1772194485.401144,828,204.663244,0.247178,0,0,0
1772194485.501270,828,210.911488,0.254724,0,0,0
1772194485.601197,843,206.299224,0.244720,0,0,0
1772194485.701140,795,194.352473,0.244469,0,0,0
1772194485.801125,806,206.781403,0.256553,0,0,0
1772194485.901153,811,203.167125,0.250514,0,0,0
1772194486.001314,812,207.954330,0.256101,0,0,0
1772194486.101143,809,203.112978,0.251067,0,0,0
1772194486.201050,806,202.830283,0.251650,0,0,0
1772194486.301386,809,201.862364,0.249521,0,0,0
1772194486.401264,805,203.297193,0.252543,0,0,0
1772194486.500563,781,204.261935,0.261539,0,0,0
1772194486.600524,789,199.628175,0.253014,0,0,0
1772194486.700461,783,194.501225,0.248405,0,0,0
1772194486.801133,788,193.744663,0.245869,0,0,0
1772194486.901325,795,207.330685,0.260793,0,0,0
1772194487.001240,784,194.265879,0.247788,0,0,0
1772194487.101167,777,193.461985,0.248986,0,0,0
1772194487.201130,766,190.955424,0.249289,0,0,0
1772194487.301208,742,197.310710,0.265917,0,0,0
1772194487.401025,723,186.292737,0.257666,0,0,0
1772194487.501181,745,199.009471,0.267127,0,0,0
1772194487.601219,748,191.902452,0.256554,0,0,0
1772194487.701196,782,203.297130,0.259971,0,0,0
1772194487.801276,780,206.173135,0.264325,0,0,0
1772194487.901244,764,197.510755,0.258522,0,0,0
1772194488.001211,745,197.305180,0.264839,0,0,0
1772194488.101216,748,193.971078,0.259320,0,0,0
1772194488.201227,706,184.749665,0.261685,0,0,0
1772194488.301398,729,191.744717,0.263024,0,0,0
1772194488.401234,723,193.391384,0.267485,0,0,0
1772194488.501160,722,185.175225,0.256475,0,0,0
1772194488.600280,732,199.694315,0.272806,0,0,0
1772194488.701173,710,182.792391,0.257454,0,0,0
1772194488.800458,725,190.854383,0.263247,0,0,0
1772194488.901175,735,194.831886,0.265077,0,0,0
1772194489.001229,742,196.734743,0.265141,0,0,0
1772194489.101021,732,194.060886,0.265111,0,0,0
1772194489.201270,724,190.041928,0.262489,0,0,0
1772194489.301126,716,183.204943,0.255873,0,0,0
1772194489.401256,735,187.403987,0.254971,0,0,0
1772194489.500953,709,184.288464,0.259927,0,0,0
1772194489.600878,718,187.060683,0.260530,0,0,0
1772194489.701227,697,180.212656,0.258555,0,0,0
1772194489.801218,656,164.842956,0.251285,0,0,0
1772194489.901268,672,173.917011,0.258805,0,0,0
1772194490.001240,684,181.247805,0.264982,0,0,0
1772194490.101181,672,176.963095,0.263338,0,0,0
1772194490.201098,693,175.150535,0.252742,0,0,0
1772194490.301146,676,173.178504,0.256181,0,0,0
1772194490.400987,692,180.117912,0.260286,0,0,0
1772194490.501006,688,180.719490,0.262674,0,0,0
1772194490.600477,674,170.029595,0.252269,0,0,0
1772194490.701147,655,168.735252,0.257611,0,0,0
1772194490.801147,649,159.130963,0.245194,0,0,0
1772194490.900970,665,171.914929,0.258519,0,0,0
1772194491.001202,689,172.642036,0.250569,0,0,0
1772194491.101162,653,163.550108,0.250460,0,0,0
1772194491.201265,683,174.026575,0.254797,0,0,0
1772194491.301153,684,180.258723,0.263536,0,0,0
1772194491.401099,676,168.470694,0.249217,0,0,0
1772194491.501223,683,174.624908,0.255673,0,0,0
1772194491.601103,703,185.630148,0.264054,0,0,0
1772194491.701258,698,179.514757,0.257184,0,0,0
1772194491.801142,725,200.230545,0.276180,0,0,0
1772194491.900996,700,176.713975,0.252449,0,0,0
1772194492.001011,727,190.719403,0.262338,0,0,0
1772194492.101105,692,178.900188,0.258526,0,0,0
1772194492.201093,719,187.767753,0.261151,0,0,0
1772194492.301206,705,186.242089,0.264173,0,0,0
1772194492.401116,663,172.127900,0.259620,0,0,0
1772194492.501223,713,191.674546,0.268828,0,0,0
1772194492.602123,681,181.099916,0.265932,0,0,0
1772194492.700880,708,184.136615,0.260080,0,0,0
1772194492.801015,713,185.997239,0.260866,0,0,0
1772194492.901124,730,188.100301,0.257672,0,0,0
1772194493.001258,681,175.652940,0.257934,0,0,0
1772194493.100996,721,189.961831,0.263470,0,0,0
1772194493.201126,694,182.049318,0.262319,0,0,0
1772194493.301264,711,182.574072,0.256785,0,0,0
1772194493.401173,700,187.222837,0.267461,0,0,0
1772194493.501251,681,184.331736,0.270678,0,0,0
1772194493.600998,706,185.526139,0.262785,0,0,0
1772194493.700993,721,191.072852,0.265011,0,0,0
1772194493.801062,732,191.271142,0.261299,0,0,0
1772194493.901360,701,182.480627,0.260315,0,0,0
1772194494.001040,718,186.141493,0.259250,0,0,0
1772194494.101195,699,180.479199,0.258196,0,0,0
1772194494.201249,691,180.406152,0.261080,0,0,0
1772194494.301159,674,178.084592,0.264220,0,0,0
1772194494.401136,685,175.745374,0.256563,0,0,0
1772194494.501251,662,177.243474,0.267739,0,0,0
1772194494.600821,659,170.663278,0.258973,0,0,0
1772194494.701061,647,170.968493,0.264248,0,0,0
1772194494.801184,655,176.514475,0.269488,0,0,0
1772194494.901124,627,160.623385,0.256178,0,0,0
1772194495.000987,617,162.031237,0.262611,0,0,0
1772194495.101094,629,162.138141,0.257771,0,0,0
1772194495.201049,614,161.621531,0.263227,0,0,0
1772194495.301193,607,161.800988,0.266558,0,0,0
1772194495.401116,586,148.244028,0.252976,0,0,0
1772194495.500841,587,157.246425,0.267881,0,0,0
1772194495.600076,597,157.278479,0.263448,0,0,0
1772194495.701178,590,157.867395,0.267572,0,0,0
1772194495.801220,573,138.903100,0.242414,0,0,0
1772194495.901256,586,161.739181,0.276005,0,0,0
1772194496.000969,570,140.287619,0.246119,0,0,0
1772194496.101172,582,163.464029,0.280866,0,0,0
1772194496.201263,582,148.122025,0.254505,0,0,0
1772194496.300981,567,149.114048,0.262988,0,0,0
1772194496.401263,593,157.862931,0.266211,0,0,0
1772194496.500962,566,141.164806,0.249408,0,0,0
1772194496.601085,576,139.442055,0.242087,0,0,0
1772194496.700902,569,151.474835,0.266212,0,0,0
1772194496.801176,559,151.002348,0.270129,0,0,0
1772194496.900972,553,151.538295,0.274029,0,0,0
1772194497.001129,554,142.798941,0.257760,0,0,0
1772194497.100849,547,149.058272,0.272501,0,0,0
1772194497.201710,564,153.349518,0.271896,0,0,0
1772194497.301148,557,160.142786,0.287509,0,0,0
1772194497.401175,547,149.905953,0.274051,0,0,0
1772194497.501051,552,158.452301,0.287051,0,0,0
1772194497.601189,566,157.903830,0.278982,0,0,0
1772194497.701236,584,168.998356,0.289381,0,0,0
1772194497.800525,590,170.189379,0.288457,0,0,0
1772194497.901347,587,166.842722,0.284230,0,0,0
1772194498.001298,561,161.324972,0.287567,0,0,0
1772194498.100978,584,173.645058,0.297337,0,0,0
1772194498.201163,577,159.064386,0.275675,0,0,0
1772194498.301150,586,179.403264,0.306149,0,0,0
1772194498.401285,569,166.785180,0.293120,0,0,0
1772194498.500934,569,178.555981,0.313807,0,0,0
1772194498.601168,584,173.865403,0.297715,0,0,0
1772194498.700800,582,172.084822,0.295678,0,0,0
1772194498.800965,587,165.473794,0.281897,0,0,0
1772194498.901065,570,154.791661,0.271564,0,0,0
1772194499.001153,579,170.443006,0.294375,0,0,0
1772194499.101277,578,161.955800,0.280200,0,0,0
1772194499.201247,578,165.552640,0.286423,0,0,0
1772194499.301142,584,166.366810,0.284875,0,0,0
1772194499.401255,585,167.713866,0.286690,0,0,0
1772194499.501247,566,160.590855,0.283729,0,0,0
1772194499.600890,583,166.209505,0.285093,0,0,0
1772194499.700553,556,152.585852,0.274435,0,0,0
1772194499.801111,568,165.268749,0.290966,0,0,0
1772194499.901184,555,156.257449,0.281545,0,0,0
1772194500.000808,567,161.656257,0.285108,0,0,0
1772194500.101117,586,160.227260,0.273425,0,0,0
1772194500.201088,578,177.910197,0.307803,0,0,0
1772194500.301008,584,158.524644,0.271446,0,0,0
1772194500.401298,570,161.710867,0.283703,0,0,0
1772194500.501208,582,164.197519,0.282126,0,0,0
1772194500.602005,570,154.066023,0.270291,0,0,0
1772194500.701000,577,166.814910,0.289107,0,0,0
1772194500.801295,577,165.203420,0.286314,0,0,0
1772194500.901131,568,164.476217,0.289571,0,0,0
1772194501.001166,590,160.101949,0.271359,0,0,0
1772194501.101185,588,174.590268,0.296922,0,0,0
1772194501.201088,572,157.970798,0.276173,0,0,0
1772194501.301001,562,168.658840,0.300105,0,0,0
1772194501.401119,579,162.019747,0.279827,0,0,0
1772194501.500999,567,163.273717,0.287961,0,0,0
1772194501.601112,578,161.470912,0.279361,0,0,0
1772194501.700889,560,156.245651,0.279010,0,0,0
1772194501.801185,584,166.978286,0.285922,0,0,0
1772194501.901607,555,157.613127,0.283988,0,0,0
1772194502.001596,584,168.132303,0.287898,0,0,0
1772194502.100968,563,153.325941,0.272337,0,0,0
1772194502.201110,583,163.002220,0.279592,0,0,0
1772194502.301209,578,157.729079,0.272888,0,0,0
1772194502.401158,568,163.487111,0.287829,0,0,0
1772194502.501111,553,160.225676,0.289739,0,0,0
1772194502.601009,585,177.012234,0.302585,0,0,0
1772194502.701253,579,165.101088,0.285149,0,0,0
1772194502.800769,567,166.479495,0.293615,0,0,0
1772194502.901198,578,165.587835,0.286484,0,0,0
1772194503.001132,574,160.023009,0.278786,0,0,0
1772194503.101068,579,170.197584,0.293951,0,0,0
1772194503.201135,570,159.402148,0.279653,0,0,0
1772194503.302459,577,169.642071,0.294007,0,0,0
1772194503.400976,583,165.258539,0.283462,0,0,0
1772194503.501017,585,167.220914,0.285848,0,0,0
1772194503.601103,568,158.331135,0.278752,0,0,0
1772194503.701046,607,177.405571,0.292266,0,0,0
1772194503.801151,590,165.424415,0.280380,0,0,0
1772194503.901162,604,174.738913,0.289303,0,0,0
1772194504.000842,591,168.717925,0.285479,0,0,0
1772194504.101091,610,163.696289,0.268355,0,0,0
1772194504.201157,583,155.674544,0.267023,0,0,0
1772194504.301217,567,140.833419,0.248383,0,0,0
1772194504.401544,571,140.879237,0.246724,0,0,0
1772194504.501107,585,147.943202,0.252894,0,0,0
1772194504.601269,570,140.649741,0.246754,0,0,0
1772194504.700982,580,143.915775,0.248131,0,0,0
1772194504.801130,589,155.353404,0.263758,0,0,0
1772194504.901133,583,144.330944,0.247566,0,0,0
1772194505.001087,585,150.473600,0.257220,0,0,0
1772194505.100821,597,143.050190,0.239615,0,0,0
1772194505.201088,584,150.017686,0.256880,0,0,0
1772194505.301020,606,149.768266,0.247142,0,0,0
1772194505.401133,600,160.227970,0.267047,0,0,0
1772194505.502139,594,152.136885,0.256123,0,0,0
1772194505.600086,607,159.531770,0.262820,0,0,0
1772194505.701103,583,147.377482,0.252792,0,0,0
1772194505.801240,570,142.317858,0.249680,0,0,0
1772194505.901000,570,145.458104,0.255190,0,0,0
1772194506.001092,577,148.528371,0.257415,0,0,0
1772194506.101008,581,154.292414,0.265564,0,0,0
1772194506.201181,564,149.017653,0.264216,0,0,0
1772194506.300895,600,170.943412,0.284906,0,0,0
1772194506.401199,582,161.151050,0.276892,0,0,0
1772194506.500627,583,163.612026,0.280638,0,0,0
1772194506.600431,603,167.054375,0.277039,0,0,0
1772194506.702007,587,156.878931,0.267255,0,0,0
1772194506.800945,581,160.211690,0.275752,0,0,0
1772194506.901023,578,149.834150,0.259229,0,0,0
1772194507.001023,582,151.849951,0.260911,0,0,0
1772194507.101182,604,155.325452,0.257161,0,0,0
1772194507.201087,627,162.779318,0.259616,0,0,0
1772194507.301047,606,161.342081,0.266241,0,0,0
1772194507.401135,588,157.636975,0.268090,0,0,0
1772194507.500913,597,160.588536,0.268993,0,0,0
1772194507.601154,623,173.485646,0.278468,0,0,0
1772194507.701187,646,182.939612,0.283188,0,0,0
1772194507.801020,646,177.288929,0.274441,0,0,0
1772194507.900887,671,179.690334,0.267795,0,0,0
1772194508.000996,678,185.463495,0.273545,0,0,0
1772194508.101061,674,175.055445,0.259726,0,0,0
1772194508.200983,666,172.863558,0.259555,0,0,0
1772194508.301125,654,172.262628,0.263399,0,0,0
1772194508.400974,677,172.537828,0.254856,0,0,0
1772194508.501056,707,188.602920,0.266765,0,0,0
1772194508.601092,687,174.919868,0.254614,0,0,0
1772194508.702246,727,192.858510,0.265280,0,0,0
1772194508.801055,716,188.964356,0.263917,0,0,0
1772194508.901236,724,191.836968,0.264968,0,0,0
1772194509.001076,703,187.648579,0.266925,0,0,0
1772194509.100941,749,201.646785,0.269221,0,0,0
1772194509.201852,763,204.829384,0.268453,0,0,0
1772194509.301097,784,206.194699,0.263003,0,0,0
1772194509.401177,779,207.748860,0.266687,0,0,0
1772194509.500939,779,207.022418,0.265754,0,0,0
1772194509.602044,803,200.088716,0.249176,0,0,0
1772194509.700930,776,209.597818,0.270100,0,0,0
1772194509.800929,829,213.954127,0.258087,0,0,0
1772194509.901233,828,215.545607,0.260321,0,0,0
1772194510.001059,863,226.646426,0.262626,0,0,0
1772194510.101018,863,216.998735,0.251447,0,0,0
1772194510.201138,864,223.540467,0.258727,0,0,0
1772194510.300988,902,215.432569,0.238839,0,0,0
1772194510.400991,912,223.510459,0.245077,0,0,0
1772194510.500976,907,214.817860,0.236844,0,0,0
1772194510.600923,952,221.143696,0.232294,0,0,0
1772194510.701122,929,201.049346,0.216415,0,0,0
1772194510.801077,947,205.037930,0.216513,0,0,0
1772194510.900976,993,207.059896,0.208520,0,0,0
1772194511.003075,956,213.081958,0.222889,0,0,0
1772194511.100974,980,222.107895,0.226641,0,0,0
1772194511.200721,990,220.850821,0.223082,0,0,0
1772194511.300375,965,209.446992,0.217044,0,0,0
1772194511.400201,1003,227.368399,0.226688,0,0,0
1772194511.500468,995,220.748268,0.221858,0,0,0
1772194511.600344,1028,226.478854,0.220310,0,0,0
1772194511.700391,1004,225.734426,0.224835,0,0,0
1772194511.801066,991,211.276654,0.213195,0,0,0
1772194511.900976,1045,231.332445,0.221371,0,0,0
1772194512.001101,1027,216.313744,0.210627,0,0,0
1772194512.101029,1037,218.515424,0.210719,0,0,0
1772194512.201085,1033,218.624592,0.211640,0,0,0
1772194512.300897,1018,223.254783,0.219307,0,0,0
1772194512.400898,1028,225.318687,0.219182,0,0,0
1772194512.501022,1060,240.781755,0.227153,0,0,0
1772194512.601202,1029,224.804805,0.218469,0,0,0
1772194512.701218,1082,233.631443,0.215926,0,0,0
1772194512.801172,1089,226.564998,0.208049,0,0,0
1772194512.901134,1063,233.725136,0.219873,0,0,0
1772194513.001095,1138,244.378559,0.214744,0,0,0
1772194513.100906,1112,245.825458,0.221066,0,0,0
1772194513.201063,1117,241.770791,0.216447,0,0,0
1772194513.300907,1129,270.133008,0.239268,0,0,0
1772194513.401037,1157,263.100143,0.227399,0,0,0
1772194513.500920,1099,265.335636,0.241434,0,0,0
1772194513.600933,1183,271.034497,0.229108,0,0,0
1772194513.701010,1177,276.955624,0.235306,0,0,0
1772194513.801167,1170,268.053043,0.229105,0,0,0
1772194513.901149,1168,273.310911,0.233999,0,0,0
1772194514.001184,1187,272.057370,0.229197,0,0,0
1772194514.100927,1157,282.168204,0.243879,0,0,0
1772194514.201128,1206,265.585766,0.220220,0,0,0
1772194514.300941,1198,267.773861,0.223517,0,0,0
1772194514.401045,1233,292.023288,0.236840,0,0,0
1772194514.501116,1246,302.220363,0.242552,0,0,0
1772194514.600974,1255,293.748998,0.234063,0,0,0
1772194514.701169,1251,303.816819,0.242859,0,0,0
1772194514.801018,1236,298.115694,0.241194,0,0,0
1772194514.901148,1255,302.485464,0.241024,0,0,0
1772194515.000861,1250,304.793033,0.243834,0,0,0
1772194515.101082,1240,310.075452,0.250061,0,0,0
1772194515.201029,1234,299.442254,0.242660,0,0,0
1772194515.301126,1242,305.956531,0.246342,0,0,0
1772194515.401020,1277,302.455978,0.236849,0,0,0
1772194515.501021,1248,302.813586,0.242639,0,0,0
1772194515.601005,1234,284.211987,0.230318,0,0,0
1772194515.700875,1248,304.339977,0.243862,0,0,0
1772194515.800959,1261,310.380617,0.246138,0,0,0
1772194515.901031,1289,309.353478,0.239995,0,0,0
1772194516.000960,1233,308.187271,0.249949,0,0,0
1772194516.100908,1256,281.909618,0.224450,0,0,0
1772194516.200943,1276,300.689311,0.235650,0,0,0
1772194516.300885,1276,300.806091,0.235741,0,0,0
1772194516.401137,1282,292.537171,0.228188,0,0,0
1772194516.500861,1309,315.160796,0.240765,0,0,0
1772194516.601025,1271,289.903199,0.228091,0,0,0
1772194516.700421,1288,307.413031,0.238675,0,0,0
1772194516.800367,1288,295.990177,0.229806,0,0,0
1772194516.900917,1281,296.245520,0.231261,0,0,0
1772194517.001136,1289,305.633929,0.237109,0,0,0
1772194517.101025,1263,294.131045,0.232883,0,0,0
1772194517.200978,1264,305.432077,0.241639,0,0,0
1772194517.300872,1253,307.187050,0.245161,0,0,0
1772194517.400961,1251,292.644182,0.233928,0,0,0
1772194517.500909,1258,282.095748,0.224241,0,0,0
1772194517.600981,1237,293.312330,0.237116,0,0,0
1772194517.700889,1241,282.631557,0.227745,0,0,0
1772194517.800948,1215,265.463388,0.218488,0,0,0
1772194517.900863,1252,280.259509,0.223849,0,0,0
1772194518.001003,1215,258.687209,0.212911,0,0,0
1772194518.101034,1219,261.581989,0.214587,0,0,0
1772194518.200876,1209,275.775425,0.228102,0,0,0
1772194518.300972,1240,273.270191,0.220379,0,0,0
1772194518.400843,1230,262.233095,0.213198,0,0,0
1772194518.500851,1263,271.031037,0.214593,0,0,0
1772194518.601014,1253,275.878192,0.220174,0,0,0
1772194518.700940,1304,278.328567,0.213442,0,0,0
1772194518.800933,1277,287.298465,0.224979,0,0,0
1772194518.901026,1269,286.632211,0.225873,0,0,0
1772194519.001011,1259,285.729716,0.226950,0,0,0
1772194519.100859,1234,262.912369,0.213057,0,0,0
1772194519.201011,1211,280.986141,0.232028,0,0,0
1772194519.300863,1240,276.722438,0.223163,0,0,0
1772194519.400984,1235,292.092820,0.236512,0,0,0
1772194519.500895,1209,289.428402,0.239395,0,0,0
1772194519.601137,1230,278.740977,0.226619,0,0,0
1772194519.700886,1198,292.639753,0.244274,0,0,0
1772194519.800917,1205,257.799517,0.213942,0,0,0
1772194519.901003,1215,278.298249,0.229052,0,0,0
1772194520.000895,1249,288.518436,0.231000,0,0,0
1772194520.100883,1254,294.346622,0.234726,0,0,0
1772194520.200822,1231,291.199443,0.236555,0,0,0
1772194520.300885,1226,294.393099,0.240125,0,0,0
1772194520.401186,1212,281.146190,0.231969,0,0,0
1772194520.501058,1255,292.573776,0.233127,0,0,0
1772194520.601125,1275,304.759342,0.239027,0,0,0
1772194520.701108,1273,293.926583,0.230893,0,0,0
1772194520.801105,1295,304.784609,0.235355,0,0,0
1772194520.901003,1290,296.736199,0.230028,0,0,0
1772194521.000982,1303,284.326082,0.218209,0,0,0
1772194521.100858,1295,287.719408,0.222177,0,0,0
1772194521.201125,1317,282.205375,0.214279,0,0,0
1772194521.301023,1300,293.203066,0.225541,0,0,0
1772194521.400824,1279,264.862676,0.207086,0,0,0
1772194521.500510,1239,269.880690,0.217821,0,0,0
1772194521.600200,1269,267.141434,0.210513,0,0,0
1772194521.700588,1231,267.880788,0.217612,0,0,0
1772194521.800951,1243,261.545302,0.210415,0,0,0
1772194521.900108,1221,261.020928,0.213776,0,0,0
1772194522.000929,1268,274.987492,0.216867,0,0,0
1772194522.100992,1261,251.925841,0.199783,0,0,0
1772194522.200896,1303,268.140494,0.205787,0,0,0
1772194522.300888,1253,260.860794,0.208189,0,0,0
1772194522.401088,1272,268.356710,0.210972,0,0,0
1772194522.500821,1259,263.024397,0.208915,0,0,0
1772194522.600964,1258,258.739460,0.205675,0,0,0
1772194522.700794,1325,265.109227,0.200082,0,0,0
1772194522.800893,1264,261.458223,0.206850,0,0,0
1772194522.900793,1270,250.336479,0.197115,0,0,0
1772194523.000883,1249,259.485457,0.207755,0,0,0
1772194523.101168,1241,245.401048,0.197745,0,0,0
1772194523.201027,1250,247.433431,0.197947,0,0,0
1772194523.300817,1269,253.698724,0.199920,0,0,0
1772194523.400932,1226,241.617650,0.197078,0,0,0
1772194523.500859,1251,239.583773,0.191514,0,0,0
1772194523.601081,1240,240.523243,0.193970,0,0,0
1772194523.700993,1210,229.374954,0.189566,0,0,0
1772194523.800823,1195,229.133448,0.191743,0,0,0
1772194523.901025,1187,245.307583,0.206662,0,0,0
1772194524.000808,1173,244.073316,0.208076,0,0,0
1772194524.101056,1132,234.767443,0.207392,0,0,0
1772194524.200937,1172,244.152783,0.208321,0,0,0
1772194524.300906,1123,228.701973,0.203653,0,0,0
1772194524.400846,1133,250.661462,0.221237,0,0,0
1772194524.500983,1146,256.944956,0.224210,0,0,0
1772194524.600918,1150,257.565735,0.223970,0,0,0
1772194524.700981,1148,271.974479,0.236912,0,0,0
1772194524.800901,1172,267.869057,0.228557,0,0,0
1772194524.900917,1122,265.792286,0.236892,0,0,0
1772194525.000805,1131,265.439566,0.234695,0,0,0
1772194525.101088,1060,246.791605,0.232822,0,0,0
1772194525.200908,1059,255.564073,0.241326,0,0,0
1772194525.300964,1025,242.918885,0.236994,0,0,0
1772194525.400943,1014,242.835093,0.239482,0,0,0
1772194525.500781,960,232.008103,0.241675,0,0,0
1772194525.600807,953,235.790230,0.247419,0,0,0
1772194525.700893,921,224.070003,0.243290,0,0,0
1772194525.800859,938,210.020115,0.223902,0,0,0
1772194525.900875,945,218.036893,0.230727,0,0,0
1772194526.000792,967,218.276470,0.225725,0,0,0
1772194526.100809,970,215.005162,0.221655,0,0,0
1772194526.201109,910,194.869532,0.214142,0,0,0
1772194526.300876,839,187.268664,0.223205,0,0,0
1772194526.400811,836,193.428520,0.231374,0,0,0
1772194526.500965,842,195.014607,0.231609,0,0,0
1772194526.600871,851,186.957443,0.219691,0,0,0
1772194526.700810,839,186.491274,0.222278,0,0,0
1772194526.800803,847,186.534215,0.220229,0,0,0
1772194526.900929,824,196.448993,0.238409,0,0,0
1772194527.000952,792,184.379070,0.232802,0,0,0
1772194527.100883,817,184.961599,0.226391,0,0,0
1772194527.200942,806,187.384479,0.232487,0,0,0
1772194527.300849,815,178.137959,0.218574,0,0,0
1772194527.400903,815,182.761263,0.224247,0,0,0
1772194527.500918,817,178.236466,0.218160,0,0,0
1772194527.600778,819,181.410050,0.221502,0,0,0
1772194527.700764,804,183.377774,0.228082,0,0,0
1772194527.800861,800,186.626780,0.233283,0,0,0
1772194527.900852,776,180.506203,0.232611,0,0,0
1772194528.000940,780,189.374888,0.242788,0,0,0
1772194528.100827,773,192.514339,0.249048,0,0,0
1772194528.200813,766,186.467017,0.243430,0,0,0
1772194528.300919,756,185.732467,0.245678,0,0,0
1772194528.400745,767,184.182698,0.240134,0,0,0
1772194528.500799,764,178.072060,0.233079,0,0,0
1772194528.600796,787,187.502656,0.238250,0,0,0
1772194528.700916,774,189.565813,0.244917,0,0,0
1772194528.800850,773,184.441617,0.238605,0,0,0
1772194528.901093,781,195.303704,0.250069,0,0,0
1772194529.000822,792,192.481553,0.243032,0,0,0
1772194529.100910,765,185.689614,0.242732,0,0,0
1772194529.200750,744,188.774262,0.253729,0,0,0
1772194529.300800,751,181.813967,0.242096,0,0,0
1772194529.400770,731,183.770864,0.251397,0,0,0
1772194529.500928,705,165.072563,0.234145,0,0,0
1772194529.600856,709,169.586730,0.239191,0,0,0
1772194529.700824,713,176.707997,0.247837,0,0,0
1772194529.800923,689,161.551871,0.234473,0,0,0
1772194529.900757,679,157.221126,0.231548,0,0,0
1772194530.000910,687,162.940365,0.237177,0,0,0
1772194530.100787,664,161.053207,0.242550,0,0,0
1772194530.200899,686,151.078432,0.220231,0,0,0
1772194530.300889,668,146.358852,0.219100,0,0,0
1772194530.400933,692,157.625669,0.227783,0,0,0
1772194530.500873,676,164.592228,0.243480,0,0,0
1772194530.600811,670,156.896144,0.234173,0,0,0
1772194530.700737,669,166.918329,0.249504,0,0,0
1772194530.800894,670,170.547658,0.254549,0,0,0
1772194530.900777,669,170.042843,0.254175,0,0,0
1772194531.000879,664,169.553609,0.255352,0,0,0
1772194531.100886,677,169.164364,0.249874,0,0,0
1772194531.200831,661,170.041490,0.257249,0,0,0
1772194531.300931,655,172.062219,0.262690,0,0,0
1772194531.400829,642,166.034595,0.258621,0,0,0
1772194531.500756,639,183.552894,0.287250,0,0,0
1772194531.600725,648,181.344340,0.279852,0,0,0
1772194531.700885,618,180.188756,0.291568,0,0,0
1772194531.800808,590,168.647686,0.285844,0,0,0
1772194531.900730,610,180.506051,0.295912,0,0,0
1772194532.001043,581,172.597082,0.297069,0,0,0
1772194532.100589,593,163.712689,0.276075,0,0,0
1772194532.200733,584,161.563260,0.276649,0,0,0
1772194532.300792,558,154.266276,0.276463,0,0,0
1772194532.400787,579,164.843645,0.284704,0,0,0
1772194532.500760,581,166.668863,0.286866,0,0,0
1772194532.600874,563,158.785260,0.282034,0,0,0
1772194532.700764,543,146.584070,0.269952,0,0,0
1772194532.800745,551,153.192287,0.278026,0,0,0
1772194532.900841,544,140.935794,0.259073,0,0,0
1772194533.000746,533,152.043997,0.285261,0,0,0
1772194533.100820,555,148.534335,0.267629,0,0,0
1772194533.200828,543,139.288477,0.256517,0,0,0
1772194533.300711,568,150.294546,0.264603,0,0,0
1772194533.400875,551,137.627912,0.249778,0,0,0
1772194533.500883,556,143.321190,0.257772,0,0,0
1772194533.600870,570,146.797769,0.257540,0,0,0
1772194533.700704,586,148.420457,0.253277,0,0,0
1772194533.800838,624,156.352586,0.250565,0,0,0
1772194533.900770,637,166.595392,0.261531,0,0,0
1772194534.000867,648,150.471148,0.232209,0,0,0
1772194534.100861,656,151.508248,0.230958,0,0,0
1772194534.200809,665,143.808883,0.216254,0,0,0
1772194534.302030,658,149.239154,0.226807,0,0,0
1772194534.400793,680,144.044582,0.211830,0,0,0
1772194534.500778,657,146.542597,0.223048,0,0,0
1772194534.600783,683,148.433440,0.217326,0,0,0
1772194534.700826,667,146.239720,0.219250,0,0,0
1772194534.800832,667,148.434607,0.222541,0,0,0
1772194534.901001,651,152.853703,0.234798,0,0,0
1772194535.000693,655,155.813233,0.237883,0,0,0
1772194535.100779,664,159.503493,0.240216,0,0,0
1772194535.200710,648,149.411681,0.230574,0,0,0
1772194535.300813,655,162.186120,0.247612,0,0,0
1772194535.400740,682,169.312575,0.248259,0,0,0
1772194535.500864,640,161.532914,0.252395,0,0,0
1772194535.600842,665,159.289270,0.239533,0,0,0
1772194535.700778,652,152.110378,0.233298,0,0,0
1772194535.800864,655,166.019767,0.253465,0,0,0
1772194535.900854,645,161.087819,0.249749,0,0,0
1772194536.000847,642,160.375376,0.249806,0,0,0
1772194536.100690,638,159.992324,0.250772,0,0,0
1772194536.200739,653,165.808719,0.253918,0,0,0
1772194536.300763,656,156.708951,0.238886,0,0,0
1772194536.400828,648,162.362369,0.250559,0,0,0
1772194536.500699,651,160.442512,0.246455,0,0,0
1772194536.600773,615,149.652796,0.243338,0,0,0
1772194536.700685,653,163.533426,0.250434,0,0,0
1772194536.800774,628,156.405119,0.249053,0,0,0
1772194536.900827,607,153.120561,0.252258,0,0,0
1772194537.000787,600,148.520970,0.247535,0,0,0
1772194537.100929,568,152.886626,0.269167,0,0,0
1772194537.200743,563,157.673968,0.280060,0,0,0
1772194537.300816,614,158.845006,0.258705,0,0,0
1772194537.400747,585,162.109934,0.277111,0,0,0
1772194537.500685,567,154.590597,0.272647,0,0,0
1772194537.600549,557,150.835844,0.270800,0,0,0
1772194537.700515,552,142.695232,0.258506,0,0,0
1772194537.800630,558,153.507614,0.275103,0,0,0
1772194537.900838,592,150.107816,0.253561,0,0,0
1772194538.000787,608,141.648983,0.232975,0,0,0
1772194538.100815,630,143.653127,0.228021,0,0,0
1772194538.200665,628,154.539019,0.246081,0,0,0
1772194538.300849,642,151.027934,0.235246,0,0,0
1772194538.400804,628,143.500989,0.228505,0,0,0
1772194538.500660,658,151.867179,0.230801,0,0,0
1772194538.600960,656,151.307141,0.230651,0,0,0
1772194538.700657,643,160.192647,0.249133,0,0,0
1772194538.800688,665,156.579499,0.235458,0,0,0
1772194538.900651,674,167.035321,0.247827,0,0,0
1772194539.000738,680,166.960849,0.245531,0,0,0
1772194539.100808,675,160.282673,0.237456,0,0,0
1772194539.200665,657,159.078884,0.242129,0,0,0
1772194539.300762,661,158.326280,0.239525,0,0,0
1772194539.400652,664,154.758597,0.233070,0,0,0
1772194539.500753,654,161.285260,0.246614,0,0,0
1772194539.600818,645,156.862550,0.243198,0,0,0
1772194539.700733,656,161.416202,0.246061,0,0,0
1772194539.800770,661,161.572601,0.244437,0,0,0
1772194539.900706,637,160.026387,0.251219,0,0,0
1772194540.000798,625,162.740750,0.260385,0,0,0
1772194540.100728,634,154.503856,0.243697,0,0,0
1772194540.200719,637,159.255169,0.250008,0,0,0
1772194540.300659,611,156.794590,0.256620,0,0,0
1772194540.400636,621,157.003152,0.252823,0,0,0
1772194540.501553,614,156.236493,0.254457,0,0,0
1772194540.600779,636,159.050390,0.250079,0,0,0
1772194540.700751,615,160.712471,0.261321,0,0,0
1772194540.800648,608,154.780619,0.254573,0,0,0
1772194540.900752,585,156.311901,0.267200,0,0,0
1772194541.000676,604,153.818228,0.254666,0,0,0
1772194541.100783,587,159.206045,0.271220,0,0,0
1772194541.201733,578,156.431941,0.270643,0,0,0
1772194541.300926,599,166.044552,0.277203,0,0,0
1772194541.400671,584,153.661210,0.263119,0,0,0
1772194541.500627,577,150.852477,0.261443,0,0,0
1772194541.600685,606,162.971421,0.268930,0,0,0
1772194541.700640,609,164.984729,0.270911,0,0,0
1772194541.800785,614,157.864755,0.257109,0,0,0
1772194541.900784,601,158.110218,0.263079,0,0,0
1772194542.000734,609,156.358421,0.256746,0,0,0
1772194542.100627,601,161.662118,0.268989,0,0,0
1772194542.201132,590,153.182628,0.259632,0,0,0
1772194542.300775,622,164.653148,0.264716,0,0,0
1772194542.400801,583,153.871560,0.263931,0,0,0
1772194542.500756,598,163.962561,0.274185,0,0,0
1772194542.600675,587,152.899912,0.260477,0,0,0
1772194542.700782,597,158.326430,0.265203,0,0,0
1772194542.800896,579,157.325193,0.271719,0,0,0
1772194542.900778,616,159.735411,0.259311,0,0,0
1772194543.000746,625,169.008613,0.270414,0,0,0
1772194543.100696,622,160.766459,0.258467,0,0,0
1772194543.200727,629,157.901752,0.251036,0,0,0
1772194543.300632,612,163.938218,0.267873,0,0,0
1772194543.400860,598,153.569707,0.256806,0,0,0
1772194543.500610,621,162.066380,0.260976,0,0,0
1772194543.600688,610,166.511581,0.272970,0,0,0
1772194543.700758,602,170.950322,0.283971,0,0,0
1772194543.800655,611,168.154574,0.275212,0,0,0
1772194543.900760,589,162.691311,0.276216,0,0,0
1772194544.000772,607,166.884720,0.274934,0,0,0
1772194544.100774,591,158.567837,0.268304,0,0,0
1772194544.200750,606,161.420697,0.266371,0,0,0
1772194544.300714,586,158.685931,0.270795,0,0,0
1772194544.400636,579,152.610549,0.263576,0,0,0
1772194544.500814,572,154.874834,0.270760,0,0,0
1772194544.600720,587,151.342079,0.257823,0,0,0
1772194544.700693,618,169.520907,0.274306,0,0,0
1772194544.800722,625,165.001599,0.264003,0,0,0
1772194544.900615,627,172.879620,0.275725,0,0,0
1772194545.000682,607,162.461621,0.267647,0,0,0
1772194545.100780,604,163.338939,0.270429,0,0,0
1772194545.200722,614,159.702881,0.260102,0,0,0
1772194545.300661,609,162.234664,0.266395,0,0,0
1772194545.400782,624,169.969743,0.272387,0,0,0
1772194545.500500,641,173.671650,0.270939,0,0,0
1772194545.600744,648,172.941570,0.266885,0,0,0
1772194545.700589,651,169.280543,0.260032,0,0,0
1772194545.800680,654,167.515161,0.256139,0,0,0
1772194545.900762,645,163.372262,0.253290,0,0,0
1772194546.000674,648,164.318480,0.253578,0,0,0
1772194546.100804,635,166.241257,0.261797,0,0,0
1772194546.200592,643,164.418526,0.255705,0,0,0
1772194546.300590,613,167.106464,0.272604,0,0,0
1772194546.400709,594,150.004821,0.252533,0,0,0
1772194546.500759,624,167.403054,0.268274,0,0,0
1772194546.600658,616,158.549539,0.257386,0,0,0
1772194546.700779,620,161.812257,0.260988,0,0,0
1772194546.800807,619,161.086332,0.260236,0,0,0
1772194546.900715,624,161.252865,0.258418,0,0,0
1772194547.000755,622,156.670505,0.251882,0,0,0
1772194547.100658,625,158.592889,0.253749,0,0,0
1772194547.201423,618,159.881554,0.258708,0,0,0
1772194547.301416,623,159.109990,0.255393,0,0,0
1772194547.400366,614,163.468582,0.266235,0,0,0
1772194547.500658,620,154.997801,0.249996,0,0,0
1772194547.601156,607,157.472562,0.259428,0,0,0
1772194547.700641,631,156.664535,0.248280,0,0,0
1772194547.800784,602,147.203494,0.244524,0,0,0
1772194547.900705,637,153.076546,0.240309,0,0,0
1772194548.000625,633,160.361669,0.253336,0,0,0
1772194548.100755,646,169.090951,0.261751,0,0,0
1772194548.200666,647,160.866324,0.248634,0,0,0
1772194548.300565,659,168.023779,0.254968,0,0,0
1772194548.400678,649,161.343475,0.248603,0,0,0
1772194548.500565,670,179.733599,0.268259,0,0,0
1772194548.600595,663,177.249793,0.267345,0,0,0
1772194548.700683,666,174.415154,0.261885,0,0,0
1772194548.800741,674,183.694779,0.272544,0,0,0
1772194548.900661,666,175.750265,0.263889,0,0,0
1772194549.000653,681,174.797072,0.256677,0,0,0
1772194549.100585,685,180.880366,0.264059,0,0,0
1772194549.200667,657,166.371028,0.253228,0,0,0
1772194549.300697,681,176.389600,0.259016,0,0,0
1772194549.400601,669,171.741959,0.256714,0,0,0
1772194549.500681,662,180.501962,0.272662,0,0,0
1772194549.600595,681,183.519557,0.269485,0,0,0
1772194549.700725,661,175.897508,0.266108,0,0,0
1772194549.800700,663,170.545491,0.257233,0,0,0
1772194549.900581,675,176.847008,0.261996,0,0,0
1772194550.001110,666,176.924269,0.265652,0,0,0
1772194550.100539,683,175.592879,0.257091,0,0,0
1772194550.200577,675,171.503920,0.254080,0,0,0
1772194550.300579,674,176.391757,0.261709,0,0,0
1772194550.400594,659,163.481982,0.248076,0,0,0
1772194550.500667,674,175.580206,0.260505,0,0,0
1772194550.600631,672,171.548551,0.255281,0,0,0
1772194550.700675,663,170.339732,0.256923,0,0,0
1772194550.800638,652,163.093144,0.250143,0,0,0
1772194550.900653,674,165.206454,0.245113,0,0,0
1772194551.000717,692,172.789396,0.249696,0,0,0
1772194551.100711,692,164.013270,0.237013,0,0,0
1772194551.200552,684,161.371151,0.235923,0,0,0
1772194551.300671,725,172.134001,0.237426,0,0,0
1772194551.400641,684,161.599913,0.236257,0,0,0
1772194551.500718,700,163.267284,0.233239,0,0,0
1772194551.600717,674,173.217293,0.256999,0,0,0
1772194551.700632,690,168.188873,0.243752,0,0,0
1772194551.800540,665,168.205369,0.252940,0,0,0
1772194551.900629,657,155.715846,0.237010,0,0,0
1772194552.000679,671,164.536551,0.245211,0,0,0
1772194552.100614,670,169.685639,0.253262,0,0,0
1772194552.200673,667,163.329042,0.244871,0,0,0
1772194552.300610,679,168.461977,0.248103,0,0,0
1772194552.400614,692,173.221390,0.250320,0,0,0
1772194552.500700,690,162.775756,0.235907,0,0,0
1772194552.600699,701,161.405607,0.230251,0,0,0
1772194552.700755,690,158.642951,0.229917,0,0,0
1772194552.800642,700,178.013931,0.254306,0,0,0
1772194552.900638,697,166.385974,0.238717,0,0,0
1772194553.000689,679,164.823476,0.242744,0,0,0
1772194553.100569,679,157.561809,0.232050,0,0,0
1772194553.200724,683,160.095046,0.234400,0,0,0
1772194553.300582,714,168.275635,0.235680,0,0,0
1772194553.401013,694,168.626525,0.242978,0,0,0
1772194553.500721,715,157.895351,0.220833,0,0,0
1772194553.600695,697,160.536108,0.230324,0,0,0
1772194553.700639,709,168.336452,0.237428,0,0,0
1772194553.801278,673,162.137127,0.240917,0,0,0
1772194553.900569,668,154.785701,0.231715,0,0,0
1772194554.000519,661,158.624165,0.239976,0,0,0
1772194554.100597,698,161.561627,0.231464,0,0,0
1772194554.200686,670,165.459024,0.246954,0,0,0
1772194554.300581,674,158.634931,0.235363,0,0,0
1772194554.400550,662,150.265771,0.226988,0,0,0
1772194554.500684,640,146.110990,0.228298,0,0,0
1772194554.600691,635,142.379017,0.224219,0,0,0
1772194554.700627,640,147.320832,0.230189,0,0,0
1772194554.800669,665,145.428976,0.218690,0,0,0
1772194554.900543,632,139.467925,0.220677,0,0,0
1772194555.000558,650,150.920822,0.232186,0,0,0
1772194555.100535,647,146.926998,0.227090,0,0,0
1772194555.200569,675,149.117367,0.220915,0,0,0
1772194555.300665,662,146.892391,0.221892,0,0,0
1772194555.400535,659,147.059902,0.223156,0,0,0
1772194555.500533,678,156.560107,0.230915,0,0,0
1772194555.600540,679,152.084381,0.223983,0,0,0
1772194555.700614,647,149.089852,0.230433,0,0,0
1772194555.800544,683,154.001525,0.225478,0,0,0
1772194555.900650,680,153.867077,0.226275,0,0,0
1772194556.000605,669,145.759958,0.217877,0,0,0
1772194556.100489,661,145.730380,0.220470,0,0,0
1772194556.200604,637,131.640490,0.206657,0,0,0
1772194556.300551,665,146.146674,0.219769,0,0,0
1772194556.400506,666,145.035228,0.217771,0,0,0
1772194556.500673,682,148.715307,0.218058,0,0,0
1772194556.600502,679,142.352051,0.209650,0,0,0
1772194556.700607,681,140.547341,0.206384,0,0,0
1772194556.800669,688,138.237984,0.200927,0,0,0
1772194556.901059,674,140.151528,0.207940,0,0,0
1772194557.000532,699,144.967176,0.207392,0,0,0
1772194557.100502,693,149.927044,0.216345,0,0,0
1772194557.200660,708,148.143824,0.209243,0,0,0
1772194557.300658,719,147.086085,0.204570,0,0,0
1772194557.400740,691,144.059595,0.208480,0,0,0
1772194557.500545,672,154.119174,0.229344,0,0,0
1772194557.600657,712,150.919562,0.211966,0,0,0
1772194557.701273,677,157.887927,0.233217,0,0,0
1772194557.800611,695,148.821485,0.214132,0,0,0
1772194557.900482,692,148.404366,0.214457,0,0,0
1772194558.000510,741,162.977478,0.219943,0,0,0
1772194558.100531,733,161.719404,0.220627,0,0,0
1772194558.200480,736,161.872152,0.219935,0,0,0
1772194558.300597,698,146.140208,0.209370,0,0,0
1772194558.400469,703,162.996574,0.231859,0,0,0
1772194558.500599,734,154.489282,0.210476,0,0,0
1772194558.600686,723,161.690304,0.223638,0,0,0
1772194558.700585,729,154.992440,0.212610,0,0,0
1772194558.800709,698,158.745561,0.227429,0,0,0
1772194558.900518,719,140.294050,0.195124,0,0,0
1772194559.000603,744,152.096860,0.204431,0,0,0
1772194559.100518,773,157.552305,0.203819,0,0,0
1772194559.200515,730,144.547073,0.198010,0,0,0
1772194559.300539,742,151.077623,0.203609,0,0,0
1772194559.400516,758,145.063189,0.191376,0,0,0
1772194559.500609,761,144.334459,0.189664,0,0,0
1772194559.600578,741,138.490147,0.186896,0,0,0
1772194559.700539,745,143.862378,0.193104,0,0,0
1772194559.800479,763,143.885840,0.188579,0,0,0
1772194559.900526,733,139.125729,0.189803,0,0,0
1772194560.000563,761,138.494647,0.181990,0,0,0
1772194560.100592,740,137.682383,0.186057,0,0,0
1772194560.200593,741,137.051451,0.184955,0,0,0
1772194560.300489,758,154.452311,0.203763,0,0,0
1772194560.400658,766,155.794041,0.203386,0,0,0
1772194560.500586,752,143.959176,0.191435,0,0,0
1772194560.600571,794,178.638400,0.224985,0,0,0
1772194560.700629,792,181.581545,0.229270,0,0,0
1772194560.800516,807,190.835950,0.236476,0,0,0
1772194560.900495,793,174.970953,0.220644,0,0,0
1772194561.000489,841,191.992102,0.228290,0,0,0
1772194561.100472,829,187.806299,0.226546,0,0,0
1772194561.200439,855,186.130541,0.217697,0,0,0
1772194561.300585,813,186.215475,0.229047,0,0,0
1772194561.400614,870,188.516060,0.216685,0,0,0
1772194561.500980,836,189.375005,0.226525,0,0,0
1772194561.600494,855,185.688328,0.217179,0,0,0
1772194561.700638,852,190.947330,0.224117,0,0,0
1772194561.800493,882,184.763565,0.209483,0,0,0
1772194561.900562,866,187.886336,0.216959,0,0,0
1772194562.000517,905,201.653453,0.222821,0,0,0
1772194562.100491,879,187.721807,0.213563,0,0,0
1772194562.201284,898,192.984150,0.214904,0,0,0
1772194562.300460,905,192.342507,0.212533,0,0,0
1772194562.400484,870,185.757655,0.213515,0,0,0
1772194562.500560,872,183.785260,0.210763,0,0,0
1772194562.600461,878,182.157269,0.207468,0,0,0
1772194562.700534,893,188.965909,0.211608,0,0,0
1772194562.800556,885,189.669205,0.214315,0,0,0
1772194562.900511,886,182.618697,0.206116,0,0,0
1772194563.000445,863,191.240808,0.221600,0,0,0
1772194563.100547,873,184.113518,0.210898,0,0,0
1772194563.200595,852,170.247594,0.199821,0,0,0
1772194563.300440,837,165.799399,0.198088,0,0,0
1772194563.400533,803,160.974579,0.200466,0,0,0
1772194563.500467,776,151.610766,0.195375,0,0,0
1772194563.600568,761,151.509818,0.199093,0,0,0
1772194563.700546,730,145.609035,0.199464,0,0,0
1772194563.800487,715,148.635396,0.207882,0,0,0
1772194563.900481,730,154.059248,0.211040,0,0,0
1772194564.000537,722,138.637079,0.192018,0,0,0
1772194564.100451,709,137.709062,0.194230,0,0,0
1772194564.200674,724,142.089793,0.196257,0,0,0
1772194564.300588,725,136.084245,0.187702,0,0,0
1772194564.400480,726,139.655862,0.192363,0,0,0
1772194564.500545,711,132.761444,0.186725,0,0,0
1772194564.600591,724,136.656870,0.188753,0,0,0
1772194564.700465,710,133.251049,0.187678,0,0,0
1772194564.800471,699,123.621717,0.176855,0,0,0
1772194564.900546,711,127.124466,0.178797,0,0,0
1772194565.000437,710,125.904832,0.177331,0,0,0
1772194565.100498,728,134.222900,0.184372,0,0,0
1772194565.200564,708,130.824457,0.184780,0,0,0
1772194565.300522,696,121.031391,0.173896,0,0,0
1772194565.400523,723,132.827111,0.183717,0,0,0
1772194565.500424,710,142.790816,0.201114,0,0,0
1772194565.600589,756,142.560989,0.188573,0,0,0
1772194565.700419,774,154.978694,0.200231,0,0,0
1772194565.800538,805,143.579485,0.178360,0,0,0
1772194565.900511,806,154.811703,0.192074,0,0,0
1772194566.000440,840,171.676297,0.204377,0,0,0
1772194566.100492,815,160.347108,0.196745,0,0,0
1772194566.200479,869,160.044976,0.184171,0,0,0
1772194566.300520,879,164.195780,0.186798,0,0,0
1772194566.400496,899,166.272439,0.184953,0,0,0
1772194566.500415,963,181.876951,0.188865,0,0,0
1772194566.600562,974,189.090202,0.194138,0,0,0
1772194566.700568,1027,204.120868,0.198754,0,0,0
1772194566.800454,1054,205.672006,0.195135,0,0,0
1772194566.900435,1066,199.359146,0.187016,0,0,0
1772194567.000543,1022,193.520199,0.189354,0,0,0
1772194567.100450,1113,195.614611,0.175754,0,0,0
1772194567.200552,1059,187.448720,0.177005,0,0,0
1772194567.300422,1094,196.596620,0.179704,0,0,0
1772194567.400429,1079,182.100055,0.168767,0,0,0
1772194567.500435,1075,170.285559,0.158405,0,0,0
1772194567.600454,1081,188.746752,0.174604,0,0,0
1772194567.701903,1059,181.784825,0.171657,0,0,0
1772194567.800529,1101,182.491670,0.165751,0,0,0
1772194567.900457,1111,184.186938,0.165785,0,0,0
1772194568.000479,1100,183.518397,0.166835,0,0,0
1772194568.100393,1105,203.012125,0.183721,0,0,0
1772194568.200524,1114,204.691853,0.183745,0,0,0
1772194568.300460,1130,186.123155,0.164711,0,0,0
1772194568.400662,1067,181.709532,0.170299,0,0,0
1772194568.500416,1138,190.076550,0.167027,0,0,0
1772194568.600557,1098,181.809327,0.165582,0,0,0
1772194568.700382,1138,186.755647,0.164109,0,0,0
1772194568.800384,1131,189.319695,0.167391,0,0,0
1772194568.900540,1181,197.610517,0.167325,0,0,0
1772194569.000565,1141,182.602513,0.160037,0,0,0
1772194569.100534,1152,195.726467,0.169901,0,0,0
1772194569.200459,1187,202.210506,0.170354,0,0,0
1772194569.300550,1188,205.027151,0.172582,0,0,0
1772194569.400714,1218,223.449165,0.183456,0,0,0
1772194569.500410,1142,209.308284,0.183282,0,0,0
1772194569.600524,1157,229.743334,0.198568,0,0,0
1772194569.700454,1172,221.882814,0.189320,0,0,0
1772194569.800526,1190,224.249627,0.188445,0,0,0
1772194569.900487,1187,224.904084,0.189473,0,0,0
1772194570.000424,1264,236.343768,0.186981,0,0,0
1772194570.100440,1212,209.957401,0.173232,0,0,0
1772194570.200555,1241,230.873967,0.186039,0,0,0
1772194570.300449,1232,215.935607,0.175272,0,0,0
1772194570.400581,1227,252.119478,0.205476,0,0,0
1772194570.500523,1237,250.814074,0.202760,0,0,0
1772194570.600554,1242,261.742778,0.210743,0,0,0
1772194570.700667,1258,261.858658,0.208155,0,0,0
1772194570.800398,1262,258.457622,0.204800,0,0,0
1772194570.900371,1277,274.443112,0.214912,0,0,0
1772194571.000668,1307,286.098418,0.218897,0,0,0
1772194571.100369,1323,287.591630,0.217378,0,0,0
1772194571.200448,1324,269.367816,0.203450,0,0,0
1772194571.300358,1376,295.529261,0.214774,0,0,0
1772194571.400472,1413,281.884463,0.199494,0,0,0
1772194571.500352,1389,290.043780,0.208815,0,0,0
1772194571.600624,1408,282.853151,0.200890,0,0,0
1772194571.700397,1387,288.654983,0.208115,0,0,0
1772194571.800353,1405,304.133500,0.216465,0,0,0
1772194571.900520,1395,290.179321,0.208014,0,0,0
1772194572.000420,1392,305.135605,0.219207,0,0,0
1772194572.100469,1378,320.467233,0.232560,0,0,0
1772194572.200625,1398,337.249458,0.241237,0,0,0
1772194572.300416,1397,308.459373,0.220801,0,0,0
1772194572.400403,1445,351.548897,0.243286,0,0,0
1772194572.500391,1464,321.437155,0.219561,0,0,0
1772194572.600421,1452,314.496917,0.216596,0,0,0
1772194572.700474,1443,309.466039,0.214460,0,0,0
1772194572.800527,1444,318.028900,0.220242,0,0,0
1772194572.900460,1492,328.829315,0.220395,0,0,0
1772194573.000517,1466,336.354920,0.229437,0,0,0
1772194573.100472,1488,359.968197,0.241914,0,0,0
1772194573.200452,1462,352.270901,0.240951,0,0,0
1772194573.300420,1531,354.076901,0.231272,0,0,0
1772194573.400509,1504,380.049098,0.252692,0,0,0
1772194573.500426,1520,363.208389,0.238953,0,0,0
1772194573.600519,1537,391.523191,0.254732,0,0,0
1772194573.700444,1521,385.460990,0.253426,0,0,0
1772194573.800333,1489,367.665814,0.246921,0,0,0
1772194573.900463,1468,370.333270,0.252271,0,0,0
1772194574.000381,1452,359.380981,0.247508,0,0,0
1772194574.100429,1531,389.703376,0.254542,0,0,0
1772194574.200373,1467,365.298413,0.249011,0,0,0
1772194574.300380,1487,363.420340,0.244398,0,0,0
1772194574.400452,1482,354.963693,0.239517,0,0,0
1772194574.500490,1458,369.901023,0.253704,0,0,0
1772194574.600471,1439,360.488432,0.250513,0,0,0
1772194574.700478,1468,354.307142,0.241354,0,0,0
1772194574.800489,1440,359.918784,0.249944,0,0,0
1772194574.900466,1499,350.159332,0.233595,0,0,0
1772194575.000483,1474,366.929454,0.248935,0,0,0
1772194575.100518,1472,346.564927,0.235438,0,0,0
1772194575.200362,1468,362.038580,0.246620,0,0,0
1772194575.300361,1466,350.661438,0.239196,0,0,0
1772194575.400403,1480,371.597128,0.251079,0,0,0
1772194575.500413,1461,347.171823,0.237626,0,0,0
1772194575.600359,1472,366.437561,0.248939,0,0,0
1772194575.700401,1485,374.117998,0.251931,0,0,0
1772194575.800549,1528,371.196395,0.242930,0,0,0
1772194575.900367,1484,370.151154,0.249428,0,0,0
1772194576.000688,1540,380.136589,0.246842,0,0,0
1772194576.100495,1485,357.247654,0.240571,0,0,0
1772194576.201118,1506,361.553318,0.240075,0,0,0
1772194576.301117,1467,369.949859,0.252181,0,0,0
1772194576.400502,1519,371.960944,0.244872,0,0,0
1772194576.500660,1507,371.852718,0.246750,0,0,0
1772194576.602979,1551,380.281371,0.245185,0,0,0
1772194576.700478,1505,370.343756,0.246076,0,0,0
1772194576.800402,1533,368.304178,0.240251,0,0,0
1772194576.900682,1502,367.098396,0.244406,0,0,0
1772194577.000696,1540,374.294987,0.243049,0,0,0
1772194577.100656,1522,377.356874,0.247935,0,0,0
1772194577.200463,1515,371.763848,0.245389,0,0,0
1772194577.300440,1507,350.502938,0.232583,0,0,0
1772194577.400466,1538,386.420826,0.251249,0,0,0
1772194577.500395,1577,376.671418,0.238853,0,0,0
1772194577.600350,1503,367.710679,0.244651,0,0,0
1772194577.700388,1554,369.059023,0.237490,0,0,0
1772194577.800340,1528,363.599357,0.237958,0,0,0
1772194577.900407,1541,362.924124,0.235512,0,0,0
1772194578.000379,1464,364.390956,0.248901,0,0,0
1772194578.100534,1536,379.266215,0.246918,0,0,0
1772194578.200332,1522,379.540528,0.249370,0,0,0
1772194578.300689,1553,379.965047,0.244665,0,0,0
1772194578.400362,1536,384.208820,0.250136,0,0,0
1772194578.500473,1603,386.805005,0.241301,0,0,0
1772194578.600540,1583,391.565708,0.247357,0,0,0
1772194578.700540,1609,391.731114,0.243462,0,0,0
1772194578.800462,1552,376.982261,0.242901,0,0,0
1772194578.900364,1535,366.600337,0.238828,0,0,0
1772194579.000556,1576,383.991749,0.243650,0,0,0
1772194579.100353,1556,380.366712,0.244452,0,0,0
1772194579.200646,1554,381.814544,0.245698,0,0,0
1772194579.300614,1583,392.389175,0.247877,0,0,0
1772194579.400579,1551,387.169924,0.249626,0,0,0
1772194579.500539,1567,394.556492,0.251791,0,0,0
1772194579.600667,1554,387.256334,0.249200,0,0,0
1772194579.700323,1525,368.170161,0.241423,0,0,0
1772194579.800637,1575,380.734358,0.241736,0,0,0
1772194579.900562,1547,355.298674,0.229669,0,0,0
1772194580.000366,1618,395.367001,0.244355,0,0,0
1772194580.100622,1587,365.005598,0.229997,0,0,0
1772194580.200396,1556,353.852417,0.227412,0,0,0
1772194580.300423,1593,379.179935,0.238029,0,0,0
1772194580.400702,1595,383.496698,0.240437,0,0,0
1772194580.500449,1582,373.837515,0.236307,0,0,0
1772194580.600397,1578,381.509308,0.241768,0,0,0
1772194580.700438,1603,382.848489,0.238832,0,0,0
1772194580.800548,1623,392.309796,0.241719,0,0,0
1772194580.900402,1582,378.904187,0.239510,0,0,0
1772194581.000368,1685,387.489821,0.229964,0,0,0
1772194581.100982,1641,372.683882,0.227108,0,0,0
1772194581.200595,1663,361.263846,0.217236,0,0,0
1772194581.301079,1644,370.517316,0.225375,0,0,0
1772194581.401244,1681,364.866817,0.217053,0,0,0
1772194581.501153,1635,374.397564,0.228989,0,0,0
1772194581.601019,1669,368.546019,0.220818,0,0,0
1772194581.701014,1652,376.109780,0.227669,0,0,0
1772194581.800388,1664,394.524545,0.237094,0,0,0
1772194581.900975,1662,408.842890,0.245995,0,0,0
1772194582.000329,1609,383.320279,0.238235,0,0,0
1772194582.100463,1602,382.957392,0.239050,0,0,0
1772194582.200386,1571,377.258601,0.240139,0,0,0
1772194582.300360,1599,389.686629,0.243706,0,0,0
1772194582.400307,1647,396.706539,0.240866,0,0,0
1772194582.500390,1630,392.549660,0.240828,0,0,0
1772194582.600664,1672,396.635949,0.237222,0,0,0
1772194582.700366,1632,402.145946,0.246413,0,0,0
1772194582.800490,1652,398.980299,0.241513,0,0,0
1772194582.900425,1644,399.114417,0.242770,0,0,0
1772194583.000401,1603,395.984331,0.247027,0,0,0
1772194583.100552,1629,408.152338,0.250554,0,0,0
1772194583.200531,1648,419.342577,0.254455,0,0,0
1772194583.300322,1592,405.031055,0.254416,0,0,0
1772194583.400349,1607,417.884715,0.260040,0,0,0
1772194583.500379,1580,398.866978,0.252447,0,0,0
1772194583.600348,1621,404.457105,0.249511,0,0,0
1772194583.700533,1679,418.455450,0.249229,0,0,0
1772194583.800398,1645,419.033374,0.254732,0,0,0
1772194583.900633,1673,430.827595,0.257518,0,0,0
1772194584.000427,1634,416.606044,0.254961,0,0,0
1772194584.100487,1651,420.739395,0.254839,0,0,0
1772194584.200664,1658,429.512980,0.259055,0,0,0
1772194584.300361,1611,407.624389,0.253026,0,0,0
1772194584.400506,1635,432.108406,0.264286,0,0,0
1772194584.500708,1562,425.806220,0.272603,0,0,0
1772194584.600404,1553,412.842612,0.265836,0,0,0
1772194584.700359,1567,427.308788,0.272692,0,0,0
1772194584.800371,1540,381.809676,0.247928,0,0,0
1772194584.900698,1560,398.628146,0.255531,0,0,0
1772194585.000624,1553,400.635020,0.257975,0,0,0
1772194585.100651,1574,379.383326,0.241031,0,0,0
1772194585.200401,1575,387.944549,0.246314,0,0,0
1772194585.300364,1611,382.239674,0.237269,0,0,0
1772194585.400572,1585,389.024279,0.245441,0,0,0
1772194585.500434,1569,385.400463,0.245634,0,0,0
1772194585.600595,1510,373.950992,0.247650,0,0,0
1772194585.700318,1549,377.223917,0.243527,0,0,0
1772194585.800419,1493,362.633567,0.242889,0,0,0
1772194585.900390,1527,383.068606,0.250864,0,0,0
1772194586.000426,1573,397.133131,0.252469,0,0,0
1772194586.100337,1511,346.159048,0.229093,0,0,0
1772194586.200515,1499,340.687725,0.227277,0,0,0
1772194586.301122,1527,348.551773,0.228259,0,0,0
1772194586.401275,1546,353.525521,0.228671,0,0,0
1772194586.501194,1556,352.825820,0.226752,0,0,0
1772194586.601031,1552,348.624866,0.224629,0,0,0
1772194586.700973,1572,359.631963,0.228774,0,0,0
1772194586.800402,1530,356.431637,0.232962,0,0,0
1772194586.900448,1529,362.796863,0.237277,0,0,0
1772194587.000642,1534,364.847467,0.237841,0,0,0
1772194587.100384,1503,348.991627,0.232197,0,0,0
1772194587.200448,1498,340.474958,0.227286,0,0,0
1772194587.300227,1458,331.940503,0.227668,0,0,0
1772194587.400609,1468,337.692571,0.230036,0,0,0
1772194587.500580,1446,338.477168,0.234078,0,0,0
1772194587.600430,1517,347.557449,0.229108,0,0,0
1772194587.700654,1515,328.314234,0.216709,0,0,0
1772194587.800637,1524,326.294792,0.214104,0,0,0
1772194587.900630,1459,324.568711,0.222460,0,0,0
1772194588.000492,1467,332.521279,0.226668,0,0,0
1772194588.100615,1468,321.114424,0.218743,0,0,0
1772194588.200659,1482,336.091847,0.226783,0,0,0
1772194588.300571,1466,322.327125,0.219868,0,0,0
1772194588.400508,1431,310.534284,0.217005,0,0,0
1772194588.500339,1473,313.750652,0.213001,0,0,0
1772194588.600614,1455,301.853623,0.207460,0,0,0
1772194588.700542,1473,282.464892,0.191762,0,0,0
1772194588.800591,1473,296.904421,0.201564,0,0,0
1772194588.900447,1433,287.712568,0.200776,0,0,0
1772194589.000426,1424,292.715754,0.205559,0,0,0
1772194589.100538,1403,283.117192,0.201794,0,0,0
1772194589.200569,1363,279.203848,0.204845,0,0,0
1772194589.300467,1351,283.798379,0.210065,0,0,0
1772194589.400538,1318,281.512071,0.213590,0,0,0
1772194589.500592,1324,285.482302,0.215621,0,0,0
1772194589.600469,1308,287.199302,0.219571,0,0,0
1772194589.700479,1306,293.407931,0.224662,0,0,0
1772194589.800554,1300,299.857517,0.230660,0,0,0
1772194589.900431,1297,288.564202,0.222486,0,0,0
1772194590.000517,1251,283.156727,0.226344,0,0,0
1772194590.100260,1250,288.436338,0.230749,0,0,0
1772194590.200437,1269,290.334456,0.228790,0,0,0
1772194590.300372,1248,283.314673,0.227015,0,0,0
1772194590.400656,1222,258.705968,0.211707,0,0,0
1772194590.500326,1251,264.359106,0.211318,0,0,0
1772194590.601171,1217,260.109857,0.213730,0,0,0
1772194590.700506,1247,267.680790,0.214660,0,0,0
1772194590.800981,1233,257.324517,0.208698,0,0,0
1772194590.900355,1221,266.308436,0.218107,0,0,0
1772194591.000643,1257,256.154313,0.203782,0,0,0
1772194591.100573,1231,272.085329,0.221028,0,0,0
1772194591.200252,1229,259.494180,0.211143,0,0,0
1772194591.300729,1222,255.559923,0.209133,0,0,0
1772194591.400536,1217,247.198683,0.203121,0,0,0
1772194591.500354,1229,268.140209,0.218178,0,0,0
1772194591.600492,1183,255.149768,0.215680,0,0,0
1772194591.700356,1163,264.971076,0.227834,0,0,0
1772194591.800354,1095,242.491093,0.221453,0,0,0
1772194591.900506,1026,244.329461,0.238138,0,0,0
1772194592.000553,948,249.693875,0.263390,0,0,0
1772194592.100543,809,228.853429,0.282884,0,0,0
1772194592.200528,756,185.192624,0.244964,0,0,0
1772194592.300598,697,151.140699,0.216845,0,0,0
1772194592.400519,644,126.648208,0.196659,0,0,1
1772194592.500594,610,109.927162,0.180208,0,0,1
1772194592.600552,614,111.011442,0.180800,0,0,1
1772194592.700589,620,110.318867,0.177934,0,0,1
1772194592.800229,612,115.210769,0.188253,0,0,1
1772194592.900426,612,118.764754,0.194060,0,0,1
1772194593.000657,605,102.388133,0.169237,0,0,1
1772194593.100346,618,109.915515,0.177857,0,0,1
1772194593.200506,630,114.460920,0.181684,0,0,1
1772194593.300547,634,120.816116,0.190562,0,0,0
1772194593.400307,640,120.959080,0.188999,0,0,0
1772194593.500175,633,116.975767,0.184796,0,0,0
1772194593.600671,643,119.255574,0.185467,0,0,0
1772194593.700992,655,121.128922,0.184930,0,0,0
1772194593.800587,653,111.037273,0.170042,0,0,0
1772194593.900658,661,113.824034,0.172200,0,0,0
1772194594.000274,673,118.518271,0.176104,0,0,0
1772194594.100559,665,113.936293,0.171333,0,0,0
1772194594.200570,665,115.662270,0.173928,0,0,0
1772194594.300411,648,116.662360,0.180035,0,0,0
1772194594.400555,689,126.709585,0.183904,0,0,0
1772194594.500563,682,124.682181,0.182818,0,0,0
1772194594.600935,695,124.957565,0.179795,0,0,0
1772194594.700887,695,127.600489,0.183598,0,0,0
1772194594.800341,727,120.572368,0.165849,0,0,0
1772194594.900545,748,144.298095,0.192912,0,0,0
1772194595.000551,697,118.775383,0.170409,0,0,0
1772194595.100575,702,129.620717,0.184645,0,0,0
1772194595.200559,699,133.277236,0.190668,0,0,0
1772194595.300317,724,132.926409,0.183600,0,0,0
1772194595.400665,729,135.870524,0.186379,0,0,0
1772194595.500556,741,124.149451,0.167543,0,0,0
1772194595.600863,749,149.176850,0.199168,0,0,0
1772194595.701211,761,138.551464,0.182065,0,0,0
1772194595.800565,782,133.690418,0.170960,0,0,0
1772194595.900508,760,132.446329,0.174271,0,0,0
1772194596.000626,757,119.639870,0.158045,0,0,0
1772194596.100384,800,128.662440,0.160828,0,0,0
1772194596.200428,787,128.858150,0.163733,0,0,0
1772194596.300478,785,127.998211,0.163055,0,0,0
1772194596.400391,801,134.942850,0.168468,0,0,0
1772194596.500534,778,131.276665,0.168736,0,0,0
1772194596.600502,779,139.089185,0.178548,0,0,0
1772194596.700401,773,140.393007,0.181621,0,0,0
1772194596.800500,767,138.928169,0.181132,0,0,0
1772194596.900325,705,136.062468,0.192996,0,0,0
1772194597.000628,704,136.994855,0.194595,0,0,0
1772194597.100548,690,139.372471,0.201989,0,0,0
1772194597.200677,710,147.809179,0.208182,0,0,0
1772194597.300375,693,131.929578,0.190375,0,0,0
1772194597.400293,768,155.952183,0.203063,0,0,0
1772194597.500371,789,155.385129,0.196939,0,0,0
1772194597.600616,802,139.023395,0.173346,0,0,0
1772194597.700583,794,141.197413,0.177830,0,0,0
1772194597.800468,799,127.798541,0.159948,0,0,0
1772194597.900232,849,150.404053,0.177154,0,0,0
1772194598.001028,789,126.112300,0.159838,0,0,0
1772194598.100919,832,150.946456,0.181426,0,0,0
1772194598.200628,803,129.253483,0.160963,0,0,0
1772194598.300532,813,141.342491,0.173853,0,0,0
1772194598.400320,841,148.439514,0.176504,0,0,0
1772194598.500507,883,149.804440,0.169654,0,0,0
1772194598.600408,901,139.697793,0.155047,0,0,0
1772194598.700829,902,154.599309,0.171396,0,0,0
1772194598.800508,926,143.449222,0.154913,0,0,0
1772194598.900281,938,147.212281,0.156943,0,0,0
1772194599.000519,922,141.493876,0.153464,0,0,0
1772194599.100831,907,138.751833,0.152979,0,0,0
1772194599.200490,930,141.577076,0.152233,0,0,0
1772194599.300485,899,146.206556,0.162632,0,0,0
1772194599.400357,909,154.576931,0.170052,0,0,0
1772194599.500768,898,144.489582,0.160902,0,0,0
1772194599.600858,927,153.807840,0.165920,0,0,0
1772194599.700987,885,146.399032,0.165423,0,0,0
1772194599.800381,915,150.829597,0.164841,0,0,0
1772194599.900751,896,149.998033,0.167409,0,0,0
1772194600.000595,916,148.596523,0.162223,0,0,0
1772194600.100712,897,147.316309,0.164232,0,0,0
1772194600.203937,905,176.280494,0.194785,0,0,0
1772194600.300230,909,178.522288,0.196394,0,0,0
1772194600.400723,912,188.500402,0.206689,0,0,0
1772194600.500247,911,186.526030,0.204749,0,0,0
1772194600.600439,900,190.144602,0.211272,0,0,0
1772194600.700860,901,197.677039,0.219397,0,0,0
1772194600.800361,910,205.300666,0.225605,0,0,0
1772194600.900469,921,212.464916,0.230689,0,0,0
1772194601.000407,933,207.252526,0.222136,0,0,0
1772194601.100421,917,202.582193,0.220918,0,0,0
1772194601.200366,945,214.271293,0.226742,0,0,0
1772194601.300842,950,206.178447,0.217030,0,0,0
1772194601.400480,964,212.102523,0.220023,0,0,0
1772194601.500897,941,215.297222,0.228796,0,0,0
1772194601.601164,928,215.586624,0.232313,0,0,0
1772194601.701113,919,213.730178,0.232568,0,0,0
1772194601.800576,927,221.743058,0.239205,0,0,0
1772194601.900598,928,231.092854,0.249022,0,0,0
1772194602.000902,889,225.531321,0.253691,0,0,0
1772194602.100836,869,219.889372,0.253037,0,0,0
1772194602.200243,885,228.170381,0.257820,0,0,0
1772194602.300325,854,221.198109,0.259014,0,0,0
1772194602.400638,833,206.934391,0.248421,0,0,0
1772194602.500492,832,220.625450,0.265175,0,0,0
1772194602.600706,844,217.856524,0.258124,0,0,0
1772194602.701180,814,214.171008,0.263109,0,0,0
1772194602.800742,817,217.652252,0.266404,0,0,0
1772194602.900853,814,221.844708,0.272536,0,0,0
1772194603.000972,794,215.746847,0.271721,0,0,0
1772194603.100508,789,216.095413,0.273885,0,0,0
1772194603.200515,800,227.444257,0.284305,0,0,0
1772194603.300450,788,227.203354,0.288329,0,0,0
1772194603.400237,786,221.801361,0.282190,0,0,0
1772194603.500412,799,230.000042,0.287860,0,0,0
1772194603.600576,783,232.431672,0.296848,0,0,0
1772194603.700472,788,232.273886,0.294764,0,0,0
1772194603.800561,759,228.309955,0.300804,0,0,0
1772194603.900485,766,233.219330,0.304464,0,0,0
1772194604.000558,752,232.272625,0.308873,0,0,0
1772194604.100457,736,222.193769,0.301894,0,0,0
1772194604.200324,706,224.518258,0.318015,0,0,0
1772194604.300526,741,230.047736,0.310456,0,0,0
1772194604.400560,718,222.635671,0.310078,0,0,0
1772194604.500554,721,223.923717,0.310574,0,0,0
1772194604.600469,716,219.648793,0.306772,0,0,0
1772194604.700367,680,205.709896,0.302515,0,0,0
1772194604.800902,685,210.558227,0.307384,0,0,0
1772194604.900510,668,207.644264,0.310845,0,0,0
1772194605.000538,647,197.528469,0.305299,0,0,0
1772194605.100506,640,197.304984,0.308289,0,0,0
1772194605.200618,591,172.604546,0.292055,0,0,0
1772194605.300538,611,171.245932,0.280272,0,0,0
1772194605.400458,612,180.995616,0.295744,0,0,0
1772194605.500800,580,169.809020,0.292774,0,0,0
1772194605.600552,584,154.602988,0.264731,0,0,0
1772194605.700362,586,176.530784,0.301247,0,0,0
1772194605.801054,592,181.795783,0.307087,0,0,0
1772194605.900505,576,170.036006,0.295201,0,0,0
1772194606.000477,579,168.794321,0.291527,0,0,0
1772194606.100437,551,153.931444,0.279367,0,0,0
1772194606.200528,532,139.261612,0.261770,0,0,0
1772194606.300786,523,134.109433,0.256423,0,0,0
1772194606.400388,506,128.818413,0.254582,0,0,0
1772194606.500576,499,123.284821,0.247064,0,0,0
1772194606.600655,490,127.008982,0.259202,0,0,0
1772194606.700514,493,135.423261,0.274692,0,0,0
1772194606.800333,483,126.615062,0.262143,0,0,0
1772194606.901137,462,110.079983,0.238268,0,0,0
1772194607.000626,471,108.976177,0.231372,0,0,0
1772194607.100613,466,111.693918,0.239687,0,0,0
1772194607.201039,466,109.144240,0.234215,0,0,0
1772194607.300389,477,114.926237,0.240936,0,0,0
1772194607.400512,472,113.985319,0.241494,0,0,0
1772194607.500209,459,118.650242,0.258497,0,0,0
1772194607.600481,478,134.515051,0.281412,0,0,0
1772194607.700661,465,125.378954,0.269632,0,0,0
1772194607.800263,450,117.053128,0.260118,0,0,0
1772194607.900383,445,109.945792,0.247069,0,0,0
1772194608.000505,449,110.146236,0.245315,0,0,0
1772194608.100490,435,109.786602,0.252383,0,0,0
1772194608.200582,438,107.043940,0.244393,0,0,0
1772194608.300816,432,105.796241,0.244899,0,0,0
1772194608.400267,429,99.386552,0.231670,0,0,0
1772194608.500746,444,103.424004,0.232937,0,0,0
1772194608.600562,417,94.537345,0.226708,0,0,0
1772194608.700919,405,88.356965,0.218165,0,0,0
1772194608.800443,925,156.424670,0.169108,0,0,0
1772194608.900484,911,156.428648,0.171711,0,0,0
1772194609.000829,877,148.547040,0.169381,0,0,0
1772194609.100978,840,149.676610,0.178186,0,0,0
1772194609.200438,811,137.737395,0.169836,0,0,0
1772194609.300806,800,125.871606,0.157340,0,0,0
1772194609.400547,805,129.305159,0.160628,0,0,0
1772194609.500479,791,117.271618,0.148257,0,0,0
1772194609.600638,768,115.970880,0.151004,0,0,0
1772194609.700734,758,111.265832,0.146789,0,0,0
1772194609.800447,777,112.363362,0.144612,0,0,1
1772194609.900742,769,107.251755,0.139469,0,0,1
1772194610.000503,779,112.459711,0.144364,0,0,1
1772194610.100391,726,94.790572,0.130566,0,0,1
1772194610.200442,743,111.360460,0.149879,0,0,1
1772194610.300989,715,110.929915,0.155147,0,0,1
1772194610.400401,728,104.750941,0.143889,0,0,1
1772194610.500672,726,104.516281,0.143962,0,0,1
1772194610.600396,710,100.981194,0.142227,0,0,1
1772194610.700344,697,112.646270,0.161616,0,0,1
1772194610.800742,732,124.199818,0.169672,0,0,1
1772194610.900513,706,116.094567,0.164440,0,0,0
1772194611.000789,720,128.711391,0.178766,0,0,0
1772194611.100565,671,108.729372,0.162041,0,0,0
1772194611.200608,728,116.917476,0.160601,0,0,0
1772194611.300808,716,112.160347,0.156649,0,0,0
1772194611.400737,699,104.443149,0.149418,0,0,0
1772194611.500606,718,111.699305,0.155570,0,0,0
1772194611.600483,701,101.954813,0.145442,0,0,0
1772194611.700582,734,104.919109,0.142942,0,0,1
1772194611.800373,722,112.110900,0.155278,0,0,1
1772194611.900733,715,97.930753,0.136966,0,0,1
1772194612.000385,723,105.468594,0.145876,0,0,1
1772194612.100392,725,103.314621,0.142503,0,0,1
1772194612.200361,725,115.143451,0.158819,0,0,1
1772194612.300688,739,115.968755,0.156927,0,0,1
1772194612.400893,715,105.524190,0.147586,0,0,1
1772194612.500755,692,98.904281,0.142925,0,0,1
1772194612.600625,681,101.470922,0.149003,0,0,1
1772194612.700357,679,106.076279,0.156224,0,0,1
1772194612.800845,684,114.967551,0.168081,0,0,1
1772194612.900693,698,109.425996,0.156771,0,0,0
1772194613.000523,730,121.782687,0.166826,0,0,0
1772194613.100457,772,124.870913,0.161750,0,0,0
1772194613.200426,705,114.518959,0.162438,0,0,0
1772194613.300353,716,113.255045,0.158177,0,0,0
1772194613.400380,728,117.352047,0.161198,0,0,0
1772194613.501063,712,110.417337,0.155081,0,0,0
1772194613.600343,735,116.203668,0.158100,0,0,0
1772194613.700447,747,111.095775,0.148723,0,0,0
1772194613.800475,718,107.976241,0.150385,0,0,0
1772194613.900933,702,102.834342,0.146488,0,0,0
1772194614.000493,742,120.760798,0.162750,0,0,0
1772194614.100745,692,97.841393,0.141389,0,0,1
1772194614.200920,709,110.422280,0.155744,0,0,0
1772194614.300767,743,112.297093,0.151140,0,0,0
1772194614.401049,772,118.806388,0.153894,0,0,0
1772194614.500312,792,120.391901,0.152010,0,0,0
1772194614.600724,778,132.922384,0.170851,0,0,0
1772194614.701016,783,128.144898,0.163659,0,0,0
1772194614.800820,809,141.220482,0.174562,0,0,0
1772194614.900387,804,130.945485,0.162868,0,0,0
1772194615.000383,811,138.377395,0.170626,0,0,0
1772194615.100380,825,145.957709,0.176918,0,0,0
1772194615.200463,785,141.988023,0.180876,0,0,0
1772194615.300884,784,147.680367,0.188368,0,0,0
1772194615.400338,800,152.474253,0.190593,0,0,0
1772194615.500368,763,131.888201,0.172855,0,0,0
1772194615.600783,787,143.258005,0.182031,0,0,0
1772194615.700798,783,147.756034,0.188705,0,0,0
1772194615.800726,799,141.861493,0.177549,0,0,0
1772194615.900702,777,143.946656,0.185260,0,0,0
1772194616.000118,807,166.296457,0.206067,0,0,0
1772194616.100747,748,142.831079,0.190951,0,0,0
1772194616.200192,802,163.471921,0.203830,0,0,0
1772194616.300389,781,156.834265,0.200812,0,0,0
1772194616.400397,800,163.314917,0.204144,0,0,0
1772194616.500677,763,153.958821,0.201781,0,0,0
1772194616.600353,778,160.886574,0.206795,0,0,0
1772194616.700920,761,160.942032,0.211488,0,0,0
1772194616.800968,787,167.863346,0.213295,0,0,0
1772194616.900254,772,170.399264,0.220724,0,0,0
1772194617.000659,804,175.081318,0.217763,0,0,0
1772194617.100573,791,176.092903,0.222621,0,0,0
1772194617.200491,800,179.257624,0.224072,0,0,0
1772194617.300696,791,179.695647,0.227175,0,0,0
1772194617.400313,777,174.263865,0.224278,0,0,0
1772194617.501091,764,167.433434,0.219154,0,0,0
1772194617.600735,774,177.121136,0.228839,0,0,0
1772194617.700371,758,164.321766,0.216783,0,0,0
1772194617.800365,749,167.157755,0.223175,0,0,0
1772194617.901219,743,151.268363,0.203591,0,0,0
1772194618.000895,723,139.601631,0.193087,0,0,0
1772194618.100504,685,129.771077,0.189447,0,0,0
1772194618.200500,677,111.903128,0.165293,0,0,0
1772194618.300621,615,102.381877,0.166475,0,0,0
1772194618.400198,603,91.699312,0.152072,0,0,0
1772194618.500746,569,98.462002,0.173044,0,0,0
1772194618.600432,556,101.727309,0.182963,0,0,0
1772194618.700497,543,96.866745,0.178392,0,0,0
1772194618.800681,539,100.034536,0.185593,0,0,0
1772194618.900939,536,101.987506,0.190275,0,0,0
1772194619.000315,553,111.077777,0.200864,0,0,0
1772194619.100373,511,89.161308,0.174484,0,0,0
1772194619.200302,542,103.315666,0.190619,0,0,0
1772194619.300389,528,98.121820,0.185837,0,0,0
1772194619.400768,557,112.207349,0.201449,0,0,0
1772194619.500307,551,101.394842,0.184020,0,0,0
1772194619.600755,564,113.104113,0.200539,0,0,0
1772194619.700698,574,93.092134,0.162181,0,0,0
1772194619.800916,585,95.243569,0.162810,0,0,0
1772194619.900749,605,102.864731,0.170024,0,0,0
1772194620.000736,572,107.468911,0.187883,0,0,0
1772194620.100369,635,126.494925,0.199205,0,0,0
1772194620.200545,609,109.388094,0.179619,0,0,0
1772194620.300702,636,123.990990,0.194954,0,0,0
1772194620.400984,625,105.557815,0.168893,0,0,0
1772194620.500709,625,111.647720,0.178636,0,0,0
1772194620.600626,621,95.784088,0.154242,0,0,0
1772194620.700340,648,104.493276,0.161255,0,0,0
1772194620.800780,619,94.348950,0.152422,0,0,0
1772194620.900632,595,97.771658,0.164322,0,0,0
1772194621.000662,593,95.088084,0.160351,0,0,0
1772194621.100668,595,93.443033,0.157047,0,0,0
1772194621.200272,584,91.081405,0.155961,0,0,0
1772194621.300423,559,100.113577,0.179094,0,0,0
1772194621.400733,550,91.901534,0.167094,0,0,0
1772194621.500654,561,91.013868,0.162235,0,0,0
1772194621.600366,553,97.921061,0.177072,0,0,0
1772194621.700500,524,92.372823,0.176284,0,0,0
1772194621.800643,544,96.501705,0.177393,0,0,0
1772194621.900714,515,88.488641,0.171823,0,0,0
1772194622.000561,521,96.746365,0.185694,0,0,0
1772194622.100618,529,90.549899,0.171172,0,0,0
1772194622.200543,564,105.361376,0.186811,0,0,0
1772194622.300313,510,87.655037,0.171873,0,0,0
1772194622.400595,527,88.076338,0.167128,0,0,0
1772194622.500941,532,105.835304,0.198939,0,0,0
1772194622.600728,562,108.086855,0.192325,0,0,0
1772194622.700613,574,107.379069,0.187072,0,0,0
1772194622.800534,596,109.140936,0.183122,0,0,0
1772194622.900975,595,105.642433,0.177550,0,0,0
1772194623.000952,589,110.135982,0.186988,0,0,0
1772194623.100617,621,111.864470,0.180136,0,0,0
1772194623.200901,602,105.650791,0.175500,0,0,0
1772194623.300752,606,112.737367,0.186035,0,0,0
1772194623.400452,619,120.811069,0.195171,0,0,0
1772194623.500389,623,122.634319,0.196845,0,0,0
1772194623.600651,620,113.406884,0.182914,0,0,0
1772194623.700616,655,121.340638,0.185253,0,0,0
1772194623.800632,647,120.820741,0.186740,0,0,0
1772194623.900459,635,116.815195,0.183961,0,0,0
1772194624.000736,651,121.160244,0.186114,0,0,0
1772194624.100029,642,114.163897,0.177825,0,0,0
1772194624.200616,611,115.717729,0.189391,0,0,0
1772194624.300717,651,117.240088,0.180092,0,0,0
1772194624.400764,677,130.655534,0.192992,0,0,0
1772194624.500836,676,128.300279,0.189793,0,0,0
1772194624.601005,676,135.112645,0.199871,0,0,0
1772194624.700275,649,122.223197,0.188325,0,0,0
1772194624.801638,651,127.773720,0.196273,0,0,0
1772194624.900895,639,121.481977,0.190113,0,0,0
1772194625.000358,642,126.908819,0.197677,0,0,0
1772194625.100591,638,121.902320,0.191069,0,0,0
1772194625.200305,634,119.394799,0.188320,0,0,0
1772194625.300929,630,121.125629,0.192263,0,0,0
1772194625.400897,648,121.990989,0.188258,0,0,0
1772194625.500601,638,112.558816,0.176424,0,0,0
1772194625.600416,635,113.049500,0.178031,0,0,0
1772194625.700201,635,110.145954,0.173458,0,0,0
1772194625.800378,660,121.349286,0.183863,0,0,0
1772194625.900849,650,122.533131,0.188513,0,0,0
1772194626.000636,662,127.435307,0.192500,0,0,0
1772194626.100522,644,129.871496,0.201664,0,0,0
1772194626.200675,629,125.006181,0.198738,0,0,0
1772194626.300761,643,122.252973,0.190129,0,0,0
1772194626.400732,630,118.807776,0.188584,0,0,0
1772194626.500371,653,123.286789,0.188801,0,0,0
1772194626.600317,617,125.166991,0.202864,0,0,0
1772194626.700388,639,135.332322,0.211788,0,0,0
1772194626.800404,578,114.845372,0.198694,0,0,0
1772194626.900599,611,127.447628,0.208589,0,0,0
1772194627.000748,622,120.644790,0.193963,0,0,0
1772194627.100634,605,125.884276,0.208073,0,0,0
1772194627.200638,632,123.684833,0.195704,0,0,0
1772194627.300585,589,129.847087,0.220453,0,0,0
1772194627.400656,624,121.300170,0.194391,0,0,0
1772194627.500631,587,119.013793,0.202749,0,0,0
1772194627.600558,619,125.108716,0.202114,0,0,0
1772194627.702249,586,114.087905,0.194689,0,0,0
1772194627.800536,583,119.247179,0.204541,0,0,0
1772194627.901590,569,109.372426,0.192219,0,0,0
1772194628.001683,589,118.091190,0.200494,0,0,0
1772194628.100557,582,103.627673,0.178054,0,0,0
1772194628.200556,591,121.615868,0.205780,0,0,0
1772194628.300808,590,106.499938,0.180508,0,0,0
1772194628.400769,587,106.265345,0.181031,0,0,0
1772194628.500492,571,102.166930,0.178926,0,0,0
1772194628.600724,546,101.524199,0.185942,0,0,0
1772194628.700637,559,92.218244,0.164970,0,0,0
1772194628.800385,545,85.083756,0.156117,0,0,0
1772194628.900329,537,88.892667,0.165536,0,0,0
1772194629.001580,546,82.223847,0.150593,0,0,0
1772194629.100624,552,89.247919,0.161681,0,0,0
1772194629.200624,519,77.957797,0.150208,0,0,0
1772194629.300585,567,83.873160,0.147924,0,0,0
1772194629.400576,529,71.346497,0.134871,0,0,0
1772194629.500677,518,83.770400,0.161719,0,0,0
1772194629.600342,543,88.185717,0.162405,0,0,0
1772194629.700425,527,91.774556,0.174145,0,0,0
1772194629.800713,527,80.030116,0.151860,0,0,0
1772194629.900895,519,77.860924,0.150021,0,0,0
1772194630.000590,520,72.044044,0.138546,0,0,0
1772194630.100626,548,89.551128,0.163414,0,0,0
1772194630.200853,513,69.525373,0.135527,0,0,0
1772194630.300776,505,78.758665,0.155958,0,0,0
1772194630.400412,532,72.194982,0.135705,0,0,1
1772194630.500634,495,79.500380,0.160607,0,0,0
1772194630.600201,511,67.135874,0.131381,0,0,1
1772194630.700489,522,91.906566,0.176066,0,0,0
1772194630.800505,534,83.774000,0.156880,0,0,0
1772194630.900827,520,84.011437,0.161560,0,0,0
1772194631.000618,524,78.633150,0.150063,0,0,0
1772194631.100466,541,78.479305,0.145063,0,0,0
1772194631.200497,531,71.003611,0.133717,0,0,0
1772194631.300628,525,74.040069,0.141029,0,0,1
1772194631.400669,527,81.286223,0.154243,0,0,1
1772194631.500562,541,75.750559,0.140020,0,0,1
1772194631.600565,543,90.358621,0.166406,0,0,1
1772194631.700461,544,77.189257,0.141892,0,0,1
1772194631.800458,522,81.625422,0.156371,0,0,0
1772194631.900639,543,75.961409,0.139892,0,0,1
1772194632.000885,543,87.783348,0.161664,0,0,0
1772194632.100419,553,82.971379,0.150039,0,0,0
1772194632.200621,549,92.090314,0.167742,0,0,0
1772194632.300511,544,83.810391,0.154063,0,0,0
1772194632.400762,557,91.653090,0.164548,0,0,0
1772194632.500636,563,86.407128,0.153476,0,0,0
1772194632.600580,569,100.333741,0.176333,0,0,0
1772194632.700188,563,95.997367,0.170510,0,0,0
1772194632.800565,571,92.613042,0.162194,0,0,0
1772194632.900499,568,101.835245,0.179287,0,0,0
1772194633.000774,615,114.692149,0.186491,0,0,0
1772194633.100573,592,108.702770,0.183620,0,0,0
1772194633.200229,609,120.623928,0.198069,0,0,0
1772194633.300381,624,121.039271,0.193973,0,0,0
1772194633.401634,622,122.719341,0.197298,0,0,0
1772194633.500482,644,115.917441,0.179996,0,0,0
1772194633.600510,641,125.968618,0.196519,0,0,0
1772194633.700663,663,130.846304,0.197355,0,0,0
1772194633.800274,667,130.498480,0.195650,0,0,0
1772194633.900618,656,131.719637,0.200792,0,0,0
1772194634.000759,670,129.329262,0.193029,0,0,0
1772194634.100495,685,137.236052,0.200345,0,0,0
1772194634.200149,660,130.313808,0.197445,0,0,0
1772194634.300696,670,134.217068,0.200324,0,0,0
1772194634.400580,681,133.728741,0.196371,0,0,0
1772194634.500489,687,126.602874,0.184284,0,0,0
1772194634.600668,716,139.858639,0.195333,0,0,0
1772194634.700262,683,122.627388,0.179542,0,0,0
1772194634.800649,697,133.412310,0.191409,0,0,0
1772194634.900734,690,132.197468,0.191591,0,0,0
1772194635.000492,714,138.092247,0.193407,0,0,0
1772194635.100159,714,129.140020,0.180868,0,0,0
1772194635.200594,705,126.879759,0.179971,0,0,0
1772194635.300836,704,126.538322,0.179742,0,0,0
1772194635.400789,698,124.969307,0.179039,0,0,0
1772194635.500733,693,113.895724,0.164352,0,0,0
1772194635.600534,693,128.293130,0.185127,0,0,0
1772194635.700219,717,125.698581,0.175312,0,0,0
1772194635.800514,720,136.666644,0.189815,0,0,0
1772194635.900814,714,129.910333,0.181947,0,0,0
1772194636.000714,734,128.422532,0.174963,0,0,0
1772194636.100571,743,134.758074,0.181370,0,0,0
1772194636.200487,748,133.751684,0.178812,0,0,0
1772194636.300651,753,139.233290,0.184905,0,0,0
1772194636.400486,776,144.607955,0.186350,0,0,0
1772194636.501535,786,152.604815,0.194154,0,0,0
1772194636.600499,802,152.535662,0.190194,0,0,0
1772194636.700685,778,142.907989,0.183686,0,0,0
1772194636.800451,763,141.836741,0.185894,0,0,0
1772194636.900613,735,133.524097,0.181665,0,0,0
1772194637.000705,760,141.604024,0.186321,0,0,0
1772194637.100198,780,147.786868,0.189470,0,0,0
1772194637.200777,779,154.310507,0.198088,0,0,0
1772194637.300389,787,152.036776,0.193185,0,0,0
1772194637.400499,755,140.130465,0.185603,0,0,0
1772194637.500387,768,153.154760,0.199420,0,0,0
1772194637.600740,749,134.029815,0.178945,0,0,0
1772194637.700552,755,152.359513,0.201801,0,0,0
1772194637.800368,751,138.069749,0.183848,0,0,0
1772194637.900606,759,152.400077,0.200791,0,0,0
1772194638.000858,762,152.540534,0.200184,0,0,0
1772194638.100830,763,143.522353,0.188103,0,0,0
1772194638.200631,736,140.595256,0.191026,0,0,0
1772194638.300633,726,137.508303,0.189405,0,0,0
1772194638.400464,734,143.370763,0.195328,0,0,0
1772194638.501514,736,141.605100,0.192398,0,0,0
1772194638.600795,780,153.530257,0.196834,0,0,0
1772194638.700595,720,137.433349,0.190880,0,0,0
1772194638.801527,717,144.739047,0.201868,0,0,0
1772194638.901582,723,151.334147,0.209314,0,0,0
1772194639.000714,711,148.357582,0.208660,0,0,0
1772194639.100592,709,150.506696,0.212280,0,0,0
1772194639.201542,690,148.532448,0.215264,0,0,0
1772194639.300475,689,143.345332,0.208048,0,0,0
1772194639.401517,676,141.517421,0.209345,0,0,0
1772194639.500608,640,125.553301,0.196177,0,0,0
1772194639.600867,611,114.333325,0.187125,0,0,0
1772194639.700469,602,107.631609,0.178790,0,0,0
1772194639.801520,590,107.405702,0.182044,0,0,0
1772194639.900720,586,92.215184,0.157364,0,0,0
1772194640.000546,577,101.252061,0.175480,0,0,0
1772194640.100536,558,105.394364,0.188879,0,0,0
1772194640.201645,564,100.263011,0.177771,0,0,0
1772194640.300462,534,87.304064,0.163491,0,0,0
1772194640.401517,548,91.054358,0.166158,0,0,0
1772194640.500705,558,101.426234,0.181767,0,0,0
1772194640.600443,573,93.477046,0.163136,0,0,0
1772194640.700392,565,103.108873,0.182494,0,0,0
1772194640.801593,573,101.122923,0.176480,0,0,0
1772194640.901530,572,103.832526,0.181525,0,0,0
1772194641.001464,571,96.813180,0.169550,0,0,0
1772194641.100533,575,105.845470,0.184079,0,0,0
1772194641.200498,575,102.345832,0.177993,0,0,0
1772194641.301505,569,95.984865,0.168690,0,0,0
1772194641.400563,591,108.420559,0.183453,0,0,0
1772194641.501548,586,99.525659,0.169839,0,0,0
1772194641.601506,586,110.743416,0.188982,0,0,0
1772194641.701468,622,106.710481,0.171560,0,0,0
1772194641.801549,576,96.546751,0.167616,0,0,0
1772194641.900737,585,97.853311,0.167271,0,0,0
1772194642.000720,615,103.366439,0.168076,0,0,0
1772194642.100513,603,107.085044,0.177587,0,0,0
1772194642.200537,631,108.375837,0.171753,0,0,0
1772194642.301630,649,120.279838,0.185331,0,0,0
1772194642.401562,667,121.508527,0.182172,0,0,0
1772194642.501512,678,120.441327,0.177642,0,0,0
1772194642.600711,667,121.603473,0.182314,0,0,0
1772194642.700633,671,122.356869,0.182350,0,0,0
1772194642.800168,667,133.513765,0.200171,0,0,0
1772194642.901588,678,144.861415,0.213660,0,0,0
1772194643.001618,657,123.711974,0.188298,0,0,0
1772194643.101488,653,142.073648,0.217571,0,0,0
1772194643.200519,647,147.007040,0.227213,0,0,0
1772194643.300474,659,145.224534,0.220371,0,0,0
1772194643.400163,661,149.160832,0.225659,0,0,0
1772194643.501459,644,146.135415,0.226918,0,0,0
1772194643.601482,628,138.694191,0.220851,0,0,0
1772194643.700444,623,135.118245,0.216883,0,0,0
1772194643.800097,644,127.405114,0.197834,0,0,0
1772194643.900499,639,128.317302,0.200810,0,0,0
1772194644.001441,634,129.162057,0.203726,0,0,0
1772194644.100103,651,132.229140,0.203117,0,0,0
1772194644.200560,642,133.395568,0.207781,0,0,0
1772194644.300328,629,118.378698,0.188201,0,0,0
1772194644.401438,612,116.440456,0.190262,0,0,0
1772194644.500685,626,119.008147,0.190109,0,0,0
1772194644.600653,656,129.919312,0.198048,0,0,0
1772194644.702768,684,118.582226,0.173366,0,0,0
1772194644.801472,717,127.972967,0.178484,0,0,0
1772194644.900698,735,121.368930,0.165128,0,0,0
1772194645.001686,745,121.953641,0.163696,0,0,0
1772194645.100492,761,151.153380,0.198625,0,0,0
1772194645.200276,778,164.069146,0.210886,0,0,0
1772194645.300691,800,171.217524,0.214022,0,0,0
1772194645.401702,831,187.362728,0.225467,0,0,0
1772194645.500738,849,189.677612,0.223413,0,0,0
1772194645.601574,879,174.544834,0.198572,0,0,0
1772194645.701502,902,199.148966,0.220786,0,0,0
1772194645.801900,915,204.381843,0.223368,0,0,0
1772194645.900616,934,190.232856,0.203675,0,0,0
1772194646.001569,965,210.815652,0.218462,0,0,0
1772194646.100215,984,222.003835,0.225614,0,0,0
1772194646.200258,405,93.460542,0.230767,0,0,0
1772194646.301482,407,91.964346,0.225957,0,0,0
1772194646.400383,411,98.571569,0.239834,0,0,1
1772194646.501577,419,96.823571,0.231083,0,0,1
1772194646.600454,419,101.229871,0.241599,0,0,1
1772194646.701467,431,100.039481,0.232110,0,0,1
1772194646.800263,447,105.359706,0.235704,0,0,1
1772194646.900432,413,96.759179,0.234284,0,0,1
1772194647.000762,451,105.877522,0.234762,0,0,1
1772194647.100516,441,107.855762,0.244571,0,0,1
1772194647.200531,442,104.740176,0.236969,0,0,1
1772194647.300314,476,120.217559,0.252558,0,0,1
1772194647.400624,452,117.337658,0.259597,0,0,0
1772194647.500467,475,126.952609,0.267269,0,0,0
1772194647.600703,484,128.557711,0.265615,0,0,0
1772194647.700345,500,127.326141,0.254652,0,0,0
1772194647.800520,488,132.362736,0.271235,0,0,0
1772194647.900433,491,138.240424,0.281549,0,0,0
1772194648.000606,494,131.865606,0.266934,0,0,0
1772194648.100457,517,145.945928,0.282294,0,0,0
1772194648.200492,508,142.824611,0.281151,0,0,0
1772194648.301531,511,142.540059,0.278943,0,0,0
1772194648.401467,504,136.785035,0.271399,0,0,0
1772194648.501577,520,148.751123,0.286060,0,0,0
1772194648.600703,516,145.205138,0.281405,0,0,0
1772194648.700482,507,138.051722,0.272291,0,0,0
1772194648.801661,496,134.773101,0.271720,0,0,0
1772194648.901527,504,141.417575,0.280590,0,0,0
1772194649.001497,503,140.331199,0.278988,0,0,0
1772194649.100549,496,129.554796,0.261199,0,0,0
1772194649.200629,482,117.953610,0.244717,0,0,0
1772194649.300387,473,113.778555,0.240547,0,0,0
1772194649.401584,454,101.498406,0.223565,0,0,0
1772194649.500755,439,96.086335,0.218875,0,0,0
1772194649.601450,438,101.725098,0.232249,0,0,0
1772194649.700225,443,84.212538,0.190096,0,0,0
1772194649.800634,421,91.691124,0.217794,0,0,0
1772194649.901482,417,80.623056,0.193341,0,0,0
1772194650.000661,412,85.121418,0.206605,0,0,0
1772194650.101619,391,82.915192,0.212059,0,0,0
1772194650.200518,370,69.057323,0.186641,0,0,0
1772194650.301545,816,148.746454,0.182287,0,0,0
1772194650.401498,771,140.178517,0.181814,0,0,0
1772194650.501439,744,138.177980,0.185723,0,0,0
1772194650.601369,737,121.156684,0.164392,0,0,0
1772194650.700400,745,135.467744,0.181836,0,0,0
1772194650.801438,765,135.620960,0.177282,0,0,0
1772194650.900602,761,123.943061,0.162869,0,0,0
1772194651.001455,753,130.741565,0.173628,0,0,0
1772194651.100395,765,131.741686,0.172211,0,0,0
1772194651.201379,764,128.987669,0.168832,0,0,0
1772194651.300462,771,132.203652,0.171470,0,0,0
1772194651.401463,789,133.192581,0.168812,0,0,0
1772194651.500588,768,132.834995,0.172962,0,0,0
1772194651.600423,777,131.023217,0.168627,0,0,0
1772194651.700356,758,124.175041,0.163819,0,0,0
1772194651.801420,742,115.208435,0.155267,0,0,0
1772194651.900482,733,110.615874,0.150908,0,0,0
1772194652.001400,728,104.912613,0.144111,0,0,0
1772194652.100359,734,110.424659,0.150442,0,0,0
1772194652.200433,732,116.760985,0.159510,0,0,0
1772194652.300478,731,95.246717,0.130296,0,0,0
1772194652.401406,738,108.772180,0.147388,0,0,1
1772194652.501480,729,122.971391,0.168685,0,0,0
1772194652.601398,764,110.548224,0.144697,0,0,1
1772194652.701399,794,125.585527,0.158168,0,0,1
1772194652.801517,785,122.951091,0.156626,0,0,0
1772194652.901431,873,157.415127,0.180315,0,0,0
1772194653.000662,880,164.591807,0.187036,0,0,0
1772194653.100572,394,83.527429,0.211999,0,0,0
1772194653.201485,426,94.081810,0.220849,0,0,0
1772194653.300621,412,96.344494,0.233846,0,0,1
1772194653.400411,413,96.463573,0.233568,0,0,1
1772194653.501440,418,98.945297,0.236711,0,0,1
1772194653.601525,437,106.794877,0.244382,0,0,1
1772194653.700563,427,99.174176,0.232258,0,0,1
1772194653.800499,455,118.607548,0.260676,0,0,1
1772194653.900137,441,108.517540,0.246072,0,0,1
1772194654.001509,456,110.824857,0.243037,0,0,1
1772194654.100525,465,108.655486,0.233668,0,0,1
1772194654.201344,446,101.897354,0.228469,0,0,1
1772194654.300453,446,108.268461,0.242754,0,0,0
1772194654.401426,463,119.151605,0.257347,0,0,0
1772194654.500618,471,122.503054,0.260091,0,0,0
1772194654.600427,488,140.158643,0.287210,0,0,0
1772194654.700415,488,129.214409,0.264784,0,0,0
1772194654.800392,484,132.340597,0.273431,0,0,0
1772194654.901618,506,136.156306,0.269084,0,0,0
1772194655.001544,489,136.483036,0.279106,0,0,0
1772194655.101584,516,145.769993,0.282500,0,0,0
1772194655.201564,536,145.591703,0.271626,0,0,0
1772194655.300492,534,146.321358,0.274010,0,0,0
1772194655.400591,518,145.496695,0.280882,0,0,0
1772194655.500724,531,155.737313,0.293291,0,0,0
1772194655.601456,542,154.531238,0.285113,0,0,0
1772194655.700375,565,168.436090,0.298117,0,0,0
1772194655.801590,583,172.669374,0.296174,0,0,0
1772194655.900345,587,177.344903,0.302121,0,0,0
1772194656.001544,589,174.906078,0.296954,0,0,0
1772194656.100597,606,185.228206,0.305657,0,0,0
1772194656.200357,598,186.857344,0.312470,0,0,0
1772194656.300264,602,178.658140,0.296774,0,0,0
1772194656.400475,613,188.373188,0.307297,0,0,0
1772194656.500711,603,182.791036,0.303136,0,0,0
1772194656.600617,623,189.415424,0.304038,0,0,0
1772194656.700445,635,192.187729,0.302658,0,0,0
1772194656.800547,626,194.699405,0.311021,0,0,0
1772194656.900413,624,190.113892,0.304670,0,0,0
1772194657.001430,645,196.305574,0.304350,0,0,0
1772194657.101425,644,199.087074,0.309141,0,0,0
1772194657.200693,646,194.945761,0.301774,0,0,0
1772194657.300522,640,195.701252,0.305783,0,0,0
1772194657.401375,660,204.894794,0.310447,0,0,0
1772194657.501595,643,199.795562,0.310724,0,0,0
1772194657.600539,686,204.041566,0.297437,0,0,0
1772194657.701561,660,203.909638,0.308954,0,0,0
1772194657.801434,678,206.822279,0.305048,0,0,0
1772194657.900522,648,206.198102,0.318207,0,0,0
1772194658.001479,660,198.576583,0.300874,0,0,0
1772194658.100683,664,210.789875,0.317455,0,0,0
1772194658.200477,684,212.780379,0.311082,0,0,0
1772194658.301553,677,201.473308,0.297597,0,0,0
1772194658.400517,682,204.061362,0.299210,0,0,0
1772194658.501497,700,211.700295,0.302429,0,0,0
1772194658.601505,707,209.923565,0.296922,0,0,0
1772194658.700696,715,205.235194,0.287042,0,0,0
1772194658.801498,706,207.763758,0.294283,0,0,0
1772194658.901574,706,208.255369,0.294979,0,0,0
1772194659.001454,721,205.043724,0.284388,0,0,0
1772194659.101398,727,205.007112,0.281991,0,0,0
1772194659.201366,725,201.386267,0.277774,0,0,0
1772194659.300429,757,204.344584,0.269940,0,0,0
1772194659.401565,772,204.386434,0.264749,0,0,0
1772194659.501563,765,196.972774,0.257481,0,0,0
1772194659.600662,764,196.310147,0.256950,0,0,0
1772194659.700286,765,201.008822,0.262757,0,0,0
1772194659.800893,810,217.009167,0.267913,0,0,0
1772194659.900616,794,217.801592,0.274309,0,0,0
1772194660.001821,764,206.468482,0.270247,0,0,0
1772194660.101431,793,211.671235,0.266925,0,0,0
1772194660.200518,786,203.782579,0.259265,0,0,0
1772194660.301624,806,217.187214,0.269463,0,0,0
1772194660.400366,790,204.222567,0.258510,0,0,0
1772194660.501283,816,215.602561,0.264219,0,0,0
1772194660.600597,823,215.366816,0.261685,0,0,0
1772194660.700472,790,202.460746,0.256279,0,0,0
1772194660.801313,789,214.312856,0.271626,0,0,0
1772194660.901605,785,207.881503,0.264817,0,0,0
1772194661.000413,801,219.695600,0.274277,0,0,0
1772194661.101473,795,211.602143,0.266166,0,0,0
1772194661.200512,791,197.585896,0.249793,0,0,0
1772194661.300169,838,217.494632,0.259540,0,0,0
1772194661.400662,825,214.137321,0.259560,0,0,0
1772194661.500567,849,216.214656,0.254670,0,0,0
1772194661.600641,849,218.998996,0.257949,0,0,0
1772194661.700413,869,234.183160,0.269486,0,0,0
1772194661.801318,855,217.788347,0.254723,0,0,0
1772194661.900528,843,216.147511,0.256403,0,0,0
1772194662.001445,887,231.331135,0.260802,0,0,0
1772194662.100640,865,214.364012,0.247820,0,0,0
1772194662.201472,862,211.630123,0.245511,0,0,0
1772194662.300475,898,222.151697,0.247385,0,0,0
1772194662.401373,870,210.429677,0.241873,0,0,0
1772194662.500309,876,208.273180,0.237755,0,0,0
1772194662.601310,880,221.366496,0.251553,0,0,0
1772194662.701543,865,206.731447,0.238996,0,0,0
1772194662.801517,849,192.606003,0.226862,0,0,0
1772194662.900398,882,211.830034,0.240170,0,0,0
1772194663.000642,809,186.056967,0.229984,0,0,0
1772194663.101460,889,205.201778,0.230823,0,0,0
1772194663.201361,864,215.024699,0.248871,0,0,0
1772194663.301274,899,205.909938,0.229043,0,0,0
1772194663.401377,851,207.607976,0.243958,0,0,0
1772194663.500525,852,189.557095,0.222485,0,0,0
1772194663.601414,786,191.172329,0.243222,0,0,0
1772194663.701431,828,184.982287,0.223409,0,0,0
1772194663.800479,821,191.666692,0.233455,0,0,0
1772194663.901347,838,190.899325,0.227803,0,0,0
1772194664.000498,866,199.923947,0.230859,0,0,0
1772194664.101329,869,196.799457,0.226467,0,0,0
1772194664.200407,900,204.748080,0.227498,0,0,0
1772194664.300560,876,199.092147,0.227274,0,0,0
1772194664.399927,925,202.656386,0.219088,0,0,0
1772194664.501410,895,212.665996,0.237616,0,0,0
1772194664.601368,915,205.799715,0.224918,0,0,0
1772194664.700555,884,203.513010,0.230218,0,0,0
1772194664.800292,915,202.643805,0.221469,0,0,0
1772194664.900507,906,185.394769,0.204630,0,0,0
1772194665.000479,924,201.908938,0.218516,0,0,0
1772194665.101438,920,195.670640,0.212685,0,0,0
1772194665.200628,921,198.956599,0.216022,0,0,0
1772194665.301244,940,196.494746,0.209037,0,0,0
1772194665.401401,938,212.078290,0.226096,0,0,0
1772194665.501386,967,206.532941,0.213581,0,0,0
1772194665.601406,948,204.230959,0.215434,0,0,0
1772194665.701605,987,212.621117,0.215422,0,0,0
1772194665.801370,996,217.066672,0.217938,0,0,0
1772194665.901348,979,214.373048,0.218971,0,0,0
1772194666.000487,953,199.354345,0.209186,0,0,0
1772194666.101326,937,208.859390,0.222902,0,0,0
1772194666.201380,931,189.425078,0.203464,0,0,0
1772194666.301413,918,203.981745,0.222202,0,0,0
1772194666.400592,940,201.241089,0.214086,0,0,0
1772194666.500625,926,205.625690,0.222058,0,0,0
1772194666.601322,984,215.734507,0.219242,0,0,0
1772194666.700592,971,224.993840,0.231714,0,0,0
1772194666.801378,983,208.570367,0.212177,0,0,0
1772194666.900461,990,230.254497,0.232580,0,0,0
1772194667.000443,993,225.126164,0.226713,0,0,0
1772194667.100350,996,229.368926,0.230290,0,0,0
1772194667.200494,974,224.007846,0.229988,0,0,0
1772194667.300455,953,215.942044,0.226592,0,0,0
1772194667.401346,958,228.951395,0.238989,0,0,0
1772194667.500521,942,223.663559,0.237435,0,0,0
1772194667.601416,929,234.185241,0.252083,0,0,0
1772194667.701410,913,231.612548,0.253683,0,0,0
1772194667.800474,942,242.270133,0.257187,0,0,0
1772194667.901461,970,246.019200,0.253628,0,0,0
1772194668.001526,953,250.320060,0.262665,0,0,0
1772194668.101284,982,254.730067,0.259399,0,0,0
1772194668.200536,984,262.085739,0.266347,0,0,0
1772194668.301389,933,243.384555,0.260862,0,0,0
1772194668.401380,918,222.091879,0.241930,0,0,0
1772194668.501253,884,190.385761,0.215369,0,0,0
1772194668.601488,890,201.226391,0.226097,0,0,0
1772194668.701223,875,191.650706,0.219029,0,0,0
1772194668.801240,921,213.554716,0.231873,0,0,0
1772194668.901460,892,205.663309,0.230564,0,0,0
1772194669.001450,906,206.464753,0.227886,0,0,0
1772194669.101402,892,200.142534,0.224375,0,0,0
1772194669.201475,910,208.559037,0.229186,0,0,0
1772194669.300351,921,208.500013,0.226384,0,0,0
1772194669.401417,985,227.134590,0.230593,0,0,0
1772194669.501527,962,224.041631,0.232892,0,0,0
1772194669.600409,935,220.496860,0.235826,0,0,0
1772194669.701262,969,226.702283,0.233955,0,0,0
1772194669.801452,908,228.166719,0.251285,0,0,0
1772194669.901239,954,225.559629,0.236436,0,0,0
1772194670.001251,920,226.625527,0.246332,0,0,0
1772194670.101225,957,218.585400,0.228407,0,0,0
1772194670.201198,986,216.303129,0.219374,0,0,0
1772194670.301224,994,209.508522,0.210773,0,0,0
1772194670.401481,1021,219.052188,0.214547,0,0,0
1772194670.501305,1010,229.531633,0.227259,0,0,0
1772194670.600517,921,212.676731,0.230919,0,0,0
1772194670.700417,911,202.145877,0.221894,0,0,0
1772194670.801315,890,207.031015,0.232619,0,0,0
1772194670.901278,852,190.438467,0.223519,0,0,0
1772194671.000450,868,198.738751,0.228962,0,0,0
1772194671.101333,818,187.177183,0.228823,0,0,0
1772194671.201456,813,179.873283,0.221246,0,0,0
1772194671.301559,788,170.207603,0.215999,0,0,0
1772194671.401436,795,172.951543,0.217549,0,0,0
1772194671.501506,788,187.047644,0.237370,0,0,0
1772194671.601510,757,188.935781,0.249585,0,0,0
1772194671.701351,772,179.030860,0.231905,0,0,0
1772194671.800330,750,186.158591,0.248211,0,0,0
1772194671.900548,755,183.917533,0.243599,0,0,0
1772194672.001336,776,195.926370,0.252482,0,0,0
1772194672.101245,818,198.357001,0.242490,0,0,0
1772194672.200139,836,207.123292,0.247755,0,0,0
1772194672.300389,797,200.056958,0.251012,0,0,0
1772194672.401258,813,208.046189,0.255899,0,0,0
1772194672.501223,836,207.263904,0.247923,0,0,0
1772194672.601289,783,194.496781,0.248399,0,0,0
1772194672.701199,797,188.055128,0.235954,0,0,0
1772194672.801534,791,195.939072,0.247711,0,0,0
1772194672.900327,783,190.036923,0.242704,0,0,0
1772194673.000519,783,202.431133,0.258533,0,0,0
1772194673.101360,781,193.074370,0.247214,0,0,0
1772194673.201266,812,204.947175,0.252398,0,0,0
1772194673.301199,826,202.207802,0.244804,0,0,0
1772194673.400371,814,192.829673,0.236891,0,0,0
1772194673.501287,842,195.630767,0.232341,0,0,0
1772194673.601255,819,195.247461,0.238397,0,0,0
1772194673.701429,819,189.602585,0.231505,0,0,0
1772194673.801315,792,187.854589,0.237190,0,0,0
1772194673.901476,813,187.346925,0.230439,0,0,0
1772194674.001422,801,191.368061,0.238911,0,0,0
1772194674.101254,827,189.491479,0.229131,0,0,0
1772194674.201221,801,182.421249,0.227742,0,0,0
1772194674.301512,851,194.488051,0.228541,0,0,0
1772194674.401354,835,196.273269,0.235058,0,0,0
1772194674.501204,849,201.774640,0.237662,0,0,0
1772194674.601192,837,202.947027,0.242470,0,0,0
1772194674.700298,827,200.915848,0.242945,0,0,0
1772194674.800427,805,194.194263,0.241235,0,0,0
1772194674.901352,828,193.026044,0.233123,0,0,0
1772194675.001476,790,180.592136,0.228598,0,0,0
1772194675.101292,816,189.644213,0.232407,0,0,0
1772194675.200446,802,182.976694,0.228150,0,0,0
1772194675.300531,795,195.090239,0.245397,0,0,0
1772194675.401352,806,179.533860,0.222747,0,0,0
1772194675.501308,812,195.452895,0.240706,0,0,0
1772194675.601413,792,188.998738,0.238635,0,0,0
1772194675.701208,814,206.328436,0.253475,0,0,0
1772194675.801384,808,201.068930,0.248848,0,0,0
1772194675.901237,788,189.392979,0.240346,0,0,0
1772194676.001330,817,198.123271,0.242501,0,0,0
1772194676.101293,796,190.403241,0.239200,0,0,0
1772194676.201225,780,188.082021,0.241131,0,0,0
1772194676.300464,794,181.970978,0.229183,0,0,0
1772194676.401246,762,178.769081,0.234605,0,0,0
1772194676.500459,719,172.360900,0.239723,0,0,0
1772194676.600511,834,200.194091,0.240041,0,0,0
1772194676.700466,801,203.774198,0.254400,0,0,0
1772194676.800438,797,205.116363,0.257361,0,0,0
1772194676.901236,803,205.596495,0.256035,0,0,0
1772194677.001147,805,213.551220,0.265281,0,0,0
1772194677.100509,838,213.593402,0.254885,0,0,0
1772194677.200449,806,207.899285,0.257940,0,0,0
1772194677.301412,826,210.083847,0.254339,0,0,0
1772194677.401414,785,186.518391,0.237603,0,0,0
1772194677.501286,799,197.955922,0.247755,0,0,0
1772194677.601131,764,178.609340,0.233782,0,0,0
1772194677.701439,786,198.871115,0.253017,0,0,0
1772194677.801458,797,207.802477,0.260731,0,0,0
1772194677.901302,796,207.837524,0.261102,0,0,0
1772194678.001415,717,191.978799,0.267753,0,0,0
1772194678.101452,719,194.163284,0.270046,0,0,0
1772194678.201128,861,223.793116,0.259922,0,0,0
1772194678.301337,837,221.027422,0.264071,0,0,0
1772194678.401332,787,212.210362,0.269645,0,0,0
1772194678.501219,847,226.759129,0.267720,0,0,0
1772194678.601303,781,205.908842,0.263648,0,0,0
1772194678.701187,770,201.676896,0.261918,0,0,0
1772194678.801254,763,206.528581,0.270680,0,0,0
1772194678.901196,704,183.319026,0.260396,0,0,0
1772194679.001391,705,184.530055,0.261745,0,0,0
1772194679.101194,703,185.075310,0.263265,0,0,0
1772194679.200455,902,240.882505,0.267054,0,0,0
1772194679.301118,775,203.861626,0.263047,0,0,0
1772194679.401155,769,202.229283,0.262977,0,0,0
1772194679.501531,729,188.103580,0.258030,0,0,0
1772194679.601229,774,213.009291,0.275206,0,0,0
1772194679.701255,749,200.184553,0.267269,0,0,0
1772194679.800482,757,178.559570,0.235878,0,0,0
1772194679.901324,716,174.819088,0.244161,0,0,0
1772194680.001236,727,169.913607,0.233719,0,0,0
1772194680.101359,712,163.884166,0.230174,0,0,0
1772194680.200443,714,153.460408,0.214931,0,0,0
1772194680.300416,719,168.720550,0.234660,0,0,0
1772194680.401244,711,155.500887,0.218707,0,0,0
1772194680.501209,658,133.361957,0.202678,0,0,0
1772194680.601122,761,178.313823,0.234315,0,0,0
1772194680.700390,739,168.936308,0.228601,0,0,0
1772194680.800398,746,168.196869,0.225465,0,0,0
1772194680.901158,751,165.166890,0.219929,0,0,0
1772194681.001168,767,165.072327,0.215218,0,0,0
1772194681.100313,770,161.740969,0.210053,0,0,0
1772194681.201302,720,149.175401,0.207188,0,0,0
1772194681.301286,718,152.149234,0.211907,0,0,0
1772194681.401408,899,213.857803,0.237884,0,0,0
1772194681.501379,793,176.898148,0.223075,0,0,0
1772194681.601264,790,163.407193,0.206845,0,0,0
1772194681.701149,792,169.628927,0.214178,0,0,0
1772194681.801320,782,154.263355,0.197268,0,0,0
1772194681.901323,778,161.299392,0.207326,0,0,0
1772194682.000497,804,167.427478,0.208243,0,0,0
1772194682.100394,755,159.279611,0.210966,0,0,0
1772194682.201545,888,194.989418,0.219583,0,0,0
1772194682.301237,805,170.433080,0.211718,0,0,0
1772194682.401319,733,149.454087,0.203894,0,0,0
1772194682.501157,868,185.825503,0.214085,0,0,0
1772194682.600328,778,154.733132,0.198886,0,0,0
1772194682.701155,768,152.561289,0.198648,0,0,0
1772194682.801273,785,158.125381,0.201434,0,0,0
1772194682.900293,778,157.546812,0.202502,0,0,0
1772194683.001238,785,154.205620,0.196440,0,0,0
1772194683.101133,821,176.452109,0.214923,0,0,0
1772194683.201153,822,178.582601,0.217254,0,0,0
1772194683.301205,808,168.839956,0.208960,0,0,0
1772194683.401193,842,185.107078,0.219842,0,0,0
1772194683.501312,799,178.541040,0.223456,0,0,0
1772194683.601205,943,207.660929,0.220213,0,0,0
1772194683.701180,803,158.862650,0.197836,0,0,0
1772194683.801329,938,206.011940,0.219629,0,0,0
1772194683.901352,851,169.672723,0.199380,0,0,0
1772194684.002017,799,167.484354,0.209617,0,0,0
1772194684.101246,981,227.734382,0.232145,0,0,0
1772194684.201156,897,199.394326,0.222290,0,0,0
1772194684.300269,920,204.334164,0.222102,0,0,0
1772194684.401324,899,202.705581,0.225479,0,0,0
1772194684.501184,923,209.414885,0.226885,0,0,0
1772194684.601223,905,210.557236,0.232660,0,0,0
1772194684.701171,903,214.143598,0.237147,0,0,0
1772194684.801309,854,204.388015,0.239330,0,0,0
1772194684.901179,1001,250.482563,0.250232,0,0,0
1772194685.000407,953,220.158882,0.231017,0,0,0
1772194685.101418,935,224.659221,0.240277,0,0,0
1772194685.201199,942,224.763211,0.238602,0,0,0
1772194685.300443,947,228.475649,0.241263,0,0,0
1772194685.401338,954,234.174172,0.245466,0,0,0
1772194685.501368,886,217.712017,0.245725,0,0,0
1772194685.600401,1093,287.986349,0.263482,0,0,0
1772194685.701212,1030,250.353122,0.243061,0,0,0
1772194685.800272,898,232.182184,0.258555,0,0,0
1772194685.900376,1078,281.067976,0.260731,0,0,0
1772194686.001363,980,235.655721,0.240465,0,0,0
1772194686.100485,971,240.829623,0.248022,0,0,0
1772194686.201497,952,230.219389,0.241827,0,0,0
1772194686.300531,962,235.075581,0.244361,0,0,0
1772194686.400615,940,238.113052,0.253312,0,0,0
1772194686.500376,952,239.955291,0.252054,0,0,0
1772194686.603363,985,259.272247,0.263221,0,0,0
1772194686.701259,976,252.638799,0.258851,0,0,0
1772194686.800277,994,257.747717,0.259304,0,0,0
1772194686.901189,992,264.818328,0.266954,0,0,0
1772194687.001245,994,260.662262,0.262236,0,0,0
1772194687.101213,980,265.297161,0.270711,0,0,0
1772194687.201132,981,262.666116,0.267753,0,0,0
1772194687.301395,979,262.139909,0.267763,0,0,0
1772194687.401968,978,269.414329,0.275475,0,0,0
1772194687.502083,976,261.483230,0.267913,0,0,0
1772194687.601173,966,258.381995,0.267476,0,0,0
1772194687.701296,950,237.908999,0.250431,0,0,0
1772194687.801226,971,244.502969,0.251805,0,0,0
1772194687.901200,979,253.764324,0.259208,0,0,0
1772194688.001150,981,263.743309,0.268851,0,0,0
1772194688.101283,983,266.721808,0.271334,0,0,0
1772194688.201161,1007,271.028544,0.269145,0,0,0
1772194688.302076,1003,270.421400,0.269613,0,0,0
1772194688.401279,1003,268.771715,0.267968,0,0,0
1772194688.501314,1007,258.350865,0.256555,0,0,0
1772194688.601196,994,256.538864,0.258087,0,0,0
1772194688.701343,976,252.852489,0.259070,0,0,0
1772194688.801330,978,256.231019,0.261995,0,0,0
1772194688.901183,966,241.903456,0.250418,0,0,0
1772194689.001370,959,250.415425,0.261121,0,0,0
1772194689.101298,992,254.777192,0.256832,0,0,0
1772194689.201203,997,258.011915,0.258788,0,0,0
1772194689.301346,1005,258.829431,0.257542,0,0,0
1772194689.401326,1000,261.835794,0.261836,0,0,0
1772194689.501395,1010,277.250134,0.274505,0,0,0
1772194689.601923,996,273.509340,0.274608,0,0,0
1772194689.701267,964,256.383322,0.265958,0,0,0
1772194689.801167,986,263.744492,0.267489,0,0,0
1772194689.901137,967,243.455387,0.251764,0,0,0
1772194690.001178,968,258.708093,0.267260,0,0,0
1772194690.101223,979,254.765399,0.260230,0,0,0
1772194690.201253,992,251.173946,0.253200,0,0,0
1772194690.301326,972,253.656268,0.260963,0,0,0
1772194690.401168,985,261.622225,0.265606,0,0,0
1772194690.500246,999,272.256581,0.272529,0,0,0
1772194690.601133,990,270.777572,0.273513,0,0,0
1772194690.701083,1007,279.122327,0.277182,0,0,0
1772194690.801196,1046,285.905936,0.273333,0,0,0
1772194690.900590,1013,286.912138,0.283230,0,0,0
1772194691.000376,1009,265.446269,0.263079,0,0,0
1772194691.101105,1024,281.066622,0.274479,0,0,0
1772194691.200545,988,247.946615,0.250958,0,0,0
1772194691.301607,989,260.691868,0.263591,0,0,0
1772194691.400398,964,244.053789,0.253168,0,0,0
1772194691.501145,981,261.286874,0.266347,0,0,0
1772194691.600378,991,253.907436,0.256213,0,0,0
1772194691.700400,990,262.996778,0.265653,0,0,0
1772194691.801092,991,257.667790,0.260008,0,0,0
1772194691.901327,1008,276.737969,0.274542,0,0,0
1772194692.001238,1017,270.794492,0.266268,0,0,0
1772194692.101157,1003,284.584069,0.283733,0,0,0
1772194692.201115,1010,273.338954,0.270633,0,0,0
1772194692.301269,975,266.417071,0.273248,0,0,0
1772194692.401171,992,270.692136,0.272875,0,0,0
1772194692.501285,973,254.021453,0.261070,0,0,0
1772194692.601121,973,253.971373,0.261019,0,0,0
1772194692.701012,984,259.533259,0.263753,0,0,0
1772194692.801349,962,259.453488,0.269702,0,0,0
1772194692.901046,963,265.937215,0.276155,0,0,0
1772194693.001012,927,257.634252,0.277923,0,0,0
1772194693.101085,968,270.568094,0.279512,0,0,0
1772194693.201024,1001,281.489473,0.281208,0,0,0
1772194693.301384,986,279.044400,0.283006,0,0,0
1772194693.401055,949,259.235168,0.273167,0,0,0
1772194693.501343,974,275.404900,0.282757,0,0,0
1772194693.601229,954,263.044260,0.275728,0,0,0
1772194693.701240,956,263.076648,0.275185,0,0,0
1772194693.801179,972,263.691624,0.271288,0,0,0
1772194693.901046,932,247.614915,0.265681,0,0,0
1772194694.001283,970,261.996925,0.270100,0,0,0
1772194694.101292,954,246.178783,0.258049,0,0,0
1772194694.201299,942,253.795269,0.269422,0,0,0
1772194694.301275,937,246.737936,0.263328,0,0,0
1772194694.401927,959,267.668235,0.279112,0,0,0
1772194694.501226,940,261.739222,0.278446,0,0,0
1772194694.601396,931,262.891996,0.282376,0,0,0
1772194694.701281,914,257.426256,0.281648,0,0,0
1772194694.801134,946,262.892131,0.277899,0,0,0
1772194694.901156,933,257.087395,0.275549,0,0,0
1772194695.001198,958,258.576429,0.269913,0,0,0
1772194695.101312,916,231.167918,0.252367,0,0,0
1772194695.200237,947,267.988783,0.282987,0,0,0
1772194695.301036,934,246.598414,0.264024,0,0,0
1772194695.401101,951,270.308463,0.284236,0,0,0
1772194695.501292,938,269.001544,0.286782,0,0,0
1772194695.601092,957,273.013533,0.285281,0,0,0
1772194695.700371,952,285.506907,0.299902,0,0,0
1772194695.801054,954,269.912826,0.282927,0,0,0
1772194695.901373,973,284.719158,0.292620,0,0,0
1772194696.000222,951,266.780816,0.280527,0,0,0
1772194696.101269,958,261.206378,0.272658,0,0,0
1772194696.200990,930,238.277490,0.256212,0,0,0
1772194696.301373,934,249.797337,0.267449,0,0,0
1772194696.400276,927,233.385207,0.251764,0,0,0
1772194696.501204,930,242.217790,0.260449,0,0,0
1772194696.601285,947,243.572584,0.257204,0,0,0
1772194696.701208,932,253.237970,0.271715,0,0,0
1772194696.801086,960,254.797279,0.265414,0,0,0
1772194696.901208,942,270.718186,0.287387,0,0,0
1772194697.001277,975,268.575671,0.275462,0,0,0
1772194697.101218,1052,301.938552,0.287014,0,0,0
1772194697.200976,953,267.202111,0.280380,0,0,0
1772194697.301317,879,245.454346,0.279243,0,0,0
1772194697.402010,1081,296.915995,0.274668,0,0,0
1772194697.501026,929,246.257769,0.265078,0,0,0
1772194697.601217,945,267.457385,0.283024,0,0,0
1772194697.701425,881,249.658367,0.283381,0,0,0
1772194697.801197,880,249.062069,0.283025,0,0,0
1772194697.901222,1035,294.232069,0.284282,0,0,0
1772194698.001098,983,285.169294,0.290101,0,0,0
1772194698.101230,974,277.328906,0.284732,0,0,0
1772194698.201169,958,278.252329,0.290451,0,0,0
1772194698.301398,984,276.257038,0.280749,0,0,0
1772194698.401201,980,275.296602,0.280915,0,0,0
1772194698.501276,952,267.974775,0.281486,0,0,0
1772194698.601216,939,262.312843,0.279353,0,0,0
1772194698.701185,922,255.053445,0.276631,0,0,0
1772194698.799949,926,259.089425,0.279794,0,0,0
1772194698.901153,926,256.258754,0.276737,0,0,0
1772194699.001274,955,267.888381,0.280511,0,0,0
1772194699.101377,947,250.008604,0.264001,0,0,0
1772194699.201060,947,259.400950,0.273919,0,0,0
1772194699.301368,948,247.476163,0.261051,0,0,0
1772194699.401325,952,267.958575,0.281469,0,0,0
1772194699.501120,944,269.330368,0.285308,0,0,0
1772194699.601214,937,263.917595,0.281662,0,0,0
1772194699.701192,914,261.966508,0.286615,0,0,0
1772194699.801231,941,264.980374,0.281594,0,0,0
1772194699.901205,909,240.728547,0.264828,0,0,0
1772194700.001283,933,244.777790,0.262356,0,0,0
1772194700.100197,916,238.654485,0.260540,0,0,0
1772194700.201234,968,270.285859,0.279221,0,0,0
1772194700.301316,916,245.224156,0.267712,0,0,0
1772194700.400334,932,244.263974,0.262086,0,0,0
1772194700.501082,977,281.396943,0.288021,0,0,0
1772194700.601107,969,277.678329,0.286562,0,0,0
1772194700.701191,968,280.481728,0.289754,0,0,0
1772194700.801316,979,272.532019,0.278378,0,0,0
1772194700.900481,987,289.755372,0.293572,0,0,0
1772194701.000258,959,271.668643,0.283283,0,0,0
1772194701.101070,971,274.883912,0.283094,0,0,0
1772194701.201185,938,254.024025,0.270815,0,0,0
1772194701.300352,931,247.984561,0.266364,0,0,0
1772194701.400468,955,256.418660,0.268501,0,0,0
1772194701.501429,925,239.605836,0.259033,0,0,0
1772194701.601334,963,262.226574,0.272302,0,0,0
1772194701.701265,931,251.434476,0.270069,0,0,0
1772194701.801204,944,245.351952,0.259907,0,0,0
1772194701.901228,943,251.279633,0.266468,0,0,0
1772194702.001184,967,274.743168,0.284119,0,0,0
1772194702.101183,930,268.804003,0.289037,0,0,0
1772194702.201158,913,254.652827,0.278919,0,0,0
1772194702.301217,926,259.291966,0.280013,0,0,0
1772194702.401181,916,248.853294,0.271674,0,0,0
1772194702.501115,926,246.991277,0.266729,0,0,0
1772194702.601185,934,261.251131,0.279712,0,0,0
1772194702.701173,908,241.462587,0.265928,0,0,0
1772194702.801364,897,245.346778,0.273519,0,0,0
1772194702.901035,898,252.597736,0.281289,0,0,0
1772194703.001264,907,257.816897,0.284252,0,0,0
1772194703.101197,914,260.228127,0.284713,0,0,0
1772194703.201085,938,271.630782,0.289585,0,0,0
1772194703.301262,925,255.177192,0.275867,0,0,0
1772194703.401159,920,247.032233,0.268513,0,0,0
1772194703.501251,920,256.132242,0.278405,0,0,0
1772194703.601241,915,250.117139,0.273352,0,0,0
1772194703.701168,878,236.094818,0.268901,0,0,0
1772194703.801191,869,228.422110,0.262856,0,0,0
1772194703.901222,864,219.371056,0.253902,0,0,0
1772194704.001157,886,234.010369,0.264120,0,0,0
1772194704.101134,892,224.977437,0.252217,0,0,0
1772194704.201244,853,214.663931,0.251658,0,0,0
1772194704.301292,861,214.839359,0.249523,0,0,0
1772194704.401193,855,213.327273,0.249506,0,0,0
1772194704.501138,847,205.236282,0.242310,0,0,0
1772194704.601027,848,219.639034,0.259008,0,0,0
1772194704.701305,829,205.207160,0.247536,0,0,0
1772194704.800984,833,215.929688,0.259219,0,0,0
1772194704.900885,849,203.325210,0.239488,0,0,0
1772194705.001149,835,215.283944,0.257825,0,0,0
1772194705.101267,837,197.673458,0.236169,0,0,0
1772194705.200985,840,203.246291,0.241960,0,0,0
1772194705.301135,835,198.710435,0.237977,0,0,0
1772194705.401210,817,199.615907,0.244328,0,0,0
1772194705.501007,853,204.725563,0.240007,0,0,0
1772194705.601225,870,214.146350,0.246145,0,0,0
1772194705.701043,854,214.309311,0.250948,0,0,0
1772194705.801130,856,216.040487,0.252384,0,0,0
1772194705.901310,873,211.596758,0.242379,0,0,0
1772194706.000901,859,211.346283,0.246038,0,0,0
1772194706.100398,854,206.702624,0.242041,0,0,0
1772194706.200456,862,202.502449,0.234922,0,0,0
1772194706.300300,824,187.486766,0.227532,0,0,0
1772194706.400598,827,186.790569,0.225865,0,0,0
1772194706.500441,800,180.046969,0.225059,0,0,0
1772194706.600975,802,177.816978,0.221717,0,0,0
1772194706.701271,791,183.448976,0.231920,0,0,0
1772194706.801220,807,174.771448,0.216569,0,0,0
1772194706.901120,802,176.145334,0.219633,0,0,0
1772194707.001045,783,163.161876,0.208380,0,0,0
1772194707.101150,791,166.645167,0.210677,0,0,0
1772194707.201148,814,175.073707,0.215078,0,0,0
1772194707.301067,804,164.422143,0.204505,0,0,0
1772194707.401170,811,166.394765,0.205172,0,0,0
1772194707.500938,779,163.574565,0.209980,0,0,0
1772194707.601022,764,159.713020,0.209048,0,0,0
1772194707.701130,783,156.168350,0.199449,0,0,0
1772194707.801190,773,159.148653,0.205884,0,0,0
1772194707.901288,753,143.360943,0.190386,0,0,0
1772194708.002013,736,146.637178,0.199235,0,0,0
1772194708.101248,755,139.907299,0.185308,0,0,0
1772194708.201153,762,158.853564,0.208469,0,0,0
1772194708.301260,758,152.006367,0.200536,0,0,0
1772194708.401110,778,155.951486,0.200452,0,0,0
1772194708.501336,770,151.334327,0.196538,0,0,0
1772194708.601115,789,155.851994,0.197531,0,0,0
1772194708.701005,736,139.723810,0.189842,0,0,0
1772194708.801138,737,136.939709,0.185807,0,0,0
1772194708.901103,734,133.726506,0.182189,0,0,0
1772194709.001146,728,142.785536,0.196134,0,0,0
1772194709.101269,715,135.794148,0.189922,0,0,0
1772194709.201137,735,138.216955,0.188050,0,0,0
1772194709.300965,708,130.952344,0.184961,0,0,0
1772194709.401316,702,133.069768,0.189558,0,0,0
1772194709.501112,685,133.739265,0.195240,0,0,0
1772194709.601271,653,123.624107,0.189317,0,0,0
1772194709.701229,659,124.871413,0.189486,0,0,0
1772194709.800977,654,116.872984,0.178705,0,0,0
1772194709.901166,642,120.844564,0.188231,0,0,0
1772194710.001001,652,120.879903,0.185399,0,0,0
1772194710.101229,649,118.355966,0.182367,0,0,0
1772194710.201181,673,124.431745,0.184891,0,0,0
1772194710.300325,638,114.931389,0.180143,0,0,0
1772194710.401131,641,119.021564,0.185681,0,0,0
1772194710.501185,652,112.634144,0.172752,0,0,0
1772194710.601171,639,116.337680,0.182062,0,0,0
1772194710.701982,652,120.808207,0.185289,0,0,0
1772194710.801178,643,121.120913,0.188368,0,0,0
1772194710.901916,657,113.474902,0.172717,0,0,0
1772194711.001192,662,119.099660,0.179909,0,0,0
1772194711.101100,632,110.065763,0.174155,0,0,0
1772194711.201130,654,107.711416,0.164696,0,0,0
1772194711.301164,646,112.577258,0.174268,0,0,0
1772194711.400964,632,100.276272,0.158665,0,0,0
1772194711.500437,645,107.082388,0.166019,0,0,0
1772194711.600382,652,99.527750,0.152650,0,0,0
1772194711.701126,643,98.713381,0.153520,0,0,0
1772194711.802125,657,106.323111,0.161831,0,0,0
1772194711.901263,662,107.886799,0.162971,0,0,0
1772194712.000526,638,108.337006,0.169807,0,0,0
1772194712.101331,630,105.861027,0.168033,0,0,0
1772194712.201163,639,111.191270,0.174008,0,0,0
1772194712.301097,616,102.762525,0.166822,0,0,0
1772194712.401242,621,98.463059,0.158556,0,0,0
1772194712.500906,604,101.062868,0.167323,0,0,0
1772194712.601375,627,97.599389,0.155661,0,0,0
1772194712.701218,622,106.232585,0.170792,0,0,0
1772194712.801219,615,95.900551,0.155936,0,0,0
1772194712.901185,615,99.975601,0.162562,0,0,0
1772194713.001111,612,96.106702,0.157037,0,0,0
1772194713.100910,599,99.545028,0.166185,0,0,0
1772194713.201069,599,95.453976,0.159356,0,0,0
1772194713.301100,610,101.708964,0.166736,0,0,0
1772194713.401214,608,94.424285,0.155303,0,0,0
1772194713.501076,615,103.846291,0.168856,0,0,0
1772194713.601125,625,95.874780,0.153400,0,0,0
1772194713.701098,627,103.854612,0.165637,0,0,0
1772194713.801155,629,104.376657,0.165941,0,0,0
1772194713.901213,636,115.348637,0.181366,0,0,0
1772194714.001273,622,105.288138,0.169274,0,0,0
1772194714.101101,640,106.787190,0.166855,0,0,0
1772194714.201232,625,105.942380,0.169508,0,0,0
1772194714.301037,629,106.404206,0.169164,0,0,0
1772194714.400965,617,106.135275,0.172018,0,0,0
1772194714.501111,625,102.749121,0.164399,0,0,0
1772194714.601061,606,97.779349,0.161352,0,0,0
1772194714.701122,631,110.476066,0.175081,0,0,0
1772194714.801086,625,95.281415,0.152450,0,0,0
1772194714.901109,633,104.845756,0.165633,0,0,0
1772194715.000971,629,108.355566,0.172266,0,0,0
1772194715.101074,664,106.050818,0.159715,0,0,0
1772194715.201196,659,112.495029,0.170706,0,0,0
1772194715.300972,665,116.044438,0.174503,0,0,0
1772194715.401196,683,121.357161,0.177683,0,0,0
1772194715.501024,668,112.002789,0.167669,0,0,0
1772194715.601165,673,124.386895,0.184825,0,0,0
1772194715.701111,677,119.537563,0.176570,0,0,0
1772194715.801205,687,120.177264,0.174931,0,0,0
1772194715.901069,680,117.274651,0.172463,0,0,0
1772194716.001158,696,118.226553,0.169866,0,0,0
1772194716.101189,706,123.775790,0.175320,0,0,0
1772194716.201147,700,118.199023,0.168856,0,0,0
1772194716.300907,712,135.860818,0.190816,0,0,0
1772194716.401102,698,121.217409,0.173664,0,0,0
1772194716.501237,697,136.501306,0.195841,0,0,0
1772194716.600797,692,126.338893,0.182571,0,0,0
1772194716.702000,721,132.922151,0.184358,0,0,0
1772194716.801183,715,132.875715,0.185840,0,0,0
1772194716.901074,740,137.047005,0.185199,0,0,0
1772194717.001158,715,131.962823,0.184563,0,0,0
1772194717.101058,731,143.186035,0.195877,0,0,0
1772194717.201070,729,137.532152,0.188659,0,0,0
1772194717.301312,719,143.529110,0.199623,0,0,0
1772194717.401051,739,144.379731,0.195372,0,0,0
1772194717.501231,737,143.240335,0.194356,0,0,0
1772194717.601071,763,148.370345,0.194457,0,0,0
1772194717.701080,777,147.107956,0.189328,0,0,0
1772194717.801014,749,149.797024,0.199996,0,0,0
1772194717.901131,780,156.900041,0.201154,0,0,0
1772194718.000976,786,167.456683,0.213049,0,0,0
1772194718.101889,805,166.794195,0.207198,0,0,0
1772194718.202123,802,174.159144,0.217156,0,0,0
1772194718.301181,794,169.390014,0.213338,0,0,0
1772194718.401071,816,172.107914,0.210917,0,0,0
1772194718.501173,813,178.546466,0.219614,0,0,0
1772194718.601063,816,178.624887,0.218903,0,0,0
1772194718.701006,796,170.772260,0.214538,0,0,0
1772194718.801084,847,186.387497,0.220056,0,0,0
1772194718.903643,817,178.453539,0.218425,0,0,0
1772194719.001129,820,184.211323,0.224648,0,0,0
1772194719.101079,808,168.860785,0.208986,0,0,0
1772194719.201159,855,188.408291,0.220361,0,0,0
1772194719.301050,809,173.266883,0.214174,0,0,0
1772194719.401244,832,190.496436,0.228962,0,0,0
1772194719.501096,834,183.777513,0.220357,0,0,0
1772194719.601135,838,190.441258,0.227257,0,0,0
1772194719.701089,838,191.082025,0.228022,0,0,0
1772194719.801023,862,200.585402,0.232698,0,0,0
1772194719.901071,842,188.337629,0.223679,0,0,0
1772194720.001004,854,198.872968,0.232872,0,0,0
1772194720.101120,863,198.903916,0.230480,0,0,0
1772194720.201307,839,189.536901,0.225908,0,0,0
1772194720.301255,842,192.263045,0.228341,0,0,0
1772194720.401126,845,197.672622,0.233932,0,0,0
1772194720.501083,843,201.132052,0.238591,0,0,0
1772194720.601152,889,223.572877,0.251488,0,0,0
1772194720.701243,900,228.607409,0.254008,0,0,0
1772194720.801122,909,225.086023,0.247619,0,0,0
1772194720.901270,934,239.814556,0.256761,0,0,0
1772194721.001188,923,226.788088,0.245708,0,0,0
1772194721.100967,945,237.238731,0.251046,0,0,0
1772194721.201100,931,229.560960,0.246575,0,0,0
1772194721.300318,944,232.394090,0.246180,0,0,0
1772194721.400430,896,207.811210,0.231932,0,0,0
1772194721.501097,915,216.111731,0.236188,0,0,0
1772194721.601112,889,204.870296,0.230450,0,0,0
1772194721.700977,899,206.815445,0.230051,0,0,0
1772194721.801051,883,204.780575,0.231915,0,0,0
1772194721.901009,913,225.798549,0.247315,0,0,0
1772194722.001172,924,235.937780,0.255344,0,0,0
1772194722.101231,910,231.858285,0.254789,0,0,0
1772194722.201004,933,243.738150,0.261241,0,0,0
1772194722.301206,915,239.960660,0.262252,0,0,0
1772194722.401088,928,249.158680,0.268490,0,0,0
1772194722.501074,904,236.356902,0.261457,0,0,0
1772194722.600990,904,226.563044,0.250623,0,0,0
1772194722.701049,913,226.596167,0.248189,0,0,0
1772194722.801049,885,219.680752,0.248227,0,0,0
1772194722.901089,896,219.143283,0.244580,0,0,0
1772194723.001159,915,230.523274,0.251938,0,0,0
1772194723.101119,916,244.758975,0.267204,0,0,0
1772194723.201205,917,247.337228,0.269724,0,0,0
1772194723.301138,946,255.493772,0.270078,0,0,0
1772194723.401214,966,264.189440,0.273488,0,0,0
1772194723.501218,980,271.337916,0.276875,0,0,0
1772194723.601103,948,252.233006,0.266069,0,0,0
1772194723.701118,957,249.861978,0.261089,0,0,0
1772194723.801003,926,239.016002,0.258117,0,0,0
1772194723.901213,912,244.387384,0.267969,0,0,0
1772194724.001056,908,235.934428,0.259840,0,0,0
1772194724.101055,883,238.808920,0.270452,0,0,0
1772194724.201069,900,243.297329,0.270330,0,0,0
1772194724.301135,893,247.218986,0.276841,0,0,0
1772194724.401092,887,246.497917,0.277901,0,0,0
1772194724.501204,892,247.021262,0.276930,0,0,0
1772194724.601020,895,262.074705,0.292821,0,0,0
1772194724.701120,899,248.238176,0.276127,0,0,0
1772194724.800998,922,257.704580,0.279506,0,0,0
1772194724.900951,900,242.374774,0.269305,0,0,0
1772194725.001034,901,249.992886,0.277462,0,0,0
1772194725.100878,887,248.785567,0.280480,0,0,0
1772194725.200941,885,259.273199,0.292964,0,0,0
1772194725.301078,883,256.959310,0.291007,0,0,0
1772194725.400828,907,265.653868,0.292893,0,0,0
1772194725.501889,918,258.818550,0.281937,0,0,0
1772194725.601206,897,266.260406,0.296834,0,0,0
1772194725.701097,941,263.961897,0.280512,0,0,0
1772194725.801013,928,260.141791,0.280325,0,0,0
1772194725.901018,916,251.186641,0.274221,0,0,0
1772194726.001120,889,238.053782,0.267777,0,0,0
1772194726.100875,907,249.356094,0.274924,0,0,0
1772194726.201031,911,249.401921,0.273767,0,0,0
1772194726.300926,871,238.703240,0.274057,0,0,0
1772194726.400997,858,243.068509,0.283297,0,0,0
1772194726.501058,888,256.779945,0.289167,0,0,0
1772194726.600988,852,248.424912,0.291579,0,0,0
1772194726.701068,849,257.345405,0.303116,0,0,0
1772194726.801243,877,252.908999,0.288380,0,0,0
1772194726.901062,866,255.133017,0.294611,0,0,0
1772194727.001094,901,258.803407,0.287240,0,0,0
1772194727.101115,887,266.004981,0.299893,0,0,0
1772194727.201209,907,269.119908,0.296714,0,0,0
1772194727.301079,897,269.038022,0.299931,0,0,0
1772194727.401214,896,257.833428,0.287761,0,0,0
1772194727.501091,896,260.070158,0.290257,0,0,0
1772194727.601044,924,258.016681,0.279239,0,0,0
1772194727.701205,925,270.080675,0.291979,0,0,0
1772194727.801020,925,258.080267,0.279006,0,0,0
1772194727.902067,914,259.036541,0.283410,0,0,0
1772194728.001168,924,252.704840,0.273490,0,0,0
1772194728.101026,913,251.463132,0.275425,0,0,0
1772194728.201205,907,235.824364,0.260005,0,0,0
1772194728.301092,938,262.918850,0.280297,0,0,0
1772194728.400917,905,253.674130,0.280303,0,0,0
1772194728.500971,952,260.203176,0.273323,0,0,0
1772194728.601008,903,252.124890,0.279208,0,0,0
1772194728.701005,937,261.741135,0.279340,0,0,0
1772194728.801082,913,259.062173,0.283748,0,0,0
1772194728.900977,909,248.335765,0.273197,0,0,0
1772194729.000955,940,277.525334,0.295240,0,0,0
1772194729.101141,891,260.699484,0.292592,0,0,0
1772194729.200951,898,250.111167,0.278520,0,0,0
1772194729.301094,915,264.161554,0.288701,0,0,0
1772194729.400928,953,272.949754,0.286411,0,0,0
1772194729.500906,931,263.339821,0.282857,0,0,0
1772194729.600968,939,262.689777,0.279755,0,0,0
1772194729.701030,966,275.433935,0.285128,0,0,0
1772194729.800977,974,284.060284,0.291643,0,0,0
1772194729.901055,959,281.331146,0.293359,0,0,0
1772194730.000922,943,266.730450,0.282853,0,0,0
1772194730.101135,973,286.091008,0.294030,0,0,0
1772194730.201088,974,281.476189,0.288990,0,0,0
1772194730.300901,981,284.203471,0.289708,0,0,0
1772194730.401193,983,290.004935,0.295020,0,0,0
1772194730.501113,964,282.037497,0.292570,0,0,0
1772194730.601062,972,277.154261,0.285138,0,0,0
1772194730.701076,984,293.912707,0.298692,0,0,0
1772194730.801109,976,287.268212,0.294332,0,0,0
1772194730.901104,1040,306.851367,0.295049,0,0,0
1772194731.001240,997,299.202869,0.300103,0,0,0
1772194731.101092,1010,297.937934,0.294988,0,0,0
1772194731.200886,987,285.885655,0.289651,0,0,0
1772194731.300991,1014,305.700410,0.301480,0,0,0
1772194731.401060,1008,300.924598,0.298536,0,0,0
1772194731.501032,986,299.331265,0.303581,0,0,0
1772194731.601050,985,295.425424,0.299924,0,0,0
1772194731.701124,944,286.081614,0.303053,0,0,0
1772194731.800895,946,278.909152,0.294830,0,0,0
1772194731.900918,939,274.070701,0.291875,0,0,0
1772194732.000975,951,272.389415,0.286424,0,0,0
1772194732.100931,950,290.402761,0.305687,0,0,0
1772194732.200883,966,291.181858,0.301430,0,0,0
1772194732.300933,942,275.369518,0.292324,0,0,0
1772194732.400862,936,267.227478,0.285499,0,0,0
1772194732.501036,969,284.040085,0.293127,0,0,0
1772194732.600954,949,275.869802,0.290695,0,0,0
1772194732.701015,945,282.591983,0.299039,0,0,0
1772194732.801053,929,271.219662,0.291948,0,0,0
1772194732.900954,932,282.026673,0.302604,0,0,0
1772194733.000926,935,278.598389,0.297966,0,0,0
1772194733.100888,917,264.895168,0.288872,0,0,0
1772194733.201056,904,259.220835,0.286749,0,0,0
1772194733.300966,894,256.132062,0.286501,0,0,0
1772194733.400889,914,277.753636,0.303888,0,0,0
1772194733.500878,910,269.551202,0.296210,0,0,0
1772194733.600975,905,265.376220,0.293233,0,0,0
1772194733.700870,896,269.155249,0.300396,0,0,0
1772194733.800971,859,259.585965,0.302196,0,0,0
1772194733.900889,793,247.621384,0.312259,0,0,0
1772194734.001027,746,231.494630,0.310315,0,0,0
1772194734.100925,706,202.009981,0.286133,0,0,0
1772194734.201025,744,222.102299,0.298525,0,0,0
1772194734.300985,722,207.141669,0.286900,0,0,0
1772194734.400930,737,213.759479,0.290040,0,0,0
1772194734.501022,707,197.120326,0.278812,0,0,0
1772194734.601043,724,198.749966,0.274517,0,0,0
1772194734.700927,708,202.072440,0.285413,0,0,0
1772194734.800864,707,199.954369,0.282821,0,0,0
1772194734.900888,696,203.026783,0.291705,0,0,0
1772194735.000940,709,200.542559,0.282853,0,0,0
1772194735.101031,720,215.934872,0.299910,0,0,0
1772194735.200960,763,224.750271,0.294561,0,0,0
1772194735.300901,722,212.700012,0.294598,0,0,0
1772194735.400886,742,210.379857,0.283531,0,0,0
1772194735.500933,729,211.166474,0.289666,0,0,0
1772194735.600889,739,223.755647,0.302782,0,0,0
1772194735.700859,718,212.187728,0.295526,0,0,0
1772194735.800941,718,202.823222,0.282484,0,0,0
1772194735.900877,723,216.124490,0.298927,0,0,0
1772194736.000973,747,216.305594,0.289566,0,0,0
1772194736.100935,718,208.590231,0.290516,0,0,0
1772194736.200904,749,212.728596,0.284017,0,0,0
1772194736.301017,792,236.743811,0.298919,0,0,0
1772194736.400960,804,235.151796,0.292477,0,0,0
1772194736.500937,785,235.861298,0.300460,0,0,0
1772194736.600965,810,251.648323,0.310677,0,0,0
1772194736.700955,778,234.881156,0.301904,0,0,0
1772194736.800894,778,235.424431,0.302602,0,0,0
1772194736.900832,814,251.374706,0.308814,0,0,0
1772194737.000857,816,256.657787,0.314532,0,0,0
1772194737.100891,822,256.493438,0.312036,0,0,0
1772194737.200849,829,258.283645,0.311560,0,0,0
1772194737.300947,845,264.281640,0.312759,0,0,0
1772194737.400928,829,253.521009,0.305815,0,0,0
1772194737.500831,843,264.607168,0.313888,0,0,0
1772194737.600946,822,257.351390,0.313080,0,0,0
1772194737.700894,825,246.308827,0.298556,0,0,0
1772194737.800991,788,240.205042,0.304829,0,0,0
1772194737.900958,798,240.271133,0.301092,0,0,0
1772194738.000848,798,247.202759,0.309778,0,0,0
1772194738.100988,803,246.501049,0.306975,0,0,0
1772194738.201103,807,248.469615,0.307893,0,0,0
1772194738.300849,801,248.354897,0.310056,0,0,0
1772194738.400814,815,255.225743,0.313160,0,0,0
1772194738.500957,807,247.643389,0.306869,0,0,0
1772194738.600893,798,244.473256,0.306357,0,0,0
1772194738.700861,811,242.194890,0.298637,0,0,0
1772194738.800933,810,243.898517,0.301109,0,0,0
1772194738.900994,777,235.958725,0.303679,0,0,0
1772194739.003001,793,233.163503,0.294027,0,0,0
1772194739.102067,795,227.388027,0.286023,0,0,0
1772194739.200873,790,230.383012,0.291624,0,0,0
1772194739.300976,786,232.918464,0.296334,0,0,0
1772194739.400975,772,219.496657,0.284322,0,0,0
1772194739.500864,799,234.115913,0.293011,0,0,0
1772194739.600847,780,220.422573,0.282593,0,0,0
1772194739.700911,795,232.099639,0.291949,0,0,0
1772194739.800874,792,229.165595,0.289350,0,0,0
1772194739.900928,784,221.775219,0.282877,0,0,0
1772194740.000861,748,205.062843,0.274148,0,0,0
1772194740.100862,737,205.038304,0.278207,0,0,0
1772194740.200841,760,204.045809,0.268481,0,0,0
1772194740.300875,766,207.099861,0.270365,0,0,0
1772194740.400908,747,195.591786,0.261836,0,0,0
1772194740.500827,749,199.054553,0.265760,0,0,0
1772194740.600824,753,205.422181,0.272805,0,0,0
1772194740.700831,752,206.178796,0.274174,0,0,0
1772194740.800943,744,198.715479,0.267091,0,0,0
1772194740.901091,743,200.736933,0.270171,0,0,0
1772194741.000825,739,204.432562,0.276634,0,0,0
1772194741.100920,772,202.169705,0.261878,0,0,0
1772194741.200954,741,192.888189,0.260308,0,0,0
1772194741.302179,767,191.431574,0.249585,0,0,0
1772194741.400999,751,189.362993,0.252148,0,0,0
1772194741.500936,760,179.066718,0.235614,0,0,0
1772194741.600852,748,185.413887,0.247880,0,0,0
1772194741.700829,737,186.115453,0.252531,0,0,0
1772194741.800931,728,173.805931,0.238744,0,0,0
1772194741.900828,733,166.267132,0.226831,0,0,0
1772194742.000795,726,163.157326,0.224735,0,0,0
1772194742.100775,724,166.644820,0.230172,0,0,0
1772194742.201123,717,169.837355,0.236872,0,0,0
1772194742.300773,726,172.515812,0.237625,0,0,0
1772194742.401031,721,184.591386,0.256021,0,0,0
1772194742.500880,698,167.465346,0.239922,0,0,0
1772194742.600835,738,173.120202,0.234580,0,0,0
1772194742.700932,695,168.318645,0.242185,0,0,0
1772194742.800941,731,173.711535,0.237635,0,0,0
1772194742.900790,735,172.514142,0.234713,0,0,0
1772194743.000957,698,161.269602,0.231045,0,0,0
1772194743.100903,713,160.129233,0.224585,0,0,0
1772194743.200800,712,164.615005,0.231201,0,0,0
1772194743.301153,706,166.617372,0.236002,0,0,0
1772194743.401026,691,170.381115,0.246572,0,0,0
1772194743.500770,691,173.575551,0.251195,0,0,0
1772194743.600803,684,164.164560,0.240007,0,0,0
1772194743.700828,704,175.354422,0.249083,0,0,0
1772194743.800928,688,168.653290,0.245136,0,0,0
1772194743.901047,704,173.126705,0.245919,0,0,0
1772194744.000840,660,156.063265,0.236459,0,0,0
1772194744.100914,686,163.280135,0.238018,0,0,0
1772194744.200848,689,149.671199,0.217230,0,0,0
1772194744.300883,683,160.846749,0.235500,0,0,0
1772194744.401025,673,153.797218,0.228525,0,0,0
1772194744.500961,667,156.029758,0.233928,0,0,0
1772194744.601252,658,160.780223,0.244347,0,0,0
1772194744.700958,668,161.497660,0.241763,0,0,0
1772194744.801542,662,159.325343,0.240673,0,0,0
1772194744.900930,656,163.685585,0.249521,0,0,0
1772194745.000808,658,160.823372,0.244412,0,0,0
1772194745.100910,640,153.457964,0.239778,0,0,0
1772194745.200798,651,156.810203,0.240876,0,0,0
1772194745.300935,651,153.368248,0.235589,0,0,0
1772194745.400880,661,156.292391,0.236448,0,0,0
1772194745.500807,661,155.170834,0.234752,0,0,0
1772194745.601087,656,150.506199,0.229430,0,0,0
1772194745.700858,656,156.614892,0.238742,0,0,0
1772194745.800755,650,155.097554,0.238612,0,0,0
1772194745.900938,645,158.004739,0.244969,0,0,0
1772194746.000875,639,142.764981,0.223419,0,0,0
1772194746.100931,626,140.070607,0.223755,0,0,0
1772194746.200765,646,148.310582,0.229583,0,0,0
1772194746.300897,632,150.348546,0.237893,0,0,0
1772194746.400847,630,142.745973,0.226581,0,0,0
1772194746.500848,640,155.449675,0.242890,0,0,0
1772194746.600874,643,145.847654,0.226824,0,0,0
1772194746.700876,645,149.368149,0.231579,0,0,0
1772194746.800894,634,144.342018,0.227669,0,0,0
1772194746.901006,623,138.786981,0.222772,0,0,0
1772194747.000921,625,139.426320,0.223082,0,0,0
1772194747.100902,617,136.718751,0.221586,0,0,0
1772194747.200789,621,141.592889,0.228008,0,0,0
1772194747.300745,618,129.207830,0.209074,0,0,0
1772194747.400895,604,127.056233,0.210358,0,0,0
1772194747.500811,611,115.274807,0.188666,0,0,0
1772194747.601122,603,133.002142,0.220567,0,0,0
1772194747.700899,613,125.906893,0.205395,0,0,0
1772194747.800770,631,141.450301,0.224168,0,0,0
1772194747.900774,615,124.971489,0.203206,0,0,0
1772194748.000757,607,127.046126,0.209302,0,0,0
1772194748.100876,627,130.131530,0.207546,0,0,0
1772194748.200774,627,137.880127,0.219905,0,0,0
1772194748.300739,624,135.891606,0.217775,0,0,0
1772194748.400822,609,128.474530,0.210960,0,0,0
1772194748.500744,618,124.514903,0.201480,0,0,0
1772194748.600887,593,120.896770,0.203873,0,0,0
1772194748.700815,615,125.860520,0.204651,0,0,0
1772194748.800755,617,137.335342,0.222586,0,0,0
1772194748.900737,606,128.183502,0.211524,0,0,0
1772194749.000871,600,122.949295,0.204915,0,0,0
1772194749.100765,609,121.893432,0.200153,0,0,0
1772194749.200894,618,128.208603,0.207457,0,0,0
1772194749.300861,631,125.427377,0.198776,0,0,0
1772194749.400795,599,126.172756,0.210639,0,0,0
1772194749.500811,614,120.373441,0.196048,0,0,0
1772194749.600891,619,134.836169,0.217829,0,0,0
1772194749.700736,621,137.334904,0.221151,0,0,0
1772194749.800845,632,135.657413,0.214648,0,0,0
1772194749.900850,613,139.592245,0.227720,0,0,0
1772194750.001398,608,132.791217,0.218407,0,0,0
1772194750.100728,610,135.979508,0.222917,0,0,0
1772194750.200973,640,143.074897,0.223555,0,0,0
1772194750.300777,621,141.579930,0.227987,0,0,0
1772194750.400833,637,146.572785,0.230099,0,0,0
1772194750.500795,639,154.405882,0.241637,0,0,0
1772194750.600704,660,149.779528,0.226939,0,0,0
1772194750.700883,665,162.767924,0.244764,0,0,0
1772194750.800780,646,145.503761,0.225238,0,0,0
1772194750.900734,642,163.814615,0.255163,0,0,0
1772194751.000885,649,152.512038,0.234995,0,0,0
1772194751.100747,660,160.467355,0.243132,0,0,0
1772194751.200706,672,164.059749,0.244137,0,0,0
1772194751.300712,654,144.161147,0.220430,0,0,0
1772194751.400784,654,157.981701,0.241562,0,0,0
1772194751.500713,667,156.442655,0.234547,0,0,0
1772194751.600749,655,157.274959,0.240114,0,0,0
1772194751.700819,659,157.768130,0.239405,0,0,0
1772194751.800760,637,151.751211,0.238228,0,0,0
1772194751.900885,656,154.818614,0.236004,0,0,0
1772194752.000788,664,158.600204,0.238856,0,0,0
1772194752.100832,655,156.219949,0.238504,0,0,0
1772194752.200684,650,156.805450,0.241239,0,0,0
1772194752.300704,673,166.547152,0.247470,0,0,0
1772194752.400758,659,156.580603,0.237603,0,0,0
1772194752.500750,658,163.103888,0.247878,0,0,0
1772194752.600840,657,160.717991,0.244624,0,0,0
1772194752.700812,641,157.224109,0.245279,0,0,0
1772194752.800794,660,161.599946,0.244848,0,0,0
1772194752.900864,677,162.254469,0.239667,0,0,0
1772194753.000815,646,159.604772,0.247066,0,0,0
1772194753.100731,662,152.704445,0.230671,0,0,0
1772194753.200828,647,157.744438,0.243809,0,0,0
1772194753.300699,685,167.869414,0.245065,0,0,0
1772194753.400861,665,171.573626,0.258005,0,0,0
1772194753.500690,679,164.868792,0.242811,0,0,0
1772194753.600860,653,168.154874,0.257511,0,0,0
1772194753.700784,677,166.503348,0.245943,0,0,0
1772194753.800677,648,159.742430,0.246516,0,0,0
1772194753.900773,682,175.121627,0.256777,0,0,0
1772194754.000720,669,158.000544,0.236174,0,0,0
1772194754.100920,710,173.037663,0.243715,0,0,0
1772194754.200853,670,155.079546,0.231462,0,0,0
1772194754.300728,698,162.797620,0.233234,0,0,0
1772194754.400951,670,151.686823,0.226398,0,0,0
1772194754.500816,691,163.222392,0.236212,0,0,0
1772194754.600678,693,170.301731,0.245746,0,0,0
1772194754.700988,696,169.640337,0.243736,0,0,0
1772194754.800767,702,168.051190,0.239389,0,0,0
1772194754.900877,699,166.665024,0.238434,0,0,0
1772194755.000950,694,174.936901,0.252070,0,0,0
1772194755.100921,684,158.768240,0.232117,0,0,0
1772194755.200741,686,162.059527,0.236238,0,0,0
1772194755.300766,718,161.306439,0.224661,0,0,0
1772194755.400732,695,168.063181,0.241818,0,0,0
1772194755.500854,726,169.148570,0.232987,0,0,0
1772194755.600702,724,176.473366,0.243748,0,0,0
1772194755.700666,721,174.263653,0.241697,0,0,0
1772194755.800780,725,175.286699,0.241775,0,0,0
1772194755.900830,732,182.517790,0.249341,0,0,0
1772194756.000803,716,171.918539,0.240110,0,0,0
1772194756.100783,748,188.011079,0.251352,0,0,0
1772194756.200747,726,180.218461,0.248235,0,0,0
1772194756.300730,725,183.400391,0.252966,0,0,0
1772194756.400828,720,176.913495,0.245713,0,0,0
1772194756.500714,738,180.535759,0.244628,0,0,0
1772194756.600659,739,181.266765,0.245287,0,0,0
1772194756.700834,748,174.893183,0.233814,0,0,0
1772194756.800766,739,177.893770,0.240722,0,0,0
1772194756.900710,745,176.344822,0.236704,0,0,0
1772194757.000639,742,164.095105,0.221152,0,0,0
1772194757.100843,746,173.548943,0.232639,0,0,0
1772194757.200930,765,176.345400,0.230517,0,0,0
1772194757.300781,749,180.476032,0.240956,0,0,0
1772194757.400738,777,195.091664,0.251083,0,0,0
1772194757.500691,776,189.405760,0.244080,0,0,0
1772194757.600772,800,198.742350,0.248428,0,0,0
1772194757.700756,800,200.454966,0.250569,0,0,0
1772194757.800799,803,204.774222,0.255011,0,0,0
1772194757.900831,796,199.638573,0.250802,0,0,0
1772194758.000801,782,193.822608,0.247855,0,0,0
1772194758.100814,796,204.737883,0.257208,0,0,0
1772194758.200819,799,213.075358,0.266678,0,0,0
1772194758.300997,796,207.230357,0.260340,0,0,0
1772194758.400729,817,226.145488,0.276800,0,0,0
1772194758.500785,816,222.781012,0.273016,0,0,0
1772194758.600912,821,228.447487,0.278255,0,0,0
1772194758.700778,819,227.411909,0.277670,0,0,0
1772194758.800818,826,233.858886,0.283122,0,0,0
1772194758.900818,825,228.026170,0.276395,0,0,0
1772194759.000805,860,234.280383,0.272419,0,0,0
1772194759.100961,844,230.259916,0.272820,0,0,0
1772194759.200879,822,222.228540,0.270351,0,0,0
1772194759.300800,851,238.954959,0.280793,0,0,0
1772194759.400766,833,228.976686,0.274882,0,0,0
1772194759.500902,814,228.882397,0.281182,0,0,0
1772194759.600693,835,237.096239,0.283948,0,0,0
1772194759.700934,856,248.502389,0.290307,0,0,0
1772194759.800697,827,241.773972,0.292351,0,0,0
1772194759.900682,889,264.195628,0.297183,0,0,0
1772194760.002501,842,246.864092,0.293188,0,0,0
1772194760.100732,865,255.590295,0.295480,0,0,0
1772194760.200775,829,246.186186,0.296968,0,0,0
1772194760.300630,861,263.306549,0.305815,0,0,0
1772194760.400714,866,264.886401,0.305873,0,0,0
1772194760.500673,900,284.533308,0.316148,0,0,0
1772194760.600677,873,266.979039,0.305818,0,0,0
1772194760.700712,886,274.751567,0.310103,0,0,0
1772194760.800682,898,270.707647,0.301456,0,0,0
1772194760.900756,889,260.825886,0.293392,0,0,0
1772194761.000718,890,258.320304,0.290248,0,0,0
1772194761.100729,897,269.125498,0.300028,0,0,0
1772194761.200945,904,273.128095,0.302133,0,0,0
1772194761.300697,889,263.453936,0.296349,0,0,0
1772194761.400644,922,266.858460,0.289434,0,0,0
1772194761.500705,905,273.737425,0.302472,0,0,0
1772194761.600699,919,267.050332,0.290588,0,0,0
1772194761.700656,923,281.020430,0.304464,0,0,0
1772194761.800600,925,275.405143,0.297735,0,0,0
1772194761.900594,946,284.303209,0.300532,0,0,0
1772194762.000921,906,273.655804,0.302048,0,0,0
1772194762.100885,904,277.597319,0.307077,0,0,0
1772194762.200624,903,277.624139,0.307446,0,0,0
1772194762.300656,929,280.804602,0.302265,0,0,0
1772194762.400735,918,280.894999,0.305986,0,0,0
1772194762.500732,907,271.070538,0.298865,0,0,0
1772194762.600594,939,280.798930,0.299040,0,0,0
1772194762.700891,942,289.177316,0.306982,0,0,0
1772194762.800772,943,280.506354,0.297462,0,0,0
1772194762.900619,932,270.565103,0.290306,0,0,0
1772194763.000643,957,289.276586,0.302274,0,0,0
1772194763.100772,928,279.962455,0.301684,0,0,0
1772194763.200683,970,290.474581,0.299458,0,0,0
1772194763.300683,967,283.932078,0.293622,0,0,0
1772194763.400629,976,290.931913,0.298086,0,0,0
1772194763.500621,965,289.202068,0.299691,0,0,0
1772194763.600766,948,290.223891,0.306143,0,0,0
1772194763.700645,943,281.037370,0.298025,0,0,0
1772194763.800625,942,282.038415,0.299404,0,0,0
1772194763.900757,984,295.944792,0.300757,0,0,0
1772194764.000653,978,285.601156,0.292026,0,0,0
1772194764.100734,986,296.719586,0.300933,0,0,0
1772194764.200892,987,300.445503,0.304403,0,0,0
1772194764.300684,971,284.373146,0.292866,0,0,0
1772194764.400658,983,282.460451,0.287345,0,0,0
1772194764.500842,971,282.229069,0.290658,0,0,0
1772194764.600631,992,286.422429,0.288732,0,0,0
1772194764.700606,992,289.743529,0.292080,0,0,0
1772194764.800605,1001,306.221348,0.305915,0,0,0
1772194764.900599,1033,306.548201,0.296755,0,0,0
1772194765.000638,997,298.326469,0.299224,0,0,0
1772194765.100720,1000,290.185754,0.290186,0,0,0
1772194765.200991,1016,289.723248,0.285161,0,0,0
1772194765.300752,981,277.290347,0.282661,0,0,0
1772194765.400723,990,279.653283,0.282478,0,0,0
1772194765.500699,1008,298.266030,0.295899,0,0,0
1772194765.600678,1003,289.080683,0.288216,0,0,0
1772194765.700634,1026,291.987295,0.284588,0,0,0
1772194765.800708,1003,283.568457,0.282720,0,0,0
1772194765.900762,990,274.974261,0.277752,0,0,0
1772194766.000674,986,290.457556,0.294582,0,0,0
1772194766.100645,1008,291.535343,0.289222,0,0,0
1772194766.201293,987,281.216791,0.284921,0,0,0
1772194766.300530,985,278.981458,0.283230,0,0,0
1772194766.400738,982,283.245438,0.288437,0,0,0
1772194766.500725,943,273.185178,0.289698,0,0,0
1772194766.600566,946,273.621228,0.289240,0,0,0
1772194766.700740,947,263.440414,0.278184,0,0,0
1772194766.800624,963,278.042197,0.288725,0,0,0
1772194766.900697,940,249.757202,0.265699,0,0,0
1772194767.000614,967,264.791296,0.273828,0,0,0
1772194767.100605,953,251.886356,0.264309,0,0,0
1772194767.200541,948,251.636729,0.265440,0,0,0
1772194767.300602,954,258.410552,0.270871,0,0,0
1772194767.400656,961,258.741676,0.269242,0,0,0
1772194767.500827,955,252.876982,0.264793,0,0,0
1772194767.600678,988,270.872138,0.274162,0,0,0
1772194767.700695,993,251.087922,0.252858,0,0,0
1772194767.800666,957,245.620254,0.256656,0,0,0
1772194767.900730,965,243.041391,0.251856,0,0,0
1772194768.000634,955,247.062770,0.258704,0,0,0
1772194768.100579,982,252.734553,0.257367,0,0,0
1772194768.200695,964,261.292985,0.271051,0,0,0
1772194768.300724,1006,272.325567,0.270701,0,0,0
1772194768.400728,1018,281.871342,0.276887,0,0,0
1772194768.500643,1041,287.227306,0.275915,0,0,0
1772194768.600738,1003,298.073895,0.297182,0,0,0
1772194768.700726,1025,292.181656,0.285055,0,0,0
1772194768.800715,1008,271.196050,0.269044,0,0,0
1772194768.900694,1005,269.210360,0.267871,0,0,0
1772194769.000541,991,260.428634,0.262794,0,0,0
1772194769.100584,993,258.711436,0.260535,0,0,0
1772194769.200655,979,252.862715,0.258287,0,0,0
1772194769.300730,981,266.717539,0.271883,0,0,0
1772194769.400550,968,253.640503,0.262025,0,0,0
1772194769.500647,985,250.345347,0.254158,0,0,0
1772194769.600702,987,252.385348,0.255710,0,0,0
1772194769.700586,981,263.362251,0.268463,0,0,0
1772194769.800671,971,249.871388,0.257334,0,0,0
1772194769.900654,967,272.709404,0.282016,0,0,0
1772194770.000528,957,251.650479,0.262958,0,0,0
1772194770.100572,969,247.453728,0.255370,0,0,0
1772194770.200557,956,244.912898,0.256185,0,0,0
1772194770.300717,954,253.736737,0.265971,0,0,0
1772194770.400667,947,248.975135,0.262909,0,0,0
1772194770.500755,958,252.068179,0.263119,0,0,0
1772194770.600789,954,257.824297,0.270256,0,0,0
1772194770.700673,967,253.577474,0.262231,0,0,0
1772194770.800722,967,259.904842,0.268774,0,0,0
1772194770.901466,958,261.966116,0.273451,0,0,0
1772194771.000681,961,274.525932,0.285667,0,0,0
1772194771.100607,988,272.686481,0.275998,0,0,0
1772194771.200567,970,270.676551,0.279048,0,0,0
1772194771.300616,980,265.337118,0.270752,0,0,0
1772194771.400728,970,266.824517,0.275077,0,0,0
1772194771.500610,958,256.982567,0.268249,0,0,0
1772194771.600519,945,249.791990,0.264330,0,0,0
1772194771.700577,942,262.305459,0.278456,0,0,0
1772194771.800645,937,250.419827,0.267257,0,0,0
1772194771.900567,941,250.743967,0.266465,0,0,0
1772194772.000611,945,245.097824,0.259363,0,0,0
1772194772.100672,946,242.905469,0.256771,0,0,0
1772194772.200567,968,261.238337,0.269874,0,0,0
1772194772.300581,928,243.884605,0.262807,0,0,0
1772194772.400687,937,255.923237,0.273130,0,0,0
1772194772.500565,912,236.700127,0.259540,0,0,0
1772194772.600620,924,244.826040,0.264963,0,0,0
1772194772.700650,911,231.599454,0.254226,0,0,0
1772194772.800518,913,240.259512,0.263154,0,0,0
1772194772.900505,892,233.292416,0.261539,0,0,0
1772194773.000495,925,244.910837,0.264768,0,0,0
1772194773.100620,911,237.684727,0.260905,0,0,0
1772194773.200496,936,248.454927,0.265443,0,0,0
1772194773.300578,933,241.121038,0.258436,0,0,0
1772194773.400536,947,245.154341,0.258875,0,0,0
1772194773.500620,923,234.728251,0.254310,0,0,0
1772194773.600488,932,249.211184,0.267394,0,0,0
1772194773.700617,912,240.942600,0.264191,0,0,0
1772194773.800690,920,244.530796,0.265794,0,0,0
1772194773.900653,895,229.413761,0.256328,0,0,0
1772194774.000486,897,243.251106,0.271183,0,0,0
1772194774.100605,886,232.537591,0.262458,0,0,0
1772194774.200620,886,246.952598,0.278728,0,0,0
1772194774.300582,882,229.697189,0.260428,0,0,0
1772194774.400563,891,244.865570,0.274821,0,0,0
1772194774.500487,877,223.674727,0.255045,0,0,0
1772194774.600677,888,232.206175,0.261493,0,0,0
1772194774.700644,879,241.413648,0.274646,0,0,0
1772194774.800566,864,232.620806,0.269237,0,0,0
1772194774.900609,840,221.446092,0.263626,0,0,0
1772194775.000580,838,226.370691,0.270132,0,0,0
1772194775.100655,821,214.619985,0.261413,0,0,0
1772194775.200640,844,219.906858,0.260553,0,0,0
1772194775.300653,827,227.907322,0.275583,0,0,0
1772194775.400497,849,220.158407,0.259315,0,0,0
1772194775.500602,863,235.866323,0.273310,0,0,0
1772194775.600636,844,215.600795,0.255451,0,0,0
1772194775.700706,844,222.694701,0.263856,0,0,0
1772194775.800477,864,224.952752,0.260362,0,0,0
1772194775.900630,852,218.834617,0.256848,0,0,0
1772194776.001661,849,214.994411,0.253233,0,0,0
1772194776.101517,834,214.896508,0.257670,0,0,0
1772194776.200443,801,207.040960,0.258478,0,0,0
1772194776.300645,808,212.525604,0.263027,0,0,0
1772194776.401348,763,201.903054,0.264617,0,0,0
1772194776.500649,795,210.233242,0.264444,0,0,0
1772194776.600604,764,202.429739,0.264960,0,0,0
1772194776.700605,769,202.095630,0.262803,0,0,0
1772194776.800491,751,204.387528,0.272154,0,0,0
1772194776.900507,767,206.973335,0.269848,0,0,0
1772194777.000620,778,215.406536,0.276872,0,0,0
1772194777.100599,777,216.893516,0.279142,0,0,0
1772194777.200506,777,218.198687,0.280822,0,0,0
1772194777.300575,760,197.506866,0.259877,0,0,0
1772194777.400481,793,227.397512,0.286756,0,0,0
1772194777.500530,791,236.118766,0.298507,0,0,0
1772194777.600586,780,225.145735,0.288648,0,0,0
1772194777.700480,766,226.869669,0.296175,0,0,0
1772194777.800524,761,218.576423,0.287223,0,0,0
1772194777.900683,758,227.251868,0.299805,0,0,0
1772194778.000553,747,220.219664,0.294805,0,0,0
1772194778.100692,740,212.414438,0.287047,0,0,0
1772194778.200677,725,215.282331,0.296941,0,0,0
1772194778.300610,752,225.570040,0.299960,0,0,0
1772194778.400453,754,227.294034,0.301451,0,0,0
1772194778.500482,749,215.736380,0.288033,0,0,0
1772194778.600536,756,223.461953,0.295585,0,0,0
1772194778.700558,742,218.908374,0.295025,0,0,0
1772194778.800482,752,227.731340,0.302834,0,0,0
1772194778.900501,736,218.983359,0.297532,0,0,0
1772194779.000492,740,216.793978,0.292965,0,0,0
1772194779.100624,729,209.117847,0.286856,0,0,0
1772194779.200564,737,212.469705,0.288290,0,0,0
1772194779.300535,746,207.229022,0.277787,0,0,0
1772194779.400438,756,204.559229,0.270581,0,0,0
1772194779.500528,767,221.288186,0.288511,0,0,0
1772194779.600607,764,218.266848,0.285690,0,0,0
1772194779.700732,761,219.136524,0.287959,0,0,0
1772194779.800720,779,228.571294,0.293416,0,0,0
1772194779.900589,799,218.575550,0.273561,0,0,0
1772194780.000536,773,228.336077,0.295389,0,0,0
1772194780.100537,799,228.090744,0.285470,0,0,0
1772194780.200474,788,227.140891,0.288250,0,0,0
1772194780.300475,779,224.314847,0.287952,0,0,0
1772194780.400612,793,228.640998,0.288324,0,0,0
1772194780.500534,754,213.216292,0.282780,0,0,0
1772194780.601183,770,222.668255,0.289180,0,0,0
1772194780.700923,769,225.021997,0.292616,0,0,0
1772194780.800510,770,224.510044,0.291571,0,0,0
1772194780.900581,763,228.541532,0.299530,0,0,0
1772194781.000512,777,225.622161,0.290376,0,0,0
1772194781.100561,740,214.812017,0.290287,0,0,0
1772194781.200624,735,210.724323,0.286700,0,0,0
1772194781.300493,752,214.942183,0.285827,0,0,0
1772194781.400480,746,195.528636,0.262103,0,0,0
1772194781.500600,753,197.169768,0.261846,0,0,0
1772194781.600657,755,195.219905,0.258569,0,0,0
1772194781.700469,755,194.346127,0.257412,0,0,0
1772194781.800574,753,185.478465,0.246319,0,0,0
1772194781.900610,766,190.564200,0.248778,0,0,0
1772194782.000461,750,182.297763,0.243064,0,0,0
1772194782.100422,761,190.331783,0.250107,0,0,0
1772194782.200485,721,176.746957,0.245141,0,0,0
1772194782.300542,756,190.672216,0.252212,0,0,0
1772194782.400544,710,169.214258,0.238330,0,0,0
1772194782.500542,751,183.062593,0.243758,0,0,0
1772194782.600444,766,189.859258,0.247858,0,0,0
1772194782.700563,779,186.642908,0.239593,0,0,0
1772194782.800590,788,187.960905,0.238529,0,0,0
1772194782.900404,760,188.291070,0.247751,0,0,0
1772194783.000420,749,181.420451,0.242217,0,0,0
1772194783.100667,745,182.882407,0.245480,0,0,0
1772194783.200473,744,194.119417,0.260913,0,0,0
1772194783.300489,719,188.731545,0.262492,0,0,0
1772194783.400622,742,197.571083,0.266268,0,0,0
1772194783.500637,724,198.547385,0.274237,0,0,0
1772194783.600722,756,199.718295,0.264178,0,0,0
1772194783.700508,735,194.186465,0.264199,0,0,0
1772194783.800930,743,199.058248,0.267912,0,0,0
1772194783.901004,744,193.208183,0.259688,0,0,0
1772194784.000525,738,182.070985,0.246709,0,0,0
1772194784.100419,707,182.615853,0.258297,0,0,0
1772194784.200468,682,168.785279,0.247486,0,0,0
1772194784.300589,628,157.732830,0.251167,0,0,0
1772194784.400415,494,118.810651,0.240507,0,0,0
1772194784.500606,436,101.002424,0.231657,0,0,0
1772194784.600513,921,177.482460,0.192706,0,0,0
1772194784.700467,924,185.408227,0.200658,0,0,0
1772194784.800401,936,206.043408,0.220132,0,0,0
1772194784.900453,921,206.055831,0.223731,0,0,0
1772194785.000439,435,121.438582,0.279169,0,0,0
1772194785.100401,427,119.912325,0.280825,0,0,0
1772194785.200380,438,129.959034,0.296710,0,0,1
1772194785.300423,937,223.759015,0.238804,0,0,1
1772194785.400707,976,244.100860,0.250103,0,0,1
1772194785.500408,936,222.228926,0.237424,0,0,0
1772194785.600420,955,241.575309,0.252958,0,0,0
1772194785.700546,950,229.574920,0.241658,0,0,0
1772194785.800384,430,120.452913,0.280123,0,0,0
1772194785.900606,429,121.842717,0.284016,0,0,0
1772194786.000698,439,123.541788,0.281416,0,0,0
1772194786.100443,455,124.796106,0.274277,0,0,0
1772194786.200637,454,127.508311,0.280855,0,0,0
1772194786.300562,469,142.968503,0.304837,0,0,0
1772194786.400408,465,141.966420,0.305304,0,0,0
1772194786.500425,487,139.607560,0.286669,0,0,1
1772194786.600543,528,147.190734,0.278770,0,0,1
1772194786.700517,536,142.137636,0.265182,0,0,1
1772194786.800467,616,156.676644,0.254345,0,0,1
1772194786.901181,631,169.667980,0.268887,0,0,1
1772194787.000538,673,165.593180,0.246052,0,0,0
1772194787.100437,719,178.099079,0.247704,0,0,0
1772194787.200542,741,188.080922,0.253820,0,0,0
1772194787.300549,753,192.418767,0.255536,0,0,0
1772194787.400446,759,192.165893,0.253183,0,0,0
1772194787.500417,787,203.423746,0.258480,0,0,0
1772194787.600407,774,204.087806,0.263679,0,0,0
1772194787.700416,812,205.795895,0.253443,0,0,0
1772194787.800435,842,212.413028,0.252272,0,0,0
1772194787.900367,821,192.427698,0.234382,0,0,0
1772194788.000503,799,194.533708,0.243471,0,0,0
1772194788.100395,787,193.754659,0.246194,0,0,0
1772194788.200432,819,204.378150,0.249546,0,0,0
1772194788.300353,827,212.885205,0.257419,0,0,0
1772194788.400445,817,211.389506,0.258739,0,0,0
1772194788.500660,815,208.575603,0.255921,0,0,0
1772194788.600513,865,217.096327,0.250978,0,0,0
1772194788.700514,871,217.951097,0.250231,0,0,0
1772194788.801122,912,236.298943,0.259100,0,0,0
1772194788.900619,878,221.865447,0.252694,0,0,0
1772194789.000530,875,226.047869,0.258340,0,0,0
1772194789.100462,855,220.426502,0.257809,0,0,0
1772194789.200422,850,227.947043,0.268173,0,0,0
1772194789.300967,833,222.612868,0.267242,0,0,0
1772194789.400660,808,210.096033,0.260020,0,0,0
1772194789.500612,797,212.789018,0.266987,0,0,0
1772194789.601775,814,206.346663,0.253497,0,0,0
1772194789.700445,864,224.899748,0.260301,0,0,0
1772194789.800389,873,219.148010,0.251029,0,0,0
1772194789.900478,908,233.562763,0.257228,0,0,0
1772194790.000400,927,226.242797,0.244059,0,0,0
1772194790.100358,955,236.204045,0.247334,0,0,0
1772194790.200425,945,242.925618,0.257064,0,0,0
1772194790.300502,988,266.093765,0.269326,0,0,0
1772194790.400363,940,257.294265,0.273717,0,0,0
1772194790.500516,931,248.826603,0.267268,0,0,0
1772194790.600713,942,262.217573,0.278363,0,0,0
1772194790.700479,971,256.188952,0.263840,0,0,0
1772194790.800480,960,274.527885,0.285967,0,0,0
1772194790.900486,998,270.010250,0.270551,0,0,0
1772194791.000363,1031,272.442937,0.264251,0,0,0
1772194791.101062,993,250.592793,0.252359,0,0,0
1772194791.200380,1022,274.698136,0.268785,0,0,0
1772194791.302104,1070,275.010888,0.257020,0,0,0
1772194791.401083,1024,260.292420,0.254192,0,0,0
1772194791.501054,1017,262.366475,0.257981,0,0,0
1772194791.600339,993,255.106472,0.256905,0,0,0
1772194791.700455,1010,251.593537,0.249103,0,0,0
1772194791.800350,964,263.883464,0.273738,0,0,0
1772194791.900448,1010,240.917435,0.238532,0,0,0
1772194792.000546,933,252.649165,0.270792,0,0,0
1772194792.100371,907,233.538725,0.257485,0,0,0
1772194792.200583,924,226.520920,0.245153,0,0,0
1772194792.300426,934,219.973913,0.235518,0,0,0
1772194792.400414,925,204.083946,0.220631,0,0,0
1772194792.500673,871,192.121898,0.220576,0,0,0
1772194792.600485,832,159.830277,0.192104,0,0,0
1772194792.700397,859,156.288006,0.181942,0,0,0
1772194792.800449,857,151.076572,0.176285,0,0,0
1772194792.900481,898,162.902878,0.181406,0,0,0
1772194793.000372,921,186.778467,0.202800,0,0,0
1772194793.100719,896,171.217560,0.191091,0,0,0
1772194793.200482,887,178.630536,0.201387,0,0,0
1772194793.300458,908,171.241377,0.188592,0,0,0
1772194793.400566,907,156.713976,0.172783,0,0,0
1772194793.500534,912,166.463014,0.182525,0,0,0
1772194793.600418,933,173.890188,0.186377,0,0,0
1772194793.700538,921,170.541923,0.185170,0,0,0
1772194793.800361,921,164.814937,0.178952,0,0,0
1772194793.900515,966,189.900507,0.196584,0,0,0
1772194794.000315,949,169.463857,0.178571,0,0,0
1772194794.100473,940,181.222006,0.192789,0,0,0
1772194794.200444,936,176.863632,0.188957,0,0,0
1772194794.300376,921,188.985773,0.205196,0,0,0
1772194794.400465,931,182.441556,0.195963,0,0,0
1772194794.500364,949,178.272707,0.187853,0,0,0
1772194794.600413,940,186.906744,0.198837,0,0,0
1772194794.700436,953,184.793847,0.193907,0,0,0
1772194794.800674,938,176.651413,0.188328,0,0,0
1772194794.900633,941,188.872973,0.200715,0,0,0
1772194795.000394,954,180.075108,0.188758,0,0,0
1772194795.100348,970,186.556160,0.192326,0,0,0
1772194795.200485,967,192.729972,0.199307,0,0,0
1772194795.300366,933,192.035541,0.205826,0,0,0
1772194795.400382,989,196.664596,0.198852,0,0,0
1772194795.500461,986,199.111491,0.201939,0,0,0
1772194795.600432,970,205.110835,0.211454,0,0,0
1772194795.700459,970,197.797569,0.203915,0,0,0
1772194795.800978,951,203.022569,0.213483,0,0,0
1772194795.901882,987,195.934225,0.198515,0,0,0
1772194796.000655,978,206.523973,0.211170,0,0,0
1772194796.100289,990,199.526442,0.201542,0,0,0
1772194796.200420,933,193.124902,0.206993,0,0,0
1772194796.300567,978,203.229582,0.207801,0,0,0
1772194796.400490,929,195.470108,0.210409,0,0,0
1772194796.500340,975,197.327594,0.202387,0,0,0
1772194796.600389,942,206.336601,0.219041,0,0,0
1772194796.700363,936,195.955209,0.209354,0,0,0
1772194796.800463,850,178.008781,0.209422,0,0,0
1772194796.900372,832,151.633606,0.182252,0,0,0
1772194797.000293,795,143.458360,0.180451,0,0,0
1772194797.100368,798,147.568189,0.184923,0,0,0
1772194797.203675,801,124.220736,0.155082,0,0,0
1772194797.300444,814,134.559426,0.165306,0,0,0
1772194797.400394,809,129.169251,0.159665,0,0,0
1772194797.500669,812,143.232341,0.176395,0,0,0
1772194797.600416,826,144.708818,0.175192,0,0,0
1772194797.700861,833,136.459188,0.163817,0,0,0
1772194797.800589,816,134.857405,0.165266,0,0,0
1772194797.900411,815,146.692048,0.179990,0,0,0
1772194798.000395,804,144.645191,0.179907,0,0,0
1772194798.100366,806,146.516074,0.181782,0,0,0
1772194798.200458,833,146.445148,0.175804,0,0,0
1772194798.300378,847,154.568164,0.182489,0,0,0
1772194798.400580,894,138.518239,0.154942,0,0,0
1772194798.500447,917,146.571203,0.159838,0,0,0
1772194798.600356,922,150.985474,0.163759,0,0,0
1772194798.700677,929,143.631831,0.154609,0,0,0
1772194798.800589,950,154.498033,0.162630,0,0,0
1772194798.900378,971,152.345448,0.156895,0,0,0
1772194799.000670,1055,175.988266,0.166814,0,0,0
1772194799.100407,1052,175.848317,0.167156,0,0,0
1772194799.200543,1047,174.896796,0.167046,0,0,0
1772194799.300283,1062,172.017713,0.161975,0,0,0
1772194799.400677,1079,183.910036,0.170445,0,0,0
1772194799.500673,1095,202.772568,0.185180,0,0,0
1772194799.600437,1165,202.894544,0.174158,0,0,0
1772194799.700440,1141,189.737017,0.166290,0,0,0
1772194799.800569,1170,198.885128,0.169987,0,0,0
1772194799.900435,1159,203.107729,0.175244,0,0,0
1772194800.000426,1166,187.171852,0.160525,0,0,0
1772194800.100555,1146,202.836422,0.176995,0,0,0
1772194800.200409,1176,205.810904,0.175009,0,0,0
1772194800.301001,1150,219.625942,0.190979,0,0,0
1772194800.400357,1186,218.504140,0.184236,0,0,0
1772194800.500703,1160,214.815941,0.185186,0,0,0
1772194800.600609,1186,220.530851,0.185945,0,0,0
1772194800.700479,1170,208.471225,0.178181,0,0,0
1772194800.800426,1147,210.836540,0.183816,0,0,0
1772194800.900432,1220,217.824352,0.178545,0,0,0
1772194801.000304,1166,207.455426,0.177921,0,0,0
1772194801.100261,1198,216.008684,0.180308,0,0,0
1772194801.200401,1176,216.928678,0.184463,0,0,0
1772194801.300320,1212,221.946936,0.183125,0,0,0
1772194801.400300,1207,240.158488,0.198971,0,0,0
1772194801.500386,1259,238.921021,0.189770,0,0,0
1772194801.600679,1227,259.420499,0.211427,0,0,0
1772194801.700358,1222,234.094618,0.191567,0,0,0
1772194801.800976,1244,256.422783,0.206128,0,0,0
1772194801.900369,1221,220.579215,0.180655,0,0,0
1772194802.000410,1213,251.873535,0.207645,0,0,0
1772194802.100388,1248,244.312512,0.195763,0,0,0
1772194802.201085,1214,234.255362,0.192962,0,0,0
1772194802.300404,1254,249.936327,0.199311,0,0,0
1772194802.400520,1258,236.151729,0.187720,0,0,0
1772194802.500373,1268,238.972903,0.188464,0,0,0
1772194802.600361,1331,253.575770,0.190515,0,0,0
1772194802.700602,1326,242.205326,0.182659,0,0,0
1772194802.800395,1320,254.678098,0.192938,0,0,0
1772194802.900271,1340,260.530975,0.194426,0,0,0
1772194803.000737,1279,254.608397,0.199068,0,0,0
1772194803.100524,1300,255.378612,0.196445,0,0,0
1772194803.200668,1306,273.107948,0.209118,0,0,0
1772194803.300624,1369,280.856071,0.205154,0,0,0
1772194803.400373,1395,281.847562,0.202041,0,0,0
1772194803.500508,1409,287.556978,0.204086,0,0,0
1772194803.600372,1408,281.976113,0.200267,0,0,0
1772194803.700253,1466,297.391058,0.202859,0,0,0
1772194803.800379,1467,313.302406,0.213567,0,0,0
1772194803.900474,1442,296.976635,0.205948,0,0,0
1772194804.000725,1483,309.889138,0.208961,0,0,0
1772194804.100249,1499,304.885219,0.203392,0,0,0
1772194804.200559,1456,305.835547,0.210052,0,0,0
1772194804.300335,1450,318.930643,0.219952,0,0,0
1772194804.400273,1441,306.482994,0.212688,0,0,0
1772194804.500360,1427,323.165591,0.226465,0,0,0
1772194804.600624,1434,320.573184,0.223552,0,0,0
1772194804.700556,1473,309.186554,0.209903,0,0,0
1772194804.800365,1510,333.462438,0.220836,0,0,0
1772194804.900491,1454,306.751202,0.210971,0,0,0
1772194805.000599,1497,323.062349,0.215807,0,0,0
1772194805.100693,1573,356.685846,0.226755,0,0,0
1772194805.200585,1554,353.820272,0.227684,0,0,0
1772194805.300938,1514,351.783414,0.232354,0,0,0
1772194805.400315,1593,356.157297,0.223576,0,0,0
1772194805.500728,1529,357.590084,0.233872,0,0,0
1772194805.600637,1537,371.410247,0.241646,0,0,0
1772194805.700238,1519,350.615932,0.230820,0,0,0
1772194805.800297,1520,370.630098,0.243836,0,0,0
1772194805.900552,1622,379.013388,0.233670,0,0,0
1772194806.000914,1671,405.257952,0.242524,0,0,0
1772194806.100651,1674,405.432139,0.242194,0,0,0
1772194806.200981,1658,411.036609,0.247911,0,0,0
1772194806.300967,1663,418.340103,0.251557,0,0,0
1772194806.400484,1636,380.198422,0.232395,0,0,0
1772194806.500467,1654,408.013302,0.246683,0,0,0
1772194806.600924,1665,391.773229,0.235299,0,0,0
1772194806.701053,1622,394.237019,0.243056,0,0,0
1772194806.800539,1596,365.481684,0.228999,0,0,0
1772194806.900491,1638,385.199809,0.235165,0,0,0
1772194807.000367,1647,392.969941,0.238597,0,0,0
1772194807.100260,1662,386.745302,0.232699,0,0,0
1772194807.200258,1673,396.159613,0.236796,0,0,0
1772194807.300606,1643,384.770323,0.234188,0,0,0
1772194807.400657,1680,429.469379,0.255637,0,0,0
1772194807.501124,1641,403.093306,0.245639,0,0,0
1772194807.600339,1732,413.666206,0.238837,0,0,0
1772194807.700675,1685,427.769188,0.253869,0,0,0
1772194807.800235,1689,400.757156,0.237275,0,0,0
1772194807.900429,1659,409.809020,0.247022,0,0,0
1772194808.000650,1623,388.789003,0.239550,0,0,0
1772194808.100645,1586,382.615153,0.241245,0,0,0
1772194808.200574,1661,415.974402,0.250436,0,0,0
1772194808.300728,1633,382.110784,0.233993,0,0,0
1772194808.400568,1625,393.497751,0.242152,0,0,0
1772194808.500312,1643,399.183435,0.242960,0,0,0
1772194808.600444,1673,400.537894,0.239413,0,0,0
1772194808.700227,1652,408.565228,0.247316,0,0,0
1772194808.800597,1695,416.969599,0.246000,0,0,0
1772194808.900645,1680,400.882163,0.238620,0,0,0
1772194809.000475,1618,387.854207,0.239712,0,0,0
1772194809.100712,1673,407.619445,0.243646,0,0,0
1772194809.200566,1576,388.574255,0.246557,0,0,0
1772194809.300532,1564,376.419544,0.240677,0,0,0
1772194809.400592,1578,367.484537,0.232880,0,0,0
1772194809.500528,1548,381.184387,0.246243,0,0,0
1772194809.600514,1552,352.125233,0.226885,0,0,0
1772194809.701065,1524,351.736801,0.230798,0,0,0
1772194809.800452,1509,357.435030,0.236869,0,0,0
1772194809.900411,1575,370.429101,0.235193,0,0,0
1772194810.000987,1537,363.104917,0.236243,0,0,0
1772194810.100502,1586,374.124795,0.235892,0,0,0
1772194810.200642,1568,371.230013,0.236754,0,0,0
1772194810.300272,1551,359.802313,0.231981,0,0,0
1772194810.400504,1500,344.750487,0.229834,0,0,0
1772194810.502005,1502,353.421444,0.235301,0,0,0
1772194810.600651,1496,342.067974,0.228655,0,0,0
1772194810.700553,1490,329.505383,0.221145,0,0,0
1772194810.800611,1479,321.040084,0.217066,0,0,0
1772194810.900460,1497,342.251909,0.228625,0,0,0
1772194811.001038,1484,330.887583,0.222970,0,0,0
1772194811.100658,1522,341.233873,0.224201,0,0,0
1772194811.200422,1530,345.775324,0.225997,0,0,0
1772194811.300484,1521,341.357284,0.224430,0,0,0
1772194811.401284,1487,349.994588,0.235370,0,0,0
1772194811.501122,1461,338.083324,0.231405,0,0,0
1772194811.600286,1498,340.185798,0.227093,0,0,0
1772194811.700578,1463,328.631553,0.224629,0,0,0
1772194811.801908,1441,313.530319,0.217578,0,0,0
1772194811.900522,1462,329.821010,0.225596,0,0,0
1772194812.000696,1452,320.853577,0.220974,0,0,0
1772194812.100216,1425,315.550746,0.221439,0,0,0
1772194812.200461,1423,314.366493,0.220918,0,0,0
1772194812.300328,1406,310.377317,0.220752,0,0,0
1772194812.400512,1413,333.578570,0.236078,0,0,0
1772194812.500694,1405,337.504425,0.240217,0,0,0
1772194812.600629,1407,330.171620,0.234664,0,0,0
1772194812.700395,1416,338.698161,0.239194,0,0,0
1772194812.800585,1419,330.680893,0.233038,0,0,0
1772194812.900377,1391,333.974334,0.240097,0,0,0
1772194813.000417,1379,324.717710,0.235473,0,0,0
1772194813.100380,1337,320.688802,0.239857,0,0,0
1772194813.200407,1340,322.636625,0.240774,0,0,0
1772194813.300606,1359,336.472680,0.247588,0,0,0
1772194813.400569,1362,333.237338,0.244668,0,0,0
1772194813.500535,1360,329.611363,0.242361,0,0,0
1772194813.600474,1384,323.822091,0.233975,0,0,0
1772194813.700617,1389,346.129259,0.249193,0,0,0
1772194813.800548,1383,335.803014,0.242808,0,0,0
1772194813.900894,1380,342.784352,0.248394,0,0,0
1772194814.000504,1363,339.681892,0.249216,0,0,0
1772194814.100558,1356,339.521993,0.250385,0,0,0
1772194814.200607,1313,332.736731,0.253417,0,0,0
1772194814.300184,1346,329.898181,0.245095,0,0,0
1772194814.400973,1313,328.794511,0.250415,0,0,0
1772194814.500579,1316,330.200972,0.250913,0,0,0
1772194814.600476,1279,322.407461,0.252078,0,0,0
1772194814.700189,1287,318.669850,0.247607,0,0,0
1772194814.800510,1278,317.524042,0.248454,0,0,0
1772194814.900554,1290,320.017040,0.248075,0,0,0
1772194815.000949,1294,318.717155,0.246304,0,0,0
1772194815.100451,1345,334.413058,0.248634,0,0,0
1772194815.200592,1307,337.357547,0.258116,0,0,0
1772194815.300880,1310,323.774118,0.247156,0,0,0
1772194815.400587,1285,320.707711,0.249578,0,0,0
1772194815.500461,1240,310.846969,0.250683,0,0,0
1772194815.600471,1238,319.069075,0.257729,0,0,0
1772194815.700468,1240,314.158853,0.253354,0,0,0
1772194815.800366,1209,310.678197,0.256971,0,0,0
1772194815.900443,1231,298.395959,0.242401,0,0,0
1772194816.000979,1234,306.721835,0.248559,0,0,0
1772194816.100495,1244,312.628560,0.251309,0,0,0
1772194816.200537,1246,321.649537,0.258146,0,0,0
1772194816.300426,1290,330.964812,0.256562,0,0,0
1772194816.401015,1211,289.233458,0.238839,0,0,0
1772194816.500618,1283,310.178145,0.241760,0,0,0
1772194816.600419,1246,309.823643,0.248655,0,0,0
1772194816.700912,1213,294.027837,0.242397,0,0,0
1772194816.800658,1239,300.940400,0.242890,0,0,0
1772194816.900573,1212,292.915244,0.241679,0,0,0
1772194817.000872,1174,288.843316,0.246033,0,0,0
1772194817.100652,1188,290.798247,0.244780,0,0,0
1772194817.200438,1163,290.983509,0.250201,0,0,0
1772194817.300630,1189,297.398706,0.250125,0,0,0
1772194817.400462,1152,274.152687,0.237980,0,0,0
1772194817.500478,1207,309.265363,0.256226,0,0,0
1772194817.600597,1174,282.272932,0.240437,0,0,0
1772194817.700844,1176,294.063161,0.250054,0,0,0
1772194817.800236,1194,294.950605,0.247027,0,0,0
1772194817.900495,1202,301.067761,0.250472,0,0,0
1772194818.000235,1148,279.413693,0.243392,0,0,0
1772194818.101027,1169,287.367234,0.245823,0,0,0
1772194818.200657,1149,284.738036,0.247814,0,0,0
1772194818.300485,1141,278.457147,0.244047,0,0,0
1772194818.400427,1152,298.652663,0.259247,0,0,0
1772194818.500371,1139,285.859292,0.250974,0,0,0
1772194818.600663,1178,301.625860,0.256049,0,0,0
1772194818.700861,1147,283.044223,0.246769,0,0,0
1772194818.800238,1138,280.361107,0.246363,0,0,0
1772194818.900515,1135,265.282598,0.233729,0,0,0
1772194819.000647,1176,299.524505,0.254698,0,0,0
1772194819.100619,1149,273.221876,0.237791,0,0,0
1772194819.200805,1171,290.352084,0.247952,0,0,0
1772194819.300913,1135,265.334783,0.233775,0,0,0
1772194819.400626,1137,283.363653,0.249220,0,0,0
1772194819.500578,1104,266.318696,0.241231,0,0,0
1772194819.600913,1092,266.688293,0.244220,0,0,0
1772194819.700237,1062,251.137203,0.236476,0,0,0
1772194819.800451,1056,260.062848,0.246272,0,0,0
1772194819.900939,1034,250.307235,0.242077,0,0,0
1772194820.000477,1066,247.344140,0.232030,0,0,0
1772194820.100219,1078,255.734129,0.237230,0,0,0
1772194820.200125,1104,270.813797,0.245302,0,0,0
1772194820.300794,1062,262.277264,0.246965,0,0,0
1772194820.400365,1044,236.646724,0.226673,0,0,0
1772194820.500513,1024,245.065427,0.239322,0,0,0
1772194820.600441,1020,238.988587,0.234303,0,0,0
1772194820.700419,993,241.779131,0.243484,0,0,0
1772194820.800499,997,234.627200,0.235333,0,0,0
1772194820.900952,975,230.112256,0.236013,0,0,0
1772194821.000232,992,247.310214,0.249305,0,0,0
1772194821.100440,1000,249.092903,0.249093,0,0,0
1772194821.200416,990,236.669402,0.239060,0,0,0
1772194821.300146,966,231.806686,0.239966,0,0,0
1772194821.400497,957,232.612617,0.243064,0,0,0
1772194821.500469,957,215.825855,0.225523,0,0,0
1772194821.600538,953,226.598951,0.237774,0,0,0
1772194821.700444,933,214.503233,0.229907,0,0,0
1772194821.800491,925,205.938271,0.222636,0,0,0
1772194821.900358,924,213.177443,0.230712,0,0,0
1772194822.000468,883,191.908418,0.217337,0,0,0
1772194822.100537,907,207.726935,0.229026,0,0,0
1772194822.200616,861,188.741642,0.219212,0,0,0
1772194822.300497,884,206.842712,0.233985,0,0,0
1772194822.401082,853,195.895169,0.229654,0,0,0
1772194822.500472,831,184.387537,0.221886,0,0,0
1772194822.600714,828,188.729893,0.227935,0,0,0
1772194822.701889,806,188.437146,0.233793,0,0,0
1772194822.800410,821,191.897149,0.233736,0,0,0
1772194822.900252,823,184.481418,0.224157,0,0,0
1772194823.000781,847,203.453319,0.240205,0,0,0
1772194823.100215,817,192.601053,0.235742,0,0,0
1772194823.200473,821,199.310844,0.242766,0,0,0
1772194823.300238,805,188.851872,0.234599,0,0,0
1772194823.400408,789,189.128530,0.239707,0,0,0
1772194823.500873,768,182.451692,0.237567,0,0,0
1772194823.600534,779,181.500610,0.232992,0,0,0
1772194823.700492,752,171.638342,0.228242,0,0,0
1772194823.800079,750,168.500638,0.224668,0,0,0
1772194823.900478,753,159.682959,0.212062,0,0,0
1772194824.000511,737,169.842108,0.230451,0,0,0
1772194824.100789,730,157.355848,0.215556,0,0,0
1772194824.200382,726,152.843862,0.210529,0,0,0
1772194824.300368,717,146.839317,0.204797,0,0,0
1772194824.400515,689,138.580414,0.201133,0,0,0
1772194824.500503,691,137.758193,0.199361,0,0,0
1772194824.600523,699,146.813856,0.210034,0,0,0
1772194824.700438,701,150.364084,0.214499,0,0,0
1772194824.800420,704,154.548459,0.219529,0,0,0
1772194824.900432,725,164.753789,0.227247,0,0,0
1772194825.000811,702,154.911654,0.220672,0,0,0
1772194825.100163,750,168.191428,0.224255,0,0,0
1772194825.200424,739,166.896413,0.225841,0,0,0
1772194825.300364,754,172.534098,0.228825,0,0,0
1772194825.400581,776,173.919434,0.224123,0,0,0
1772194825.500361,770,180.523172,0.234446,0,0,0
1772194825.600461,795,188.465105,0.237063,0,0,0
1772194825.700444,778,185.401674,0.238305,0,0,0
1772194825.800279,798,184.370596,0.231041,0,0,0
1772194825.900562,794,185.600547,0.233754,0,0,0
1772194826.000423,800,183.451531,0.229314,0,0,0
1772194826.100473,837,197.319222,0.235746,0,0,0
1772194826.200747,833,204.326612,0.245290,0,0,0
1772194826.300439,815,200.297766,0.245764,0,0,0
1772194826.400432,853,200.930340,0.235557,0,0,0
1772194826.500357,821,197.656511,0.240751,0,0,0
1772194826.600420,825,185.615696,0.224989,0,0,0
1772194826.701078,860,199.721233,0.232234,0,0,0
1772194826.800664,852,201.004555,0.235921,0,0,0
1772194826.900374,916,207.026490,0.226011,0,0,0
1772194827.000392,877,200.986392,0.229175,0,0,0
1772194827.100764,911,221.154030,0.242760,0,0,0
1772194827.200572,903,208.613157,0.231022,0,0,0
1772194827.300448,938,221.470492,0.236109,0,0,0
1772194827.400566,889,211.465479,0.237869,0,0,0
1772194827.500436,924,217.542468,0.235436,0,0,0
1772194827.600391,928,213.537337,0.230105,0,0,0
1772194827.700734,972,247.012209,0.254128,0,0,0
1772194827.800415,982,228.176454,0.232359,0,0,0
1772194827.900451,998,230.841651,0.231304,0,0,0
1772194828.000489,1010,222.757001,0.220551,0,0,0
1772194828.100791,984,233.242322,0.237035,0,0,0
1772194828.200373,1018,228.369863,0.224332,0,0,0
1772194828.300397,1034,241.985787,0.234029,0,0,0
1772194828.400515,1019,243.729793,0.239185,0,0,0
1772194828.500729,1047,252.816602,0.241468,0,0,0
1772194828.600508,1033,257.607327,0.249378,0,0,0
1772194828.700840,1039,251.450571,0.242012,0,0,0
1772194828.800718,1064,267.314354,0.251235,0,0,0
1772194828.900376,1084,256.183072,0.236331,0,0,0
1772194829.000795,1096,275.218595,0.251112,0,0,0
1772194829.100535,1123,259.708397,0.231263,0,0,0
1772194829.200764,1118,271.873901,0.243179,0,0,0
1772194829.300825,1143,279.690466,0.244699,0,0,0
1772194829.400642,1124,278.129134,0.247446,0,0,0
1772194829.500414,1111,268.091227,0.241306,0,0,0
1772194829.600737,1138,264.850131,0.232733,0,0,0
1772194829.700762,1104,260.483544,0.235945,0,0,0
1772194829.800650,1108,253.881487,0.229135,0,0,0
1772194829.900370,1123,275.049182,0.244924,0,0,0
1772194830.000976,1136,274.223921,0.241394,0,0,0
1772194830.100402,1133,268.464474,0.236950,0,0,0
1772194830.200362,1170,289.017507,0.247024,0,0,0
1772194830.300418,1157,262.007154,0.226454,0,0,0
1772194830.400699,1158,257.840308,0.222660,0,0,0
1772194830.500338,1175,272.815015,0.232183,0,0,0
1772194830.600537,1154,275.135658,0.238419,0,0,0
1772194830.701023,1154,282.258151,0.244591,0,0,0
1772194830.800376,1135,276.299602,0.243436,0,0,0
1772194830.900387,1143,281.661413,0.246423,0,0,0
1772194831.000714,1189,298.205415,0.250804,0,0,0
1772194831.100412,1201,291.578424,0.242780,0,0,0
1772194831.201026,1222,290.149873,0.237439,0,0,0
1772194831.300756,1223,292.684618,0.239317,0,0,0
1772194831.400561,1217,286.285052,0.235238,0,0,0
1772194831.500398,1239,295.414352,0.238430,0,0,0
1772194831.600693,1231,288.289805,0.234192,0,0,0
1772194831.701010,1236,291.950177,0.236206,0,0,0
1772194831.800483,1246,286.603809,0.230019,0,0,0
1772194831.900314,1252,295.572631,0.236080,0,0,0
1772194832.000336,1248,291.764028,0.233785,0,0,0
1772194832.100822,1228,287.054963,0.233758,0,0,0
1772194832.200450,1212,287.380473,0.237113,0,0,0
1772194832.300480,1221,295.647516,0.242136,0,0,0
1772194832.400358,1235,310.506537,0.251422,0,0,0
1772194832.500421,1252,305.409174,0.243937,0,0,0
1772194832.600468,1275,303.706947,0.238202,0,0,0
1772194832.700565,1245,316.790940,0.254451,0,0,0
1772194832.800376,1265,294.016936,0.232424,0,0,0
1772194832.900462,1284,298.198125,0.232242,0,0,0
1772194833.000452,1268,301.409894,0.237705,0,0,0
1772194833.100402,1234,305.686440,0.247720,0,0,0
1772194833.200675,1261,291.939236,0.231514,0,0,0
1772194833.300756,1233,292.037855,0.236851,0,0,0
1772194833.400925,1232,290.405774,0.235719,0,0,0
1772194833.500697,1230,290.050845,0.235814,0,0,0
1772194833.600539,1257,293.423410,0.233432,0,0,0
1772194833.700445,1260,289.065937,0.229417,0,0,0
1772194833.800336,1335,315.878271,0.236613,0,0,0
1772194833.900798,1302,296.010225,0.227350,0,0,0
1772194834.000391,1350,325.069809,0.240792,0,0,0
1772194834.100660,1332,319.598693,0.239939,0,0,0
1772194834.200795,1268,302.802186,0.238803,0,0,0
1772194834.300707,1312,307.394311,0.234294,0,0,0
1772194834.400791,1313,308.085793,0.234643,0,0,0
1772194834.500733,1289,304.340540,0.236106,0,0,0
1772194834.600282,1291,305.798585,0.236870,0,0,0
1772194834.700808,1304,308.337074,0.236455,0,0,0
1772194834.800535,1301,296.372165,0.227803,0,0,0
1772194834.900352,1320,298.012704,0.225767,0,0,0
1772194835.000778,1307,297.917401,0.227940,0,0,0
1772194835.100458,1333,318.128883,0.238656,0,0,0
1772194835.200574,1312,311.689568,0.237568,0,0,0
1772194835.300816,1289,306.771482,0.237992,0,0,0
1772194835.400821,1290,282.035641,0.218632,0,0,0
1772194835.500435,1266,286.163868,0.226038,0,0,0
1772194835.600736,1287,296.837734,0.230643,0,0,0
1772194835.700673,1259,295.690307,0.234861,0,0,0
1772194835.800906,1223,268.299678,0.219378,0,0,0
1772194835.900333,1261,285.814674,0.226657,0,0,0
1772194836.000197,1233,284.009405,0.230340,0,0,0
1772194836.100623,1301,286.006834,0.219836,0,0,0
1772194836.200514,1295,300.078764,0.231721,0,0,0
1772194836.300679,1337,304.825359,0.227992,0,0,0
1772194836.400693,1337,307.941880,0.230323,0,0,0
1772194836.500721,1380,302.354757,0.219098,0,0,0
1772194836.600900,1340,309.905548,0.231273,0,0,0
1772194836.700885,1405,315.076512,0.224254,0,0,0
1772194836.800791,1326,304.152699,0.229376,0,0,0
1772194836.900760,1376,298.428703,0.216881,0,0,0
1772194837.000708,1307,294.453755,0.225290,0,0,0
1772194837.100557,1300,281.909682,0.216854,0,0,0
1772194837.200677,1275,263.968028,0.207034,0,0,0
1772194837.300991,1305,281.162050,0.215450,0,0,0
1772194837.400733,1287,277.499569,0.215617,0,0,0
1772194837.500688,1325,302.060317,0.227970,0,0,0
1772194837.600704,1313,292.369817,0.222673,0,0,0
1772194837.700641,1320,288.718675,0.218726,0,0,0
1772194837.800750,1313,285.369009,0.217341,0,0,0
1772194837.900264,1321,275.144812,0.208285,0,0,0
1772194838.000488,1332,287.392416,0.215760,0,0,0
1772194838.100193,1294,272.922771,0.210914,0,0,0
1772194838.200478,1288,283.402011,0.220033,0,0,0
1772194838.300297,1287,269.489460,0.209394,0,0,0
1772194838.400874,1298,283.502742,0.218415,0,0,0
1772194838.500266,1304,265.321100,0.203467,0,0,0
1772194838.600623,1301,290.583824,0.223354,0,0,0
1772194838.700768,1341,286.504988,0.213650,0,0,0
1772194838.800386,1342,282.696593,0.210653,0,0,0
1772194838.900525,1355,290.847805,0.214648,0,0,0
1772194839.000265,1367,302.921226,0.221596,0,0,0
1772194839.100887,1356,289.126221,0.213220,0,0,0
1772194839.200768,1347,298.980880,0.221961,0,0,0
1772194839.300738,1331,287.262190,0.215824,0,0,0
1772194839.400639,1354,285.262118,0.210681,0,0,0
1772194839.500520,1324,298.920262,0.225771,0,0,0
1772194839.600667,1291,260.801667,0.202015,0,0,0
1772194839.700441,1289,275.559521,0.213778,0,0,0
1772194839.800629,1286,274.407452,0.213381,0,0,0
1772194839.900501,1249,248.869312,0.199255,0,0,0
1772194840.001095,1310,269.709433,0.205885,0,0,0
1772194840.100229,1311,271.259880,0.206911,0,0,0
1772194840.200477,1320,278.337480,0.210862,0,0,0
1772194840.300494,1354,294.998776,0.217872,0,0,0
1772194840.400710,1328,277.560675,0.209007,0,0,0
1772194840.500747,1341,290.427448,0.216575,0,0,0
1772194840.600728,1308,263.826340,0.201702,0,0,0
1772194840.700592,1294,287.428469,0.222124,0,0,0
1772194840.800722,1272,272.139096,0.213946,0,0,0
1772194840.900616,1294,277.860358,0.214730,0,0,0
1772194841.000196,1302,271.881923,0.208819,0,0,0
1772194841.100245,1314,283.877579,0.216041,0,0,0
1772194841.200415,1308,288.958395,0.220916,0,0,0
1772194841.300224,1353,302.293005,0.223424,0,0,0
1772194841.400557,1316,288.013667,0.218855,0,0,0
1772194841.500208,1341,289.345776,0.215769,0,0,0
1772194841.600248,1344,287.957519,0.214254,0,0,0
1772194841.700637,1366,299.286067,0.219097,0,0,0
1772194841.800388,1349,295.118313,0.218768,0,0,0
1772194841.900280,1302,289.442882,0.222306,0,0,0
1772194842.000726,1311,280.713521,0.214122,0,0,0
1772194842.100623,1294,263.813708,0.203875,0,0,0
1772194842.200384,1278,271.618064,0.212534,0,0,0
1772194842.300403,1305,272.869290,0.209095,0,0,0
1772194842.400593,1299,284.827359,0.219267,0,0,0
1772194842.500404,1301,300.734474,0.231156,0,0,0
1772194842.600643,1284,295.900695,0.230452,0,0,0
1772194842.700595,1320,310.836835,0.235482,0,0,0
1772194842.800448,1322,299.280112,0.226384,0,0,0
1772194842.900700,1328,290.126502,0.218469,0,0,0
1772194843.000502,1311,291.980370,0.222716,0,0,0
1772194843.100672,1308,293.880464,0.224679,0,0,0
1772194843.200622,1286,286.250194,0.222590,0,0,0
1772194843.300610,1296,275.781119,0.212794,0,0,0
1772194843.400734,1282,292.350031,0.228042,0,0,0
1772194843.500369,1266,270.968978,0.214036,0,0,0
1772194843.600654,1298,299.555721,0.230783,0,0,0
1772194843.700735,1279,286.114190,0.223701,0,0,0
1772194843.800434,1311,304.851271,0.232533,0,0,0
1772194843.900271,1374,304.031779,0.221275,0,0,0
1772194844.000692,1350,294.088701,0.217843,0,0,0
1772194844.100302,1437,320.229493,0.222846,0,0,0
1772194844.200572,1378,306.651410,0.222534,0,0,0
1772194844.300711,1415,314.661437,0.222376,0,0,0
1772194844.400674,1396,297.335146,0.212991,0,0,0
1772194844.500520,1408,301.161018,0.213893,0,0,0
1772194844.600259,1365,307.487787,0.225266,0,0,0
1772194844.700901,1395,291.730348,0.209126,0,0,0
1772194844.800810,1399,296.153673,0.211690,0,0,0
1772194844.900572,1423,311.272764,0.218744,0,0,0
1772194845.000194,1450,308.324986,0.212638,0,0,0
1772194845.100724,1463,326.509987,0.223178,0,0,0
1772194845.200358,1463,326.449407,0.223137,0,0,0
1772194845.300599,1458,324.155952,0.222329,0,0,0
1772194845.400610,1449,331.268187,0.228618,0,0,0
1772194845.500376,1426,324.138484,0.227306,0,0,0
1772194845.600691,1445,332.969308,0.230429,0,0,0
1772194845.700207,1414,324.682717,0.229620,0,0,0
1772194845.800658,1410,327.203945,0.232060,0,0,0
1772194845.900563,1436,347.738509,0.242158,0,0,0
1772194846.000807,1378,326.115292,0.236658,0,0,0
1772194846.100714,1392,332.349655,0.238757,0,0,0
1772194846.200759,1378,323.191682,0.234537,0,0,0
1772194846.300216,1419,332.875186,0.234584,0,0,0
1772194846.400361,1405,325.958848,0.231999,0,0,0
1772194846.500256,1434,324.505283,0.226294,0,0,0
1772194846.600492,1432,339.045305,0.236763,0,0,0
1772194846.700670,1447,325.978168,0.225279,0,0,0
1772194846.800272,1429,337.197059,0.235967,0,0,0
1772194846.900547,1409,320.558413,0.227508,0,0,0
1772194847.000242,1424,319.831819,0.224601,0,0,0
1772194847.100186,1405,321.116954,0.228553,0,0,0
1772194847.200577,1409,329.702460,0.233997,0,0,0
1772194847.300153,1419,334.795721,0.235938,0,0,0
1772194847.400591,1364,327.882820,0.240383,0,0,0
1772194847.500437,1365,324.558992,0.237772,0,0,0
1772194847.600703,1350,321.134079,0.237877,0,0,0
1772194847.700633,1347,330.498220,0.245359,0,0,0
1772194847.800563,1437,331.321986,0.230565,0,0,0
1772194847.900306,1404,343.932301,0.244966,0,0,0
1772194848.000600,1416,333.492374,0.235517,0,0,0
1772194848.100476,1371,306.576633,0.223615,0,0,0
1772194848.200636,1358,319.199692,0.235051,0,0,0
1772194848.300608,1317,302.944883,0.230026,0,0,0
1772194848.400539,1319,308.424584,0.233832,0,0,0
1772194848.500670,1301,296.413946,0.227835,0,0,0
1772194848.600576,1312,307.668542,0.234503,0,0,0
1772194848.700533,1324,311.747063,0.235459,0,0,0
1772194848.800673,1335,313.073215,0.234512,0,0,0
1772194848.900597,1360,314.968256,0.231594,0,0,0
1772194849.000394,1387,320.633395,0.231170,0,0,0
1772194849.100659,1389,317.970202,0.228920,0,0,0
1772194849.200562,1354,318.517183,0.235242,0,0,0
1772194849.300530,1406,317.474165,0.225800,0,0,0
1772194849.400746,1368,315.758366,0.230818,0,0,0
1772194849.500545,1373,313.920396,0.228638,0,0,0
1772194849.600516,1326,314.229053,0.236975,0,0,0
1772194849.700712,1325,311.606505,0.235175,0,0,0
1772194849.800663,1304,307.745484,0.236001,0,0,0
1772194849.900447,1328,303.617771,0.228628,0,0,0
1772194850.000549,1351,329.834335,0.244141,0,0,0
1772194850.100693,1342,312.455618,0.232828,0,0,0
1772194850.200326,1362,316.416612,0.232318,0,0,0
1772194850.300274,1380,330.868603,0.239760,0,0,0
1772194850.400762,1341,311.586609,0.232354,0,0,0
1772194850.501826,1343,317.761480,0.236606,0,0,0
1772194850.600622,1347,325.690363,0.241789,0,0,0
1772194850.700296,1328,310.618143,0.233899,0,0,0
1772194850.800766,1325,322.593293,0.243467,0,0,0
1772194850.900739,1301,306.508997,0.235595,0,0,0
1772194851.000702,1284,316.141955,0.246216,0,0,0
1772194851.100456,1350,327.408298,0.242525,0,0,0
1772194851.202830,1324,332.802843,0.251362,0,0,0
1772194851.300388,1332,318.317764,0.238977,0,0,0
1772194851.400400,1306,326.799072,0.250229,0,0,0
1772194851.500649,1336,320.065286,0.239570,0,0,0
1772194851.600531,1321,329.705308,0.249588,0,0,0
1772194851.700632,1314,311.693650,0.237210,0,0,0
1772194851.800323,1286,303.696152,0.236156,0,0,0
1772194851.900645,1333,321.557102,0.241228,0,0,0
1772194852.000350,1265,296.737646,0.234575,0,0,0
1772194852.100577,1252,295.784416,0.236250,0,0,0
1772194852.201843,1272,295.353083,0.232196,0,0,0
1772194852.300773,1274,301.004647,0.236267,0,0,0
1772194852.400594,1209,268.548888,0.222125,0,0,0
1772194852.500608,1197,287.324043,0.240037,0,0,0
1772194852.600527,1170,268.051775,0.229104,0,0,0
1772194852.700617,1190,273.301998,0.229666,0,0,0
1772194852.800515,1203,275.447962,0.228968,0,0,0
1772194852.900667,1195,272.436609,0.227980,0,0,0
1772194853.000572,1217,282.887972,0.232447,0,0,0
1772194853.100505,1141,254.750596,0.223270,0,0,0
1772194853.201882,1165,259.227288,0.222513,0,0,0
1772194853.300610,1157,265.755561,0.229694,0,0,0
1772194853.400525,1141,252.029677,0.220885,0,0,0
1772194853.500326,1104,250.248323,0.226674,0,0,0
1772194853.600610,1082,239.586953,0.221430,0,0,0
1772194853.700505,1094,246.327727,0.225162,0,0,0
1772194853.800280,1098,243.644454,0.221898,0,0,0
1772194853.900709,1094,232.951396,0.212935,0,0,0
1772194854.000519,1094,237.166362,0.216788,0,0,0
1772194854.100448,1078,230.425678,0.213753,0,0,0
1772194854.200568,1055,226.823290,0.214998,0,0,0
1772194854.300688,1045,224.283738,0.214626,0,0,0
1772194854.400751,1052,229.793099,0.218435,0,0,0
1772194854.500247,1001,210.550538,0.210340,0,0,0
1772194854.600524,999,212.997114,0.213210,0,0,0
1772194854.700733,994,202.645610,0.203869,0,0,0
1772194854.800657,994,208.855987,0.210117,0,0,0
1772194854.900434,1008,214.698558,0.212995,0,0,0
1772194855.000731,997,200.978784,0.201584,0,0,0
1772194855.100340,983,199.634679,0.203087,0,0,0
1772194855.200701,1006,194.385888,0.193227,0,0,0
1772194855.300157,973,202.999328,0.208632,0,0,0
1772194855.401929,979,187.650407,0.191676,0,0,0
1772194855.500670,948,187.693380,0.197989,0,0,0
1772194855.600657,931,167.454798,0.179866,0,0,0
1772194855.700706,908,173.021814,0.190553,0,0,0
1772194855.800507,853,136.457416,0.159974,0,0,0
1772194855.901758,860,157.377162,0.182997,0,0,0
1772194856.000746,843,156.112039,0.185186,0,0,0
1772194856.101787,815,153.226508,0.188008,0,0,0
1772194856.200533,804,158.647700,0.197323,0,0,0
1772194856.300578,770,153.907878,0.199880,0,0,0
1772194856.400610,743,136.489033,0.183700,0,0,0
1772194856.500364,722,143.318001,0.198501,0,0,0
1772194856.600750,661,124.355362,0.188132,0,0,0
1772194856.700483,669,126.094755,0.188482,0,0,0
1772194856.800384,644,128.263097,0.199166,0,0,0
1772194856.902006,642,134.533039,0.209553,0,0,0
1772194857.001787,586,128.311028,0.218961,0,0,0
1772194857.100540,608,138.225870,0.227345,0,0,0
1772194857.200545,562,128.399207,0.228468,0,0,0
1772194857.300497,582,128.889285,0.221459,0,0,0
1772194857.400632,528,106.620820,0.201933,0,0,0
1772194857.500492,578,122.515893,0.211965,0,0,0
1772194857.600481,559,115.268364,0.206205,0,0,0
1772194857.700370,546,115.771560,0.212036,0,0,0
1772194857.800729,543,102.781246,0.189284,0,0,0
1772194857.900459,518,107.537984,0.207602,0,0,0
1772194858.000366,545,115.293306,0.211547,0,0,0
1772194858.100539,543,106.126799,0.195445,0,0,0
1772194858.200469,539,114.306526,0.212071,0,0,0
1772194858.300125,537,115.864413,0.215762,0,0,0
1772194858.400677,534,112.203182,0.210118,0,0,0
1772194858.500438,530,105.427761,0.198920,0,0,0
1772194858.600330,551,114.381441,0.207589,0,0,0
1772194858.700589,520,100.606557,0.193474,0,0,0
1772194858.800613,537,106.917961,0.199102,0,0,0
1772194858.900363,543,102.228558,0.188266,0,0,0
1772194859.001837,550,109.786365,0.199612,0,0,0
1772194859.101724,527,98.945075,0.187752,0,0,0
1772194859.200289,540,99.842534,0.184894,0,0,0
1772194859.300488,544,96.018848,0.176505,0,0,0
1772194859.400451,500,98.023854,0.196048,0,0,0
1772194859.500691,532,105.998120,0.199245,0,0,0
1772194859.600455,513,105.483992,0.205622,0,0,0
1772194859.700348,526,98.420945,0.187112,0,0,0
1772194859.800678,531,105.405274,0.198503,0,0,0
1772194859.900610,555,109.737609,0.197725,0,0,0
1772194860.000527,559,112.038342,0.200426,0,0,0
1772194860.099883,570,119.598791,0.209822,0,0,0
1772194860.200708,541,109.081899,0.201630,0,0,0
1772194860.300493,558,109.255293,0.195798,0,0,0
1772194860.400542,546,111.586397,0.204371,0,0,0
1772194860.501771,561,120.340022,0.214510,0,0,0
1772194860.601791,540,105.918395,0.196145,0,0,0
1772194860.700304,568,120.876314,0.212810,0,0,0
1772194860.800453,565,110.715820,0.195957,0,0,0
1772194860.900421,582,127.208805,0.218572,0,0,0
1772194861.000721,593,117.415175,0.198002,0,0,0
1772194861.100550,616,133.694610,0.217037,0,0,0
1772194861.200422,619,126.417840,0.204229,0,0,0
1772194861.300229,667,148.711727,0.222956,0,0,0
1772194861.400465,641,130.380457,0.203402,0,0,0
1772194861.500426,647,129.211248,0.199708,0,0,0
1772194861.600291,675,140.686319,0.208424,0,0,0
1772194861.700513,694,143.799796,0.207204,0,0,0
1772194861.800461,702,136.884587,0.194992,0,0,0
1772194861.900279,734,139.770733,0.190423,0,0,0
1772194862.001742,747,150.595799,0.201601,0,0,0
1772194862.101768,777,147.179994,0.189421,0,0,0
1772194862.200276,820,158.562160,0.193368,0,0,0
1772194862.300507,837,151.427183,0.180917,0,0,0
1772194862.400666,851,161.529575,0.189811,0,0,0
1772194862.500655,881,163.789408,0.185913,0,0,0
1772194862.601981,906,180.435480,0.199156,0,0,0
1772194862.701901,948,182.402177,0.192407,0,0,0
1772194862.801884,955,182.743175,0.191354,0,0,0
1772194862.900504,990,198.859515,0.200868,0,0,0
1772194863.000541,1016,203.244986,0.200044,0,0,0
1772194863.100656,1030,208.708426,0.202630,0,0,0
1772194863.201847,1046,210.016226,0.200780,0,0,0
1772194863.301696,1056,213.035256,0.201738,0,0,0
1772194863.401890,1028,206.314198,0.200695,0,0,0
1772194863.501770,1036,198.155961,0.191270,0,0,0
1772194863.601799,1048,207.704495,0.198191,0,0,0
1772194863.700491,1073,228.746889,0.213184,0,0,0
1772194863.801752,1051,217.463146,0.206911,0,0,0
1772194863.900336,1055,213.800469,0.202654,0,0,0
1772194864.000202,1064,224.528124,0.211023,0,0,0
1772194864.101743,1046,212.748504,0.203392,0,0,0
1772194864.201732,1065,225.234087,0.211487,0,0,0
1772194864.301862,1060,219.646702,0.207214,0,0,0
1772194864.401737,1061,225.796155,0.212814,0,0,0
1772194864.500645,1066,224.910732,0.210986,0,0,0
1772194864.601942,1059,229.315711,0.216540,0,0,0
1772194864.700475,1060,226.799219,0.213962,0,0,0
1772194864.800743,1060,223.041929,0.210417,0,0,0
1772194864.900464,1077,231.018878,0.214502,0,0,0
1772194865.001798,1058,221.300461,0.209169,0,0,0
1772194865.100717,1088,231.904272,0.213147,0,0,0
1772194865.200632,1110,229.218273,0.206503,0,0,0
1772194865.300470,1114,229.670099,0.206167,0,0,0
1772194865.401751,1112,235.739049,0.211996,0,0,0
1772194865.501977,1161,256.232655,0.220700,0,0,0
1772194865.600497,1133,256.260024,0.226178,0,0,0
1772194865.701929,1141,256.830868,0.225093,0,0,0
1772194865.801705,1131,261.047523,0.230811,0,0,0
1772194865.901724,1144,253.722705,0.221786,0,0,0
1772194866.001727,1138,254.339158,0.223497,0,0,0
1772194866.101760,1150,263.350464,0.229000,0,0,0
1772194866.201806,1150,260.688925,0.226686,0,0,0
1772194866.300698,1149,253.910509,0.220984,0,0,0
1772194866.400633,1178,268.694109,0.228093,0,0,0
1772194866.500642,1165,259.135996,0.222434,0,0,0
1772194866.600441,1159,262.760300,0.226713,0,0,0
1772194866.700642,1178,268.386545,0.227832,0,0,0
1772194866.801684,1206,269.327603,0.223323,0,0,0
1772194866.900729,1216,272.774939,0.224321,0,0,0
1772194867.000063,1211,268.215677,0.221483,0,0,0
1772194867.100342,1217,273.485254,0.224721,0,0,0
1772194867.201713,1209,264.087499,0.218435,0,0,0
1772194867.300493,1233,275.625638,0.223541,0,0,0
1772194867.400576,1200,269.135155,0.224279,0,0,0
1772194867.501696,1203,270.837355,0.225135,0,0,0
1772194867.600760,1204,277.710416,0.230656,0,0,0
1772194867.701764,1201,281.315259,0.234234,0,0,0
1772194867.800576,1219,277.833765,0.227919,0,0,0
1772194867.901798,1240,278.068839,0.224249,0,0,0
1772194868.001729,1257,287.774101,0.228937,0,0,0
1772194868.101702,1256,286.071751,0.227764,0,0,0
1772194868.200126,1264,294.257333,0.232799,0,0,0
1772194868.300448,1281,286.276798,0.223479,0,0,0
1772194868.401702,1221,279.609027,0.229000,0,0,0
1772194868.500133,1261,294.675203,0.233684,0,0,0
1772194868.601845,1239,288.504738,0.232853,0,0,0
1772194868.701903,1259,289.724179,0.230122,0,0,0
1772194868.800137,1263,297.846497,0.235825,0,0,0
1772194868.900484,1304,298.191287,0.228674,0,0,0
1772194869.000412,1295,302.759626,0.233791,0,0,0
1772194869.101640,1326,278.723815,0.210199,0,0,0
1772194869.200431,1334,308.988646,0.231626,0,0,0
1772194869.300401,1334,298.195995,0.223535,0,0,0
1772194869.400587,1349,300.225548,0.222554,0,0,0
1772194869.501729,1303,287.483507,0.220632,0,0,0
1772194869.601722,1278,282.477181,0.221031,0,0,0
1772194869.701883,1287,274.705528,0.213446,0,0,0
1772194869.800507,1303,278.841631,0.214000,0,0,0
1772194869.900654,1332,272.734222,0.204755,0,0,0
1772194870.000472,1288,259.364232,0.201370,0,0,0
1772194870.101824,1342,276.266952,0.205862,0,0,0
1772194870.200281,1329,275.358701,0.207192,0,0,0
1772194870.301662,1331,283.758015,0.213192,0,0,0
1772194870.401692,1344,275.561800,0.205031,0,0,0
1772194870.500501,1302,255.686705,0.196380,0,0,0
1772194870.600587,1327,270.139178,0.203571,0,0,0
1772194870.701689,1339,264.864052,0.197807,0,0,0
1772194870.801955,1313,250.233336,0.190581,0,0,0
1772194870.900121,1331,270.708990,0.203388,0,0,0
1772194871.001813,1315,255.524644,0.194315,0,0,0
1772194871.101756,1350,275.972026,0.204424,0,0,0
1772194871.200648,1325,255.109251,0.192535,0,0,0
1772194871.300582,1387,276.242099,0.199165,0,0,0
1772194871.400588,1357,284.047249,0.209320,0,0,0
1772194871.501654,1461,307.780929,0.210665,0,0,0
1772194871.600642,1419,297.804155,0.209869,0,0,0
1772194871.700606,1444,302.938849,0.209791,0,0,0
1772194871.801692,1424,295.998111,0.207864,0,0,0
1772194871.901661,1390,302.977495,0.217969,0,0,0
1772194871.999686,1425,294.622958,0.206753,0,0,0
1772194872.101607,1409,293.916564,0.208599,0,0,0
1772194872.201834,1397,273.727410,0.195939,0,0,0
1772194872.300594,1406,295.844516,0.210416,0,0,0
1772194872.400594,1426,278.664825,0.195417,0,0,0
1772194872.500431,1401,299.182691,0.213549,0,0,0
1772194872.600671,1435,297.250475,0.207143,0,0,0
1772194872.700484,1435,317.359064,0.221156,0,0,0
1772194872.801706,1491,323.236719,0.216792,0,0,0
1772194872.901703,1446,307.084007,0.212368,0,0,0
1772194873.001882,1495,327.550329,0.219097,0,0,0
1772194873.101695,1480,313.267959,0.211668,0,0,0
1772194873.200396,1473,302.437277,0.205321,0,0,0
1772194873.300524,1469,290.938897,0.198052,0,0,0
1772194873.400560,1471,292.172119,0.198621,0,0,0
1772194873.500249,1410,267.043344,0.189392,0,0,0
1772194873.601715,1458,280.242281,0.192210,0,0,0
1772194873.700433,1480,292.719421,0.197783,0,0,0
1772194873.800467,1483,313.889092,0.211658,0,0,0
1772194873.900685,1508,311.029731,0.206253,0,0,0
1772194874.001749,1480,318.825429,0.215423,0,0,0
1772194874.101658,1539,339.627793,0.220681,0,0,0
1772194874.201638,1499,320.507045,0.213814,0,0,0
1772194874.301690,1522,339.825940,0.223276,0,0,0
1772194874.401837,1463,313.807480,0.214496,0,0,0
1772194874.501885,1529,321.256970,0.210109,0,0,0
1772194874.600386,1517,329.904385,0.217472,0,0,0
1772194874.701848,1475,303.510055,0.205770,0,0,0
1772194874.801742,1505,303.996015,0.201991,0,0,0
1772194874.901592,1510,307.809456,0.203847,0,0,0
1772194875.001809,1519,318.752374,0.209844,0,0,0
1772194875.100614,1523,319.608488,0.209855,0,0,0
1772194875.201765,1525,330.896758,0.216981,0,0,0
1772194875.300662,1547,333.089892,0.215313,0,0,0
1772194875.401082,1515,338.118158,0.223180,0,0,0
1772194875.501621,1532,316.493927,0.206589,0,0,0
1772194875.600688,1567,331.153383,0.211330,0,0,0
1772194875.701678,1527,321.017791,0.210228,0,0,0
1772194875.800394,1531,327.705720,0.214047,0,0,0
1772194875.900578,1551,327.971048,0.211458,0,0,0
1772194876.000324,1558,336.874020,0.216222,0,0,0
1772194876.100134,1559,333.086204,0.213654,0,0,0
1772194876.200253,1538,331.504525,0.215543,0,0,0
1772194876.299960,1568,344.417947,0.219654,0,0,0
1772194876.400291,1571,343.500276,0.218651,0,0,0
1772194876.500480,1619,366.092845,0.226123,0,0,0
1772194876.600618,1576,363.206225,0.230461,0,0,0
1772194876.700510,1590,367.907492,0.231388,0,0,0
1772194876.800514,1583,375.686327,0.237326,0,0,0
1772194876.900267,1563,363.022765,0.232260,0,0,0
1772194877.000413,1580,382.809352,0.242284,0,0,0
1772194877.101861,1587,375.876588,0.236847,0,0,0
1772194877.201805,1545,353.435599,0.228761,0,0,0
1772194877.301569,1594,353.376204,0.221691,0,0,0
1772194877.401617,1540,339.598321,0.220518,0,0,0
1772194877.500577,1573,356.375030,0.226558,0,0,0
1772194877.601760,1547,366.424862,0.236862,0,0,0
1772194877.700125,1583,371.999191,0.234996,0,0,0
1772194877.800547,1611,386.367140,0.239831,0,0,0
1772194877.901671,1627,390.493238,0.240008,0,0,0
1772194878.001643,1600,369.586853,0.230992,0,0,0
1772194878.102114,1610,384.225322,0.238649,0,0,0
1772194878.201024,1607,373.715861,0.232555,0,0,0
1772194878.301565,1571,373.789958,0.237931,0,0,0
1772194878.401740,1570,369.987730,0.235661,0,0,0
1772194878.501663,1573,387.625527,0.246424,0,0,0
1772194878.600495,1572,356.974701,0.227083,0,0,0
1772194878.701648,1584,374.253924,0.236271,0,0,0
1772194878.801700,1571,369.316805,0.235084,0,0,0
1772194878.901802,1614,372.406837,0.230735,0,0,0
1772194879.001802,1610,388.712989,0.241437,0,0,0
1772194879.100519,1615,390.701719,0.241921,0,0,0
1772194879.201789,1618,396.488695,0.245049,0,0,0
1772194879.301808,1592,383.812148,0.241088,0,0,0
1772194879.400441,1563,387.043277,0.247628,0,0,0
1772194879.500615,1579,374.573021,0.237222,0,0,0
1772194879.601855,1542,375.028181,0.243209,0,0,0
1772194879.700516,1567,374.368481,0.238908,0,0,0
1772194879.801683,1560,382.508775,0.245198,0,0,0
1772194879.901708,1536,353.239473,0.229974,0,0,0
1772194880.001859,1586,369.279933,0.232837,0,0,0
1772194880.101673,1576,376.839131,0.239111,0,0,0
1772194880.201838,1622,390.328354,0.240646,0,0,0
1772194880.300519,1591,385.636668,0.242386,0,0,0
1772194880.400747,1645,403.068030,0.245026,0,0,0
1772194880.501662,1635,403.553245,0.246822,0,0,0
1772194880.601738,1616,381.218990,0.235903,0,0,0
1772194880.700644,1618,402.767626,0.248929,0,0,0
1772194880.800291,1625,402.470092,0.247674,0,0,0
1772194880.901605,1613,393.831891,0.244161,0,0,0
1772194881.000512,1604,397.434503,0.247777,0,0,0
1772194881.101775,1580,375.183216,0.237458,0,0,0
1772194881.200107,1614,387.959410,0.240371,0,0,0
1772194881.300474,1580,367.411734,0.232539,0,0,0
1772194881.401596,1624,388.079359,0.238965,0,0,0
1772194881.501565,1663,397.338322,0.238929,0,0,0
1772194881.601778,1606,387.242525,0.241122,0,0,0
1772194881.701532,1625,383.904906,0.236249,0,0,0
1772194881.801638,1630,385.475648,0.236488,0,0,0
1772194881.900494,1625,385.997289,0.237537,0,0,0
1772194882.001719,1597,370.096298,0.231745,0,0,0
1772194882.100482,1584,372.074253,0.234895,0,0,0
1772194882.200460,1597,367.741837,0.230270,0,0,0
1772194882.301592,1586,381.481123,0.240530,0,0,0
1772194882.401597,1591,387.420759,0.243508,0,0,0
1772194882.501646,1564,375.235739,0.239921,0,0,0
1772194882.601628,1584,361.751408,0.228378,0,0,0
1772194882.700479,1611,382.473466,0.237414,0,0,0
1772194882.801688,1601,378.115061,0.236174,0,0,0
1772194882.901539,1593,372.759704,0.233999,0,0,0
1772194883.000317,1617,373.464857,0.230962,0,0,0
1772194883.101603,1636,384.183549,0.234831,0,0,0
1772194883.201576,1628,377.860130,0.232101,0,0,0
1772194883.301755,1601,367.314784,0.229428,0,0,0
1772194883.401733,1597,376.812207,0.235950,0,0,0
1772194883.501570,1565,384.143406,0.245459,0,0,0
1772194883.600400,1553,361.000188,0.232453,0,0,0
1772194883.700495,1565,379.817215,0.242695,0,0,0
1772194883.801651,1529,366.093900,0.239434,0,0,0
1772194883.901695,1569,363.963993,0.231972,0,0,0
1772194884.000539,1550,372.166983,0.240108,0,0,0
1772194884.100412,1604,378.131886,0.235743,0,0,0
1772194884.200424,1588,382.988333,0.241177,0,0,0
1772194884.301636,1606,390.534499,0.243172,0,0,0
1772194884.401669,1541,380.493953,0.246914,0,0,0
1772194884.501496,1576,367.336315,0.233081,0,0,0
1772194884.600532,1579,385.540658,0.244168,0,0,0
1772194884.701831,1592,388.856833,0.244257,0,0,0
1772194884.800491,1552,365.321929,0.235388,0,0,0
1772194884.901553,1553,374.584476,0.241201,0,0,0
1772194885.001803,1523,361.537715,0.237385,0,0,0
1772194885.100353,1527,355.124815,0.232564,0,0,0
1772194885.201569,1527,348.004187,0.227901,0,0,0
1772194885.301546,1545,366.792752,0.237406,0,0,0
1772194885.400437,1528,367.370292,0.240426,0,0,0
1772194885.500448,1582,382.335302,0.241678,0,0,0
1772194885.601857,1565,380.583334,0.243184,0,0,0
1772194885.700598,1548,383.631413,0.247824,0,0,0
1772194885.800550,1533,364.694272,0.237896,0,0,0
1772194885.900044,1516,375.701691,0.247824,0,0,0
1772194886.000559,1527,381.384368,0.249761,0,0,0
1772194886.101627,1497,381.286639,0.254700,0,0,0
1772194886.201856,1471,376.534413,0.255972,0,0,0
1772194886.301548,1473,369.365965,0.250758,0,0,0
1772194886.401691,1496,379.056935,0.253380,0,0,0
1772194886.501659,1472,366.392697,0.248908,0,0,0
1772194886.601765,1471,377.104993,0.256360,0,0,0
1772194886.701711,1465,358.064223,0.244412,0,0,0
1772194886.801568,1439,352.376248,0.244876,0,0,0
1772194886.900798,1438,359.933602,0.250302,0,0,0
1772194887.001691,1432,364.332501,0.254422,0,0,0
1772194887.100502,1465,375.459976,0.256287,0,0,0
1772194887.200356,1441,360.255153,0.250004,0,0,0
1772194887.301513,1454,379.575827,0.261056,0,0,0
1772194887.400463,1452,370.899003,0.255440,0,0,0
1772194887.502126,1446,373.990832,0.258638,0,0,0
1772194887.601544,1427,379.375408,0.265855,0,0,0
1772194887.700434,1465,384.275422,0.262304,0,0,0
1772194887.801564,1448,382.457239,0.264128,0,0,0
1772194887.901711,1470,392.373341,0.266921,0,0,0
1772194888.001668,1469,388.551735,0.264501,0,0,0
1772194888.100363,1446,384.000435,0.265560,0,0,0
1772194888.201685,1423,372.995598,0.262119,0,0,0
1772194888.300385,1416,365.794392,0.258329,0,0,0
1772194888.402048,1378,348.060762,0.252584,0,0,0
1772194888.501519,1372,352.015177,0.256571,0,0,0
1772194888.601578,1351,355.464575,0.263112,0,0,0
1772194888.701487,1362,356.645381,0.261854,0,0,0
1772194888.800419,1331,351.953959,0.264428,0,0,0
1772194888.900433,1338,347.334951,0.259593,0,0,0
1772194889.000423,1329,349.594076,0.263050,0,0,0
1772194889.100575,1361,362.760117,0.266539,0,0,0
1772194889.201827,1342,346.945097,0.258528,0,0,0
1772194889.300516,1347,366.709201,0.272241,0,0,0
1772194889.401723,1310,348.806077,0.266264,0,0,0
1772194889.501711,1310,354.706405,0.270768,0,0,0
1772194889.600562,1274,341.105356,0.267744,0,0,0
1772194889.700442,1298,343.378870,0.264545,0,0,0
1772194889.801582,1249,327.037778,0.261840,0,0,0
1772194889.900542,1319,356.284259,0.270117,0,0,0
1772194890.000530,1268,340.763986,0.268741,0,0,0
1772194890.100510,1255,334.721877,0.266711,0,0,0
1772194890.200454,1286,338.007752,0.262837,0,0,0
1772194890.301587,1254,351.355809,0.280188,0,0,0
1772194890.401570,1292,352.681735,0.272973,0,0,0
1772194890.500556,1286,361.705084,0.281264,0,0,0
1772194890.601656,1314,356.610106,0.271393,0,0,0
1772194890.700494,1283,357.792488,0.278872,0,0,0
1772194890.801033,1288,343.876855,0.266985,0,0,0
1772194890.901511,1264,344.045270,0.272188,0,0,0
1772194891.001038,1278,341.632568,0.267318,0,0,0
1772194891.100113,1285,351.869547,0.273828,0,0,0
1772194891.200523,1289,345.549325,0.268076,0,0,0
1772194891.301627,1261,340.070782,0.269683,0,0,0
1772194891.401657,1271,342.310534,0.269324,0,0,0
1772194891.501573,1235,322.596687,0.261212,0,0,0
1772194891.601632,1236,343.846338,0.278193,0,0,0
1772194891.700348,1246,332.803565,0.267098,0,0,0
1772194891.801682,1213,330.953091,0.272838,0,0,0
1772194891.901457,1202,331.937895,0.276155,0,0,0
1772194892.000578,1183,323.797429,0.273709,0,0,0
1772194892.100520,1212,334.320103,0.275842,0,0,0
1772194892.200373,1208,327.117322,0.270792,0,0,0
1772194892.300464,1194,324.608759,0.271867,0,0,0
1772194892.400551,1193,326.406725,0.273602,0,0,0
1772194892.500456,1168,328.373682,0.281142,0,0,0
1772194892.601657,1187,330.692754,0.278595,0,0,0
1772194892.701522,1164,322.349562,0.276933,0,0,0
1772194892.801465,1158,313.287876,0.270542,0,0,0
1772194892.901529,1139,314.998464,0.276557,0,0,0
1772194893.000281,1169,334.307362,0.285977,0,0,0
1772194893.101545,1153,320.957578,0.278367,0,0,0
1772194893.201584,1147,319.719865,0.278744,0,0,0
1772194893.301995,1112,300.506345,0.270240,0,0,0
1772194893.401501,1160,320.589611,0.276370,0,0,0
1772194893.500568,1117,309.484166,0.277067,0,0,0
1772194893.601721,1139,308.635383,0.270970,0,0,0
1772194893.701490,1105,307.353413,0.278148,0,0,0
1772194893.801663,1071,287.613960,0.268547,0,0,0
1772194893.901520,1052,288.769799,0.274496,0,0,0
1772194894.000349,1059,279.168919,0.263616,0,0,0
1772194894.101445,1037,275.015357,0.265203,0,0,0
1772194894.201488,1029,282.713830,0.274746,0,0,0
1772194894.301501,1018,276.289258,0.271404,0,0,0
1772194894.401434,999,274.623857,0.274899,0,0,0
1772194894.501715,1027,276.541908,0.269272,0,0,0
1772194894.600379,995,270.396692,0.271755,0,0,0
1772194894.700409,1045,252.936977,0.242045,0,0,0
1772194894.801519,1023,269.250074,0.263197,0,0,0
1772194894.901434,970,230.923973,0.238066,0,0,0
1772194895.001466,996,264.340770,0.265402,0,0,0
1772194895.100408,970,245.575434,0.253171,0,0,0
1772194895.201699,985,253.307014,0.257164,0,0,0
1772194895.301592,977,256.735201,0.262779,0,0,0
1772194895.400438,967,252.434500,0.261049,0,0,0
1772194895.500386,985,264.424857,0.268452,0,0,0
1772194895.600354,950,250.470272,0.263653,0,0,0
1772194895.701394,944,238.465908,0.252612,0,0,0
1772194895.800363,974,229.424310,0.235549,0,0,0
1772194895.900525,919,231.741021,0.252167,0,0,0
1772194896.000499,971,249.017730,0.256455,0,0,0
1772194896.100381,931,234.143782,0.251497,0,0,0
1772194896.200975,967,243.906369,0.252230,0,0,0
1772194896.301386,936,238.040745,0.254317,0,0,0
1772194896.401574,927,236.703163,0.255343,0,0,0
1772194896.501427,885,219.313024,0.247811,0,0,0
1772194896.600379,910,229.018223,0.251668,0,0,0
1772194896.701523,890,215.034857,0.241612,0,0,0
1772194896.801542,882,224.162952,0.254153,0,0,0
1772194896.901522,877,218.584266,0.249241,0,0,0
1772194897.001508,866,224.793322,0.259577,0,0,0
1772194897.101474,875,226.174987,0.258486,0,0,0
1772194897.201455,904,233.041520,0.257789,0,0,0
1772194897.301402,873,224.086750,0.256686,0,0,0
1772194897.400524,901,225.430902,0.250201,0,0,0
1772194897.501514,906,225.067459,0.248419,0,0,0
1772194897.601504,909,229.475955,0.252449,0,0,0
1772194897.701493,887,219.349592,0.247294,0,0,0
1772194897.801453,871,224.609443,0.257875,0,0,0
1772194897.901586,864,206.088307,0.238528,0,0,0
1772194898.001525,875,220.134069,0.251582,0,0,0
1772194898.102111,844,213.074683,0.252458,0,0,0
1772194898.201963,809,203.338235,0.251345,0,0,0
1772194898.301502,818,196.762675,0.240541,0,0,0
1772194898.401777,838,199.644508,0.238239,0,0,0
1772194898.501531,846,212.241016,0.250876,0,0,0
1772194898.601562,867,207.465453,0.239291,0,0,0
1772194898.701404,854,202.852929,0.237533,0,0,0
1772194898.801507,865,203.618189,0.235397,0,0,0
1772194898.901453,842,202.093537,0.240016,0,0,0
1772194899.000376,864,209.183435,0.242110,0,0,0
1772194899.101562,890,201.019339,0.225864,0,0,0
1772194899.201487,881,201.829470,0.229091,0,0,0
1772194899.301366,899,199.894025,0.222352,0,0,0
1772194899.401447,866,189.574265,0.218908,0,0,0
1772194899.501361,872,188.292593,0.215932,0,0,0
1772194899.600393,881,171.240739,0.194371,0,0,0
1772194899.701423,934,193.102145,0.206747,0,0,0
1772194899.801622,889,178.520579,0.200811,0,0,0
1772194899.901522,924,191.598019,0.207357,0,0,0
1772194900.001662,901,194.793836,0.216197,0,0,0
1772194900.101629,901,192.962753,0.214165,0,0,0
1772194900.200396,899,204.382137,0.227344,0,0,0
1772194900.301520,895,185.875344,0.207682,0,0,0
1772194900.401469,901,196.434518,0.218018,0,0,0
1772194900.500338,943,204.572511,0.216938,0,0,0
1772194900.600364,915,201.714375,0.220453,0,0,0
1772194900.700560,950,202.303729,0.212951,0,0,0
1772194900.800323,910,199.148093,0.218844,0,0,0
1772194900.900906,929,196.408065,0.211419,0,0,0
1772194901.000711,884,191.433704,0.216554,0,0,0
1772194901.101914,903,192.082348,0.212716,0,0,0
1772194901.201500,895,203.375926,0.227236,0,0,0
1772194901.301505,892,218.720883,0.245203,0,0,0
1772194901.401478,896,213.002758,0.237726,0,0,0
1772194901.501425,885,212.137323,0.239703,0,0,0
1772194901.601728,897,216.036700,0.240844,0,0,0
1772194901.701583,887,215.995065,0.243512,0,0,0
1772194901.803759,898,224.285883,0.249762,0,0,0
1772194901.901510,901,220.383458,0.244599,0,0,0
1772194902.001496,911,220.938066,0.242523,0,0,0
1772194902.101429,898,219.292397,0.244201,0,0,0
1772194902.201493,887,203.399908,0.229312,0,0,0
1772194902.301584,911,217.689241,0.238956,0,0,0
1772194902.400310,878,230.101476,0.262075,0,0,0
1772194902.500350,919,210.373228,0.228915,0,0,0
1772194902.600313,877,220.062711,0.250927,0,0,0
1772194902.701376,901,216.185254,0.239939,0,0,0
1772194902.801400,921,219.541908,0.238373,0,0,0
1772194902.901433,923,226.322448,0.245203,0,0,0
1772194903.001648,917,208.267780,0.227119,0,0,0
1772194903.101384,951,225.982945,0.237627,0,0,0
1772194903.201501,941,215.691683,0.229215,0,0,0
1772194903.301654,939,216.892382,0.230982,0,0,0
1772194903.401721,903,209.629812,0.232148,0,0,0
1772194903.501559,884,210.745859,0.238400,0,0,0
1772194903.601641,868,205.808011,0.237106,0,0,0
1772194903.701342,835,206.226900,0.246978,0,0,0
1772194903.801425,840,211.950572,0.252322,0,0,0
1772194903.901404,860,216.294429,0.251505,0,0,0
1772194904.000398,879,218.632275,0.248728,0,0,0
1772194904.101374,888,219.126936,0.246765,0,0,0
1772194904.201468,933,229.418560,0.245893,0,0,0
1772194904.301389,917,222.257455,0.242375,0,0,0
1772194904.401521,928,234.210916,0.252382,0,0,0
1772194904.501433,924,224.569050,0.243040,0,0,0
1772194904.601515,916,227.948539,0.248852,0,0,0
1772194904.701434,926,221.708914,0.239426,0,0,0
1772194904.801352,919,235.877386,0.256667,0,0,0
1772194904.901351,938,228.565907,0.243674,0,0,0
1772194905.000363,947,235.830662,0.249029,0,0,0
1772194905.100285,967,220.363575,0.227884,0,0,0
1772194905.201626,954,238.919649,0.250440,0,0,0
1772194905.301424,936,235.604840,0.251715,0,0,0
1772194905.401449,971,238.657757,0.245786,0,0,0
1772194905.501380,964,240.944285,0.249942,0,0,0
1772194905.600591,981,244.733517,0.249474,0,0,0
1772194905.700347,942,241.632754,0.256510,0,0,0
1772194905.800861,968,230.213136,0.237823,0,0,0
1772194905.900454,947,230.409114,0.243304,0,0,0
1772194906.000294,982,233.482611,0.237762,0,0,0
1772194906.100490,954,248.230742,0.260200,0,0,0
1772194906.200241,981,217.649274,0.221865,0,0,0
1772194906.301675,976,230.505201,0.236173,0,0,0
1772194906.401576,948,224.617817,0.236939,0,0,0
1772194906.500326,984,221.433234,0.225034,0,0,0
1772194906.601438,928,209.462192,0.225714,0,0,0
1772194906.701411,951,201.247247,0.211616,0,0,0
1772194906.800281,925,207.145161,0.223941,0,0,0
1772194906.902140,990,215.741784,0.217921,0,0,0
1772194907.001684,948,191.447557,0.201949,0,0,0
1772194907.101398,937,188.486656,0.201160,0,0,0
1772194907.201500,949,198.634410,0.209309,0,0,0
1772194907.301519,958,194.696315,0.203232,0,0,0
1772194907.401417,989,198.181278,0.200386,0,0,0
1772194907.501652,933,196.132230,0.210217,0,0,0
1772194907.601682,956,190.726183,0.199504,0,0,0
1772194907.701642,901,196.364287,0.217940,0,0,0
1772194907.801398,938,186.409429,0.198731,0,0,0
1772194907.901478,972,202.894105,0.208739,0,0,0
1772194908.001616,949,194.612565,0.205071,0,0,0
1772194908.101449,979,215.562062,0.220186,0,0,0
1772194908.201778,977,206.789793,0.211658,0,0,0
1772194908.301628,1009,224.963522,0.222957,0,0,0
1772194908.401573,975,218.373940,0.223973,0,0,0
1772194908.501372,1003,212.837727,0.212201,0,0,0
1772194908.601815,992,218.643969,0.220407,0,0,0
1772194908.701775,1014,216.227221,0.213242,0,0,0
1772194908.801421,1015,226.790641,0.223439,0,0,0
1772194908.901432,1014,223.681500,0.220593,0,0,0
1772194909.001523,1033,243.708638,0.235923,0,0,0
1772194909.101641,988,216.886981,0.219521,0,0,0
1772194909.201425,1023,230.962074,0.225769,0,0,0
1772194909.301413,1052,231.068010,0.219646,0,0,0
1772194909.401439,1024,235.523325,0.230003,0,0,0
1772194909.501463,1025,222.376712,0.216953,0,0,0
1772194909.601433,1019,221.823605,0.217688,0,0,0
1772194909.701595,1040,232.338501,0.223402,0,0,0
1772194909.800456,1047,241.877178,0.231019,0,0,0
1772194909.901375,1039,227.713387,0.219166,0,0,0
1772194910.001354,1064,238.763230,0.224402,0,0,0
1772194910.101669,1029,215.605996,0.209530,0,0,0
1772194910.201633,1065,237.999819,0.223474,0,0,0
1772194910.301383,1018,222.972642,0.219030,0,0,0
1772194910.401661,1078,229.969173,0.213329,0,0,0
1772194910.501357,1022,226.313280,0.221442,0,0,0
1772194910.601532,1061,227.187355,0.214126,0,0,0
1772194910.700146,1029,240.643744,0.233862,0,0,0
1772194910.800413,1080,232.529914,0.215305,0,0,0
1772194910.901779,1058,245.631415,0.232166,0,0,0
1772194911.000572,1084,259.347309,0.239250,0,0,0
1772194911.100315,1091,269.250165,0.246792,0,0,0
1772194911.201621,1082,233.601689,0.215898,0,0,0
1772194911.301739,1091,267.208646,0.244921,0,0,0
1772194911.401406,1085,241.516675,0.222596,0,0,0
1772194911.501323,1113,248.841107,0.223577,0,0,0
1772194911.601518,1052,249.569976,0.237234,0,0,0
1772194911.701634,1122,268.818393,0.239589,0,0,0
1772194911.800387,1113,250.001423,0.224619,0,0,0
1772194911.901355,1128,258.554114,0.229215,0,0,0
1772194912.001765,1096,242.194578,0.220980,0,0,0
1772194912.101507,1128,251.107459,0.222613,0,0,0
1772194912.201466,1068,223.973732,0.209713,0,0,0
1772194912.301423,1099,236.052835,0.214789,0,0,0
1772194912.402069,1101,233.197267,0.211805,0,0,0
1772194912.501573,1122,247.221181,0.220340,0,0,0
1772194912.601440,1089,243.652888,0.223740,0,0,0
1772194912.701413,1149,261.805340,0.227855,0,0,0
1772194912.801545,1111,242.766813,0.218512,0,0,0
1772194912.901520,1086,265.370046,0.244355,0,0,0
1772194913.001615,1134,263.771009,0.232602,0,0,0
1772194913.101650,1103,279.212712,0.253139,0,0,0
1772194913.201663,1123,268.207845,0.238832,0,0,0
1772194913.301576,1118,275.440422,0.246369,0,0,0
1772194913.401518,1115,264.609960,0.237318,0,0,0
1772194913.501413,1118,263.328661,0.235535,0,0,0
1772194913.601552,1129,269.510774,0.238716,0,0,0
1772194913.701284,1113,266.388944,0.239343,0,0,0
1772194913.800322,1135,263.233519,0.231924,0,0,0
1772194913.901529,1105,255.368868,0.231103,0,0,0
1772194914.000354,1137,278.316922,0.244782,0,0,0
1772194914.101420,1078,248.381336,0.230409,0,0,0
1772194914.201797,1131,255.451196,0.225863,0,0,0
1772194914.301502,1170,263.553281,0.225259,0,0,0
1772194914.401534,1088,248.454687,0.228359,0,0,0
1772194914.501317,1169,270.413813,0.231321,0,0,0
1772194914.600310,1140,262.379627,0.230158,0,0,0
1772194914.701479,1156,263.352402,0.227813,0,0,0
1772194914.801309,1147,270.435558,0.235776,0,0,0
1772194914.901396,1195,268.927407,0.225044,0,0,0
1772194915.001521,1177,284.521481,0.241734,0,0,0
1772194915.101355,1227,276.775029,0.225571,0,0,0
1772194915.201525,1202,272.433377,0.226650,0,0,0
1772194915.301494,1221,280.997248,0.230137,0,0,0
1772194915.401639,1217,271.991647,0.223494,0,0,0
1772194915.501576,1199,268.719002,0.224119,0,0,0
1772194915.601674,1215,280.165155,0.230589,0,0,0
1772194915.701618,1254,294.338119,0.234719,0,0,0
1772194915.801328,1255,282.683454,0.225246,0,0,0
1772194915.900594,1254,296.892945,0.236757,0,0,0
1772194916.000157,1307,306.287158,0.234344,0,0,0
1772194916.100580,1272,313.189660,0.246218,0,0,0
1772194916.201613,1315,304.204334,0.231334,0,0,0
1772194916.301323,1319,312.385377,0.236835,0,0,0
1772194916.401410,1304,295.481781,0.226596,0,0,0
1772194916.501319,1289,292.345848,0.226801,0,0,0
1772194916.601604,1268,296.521394,0.233850,0,0,0
1772194916.701532,1297,301.281734,0.232291,0,0,0
1772194916.801565,1281,289.151675,0.225723,0,0,0
1772194916.901483,1294,309.745077,0.239370,0,0,0
1772194917.001704,1320,303.052167,0.229585,0,0,0
1772194917.101339,1323,304.959788,0.230506,0,0,0
1772194917.201642,1322,296.316262,0.224142,0,0,0
1772194917.301491,1360,309.948785,0.227904,0,0,0
1772194917.401539,1369,308.630130,0.225442,0,0,0
1772194917.501363,1377,311.072477,0.225906,0,0,0
1772194917.601709,1368,295.629022,0.216103,0,0,0
1772194917.701477,1365,323.588760,0.237061,0,0,0
1772194917.801460,1367,313.953515,0.229666,0,0,0
1772194917.901454,1420,337.619210,0.237760,0,0,0
1772194918.001288,1368,314.282962,0.229739,0,0,0
1772194918.101428,1410,323.216525,0.229232,0,0,0
1772194918.201744,1429,342.396595,0.239606,0,0,0
1772194918.301467,1466,351.427154,0.239718,0,0,0
1772194918.401501,1433,348.818300,0.243418,0,0,0
1772194918.501662,1443,328.539958,0.227678,0,0,0
1772194918.601452,1458,340.188279,0.233325,0,0,0
1772194918.701360,1457,341.911305,0.234668,0,0,0
1772194918.801284,1456,341.345538,0.234441,0,0,0
1772194918.901649,1423,342.914948,0.240980,0,0,0
1772194919.001746,1419,326.926421,0.230392,0,0,0
1772194919.101724,1411,321.209698,0.227647,0,0,0
1772194919.201415,1418,320.818842,0.226247,0,0,0
1772194919.302472,1378,330.774426,0.240039,0,0,0
1772194919.401228,1435,340.575966,0.237335,0,0,0
1772194919.501612,1382,318.663426,0.230581,0,0,0
1772194919.601637,1377,324.956104,0.235988,0,0,0
1772194919.701455,1372,300.409684,0.218957,0,0,0
1772194919.801334,1381,333.132017,0.241225,0,0,0
1772194919.901275,1352,301.196668,0.222779,0,0,0
1772194920.001347,1378,313.850501,0.227758,0,0,0
1772194920.101478,1354,295.193219,0.218016,0,0,0
1772194920.201763,1320,303.332205,0.229797,0,0,0
1772194920.301347,1318,288.915448,0.219207,0,0,0
1772194920.401646,1297,301.486398,0.232449,0,0,0
1772194920.501473,1326,303.271392,0.228711,0,0,0
1772194920.601431,1293,298.489103,0.230850,0,0,0
1772194920.701623,1254,299.785737,0.239064,0,0,0
1772194920.800675,1309,315.734786,0.241203,0,0,0
1772194920.900348,1302,323.115320,0.248168,0,0,0
1772194921.000556,1317,327.484938,0.248660,0,0,0
1772194921.101775,1264,309.706807,0.245021,0,0,0
1772194921.201453,1307,305.264298,0.233561,0,0,0
1772194921.301196,1291,301.869892,0.233826,0,0,0
1772194921.401602,1274,298.362072,0.234193,0,0,0
1772194921.501523,1252,299.181907,0.238963,0,0,0
1772194921.601353,1226,279.665340,0.228112,0,0,0
1772194921.701584,1238,285.940229,0.230969,0,0,0
1772194921.801468,1231,281.765952,0.228892,0,0,0
1772194921.901427,1232,283.379642,0.230016,0,0,0
1772194922.001427,1187,273.869123,0.230724,0,0,0
1772194922.101267,1187,269.438612,0.226991,0,0,0
1772194922.201662,1156,262.226493,0.226840,0,0,0
1772194922.301403,1170,267.194222,0.228371,0,0,0
1772194922.401469,1156,254.876049,0.220481,0,0,0
1772194922.501464,1157,265.175764,0.229193,0,0,0
1772194922.601605,1168,260.816617,0.223302,0,0,0
1772194922.701386,1165,263.001521,0.225752,0,0,0
1772194922.801504,1165,262.271272,0.225126,0,0,0
1772194922.901485,1155,263.573437,0.228202,0,0,0
1772194923.001435,1147,265.892817,0.231816,0,0,0
1772194923.101473,1151,257.583630,0.223791,0,0,0
1772194923.201588,1139,263.092801,0.230986,0,0,0
1772194923.301399,1177,277.262159,0.235567,0,0,0
1772194923.401599,1179,276.389889,0.234427,0,0,0
1772194923.501543,1202,285.239793,0.237304,0,0,0
1772194923.601550,1153,274.165084,0.237784,0,0,0
1772194923.701404,1189,277.090843,0.233045,0,0,0
1772194923.801453,1186,272.842321,0.230053,0,0,0
1772194923.901387,1166,255.809617,0.219391,0,0,0
1772194924.001325,1149,266.114668,0.231605,0,0,0
1772194924.101430,1131,263.997571,0.233420,0,0,0
1772194924.201329,1139,251.115617,0.220470,0,0,0
1772194924.301526,1187,260.642709,0.219581,0,0,0
1772194924.401479,1120,257.272261,0.229707,0,0,0
1772194924.501430,1169,273.520612,0.233978,0,0,0
1772194924.601561,1166,266.947647,0.228943,0,0,0
1772194924.701499,1171,273.764547,0.233787,0,0,0
1772194924.801636,1143,266.600149,0.233246,0,0,0
1772194924.901495,1161,257.147553,0.221488,0,0,0
1772194925.001402,1155,272.036243,0.235529,0,0,0
1772194925.101403,1155,256.252665,0.221864,0,0,0
1772194925.201410,1157,265.498843,0.229472,0,0,0
1772194925.301287,1145,260.870608,0.227835,0,0,0
1772194925.401393,1157,252.812429,0.218507,0,0,0
1772194925.499930,1106,256.615608,0.232021,0,0,0
1772194925.601592,1143,247.575022,0.216601,0,0,0
1772194925.701410,1093,248.896770,0.227719,0,0,0
1772194925.801729,1158,248.095604,0.214245,0,0,0
1772194925.900570,1135,271.996630,0.239645,0,0,0
1772194926.000459,1180,266.107549,0.225515,0,0,0
1772194926.101506,1140,273.992647,0.240344,0,0,0
1772194926.201280,1205,263.193086,0.218417,0,0,0
1772194926.301389,1138,253.830059,0.223049,0,0,0
1772194926.401488,1157,248.471102,0.214755,0,0,0
1772194926.501286,1146,246.901132,0.215446,0,0,0
1772194926.601515,1124,235.671793,0.209672,0,0,0
1772194926.701399,1160,244.067657,0.210403,0,0,0
1772194926.801269,1162,249.219526,0.214475,0,0,0
1772194926.901421,1131,222.051864,0.196332,0,0,0
1772194927.001436,1104,238.374262,0.215919,0,0,0
1772194927.101470,1120,238.918847,0.213320,0,0,0
1772194927.201454,1103,247.236450,0.224149,0,0,0
1772194927.301494,1056,226.827342,0.214799,0,0,0
1772194927.401693,1004,224.186931,0.223294,0,0,0
1772194927.501520,1008,210.229649,0.208561,0,0,0
1772194927.601533,975,201.898463,0.207075,0,0,0
1772194927.701511,939,184.640840,0.196636,0,0,0
1772194927.801365,975,189.025035,0.193872,0,0,0
1772194927.900845,965,188.129875,0.194953,0,0,0
1772194928.001316,917,186.753158,0.203657,0,0,0
1772194928.101478,916,190.341626,0.207797,0,0,0
1772194928.201484,914,185.446127,0.202895,0,0,0
1772194928.301667,891,176.384785,0.197963,0,0,0
1772194928.401377,929,190.827566,0.205412,0,0,0
1772194928.501662,940,207.030086,0.220245,0,0,0
1772194928.601814,932,182.892798,0.196237,0,0,0
1772194928.701474,918,191.799732,0.208932,0,0,0
1772194928.801669,942,181.645991,0.192830,0,0,0
1772194928.901380,925,181.564228,0.196286,0,0,0
1772194929.001182,944,186.540971,0.197607,0,0,0
1772194929.101492,921,178.462884,0.193771,0,0,0
1772194929.201395,902,177.773240,0.197088,0,0,0
1772194929.302057,928,183.792994,0.198053,0,0,0
1772194929.401362,916,181.213050,0.197831,0,0,0
1772194929.501403,1010,208.959899,0.206891,0,0,0
1772194929.601511,1040,217.722760,0.209349,0,0,0
1772194929.701526,1110,235.723881,0.212364,0,0,0
1772194929.801479,1113,243.795672,0.219044,0,0,0
1772194929.901476,1123,232.825458,0.207325,0,0,0
1772194930.001357,1133,246.729231,0.217766,0,0,0
1772194930.101385,1129,244.537415,0.216596,0,0,0
1772194930.201340,1144,250.374233,0.218859,0,0,0
1772194930.301438,1127,238.307566,0.211453,0,0,0
1772194930.401259,1100,236.321148,0.214837,0,0,0
1772194930.501858,1135,248.482729,0.218928,0,0,0
1772194930.601492,1146,247.684663,0.216130,0,0,0
1772194930.701521,1130,264.113123,0.233728,0,0,0
1772194930.801399,1136,265.963699,0.234123,0,0,0
1772194930.900449,1129,277.592129,0.245874,0,0,0
1772194931.001375,1155,266.261867,0.230530,0,0,0
1772194931.101424,1185,278.390529,0.234929,0,0,0
1772194931.201461,1200,274.568732,0.228807,0,0,0
1772194931.301574,1168,284.561140,0.243631,0,0,0
1772194931.401479,1167,269.487995,0.230924,0,0,0
1772194931.501226,1176,283.953722,0.241457,0,0,0
1772194931.601428,1124,264.705537,0.235503,0,0,0
1772194931.701482,1160,271.019461,0.233637,0,0,0
1772194931.801249,1161,265.576947,0.228748,0,0,0
1772194931.901231,1175,269.026927,0.228959,0,0,0
1772194932.001405,1156,275.548985,0.238364,0,0,0
1772194932.101396,1116,251.352638,0.225226,0,0,0
1772194932.201359,1135,270.996641,0.238764,0,0,0
1772194932.301562,1150,266.114416,0.231404,0,0,0
1772194932.401502,1133,271.115263,0.239290,0,0,0
1772194932.501318,1173,278.446405,0.237380,0,0,0
1772194932.601661,1150,270.204304,0.234960,0,0,0
1772194932.701374,1123,253.555115,0.225784,0,0,0
1772194932.801424,1163,260.497472,0.223988,0,0,0
1772194932.901429,1161,266.412723,0.229468,0,0,0
1772194933.001420,1167,275.544342,0.236113,0,0,0
1772194933.101353,1171,261.586938,0.223388,0,0,0
1772194933.201404,1143,283.057040,0.247644,0,0,0
1772194933.301491,1143,272.875326,0.238736,0,0,0
1772194933.401363,1161,280.850840,0.241904,0,0,0
1772194933.501424,1192,282.811825,0.237258,0,0,0
1772194933.601483,1179,285.327810,0.242008,0,0,0
1772194933.701466,1187,285.176189,0.240250,0,0,0
1772194933.801366,1177,279.777694,0.237704,0,0,0
1772194933.901869,1158,276.892303,0.239113,0,0,0
1772194934.001746,1141,269.821440,0.236478,0,0,0
1772194934.101423,1135,262.713166,0.231465,0,0,0
1772194934.201388,1113,261.198442,0.234680,0,0,0
1772194934.302025,1193,263.193232,0.220615,0,0,0
1772194934.401385,1124,258.447641,0.229936,0,0,0
1772194934.501319,1146,266.446357,0.232501,0,0,0
1772194934.601443,1125,265.954378,0.236404,0,0,0
1772194934.701367,1175,274.820316,0.233890,0,0,0
1772194934.801429,1154,268.883306,0.233001,0,0,0
1772194934.901234,1163,275.302082,0.236717,0,0,0
1772194935.001427,1131,270.632272,0.239286,0,0,0
1772194935.101329,1170,267.442672,0.228583,0,0,0
1772194935.201426,1155,261.694921,0.226576,0,0,0
1772194935.300131,1179,268.091734,0.227389,0,0,0
1772194935.402487,1143,262.960972,0.230062,0,0,0
1772194935.501091,1147,267.972963,0.233629,0,0,0
1772194935.601691,1171,286.403756,0.244580,0,0,0
1772194935.701428,1129,275.013286,0.243590,0,0,0
1772194935.801468,1174,270.857238,0.230713,0,0,0
1772194935.900450,1151,279.991780,0.243260,0,0,0
1772194936.000585,1186,285.353048,0.240601,0,0,0
1772194936.101344,1146,277.317189,0.241987,0,0,0
1772194936.201383,1188,265.054975,0.223110,0,0,0
1772194936.301409,1151,270.313838,0.234851,0,0,0
1772194936.401553,1151,251.634219,0.218622,0,0,0
1772194936.501452,1092,239.753828,0.219555,0,0,0
1772194936.601379,1122,235.989665,0.210329,0,0,0
1772194936.701393,1053,220.774006,0.209662,0,0,0
1772194936.801290,1034,218.629038,0.211440,0,0,0
1772194936.901487,1069,206.184523,0.192876,0,0,0
1772194937.001380,1040,225.533947,0.216860,0,0,0
1772194937.101382,1052,201.500423,0.191540,0,0,0
1772194937.201341,1048,224.718241,0.214426,0,0,0
1772194937.301500,1055,213.606526,0.202471,0,0,0
1772194937.401573,1032,228.521358,0.221435,0,0,0
1772194937.501324,1081,238.395957,0.220533,0,0,0
1772194937.601455,1106,240.891069,0.217804,0,0,0
1772194937.701183,1105,245.876337,0.222513,0,0,0
1772194937.803111,1117,252.512631,0.226063,0,0,0
1772194937.901408,1136,256.192550,0.225522,0,0,0
1772194938.001344,1141,265.713977,0.232878,0,0,0
1772194938.101255,1142,266.334927,0.233218,0,0,0
1772194938.201316,1136,268.618876,0.236460,0,0,0
1772194938.301356,1122,277.269322,0.247121,0,0,0
1772194938.401345,1148,282.963373,0.246484,0,0,0
1772194938.501328,1193,287.306448,0.240827,0,0,0
1772194938.601501,1171,277.819613,0.237250,0,0,0
