1768845959.463633776 -0.007135 0.012501 -0.006972 -0.005977 0.082593 -0.000539 0.996565
1768845959.563823700 -0.007029 0.012427 -0.006385 -0.006089 0.082439 -0.000620 0.996577
1768845959.663617611 -0.006838 0.012508 -0.006815 -0.005961 0.082549 -0.000570 0.996569
1768845959.765158415 -0.006733 0.012465 -0.006740 -0.006092 0.082373 -0.000671 0.996583
1768845959.863834620 -0.006715 0.012429 -0.006723 -0.006040 0.082538 -0.000495 0.996569
1768845959.963630438 -0.006694 0.012415 -0.006544 -0.006008 0.082545 -0.000530 0.996569
1768845960.065041065 -0.006488 0.012422 -0.006582 -0.006046 0.082562 -0.000460 0.996568
1768845960.164321184 -0.006191 0.012236 -0.006526 -0.006065 0.082475 -0.000570 0.996575
1768845960.263855934 -0.006818 0.012336 -0.006650 -0.006084 0.082670 -0.000466 0.996558
1768845960.363839388 -0.006522 0.012425 -0.006769 -0.005977 0.082648 -0.000415 0.996561
1768845960.463725328 -0.006929 0.012396 -0.006786 -0.006072 0.082624 -0.000343 0.996562
1768845960.564973116 -0.006351 0.012545 -0.006583 -0.006036 0.082604 -0.000494 0.996564
1768845960.663576126 -0.006792 0.012370 -0.006344 -0.006037 0.082549 -0.000479 0.996569
1768845960.763731003 -0.006500 0.012762 -0.006483 -0.005945 0.082532 -0.000431 0.996571
1768845960.863573313 -0.006689 0.012276 -0.006629 -0.006023 0.082533 -0.000516 0.996570
1768845960.963545561 -0.006427 0.012607 -0.006348 -0.005941 0.082542 -0.000555 0.996570
1768845961.063724756 -0.006314 0.012209 -0.006471 -0.005966 0.082527 -0.000436 0.996571
1768845961.164461613 -0.006207 0.012064 -0.006507 -0.006085 0.082438 -0.000462 0.996578
1768845961.264342070 -0.006149 0.011958 -0.006568 -0.005991 0.082593 -0.000415 0.996565
1768845961.364387751 -0.006227 0.011814 -0.006541 -0.006055 0.082488 -0.000319 0.996574
1768845961.463652134 -0.006121 0.011911 -0.006573 -0.006019 0.082475 -0.000549 0.996575
1768845961.563598156 -0.006232 0.012087 -0.006677 -0.006079 0.082490 -0.000378 0.996573
1768845961.663738251 -0.006051 0.011997 -0.006764 -0.006079 0.082531 -0.000516 0.996570
1768845961.762387037 -0.006065 0.011987 -0.006739 -0.006104 0.082529 -0.000420 0.996570
1768845961.863811970 -0.005981 0.012115 -0.006630 -0.006014 0.082557 -0.000476 0.996568
1768845961.963861465 -0.006066 0.012197 -0.006504 -0.005893 0.082617 -0.000389 0.996564
1768845962.063577175 -0.006012 0.012210 -0.006535 -0.005982 0.082561 -0.000262 0.996568
1768845962.164748669 -0.006032 0.012162 -0.006465 -0.005861 0.082682 -0.000330 0.996559
1768845962.263627768 -0.006032 0.012177 -0.006606 -0.005970 0.082745 -0.000188 0.996553
1768845962.363585949 -0.005977 0.011989 -0.006637 -0.006025 0.082380 -0.000468 0.996583
1768845962.463146925 -0.005986 0.011833 -0.006714 -0.006062 0.082044 -0.000601 0.996610
1768845962.563773632 -0.006037 0.011651 -0.006721 -0.006065 0.081775 -0.000807 0.996632
1768845962.663615704 -0.006068 0.011691 -0.006901 -0.006117 0.081589 -0.000649 0.996647
1768845962.763772249 -0.006297 0.011927 -0.006987 -0.006226 0.081544 -0.000588 0.996650
1768845962.864090919 -0.005463 0.011844 -0.007060 -0.006377 0.081286 -0.001366 0.996669
1768845962.964286089 -0.005155 0.011800 -0.007064 -0.006278 0.081713 -0.001374 0.996635
1768845963.063251972 -0.005762 0.011940 -0.006858 -0.006139 0.082338 -0.001035 0.996585
1768845963.165007830 -0.005685 0.011986 -0.006931 -0.006108 0.082412 -0.001053 0.996579
1768845963.263716936 -0.005664 0.012098 -0.006982 -0.006028 0.082415 -0.000914 0.996579
1768845963.363797426 -0.005989 0.012117 -0.006785 -0.006107 0.082369 -0.000945 0.996583
1768845963.463735342 -0.006036 0.012191 -0.006734 -0.005970 0.082492 -0.000975 0.996573
1768845963.563752413 -0.005901 0.012018 -0.006757 -0.006017 0.082487 -0.000977 0.996573
1768845963.664021015 -0.005851 0.011940 -0.006894 -0.006106 0.082427 -0.000954 0.996578
1768845963.763792276 -0.005774 0.011869 -0.006815 -0.006128 0.082399 -0.001018 0.996580
1768845963.863768578 -0.005928 0.012002 -0.006624 -0.005942 0.082432 -0.001054 0.996578
1768845963.963578224 -0.005911 0.011992 -0.006781 -0.006142 0.082489 -0.000916 0.996573
1768845964.064080000 -0.005841 0.011822 -0.006579 -0.005952 0.082475 -0.000973 0.996575
1768845964.164367199 -0.005865 0.012056 -0.006395 -0.006080 0.082467 -0.001047 0.996575
1768845964.263812780 -0.005922 0.012085 -0.006446 -0.006007 0.082441 -0.000995 0.996577
1768845964.363775015 -0.006031 0.012018 -0.006616 -0.006112 0.082464 -0.000957 0.996575
1768845964.461209536 -0.006098 0.011958 -0.006603 -0.005937 0.082444 -0.001083 0.996577
1768845964.563753366 -0.005817 0.011908 -0.006305 -0.006119 0.082408 -0.001004 0.996579
1768845964.664144516 -0.005713 0.012052 -0.006400 -0.005966 0.082381 -0.000924 0.996583
1768845964.763616800 -0.005868 0.012051 -0.006466 -0.005957 0.082420 -0.000961 0.996579
1768845964.863777876 -0.005856 0.012023 -0.006343 -0.006051 0.082478 -0.000954 0.996574
1768845964.963835955 -0.005719 0.012091 -0.006489 -0.006148 0.082418 -0.000973 0.996578
1768845965.063737631 -0.005838 0.012121 -0.006419 -0.006127 0.082432 -0.000887 0.996577
1768845965.163148642 -0.005777 0.012286 -0.006249 -0.006034 0.082536 -0.001062 0.996569
1768845965.264045000 -0.005559 0.012267 -0.006258 -0.006025 0.082515 -0.000903 0.996571
1768845965.363711357 -0.005589 0.012229 -0.006267 -0.006065 0.082549 -0.001095 0.996568
1768845965.466459036 -0.005850 0.012359 -0.006494 -0.006164 0.082545 -0.000979 0.996568
1768845965.565227032 -0.005953 0.012382 -0.006464 -0.006089 0.082539 -0.001005 0.996569
1768845965.663854599 -0.005996 0.012333 -0.006466 -0.006149 0.082439 -0.001111 0.996576
1768845965.763730764 -0.006096 0.012268 -0.006621 -0.006094 0.082439 -0.001144 0.996577
1768845965.863868475 -0.006160 0.012217 -0.006574 -0.006249 0.082439 -0.001016 0.996576
1768845965.964454651 -0.006099 0.012340 -0.006408 -0.006031 0.082431 -0.000982 0.996578
1768845966.063498974 -0.006150 0.012047 -0.006486 -0.006165 0.082380 -0.001090 0.996581
1768845966.161897421 -0.006065 0.012041 -0.006615 -0.006139 0.082339 -0.001020 0.996585
1768845966.263806581 -0.006008 0.011969 -0.006481 -0.006184 0.082369 -0.001039 0.996582
1768845966.363834620 -0.006179 0.012086 -0.006447 -0.006154 0.082400 -0.000855 0.996580
1768845966.463860989 -0.005992 0.012207 -0.006518 -0.006136 0.082354 -0.001086 0.996584
1768845966.563896179 -0.006149 0.012133 -0.006471 -0.006231 0.082329 -0.000978 0.996585
1768845966.663893938 -0.006179 0.012067 -0.006593 -0.006243 0.082338 -0.001213 0.996584
1768845966.764164448 -0.006123 0.012103 -0.006562 -0.006251 0.082337 -0.001034 0.996584
1768845966.863905668 -0.005944 0.012250 -0.006427 -0.006216 0.082343 -0.001067 0.996584
1768845966.963900328 -0.005915 0.012140 -0.006469 -0.006062 0.082383 -0.001084 0.996582
1768845967.063800335 -0.005742 0.012156 -0.006394 -0.006169 0.082383 -0.001107 0.996581
1768845967.164540529 -0.005727 0.012190 -0.006417 -0.006106 0.082443 -0.001087 0.996577
1768845967.263851404 -0.005858 0.012206 -0.006341 -0.006049 0.082362 -0.001079 0.996584
1768845967.363920689 -0.005944 0.012293 -0.006238 -0.006119 0.082432 -0.001063 0.996577
1768845967.463927507 -0.006038 0.012340 -0.006411 -0.006031 0.082447 -0.001044 0.996577
1768845967.563776255 -0.006018 0.012239 -0.006219 -0.006015 0.082438 -0.001103 0.996577
1768845967.664132357 -0.006149 0.012440 -0.006475 -0.006078 0.082535 -0.001060 0.996569
1768845967.763956785 -0.006079 0.012370 -0.006362 -0.006120 0.082427 -0.001131 0.996578
1768845967.863896608 -0.006105 0.012479 -0.006445 -0.006058 0.082475 -0.000983 0.996574
1768845967.964273453 -0.005966 0.012254 -0.006420 -0.006042 0.082428 -0.001205 0.996578
1768845968.063884258 -0.005853 0.012255 -0.006391 -0.006177 0.082414 -0.001037 0.996579
1768845968.164517164 -0.005713 0.012070 -0.006506 -0.006209 0.082431 -0.001066 0.996577
1768845968.264143705 -0.005795 0.012033 -0.006625 -0.006158 0.082376 -0.000922 0.996582
1768845968.363835573 -0.005811 0.011994 -0.006550 -0.006131 0.082345 -0.001062 0.996584
1768845968.463966131 -0.005833 0.012125 -0.006565 -0.006091 0.082367 -0.001021 0.996583
1768845968.563951731 -0.005761 0.011917 -0.006479 -0.006188 0.082361 -0.001012 0.996583
1768845968.663867712 -0.005856 0.012121 -0.006447 -0.006024 0.082492 -0.001021 0.996573
1768845968.763937235 -0.005660 0.012095 -0.006346 -0.006065 0.082499 -0.001066 0.996572
1768845968.863972902 -0.005598 0.012059 -0.006184 -0.005968 0.082513 -0.000977 0.996572
1768845968.964180231 -0.005607 0.012150 -0.006305 -0.006057 0.082452 -0.000948 0.996576
1768845969.064297438 -0.005568 0.012100 -0.006184 -0.005942 0.082475 -0.000936 0.996575
1768845969.163657188 -0.005748 0.012094 -0.006215 -0.005998 0.082519 -0.001065 0.996571
1768845969.263902426 -0.005890 0.012002 -0.006120 -0.006005 0.082519 -0.000913 0.996571
1768845969.364986181 -0.005906 0.011826 -0.006107 -0.006063 0.082540 -0.001027 0.996569
1768845969.463862896 -0.005985 0.011921 -0.006136 -0.005980 0.082480 -0.001001 0.996574
1768845969.564089060 -0.005925 0.011912 -0.006193 -0.006036 0.082549 -0.000935 0.996568
1768845969.662894964 -0.005897 0.011890 -0.006143 -0.006051 0.082472 -0.000953 0.996575
1768845969.763942957 -0.005824 0.011958 -0.006133 -0.006015 0.082533 -0.001010 0.996570
1768845969.864028931 -0.005899 0.012024 -0.006181 -0.006085 0.082449 -0.000872 0.996576
1768845969.962828398 -0.005853 0.012056 -0.006205 -0.006019 0.082369 -0.000916 0.996583
1768845970.064528942 -0.004033 0.012144 -0.005659 -0.006144 0.080976 -0.000872 0.996697
1768845970.164721251 0.011648 0.012033 -0.005975 -0.005542 0.081816 -0.002510 0.996629
1768845970.262803078 0.031275 0.011560 -0.005729 -0.005603 0.081398 -0.002815 0.996662
1768845970.364102602 0.051135 0.011372 -0.006526 -0.005340 0.081763 -0.003715 0.996631
1768845970.464005470 0.070793 0.011039 -0.005642 -0.005063 0.080707 -0.004314 0.996716
1768845970.564250469 0.090313 0.010682 -0.005411 -0.004819 0.081797 -0.004637 0.996627
1768845970.664016485 0.109763 0.010353 -0.004221 -0.004532 0.080337 -0.004745 0.996746
1768845970.764483452 0.129606 0.009979 -0.004582 -0.004493 0.081369 -0.004899 0.996662
1768845970.863940239 0.148812 0.009661 -0.004135 -0.004191 0.080009 -0.004648 0.996775
1768845970.964014769 0.168201 0.009156 -0.004198 -0.004200 0.080720 -0.004746 0.996717
1768845971.063925266 0.187185 0.008692 -0.004036 -0.003935 0.079565 -0.004867 0.996810
1768845971.164667606 0.206954 0.007696 -0.003418 -0.004078 0.079867 -0.005350 0.996783
1768845971.263970375 0.226061 0.007101 -0.003345 -0.003877 0.079068 -0.005491 0.996847
1768845971.364010811 0.245586 0.006320 -0.003194 -0.004031 0.078810 -0.005575 0.996866
1768845971.464976072 0.265025 0.005752 -0.002948 -0.003990 0.078570 -0.006044 0.996882
1768845971.563996077 0.284277 0.005131 -0.001813 -0.003443 0.078024 -0.006072 0.996927
1768845971.664095879 0.303771 0.004163 -0.001564 -0.003536 0.078076 -0.006530 0.996920
1768845971.764074326 0.323094 0.003781 -0.000262 -0.003159 0.077129 -0.006335 0.996996
1768845971.864366531 0.342490 0.003286 -0.000756 -0.002989 0.077828 -0.006163 0.996943
1768845971.964045048 0.361322 0.002818 -0.000312 -0.002715 0.076579 -0.005963 0.997042
1768845972.064017057 0.380576 0.002381 -0.000618 -0.002668 0.077351 -0.005882 0.996983
1768845972.164668560 0.399617 0.001875 0.000102 -0.002509 0.076317 -0.006111 0.997062
1768845972.264551163 0.419235 0.001343 0.000206 -0.002563 0.076601 -0.006394 0.997038
1768845972.364034414 0.438485 0.000619 0.001142 -0.002644 0.075859 -0.006483 0.997094
1768845972.463974953 0.458213 -0.000101 0.000872 -0.002570 0.076283 -0.006671 0.997061
1768845972.563952446 0.477393 -0.000625 0.002091 -0.002516 0.075397 -0.006682 0.997128
1768845972.664109468 0.497273 -0.001209 0.002285 -0.002123 0.075870 -0.006729 0.997093
1768845972.764392853 0.517170 -0.002212 0.001876 -0.002111 0.075560 -0.006931 0.997115
1768845972.864045382 0.536531 -0.002855 0.003254 -0.001797 0.074818 -0.006286 0.997176
1768845972.966104031 0.556527 -0.003290 0.003342 -0.001800 0.075678 -0.005732 0.997114
1768845973.064445972 0.576089 -0.003957 0.004063 -0.001875 0.074749 -0.005556 0.997185
1768845973.164744854 0.595988 -0.004429 0.003885 -0.001951 0.075942 -0.005726 0.997094
1768845973.264724016 0.615453 -0.004912 0.004712 -0.002172 0.074931 -0.005829 0.997169
1768845973.364009380 0.635042 -0.005411 0.004621 -0.002381 0.076216 -0.006020 0.997070
1768845973.463955402 0.654133 -0.005767 0.005019 -0.002528 0.075353 -0.005748 0.997137
1768845973.562858105 0.673796 -0.006425 0.004509 -0.002805 0.076515 -0.005905 0.997047
1768845973.664570332 0.693695 -0.007059 0.004917 -0.002996 0.075594 -0.005893 0.997117
1768845973.764140606 0.713404 -0.007702 0.005359 -0.002879 0.076402 -0.006006 0.997055
1768845973.864055872 0.732723 -0.008213 0.006097 -0.002973 0.076230 -0.005784 0.997069
1768845973.964129925 0.752440 -0.008735 0.006344 -0.003134 0.076136 -0.005607 0.997077
1768845974.063354969 0.771600 -0.009371 0.006743 -0.003346 0.076515 -0.005073 0.997050
1768845974.162880659 0.791255 -0.009675 0.006546 -0.003694 0.076400 -0.005033 0.997058
1768845974.264141560 0.810766 -0.010181 0.007324 -0.003813 0.077072 -0.005241 0.997004
1768845974.364669800 0.830270 -0.010660 0.007985 -0.003806 0.076685 -0.005202 0.997035
1768845974.464455605 0.849820 -0.011291 0.007962 -0.003824 0.078250 -0.005134 0.996913
1768845974.562861919 0.868923 -0.011888 0.008597 -0.004037 0.077487 -0.004976 0.996973
1768845974.663992882 0.889191 -0.012395 0.007865 -0.004056 0.078666 -0.005007 0.996880
1768845974.764328718 0.908984 -0.013096 0.008463 -0.004077 0.077565 -0.005141 0.996966
1768845974.863809824 0.928860 -0.013590 0.008639 -0.004029 0.078722 -0.005260 0.996875
1768845974.963407278 0.948431 -0.014080 0.009057 -0.004098 0.077708 -0.004942 0.996956
1768845975.064205885 0.968436 -0.014642 0.008602 -0.004152 0.078445 -0.004620 0.996899
1768845975.164803982 0.987835 -0.015111 0.009114 -0.004083 0.077831 -0.004320 0.996949
1768845975.264144182 1.007400 -0.015699 0.009401 -0.004344 0.078285 -0.004664 0.996911
1768845975.362882376 1.026432 -0.016427 0.009010 -0.004294 0.078072 -0.004537 0.996928
1768845975.464094877 1.045975 -0.017088 0.009744 -0.004535 0.078201 -0.004453 0.996917
1768845975.564028740 1.065182 -0.017648 0.009644 -0.004442 0.077962 -0.004437 0.996937
1768845975.664319992 1.084705 -0.018059 0.010740 -0.004633 0.077842 -0.004453 0.996945
1768845975.763164997 1.103872 -0.018686 0.010073 -0.004576 0.078711 -0.004677 0.996876
1768845975.864862680 1.124103 -0.019193 0.010899 -0.004497 0.077459 -0.004568 0.996975
1768845975.964372396 1.145155 -0.019093 0.010672 -0.004551 0.078874 -0.004320 0.996865
1768845976.064161062 1.164685 -0.019590 0.011324 -0.004394 0.077625 -0.004140 0.996964
1768845976.164860964 1.185024 -0.019957 0.012746 -0.004577 0.078653 -0.003975 0.996884
1768845976.262879372 1.203798 -0.020566 0.011770 -0.004311 0.077850 -0.003918 0.996948
1768845976.364727259 1.223451 -0.021473 0.012230 -0.004681 0.078460 -0.004163 0.996898
1768845976.464245081 1.242507 -0.021963 0.012099 -0.004618 0.078258 -0.004046 0.996914
1768845976.565244436 1.262425 -0.022419 0.012604 -0.004923 0.078363 -0.004142 0.996904
1768845976.663171530 1.281022 -0.022863 0.012635 -0.005051 0.078633 -0.004118 0.996882
1768845976.764153719 1.300782 -0.023628 0.013690 -0.004966 0.078564 -0.004117 0.996888
1768845976.864118814 1.320429 -0.024209 0.013619 -0.005077 0.079438 -0.004335 0.996817
1768845976.964277506 1.340317 -0.024754 0.013811 -0.004697 0.078650 -0.004126 0.996883
1768845977.065114975 1.360452 -0.025200 0.013538 -0.004903 0.080200 -0.003849 0.996759
1768845977.164881945 1.379963 -0.025554 0.014107 -0.004817 0.079085 -0.003527 0.996850
1768845977.262773514 1.399392 -0.026026 0.013620 -0.004859 0.080510 -0.003325 0.996736
1768845977.364114285 1.419333 -0.026550 0.013914 -0.004881 0.079575 -0.003358 0.996811
1768845977.463006973 1.438752 -0.026937 0.013256 -0.005116 0.080925 -0.003447 0.996701
1768845977.564207315 1.458119 -0.027598 0.013947 -0.005089 0.080092 -0.003514 0.996768
1768845977.663443804 1.477791 -0.027889 0.013941 -0.005361 0.081267 -0.003619 0.996671
1768845977.764057398 1.497267 -0.028451 0.013888 -0.005213 0.080642 -0.003655 0.996723
1768845977.863213062 1.517455 -0.028915 0.013932 -0.004973 0.081506 -0.003688 0.996654
1768845977.966418028 1.537850 -0.029457 0.013853 -0.004816 0.081539 -0.003680 0.996652
1768845978.064225912 1.557635 -0.029900 0.014519 -0.004655 0.081532 -0.003438 0.996654
1768845978.163104773 1.576734 -0.030289 0.014004 -0.004634 0.081693 -0.003330 0.996641
1768845978.263602734 1.596191 -0.030699 0.014590 -0.004494 0.081570 -0.003098 0.996653
1768845978.363093615 1.615394 -0.031235 0.014588 -0.004526 0.082245 -0.003231 0.996597
1768845978.463661671 1.634834 -0.031828 0.014952 -0.004389 0.081722 -0.003386 0.996640
1768845978.564677000 1.654388 -0.032492 0.015060 -0.004491 0.083171 -0.003543 0.996519
1768845978.663433313 1.673475 -0.033050 0.015353 -0.004261 0.082405 -0.003521 0.996584
1768845978.764444590 1.693413 -0.033848 0.015778 -0.004280 0.083769 -0.003706 0.996469
1768845978.864347458 1.712687 -0.034400 0.015509 -0.003961 0.082404 -0.003819 0.996584
1768845978.964252710 1.732570 -0.034595 0.014849 -0.003745 0.083244 -0.003945 0.996514
1768845979.063030243 1.751738 -0.035061 0.014801 -0.003650 0.082673 -0.003768 0.996563
1768845979.163322926 1.771606 -0.035445 0.014702 -0.003413 0.082775 -0.003772 0.996555
1768845979.263454437 1.790603 -0.036078 0.015386 -0.003253 0.082786 -0.003458 0.996556
1768845979.365582943 1.810278 -0.036828 0.015320 -0.003207 0.082595 -0.003643 0.996571
1768845979.462823629 1.829312 -0.037322 0.015712 -0.003195 0.082808 -0.003661 0.996554
1768845979.563095331 1.848737 -0.037714 0.015672 -0.003084 0.082404 -0.003778 0.996587
1768845979.663324833 1.868018 -0.038102 0.015650 -0.003158 0.083207 -0.003756 0.996520
1768845979.763329983 1.887087 -0.038524 0.016223 -0.003073 0.082285 -0.004138 0.996596
1768845979.863607168 1.907036 -0.039046 0.015198 -0.003000 0.083128 -0.004190 0.996526
1768845979.963202953 1.926611 -0.039455 0.016221 -0.002877 0.081842 -0.004387 0.996632
1768845980.063119411 1.946480 -0.039895 0.015893 -0.002642 0.082824 -0.004468 0.996551
1768845980.165575266 1.965892 -0.040146 0.016575 -0.002742 0.081564 -0.004155 0.996656
1768845980.265065908 1.985517 -0.040810 0.016291 -0.002459 0.082127 -0.004238 0.996610
1768845980.364475965 2.004585 -0.041301 0.016628 -0.002361 0.081456 -0.003868 0.996667
1768845980.464330912 2.024258 -0.041799 0.017052 -0.002342 0.081560 -0.004242 0.996657
1768845980.563318729 2.043431 -0.042389 0.017477 -0.002118 0.081221 -0.004637 0.996683
1768845980.664600849 2.063122 -0.042948 0.018285 -0.002597 0.081257 -0.004917 0.996678
1768845980.764432669 2.081955 -0.043446 0.017965 -0.002452 0.081614 -0.005083 0.996648
1768845980.863172293 2.101181 -0.043993 0.018528 -0.002676 0.081663 -0.005169 0.996643
1768845980.965057611 2.121309 -0.044692 0.017902 -0.002780 0.082279 -0.005428 0.996591
1768845981.063468695 2.140737 -0.045238 0.018928 -0.002523 0.081490 -0.005328 0.996657
1768845981.165749550 2.160918 -0.045949 0.018199 -0.002683 0.082849 -0.005269 0.996545
1768845981.264238119 2.180227 -0.046588 0.018650 -0.002519 0.081585 -0.004828 0.996651
1768845981.362097025 2.199392 -0.047321 0.018200 -0.002755 0.083054 -0.004537 0.996531
1768845981.463198662 2.219092 -0.047625 0.018068 -0.002727 0.081845 -0.004591 0.996631
1768845981.564280033 2.238990 -0.047986 0.018319 -0.003057 0.083201 -0.004614 0.996517
1768845981.663608789 2.257897 -0.048664 0.018412 -0.002935 0.082731 -0.005178 0.996554
1768845981.764430761 2.277100 -0.050115 0.018773 -0.002063 0.082971 -0.010747 0.996492
1768845981.863198996 2.295827 -0.051851 0.018629 -0.001378 0.082930 -0.025486 0.996228
1768845981.963486433 2.313888 -0.054233 0.018644 0.000316 0.083192 -0.046098 0.995467
1768845982.063637018 2.330706 -0.057414 0.018283 0.002500 0.083238 -0.071792 0.993937
1768845982.163148642 2.345853 -0.060948 0.018451 0.004605 0.082873 -0.102071 0.991308
1768845982.263346195 2.360207 -0.065423 0.018405 0.007561 0.082836 -0.137309 0.987030
1768845982.363192797 2.373270 -0.070878 0.018174 0.011310 0.082643 -0.175454 0.980948
1768845982.463272810 2.388289 -0.077163 0.019361 0.013191 0.081993 -0.193500 0.977579
1768845982.563349724 2.405877 -0.084683 0.019778 0.013118 0.081972 -0.193739 0.977535
1768845982.664288044 2.423512 -0.092300 0.019037 0.013189 0.082371 -0.193883 0.977471
1768845982.764424801 2.440818 -0.100076 0.020034 0.012942 0.081686 -0.194142 0.977481
1768845982.863537312 2.458532 -0.107978 0.019437 0.012981 0.082549 -0.194767 0.977283
1768845982.963575602 2.476466 -0.115670 0.020110 0.013000 0.081376 -0.195601 0.977215
1768845983.064372063 2.494161 -0.123935 0.019566 0.012811 0.082299 -0.196332 0.976994
1768845983.163187027 2.511434 -0.131752 0.019860 0.013112 0.081277 -0.196665 0.977008
1768845983.264637709 2.529357 -0.139906 0.019885 0.012875 0.081976 -0.196898 0.976906
1768845983.364303112 2.547075 -0.147475 0.019791 0.013009 0.081041 -0.196868 0.976988
1768845983.464276791 2.564937 -0.155317 0.019939 0.012812 0.081726 -0.196936 0.976920
1768845983.564317465 2.582788 -0.163141 0.020114 0.013190 0.081516 -0.196423 0.977036
1768845983.662873268 2.600266 -0.170714 0.020322 0.012576 0.081781 -0.196209 0.977065
1768845983.762351990 2.617973 -0.178499 0.020059 0.012934 0.081713 -0.196082 0.977091
1768845983.864374638 2.636111 -0.186459 0.020412 0.012798 0.081588 -0.196100 0.977100
1768845983.963255167 2.653464 -0.194259 0.020462 0.013263 0.082443 -0.196493 0.976943
1768845984.064405203 2.671445 -0.202356 0.020512 0.013270 0.081599 -0.196971 0.976918
1768845984.162833214 2.688708 -0.210079 0.020017 0.013503 0.082836 -0.197151 0.976774
1768845984.264196873 2.706251 -0.217761 0.020734 0.013516 0.081787 -0.197705 0.976750
1768845984.364381552 2.723368 -0.226145 0.020420 0.014136 0.082319 -0.202607 0.975692
1768845984.463553905 2.739533 -0.234772 0.020645 0.014970 0.082538 -0.214637 0.973085
1768845984.564426661 2.755600 -0.243493 0.020342 0.016443 0.082373 -0.233136 0.968810
1768845984.662967443 2.770040 -0.252341 0.020260 0.018499 0.081796 -0.256868 0.962801
1768845984.763238192 2.783081 -0.261248 0.019812 0.020805 0.080905 -0.285688 0.954675
1768845984.863467455 2.794516 -0.270602 0.019733 0.024025 0.079892 -0.318648 0.944195
1768845984.962980509 2.803409 -0.280126 0.019861 0.027493 0.078382 -0.355440 0.931001
1768845985.063274860 2.811000 -0.289722 0.020281 0.031352 0.077204 -0.395607 0.914632
1768845985.165147305 2.817096 -0.299758 0.020463 0.034619 0.075434 -0.438548 0.894867
1768845985.262821913 2.822415 -0.309760 0.020924 0.038002 0.073724 -0.476792 0.875094
1768845985.363306999 2.831639 -0.325555 0.020963 0.039176 0.074087 -0.483065 0.871564
1768845985.466440439 2.841717 -0.342646 0.021402 0.038595 0.073301 -0.482845 0.871779
1768845985.563567400 2.851368 -0.358664 0.021326 0.038897 0.073279 -0.482805 0.871789
1768845985.664426088 2.861619 -0.375087 0.021108 0.038445 0.072861 -0.483193 0.871629
1768845985.762846470 2.871051 -0.391439 0.022254 0.039029 0.072094 -0.483753 0.871357
1768845985.863626957 2.881222 -0.408049 0.021954 0.038482 0.072391 -0.484156 0.871132
1768845985.964312792 2.891161 -0.425060 0.021973 0.038912 0.071206 -0.484363 0.871096
1768845986.063285828 2.901257 -0.441522 0.021786 0.039042 0.071886 -0.484577 0.870915
1768845986.163241625 2.911228 -0.458324 0.022310 0.038994 0.071168 -0.484476 0.871033
1768845986.264406443 2.921672 -0.475439 0.022466 0.039688 0.071835 -0.484292 0.871049
1768845986.363242626 2.931170 -0.492183 0.023123 0.039169 0.070939 -0.484064 0.871272
1768845986.463190317 2.941023 -0.509174 0.023337 0.039879 0.071374 -0.484272 0.871089
1768845986.562815666 2.950510 -0.526021 0.023854 0.039658 0.070705 -0.490589 0.867612
1768845986.662936449 2.959061 -0.543378 0.023787 0.040878 0.070328 -0.503719 0.860029
1768845986.764578581 2.966630 -0.560129 0.023414 0.042699 0.069072 -0.523013 0.848448
1768845986.863785744 2.972446 -0.575924 0.023535 0.045262 0.067868 -0.545130 0.834373
1768845986.963489294 2.977146 -0.591170 0.023971 0.047706 0.066379 -0.570224 0.817412
1768845987.063627005 2.980331 -0.605487 0.024499 0.050729 0.064768 -0.598328 0.797016
1768845987.163117886 2.982083 -0.618258 0.024535 0.053448 0.063049 -0.629584 0.772523
1768845987.263334751 2.982704 -0.631032 0.024204 0.056459 0.061176 -0.661360 0.745435
1768845987.362857342 2.983318 -0.645365 0.023968 0.058203 0.060092 -0.680370 0.728078
1768845987.463296413 2.984268 -0.664497 0.024001 0.058178 0.060408 -0.681194 0.727283
1768845987.563341141 2.984957 -0.683952 0.024288 0.058949 0.060442 -0.681717 0.726728
1768845987.663038254 2.985967 -0.703360 0.024146 0.058541 0.060852 -0.682096 0.726371
1768845987.763616323 2.986600 -0.723228 0.024520 0.059478 0.060472 -0.682293 0.726142
1768845987.863540649 2.987513 -0.742929 0.024933 0.058779 0.061018 -0.682105 0.726330
1768845987.964527130 2.988131 -0.762814 0.025234 0.059735 0.060507 -0.681880 0.726505
1768845988.063022614 2.989415 -0.782027 0.024837 0.059204 0.061412 -0.681760 0.726586
1768845988.163345337 2.990249 -0.801614 0.024350 0.059783 0.060650 -0.681821 0.726545
1768845988.264629841 2.990847 -0.821161 0.024465 0.059490 0.061493 -0.681966 0.726362
1768845988.362916470 2.991763 -0.840201 0.024877 0.059859 0.061069 -0.682024 0.726313
1768845988.464595795 2.992559 -0.860211 0.025108 0.059977 0.061716 -0.682344 0.725948
1768845988.562984228 2.993681 -0.879584 0.023269 0.059779 0.061724 -0.682331 0.725976
1768845988.663025856 2.994515 -0.899267 0.022737 0.060358 0.061867 -0.682813 0.725463
1768845988.763154030 2.995169 -0.919234 0.022413 0.060073 0.062563 -0.682575 0.725650
1768845988.865228415 2.995545 -0.938797 0.023474 0.061030 0.061749 -0.682708 0.725515
1768845988.963381767 2.996063 -0.958070 0.024842 0.060037 0.062342 -0.682602 0.725647
1768845989.063363791 2.996882 -0.977602 0.024966 0.060698 0.061825 -0.682143 0.726068
1768845989.162689686 2.997672 -0.996611 0.024715 0.059830 0.062986 -0.681893 0.726275
1768845989.263473034 2.998500 -1.016535 0.024626 0.060395 0.061972 -0.681995 0.726219
1768845989.362899065 2.999755 -1.035694 0.024829 0.059839 0.062939 -0.681858 0.726311
1768845989.464672327 3.000739 -1.055824 0.026119 0.059717 0.062149 -0.682008 0.726248
1768845989.564103603 3.001767 -1.075239 0.026141 0.059911 0.062397 -0.681996 0.726222
1768845989.664867163 3.002912 -1.095372 0.025968 0.059813 0.062197 -0.682332 0.725932
1768845989.763453007 3.004060 -1.115056 0.025715 0.060108 0.061904 -0.682564 0.725714
1768845989.863460779 3.004998 -1.134830 0.025978 0.059776 0.062164 -0.682516 0.725765
1768845989.963371277 3.005826 -1.154706 0.026332 0.060094 0.061347 -0.682368 0.725947
1768845990.063039780 3.006905 -1.174097 0.026881 0.059007 0.062125 -0.681903 0.726407
1768845990.162951946 3.007833 -1.193758 0.027301 0.059462 0.060967 -0.681893 0.726477
1768845990.263283014 3.008831 -1.213359 0.027823 0.058087 0.061684 -0.681627 0.726778
1768845990.363511324 3.009720 -1.232914 0.028679 0.058393 0.060536 -0.681720 0.726763
1768845990.463036299 3.010533 -1.252121 0.029003 0.057423 0.061186 -0.681652 0.726849
1768845990.563639879 3.011301 -1.271904 0.029501 0.057522 0.060007 -0.681717 0.726879
1768845990.663612604 3.012261 -1.291463 0.029680 0.056564 0.060375 -0.682087 0.726576
1768845990.763386726 3.013345 -1.311012 0.030410 0.056718 0.059138 -0.682190 0.726569
1768845990.862577677 3.014667 -1.330558 0.030166 0.056433 0.059233 -0.682412 0.726375
1768845990.963674307 3.015736 -1.350610 0.030424 0.056466 0.059037 -0.682147 0.726638
1768845991.063524723 3.017073 -1.370150 0.030445 0.056613 0.059078 -0.681830 0.726920
1768845991.163876057 3.017899 -1.389885 0.030384 0.056095 0.059163 -0.681465 0.727295
1768845991.264314175 3.018776 -1.409521 0.030303 0.056537 0.059086 -0.681221 0.727496
1768845991.363393545 3.019881 -1.428867 0.030398 0.055887 0.059619 -0.681133 0.727585
1768845991.463413000 3.021069 -1.448248 0.030413 0.056591 0.059057 -0.681016 0.727686
1768845991.564770699 3.022183 -1.467746 0.029891 0.055959 0.059581 -0.680996 0.727711
1768845991.664735079 3.023054 -1.487217 0.029827 0.056737 0.058829 -0.681090 0.727624
1768845991.762819529 3.024419 -1.506312 0.029531 0.055967 0.059717 -0.681538 0.727191
1768845991.866951942 3.025567 -1.526727 0.029486 0.056448 0.059266 -0.681582 0.727150
1768845991.964941978 3.027047 -1.545797 0.028737 0.055835 0.059792 -0.681626 0.727113
1768845992.063682079 3.027984 -1.564903 0.028219 0.056311 0.059427 -0.681401 0.727317
1768845992.163574219 3.029325 -1.584067 0.027211 0.055888 0.060119 -0.680900 0.727762
1768845992.263608694 3.030153 -1.603295 0.026711 0.055779 0.059703 -0.680634 0.728053
1768845992.363973856 3.031340 -1.622680 0.025957 0.055684 0.060099 -0.680535 0.728121
1768845992.463570356 3.032018 -1.641467 0.025805 0.055216 0.060177 -0.680508 0.728175
1768845992.563463688 3.033020 -1.660273 0.025311 0.055576 0.060336 -0.680285 0.728343
1768845992.663265228 3.033791 -1.679080 0.025034 0.055085 0.060416 -0.680404 0.728262
1768845992.762978554 3.034406 -1.697696 0.025317 0.055606 0.060358 -0.680526 0.728114
1768845992.863542557 3.034970 -1.716947 0.025111 0.054715 0.060901 -0.680841 0.727841
1768845992.966118097 3.035437 -1.736585 0.024814 0.055688 0.060373 -0.680883 0.727772
1768845993.064427614 3.036534 -1.755504 0.024492 0.055247 0.061238 -0.680777 0.727832
1768845993.163810253 3.037544 -1.774622 0.024377 0.055634 0.060471 -0.680503 0.728123
1768845993.262710571 3.038795 -1.792962 0.023891 0.055228 0.061699 -0.681073 0.727518
1768845993.365439177 3.038810 -1.812716 0.023222 0.056630 0.061512 -0.687335 0.721512
1768845993.462796688 3.038509 -1.830726 0.023317 0.057692 0.060484 -0.699271 0.709953
1768845993.563879728 3.036905 -1.849121 0.023433 0.058842 0.059306 -0.714667 0.694457
1768845993.663482904 3.034413 -1.865768 0.023535 0.059851 0.057637 -0.733559 0.674527
1768845993.763690948 3.032382 -1.883258 0.023803 0.061176 0.056087 -0.746350 0.660359
1768845993.863003016 3.029872 -1.902392 0.023762 0.061513 0.056789 -0.747220 0.659283
1768845993.963615656 3.026858 -1.921409 0.024286 0.060500 0.056102 -0.747362 0.659274
1768845994.063516855 3.024058 -1.940668 0.024260 0.060682 0.056613 -0.747423 0.659145
1768845994.163567305 3.021351 -1.959532 0.024523 0.059879 0.056173 -0.747283 0.659415
1768845994.263124943 3.018747 -1.978802 0.024221 0.060352 0.056838 -0.746961 0.659679
1768845994.363343716 3.016087 -1.997850 0.023705 0.060391 0.056825 -0.746689 0.659985
1768845994.463697672 3.013298 -2.017163 0.023805 0.060290 0.057095 -0.746336 0.660370
1768845994.563532114 3.010128 -2.035908 0.023883 0.060653 0.057243 -0.746177 0.660504
1768845994.662766218 3.007095 -2.054736 0.023798 0.060402 0.057196 -0.746290 0.660402
1768845994.765648842 3.003783 -2.074535 0.023133 0.061066 0.057712 -0.746555 0.659996
1768845994.863713980 3.000912 -2.093166 0.023924 0.060259 0.056724 -0.746945 0.659716
1768845994.963588715 2.997963 -2.112762 0.023749 0.060943 0.057169 -0.747152 0.659380
1768845995.063071489 2.995481 -2.131388 0.024073 0.060273 0.056126 -0.747252 0.659418
1768845995.162866592 2.992986 -2.151022 0.023886 0.060642 0.056664 -0.747151 0.659452
1768845995.262779474 2.990671 -2.169874 0.024260 0.059914 0.055775 -0.747220 0.659517
1768845995.362940311 2.987105 -2.189347 0.023947 0.060733 0.056799 -0.747119 0.659468
1768845995.463751078 2.983538 -2.208622 0.023829 0.060232 0.055703 -0.746801 0.659967
1768845995.563203096 2.980365 -2.227614 0.023662 0.060585 0.056521 -0.746781 0.659888
1768845995.663282633 2.978043 -2.246769 0.024164 0.060893 0.055985 -0.746802 0.659882
1768845995.763464212 2.975390 -2.265490 0.024294 0.061029 0.055969 -0.747030 0.659613
1768845995.863660097 2.972755 -2.284899 0.024472 0.061316 0.055903 -0.747390 0.659183
1768845995.963667870 2.969788 -2.304377 0.025608 0.060857 0.055845 -0.747881 0.658675
1768845996.062759876 2.966364 -2.323932 0.025378 0.061475 0.056611 -0.748099 0.658304
1768845996.163740158 2.963072 -2.342730 0.025002 0.060685 0.055415 -0.748145 0.658427
1768845996.263540030 2.959837 -2.361514 0.025180 0.061157 0.056203 -0.748028 0.658449
1768845996.363610268 2.957094 -2.381029 0.026076 0.060140 0.055249 -0.747950 0.658712
1768845996.463022947 2.953919 -2.400616 0.025887 0.060411 0.056464 -0.747695 0.658874
1768845996.562999487 2.950788 -2.419933 0.026325 0.059900 0.055757 -0.747588 0.659102
1768845996.662890196 2.947875 -2.439041 0.025508 0.060410 0.056394 -0.747525 0.659072
1768845996.763672352 2.945374 -2.458532 0.025528 0.060213 0.056046 -0.747670 0.658956
1768845996.864916563 2.943067 -2.478355 0.025437 0.060062 0.056259 -0.747987 0.658592
1768845996.965424061 2.940450 -2.497992 0.025210 0.060492 0.056175 -0.748298 0.658206
1768845997.064379930 2.938141 -2.517337 0.025374 0.059920 0.056027 -0.748467 0.658079
1768845997.163751125 2.935430 -2.536686 0.025114 0.060401 0.056373 -0.748434 0.658043
1768845997.264445782 2.932404 -2.556144 0.025233 0.059833 0.056054 -0.748403 0.658157
1768845997.362815142 2.929189 -2.575107 0.024177 0.060916 0.056465 -0.748189 0.658266
1768845997.464517117 2.925890 -2.595115 0.024728 0.060120 0.056518 -0.747990 0.658561
1768845997.562822819 2.922991 -2.613992 0.024091 0.060393 0.057286 -0.745207 0.661618
1768845997.663036108 2.920642 -2.633076 0.023461 0.060296 0.058358 -0.736753 0.670935
1768845997.762941837 2.919135 -2.651808 0.023648 0.059015 0.059858 -0.723051 0.685661
1768845997.862808228 2.918718 -2.669226 0.023788 0.057814 0.061257 -0.705898 0.703287
1768845997.963455200 2.919112 -2.685047 0.023558 0.056303 0.062667 -0.685248 0.723421
1768845998.063749552 2.920280 -2.699616 0.023643 0.053948 0.064986 -0.660950 0.745662
1768845998.163684368 2.922108 -2.712348 0.024020 0.051391 0.067286 -0.633045 0.769471
1768845998.262825251 2.924157 -2.724307 0.024254 0.049399 0.067753 -0.608372 0.789210
1768845998.362803936 2.928118 -2.743263 0.024215 0.049139 0.069240 -0.605818 0.791060
1768845998.463671684 2.932203 -2.762590 0.024456 0.049322 0.068409 -0.605988 0.790990
1768845998.562726974 2.936073 -2.781352 0.024918 0.049612 0.068969 -0.606030 0.790892
1768845998.663445950 2.940603 -2.800210 0.024817 0.049613 0.069487 -0.606038 0.790840
1768845998.764656782 2.946038 -2.819842 0.024930 0.049614 0.069238 -0.605309 0.791420
1768845998.863876820 2.951408 -2.838597 0.024811 0.049834 0.069879 -0.600009 0.795376
1768845998.963196516 2.956903 -2.856723 0.024657 0.049103 0.070890 -0.587471 0.804637
1768845999.063560009 2.963236 -2.873644 0.024661 0.047511 0.072287 -0.570011 0.817071
1768845999.162876844 2.970229 -2.889177 0.025151 0.045709 0.072936 -0.548403 0.831772
1768845999.261152029 2.977588 -2.902562 0.025159 0.043149 0.074989 -0.522738 0.848092
1768845999.362851381 2.985547 -2.915237 0.025889 0.040506 0.075640 -0.491977 0.866370
1768845999.463795424 2.993799 -2.926430 0.026274 0.037551 0.077080 -0.456249 0.885712
1768845999.562985182 3.001560 -2.934426 0.025279 0.033854 0.078261 -0.417311 0.904754
1768845999.662770510 3.010459 -2.943125 0.024820 0.030224 0.079179 -0.387651 0.917902
1768845999.762873411 3.024735 -2.957739 0.024424 0.030768 0.078868 -0.386064 0.918579
1768845999.863981962 3.039128 -2.972414 0.024200 0.030000 0.079664 -0.386175 0.918489
1768845999.963557959 3.053117 -2.987061 0.025156 0.030678 0.078464 -0.386124 0.918592
1768846000.063248634 3.067241 -3.001620 0.025447 0.030084 0.079458 -0.385338 0.918856
1768846000.163807631 3.081297 -3.016133 0.026496 0.029496 0.078643 -0.378036 0.921973
1768846000.262835026 3.095221 -3.029754 0.026546 0.028362 0.079067 -0.363902 0.927642
1768846000.363622665 3.109026 -3.041723 0.026755 0.026836 0.080047 -0.343162 0.935474
1768846000.463561535 3.121794 -3.051959 0.026960 0.024536 0.081054 -0.318416 0.944161
1768846000.562978268 3.133911 -3.060531 0.027227 0.022164 0.081852 -0.290052 0.953246
1768846000.664509058 3.145232 -3.067853 0.027383 0.019159 0.082887 -0.255864 0.962962
1768846000.762849569 3.155323 -3.073143 0.027804 0.016364 0.083763 -0.219982 0.971763
1768846000.862800837 3.167424 -3.079309 0.027989 0.014701 0.083687 -0.198749 0.976360
1768846000.962966919 3.184930 -3.087418 0.028309 0.014189 0.083662 -0.197773 0.976568
1768846001.063829422 3.202721 -3.095501 0.028497 0.014479 0.084380 -0.197003 0.976658
1768846001.162886620 3.220234 -3.103197 0.028915 0.013790 0.083707 -0.196470 0.976833
1768846001.262840271 3.237916 -3.111290 0.028698 0.014300 0.084136 -0.196639 0.976755
1768846001.364413500 3.255583 -3.119183 0.028615 0.013880 0.084216 -0.196063 0.976870
1768846001.463037968 3.272499 -3.126553 0.028873 0.013443 0.083788 -0.191063 0.977903
1768846001.564130783 3.289679 -3.133475 0.028497 0.012655 0.083805 -0.177682 0.980431
1768846001.662854910 3.306302 -3.139451 0.028198 0.011027 0.084225 -0.157675 0.983831
1768846001.763819933 3.322262 -3.144101 0.028545 0.008607 0.084413 -0.132274 0.987575
1768846001.863038063 3.337626 -3.147113 0.028700 0.006317 0.084935 -0.102899 0.991039
1768846001.964863777 3.352115 -3.149152 0.029033 0.003689 0.083965 -0.072325 0.993834
1768846002.062925577 3.369393 -3.152329 0.029619 0.002500 0.083817 -0.064950 0.994359
1768846002.162928581 3.388384 -3.155677 0.030039 0.002421 0.083870 -0.064876 0.994360
1768846002.263550758 3.406322 -3.158514 0.030501 0.002546 0.083726 -0.064674 0.994385
1768846002.363080025 3.424445 -3.161420 0.030609 0.002574 0.083688 -0.065423 0.994339
1768846002.463419437 3.442127 -3.164207 0.031197 0.002373 0.083652 -0.065752 0.994321
1768846002.565474272 3.459734 -3.167281 0.031630 0.002268 0.083461 -0.066367 0.994296
1768846002.662854910 3.476555 -3.170020 0.030796 0.002242 0.084088 -0.067135 0.994192
1768846002.763021231 3.493582 -3.173102 0.031176 0.002511 0.083466 -0.067276 0.994234
1768846002.862996817 3.511409 -3.176358 0.029749 0.002493 0.084146 -0.067486 0.994162
1768846002.962968111 3.529506 -3.179278 0.030289 0.002560 0.083178 -0.067123 0.994268
1768846003.062883615 3.548083 -3.182447 0.030075 0.002449 0.084283 -0.067277 0.994165
1768846003.161867857 3.566229 -3.185448 0.030779 0.002584 0.083548 -0.066742 0.994263
1768846003.263874531 3.585539 -3.188624 0.030372 0.002402 0.084296 -0.066671 0.994205
1768846003.362927914 3.604297 -3.191618 0.030368 0.002647 0.083589 -0.066877 0.994250
1768846003.462945938 3.623077 -3.194694 0.030376 0.002290 0.084120 -0.066979 0.994199
1768846003.564509392 3.641660 -3.197672 0.030242 0.002575 0.084201 -0.066988 0.994191
1768846003.662908554 3.660563 -3.200878 0.030344 0.002591 0.083860 -0.067858 0.994161
1768846003.763027668 3.679608 -3.203974 0.030152 0.002631 0.083889 -0.067872 0.994158
1768846003.863828182 3.699937 -3.207261 0.031182 0.002694 0.083592 -0.066770 0.994257
1768846003.962907791 3.720597 -3.210265 0.031938 0.002187 0.084051 -0.060251 0.994636
1768846004.063022375 3.741185 -3.212366 0.032629 0.001013 0.084592 -0.044324 0.995429
1768846004.162980318 3.760911 -3.213252 0.033056 -0.000794 0.083774 -0.022392 0.996233
1768846004.263065338 3.779955 -3.213443 0.033577 -0.002732 0.083252 0.003412 0.996519
1768846004.362937689 3.797243 -3.212150 0.033581 -0.006037 0.083195 0.033569 0.995949
1768846004.463185787 3.811681 -3.209710 0.033525 -0.008659 0.082488 0.069310 0.994141
1768846004.562968016 3.823757 -3.206348 0.033405 -0.012495 0.081975 0.109632 0.990507
1768846004.662933111 3.834682 -3.201678 0.032378 -0.016334 0.081872 0.154295 0.984491
1768846004.763163328 3.843623 -3.195853 0.030612 -0.020701 0.080999 0.203132 0.975576
1768846004.862920523 3.851325 -3.189846 0.029582 -0.024773 0.079554 0.254506 0.963475
1768846004.963376760 3.858461 -3.183240 0.028163 -0.029476 0.078510 0.306323 0.948227
1768846005.063038111 3.864988 -3.175791 0.027489 -0.032965 0.077129 0.354380 0.931332
1768846005.163210154 3.870269 -3.167566 0.026579 -0.037036 0.075132 0.396719 0.914110
1768846005.263004780 3.875433 -3.157492 0.025645 -0.039309 0.073426 0.426781 0.900512
1768846005.363209248 3.879880 -3.147053 0.024659 -0.042714 0.071301 0.459799 0.884125
1768846005.466087103 3.885996 -3.136204 0.023859 -0.045688 0.069811 0.496541 0.863994
1768846005.563693285 3.889573 -3.127299 0.022931 -0.049000 0.067752 0.535190 0.840583
1768846005.663531303 3.894936 -3.116064 0.023228 -0.049738 0.064990 0.559793 0.824581
1768846005.763558149 3.902956 -3.097905 0.024092 -0.050356 0.064645 0.562159 0.822959
1768846005.863144398 3.910966 -3.079704 0.023539 -0.050462 0.065725 0.562156 0.822870
1768846005.963126183 3.918435 -3.061586 0.024259 -0.050006 0.065186 0.562078 0.822993
1768846006.063296318 3.926450 -3.043253 0.024854 -0.050941 0.065701 0.562011 0.822941
1768846006.163144827 3.935038 -3.024814 0.025804 -0.050847 0.065116 0.561719 0.823193
1768846006.263793945 3.944268 -3.006342 0.026965 -0.051837 0.064888 0.561701 0.823161
1768846006.363103867 3.953099 -2.988109 0.028497 -0.051516 0.064389 0.564447 0.821340
1768846006.463214397 3.961617 -2.969797 0.029265 -0.052657 0.063321 0.573593 0.814990
1768846006.563067436 3.969342 -2.952127 0.030527 -0.054154 0.062010 0.589005 0.803925
1768846006.663359880 3.974919 -2.935220 0.031624 -0.055501 0.060785 0.606851 0.790542
1768846006.763293028 3.979734 -2.918031 0.031944 -0.056983 0.059617 0.619663 0.780523
1768846006.865522385 3.984602 -2.898510 0.031600 -0.056755 0.060144 0.620519 0.779819
1768846006.963177919 3.989290 -2.879970 0.031352 -0.057389 0.059995 0.620485 0.779812
1768846007.063263178 3.994373 -2.861009 0.031566 -0.056990 0.060903 0.620551 0.779717
1768846007.162771225 3.999588 -2.842645 0.031611 -0.057643 0.060697 0.620525 0.779706
1768846007.263004541 4.004855 -2.823716 0.031808 -0.057249 0.060996 0.620737 0.779543
1768846007.363722801 4.009961 -2.805099 0.031925 -0.057770 0.060591 0.620966 0.779354
1768846007.465546370 4.014675 -2.785858 0.032082 -0.057017 0.060649 0.621167 0.779245
1768846007.564929485 4.018903 -2.767120 0.031560 -0.057610 0.060323 0.621389 0.779049
1768846007.666049242 4.023171 -2.747819 0.031592 -0.056699 0.060082 0.621618 0.778952
1768846007.763160706 4.027430 -2.729199 0.030836 -0.057126 0.060103 0.621367 0.779119
1768846007.864571095 4.032071 -2.710152 0.031134 -0.056730 0.059315 0.621773 0.778885
1768846007.963833570 4.036726 -2.691642 0.030750 -0.057283 0.059182 0.621590 0.779000
1768846008.063038588 4.041984 -2.673015 0.030806 -0.056978 0.058858 0.621728 0.778937
1768846008.163849592 4.047431 -2.653895 0.030783 -0.057078 0.059732 0.621786 0.778817
1768846008.263139248 4.052915 -2.635490 0.031382 -0.057286 0.059103 0.621771 0.778862
1768846008.363121271 4.058617 -2.616406 0.031899 -0.057849 0.059916 0.621854 0.778692
1768846008.463828087 4.063916 -2.597397 0.032565 -0.058703 0.059278 0.622044 0.778525
1768846008.564662218 4.068954 -2.578131 0.033020 -0.058557 0.060412 0.622184 0.778337
1768846008.663128853 4.074230 -2.558941 0.033485 -0.059545 0.060721 0.622357 0.778100
1768846008.764041185 4.080475 -2.539439 0.034566 -0.059137 0.061309 0.622337 0.778100
1768846008.863693237 4.086104 -2.520627 0.035619 -0.060389 0.061302 0.622605 0.777791
1768846008.963462830 4.091956 -2.501977 0.037225 -0.059529 0.061374 0.622722 0.777758
1768846009.063098669 4.097430 -2.483274 0.038348 -0.060494 0.061432 0.622821 0.777599
1768846009.163362503 4.103061 -2.463728 0.039784 -0.059811 0.060930 0.624632 0.776238
1768846009.263265610 4.107619 -2.444738 0.040369 -0.060978 0.061266 0.633135 0.769199
1768846009.363197803 4.111185 -2.426695 0.041832 -0.062448 0.059773 0.648450 0.756333
1768846009.463117123 4.113743 -2.410482 0.042882 -0.063651 0.058194 0.667383 0.739704
1768846009.563957930 4.115821 -2.395498 0.044413 -0.065006 0.056187 0.686046 0.722466
1768846009.663262367 4.118402 -2.376215 0.045837 -0.065970 0.055944 0.688859 0.719717
1768846009.764443874 4.120712 -2.356486 0.047525 -0.065774 0.056549 0.688859 0.719687
1768846009.863988400 4.122552 -2.337217 0.048691 -0.066680 0.056170 0.688717 0.719769
1768846009.962893963 4.124480 -2.318054 0.049824 -0.065597 0.056324 0.688415 0.720145
1768846010.063124895 4.125875 -2.298995 0.049832 -0.066246 0.056399 0.688351 0.720141
1768846010.163446665 4.127492 -2.279916 0.050181 -0.065152 0.056562 0.688424 0.720158
1768846010.263257265 4.129271 -2.260474 0.049847 -0.066469 0.056605 0.688220 0.720230
1768846010.363461733 4.131279 -2.240978 0.050293 -0.065825 0.056465 0.688436 0.720094
1768846010.463190079 4.132978 -2.221408 0.050487 -0.066692 0.056742 0.688443 0.719985
1768846010.563410997 4.134421 -2.202079 0.051320 -0.066326 0.056132 0.688818 0.719708
1768846010.663206339 4.135692 -2.182443 0.051430 -0.067327 0.057458 0.688845 0.719485
1768846010.763158083 4.136809 -2.163352 0.052400 -0.067313 0.056360 0.689103 0.719325
1768846010.863250494 4.138215 -2.143726 0.052562 -0.067564 0.057566 0.688625 0.719665
1768846010.963176250 4.139754 -2.124286 0.052711 -0.067743 0.056050 0.688511 0.719876
1768846011.063017130 4.140918 -2.104707 0.052011 -0.067270 0.057295 0.688201 0.720119
1768846011.163373947 4.141724 -2.085338 0.051301 -0.067665 0.056349 0.688035 0.720315
1768846011.264388561 4.142804 -2.065729 0.050537 -0.066753 0.056430 0.687955 0.720470
1768846011.366524458 4.143572 -2.046072 0.049303 -0.067348 0.056171 0.687925 0.720464
1768846011.463262796 4.144593 -2.027138 0.048345 -0.066198 0.055347 0.687964 0.720597
1768846011.563525915 4.144993 -2.007759 0.046725 -0.066212 0.055402 0.688295 0.720275
1768846011.663141251 4.145800 -1.988141 0.046116 -0.065526 0.054834 0.688620 0.720071
1768846011.761956930 4.146289 -1.968748 0.044684 -0.065849 0.054927 0.688815 0.719848
1768846011.863444090 4.146822 -1.949046 0.043709 -0.065136 0.054162 0.688881 0.719908
1768846011.963427067 4.147221 -1.929016 0.041667 -0.064752 0.054159 0.688542 0.720266
1768846012.063461065 4.148134 -1.909637 0.040515 -0.063914 0.053742 0.688345 0.720561
1768846012.163423061 4.149215 -1.890031 0.038498 -0.063935 0.054246 0.688146 0.720711
1768846012.262025833 4.150009 -1.871148 0.037487 -0.063769 0.054106 0.687955 0.720918
1768846012.363393545 4.150870 -1.851187 0.036493 -0.063970 0.054789 0.687830 0.720969
1768846012.463485003 4.151530 -1.831934 0.035581 -0.064295 0.054313 0.687614 0.721182
1768846012.563701868 4.152497 -1.812269 0.035169 -0.063888 0.054839 0.687675 0.721120
1768846012.664092064 4.153250 -1.792425 0.034356 -0.064352 0.054143 0.687986 0.720835
1768846012.763420105 4.154359 -1.773526 0.034108 -0.063729 0.054447 0.688181 0.720681
1768846012.864451170 4.155416 -1.753998 0.033618 -0.064250 0.054809 0.688187 0.720602
1768846012.963195562 4.156948 -1.734828 0.033969 -0.063597 0.054654 0.687914 0.720932
1768846013.063627958 4.158047 -1.715021 0.033453 -0.064103 0.055300 0.687552 0.721183
1768846013.163609743 4.159306 -1.695902 0.033697 -0.062986 0.054083 0.687390 0.721528
1768846013.263309240 4.160370 -1.676454 0.033390 -0.063203 0.054985 0.687311 0.721516
1768846013.363291740 4.161320 -1.657314 0.033687 -0.062935 0.053861 0.687118 0.721808
1768846013.461214542 4.162330 -1.638257 0.033191 -0.063099 0.054883 0.686983 0.721846
1768846013.563492537 4.163151 -1.618493 0.033391 -0.063101 0.053767 0.687172 0.721749
1768846013.664289236 4.164348 -1.598814 0.033053 -0.063187 0.054557 0.687274 0.721586
1768846013.763398409 4.165336 -1.579512 0.032854 -0.063667 0.054283 0.687535 0.721315
1768846013.863842964 4.166748 -1.559879 0.032671 -0.063340 0.054832 0.687506 0.721330
1768846013.964208841 4.167849 -1.540193 0.031680 -0.064292 0.055218 0.687494 0.721227
1768846014.063256741 4.169306 -1.520605 0.032017 -0.063215 0.055204 0.687404 0.721409
1768846014.163754463 4.170547 -1.501038 0.031381 -0.063984 0.055765 0.686973 0.721709
1768846014.263321161 4.171717 -1.481845 0.032074 -0.062774 0.054665 0.686913 0.721957
1768846014.363363743 4.172723 -1.462616 0.031806 -0.063559 0.054916 0.686741 0.722033
1768846014.463398218 4.173501 -1.443283 0.032429 -0.062754 0.053548 0.686735 0.722212
1768846014.563412905 4.174528 -1.423736 0.032088 -0.063290 0.053839 0.686756 0.722124
1768846014.663349152 4.175983 -1.404282 0.032640 -0.062279 0.051853 0.687086 0.722043
1768846014.763380051 4.177628 -1.384545 0.032579 -0.062724 0.052469 0.687408 0.721653
1768846014.863288879 4.178868 -1.364860 0.032722 -0.062524 0.051561 0.687802 0.721361
1768846014.963435173 4.179585 -1.344958 0.032413 -0.062706 0.052560 0.687774 0.721299
1768846015.062970638 4.180474 -1.325598 0.032205 -0.062937 0.051616 0.687659 0.721456
1768846015.163951635 4.181577 -1.305669 0.032449 -0.062597 0.052780 0.687299 0.721745
1768846015.263489485 4.182459 -1.286487 0.032173 -0.063672 0.052203 0.687097 0.721885
1768846015.363365650 4.183750 -1.267138 0.032580 -0.062996 0.052793 0.686933 0.722057
1768846015.463303804 4.184414 -1.247949 0.032792 -0.064346 0.052899 0.686956 0.721909
1768846015.563510895 4.185467 -1.228783 0.033133 -0.063888 0.052897 0.686763 0.722133
1768846015.663456202 4.186341 -1.208986 0.033452 -0.064674 0.053009 0.686961 0.721867
1768846015.763437986 4.187282 -1.189632 0.032970 -0.063728 0.052548 0.687129 0.721825
1768846015.863409996 4.187607 -1.169359 0.032332 -0.064346 0.053595 0.687450 0.721388
1768846015.963661909 4.188682 -1.149753 0.031907 -0.063758 0.052374 0.687761 0.721233
1768846016.063541412 4.190013 -1.130232 0.031814 -0.064224 0.053892 0.687561 0.721270
1768846016.163329124 4.191434 -1.110426 0.032055 -0.064310 0.053165 0.687501 0.721374
1768846016.263575315 4.192846 -1.090794 0.031998 -0.063656 0.053528 0.687171 0.721719
1768846016.363457441 4.194055 -1.071369 0.032419 -0.064555 0.053122 0.687289 0.721557
1768846016.464608669 4.195776 -1.051621 0.032834 -0.064162 0.053301 0.686989 0.721864
1768846016.563467979 4.196907 -1.032696 0.032680 -0.065244 0.053400 0.686956 0.721791
1768846016.663603544 4.198436 -1.013466 0.032659 -0.064493 0.053338 0.687023 0.721800
1768846016.763598204 4.199585 -0.993916 0.032886 -0.065408 0.053103 0.687251 0.721518
1768846016.863349199 4.200478 -0.974813 0.033398 -0.064695 0.052842 0.687611 0.721258
1768846016.963487387 4.201307 -0.955253 0.033021 -0.065437 0.053112 0.687733 0.721055
1768846017.063343525 4.202367 -0.935832 0.033437 -0.064683 0.052567 0.687680 0.721214
1768846017.163476706 4.203139 -0.916009 0.033126 -0.064994 0.053533 0.687505 0.721281
1768846017.264339209 4.204249 -0.896697 0.033187 -0.064418 0.052562 0.687450 0.721456
1768846017.362987995 4.205514 -0.877314 0.032497 -0.064438 0.053629 0.687178 0.721636
1768846017.464890957 4.206410 -0.857981 0.032582 -0.064636 0.052882 0.687097 0.721750
1768846017.563444138 4.207472 -0.838725 0.032920 -0.064488 0.053686 0.686848 0.721941
1768846017.663519859 4.208430 -0.819549 0.032866 -0.065186 0.052767 0.687065 0.721740
1768846017.763415575 4.209295 -0.800541 0.033089 -0.064468 0.053145 0.687301 0.721552
1768846017.863568783 4.209979 -0.781477 0.033228 -0.065017 0.052264 0.687406 0.721467
1768846017.963652134 4.210734 -0.762429 0.033714 -0.064459 0.051995 0.687724 0.721233
1768846018.063376665 4.211701 -0.743495 0.033387 -0.065109 0.051700 0.687674 0.721244
1768846018.163423300 4.212669 -0.724541 0.033549 -0.064292 0.051427 0.687615 0.721392
1768846018.263550758 4.213376 -0.705450 0.033810 -0.064496 0.051329 0.687147 0.721827
1768846018.363375902 4.214465 -0.686140 0.034354 -0.063746 0.050658 0.687035 0.722048
1768846018.463484049 4.214953 -0.666965 0.034043 -0.064324 0.051370 0.686679 0.722285
1768846018.563939810 4.216202 -0.647815 0.034310 -0.063789 0.050822 0.686859 0.722200
1768846018.663571835 4.217152 -0.628182 0.034093 -0.064337 0.051679 0.686685 0.722256
1768846018.763808966 4.217965 -0.609062 0.034520 -0.064236 0.050868 0.686874 0.722143
1768846018.863811016 4.219189 -0.589246 0.034224 -0.064495 0.052190 0.686959 0.721945
1768846018.963169098 4.220285 -0.569904 0.034597 -0.064667 0.051334 0.687329 0.721638
1768846019.064422369 4.221897 -0.550023 0.034398 -0.064736 0.052152 0.687216 0.721681
1768846019.163501024 4.223157 -0.530906 0.034568 -0.065331 0.051823 0.687242 0.721627
1768846019.263448954 4.224456 -0.511972 0.035827 -0.064436 0.052165 0.686971 0.721940
1768846019.363974333 4.225433 -0.492656 0.035775 -0.064935 0.051908 0.686548 0.722317
1768846019.463440657 4.226745 -0.473207 0.035375 -0.064065 0.051998 0.686270 0.722652
1768846019.563883543 4.227833 -0.453440 0.034612 -0.064952 0.052551 0.685944 0.722842
1768846019.663557768 4.228898 -0.433725 0.035317 -0.063948 0.052438 0.685838 0.723040
1768846019.765514374 4.230020 -0.413565 0.034415 -0.064876 0.053405 0.685678 0.723039
1768846019.863013029 4.231109 -0.395100 0.034986 -0.064716 0.052972 0.685661 0.723101
1768846019.963343143 4.232396 -0.375792 0.034183 -0.065409 0.054420 0.685892 0.722711
1768846020.063478708 4.233269 -0.355865 0.034137 -0.065613 0.054109 0.688036 0.720675
1768846020.163474083 4.234159 -0.336278 0.033854 -0.067077 0.054043 0.696473 0.712394
1768846020.263442516 4.233740 -0.317019 0.033976 -0.068428 0.053369 0.709539 0.699302
1768846020.363723516 4.232319 -0.299884 0.033855 -0.069602 0.052032 0.725345 0.682878
1768846020.463036776 4.230333 -0.284351 0.033818 -0.069659 0.050187 0.740809 0.666206
1768846020.562757969 4.228083 -0.265417 0.033756 -0.069872 0.050572 0.742033 0.664791
1768846020.663659334 4.225410 -0.246339 0.033802 -0.069659 0.049887 0.742150 0.664735
1768846020.763603449 4.223132 -0.227411 0.034398 -0.068966 0.050354 0.741997 0.664943
1768846020.863749743 4.220750 -0.208555 0.034432 -0.069149 0.049282 0.742471 0.664475
1768846020.963849783 4.218429 -0.189201 0.034520 -0.068014 0.049756 0.742693 0.664308
1768846021.065248251 4.216173 -0.170049 0.034408 -0.068234 0.048996 0.743008 0.663990
1768846021.163777590 4.214446 -0.151155 0.034728 -0.067415 0.049511 0.743301 0.663708
1768846021.263755322 4.212229 -0.132173 0.034821 -0.068099 0.048738 0.743284 0.663714
1768846021.363494873 4.210473 -0.112839 0.034678 -0.067351 0.049218 0.743051 0.664015
1768846021.463603020 4.208227 -0.093613 0.034554 -0.067881 0.048997 0.742684 0.664388
1768846021.563529730 4.206111 -0.074352 0.034559 -0.067281 0.049567 0.742306 0.664829
1768846021.663633347 4.203967 -0.054902 0.034775 -0.067719 0.049806 0.742064 0.665037
1768846021.763906240 4.202170 -0.035614 0.034548 -0.067606 0.049647 0.742110 0.665009
1768846021.863614798 4.200069 -0.015975 0.034033 -0.067979 0.050158 0.742073 0.664974
1768846021.963611841 4.198687 0.003485 0.034455 -0.067713 0.050001 0.742512 0.664523
1768846022.063657999 4.196962 0.022959 0.034417 -0.067696 0.050099 0.742691 0.664318
1768846022.163333416 4.194958 0.042149 0.034622 -0.067718 0.049956 0.742986 0.663996
1768846022.262984753 4.192938 0.061739 0.034748 -0.067861 0.050391 0.742847 0.664103
1768846022.364180088 4.190918 0.080669 0.034594 -0.067977 0.049830 0.742671 0.664331
1768846022.463600636 4.188888 0.099822 0.034787 -0.067770 0.050815 0.742343 0.664644
1768846022.563796520 4.186271 0.119029 0.034157 -0.067790 0.050291 0.742018 0.665044
1768846022.663579464 4.184477 0.138566 0.034429 -0.067190 0.050557 0.741652 0.665493
1768846022.763589859 4.182626 0.158064 0.034394 -0.067830 0.049784 0.741722 0.665409
1768846022.863934994 4.180274 0.177829 0.034881 -0.067199 0.050303 0.741885 0.665253
1768846022.963601828 4.177768 0.197674 0.034390 -0.068318 0.050418 0.744046 0.662711
1768846023.063657522 4.174822 0.216926 0.034851 -0.068107 0.049607 0.751021 0.654880
1768846023.163169384 4.171527 0.235459 0.034649 -0.068916 0.048504 0.762510 0.641464
1768846023.263705730 4.169018 0.254729 0.034365 -0.069815 0.048198 0.765514 0.637802
1768846023.363654852 4.165949 0.274132 0.034644 -0.069355 0.047967 0.765728 0.637613
1768846023.464287043 4.162833 0.293921 0.034563 -0.070114 0.047847 0.765450 0.637872
1768846023.563664675 4.159778 0.313551 0.034274 -0.069309 0.047994 0.765116 0.638350
1768846023.663641214 4.156624 0.333504 0.034283 -0.070114 0.047668 0.764834 0.638624
1768846023.763723135 4.153756 0.353122 0.034519 -0.069235 0.047778 0.764807 0.638744
1768846023.863651991 4.150579 0.372972 0.034326 -0.070126 0.047184 0.764862 0.638625
1768846023.963686466 4.147652 0.392842 0.034625 -0.069601 0.047946 0.765327 0.638069
1768846024.063768625 4.144864 0.412623 0.033947 -0.070260 0.047238 0.765518 0.637820
1768846024.163696766 4.141786 0.432335 0.034116 -0.070010 0.048000 0.765754 0.637507
1768846024.263625860 4.138279 0.451651 0.034071 -0.070390 0.047370 0.765774 0.637488
1768846024.363873959 4.135154 0.470657 0.034210 -0.070567 0.047825 0.765650 0.637584
1768846024.463598251 4.132105 0.489722 0.034008 -0.070542 0.047460 0.765593 0.637682
1768846024.564714432 4.129061 0.509465 0.033439 -0.071198 0.048028 0.765177 0.638066
1768846024.664659739 4.125918 0.528658 0.033731 -0.070375 0.047728 0.764892 0.638521
1768846024.762777567 4.122844 0.547504 0.033655 -0.071463 0.047446 0.764441 0.638961
1768846024.863152027 4.119344 0.566808 0.034257 -0.070347 0.047697 0.764317 0.639215
1768846024.962925196 4.115927 0.586025 0.033857 -0.071535 0.047509 0.764363 0.639043
1768846025.063719034 4.112181 0.605765 0.033818 -0.070681 0.048174 0.765000 0.638325
1768846025.163269281 4.108069 0.625072 0.033776 -0.071443 0.047193 0.769391 0.633014
1768846025.263893127 4.103813 0.643955 0.033325 -0.072577 0.046045 0.780477 0.619248
1768846025.363750696 4.098734 0.661762 0.032987 -0.073308 0.044618 0.794128 0.601661
1768846025.463790655 4.093253 0.677509 0.032670 -0.073640 0.042937 0.810158 0.579980
1768846025.563867569 4.087117 0.691710 0.032366 -0.075682 0.040860 0.828198 0.553797
1768846025.663638353 4.080374 0.704298 0.032609 -0.076962 0.038508 0.847545 0.523700
1768846025.763598919 4.073590 0.715237 0.032410 -0.078799 0.035888 0.868025 0.488913
1768846025.863692284 4.066015 0.724277 0.032384 -0.080799 0.032826 0.889098 0.449331
1768846025.963730574 4.058923 0.731439 0.032309 -0.082636 0.028797 0.909741 0.405849
1768846026.063133478 4.052064 0.736755 0.031662 -0.083705 0.025289 0.928514 0.360854
1768846026.162956715 4.040841 0.747412 0.031456 -0.083948 0.024081 0.933978 0.346492
1768846026.263874054 4.026441 0.761016 0.031890 -0.084260 0.024013 0.933987 0.346400
1768846026.363703966 4.011797 0.774461 0.031989 -0.084102 0.024111 0.933764 0.347030
1768846026.463948965 3.996896 0.788198 0.031166 -0.083394 0.023067 0.933791 0.347201
1768846026.563781977 3.981393 0.802726 0.028932 -0.084222 0.020100 0.934012 0.346589
1768846026.663686991 3.966736 0.814154 0.024507 -0.083612 0.022434 0.934176 0.346151
1768846026.763751268 3.954793 0.828491 0.029468 -0.084287 0.025131 0.934208 0.345716
1768846026.863778353 3.940581 0.841129 0.029848 -0.083502 0.023016 0.934588 0.345027
1768846026.963469982 3.925967 0.852889 0.026917 -0.083399 0.022419 0.934836 0.344419
1768846027.065855503 3.910924 0.864622 0.022776 -0.082818 0.023917 0.935111 0.343711
1768846027.163316250 3.898773 0.877504 0.031294 -0.084627 0.022838 0.935042 0.343530
1768846027.263691902 3.883311 0.893244 0.031526 -0.084338 0.024417 0.934991 0.343630
1768846027.363939285 3.869352 0.905393 0.031175 -0.084661 0.022441 0.935073 0.343464
1768846027.464281797 3.855149 0.918113 0.032424 -0.083136 0.025215 0.934962 0.343946
1768846027.563526869 3.845239 0.930948 0.038754 -0.084256 0.024974 0.934896 0.343870
1768846027.663770914 3.828460 0.941810 0.033332 -0.083734 0.023076 0.935125 0.343508
1768846027.763766527 3.808842 0.949805 0.022672 -0.084086 0.020881 0.935471 0.342617
1768846027.864447355 3.791091 0.961467 0.020777 -0.084114 0.020357 0.935519 0.342512
1768846027.963722706 3.776647 0.973356 0.019164 -0.084413 0.020662 0.935633 0.342109
1768846028.062799692 3.762085 0.987612 0.021121 -0.084267 0.020678 0.935622 0.342175
1768846028.164454222 3.753874 1.002123 0.031370 -0.083592 0.024475 0.935483 0.342470
1768846028.263996840 3.739189 1.013203 0.035853 -0.083820 0.023482 0.935617 0.342118
1768846028.362985373 3.722632 1.023237 0.027451 -0.083331 0.023685 0.936579 0.339579
1768846028.462819576 3.708413 1.037876 0.031563 -0.084275 0.022814 0.935061 0.343566
1768846028.564004183 3.691125 1.051145 0.017211 -0.085927 0.024563 0.931287 0.353153
1768846028.663854599 3.679022 1.065386 0.021680 -0.084627 0.025858 0.924668 0.370348
1768846028.763379335 3.668171 1.082811 0.032662 -0.085206 0.026820 0.917042 0.388657
1768846028.863855839 3.655625 1.101525 0.022440 -0.085044 0.028261 0.905882 0.413940
1768846028.963895082 3.650147 1.112110 0.024596 -0.084211 0.030431 0.893553 0.439938
1768846029.063820362 3.639816 1.122457 0.030045 -0.081399 0.035272 0.875723 0.474594
1768846029.164536476 3.632999 1.133598 0.017171 -0.080341 0.037909 0.853814 0.512942
1768846029.266222239 3.626978 1.147262 0.013270 -0.080902 0.043290 0.823395 0.560002
1768846029.363156557 3.622993 1.162398 0.012783 -0.080025 0.041870 0.818282 0.567677
1768846029.463882685 3.618423 1.177456 0.038433 -0.078507 0.042149 0.818102 0.568128
1768846029.563934803 3.613482 1.195056 0.030016 -0.077289 0.039161 0.818781 0.567530
1768846029.663998365 3.605887 1.213694 0.032211 -0.076432 0.039947 0.818796 0.567570
1768846029.763938904 3.599065 1.234493 0.026912 -0.081865 0.043178 0.818422 0.567115
1768846029.863764048 3.590653 1.252199 0.024172 -0.077425 0.039814 0.818375 0.568052
1768846029.963910580 3.584640 1.270778 0.022610 -0.082842 0.042814 0.817838 0.567843
1768846030.064565659 3.576980 1.293022 0.028398 -0.082626 0.041967 0.817521 0.568394
1768846030.163862944 3.571154 1.309719 0.029791 -0.082954 0.041912 0.817313 0.568649
1768846030.261272430 3.564139 1.326588 0.031150 -0.083219 0.042285 0.816931 0.569131
1768846030.363779783 3.560255 1.342092 0.035677 -0.077911 0.040531 0.817400 0.569337
1768846030.462850571 3.556721 1.358464 0.028176 -0.076862 0.039692 0.817593 0.569261
1768846030.563960791 3.550617 1.377569 0.026907 -0.076856 0.040602 0.817566 0.569236
1768846030.663922787 3.541852 1.397210 0.019966 -0.079846 0.045835 0.817509 0.568509
1768846030.763831615 3.534637 1.417515 0.016548 -0.078769 0.043468 0.817513 0.568840
1768846030.863945007 3.527237 1.436409 0.019881 -0.081818 0.044068 0.817237 0.568759
1768846030.963882208 3.521587 1.455469 0.018821 -0.080167 0.043973 0.815262 0.571828
1768846031.064020634 3.518172 1.474211 0.022375 -0.078663 0.043427 0.806285 0.584663
1768846031.164827824 3.508481 1.491395 0.035899 -0.078674 0.044787 0.795793 0.598763
1768846031.264856577 3.505274 1.510679 0.016340 -0.080071 0.047977 0.791889 0.603488
1768846031.363946199 3.502785 1.528571 0.008758 -0.076412 0.046095 0.791347 0.604819
1768846031.463888168 3.499771 1.545746 0.024097 -0.075621 0.045475 0.791220 0.605131
1768846031.565684080 3.494293 1.564735 0.023664 -0.076321 0.045919 0.791211 0.605022
1768846031.662861109 3.490944 1.581969 0.019724 -0.074399 0.047114 0.791395 0.604929
1768846031.762221336 3.488663 1.600867 0.018705 -0.074349 0.046922 0.791385 0.604963
1768846031.863846540 3.480983 1.617934 0.016640 -0.071962 0.043330 0.794113 0.601937
1768846031.963115215 3.476507 1.633628 0.017141 -0.071033 0.043773 0.790048 0.607340
1768846032.062866211 3.473019 1.655474 0.017875 -0.074347 0.046164 0.781693 0.617493
1768846032.162685156 3.469969 1.673335 0.022094 -0.073514 0.047383 0.768429 0.633930
1768846032.263957500 3.467457 1.693159 0.028991 -0.073370 0.047002 0.751018 0.654507
1768846032.363967180 3.465154 1.712993 0.033458 -0.072365 0.047374 0.744976 0.661460
1768846032.465199709 3.463481 1.730281 0.037351 -0.072398 0.048296 0.744685 0.661718
1768846032.564055204 3.458694 1.748914 0.031626 -0.072905 0.049133 0.744623 0.661670
1768846032.663312197 3.455653 1.769241 0.025543 -0.071175 0.049447 0.745320 0.661050
1768846032.763960838 3.449706 1.790581 0.021257 -0.071660 0.048427 0.745431 0.660948
1768846032.862889051 3.447746 1.810289 0.020658 -0.071766 0.048780 0.745579 0.660744
1768846032.963933945 3.445063 1.830781 0.020122 -0.072346 0.048880 0.745639 0.660605
1768846033.063894987 3.443019 1.850597 0.021448 -0.072077 0.049150 0.745404 0.660880
1768846033.164145470 3.441672 1.868337 0.026709 -0.071508 0.051387 0.744830 0.661418
1768846033.263954639 3.440823 1.886941 0.025830 -0.073753 0.050957 0.744090 0.662038
1768846033.363899946 3.436333 1.907593 0.024080 -0.071614 0.052405 0.743909 0.662363
1768846033.464068174 3.441158 1.928096 0.021194 -0.072141 0.051987 0.742592 0.663815
1768846033.563638449 3.441242 1.949496 0.016300 -0.071707 0.054550 0.743442 0.662704
1768846033.662864685 3.440553 1.969315 0.013157 -0.073537 0.053915 0.743136 0.662899
1768846033.762794495 3.433936 1.986173 0.014110 -0.072560 0.052361 0.743368 0.662871
1768846033.863911867 3.432599 2.005211 0.020667 -0.071942 0.053401 0.744490 0.661594
1768846033.962918282 3.433073 2.025859 0.016595 -0.071166 0.053756 0.749948 0.655457
1768846034.063978195 3.434403 2.046837 0.009691 -0.070766 0.054564 0.742610 0.663736
1768846034.163912058 3.435223 2.069102 0.008890 -0.070857 0.057923 0.725556 0.682051
1768846034.264099360 3.431962 2.088811 0.002782 -0.069371 0.059454 0.715160 0.692964
1768846034.363022089 3.433257 2.103492 0.006662 -0.069194 0.057099 0.713413 0.694977
1768846034.464502096 3.433812 2.122820 0.009692 -0.071408 0.055855 0.712481 0.695810
1768846034.562961817 3.435163 2.143501 0.007818 -0.066992 0.055931 0.711820 0.696919
1768846034.662996054 3.435231 2.160494 0.008071 -0.068836 0.053513 0.712315 0.696423
1768846034.763115168 3.433156 2.179100 0.022406 -0.068131 0.057303 0.711905 0.696610
1768846034.864046335 3.432372 2.199300 0.024349 -0.069029 0.054258 0.712138 0.696527
1768846034.963992834 3.429445 2.220811 0.016815 -0.071572 0.055581 0.712481 0.695816
1768846035.063097239 3.427300 2.241584 0.006186 -0.071512 0.054024 0.712967 0.695447
1768846035.164075851 3.427986 2.262081 0.013993 -0.069936 0.053156 0.712743 0.695903
1768846035.264061689 3.427697 2.281078 0.024269 -0.069478 0.053652 0.712623 0.696034
1768846035.364744902 3.428233 2.299343 0.018494 -0.067230 0.058214 0.712361 0.696156
1768846035.463052988 3.430473 2.319223 0.020719 -0.066714 0.056256 0.711879 0.696859
1768846035.562942982 3.431853 2.340112 0.018608 -0.065995 0.058015 0.711978 0.696682
1768846035.664055824 3.434401 2.358444 0.013853 -0.066783 0.056310 0.711746 0.696984
1768846035.763398647 3.432090 2.379262 0.023389 -0.069933 0.056144 0.711946 0.696484
1768846035.863151789 3.427810 2.399626 0.021606 -0.071886 0.056205 0.712232 0.695988
1768846035.964242697 3.426692 2.423356 0.000304 -0.073282 0.058086 0.711250 0.696692
1768846036.064230442 3.426261 2.441051 -0.011377 -0.070625 0.057339 0.703098 0.705250
1768846036.163120508 3.431019 2.457906 0.004479 -0.068305 0.061272 0.690953 0.717053
1768846036.262826443 3.435026 2.476606 0.015481 -0.066078 0.060823 0.684622 0.723344
1768846036.364905834 3.438922 2.497047 0.018516 -0.065937 0.060608 0.683917 0.724042
1768846036.463988304 3.440353 2.516864 0.014439 -0.068006 0.059464 0.683976 0.723890
1768846036.564327240 3.438844 2.535443 0.015116 -0.065898 0.058700 0.683311 0.724774
1768846036.664132357 3.438538 2.554121 0.017210 -0.064648 0.058783 0.683483 0.724718
1768846036.762953043 3.439537 2.570174 0.019965 -0.064396 0.058091 0.683379 0.724895
1768846036.862867355 3.443580 2.592915 0.017775 -0.067562 0.056507 0.683239 0.724863
1768846036.964037180 3.444170 2.612848 0.004779 -0.069772 0.058491 0.686384 0.721518
1768846037.064317465 3.450354 2.629741 -0.008508 -0.070784 0.058987 0.686668 0.721108
1768846037.163132429 3.452256 2.648954 -0.007068 -0.070112 0.059756 0.683514 0.724101
1768846037.264451742 3.456251 2.669798 -0.006304 -0.069480 0.060691 0.673410 0.733490
1768846037.364078283 3.457750 2.689233 -0.003803 -0.068180 0.062350 0.658572 0.746824
1768846037.463535547 3.458915 2.709038 0.001010 -0.065510 0.062646 0.650390 0.754173
1768846037.564102411 3.462249 2.726940 0.013302 -0.064471 0.061100 0.649682 0.754999
1768846037.665048838 3.462762 2.747964 0.011277 -0.066682 0.063521 0.649056 0.755146
1768846037.763593674 3.464825 2.765922 0.006311 -0.064309 0.066335 0.648477 0.755607
1768846037.864078999 3.467255 2.786640 0.008317 -0.066477 0.065358 0.648637 0.755367
1768846037.963434458 3.471526 2.809920 0.008247 -0.065889 0.062327 0.647252 0.756861
1768846038.064225197 3.474969 2.834439 0.005252 -0.063099 0.062995 0.636851 0.765814
1768846038.164233685 3.486047 2.847967 0.007966 -0.059839 0.063236 0.620787 0.779130
1768846038.264120102 3.496022 2.861552 0.016528 -0.058156 0.060151 0.612773 0.785818
1768846038.366512060 3.499569 2.883019 0.014707 -0.058302 0.060109 0.612250 0.786218
1768846038.464432001 3.504358 2.894900 0.017626 -0.060296 0.062986 0.611527 0.786404
1768846038.564073324 3.509273 2.914991 0.018033 -0.057859 0.062453 0.611610 0.786566
1768846038.663349867 3.515021 2.933732 0.016238 -0.057044 0.061687 0.611423 0.786831
1768846038.764176130 3.521889 2.954620 0.010332 -0.057383 0.060266 0.611308 0.787006
1768846038.864131451 3.522518 2.975833 0.011397 -0.056828 0.060236 0.611951 0.786548
1768846038.963123322 3.525906 2.990552 -0.001817 -0.059702 0.061882 0.608942 0.788540
1768846039.063103676 3.534248 3.007799 0.017100 -0.058196 0.061715 0.602434 0.793648
1768846039.163324833 3.540886 3.027948 0.030933 -0.058606 0.061874 0.585012 0.806534
1768846039.265496969 3.542700 3.046948 0.015848 -0.058045 0.061639 0.573748 0.814644
1768846039.363259077 3.548632 3.066050 0.005923 -0.057345 0.065929 0.572841 0.814996
1768846039.464214325 3.562296 3.081300 0.026989 -0.057796 0.065303 0.572949 0.814939
1768846039.563356638 3.567307 3.101090 0.007299 -0.058802 0.065492 0.572448 0.815204
1768846039.663215876 3.572408 3.117420 0.007692 -0.056693 0.063752 0.572566 0.815408
1768846039.764208555 3.578209 3.129731 0.026841 -0.056389 0.063280 0.572734 0.815348
1768846039.863237143 3.584655 3.147062 0.025580 -0.057192 0.064191 0.572497 0.815387
1768846039.964054585 3.592446 3.168998 0.020954 -0.057788 0.062406 0.572635 0.815386
1768846040.064712048 3.598356 3.188626 0.016423 -0.057645 0.062950 0.572259 0.815619
1768846040.164227724 3.603354 3.204200 0.022785 -0.055970 0.062858 0.571861 0.816022
1768846040.264196873 3.610539 3.221157 0.025230 -0.056808 0.064494 0.571668 0.815971
1768846040.363422155 3.617319 3.241231 0.023418 -0.057980 0.067832 0.572201 0.815244
1768846040.463788509 3.627056 3.261584 0.024469 -0.056461 0.065331 0.572176 0.815573
1768846040.565353155 3.630269 3.277448 0.014245 -0.056199 0.064375 0.572481 0.815453
1768846040.663141727 3.636033 3.298323 0.007210 -0.059712 0.060361 0.572261 0.815664
1768846040.763185978 3.643546 3.317109 -0.004527 -0.060257 0.061101 0.572301 0.815541
1768846040.864283562 3.650893 3.336177 -0.005453 -0.058929 0.060644 0.572494 0.815537
1768846040.963140488 3.657378 3.350257 -0.010584 -0.056824 0.063755 0.572315 0.815575
1768846041.063162804 3.666801 3.368920 0.018419 -0.058534 0.065041 0.572039 0.815546
1768846041.164156437 3.674476 3.387832 0.010751 -0.057651 0.065347 0.572000 0.815612
1768846041.264168501 3.682361 3.403741 -0.012582 -0.061398 0.064621 0.571872 0.815486
1768846041.363151312 3.689404 3.420880 -0.030161 -0.062620 0.064701 0.571663 0.815533
1768846041.463325024 3.698494 3.444919 -0.004890 -0.061668 0.063539 0.572087 0.815399
1768846041.563421249 3.703394 3.461862 -0.003302 -0.058975 0.064238 0.572423 0.815308
1768846041.664247990 3.705536 3.480919 0.025081 -0.055376 0.063387 0.572585 0.815513
1768846041.762899399 3.714656 3.500330 0.026507 -0.056908 0.064254 0.572773 0.815208
1768846041.863369465 3.721352 3.519487 0.028414 -0.055914 0.064368 0.572855 0.815210
1768846041.963175058 3.724981 3.531701 0.019848 -0.058311 0.064630 0.572146 0.815520
1768846042.063207865 3.725883 3.530349 0.014919 -0.057862 0.064230 0.572004 0.815683
1768846042.164557219 3.726955 3.530093 0.012408 -0.058517 0.064248 0.572000 0.815637
1768846042.264243126 3.727130 3.531425 0.009008 -0.058246 0.064308 0.571965 0.815676
1768846042.363184452 3.727320 3.529986 0.010225 -0.058708 0.064029 0.571915 0.815700
1768846042.464235783 3.726090 3.530332 0.011033 -0.058603 0.064019 0.571900 0.815719
1768846042.564566374 3.725441 3.527172 0.011540 -0.058623 0.063946 0.571962 0.815680
1768846042.664455652 3.724997 3.528200 0.010978 -0.058023 0.063989 0.572057 0.815653
1768846042.762690306 3.724905 3.521033 0.013886 -0.058230 0.062867 0.571665 0.816000
1768846042.865450144 3.721918 3.513564 0.011136 -0.058173 0.063521 0.571409 0.816133
1768846042.963243484 3.716880 3.501256 0.010908 -0.058272 0.063350 0.571726 0.815917
1768846043.064367056 3.714062 3.492232 0.009720 -0.058989 0.064268 0.571751 0.815776
1768846043.163359404 3.709232 3.481235 0.007472 -0.059242 0.064679 0.571878 0.815637
1768846043.263300180 3.698025 3.465687 0.006353 -0.061595 0.066465 0.571674 0.815461
1768846043.363264561 3.700170 3.460189 0.010843 -0.058162 0.065344 0.571045 0.816244
1768846043.463353157 3.697811 3.442444 0.008946 -0.057839 0.064104 0.570496 0.816749
1768846043.563593388 3.688412 3.421340 0.014034 -0.055969 0.060042 0.569346 0.817990
1768846043.663277864 3.683049 3.401680 0.005466 -0.056073 0.062435 0.569526 0.817679
1768846043.763378859 3.670836 3.389864 -0.014138 -0.052085 0.066488 0.569261 0.817807
1768846043.864379406 3.659614 3.369569 -0.017051 -0.054509 0.064931 0.566818 0.819469
1768846043.963357449 3.645233 3.349286 -0.002653 -0.058257 0.064295 0.566127 0.819739
1768846044.063355446 3.637532 3.324186 0.020466 -0.060299 0.064034 0.564326 0.820853
1768846044.163447857 3.629515 3.297014 0.045952 -0.061010 0.064079 0.564057 0.820982
1768846044.264441967 3.620764 3.264182 0.036843 -0.058476 0.064640 0.563774 0.821317
1768846044.363162756 3.614012 3.236548 -0.001944 -0.053696 0.065238 0.563218 0.821977
1768846044.464461088 3.610225 3.213741 -0.011796 -0.053190 0.065894 0.562615 0.822370
1768846044.564267159 3.595824 3.193296 0.003926 -0.058518 0.066805 0.561095 0.822973
1768846044.664484024 3.584439 3.168640 0.006483 -0.056625 0.064353 0.561044 0.823336
1768846044.764169216 3.584273 3.166068 0.015241 -0.055915 0.061274 0.560540 0.823962
1768846044.862846851 3.578033 3.153316 0.031875 -0.058413 0.066206 0.559657 0.824008
1768846044.963416338 3.566168 3.137732 0.033772 -0.055806 0.065174 0.560871 0.823445
1768846045.064528704 3.563626 3.119121 0.022013 -0.054923 0.062206 0.568041 0.818806
1768846045.164477587 3.555406 3.099915 0.008964 -0.062101 0.064574 0.580075 0.809621
1768846045.262875795 3.552903 3.079796 0.010592 -0.058597 0.062251 0.591810 0.801531
1768846045.363268614 3.546868 3.060563 0.024014 -0.059064 0.062746 0.599515 0.795711
1768846045.463443518 3.542659 3.066152 0.018574 -0.059696 0.062702 0.600413 0.794990
1768846045.563396454 3.539522 3.060182 0.013172 -0.059666 0.063206 0.598759 0.796199
1768846045.663460493 3.541208 3.060461 0.015115 -0.059395 0.062826 0.598432 0.796495
1768846045.763216257 3.542116 3.060003 0.015378 -0.059793 0.063287 0.599145 0.795892
1768846045.864665747 3.542839 3.061660 0.015074 -0.060964 0.062766 0.605789 0.790799
1768846045.966613054 3.543609 3.062161 0.019345 -0.061585 0.060961 0.618800 0.780755
1768846046.063331842 3.541528 3.064700 0.021094 -0.063049 0.060006 0.642129 0.761640
1768846046.165309906 3.546606 3.066047 0.021205 -0.065816 0.058247 0.663889 0.742649
1768846046.264505386 3.549966 3.069443 0.031150 -0.067516 0.054678 0.692577 0.716093
1768846046.364652872 3.551461 3.070504 0.047791 -0.069736 0.050758 0.726322 0.681922
1768846046.465097189 3.543824 3.068995 0.042157 -0.072650 0.047341 0.768402 0.634066
1768846046.563303232 3.539309 3.070678 0.047316 -0.075493 0.044632 0.800623 0.592715
1768846046.663717747 3.544103 3.069726 0.041757 -0.076559 0.041672 0.826851 0.555625
1768846046.763272762 3.550619 3.066900 0.023820 -0.079411 0.037246 0.861160 0.500709
1768846046.862944603 3.544640 3.065018 0.020304 -0.079435 0.037312 0.866435 0.491516
1768846046.963359118 3.537642 3.065267 0.018187 -0.078939 0.035815 0.868156 0.488663
1768846047.062613964 3.526864 3.077950 0.017422 -0.078829 0.038111 0.868872 0.487232
1768846047.163601875 3.514243 3.094240 0.012675 -0.080523 0.038801 0.868979 0.486709
1768846047.263333082 3.503013 3.109542 0.009175 -0.080073 0.035073 0.869848 0.485513
1768846047.364834070 3.489992 3.125986 0.013809 -0.079539 0.035723 0.869782 0.485671
1768846047.464465380 3.482304 3.143084 0.009193 -0.081162 0.033505 0.870278 0.484672
1768846047.563519955 3.469870 3.158495 0.008771 -0.082913 0.035051 0.872929 0.479470
1768846047.663435936 3.456743 3.174413 0.007948 -0.082907 0.032858 0.881676 0.463351
1768846047.762868166 3.447092 3.188230 -0.005538 -0.083510 0.036933 0.889924 0.446875
1768846047.863087416 3.436359 3.204288 -0.009900 -0.083341 0.034385 0.901905 0.422422
1768846047.962904692 3.429444 3.210342 0.010372 -0.084242 0.029277 0.914230 0.395260
1768846048.063596964 3.416496 3.219894 0.010387 -0.086185 0.026424 0.930381 0.355339
1768846048.163493633 3.399552 3.234275 0.006941 -0.088476 0.024033 0.947986 0.304823
1768846048.263418198 3.394266 3.238925 0.009453 -0.089962 0.023438 0.950848 0.295373
1768846048.363007069 3.393266 3.234645 0.009360 -0.088874 0.022797 0.951053 0.295093
1768846048.463454247 3.390466 3.236235 0.009220 -0.088154 0.023101 0.951084 0.295186
1768846048.563422918 3.388310 3.239503 0.009011 -0.088661 0.022572 0.951064 0.295139
1768846048.664486885 3.387295 3.240421 0.009219 -0.088131 0.022746 0.951079 0.295235
1768846048.763642311 3.386611 3.241637 0.009111 -0.088231 0.022687 0.951159 0.294953
1768846048.865180969 3.385256 3.241885 0.009483 -0.088107 0.022706 0.951155 0.295000
1768846048.964249372 3.384757 3.242245 0.008338 -0.088112 0.022836 0.951187 0.294886
1768846049.063462257 3.385451 3.241619 0.008777 -0.088278 0.022757 0.951196 0.294815
1768846049.163473845 3.385555 3.243032 0.008229 -0.088161 0.022768 0.951133 0.295051
1768846049.263584137 3.384300 3.243875 0.008188 -0.088101 0.022793 0.951159 0.294984
1768846049.363717794 3.384040 3.244342 0.007711 -0.088101 0.022879 0.951113 0.295124
1768846049.465443850 3.386413 3.243220 0.008931 -0.088671 0.022976 0.951260 0.294472
1768846049.564300060 3.388555 3.240956 0.010166 -0.088131 0.022632 0.951213 0.294812
1768846049.663046837 3.391933 3.237503 0.008797 -0.087712 0.022460 0.951250 0.294831
1768846049.762745142 3.399686 3.232824 0.009230 -0.088196 0.022680 0.950940 0.295669
1768846049.863805532 3.405476 3.228143 0.008949 -0.088038 0.022598 0.950954 0.295677
1768846049.963511705 3.406889 3.226974 0.009619 -0.087534 0.022570 0.951018 0.295623
1768846050.063738823 3.407846 3.226998 0.009669 -0.088031 0.022518 0.950944 0.295717
1768846050.163790226 3.407366 3.226206 0.009786 -0.087601 0.022519 0.951088 0.295383
1768846050.262391567 3.409563 3.226118 0.009200 -0.087956 0.022498 0.950988 0.295600
1768846050.364325285 3.408513 3.226045 0.008964 -0.087581 0.022658 0.951107 0.295317
1768846050.463592291 3.409473 3.225937 0.009667 -0.087856 0.022560 0.951049 0.295427
1768846050.563278913 3.410259 3.225846 0.009571 -0.087638 0.022596 0.951005 0.295632
1768846050.663538694 3.409428 3.225920 0.009418 -0.087873 0.022671 0.951047 0.295422
1768846050.763615370 3.410553 3.225072 0.010201 -0.087709 0.022568 0.950985 0.295679
1768846050.863463640 3.407954 3.225173 0.009644 -0.087680 0.022667 0.951072 0.295397
1768846050.963534355 3.402598 3.225165 0.008674 -0.087584 0.022652 0.950281 0.297964
1768846051.063680887 3.403656 3.225346 0.007756 -0.087578 0.022992 0.950093 0.298538
1768846051.163494587 3.405473 3.225214 0.009478 -0.087717 0.022627 0.950101 0.298499
1768846051.263036489 3.409559 3.225577 0.009863 -0.087914 0.023018 0.951106 0.295192
1768846051.364180803 3.409211 3.225427 0.010081 -0.087904 0.022022 0.954581 0.283836
1768846051.463721991 3.407989 3.224687 0.009758 -0.088635 0.019914 0.959875 0.265307
1768846051.563668013 3.407827 3.223847 0.009734 -0.088698 0.017704 0.967338 0.236803
1768846051.663642168 3.408227 3.224660 0.006344 -0.088919 0.014743 0.975106 0.202592
1768846051.763493538 3.409325 3.223613 0.006564 -0.091183 0.011542 0.983344 0.156800
1768846051.862947702 3.410556 3.221990 0.007418 -0.090498 0.006321 0.990144 0.106701
1768846051.964622736 3.408996 3.221270 0.007544 -0.090527 0.004818 0.993622 0.067061
1768846052.063517332 3.408042 3.221143 0.008808 -0.090052 0.004423 0.993807 0.064952
1768846052.163581133 3.409859 3.220363 0.009271 -0.090185 0.004387 0.993787 0.065074
1768846052.263497114 3.410270 3.221335 0.004484 -0.085057 0.004751 0.994238 0.065070
1768846052.363749266 3.411991 3.220916 0.003033 -0.086247 0.004406 0.994124 0.065263
1768846052.463610411 3.395963 3.224126 0.012958 -0.091099 0.004230 0.993702 0.065113
1768846052.563760996 3.383838 3.226962 0.025051 -0.091508 0.005336 0.993682 0.064758
1768846052.662824631 3.364105 3.229978 0.017268 -0.090376 0.003523 0.993762 0.065248
1768846052.762687445 3.337458 3.235870 -0.006019 -0.089315 0.001262 0.993837 0.065643
1768846052.863590002 3.316154 3.239000 -0.010732 -0.090376 0.004422 0.993808 0.064480
1768846052.962564468 3.296118 3.240712 -0.008511 -0.088613 0.002729 0.994002 0.064040
1768846053.062769175 3.279932 3.240960 -0.002363 -0.087664 0.004410 0.994103 0.063670
1768846053.163590908 3.262862 3.242116 0.002316 -0.087391 0.005011 0.994185 0.062727
1768846053.264106750 3.247123 3.240913 0.000432 -0.088275 0.005731 0.994168 0.061681
1768846053.362946510 3.227043 3.244861 0.004071 -0.087539 0.005025 0.994239 0.061644
1768846053.462785959 3.209548 3.247411 0.002161 -0.088036 0.005876 0.994195 0.061568
1768846053.563602686 3.185190 3.254141 -0.003150 -0.090323 0.005018 0.993993 0.061594
1768846053.662706137 3.160580 3.259642 -0.014310 -0.088632 0.005275 0.994152 0.061470
1768846053.762835741 3.149401 3.253907 0.003346 -0.088291 0.005826 0.994013 0.064100
1768846053.863674879 3.129237 3.262168 0.007307 -0.087387 0.004392 0.994141 0.063474
1768846053.963098764 3.107251 3.265767 -0.006234 -0.083536 0.002826 0.994530 0.062640
1768846054.063794851 3.093006 3.268293 0.009865 -0.083258 0.000486 0.995218 0.051077
1768846054.163885593 3.076381 3.266330 0.009603 -0.084098 -0.000608 0.995918 0.032787
1768846054.262938738 3.059642 3.265799 0.005544 -0.083444 -0.002670 0.996450 0.010825
1768846054.363756657 3.045418 3.264283 0.004237 -0.084759 -0.002919 0.996277 -0.015451
1768846054.463681698 3.033205 3.261582 0.002408 -0.085488 -0.004435 0.995287 -0.045564
1768846054.564075708 3.021235 3.258335 -0.000080 -0.084126 -0.008122 0.992931 -0.083335
1768846054.662868261 3.025655 3.265325 0.018492 -0.084798 -0.011002 0.989610 -0.115587
1768846054.763497829 3.017499 3.263247 0.012457 -0.085139 -0.011929 0.983536 -0.158950
1768846054.863625050 3.008734 3.250649 -0.013797 -0.084498 -0.016963 0.972149 -0.217944
1768846054.963759899 3.011699 3.253843 0.006375 -0.081431 -0.019391 0.961483 -0.261807
1768846055.065622568 2.982275 3.243907 0.025677 -0.079651 -0.021148 0.955014 -0.284879
1768846055.162743092 2.968965 3.228920 0.012590 -0.079907 -0.023084 0.954304 -0.287031
1768846055.263799191 2.955063 3.211979 -0.001503 -0.080524 -0.025660 0.953999 -0.287652
1768846055.363928318 2.929935 3.204212 0.005839 -0.079380 -0.021523 0.954220 -0.287576
1768846055.464433193 2.914255 3.191166 0.002434 -0.079239 -0.025096 0.954278 -0.287132
1768846055.564664602 2.898337 3.181120 0.008427 -0.076642 -0.020910 0.955008 -0.285741
1768846055.663371086 2.879953 3.172765 0.006405 -0.076195 -0.023041 0.956368 -0.281110
1768846055.763710737 2.868665 3.162435 0.002843 -0.076150 -0.023639 0.954800 -0.286355
1768846055.862845182 2.854362 3.155367 0.003983 -0.080120 -0.023155 0.950805 -0.298352
1768846055.963196278 2.840613 3.144209 0.008971 -0.081067 -0.023581 0.944742 -0.316756
1768846056.062807560 2.834379 3.138673 0.012846 -0.077311 -0.027497 0.937446 -0.338323
1768846056.165477753 2.829884 3.131793 0.012441 -0.076231 -0.029503 0.927784 -0.364054
1768846056.263819218 2.824328 3.123047 0.010882 -0.075482 -0.031090 0.915149 -0.394764
1768846056.364463568 2.814545 3.113579 0.008562 -0.074991 -0.032443 0.901438 -0.425127
1768846056.463698387 2.808033 3.103859 -0.002008 -0.073555 -0.035033 0.881897 -0.464350
1768846056.562719822 2.807577 3.091903 0.002061 0.071692 0.039579 -0.858493 0.506244
1768846056.663278341 2.797551 3.077132 0.009549 0.065825 0.044003 -0.823251 0.562129
1768846056.760879755 2.785333 3.067557 0.015979 0.065448 0.046074 -0.797250 0.598320
1768846056.862947941 2.775397 3.049253 0.009999 0.066021 0.046321 -0.791585 0.605714
1768846056.963640928 2.771064 3.030172 0.017228 0.064279 0.050428 -0.791361 0.605866
1768846057.063617706 2.765596 3.010791 0.018805 0.061926 0.047346 -0.791485 0.606197
1768846057.163945436 2.756531 2.989849 0.011014 0.063549 0.045909 -0.790971 0.606810
1768846057.264603853 2.748598 2.971064 0.010015 0.064361 0.047107 -0.791340 0.606152
1768846057.363643646 2.744962 2.950242 -0.001139 0.065813 0.047314 -0.791082 0.606317
1768846057.463717222 2.740135 2.930914 -0.004090 0.065113 0.048045 -0.791416 0.605898
1768846057.562970400 2.734121 2.913625 0.012458 0.064729 0.050822 -0.791595 0.605479
1768846057.663717747 2.728269 2.892219 0.020477 0.065818 0.050397 -0.790917 0.606282
1768846057.761801481 2.723288 2.874014 0.029577 0.066172 0.050795 -0.790620 0.606598
1768846057.864467144 2.718068 2.856975 0.019570 0.067986 0.050914 -0.790784 0.606173
1768846057.964137554 2.713315 2.839861 0.010306 0.065866 0.050904 -0.790834 0.606343
1768846058.063083649 2.708037 2.815867 -0.000006 0.066874 0.048560 -0.790367 0.607033
1768846058.163746834 2.702640 2.794508 -0.004204 0.067245 0.050193 -0.790605 0.606550
1768846058.266598225 2.696671 2.773387 -0.011987 0.066618 0.049452 -0.790500 0.606817
1768846058.362944126 2.692119 2.754139 -0.013100 0.067143 0.049184 -0.790751 0.606454
1768846058.463245630 2.686074 2.736426 -0.013827 0.067028 0.049323 -0.790839 0.606339
1768846058.563699722 2.680268 2.720770 0.003448 0.067472 0.051156 -0.790792 0.606201
1768846058.662849903 2.677263 2.702825 0.002118 0.066705 0.049030 -0.790647 0.606649
1768846058.762918234 2.673025 2.682939 -0.003964 0.066959 0.049010 -0.790545 0.606756
1768846058.863944769 2.666860 2.662271 -0.009242 0.067203 0.048240 -0.790115 0.607351
1768846058.964598179 2.657333 2.644863 -0.009539 0.067548 0.047177 -0.789874 0.607709
1768846059.063500166 2.649904 2.626007 -0.006639 0.067985 0.047009 -0.790006 0.607502
1768846059.163763285 2.646205 2.608423 0.004687 0.065069 0.049477 -0.791489 0.605692
1768846059.263592720 2.641564 2.595338 0.011434 0.065511 0.050683 -0.786419 0.612115
1768846059.362920523 2.637411 2.575408 0.002699 0.067064 0.054031 -0.773129 0.628375
1768846059.463423967 2.637749 2.558443 0.002402 0.066174 0.054939 -0.759762 0.644487
1768846059.563059807 2.634192 2.537301 -0.001014 0.065528 0.056507 -0.752248 0.653174
1768846059.663002253 2.630826 2.515411 -0.001009 0.065694 0.056310 -0.750993 0.654617
1768846059.763518810 2.626616 2.496805 0.001740 0.065622 0.056916 -0.750730 0.654873
1768846059.863825798 2.622031 2.478075 0.002134 0.062594 0.051516 -0.750483 0.655899
1768846059.963827610 2.620379 2.462009 0.005922 0.063448 0.054962 -0.750367 0.655670
1768846060.062920809 2.619234 2.445068 0.009532 0.062007 0.053288 -0.750223 0.656110
1768846060.165779829 2.614359 2.423409 0.009050 0.065264 0.056576 -0.750257 0.655480
1768846060.263913870 2.612514 2.401686 -0.002729 0.066687 0.055763 -0.750019 0.655679
1768846060.362841606 2.610498 2.383907 -0.003002 0.065225 0.055394 -0.750297 0.655539
1768846060.462858915 2.607930 2.367171 0.017272 0.062552 0.055210 -0.750659 0.655401
1768846060.562932491 2.602111 2.346820 0.014809 0.064647 0.050271 -0.750261 0.656050
1768846060.663912773 2.594549 2.326423 0.006821 0.064656 0.048914 -0.750522 0.655854
1768846060.763876200 2.588876 2.306533 -0.000358 0.064541 0.048745 -0.750414 0.656001
1768846060.863840103 2.585735 2.287594 0.000574 0.064640 0.048746 -0.750280 0.656145
1768846060.963887930 2.582845 2.268109 -0.000727 0.064647 0.048791 -0.750098 0.656349
1768846061.064783096 2.580849 2.248338 0.000447 0.063708 0.048780 -0.750258 0.656258
1768846061.163167000 2.578412 2.229583 0.002970 0.061346 0.050893 -0.750253 0.656328
1768846061.262925148 2.574419 2.213485 0.006063 0.061222 0.054242 -0.750495 0.655795
1768846061.363513231 2.574566 2.192691 0.008315 0.060746 0.050350 -0.750508 0.656134
1768846061.463167667 2.568516 2.176649 0.010168 0.060502 0.050761 -0.750787 0.655806
1768846061.563726902 2.571983 2.159074 0.022727 0.061610 0.051854 -0.750982 0.655394
1768846061.662794590 2.565861 2.140925 0.017738 0.062095 0.050927 -0.751054 0.655338
1768846061.763466358 2.563014 2.119084 0.014098 0.062227 0.053058 -0.751236 0.654949
1768846061.863112450 2.561753 2.100366 0.015759 0.059791 0.050736 -0.750994 0.655636
1768846061.962186813 2.559238 2.081455 0.013619 0.060594 0.052863 -0.750880 0.655525
1768846062.063940048 2.556295 2.059237 0.010991 0.063765 0.055785 -0.750756 0.655124
1768846062.163674831 2.554969 2.038474 -0.001181 0.063655 0.051346 -0.750657 0.655610
1768846062.263002872 2.553280 2.019410 -0.004017 0.063942 0.052256 -0.750744 0.655412
1768846062.363092661 2.548916 2.004546 0.016997 0.062194 0.052585 -0.751079 0.655169
1768846062.463006496 2.546999 1.984473 0.013291 0.062504 0.051864 -0.751148 0.655119
1768846062.563861132 2.541457 1.965043 0.014127 0.062790 0.052669 -0.751815 0.654261
1768846062.663003683 2.538891 1.945246 0.019729 0.061907 0.052557 -0.751744 0.654436
1768846062.763135433 2.536446 1.921451 0.010738 0.064419 0.053528 -0.751989 0.653832
1768846062.863494158 2.533986 1.899003 0.001500 0.064448 0.052701 -0.751668 0.654266
1768846062.963239431 2.530708 1.879532 -0.001411 0.063612 0.050068 -0.751472 0.654780
1768846063.063891649 2.527434 1.863747 0.006154 0.060655 0.051689 -0.751531 0.654866
1768846063.163129091 2.524906 1.844565 0.007704 0.061791 0.052187 -0.751530 0.654722
1768846063.265685558 2.521710 1.824769 0.007498 0.061420 0.051675 -0.751457 0.654882
1768846063.363051414 2.518148 1.806913 0.008128 0.059961 0.050944 -0.751789 0.654693
1768846063.463128328 2.515742 1.787294 0.008931 0.061256 0.052786 -0.752061 0.654114
1768846063.563217878 2.512089 1.768399 0.010633 0.060754 0.053190 -0.752077 0.654110
1768846063.662966728 2.509630 1.749780 0.011192 0.060424 0.052967 -0.752327 0.653872
1768846063.763329029 2.505956 1.731724 0.011358 0.060280 0.052753 -0.752278 0.653958
1768846063.863168478 2.500968 1.711430 -0.000460 0.060329 0.054022 -0.750109 0.656337
1768846063.963533401 2.499003 1.691815 0.003929 0.059766 0.053122 -0.753055 0.653081
1768846064.063354731 2.496639 1.673721 0.011881 0.059634 0.050413 -0.759876 0.645360
1768846064.163015842 2.493926 1.653248 0.011918 0.061210 0.051138 -0.773298 0.629006
1768846064.263042212 2.487797 1.636860 0.017002 0.061254 0.048776 -0.778867 0.622282
1768846064.363044024 2.486220 1.622833 0.021252 0.060484 0.048233 -0.779573 0.621516
1768846064.464178324 2.483046 1.600865 0.005784 0.060251 0.048199 -0.779651 0.621443
1768846064.563389063 2.478663 1.584172 0.008853 0.062250 0.047688 -0.779975 0.620878
1768846064.663488388 2.471387 1.567156 0.017981 0.062425 0.048854 -0.780300 0.620361
1768846064.763972759 2.466551 1.546291 0.011391 0.062153 0.048022 -0.780050 0.620768
1768846064.863182306 2.462400 1.524848 -0.005056 0.064569 0.050283 -0.782534 0.617206
1768846064.963050842 2.454630 1.506802 -0.002161 0.060403 0.045125 -0.792006 0.605840
1768846065.062978983 2.452258 1.491105 -0.003116 0.064669 0.047190 -0.801566 0.592522
1768846065.163286924 2.442201 1.474264 -0.009899 0.064158 0.042198 -0.815807 0.573204
1768846065.264147520 2.440410 1.463669 0.000339 0.064966 0.040675 -0.830120 0.552291
1768846065.363608599 2.435575 1.447107 0.001555 0.067460 0.038956 -0.850668 0.519900
1768846065.463008642 2.420962 1.434336 0.020339 -0.070339 -0.037758 0.862839 -0.499135
1768846065.562999964 2.411069 1.419412 0.020672 -0.070658 -0.038037 0.864137 -0.496818
1768846065.663387537 2.401941 1.397253 0.001431 -0.070718 -0.043963 0.864175 -0.496254
1768846065.763212204 2.392537 1.383019 -0.005562 -0.070683 -0.044968 0.864389 -0.495796
1768846065.863338947 2.380687 1.367422 0.002601 -0.071073 -0.042426 0.864728 -0.495373
1768846065.963265896 2.372124 1.351356 0.015008 -0.070455 -0.037171 0.864975 -0.495451
1768846066.063544273 2.359713 1.333449 0.013359 -0.070928 -0.037815 0.865603 -0.494238
1768846066.163411856 2.347774 1.320040 0.027424 -0.075593 -0.039599 0.865126 -0.494241
1768846066.263591766 2.337141 1.303643 0.021247 -0.074553 -0.041184 0.865154 -0.494221
1768846066.363418341 2.327763 1.285758 0.018330 -0.072177 -0.039577 0.865276 -0.494491
1768846066.463198900 2.313941 1.268966 0.016393 -0.075401 -0.041200 0.864568 -0.495115
1768846066.564290524 2.302077 1.253629 0.015948 -0.072294 -0.042759 0.865097 -0.494522
1768846066.663605213 2.293775 1.229522 0.004868 -0.070836 -0.044067 0.865256 -0.494341
1768846066.763323069 2.280577 1.213273 0.003624 -0.070289 -0.043793 0.865314 -0.494341
1768846066.863537312 2.270768 1.196484 0.007144 -0.073103 -0.040952 0.865132 -0.494495
1768846066.963546515 2.260948 1.186747 0.022484 -0.072816 -0.039521 0.865345 -0.494282
1768846067.063591719 2.252812 1.170586 0.020135 -0.073414 -0.039300 0.865510 -0.493921
1768846067.163569689 2.242574 1.152185 0.018739 -0.072873 -0.039746 0.865434 -0.494099
1768846067.263673544 2.231506 1.138896 0.019819 -0.074712 -0.040633 0.865129 -0.494287
1768846067.363612175 2.221778 1.122431 0.023301 -0.074251 -0.041730 0.864913 -0.494642
1768846067.463377953 2.209279 1.103623 0.018208 -0.071522 -0.042117 0.865511 -0.493965
1768846067.563153028 2.201217 1.087862 0.022617 -0.072748 -0.039687 0.864849 -0.495144
1768846067.663584471 2.194112 1.070428 0.020724 -0.072170 -0.040631 0.864904 -0.495058
1768846067.763500690 2.185093 1.049338 0.015902 -0.070853 -0.042365 0.865208 -0.494570
1768846067.862343073 2.177043 1.031323 0.012031 -0.071327 -0.041112 0.864946 -0.495067
1768846067.963733673 2.169528 1.013010 0.002812 -0.071939 -0.040592 0.865049 -0.494841
1768846068.063796520 2.157734 1.002079 0.012116 -0.072086 -0.038084 0.865167 -0.494813
1768846068.163060427 2.145011 0.989948 0.022871 -0.072457 -0.040589 0.865318 -0.494294
1768846068.263232708 2.134691 0.973643 0.022321 -0.072667 -0.039223 0.865133 -0.494698
1768846068.363173008 2.125654 0.954370 0.018167 -0.072470 -0.039237 0.864449 -0.495919
1768846068.463134289 2.114095 0.937877 0.016666 -0.072389 -0.039396 0.864733 -0.495424
1768846068.563265800 2.102341 0.920303 0.002204 -0.073630 -0.038907 0.867673 -0.490111
1768846068.663369179 2.089822 0.901725 -0.002591 -0.074777 -0.039356 0.875572 -0.475640
1768846068.763448954 2.085725 0.889606 -0.010110 -0.074633 -0.038938 0.884119 -0.459617
1768846068.864986181 2.076718 0.877603 -0.003747 -0.075693 -0.037095 0.896347 -0.435266
1768846068.963290453 2.063307 0.869799 0.015594 -0.077676 -0.032892 0.908631 -0.408992
1768846069.063478708 2.052725 0.860521 0.029670 -0.077520 -0.031306 0.922125 -0.377752
1768846069.163482904 2.033516 0.852390 0.009029 -0.080715 -0.030165 0.937261 -0.337811
1768846069.265024662 2.036591 0.839068 0.001299 -0.082280 -0.027141 0.949807 -0.300600
1768846069.364007473 2.018144 0.838486 0.002533 -0.084349 -0.020352 0.965050 -0.247285
1768846069.462747812 2.025487 0.827879 -0.010157 -0.080987 -0.015554 0.976121 -0.200966
1768846069.564141512 1.996962 0.828607 0.008588 -0.081097 -0.015037 0.979862 -0.181844
1768846069.662931681 1.971954 0.821985 -0.000098 -0.088791 -0.015904 0.979633 -0.179393
1768846069.763452291 1.951921 0.817285 -0.001666 -0.085252 -0.014738 0.979890 -0.179805
1768846069.864312887 1.932135 0.810474 -0.010568 -0.086232 -0.016280 0.979933 -0.178971
1768846069.963438988 1.912522 0.805901 -0.011398 -0.088085 -0.016058 0.979773 -0.178963
1768846070.063317299 1.895641 0.797709 0.014342 -0.089505 -0.017081 0.979588 -0.179175
1768846070.163605452 1.877737 0.790655 0.006654 -0.087850 -0.016131 0.979661 -0.179683
1768846070.263383627 1.861128 0.785822 0.023629 -0.088034 -0.018174 0.979674 -0.179331
1768846070.363518715 1.844750 0.780795 0.035853 -0.085813 -0.015712 0.979687 -0.180564
1768846070.461237192 1.826137 0.774837 0.018305 -0.083285 -0.016409 0.979958 -0.180214
1768846070.563577890 1.807915 0.767758 0.012787 -0.083812 -0.016735 0.979863 -0.180456
1768846070.663472652 1.791841 0.760215 0.014150 -0.083476 -0.015688 0.979798 -0.181058
1768846070.763038635 1.774666 0.752433 0.007317 -0.085778 -0.015834 0.979610 -0.180983
1768846070.862764120 1.754841 0.744273 0.017481 -0.085887 -0.019962 0.979106 -0.183240
1768846070.964495897 1.732371 0.740444 0.032922 -0.086150 -0.019145 0.979610 -0.180486
1768846071.063367128 1.715390 0.734694 0.024239 -0.084962 -0.015542 0.981546 -0.170611
1768846071.163524389 1.699463 0.728330 0.024883 -0.089104 -0.012957 0.983789 -0.155088
1768846071.263320684 1.682557 0.724368 0.031219 -0.086386 -0.014760 0.987378 -0.131928
1768846071.363432884 1.665784 0.721027 0.031822 -0.089950 -0.012617 0.990272 -0.105407
1768846071.463698149 1.650793 0.718750 0.014184 -0.089752 -0.011180 0.993206 -0.073220
1768846071.563056707 1.634334 0.718766 0.023205 -0.086392 -0.004403 0.995730 -0.032235
1768846071.663846016 1.615279 0.719490 0.032076 -0.086599 -0.004265 0.995816 -0.028859
1768846071.763895035 1.595890 0.717489 0.028670 -0.087378 -0.004690 0.995744 -0.028919
1768846071.863487005 1.579684 0.717840 0.037995 -0.087437 -0.005185 0.995737 -0.028903
1768846071.963303089 1.559950 0.710660 0.020994 -0.090027 -0.007932 0.995486 -0.028991
1768846072.064092159 1.538799 0.710934 0.014672 -0.090094 -0.008182 0.995480 -0.028897
1768846072.164250374 1.518416 0.705383 0.008389 -0.090256 -0.007591 0.995464 -0.029121
1768846072.263257265 1.499865 0.707519 0.008843 -0.090061 -0.007969 0.995507 -0.028126
1768846072.364225864 1.480014 0.710210 0.008364 -0.089757 -0.004304 0.995567 -0.027794
1768846072.463656187 1.459198 0.711298 -0.000834 -0.089996 -0.003426 0.995565 -0.027186
1768846072.563319921 1.441057 0.709399 0.001513 -0.090182 -0.004355 0.995524 -0.027927
1768846072.663605928 1.422065 0.708500 0.002457 -0.089379 -0.004315 0.995796 -0.019561
1768846072.763375759 1.402013 0.708628 -0.003343 -0.090689 -0.004934 0.995859 -0.004056
1768846072.863885880 1.387461 0.711348 0.000360 -0.089487 -0.001223 0.995855 0.016208
1768846072.963721752 1.371515 0.715354 0.009646 -0.091294 0.000364 0.995001 0.040482
1768846073.063625097 1.355121 0.719178 0.018810 -0.092153 0.002621 0.993584 0.065519
1768846073.163851023 1.341323 0.722100 0.014431 -0.089145 0.005536 0.991014 0.099571
1768846073.263415575 1.350182 0.725022 0.011973 -0.091472 0.008191 0.987333 0.129384
1768846073.363451242 1.336945 0.723603 0.013255 -0.088387 0.012194 0.974387 0.206418
1768846073.463339567 1.329232 0.722455 0.000734 -0.088061 0.015412 0.964976 0.246635
1768846073.563698053 1.301020 0.737573 0.001681 -0.088095 0.016913 0.959874 0.265696
1768846073.663853407 1.278987 0.758262 0.010903 -0.089246 0.020158 0.958767 0.269064
1768846073.763476849 1.274833 0.759432 0.007604 -0.088041 0.019712 0.958755 0.269536
1768846073.863752365 1.255043 0.771121 0.009715 -0.089652 0.019714 0.958611 0.269517
1768846073.963674307 1.233341 0.783207 0.006887 -0.090161 0.016841 0.958634 0.269460
1768846074.065311909 1.214358 0.793006 0.001905 -0.090029 0.018788 0.958525 0.269761
1768846074.163291931 1.196000 0.802242 -0.007624 -0.090218 0.015492 0.958541 0.269851
1768846074.263293028 1.180519 0.813187 0.007597 -0.089303 0.021009 0.958443 0.270130
1768846074.364304066 1.165127 0.824513 0.017390 -0.088866 0.017870 0.958528 0.270199
1768846074.463450193 1.149141 0.835759 0.023488 -0.088974 0.020489 0.958698 0.269375
1768846074.563495636 1.131411 0.848945 0.017506 -0.088535 0.021539 0.958773 0.269170
1768846074.663318872 1.115080 0.860726 0.016670 -0.088206 0.020776 0.958752 0.269412
1768846074.763110161 1.098595 0.870343 0.015402 -0.088129 0.021790 0.958711 0.269503
1768846074.865298748 1.081349 0.881131 0.016760 -0.088014 0.020932 0.958713 0.269600
1768846074.963842869 1.066816 0.891677 0.022331 -0.089652 0.016535 0.958392 0.270507
1768846075.064425945 1.049133 0.899922 0.019371 -0.091092 0.017045 0.958316 0.270262
1768846075.163610697 1.030905 0.910574 0.016823 -0.087724 0.019567 0.958615 0.270145
1768846075.266431808 1.014406 0.918835 0.017578 -0.089160 0.017922 0.958631 0.269732
1768846075.364331007 0.998721 0.930301 0.012850 -0.090113 0.023525 0.958542 0.269302
1768846075.463582516 0.979461 0.942247 0.009724 -0.085611 0.020834 0.958721 0.270354
1768846075.563591480 0.964420 0.953056 0.013708 -0.085641 0.019738 0.959309 0.268332
1768846075.663731813 0.947564 0.963460 0.011057 -0.087564 0.018021 0.961080 0.261404
1768846075.763340473 0.934499 0.970727 0.018470 -0.087252 0.017000 0.964546 0.248493
1768846075.862905025 0.911210 0.978162 0.034702 -0.086258 0.014202 0.969153 0.230434
1768846075.963420630 0.894133 0.984461 0.037056 -0.086193 0.011719 0.975062 0.204174
1768846076.063386202 0.878610 0.991232 0.039320 -0.086385 0.008708 0.981016 0.173403
1768846076.163659811 0.863418 0.994160 0.034247 -0.086362 0.005980 0.986692 0.137639
1768846076.263413429 0.856015 0.995769 0.035167 -0.086417 0.001363 0.991682 0.095378
1768846076.363431692 0.844225 0.997802 0.032329 -0.088067 0.002125 0.994801 0.051099
1768846076.463492155 0.817462 1.002463 0.040298 -0.086751 -0.004985 0.996123 0.013733
1768846076.563630819 0.823034 0.992744 0.020490 -0.086451 -0.007097 0.995071 -0.048063
1768846076.663561821 0.795027 0.999758 0.039241 -0.086299 -0.013358 0.991817 -0.093129
1768846076.764664650 0.787828 0.992629 0.018616 -0.089341 -0.017595 0.982315 -0.163601
1768846076.863385677 0.781555 0.986928 0.010868 -0.089017 -0.019215 0.980402 -0.174694
1768846076.964095592 0.768749 0.978800 0.009680 -0.085452 -0.013591 0.980355 -0.177248
1768846077.063552380 0.755008 0.973063 0.003118 -0.085509 -0.017430 0.980626 -0.175375
1768846077.164291382 0.740633 0.967913 0.016095 -0.087650 -0.014595 0.981015 -0.172378
1768846077.263993740 0.721987 0.963706 0.038585 -0.087607 -0.015731 0.980039 -0.177766
1768846077.363335609 0.703495 0.955954 0.027113 -0.086601 -0.016955 0.977739 -0.190367
1768846077.463535309 0.681885 0.943477 -0.005849 -0.084840 -0.018545 0.973599 -0.211099
1768846077.563344479 0.667508 0.938225 0.005903 -0.086236 -0.021055 0.968290 -0.233525
1768846077.663555861 0.657717 0.930468 0.002955 -0.083473 -0.019824 0.960752 -0.263808
1768846077.763466120 0.646608 0.921755 -0.000241 -0.083882 -0.024795 0.951574 -0.294713
1768846077.864208937 0.636833 0.912733 0.003502 -0.083147 -0.025632 0.941088 -0.326777
1768846077.963701010 0.615440 0.908833 0.023142 -0.083079 -0.030465 0.928707 -0.360102
1768846078.064003944 0.600914 0.900056 0.024280 -0.081335 -0.034265 0.911400 -0.401946
1768846078.163456202 0.613083 0.890530 0.013300 -0.077909 -0.036008 0.884409 -0.458753
1768846078.263451576 0.608180 0.883415 0.020463 0.076069 0.042772 -0.858866 0.504711
1768846078.364420652 0.602802 0.870799 0.018268 0.071137 0.043971 -0.825354 0.558387
1768846078.463529825 0.593461 0.852411 0.010318 0.069513 0.045642 -0.809051 0.581825
1768846078.563555002 0.592413 0.837241 0.005140 0.067641 0.044463 -0.807548 0.584221
1768846078.665502071 0.586651 0.820712 0.006471 0.069010 0.046188 -0.807061 0.584599
1768846078.763580322 0.579817 0.803973 0.007258 0.067517 0.045552 -0.807428 0.584317
1768846078.863482475 0.573785 0.786167 0.006333 0.067547 0.047449 -0.806716 0.585145
1768846078.963235378 0.566430 0.769350 0.012501 0.068858 0.048303 -0.806294 0.585505
1768846079.065386295 0.560759 0.753542 0.023191 0.069944 0.048833 -0.806007 0.585727
1768846079.164020061 0.555434 0.734078 0.020433 0.068413 0.046413 -0.805494 0.586809
1768846079.262982607 0.553599 0.718064 0.012995 0.068641 0.046166 -0.805509 0.586781
1768846079.363497734 0.544699 0.697987 0.013104 0.068813 0.046771 -0.806112 0.585884
1768846079.463514328 0.539754 0.677438 0.002508 0.067398 0.049602 -0.806072 0.585871
1768846079.563513279 0.532143 0.660061 0.001516 0.070719 0.048111 -0.806096 0.585571
1768846079.663702965 0.522066 0.643855 0.008551 0.072119 0.047752 -0.805283 0.586548
1768846079.763543606 0.514386 0.623418 -0.001201 0.069800 0.045533 -0.806578 0.585224
1768846079.862813950 0.508996 0.603023 -0.011754 0.069354 0.049134 -0.812551 0.576659
1768846079.963527441 0.503732 0.585440 -0.018633 0.070358 0.047761 -0.823012 0.561622
1768846080.065953493 0.495614 0.572342 -0.011450 0.073868 0.040974 -0.837029 0.540599
1768846080.159820080 0.489104 0.562451 -0.007378 0.074093 0.039603 -0.851400 0.517744
1768846080.264121771 0.480071 0.551974 -0.005421 -0.075219 -0.036810 0.868241 -0.489024
1768846080.363854170 0.468932 0.539926 -0.012299 -0.079615 -0.032605 0.889969 -0.447832
1768846080.464567423 0.458119 0.524738 -0.024605 -0.081292 -0.031850 0.897493 -0.432301
1768846080.563474655 0.445359 0.510783 -0.021362 -0.079742 -0.033681 0.897610 -0.432207
1768846080.663720131 0.433721 0.494515 -0.025323 -0.079689 -0.033097 0.897561 -0.432363
1768846080.764158726 0.422557 0.479799 -0.023586 -0.080046 -0.033206 0.897769 -0.431857
1768846080.862898827 0.410196 0.465327 -0.026228 -0.080312 -0.033070 0.897833 -0.431685
1768846080.963414192 0.397690 0.450984 -0.023831 -0.081353 -0.034674 0.898657 -0.429646
1768846081.063541412 0.385410 0.432123 -0.029740 -0.081979 -0.035871 0.900448 -0.425660
1768846081.163605928 0.369291 0.418333 -0.022190 -0.083279 -0.039887 0.905365 -0.414473
1768846081.262909651 0.359773 0.406338 -0.027370 -0.084213 -0.038003 0.913369 -0.396510
1768846081.365077972 0.349160 0.395386 -0.028241 -0.086622 -0.035387 0.923053 -0.373119
1768846081.462848186 0.332850 0.383352 -0.015497 -0.085303 -0.031157 0.934002 -0.345532
1768846081.563942432 0.318447 0.375162 -0.008347 -0.087632 -0.027376 0.944616 -0.315073
1768846081.665877819 0.305098 0.368425 -0.005315 -0.088600 -0.025042 0.955887 -0.278931
1768846081.762906551 0.293218 0.363559 -0.003504 -0.089863 -0.021947 0.966672 -0.238724
1768846081.863761187 0.281713 0.361202 -0.001167 -0.091076 -0.019134 0.976676 -0.193502
1768846081.963122845 0.271953 0.360643 0.008903 -0.092393 -0.016426 0.985353 -0.142384
1768846082.063424349 0.263639 0.356558 0.011669 -0.091757 -0.012788 0.991828 -0.087720
1768846082.163494349 0.245038 0.355655 0.016944 -0.091916 -0.012243 0.992635 -0.077959
1768846082.263532877 0.225413 0.352963 0.006776 -0.093430 -0.010303 0.992521 -0.077883
1768846082.365072966 0.207453 0.349891 0.002020 -0.093775 -0.011046 0.992434 -0.078479
1768846082.463876009 0.188162 0.346549 0.002419 -0.093299 -0.013307 0.992471 -0.078232
1768846082.563916445 0.171954 0.342389 0.002113 -0.093486 -0.011874 0.992437 -0.078670
1768846082.664120913 0.152806 0.342280 0.004129 -0.092557 -0.010742 0.992625 -0.077551
1768846082.763646126 0.133759 0.341653 0.002429 -0.093292 -0.010260 0.992534 -0.077894
1768846082.863774300 0.112558 0.337704 -0.001846 -0.093674 -0.011015 0.992482 -0.077995
1768846082.965681314 0.092160 0.333612 -0.000661 -0.093331 -0.011410 0.992433 -0.078973
1768846083.065174103 0.072417 0.331703 -0.007733 -0.091734 -0.008851 0.992996 -0.073930
1768846083.163855791 0.055873 0.334250 -0.003948 -0.093757 -0.009584 0.993515 -0.063606
1768846083.263659477 0.034407 0.331559 -0.008510 -0.093779 -0.008010 0.994670 -0.042108
1768846083.362390041 0.019150 0.328736 -0.010799 -0.092755 -0.005285 0.995570 -0.014421
1768846083.463798285 -0.002856 0.332819 0.004676 -0.092267 -0.005700 0.995713 0.003045
1768846083.562778711 -0.021167 0.332454 -0.000571 -0.091958 -0.003733 0.995749 0.003798
1768846083.664849520 -0.040650 0.332935 -0.003819 -0.091413 -0.003270 0.995799 0.004170
1768846083.763945580 -0.059443 0.332707 -0.002479 -0.091051 -0.004158 0.995825 0.005057
1768846083.863904953 -0.077422 0.335943 0.006144 -0.091078 -0.003991 0.995821 0.005455
1768846083.962664843 -0.098338 0.335481 -0.001412 -0.091670 -0.000692 0.995773 0.005593
1768846084.063767910 -0.115215 0.335780 0.003750 -0.090674 -0.002568 0.995856 0.006572
1768846084.163777351 -0.136586 0.340964 -0.005338 -0.091488 0.000376 0.995786 0.006299
1768846084.264427900 -0.158357 0.342744 -0.013538 -0.090776 -0.000559 0.995849 0.006703
1768846084.363529921 -0.178607 0.340459 -0.006059 -0.090424 0.000349 0.995884 0.006268
1768846084.463939667 -0.196850 0.336780 -0.010054 -0.090926 -0.002879 0.995834 0.006262
1768846084.563742161 -0.218308 0.332639 -0.025681 -0.090922 -0.003160 0.995833 0.006388
1768846084.663924694 -0.237314 0.333129 -0.029278 -0.091006 -0.002957 0.995828 0.006020
1768846084.763629675 -0.256700 0.334639 -0.025564 -0.090428 -0.002797 0.995880 0.006225
1768846084.865564108 -0.275886 0.335645 -0.017539 -0.089379 -0.000635 0.995979 0.006147
1768846084.963652611 -0.295227 0.335001 -0.016895 -0.089509 -0.001605 0.995964 0.006414
1768846085.063746452 -0.314545 0.339341 -0.016565 -0.089479 -0.000085 0.995963 0.007170
1768846085.164651155 -0.334972 0.341275 -0.012461 -0.089187 -0.000870 0.995986 0.007595
1768846085.263067961 -0.354579 0.346421 -0.010174 -0.088642 0.000626 0.996035 0.007455
1768846085.363862038 -0.373912 0.345697 -0.016686 -0.090120 -0.002164 0.995903 0.007141
1768846085.465820789 -0.394133 0.342357 -0.015592 -0.087924 -0.001304 0.996106 0.006337
1768846085.563548326 -0.412665 0.341698 -0.016918 -0.089834 -0.003328 0.995932 0.006201
1768846085.663937569 -0.431793 0.345981 -0.011443 -0.089800 -0.001249 0.995936 0.006850
1768846085.764261723 -0.450526 0.349595 -0.012313 -0.090019 -0.000315 0.995917 0.006812
1768846085.863228559 -0.472041 0.343861 -0.013223 -0.089926 -0.004279 0.995922 0.005860
1768846085.963972807 -0.490864 0.348595 0.000340 -0.089200 -0.004416 0.995982 0.006569
1768846086.066278219 -0.512832 0.353043 0.004227 -0.087536 0.002004 0.996135 0.006946
1768846086.162967205 -0.530423 0.352237 0.008228 -0.087086 0.002499 0.996175 0.006776
1768846086.263797760 -0.549526 0.348110 -0.003176 -0.087607 -0.001881 0.996132 0.006569
1768846086.363360405 -0.568047 0.347766 -0.004898 -0.086523 0.000487 0.996225 0.007002
1768846086.464372396 -0.587780 0.354233 -0.001189 -0.087152 -0.002220 0.996171 0.006506
1768846086.563820839 -0.605910 0.357883 0.006988 -0.086661 -0.001729 0.996217 0.006239
1768846086.664638042 -0.625918 0.357515 0.005233 -0.085865 -0.002676 0.996286 0.005770
1768846086.761784077 -0.644996 0.356660 -0.000355 -0.086754 -0.000275 0.996218 0.004848
1768846086.863830328 -0.665053 0.356173 -0.009153 -0.087117 -0.001299 0.996187 0.004481
1768846086.963696003 -0.685369 0.351008 -0.020011 -0.087314 -0.002910 0.996166 0.004647
1768846087.062902689 -0.704398 0.351116 -0.015124 -0.087289 -0.000918 0.996172 0.004688
1768846087.162791491 -0.725301 0.351676 -0.017487 -0.086988 -0.005375 0.996182 0.005014
1768846087.264114141 -0.745433 0.351072 -0.018500 -0.085124 -0.002250 0.996352 0.005586
1768846087.363972425 -0.764122 0.354082 -0.017061 -0.087299 -0.000339 0.996171 0.004710
1768846087.463918686 -0.782952 0.356711 -0.010746 -0.085325 -0.001682 0.996341 0.004690
1768846087.563758612 -0.801947 0.357500 -0.014004 -0.087343 -0.002342 0.996169 0.003637
1768846087.662900686 -0.823116 0.359726 -0.012610 -0.084827 -0.001475 0.996389 0.003460
1768846087.763803005 -0.839436 0.356788 -0.006994 -0.084023 -0.001978 0.996456 0.003479
1768846087.864003181 -0.861644 0.357455 -0.016209 -0.087783 -0.004370 0.996126 0.002677
1768846087.963912725 -0.880903 0.358466 -0.014002 -0.086273 -0.004770 0.996256 0.002765
1768846088.062791109 -0.900671 0.360151 -0.012660 -0.087572 -0.000832 0.996155 0.002541
1768846088.164378405 -0.921585 0.362733 -0.012542 -0.085334 -0.004116 0.996338 0.003485
1768846088.264231205 -0.937592 0.366765 -0.006916 -0.085627 -0.004049 0.996313 0.003602
1768846088.363926649 -0.954852 0.363096 -0.000267 -0.084510 -0.001456 0.996415 0.003633
1768846088.463630676 -0.974416 0.360401 -0.000429 -0.084832 -0.001478 0.996388 0.003458
1768846088.563825607 -0.995678 0.359621 -0.004148 -0.086704 -0.001397 0.996231 0.001811
1768846088.663022518 -1.017285 0.357853 -0.020585 -0.087597 -0.002623 0.996152 0.001421
1768846088.763080835 -1.037249 0.362140 -0.021844 -0.086167 -0.001065 0.996279 0.001472
1768846088.865670204 -1.057823 0.365950 -0.016456 -0.087220 -0.001160 0.996188 0.000800
1768846088.962939024 -1.075072 0.369921 -0.021804 -0.087683 -0.000723 0.996148 0.000490
1768846089.063770056 -1.093777 0.369299 -0.019554 -0.087048 -0.000751 0.996203 0.001166
1768846089.162873030 -1.112676 0.367212 -0.012730 -0.086468 -0.002006 0.996251 0.001719
1768846089.263021469 -1.133431 0.368432 -0.013746 -0.086788 -0.000054 0.996224 0.002297
1768846089.363841295 -1.152664 0.370252 -0.012770 -0.085805 -0.001739 0.996308 0.002188
1768846089.464248419 -1.172560 0.367071 -0.013653 -0.086331 -0.003341 0.996259 0.001875
1768846089.562916040 -1.191498 0.361618 -0.026642 -0.086760 -0.002459 0.996225 0.001690
1768846089.661946774 -1.211412 0.369848 -0.025922 -0.087189 0.000668 0.996191 0.001042
1768846089.761943102 -1.230499 0.374274 -0.025855 -0.087265 0.001287 0.996184 0.000732
1768846089.863587856 -1.249674 0.374148 -0.025942 -0.087482 0.001135 0.996165 0.000574
1768846089.963854551 -1.269028 0.375407 -0.026692 -0.087841 0.001193 0.996134 0.000766
1768846090.063938379 -1.288969 0.374485 -0.022043 -0.087283 -0.000525 0.996183 0.001193
1768846090.163957357 -1.308712 0.375550 -0.005370 -0.086610 0.001106 0.996241 0.001404
1768846090.262855530 -1.325985 0.374324 -0.033608 -0.087263 0.002701 0.996180 0.002016
1768846090.364171267 -1.346296 0.373987 -0.033615 -0.086893 0.001655 0.996214 0.002189
1768846090.463669300 -1.365089 0.375229 -0.021142 -0.085956 -0.001493 0.996296 0.001791
1768846090.564099073 -1.385535 0.374751 -0.017573 -0.086850 -0.003348 0.996215 0.001408
1768846090.663716555 -1.404916 0.374354 -0.005331 -0.085439 -0.001631 0.996342 0.000836
1768846090.762926102 -1.425229 0.375222 -0.002963 -0.086372 0.000063 0.996263 0.000017
1768846090.863306522 -1.442789 0.376381 -0.002010 -0.087328 -0.002813 0.996176 0.000278
1768846090.964151144 -1.463615 0.374044 -0.020433 -0.088373 -0.001494 0.996086 0.000075
1768846091.063910961 -1.483933 0.371319 -0.028380 -0.088687 -0.005829 0.996042 -0.000148
1768846091.163182020 -1.503044 0.371366 -0.032253 -0.087792 -0.005772 0.996122 -0.000041
1768846091.263086081 -1.523294 0.379536 0.008016 -0.086364 -0.007433 0.996236 0.000356
1768846091.362942219 -1.541038 0.379546 -0.001443 -0.088071 -0.005524 0.996099 0.000458
1768846091.464023829 -1.560592 0.378636 -0.012493 -0.087551 -0.005626 0.996144 0.000506
1768846091.563674450 -1.579583 0.376601 -0.012990 -0.087719 -0.001484 0.996144 -0.000544
1768846091.665480375 -1.598893 0.376567 -0.019933 -0.087729 -0.005624 0.996128 -0.000680
1768846091.762981415 -1.620073 0.372724 -0.026600 -0.089488 -0.007595 0.995958 -0.000999
1768846091.863792896 -1.639716 0.372679 -0.019171 -0.086250 -0.002220 0.996270 -0.001443
1768846091.963681221 -1.659095 0.374857 -0.021185 -0.089261 -0.007098 0.995982 -0.001398
1768846092.065833569 -1.679450 0.375588 -0.016592 -0.088534 -0.007441 0.996045 -0.001270
1768846092.163683891 -1.698210 0.375607 -0.016549 -0.088074 -0.005171 0.996100 -0.001261
1768846092.262949944 -1.717844 0.376196 -0.020607 -0.089100 -0.003791 0.996015 -0.001337
1768846092.363622189 -1.736808 0.379838 -0.014798 -0.088504 -0.002510 0.996072 -0.001533
1768846092.464228153 -1.755400 0.379261 -0.013076 -0.088780 -0.005882 0.996033 -0.001008
1768846092.563076496 -1.776427 0.378073 -0.011620 -0.087009 -0.003262 0.996202 -0.001040
1768846092.662917137 -1.793832 0.381672 -0.007296 -0.087389 -0.003114 0.996168 -0.001726
1768846092.764483213 -1.816409 0.384141 -0.011599 -0.088284 -0.004283 0.996082 -0.002884
1768846092.863697052 -1.835056 0.385066 -0.013299 -0.088077 -0.003378 0.996102 -0.003451
1768846092.963318825 -1.853580 0.384930 -0.014838 -0.088268 -0.003769 0.996084 -0.003474
1768846093.063373089 -1.875187 0.382505 -0.015687 -0.088025 -0.003105 0.996109 -0.003120
1768846093.163162947 -1.898563 0.384328 -0.026966 -0.088147 -0.001840 0.996100 -0.003312
1768846093.264018774 -1.917685 0.385440 -0.024964 -0.087629 -0.002760 0.996144 -0.003371
1768846093.363518715 -1.936262 0.385631 -0.021787 -0.088211 -0.002453 0.996095 -0.002813
1768846093.462591171 -1.954832 0.384583 -0.024298 -0.087043 -0.002565 0.996198 -0.002516
1768846093.563111782 -1.971502 0.385935 -0.013004 -0.086040 -0.003962 0.996282 -0.001919
1768846093.662926197 -1.990271 0.388502 -0.016061 -0.086459 -0.004194 0.996244 -0.002122
1768846093.764028549 -2.008884 0.387533 -0.008268 -0.084426 -0.002670 0.996423 -0.002610
1768846093.864256382 -2.028563 0.386149 -0.010786 -0.085832 -0.003868 0.996298 -0.002954
1768846093.963910103 -2.049227 0.385809 -0.009597 -0.085435 -0.004799 0.996326 -0.003596
1768846094.063755274 -2.065988 0.389104 0.002007 -0.085310 -0.005775 0.996333 -0.003215
1768846094.163039684 -2.084671 0.389506 0.001089 -0.085315 -0.005743 0.996333 -0.003137
1768846094.263413668 -2.103980 0.389804 -0.000128 -0.085240 -0.005232 0.996342 -0.002911
1768846094.363981247 -2.124066 0.387520 -0.007705 -0.086900 -0.005666 0.996196 -0.002974
1768846094.463289261 -2.144983 0.386339 -0.015252 -0.086396 -0.004759 0.996249 -0.001273
1768846094.563857555 -2.161569 0.388254 -0.004730 -0.085935 -0.003144 0.996289 0.003557
1768846094.662475348 -2.176978 0.385705 0.010032 -0.085216 -0.003739 0.996341 -0.005409
1768846094.763015747 -2.194638 0.387752 0.013900 -0.085035 -0.005808 0.996054 -0.024744
1768846094.864603519 -2.209276 0.386652 0.012881 -0.084878 -0.007491 0.995127 -0.049608
1768846094.963774681 -2.227048 0.385835 0.011536 -0.082864 -0.009337 0.993170 -0.081614
1768846095.062948704 -2.239578 0.382253 0.012312 -0.080919 -0.009380 0.989216 -0.121719
1768846095.164149046 -2.262977 0.380028 0.003767 -0.083220 -0.015157 0.987568 -0.132489
1768846095.264042616 -2.288433 0.367301 -0.025848 -0.084489 -0.018704 0.987093 -0.134756
1768846095.363010406 -2.304373 0.363222 -0.028507 -0.084229 -0.019225 0.987036 -0.135259
1768846095.462165117 -2.323564 0.358139 -0.018688 -0.083612 -0.018547 0.987054 -0.135611
1768846095.564250708 -2.341916 0.354159 -0.004291 -0.084897 -0.014966 0.986879 -0.136521
1768846095.662822485 -2.358204 0.349073 -0.008385 -0.083739 -0.012518 0.986882 -0.137459
1768846095.764309406 -2.379107 0.341535 -0.022066 -0.086425 -0.015953 0.986621 -0.137313
1768846095.864103556 -2.400652 0.336637 -0.026487 -0.086698 -0.016275 0.986639 -0.136976
1768846095.963750839 -2.417998 0.330893 -0.023027 -0.087799 -0.010697 0.987225 -0.132525
1768846096.063208580 -2.437080 0.327488 -0.016696 -0.087471 -0.010545 0.987080 -0.133833
1768846096.162765026 -2.455326 0.323177 -0.015008 -0.087723 -0.012044 0.985912 -0.141906
1768846096.264142036 -2.472509 0.318517 -0.019921 -0.086112 -0.016503 0.983648 -0.157318
1768846096.363075733 -2.489195 0.309189 -0.015838 -0.085422 -0.018259 0.980075 -0.178388
1768846096.463285923 -2.505860 0.301620 -0.014375 -0.084635 -0.019300 0.974825 -0.205378
1768846096.564030886 -2.518338 0.294915 -0.024358 -0.082976 -0.023796 0.968108 -0.235193
1768846096.663081408 -2.523853 0.291066 -0.029693 -0.082248 -0.024919 0.960203 -0.265751
1768846096.760333061 -2.536135 0.279217 -0.032932 -0.082972 -0.031724 0.948646 -0.303612
1768846096.863558292 -2.547623 0.266645 -0.048095 -0.082779 -0.032230 0.947527 -0.307085
1768846096.963345051 -2.565942 0.256088 -0.036614 -0.082717 -0.028455 0.947178 -0.308548
1768846097.063077450 -2.584187 0.249734 -0.018516 -0.081477 -0.027164 0.947552 -0.307845
1768846097.163464308 -2.602704 0.240212 -0.019495 -0.082022 -0.027629 0.947443 -0.307994
1768846097.262782574 -2.619578 0.229163 -0.013354 -0.081935 -0.026907 0.947411 -0.308180
1768846097.363902807 -2.635793 0.218346 -0.023177 -0.082349 -0.028918 0.947188 -0.308574
1768846097.463362932 -2.652243 0.209696 -0.021817 -0.082313 -0.028131 0.947067 -0.309027
1768846097.563361883 -2.669215 0.201538 -0.022535 -0.083080 -0.027986 0.946846 -0.309512
1768846097.663847208 -2.684003 0.188108 -0.019893 -0.081522 -0.028287 0.946663 -0.310455
1768846097.763293266 -2.697309 0.179528 -0.011813 -0.082563 -0.028821 0.946489 -0.310662
1768846097.863161087 -2.713782 0.163328 -0.017748 -0.082654 -0.030329 0.946302 -0.311063
1768846097.963334322 -2.723839 0.150256 -0.015806 -0.082208 -0.029374 0.946482 -0.310727
1768846098.063611269 -2.738306 0.140089 -0.013499 -0.082302 -0.029058 0.946612 -0.310335
1768846098.163108826 -2.754639 0.129718 -0.012189 -0.082210 -0.029491 0.946593 -0.310377
1768846098.263500690 -2.772496 0.115064 -0.014729 -0.081774 -0.031348 0.946867 -0.309472
1768846098.363372803 -2.790477 0.101941 -0.016435 -0.081721 -0.031573 0.946827 -0.309585
1768846098.463252306 -2.805283 0.088462 -0.022994 -0.083260 -0.031194 0.946452 -0.310360
1768846098.562933445 -2.822687 0.077793 -0.026548 -0.083346 -0.028068 0.946495 -0.310503
1768846098.662873268 -2.838245 0.067764 -0.030152 -0.083741 -0.028113 0.946394 -0.310702
1768846098.762911320 -2.854713 0.058328 -0.023765 -0.082586 -0.032040 0.946465 -0.310413
1768846098.864264250 -2.869971 0.049833 -0.015095 -0.082845 -0.030075 0.946206 -0.311329
1768846098.964277029 -2.884934 0.033600 -0.035276 -0.084149 -0.032009 0.946236 -0.310695
1768846099.063446999 -2.903793 0.025318 -0.033721 -0.084003 -0.028414 0.946198 -0.311200
1768846099.163593531 -2.921820 0.017022 -0.031232 -0.084780 -0.027897 0.946222 -0.310965
1768846099.266088963 -2.936798 0.004933 -0.033838 -0.082226 -0.028384 0.949441 -0.301653
1768846099.364268303 -2.950335 -0.005150 -0.029180 -0.081633 -0.029012 0.949885 -0.300356
1768846099.463243008 -2.966870 -0.015886 -0.028964 -0.081392 -0.029433 0.946333 -0.311390
1768846099.562719822 -2.980698 -0.025068 -0.028599 -0.080976 -0.031077 0.940016 -0.329919
1768846099.663022995 -2.992352 -0.036389 -0.028766 -0.080171 -0.032190 0.931576 -0.353132
1768846099.762922525 -3.006361 -0.048579 -0.032147 -0.084584 -0.033092 0.921299 -0.378099
1768846099.862849951 -3.020816 -0.065455 -0.034304 -0.083765 -0.035521 0.908350 -0.408194
1768846099.963940382 -3.030918 -0.075441 -0.039190 -0.079949 -0.037471 0.891455 -0.444423
1768846100.063269377 -3.040474 -0.084557 -0.027094 -0.078050 -0.041366 0.877070 -0.472170
1768846100.163350105 -3.050326 -0.099540 -0.014543 -0.080889 -0.042580 0.875050 -0.475322
1768846100.266430378 -3.060663 -0.117130 -0.009249 -0.078176 -0.040665 0.875226 -0.475620
1768846100.364110947 -3.070822 -0.132608 -0.006915 -0.078258 -0.039795 0.874962 -0.476166
1768846100.463697433 -3.080964 -0.148320 -0.011921 -0.076138 -0.043185 0.874756 -0.476592
1768846100.563483477 -3.097446 -0.163521 -0.007494 -0.080598 -0.043724 0.877295 -0.471110
1768846100.663472414 -3.108274 -0.178228 0.012232 -0.080559 -0.044423 0.877490 -0.470690
1768846100.763346910 -3.118375 -0.194656 0.010050 -0.080756 -0.044341 0.877309 -0.471001
1768846100.863454342 -3.126640 -0.211770 0.011678 -0.080004 -0.044531 0.875019 -0.475351
1768846100.962928295 -3.135084 -0.227120 0.009500 -0.079873 -0.045316 0.868268 -0.487522
1768846101.062879801 -3.139436 -0.239472 0.005104 0.080882 0.044071 -0.857896 0.505501
1768846101.163532257 -3.143013 -0.250654 -0.002864 0.079901 0.046495 -0.844646 0.527283
1768846101.265457153 -3.150657 -0.264962 -0.004115 0.078148 0.047869 -0.828289 0.552756
1768846101.363677025 -3.155933 -0.279177 -0.011589 0.076957 0.051176 -0.811384 0.577161
1768846101.463373184 -3.164806 -0.301836 -0.030747 0.076518 0.051779 -0.804783 0.586334
1768846101.563508511 -3.175437 -0.322037 -0.033357 0.073408 0.050806 -0.804096 0.587759
1768846101.664237261 -3.182530 -0.339526 -0.024021 0.073465 0.048962 -0.803846 0.588249
1768846101.761551380 -3.187317 -0.355329 -0.025150 0.074218 0.050881 -0.803528 0.588426
1768846101.864216805 -3.196829 -0.379320 -0.030402 0.076127 0.052056 -0.803584 0.588003
1768846101.963497877 -3.201209 -0.399473 -0.037732 0.076542 0.052425 -0.803478 0.588061
1768846102.063621283 -3.207985 -0.418975 -0.041264 0.075784 0.051344 -0.803312 0.588481
1768846102.163551331 -3.211664 -0.436551 -0.044093 0.073698 0.049711 -0.803103 0.589171
1768846102.264251232 -3.214748 -0.450099 -0.036540 0.072893 0.049056 -0.803027 0.589431
1768846102.364663839 -3.224577 -0.470042 -0.035993 0.073175 0.050732 -0.802658 0.589756
1768846102.463646173 -3.230107 -0.487648 -0.034849 0.073482 0.050535 -0.802411 0.590070
1768846102.563483238 -3.234455 -0.502763 -0.033528 0.072624 0.050566 -0.801713 0.591122
1768846102.663510323 -3.240032 -0.523788 -0.034436 0.071430 0.050077 -0.801498 0.591601
1768846102.763292789 -3.244415 -0.540387 -0.034609 0.072530 0.050660 -0.801164 0.591870
1768846102.863606691 -3.252305 -0.558248 -0.032887 0.072903 0.051211 -0.801291 0.591604
1768846102.964329720 -3.262717 -0.577399 -0.026235 0.073660 0.051697 -0.801350 0.591389
1768846103.063085318 -3.268957 -0.597766 -0.032688 0.071955 0.051424 -0.801628 0.591245
1768846103.163322210 -3.273340 -0.616394 -0.033600 0.069467 0.050708 -0.801385 0.591934
1768846103.267475128 -3.276409 -0.633304 -0.035623 0.071232 0.050578 -0.801443 0.591656
1768846103.363824606 -3.281936 -0.649882 -0.033184 0.070714 0.051199 -0.801098 0.592131
1768846103.463340282 -3.289890 -0.666922 -0.023966 0.071857 0.051338 -0.800754 0.592447
1768846103.562858343 -3.296718 -0.683844 -0.013809 0.071638 0.051381 -0.800415 0.592928
1768846103.663340569 -3.302271 -0.704773 -0.022611 0.070329 0.050955 -0.800338 0.593226
1768846103.763463736 -3.308519 -0.728179 -0.036628 0.072792 0.050502 -0.801396 0.591537
1768846103.864446402 -3.312918 -0.746283 -0.036474 0.072077 0.051579 -0.797702 0.596504
1768846103.964374781 -3.319812 -0.759380 -0.014424 0.069349 0.053769 -0.787714 0.609759
1768846104.063570738 -3.322811 -0.776116 -0.018139 0.066958 0.054599 -0.773915 0.627368
1768846104.163422585 -3.324407 -0.794348 -0.031604 0.065000 0.056671 -0.757564 0.647040
1768846104.264352083 -3.322835 -0.806778 -0.039787 0.064164 0.058291 -0.736853 0.670472
1768846104.363619089 -3.323576 -0.819475 -0.036774 0.064734 0.059069 -0.714158 0.694477
1768846104.463472128 -3.324151 -0.833696 -0.028320 0.058349 0.060424 -0.684200 0.724441
1768846104.562962770 -3.322545 -0.840313 -0.034582 0.058060 0.062898 -0.653690 0.751906
1768846104.663538456 -3.314509 -0.852426 -0.043431 0.051496 0.069070 -0.600305 0.795117
1768846104.762855053 -3.312732 -0.863619 -0.025053 0.048294 0.070938 -0.576468 0.812601
1768846104.862939835 -3.311097 -0.887186 -0.025844 0.052143 0.067244 -0.572128 0.815738
1768846104.964364052 -3.308639 -0.908230 -0.031538 0.051716 0.068059 -0.571911 0.815850
1768846105.063823223 -3.296477 -0.927093 -0.043312 0.047989 0.071117 -0.571723 0.815949
1768846105.164247990 -3.290251 -0.942368 -0.049457 0.048285 0.068735 -0.571407 0.816356
1768846105.263732910 -3.283737 -0.963436 -0.046744 0.046545 0.069956 -0.570826 0.816761
1768846105.363381863 -3.273968 -0.981130 -0.051288 0.048233 0.066091 -0.570455 0.817243
1768846105.465445280 -3.269146 -0.998951 -0.040339 0.049486 0.064753 -0.570109 0.817517
1768846105.563667536 -3.264030 -1.016420 -0.035600 0.050228 0.065903 -0.569843 0.817565
1768846105.663482189 -3.259376 -1.036972 -0.032627 0.051889 0.064504 -0.570128 0.817374
1768846105.763508558 -3.254993 -1.055261 -0.024653 0.052265 0.063849 -0.570370 0.817233
1768846105.863634586 -3.249034 -1.074620 -0.028078 0.052591 0.066199 -0.570399 0.817005
1768846105.963777065 -3.239208 -1.091691 -0.045773 0.050023 0.068666 -0.570346 0.817000
1768846106.063034296 -3.235382 -1.110124 -0.044533 0.052525 0.067343 -0.570457 0.816875
1768846106.163664818 -3.228975 -1.127319 -0.054080 0.052617 0.067238 -0.570452 0.816881
1768846106.263622761 -3.222654 -1.146583 -0.056459 0.050549 0.068820 -0.570004 0.817193
1768846106.363605976 -3.212776 -1.167678 -0.058443 0.047462 0.069974 -0.569865 0.817377
1768846106.463586092 -3.206880 -1.187546 -0.046466 0.049727 0.065924 -0.569409 0.817896
1768846106.563493252 -3.205722 -1.203332 -0.029990 0.050021 0.064982 -0.569193 0.818104
1768846106.664467812 -3.198359 -1.223481 -0.038045 0.051922 0.066382 -0.571391 0.816339
1768846106.763782740 -3.191538 -1.242326 -0.044304 0.050868 0.068130 -0.570817 0.816663
1768846106.863450050 -3.186239 -1.257906 -0.029012 0.049982 0.067289 -0.565675 0.820357
1768846106.963499546 -3.179464 -1.279385 -0.030935 0.048145 0.067663 -0.554805 0.827825
1768846107.063510895 -3.176522 -1.289670 -0.027110 0.046220 0.069138 -0.536841 0.839575
1768846107.166438580 -3.163882 -1.308801 -0.035185 0.043958 0.069166 -0.513365 0.854248
1768846107.263689756 -3.153300 -1.323603 -0.039867 0.041509 0.069536 -0.486364 0.869995
1768846107.363420010 -3.145012 -1.331618 -0.042015 0.038208 0.071178 -0.450779 0.888973
1768846107.464478254 -3.137801 -1.336235 -0.035190 0.032914 0.072350 -0.408540 0.909273
1768846107.563729048 -3.127541 -1.348265 -0.037175 0.030864 0.071624 -0.395201 0.915278
1768846107.664515018 -3.117706 -1.366319 -0.032816 0.030893 0.074080 -0.392922 0.916062
1768846107.763432264 -3.106509 -1.379060 -0.023883 0.030682 0.074487 -0.392070 0.916401
1768846107.863684416 -3.098160 -1.396160 -0.014111 0.029240 0.074014 -0.391819 0.916594
1768846107.964482069 -3.081452 -1.407342 -0.034016 0.030995 0.072724 -0.391118 0.916939
1768846108.064169884 -3.070745 -1.418940 -0.030197 0.030374 0.072307 -0.391616 0.916780
1768846108.163832664 -3.057593 -1.435480 -0.021847 0.030147 0.072265 -0.391539 0.916824
1768846108.263737679 -3.039692 -1.448030 -0.033518 0.030713 0.072002 -0.391155 0.916990
1768846108.363662720 -3.019691 -1.469427 -0.041204 0.031982 0.073411 -0.390916 0.916937
1768846108.463897943 -3.007099 -1.486359 -0.047657 0.031888 0.072462 -0.390231 0.917307
1768846108.565274239 -2.995108 -1.499163 -0.045206 0.031382 0.071081 -0.390703 0.917231
1768846108.663841963 -2.986887 -1.504421 -0.026719 0.032194 0.073500 -0.389821 0.917388
1768846108.762884378 -2.966092 -1.523286 -0.047656 0.032652 0.071575 -0.389828 0.917521
1768846108.863562822 -2.957100 -1.532839 -0.036888 0.032111 0.072064 -0.389705 0.917554
1768846108.964123249 -2.938846 -1.554795 -0.048547 0.033245 0.074733 -0.390193 0.917093
1768846109.063399792 -2.924298 -1.573532 -0.057494 0.032042 0.074987 -0.390189 0.917117
1768846109.163286686 -2.912261 -1.584345 -0.053621 0.032275 0.072915 -0.389933 0.917384
1768846109.263556957 -2.899302 -1.598472 -0.043518 0.032601 0.075789 -0.389834 0.917182
1768846109.363989592 -2.885101 -1.613671 -0.047106 0.033065 0.076510 -0.389557 0.917223
1768846109.462890863 -2.873334 -1.625790 -0.041574 0.032526 0.074205 -0.389454 0.917476
1768846109.562782049 -2.865519 -1.633589 -0.016813 0.031803 0.071699 -0.389278 0.917775
1768846109.662901402 -2.851668 -1.647071 -0.018252 0.030351 0.069321 -0.389518 0.917905
1768846109.763395548 -2.837154 -1.663703 -0.026566 0.029842 0.071168 -0.390683 0.917285
1768846109.863334179 -2.823025 -1.679753 -0.025259 0.030595 0.070023 -0.386014 0.919323
1768846109.963836432 -2.808551 -1.691870 -0.028047 0.029156 0.072050 -0.371756 0.925071
1768846110.063060045 -2.794924 -1.704885 -0.035980 0.026418 0.073182 -0.354263 0.931904
1768846110.166533470 -2.781977 -1.716168 -0.042759 0.024392 0.075260 -0.329536 0.940822
1768846110.263577938 -2.770344 -1.725006 -0.032282 0.025306 0.075053 -0.300835 0.950382
1768846110.364281416 -2.759043 -1.730345 -0.032530 0.022270 0.080258 -0.260579 0.961853
1768846110.463947296 -2.744667 -1.738895 -0.038301 0.017412 0.073048 -0.246435 0.966246
1768846110.563587427 -2.727296 -1.751699 -0.039223 0.021546 0.078223 -0.245564 0.965979
1768846110.663874865 -2.707879 -1.759553 -0.053947 0.019501 0.076337 -0.245876 0.966094
1768846110.763143539 -2.692901 -1.769961 -0.037471 0.017910 0.077462 -0.246088 0.965981
1768846110.863603830 -2.678424 -1.779715 -0.020720 0.017244 0.076608 -0.246434 0.965973
1768846110.963707924 -2.660408 -1.789650 -0.022241 0.018321 0.077434 -0.245364 0.966160
1768846111.063440800 -2.643033 -1.799448 -0.032228 0.019102 0.078473 -0.245861 0.965935
1768846111.163611174 -2.626453 -1.811268 -0.030922 0.021174 0.077200 -0.245263 0.966146
1768846111.263663292 -2.612166 -1.819999 -0.019739 0.018791 0.079448 -0.244763 0.966140
1768846111.365092039 -2.596205 -1.827273 -0.006489 0.018815 0.079423 -0.244319 0.966254
1768846111.463578939 -2.579524 -1.837073 -0.003062 0.017717 0.079936 -0.244732 0.966128
1768846111.563206196 -2.562020 -1.847608 -0.005198 0.017967 0.078465 -0.245404 0.966073
1768846111.662796259 -2.542255 -1.859144 -0.020915 0.017398 0.076203 -0.246415 0.966007
1768846111.764456511 -2.527501 -1.866584 -0.005404 0.018770 0.078201 -0.238052 0.967917
1768846111.862789631 -2.506286 -1.874377 -0.026863 0.018586 0.079345 -0.220352 0.972010
1768846111.963622808 -2.490946 -1.881731 -0.036219 0.014141 0.077480 -0.197671 0.977099
1768846112.063559532 -2.476499 -1.889154 -0.023126 0.011330 0.074929 -0.184018 0.979997
1768846112.163051844 -2.461041 -1.897130 -0.030963 0.010565 0.075452 -0.182980 0.980160
1768846112.263854504 -2.438901 -1.904710 -0.030534 0.010648 0.078546 -0.182543 0.979998
1768846112.361785173 -2.417004 -1.910643 -0.032448 0.012017 0.077456 -0.181805 0.980206
1768846112.464117289 -2.400492 -1.921429 -0.032617 0.012149 0.077225 -0.181461 0.980286
1768846112.563757896 -2.388611 -1.921697 -0.026207 0.011261 0.077010 -0.181734 0.980263
1768846112.662970781 -2.369388 -1.927778 -0.024479 0.011050 0.077763 -0.181698 0.980213
1768846112.763979197 -2.351352 -1.936782 -0.019823 0.009889 0.078071 -0.182534 0.980045
1768846112.862733603 -2.335587 -1.944441 -0.018251 0.010679 0.077168 -0.181646 0.980273
1768846112.963622093 -2.318207 -1.952501 -0.020322 0.010190 0.076164 -0.181931 0.980304
1768846113.062911749 -2.298706 -1.959298 -0.020429 0.010491 0.077242 -0.181992 0.980205
1768846113.163850069 -2.277589 -1.964426 -0.013958 0.010060 0.078052 -0.182115 0.980123
1768846113.263652802 -2.258447 -1.974737 -0.019425 0.010116 0.077684 -0.181387 0.980286
1768846113.362757683 -2.241789 -1.981681 -0.017888 0.009424 0.077792 -0.180900 0.980375
1768846113.462832451 -2.222535 -1.985872 -0.013770 0.009178 0.077595 -0.181026 0.980370
1768846113.562900543 -2.205567 -1.993181 -0.012812 0.009265 0.078467 -0.180981 0.980308
1768846113.663748741 -2.189178 -2.000820 -0.013971 0.009460 0.077871 -0.180908 0.980367
1768846113.763842106 -2.171126 -2.009885 -0.027303 0.011594 0.078425 -0.180822 0.980316
1768846113.863365889 -2.149504 -2.018352 -0.032890 0.010569 0.078016 -0.182032 0.980136
1768846113.963798046 -2.137880 -2.024194 -0.000926 0.009375 0.078325 -0.182076 0.980115
1768846114.063898563 -2.122437 -2.031568 0.000401 0.009205 0.078745 -0.182296 0.980042
1768846114.162858009 -2.093848 -2.038728 -0.013465 0.011651 0.077015 -0.183513 0.979926
1768846114.262948990 -2.071730 -2.046241 -0.028891 0.011785 0.078555 -0.188693 0.978818
1768846114.363726139 -2.050605 -2.048287 -0.036172 0.011510 0.077966 -0.191426 0.978338
1768846114.463789225 -2.067878 -2.045706 -0.023980 0.010887 0.077510 -0.191566 0.978354
1768846114.563947201 -2.060452 -2.048676 -0.027702 0.010835 0.077620 -0.191499 0.978359
1768846114.663758993 -2.060760 -2.048747 -0.027854 0.010822 0.077495 -0.191472 0.978374
1768846114.763709784 -2.068891 -2.047902 -0.021715 0.011083 0.077640 -0.191163 0.978420
1768846114.862878561 -2.069750 -2.048287 -0.023186 0.011334 0.077971 -0.190963 0.978430
1768846114.962992191 -2.073431 -2.046073 -0.023129 0.010910 0.078885 -0.190933 0.978367
1768846115.063764572 -2.076840 -2.043718 -0.022145 0.011691 0.079037 -0.191120 0.978310
1768846115.162878752 -2.082175 -2.041960 -0.022542 0.011117 0.078340 -0.191672 0.978264
1768846115.262914896 -2.090391 -2.039247 -0.022593 0.011261 0.077221 -0.191938 0.978299
1768846115.363701344 -2.100543 -2.035171 -0.023032 0.011621 0.076891 -0.192280 0.978254
1768846115.462867498 -2.111514 -2.030336 -0.023613 0.012116 0.079530 -0.192523 0.977989
1768846115.562881708 -2.124352 -2.025190 -0.023426 0.012914 0.083188 -0.192971 0.977586
1768846115.662863255 -2.137903 -2.019710 -0.024631 0.013104 0.082767 -0.193366 0.977542
1768846115.762839079 -2.155238 -2.012288 -0.025604 0.012948 0.083147 -0.193570 0.977471
1768846115.863210201 -2.171532 -2.004706 -0.023719 0.013041 0.082215 -0.193050 0.977651
1768846115.962757349 -2.202642 -1.990315 -0.043259 0.012682 0.083853 -0.192766 0.977573
1768846116.062872171 -2.215313 -1.984784 -0.039801 0.012069 0.078435 -0.192265 0.978129
1768846116.163786411 -2.212250 -1.986528 -0.033871 0.011418 0.077991 -0.192296 0.978166
1768846116.263529778 -2.209713 -1.987751 -0.028896 0.011611 0.078144 -0.192203 0.978170
1768846116.363827229 -2.207532 -1.987575 -0.026170 0.011665 0.078252 -0.190210 0.978550
1768846116.463900566 -2.207045 -1.986866 -0.024970 0.010179 0.077705 -0.178299 0.980850
1768846116.563092709 -2.206423 -1.985423 -0.023985 0.009613 0.078386 -0.161006 0.983789
1768846116.662922859 -2.206132 -1.984682 -0.023164 0.005881 0.078199 -0.132603 0.988062
1768846116.764101028 -2.207644 -1.983490 -0.020723 0.002860 0.079416 -0.092415 0.992544
1768846116.863237143 -2.211870 -1.986188 -0.026690 -0.000528 0.079128 -0.052937 0.995458
1768846116.963029623 -2.213617 -1.984845 -0.027232 -0.002342 0.078822 -0.040734 0.996053
1768846117.062839031 -2.214511 -1.982662 -0.026298 -0.002678 0.080979 -0.039123 0.995944
1768846117.164025784 -2.218731 -1.981322 -0.027286 -0.002794 0.077998 -0.038642 0.996200
1768846117.262824297 -2.209420 -1.984353 -0.012020 -0.002938 0.076276 -0.040678 0.996252
1768846117.362930775 -2.188362 -1.989423 -0.019811 -0.000289 0.077885 -0.046054 0.995898
1768846117.463042974 -2.166203 -1.990568 -0.026545 -0.000848 0.078678 -0.046495 0.995815
1768846117.564512253 -2.147328 -1.985847 -0.025478 -0.002844 0.078896 -0.046605 0.995789
1768846117.662908554 -2.126082 -1.984214 -0.031679 0.000081 0.078109 -0.047351 0.995820
1768846117.765047550 -2.103237 -1.984721 -0.030469 -0.001470 0.077903 -0.048096 0.995799
1768846117.863457441 -2.081693 -1.985714 -0.034851 -0.000230 0.078299 -0.048141 0.995767
1768846117.963330746 -2.063071 -1.991370 -0.030418 0.000257 0.078139 -0.049252 0.995725
1768846118.063767195 -2.045302 -1.995527 -0.029327 -0.000072 0.078698 -0.043886 0.995932
1768846118.164017916 -2.027676 -2.000594 -0.027354 -0.000355 0.078405 -0.035273 0.996297
1768846118.263504267 -2.011170 -2.005924 -0.029639 -0.000867 0.078627 -0.027871 0.996514
1768846118.362931490 -1.990528 -2.010224 -0.041262 0.000588 0.078191 -0.026659 0.996582
1768846118.463917017 -1.973155 -2.011329 -0.037658 0.000801 0.078710 -0.035366 0.996270
1768846118.563046932 -1.958743 -2.009979 -0.033053 0.002171 0.079205 -0.056398 0.995259
1768846118.663299799 -1.944681 -2.007889 -0.018500 0.003501 0.079306 -0.075931 0.993948
1768846118.762875319 -1.926621 -2.011295 -0.018336 0.003307 0.078980 -0.079769 0.993674
1768846118.862986088 -1.907398 -2.013785 -0.015229 0.001382 0.079249 -0.079465 0.993682
1768846118.963842630 -1.891120 -2.017245 -0.011640 0.001300 0.078363 -0.080674 0.993655
1768846119.062968969 -1.870230 -2.018421 -0.015229 0.001962 0.079388 -0.080937 0.993551
1768846119.163850069 -1.848442 -2.023939 -0.023323 0.006584 0.079251 -0.081390 0.993505
1768846119.262975454 -1.829542 -2.029779 -0.024883 0.005310 0.080176 -0.082194 0.993372
1768846119.362970114 -1.811560 -2.033082 -0.031015 0.005091 0.080620 -0.078452 0.993640
1768846119.464727640 -1.790993 -2.036053 -0.029388 0.003728 0.080292 -0.066445 0.994547
1768846119.562992573 -1.774303 -2.038793 -0.042058 0.001404 0.080478 -0.047426 0.995627
1768846119.663036823 -1.758980 -2.041121 -0.029008 -0.000454 0.077980 -0.012339 0.996878
1768846119.763871193 -1.740313 -2.044943 -0.034087 -0.001393 0.077999 -0.001735 0.996951
1768846119.863683939 -1.720418 -2.047640 -0.034564 -0.001648 0.077964 -0.000680 0.996955
1768846119.963042259 -1.701723 -2.049040 -0.034308 -0.001485 0.078126 -0.000794 0.996942
1768846120.062898636 -1.681796 -2.047296 -0.034727 -0.001605 0.078867 -0.000528 0.996884
1768846120.163116455 -1.664839 -2.042880 -0.024003 -0.004195 0.078774 0.000078 0.996884
1768846120.263235092 -1.646793 -2.042383 -0.017491 -0.004533 0.079484 -0.000262 0.996826
1768846120.365458012 -1.624451 -2.038750 -0.014452 -0.004794 0.081326 -0.000320 0.996676
1768846120.464485407 -1.604403 -2.038744 -0.009490 -0.005387 0.081913 -0.000318 0.996625
1768846120.563039064 -1.584566 -2.039858 -0.012096 -0.004689 0.082584 0.000676 0.996573
1768846120.663889885 -1.565761 -2.041537 -0.007727 -0.002141 0.081154 0.001917 0.996697
1768846120.763414383 -1.546841 -2.042254 -0.006835 -0.003392 0.080717 0.002318 0.996729
1768846120.864031792 -1.525171 -2.042037 -0.014485 -0.002499 0.083162 0.002638 0.996529
1768846120.963955164 -1.502862 -2.042395 -0.027469 0.000749 0.082233 0.002684 0.996609
1768846121.062977076 -1.482383 -2.043690 -0.028479 -0.000871 0.082492 0.002402 0.996588
1768846121.163209438 -1.464056 -2.045783 -0.032817 -0.000069 0.080682 0.002329 0.996737
1768846121.263146162 -1.446281 -2.049710 -0.027402 -0.000011 0.081134 0.002064 0.996701
1768846121.363000393 -1.426272 -2.048677 -0.028051 -0.001211 0.081455 0.002205 0.996674
1768846121.464182377 -1.407521 -2.045149 -0.009273 -0.005225 0.083049 0.001662 0.996530
1768846121.563665152 -1.388225 -2.043166 -0.008183 -0.000849 0.082359 0.002756 0.996599
1768846121.663053989 -1.365944 -2.046870 -0.027019 -0.000732 0.082870 0.003316 0.996555
1768846121.763905764 -1.346843 -2.046890 -0.022720 0.000263 0.082636 0.003425 0.996574
1768846121.862927437 -1.327871 -2.045913 -0.020924 -0.002010 0.083310 0.003450 0.996516
1768846121.963181019 -1.309744 -2.046527 -0.014088 -0.004913 0.085062 0.002670 0.996360
1768846122.063097477 -1.288821 -2.046280 -0.021100 -0.004232 0.083700 0.002483 0.996479
1768846122.162934065 -1.272350 -2.048295 -0.011702 -0.004460 0.082166 0.002127 0.996606
1768846122.263557434 -1.254151 -2.050490 -0.010780 -0.003172 0.078668 0.001649 0.996894
1768846122.362984657 -1.237181 -2.050358 -0.011068 -0.004671 0.080066 0.001189 0.996778
1768846122.463191509 -1.218869 -2.049946 -0.012746 -0.003660 0.079002 0.001595 0.996866
1768846122.564118862 -1.196673 -2.052530 -0.013229 -0.002628 0.081015 0.001221 0.996709
1768846122.663145304 -1.177247 -2.052775 -0.013963 -0.004502 0.079854 0.000976 0.996796
1768846122.765545368 -1.160303 -2.050964 -0.011684 -0.004410 0.079825 0.002011 0.996797
1768846122.863019705 -1.140886 -2.050284 -0.013411 -0.003631 0.077721 0.002105 0.996966
1768846122.963141680 -1.118806 -2.052815 -0.014181 -0.004290 0.076857 0.001890 0.997031
1768846123.063103199 -1.101075 -2.052840 -0.012841 -0.004191 0.076966 0.001381 0.997024
1768846123.164875031 -1.081324 -2.054786 -0.012376 -0.003853 0.076984 0.000740 0.997025
1768846123.263311625 -1.058826 -2.058655 -0.012623 -0.002040 0.078340 0.001739 0.996923
1768846123.363083839 -1.040669 -2.055617 -0.016205 -0.003631 0.078866 -0.000200 0.996879
1768846123.463094711 -1.027232 -2.055723 -0.011090 -0.004732 0.078413 -0.000236 0.996910
1768846123.563133717 -1.002799 -2.060852 -0.016311 -0.004998 0.080023 0.011879 0.996710
1768846123.662999153 -0.980658 -2.056008 -0.012413 -0.004695 0.079327 0.022712 0.996579
1768846123.764005184 -0.957086 -2.057301 -0.014314 -0.006292 0.077856 0.025866 0.996609
1768846123.864274979 -0.941289 -2.049858 -0.017991 -0.007289 0.079477 0.026467 0.996459
1768846123.963561773 -0.924500 -2.049065 -0.012135 -0.005609 0.077478 0.026762 0.996619
1768846124.063493729 -0.904023 -2.050134 -0.006285 -0.005896 0.077283 0.026630 0.996636
1768846124.163158178 -0.884560 -2.048307 -0.008924 -0.006778 0.078254 0.026198 0.996566
1768846124.264106035 -0.862744 -2.048784 -0.020887 -0.004709 0.076841 0.026177 0.996689
1768846124.363447666 -0.841836 -2.051401 -0.025159 -0.002498 0.078279 0.026982 0.996563
1768846124.464148760 -0.823907 -2.051349 -0.008723 -0.010245 0.077220 0.025921 0.996624
1768846124.564653158 -0.806060 -2.050191 0.001930 -0.008337 0.076601 0.026337 0.996679
1768846124.663188219 -0.786743 -2.049288 -0.001398 -0.006532 0.077318 0.026920 0.996622
1768846124.765814543 -0.765783 -2.048219 -0.009392 -0.006614 0.078102 0.027508 0.996544
1768846124.863162041 -0.745099 -2.048899 -0.020657 -0.003017 0.078806 0.028384 0.996481
1768846124.963134050 -0.725847 -2.050319 -0.016189 -0.008962 0.075776 0.027786 0.996697
1768846125.062791586 -0.709821 -2.050301 -0.011246 -0.004050 0.078153 0.028188 0.996535
1768846125.163524389 -0.688107 -2.048074 -0.007760 -0.005841 0.078113 0.027756 0.996541
1768846125.263228178 -0.669833 -2.044415 -0.004680 -0.007903 0.079191 0.027888 0.996438
1768846125.363422871 -0.650736 -2.043640 -0.003274 -0.009602 0.078459 0.027423 0.996494
1768846125.463193893 -0.631949 -2.041374 -0.005227 -0.008897 0.078539 0.027675 0.996487
1768846125.563091516 -0.613595 -2.042052 -0.011266 -0.003028 0.078708 0.027312 0.996519
1768846125.663252831 -0.587624 -2.043285 -0.027670 -0.003176 0.077834 0.027659 0.996578
1768846125.763460398 -0.569996 -2.040508 -0.018040 -0.007660 0.076897 0.027825 0.996621
1768846125.864643335 -0.551694 -2.038252 -0.020434 -0.006998 0.078346 0.028151 0.996504
1768846125.963232994 -0.531538 -2.039918 -0.021323 -0.003459 0.077931 0.028498 0.996545
1768846126.065217733 -0.512443 -2.040567 -0.014321 -0.006960 0.077780 0.028055 0.996551
1768846126.162846327 -0.495296 -2.041086 -0.001668 -0.008139 0.076893 0.027300 0.996632
1768846126.264927387 -0.476179 -2.040469 -0.000839 -0.002952 0.079778 0.027083 0.996440
1768846126.363240480 -0.456095 -2.040424 -0.011750 -0.004692 0.077271 0.026903 0.996636
1768846126.462538958 -0.440226 -2.041998 -0.003605 -0.006357 0.076418 0.026117 0.996714
1768846126.563137054 -0.420173 -2.038561 0.002437 -0.007948 0.077397 0.025645 0.996639
1768846126.663397074 -0.403861 -2.038537 0.019061 -0.008134 0.077135 0.025252 0.996668
1768846126.763128996 -0.384894 -2.038116 0.022297 -0.009105 0.077259 0.025084 0.996654
1768846126.863219500 -0.364623 -2.035970 0.012063 -0.005279 0.076385 0.025664 0.996734
1768846126.962790012 -0.344546 -2.034167 0.008425 -0.006834 0.077091 0.025724 0.996669
1768846127.063238859 -0.324047 -2.035414 0.002270 -0.003970 0.078164 0.026857 0.996571
1768846127.163116455 -0.305438 -2.036902 0.002314 -0.006923 0.077340 0.025631 0.996651
1768846127.263286829 -0.285077 -2.038203 -0.005852 -0.004872 0.077770 0.025668 0.996629
1768846127.363197565 -0.265415 -2.037157 -0.009150 -0.004417 0.076415 0.024406 0.996768
1768846127.463358402 -0.246704 -2.032990 -0.007586 -0.007527 0.078309 0.024416 0.996602
1768846127.563264608 -0.228635 -2.030372 0.001309 -0.007371 0.076485 0.024294 0.996747
1768846127.663234472 -0.208680 -2.028440 0.001737 -0.005997 0.075413 0.016467 0.996998
1768846127.763196945 -0.189154 -2.030134 -0.002497 -0.006536 0.075373 0.020319 0.996927
1768846127.863312244 -0.171282 -2.027699 -0.004782 -0.007159 0.076221 0.031974 0.996552
1768846127.962214231 -0.157422 -2.023565 -0.007534 -0.008768 0.076814 0.048621 0.995821
1768846128.066469669 -0.140565 -2.020135 -0.010291 -0.009785 0.077046 0.074507 0.994192
1768846128.163225174 -0.121635 -2.018308 -0.002197 -0.012528 0.078000 0.097779 0.992068
1768846128.263188839 -0.104901 -2.014927 0.007906 -0.014948 0.077298 0.132449 0.988058
1768846128.364202976 -0.094512 -2.014535 0.018090 -0.018472 0.076497 0.164827 0.983178
1768846128.463163614 -0.088089 -2.008713 0.011024 -0.021815 0.075651 0.206999 0.975168
1768846128.563300133 -0.072999 -2.000527 0.001112 -0.025870 0.072542 0.241252 0.967402
1768846128.664380789 -0.050734 -1.992605 0.006697 -0.026036 0.075564 0.246348 0.965880
1768846128.763538122 -0.031733 -1.983271 0.009462 -0.025584 0.074473 0.246523 0.965933
1768846128.863214731 -0.014612 -1.975542 0.015054 -0.025966 0.074551 0.246821 0.965840
1768846128.963196278 0.003801 -1.965754 0.011345 -0.025594 0.074234 0.247811 0.965621
1768846129.063162804 0.020935 -1.958382 0.017351 -0.025588 0.074062 0.247960 0.965596
1768846129.163174629 0.037697 -1.947734 0.013767 -0.024783 0.074599 0.248406 0.965461
1768846129.263476133 0.056392 -1.939665 0.014737 -0.026020 0.076567 0.248465 0.965259
1768846129.363259554 0.075197 -1.929262 0.009184 -0.026143 0.075059 0.248798 0.965289
1768846129.463228703 0.093425 -1.918229 0.003700 -0.026213 0.075949 0.251872 0.964420
1768846129.565492868 0.112556 -1.906779 -0.003205 -0.025596 0.078078 0.258890 0.962406
1768846129.663262844 0.124849 -1.898169 -0.015515 -0.026158 0.078486 0.276072 0.957570
1768846129.763396025 0.136766 -1.888491 -0.016454 -0.027728 0.078148 0.300459 0.950183
1768846129.863232613 0.152124 -1.876795 -0.016357 -0.033169 0.073072 0.328991 0.940917
1768846129.964205980 0.161698 -1.872923 -0.018260 -0.036440 0.070946 0.357403 0.930539
1768846130.063288450 0.168374 -1.865872 -0.010437 -0.038521 0.070949 0.391649 0.916566
1768846130.163250446 0.177812 -1.848561 -0.015790 -0.040558 0.072905 0.433496 0.897285
1768846130.263518810 0.187453 -1.833882 -0.012112 -0.046199 0.070476 0.460466 0.883668
1768846130.363121986 0.200998 -1.818912 -0.011001 -0.040777 0.069348 0.460849 0.883825
1768846130.463691711 0.213708 -1.804282 -0.009576 -0.044933 0.069906 0.461015 0.883493
1768846130.563456774 0.223740 -1.789771 -0.001003 -0.045942 0.070093 0.461836 0.882997
1768846130.661914110 0.233740 -1.773253 0.007461 -0.046046 0.070143 0.462521 0.882629
1768846130.763429403 0.245368 -1.756588 0.005281 -0.044451 0.070710 0.462775 0.882533
1768846130.863408804 0.256647 -1.740822 0.002275 -0.043858 0.067287 0.467144 0.880525
1768846130.962793589 0.267662 -1.725325 0.011406 -0.043537 0.067909 0.479081 0.874056
1768846131.063505411 0.280107 -1.708211 -0.003424 -0.044293 0.071376 0.497598 0.863331
1768846131.163474560 0.287668 -1.692552 -0.008079 -0.048981 0.067079 0.518518 0.851023
1768846131.261161566 0.291943 -1.680422 -0.005909 -0.050864 0.066722 0.541927 0.836227
1768846131.362746477 0.299148 -1.665022 0.016349 -0.056913 0.067409 0.567013 0.818971
1768846131.463356018 0.305582 -1.644704 0.012569 -0.057419 0.067796 0.568913 0.817584
1768846131.564472198 0.312566 -1.625667 0.009550 -0.055688 0.067158 0.569466 0.817372
1768846131.663391590 0.321188 -1.609518 -0.001380 -0.052602 0.065554 0.569737 0.817518
1768846131.764097929 0.327363 -1.591523 0.008957 -0.055341 0.068413 0.569474 0.817286
1768846131.863389492 0.334573 -1.570155 -0.000192 -0.052957 0.069386 0.570056 0.816956
1768846131.963430166 0.342204 -1.552437 -0.007481 -0.054831 0.070129 0.569753 0.816980
1768846132.063515186 0.348919 -1.532445 -0.007454 -0.055093 0.068914 0.569835 0.817009
1768846132.163447142 0.355505 -1.518720 0.009756 -0.055311 0.068437 0.570088 0.816858
1768846132.263510704 0.362436 -1.503773 0.006003 -0.054981 0.068015 0.570337 0.816741
1768846132.363454342 0.369580 -1.485047 0.004793 -0.055554 0.068427 0.570460 0.816583
1768846132.463805914 0.378948 -1.465958 0.000056 -0.055145 0.067134 0.570680 0.816564
1768846132.563411713 0.385079 -1.450340 0.002839 -0.056356 0.067884 0.570167 0.816777
1768846132.663453579 0.392755 -1.431414 0.005207 -0.055327 0.067430 0.568104 0.818322
1768846132.763448000 0.397244 -1.412963 0.009599 -0.056278 0.067850 0.571378 0.815939
1768846132.865781546 0.404562 -1.395144 0.009965 -0.057085 0.066338 0.584121 0.806935
1768846132.963481426 0.412500 -1.379371 0.013013 -0.057938 0.065127 0.600441 0.794904
1768846133.063675404 0.413286 -1.363112 0.011433 -0.058768 0.063154 0.619709 0.780076
1768846133.163418770 0.416593 -1.348527 0.019579 -0.063443 0.062098 0.644900 0.759093
1768846133.262886524 0.418877 -1.332699 0.009686 -0.063726 0.059106 0.673774 0.733808
1768846133.363696098 0.416692 -1.320211 0.009409 -0.065887 0.057196 0.691700 0.716895
1768846133.463536024 0.416876 -1.295093 -0.004428 -0.066428 0.056049 0.696883 0.711899
1768846133.563491106 0.421950 -1.276190 -0.004270 -0.065982 0.057573 0.697146 0.711561
1768846133.663716316 0.430193 -1.255044 0.005589 -0.066130 0.057707 0.697801 0.710894
1768846133.764248371 0.431192 -1.234693 0.004318 -0.066989 0.057016 0.697663 0.711005
1768846133.862743855 0.429643 -1.214555 0.000176 -0.065512 0.057938 0.697952 0.710784
1768846133.963699341 0.431023 -1.196084 -0.002856 -0.065095 0.058780 0.697842 0.710861
1768846134.064966679 0.431359 -1.179259 0.010307 -0.064758 0.058371 0.697913 0.710856
1768846134.163104773 0.432511 -1.159693 0.006036 -0.064068 0.057631 0.697932 0.710960
1768846134.263721466 0.431842 -1.140308 0.009169 -0.063370 0.056078 0.698111 0.710972
1768846134.363544464 0.432342 -1.121151 0.012632 -0.063593 0.057543 0.698601 0.710353
1768846134.463509083 0.434083 -1.101100 0.004323 -0.065718 0.059251 0.698667 0.709954
1768846134.561659575 0.437290 -1.082805 0.009016 -0.065888 0.058632 0.699228 0.709437
1768846134.663489819 0.434290 -1.064560 0.006801 -0.064423 0.056525 0.699681 0.709297
1768846134.763741016 0.433155 -1.046702 0.008883 -0.063429 0.056156 0.699863 0.709236
1768846134.862705231 0.436562 -1.026244 0.008514 -0.067211 0.057425 0.699668 0.708978
1768846134.963445425 0.439521 -1.005173 0.000724 -0.066857 0.057491 0.699418 0.709253
1768846135.063460350 0.438031 -0.985717 -0.004944 -0.065160 0.055940 0.699584 0.709371
1768846135.163689852 0.437501 -0.967174 0.000123 -0.062929 0.052874 0.699308 0.710079
1768846135.263560772 0.435987 -0.945837 -0.003710 -0.067795 0.049738 0.699904 0.709270
1768846135.363673925 0.434689 -0.927233 -0.014497 -0.068024 0.049025 0.700000 0.709203
1768846135.463698864 0.436241 -0.907469 -0.014850 -0.067939 0.048354 0.700546 0.708719
1768846135.563457489 0.437012 -0.888907 -0.014965 -0.068766 0.048325 0.700878 0.708312
1768846135.663413048 0.438019 -0.870332 -0.012683 -0.068333 0.049636 0.701358 0.707788
1768846135.762768269 0.439598 -0.849257 -0.011883 -0.069433 0.050091 0.701682 0.707328
1768846135.863419533 0.437825 -0.829321 -0.030284 -0.069740 0.050178 0.701594 0.707378
1768846135.964045048 0.439320 -0.809335 -0.032001 -0.069657 0.050190 0.701474 0.707505
1768846136.064432144 0.437911 -0.789865 -0.033711 -0.070178 0.049798 0.701165 0.707787
1768846136.165252686 0.439319 -0.769997 -0.028288 -0.068912 0.050691 0.701242 0.707772
1768846136.262785912 0.442906 -0.751804 -0.016035 -0.067355 0.053546 0.701256 0.707698
1768846136.363510370 0.445292 -0.734409 -0.002279 -0.067156 0.051963 0.701087 0.708003
1768846136.464006186 0.445131 -0.713248 0.000632 -0.068205 0.051058 0.701607 0.707452
1768846136.562702656 0.444970 -0.696384 0.000084 -0.066809 0.052781 0.701904 0.707164
1768846136.663497686 0.443480 -0.677408 0.006492 -0.066011 0.051608 0.700377 0.708838
1768846136.763674498 0.442781 -0.660098 0.008476 -0.066412 0.050074 0.701543 0.707756
1768846136.864322662 0.440516 -0.638229 0.010612 -0.068881 0.049789 0.707739 0.701343
1768846136.963912487 0.441470 -0.619558 0.009747 -0.069265 0.049117 0.720034 0.688724
1768846137.063638449 0.440220 -0.603066 0.013444 -0.071308 0.048891 0.731309 0.676544
1768846137.164556026 0.438472 -0.585675 0.016568 -0.072459 0.046079 0.750277 0.655524
1768846137.263482571 0.434169 -0.578347 0.021227 -0.075169 0.043748 0.768654 0.633725
1768846137.363511086 0.429555 -0.566613 0.022039 -0.077138 0.040728 0.792072 0.604163
1768846137.463562965 0.423249 -0.553155 0.018183 -0.078092 0.036534 0.816899 0.570301
1768846137.566109896 0.419933 -0.536491 0.008020 -0.080316 0.034206 0.844445 0.528480
1768846137.662814379 0.415442 -0.525704 0.006191 -0.081963 0.031875 0.872772 0.480140
1768846137.763638735 0.407856 -0.516949 0.002750 -0.082031 0.029177 0.884586 0.458179
1768846137.863854408 0.395394 -0.502049 -0.001550 -0.083646 0.029712 0.885218 0.456628
1768846137.966564178 0.383486 -0.486419 -0.002813 -0.081861 0.029484 0.885332 0.456746
1768846138.062561035 0.372674 -0.468254 -0.003562 -0.084791 0.030482 0.885250 0.456304
1768846138.163584948 0.363360 -0.451462 0.001219 -0.081314 0.029021 0.885207 0.457115
1768846138.264149904 0.354394 -0.435754 0.013589 -0.083149 0.029734 0.884811 0.457505
1768846138.363598108 0.344113 -0.418607 0.018179 -0.083503 0.029245 0.885049 0.457012
1768846138.463591814 0.330301 -0.402875 0.021959 -0.083844 0.030189 0.885161 0.456671
1768846138.563577175 0.312349 -0.381419 -0.001939 -0.085319 0.031764 0.885065 0.456478
1768846138.663187265 0.303130 -0.364378 -0.007761 -0.086316 0.032222 0.884687 0.456991
1768846138.763512135 0.291531 -0.347942 -0.007172 -0.086163 0.032591 0.884564 0.457231
1768846138.863560677 0.284466 -0.336024 0.000169 -0.082012 0.030386 0.884616 0.458045
1768846138.963619947 0.275352 -0.322090 0.009510 -0.084029 0.030846 0.884081 0.458682
1768846139.063744545 0.262561 -0.302917 -0.001342 -0.085693 0.031815 0.883844 0.458765
1768846139.165418386 0.252728 -0.287874 0.013724 -0.083646 0.030534 0.883857 0.459203
1768846139.263613462 0.244029 -0.276892 0.011450 -0.081458 0.030244 0.884271 0.458819
1768846139.363065004 0.232818 -0.260227 0.009652 -0.083229 0.031154 0.884003 0.458957
1768846139.463409185 0.223687 -0.247936 0.018009 -0.081782 0.030128 0.884407 0.458506
1768846139.562830925 0.212089 -0.231414 0.004787 -0.080782 0.029828 0.884742 0.458057
1768846139.663466454 0.200427 -0.214006 -0.001865 -0.082132 0.030568 0.884539 0.458160
1768846139.766675472 0.187234 -0.192343 -0.015594 -0.084384 0.032532 0.883950 0.458753
1768846139.863569260 0.174602 -0.171826 -0.027293 -0.084281 0.032040 0.883667 0.459350
1768846139.960783958 0.164682 -0.159267 -0.009652 -0.084359 0.031782 0.883421 0.459827
1768846140.063322306 0.153408 -0.147725 -0.002735 -0.079535 0.031395 0.883974 0.459650
1768846140.162854433 0.143955 -0.129907 -0.010555 -0.079726 0.031159 0.883923 0.459731
1768846140.263740778 0.133537 -0.112299 -0.008125 -0.080792 0.031533 0.883677 0.459992
1768846140.362792969 0.122711 -0.095635 -0.009807 -0.080086 0.032217 0.883875 0.459687
1768846140.463836193 0.111845 -0.076335 -0.019728 -0.079547 0.032081 0.883868 0.459805
1768846140.563724279 0.102283 -0.063026 -0.008938 -0.081685 0.032371 0.885257 0.456727
1768846140.663591862 0.090286 -0.047830 -0.002108 -0.083907 0.032482 0.890855 0.445288
1768846140.763870716 0.075994 -0.029839 -0.010878 -0.083663 0.032779 0.898801 0.429049
1768846140.863595486 0.062625 -0.019625 -0.022336 -0.085053 0.030453 0.908910 0.407089
1768846140.962806702 0.051234 -0.011111 -0.011700 -0.085982 0.027374 0.920043 0.381284
1768846141.063595057 0.042308 -0.003063 0.023375 -0.084680 0.025637 0.932836 0.349270
1768846141.163463593 0.027693 -0.002255 0.011609 -0.083837 0.020735 0.947408 0.308155
1768846141.262840986 0.016505 0.018480 -0.024112 -0.085874 0.019044 0.957173 0.275831
1768846141.365236521 0.000827 0.025794 0.002266 -0.085465 0.018561 0.958255 0.272210
1768846141.463764668 -0.014981 0.032708 0.004894 -0.086476 0.016831 0.958559 0.270932
1768846141.565399170 -0.029604 0.046330 0.004138 -0.085047 0.020277 0.958458 0.271504
1768846141.663043022 -0.043723 0.056746 0.004983 -0.086060 0.017946 0.958541 0.271056
1768846141.763644695 -0.060560 0.067469 0.003435 -0.086015 0.015837 0.958526 0.271253
1768846141.864029884 -0.077585 0.076926 0.010149 -0.085312 0.017438 0.958501 0.271467
1768846141.964233875 -0.094678 0.086960 0.005286 -0.086690 0.017958 0.958446 0.271189
1768846142.063718557 -0.110425 0.101021 -0.010025 -0.084842 0.022464 0.958457 0.271399
1768846142.163797855 -0.127379 0.113664 -0.017986 -0.084730 0.021239 0.958463 0.271513
1768846142.263753176 -0.146184 0.122811 -0.004776 -0.087520 0.017612 0.958381 0.271175
1768846142.362833261 -0.163639 0.129822 0.001985 -0.088180 0.017114 0.958376 0.271010
1768846142.465495825 -0.180444 0.140878 0.001039 -0.088097 0.018024 0.958451 0.270713
1768846142.563765526 -0.195814 0.151247 0.000339 -0.088460 0.017778 0.958452 0.270606
1768846142.664530754 -0.212347 0.161556 -0.000253 -0.088379 0.018389 0.958393 0.270802
1768846142.764079332 -0.227068 0.171096 -0.002708 -0.086087 0.020096 0.958456 0.271198
1768846142.863763571 -0.241587 0.183157 -0.002758 -0.086863 0.020301 0.958374 0.271222
1768846142.963246107 -0.259358 0.191288 -0.006908 -0.087148 0.020414 0.958317 0.271326
1768846143.063797474 -0.276140 0.202811 -0.011556 -0.087825 0.022847 0.958278 0.271049
1768846143.163742304 -0.291215 0.215603 -0.011983 -0.087483 0.022301 0.958301 0.271125
1768846143.262826443 -0.303833 0.228158 -0.005610 -0.087490 0.018919 0.958352 0.271199
1768846143.363754034 -0.321920 0.237713 -0.006097 -0.087839 0.020060 0.958551 0.270298
1768846143.463906527 -0.339233 0.246552 -0.007115 -0.087422 0.020189 0.959535 0.266912
1768846143.563834906 -0.355915 0.253087 -0.010555 -0.089513 0.018051 0.961952 0.257509
1768846143.663383245 -0.370939 0.255442 -0.015976 -0.090257 0.016187 0.966684 0.238986
1768846143.763738394 -0.388034 0.262033 -0.017742 -0.091160 0.014433 0.972323 0.214638
1768846143.865437984 -0.406185 0.269535 -0.016936 -0.090714 0.012067 0.978604 0.184282
1768846143.963707209 -0.419752 0.274722 -0.017389 -0.091277 0.008513 0.984327 0.150655
1768846144.063766241 -0.430038 0.277726 -0.010150 -0.090056 0.003812 0.989218 0.115423
1768846144.162869930 -0.446188 0.283164 -0.024464 -0.091002 0.007470 0.991910 0.088192
1768846144.264387131 -0.467992 0.290441 -0.025552 -0.086810 0.004016 0.992607 0.084734
1768846144.363875389 -0.484324 0.292753 -0.027044 -0.087177 0.005258 0.992665 0.083601
1768846144.462998629 -0.501125 0.295972 -0.018402 -0.087417 0.004296 0.992605 0.084113
1768846144.564171553 -0.520121 0.302524 -0.006036 -0.088956 0.006570 0.992536 0.083163
1768846144.663858652 -0.541519 0.307951 -0.013265 -0.086478 0.004751 0.992728 0.083602
1768846144.763751745 -0.558233 0.310783 -0.016578 -0.086500 0.005285 0.992718 0.083670
1768846144.863035917 -0.575954 0.315524 0.003635 -0.087725 0.005193 0.992634 0.083400
1768846144.963076115 -0.595777 0.319220 0.009474 -0.086593 0.005175 0.992735 0.083377
1768846145.063844681 -0.616740 0.321646 -0.010017 -0.086557 0.004319 0.992818 0.082475
1768846145.163808823 -0.634149 0.325915 -0.008030 -0.087269 0.004965 0.992733 0.082714
1768846145.262792587 -0.656988 0.334599 -0.018131 -0.089780 0.005568 0.992413 0.083821
1768846145.365106106 -0.678891 0.336940 -0.028753 -0.086290 0.002986 0.993110 0.079233
1768846145.463872433 -0.695804 0.339371 -0.005241 -0.088631 0.002557 0.993594 0.070066
1768846145.562695026 -0.714051 0.341306 0.004733 -0.088040 -0.000337 0.994876 0.049696
1768846145.663915396 -0.733192 0.340952 -0.001656 -0.087882 0.000436 0.995551 0.033981
1768846145.763749838 -0.753245 0.344103 -0.004358 -0.087616 0.003309 0.995632 0.032098
1768846145.864230394 -0.773348 0.346840 -0.003489 -0.086656 -0.000397 0.995726 0.031944
1768846145.963758230 -0.792583 0.345448 -0.005022 -0.087397 -0.002048 0.995640 0.032529
1768846146.063869476 -0.812250 0.346161 -0.006301 -0.085776 -0.002633 0.995798 0.031953
1768846146.163812160 -0.830816 0.347187 -0.000855 -0.087070 -0.002952 0.995733 0.030437
1768846146.265895128 -0.851553 0.348572 -0.004962 -0.088252 -0.002540 0.995604 0.031264
1768846146.362882614 -0.870890 0.347452 -0.011633 -0.088265 -0.002280 0.995589 0.031736
1768846146.463025093 -0.889897 0.352399 -0.015683 -0.087988 0.000471 0.995598 0.032288
1768846146.563051462 -0.908662 0.359309 -0.026470 -0.087454 0.003890 0.995621 0.032801
1768846146.664030552 -0.927687 0.361501 -0.026540 -0.086650 0.000224 0.995643 0.034444
1768846146.763835192 -0.946991 0.360441 -0.016086 -0.086186 0.001538 0.995668 0.034852
1768846146.862933636 -0.965825 0.360133 -0.010369 -0.087099 0.001545 0.995546 0.036055
1768846146.962905645 -0.986739 0.362367 -0.007078 -0.087284 -0.001016 0.995469 0.037722
1768846147.063871861 -1.003864 0.362966 0.002573 -0.087421 -0.001248 0.995457 0.037709
1768846147.164776087 -1.025579 0.362993 -0.007196 -0.087509 0.000312 0.995454 0.037598
1768846147.263830900 -1.046402 0.369018 -0.017316 -0.087546 0.003912 0.995460 0.037135
1768846147.362823486 -1.064876 0.373961 -0.018138 -0.085487 0.000313 0.995646 0.037171
1768846147.462186337 -1.081369 0.376282 -0.019905 -0.086082 0.000778 0.995609 0.036780
1768846147.563926697 -1.104348 0.373471 -0.020579 -0.086622 -0.000340 0.995541 0.037352
1768846147.663865089 -1.124083 0.378001 -0.016919 -0.086563 0.002281 0.995572 0.036568
1768846147.763159752 -1.145847 0.382300 -0.019079 -0.086893 0.001316 0.995526 0.037099
1768846147.863157272 -1.167936 0.386648 -0.027382 -0.086591 0.001487 0.995536 0.037532
1768846147.964000463 -1.185737 0.387326 -0.027515 -0.086016 0.001950 0.995560 0.038169
1768846148.063966274 -1.198086 0.389408 -0.020202 -0.083987 -0.000664 0.995669 0.039872
1768846148.162913322 -1.215773 0.389853 -0.013319 -0.085028 -0.000835 0.995590 0.039622
1768846148.265928745 -1.238450 0.387682 -0.015069 -0.085384 0.001067 0.995549 0.039882
1768846148.363930941 -1.257601 0.386076 -0.021714 -0.087213 0.000492 0.995851 0.025983
1768846148.463834524 -1.277023 0.384145 -0.024075 -0.086826 -0.001648 0.996029 0.019604
1768846148.563983440 -1.294732 0.383774 -0.030236 -0.086927 -0.001082 0.996051 0.018004
1768846148.663909674 -1.315718 0.387781 -0.023949 -0.087966 -0.001884 0.995969 0.017421
1768846148.762873650 -1.332193 0.385336 -0.030914 -0.087900 -0.002123 0.995968 0.017802
1768846148.862913847 -1.350377 0.393738 -0.009824 -0.086823 -0.000878 0.996065 0.017759
1768846148.963988304 -1.369318 0.396434 -0.009048 -0.086893 0.000602 0.996056 0.017955
1768846149.064454317 -1.388708 0.393594 -0.012410 -0.086883 0.000722 0.996050 0.018325
1768846149.162863255 -1.405815 0.403540 0.002611 -0.086714 -0.000988 0.996072 0.017875
1768846149.264446735 -1.427583 0.406441 0.000214 -0.087136 -0.000219 0.996043 0.017479
1768846149.364102364 -1.448149 0.402839 -0.007847 -0.087347 -0.001231 0.996031 0.017068
1768846149.464033604 -1.469184 0.400311 -0.017956 -0.088796 -0.002351 0.995915 0.016247
1768846149.564326286 -1.489188 0.401015 -0.017683 -0.086509 -0.001009 0.996109 0.016825
1768846149.662946224 -1.508246 0.403392 -0.013689 -0.087991 0.000749 0.995987 0.016313
1768846149.762597561 -1.526703 0.406100 -0.014571 -0.088067 0.001068 0.995981 0.016301
1768846149.863476992 -1.545420 0.407695 -0.017262 -0.087938 0.001782 0.995989 0.016432
1768846149.963026285 -1.566251 0.406751 -0.012640 -0.085374 0.000369 0.996210 0.016641
1768846150.063468218 -1.586449 0.408032 -0.006924 -0.084939 -0.000890 0.996222 0.018079
1768846150.164039373 -1.607886 0.406375 -0.011397 -0.084825 -0.002812 0.996264 0.015974
1768846150.262953043 -1.626434 0.405452 -0.016359 -0.086651 -0.001996 0.996220 0.005828
1768846150.364650011 -1.644472 0.406948 -0.022917 -0.086515 -0.005355 0.996154 -0.012769
1768846150.463266611 -1.661025 0.405405 -0.019034 -0.086974 -0.006212 0.995559 -0.035476
1768846150.563038111 -1.676072 0.402788 -0.015513 -0.085027 -0.008489 0.994317 -0.063494
1768846150.661524057 -1.689290 0.400966 -0.016974 -0.086113 -0.010950 0.991399 -0.097940
1768846150.763940573 -1.702527 0.397792 -0.024940 -0.087251 -0.014116 0.987837 -0.127930
1768846150.863965034 -1.720895 0.391626 -0.027912 -0.085143 -0.013233 0.986901 -0.136386
1768846150.966666460 -1.741656 0.384847 -0.029830 -0.085532 -0.015416 0.986755 -0.136969
1768846151.064028263 -1.759668 0.378160 -0.031401 -0.085074 -0.015192 0.986733 -0.137436
1768846151.164067745 -1.778378 0.377731 -0.019698 -0.086677 -0.013526 0.986572 -0.137770
1768846151.263976812 -1.799298 0.377782 -0.014810 -0.086808 -0.012746 0.986422 -0.138830
1768846151.362936974 -1.816104 0.376451 -0.007886 -0.087200 -0.011880 0.986421 -0.138665
1768846151.463156700 -1.835327 0.367876 -0.022648 -0.086500 -0.018352 0.986445 -0.138225
1768846151.565160275 -1.855394 0.356665 -0.024968 -0.084277 -0.019335 0.986596 -0.138391
1768846151.664433241 -1.874913 0.353908 -0.002507 -0.083623 -0.013196 0.986716 -0.138651
1768846151.764136314 -1.892941 0.351529 -0.015155 -0.086367 -0.011756 0.986515 -0.138531
1768846151.862964392 -1.910164 0.346115 -0.010011 -0.084182 -0.014784 0.986680 -0.138412
1768846151.963056087 -1.931037 0.343812 -0.005251 -0.085032 -0.013447 0.986612 -0.138510
1768846152.062966585 -1.947393 0.339011 -0.015993 -0.085012 -0.013768 0.986612 -0.138496
1768846152.164843798 -1.966045 0.327664 -0.023219 -0.083867 -0.014466 0.986611 -0.139125
1768846152.264793158 -1.985288 0.319472 -0.027323 -0.084454 -0.015398 0.986504 -0.139431
1768846152.364106894 -2.004430 0.317477 -0.029486 -0.085061 -0.012903 0.986486 -0.139439
1768846152.464014769 -2.021865 0.316676 -0.021916 -0.083622 -0.015443 0.986700 -0.138537
1768846152.562952280 -2.040939 0.302888 -0.032668 -0.083959 -0.015224 0.986727 -0.138160
1768846152.664064884 -2.060720 0.296638 -0.036644 -0.083175 -0.015209 0.986798 -0.138133
1768846152.764440775 -2.075296 0.292224 -0.030308 -0.082385 -0.013523 0.986914 -0.137952
1768846152.863184214 -2.090249 0.288732 -0.022605 -0.082423 -0.012917 0.986897 -0.138111
1768846152.963561535 -2.110903 0.286658 -0.022672 -0.083319 -0.013400 0.986757 -0.138521
1768846153.064119577 -2.132489 0.285499 -0.025939 -0.084003 -0.012432 0.986612 -0.139234
1768846153.163260460 -2.151493 0.279128 -0.018927 -0.083058 -0.013456 0.986702 -0.139065
1768846153.262963772 -2.168356 0.269103 -0.024648 -0.083411 -0.013647 0.986598 -0.139576
1768846153.363372803 -2.187886 0.263548 -0.028844 -0.083639 -0.013295 0.986492 -0.140222
1768846153.464025259 -2.205077 0.259566 -0.020738 -0.084250 -0.013020 0.986436 -0.140272
1768846153.563262224 -2.223460 0.256910 -0.012220 -0.084248 -0.014149 0.986453 -0.140047
1768846153.664546251 -2.245651 0.254238 -0.011246 -0.084225 -0.016826 0.986409 -0.140075
1768846153.764174461 -2.264355 0.247321 -0.018692 -0.085527 -0.013544 0.986341 -0.140117
1768846153.863387346 -2.282520 0.244845 -0.021383 -0.086263 -0.013122 0.986298 -0.140010
1768846153.965512991 -2.300811 0.239266 -0.013049 -0.084877 -0.013299 0.986415 -0.140018
1768846154.064086437 -2.320114 0.234132 -0.008046 -0.085456 -0.013351 0.986298 -0.140482
1768846154.163577795 -2.341169 0.231591 -0.015293 -0.085493 -0.013769 0.986214 -0.141007
1768846154.264133692 -2.360138 0.225742 -0.011987 -0.084265 -0.017471 0.986294 -0.140778
1768846154.363072634 -2.378924 0.217606 -0.016402 -0.084928 -0.016812 0.986114 -0.141716
1768846154.462817192 -2.397018 0.212784 -0.020236 -0.086023 -0.017557 0.985984 -0.141869
1768846154.564164639 -2.415709 0.208759 -0.015861 -0.086652 -0.013773 0.985957 -0.142097
1768846154.662809610 -2.432824 0.204863 -0.013440 -0.086235 -0.013046 0.986023 -0.141959
1768846154.764064789 -2.452196 0.199464 -0.007868 -0.084685 -0.012987 0.986206 -0.141622
1768846154.866853714 -2.471026 0.195282 -0.011958 -0.085933 -0.015068 0.986072 -0.141602
1768846154.964194059 -2.486458 0.189757 -0.007231 -0.085464 -0.013845 0.986182 -0.141244
1768846155.063664198 -2.506110 0.182863 -0.013416 -0.084964 -0.017221 0.986132 -0.141519
1768846155.163309574 -2.522935 0.176088 -0.016835 -0.085342 -0.017792 0.986066 -0.141680
1768846155.264117718 -2.542637 0.172797 -0.007390 -0.087231 -0.019112 0.985756 -0.142514
1768846155.363789082 -2.559105 0.170828 0.003001 -0.087300 -0.019359 0.985713 -0.142737
1768846155.464928627 -2.578806 0.165552 0.002383 -0.087270 -0.019465 0.985698 -0.142841
1768846155.564134598 -2.602662 0.160164 -0.022058 -0.084846 -0.019252 0.985584 -0.145103
1768846155.664109468 -2.623605 0.151532 -0.030511 -0.086137 -0.017563 0.986874 -0.135469
1768846155.762679100 -2.637832 0.153424 -0.004978 -0.086724 -0.011540 0.989091 -0.118513
1768846155.866148949 -2.656926 0.153686 -0.004098 -0.088801 -0.014633 0.991374 -0.095275
1768846155.963396549 -2.676880 0.147814 0.001067 -0.086919 -0.011648 0.994289 -0.060822
1768846156.063762426 -2.690035 0.146018 -0.002424 -0.087506 -0.009906 0.995295 -0.040406
1768846156.163081646 -2.708259 0.146434 -0.007175 -0.087330 -0.011653 0.995492 -0.035107
1768846156.264163733 -2.727047 0.143090 -0.000371 -0.086906 -0.009471 0.995590 -0.034025
1768846156.363478661 -2.745951 0.145217 -0.024193 -0.088194 -0.005036 0.995545 -0.032954
1768846156.464248657 -2.767931 0.144507 -0.037692 -0.088356 -0.006509 0.995545 -0.032275
1768846156.563214540 -2.788104 0.136838 -0.025388 -0.087426 -0.008483 0.995630 -0.031702
1768846156.663632154 -2.808373 0.135463 -0.027660 -0.087439 -0.008946 0.995629 -0.031581
1768846156.763445854 -2.827391 0.134855 -0.029363 -0.087714 -0.008445 0.995613 -0.031450
1768846156.863410473 -2.844469 0.135709 -0.021865 -0.086727 -0.010113 0.995666 -0.032021
1768846156.965894461 -2.861780 0.137193 -0.019184 -0.086677 -0.008362 0.995720 -0.030978
1768846157.063910484 -2.881650 0.136894 -0.020308 -0.086241 -0.008783 0.995762 -0.030719
1768846157.163547516 -2.900090 0.135552 -0.019164 -0.087373 -0.007811 0.995674 -0.030628
1768846157.263790846 -2.920142 0.135888 -0.018693 -0.089417 -0.006207 0.995503 -0.030654
1768846157.364187241 -2.942045 0.135931 -0.024731 -0.088049 -0.008891 0.995642 -0.029431
1768846157.464175463 -2.962626 0.133114 -0.025515 -0.089102 -0.008626 0.995564 -0.028973
1768846157.563231230 -2.982918 0.130399 -0.026209 -0.089179 -0.009478 0.995569 -0.028283
1768846157.663397074 -3.000340 0.130713 -0.021641 -0.088542 -0.009618 0.995610 -0.028789
1768846157.763373137 -3.020854 0.127744 -0.022223 -0.089794 -0.008480 0.995515 -0.028564
1768846157.863418341 -3.043655 0.124719 -0.027346 -0.090105 -0.008853 0.995496 -0.028099
1768846157.962914467 -3.064158 0.119663 -0.031551 -0.090617 -0.009269 0.995452 -0.027895
1768846158.063421249 -3.084490 0.120228 -0.031682 -0.090963 -0.009071 0.995429 -0.027657
1768846158.163081884 -3.102308 0.118743 -0.032491 -0.091467 -0.009436 0.995381 -0.027589
1768846158.264432192 -3.122913 0.117564 -0.033296 -0.091504 -0.009273 0.995380 -0.027558
1768846158.363474607 -3.141899 0.116217 -0.033797 -0.091980 -0.009483 0.995341 -0.027326
1768846158.463313341 -3.162344 0.117488 -0.033648 -0.091975 -0.009460 0.995348 -0.027093
1768846158.565832376 -3.180040 0.121793 -0.029923 -0.091045 -0.009879 0.995392 -0.028408
1768846158.664260149 -3.199202 0.122749 -0.027170 -0.091761 -0.007520 0.995359 -0.027980
1768846158.763195276 -3.218301 0.122253 -0.026340 -0.092453 -0.010115 0.995264 -0.028274
1768846158.864209414 -3.238878 0.118501 -0.030298 -0.092387 -0.009883 0.995279 -0.028040
1768846158.963409662 -3.258748 0.115453 -0.031573 -0.091415 -0.009116 0.995371 -0.028223
1768846159.063555717 -3.277108 0.116007 -0.028505 -0.091891 -0.008888 0.995320 -0.028538
1768846159.163182735 -3.297193 0.117375 -0.028059 -0.093213 -0.007026 0.995209 -0.028659
1768846159.263255596 -3.317542 0.119365 -0.036319 -0.093291 -0.005731 0.995213 -0.028542
1768846159.362997532 -3.336824 0.119572 -0.040658 -0.093538 -0.005672 0.995197 -0.028317
1768846159.462917328 -3.357133 0.118407 -0.040023 -0.093421 -0.005860 0.995216 -0.027975
1768846159.563201904 -3.376348 0.118182 -0.041747 -0.093532 -0.005783 0.995207 -0.027953
1768846159.663487196 -3.395687 0.117879 -0.041760 -0.093391 -0.005997 0.995220 -0.027916
1768846159.763088942 -3.416257 0.115821 -0.039568 -0.091639 -0.007322 0.995362 -0.028336
1768846159.863579035 -3.433587 0.119095 -0.032229 -0.089684 -0.009411 0.995525 -0.028263
1768846159.963423252 -3.453491 0.116929 -0.029828 -0.091550 -0.009653 0.995350 -0.028351
1768846160.063441753 -3.473871 0.115697 -0.030912 -0.092347 -0.006183 0.995300 -0.028506
1768846160.163513184 -3.495094 0.116251 -0.039089 -0.090403 -0.008105 0.995480 -0.027932
1768846160.263320684 -3.513644 0.116768 -0.040414 -0.089145 -0.010709 0.995577 -0.027675
1768846160.363274813 -3.532899 0.115477 -0.042930 -0.091573 -0.010714 0.995360 -0.027519
1768846160.463723421 -3.549957 0.111969 -0.031712 -0.091234 -0.012917 0.995360 -0.027706
1768846160.563356161 -3.568186 0.111120 -0.025424 -0.090600 -0.012856 0.995423 -0.027543
1768846160.663351297 -3.591145 0.108216 -0.031896 -0.092431 -0.012767 0.995273 -0.026919
1768846160.762362957 -3.609549 0.106188 -0.044068 -0.093297 -0.012838 0.995194 -0.026813
1768846160.863302469 -3.630402 0.104646 -0.044921 -0.092865 -0.012584 0.995228 -0.027189
1768846160.964231014 -3.650001 0.104370 -0.045621 -0.093326 -0.012669 0.995180 -0.027310
1768846161.067361355 -3.669671 0.103498 -0.045430 -0.093051 -0.012283 0.995213 -0.027238
1768846161.163202763 -3.688939 0.103259 -0.045003 -0.093350 -0.012634 0.995188 -0.026957
1768846161.263380527 -3.707806 0.103925 -0.041002 -0.091695 -0.010527 0.995362 -0.027124
1768846161.363665581 -3.728736 0.107834 -0.030911 -0.088731 -0.011298 0.995641 -0.026424
1768846161.463379145 -3.745214 0.105137 -0.041331 -0.092941 -0.011672 0.995253 -0.026402
1768846161.563550949 -3.767886 0.098479 -0.040229 -0.093539 -0.012230 0.995201 -0.025986
1768846161.663733959 -3.788954 0.100325 -0.041580 -0.091512 -0.008653 0.995434 -0.025729
1768846161.763123989 -3.809721 0.100961 -0.041503 -0.093903 -0.011610 0.995189 -0.025415
1768846161.864393473 -3.830668 0.098961 -0.038927 -0.093040 -0.011299 0.995272 -0.025490
1768846161.964243650 -3.851089 0.099258 -0.040965 -0.093505 -0.010853 0.995240 -0.025233
1768846162.063571215 -3.870825 0.097672 -0.043665 -0.093326 -0.011001 0.995257 -0.025161
1768846162.164357662 -3.891442 0.097382 -0.042766 -0.093191 -0.009805 0.995301 -0.024401
1768846162.263854027 -3.910313 0.096340 -0.044287 -0.093241 -0.010176 0.995297 -0.024199
1768846162.363629818 -3.931843 0.100431 -0.046757 -0.093185 -0.005176 0.995321 -0.025010
1768846162.463342190 -3.952522 0.102445 -0.050735 -0.092759 -0.006341 0.995366 -0.024551
1768846162.563413143 -3.969638 0.099131 -0.045276 -0.092692 -0.008154 0.995380 -0.023691
1768846162.663635731 -3.987833 0.096949 -0.042798 -0.092353 -0.008572 0.995423 -0.023026
1768846162.763362169 -4.007759 0.095146 -0.041770 -0.093245 -0.009549 0.995359 -0.021802
1768846162.863966227 -4.027491 0.093796 -0.042800 -0.093178 -0.008845 0.995370 -0.021848
1768846162.963605642 -4.045862 0.093968 -0.042040 -0.091691 -0.007671 0.995496 -0.022854
1768846163.063756943 -4.066574 0.091119 -0.042246 -0.092646 -0.008018 0.995432 -0.021638
1768846163.163497925 -4.084760 0.090640 -0.046854 -0.092389 -0.007878 0.995450 -0.021939
1768846163.263623476 -4.101135 0.097584 -0.039011 -0.092054 -0.007577 0.995464 -0.022788
1768846163.363396406 -4.118064 0.100475 -0.035867 -0.092005 -0.007433 0.995478 -0.022440
1768846163.462852716 -4.138831 0.099571 -0.035841 -0.091655 -0.007579 0.995512 -0.022304
1768846163.563683987 -4.159300 0.099724 -0.034896 -0.091699 -0.007164 0.995528 -0.021550
1768846163.662908554 -4.178589 0.099568 -0.035605 -0.091576 -0.007471 0.995545 -0.021162
1768846163.764870167 -4.202001 0.098697 -0.036957 -0.091493 -0.007008 0.995561 -0.020911
1768846163.863464594 -4.218657 0.099600 -0.038752 -0.089894 -0.007401 0.995709 -0.020698
1768846163.963492632 -4.238775 0.098011 -0.041813 -0.092172 -0.004399 0.995513 -0.020946
1768846164.063681841 -4.260563 0.096664 -0.045936 -0.092225 -0.002598 0.995509 -0.021220
1768846164.163649797 -4.280869 0.096427 -0.048333 -0.092011 -0.002301 0.995538 -0.020797
1768846164.263411045 -4.300677 0.094888 -0.045783 -0.091891 -0.003691 0.995552 -0.020477
1768846164.363705158 -4.322433 0.094059 -0.048250 -0.092389 -0.002844 0.995518 -0.020006
1768846164.463514805 -4.342329 0.095040 -0.050573 -0.092072 -0.004200 0.995551 -0.019587
1768846164.563564301 -4.357260 0.095027 -0.044241 -0.092318 -0.003531 0.995527 -0.019782
1768846164.663673878 -4.375884 0.094725 -0.048831 -0.092483 -0.001157 0.995527 -0.019264
1768846164.764695644 -4.396179 0.093336 -0.049334 -0.092690 -0.005620 0.995505 -0.018602
1768846164.863519907 -4.416211 0.094511 -0.051965 -0.090706 -0.001665 0.995711 -0.018144
1768846164.963382244 -4.435714 0.098957 -0.060677 -0.090466 -0.001389 0.995735 -0.018042
1768846165.063732862 -4.455815 0.099436 -0.060775 -0.089576 -0.001894 0.995814 -0.018086
1768846165.163385391 -4.472678 0.097386 -0.052411 -0.088287 -0.003931 0.995913 -0.018633
1768846165.263240337 -4.491069 0.094604 -0.050301 -0.092442 -0.005299 0.995535 -0.018323
1768846165.363517284 -4.509264 0.093659 -0.046554 -0.090919 -0.004831 0.995677 -0.018391
1768846165.463433981 -4.528087 0.096001 -0.051088 -0.089747 -0.001384 0.995802 -0.017940
1768846165.562864780 -4.548696 0.096278 -0.058943 -0.090436 0.000143 0.995743 -0.017829
1768846165.665216208 -4.571068 0.093900 -0.058742 -0.091146 -0.000092 0.995677 -0.017903
1768846165.763563633 -4.588715 0.094706 -0.062790 -0.091508 0.000213 0.995649 -0.017594
1768846165.864474535 -4.606617 0.094112 -0.049582 -0.089762 -0.004386 0.995800 -0.017515
1768846165.963613987 -4.628046 0.093090 -0.049586 -0.091179 0.000232 0.995683 -0.017388
1768846166.063692093 -4.645660 0.091237 -0.048767 -0.090420 0.001202 0.995742 -0.017880
1768846166.163758278 -4.666773 0.092769 -0.062895 -0.090550 0.002516 0.995722 -0.018227
1768846166.264024258 -4.686259 0.092122 -0.063596 -0.090792 -0.000261 0.995698 -0.018499
1768846166.363605022 -4.704884 0.088760 -0.048182 -0.090346 -0.000809 0.995736 -0.018621
1768846166.463779688 -4.721826 0.093365 -0.039934 -0.090386 0.001217 0.995775 -0.016154
1768846166.563329220 -4.737989 0.095753 -0.043846 -0.090577 0.001382 0.995888 0.000715
1768846166.663773298 -4.758565 0.095704 -0.056137 -0.090966 0.000208 0.995622 0.021481
1768846166.765315533 -4.775991 0.096575 -0.069857 -0.089214 0.002772 0.994812 0.048816
1768846166.863652468 -4.790794 0.098685 -0.065827 -0.088242 0.008201 0.992574 0.083322
1768846166.963839293 -4.803005 0.105262 -0.067154 -0.088247 0.010385 0.989506 0.113941
1768846167.063791990 -4.821551 0.110925 -0.068593 -0.090283 0.010827 0.987154 0.131372
1768846167.163462162 -4.842084 0.110568 -0.058363 -0.087304 0.009556 0.987285 0.132499
1768846167.264489412 -4.856554 0.115706 -0.049991 -0.090717 0.009969 0.987001 0.132290
1768846167.363730192 -4.876737 0.120308 -0.047288 -0.090714 0.009822 0.987043 0.131987
1768846167.463648796 -4.896302 0.131218 -0.051567 -0.088065 0.010145 0.987165 0.132844
1768846167.563498259 -4.909810 0.132311 -0.044946 -0.090734 0.009672 0.987010 0.132229
1768846167.663425684 -4.929238 0.134830 -0.043602 -0.090964 0.010395 0.986827 0.133381
1768846167.763536215 -4.954513 0.142352 -0.047080 -0.092744 0.009901 0.986857 0.131960
1768846167.864175797 -4.977545 0.151980 -0.059475 -0.092245 0.010441 0.986622 0.134009
1768846167.964053631 -4.997925 0.154774 -0.059769 -0.088657 0.012204 0.985574 0.143651
1768846168.063739538 -5.014615 0.162613 -0.055644 -0.086767 0.013106 0.982971 0.161457
1768846168.166079044 -5.026226 0.172323 -0.048559 -0.091596 0.014214 0.979663 0.177957
1768846168.264528990 -5.039577 0.182243 -0.037922 -0.091425 0.015989 0.974168 0.205872
1768846168.363198757 -5.052157 0.191618 -0.031400 -0.089994 0.017240 0.967010 0.237687
1768846168.464670181 -5.065597 0.198340 -0.045543 -0.088720 0.021133 0.957936 0.272104
1768846168.563522577 -5.078334 0.208374 -0.053658 -0.090815 0.020845 0.946957 0.307557
1768846168.663705111 -5.084353 0.219774 -0.059822 -0.090191 0.025231 0.933756 0.345439
1768846168.764213085 -5.088034 0.221617 -0.053818 -0.085328 0.031328 0.912578 0.398672
1768846168.864543676 -5.091988 0.236089 -0.059172 -0.084384 0.035013 0.893554 0.439562
1768846168.963878155 -5.097328 0.244243 -0.066499 -0.084879 0.038987 0.870229 0.483711
1768846169.062899590 -5.102418 0.253752 -0.069826 -0.080093 0.041047 0.837507 0.538963
1768846169.163841486 -5.100430 0.262394 -0.063261 -0.078931 0.045830 0.805143 0.586016
1768846169.263679743 -5.105391 0.272942 -0.060102 -0.077355 0.045904 0.794611 0.600418
1768846169.363232374 -5.112271 0.288241 -0.054955 -0.076655 0.046756 0.792937 0.602651
1768846169.463554859 -5.116840 0.304208 -0.049339 -0.076659 0.046407 0.792923 0.602696
1768846169.563003540 -5.121550 0.322910 -0.053138 -0.076891 0.046688 0.792905 0.602669
1768846169.663024664 -5.124757 0.344192 -0.049791 -0.078151 0.046850 0.792821 0.602605
1768846169.764462709 -5.127719 0.368195 -0.049234 -0.080483 0.048274 0.793046 0.601889
1768846169.863961458 -5.132043 0.380984 -0.039163 -0.080048 0.046862 0.798264 0.595122
1768846169.961006641 -5.133523 0.393602 -0.022143 -0.080552 0.046765 0.796776 0.597053
1768846170.062857628 -5.137939 0.416701 -0.019833 -0.079290 0.046595 0.789918 0.606277
1768846170.162077665 -5.140681 0.436730 -0.021607 -0.079169 0.047480 0.778605 0.620687
1768846170.265727520 -5.148475 0.458629 -0.050548 -0.075911 0.045734 0.764431 0.638585
1768846170.363288641 -5.154296 0.476075 -0.069391 -0.073113 0.048894 0.747099 0.658868
1768846170.463958263 -5.152090 0.485790 -0.058108 -0.074202 0.049972 0.720962 0.687176
1768846170.563628197 -5.153893 0.516766 -0.086154 -0.071978 0.050362 0.697756 0.710928
1768846170.663800001 -5.153433 0.520645 -0.043701 -0.066478 0.054378 0.671151 0.736329
1768846170.763846874 -5.154084 0.539924 -0.046981 -0.065726 0.054500 0.668868 0.738461
1768846170.865172625 -5.149958 0.558586 -0.046545 -0.065646 0.054064 0.668481 0.738851
1768846170.962914467 -5.146273 0.579141 -0.062042 -0.063019 0.055745 0.668357 0.739067
1768846171.062489510 -5.139380 0.598017 -0.097874 -0.065849 0.057009 0.668224 0.738844
1768846171.163383961 -5.141246 0.618567 -0.044416 -0.067764 0.056200 0.667791 0.739124
1768846171.262869120 -5.138610 0.639275 -0.034982 -0.066730 0.053559 0.665039 0.741890
1768846171.364381790 -5.136954 0.655036 -0.036543 -0.066574 0.053872 0.664457 0.742403
1768846171.463890553 -5.134876 0.672495 -0.031098 -0.064631 0.052469 0.669340 0.738278
1768846171.563787937 -5.131434 0.688096 -0.029247 -0.065124 0.050945 0.681572 0.727065
1768846171.663609505 -5.128035 0.705374 -0.041890 -0.064069 0.052753 0.685140 0.723668
1768846171.763682842 -5.124314 0.723584 -0.046140 -0.065720 0.053676 0.685494 0.723117
1768846171.862964153 -5.124211 0.742109 -0.051718 -0.067568 0.051766 0.686057 0.722551
1768846171.962764025 -5.126574 0.763992 -0.061386 -0.068172 0.052012 0.686434 0.722119
1768846172.063860893 -5.121721 0.780143 -0.058012 -0.067924 0.051020 0.686108 0.722523
1768846172.164264917 -5.113756 0.794828 -0.045255 -0.068077 0.051114 0.686422 0.722204
1768846172.263908863 -5.109127 0.809774 -0.051676 -0.067681 0.052514 0.687006 0.721585
1768846172.363009214 -5.116961 0.830582 -0.047425 -0.066865 0.052463 0.686793 0.721867
1768846172.462677956 -5.120911 0.855850 -0.058567 -0.067841 0.051770 0.686393 0.722207
1768846172.563301802 -5.118693 0.875912 -0.055239 -0.064378 0.050137 0.685716 0.723281
1768846172.664460897 -5.113014 0.888489 -0.047343 -0.065352 0.051433 0.686168 0.722674
1768846172.762828350 -5.111947 0.908002 -0.044125 -0.065218 0.050181 0.686332 0.722618
1768846172.862752199 -5.112293 0.929484 -0.046727 -0.063914 0.050603 0.686574 0.722475
1768846172.961595535 -5.102504 0.950533 -0.040494 -0.066599 0.049195 0.687062 0.721866
1768846173.063211441 -5.099799 0.971293 -0.045536 -0.065780 0.048636 0.687734 0.721338
1768846173.162860394 -5.101674 0.991626 -0.053793 -0.065230 0.050743 0.688730 0.720293
1768846173.262857914 -5.100947 1.009753 -0.048303 -0.064626 0.050956 0.688115 0.720919
1768846173.362759590 -5.102816 1.033204 -0.045259 -0.066871 0.048777 0.687580 0.721376
1768846173.467208862 -5.103575 1.051055 -0.051869 -0.066419 0.049912 0.687695 0.721230
1768846173.563487768 -5.102146 1.069345 -0.059293 -0.064298 0.051310 0.687660 0.721358
1768846173.662732363 -5.098883 1.087212 -0.057669 -0.064816 0.050804 0.687687 0.721321
1768846173.763817787 -5.104923 1.107892 -0.049397 -0.063357 0.050900 0.687665 0.721465
1768846173.864475250 -5.106594 1.130163 -0.048746 -0.065957 0.050567 0.688674 0.720292
1768846173.962858915 -5.107280 1.152257 -0.054177 -0.066602 0.050351 0.688319 0.720588
1768846174.062788248 -5.104120 1.169544 -0.047738 -0.065861 0.052386 0.694607 0.714451
1768846174.162894249 -5.102343 1.186773 -0.043659 -0.066844 0.049441 0.706714 0.702597
1768846174.262785912 -5.101289 1.206247 -0.035471 -0.069205 0.050457 0.709625 0.699354
1768846174.362899542 -5.102356 1.227375 -0.041624 -0.067909 0.050326 0.709912 0.699200
1768846174.462968826 -5.103659 1.248551 -0.043619 -0.070752 0.052232 0.710182 0.698503
1768846174.563426018 -5.106297 1.269408 -0.043987 -0.071638 0.055135 0.709782 0.698597
1768846174.664857626 -5.103926 1.288222 -0.035535 -0.072430 0.054327 0.709669 0.698693
1768846174.764647722 -5.103870 1.307748 -0.054808 -0.069407 0.052233 0.709629 0.699200
1768846174.862926483 -5.103748 1.326524 -0.049582 -0.066945 0.046592 0.710016 0.699447
1768846174.963900328 -5.106364 1.340844 -0.039189 -0.069024 0.052852 0.710584 0.698222
1768846175.063905239 -5.104033 1.361642 -0.021471 -0.068993 0.051476 0.710917 0.697988
1768846175.164211988 -5.102708 1.381980 -0.020944 -0.069571 0.051663 0.711186 0.697642
1768846175.263731003 -5.103246 1.401588 -0.020226 -0.069557 0.051869 0.711359 0.697453
1768846175.362985373 -5.103067 1.422123 -0.016419 -0.069815 0.051496 0.711430 0.697382
1768846175.464424849 -5.104761 1.441672 -0.035581 -0.073057 0.055245 0.710909 0.697294
1768846175.563088179 -5.105775 1.468945 -0.054688 -0.072656 0.051938 0.710117 0.698396
1768846175.663867235 -5.106517 1.485611 -0.062581 -0.073005 0.057610 0.710999 0.697017
1768846175.763979673 -5.105615 1.506217 -0.072602 -0.072412 0.051544 0.710265 0.698300
1768846175.863020658 -5.105584 1.525454 -0.070588 -0.072478 0.054526 0.709767 0.698573
1768846175.962838650 -5.107407 1.540829 -0.091749 -0.073158 0.055188 0.710517 0.697688
1768846176.062931776 -5.107370 1.557266 -0.054106 -0.069489 0.052303 0.710692 0.698107
1768846176.162943840 -5.108431 1.572117 -0.075375 -0.072271 0.054376 0.711139 0.697210
1768846176.262955189 -5.104814 1.596819 -0.061495 -0.071655 0.051886 0.710764 0.697846
1768846176.363899946 -5.104448 1.620031 -0.061378 -0.072224 0.054034 0.710794 0.697592
1768846176.463973045 -5.102614 1.638414 -0.106794 -0.074587 0.056584 0.710405 0.697539
1768846176.563313246 -5.106466 1.656259 -0.097434 -0.068892 0.052928 0.710392 0.698424
1768846176.663234949 -5.106923 1.671123 -0.061517 -0.068498 0.051198 0.709933 0.699057
1768846176.763887644 -5.104689 1.693960 -0.054164 -0.067277 0.049480 0.709526 0.699713
1768846176.863893032 -5.102546 1.712481 -0.050526 -0.068007 0.050088 0.709505 0.699621
1768846176.962900877 -5.101976 1.733617 -0.044854 -0.068191 0.050915 0.709236 0.699815
1768846177.062961102 -5.101410 1.753796 -0.052156 -0.067944 0.052331 0.709046 0.699928
1768846177.162878513 -5.098791 1.778504 -0.062095 -0.069963 0.054649 0.709250 0.699345
1768846177.262867451 -5.098570 1.804859 -0.060314 -0.067551 0.052050 0.709262 0.699768
1768846177.363953352 -5.101684 1.809030 -0.050898 -0.071543 0.056251 0.709615 0.698688
1768846177.463918447 -5.101595 1.830875 -0.050739 -0.073193 0.058093 0.710154 0.697818
1768846177.563609123 -5.101613 1.851703 -0.050362 -0.073018 0.057851 0.710058 0.697954
1768846177.664049625 -5.099053 1.869903 -0.050392 -0.069663 0.054933 0.708367 0.700247
1768846177.763085127 -5.096797 1.890899 -0.053344 -0.068049 0.052326 0.707756 0.701223
1768846177.863247633 -5.096211 1.910361 -0.044120 -0.067308 0.050546 0.707431 0.701752
1768846177.963936090 -5.097549 1.930769 -0.047649 -0.066252 0.049862 0.707819 0.701511
1768846178.066424370 -5.096254 1.944526 -0.048424 -0.066947 0.050014 0.707834 0.701419
1768846178.163517714 -5.098146 1.969925 -0.053761 -0.068534 0.049972 0.708519 0.700576
1768846178.263618231 -5.096032 1.995347 -0.059609 -0.067963 0.048850 0.708793 0.700434
1768846178.363032341 -5.097031 2.007666 -0.046799 -0.068343 0.049217 0.708750 0.700414
1768846178.462962627 -5.092813 2.026282 -0.048723 -0.067227 0.048373 0.708541 0.700792
1768846178.563256502 -5.097827 2.046278 -0.063690 -0.068397 0.049665 0.709000 0.700124
1768846178.665578604 -5.097093 2.064381 -0.057810 -0.068400 0.049304 0.708548 0.700607
1768846178.763685226 -5.098391 2.081222 -0.061606 -0.068841 0.050182 0.708481 0.700569
1768846178.865658045 -5.097932 2.099481 -0.062295 -0.069540 0.051157 0.708113 0.700801
1768846178.963957787 -5.096137 2.103950 -0.059656 -0.068976 0.050086 0.707722 0.701330
1768846179.063003540 -5.096009 2.105812 -0.054526 -0.069047 0.049646 0.707831 0.701244
1768846179.163912058 -5.095633 2.106293 -0.052481 -0.068824 0.049704 0.707863 0.701230
1768846179.263864279 -5.094142 2.116414 -0.051834 -0.068939 0.049897 0.708036 0.701030
1768846179.363126278 -5.093761 2.115366 -0.052384 -0.068819 0.050047 0.708071 0.700996
1768846179.463150024 -5.092509 2.111003 -0.052039 -0.069528 0.050934 0.707651 0.701286
1768846179.561352015 -5.093341 2.108888 -0.052350 -0.069060 0.050247 0.707871 0.701159
1768846179.663596869 -5.093526 2.099422 -0.050123 -0.068358 0.049733 0.707720 0.701417
1768846179.762984991 -5.092780 2.092914 -0.055507 -0.067153 0.049802 0.707809 0.701439
1768846179.863250971 -5.093903 2.083044 -0.053649 -0.066582 0.048777 0.707362 0.702016
1768846179.962984324 -5.094665 2.071274 -0.049921 -0.068623 0.049468 0.707881 0.701248
1768846180.063998222 -5.095674 2.058789 -0.051862 -0.067768 0.048282 0.708193 0.701098
1768846180.164047003 -5.098078 2.043749 -0.056462 -0.067470 0.048620 0.708523 0.700771
1768846180.263084888 -5.096694 2.025037 -0.048941 -0.069849 0.050997 0.707611 0.701290
1768846180.363265753 -5.095271 2.002857 -0.016173 -0.068533 0.048873 0.708044 0.701133
1768846180.463231325 -5.094492 1.986549 -0.016605 -0.071137 0.051164 0.707064 0.701700
1768846180.563488960 -5.095803 1.968266 -0.027528 -0.069868 0.052405 0.706365 0.702439
1768846180.663993359 -5.098229 1.947555 -0.039390 -0.069786 0.051940 0.704447 0.704405
1768846180.763921261 -5.099916 1.914844 -0.035200 -0.065853 0.053706 0.705571 0.703526
1768846180.865895510 -5.101549 1.887394 -0.044116 -0.068558 0.054654 0.704932 0.703834
1768846180.963117838 -5.097372 1.873600 -0.012016 -0.070266 0.051936 0.703513 0.705291
1768846181.062992334 -5.103060 1.847554 -0.031927 -0.071418 0.052462 0.703749 0.704900
1768846181.163044930 -5.104503 1.821268 -0.035118 -0.071617 0.052873 0.704039 0.704560
1768846181.263093472 -5.105092 1.797427 -0.032078 -0.071226 0.051774 0.704231 0.704490
1768846181.363375902 -5.105194 1.765519 -0.045687 -0.072307 0.053312 0.703614 0.704881
1768846181.463795424 -5.115713 1.745260 -0.084737 -0.073194 0.055117 0.704864 0.703400
1768846181.563913345 -5.120212 1.719979 -0.104048 -0.069665 0.061711 0.704803 0.703272
1768846181.663981438 -5.119425 1.695338 -0.100810 -0.071582 0.055869 0.704624 0.703747
1768846181.761287451 -5.117090 1.668695 -0.077277 -0.072091 0.054877 0.704006 0.704391
1768846181.863467455 -5.113599 1.640856 -0.080895 -0.067554 0.052317 0.704528 0.704514
1768846181.963299990 -5.113020 1.620240 -0.056278 -0.073483 0.052488 0.702937 0.705496
1768846182.063182354 -5.117445 1.590436 -0.038703 -0.074247 0.053810 0.704687 0.703568
1768846182.165346861 -5.127774 1.554035 -0.074240 -0.076462 0.062659 0.704676 0.702609
1768846182.263803244 -5.138074 1.519370 -0.101575 -0.078305 0.071098 0.704525 0.701753
1768846182.363687515 -5.112421 1.503845 -0.020341 -0.082486 0.058386 0.704819 0.702152
1768846182.463341951 -5.096375 1.481654 0.016001 -0.083496 0.050479 0.704693 0.702771
1768846182.564074278 -5.092707 1.454502 0.025275 -0.085516 0.050983 0.704229 0.702958
1768846182.664223194 -5.099685 1.425923 0.011090 -0.081526 0.054584 0.704009 0.703382
1768846182.763125896 -5.110753 1.396193 -0.042711 -0.071168 0.059031 0.704756 0.703399
1768846182.862450600 -5.124174 1.367897 -0.076488 -0.068454 0.061720 0.704808 0.703385
1768846182.963063240 -5.122956 1.349692 -0.069452 -0.070360 0.058460 0.702106 0.706172
1768846183.063246489 -5.120477 1.330023 -0.018706 -0.070840 0.052908 0.700365 0.708288
1768846183.163099766 -5.125749 1.300351 -0.041672 -0.067972 0.055328 0.702345 0.706421
1768846183.263138056 -5.118611 1.281512 -0.044594 -0.067433 0.051017 0.702343 0.706798
1768846183.364062071 -5.121148 1.253587 -0.053777 -0.066250 0.050912 0.702623 0.706640
1768846183.463138580 -5.123983 1.229493 -0.047517 -0.069836 0.052958 0.701864 0.706898
1768846183.563363552 -5.127611 1.214582 -0.064051 -0.069100 0.052387 0.702482 0.706400
1768846183.663951874 -5.129800 1.195794 -0.085240 -0.068991 0.052517 0.703109 0.705776
1768846183.763113022 -5.131122 1.171814 -0.088191 -0.068307 0.051865 0.703326 0.705675
1768846183.863115788 -5.129430 1.145625 -0.085411 -0.068583 0.051223 0.703251 0.705769
1768846183.963122606 -5.127411 1.121391 -0.074722 -0.069107 0.051156 0.703556 0.705419
1768846184.063106298 -5.125428 1.083751 -0.038171 -0.070041 0.051963 0.704319 0.704506
1768846184.163454056 -5.126133 1.062944 -0.054007 -0.066589 0.051002 0.705139 0.704091
1768846184.263221502 -5.125809 1.043895 -0.058709 -0.069843 0.049555 0.704350 0.704668
1768846184.363183022 -5.128389 1.019338 -0.050659 -0.069342 0.050508 0.705150 0.703850
1768846184.463613033 -5.130381 0.987685 -0.047996 -0.068892 0.051143 0.706170 0.702825
1768846184.563365221 -5.130084 0.956363 -0.015594 -0.067049 0.048807 0.706710 0.702626
1768846184.663255692 -5.133036 0.940005 -0.026457 -0.069144 0.050324 0.705119 0.703913
1768846184.763250113 -5.134412 0.913262 -0.042123 -0.066049 0.048689 0.705043 0.704402
1768846184.864114285 -5.132809 0.879005 -0.041990 -0.066753 0.050023 0.704884 0.704401
1768846184.961466789 -5.129189 0.853964 -0.040015 -0.067667 0.050821 0.703623 0.705516
1768846185.063222885 -5.131643 0.831502 -0.050507 -0.068721 0.050107 0.702141 0.706940
1768846185.165517092 -5.135006 0.804597 -0.058122 -0.062319 0.049727 0.703803 0.705907
1768846185.263135672 -5.133240 0.783745 -0.085670 -0.062780 0.046141 0.703309 0.706602
1768846185.363408566 -5.130918 0.761884 -0.107561 -0.068682 0.048829 0.700531 0.708629
1768846185.464108706 -5.130666 0.740255 -0.118162 -0.069630 0.047240 0.699937 0.709231
1768846185.563393116 -5.133512 0.712314 -0.095917 -0.072820 0.053696 0.700680 0.707716
1768846185.663133144 -5.132699 0.689549 -0.068353 -0.073672 0.053814 0.699672 0.708615
1768846185.762474775 -5.136246 0.664742 -0.051046 -0.073079 0.055792 0.699595 0.708600
1768846185.861474752 -5.138538 0.636173 -0.052284 -0.069892 0.054090 0.700760 0.707902
1768846185.963200808 -5.137664 0.590253 -0.071505 -0.066824 0.050382 0.702092 0.707152
1768846186.063152075 -5.138719 0.588817 -0.060170 -0.069388 0.052560 0.700275 0.708546
1768846186.163274050 -5.137251 0.588877 -0.066777 -0.069563 0.052702 0.700495 0.708301
1768846186.263516188 -5.136406 0.588397 -0.064729 -0.069433 0.052423 0.699873 0.708949
1768846186.364663363 -5.134905 0.595615 -0.054116 -0.068991 0.052408 0.699824 0.709041
1768846186.463339567 -5.134350 0.597186 -0.055096 -0.068645 0.052731 0.697455 0.711382
1768846186.563335180 -5.137241 0.590999 -0.055897 -0.067915 0.052542 0.699493 0.709462
1768846186.664234400 -5.139237 0.589453 -0.057403 -0.069106 0.051833 0.713578 0.695230
1768846186.763251781 -5.141402 0.590130 -0.054080 -0.071586 0.049297 0.730259 0.677618
1768846186.863656759 -5.141380 0.589805 -0.055410 -0.073749 0.048227 0.754126 0.650791
1768846186.963247061 -5.143225 0.589519 -0.052828 -0.075408 0.045113 0.780075 0.619485
1768846187.063556194 -5.136616 0.581130 -0.055436 -0.077611 0.043164 0.804665 0.587050
1768846187.163276911 -5.138363 0.589411 -0.055732 -0.078736 0.042427 0.810876 0.578343
1768846187.263186693 -5.141110 0.590290 -0.054782 -0.078649 0.041840 0.811528 0.577482
1768846187.363330126 -5.142325 0.591022 -0.054284 -0.078604 0.041838 0.811533 0.577482
1768846187.463261604 -5.142479 0.590204 -0.053093 -0.078614 0.041448 0.811627 0.577377
1768846187.563416958 -5.142379 0.586048 -0.050167 -0.078355 0.040232 0.811255 0.578021
1768846187.667244434 -5.142827 0.591210 -0.049940 -0.078689 0.040165 0.808950 0.581202
1768846187.763771772 -5.148785 0.609749 -0.043308 -0.079453 0.040083 0.808024 0.582389
1768846187.863218784 -5.152054 0.626877 -0.041382 -0.077081 0.040633 0.805940 0.585549
1768846187.962793827 -5.154786 0.646251 -0.043602 -0.078245 0.041738 0.807657 0.582946
1768846188.064235926 -5.161758 0.664290 -0.051692 -0.080893 0.041789 0.817200 0.569117
1768846188.163575411 -5.170255 0.677970 -0.053422 -0.081864 0.040186 0.827846 0.553492
1768846188.263358355 -5.178981 0.683419 -0.053511 -0.081742 0.040502 0.833861 0.544384
1768846188.363397598 -5.179591 0.685020 -0.052578 -0.080187 0.038783 0.834088 0.544392
1768846188.463623047 -5.179322 0.688080 -0.052945 -0.079705 0.038853 0.834281 0.544162
1768846188.563395262 -5.179550 0.692360 -0.054157 -0.080059 0.038524 0.834222 0.544225
1768846188.663290501 -5.179509 0.693870 -0.053937 -0.079397 0.038707 0.833196 0.545878
1768846188.763991594 -5.180188 0.696734 -0.054683 -0.079667 0.038045 0.837854 0.538708
1768846188.861648560 -5.179569 0.694798 -0.051329 -0.080015 0.037447 0.844479 0.528252
1768846188.963068008 -5.181292 0.692630 -0.052549 -0.081246 0.035433 0.859442 0.503490
1768846189.063369989 -5.181932 0.691198 -0.051342 -0.081847 0.033420 0.878073 0.470289
1768846189.163319588 -5.185908 0.691123 -0.050861 -0.083586 0.031831 0.894395 0.438245
1768846189.264535189 -5.190188 0.691531 -0.053260 -0.086545 0.028419 0.908660 0.407480
1768846189.365336180 -5.197098 0.693961 -0.054706 -0.088910 0.025124 0.921365 0.377558
1768846189.463006496 -5.203674 0.693148 -0.053185 -0.088246 0.025035 0.928782 0.359097
1768846189.564504385 -5.206918 0.697136 -0.053127 -0.088978 0.024200 0.933120 0.347540
1768846189.663417101 -5.206563 0.696452 -0.055271 -0.088667 0.024481 0.933750 0.345904
1768846189.763438463 -5.207780 0.694641 -0.054291 -0.088679 0.024348 0.933835 0.345682
1768846189.863526106 -5.208801 0.694445 -0.054468 -0.088974 0.024196 0.933836 0.345613
1768846189.966741323 -5.208132 0.693844 -0.054913 -0.088656 0.024401 0.933921 0.345450
1768846190.062786818 -5.208793 0.693923 -0.055888 -0.088928 0.024297 0.933894 0.345461
1768846190.163313866 -5.205677 0.692194 -0.061910 -0.086354 0.027139 0.934898 0.343180
1768846190.263346195 -5.219155 0.704516 -0.069386 -0.087603 0.025416 0.932470 0.349541
1768846190.363175392 -5.236465 0.717383 -0.067585 -0.088615 0.021810 0.931033 0.353341
1768846190.464318514 -5.253274 0.730652 -0.060756 -0.089170 0.022248 0.930876 0.353587
1768846190.564395905 -5.256507 0.740762 -0.066810 -0.088637 0.022917 0.931340 0.352454
1768846190.664309025 -5.258391 0.742991 -0.063382 -0.087077 0.022627 0.931455 0.352558
1768846190.763689995 -5.259820 0.742542 -0.060079 -0.086975 0.022655 0.931500 0.352463
1768846190.864695072 -5.260116 0.742498 -0.059798 -0.086991 0.022838 0.931503 0.352438
1768846190.963566303 -5.259758 0.744508 -0.061526 -0.086985 0.023613 0.931007 0.353699
1768846191.063457966 -5.262091 0.744250 -0.058732 -0.087008 0.023482 0.931053 0.353581
1768846191.166429520 -5.258932 0.748080 -0.060291 -0.087211 0.023466 0.930295 0.355520
1768846191.264991999 -5.260624 0.748566 -0.061773 -0.086627 0.022903 0.933050 0.348409
1768846191.363453150 -5.262493 0.742943 -0.062685 -0.086324 0.021762 0.938563 0.333427
1768846191.463453054 -5.265853 0.739202 -0.060784 -0.087075 0.018754 0.949884 0.299645
1768846191.564260244 -5.266725 0.738677 -0.057219 -0.087631 0.014838 0.962759 0.255334
1768846191.663430691 -5.267252 0.737406 -0.053535 -0.088327 0.010140 0.976112 0.198244
1768846191.761653423 -5.261675 0.732847 -0.048955 -0.088323 0.005590 0.986676 0.136522
1768846191.863485575 -5.264816 0.731610 -0.050666 -0.088552 0.000309 0.993858 0.066365
1768846191.963422060 -5.264043 0.731064 -0.053428 -0.089743 -0.004325 0.995945 -0.004571
1768846192.063536406 -5.267780 0.727455 -0.065428 -0.090707 -0.009248 0.992943 -0.075836
1768846192.163213968 -5.268748 0.722054 -0.074049 -0.090376 -0.016031 0.984862 -0.147043
1768846192.263612032 -5.264158 0.722538 -0.068147 -0.088049 -0.022838 0.968934 -0.229984
1768846192.363401413 -5.265950 0.723078 -0.067852 -0.086455 -0.023427 0.965371 -0.245020
1768846192.464740038 -5.264991 0.723926 -0.065735 -0.087034 -0.023817 0.964984 -0.246300
1768846192.563536167 -5.264431 0.724215 -0.062989 -0.087302 -0.023625 0.964856 -0.246726
1768846192.667325020 -5.264213 0.724489 -0.062509 -0.087640 -0.023741 0.964804 -0.246799
1768846192.762918949 -5.265179 0.722726 -0.061714 -0.086690 -0.023460 0.964546 -0.248163
1768846192.863457441 -5.277779 0.712377 -0.063957 -0.086543 -0.023029 0.963950 -0.250559
1768846192.963517666 -5.291816 0.707621 -0.061541 -0.087709 -0.023425 0.963944 -0.250139
1768846193.063448191 -5.306344 0.701337 -0.059493 -0.086797 -0.022945 0.963869 -0.250792
1768846193.162943602 -5.322447 0.696704 -0.057008 -0.087023 -0.023374 0.963811 -0.250898
1768846193.265571356 -5.341550 0.682586 -0.065352 -0.084607 -0.023359 0.963947 -0.251202
1768846193.363592148 -5.362741 0.672657 -0.071048 -0.084382 -0.024665 0.964037 -0.250807
1768846193.463524580 -5.375981 0.660880 -0.071176 -0.086886 -0.022151 0.963844 -0.250930
1768846193.565032482 -5.385041 0.658524 -0.064578 -0.087389 -0.022109 0.963883 -0.250608
1768846193.663435221 -5.383618 0.658550 -0.064619 -0.087178 -0.022106 0.963983 -0.250297
1768846193.764518499 -5.385170 0.659634 -0.064209 -0.087304 -0.022439 0.963979 -0.250240
1768846193.863690138 -5.391647 0.657623 -0.062972 -0.087390 -0.022434 0.963945 -0.250340
1768846193.964379787 -5.391970 0.657498 -0.063273 -0.087251 -0.022512 0.964025 -0.250072
1768846194.063544273 -5.391861 0.658157 -0.063834 -0.087969 -0.022528 0.963855 -0.250474
1768846194.163453579 -5.389749 0.659596 -0.064141 -0.088242 -0.022385 0.963859 -0.250375
1768846194.263631821 -5.386505 0.660565 -0.063025 -0.088689 -0.023306 0.963776 -0.250454
1768846194.363631725 -5.382513 0.663331 -0.062886 -0.087117 -0.022550 0.963911 -0.250555
1768846194.462750673 -5.377185 0.667083 -0.063183 -0.087338 -0.023387 0.963854 -0.250619
1768846194.563593388 -5.367464 0.671308 -0.063429 -0.089366 -0.022193 0.963745 -0.250434
1768846194.663667679 -5.356536 0.675699 -0.063753 -0.090502 -0.024711 0.963470 -0.250849
1768846194.762883186 -5.330697 0.684815 -0.065749 -0.095721 -0.024246 0.962831 -0.251407
1768846194.863470793 -5.297843 0.697129 -0.069699 -0.095407 -0.023844 0.963000 -0.250920
1768846194.963511705 -5.283782 0.703504 -0.070100 -0.095538 -0.023949 0.963000 -0.250857
1768846195.063457251 -5.272733 0.711955 -0.071128 -0.094630 -0.024293 0.963145 -0.250611
1768846195.163008451 -5.287458 0.709325 -0.065907 -0.087146 -0.024194 0.963976 -0.250140
1768846195.263622999 -5.291609 0.706794 -0.061652 -0.089262 -0.024104 0.963877 -0.249783
1768846195.365305901 -5.289353 0.708051 -0.063308 -0.087767 -0.024138 0.963834 -0.250476
1768846195.463584423 -5.296173 0.705499 -0.060249 -0.088276 -0.024168 0.963821 -0.250346
1768846195.564464092 -5.299011 0.705824 -0.059491 -0.088137 -0.024301 0.963821 -0.250381
1768846195.663771391 -5.294152 0.706618 -0.062417 -0.088150 -0.024309 0.963833 -0.250330
1768846195.763164997 -5.297690 0.709288 -0.062211 -0.088323 -0.024440 0.964162 -0.248986
1768846195.862957716 -5.295733 0.707606 -0.062875 -0.088709 -0.024346 0.964816 -0.246309
1768846195.963650465 -5.293711 0.704643 -0.062576 -0.088264 -0.023901 0.963399 -0.251993
1768846196.067777157 -5.293210 0.705705 -0.061231 -0.088016 -0.025017 0.959882 -0.265054
1768846196.164622307 -5.291347 0.705522 -0.065005 -0.086646 -0.028330 0.956543 -0.276976
1768846196.265557051 -5.289056 0.704279 -0.073211 -0.085692 -0.030112 0.947268 -0.307301
1768846196.363608122 -5.289119 0.702513 -0.073146 -0.084062 -0.032910 0.934003 -0.345672
1768846196.463582993 -5.288738 0.703497 -0.067777 -0.082624 -0.034356 0.914635 -0.394254
1768846196.561826229 -5.290359 0.705236 -0.066445 -0.082467 -0.037427 0.902836 -0.420339
1768846196.665350199 -5.288562 0.707313 -0.067616 -0.084960 -0.038337 0.902374 -0.420752
1768846196.762710810 -5.288291 0.707729 -0.070577 -0.084654 -0.038949 0.902343 -0.420825
1768846196.862826347 -5.284238 0.711754 -0.075246 -0.084433 -0.039162 0.902409 -0.420709
1768846196.963692427 -5.290786 0.704180 -0.075644 -0.083531 -0.037369 0.903150 -0.419460
1768846197.064382553 -5.306918 0.689179 -0.067810 -0.083328 -0.037104 0.903072 -0.419691
1768846197.163835287 -5.316838 0.670871 -0.056243 -0.083233 -0.036150 0.903237 -0.419438
1768846197.264882326 -5.323820 0.668324 -0.054466 -0.083006 -0.036545 0.903413 -0.419070
1768846197.362957001 -5.340544 0.652690 -0.055140 -0.081685 -0.036585 0.903469 -0.419204
1768846197.464114189 -5.355652 0.638725 -0.053813 -0.081308 -0.036736 0.903311 -0.419606
1768846197.563711643 -5.370563 0.622147 -0.058792 -0.080880 -0.037510 0.903360 -0.419514
1768846197.662791729 -5.384319 0.610448 -0.060606 -0.077776 -0.036327 0.903816 -0.419223
1768846197.764023781 -5.396769 0.595702 -0.060803 -0.079154 -0.036675 0.903284 -0.420080
1768846197.865013361 -5.410018 0.575186 -0.060356 -0.080300 -0.036485 0.901916 -0.422809
1768846197.963606834 -5.427964 0.559236 -0.079886 -0.079862 -0.038068 0.901638 -0.423345
1768846198.062966824 -5.438198 0.549901 -0.078554 -0.080229 -0.034748 0.903869 -0.418779
1768846198.163863659 -5.453918 0.535054 -0.079158 -0.081571 -0.033540 0.908847 -0.407700
1768846198.263746262 -5.470094 0.523678 -0.078695 -0.082231 -0.032157 0.916615 -0.389899
1768846198.363608360 -5.480665 0.512518 -0.078993 -0.082088 -0.029628 0.927721 -0.362928
1768846198.462778568 -5.491863 0.510890 -0.062575 -0.085774 -0.029452 0.934657 -0.343790
1768846198.563840389 -5.499394 0.504837 -0.049763 -0.087686 -0.026425 0.945387 -0.312820
1768846198.661852837 -5.514468 0.497699 -0.049628 -0.088446 -0.023556 0.956729 -0.276211
1768846198.764159203 -5.525781 0.489428 -0.065172 -0.088568 -0.020784 0.967900 -0.234291
1768846198.863681555 -5.539640 0.483401 -0.052006 -0.090499 -0.017163 0.980566 -0.173220
1768846198.963599443 -5.554705 0.477610 -0.050802 -0.092813 -0.014635 0.985804 -0.139149
1768846199.063769102 -5.572645 0.472046 -0.056887 -0.087991 -0.012934 0.987078 -0.133295
1768846199.164579153 -5.588519 0.467830 -0.066526 -0.089890 -0.013505 0.986783 -0.134152
1768846199.264466047 -5.604751 0.459108 -0.071973 -0.089949 -0.012325 0.987906 -0.125696
1768846199.363778353 -5.622126 0.456608 -0.057463 -0.089415 -0.010637 0.989762 -0.110743
1768846199.463022470 -5.643436 0.455365 -0.051405 -0.090135 -0.008304 0.991856 -0.089606
1768846199.563131571 -5.658805 0.456500 -0.054257 -0.088219 -0.007066 0.993687 -0.068951
1768846199.663774014 -5.673168 0.457178 -0.064101 -0.089350 -0.004075 0.995341 -0.035993
1768846199.763131857 -5.690960 0.458614 -0.067954 -0.092024 -0.004666 0.995725 -0.006411
1768846199.863420248 -5.708372 0.458784 -0.050380 -0.090720 -0.004736 0.995861 -0.003026
1768846199.963010788 -5.726107 0.456733 -0.040797 -0.089613 -0.002907 0.995970 -0.002172
1768846200.063764334 -5.745902 0.454965 -0.051062 -0.090276 -0.002458 0.995912 -0.002006
1768846200.163031340 -5.768001 0.453600 -0.065728 -0.089115 -0.000267 0.996020 -0.001354
1768846200.263904572 -5.786595 0.457004 -0.077582 -0.089530 -0.001404 0.995982 -0.001278
1768846200.362044096 -5.802243 0.454452 -0.079720 -0.088844 -0.002819 0.996041 -0.001166
1768846200.464008331 -5.821789 0.455921 -0.080567 -0.088674 -0.002827 0.996056 -0.000697
1768846200.563305378 -5.841505 0.455398 -0.075830 -0.088317 -0.002595 0.996088 -0.001212
1768846200.662777901 -5.861574 0.460895 -0.079307 -0.087963 0.000284 0.996123 -0.000954
1768846200.763015509 -5.882736 0.461122 -0.073038 -0.089351 -0.004265 0.995991 -0.000883
1768846200.863390684 -5.899167 0.451971 -0.072883 -0.088059 -0.003457 0.996109 -0.000931
1768846200.963039637 -5.920362 0.456592 -0.076662 -0.088448 -0.004569 0.996070 -0.000600
1768846201.063889742 -5.938385 0.457102 -0.065074 -0.088099 -0.003529 0.996105 -0.001363
1768846201.164230108 -5.956957 0.457331 -0.066663 -0.088848 -0.003967 0.996037 -0.001058
1768846201.263463974 -5.979486 0.458710 -0.064724 -0.089949 -0.005793 0.995918 0.004860
1768846201.363916159 -5.997164 0.458937 -0.065173 -0.089980 -0.005916 0.995876 0.009937
1768846201.462834120 -6.016965 0.454893 -0.071721 -0.089572 -0.003271 0.995916 0.010839
1768846201.562796354 -6.037298 0.460374 -0.072846 -0.087484 -0.004469 0.996086 0.011794
1768846201.662996292 -6.057074 0.457182 -0.069221 -0.089272 -0.001984 0.995937 0.011651
1768846201.763061523 -6.076274 0.459957 -0.068308 -0.090176 -0.001514 0.995871 0.010349
1768846201.863885164 -6.096841 0.462330 -0.073279 -0.091233 -0.000871 0.995773 0.010554
1768846201.964672565 -6.117633 0.463673 -0.075269 -0.090361 -0.002100 0.995849 0.010712
1768846202.063376427 -6.139537 0.462915 -0.071985 -0.087216 -0.003934 0.996110 0.011930
1768846202.163380861 -6.155353 0.467865 -0.071901 -0.087468 -0.004772 0.996092 0.011278
1768846202.263929129 -6.177550 0.466793 -0.071867 -0.087575 -0.003915 0.996082 0.011655
1768846202.364149094 -6.195663 0.467950 -0.071927 -0.087889 -0.004461 0.996054 0.011469
1768846202.462852955 -6.215203 0.465222 -0.074226 -0.089574 -0.003508 0.995906 0.011652
1768846202.562979460 -6.232674 0.465710 -0.070760 -0.090781 -0.004591 0.995801 0.010878
1768846202.663094521 -6.251329 0.464882 -0.071840 -0.092739 -0.002476 0.995629 0.010739
1768846202.763092756 -6.270114 0.465572 -0.071284 -0.092116 -0.004013 0.995682 0.010808
1768846202.863890648 -6.290663 0.464019 -0.067535 -0.092753 -0.004457 0.995621 0.010721
1768846202.963825703 -6.310443 0.464930 -0.069168 -0.090825 -0.003424 0.995796 0.011406
1768846203.063010216 -6.330167 0.465421 -0.072617 -0.092671 -0.002163 0.995628 0.011523
1768846203.163137913 -6.351989 0.464619 -0.071799 -0.090526 -0.001572 0.995819 0.012164
1768846203.265012503 -6.372412 0.468209 -0.069686 -0.089312 -0.003300 0.995915 0.012886
1768846203.364455938 -6.389984 0.470297 -0.068985 -0.089236 -0.003560 0.995921 0.012874
1768846203.463227272 -6.409371 0.471682 -0.074386 -0.092711 -0.002357 0.995615 0.012238
1768846203.566798210 -6.432144 0.471790 -0.078997 -0.091963 -0.000792 0.995687 0.012206
1768846203.663578272 -6.449570 0.472029 -0.080021 -0.092186 -0.003482 0.995664 0.011981
1768846203.764696121 -6.468918 0.469601 -0.073921 -0.092070 -0.003476 0.995680 0.011527
1768846203.863962650 -6.490119 0.470804 -0.075292 -0.092117 -0.003646 0.995668 0.012087
1768846203.963159084 -6.510935 0.471884 -0.077390 -0.092509 -0.004164 0.995626 0.012355
1768846204.064346075 -6.531812 0.472355 -0.074663 -0.091501 -0.003863 0.995718 0.012559
1768846204.163798809 -6.547095 0.475803 -0.079528 -0.090150 -0.001473 0.995848 0.012531
1768846204.263807297 -6.566084 0.477653 -0.075751 -0.092194 -0.003433 0.995660 0.012260
1768846204.363110304 -6.586436 0.475073 -0.075959 -0.090070 -0.002129 0.995855 0.012470
1768846204.463857174 -6.604833 0.483590 -0.078554 -0.088263 -0.002283 0.996007 0.013240
1768846204.563871861 -6.625241 0.484268 -0.075072 -0.088667 -0.002455 0.995974 0.012972
1768846204.663923264 -6.641302 0.485649 -0.074795 -0.089324 -0.003668 0.995915 0.012677
1768846204.763828516 -6.662866 0.484932 -0.077975 -0.087876 -0.002500 0.996053 0.012219
1768846204.862711430 -6.679604 0.488169 -0.066423 -0.088379 -0.002907 0.996012 0.011900
1768846204.963996410 -6.700977 0.487822 -0.066903 -0.089286 -0.002249 0.995930 0.012100
1768846205.064047575 -6.721333 0.485080 -0.077273 -0.090193 0.002917 0.995857 0.011215
1768846205.163221836 -6.743390 0.489151 -0.094289 -0.090031 0.002877 0.995871 0.011248
1768846205.263962507 -6.762962 0.489584 -0.100710 -0.090346 0.003853 0.995840 0.011164
1768846205.363297462 -6.779819 0.489956 -0.103301 -0.090261 0.003515 0.995861 0.010106
1768846205.463890791 -6.799866 0.489512 -0.101701 -0.089758 0.003745 0.995900 0.010596
1768846205.563098669 -6.819110 0.491004 -0.087689 -0.089293 0.000941 0.995950 0.010499
1768846205.663874149 -6.840600 0.487711 -0.066997 -0.088479 -0.004668 0.996011 0.010567
1768846205.763325691 -6.860354 0.484487 -0.070758 -0.088514 -0.004646 0.996014 0.010031
1768846205.864011288 -6.881679 0.487117 -0.073509 -0.089370 -0.005771 0.995941 0.008994
1768846205.962881088 -6.899378 0.484493 -0.086319 -0.090096 -0.005124 0.995881 0.008839
1768846206.062949181 -6.919359 0.489251 -0.077185 -0.089195 -0.005368 0.995959 0.009056
1768846206.164515257 -6.936105 0.490062 -0.088569 -0.089159 -0.002798 0.995957 0.010559
1768846206.263921738 -6.955247 0.496834 -0.090018 -0.090930 -0.002826 0.995798 0.010465
1768846206.363850594 -6.961339 0.497810 -0.085673 -0.088343 -0.001425 0.996032 0.010641
1768846206.463905096 -6.962698 0.497327 -0.085922 -0.088008 -0.001923 0.996062 0.010520
1768846206.563475609 -6.962734 0.497477 -0.080495 -0.087623 -0.001938 0.996096 0.010582
1768846206.662862301 -6.965015 0.498327 -0.078662 -0.088176 -0.002407 0.996050 0.010199
1768846206.764029264 -6.962190 0.497317 -0.080823 -0.088633 -0.002190 0.996004 0.010760
1768846206.863927841 -6.956465 0.498003 -0.080258 -0.089138 -0.001462 0.995954 0.011318
1768846206.962981939 -6.951353 0.498724 -0.079755 -0.089312 -0.001449 0.995933 0.011733
1768846207.063355446 -6.944401 0.497762 -0.078349 -0.089026 -0.001516 0.995959 0.011781
1768846207.162850142 -6.935037 0.499521 -0.081111 -0.088655 -0.002205 0.995986 0.012149
1768846207.263923645 -6.922762 0.498097 -0.078222 -0.088504 -0.002705 0.996002 0.011805
1768846207.363896132 -6.909599 0.496735 -0.075459 -0.087466 -0.001756 0.996101 0.011353
1768846207.464632511 -6.893535 0.495563 -0.076252 -0.088895 -0.001070 0.995977 0.011244
1768846207.562933683 -6.874151 0.494725 -0.079612 -0.089655 -0.001312 0.995913 0.010833
1768846207.662959814 -6.850954 0.499260 -0.082451 -0.094080 -0.000943 0.995506 0.010801
1768846207.764139652 -6.828878 0.498663 -0.082782 -0.094616 -0.000983 0.995455 0.010760
1768846207.862926960 -6.805698 0.496145 -0.081991 -0.094820 -0.000093 0.995439 0.010526
1768846207.963973284 -6.791209 0.490446 -0.083313 -0.090833 -0.002944 0.995791 0.011879
1768846208.063369274 -6.771830 0.486119 -0.091551 -0.089361 -0.003378 0.995916 0.012471
1768846208.161796808 -6.745576 0.482399 -0.094524 -0.089804 -0.003994 0.995872 0.012614
1768846208.263543129 -6.718051 0.483193 -0.088154 -0.089516 -0.002974 0.995912 0.011741
1768846208.363427401 -6.692131 0.486486 -0.083347 -0.090227 -0.004266 0.995834 0.012489
1768846208.463162899 -6.674805 0.483228 -0.080276 -0.089914 -0.000643 0.995887 0.011126
1768846208.562916517 -6.640143 0.481123 -0.079203 -0.089620 -0.001457 0.995915 0.010949
1768846208.664897203 -6.616203 0.479377 -0.087827 -0.090625 -0.003070 0.995823 0.010695
1768846208.762916088 -6.593116 0.479423 -0.093013 -0.091687 -0.004842 0.995718 0.010752
1768846208.862849712 -6.568584 0.476297 -0.093881 -0.091808 -0.005295 0.995717 0.009550
1768846208.963322639 -6.541109 0.471676 -0.104022 -0.092674 -0.005032 0.995645 0.008800
1768846209.062810183 -6.514862 0.468306 -0.106630 -0.092667 -0.005421 0.995651 0.007946
1768846209.163491964 -6.489567 0.468102 -0.103456 -0.092271 -0.005291 0.995691 0.007567
1768846209.263689995 -6.460393 0.468193 -0.080519 -0.090545 -0.000743 0.995854 0.008738
1768846209.366525650 -6.431559 0.470805 -0.060141 -0.090379 -0.000617 0.995867 0.008910
1768846209.462817669 -6.408144 0.470266 -0.061442 -0.090196 -0.000481 0.995885 0.008783
1768846209.564046621 -6.380134 0.467723 -0.061240 -0.089891 -0.002203 0.995920 0.007668
1768846209.663075447 -6.354767 0.465335 -0.065963 -0.090514 -0.001861 0.995872 0.006582
1768846209.763212204 -6.335532 0.465219 -0.073184 -0.093080 -0.000583 0.995637 0.006571
1768846209.863337755 -6.306541 0.467469 -0.067622 -0.092936 0.000068 0.995652 0.006293
1768846209.963333368 -6.281655 0.464356 -0.083550 -0.090280 -0.004751 0.995881 0.006859
1768846210.062931538 -6.255009 0.461894 -0.079906 -0.090914 -0.003007 0.995831 0.006721
1768846210.163546801 -6.226003 0.461553 -0.074047 -0.091070 -0.000977 0.995809 0.008319
1768846210.263335943 -6.201038 0.463639 -0.070983 -0.088883 -0.002012 0.996003 0.008569
1768846210.363803148 -6.174973 0.465327 -0.050963 -0.087813 -0.001605 0.996098 0.008663
1768846210.464047194 -6.153964 0.465886 -0.045634 -0.087688 -0.001143 0.996113 0.008322
1768846210.563369036 -6.128131 0.468308 -0.050100 -0.089711 0.000356 0.995944 0.006850
1768846210.663159370 -6.102814 0.471996 -0.049721 -0.089605 0.000488 0.995958 0.006126
1768846210.762943506 -6.078765 0.473013 -0.049738 -0.089305 0.000683 0.995988 0.005639
1768846210.862818003 -6.052040 0.470445 -0.052134 -0.089058 0.001267 0.996011 0.005437
1768846210.963500261 -6.025595 0.472106 -0.047933 -0.088062 -0.000842 0.996098 0.005672
1768846211.062798262 -6.002318 0.470211 -0.051799 -0.089694 0.000900 0.995956 0.005123
1768846211.162981033 -5.976430 0.471778 -0.047644 -0.089734 0.000334 0.995960 0.003472
1768846211.264083862 -5.955478 0.471680 -0.043247 -0.089726 -0.000372 0.995962 0.002897
1768846211.362983465 -5.930607 0.468171 -0.046872 -0.090140 0.000873 0.995926 0.002234
1768846211.462926865 -5.904165 0.468472 -0.045740 -0.088057 -0.002660 0.996105 0.003666
1768846211.562932014 -5.881106 0.465026 -0.048334 -0.090237 -0.000266 0.995918 0.002274
1768846211.662890196 -5.854044 0.474305 -0.051201 -0.091002 -0.002019 0.995845 0.002538
1768846211.762957096 -5.826004 0.470149 -0.056086 -0.090994 -0.003143 0.995844 0.002187
1768846211.863488197 -5.801098 0.465427 -0.052258 -0.090779 -0.005067 0.995856 0.001950
1768846211.963479757 -5.775548 0.462885 -0.054173 -0.091487 -0.004739 0.995793 0.001728
1768846212.062995195 -5.749121 0.468225 -0.056929 -0.092817 -0.004140 0.995673 0.001482
1768846212.162848711 -5.725941 0.461096 -0.060863 -0.090751 -0.005266 0.995858 0.001618
1768846212.262907982 -5.702903 0.459168 -0.062829 -0.091395 -0.005121 0.995800 0.001478
1768846212.362916231 -5.676856 0.458877 -0.063879 -0.091342 -0.003195 0.995813 0.001493
1768846212.462807894 -5.651662 0.457531 -0.062483 -0.091521 -0.004116 0.995792 0.002316
1768846212.562852144 -5.626107 0.456796 -0.062165 -0.091029 -0.004775 0.995835 0.001959
1768846212.662946224 -5.601396 0.458205 -0.061105 -0.091267 -0.005221 0.995811 0.001923
1768846212.762833118 -5.574089 0.457501 -0.061828 -0.092739 -0.003523 0.995682 0.002158
1768846212.862998009 -5.549456 0.454731 -0.066817 -0.091664 -0.005292 0.995770 0.003498
1768846212.963060141 -5.524550 0.452371 -0.068567 -0.090864 -0.003094 0.995855 0.002619
1768846213.062841177 -5.496078 0.457913 -0.059321 -0.091608 -0.005634 0.995777 0.001914
1768846213.163468838 -5.474467 0.450643 -0.061323 -0.091212 -0.005395 0.995814 0.002490
1768846213.263169289 -5.449085 0.446203 -0.074174 -0.091170 -0.005967 0.995812 0.003244
1768846213.363062620 -5.418442 0.446614 -0.076331 -0.089792 -0.003328 0.995949 0.003374
1768846213.462984324 -5.386635 0.450333 -0.064984 -0.089042 -0.002651 0.996023 0.001509
1768846213.563365221 -5.379435 0.451265 -0.062319 -0.090056 -0.003678 0.995930 0.000629
1768846213.664507389 -5.380903 0.452549 -0.058925 -0.090202 -0.003352 0.995918 0.000097
1768846213.763558149 -5.384689 0.453557 -0.062366 -0.089943 -0.002538 0.995944 0.000113
1768846213.863428831 -5.392975 0.455044 -0.068384 -0.088675 -0.001624 0.996059 0.000046
1768846213.962785959 -5.409179 0.455486 -0.075445 -0.089566 -0.002387 0.995977 -0.001656
1768846214.063417435 -5.427990 0.452489 -0.075604 -0.091342 -0.005175 0.995800 -0.003605
1768846214.162997246 -5.449657 0.454739 -0.070756 -0.092718 -0.005816 0.995667 -0.004201
1768846214.263753891 -5.458608 0.456199 -0.063121 -0.090772 -0.003958 0.995855 -0.004071
1768846214.363156080 -5.454490 0.456961 -0.060617 -0.090922 -0.003665 0.995843 -0.004032
1768846214.463558674 -5.453490 0.456135 -0.061661 -0.090724 -0.003615 0.995861 -0.004157
1768846214.563575983 -5.453865 0.456892 -0.059302 -0.090784 -0.003687 0.995856 -0.003932
1768846214.665214300 -5.455395 0.456181 -0.058071 -0.090651 -0.003712 0.995868 -0.003924
1768846214.763073444 -5.450797 0.457121 -0.060470 -0.090967 -0.003233 0.995841 -0.003829
1768846214.862983227 -5.446176 0.457482 -0.064411 -0.090119 -0.002334 0.995920 -0.004178
1768846214.963848114 -5.438981 0.459593 -0.068388 -0.089496 -0.002028 0.995978 -0.003657
1768846215.062961578 -5.454740 0.457438 -0.063755 -0.091160 -0.001247 0.995823 -0.004959
1768846215.163336992 -5.470212 0.458402 -0.063007 -0.091000 -0.000431 0.995833 -0.006033
1768846215.264053583 -5.491973 0.460655 -0.062184 -0.090766 -0.004474 0.995846 -0.005659
1768846215.363391399 -5.516565 0.459005 -0.053239 -0.090996 -0.003842 0.995827 -0.005720
1768846215.464280367 -5.537719 0.458686 -0.047626 -0.093314 -0.003494 0.995611 -0.006296
1768846215.562493324 -5.540113 0.457347 -0.053357 -0.091140 -0.003490 0.995808 -0.006862
1768846215.663324594 -5.540999 0.456972 -0.056017 -0.091149 -0.003574 0.995808 -0.006799
1768846215.763084173 -5.542250 0.456753 -0.054817 -0.091036 -0.003599 0.995817 -0.006900
1768846215.863121986 -5.541391 0.456801 -0.056746 -0.091234 -0.003500 0.995799 -0.006949
1768846215.966064453 -5.540868 0.456421 -0.060069 -0.091384 -0.003676 0.995784 -0.007109
1768846216.063206196 -5.540296 0.457341 -0.058668 -0.091384 -0.003553 0.995782 -0.007326
1768846216.163779974 -5.540018 0.456862 -0.058746 -0.091373 -0.003651 0.995784 -0.007205
1768846216.263303518 -5.539039 0.457071 -0.061450 -0.091508 -0.003581 0.995773 -0.007100
1768846216.362600803 -5.539422 0.456792 -0.061363 -0.091585 -0.003363 0.995766 -0.007201
1768846216.463021517 -5.539450 0.456323 -0.061368 -0.091630 -0.003344 0.995760 -0.007418
1768846216.562789917 -5.537957 0.456474 -0.061288 -0.092232 -0.003714 0.995701 -0.007631
1768846216.663181305 -5.533769 0.456913 -0.062206 -0.092438 -0.004846 0.995675 -0.007880
1768846216.764663458 -5.532268 0.458243 -0.061053 -0.092362 -0.004292 0.995688 -0.007435
1768846216.863033056 -5.524588 0.457051 -0.059479 -0.091553 -0.004707 0.995764 -0.007031
1768846216.963256121 -5.517239 0.459090 -0.060587 -0.092186 -0.003795 0.995710 -0.006941
1768846217.065169334 -5.505201 0.461373 -0.060197 -0.092770 -0.003907 0.995659 -0.006504
1768846217.163476229 -5.493266 0.458638 -0.058993 -0.091940 -0.005320 0.995729 -0.006593
1768846217.263199091 -5.477505 0.461041 -0.057914 -0.093608 -0.003625 0.995581 -0.006605
1768846217.364495516 -5.467644 0.460807 -0.057914 -0.092622 -0.003226 0.995671 -0.007061
1768846217.465540409 -5.446663 0.463069 -0.052260 -0.091585 -0.004933 0.995755 -0.007701
1768846217.563527822 -5.426750 0.462743 -0.051883 -0.092072 -0.004096 0.995717 -0.007379
1768846217.663267612 -5.404855 0.461966 -0.053167 -0.091071 -0.003306 0.995818 -0.006482
1768846217.763202190 -5.385052 0.463645 -0.050763 -0.091208 -0.002458 0.995813 -0.005574
1768846217.863027811 -5.356381 0.463450 -0.052206 -0.092501 -0.001899 0.995685 -0.007137
1768846217.963142157 -5.313542 0.460407 -0.053837 -0.093136 -0.001837 0.995613 -0.008793
1768846218.063755274 -5.295433 0.457631 -0.053610 -0.090201 -0.002423 0.995907 -0.005109
1768846218.163136482 -5.307349 0.455508 -0.055617 -0.090861 -0.002807 0.995855 -0.002999
1768846218.262515306 -5.299338 0.456225 -0.057229 -0.090994 -0.002907 0.995843 -0.002732
1768846218.363064289 -5.300277 0.456949 -0.058108 -0.091387 -0.002927 0.995804 -0.003876
1768846218.465007782 -5.302108 0.455451 -0.060196 -0.091993 -0.003040 0.995673 -0.012790
1768846218.563539743 -5.302983 0.453678 -0.062484 -0.090330 -0.004271 0.995483 -0.028896
1768846218.664483547 -5.300229 0.447320 -0.064561 -0.092245 -0.005432 0.994601 -0.047230
1768846218.762747288 -5.302253 0.441685 -0.069096 -0.092050 -0.007584 0.992717 -0.077351
1768846218.863224268 -5.299398 0.439080 -0.066818 -0.090285 -0.011390 0.988588 -0.120057
1768846218.963219166 -5.302938 0.441955 -0.080017 -0.089971 -0.015741 0.979305 -0.180606
1768846219.063706636 -5.305033 0.443543 -0.083155 -0.087570 -0.022204 0.965213 -0.245362
1768846219.162799120 -5.305931 0.431009 -0.094892 -0.082279 -0.024473 0.952179 -0.293235
1768846219.263274670 -5.295587 0.431978 -0.100322 -0.082147 -0.033359 0.921870 -0.377220
1768846219.363416195 -5.299763 0.424835 -0.124416 -0.078734 -0.039257 0.888098 -0.451156
1768846219.466925621 -5.292534 0.431173 -0.081537 0.076065 0.044883 -0.839752 0.535739
1768846219.564920425 -5.285652 0.438898 -0.065749 0.065957 0.046423 -0.791288 0.606100
1768846219.664773226 -5.273182 0.436412 -0.057457 0.060482 0.050408 -0.735933 0.672460
1768846219.763046265 -5.273059 0.439663 -0.064831 0.056829 0.056955 -0.679129 0.729596
1768846219.864583492 -5.275026 0.442438 -0.068620 0.058127 0.059932 -0.670608 0.737099
1768846219.963570595 -5.275076 0.444020 -0.064430 0.057823 0.059474 -0.669075 0.738551
1768846220.063452721 -5.276251 0.448051 -0.072783 0.055278 0.059969 -0.668597 0.739139
1768846220.163205385 -5.273894 0.451712 -0.076563 0.054204 0.058793 -0.668831 0.739101
1768846220.263014555 -5.273236 0.430806 -0.070674 0.055861 0.056253 -0.670577 0.737592
1768846220.363550901 -5.269943 0.420671 -0.072770 0.055985 0.056025 -0.670253 0.737894
1768846220.462815523 -5.267378 0.402507 -0.075480 0.059081 0.058946 -0.669811 0.737827
1768846220.564070702 -5.265585 0.378982 -0.092589 0.061749 0.061349 -0.669333 0.737846
1768846220.663076639 -5.263775 0.359205 -0.099884 0.061980 0.061473 -0.669119 0.738010
1768846220.763458014 -5.262761 0.338638 -0.092965 0.058697 0.058304 -0.669417 0.738265
1768846220.863919020 -5.265232 0.325373 -0.063196 0.060213 0.061385 -0.669687 0.737649
1768846220.963214636 -5.267775 0.299876 -0.056324 0.059272 0.061029 -0.670093 0.737386
1768846221.063190937 -5.261246 0.279522 -0.080931 0.059376 0.057251 -0.670442 0.737363
1768846221.163187981 -5.263768 0.263320 -0.084483 0.060582 0.059068 -0.666198 0.740959
1768846221.263283730 -5.261576 0.243327 -0.068516 0.056618 0.059631 -0.659820 0.746911
1768846221.363507271 -5.256485 0.224065 -0.061443 0.054905 0.059965 -0.648759 0.756638
1768846221.464080572 -5.250709 0.203369 -0.059419 0.049726 0.057302 -0.639789 0.764797
1768846221.564488888 -5.248063 0.184413 -0.048944 0.050002 0.058537 -0.638726 0.765573
1768846221.662838936 -5.246600 0.165922 -0.030516 0.050107 0.058596 -0.638224 0.765980
1768846221.762891531 -5.244120 0.146318 -0.034669 0.051005 0.058341 -0.637596 0.766463
1768846221.864993334 -5.237597 0.125812 -0.057093 0.053218 0.057145 -0.636438 0.767365
1768846221.963232040 -5.234131 0.107868 -0.064455 0.049767 0.056374 -0.637004 0.767184
1768846222.064923286 -5.231253 0.087776 -0.059314 0.050789 0.059032 -0.636798 0.767088
1768846222.163570642 -5.226664 0.068054 -0.057224 0.051084 0.057383 -0.637067 0.766970
1768846222.262911081 -5.223793 0.047459 -0.059304 0.051043 0.057903 -0.637293 0.766746
1768846222.362951994 -5.216704 0.029147 -0.056833 0.051959 0.060740 -0.637524 0.766273
1768846222.463274002 -5.209267 0.013204 -0.049296 0.052028 0.058211 -0.637337 0.766620
1768846222.563534975 -5.206560 -0.010282 -0.051403 0.051700 0.059529 -0.637512 0.766396
1768846222.662825108 -5.200346 -0.030298 -0.052609 0.050668 0.059678 -0.637111 0.766786
1768846222.762829065 -5.193690 -0.044562 -0.045574 0.050895 0.059375 -0.636840 0.767019
1768846222.863502026 -5.191932 -0.063744 -0.040625 0.050333 0.058859 -0.636625 0.767275
1768846222.962990522 -5.187532 -0.083263 -0.054507 0.049447 0.057898 -0.636612 0.767417
1768846223.063342333 -5.183297 -0.097865 -0.054169 0.049358 0.057607 -0.636695 0.767375
1768846223.162971973 -5.181950 -0.118454 -0.042760 0.048794 0.057965 -0.637262 0.766913
1768846223.263929605 -5.179226 -0.138714 -0.032764 0.050061 0.058947 -0.636742 0.767189
1768846223.362812996 -5.173475 -0.161106 -0.046313 0.048561 0.057282 -0.638657 0.765819
1768846223.463053942 -5.169235 -0.175219 -0.044062 0.046264 0.055188 -0.639416 0.765481
1768846223.564006805 -5.167647 -0.194325 -0.050555 0.045899 0.055250 -0.636320 0.768074
1768846223.662804365 -5.166806 -0.215685 -0.054464 0.050194 0.056118 -0.628658 0.774029
1768846223.763399124 -5.160625 -0.232146 -0.054576 0.049363 0.056902 -0.613098 0.786407
1768846223.862873316 -5.161759 -0.243430 -0.039796 0.046306 0.057926 -0.591320 0.803020
1768846223.962813616 -5.156776 -0.261269 -0.041601 0.041846 0.059843 -0.576708 0.813680
1768846224.062816143 -5.148597 -0.280912 -0.051546 0.042162 0.058965 -0.575877 0.814317
1768846224.162838459 -5.143511 -0.299941 -0.052816 0.044877 0.058705 -0.575904 0.814171
1768846224.263363600 -5.137064 -0.322502 -0.064582 0.044922 0.062152 -0.575516 0.814187
1768846224.363061190 -5.133790 -0.344594 -0.069290 0.044918 0.063366 -0.575426 0.814157
1768846224.463416576 -5.126912 -0.357883 -0.062621 0.044746 0.060877 -0.575307 0.814441
1768846224.562945366 -5.121717 -0.376224 -0.059007 0.044842 0.063685 -0.574826 0.814560
1768846224.664894581 -5.113405 -0.397798 -0.065068 0.046026 0.065455 -0.574350 0.814690
1768846224.762848139 -5.110314 -0.417581 -0.070992 0.046187 0.062282 -0.573627 0.815439
1768846224.862814426 -5.101545 -0.428558 -0.055984 0.047156 0.064030 -0.573374 0.815425
1768846224.962787390 -5.099232 -0.447486 -0.049528 0.049098 0.066078 -0.573478 0.815074
1768846225.064389944 -5.096747 -0.465993 -0.045083 0.047642 0.063782 -0.573548 0.815295
1768846225.162924051 -5.094079 -0.487148 -0.042341 0.049629 0.067328 -0.572185 0.815848
1768846225.263036013 -5.091914 -0.504115 -0.033949 0.047801 0.066312 -0.572138 0.816073
1768846225.362859011 -5.091177 -0.521688 -0.020547 0.047783 0.067071 -0.571870 0.816200
1768846225.462794781 -5.085655 -0.538465 -0.017791 0.047739 0.066492 -0.571944 0.816198
1768846225.563084602 -5.074900 -0.557034 -0.030210 0.048650 0.070452 -0.571190 0.816340
1768846225.663956165 -5.067868 -0.580156 -0.040445 0.049123 0.070820 -0.570687 0.816632
1768846225.764821291 -5.061336 -0.602105 -0.053786 0.046606 0.069382 -0.570498 0.817035
1768846225.862874269 -5.055350 -0.620732 -0.064484 0.045304 0.069732 -0.570132 0.817334
1768846225.963085890 -5.051931 -0.638286 -0.073053 0.045509 0.070345 -0.569672 0.817590
1768846226.062957525 -5.047255 -0.655096 -0.057086 0.046709 0.066669 -0.569645 0.817850
1768846226.163180351 -5.038517 -0.668748 -0.033053 0.043987 0.065311 -0.569298 0.818352
1768846226.262952805 -5.031500 -0.685970 -0.059055 0.044542 0.064700 -0.569213 0.818429
1768846226.362945557 -5.023170 -0.704481 -0.059792 0.042753 0.065760 -0.569372 0.818330
1768846226.462790251 -5.016009 -0.719998 -0.054218 0.042842 0.065993 -0.569349 0.818322
1768846226.563026190 -5.012202 -0.742580 -0.043924 0.046066 0.068320 -0.568794 0.818342
1768846226.663183451 -5.008079 -0.762240 -0.037976 0.044145 0.067364 -0.568674 0.818611
1768846226.762920141 -5.003935 -0.783619 -0.039209 0.046327 0.068454 -0.567865 0.818961
1768846226.864217281 -4.997276 -0.795517 -0.035339 0.044638 0.065525 -0.568126 0.819113
1768846226.962984800 -4.987538 -0.808403 -0.040468 0.044324 0.065332 -0.568143 0.819134
1768846227.062847853 -4.981411 -0.837718 -0.044500 0.044212 0.067206 -0.568075 0.819036
1768846227.162962914 -4.975523 -0.848148 -0.045119 0.044389 0.065011 -0.567303 0.819738
1768846227.262850761 -4.968405 -0.860745 -0.041630 0.044296 0.065601 -0.567050 0.819871
1768846227.363486528 -4.958969 -0.877923 -0.043870 0.044499 0.066166 -0.567775 0.819313
1768846227.462938547 -4.949147 -0.899535 -0.045725 0.042873 0.066388 -0.567352 0.819674
1768846227.563497782 -4.941822 -0.917307 -0.051966 0.043236 0.067529 -0.566926 0.819857
1768846227.662915468 -4.937790 -0.934190 -0.044865 0.045385 0.065879 -0.565983 0.820527
1768846227.763050079 -4.929414 -0.952771 -0.042829 0.044645 0.066124 -0.565884 0.820616
1768846227.862874269 -4.919855 -0.970667 -0.047023 0.045813 0.066621 -0.566501 0.820085
1768846227.963687181 -4.914426 -0.987483 -0.038015 0.045467 0.065996 -0.565604 0.820774
1768846228.063179016 -4.908258 -1.004763 -0.047621 0.045421 0.066902 -0.565611 0.820698
1768846228.162978172 -4.901284 -1.026724 -0.031451 0.047285 0.066967 -0.565470 0.820684
1768846228.266232729 -4.896133 -1.046313 -0.025791 0.046689 0.066166 -0.565606 0.820690
1768846228.363104105 -4.886541 -1.063483 -0.035687 0.046621 0.065522 -0.565602 0.820748
1768846228.462995052 -4.882664 -1.086883 -0.039819 0.048388 0.069284 -0.565438 0.820450
1768846228.563094378 -4.877238 -1.109847 -0.051340 0.049231 0.070197 -0.565882 0.820016
1768846228.662958384 -4.871767 -1.128256 -0.049666 0.049173 0.070507 -0.565659 0.820147
1768846228.762944460 -4.863082 -1.139912 -0.035505 0.048344 0.067655 -0.565991 0.820207
1768846228.863063335 -4.860133 -1.159409 -0.035325 0.047635 0.068802 -0.565666 0.820378
1768846228.963001490 -4.850625 -1.178453 -0.031862 0.048916 0.065576 -0.565970 0.820356
1768846229.062988758 -4.841940 -1.196998 -0.026537 0.047893 0.068275 -0.570489 0.817060
1768846229.163052559 -4.836905 -1.214351 -0.019219 0.051088 0.064960 -0.586458 0.805753
1768846229.263453484 -4.834684 -1.230018 -0.022611 0.050537 0.070609 -0.603969 0.792263
1768846229.362968683 -4.826620 -1.248739 -0.016389 0.053712 0.067475 -0.625807 0.775195
1768846229.463059902 -4.831815 -1.262174 -0.008610 0.059321 0.065510 -0.653833 0.751460
1768846229.564800739 -4.828559 -1.275302 -0.019879 0.059059 0.062114 -0.678246 0.729819
1768846229.664468527 -4.814730 -1.299352 -0.046660 0.059767 0.062405 -0.685459 0.722966
1768846229.763210773 -4.825203 -1.314231 -0.035364 0.061987 0.062272 -0.685033 0.723194
1768846229.863747120 -4.831978 -1.330507 -0.024933 0.058431 0.062696 -0.684158 0.724281
1768846229.963084936 -4.830026 -1.348158 -0.019452 0.059728 0.062062 -0.688404 0.720195
1768846230.063086987 -4.832554 -1.366290 -0.012215 0.061524 0.063409 -0.694828 0.713729
1768846230.163116217 -4.831898 -1.387750 -0.016428 0.062399 0.067794 -0.710042 0.698106
1768846230.262956619 -4.827360 -1.409587 -0.042290 0.064210 0.060840 -0.726875 0.681049
1768846230.362968683 -4.826333 -1.424898 -0.047114 0.066732 0.056062 -0.744214 0.662230
1768846230.462983847 -4.826148 -1.439684 -0.057374 0.068802 0.053559 -0.765637 0.637337
1768846230.563067198 -4.833576 -1.451470 -0.056050 0.069366 0.050413 -0.790652 0.606231
1768846230.663152933 -4.835403 -1.461835 -0.051689 0.072877 0.049853 -0.814479 0.573436
1768846230.763071299 -4.841699 -1.466643 -0.039615 0.075784 0.047885 -0.840479 0.534378
1768846230.862941027 -4.851516 -1.475334 -0.041444 -0.078706 -0.043291 0.873388 -0.478669
1768846230.964650631 -4.855040 -1.490595 -0.060625 -0.079214 -0.042682 0.881613 -0.463316
1768846231.063076496 -4.871778 -1.508822 -0.074288 -0.079780 -0.044380 0.883213 -0.460001
1768846231.163051844 -4.883205 -1.527157 -0.078999 -0.079246 -0.044435 0.883454 -0.459624
1768846231.263033152 -4.898232 -1.537726 -0.077536 -0.079795 -0.044613 0.883629 -0.459175
1768846231.363101244 -4.906564 -1.547416 -0.042987 -0.079569 -0.045122 0.884147 -0.458166
1768846231.463087559 -4.911827 -1.562982 -0.037254 -0.080138 -0.042492 0.884202 -0.458212
1768846231.563078403 -4.920359 -1.579246 -0.032300 -0.079718 -0.043129 0.884344 -0.457952
1768846231.663090229 -4.931931 -1.595202 -0.027276 -0.082095 -0.042413 0.884270 -0.457742
1768846231.766516685 -4.945351 -1.611865 -0.027769 -0.081665 -0.043758 0.884144 -0.457936
1768846231.865391016 -4.958711 -1.627374 -0.036551 -0.079349 -0.042779 0.884781 -0.457205
1768846231.963081121 -4.967923 -1.640948 -0.029420 -0.080496 -0.040742 0.881229 -0.463999
1768846232.063224077 -4.980068 -1.657335 -0.036691 -0.081112 -0.040457 0.885314 -0.456074
1768846232.163130283 -4.994179 -1.670284 -0.034472 -0.081890 -0.040597 0.892317 -0.442059
1768846232.262983561 -5.007999 -1.685686 -0.044611 -0.082578 -0.041487 0.902182 -0.421339
1768846232.363187313 -5.024225 -1.698909 -0.052175 -0.082221 -0.039014 0.910134 -0.404194
1768846232.463216782 -5.038910 -1.715840 -0.055888 -0.085865 -0.041832 0.910190 -0.403027
1768846232.563030720 -5.053234 -1.729004 -0.057491 -0.083644 -0.040324 0.910692 -0.402515
1768846232.663130999 -5.064301 -1.743180 -0.041853 -0.083964 -0.038898 0.911202 -0.401432
1768846232.763715744 -5.077649 -1.761769 -0.033194 -0.083721 -0.038493 0.911556 -0.400718
1768846232.863163948 -5.090132 -1.776355 -0.029999 -0.083626 -0.038279 0.911378 -0.401163
1768846232.963204861 -5.106488 -1.792588 -0.055782 -0.085590 -0.040679 0.911256 -0.400789
1768846233.063144922 -5.119707 -1.804441 -0.059221 -0.081367 -0.041415 0.911453 -0.401146
1768846233.163388491 -5.134830 -1.819208 -0.066926 -0.084861 -0.042820 0.911365 -0.400474
1768846233.263170004 -5.147633 -1.834231 -0.066047 -0.084274 -0.039776 0.911417 -0.400794
1768846233.363108397 -5.162536 -1.850530 -0.078011 -0.084691 -0.039987 0.911680 -0.400085
1768846233.463187218 -5.176311 -1.862472 -0.075974 -0.081629 -0.040848 0.912099 -0.399680
1768846233.563772202 -5.185364 -1.872647 -0.047470 -0.082585 -0.039421 0.912228 -0.399332
1768846233.663657904 -5.200356 -1.887126 -0.058580 -0.081967 -0.041034 0.912453 -0.398783
1768846233.764564276 -5.214985 -1.904458 -0.061006 -0.082801 -0.040934 0.912143 -0.399329
1768846233.863684177 -5.227876 -1.917678 -0.054372 -0.082073 -0.041037 0.912382 -0.398922
1768846233.963078499 -5.239951 -1.931203 -0.050366 -0.082297 -0.042129 0.912171 -0.399245
1768846234.063244581 -5.255690 -1.947767 -0.059421 -0.083658 -0.040547 0.912013 -0.399487
1768846234.163247108 -5.268659 -1.962796 -0.049335 -0.082402 -0.042696 0.912255 -0.398970
1768846234.263094902 -5.281318 -1.974233 -0.038082 -0.081763 -0.042341 0.912184 -0.399302
1768846234.363169909 -5.297785 -1.986041 -0.033978 -0.082783 -0.043117 0.912411 -0.398490
1768846234.463091135 -5.312309 -2.000171 -0.019147 -0.083021 -0.043324 0.912684 -0.397792
1768846234.563302517 -5.323997 -2.014176 -0.034925 -0.081052 -0.040574 0.913232 -0.397229
1768846234.664116383 -5.338212 -2.028124 -0.043265 -0.081040 -0.039398 0.913308 -0.397175
1768846234.763262749 -5.350797 -2.041039 -0.038720 -0.083068 -0.041128 0.913481 -0.396183
1768846234.863301277 -5.368442 -2.057739 -0.045619 -0.083844 -0.040252 0.913459 -0.396159
1768846234.964792490 -5.385777 -2.069754 -0.046235 -0.081053 -0.037455 0.914079 -0.395584
1768846235.063552856 -5.396739 -2.082625 -0.039513 -0.083472 -0.041447 0.913737 -0.395473
1768846235.163163900 -5.410281 -2.094405 -0.031270 -0.083876 -0.041715 0.913400 -0.396138
1768846235.264888763 -5.425444 -2.111582 -0.040161 -0.085669 -0.041914 0.913555 -0.395374
1768846235.363236189 -5.440306 -2.130099 -0.061404 -0.086160 -0.038967 0.913531 -0.395625
1768846235.463821411 -5.450571 -2.146963 -0.072090 -0.086302 -0.038009 0.913800 -0.395065
1768846235.563333035 -5.460997 -2.155875 -0.053563 -0.082436 -0.040938 0.914313 -0.394410
1768846235.663291216 -5.474030 -2.169529 -0.047380 -0.082199 -0.042329 0.914381 -0.394155
1768846235.763321877 -5.488312 -2.186364 -0.042719 -0.080974 -0.042798 0.914729 -0.393552
1768846235.863277912 -5.503383 -2.201462 -0.041978 -0.081355 -0.043706 0.914591 -0.393694
1768846235.963313341 -5.514326 -2.216509 -0.042471 -0.083846 -0.043226 0.914412 -0.393639
1768846236.063011169 -5.526321 -2.229780 -0.054196 -0.083021 -0.043907 0.913816 -0.395121
1768846236.163321495 -5.535085 -2.239996 -0.032293 -0.083307 -0.041838 0.913698 -0.395557
1768846236.263177395 -5.547457 -2.253563 -0.043241 -0.085141 -0.042224 0.913553 -0.395461
1768846236.363219738 -5.563501 -2.265845 -0.062948 -0.085635 -0.042061 0.913626 -0.395201
1768846236.463235855 -5.577304 -2.278955 -0.071722 -0.085258 -0.043475 0.913728 -0.394896
1768846236.563315392 -5.592811 -2.294502 -0.077706 -0.087486 -0.043087 0.913770 -0.394352
1768846236.663278818 -5.602962 -2.313433 -0.071424 -0.084658 -0.041081 0.914134 -0.394340
1768846236.763221025 -5.617300 -2.319704 -0.064138 -0.084878 -0.041283 0.914255 -0.393992
1768846236.863186598 -5.630754 -2.334082 -0.065743 -0.084025 -0.040826 0.914460 -0.393745
1768846236.963284254 -5.644069 -2.347682 -0.066074 -0.085527 -0.041259 0.914400 -0.393516
1768846237.063540220 -5.655716 -2.361810 -0.066396 -0.084784 -0.040628 0.914653 -0.393156
1768846237.163241148 -5.669154 -2.372784 -0.058015 -0.084458 -0.041059 0.914686 -0.393104
1768846237.262940884 -5.683542 -2.388379 -0.069785 -0.087136 -0.040715 0.914126 -0.393857
1768846237.366470098 -5.697920 -2.404179 -0.069645 -0.086235 -0.041395 0.914811 -0.392390
1768846237.463346720 -5.712229 -2.417388 -0.064164 -0.084571 -0.039271 0.915523 -0.391310
1768846237.563957930 -5.727370 -2.430758 -0.059573 -0.085914 -0.040149 0.914668 -0.392925
1768846237.663268805 -5.742407 -2.444555 -0.055507 -0.086476 -0.038682 0.916683 -0.388223
1768846237.763244867 -5.761336 -2.458032 -0.059940 -0.085196 -0.040268 0.921780 -0.376087
1768846237.863933325 -5.774153 -2.470693 -0.049165 -0.086327 -0.035605 0.929068 -0.357928
1768846237.963537455 -5.791174 -2.481608 -0.067476 -0.087737 -0.037847 0.938050 -0.333065
1768846238.063907385 -5.806052 -2.489692 -0.068650 -0.087037 -0.032482 0.947280 -0.306642
1768846238.163377047 -5.822330 -2.497002 -0.052939 -0.088242 -0.029407 0.957163 -0.274203
1768846238.263373375 -5.839894 -2.506011 -0.059567 -0.090080 -0.029882 0.967524 -0.234286
1768846238.363246202 -5.843412 -2.514307 -0.048576 -0.091767 -0.023914 0.976843 -0.191792
1768846238.463347673 -5.851529 -2.511932 -0.046798 -0.091790 -0.021612 0.983642 -0.153481
1768846238.563548326 -5.872282 -2.517511 -0.052294 -0.093193 -0.020981 0.986324 -0.134316
1768846238.664783478 -5.888376 -2.524090 -0.060742 -0.093617 -0.022021 0.986295 -0.134065
1768846238.763446093 -5.903842 -2.527124 -0.054909 -0.091864 -0.021141 0.986403 -0.134621
1768846238.864526033 -5.921132 -2.531153 -0.060484 -0.091113 -0.020625 0.986533 -0.134257
1768846238.963703632 -5.941495 -2.535164 -0.075176 -0.094529 -0.021677 0.986259 -0.133746
1768846239.063292742 -5.960040 -2.541108 -0.089273 -0.093540 -0.020706 0.986382 -0.133690
1768846239.163357496 -5.975124 -2.545098 -0.083476 -0.090872 -0.022093 0.986629 -0.133485
1768846239.263767004 -5.998250 -2.548481 -0.076949 -0.096009 -0.019711 0.986014 -0.134793
1768846239.363285303 -6.016102 -2.547938 -0.071586 -0.094094 -0.020533 0.986857 -0.129758
1768846239.463338137 -6.036545 -2.552049 -0.046527 -0.095322 -0.018565 0.988228 -0.118216
1768846239.563722372 -6.056239 -2.557906 -0.045192 -0.091540 -0.017667 0.991014 -0.095913
1768846239.663249731 -6.073984 -2.559922 -0.058454 -0.092992 -0.017711 0.993047 -0.069972
1768846239.763422012 -6.089546 -2.560108 -0.081126 -0.091521 -0.014370 0.994883 -0.040311
1768846239.963449478 -6.114365 -2.551857 -0.106371 -0.090806 -0.006495 0.995149 0.037280
1768846240.063500404 -6.125853 -2.545220 -0.103443 -0.089112 -0.005491 0.992939 0.078113
1768846240.163367271 -6.142705 -2.549963 -0.075980 -0.089119 -0.004764 0.990369 0.105853
1768846240.363495827 -6.179815 -2.545103 -0.090409 -0.091104 -0.002325 0.989867 0.108898
1768846240.563678741 -6.207433 -2.539504 -0.081935 -0.091241 -0.002362 0.989753 0.109812
1768846240.663409233 -6.235800 -2.534123 -0.090180 -0.091154 -0.001703 0.990147 0.106287
1768846240.863301277 -6.277549 -2.518228 -0.106778 -0.091751 -0.003443 0.988139 0.123087
1768846240.963443518 -6.295161 -2.513779 -0.098327 -0.090117 -0.003007 0.985908 0.140906
1768846241.063319445 -6.312033 -2.507879 -0.109121 -0.090474 -0.001458 0.982476 0.162952
1768846241.163345337 -6.327513 -2.501701 -0.103659 -0.090086 0.002169 0.977487 0.190785
1768846241.263324738 -6.340415 -2.495072 -0.089729 -0.090531 0.002908 0.970816 0.222063
1768846241.363334417 -6.354732 -2.485381 -0.099665 -0.087646 0.006674 0.962296 0.257409
1768846241.463444471 -6.364075 -2.476755 -0.105002 -0.090839 0.007146 0.950142 0.298206
1768846241.563383341 -6.375500 -2.468447 -0.104882 -0.086364 0.012973 0.933425 0.347981
1768846241.663441181 -6.387684 -2.460545 -0.091273 -0.086936 0.017792 0.921175 0.378896
1768846241.763568401 -6.395238 -2.445767 -0.086036 -0.087148 0.017104 0.919885 0.382001
1768846241.863406897 -6.405411 -2.432061 -0.072093 -0.086413 0.017637 0.920035 0.381783
1768846241.963433981 -6.420667 -2.417125 -0.079743 -0.085598 0.016288 0.920280 0.381435
1768846242.065454721 -6.436771 -2.401460 -0.079525 -0.087958 0.017360 0.919766 0.382091
1768846242.163580179 -6.450601 -2.386899 -0.079306 -0.088985 0.018151 0.919574 0.382277
1768846242.264106274 -6.463444 -2.373921 -0.082248 -0.087346 0.017533 0.919519 0.382816
1768846242.363538027 -6.474081 -2.360250 -0.087685 -0.087259 0.017621 0.919362 0.383208
1768846242.463455915 -6.487970 -2.347526 -0.091158 -0.086429 0.017127 0.919145 0.383940
1768846242.564168930 -6.497709 -2.339803 -0.084543 -0.086450 0.016728 0.919141 0.383962
1768846242.663398743 -6.509754 -2.327275 -0.085232 -0.085694 0.016036 0.919042 0.384397
1768846242.763445616 -6.529426 -2.309410 -0.086474 -0.088497 0.016020 0.918802 0.384337
1768846242.862986326 -6.543413 -2.290902 -0.091488 -0.086895 0.014212 0.918740 0.384921
1768846242.963752747 -6.556427 -2.281594 -0.076971 -0.088057 0.015854 0.918802 0.384445
1768846243.063374043 -6.568455 -2.268361 -0.063080 -0.086854 0.016101 0.919111 0.383968
1768846243.165418863 -6.582477 -2.254508 -0.069423 -0.085564 0.013897 0.919211 0.384104
1768846243.263414383 -6.597355 -2.239566 -0.079566 -0.087135 0.014694 0.918944 0.384362
1768846243.361174583 -6.613841 -2.225490 -0.086779 -0.087457 0.013055 0.918575 0.385229
1768846243.463398933 -6.625916 -2.210146 -0.090705 -0.088458 0.015546 0.915516 0.392126
1768846243.563538313 -6.639840 -2.194071 -0.105097 -0.088738 0.013255 0.909572 0.405744
1768846243.763540745 -6.662081 -2.167084 -0.101796 -0.079551 0.022179 0.888692 0.451006
1768846243.963337183 -6.668108 -2.140962 -0.078475 -0.081601 0.022458 0.862133 0.499563
1768846244.062960863 -6.677524 -2.155479 -0.126926 -0.056531 0.025489 0.866318 0.495628
1768846244.163996935 -6.680500 -2.147569 -0.106644 -0.078827 0.026952 0.875587 0.475823
1768846244.262947321 -6.682196 -2.123969 -0.074147 -0.078628 0.019123 0.889213 0.450280
1768846244.363566160 -6.684856 -2.111489 -0.083804 -0.086892 0.017265 0.890061 0.447150
1768846244.463649273 -6.687351 -2.108431 -0.086297 -0.084629 0.018470 0.890134 0.447390
1768846244.565176487 -6.689373 -2.106505 -0.083249 -0.084133 0.018883 0.890192 0.447352
1768846244.663578749 -6.688359 -2.106400 -0.083301 -0.084522 0.018839 0.890267 0.447130
1768846244.763509274 -6.689381 -2.106148 -0.083194 -0.084414 0.018830 0.890274 0.447138
1768846244.863527536 -6.689074 -2.106509 -0.082911 -0.084327 0.018992 0.890274 0.447147
1768846244.963547230 -6.690082 -2.105326 -0.081199 -0.084508 0.018754 0.890219 0.447232
1768846245.064459801 -6.688214 -2.105600 -0.080323 -0.084398 0.018626 0.890325 0.447047
1768846245.163634062 -6.688591 -2.105277 -0.080434 -0.084434 0.018479 0.890274 0.447149
1768846245.264105797 -6.687844 -2.105723 -0.080030 -0.084453 0.018772 0.890117 0.447446
1768846245.563795090 -6.689451 -2.102901 -0.079344 -0.085365 0.019566 0.891009 0.445458
1768846245.763567686 -6.688846 -2.104853 -0.074892 -0.087812 0.017750 0.906485 0.412623
1768846245.865730762 -6.687763 -2.105206 -0.072766 -0.086964 0.013186 0.918053 0.386577
1768846245.963813543 -6.691843 -2.105960 -0.073600 -0.087466 0.010381 0.932024 0.351530
1768846246.063528299 -6.687127 -2.107439 -0.087768 -0.089482 0.007923 0.948907 0.302500
1768846246.163515568 -6.686026 -2.110931 -0.083266 -0.093260 0.002138 0.962392 0.255145
1768846246.263581753 -6.688731 -2.111825 -0.082745 -0.092397 0.003925 0.963255 0.252165
1768846246.363556147 -6.686709 -2.111213 -0.083057 -0.093148 0.003366 0.963218 0.252037
1768846246.466629267 -6.685962 -2.111019 -0.081563 -0.092803 0.003694 0.963275 0.251943
1768846246.563549995 -6.686031 -2.110971 -0.082706 -0.093158 0.003264 0.963243 0.251939
1768846246.663596869 -6.685589 -2.110798 -0.082096 -0.093009 0.003327 0.963258 0.251936
1768846246.766357899 -6.684434 -2.111406 -0.083155 -0.093304 0.003255 0.963264 0.251806
1768846246.863548994 -6.686328 -2.110750 -0.082258 -0.093106 0.003248 0.963214 0.252070
1768846246.963669300 -6.686945 -2.111748 -0.083789 -0.093051 0.003282 0.963215 0.252088
1768846247.064276934 -6.687460 -2.111489 -0.083705 -0.093204 0.003168 0.963245 0.251917
1768846247.165040970 -6.688246 -2.111344 -0.082724 -0.092854 0.003464 0.963247 0.252033
1768846247.263622761 -6.688654 -2.111206 -0.084172 -0.093282 0.003135 0.963225 0.251965
1768846247.364445210 -6.687598 -2.111460 -0.083646 -0.092973 0.003090 0.963274 0.251891
1768846247.463615894 -6.688513 -2.110994 -0.083454 -0.093023 0.003182 0.963256 0.251941
1768846247.565870762 -6.688438 -2.112209 -0.082843 -0.093113 0.003194 0.963309 0.251704
1768846247.662957668 -6.689098 -2.112591 -0.082567 -0.093189 0.003045 0.963301 0.251708
1768846247.763797760 -6.684661 -2.114575 -0.082737 -0.092769 0.003611 0.963358 0.251640
1768846247.863676786 -6.681723 -2.117666 -0.081842 -0.093322 0.004282 0.963433 0.251135
1768846247.961870432 -6.675124 -2.123094 -0.076008 -0.092838 0.005012 0.963507 0.251019
1768846248.063604593 -6.666331 -2.128393 -0.074477 -0.092929 0.004637 0.963644 0.250466
1768846248.163662910 -6.656214 -2.134383 -0.074055 -0.092911 0.004671 0.963720 0.250180
1768846248.263945341 -6.645076 -2.139439 -0.075630 -0.092655 0.004519 0.963672 0.250463
1768846248.362901926 -6.631338 -2.143976 -0.082299 -0.093607 0.003280 0.963599 0.250408
1768846248.463538170 -6.621796 -2.150904 -0.083553 -0.091899 0.003918 0.963689 0.250683
1768846248.563709021 -6.612078 -2.154832 -0.083226 -0.093184 0.003062 0.963654 0.250357
1768846248.663671970 -6.604935 -2.160499 -0.082290 -0.091875 0.003248 0.963439 0.251661
1768846248.762585402 -6.603995 -2.163302 -0.080875 -0.091950 0.002944 0.963575 0.251118
1768846248.963115215 -6.599345 -2.164229 -0.081318 -0.092509 0.002662 0.963740 0.250279
1768846249.063563585 -6.597981 -2.164366 -0.081074 -0.092155 0.002730 0.963751 0.250368
1768846249.263824224 -6.598438 -2.163700 -0.080593 -0.092127 0.002742 0.963733 0.250448
1768846249.363756418 -6.597797 -2.164386 -0.081040 -0.092372 0.002698 0.963730 0.250367
1768846249.463731289 -6.596846 -2.164175 -0.081689 -0.092357 0.002506 0.963739 0.250342
1768846249.563697815 -6.603700 -2.162531 -0.086575 -0.090998 0.000973 0.964200 0.249071
1768846249.665716648 -6.626400 -2.154534 -0.094375 -0.091251 0.001055 0.964810 0.246606
1768846249.763729811 -6.644298 -2.144457 -0.094096 -0.093002 0.002392 0.964735 0.246232
1768846249.863738298 -6.644288 -2.141703 -0.093349 -0.092859 0.003819 0.964447 0.247397
1768846249.963915110 -6.638744 -2.144679 -0.088378 -0.092075 0.003691 0.964489 0.247529
1768846250.063665628 -6.636811 -2.143969 -0.085515 -0.092750 0.003472 0.964461 0.247389
1768846250.163655043 -6.636153 -2.144117 -0.083839 -0.092438 0.003637 0.964494 0.247375
1768846250.263627291 -6.635796 -2.144341 -0.082830 -0.092610 0.003823 0.964434 0.247540
1768846250.363781691 -6.636397 -2.143938 -0.082642 -0.092618 0.003724 0.964467 0.247408
1768846250.463748932 -6.635889 -2.144270 -0.083597 -0.092806 0.002904 0.964748 0.246253
1768846250.561583519 -6.636353 -2.144577 -0.084446 -0.092932 0.002822 0.964721 0.246311
1768846250.663785696 -6.634424 -2.144082 -0.082296 -0.092857 0.003256 0.963873 0.249631
1768846250.763195992 -6.633556 -2.142848 -0.080858 -0.092353 0.002629 0.960789 0.261436
1768846250.863918781 -6.633038 -2.145658 -0.079193 -0.092710 0.003149 0.956431 0.276830
1768846250.964041233 -6.630365 -2.146637 -0.080082 -0.091228 0.005887 0.946521 0.309420
1768846251.063669443 -6.630396 -2.143887 -0.084578 -0.088891 0.009405 0.932909 0.348841
1768846251.164023161 -6.631826 -2.140911 -0.088268 -0.085731 0.013986 0.914126 0.396015
1768846251.263781071 -6.635576 -2.142245 -0.078391 -0.086768 0.017233 0.887537 0.452164
1768846251.365045547 -6.629624 -2.138878 -0.082989 -0.084562 0.021775 0.855225 0.510848
1768846251.463725567 -6.630414 -2.133410 -0.082158 -0.076811 0.029701 0.805566 0.586755
1768846251.563854694 -6.628607 -2.134435 -0.082213 -0.072028 0.034778 0.767914 0.635540
1768846251.663816214 -6.628002 -2.133852 -0.081546 -0.071823 0.035255 0.762891 0.641557
1768846251.763814211 -6.628297 -2.134871 -0.080719 -0.071876 0.035642 0.762788 0.641653
1768846251.864497662 -6.628408 -2.135823 -0.080646 -0.071771 0.035810 0.762677 0.641786
1768846251.963838100 -6.628305 -2.136792 -0.080780 -0.072006 0.035832 0.762605 0.641845
1768846252.062100887 -6.627509 -2.139752 -0.081647 -0.072033 0.035422 0.762359 0.642157
1768846252.163835526 -6.627636 -2.135963 -0.081421 -0.069570 0.033505 0.762871 0.641923
1768846252.263815641 -6.634029 -2.121508 -0.079968 -0.071054 0.034807 0.761591 0.643210
1768846252.464482069 -6.643161 -2.092418 -0.070514 -0.069346 0.035033 0.761281 0.643751
1768846252.563847542 -6.645271 -2.067871 -0.071223 -0.069523 0.035502 0.761357 0.643616
1768846252.663849831 -6.647438 -2.048330 -0.070629 -0.068655 0.035125 0.761654 0.643379
1768846252.763791323 -6.648987 -2.026982 -0.073525 -0.067792 0.035036 0.761625 0.643509
1768846252.863802671 -6.646834 -1.999083 -0.079560 -0.067535 0.035183 0.761309 0.643902
1768846252.964163065 -6.654572 -1.978533 -0.084472 -0.070163 0.036131 0.761171 0.643732
1768846253.363867283 -6.667284 -1.897946 -0.105946 -0.068314 0.035240 0.760137 0.645200
1768846253.464005709 -6.668038 -1.885665 -0.084095 -0.070275 0.037273 0.758981 0.646235
1768846253.564980030 -6.670817 -1.860253 -0.078273 -0.070695 0.036769 0.759063 0.646122
1768846253.663908958 -6.669968 -1.841792 -0.079838 -0.067612 0.034974 0.761398 0.643800
1768846253.764549494 -6.675092 -1.825176 -0.085838 -0.066960 0.034991 0.760914 0.644440
1768846253.863870859 -6.676985 -1.804406 -0.092067 -0.063657 0.035209 0.758552 0.647539
1768846253.964736938 -6.678845 -1.784871 -0.097124 -0.064268 0.036887 0.748407 0.659087
1768846254.065671444 -6.680937 -1.772183 -0.093936 -0.063654 0.041127 0.733443 0.675513
1768846254.164071083 -6.677218 -1.751619 -0.105480 -0.066675 0.040026 0.713883 0.695934
1768846254.263908148 -6.674961 -1.734439 -0.106383 -0.064858 0.042511 0.691855 0.717860
1768846254.363936901 -6.674679 -1.721941 -0.095067 -0.058988 0.047359 0.667630 0.740640
1768846254.463923216 -6.671720 -1.707866 -0.082726 -0.061156 0.048674 0.640041 0.764355
1768846254.562894821 -6.670275 -1.694045 -0.081687 -0.059179 0.052508 0.608335 0.789727
1768846254.666454315 -6.657035 -1.686017 -0.087408 -0.056701 0.054620 0.577352 0.812691
1768846254.764153481 -6.650510 -1.680517 -0.076537 -0.047601 0.058693 0.538629 0.839147
1768846254.863771200 -6.648267 -1.673306 -0.063740 -0.041233 0.058543 0.487645 0.870100
1768846254.963961124 -6.638102 -1.660901 -0.083092 -0.042873 0.063963 0.437774 0.895782
1768846255.063932419 -6.629627 -1.657212 -0.083951 -0.039010 0.066290 0.393380 0.916153
1768846255.164113045 -6.619768 -1.650164 -0.085303 -0.034178 0.069060 0.339343 0.937501
1768846255.364035130 -6.599865 -1.644941 -0.096263 -0.025034 0.072070 0.238239 0.968205
1768846255.463011265 -6.595338 -1.641343 -0.085149 -0.013536 0.068239 0.185015 0.980270
1768846255.763896465 -6.556584 -1.632775 -0.075660 -0.009118 0.072860 0.100039 0.992270
1768846255.863899946 -6.542313 -1.627920 -0.076599 -0.007651 0.071697 0.098592 0.992512
1768846255.963924646 -6.524404 -1.624346 -0.070122 -0.008576 0.072328 0.096898 0.992626
1768846256.063902617 -6.504623 -1.622026 -0.055686 -0.006266 0.072541 0.098296 0.992490
1768846256.163995504 -6.486342 -1.619718 -0.054129 -0.007911 0.077056 0.098668 0.992101
1768846256.263871670 -6.462175 -1.614841 -0.071586 -0.009723 0.075111 0.098960 0.992205
1768846256.363888264 -6.444925 -1.611591 -0.070614 -0.005310 0.072454 0.087646 0.993499
1768846256.463397026 -6.423417 -1.609806 -0.083334 -0.005437 0.072191 0.070905 0.994852
1768846256.564072847 -6.406058 -1.610961 -0.077928 -0.004318 0.074009 0.040594 0.996422
1768846256.665888071 -6.386234 -1.611644 -0.065687 -0.001530 0.074678 0.012705 0.997126
1768846256.763849020 -6.372180 -1.610565 -0.062357 -0.001810 0.075031 0.001405 0.997179
1768846256.864073277 -6.351365 -1.608931 -0.068614 -0.000504 0.077163 -0.000065 0.997018
1768846256.964918852 -6.332470 -1.611027 -0.071185 -0.000191 0.076761 0.000836 0.997049
1768846257.064130068 -6.316074 -1.613783 -0.060863 -0.001415 0.077189 0.000731 0.997015
1768846257.163961887 -6.298450 -1.616069 -0.060478 -0.001891 0.076076 0.003293 0.997095
1768846257.263880014 -6.280981 -1.615168 -0.055871 -0.001697 0.076334 0.003534 0.997075
1768846257.463941813 -6.242123 -1.615847 -0.056693 -0.000894 0.077373 -0.005385 0.996987
1768846257.663861275 -6.197459 -1.616943 -0.063602 0.004773 0.077952 -0.037907 0.996225
1768846257.764004707 -6.180506 -1.620066 -0.062331 0.005395 0.077679 -0.063336 0.994950
1768846257.863923311 -6.163573 -1.623349 -0.057862 0.005510 0.077313 -0.067360 0.994714
1768846257.964148760 -6.144958 -1.627820 -0.061422 0.007344 0.077096 -0.068470 0.994643
1768846258.064008474 -6.124584 -1.631969 -0.061943 0.006138 0.078114 -0.067555 0.994634
1768846258.164011478 -6.106055 -1.634141 -0.057645 0.006742 0.077566 -0.068255 0.994625
1768846258.263930321 -6.087744 -1.639296 -0.058700 0.006129 0.076670 -0.069240 0.994631
1768846258.364027023 -6.066518 -1.645038 -0.067770 0.007914 0.076262 -0.069662 0.994620
1768846258.464259386 -6.048772 -1.647507 -0.060741 0.005483 0.076722 -0.070683 0.994529
1768846258.562782764 -6.029066 -1.647389 -0.050170 0.005229 0.076976 -0.071641 0.994442
1768846258.663985014 -6.011924 -1.650711 -0.038573 0.004091 0.076628 -0.072035 0.994446
1768846258.762668610 -5.993646 -1.650598 -0.048018 0.005658 0.075409 -0.071765 0.994551
1768846258.864158154 -5.973890 -1.654411 -0.042807 0.004794 0.074632 -0.072199 0.994582
1768846258.964699984 -5.952137 -1.659430 -0.046402 0.005256 0.073666 -0.072058 0.994662
1768846259.064116478 -5.932271 -1.662346 -0.049248 0.008035 0.075825 -0.071770 0.994502
1768846259.164717436 -5.912846 -1.667104 -0.053495 0.005215 0.074526 -0.072679 0.994553
1768846259.263912916 -5.894781 -1.669130 -0.050920 0.005259 0.075783 -0.071769 0.994524
1768846259.364103079 -5.875014 -1.672348 -0.053133 0.005746 0.074259 -0.072632 0.994574
1768846259.462888002 -5.859657 -1.672831 -0.045425 0.007180 0.075951 -0.072402 0.994454
1768846259.562772036 -5.840610 -1.675107 -0.043926 0.009101 0.076454 -0.072708 0.994377
1768846259.664054871 -5.812937 -1.681240 -0.058838 0.009884 0.075858 -0.073394 0.994365
1768846259.764114380 -5.791722 -1.685739 -0.062046 0.009145 0.075451 -0.073353 0.994406
1768846259.863781929 -5.772525 -1.688435 -0.061408 0.009242 0.075931 -0.073332 0.994370
1768846259.966124058 -5.748563 -1.690919 -0.061699 0.005326 0.076481 -0.073971 0.994309
1768846260.064059019 -5.729566 -1.694272 -0.060645 0.003385 0.076761 -0.073430 0.994336
1768846260.164949417 -5.714179 -1.695832 -0.055248 0.004365 0.076154 -0.072215 0.994468
1768846260.263994694 -5.702862 -1.699630 -0.046509 0.004930 0.077561 -0.072493 0.994336
1768846260.364061117 -5.681229 -1.703070 -0.051345 0.006463 0.076685 -0.072722 0.994379
1768846260.464033604 -5.663721 -1.706561 -0.047259 0.007121 0.077917 -0.073569 0.994216
1768846260.564026594 -5.644667 -1.708594 -0.044619 0.006915 0.077211 -0.073833 0.994253
1768846260.666989565 -5.621725 -1.712054 -0.048513 0.006237 0.080929 -0.074441 0.993917
1768846260.764168739 -5.597610 -1.715629 -0.057716 0.005316 0.080539 -0.074881 0.993921
1768846260.864100456 -5.582986 -1.717975 -0.052188 0.006942 0.077026 -0.078083 0.993943
1768846261.065469027 -5.550420 -1.720888 -0.001869 0.008767 0.077944 -0.073081 0.994237
1768846261.164514780 -5.526899 -1.727347 -0.020646 0.004171 0.079734 -0.061256 0.994923
1768846261.264045477 -5.505304 -1.727137 -0.044469 0.001814 0.077141 -0.040817 0.996183
1768846261.364688396 -5.487326 -1.728812 -0.051546 0.001224 0.078116 -0.016818 0.996802
1768846261.464271069 -5.472839 -1.729611 -0.061681 -0.001188 0.078474 0.011156 0.996853
1768846261.564075232 -5.461306 -1.723262 -0.064939 -0.005802 0.076906 0.046439 0.995939
1768846261.664008379 -5.449043 -1.726118 -0.057656 -0.008918 0.077427 0.082457 0.993542
1768846261.764173746 -5.440151 -1.721776 -0.057641 -0.012598 0.077975 0.128303 0.988585
1768846261.864041090 -5.434326 -1.715589 -0.064137 -0.018072 0.076605 0.177661 0.980939
1768846261.964594603 -5.416879 -1.711858 -0.050173 -0.021446 0.074953 0.204494 0.975758
1768846262.064084053 -5.395861 -1.703858 -0.046410 -0.019473 0.073222 0.205449 0.975730
1768846262.364205360 -5.331400 -1.680275 -0.041699 -0.019529 0.074380 0.203360 0.976079
1768846262.464099407 -5.317754 -1.674636 -0.043086 -0.019190 0.074368 0.209970 0.974686
1768846262.564641237 -5.305339 -1.664164 -0.050005 -0.021065 0.073831 0.224170 0.971521
1768846262.664144516 -5.288921 -1.656278 -0.047930 -0.021529 0.072604 0.241952 0.967329
1768846262.764225960 -5.269317 -1.649573 -0.054719 -0.022585 0.074154 0.266335 0.960759
1768846262.864520311 -5.257585 -1.640555 -0.064231 -0.025222 0.074504 0.298222 0.951250
1768846262.964185238 -5.248981 -1.631677 -0.059573 -0.028610 0.073258 0.332023 0.939987
1768846263.064154625 -5.239467 -1.623353 -0.055039 -0.032601 0.069235 0.370789 0.925559
1768846263.164178848 -5.231620 -1.617042 -0.057093 -0.036036 0.070325 0.417357 0.905300
1768846263.264086485 -5.227305 -1.608251 -0.052274 -0.041719 0.064809 0.459321 0.884920
1768846263.364174128 -5.219499 -1.592542 -0.055589 -0.042850 0.064705 0.471888 0.878236
1768846263.464065313 -5.204321 -1.572945 -0.056233 -0.043793 0.064893 0.472446 0.877876
1768846263.662806749 -5.184407 -1.539134 -0.054375 -0.044184 0.064566 0.473128 0.877513
1768846263.762757063 -5.174440 -1.525015 -0.051125 -0.044162 0.064576 0.473232 0.877457
1768846263.862947464 -5.164546 -1.509379 -0.048159 -0.043484 0.063294 0.473449 0.877467
1768846263.964178085 -5.153235 -1.498156 -0.051492 -0.041723 0.062589 0.473623 0.877509
1768846264.064197779 -5.143775 -1.479906 -0.058749 -0.041557 0.065191 0.473444 0.877425
1768846264.162956953 -5.137086 -1.464659 -0.062282 -0.041334 0.065532 0.473672 0.877287
1768846264.264230728 -5.128215 -1.448678 -0.058625 -0.043099 0.065375 0.473549 0.877280
1768846264.364126682 -5.113279 -1.431728 -0.050549 -0.044198 0.065090 0.473455 0.877297
1768846264.464153767 -5.103478 -1.415583 -0.051847 -0.044857 0.065334 0.473483 0.877230
1768846264.664278269 -5.087373 -1.383116 -0.034961 -0.042825 0.064176 0.474317 0.876967
1768846264.764264107 -5.072931 -1.367510 -0.041389 -0.045230 0.065492 0.473652 0.877108
1768846264.864262342 -5.064068 -1.350569 -0.039453 -0.045576 0.066013 0.474003 0.876862
1768846264.964185238 -5.053864 -1.335869 -0.034059 -0.043274 0.066506 0.473804 0.877048
1768846265.064486980 -5.038893 -1.321539 -0.043773 -0.039207 0.066115 0.473481 0.877444
1768846265.161893368 -5.028528 -1.310718 -0.045692 -0.039526 0.062627 0.469554 0.879792
1768846265.264190674 -5.023295 -1.292239 -0.035839 -0.039229 0.062070 0.470835 0.879160
1768846265.366179705 -5.013651 -1.277187 -0.034768 -0.042513 0.062953 0.478498 0.874797
1768846265.464200497 -5.005393 -1.260688 -0.041358 -0.045426 0.062726 0.491471 0.867443
1768846265.563319206 -5.000597 -1.246180 -0.041720 -0.045994 0.060662 0.505537 0.859440
1768846265.664225817 -4.991806 -1.232176 -0.036670 -0.047814 0.059579 0.529251 0.845019
1768846265.764189243 -4.986331 -1.217525 -0.037002 -0.050423 0.057824 0.556327 0.827414
1768846265.864581823 -4.981882 -1.206172 -0.032456 -0.053565 0.056904 0.586477 0.806187
1768846265.964233160 -4.977556 -1.195265 -0.015464 -0.057738 0.055542 0.620509 0.780096
1768846266.062773943 -4.972699 -1.178198 -0.007761 -0.058622 0.054030 0.638808 0.765225
1768846266.164220333 -4.969152 -1.156592 -0.012512 -0.058061 0.055653 0.639846 0.764284
1768846266.265594244 -4.962040 -1.136762 -0.030937 -0.059602 0.054360 0.639325 0.764693
1768846266.364269495 -4.959367 -1.118074 -0.034481 -0.059322 0.054158 0.639696 0.764420
1768846266.463180304 -4.953544 -1.099879 -0.036625 -0.059714 0.052698 0.639449 0.764697
1768846266.564281225 -4.951566 -1.083526 -0.031122 -0.060461 0.053089 0.640039 0.764118
1768846266.664240599 -4.946255 -1.066580 -0.034330 -0.057015 0.053853 0.640152 0.764235
1768846266.762802839 -4.942623 -1.047504 -0.036743 -0.057560 0.054072 0.640515 0.763874
1768846266.864388943 -4.943047 -1.022076 -0.035061 -0.059213 0.052611 0.640664 0.763725
1768846266.964220762 -4.936702 -0.999605 -0.035547 -0.059484 0.053578 0.640544 0.763737
1768846267.064284325 -4.934460 -0.979790 -0.034209 -0.059597 0.053493 0.640500 0.763772
1768846267.163140535 -4.924921 -0.962996 -0.036792 -0.059029 0.055453 0.640233 0.763900
1768846267.262893200 -4.919773 -0.947902 -0.039795 -0.059011 0.057043 0.639711 0.764221
1768846267.364258051 -4.920450 -0.928455 -0.037779 -0.059128 0.057367 0.639139 0.764666
1768846267.462893248 -4.919818 -0.908566 -0.047981 -0.060632 0.057324 0.639009 0.764660
1768846267.663248539 -4.909739 -0.874317 -0.043598 -0.058974 0.058994 0.638680 0.764937
1768846267.866052628 -4.909568 -0.836370 -0.055678 -0.059587 0.060294 0.638679 0.764789
1768846267.964239120 -4.899430 -0.818230 -0.049785 -0.061978 0.058636 0.638335 0.765016
1768846268.064447165 -4.896016 -0.800565 -0.044692 -0.060152 0.061432 0.638163 0.765086
1768846268.163347960 -4.892598 -0.784695 -0.043267 -0.060281 0.059818 0.638358 0.765040
1768846268.264477015 -4.888627 -0.766556 -0.042518 -0.059572 0.060562 0.638041 0.765302
1768846268.364430904 -4.881799 -0.747685 -0.042274 -0.061088 0.062045 0.637470 0.765539
1768846268.465299845 -4.876237 -0.726619 -0.039738 -0.062102 0.061121 0.636728 0.766149
1768846268.563041449 -4.869002 -0.707117 -0.038671 -0.060406 0.062476 0.636802 0.766115
1768846268.663181782 -4.866481 -0.685227 -0.049787 -0.061372 0.063101 0.637326 0.765550
1768846268.763112307 -4.859185 -0.666066 -0.043666 -0.060746 0.063759 0.637607 0.765312
1768846268.864840269 -4.856645 -0.646853 -0.043316 -0.061039 0.061836 0.637728 0.765346
1768846268.962887764 -4.856012 -0.628215 -0.046734 -0.060218 0.063590 0.637903 0.765121
1768846269.063666344 -4.851864 -0.608328 -0.050563 -0.060687 0.063250 0.637703 0.765279
1768846269.163019419 -4.848509 -0.588878 -0.050628 -0.060139 0.063489 0.637539 0.765439
1768846269.264437675 -4.847079 -0.570429 -0.049982 -0.060500 0.061338 0.636968 0.766061
1768846269.364358664 -4.838154 -0.554219 -0.038239 -0.062348 0.059878 0.635739 0.767049
1768846269.464319944 -4.836740 -0.536206 -0.031384 -0.061485 0.060378 0.635435 0.767331
1768846269.563430548 -4.829829 -0.517980 -0.031236 -0.061712 0.059822 0.635270 0.767493
1768846269.664369822 -4.826906 -0.497986 -0.032259 -0.060609 0.060147 0.635706 0.767194
1768846269.764313936 -4.828677 -0.475118 -0.050045 -0.061992 0.058341 0.636278 0.766749
1768846269.864446640 -4.827735 -0.453558 -0.059818 -0.060673 0.059823 0.636495 0.766560
1768846269.964463949 -4.820148 -0.436263 -0.059372 -0.062118 0.059490 0.636160 0.766748
1768846270.062780857 -4.816960 -0.416684 -0.070887 -0.063377 0.058064 0.635843 0.767017
1768846270.163723946 -4.813103 -0.397904 -0.061355 -0.059183 0.059574 0.636163 0.766972
1768846270.364433765 -4.809943 -0.364637 -0.006993 -0.059008 0.061139 0.638102 0.765249
1768846270.463546276 -4.804576 -0.344604 -0.014988 -0.059549 0.060160 0.636445 0.766663
1768846270.562865019 -4.795919 -0.325256 -0.036935 -0.062517 0.059649 0.630202 0.771608
1768846270.663826704 -4.789728 -0.303110 -0.067092 -0.059305 0.060528 0.617938 0.781647
1768846270.765111923 -4.782407 -0.286896 -0.060934 -0.060101 0.063022 0.602203 0.793579
1768846270.863064766 -4.776450 -0.271361 -0.093379 -0.061087 0.063894 0.581672 0.808606
1768846270.964343309 -4.769820 -0.255456 -0.094258 -0.057561 0.065295 0.555318 0.827070
1768846271.164448023 -4.761136 -0.237412 -0.039711 -0.050443 0.069379 0.487692 0.868791
1768846271.264532328 -4.751984 -0.226270 -0.035057 -0.045068 0.070362 0.448235 0.890002
1768846271.363526106 -4.742049 -0.216652 -0.051410 -0.044678 0.073435 0.403808 0.910796
1768846271.462856293 -4.731669 -0.208582 -0.051595 -0.037796 0.075304 0.355985 0.930685
1768846271.563813448 -4.715965 -0.198141 -0.053698 -0.037412 0.076158 0.349067 0.933248
1768846271.663801908 -4.701152 -0.186149 -0.054234 -0.037953 0.077360 0.348473 0.933350
1768846271.763098478 -4.688772 -0.173493 -0.051069 -0.041278 0.076672 0.348384 0.933299
1768846271.864969730 -4.675943 -0.160220 -0.050394 -0.040248 0.077180 0.348203 0.933369
1768846271.964454412 -4.661658 -0.146028 -0.055005 -0.038614 0.077935 0.348255 0.933356
1768846272.064536572 -4.647637 -0.134291 -0.058756 -0.039503 0.078323 0.347679 0.933501
1768846272.163712263 -4.637183 -0.122025 -0.055516 -0.040977 0.075278 0.346841 0.934000
1768846272.263362646 -4.628266 -0.112299 -0.049209 -0.041367 0.074853 0.346268 0.934229
1768846272.364481211 -4.613474 -0.100134 -0.048721 -0.041175 0.074673 0.345701 0.934462
1768846272.464399576 -4.598287 -0.085937 -0.047729 -0.042323 0.077303 0.344679 0.934574
1768846272.563611031 -4.586639 -0.073622 -0.046758 -0.041867 0.077187 0.345045 0.934469
1768846272.664460897 -4.570708 -0.060349 -0.046876 -0.041607 0.076598 0.345213 0.934467
1768846272.762853146 -4.556161 -0.048625 -0.044079 -0.041231 0.075629 0.345021 0.934634
1768846272.863108635 -4.543398 -0.035203 -0.042088 -0.040706 0.075446 0.344522 0.934856
1768846272.964507103 -4.525613 -0.020318 -0.046346 -0.040046 0.076236 0.344251 0.934920
1768846273.062958717 -4.508080 -0.011967 -0.050477 -0.037882 0.075889 0.344047 0.935114
1768846273.162845612 -4.496683 -0.000765 -0.047258 -0.040316 0.076283 0.343767 0.935083
1768846273.265893459 -4.482048 0.017292 -0.034923 -0.040082 0.074794 0.342266 0.935763
1768846273.364503384 -4.465047 0.025923 -0.033145 -0.040051 0.074591 0.341918 0.935908
1768846273.464411974 -4.449898 0.034131 -0.041062 -0.038870 0.073120 0.341753 0.936134
1768846273.563171625 -4.433955 0.048082 -0.040480 -0.038382 0.072602 0.341661 0.936228
1768846273.664482355 -4.418950 0.060282 -0.040753 -0.038618 0.072468 0.341693 0.936217
1768846273.763445854 -4.403982 0.073754 -0.040471 -0.038413 0.071829 0.341488 0.936350
1768846273.864584923 -4.388272 0.086634 -0.039968 -0.038253 0.072488 0.341132 0.936435
1768846273.964687109 -4.373796 0.100996 -0.043148 -0.039549 0.073704 0.343151 0.935549
1768846274.064425945 -4.358519 0.112506 -0.048895 -0.037729 0.071410 0.343103 0.935819
1768846274.162974119 -4.343337 0.123348 -0.044961 -0.040626 0.073055 0.335903 0.938180
1768846274.262804747 -4.325713 0.132946 -0.028035 -0.038599 0.074219 0.321422 0.943234
1768846274.362999201 -4.307999 0.141807 -0.023186 -0.037411 0.073958 0.303440 0.949239
1768846274.463446379 -4.293572 0.154311 -0.031619 -0.036299 0.074653 0.279949 0.956419
1768846274.563107252 -4.277518 0.159710 -0.036857 -0.034078 0.074942 0.249360 0.964905
1768846274.663041353 -4.264576 0.164321 -0.039395 -0.028201 0.074991 0.214228 0.973492
1768846274.763315678 -4.250287 0.140857 -0.054374 -0.018872 0.079218 0.154401 0.984646
1768846274.864505768 -4.232647 0.155987 -0.061524 -0.013752 0.079267 0.113752 0.990246
1768846274.962950230 -4.221425 0.172695 -0.065194 -0.010795 0.079509 0.078986 0.993641
1768846275.063243866 -4.209522 0.184426 -0.056288 -0.013721 0.079384 0.071400 0.994189
1768846275.164518833 -4.191849 0.184134 -0.055405 -0.017226 0.078398 0.070116 0.994304
1768846275.263080597 -4.174945 0.186521 -0.062054 -0.015409 0.078722 0.070071 0.994312
1768846275.464741468 -4.138755 0.191172 -0.055178 -0.016653 0.079481 0.071010 0.994164
1768846275.564507008 -4.119908 0.190469 -0.064215 -0.018891 0.079137 0.069916 0.994230
1768846275.662967205 -4.098497 0.190099 -0.068874 -0.012580 0.078693 0.058074 0.995126
1768846275.763057232 -4.079879 0.189832 -0.046351 -0.007611 0.077982 0.035151 0.996306
1768846275.865332365 -4.062160 0.193329 -0.045371 -0.008401 0.077651 0.015833 0.996819
1768846276.063284874 -4.020293 0.195905 -0.076586 -0.010217 0.078873 0.005863 0.996815
1768846276.164731026 -3.998858 0.195572 -0.076921 -0.011538 0.078659 0.004652 0.996824
1768846276.262963295 -3.981813 0.196158 -0.075122 -0.009829 0.078965 0.004468 0.996819
1768846276.363274574 -3.960686 0.196089 -0.072748 -0.010047 0.078276 0.004523 0.996871
1768846276.463864326 -3.944720 0.195806 -0.051723 -0.005378 0.076435 0.003985 0.997052
1768846276.563392162 -3.925242 0.189808 -0.043597 -0.006450 0.077246 0.003272 0.996986
1768846276.664554596 -3.902566 0.193174 -0.052143 -0.007139 0.076778 0.003532 0.997016
1768846276.763489723 -3.881612 0.195854 -0.055400 -0.005882 0.076377 0.003748 0.997055
1768846276.863332510 -3.862644 0.193151 -0.048277 -0.001822 0.075442 0.001935 0.997147
1768846276.962927580 -3.843145 0.192699 -0.045620 -0.005425 0.076523 0.001439 0.997052
1768846277.063391685 -3.822931 0.195437 -0.046707 -0.003498 0.075936 0.000543 0.997106
1768846277.162760973 -3.802187 0.195436 -0.053359 -0.003113 0.075373 -0.000209 0.997151
1768846277.262861967 -3.784464 0.195545 -0.053726 -0.003121 0.074145 -0.001460 0.997242
1768846277.363416672 -3.766796 0.196551 -0.051073 -0.002274 0.073829 -0.001377 0.997267
1768846277.463365078 -3.747466 0.196420 -0.050765 -0.002384 0.073805 -0.001307 0.997269
1768846277.563007116 -3.730145 0.193783 -0.048310 -0.002400 0.074162 -0.000941 0.997243
1768846277.662987947 -3.713298 0.190537 -0.038733 -0.002266 0.073551 0.001077 0.997288
1768846277.763581038 -3.689390 0.181877 -0.039229 -0.002537 0.075378 0.016077 0.997022
1768846277.863357544 -3.674298 0.186829 -0.041342 -0.002940 0.075325 0.017378 0.997003
1768846277.964019537 -3.655090 0.187423 -0.034526 -0.002639 0.075362 0.017512 0.996999
1768846278.062933922 -3.636218 0.182383 -0.030507 -0.002435 0.075353 0.017659 0.996998
1768846278.163317204 -3.615183 0.184485 -0.037977 -0.004714 0.075161 0.017080 0.997014
1768846278.263691902 -3.595111 0.185589 -0.032859 -0.004886 0.074332 0.016805 0.997080
1768846278.363710642 -3.575374 0.182969 -0.023623 -0.004396 0.075725 0.016490 0.996983
1768846278.463505983 -3.555182 0.185885 -0.021711 -0.005452 0.075034 0.017169 0.997018
1768846278.563393831 -3.535685 0.186211 -0.026374 -0.003324 0.077233 0.018022 0.996845
1768846278.663291216 -3.516192 0.188239 -0.033672 -0.003346 0.074888 0.018709 0.997011
1768846278.763786077 -3.498197 0.192043 -0.041534 -0.004402 0.074842 0.018996 0.997005
1768846278.864885807 -3.478374 0.193037 -0.040144 -0.005314 0.075495 0.018364 0.996963
1768846278.962957859 -3.455604 0.186698 -0.022137 -0.006238 0.075879 0.017611 0.996942
1768846279.062826872 -3.438291 0.187855 -0.027681 -0.006524 0.075869 0.017204 0.996948
1768846279.165241241 -3.420187 0.188074 -0.017092 -0.002865 0.075378 0.017777 0.996992
1768846279.263397694 -3.400952 0.183580 -0.011094 -0.006347 0.076741 0.016775 0.996890
1768846279.363294840 -3.382380 0.179861 -0.013068 -0.005879 0.076547 0.017373 0.996897
1768846279.463481426 -3.361037 0.186507 -0.022754 -0.008858 0.077041 0.018289 0.996821
1768846279.563112259 -3.339639 0.185915 -0.020557 -0.009187 0.076443 0.018816 0.996854
1768846279.662910461 -3.321254 0.182600 -0.015323 -0.007358 0.077022 0.019044 0.996820
1768846279.763769388 -3.302103 0.181017 -0.015953 -0.005690 0.076465 0.018907 0.996877
1768846279.863525152 -3.282824 0.185213 -0.021562 -0.004074 0.078741 0.020106 0.996684
1768846279.963848114 -3.264755 0.183896 -0.014521 -0.003423 0.076135 0.018322 0.996923
1768846280.063409805 -3.244915 0.185627 -0.011087 -0.008147 0.073591 0.020588 0.997043
1768846280.163208008 -3.230258 0.195046 -0.004491 -0.005430 0.079757 0.030602 0.996330
1768846280.365291834 -3.183474 0.203714 -0.028192 -0.009503 0.078794 0.062137 0.994907
1768846280.463489294 -3.164335 0.201131 -0.022266 -0.009753 0.077602 0.064008 0.994880
1768846280.563457966 -3.146790 0.200503 -0.010362 -0.010249 0.076939 0.064831 0.994873
1768846280.663004160 -3.130121 0.203229 -0.019837 -0.008994 0.073918 0.065792 0.995051
1768846280.763393164 -3.109411 0.203382 -0.033255 -0.011882 0.075103 0.065207 0.994971
1768846280.862816334 -3.090747 0.205828 -0.042098 -0.009306 0.075610 0.066167 0.994896
1768846280.963684320 -3.074781 0.210129 -0.040889 -0.009799 0.075149 0.066045 0.994935
1768846281.063537121 -3.054181 0.212248 -0.041627 -0.010594 0.074315 0.065625 0.995017
1768846281.162886620 -3.035070 0.213401 -0.036389 -0.009872 0.076439 0.065730 0.994856
1768846281.262553930 -3.012536 0.213478 -0.026020 -0.010744 0.076220 0.065407 0.994885
1768846281.363441706 -2.993823 0.217700 -0.019868 -0.008532 0.075680 0.065538 0.994939
1768846281.563450575 -2.954555 0.220694 -0.011572 -0.009773 0.073307 0.065832 0.995086
1768846281.663068295 -2.933194 0.223546 -0.014585 -0.010555 0.078614 0.066725 0.994614
1768846281.762981653 -2.916922 0.224751 -0.012225 -0.009154 0.075794 0.066629 0.994853
1768846281.864769697 -2.900427 0.224478 -0.009591 -0.011430 0.076754 0.066150 0.994788
1768846281.963326216 -2.885192 0.226190 -0.007899 -0.010188 0.075696 0.066533 0.994857
1768846282.063616514 -2.864933 0.230670 -0.018948 -0.011354 0.075044 0.066683 0.994883
1768846282.163554907 -2.846577 0.232062 -0.018296 -0.010863 0.075535 0.066580 0.994859
1768846282.263491869 -2.830534 0.234763 -0.013181 -0.010650 0.077281 0.066435 0.994736
1768846282.363185167 -2.813389 0.238856 -0.009824 -0.010247 0.077427 0.066576 0.994720
1768846282.463798046 -2.789045 0.240944 -0.016503 -0.010701 0.077684 0.066876 0.994675
1768846282.563659906 -2.766818 0.242821 -0.021494 -0.011050 0.077566 0.067305 0.994651
1768846282.662835598 -2.745169 0.244785 -0.021372 -0.012073 0.080265 0.068394 0.994351
1768846282.765590668 -2.724867 0.246524 -0.030737 -0.012135 0.078053 0.068472 0.994521
1768846282.863635540 -2.707428 0.249533 -0.031247 -0.011556 0.078049 0.068722 0.994511
1768846282.963664293 -2.688184 0.252943 -0.022826 -0.012251 0.077755 0.068977 0.994508
1768846283.063862085 -2.665625 0.254289 -0.034646 -0.011423 0.079240 0.069413 0.994370
1768846283.164842844 -2.647738 0.254900 -0.015538 -0.012249 0.080134 0.069313 0.994296
1768846283.263587236 -2.627438 0.259340 -0.024964 -0.011076 0.080900 0.066120 0.994465
1768846283.364433289 -2.600892 0.263316 -0.039460 -0.012231 0.081070 0.076290 0.993709
1768846283.464807272 -2.580162 0.264662 -0.022829 -0.014042 0.079700 0.096308 0.992056
1768846283.563614845 -2.572564 0.272661 -0.008797 -0.016571 0.077893 0.123117 0.989192
1768846283.663112640 -2.556144 0.275973 -0.022561 -0.016471 0.077855 0.128508 0.988511
1768846283.763976336 -2.537213 0.280382 -0.022659 -0.016942 0.078336 0.129390 0.988350
1768846283.865682364 -2.512095 0.286046 -0.031295 -0.020447 0.077431 0.129891 0.988289
1768846283.963154078 -2.500397 0.293042 -0.026366 -0.016685 0.078518 0.130669 0.988171
1768846284.063931227 -2.483334 0.297215 -0.023237 -0.019582 0.078219 0.130193 0.988205
1768846284.163632631 -2.462377 0.303277 -0.025298 -0.016120 0.078995 0.131189 0.988074
1768846284.263755322 -2.446532 0.304161 -0.016882 -0.017631 0.079532 0.131264 0.987995
1768846284.363684893 -2.426442 0.304047 -0.002416 -0.017378 0.077968 0.131690 0.988067
1768846284.463176727 -2.406295 0.310302 -0.005339 -0.017612 0.078344 0.132241 0.987960
1768846284.563565254 -2.388194 0.313893 -0.001599 -0.016569 0.078196 0.132189 0.987996
1768846284.663581133 -2.370084 0.321028 -0.008705 -0.016749 0.078081 0.132445 0.987968
1768846284.763163090 -2.350457 0.322990 0.004235 -0.016627 0.078486 0.132573 0.987921
1768846284.863348961 -2.332215 0.325472 0.008951 -0.016851 0.078429 0.132860 0.987883
1768846284.963644743 -2.312370 0.330908 0.010287 -0.016639 0.078787 0.132729 0.987876
1768846285.165645361 -2.272433 0.341118 0.008151 -0.017680 0.077920 0.133031 0.987886
1768846285.263347626 -2.255656 0.349016 0.013529 -0.016942 0.078319 0.133034 0.987867
1768846285.365210056 -2.237167 0.354539 0.004298 -0.018254 0.079707 0.133300 0.987697
1768846285.463123560 -2.215731 0.363703 -0.023283 -0.020824 0.082771 0.133597 0.987354
1768846285.564527750 -2.194314 0.363034 -0.031131 -0.021642 0.082911 0.134226 0.987239
1768846285.662696600 -2.174954 0.367476 -0.015037 -0.019950 0.079688 0.134264 0.987535
1768846285.763477087 -2.155157 0.371447 -0.011571 -0.021892 0.081416 0.134225 0.987358
1768846285.862826347 -2.137602 0.378286 -0.015774 -0.018179 0.082062 0.135328 0.987229
1768846285.963861704 -2.116150 0.382675 0.006028 -0.017893 0.080825 0.134454 0.987456
1768846286.163661003 -2.084280 0.393178 -0.001162 -0.016737 0.079913 0.134079 0.987601
1768846286.363490343 -2.053218 0.404179 -0.010077 -0.017046 0.079478 0.134246 0.987608
1768846286.463650465 -2.030509 0.408886 -0.013177 -0.017775 0.079937 0.137159 0.987158
1768846286.563589811 -2.013312 0.411197 -0.014961 -0.017719 0.079426 0.137044 0.987217
1768846286.663408279 -1.993692 0.414869 -0.018212 -0.020535 0.081984 0.131923 0.987650
1768846286.763659477 -1.972625 0.420320 -0.021034 -0.017175 0.080204 0.115595 0.989904
1768846286.863327503 -1.953894 0.423470 -0.019549 -0.015353 0.080820 0.095127 0.992060
1768846286.963505745 -1.935550 0.428135 -0.015963 -0.015119 0.080749 0.089505 0.992593
1768846287.063668013 -1.918863 0.431878 -0.007126 -0.014610 0.080798 0.089233 0.992621
1768846287.162782431 -1.901753 0.433713 -0.002572 -0.014601 0.080880 0.089622 0.992579
1768846287.263307571 -1.883511 0.434234 -0.011274 -0.015023 0.079821 0.089455 0.992673
1768846287.363852501 -1.864804 0.439553 -0.006638 -0.014621 0.080622 0.089191 0.992639
1768846287.463150978 -1.838563 0.444954 -0.011950 -0.015305 0.082232 0.089780 0.992443
1768846287.563260078 -1.825311 0.445455 -0.023385 -0.014465 0.080928 0.089183 0.992617
1768846287.663198471 -1.806653 0.441805 -0.018179 -0.014471 0.080693 0.089175 0.992636
1768846287.763180733 -1.783669 0.444142 -0.020065 -0.015181 0.080549 0.089832 0.992578
1768846287.863314867 -1.761871 0.445945 -0.020717 -0.014345 0.080436 0.090254 0.992562
1768846287.963876486 -1.742921 0.449156 -0.019794 -0.014472 0.080424 0.090883 0.992503
1768846288.061564684 -1.723984 0.456378 -0.015527 -0.014661 0.080440 0.091605 0.992433
1768846288.162839890 -1.706182 0.462233 -0.016326 -0.014342 0.078701 0.091191 0.992615
1768846288.262797117 -1.689117 0.466745 -0.010806 -0.014289 0.078351 0.091617 0.992604
1768846288.363837957 -1.667166 0.465578 -0.020547 -0.014587 0.077487 0.092727 0.992565
1768846288.463241577 -1.648377 0.469720 -0.022184 -0.014006 0.077064 0.091461 0.992723
1768846288.563749313 -1.626024 0.471801 -0.026913 -0.016517 0.076273 0.087897 0.993068
1768846288.663179398 -1.606136 0.476470 -0.027630 -0.014544 0.079887 0.073911 0.993954
1768846288.762828112 -1.588326 0.478625 -0.021959 -0.010715 0.079375 0.054589 0.995291
1768846288.862759590 -1.571808 0.479605 -0.013453 -0.010732 0.080126 0.029571 0.996288
1768846288.963492870 -1.553698 0.477601 -0.010115 -0.007844 0.078523 -0.006888 0.996858
1768846289.062833071 -1.538113 0.474247 -0.010362 -0.005843 0.077152 -0.022800 0.996741
1768846289.162779093 -1.522510 0.475618 0.006055 -0.006080 0.081427 -0.023271 0.996389
1768846289.263057470 -1.500238 0.476673 0.004319 -0.006195 0.082205 -0.023715 0.996314
1768846289.362790585 -1.480974 0.479100 -0.005060 -0.003506 0.080244 -0.024229 0.996475
1768846289.462880135 -1.463384 0.475325 -0.002547 -0.006763 0.077416 -0.023885 0.996690
1768846289.562706232 -1.444299 0.473423 -0.010159 -0.006020 0.077604 -0.024821 0.996657
1768846289.662896156 -1.424319 0.473722 -0.008263 -0.006143 0.078252 -0.025764 0.996582
1768846289.762797117 -1.408507 0.471483 -0.005680 -0.006148 0.077955 -0.025664 0.996608
1768846289.863344431 -1.388500 0.469822 -0.005779 -0.006323 0.078008 -0.025862 0.996597
1768846289.963047504 -1.370072 0.469009 -0.006066 -0.005947 0.077927 -0.025259 0.996621
1768846290.062860250 -1.348649 0.467277 -0.011103 -0.006437 0.077865 -0.025152 0.996626
1768846290.163329840 -1.329004 0.465795 -0.015904 -0.005638 0.078773 -0.025133 0.996560
1768846290.262969971 -1.307224 0.465105 -0.014652 -0.005615 0.079487 -0.025488 0.996494
1768846290.362952232 -1.291265 0.464884 -0.008707 -0.005353 0.080772 -0.025650 0.996388
1768846290.462881565 -1.266248 0.459173 -0.021096 -0.003289 0.078177 -0.025198 0.996616
1768846290.562924385 -1.246340 0.455192 -0.022552 -0.006941 0.079091 -0.025940 0.996506
1768846290.662796497 -1.226374 0.455998 -0.015003 -0.004357 0.082166 -0.026732 0.996251
1768846290.762808084 -1.209353 0.454965 0.005274 -0.004908 0.080873 -0.027572 0.996331
1768846290.962813377 -1.167359 0.451463 -0.002087 -0.006631 0.083656 -0.027137 0.996103
1768846291.063247204 -1.145877 0.449397 -0.013715 -0.005725 0.084935 -0.026103 0.996028
1768846291.162904024 -1.125500 0.446609 -0.015414 -0.006131 0.084412 -0.026266 0.996066
1768846291.364396811 -1.085782 0.445698 -0.013937 -0.004690 0.078347 -0.026389 0.996566
1768846291.462927103 -1.074301 0.445260 -0.015806 -0.005329 0.079520 -0.026798 0.996459
1768846291.562991381 -1.053921 0.444258 -0.009397 -0.004226 0.079897 -0.027050 0.996427
1768846291.662828207 -1.036219 0.446047 -0.018243 -0.003957 0.080032 -0.027560 0.996403
1768846291.763242006 -1.015829 0.444307 -0.020813 -0.004094 0.079797 -0.028038 0.996408
1768846291.862924576 -0.996964 0.442757 -0.009653 -0.003834 0.080015 -0.028253 0.996386
1768846291.962817192 -0.975030 0.439278 -0.009288 -0.004434 0.081310 -0.028204 0.996280
1768846292.063921452 -0.947563 0.436525 -0.017063 -0.004160 0.083455 -0.028334 0.996100
1768846292.162890673 -0.926989 0.433542 -0.027136 -0.005286 0.081060 -0.028227 0.996295
1768846292.263116121 -0.911392 0.432320 -0.026518 -0.005366 0.080581 -0.027824 0.996345
1768846292.363639116 -0.895423 0.431948 -0.016872 -0.004407 0.080353 -0.027800 0.996369
1768846292.463005543 -0.872826 0.430163 -0.011513 -0.005229 0.082378 -0.027678 0.996203
1768846292.563590050 -0.851259 0.428237 -0.006172 -0.006082 0.080280 -0.023517 0.996476
1768846292.662830591 -0.836470 0.428502 0.003093 -0.005934 0.080445 -0.034636 0.996139
1768846292.762855530 -0.818501 0.426989 0.003332 -0.004336 0.080365 -0.055090 0.995233
1768846292.863002777 -0.806344 0.425688 -0.012503 0.004207 0.082152 -0.092085 0.992348
1768846292.963979721 -0.773781 0.412296 -0.023352 0.003245 0.082336 -0.104059 0.991152
1768846293.062902927 -0.753005 0.406580 -0.022682 0.004504 0.082370 -0.106087 0.990929
1768846293.163096666 -0.735120 0.402002 -0.019838 0.002701 0.081851 -0.106424 0.990942
1768846293.263528109 -0.718636 0.404591 -0.006419 0.000768 0.080777 -0.106827 0.990991
1768846293.362938881 -0.697527 0.397310 0.003079 -0.001365 0.080737 -0.107117 0.990962
1768846293.462892294 -0.681734 0.394861 0.006794 0.003740 0.080429 -0.106820 0.991013
1768846293.562900543 -0.665909 0.390038 0.000133 0.004141 0.082616 -0.107009 0.990811
1768846293.661789894 -0.648225 0.385728 -0.001175 0.003905 0.082529 -0.107698 0.990745
1768846293.761406422 -0.631047 0.380165 0.010895 0.001116 0.080924 -0.108668 0.990778
1768846293.862981319 -0.613064 0.374833 0.014388 0.000765 0.081462 -0.109489 0.990644
1768846293.963155746 -0.591990 0.370083 0.005529 0.002879 0.081794 -0.109670 0.990593
1768846294.062986851 -0.571291 0.364778 -0.006258 0.003957 0.081763 -0.109710 0.990587
1768846294.163182974 -0.553374 0.356051 0.000074 0.000788 0.080150 -0.110331 0.990658
1768846294.266143799 -0.533173 0.352101 0.006422 0.000803 0.080320 -0.110440 0.990632
1768846294.363006353 -0.513952 0.348612 0.008282 -0.001456 0.080734 -0.109929 0.990654
1768846294.462986946 -0.494249 0.347256 0.002010 0.004161 0.082551 -0.109734 0.990518
1768846294.564958811 -0.475768 0.340528 0.001442 -0.001275 0.079742 -0.109814 0.990747
1768846294.663278341 -0.459607 0.338445 0.012814 -0.001059 0.079474 -0.109541 0.990799
1768846294.762900114 -0.441450 0.335140 0.017977 0.000783 0.082155 -0.106877 0.990872
1768846294.863481998 -0.421031 0.331018 -0.003104 0.000609 0.083881 -0.118039 0.989460
1768846294.966444731 -0.399985 0.324844 -0.012861 0.003175 0.081219 -0.141118 0.986650
1768846295.062906504 -0.384736 0.317480 0.004302 0.003549 0.080662 -0.163653 0.983208
1768846295.163024426 -0.370340 0.311113 -0.002646 0.010760 0.074808 -0.193478 0.978189
1768846295.263066769 -0.359449 0.304693 0.002701 0.011860 0.077048 -0.228850 0.970335
1768846295.362917662 -0.347569 0.297694 0.002625 0.014814 0.078105 -0.264692 0.961051
1768846295.462918520 -0.331371 0.287464 -0.006691 0.016384 0.077446 -0.274262 0.958391
1768846295.563078165 -0.315574 0.278793 -0.005951 0.016015 0.075150 -0.275289 0.958286
1768846295.663857222 -0.299379 0.267018 -0.001890 0.015451 0.074803 -0.275330 0.958311
1768846295.764482498 -0.284942 0.258782 0.006541 0.015311 0.074056 -0.275402 0.958350
1768846295.863043070 -0.266734 0.247684 -0.005769 0.017217 0.078205 -0.274798 0.958162
1768846295.962962389 -0.250074 0.234263 0.013356 0.016364 0.078700 -0.275471 0.957943
1768846296.063221216 -0.234334 0.222744 0.013580 0.016406 0.078123 -0.275585 0.957957
1768846296.162970066 -0.217377 0.212211 0.013461 0.016334 0.078244 -0.276281 0.957747
1768846296.263257027 -0.200961 0.200666 0.012048 0.015847 0.076882 -0.276597 0.957775
1768846296.363043785 -0.186333 0.191882 0.010642 0.015752 0.073712 -0.277000 0.957909
1768846296.462975502 -0.170841 0.183685 0.000903 0.015779 0.073396 -0.276911 0.957959
1768846296.563093901 -0.154374 0.173672 -0.005156 0.016103 0.073162 -0.276946 0.957961
1768846296.663010120 -0.137411 0.162447 -0.000804 0.016597 0.076537 -0.277905 0.957411
1768846296.863523245 -0.100340 0.138190 0.009807 0.017290 0.076464 -0.278258 0.957302
1768846296.966451645 -0.085087 0.126650 0.005700 0.017122 0.075305 -0.277964 0.957482
1768846297.063135147 -0.069396 0.114303 0.003113 0.017324 0.076483 -0.278238 0.957305
1768846297.163251162 -0.057231 0.102945 -0.002532 0.017017 0.073933 -0.278417 0.957459
1768846297.263208628 -0.043097 0.090877 -0.009989 0.016808 0.074124 -0.278626 0.957387
1768846297.363028526 -0.027414 0.080164 -0.009429 0.017140 0.074494 -0.278953 0.957258
1768846297.463058233 -0.010877 0.069977 -0.009764 0.017462 0.074796 -0.278819 0.957267
1768846297.563136816 0.006027 0.059376 -0.007331 0.017625 0.075077 -0.279159 0.957143
1768846297.664544821 0.022685 0.053367 0.009413 0.018224 0.075965 -0.279258 0.957033
1768846297.766829014 0.049471 0.035032 -0.009854 0.017828 0.076768 -0.278476 0.957204
1768846297.863134146 0.060450 0.027715 -0.012388 0.016865 0.074806 -0.279599 0.957050
1768846297.963797808 0.069584 0.021549 0.004356 0.017405 0.074517 -0.280465 0.956809
1768846298.063159704 0.084370 0.011730 0.006358 0.017876 0.074198 -0.280310 0.956870
1768846298.163012981 0.102451 -0.000457 0.003734 0.018365 0.075072 -0.280334 0.956786
1768846298.263153076 0.118057 -0.011014 0.011316 0.019378 0.074881 -0.280439 0.956750
1768846298.363963127 0.136355 -0.023109 0.006739 0.019304 0.075218 -0.280517 0.956702
1768846298.463182449 0.152112 -0.033186 0.010442 0.020704 0.076177 -0.280805 0.956513
1768846298.563494444 0.167387 -0.042811 0.013634 0.019150 0.074131 -0.281277 0.956567
1768846298.663041592 0.185420 -0.055775 0.000352 0.019642 0.074519 -0.281292 0.956523
1768846298.763163328 0.203870 -0.069449 -0.005831 0.020083 0.074234 -0.281237 0.956552
1768846298.865251064 0.224447 -0.082674 -0.012432 0.019540 0.074109 -0.280775 0.956709
1768846298.963046312 0.241234 -0.092380 -0.017335 0.022074 0.076362 -0.281218 0.956346
1768846299.063469648 0.255479 -0.101721 -0.005935 0.020508 0.073941 -0.281337 0.956536
1768846299.163228035 0.272558 -0.112867 -0.010119 0.022416 0.077316 -0.281099 0.956296
1768846299.263665199 0.286460 -0.122942 -0.005911 0.021335 0.073339 -0.282114 0.956336
1768846299.364441395 0.297906 -0.128760 0.008481 0.021316 0.073351 -0.281742 0.956445
1768846299.463228703 0.313705 -0.141152 0.006008 0.021558 0.075515 -0.281795 0.956255
1768846299.663218260 0.346179 -0.164148 0.025111 0.021526 0.075005 -0.282697 0.956030
1768846299.763119936 0.362538 -0.172879 0.017537 0.020106 0.072226 -0.282002 0.956480
1768846299.863221169 0.380803 -0.185323 0.001905 0.022193 0.072151 -0.284316 0.955754
1768846299.963220835 0.401813 -0.201669 -0.007734 0.025010 0.075213 -0.290137 0.953697
1768846300.063231707 0.415122 -0.213524 -0.013455 0.024676 0.075074 -0.278378 0.957215
1768846300.163091660 0.430590 -0.222167 -0.013868 0.022963 0.075371 -0.259040 0.962647
1768846300.363173485 0.459523 -0.235445 -0.015748 0.015628 0.074426 -0.211097 0.974502
1768846300.463207006 0.474010 -0.234271 -0.004220 0.014516 0.075800 -0.170886 0.982263
1768846300.563723326 0.484203 -0.236555 -0.023933 0.009229 0.077564 -0.122091 0.989440
1768846300.663366795 0.502828 -0.245639 -0.006883 0.004679 0.076460 -0.084594 0.993467
1768846300.763103247 0.515000 -0.248220 -0.003797 0.002464 0.076515 -0.063565 0.995037
1768846300.863483191 0.536940 -0.250244 0.005731 0.002508 0.075424 -0.059465 0.995374
1768846300.963202000 0.557935 -0.252985 0.008004 0.000325 0.076835 -0.058935 0.995300
1768846301.063362598 0.574440 -0.254452 0.005871 -0.000720 0.075187 -0.059222 0.995409
1768846301.162545204 0.589684 -0.255707 0.019720 -0.000667 0.074717 -0.059203 0.995446
1768846301.262439966 0.611095 -0.256733 0.022674 -0.000235 0.076133 -0.060460 0.995263
1768846301.365306616 0.627653 -0.258279 0.026822 -0.000162 0.076032 -0.060501 0.995268
1768846301.462789774 0.645586 -0.262479 0.021215 0.000864 0.073394 -0.061194 0.995423
1768846301.563286781 0.663065 -0.270788 0.008264 0.000372 0.072669 -0.060801 0.995501
1768846301.663435221 0.685166 -0.273875 0.007153 0.002730 0.074804 -0.058206 0.995494
1768846301.763653517 0.706294 -0.277192 0.008685 -0.000292 0.076129 -0.049973 0.995845
1768846301.863265753 0.726403 -0.278966 0.015899 0.000099 0.076986 -0.044732 0.996028
1768846301.963182211 0.745791 -0.283665 0.013726 -0.000199 0.076843 -0.044096 0.996068
1768846302.063279629 0.767575 -0.281717 0.016806 0.000265 0.076722 -0.043166 0.996118
1768846302.164731741 0.788691 -0.283951 0.017257 0.000993 0.076841 -0.042756 0.996126
1768846302.262527704 0.807042 -0.285572 0.019927 0.000717 0.076978 -0.042217 0.996138
1768846302.363285780 0.824826 -0.286376 0.017380 0.000203 0.073909 -0.044003 0.996294
1768846302.463226557 0.843040 -0.288501 0.014356 0.000457 0.074131 -0.043206 0.996312
1768846302.563473463 0.860096 -0.288934 0.014905 -0.000141 0.073576 -0.043095 0.996358
1768846302.663178444 0.875791 -0.290950 0.019297 0.000332 0.074092 -0.043090 0.996320
1768846302.763168335 0.898904 -0.294954 0.016745 -0.001650 0.073404 -0.042114 0.996411
1768846302.863298893 0.916430 -0.295571 0.009658 -0.001922 0.073484 -0.041473 0.996432
1768846302.963327885 0.938926 -0.300088 0.009000 -0.002208 0.075304 -0.041135 0.996309
1768846303.063282967 0.959012 -0.302134 0.009668 -0.001084 0.074643 -0.039834 0.996414
1768846303.163348675 0.976095 -0.300514 0.011153 -0.000530 0.075124 -0.039182 0.996404
1768846303.263275862 0.991833 -0.301427 0.017711 -0.001126 0.076459 -0.039625 0.996284
1768846303.363343000 1.015370 -0.304361 0.013965 -0.003261 0.073955 -0.040293 0.996442
1768846303.462921858 1.036187 -0.306343 0.014784 -0.000788 0.074419 -0.040277 0.996413
1768846303.561648130 1.053467 -0.308298 0.018535 -0.000955 0.079167 -0.038902 0.996102
1768846303.762884140 1.054394 -0.310098 0.017288 -0.001581 0.075865 -0.039509 0.996334
1768846303.863116026 1.055172 -0.311207 0.018065 -0.001418 0.076032 -0.039597 0.996318
1768846303.963124275 1.053717 -0.311286 0.016475 -0.002039 0.077158 -0.039297 0.996242
1768846304.063482046 1.050749 -0.311011 0.016869 -0.002347 0.076666 -0.039432 0.996274
1768846304.163721085 1.044131 -0.309595 0.016302 -0.001579 0.075768 -0.039679 0.996334
1768846304.263273478 1.041110 -0.309459 0.018746 -0.002124 0.074413 -0.039565 0.996440
1768846304.363222599 1.032270 -0.309045 0.018587 -0.002104 0.074551 -0.039727 0.996423
1768846304.463338137 1.021901 -0.307304 0.018300 -0.001842 0.074349 -0.039716 0.996439
1768846304.563458920 1.008834 -0.306010 0.018308 -0.001720 0.074468 -0.039284 0.996448
1768846304.663246870 0.994093 -0.305736 0.015076 -0.000414 0.076492 -0.039595 0.996284
1768846304.763369560 0.980455 -0.303993 -0.006663 0.000153 0.077300 -0.039358 0.996231
1768846304.863270998 0.960026 -0.301151 0.006141 -0.002014 0.078963 -0.039372 0.996098
1768846304.963266134 0.939821 -0.298516 0.036518 -0.002228 0.078266 -0.039209 0.996159
1768846305.063322306 0.921763 -0.296720 0.040641 -0.000831 0.076024 -0.039518 0.996322
1768846305.163311481 0.899890 -0.294168 0.015495 -0.001108 0.075955 -0.041004 0.996267
1768846305.263671875 0.874001 -0.290209 0.008934 0.001519 0.072981 -0.040344 0.996516
1768846305.365532875 0.849009 -0.289515 -0.018273 0.003093 0.075163 -0.041483 0.996303
1768846305.463412762 0.821257 -0.286596 -0.004579 0.002535 0.076689 -0.041940 0.996169
1768846305.563487768 0.796561 -0.283390 0.002189 0.001010 0.075942 -0.042883 0.996189
1768846305.663323164 0.773695 -0.279243 0.007047 0.000720 0.075408 -0.043165 0.996218
1768846305.763306856 0.750305 -0.273574 -0.005185 0.001657 0.076796 -0.045136 0.996023
1768846305.863337517 0.731439 -0.267688 -0.026440 0.001786 0.077188 -0.045651 0.995969
1768846305.963291168 0.705263 -0.263305 -0.024613 0.002489 0.077257 -0.045659 0.995962
1768846306.063286781 0.675935 -0.264966 -0.006292 0.000341 0.075062 -0.046254 0.996105
1768846306.163280964 0.649720 -0.264355 -0.018258 0.003296 0.075246 -0.046743 0.996063
1768846306.363470793 0.604854 -0.255174 -0.010468 -0.001871 0.076434 -0.050632 0.995786
1768846306.463478804 0.577252 -0.253066 0.011195 0.000045 0.075837 -0.049161 0.995908
1768846306.564194441 0.545073 -0.254093 -0.000319 0.001728 0.074463 -0.050710 0.995932
1768846306.663405180 0.518148 -0.251005 0.005140 -0.000238 0.075707 -0.049613 0.995895
1768846306.763337374 0.499800 -0.245746 0.009204 -0.002610 0.075927 -0.052626 0.995720
1768846306.863431454 0.477367 -0.240668 0.014804 -0.001994 0.076513 -0.052764 0.995670
1768846306.963510275 0.443993 -0.238648 0.018536 0.000412 0.077647 -0.049693 0.995742
1768846307.064810276 0.415861 -0.236711 0.013916 -0.000530 0.077736 -0.053056 0.995561
1768846307.163380861 0.394832 -0.233451 -0.009597 0.000337 0.076214 -0.053896 0.995634
1768846307.263481855 0.370133 -0.229518 -0.002743 -0.001612 0.078334 -0.054337 0.995444
1768846307.363600016 0.349381 -0.222841 0.014258 -0.000911 0.077391 -0.055297 0.995466
1768846307.462405443 0.325139 -0.219011 0.016604 -0.000852 0.078175 -0.055044 0.995419
1768846307.563409328 0.299906 -0.217066 0.017347 0.000866 0.077497 -0.053718 0.995544
1768846307.663352966 0.260248 -0.218550 0.005984 0.000209 0.079128 -0.053608 0.995422
1768846307.763514280 0.234201 -0.213667 0.010734 0.000571 0.079241 -0.054504 0.995364
1768846307.863567352 0.212559 -0.212878 -0.004490 0.000405 0.078818 -0.054621 0.995391
1768846307.963559389 0.188737 -0.206194 0.014202 0.001077 0.081019 -0.055895 0.995143
1768846308.063502789 0.163566 -0.202711 0.026259 -0.001425 0.081968 -0.056941 0.995006
1768846308.164389849 0.141988 -0.197995 0.051748 -0.001256 0.082524 -0.057096 0.994951
1768846308.263493776 0.117818 -0.194751 0.049561 -0.001892 0.082529 -0.056524 0.994983
1768846308.363396883 0.089007 -0.192393 0.036541 -0.000317 0.081821 -0.055181 0.995118
1768846308.463459969 0.059852 -0.190720 0.001637 0.003748 0.080660 -0.055240 0.995203
1768846308.564285994 0.035297 -0.190862 -0.028919 0.004267 0.080732 -0.055476 0.995182
1768846308.664039135 0.011211 -0.186357 -0.020687 0.003463 0.081126 -0.055551 0.995149
1768846308.763565063 -0.004701 -0.182609 -0.014601 -0.000823 0.079880 -0.057398 0.995150
1768846308.859437943 -0.005996 -0.182160 -0.012488 0.000522 0.082114 -0.057247 0.994977
1768846308.963656187 -0.007280 -0.180935 -0.001386 -0.000097 0.081790 -0.057098 0.995013
1768846309.064085960 -0.007842 -0.181730 -0.005441 -0.000133 0.081894 -0.057070 0.995006
1768846309.163486719 -0.008094 -0.182061 -0.004711 -0.000046 0.081980 -0.057269 0.994987
1768846309.263509512 -0.008993 -0.181065 0.000497 -0.000134 0.081816 -0.056995 0.995016
1768846309.363461256 -0.008641 -0.181628 -0.002353 -0.000072 0.082025 -0.057064 0.994995
1768846309.464817762 -0.007901 -0.181261 -0.002706 0.000093 0.081989 -0.057291 0.994985
1768846309.563450813 -0.008502 -0.181554 -0.002975 -0.000032 0.081944 -0.057196 0.994994
1768846309.662987709 -0.008791 -0.181533 -0.002883 0.000008 0.081992 -0.057253 0.994987
1768846309.763453722 -0.008339 -0.181613 -0.003099 -0.000020 0.081959 -0.057197 0.994993
1768846309.863498688 -0.008878 -0.181320 0.000317 0.000063 0.081932 -0.057352 0.994986
1768846309.963405371 -0.008975 -0.180956 0.000411 -0.000110 0.081903 -0.057403 0.994986
1768846310.063543558 -0.009138 -0.180524 0.000765 -0.000028 0.081936 -0.057534 0.994976
1768846310.164453268 -0.009231 -0.180334 0.000756 -0.000043 0.081802 -0.057412 0.994994
1768846310.264560699 -0.009251 -0.179930 -0.000037 -0.000040 0.081967 -0.057665 0.994965
1768846310.363550663 -0.009852 -0.180050 -0.000255 -0.000218 0.081777 -0.057602 0.994985
1768846310.463389874 -0.009239 -0.180270 -0.000231 -0.000157 0.081750 -0.057797 0.994976
1768846310.563539267 -0.009821 -0.179021 0.000026 -0.000002 0.081882 -0.057615 0.994975
1768846310.664588928 -0.009078 -0.179952 -0.000195 -0.000151 0.081829 -0.057735 0.994973
1768846310.763756514 -0.009260 -0.180229 -0.000456 -0.000050 0.081863 -0.057551 0.994981
1768846310.863673687 -0.008950 -0.180949 0.000029 -0.000038 0.081877 -0.057543 0.994980
1768846310.963636637 -0.009792 -0.180437 -0.000376 -0.000076 0.081862 -0.057349 0.994992
1768846311.062747955 -0.008460 -0.180761 -0.000223 -0.000170 0.081854 -0.057433 0.994988
1768846311.163629055 -0.009273 -0.180564 0.000019 -0.000048 0.081889 -0.057237 0.994997
1768846311.263243437 -0.008538 -0.180610 -0.000115 -0.000110 0.081994 -0.057292 0.994985
1768846311.364012957 -0.008605 -0.180650 -0.000195 -0.000059 0.081934 -0.057404 0.994983
