t,valid_plane_num,lambda_min,lambda_min_norm,is_degenerate_voxelslam,persistent_degenerate,early_warning
1768844533.900745,0,nan,nan,0,0,0
1768844534.003487,0,nan,nan,0,0,0
1768844534.101561,0,nan,nan,0,0,0
1768844534.204848,0,nan,nan,0,0,0
1768844534.400465,0,nan,nan,0,0,1
1768844534.501025,0,nan,nan,0,0,1
1768844534.601488,0,nan,nan,0,0,1
1768844534.899979,0,nan,nan,0,0,1
1768844535.004738,0,nan,nan,0,0,1
1768844535.300499,0,nan,nan,0,1,1
1768844535.501522,2005,536.820290,0.267741,0,1,1
1768844535.600312,2103,550.111581,0.261584,0,1,1
1768844535.701510,2073,549.924121,0.265279,0,1,0
1768844535.801444,2075,535.719723,0.258178,0,0,0
1768844535.901471,2028,543.408853,0.267953,0,0,0
1768844536.001549,1988,517.027732,0.260074,0,0,0
1768844536.100437,1962,519.904847,0.264987,0,0,0
1768844536.201462,1962,509.895368,0.259886,0,0,0
1768844536.302367,1938,518.464515,0.267526,0,0,0
1768844536.401199,2025,536.009571,0.264696,0,0,0
1768844536.500165,1957,523.747037,0.267628,0,0,0
1768844536.601539,1780,482.762698,0.271215,0,0,0
1768844536.702455,1719,472.143174,0.274662,0,0,0
1768844536.797626,2010,531.629860,0.264492,0,0,0
1768844536.900566,1998,513.625083,0.257070,0,0,0
1768844537.000685,1982,528.630507,0.266716,0,0,0
1768844537.102045,1988,515.902149,0.259508,0,0,0
1768844537.201619,1948,534.875253,0.274577,0,0,0
1768844537.301422,1988,529.127927,0.266161,0,0,0
1768844537.401483,1847,492.680553,0.266746,0,0,0
1768844537.501529,1988,543.938843,0.273611,0,0,0
1768844537.604391,1903,519.751203,0.273122,0,0,0
1768844537.702831,2070,547.102295,0.264301,0,0,0
1768844537.801626,2051,543.946377,0.265210,0,0,0
1768844537.901386,1920,505.824907,0.263450,0,0,0
1768844538.001443,1820,480.661607,0.264100,0,0,0
1768844538.101560,1815,477.767089,0.263233,0,0,0
1768844538.201474,1817,480.517295,0.264456,0,0,0
1768844538.301837,2051,536.440672,0.261551,0,0,0
1768844538.401433,2051,539.171863,0.262882,0,0,0
1768844538.501496,2024,535.630873,0.264640,0,0,0
1768844538.601471,2031,541.711702,0.266722,0,0,0
1768844538.701454,2035,535.823691,0.263304,0,0,0
1768844538.801461,2015,534.385814,0.265204,0,0,0
1768844538.901489,2051,552.680700,0.269469,0,0,0
1768844539.001515,2052,538.782895,0.262565,0,0,0
1768844539.100385,2127,569.094829,0.267558,0,0,0
1768844539.199208,2123,562.945968,0.265165,0,0,0
1768844539.304541,1930,509.717022,0.264102,0,0,0
1768844539.401302,1898,503.906921,0.265494,0,0,0
1768844539.501506,2144,558.735861,0.260604,0,0,0
1768844539.601344,2114,558.207365,0.264053,0,0,0
1768844539.701723,2093,573.180934,0.273856,0,0,0
1768844539.802559,1959,533.505801,0.272336,0,0,0
1768844539.901308,1805,498.063148,0.275935,0,0,0
1768844540.001447,2056,555.288492,0.270082,0,0,0
1768844540.101441,2105,561.559160,0.266774,0,0,0
1768844540.201383,1953,525.049759,0.268843,0,0,0
1768844540.301126,2123,551.784698,0.259908,0,0,0
1768844540.401444,2033,533.650587,0.262494,0,0,0
1768844540.501348,2086,552.514685,0.264868,0,0,0
1768844540.600853,1988,528.615311,0.265903,0,0,0
1768844540.701602,2082,557.418480,0.267732,0,0,0
1768844540.801301,2053,548.811126,0.267322,0,0,0
1768844540.901320,2096,572.601838,0.273188,0,0,0
1768844541.001492,2066,543.939403,0.263281,0,0,0
1768844541.101532,2094,573.894327,0.274066,0,0,0
1768844541.201466,2009,546.663617,0.272107,0,0,0
1768844541.301469,2121,567.739650,0.267675,0,0,0
1768844541.401310,2197,598.339005,0.272344,0,0,0
1768844541.501357,1993,538.423732,0.270157,0,0,0
1768844541.601447,2168,605.598148,0.279335,0,0,0
1768844541.701441,2055,573.074697,0.278868,0,0,0
1768844541.801713,2183,607.909457,0.278474,0,0,0
1768844541.901370,2107,583.674962,0.277017,0,0,0
1768844542.001492,2177,602.334467,0.276681,0,0,0
1768844542.104460,2110,577.631070,0.273759,0,0,0
1768844542.201500,2149,610.240199,0.283965,0,0,0
1768844542.301414,2124,581.192385,0.273631,0,0,0
1768844542.401226,2144,608.562640,0.283845,0,0,0
1768844542.501282,2171,593.573130,0.273410,0,0,0
1768844542.601289,2039,559.903826,0.274597,0,0,0
1768844542.701360,1912,547.677259,0.286442,0,0,0
1768844542.801361,2217,604.008293,0.272444,0,0,0
1768844542.901268,2227,610.287023,0.274040,0,0,0
1768844543.001185,2035,559.122834,0.274753,0,0,0
1768844543.101171,2240,615.496386,0.274775,0,0,0
1768844543.201235,2195,593.976980,0.270605,0,0,0
1768844543.301319,2196,608.769366,0.277217,0,0,0
1768844543.401206,2173,600.048971,0.276139,0,0,0
1768844543.501381,2074,581.724742,0.280484,0,0,0
1768844543.602959,2103,585.193247,0.278266,0,0,0
1768844543.701342,2246,627.758266,0.279501,0,0,0
1768844543.801362,2200,603.521776,0.274328,0,0,0
1768844543.901360,1932,527.784639,0.273180,0,0,0
1768844544.001477,2253,621.208968,0.275725,0,0,0
1768844544.101572,1995,523.982867,0.262648,0,0,0
1768844544.201288,1729,441.063594,0.255098,0,0,0
1768844544.301573,2330,665.894555,0.285792,0,0,0
1768844544.401284,2188,594.765268,0.271831,0,0,0
1768844544.498794,2344,658.724323,0.281026,0,0,0
1768844544.601217,2382,656.406536,0.275569,0,0,0
1768844544.701348,1819,487.218188,0.267849,0,0,0
1768844544.801343,2419,628.624298,0.259869,0,0,0
1768844544.901212,1968,536.577028,0.272651,0,0,0
1768844545.000573,2345,601.683742,0.256582,0,0,0
1768844545.101379,2085,541.660490,0.259789,0,0,0
1768844545.200651,1956,524.713387,0.268258,0,0,0
1768844545.300503,1982,528.825032,0.266814,0,0,0
1768844545.401462,2364,614.769333,0.260055,0,0,0
1768844545.501202,2309,599.519813,0.259645,0,0,0
1768844545.601428,1976,548.702971,0.277684,0,0,0
1768844545.701368,2281,561.574711,0.246197,0,0,0
1768844545.801242,2333,629.758609,0.269935,0,0,0
1768844545.901462,2283,590.441713,0.258625,0,0,0
1768844546.001342,1889,495.504719,0.262311,0,0,0
1768844546.099171,2321,597.416952,0.257396,0,0,0
1768844546.202023,2349,590.152683,0.251236,0,0,0
1768844546.300013,2226,570.761658,0.256407,0,0,0
1768844546.401309,2219,561.088534,0.252856,0,0,0
1768844546.501220,2166,491.680436,0.226999,0,0,0
1768844546.601287,1898,450.983607,0.237610,0,0,0
1768844546.701269,1803,449.580187,0.249351,0,0,0
1768844546.801347,2056,475.007118,0.231035,0,0,0
1768844546.901205,1969,453.084638,0.230109,0,0,0
1768844547.001598,2100,521.390417,0.248281,0,0,0
1768844547.101171,2164,490.341809,0.226590,0,0,0
1768844547.197780,2154,525.117499,0.243787,0,0,0
1768844547.301214,2210,530.614660,0.240097,0,0,0
1768844547.401226,2206,543.493260,0.246370,0,0,0
1768844547.501166,1974,491.632356,0.249054,0,0,0
1768844547.602733,2190,547.179638,0.249854,0,0,0
1768844547.700438,2148,505.905177,0.235524,0,0,0
1768844547.801421,1824,439.074896,0.240721,0,0,0
1768844547.901051,1705,423.727800,0.248521,0,0,0
1768844548.001683,1718,429.543679,0.250025,0,0,0
1768844548.101223,2119,497.077230,0.234581,0,0,0
1768844548.203762,2162,517.342950,0.239289,0,0,0
1768844548.301822,1813,437.708510,0.241428,0,0,0
1768844548.402581,2012,456.037805,0.226659,0,0,0
1768844548.501272,1967,459.747787,0.233730,0,0,0
1768844548.601580,1997,450.607306,0.225642,0,0,0
1768844548.701289,1938,450.224111,0.232314,0,0,0
1768844548.801538,1965,465.535370,0.236914,0,0,0
1768844548.901412,1900,466.093306,0.245312,0,0,0
1768844549.001198,1984,488.107900,0.246022,0,0,0
1768844549.101328,1951,503.566969,0.258107,0,0,0
1768844549.201968,1752,453.603102,0.258906,0,0,0
1768844549.301627,1950,475.901584,0.244052,0,0,0
1768844549.401373,1917,460.604181,0.240273,0,0,0
1768844549.501209,1933,457.668222,0.236766,0,0,0
1768844549.601212,1893,447.525147,0.236411,0,0,0
1768844549.701269,1874,435.240796,0.232252,0,0,0
1768844549.801294,1802,419.277548,0.232673,0,0,0
1768844549.901359,1784,400.596334,0.224550,0,0,0
1768844550.001298,1705,395.221558,0.231802,0,0,0
1768844550.098742,1689,394.997556,0.233865,0,0,0
1768844550.199842,1676,369.658078,0.220560,0,0,0
1768844550.300647,1693,384.478462,0.227099,0,0,0
1768844550.401324,1682,346.642741,0.206090,0,0,0
1768844550.501224,1589,330.407222,0.207934,0,0,0
1768844550.601246,1661,341.992250,0.205895,0,0,0
1768844550.701382,1638,337.248056,0.205890,0,0,0
1768844550.801218,1666,332.021423,0.199293,0,0,0
1768844550.902902,1669,318.829395,0.191030,0,0,0
1768844551.001312,1639,324.396869,0.197924,0,0,0
1768844551.101155,1658,335.841156,0.202558,0,0,0
1768844551.201276,1362,266.382589,0.195582,0,0,0
1768844551.300411,1195,258.166576,0.216039,0,0,0
1768844551.401955,1587,321.919506,0.202848,0,0,0
1768844551.501226,1581,282.843267,0.178901,0,0,0
1768844551.601420,1534,272.584039,0.177695,0,0,0
1768844551.701158,1566,294.716805,0.188197,0,0,0
1768844551.801139,1356,271.631043,0.200318,0,0,0
1768844551.901411,1572,287.390037,0.182818,0,0,0
1768844552.001159,1556,293.416544,0.188571,0,0,0
1768844552.101252,1586,315.878037,0.199166,0,0,0
1768844552.201223,1551,311.157625,0.200617,0,0,0
1768844552.301236,1586,310.284652,0.195640,0,0,0
1768844552.401474,1534,311.889863,0.203318,0,0,0
1768844552.501245,1567,324.258353,0.206929,0,0,0
1768844552.601289,1344,294.883739,0.219408,0,0,0
1768844552.704145,1549,318.058787,0.205332,0,0,0
1768844552.801948,1398,305.603897,0.218601,0,0,0
1768844552.901208,1513,318.145548,0.210275,0,0,0
1768844553.001250,1471,311.049529,0.211454,0,0,0
1768844553.101197,1317,291.504702,0.221340,0,0,0
1768844553.201538,1447,308.225270,0.213010,0,0,0
1768844553.301649,1329,281.935027,0.212141,0,0,0
1768844553.401074,1144,270.482258,0.236436,0,0,0
1768844553.501832,1475,319.819269,0.216827,0,0,0
1768844553.601072,1497,331.766458,0.221621,0,0,0
1768844553.701202,1437,326.857461,0.227458,0,0,0
1768844553.801102,1488,321.961527,0.216372,0,0,0
1768844553.903113,1175,265.727017,0.226151,0,0,0
1768844554.001856,1092,266.503705,0.244051,0,0,0
1768844554.101236,1083,269.904456,0.249219,0,0,0
1768844554.201363,1092,276.981808,0.253646,0,0,0
1768844554.301335,1394,334.691665,0.240094,0,0,0
1768844554.401277,1353,310.093517,0.229190,0,0,0
1768844554.501095,1480,351.711390,0.237643,0,0,0
1768844554.601153,1470,343.800674,0.233878,0,0,0
1768844554.705574,1486,352.581563,0.237269,0,0,0
1768844554.801275,1286,318.270987,0.247489,0,0,0
1768844554.899092,1554,372.565279,0.239746,0,0,0
1768844555.000505,1448,333.510967,0.230325,0,0,0
1768844555.201383,1541,344.069992,0.223277,0,0,0
1768844555.301443,1418,320.598038,0.226092,0,0,0
1768844555.401096,1638,364.472334,0.222511,0,0,0
1768844555.501417,1493,349.040624,0.233785,0,0,0
1768844555.603451,1328,332.032800,0.250025,0,0,0
1768844555.703174,1609,387.150204,0.240615,0,0,0
1768844555.801290,1631,397.532422,0.243735,0,0,0
1768844555.899129,1325,326.436739,0.246367,0,0,0
1768844556.000483,1622,407.433020,0.251192,0,0,0
1768844556.101160,1478,383.465450,0.259449,0,0,0
1768844556.201548,1599,395.827938,0.247547,0,0,0
1768844556.301129,1494,381.398631,0.255287,0,0,0
1768844556.399926,1627,428.687567,0.263483,0,0,0
1768844556.501206,1624,405.703006,0.249817,0,0,0
1768844556.601324,1598,402.746291,0.252031,0,0,0
1768844556.701453,1584,415.801422,0.262501,0,0,0
1768844556.801060,1407,388.130961,0.275857,0,0,0
1768844556.901075,1303,380.125242,0.291731,0,0,0
1768844557.001269,1592,415.917113,0.261254,0,0,0
1768844557.101176,1531,404.946541,0.264498,0,0,0
1768844557.201179,1360,394.604604,0.290150,0,0,0
1768844557.301449,1657,430.446219,0.259774,0,0,0
1768844557.401232,1565,431.953073,0.276008,0,0,0
1768844557.501126,1642,436.661364,0.265933,0,0,0
1768844557.601148,1520,411.222351,0.270541,0,0,0
1768844557.701116,1605,432.866346,0.269699,0,0,0
1768844557.801239,1606,425.797256,0.265129,0,0,0
1768844557.901657,1627,423.974209,0.260586,0,0,0
1768844558.001088,1612,421.084654,0.261219,0,0,0
1768844558.101149,1603,426.900245,0.266313,0,0,0
1768844558.201192,1451,388.846417,0.267985,0,0,0
1768844558.301092,1311,362.225962,0.276297,0,0,0
1768844558.401161,1572,435.446967,0.277002,0,0,0
1768844558.501122,1482,400.548311,0.270276,0,0,0
1768844558.602547,1497,413.945582,0.276517,0,0,0
1768844558.702421,1500,400.313828,0.266876,0,0,0
1768844558.801211,1479,413.809223,0.279790,0,0,0
1768844558.902454,1560,414.194096,0.265509,0,0,0
1768844559.001045,1512,404.184225,0.267318,0,0,0
1768844559.101218,1364,380.510234,0.278966,0,0,0
1768844559.201177,1247,367.458817,0.294674,0,0,0
1768844559.301082,1492,401.001960,0.268768,0,0,0
1768844559.401191,1436,383.892603,0.267335,0,0,0
1768844559.502059,1459,394.681217,0.270515,0,0,0
1768844559.601122,1451,385.255237,0.265510,0,0,0
1768844559.701195,1429,384.738623,0.269236,0,0,0
1768844559.801084,1449,399.567201,0.275754,0,0,0
1768844559.901234,1478,398.338446,0.269512,0,0,0
1768844560.001144,1436,384.081618,0.267466,0,0,0
1768844560.101153,1429,387.005018,0.270822,0,0,0
1768844560.201566,1397,398.989707,0.285605,0,0,0
1768844560.301355,1417,386.992242,0.273107,0,0,0
1768844560.401932,1242,339.191665,0.273101,0,0,0
1768844560.499147,1148,330.053051,0.287503,0,0,0
1768844560.601209,1450,376.154524,0.259417,0,0,0
1768844560.703662,1396,366.752776,0.262717,0,0,0
1768844560.801327,1406,370.950856,0.263834,0,0,0
1768844560.901157,1408,360.266976,0.255871,0,0,0
1768844561.001048,1281,325.425714,0.254040,0,0,0
1768844561.101244,1372,349.972279,0.255082,0,0,0
1768844561.201027,1339,344.142386,0.257014,0,0,0
1768844561.301213,1170,310.391655,0.265292,0,0,0
1768844561.401362,1076,298.185401,0.277124,0,0,0
1768844561.502945,1356,359.255903,0.264938,0,0,0
1768844561.601107,1355,346.735832,0.255894,0,0,0
1768844561.701135,1390,359.804615,0.258852,0,0,0
1768844561.801198,1358,341.291495,0.251319,0,0,0
1768844561.901167,1376,345.414661,0.251028,0,0,0
1768844562.001149,1385,338.890510,0.244686,0,0,0
1768844562.101050,1124,271.649922,0.241681,0,0,0
1768844562.203112,1396,342.592979,0.245410,0,0,0
1768844562.302653,1372,357.938979,0.260888,0,0,0
1768844562.401289,1368,354.283520,0.258979,0,0,0
1768844562.501945,1348,346.999027,0.257418,0,0,0
1768844562.601573,1322,351.616732,0.265973,0,0,0
1768844562.701415,1289,340.555187,0.264201,0,0,0
1768844562.801296,1146,311.106937,0.271472,0,0,0
1768844562.901184,1343,362.412795,0.269853,0,0,0
1768844563.001177,1343,355.004800,0.264337,0,0,0
1768844563.101421,1177,330.992162,0.281217,0,0,0
1768844563.201062,1154,328.850923,0.284966,0,0,0
1768844563.301302,1354,348.208039,0.257170,0,0,0
1768844563.401256,1338,352.474688,0.263434,0,0,0
1768844563.501022,1213,335.115957,0.276270,0,0,0
1768844563.601138,1326,362.760039,0.273575,0,0,0
1768844563.701205,1344,362.441453,0.269674,0,0,0
1768844563.801141,1345,366.230709,0.272290,0,0,0
1768844563.901158,1300,340.475923,0.261905,0,0,0
1768844564.001640,1121,313.435207,0.279603,0,0,0
1768844564.101193,1372,354.040728,0.258047,0,0,0
1768844564.201070,1339,358.258944,0.267557,0,0,0
1768844564.301531,1353,358.618155,0.265054,0,0,0
1768844564.401111,1205,337.097766,0.279749,0,0,0
1768844564.501070,1084,315.584565,0.291130,0,0,0
1768844564.601604,1080,316.578916,0.293129,0,0,0
1768844564.700630,1459,405.398354,0.277860,0,0,0
1768844564.801143,1388,382.281956,0.275419,0,0,0
1768844564.901048,1111,324.850494,0.292395,0,0,0
1768844565.000586,1103,329.794719,0.298998,0,0,0
1768844565.101136,1466,400.206001,0.272992,0,0,0
1768844565.201251,1441,405.070887,0.281104,0,0,0
1768844565.301199,1236,361.977867,0.292862,0,0,0
1768844565.401376,1489,410.689317,0.275816,0,0,0
1768844565.501307,1403,382.641225,0.272731,0,0,0
1768844565.600565,1511,407.357535,0.269595,0,0,0
1768844565.702885,1351,377.300060,0.279275,0,0,0
1768844565.801143,1204,357.923132,0.297278,0,0,0
1768844565.901183,1537,404.135644,0.262938,0,0,0
1768844566.001308,1519,432.145607,0.284493,0,0,0
1768844566.101186,1281,379.443373,0.296209,0,0,0
1768844566.201395,1204,378.814146,0.314630,0,0,0
1768844566.301107,1204,380.323037,0.315883,0,0,0
1768844566.401419,1207,380.829272,0.315517,0,0,0
1768844566.500436,1574,432.229300,0.274606,0,0,0
1768844566.601235,1531,415.016499,0.271075,0,0,0
1768844566.701434,1606,432.656169,0.269400,0,0,0
1768844566.801136,1539,432.596352,0.281089,0,0,0
1768844566.901052,1585,430.060031,0.271331,0,0,0
1768844567.001051,1592,456.842054,0.286961,0,0,0
1768844567.101121,1304,388.334587,0.297803,0,0,0
1768844567.201605,1247,380.584628,0.305200,0,0,0
1768844567.301149,1604,441.653597,0.275345,0,0,0
1768844567.401237,1627,450.931618,0.277155,0,0,0
1768844567.500864,1417,380.211297,0.268321,0,0,0
1768844567.601098,1273,368.440356,0.289427,0,0,0
1768844567.701158,1593,413.768999,0.259742,0,0,0
1768844567.801011,1566,415.890530,0.265575,0,0,0
1768844567.901074,1286,370.938562,0.288444,0,0,0
1768844568.001030,1614,409.813248,0.253912,0,0,0
1768844568.101181,1600,436.418001,0.272761,0,0,0
1768844568.203933,1614,428.974430,0.265783,0,0,0
1768844568.301471,1578,427.293291,0.270782,0,0,0
1768844568.401101,1378,386.505759,0.280483,0,0,0
1768844568.501481,1276,380.840447,0.298464,0,0,0
1768844568.603540,1627,416.905531,0.256242,0,0,0
1768844568.701385,1479,387.636052,0.262093,0,0,0
1768844568.801108,1638,428.792149,0.261778,0,0,0
1768844568.901202,1591,430.259400,0.270433,0,0,0
1768844568.999688,1614,446.573210,0.276687,0,0,0
1768844569.101138,1609,447.227731,0.277954,0,0,0
1768844569.201008,1367,386.586905,0.282799,0,0,0
1768844569.301384,1250,375.449499,0.300360,0,0,0
1768844569.401055,1573,430.876288,0.273920,0,0,0
1768844569.501170,1551,426.791517,0.275172,0,0,0
1768844569.601171,1593,436.492007,0.274006,0,0,0
1768844569.701154,1600,460.093236,0.287558,0,0,0
1768844569.801017,1609,449.316250,0.279252,0,0,0
1768844569.900917,1321,379.796417,0.287507,0,0,0
1768844570.000650,1260,379.633847,0.301297,0,0,0
1768844570.101130,1590,446.976710,0.281117,0,0,0
1768844570.201303,1635,457.332723,0.279714,0,0,0
1768844570.301166,1654,454.867509,0.275011,0,0,0
1768844570.401136,1678,448.374859,0.267208,0,0,0
1768844570.501101,1346,355.711917,0.264273,0,0,0
1768844570.601174,1190,321.497183,0.270166,0,0,0
1768844570.701076,1632,444.262552,0.272220,0,0,0
1768844570.801165,1569,431.157813,0.274798,0,0,0
1768844570.901134,1591,436.177310,0.274153,0,0,0
1768844571.001122,1574,442.436003,0.281090,0,0,0
1768844571.101078,1585,435.495094,0.274760,0,0,0
1768844571.203485,1566,429.155180,0.274045,0,0,0
1768844571.301015,1317,365.998284,0.277903,0,0,0
1768844571.399772,1592,435.483807,0.273545,0,0,0
1768844571.499509,1307,365.536076,0.279676,0,0,0
1768844571.601066,1625,432.083398,0.265897,0,0,0
1768844571.701035,1614,419.325605,0.259805,0,0,0
1768844571.801302,1616,436.461132,0.270087,0,0,0
1768844571.901091,1602,415.661432,0.259464,0,0,0
1768844572.001046,1615,438.739739,0.271665,0,0,0
1768844572.100914,1614,439.417054,0.272253,0,0,0
1768844572.201062,1608,437.364205,0.271993,0,0,0
1768844572.301197,1654,426.896725,0.258100,0,0,0
1768844572.401040,1467,378.905618,0.258286,0,0,0
1768844572.501245,1285,352.620514,0.274413,0,0,0
1768844572.601279,1716,456.708311,0.266147,0,0,0
1768844572.701159,1666,420.454932,0.252374,0,0,0
1768844572.803536,1730,431.376278,0.249350,0,0,0
1768844572.898977,1406,312.722009,0.222420,0,0,0
1768844573.001037,1147,278.909861,0.243165,0,0,0
1768844573.101547,1632,419.376875,0.256971,0,0,0
1768844573.201128,1547,383.149155,0.247672,0,0,0
1768844573.302719,1582,414.966460,0.262305,0,0,0
1768844573.401223,1579,410.840520,0.260190,0,0,0
1768844573.501033,1533,419.717264,0.273788,0,0,0
1768844573.601103,1571,393.417559,0.250425,0,0,0
1768844573.702757,1345,341.437179,0.253857,0,0,0
1768844573.801139,1213,331.415961,0.273220,0,0,0
1768844573.900410,1660,406.884722,0.245111,0,0,0
1768844574.001004,1611,381.806332,0.237000,0,0,0
1768844574.101233,1428,322.863428,0.226095,0,0,0
1768844574.201026,1247,310.260734,0.248806,0,0,0
1768844574.301044,1254,318.877122,0.254288,0,0,0
1768844574.400094,1254,319.929613,0.255127,0,0,0
1768844574.501222,1598,380.322330,0.237999,0,0,0
1768844574.600451,1605,394.198489,0.245607,0,0,0
1768844574.702271,1644,403.528503,0.245455,0,0,0
1768844574.801101,1632,408.562559,0.250345,0,0,0
1768844574.901160,1665,408.396689,0.245283,0,0,0
1768844575.001057,1451,355.097553,0.244726,0,0,0
1768844575.101154,1776,443.241596,0.249573,0,0,0
1768844575.201032,1797,454.608304,0.252982,0,0,0
1768844575.300904,1901,467.529456,0.245939,0,0,0
1768844575.401368,1922,488.053994,0.253930,0,0,0
1768844575.501223,1926,487.408574,0.253068,0,0,0
1768844575.601066,1869,470.391900,0.251681,0,0,0
1768844575.701396,1393,331.742921,0.238150,0,0,0
1768844575.801236,1842,461.166499,0.250362,0,0,0
1768844575.901129,1814,473.547956,0.261052,0,0,0
1768844576.001385,1558,428.862249,0.275265,0,0,0
1768844576.101075,1827,475.027894,0.260004,0,0,0
1768844576.201056,1724,452.210395,0.262303,0,0,0
1768844576.301299,1847,472.052843,0.255578,0,0,0
1768844576.401057,1797,472.149214,0.262743,0,0,0
1768844576.601225,1825,488.098475,0.267451,0,0,0
1768844576.701020,1895,499.810789,0.263752,0,0,0
1768844576.803183,1660,447.770949,0.269742,0,0,0
1768844576.901188,1539,429.707942,0.279212,0,0,0
1768844577.001013,1855,475.441177,0.256303,0,0,0
1768844577.101081,1809,480.870204,0.265821,0,0,0
1768844577.201001,1809,464.217177,0.256615,0,0,0
1768844577.301244,1821,493.311583,0.270901,0,0,0
1768844577.401150,1805,490.527905,0.271761,0,0,0
1768844577.501250,1656,457.218705,0.276098,0,0,0
1768844577.601230,1878,502.602681,0.267627,0,0,0
1768844577.701158,1801,487.627644,0.270754,0,0,0
1768844577.803134,1949,520.293643,0.266954,0,0,0
1768844577.904990,1932,534.977775,0.276904,0,0,0
1768844578.001109,1989,549.976158,0.276509,0,0,0
1768844578.101027,1942,537.051835,0.276546,0,0,0
1768844578.201005,1690,466.767485,0.276194,0,0,0
1768844578.301097,1895,518.980730,0.273868,0,0,0
1768844578.401054,1849,470.424870,0.254421,0,0,0
1768844578.501364,1783,469.437909,0.263285,0,0,0
1768844578.601044,1668,410.973571,0.246387,0,0,0
1768844578.700781,1677,414.255846,0.247022,0,0,0
1768844578.801136,1760,430.976213,0.244873,0,0,0
1768844578.901117,1743,453.397943,0.260125,0,0,0
1768844579.001187,1720,420.653592,0.244566,0,0,0
1768844579.103341,1751,446.438631,0.254962,0,0,0
1768844579.201258,1539,393.991920,0.256005,0,0,0
1768844579.302839,1775,425.300673,0.239606,0,0,0
1768844579.401138,1647,387.914126,0.235528,0,0,0
1768844579.505484,1830,443.132024,0.242149,0,0,0
1768844579.601043,1466,343.966966,0.234630,0,0,0
1768844579.704426,1895,440.952784,0.232693,0,0,0
1768844579.801102,1822,413.692540,0.227054,0,0,0
1768844579.901072,1360,312.426738,0.229726,0,0,0
1768844580.101123,1631,370.179417,0.226965,0,0,0
1768844580.201036,1627,350.707241,0.215555,0,0,0
1768844580.301243,1474,334.627537,0.227020,0,0,0
1768844580.400648,1332,333.148854,0.250112,0,0,0
1768844580.501066,1341,332.498915,0.247948,0,0,0
1768844580.601211,1346,333.083313,0.247462,0,0,0
1768844580.701111,1365,335.788210,0.245999,0,0,0
1768844580.801131,1376,339.915525,0.247032,0,0,0
1768844580.901209,1376,340.337474,0.247338,0,0,0
1768844581.001195,1465,303.543995,0.207197,0,0,0
1768844581.100779,1610,343.836009,0.213563,0,0,0
1768844581.201169,1569,339.300003,0.216252,0,0,0
1768844581.301163,1586,358.193311,0.225847,0,0,0
1768844581.401707,1594,345.776645,0.216924,0,0,0
1768844581.501189,1525,348.491766,0.228519,0,0,0
1768844581.601069,1435,313.369315,0.218376,0,0,0
1768844581.701091,1517,342.489593,0.225768,0,0,0
1768844581.801138,1529,334.607160,0.218841,0,0,0
1768844581.901155,1414,299.460020,0.211782,0,0,0
1768844582.001075,1292,290.764220,0.225050,0,0,0
1768844582.101188,1479,331.664864,0.224249,0,0,0
1768844582.201978,1450,323.600964,0.223173,0,0,0
1768844582.301108,1508,344.247441,0.228281,0,0,0
1768844582.401178,1520,356.338805,0.234433,0,0,0
1768844582.501082,1510,360.382900,0.238664,0,0,0
1768844582.601942,1498,357.786610,0.238843,0,0,0
1768844582.701165,1474,363.746853,0.246775,0,0,0
1768844582.801137,1342,334.782178,0.249465,0,0,0
1768844582.901111,1487,361.019447,0.242784,0,0,0
1768844583.001281,1507,355.008071,0.235573,0,0,0
1768844583.102446,1535,360.820581,0.235062,0,0,0
1768844583.201100,1496,369.133440,0.246747,0,0,0
1768844583.297899,1384,344.183776,0.248688,0,0,0
1768844583.401114,1269,330.226036,0.260225,0,0,0
1768844583.501089,1263,329.646975,0.261003,0,0,0
1768844583.601180,1257,327.741372,0.260733,0,0,0
1768844583.702157,1567,377.849250,0.241129,0,0,0
1768844583.801143,1521,375.976869,0.247191,0,0,0
1768844583.901118,1483,376.901715,0.254148,0,0,0
1768844584.002119,1526,388.191405,0.254385,0,0,0
1768844584.101556,1545,376.853542,0.243918,0,0,0
1768844584.201066,1560,384.546849,0.246504,0,0,0
1768844584.301169,1595,398.476672,0.249829,0,0,0
1768844584.401160,1488,374.265483,0.251523,0,0,0
1768844584.502881,1579,409.327991,0.259232,0,0,0
1768844584.601487,1607,411.160022,0.255856,0,0,0
1768844584.702039,1461,374.683407,0.256457,0,0,0
1768844584.801685,1331,362.560860,0.272397,0,0,0
1768844584.899474,1341,367.823566,0.274291,0,0,0
1768844585.001100,1698,412.119478,0.242709,0,0,0
1768844585.101078,1705,424.730701,0.249109,0,0,0
1768844585.203237,1738,428.149063,0.246346,0,0,0
1768844585.301270,1686,419.512942,0.248821,0,0,0
1768844585.403122,1725,423.442159,0.245474,0,0,0
1768844585.501753,1706,438.087376,0.256792,0,0,0
1768844585.601191,1666,399.674040,0.239900,0,0,0
1768844585.701212,1338,331.946741,0.248092,0,0,0
1768844585.800699,1284,322.558648,0.251214,0,0,0
1768844585.901137,1492,372.993478,0.249996,0,0,0
1768844586.001143,1392,355.895872,0.255672,0,0,0
1768844586.101225,1128,278.774142,0.247140,0,0,0
1768844586.201814,1148,284.990117,0.248249,0,0,0
1768844586.301136,1356,328.528671,0.242278,0,0,0
1768844586.401576,1312,327.729784,0.249794,0,0,0
1768844586.501387,1368,345.566076,0.252607,0,0,0
1768844586.601058,1294,329.686930,0.254781,0,0,0
1768844586.701416,1364,330.994827,0.242665,0,0,0
1768844586.800496,1390,344.146949,0.247588,0,0,0
1768844586.901418,1374,332.340420,0.241878,0,0,0
1768844587.001202,1260,320.792932,0.254598,0,0,0
1768844587.101328,1356,340.418117,0.251046,0,0,0
1768844587.201181,1263,322.246091,0.255143,0,0,0
1768844587.301108,1405,343.093237,0.244194,0,0,0
1768844587.401160,1284,320.333738,0.249481,0,0,0
1768844587.501278,1401,349.119900,0.249193,0,0,0
1768844587.601167,1295,338.931238,0.261723,0,0,0
1768844587.701241,1427,362.680055,0.254156,0,0,0
1768844587.901139,1425,365.971746,0.256822,0,0,0
1768844588.001626,1306,326.157915,0.249738,0,0,0
1768844588.101357,1390,344.825281,0.248076,0,0,0
1768844588.201118,1396,333.130515,0.238632,0,0,0
1768844588.301224,1364,311.538373,0.228401,0,0,0
1768844588.402629,1372,323.695144,0.235929,0,0,0
1768844588.501135,1324,288.707079,0.218057,0,0,0
1768844588.602822,1262,278.660295,0.220808,0,0,0
1768844588.701271,1078,242.837520,0.225267,0,0,0
1768844588.801236,1364,343.021345,0.251482,0,0,0
1768844588.901139,1255,315.604791,0.251478,0,0,0
1768844589.001250,1352,324.612046,0.240098,0,0,0
1768844589.101347,1332,303.021469,0.227494,0,0,0
1768844589.201127,1201,268.789775,0.223805,0,0,0
1768844589.303213,1319,286.865856,0.217487,0,0,0
1768844589.401875,1257,273.505168,0.217586,0,0,0
1768844589.501233,1144,246.142394,0.215159,0,0,0
1768844589.601275,1247,276.448879,0.221691,0,0,0
1768844589.701203,1241,275.332163,0.221863,0,0,0
1768844589.801246,1215,273.865710,0.225404,0,0,0
1768844589.901344,1259,290.753734,0.230940,0,0,0
1768844590.000365,1274,298.314239,0.234156,0,0,0
1768844590.097117,1325,318.953279,0.240719,0,0,0
1768844590.201274,1273,308.617205,0.242433,0,0,0
1768844590.301085,1307,323.929284,0.247842,0,0,0
1768844590.401364,1337,320.724894,0.239884,0,0,0
1768844590.501226,1301,314.042074,0.241385,0,0,0
1768844590.601252,1284,305.980215,0.238302,0,0,0
1768844590.702480,1147,276.152055,0.240760,0,0,0
1768844590.800564,1272,314.865144,0.247535,0,0,0
1768844590.901236,1188,279.875323,0.235585,0,0,0
1768844591.001241,1226,282.750757,0.230629,0,0,0
1768844591.101215,1221,310.621402,0.254399,0,0,0
1768844591.201372,1207,303.014508,0.251048,0,0,0
1768844591.301284,1194,295.054464,0.247114,0,0,0
1768844591.401179,1257,313.602434,0.249485,0,0,0
1768844591.501280,1209,311.730742,0.257842,0,0,0
1768844591.599562,1077,282.461428,0.262267,0,0,0
1768844591.700951,1262,325.120366,0.257623,0,0,0
1768844591.801191,1243,316.199270,0.254384,0,0,0
1768844591.902440,1225,310.902162,0.253798,0,0,0
1768844592.001348,1084,283.459932,0.261494,0,0,0
1768844592.101270,1210,300.413185,0.248275,0,0,0
1768844592.201396,1134,284.305565,0.250710,0,0,0
1768844592.303907,1216,310.018138,0.254949,0,0,0
1768844592.401543,1249,326.109408,0.261096,0,0,0
1768844592.501139,1247,319.889030,0.256527,0,0,0
1768844592.601281,1246,314.377657,0.252310,0,0,0
1768844592.701176,1230,312.425690,0.254005,0,0,0
1768844592.801279,1230,320.751012,0.260773,0,0,0
1768844592.901206,1096,284.093383,0.259209,0,0,0
1768844593.001139,1269,337.805653,0.266198,0,0,0
1768844593.101377,1239,318.362958,0.256952,0,0,0
1768844593.201227,1173,281.517522,0.239998,0,0,0
1768844593.302242,1279,323.422920,0.252872,0,0,0
1768844593.401176,1293,325.536991,0.251769,0,0,0
1768844593.501184,1112,261.407011,0.235078,0,0,0
1768844593.601256,1286,324.508640,0.252340,0,0,0
1768844593.701240,1235,310.745699,0.251616,0,0,0
1768844593.801167,1083,268.940114,0.248329,0,0,0
1768844593.903490,1305,343.105547,0.262916,0,0,0
1768844594.001699,1317,336.657111,0.255624,0,0,0
1768844594.101273,1186,314.635484,0.265291,0,0,0
1768844594.201268,1317,332.345214,0.252350,0,0,0
1768844594.301323,1301,340.034715,0.261364,0,0,0
1768844594.401423,1305,320.277390,0.245423,0,0,0
1768844594.501328,1321,342.488545,0.259265,0,0,0
1768844594.601179,1173,294.995289,0.251488,0,0,0
1768844594.701438,1105,276.454161,0.250185,0,0,0
1768844594.803421,1100,275.795871,0.250724,0,0,0
1768844594.899273,1324,344.039070,0.259848,0,0,0
1768844595.000390,1308,342.460394,0.261820,0,0,0
1768844595.101300,1144,309.882109,0.270876,0,0,0
1768844595.201167,1138,309.889051,0.272310,0,0,0
1768844595.301297,1367,366.043301,0.267771,0,0,0
1768844595.401177,1379,349.332516,0.253323,0,0,0
1768844595.501474,1384,367.481576,0.265521,0,0,0
1768844595.600441,1404,360.476458,0.256750,0,0,0
1768844595.701900,1372,366.319706,0.266997,0,0,0
1768844595.802368,1232,328.656381,0.266767,0,0,0
1768844595.901202,1371,349.414855,0.254861,0,0,0
1768844596.001390,1361,345.951866,0.254189,0,0,0
1768844596.101277,1346,338.230844,0.251286,0,0,0
1768844596.201650,1291,332.180520,0.257305,0,0,0
1768844596.302821,1119,289.226030,0.258468,0,0,0
1768844596.400611,1105,283.986631,0.257001,0,0,0
1768844596.501549,1382,350.862634,0.253880,0,0,0
1768844596.601476,1365,369.113618,0.270413,0,0,0
1768844596.701310,1342,357.276611,0.266227,0,0,0
1768844596.801401,1212,323.735791,0.267109,0,0,0
1768844596.902347,1351,330.641832,0.244739,0,0,0
1768844597.001283,1244,309.262297,0.248603,0,0,0
1768844597.100472,1342,348.778253,0.259894,0,0,0
1768844597.202437,1321,336.167802,0.254480,0,0,0
1768844597.303420,1353,342.858144,0.253406,0,0,0
1768844597.401367,1353,349.325459,0.258186,0,0,0
1768844597.501413,1357,361.938946,0.266720,0,0,0
1768844597.601228,1212,325.536122,0.268594,0,0,0
1768844597.701332,1166,316.252240,0.271228,0,0,0
1768844597.801186,1353,354.491086,0.262004,0,0,0
1768844597.902459,1339,359.760374,0.268678,0,0,0
1768844598.002656,1354,345.440966,0.255126,0,0,0
1768844598.101426,1355,354.772161,0.261824,0,0,0
1768844598.201219,1361,370.908352,0.272526,0,0,0
1768844598.301379,1353,349.671019,0.258441,0,0,0
1768844598.401349,1180,319.470485,0.270738,0,0,0
1768844598.501369,1421,357.139370,0.251330,0,0,0
1768844598.601360,1311,339.276835,0.258792,0,0,0
1768844598.700979,1161,309.525151,0.266602,0,0,0
1768844598.801193,1388,361.238852,0.260259,0,0,0
1768844598.901272,1322,350.112593,0.264836,0,0,0
1768844599.001278,1417,376.334036,0.265585,0,0,0
1768844599.101350,1414,392.391898,0.277505,0,0,0
1768844599.201332,1471,394.986318,0.268516,0,0,0
1768844599.301293,1475,411.183623,0.278769,0,0,0
1768844599.401235,1403,373.214242,0.266012,0,0,0
1768844599.503892,1218,333.189079,0.273554,0,0,0
1768844599.600815,1378,379.946491,0.275723,0,0,0
1768844599.701733,1370,394.305988,0.287815,0,0,0
1768844599.801435,1341,370.234405,0.276088,0,0,0
1768844599.901501,1184,345.265383,0.291609,0,0,0
1768844600.001290,1124,335.394051,0.298393,0,0,0
1768844600.101376,1111,332.636133,0.299402,0,0,0
1768844600.201438,1117,333.344674,0.298429,0,0,0
1768844600.300834,1119,334.254122,0.298708,0,0,0
1768844600.399149,1370,387.161053,0.282599,0,0,0
1768844600.500385,1380,389.315099,0.282112,0,0,0
1768844600.601624,1412,410.096718,0.290437,0,0,0
1768844600.701329,1409,416.545298,0.295632,0,0,0
1768844600.801319,1410,399.348059,0.283226,0,0,0
1768844600.901433,1139,326.007845,0.286223,0,0,0
1768844601.001339,1374,404.018921,0.294046,0,0,0
1768844601.101167,1165,342.024752,0.293583,0,0,0
1768844601.200858,1426,409.385421,0.287087,0,0,0
1768844601.301346,1298,369.248169,0.284475,0,0,0
1768844601.402311,1026,299.521265,0.291931,0,0,0
1768844601.501409,1272,371.458808,0.292027,0,0,0
1768844601.601769,1316,374.753197,0.284767,0,0,0
1768844601.701368,1181,337.939960,0.286147,0,0,0
1768844601.801431,1327,363.960142,0.274273,0,0,0
1768844601.901126,1255,343.258794,0.273513,0,0,0
1768844602.001305,1274,359.483053,0.282169,0,0,0
1768844602.101589,1261,339.324477,0.269092,0,0,0
1768844602.201265,1272,361.537368,0.284227,0,0,0
1768844602.301286,1132,324.590848,0.286741,0,0,0
1768844602.401332,1030,305.507193,0.296609,0,0,0
1768844602.501318,1021,300.790424,0.294604,0,0,0
1768844602.601296,1301,365.387307,0.280851,0,0,0
1768844602.701611,1339,354.801124,0.264975,0,0,0
1768844602.803355,1332,374.411091,0.281089,0,0,0
1768844602.901294,1368,377.649646,0.276060,0,0,0
1768844603.001243,1338,363.494442,0.271670,0,0,0
1768844603.101315,1344,373.801218,0.278126,0,0,0
1768844603.201261,1351,364.847711,0.270058,0,0,0
1768844603.301364,1312,367.620664,0.280199,0,0,0
1768844603.401496,1318,358.466473,0.271978,0,0,0
1768844603.501292,1217,341.788032,0.280845,0,0,0
1768844603.603008,1365,371.064779,0.271842,0,0,0
1768844603.701416,1211,326.568145,0.269668,0,0,0
1768844603.801286,1144,306.117240,0.267585,0,0,0
1768844603.901839,1142,305.842402,0.267813,0,0,0
1768844604.001462,1145,307.499608,0.268559,0,0,0
1768844604.101287,1323,372.600820,0.281633,0,0,0
1768844604.202029,1376,375.864472,0.273157,0,0,0
1768844604.301370,1103,272.373720,0.246939,0,0,0
1768844604.401421,1396,413.507310,0.296209,0,0,0
1768844604.501774,1385,396.514242,0.286292,0,0,0
1768844604.601393,1387,415.310493,0.299431,0,0,0
1768844604.701308,1466,419.416842,0.286096,0,0,0
1768844604.801356,1472,439.695872,0.298706,0,0,0
1768844604.901365,1574,442.413202,0.281076,0,0,0
1768844605.001289,1565,468.798197,0.299552,0,0,0
1768844605.101236,1181,282.699937,0.239373,0,0,0
1768844605.201362,1449,413.611291,0.285446,0,0,0
1768844605.301297,1381,387.848631,0.280846,0,0,0
1768844605.401865,1432,406.205107,0.283663,0,0,0
1768844605.501472,1338,376.457641,0.281358,0,0,0
1768844605.601459,1436,397.140597,0.276560,0,0,0
1768844605.701470,1481,425.061466,0.287010,0,0,0
1768844605.806549,1380,379.606283,0.275077,0,0,0
1768844605.901511,1079,264.699981,0.245320,0,0,0
1768844606.101464,1404,382.041702,0.272109,0,0,0
1768844606.201792,1379,368.911897,0.267521,0,0,0
1768844606.301319,1341,353.179902,0.263371,0,0,0
1768844606.401366,1310,345.357694,0.263632,0,0,0
1768844606.501405,960,229.686832,0.239257,0,0,0
1768844606.603480,846,206.383493,0.243952,0,0,0
1768844606.701461,1270,341.530993,0.268922,0,0,0
1768844606.801378,1243,347.125706,0.279264,0,0,0
1768844606.901433,964,255.189440,0.264719,0,0,0
1768844607.001441,1222,299.491143,0.245083,0,0,0
1768844607.101550,1199,307.196295,0.256210,0,0,0
1768844607.201373,1172,297.136900,0.253530,0,0,0
1768844607.301389,1141,283.950559,0.248861,0,0,0
1768844607.401377,1108,274.771309,0.247989,0,0,0
1768844607.501392,1128,282.028576,0.250025,0,0,0
1768844607.602293,1082,273.220636,0.252514,0,0,0
1768844607.701410,960,249.630974,0.260032,0,0,0
1768844607.801520,918,244.169440,0.265980,0,0,0
1768844607.901393,915,244.088213,0.266763,0,0,0
1768844608.001428,917,243.042689,0.265041,0,0,0
1768844608.101421,918,243.011790,0.264719,0,0,0
1768844608.201337,924,245.018035,0.265171,0,0,0
1768844608.301479,966,258.001925,0.267083,0,0,0
1768844608.402274,1044,276.517053,0.264863,0,0,0
1768844608.501440,887,234.586966,0.264472,0,0,0
1768844608.601534,1048,290.301780,0.277006,0,0,0
1768844608.701527,1042,300.028556,0.287935,0,0,0
1768844608.801350,1045,286.170495,0.273847,0,0,0
1768844608.901392,813,230.090028,0.283014,0,0,0
1768844609.001649,1043,304.650361,0.292090,0,0,0
1768844609.103036,1006,295.349405,0.293588,0,0,0
1768844609.201682,923,270.344535,0.292898,0,0,0
1768844609.301998,851,251.195323,0.295177,0,0,0
1768844609.401392,844,249.962033,0.296164,0,0,0
1768844609.501518,955,279.589706,0.292764,0,0,0
1768844609.601392,945,267.622781,0.283199,0,0,0
1768844609.702415,852,246.660852,0.289508,0,0,0
1768844609.801487,790,233.500664,0.295570,0,0,0
1768844609.900647,924,266.874917,0.288826,0,0,0
1768844610.000978,920,261.317095,0.284040,0,0,0
1768844610.101331,907,267.735079,0.295188,0,0,0
1768844610.201396,934,266.076344,0.284878,0,0,0
1768844610.301455,891,252.508489,0.283399,0,0,0
1768844610.501559,911,259.392103,0.284733,0,0,0
1768844610.601405,830,241.354409,0.290788,0,0,0
1768844610.702256,761,230.019847,0.302260,0,0,0
1768844610.801733,755,228.547128,0.302711,0,0,0
1768844610.901922,854,245.535499,0.287512,0,0,0
1768844611.001678,818,236.513196,0.289136,0,0,0
1768844611.101388,716,211.112336,0.294850,0,0,0
1768844611.201500,812,235.261555,0.289731,0,0,0
1768844611.300575,824,240.709280,0.292123,0,0,0
1768844611.401386,813,237.942443,0.292672,0,0,0
1768844611.500423,739,221.455930,0.299670,0,0,0
1768844611.602223,679,207.038243,0.304916,0,0,0
1768844611.701612,818,242.015422,0.295862,0,0,0
1768844611.801594,801,219.336327,0.273828,0,0,0
1768844611.901443,657,191.510773,0.291493,0,0,0
1768844612.001396,806,220.747156,0.273880,0,0,0
1768844612.101503,770,221.681534,0.287898,0,0,0
1768844612.203968,692,201.056166,0.290544,0,0,0
1768844612.301499,753,211.224249,0.280510,0,0,0
1768844612.400367,756,213.292435,0.282133,0,0,0
1768844612.500492,733,208.406280,0.284320,0,0,0
1768844612.601535,687,171.235013,0.249250,0,0,0
1768844612.701460,724,199.553027,0.275626,0,0,0
1768844612.803285,714,187.412622,0.262483,0,0,0
1768844612.901598,655,172.384661,0.263183,0,0,0
1768844613.001435,730,190.362940,0.260771,0,0,0
1768844613.101613,684,186.284618,0.272346,0,0,0
1768844613.200648,590,165.946166,0.281265,0,0,0
1768844613.301521,564,161.714411,0.286728,0,0,0
1768844613.401571,734,197.823113,0.269514,0,0,0
1768844613.501588,695,190.081226,0.273498,0,0,0
1768844613.601049,710,190.066408,0.267699,0,0,0
1768844613.701621,659,181.356708,0.275200,0,0,0
1768844613.801483,712,188.652849,0.264962,0,0,0
1768844613.901526,716,196.931700,0.275044,0,0,0
1768844614.002063,626,175.961683,0.281089,0,0,0
1768844614.101524,733,193.634815,0.264168,0,0,0
1768844614.201464,648,178.850296,0.276004,0,0,0
1768844614.301689,720,193.193267,0.268324,0,0,0
1768844614.401500,735,199.122544,0.270915,0,0,0
1768844614.501531,643,182.495472,0.283819,0,0,0
1768844614.601434,726,198.040572,0.272783,0,0,0
1768844614.705100,744,206.483057,0.277531,0,0,0
1768844614.799472,670,193.733816,0.289155,0,0,0
1768844614.901627,764,211.577479,0.276934,0,0,0
1768844615.001451,761,215.117107,0.282677,0,0,0
1768844615.101555,657,192.859653,0.293546,0,0,0
1768844615.201506,773,214.796810,0.277874,0,0,0
1768844615.301539,769,213.131919,0.277155,0,0,0
1768844615.401531,773,208.085547,0.269192,0,0,0
1768844615.500597,671,190.132633,0.283357,0,0,0
1768844615.602557,788,219.391625,0.278416,0,0,0
1768844615.697672,784,216.848311,0.276592,0,0,0
1768844615.801569,807,228.893639,0.283635,0,0,0
1768844615.901718,722,208.522163,0.288812,0,0,0
1768844616.002834,831,232.077653,0.279275,0,0,0
1768844616.102462,771,224.507243,0.291190,0,0,0
1768844616.203527,685,204.723451,0.298866,0,0,0
1768844616.303837,658,197.373550,0.299960,0,0,0
1768844616.401614,660,197.567004,0.299344,0,0,0
1768844616.501664,660,196.980941,0.298456,0,0,0
1768844616.601503,848,247.753017,0.292162,0,0,0
1768844616.701514,862,256.299958,0.297332,0,0,0
1768844616.801628,772,230.592530,0.298695,0,0,0
1768844616.901514,863,246.389284,0.285503,0,0,0
1768844617.001621,803,226.840650,0.282491,0,0,0
1768844617.100433,876,248.385693,0.283545,0,0,0
1768844617.199672,868,233.543489,0.269059,0,0,0
1768844617.301806,754,209.699135,0.278116,0,0,0
1768844617.401653,919,255.747886,0.278289,0,0,0
1768844617.501585,857,235.090357,0.274318,0,0,0
1768844617.600940,938,260.481157,0.277698,0,0,0
1768844617.701607,960,261.351894,0.272242,0,0,0
1768844617.801676,869,240.348189,0.276580,0,0,0
1768844617.902250,989,260.432399,0.263329,0,0,0
1768844618.002212,996,264.451721,0.265514,0,0,0
1768844618.101681,873,229.253125,0.262604,0,0,0
1768844618.201585,995,270.090953,0.271448,0,0,0
1768844618.302059,936,267.996351,0.286321,0,0,0
1768844618.401793,1051,279.806383,0.266229,0,0,0
1768844618.501569,984,254.882230,0.259027,0,0,0
1768844618.601564,1030,266.643707,0.258877,0,0,0
1768844618.702746,891,246.097891,0.276204,0,0,0
1768844618.800378,1100,301.828431,0.274389,0,0,0
1768844618.901978,1098,290.396998,0.264478,0,0,0
1768844619.001572,1109,282.141293,0.254411,0,0,0
1768844619.101587,987,259.347235,0.262763,0,0,0
1768844619.201603,1130,301.004496,0.266376,0,0,0
1768844619.301571,1025,272.828582,0.266174,0,0,0
1768844619.400396,1129,292.954952,0.259482,0,0,0
1768844619.501845,1124,287.000432,0.255338,0,0,0
1768844619.601400,1138,303.224672,0.266454,0,0,0
1768844619.704184,1207,322.048803,0.266818,0,0,0
1768844619.802555,1209,329.094682,0.272204,0,0,0
1768844619.900399,1267,338.585294,0.267234,0,0,0
1768844620.000413,1277,339.504486,0.265861,0,0,0
1768844620.101647,1091,291.974937,0.267621,0,0,0
1768844620.202300,1363,349.333077,0.256297,0,0,0
1768844620.301647,1227,324.533180,0.264493,0,0,0
1768844620.399504,1008,263.018163,0.260931,0,0,0
1768844620.501703,1392,390.969206,0.280869,0,0,0
1768844620.601714,1233,336.224555,0.272688,0,0,0
1768844620.702214,1336,368.559254,0.275868,0,0,0
1768844620.800437,1384,361.606067,0.261276,0,0,0
1768844620.901614,1325,359.091990,0.271013,0,0,0
1768844621.001617,1375,377.518161,0.274559,0,0,0
1768844621.104076,1305,347.370363,0.266184,0,0,0
1768844621.200469,1315,338.662133,0.257538,0,0,0
1768844621.301680,1291,334.943089,0.259445,0,0,0
1768844621.402775,1352,359.032741,0.265557,0,0,0
1768844621.501682,1208,296.880450,0.245762,0,0,0
1768844621.602183,1242,325.002087,0.261676,0,0,0
1768844621.700902,1274,331.708043,0.260367,0,0,0
1768844621.801666,1105,287.748567,0.260406,0,0,0
1768844621.903298,1042,279.551881,0.268284,0,0,0
1768844622.001803,1283,336.145042,0.261999,0,0,0
1768844622.101724,1207,320.686862,0.265689,0,0,0
1768844622.201666,1285,351.714815,0.273708,0,0,0
1768844622.302067,1203,285.049849,0.236949,0,0,0
1768844622.402767,1004,244.633211,0.243659,0,0,0
1768844622.501792,1303,341.839861,0.262348,0,0,0
1768844622.604851,1339,346.869653,0.259051,0,0,0
1768844622.701778,1334,348.928765,0.261566,0,0,0
1768844622.800959,1302,335.365676,0.257577,0,0,0
1768844622.901730,1055,271.848711,0.257677,0,0,0
1768844623.001610,1231,302.988215,0.246132,0,0,0
1768844623.101707,1093,273.193521,0.249948,0,0,0
1768844623.201839,1249,333.348090,0.266892,0,0,0
1768844623.301870,1127,305.693617,0.271245,0,0,0
1768844623.402122,1219,317.508592,0.260466,0,0,0
1768844623.502433,1225,323.641838,0.264197,0,0,0
1768844623.604099,1043,276.041082,0.264661,0,0,0
1768844623.701420,1209,317.993475,0.263022,0,0,0
1768844623.801753,1213,314.218044,0.259042,0,0,0
1768844623.901785,1218,324.490472,0.266413,0,0,0
1768844624.000604,1251,331.867547,0.265282,0,0,0
1768844624.101898,1273,331.168202,0.260148,0,0,0
1768844624.201668,1272,353.551977,0.277950,0,0,0
1768844624.307043,1324,352.404077,0.266166,0,0,0
1768844624.405619,1341,377.586828,0.281571,0,0,0
1768844624.501683,1338,367.386927,0.274579,0,0,0
1768844624.601703,1089,277.379517,0.254710,0,0,0
1768844624.700471,1253,334.034543,0.266588,0,0,0
1768844624.800132,1246,343.307863,0.275528,0,0,0
1768844624.900643,1262,343.530041,0.272211,0,0,0
1768844625.001648,1063,309.997710,0.291625,0,0,0
1768844625.100538,1261,343.409097,0.272331,0,0,0
1768844625.200714,1131,315.883332,0.279296,0,0,0
1768844625.301686,1298,327.450808,0.252273,0,0,0
1768844625.401637,1223,318.147881,0.260137,0,0,0
1768844625.501854,1258,315.906010,0.251118,0,0,0
1768844625.601763,1267,325.288363,0.256739,0,0,0
1768844625.701696,1096,301.678392,0.275254,0,0,0
1768844625.801743,1023,289.497177,0.282988,0,0,0
1768844625.901501,1314,336.465043,0.256062,0,0,0
1768844626.000680,1282,317.137173,0.247377,0,0,0
1768844626.100480,1283,324.207383,0.252695,0,0,0
1768844626.200872,1306,315.419304,0.241516,0,0,0
1768844626.301718,1259,306.152298,0.243171,0,0,0
1768844626.402319,1072,255.682804,0.238510,0,0,0
1768844626.500484,1257,310.410424,0.246945,0,0,0
1768844626.601895,1213,303.600936,0.250289,0,0,0
1768844626.701762,1004,251.085423,0.250085,0,0,0
1768844626.798106,1200,282.270762,0.235226,0,0,0
1768844626.901721,1222,316.854773,0.259292,0,0,0
1768844627.001387,1079,271.473855,0.251598,0,0,0
1768844627.102598,1020,260.966378,0.255849,0,0,0
1768844627.202501,1226,274.030263,0.223516,0,0,0
1768844627.301821,1189,274.187052,0.230603,0,0,0
1768844627.401689,1197,276.266267,0.230799,0,0,0
1768844627.504464,1120,254.292627,0.227047,0,0,0
1768844627.601276,1220,281.800631,0.230984,0,0,0
1768844627.700905,1214,291.627136,0.240220,0,0,0
1768844627.801673,1195,278.478504,0.233036,0,0,0
1768844627.902376,1029,221.045636,0.214816,0,0,0
1768844628.001137,967,201.639707,0.208521,0,0,0
1768844628.101836,1180,283.069258,0.239889,0,0,0
1768844628.201781,1096,248.860448,0.227062,0,0,0
1768844628.300576,907,175.003833,0.192948,0,0,0
1768844628.401741,1118,237.635164,0.212554,0,0,0
1768844628.501730,1064,222.197525,0.208832,0,0,0
1768844628.601703,1126,217.487835,0.193151,0,0,0
1768844628.702906,1128,233.380269,0.206897,0,0,0
1768844628.801897,1088,222.597485,0.204593,0,0,0
1768844628.900247,1111,230.745796,0.207692,0,0,0
1768844629.001839,1085,226.474007,0.208732,0,0,0
1768844629.101139,1095,240.449495,0.219589,0,0,0
1768844629.200969,1104,240.122564,0.217502,0,0,0
1768844629.301854,1105,242.240310,0.219222,0,0,0
1768844629.401760,975,199.643559,0.204763,0,0,0
1768844629.502927,902,182.803543,0.202665,0,0,0
1768844629.601864,1066,229.911373,0.215677,0,0,0
1768844629.701838,1006,206.669294,0.205437,0,0,0
1768844629.801870,883,174.048253,0.197110,0,0,0
1768844629.901956,872,171.246557,0.196384,0,0,0
1768844630.001775,1090,219.146863,0.201052,0,0,0
1768844630.100510,1105,217.504485,0.196837,0,0,0
1768844630.200581,961,185.111556,0.192624,0,0,0
1768844630.300622,911,179.017989,0.196507,0,0,0
1768844630.401826,1077,215.735653,0.200312,0,0,0
1768844630.501820,1063,206.325742,0.194098,0,0,0
1768844630.601813,916,182.173854,0.198880,0,0,0
1768844630.700788,878,173.985244,0.198161,0,0,0
1768844630.801904,876,173.785549,0.198385,0,0,0
1768844630.901775,1089,217.584032,0.199802,0,0,0
1768844631.000758,1048,212.367353,0.202641,0,0,0
1768844631.101886,1095,222.043074,0.202779,0,0,0
1768844631.201754,990,192.021358,0.193961,0,0,0
1768844631.301900,887,167.377955,0.188701,0,0,0
1768844631.399994,1140,224.356179,0.196804,0,0,0
1768844631.500336,1133,217.691321,0.192137,0,0,0
1768844631.604997,1117,217.535226,0.194750,0,0,0
1768844631.700650,1149,217.633819,0.189412,0,0,0
1768844631.801839,1163,216.389968,0.186062,0,0,0
1768844631.900432,1193,229.000486,0.191953,0,0,0
1768844632.001895,1043,190.354597,0.182507,0,0,0
1768844632.101927,982,182.013748,0.185350,0,0,0
1768844632.201799,1242,237.947217,0.191584,0,0,0
1768844632.302214,1152,215.272691,0.186869,0,0,0
1768844632.401809,1215,231.623622,0.190637,0,0,0
1768844632.501067,1191,224.976680,0.188897,0,0,0
1768844632.601399,1256,243.378606,0.193773,0,0,0
1768844632.700653,1299,253.483357,0.195137,0,0,0
1768844632.803134,1343,246.881737,0.183829,0,0,0
1768844632.901872,1361,244.545357,0.179681,0,0,0
1768844633.002264,1160,203.917096,0.175791,0,0,0
1768844633.103296,1426,260.850718,0.182925,0,0,0
1768844633.203192,1389,256.617160,0.184750,0,0,0
1768844633.300408,1433,276.934319,0.193255,0,0,0
1768844633.400460,1391,268.659760,0.193141,0,0,0
1768844633.500796,1425,266.998647,0.187367,0,0,0
1768844633.602015,1385,262.861845,0.189792,0,0,0
1768844633.701176,1410,272.002911,0.192910,0,0,0
1768844633.800694,1207,228.389039,0.189220,0,0,0
1768844633.903463,1107,212.655730,0.192101,0,0,0
1768844634.000443,1600,327.086525,0.204429,0,0,0
1768844634.099899,1599,325.717991,0.203701,0,0,0
1768844634.203454,1296,254.443142,0.196330,0,0,0
1768844634.300960,1154,231.516862,0.200621,0,0,0
1768844634.402055,1161,238.562162,0.205480,0,0,0
1768844634.500540,1621,383.181835,0.236386,0,0,0
1768844634.602834,1598,363.886032,0.227713,0,0,0
1768844634.700906,1579,345.927774,0.219080,0,0,0
1768844634.800413,1629,359.460428,0.220663,0,0,0
1768844634.903488,1450,340.470741,0.234807,0,0,0
1768844634.997956,1312,328.109164,0.250083,0,0,0
1768844635.101904,1629,401.878198,0.246702,0,0,0
1768844635.201188,1698,418.296448,0.246347,0,0,0
1768844635.302022,1446,366.882602,0.253722,0,0,0
1768844635.401981,1715,431.037446,0.251334,0,0,0
1768844635.501909,1653,402.589501,0.243551,0,0,0
1768844635.601960,1312,336.099992,0.256174,0,0,0
1768844635.801857,1290,337.387598,0.261541,0,0,0
1768844635.901976,1664,425.657424,0.255804,0,0,0
1768844636.000476,1625,402.156374,0.247481,0,0,0
1768844636.100517,1613,416.688415,0.258331,0,0,0
1768844636.201972,1216,319.885437,0.263064,0,0,0
1768844636.302397,1538,395.223542,0.256972,0,0,0
1768844636.402019,1536,400.884528,0.260993,0,0,0
1768844636.502010,1499,386.936940,0.258130,0,0,0
1768844636.601895,1511,389.996588,0.258105,0,0,0
1768844636.701001,1449,356.093063,0.245751,0,0,0
1768844636.801432,1506,383.500778,0.254649,0,0,0
1768844636.900522,1447,350.968812,0.242549,0,0,0
1768844637.000558,1438,349.486822,0.243037,0,0,0
1768844637.100383,1389,297.529065,0.214204,0,0,0
1768844637.201949,1406,308.817884,0.219643,0,0,0
1768844637.300576,1339,288.932682,0.215782,0,0,0
1768844637.400493,1337,300.949825,0.225093,0,0,0
1768844637.501989,1168,254.011165,0.217475,0,0,0
1768844637.599924,1320,280.965647,0.212853,0,0,0
1768844637.702001,1333,290.738052,0.218108,0,0,0
1768844637.802500,1259,273.004897,0.216843,0,0,0
1768844637.902027,1219,259.240676,0.212667,0,0,0
1768844638.002483,1248,259.439018,0.207884,0,0,0
1768844638.102144,1226,262.902593,0.214439,0,0,0
1768844638.202220,1094,225.956394,0.206541,0,0,0
1768844638.300506,1164,247.922527,0.212992,0,0,0
1768844638.401676,1156,239.753938,0.207400,0,0,0
1768844638.500687,1172,244.661576,0.208756,0,0,0
1768844638.602322,1200,251.792940,0.209827,0,0,0
1768844638.701418,1165,252.163744,0.216450,0,0,0
1768844638.800566,1145,266.950141,0.233144,0,0,0
1768844638.902027,1104,223.080665,0.202066,0,0,0
1768844639.001956,961,197.283714,0.205290,0,0,0
1768844639.102040,892,186.248893,0.208799,0,0,0
1768844639.200968,1085,223.159063,0.205677,0,0,0
1768844639.302096,1032,213.092534,0.206485,0,0,0
1768844639.400589,863,172.918149,0.200369,0,0,0
1768844639.500589,1069,217.748487,0.203694,0,0,0
1768844639.601962,1081,209.004477,0.193344,0,0,0
1768844639.702489,1091,223.402594,0.204769,0,0,0
1768844639.800919,987,182.340097,0.184742,0,0,0
1768844639.899838,853,152.681680,0.178994,0,0,0
1768844640.000659,1128,248.081783,0.219931,0,0,0
1768844640.101984,1103,229.371950,0.207953,0,0,0
1768844640.201976,1070,217.389890,0.203168,0,0,0
1768844640.300942,1034,230.745843,0.223158,0,0,0
1768844640.400365,1069,232.268742,0.217277,0,0,0
1768844640.500503,1049,237.197031,0.226117,0,0,0
1768844640.601300,1014,230.579012,0.227395,0,0,0
1768844640.702442,958,211.048549,0.220301,0,0,0
1768844640.802005,1007,221.563463,0.220023,0,0,0
1768844640.901303,946,211.405029,0.223473,0,0,0
1768844641.000574,830,177.894915,0.214331,0,0,0
1768844641.102440,956,207.715129,0.217275,0,0,0
1768844641.200419,965,199.488149,0.206723,0,0,0
1768844641.301908,989,212.542993,0.214907,0,0,0
1768844641.400783,894,179.275563,0.200532,0,0,0
1768844641.501513,938,201.501643,0.214821,0,0,0
1768844641.600913,941,191.529371,0.203538,0,0,0
1768844641.700986,916,208.038343,0.227116,0,0,0
1768844641.802147,912,202.233515,0.221747,0,0,0
1768844641.900589,947,218.923745,0.231176,0,0,0
1768844642.000851,915,208.308426,0.227659,0,0,0
1768844642.100171,889,208.717656,0.234778,0,0,0
1768844642.200372,924,198.115606,0.214411,0,0,0
1768844642.302064,916,218.155797,0.238161,0,0,0
1768844642.402013,930,210.522671,0.226368,0,0,0
1768844642.502106,899,209.922369,0.233507,0,0,0
1768844642.600894,784,189.067052,0.241157,0,0,0
1768844642.702052,759,185.284685,0.244117,0,0,0
1768844642.801006,882,214.196547,0.242853,0,0,0
1768844642.901222,873,204.410949,0.234148,0,0,0
1768844643.001369,890,215.388394,0.242009,0,0,0
1768844643.100484,866,213.015165,0.245976,0,0,0
1768844643.200964,806,202.662872,0.251443,0,0,0
1768844643.300309,867,218.428050,0.251935,0,0,0
1768844643.402086,819,199.520798,0.243615,0,0,0
1768844643.502072,740,173.088387,0.233903,0,0,0
1768844643.601499,844,185.197505,0.219428,0,0,0
1768844643.702060,829,201.050368,0.242522,0,0,0
1768844643.800946,822,200.341209,0.243724,0,0,0
1768844643.900981,789,184.388515,0.233699,0,0,0
1768844644.000571,794,189.299828,0.238413,0,0,0
1768844644.100446,751,173.203744,0.230631,0,0,0
1768844644.200580,768,174.992307,0.227855,0,0,0
1768844644.300919,737,171.946033,0.233305,0,0,0
1768844644.401059,633,144.765780,0.228698,0,0,0
1768844644.501505,620,142.258450,0.229449,0,0,0
1768844644.600890,786,191.594026,0.243758,0,0,0
1768844644.701148,758,180.574317,0.238225,0,0,0
1768844644.801005,779,180.072981,0.231159,0,0,0
1768844644.900501,763,179.854376,0.235720,0,0,0
1768844645.000486,791,184.776124,0.233598,0,0,0
1768844645.101104,713,161.539252,0.226563,0,0,0
1768844645.200476,638,145.379280,0.227867,0,0,0
1768844645.301084,824,187.502717,0.227552,0,0,0
1768844645.401098,741,177.774622,0.239912,0,0,0
1768844645.501288,792,182.952568,0.231001,0,0,0
1768844645.601257,747,174.976409,0.234239,0,0,0
1768844645.701182,645,149.094516,0.231154,0,0,0
1768844645.800932,746,179.341222,0.240404,0,0,0
1768844645.903471,733,183.614392,0.250497,0,0,0
1768844646.000743,708,178.076749,0.251521,0,0,0
1768844646.100939,770,199.933397,0.259654,0,0,0
1768844646.200484,789,192.267891,0.243686,0,0,0
1768844646.300819,789,193.554994,0.245317,0,0,0
1768844646.401306,734,178.678053,0.243431,0,0,0
1768844646.500733,809,195.267640,0.241369,0,0,0
1768844646.600801,808,202.101905,0.250126,0,0,0
1768844646.701322,787,185.730637,0.235998,0,0,0
1768844646.801173,704,164.651244,0.233880,0,0,0
1768844646.900994,851,209.781000,0.246511,0,0,0
1768844647.000768,851,222.569527,0.261539,0,0,0
1768844647.100620,889,225.029257,0.253126,0,0,0
1768844647.200742,887,214.979316,0.242367,0,0,0
1768844647.300487,868,214.820143,0.247489,0,0,0
1768844647.400764,893,205.980878,0.230662,0,0,0
1768844647.500640,815,183.788166,0.225507,0,0,0
1768844647.600788,882,206.756775,0.234418,0,0,0
1768844647.702387,811,186.544700,0.230018,0,0,0
1768844647.801057,712,165.147121,0.231948,0,0,0
1768844647.901350,700,159.763603,0.228234,0,0,0
1768844648.000588,697,158.891726,0.227965,0,0,0
1768844648.100532,908,185.292501,0.204067,0,0,0
1768844648.201339,904,200.095095,0.221344,0,0,0
1768844648.300562,915,189.377604,0.206970,0,0,0
1768844648.401083,871,198.373927,0.227754,0,0,0
1768844648.501780,889,195.024312,0.219375,0,0,0
1768844648.600556,875,194.542487,0.222334,0,0,0
1768844648.700185,949,206.715358,0.217824,0,0,0
1768844648.800718,954,204.611132,0.214477,0,0,0
1768844648.901155,867,179.940262,0.207544,0,0,0
1768844649.000981,774,162.248833,0.209624,0,0,0
1768844649.100871,954,209.970194,0.220095,0,0,0
1768844649.200545,969,218.446414,0.225435,0,0,0
1768844649.300838,843,180.978298,0.214684,0,0,0
1768844649.401417,782,165.151710,0.211191,0,0,0
1768844649.501169,1000,206.662709,0.206663,0,0,0
1768844649.603773,977,214.401255,0.219449,0,0,0
1768844649.702227,1063,226.194079,0.212788,0,0,0
1768844649.800539,1054,228.242324,0.216549,0,0,0
1768844649.902256,1029,208.920419,0.203032,0,0,0
1768844650.000714,1074,219.026892,0.203936,0,0,0
1768844650.101218,1081,225.331620,0.208447,0,0,0
1768844650.201121,954,185.501879,0.194446,0,0,0
1768844650.301093,1110,225.163421,0.202850,0,0,0
1768844650.400667,1173,237.386181,0.202375,0,0,0
1768844650.500829,1168,240.268606,0.205709,0,0,0
1768844650.601440,1095,229.342541,0.209445,0,0,0
1768844650.701986,926,189.369162,0.204502,0,0,0
1768844650.800720,1112,246.251674,0.221449,0,0,0
1768844650.901392,1119,246.436228,0.220229,0,0,0
1768844651.001240,993,200.895358,0.202312,0,0,0
1768844651.101499,1142,254.416251,0.222781,0,0,0
1768844651.200598,1222,256.946829,0.210267,0,0,0
1768844651.301179,1229,256.573774,0.208766,0,0,0
1768844651.400995,1097,213.798815,0.194894,0,0,0
1768844651.500813,976,190.384624,0.195066,0,0,0
1768844651.600832,1282,294.094474,0.229403,0,0,0
1768844651.700984,1294,300.189119,0.231985,0,0,0
1768844651.800771,1118,235.055240,0.210246,0,0,0
1768844651.900429,1348,323.974239,0.240337,0,0,0
1768844652.002775,1405,326.214596,0.232181,0,0,0
1768844652.100935,1416,323.547303,0.228494,0,0,0
1768844652.201340,1210,281.020783,0.232249,0,0,0
1768844652.301333,1472,354.737422,0.240990,0,0,0
1768844652.400633,1339,295.612395,0.220771,0,0,0
1768844652.500876,1532,373.593843,0.243860,0,0,0
1768844652.601207,1600,412.352266,0.257720,0,0,0
1768844652.700724,1382,344.082153,0.248974,0,0,0
1768844652.800513,1675,412.394577,0.246206,0,0,0
1768844652.901176,1486,366.994259,0.246968,0,0,0
1768844653.000540,1288,326.331819,0.253363,0,0,0
1768844653.100449,1733,463.608905,0.267518,0,0,0
1768844653.200661,1559,392.875015,0.252004,0,0,0
1768844653.300477,1731,455.248153,0.262997,0,0,0
1768844653.401428,1692,456.857065,0.270010,0,0,0
1768844653.500659,1382,364.974670,0.264092,0,0,0
1768844653.598382,1232,340.815701,0.276636,0,0,0
1768844653.701806,1243,349.017265,0.280786,0,0,0
1768844653.800701,1573,414.566420,0.263551,0,0,0
1768844653.902324,1525,395.347470,0.259244,0,0,0
1768844654.000764,1557,402.502026,0.258511,0,0,0
1768844654.101005,1512,395.433116,0.261530,0,0,0
1768844654.201406,1250,337.896515,0.270317,0,0,0
1768844654.301684,1598,427.016405,0.267219,0,0,0
1768844654.402427,1629,414.617943,0.254523,0,0,0
1768844654.500400,1323,334.863548,0.253109,0,0,0
1768844654.602440,1684,434.333460,0.257918,0,0,0
1768844654.702554,1470,363.967668,0.247597,0,0,0
1768844654.801170,1632,437.845486,0.268288,0,0,0
1768844654.901269,1591,412.123708,0.259034,0,0,0
1768844655.001413,1287,323.074899,0.251029,0,0,0
1768844655.101441,1159,312.486365,0.269617,0,0,0
1768844655.201059,1377,348.782080,0.253291,0,0,0
1768844655.300733,1324,343.304085,0.259293,0,0,0
1768844655.400820,1334,355.740872,0.266672,0,0,0
1768844655.501514,1082,298.466215,0.275847,0,0,0
1768844655.600690,1343,367.989519,0.274006,0,0,0
1768844655.700420,1304,358.628191,0.275022,0,0,0
1768844655.803421,1250,340.250296,0.272200,0,0,0
1768844655.901331,1148,303.962376,0.264776,0,0,0
1768844656.001501,946,256.639604,0.271289,0,0,0
1768844656.100677,911,250.951108,0.275468,0,0,0
1768844656.201352,1128,315.200788,0.279433,0,0,0
1768844656.300924,1061,287.935947,0.271382,0,0,0
1768844656.400346,1144,323.666923,0.282926,0,0,0
1768844656.500814,1046,303.850051,0.290488,0,0,0
1768844656.603535,1078,310.390733,0.287932,0,0,0
1768844656.700466,1055,302.094815,0.286346,0,0,0
1768844656.800886,894,252.261186,0.282171,0,0,0
1768844656.902802,999,292.377621,0.292670,0,0,0
1768844657.000422,889,262.596679,0.295384,0,0,0
1768844657.100439,798,233.182933,0.292209,0,0,0
1768844657.201150,992,277.425729,0.279663,0,0,0
1768844657.300393,879,240.213025,0.273280,0,0,0
1768844657.399181,760,213.706760,0.281193,0,0,0
1768844657.600893,973,279.562656,0.287320,0,0,0
1768844657.700397,960,254.942774,0.265565,0,0,0
1768844657.801404,859,235.291539,0.273913,0,0,0
1768844657.900417,912,248.037955,0.271971,0,0,0
1768844658.001325,908,256.064488,0.282009,0,0,0
1768844658.100447,813,232.780027,0.286322,0,0,0
1768844658.201809,868,249.632415,0.287595,0,0,0
1768844658.301184,790,212.959940,0.269570,0,0,0
1768844658.400666,871,242.163822,0.278030,0,0,0
1768844658.500794,871,227.391078,0.261069,0,0,0
1768844658.601324,857,240.324993,0.280426,0,0,0
1768844658.701344,821,211.016904,0.257024,0,0,0
1768844658.801870,878,241.201043,0.274716,0,0,0
1768844658.900532,873,231.468297,0.265141,0,0,0
1768844659.004129,847,234.082322,0.276366,0,0,0
1768844659.100846,834,230.083508,0.275880,0,0,0
1768844659.201445,702,183.166766,0.260921,0,0,0
1768844659.300393,788,214.495117,0.272202,0,0,0
1768844659.401099,763,202.893586,0.265916,0,0,0
1768844659.500811,752,201.648951,0.268150,0,0,0
1768844659.600514,763,191.432567,0.250895,0,0,0
1768844659.700814,673,165.508328,0.245926,0,0,0
1768844659.801484,624,153.910096,0.246651,0,0,0
1768844659.900583,620,153.902256,0.248229,0,0,0
1768844660.001187,786,191.516263,0.243659,0,0,0
1768844660.100343,791,196.012596,0.247804,0,0,0
1768844660.200467,717,181.907877,0.253707,0,0,0
1768844660.301643,791,198.560877,0.251025,0,0,0
1768844660.400706,776,175.677008,0.226388,0,0,0
1768844660.500515,790,183.276071,0.231995,0,0,0
1768844660.601314,762,174.142116,0.228533,0,0,0
1768844660.698907,780,189.137213,0.242484,0,0,0
1768844660.800357,749,168.402002,0.224836,0,0,0
1768844660.901809,671,145.774034,0.217249,0,0,0
1768844661.000487,637,141.897675,0.222759,0,0,0
1768844661.100526,712,164.130474,0.230520,0,0,0
1768844661.201480,732,162.700775,0.222269,0,0,0
1768844661.301558,730,150.508891,0.206177,0,0,0
1768844661.401497,743,152.486447,0.205231,0,0,0
1768844661.501440,703,144.170571,0.205079,0,0,0
1768844661.600421,723,149.751891,0.207126,0,0,0
1768844661.700454,706,144.064408,0.204057,0,0,0
1768844661.800537,684,138.982877,0.203191,0,0,0
1768844661.901474,693,142.915141,0.206227,0,0,0
1768844662.000556,616,122.544813,0.198936,0,0,0
1768844662.099398,696,143.574566,0.206285,0,0,0
1768844662.200526,608,121.870450,0.200445,0,0,0
1768844662.300521,564,107.558320,0.190706,0,0,0
1768844662.400596,700,130.292510,0.186132,0,0,0
1768844662.500763,701,124.475709,0.177569,0,0,0
1768844662.600479,696,117.260427,0.168478,0,0,0
1768844662.700580,707,127.984095,0.181024,0,0,0
1768844662.800497,698,111.822587,0.160204,0,0,0
1768844662.902818,729,123.935141,0.170007,0,0,0
1768844663.000541,691,112.483607,0.162784,0,0,0
1768844663.100451,633,103.031474,0.162767,0,0,0
1768844663.199796,654,106.899673,0.163455,0,0,0
1768844663.300484,678,111.281746,0.164132,0,0,0
1768844663.400508,633,103.058525,0.162810,0,0,0
1768844663.501468,576,89.653246,0.155648,0,0,0
1768844663.600434,603,93.244547,0.154634,0,0,0
1768844663.700704,699,99.047058,0.141698,0,0,0
1768844663.800600,662,89.684168,0.135475,0,0,0
1768844663.900439,700,100.706098,0.143866,0,0,1
1768844664.000579,679,96.850316,0.142637,0,0,1
1768844664.100590,631,86.301412,0.136769,0,0,1
1768844664.200724,575,76.052608,0.132265,0,0,1
1768844664.300555,648,96.874809,0.149498,0,0,1
1768844664.400512,617,91.451800,0.148220,0,0,1
1768844664.500555,564,75.695823,0.134212,0,0,1
1768844664.600551,551,72.122192,0.130893,0,0,1
1768844664.701085,552,72.229657,0.130851,0,0,1
1768844664.800777,553,72.587120,0.131261,0,0,1
1768844664.900699,687,100.726597,0.146618,0,0,1
1768844665.000520,684,99.974479,0.146162,0,0,1
1768844665.101220,678,100.259405,0.147875,0,0,1
1768844665.200524,683,112.512509,0.164733,0,0,1
1768844665.300599,617,99.426588,0.161145,0,0,1
1768844665.400645,698,108.597865,0.155584,0,0,0
1768844665.500534,691,112.361976,0.162608,0,0,0
1768844665.600665,699,109.501664,0.156655,0,0,0
1768844665.701454,691,113.870457,0.164791,0,0,0
1768844665.800721,639,105.244204,0.164701,0,0,0
1768844665.900537,582,90.128950,0.154861,0,0,0
1768844666.000704,575,86.869089,0.151077,0,0,0
1768844666.100562,680,130.592070,0.192047,0,0,0
1768844666.201004,705,134.329068,0.190538,0,0,0
1768844666.300562,743,135.715938,0.182659,0,0,0
1768844666.400856,702,119.434630,0.170135,0,0,0
1768844666.500723,731,127.984024,0.175081,0,0,0
1768844666.600793,729,135.868987,0.186377,0,0,0
1768844666.700633,688,129.307083,0.187946,0,0,0
1768844666.800528,709,128.298242,0.180957,0,0,0
1768844666.900650,666,125.217795,0.188015,0,0,0
1768844667.001371,726,131.346913,0.180919,0,0,0
1768844667.102234,666,124.301916,0.186640,0,0,0
1768844667.200598,608,109.299632,0.179769,0,0,0
1768844667.300865,594,108.467073,0.182604,0,0,0
1768844667.400624,766,171.624933,0.224053,0,0,0
1768844667.500663,795,173.734793,0.218534,0,0,0
1768844667.600720,790,169.506223,0.214565,0,0,0
1768844667.700614,813,176.287067,0.216835,0,0,0
1768844667.800646,839,177.621970,0.211707,0,0,0
1768844667.899972,745,152.946379,0.205297,0,0,0
1768844668.002291,834,188.850095,0.226439,0,0,0
1768844668.100616,821,188.507165,0.229607,0,0,0
1768844668.200724,819,205.709256,0.251171,0,0,0
1768844668.300698,815,188.361784,0.231119,0,0,0
1768844668.400683,826,193.026604,0.233688,0,0,0
1768844668.501419,721,160.148813,0.222120,0,0,0
1768844668.600837,667,149.299912,0.223838,0,0,0
1768844668.703708,915,204.222998,0.223195,0,0,0
1768844668.800692,862,215.566716,0.250077,0,0,0
1768844668.900600,903,226.637374,0.250983,0,0,0
1768844669.000746,908,234.992751,0.258803,0,0,0
1768844669.100751,890,214.505201,0.241017,0,0,0
1768844669.201042,850,230.171554,0.270790,0,0,0
1768844669.304515,882,232.632636,0.263756,0,0,0
1768844669.402432,952,248.381298,0.260905,0,0,0
1768844669.500635,855,218.902974,0.256027,0,0,0
1768844669.600883,791,206.275514,0.260778,0,0,0
1768844669.700784,784,204.923050,0.261381,0,0,0
1768844669.800731,954,263.228539,0.275921,0,0,0
1768844669.900714,929,259.844357,0.279703,0,0,0
1768844670.001789,976,273.170532,0.279888,0,0,0
1768844670.100685,1008,280.133944,0.277911,0,0,0
1768844670.200630,1051,283.501026,0.269744,0,0,0
1768844670.300542,1068,304.031261,0.284673,0,0,0
1768844670.400939,1114,298.447669,0.267906,0,0,0
1768844670.501325,1119,306.909477,0.274271,0,0,0
1768844670.600639,1137,308.283402,0.271138,0,0,0
1768844670.700803,1161,320.034432,0.275654,0,0,0
1768844670.800698,1029,280.057852,0.272165,0,0,0
1768844670.900642,939,260.939091,0.277890,0,0,0
1768844671.001711,1286,328.789484,0.255668,0,0,0
1768844671.097889,1351,365.810372,0.270770,0,0,0
1768844671.200812,1381,356.151029,0.257894,0,0,0
1768844671.300689,1433,374.410396,0.261277,0,0,0
1768844671.400819,1428,391.047747,0.273843,0,0,0
1768844671.500875,1491,389.398064,0.261166,0,0,0
1768844671.600772,1584,423.754589,0.267522,0,0,0
1768844671.700676,1606,415.614722,0.258789,0,0,0
1768844671.803059,1653,424.365029,0.256724,0,0,0
1768844671.900683,1316,320.600230,0.243617,0,0,0
1768844672.000858,1184,294.998032,0.249154,0,0,0
1768844672.100682,1556,417.048839,0.268026,0,0,0
1768844672.200984,1479,392.192705,0.265174,0,0,0
1768844672.300753,1538,421.241799,0.273889,0,0,0
1768844672.400859,1494,404.078731,0.270468,0,0,0
1768844672.500866,1495,399.602845,0.267293,0,0,0
1768844672.600686,1304,343.114613,0.263125,0,0,0
1768844672.700851,1479,392.849821,0.265619,0,0,0
1768844672.796738,1504,404.787176,0.269140,0,0,0
1768844672.900773,1506,394.739784,0.262111,0,0,0
1768844673.000671,1522,402.437387,0.264414,0,0,0
1768844673.100966,1479,380.007877,0.256936,0,0,0
1768844673.200976,1502,405.327844,0.269859,0,0,0
1768844673.300870,1318,355.551131,0.269766,0,0,0
1768844673.403545,1169,311.840065,0.266758,0,0,0
1768844673.500819,1161,310.899034,0.267786,0,0,0
1768844673.600069,1157,309.823051,0.267781,0,0,0
1768844673.701056,1386,381.623316,0.275341,0,0,0
1768844673.800767,1467,406.851730,0.277336,0,0,0
1768844673.900887,1181,313.612435,0.265548,0,0,0
1768844674.000881,1022,275.331653,0.269405,0,0,0
1768844674.100816,1019,275.352168,0.270218,0,0,0
1768844674.201759,1430,394.369681,0.275783,0,0,0
1768844674.299456,1511,414.545327,0.274352,0,0,0
1768844674.400775,1543,433.940231,0.281232,0,0,0
1768844674.501774,1453,394.964710,0.271827,0,0,0
1768844674.601429,1473,411.031409,0.279044,0,0,0
1768844674.701577,1019,205.040029,0.201217,0,0,0
1768844674.800831,815,148.745061,0.182509,0,0,0
1768844674.900582,1378,379.173417,0.275162,0,0,0
1768844675.004772,1335,367.222561,0.275073,0,0,0
1768844675.100655,1388,394.182322,0.283993,0,0,0
1768844675.202139,1363,387.908329,0.284599,0,0,0
1768844675.301566,1400,390.270717,0.278765,0,0,0
1768844675.401024,1459,387.301475,0.265457,0,0,0
1768844675.500843,1415,380.223098,0.268709,0,0,0
1768844675.600762,1471,382.733828,0.260186,0,0,0
1768844675.700908,1360,359.531694,0.264362,0,0,0
1768844675.802210,1436,375.699503,0.261629,0,0,0
1768844675.901911,1445,397.200713,0.274879,0,0,0
1768844676.000319,1273,356.311387,0.279899,0,0,0
1768844676.100911,1398,390.515700,0.279339,0,0,0
1768844676.200824,1441,389.505209,0.270302,0,0,0
1768844676.301011,1282,349.792416,0.272849,0,0,0
1768844676.400797,1468,400.609587,0.272895,0,0,0
1768844676.500961,1432,390.467594,0.272673,0,0,0
1768844676.599770,1434,395.443615,0.275763,0,0,0
1768844676.701586,1461,389.144579,0.266355,0,0,0
1768844676.900862,1428,384.357493,0.269158,0,0,0
1768844677.000886,1402,371.017205,0.264634,0,0,0
1768844677.101211,1422,383.080904,0.269396,0,0,0
1768844677.200838,1235,335.022943,0.271274,0,0,0
1768844677.300964,1473,409.589863,0.278065,0,0,0
1768844677.401429,1327,360.375559,0.271572,0,0,0
1768844677.496810,1492,413.402981,0.277080,0,0,0
1768844677.600933,1385,387.964862,0.280119,0,0,0
1768844677.700794,1155,298.763767,0.258670,0,0,0
1768844677.800944,1141,291.931171,0.255856,0,0,0
1768844677.903346,1414,385.010583,0.272285,0,0,0
1768844678.000992,1415,391.767528,0.276868,0,0,0
1768844678.101459,1265,347.334709,0.274573,0,0,0
1768844678.203800,1382,371.582155,0.268873,0,0,0
1768844678.300702,1452,395.837943,0.272616,0,0,0
1768844678.400954,1462,406.191177,0.277833,0,0,0
1768844678.500950,1429,400.485289,0.280256,0,0,0
1768844678.600845,1230,342.535269,0.278484,0,0,0
1768844678.700905,1119,321.095952,0.286949,0,0,0
1768844678.803432,1587,416.093671,0.262189,0,0,0
1768844678.901069,1330,322.465880,0.242456,0,0,0
1768844679.001452,1038,235.801880,0.227169,0,0,0
1768844679.103329,1400,388.213131,0.277295,0,0,0
1768844679.200469,1392,380.974432,0.273689,0,0,0
1768844679.300876,1379,387.890589,0.281284,0,0,0
1768844679.400519,1351,388.563297,0.287612,0,0,0
1768844679.501236,1390,386.636037,0.278155,0,0,0
1768844679.601017,1390,383.682206,0.276030,0,0,0
1768844679.701139,1445,403.843706,0.279477,0,0,0
1768844679.803071,1275,348.955349,0.273690,0,0,0
1768844679.901851,1606,425.181316,0.264746,0,0,0
1768844680.001007,1573,408.489920,0.259688,0,0,0
1768844680.101500,1600,418.289737,0.261431,0,0,0
1768844680.200900,1463,377.999606,0.258373,0,0,0
1768844680.300884,1254,335.515458,0.267556,0,0,0
1768844680.400980,1246,335.058738,0.268907,0,0,0
1768844680.500313,1496,382.512533,0.255690,0,0,0
1768844680.600923,1547,387.328012,0.250374,0,0,0
1768844680.700888,1423,349.742352,0.245778,0,0,0
1768844680.801786,1241,321.010702,0.258671,0,0,0
1768844680.901077,1617,399.178693,0.246864,0,0,0
1768844681.000992,1618,398.055605,0.246017,0,0,0
1768844681.101066,1401,332.997466,0.237686,0,0,0
1768844681.200479,1658,416.648002,0.251296,0,0,0
1768844681.300937,1707,435.765078,0.255281,0,0,0
1768844681.401033,1687,421.569504,0.249893,0,0,0
1768844681.501215,1358,305.161848,0.224714,0,0,0
1768844681.598583,1829,475.512303,0.259985,0,0,0
1768844681.702766,1829,460.044095,0.251528,0,0,0
1768844681.801025,1871,476.854829,0.254866,0,0,0
1768844681.901066,1919,491.975956,0.256371,0,0,0
1768844682.001038,1815,462.221086,0.254667,0,0,0
1768844682.100942,1686,415.705736,0.246563,0,0,0
1768844682.199025,1757,400.790264,0.228111,0,0,0
1768844682.301183,1544,360.727784,0.233632,0,0,0
1768844682.401050,1420,343.225922,0.241708,0,0,0
1768844682.500594,1737,409.956951,0.236014,0,0,0
1768844682.601037,1755,424.097768,0.241651,0,0,0
1768844682.701309,1573,372.339366,0.236707,0,0,0
1768844682.801072,1814,438.229025,0.241582,0,0,0
1768844682.901148,1647,386.640114,0.234754,0,0,0
1768844683.003430,1816,424.180917,0.233580,0,0,0
1768844683.100964,1817,429.054797,0.236134,0,0,0
1768844683.200982,1698,382.128503,0.225046,0,0,0
1768844683.300716,1740,420.617363,0.241734,0,0,0
1768844683.401156,1623,369.248210,0.227510,0,0,0
1768844683.501291,1609,368.327319,0.228917,0,0,0
1768844683.601071,1457,333.667458,0.229010,0,0,0
1768844683.701308,1600,351.373137,0.219608,0,0,0
1768844683.801303,1482,335.161253,0.226155,0,0,0
1768844683.901171,1328,315.617637,0.237664,0,0,0
1768844684.001034,1632,361.995942,0.221811,0,0,0
1768844684.096995,1673,363.808393,0.217459,0,0,0
1768844684.201317,1649,362.402515,0.219771,0,0,0
1768844684.301144,1630,344.022669,0.211057,0,0,0
1768844684.401054,1451,309.341157,0.213192,0,0,0
1768844684.501038,1653,327.146207,0.197911,0,0,0
1768844684.601262,1590,330.951341,0.208145,0,0,0
1768844684.701240,1619,326.541429,0.201693,0,0,0
1768844684.801087,1561,321.432627,0.205915,0,0,0
1768844684.901872,1341,285.238184,0.212706,0,0,0
1768844685.001164,1303,287.893016,0.220946,0,0,0
1768844685.101033,1309,290.423877,0.221867,0,0,0
1768844685.201269,1640,338.941331,0.206672,0,0,0
1768844685.301182,1654,346.181982,0.209300,0,0,0
1768844685.401221,1514,326.003020,0.215326,0,0,0
1768844685.501079,1619,327.569811,0.202328,0,0,0
1768844685.602863,1641,333.875821,0.203459,0,0,0
1768844685.701076,1495,303.696248,0.203141,0,0,0
1768844685.801145,1334,285.727959,0.214189,0,0,0
1768844685.901220,1596,307.514966,0.192679,0,0,0
1768844686.001079,1614,315.424770,0.195430,0,0,0
1768844686.101177,1655,344.514061,0.208166,0,0,0
1768844686.201071,1659,319.778207,0.192754,0,0,0
1768844686.301077,1589,338.134922,0.212797,0,0,0
1768844686.401315,1396,300.624319,0.215347,0,0,0
1768844686.501073,1688,329.556571,0.195235,0,0,0
1768844686.601223,1589,310.866670,0.195637,0,0,0
1768844686.701282,1700,333.471626,0.196160,0,0,0
1768844686.801159,1614,317.540642,0.196741,0,0,0
1768844686.898139,1710,336.161220,0.196586,0,0,0
1768844687.002255,1689,340.676210,0.201703,0,0,0
1768844687.101136,1733,339.754231,0.196050,0,0,0
1768844687.201226,1741,344.804978,0.198050,0,0,0
1768844687.301641,1727,332.024672,0.192255,0,0,0
1768844687.401146,1721,341.506161,0.198435,0,0,0
1768844687.501374,1765,350.339242,0.198492,0,0,0
1768844687.601254,1592,314.422381,0.197501,0,0,0
1768844687.701331,1372,286.769918,0.209016,0,0,0
1768844687.801235,1367,287.654851,0.210428,0,0,0
1768844687.900252,1793,351.254614,0.195903,0,0,0
1768844688.001133,1761,346.221720,0.196605,0,0,0
1768844688.101806,1884,377.335425,0.200284,0,0,0
1768844688.201337,1745,345.290733,0.197874,0,0,0
1768844688.301132,1479,317.194910,0.214466,0,0,0
1768844688.401304,1836,379.737943,0.206829,0,0,0
1768844688.501325,1737,344.828162,0.198519,0,0,0
1768844688.602672,1784,352.058016,0.197342,0,0,0
1768844688.698640,1850,351.350462,0.189919,0,0,0
1768844688.801241,1905,359.583279,0.188758,0,0,0
1768844688.902012,1907,371.291372,0.194699,0,0,0
1768844689.001145,1642,312.477281,0.190303,0,0,0
1768844689.101408,1950,406.582648,0.208504,0,0,0
1768844689.201175,1845,364.579156,0.197604,0,0,0
1768844689.301142,1971,430.833562,0.218586,0,0,0
1768844689.401318,1857,412.318541,0.222035,0,0,0
1768844689.501312,1903,407.430995,0.214099,0,0,0
1768844689.603782,1871,413.508316,0.221009,0,0,0
1768844689.701254,1609,346.830637,0.215557,0,0,0
1768844689.801197,1994,458.247551,0.229813,0,0,0
1768844689.901199,2108,508.735072,0.241335,0,0,0
1768844690.001291,2079,509.653175,0.245143,0,0,0
1768844690.100731,2085,498.848081,0.239256,0,0,0
1768844690.201339,2025,469.976007,0.232087,0,0,0
1768844690.301293,1774,408.075479,0.230031,0,0,0
1768844690.401303,1982,474.766884,0.239539,0,0,0
1768844690.501425,1807,425.016481,0.235206,0,0,0
1768844690.601305,2020,484.091316,0.239649,0,0,0
1768844690.701287,1852,430.115417,0.232244,0,0,0
1768844690.802210,2014,472.872996,0.234793,0,0,0
1768844690.901330,1946,465.538248,0.239228,0,0,0
1768844691.005177,1935,450.219768,0.232672,0,0,0
1768844691.101297,1888,449.204486,0.237926,0,0,0
1768844691.201629,1877,457.633150,0.243811,0,0,0
1768844691.300233,1934,480.286159,0.248338,0,0,0
1768844691.401321,1602,385.002240,0.240326,0,0,0
1768844691.501244,1439,360.609578,0.250597,0,0,0
1768844691.601207,1966,478.912433,0.243597,0,0,0
1768844691.701278,1933,457.799156,0.236834,0,0,0
1768844691.799467,1553,379.487124,0.244357,0,0,0
1768844691.901395,1474,368.821691,0.250218,0,0,0
1768844692.003219,1884,459.630051,0.243965,0,0,0
1768844692.102069,1790,423.254145,0.236455,0,0,0
1768844692.201231,1872,443.571704,0.236951,0,0,0
1768844692.301238,1865,449.295427,0.240909,0,0,0
1768844692.401280,1793,422.437239,0.235604,0,0,0
1768844692.501383,1877,443.571310,0.236319,0,0,0
1768844692.601428,1881,466.424385,0.247966,0,0,0
1768844692.701259,1869,450.560126,0.241070,0,0,0
1768844692.801370,1825,427.069125,0.234010,0,0,0
1768844692.900978,1438,337.443185,0.234661,0,0,0
1768844693.001497,1864,439.811045,0.235950,0,0,0
1768844693.101251,1683,386.461589,0.229627,0,0,0
1768844693.200699,1850,438.008536,0.236761,0,0,0
1768844693.301306,1842,447.037634,0.242691,0,0,0
1768844693.401376,1585,375.750476,0.237067,0,0,0
1768844693.501286,1829,432.397982,0.236412,0,0,0
1768844693.601143,1805,406.616735,0.225272,0,0,0
1768844693.702005,1807,434.731664,0.240582,0,0,0
1768844693.801413,1594,374.894946,0.235191,0,0,0
1768844693.900502,1826,423.198559,0.231763,0,0,0
1768844694.002354,1841,406.190129,0.220636,0,0,0
1768844694.101278,1474,326.220390,0.221316,0,0,0
1768844694.201607,1891,446.713439,0.236231,0,0,0
1768844694.300554,1775,433.186184,0.244049,0,0,0
1768844694.400462,1867,447.574933,0.239729,0,0,0
1768844694.501344,1754,436.691016,0.248969,0,0,0
1768844694.601291,1765,436.788950,0.247472,0,0,0
1768844694.700598,1768,431.432239,0.244023,0,0,0
1768844694.800301,1761,434.954664,0.246993,0,0,0
1768844694.901517,1744,427.010805,0.244846,0,0,0
1768844695.002061,1702,423.703096,0.248944,0,0,0
1768844695.095971,1359,335.517218,0.246885,0,0,0
1768844695.203654,1753,426.261786,0.243161,0,0,0
1768844695.301453,1559,374.170085,0.240006,0,0,0
1768844695.401656,1727,433.579912,0.251060,0,0,0
1768844695.502247,1721,407.353020,0.236696,0,0,0
1768844695.601450,1481,338.349274,0.228460,0,0,0
1768844695.701358,1723,400.820354,0.232629,0,0,0
1768844695.801508,1706,410.032087,0.240347,0,0,0
1768844695.901370,1706,403.949845,0.236782,0,0,0
1768844696.001445,1709,406.290403,0.237736,0,0,0
1768844696.101442,1413,340.773971,0.241171,0,0,0
1768844696.201722,1654,390.884710,0.236327,0,0,0
1768844696.301353,1601,378.356172,0.236325,0,0,0
1768844696.401381,1372,314.256943,0.229050,0,0,0
1768844696.501366,1206,282.554766,0.234291,0,0,0
1768844696.601465,1651,386.659249,0.234197,0,0,0
1768844696.703232,1630,362.740679,0.222540,0,0,0
1768844696.803879,1709,383.797011,0.224574,0,0,0
1768844696.901509,1675,381.177225,0.227568,0,0,0
1768844697.001875,1368,302.938964,0.221447,0,0,0
1768844697.101496,1638,372.650824,0.227504,0,0,0
1768844697.200453,1637,363.351345,0.221962,0,0,0
1768844697.301464,1431,309.121650,0.216018,0,0,0
1768844697.402834,1611,346.592274,0.215141,0,0,0
1768844697.500563,1579,356.706074,0.225906,0,0,0
1768844697.601433,1611,348.500289,0.216325,0,0,0
1768844697.700284,1401,299.413671,0.213714,0,0,0
1768844697.801394,1214,266.504432,0.219526,0,0,0
1768844697.901637,1604,346.737710,0.216171,0,0,0
1768844698.000688,1569,323.575647,0.206230,0,0,0
1768844698.101458,1612,345.462608,0.214307,0,0,0
1768844698.201477,1480,319.743595,0.216043,0,0,0
1768844698.300449,1253,266.894199,0.213004,0,0,0
1768844698.401449,1498,327.887457,0.218883,0,0,0
1768844698.501477,1565,351.081584,0.224333,0,0,0
1768844698.601454,1516,327.062104,0.215740,0,0,0
1768844698.701486,1344,285.111133,0.212136,0,0,0
1768844698.801736,1573,345.576455,0.219693,0,0,0
1768844698.901431,1428,305.132896,0.213678,0,0,0
1768844699.003809,1598,342.496503,0.214328,0,0,0
1768844699.101019,1619,347.770602,0.214806,0,0,0
1768844699.201606,1448,308.110315,0.212783,0,0,0
1768844699.301401,1583,331.073895,0.209143,0,0,0
1768844699.400980,1540,315.389080,0.204798,0,0,0
1768844699.501765,1525,338.584810,0.222023,0,0,0
1768844699.601607,1524,350.349750,0.229888,0,0,0
1768844699.701482,1556,373.393598,0.239970,0,0,0
1768844699.801545,1322,319.909942,0.241989,0,0,0
1768844699.900743,1548,351.252749,0.226907,0,0,0
1768844700.000477,1345,305.041139,0.226796,0,0,0
1768844700.100438,1221,273.393958,0.223910,0,0,0
1768844700.202080,1517,320.607307,0.211343,0,0,0
1768844700.301764,1447,307.387909,0.212431,0,0,0
1768844700.401433,1190,249.646661,0.209787,0,0,0
1768844700.500446,1180,249.900728,0.211780,0,0,0
1768844700.602065,1484,309.742629,0.208721,0,0,0
1768844700.701648,1561,332.936630,0.213284,0,0,0
1768844700.801551,1275,261.492097,0.205092,0,0,0
1768844700.900598,1520,304.813751,0.200535,0,0,0
1768844701.001496,1511,314.630075,0.208226,0,0,0
1768844701.099921,1506,309.217241,0.205324,0,0,0
1768844701.201525,1444,314.963664,0.218119,0,0,0
1768844701.303488,1430,294.785842,0.206144,0,0,0
1768844701.401641,1302,258.412534,0.198474,0,0,0
1768844701.500569,1129,209.255285,0.185346,0,0,0
1768844701.601546,1121,203.579727,0.181605,0,0,0
1768844701.701854,1117,204.660774,0.183224,0,0,0
1768844701.801570,1116,203.347661,0.182211,0,0,0
1768844701.901241,1403,292.287772,0.208331,0,0,0
1768844702.001632,1362,292.840550,0.215008,0,0,0
1768844702.101598,1304,282.381605,0.216550,0,0,0
1768844702.200123,1113,245.357347,0.220447,0,0,0
1768844702.301628,1356,293.587295,0.216510,0,0,0
1768844702.403741,1290,276.887138,0.214641,0,0,0
1768844702.500741,1412,294.866193,0.208829,0,0,0
1768844702.601586,1412,288.516824,0.204332,0,0,0
1768844702.701600,1280,264.463845,0.206612,0,0,0
1768844702.800642,1408,287.297235,0.204046,0,0,0
1768844702.901649,1367,275.541538,0.201567,0,0,0
1768844703.004462,1405,311.335906,0.221591,0,0,0
1768844703.100733,1337,284.414870,0.212726,0,0,0
1768844703.201625,1388,303.966910,0.218996,0,0,0
1768844703.301619,1277,278.533238,0.218115,0,0,0
1768844703.400043,1338,294.389240,0.220022,0,0,0
1768844703.501691,1324,277.065665,0.209264,0,0,0
1768844703.601624,1320,293.704785,0.222504,0,0,0
1768844703.701707,1371,288.576574,0.210486,0,0,0
1768844703.801759,1402,297.155288,0.211951,0,0,0
1768844703.902260,1392,300.756728,0.216061,0,0,0
1768844704.002570,1415,303.278838,0.214331,0,0,0
1768844704.102032,1307,276.744085,0.211740,0,0,0
1768844704.200203,1409,317.529151,0.225358,0,0,0
1768844704.301844,1298,286.510896,0.220733,0,0,0
1768844704.401158,1422,326.793549,0.229813,0,0,0
1768844704.501763,1361,299.119144,0.219779,0,0,0
1768844704.601619,1410,318.549655,0.225922,0,0,0
1768844704.701673,1333,308.737630,0.231611,0,0,0
1768844704.801740,1457,334.870003,0.229835,0,0,0
1768844704.901639,1436,325.985495,0.227009,0,0,0
1768844705.005637,1267,289.776421,0.228711,0,0,0
1768844705.100433,1133,263.981169,0.232993,0,0,0
1768844705.201864,1456,332.657920,0.228474,0,0,0
1768844705.301749,1407,319.900144,0.227363,0,0,0
1768844705.401643,1534,332.750932,0.216917,0,0,0
1768844705.500528,1422,304.831892,0.214368,0,0,0
1768844705.601696,1247,263.517743,0.211321,0,0,0
1768844705.701681,1580,323.275458,0.204605,0,0,0
1768844705.802611,1526,308.845710,0.202389,0,0,0
1768844705.900897,1559,324.879020,0.208389,0,0,0
1768844705.998302,1485,310.249278,0.208922,0,0,0
1768844706.100171,1571,320.118411,0.203767,0,0,0
1768844706.201767,1575,322.374905,0.204682,0,0,0
1768844706.301656,1630,327.067670,0.200655,0,0,0
1768844706.400638,1628,324.074279,0.199063,0,0,0
1768844706.501768,1624,329.784321,0.203069,0,0,0
1768844706.600618,1380,276.466156,0.200338,0,0,0
1768844706.700383,1602,335.202230,0.209240,0,0,0
1768844706.801767,1629,333.192383,0.204538,0,0,0
1768844706.900957,1456,304.074810,0.208843,0,0,0
1768844707.000501,1657,344.238538,0.207748,0,0,0
1768844707.201703,1517,312.193320,0.205797,0,0,0
1768844707.300674,1586,338.853816,0.213653,0,0,0
1768844707.398622,1613,336.806495,0.208807,0,0,0
1768844707.500785,1662,339.312195,0.204159,0,0,0
1768844707.601696,1643,333.261657,0.202837,0,0,0
1768844707.701945,1690,326.295943,0.193075,0,0,0
1768844707.803699,1684,338.907411,0.201251,0,0,0
1768844707.902081,1716,338.806379,0.197440,0,0,0
1768844708.001772,1662,319.330430,0.192136,0,0,0
1768844708.098068,1719,320.246873,0.186298,0,0,0
1768844708.200913,1493,285.224427,0.191041,0,0,0
1768844708.301874,1678,318.290948,0.189685,0,0,0
1768844708.400795,1633,311.375679,0.190677,0,0,0
1768844708.500421,1645,313.224234,0.190410,0,0,0
1768844708.600433,1542,289.686613,0.187864,0,0,0
1768844708.701895,1706,345.927562,0.202771,0,0,0
1768844708.800309,1745,327.520085,0.187691,0,0,0
1768844708.900672,1688,348.191040,0.206274,0,0,0
1768844709.000483,1757,345.886602,0.196862,0,0,0
1768844709.100559,1710,359.008293,0.209946,0,0,0
1768844709.201902,1542,328.192438,0.212836,0,0,0
1768844709.301100,1720,371.788372,0.216156,0,0,0
1768844709.403460,1723,361.893687,0.210037,0,0,0
1768844709.500746,1733,388.196206,0.224002,0,0,0
1768844709.601339,1743,368.945871,0.211673,0,0,0
1768844709.701875,1793,402.471553,0.224468,0,0,0
1768844709.802321,1583,352.762354,0.222844,0,0,0
1768844709.901839,1463,324.624096,0.221889,0,0,0
1768844710.000677,1836,407.243331,0.221810,0,0,0
1768844710.100841,1823,382.923171,0.210051,0,0,0
1768844710.200681,1636,348.032833,0.212734,0,0,0
1768844710.300167,1837,379.725194,0.206709,0,0,0
1768844710.401444,1850,401.171225,0.216849,0,0,0
1768844710.502752,1817,389.847154,0.214555,0,0,0
1768844710.600601,1844,400.417136,0.217146,0,0,0
1768844710.701424,1837,391.765600,0.213264,0,0,0
1768844710.802338,1618,346.134111,0.213927,0,0,0
1768844710.901851,1819,396.952900,0.218226,0,0,0
1768844711.003420,1861,409.079777,0.219817,0,0,0
1768844711.099952,1862,418.918414,0.224983,0,0,0
1768844711.201838,1596,366.309987,0.229518,0,0,0
1768844711.299983,1515,349.487041,0.230685,0,0,0
1768844711.402548,1515,347.620676,0.229453,0,0,0
1768844711.501859,1901,418.648275,0.220225,0,0,0
1768844711.602586,1886,421.594193,0.223539,0,0,0
1768844711.700385,1957,433.979209,0.221757,0,0,0
1768844711.802076,1804,398.154616,0.220707,0,0,0
1768844711.901942,1935,435.320929,0.224972,0,0,0
1768844712.001819,1875,425.318073,0.226836,0,0,0
1768844712.201003,1918,447.869009,0.233508,0,0,0
1768844712.303138,2002,455.899358,0.227722,0,0,0
1768844712.401929,2001,445.996043,0.222887,0,0,0
1768844712.501550,1794,396.339170,0.220925,0,0,0
1768844712.601546,2063,456.629510,0.221342,0,0,0
1768844712.700968,1919,422.937390,0.220395,0,0,0
1768844712.901193,1701,367.477330,0.216036,0,0,0
1768844713.000965,1699,367.330025,0.216204,0,0,0
1768844713.200742,1918,438.811109,0.228786,0,0,0
1768844713.301933,1996,459.040675,0.229980,0,0,0
1768844713.401174,1997,458.810494,0.229750,0,0,0
1768844713.501915,1819,419.106099,0.230405,0,0,0
1768844713.600870,2073,470.246555,0.226843,0,0,0
1768844713.701940,2128,510.174609,0.239744,0,0,0
1768844713.802000,2134,481.723221,0.225737,0,0,0
1768844713.902016,1712,346.120152,0.202173,0,0,0
1768844714.001009,2061,478.449825,0.232145,0,0,0
1768844714.101979,2102,489.446343,0.232848,0,0,0
1768844714.201892,2103,477.870548,0.227233,0,0,0
1768844714.301980,2091,485.275928,0.232078,0,0,0
1768844714.403056,1847,425.820492,0.230547,0,0,0
1768844714.500466,2099,492.846982,0.234801,0,0,0
1768844714.600400,2195,524.489171,0.238947,0,0,0
1768844714.700891,2228,544.292490,0.244296,0,0,0
1768844714.800586,2293,555.692231,0.242343,0,0,0
1768844714.902041,2201,527.728057,0.239767,0,0,0
1768844715.000668,2283,548.859950,0.240412,0,0,0
1768844715.099983,2255,531.725796,0.235799,0,0,0
1768844715.200918,1864,407.003032,0.218349,0,0,0
1768844715.302186,1725,381.657772,0.221251,0,0,0
1768844715.402040,1732,382.758098,0.220992,0,0,0
1768844715.500796,2198,504.154527,0.229370,0,0,0
1768844715.600630,2243,517.457983,0.230699,0,0,0
1768844715.702355,2209,503.454014,0.227910,0,0,0
1768844715.802172,1999,451.083710,0.225655,0,0,0
1768844715.904374,2250,519.141353,0.230729,0,0,0
1768844716.000978,2279,537.569515,0.235880,0,0,0
1768844716.100743,2241,504.350821,0.225056,0,0,0
1768844716.202071,2287,537.096198,0.234847,0,0,0
1768844716.302050,2204,497.787482,0.225856,0,0,0
1768844716.400978,2254,523.753250,0.232366,0,0,0
1768844716.500636,2288,521.589645,0.227968,0,0,0
1768844716.600816,2042,466.574361,0.228489,0,0,0
1768844716.700973,2367,519.562518,0.219503,0,0,0
1768844716.798694,2155,479.766425,0.222629,0,0,0
1768844717.000798,2314,521.228970,0.225250,0,0,0
1768844717.102199,2310,527.815996,0.228492,0,0,0
1768844717.201561,2331,543.217839,0.233041,0,0,0
1768844717.301993,2337,543.134799,0.232407,0,0,0
1768844717.402131,2388,540.222957,0.226224,0,0,0
1768844717.501999,2009,429.885317,0.213980,0,0,0
1768844717.603396,2432,536.057349,0.220418,0,0,0
1768844717.702442,2272,501.677426,0.220809,0,0,0
1768844717.800837,2282,494.309666,0.216612,0,0,0
1768844717.900660,2262,477.892755,0.211270,0,0,0
1768844718.001285,2257,483.980947,0.214436,0,0,0
1768844718.200839,2216,467.195599,0.210828,0,0,0
1768844718.301380,2361,518.611570,0.219658,0,0,0
1768844718.400984,2265,473.433200,0.209021,0,0,0
1768844718.502382,2299,487.451143,0.212027,0,0,0
1768844718.601033,2046,424.588617,0.207521,0,0,0
1768844718.700727,2254,486.834922,0.215987,0,0,0
1768844718.800340,2246,485.888714,0.216335,0,0,0
1768844718.902049,2259,473.615553,0.209657,0,0,0
1768844719.001591,1984,401.367374,0.202302,0,0,0
1768844719.103032,2260,466.970652,0.206624,0,0,0
1768844719.201166,2301,489.333948,0.212661,0,0,0
1768844719.302194,2004,409.491392,0.204337,0,0,0
1768844719.400483,1895,397.664799,0.209849,0,0,0
1768844719.501039,2209,439.336423,0.198885,0,0,0
1768844719.601069,2090,411.031256,0.196666,0,0,0
1768844719.701034,1796,367.316273,0.204519,0,0,0
1768844719.800606,2193,456.333708,0.208087,0,0,0
1768844720.000807,2222,467.704413,0.210488,0,0,0
1768844720.101435,2209,473.212541,0.214220,0,0,0
1768844720.201409,2197,478.783123,0.217926,0,0,0
1768844720.301243,2203,503.530319,0.228566,0,0,0
1768844720.400833,2195,494.384629,0.225232,0,0,0
1768844720.500975,2151,483.690636,0.224868,0,0,0
1768844720.600742,1830,410.453290,0.224291,0,0,0
1768844720.700486,2250,494.352233,0.219712,0,0,0
1768844720.801267,2105,469.036404,0.222820,0,0,0
1768844721.000766,2184,492.330178,0.225426,0,0,0
1768844721.100415,2180,496.129199,0.227582,0,0,0
1768844721.200839,1901,419.752750,0.220806,0,0,0
1768844721.300567,1752,392.900794,0.224258,0,0,0
1768844721.400993,1748,393.119764,0.224897,0,0,0
1768844721.500987,2227,496.118171,0.222774,0,0,0
1768844721.700433,2191,493.226498,0.225115,0,0,0
1768844721.800886,2276,516.453759,0.226913,0,0,0
1768844721.901842,2017,450.206911,0.223206,0,0,0
1768844722.001045,1834,426.198768,0.232388,0,0,0
1768844722.100303,2246,514.052119,0.228874,0,0,0
1768844722.201445,2224,527.873796,0.237353,0,0,0
1768844722.300596,2267,529.250943,0.233459,0,0,0
1768844722.400811,1907,448.020023,0.234934,0,0,0
1768844722.501211,1794,430.101816,0.239745,0,0,0
1768844722.601511,1794,429.067923,0.239168,0,0,0
1768844722.800560,2074,464.441032,0.223935,0,0,0
1768844722.901258,2120,529.344161,0.249691,0,0,0
1768844723.000677,1911,471.244214,0.246596,0,0,0
1768844723.102441,2135,514.861521,0.241153,0,0,0
1768844723.201217,2178,533.953419,0.245158,0,0,0
1768844723.301443,2182,539.512455,0.247256,0,0,0
1768844723.401371,2151,539.664250,0.250890,0,0,0
1768844723.501075,2150,522.023712,0.242802,0,0,0
1768844723.601398,1883,440.623556,0.234001,0,0,0
1768844723.700489,2085,517.410520,0.248159,0,0,0
1768844723.804435,2090,497.820699,0.238192,0,0,0
1768844723.901331,1851,441.509895,0.238525,0,0,0
1768844724.005605,2086,510.393481,0.244676,0,0,0
1768844724.100468,2127,517.967824,0.243520,0,0,0
1768844724.200936,2087,492.377787,0.235926,0,0,0
1768844724.301215,2059,493.994252,0.239920,0,0,0
1768844724.401296,2061,503.295023,0.244199,0,0,0
1768844724.501311,2067,514.967115,0.249137,0,0,0
1768844724.601348,1825,438.845498,0.240463,0,0,0
1768844724.700495,2080,532.976773,0.256239,0,0,0
1768844724.801616,1883,463.537667,0.246170,0,0,0
1768844724.900823,2014,512.641399,0.254539,0,0,0
1768844725.000511,1938,494.893056,0.255363,0,0,0
1768844725.101342,2002,501.138902,0.250319,0,0,0
1768844725.201380,1777,431.147922,0.242627,0,0,0
1768844725.300297,1956,473.287061,0.241967,0,0,0
1768844725.401571,1904,461.001118,0.242122,0,0,0
1768844725.501339,1837,432.464245,0.235419,0,0,0
1768844725.600130,1634,379.157409,0.232042,0,0,0
1768844725.700518,1890,464.263266,0.245642,0,0,0
1768844725.800600,1895,454.122661,0.239643,0,0,0
1768844725.900589,1625,374.046663,0.230183,0,0,0
1768844726.000605,1485,352.859423,0.237616,0,0,0
1768844726.100477,1491,355.165872,0.238206,0,0,0
1768844726.200446,1719,399.385482,0.232336,0,0,0
1768844726.300523,1634,332.843377,0.203699,0,0,0
1768844726.401510,1715,416.798867,0.243031,0,0,0
1768844726.500606,1742,421.312463,0.241856,0,0,0
1768844726.601238,1606,383.742842,0.238943,0,0,0
1768844726.700480,1735,435.317382,0.250903,0,0,0
1768844726.800869,1773,435.372780,0.245557,0,0,0
1768844726.900489,1640,377.820161,0.230378,0,0,0
1768844727.000407,1755,434.377508,0.247509,0,0,0
1768844727.103448,1659,416.138873,0.250837,0,0,0
1768844727.200951,1591,394.315686,0.247841,0,0,0
1768844727.297130,1648,429.148398,0.260406,0,0,0
1768844727.401788,1499,380.088071,0.253561,0,0,0
1768844727.500342,1652,407.838106,0.246875,0,0,0
1768844727.600555,1590,381.647202,0.240030,0,0,0
1768844727.700568,1675,421.551895,0.251673,0,0,0
1768844727.800484,1564,376.656571,0.240829,0,0,0
1768844727.902559,1400,345.758920,0.246971,0,0,0
1768844728.002024,1608,399.616823,0.248518,0,0,0
1768844728.100922,1621,389.628516,0.240363,0,0,0
1768844728.200667,1550,385.632290,0.248795,0,0,0
1768844728.301552,1422,336.678425,0.236764,0,0,0
1768844728.400589,1483,392.343453,0.264561,0,0,0
1768844728.500659,1474,381.264197,0.258660,0,0,0
1768844728.604446,1289,318.470667,0.247068,0,0,0
1768844728.701434,1467,355.478579,0.242317,0,0,0
1768844728.801220,1442,365.727283,0.253625,0,0,0
1768844728.900771,1321,322.102461,0.243832,0,0,0
1768844729.000401,1433,376.238882,0.262553,0,0,0
1768844729.100658,1338,336.757967,0.251688,0,0,0
1768844729.301453,1343,373.608126,0.278189,0,0,0
1768844729.400491,1317,372.901698,0.283145,0,0,0
1768844729.500397,1256,358.596981,0.285507,0,0,0
1768844729.600578,1109,315.523049,0.284511,0,0,0
1768844729.700874,1105,317.153724,0.287017,0,0,0
1768844729.800742,1329,386.459656,0.290790,0,0,0
1768844729.901519,1416,396.447004,0.279977,0,0,0
1768844730.001433,1375,396.989149,0.288719,0,0,0
1768844730.100447,1425,405.566127,0.284608,0,0,0
1768844730.199623,1345,389.501136,0.289592,0,0,0
1768844730.301016,1351,383.381731,0.283776,0,0,0
1768844730.400446,1361,372.327703,0.273569,0,0,0
1768844730.500547,1192,326.740694,0.274111,0,0,0
1768844730.600708,1322,374.280847,0.283117,0,0,0
1768844730.700580,1218,330.790995,0.271585,0,0,0
1768844730.800560,1338,370.729063,0.277077,0,0,0
1768844730.900658,1245,341.134767,0.274004,0,0,0
1768844731.004681,1331,379.229150,0.284920,0,0,0
1768844731.102844,1366,382.753980,0.280201,0,0,0
1768844731.200765,1363,376.938324,0.276550,0,0,0
1768844731.300507,1234,325.065322,0.263424,0,0,0
1768844731.400577,1136,307.222291,0.270442,0,0,0
1768844731.501446,1396,359.480956,0.257508,0,0,0
1768844731.600801,1425,378.410754,0.265551,0,0,0
1768844731.700723,1390,394.244194,0.283629,0,0,0
1768844731.800676,1369,391.669984,0.286099,0,0,0
1768844731.900540,1381,388.691178,0.281456,0,0,0
1768844732.001319,1389,405.381920,0.291852,0,0,0
1768844732.101538,1183,332.441951,0.281016,0,0,0
1768844732.201314,1327,367.787426,0.277157,0,0,0
1768844732.300882,1382,381.143334,0.275791,0,0,0
1768844732.403432,1357,386.361179,0.284717,0,0,0
1768844732.500560,1435,406.592740,0.283340,0,0,0
1768844732.600783,1366,398.424107,0.291672,0,0,0
1768844732.702450,1189,327.098931,0.275104,0,0,0
1768844732.800600,1141,312.327066,0.273731,0,0,0
1768844732.900891,1387,401.857504,0.289731,0,0,0
1768844733.000832,1350,386.282764,0.286135,0,0,0
1768844733.100867,1325,357.267575,0.269636,0,0,0
1768844733.200759,1317,367.796026,0.279268,0,0,0
1768844733.300670,1120,295.078345,0.263463,0,0,0
1768844733.400607,1326,370.664673,0.279536,0,0,0
1768844733.500658,1295,340.692592,0.263083,0,0,0
1768844733.600907,1182,317.136552,0.268305,0,0,0
1768844733.700986,1090,297.703241,0.273122,0,0,0
1768844733.800590,1330,361.925140,0.272124,0,0,0
1768844733.900456,1248,340.613184,0.272927,0,0,0
1768844734.001112,1136,314.778866,0.277094,0,0,0
1768844734.100560,1042,289.506856,0.277838,0,0,0
1768844734.200826,1040,287.106248,0.276064,0,0,0
1768844734.301579,1285,327.379947,0.254770,0,0,0
1768844734.400722,1335,360.137671,0.269766,0,0,0
1768844734.501304,1308,334.304109,0.255584,0,0,0
1768844734.600566,1376,359.652196,0.261375,0,0,0
1768844734.701552,1320,347.399762,0.263182,0,0,0
1768844734.801625,1368,354.097377,0.258843,0,0,0
1768844734.900869,1337,329.336518,0.246325,0,0,0
1768844735.000749,1342,339.613957,0.253066,0,0,0
1768844735.100695,1355,335.624396,0.247693,0,0,0
1768844735.201657,1319,340.701255,0.258303,0,0,0
1768844735.301336,1345,343.648616,0.255501,0,0,0
1768844735.400672,1221,311.766972,0.255337,0,0,0
1768844735.501570,1116,293.095156,0.262630,0,0,0
1768844735.600422,1116,294.493860,0.263883,0,0,0
1768844735.701122,1318,346.961531,0.263249,0,0,0
1768844735.900741,1301,345.032657,0.265206,0,0,0
1768844736.001625,1267,327.078703,0.258152,0,0,0
1768844736.101544,1253,316.178573,0.252337,0,0,0
1768844736.300777,1290,326.856425,0.253377,0,0,0
1768844736.401223,1232,310.522781,0.252048,0,0,0
1768844736.600459,1227,331.604402,0.270256,0,0,0
1768844736.700878,1175,305.754487,0.260217,0,0,0
1768844736.900923,1237,314.052753,0.253883,0,0,0
1768844737.000920,1281,331.083849,0.258457,0,0,0
1768844737.200727,1302,314.390299,0.241467,0,0,0
1768844737.600809,1287,314.653047,0.244486,0,0,0
1768844737.700693,1173,315.206711,0.268718,0,0,0
1768844737.800926,1156,292.505505,0.253032,0,0,0
1768844737.900733,1108,284.427530,0.256704,0,0,0
1768844738.000871,1137,288.593679,0.253820,0,0,0
1768844738.100991,1120,288.749779,0.257812,0,0,0
1768844738.201522,1033,247.908318,0.239989,0,0,0
1768844738.300693,1149,297.784403,0.259168,0,0,0
1768844738.400976,1147,307.472868,0.268067,0,0,0
1768844738.501185,1037,253.685936,0.244634,0,0,0
1768844738.601891,1189,307.386405,0.258525,0,0,0
1768844738.701232,1096,274.703792,0.250642,0,0,0
1768844738.900731,1188,275.179271,0.231632,0,0,0
1768844739.000875,1187,275.315618,0.231942,0,0,0
1768844739.100711,1139,271.308154,0.238199,0,0,0
1768844739.301117,1165,290.144902,0.249051,0,0,0
1768844739.401209,1213,291.521787,0.240331,0,0,0
1768844739.602548,1219,296.926413,0.243582,0,0,0
1768844740.001040,1182,279.204288,0.236213,0,0,0
1768844740.101007,1194,306.071230,0.256341,0,0,0
1768844740.300915,1180,300.059507,0.254288,0,0,0
1768844740.401017,1221,310.835850,0.254575,0,0,0
1768844740.500926,1116,251.628379,0.225473,0,0,0
1768844740.600848,1255,306.322512,0.244082,0,0,0
1768844740.699411,1283,322.208467,0.251137,0,0,0
1768844740.802597,1182,266.213596,0.225223,0,0,0
1768844741.000677,1261,317.153983,0.251510,0,0,0
1768844741.100920,1201,290.488885,0.241873,0,0,0
1768844741.302371,1347,343.307545,0.254868,0,0,0
1768844741.501051,1401,340.479139,0.243026,0,0,0
1768844741.600760,1424,346.486277,0.243319,0,0,0
1768844741.700889,1433,346.719923,0.241954,0,0,0
1768844741.800818,1468,361.976945,0.246578,0,0,0
1768844741.901168,1468,365.861478,0.249224,0,0,0
1768844742.000835,1478,371.915863,0.251635,0,0,0
1768844742.100875,1434,364.063405,0.253880,0,0,0
1768844742.200783,1418,345.593096,0.243719,0,0,0
1768844742.302454,1445,366.683474,0.253760,0,0,0
1768844742.401567,1420,344.775332,0.242800,0,0,0
1768844742.800809,1483,354.210155,0.238847,0,0,0
1768844743.300377,1433,370.331327,0.258431,0,0,0
1768844743.400198,1410,364.300238,0.258369,0,0,0
1768844743.500981,1495,366.194406,0.244946,0,0,0
1768844743.700903,1557,378.889336,0.243346,0,0,0
1768844743.801178,1594,398.674956,0.250110,0,0,0
1768844743.901447,1554,365.041452,0.234904,0,0,0
1768844744.001088,1599,401.384077,0.251022,0,0,0
1768844744.100915,1590,393.050972,0.247202,0,0,0
1768844744.201616,1423,326.026475,0.229112,0,0,0
1768844744.301121,1360,320.774705,0.235864,0,0,0
1768844744.400712,1713,423.844091,0.247428,0,0,0
1768844744.501186,1720,408.912471,0.237740,0,0,0
1768844744.601034,1526,371.267158,0.243294,0,0,0
1768844744.700897,1714,427.537111,0.249438,0,0,0
1768844744.800927,1647,413.521954,0.251076,0,0,0
1768844744.900907,1423,366.043642,0.257234,0,0,0
1768844745.001286,1735,426.511864,0.245828,0,0,0
1768844745.101067,1665,409.959704,0.246222,0,0,0
1768844745.201037,1756,416.972590,0.237456,0,0,0
1768844745.601012,1829,453.586131,0.247997,0,0,0
1768844745.700965,1786,426.091669,0.238573,0,0,0
1768844745.801048,1822,431.487039,0.236821,0,0,0
1768844745.901187,1799,422.178067,0.234674,0,0,0
1768844746.001184,1833,439.439776,0.239738,0,0,0
1768844746.201042,1844,436.105337,0.236500,0,0,0
1768844746.301000,1830,435.527674,0.237993,0,0,0
1768844746.501197,1928,482.871903,0.250452,0,0,0
1768844746.601102,1949,467.243272,0.239735,0,0,0
1768844746.701085,1495,349.842254,0.234008,0,0,0
1768844746.801262,1884,411.864095,0.218612,0,0,0
1768844746.901240,1870,420.244384,0.224730,0,0,0
1768844746.999465,1948,428.317748,0.219876,0,0,0
1768844747.100964,1702,357.329191,0.209947,0,0,0
1768844747.201125,1938,419.673190,0.216550,0,0,0
1768844747.301070,1949,423.295762,0.217186,0,0,0
1768844747.401010,1883,405.559156,0.215379,0,0,0
1768844747.501112,1882,408.336754,0.216970,0,0,0
1768844747.600974,1862,388.683415,0.208745,0,0,0
1768844747.701105,1578,323.974504,0.205307,0,0,0
1768844747.801217,1509,319.257898,0.211569,0,0,0
1768844747.902048,1507,318.747316,0.211511,0,0,0
1768844748.101225,1512,319.848637,0.211540,0,0,0
1768844748.200997,1832,387.884644,0.211727,0,0,0
1768844748.301082,1820,386.844566,0.212552,0,0,0
1768844748.401418,1899,391.746320,0.206291,0,0,0
1768844748.501125,1916,399.578101,0.208548,0,0,0
1768844748.800731,1895,428.443167,0.226091,0,0,0
1768844748.903619,1828,390.447735,0.213593,0,0,0
1768844749.002189,1843,408.331749,0.221558,0,0,0
1768844749.101586,1797,400.010043,0.222599,0,0,0
1768844749.301358,1871,392.288292,0.209668,0,0,0
1768844749.401405,1921,413.627752,0.215319,0,0,0
1768844749.501694,1626,356.536688,0.219272,0,0,0
1768844749.603300,1977,424.536746,0.214738,0,0,0
1768844749.800768,1984,427.846855,0.215649,0,0,0
1768844749.901088,1969,424.898006,0.215794,0,0,0
1768844750.001421,1718,365.643007,0.212831,0,0,0
1768844750.101348,1954,451.175708,0.230899,0,0,0
1768844750.201195,1931,406.208768,0.210362,0,0,0
1768844750.301449,1883,387.183270,0.205620,0,0,0
1768844750.401757,1811,366.628561,0.202445,0,0,0
1768844750.501237,1885,408.543755,0.216734,0,0,0
1768844750.601101,1709,365.898020,0.214101,0,0,0
1768844750.701069,1531,335.485133,0.219128,0,0,0
1768844750.901195,1917,394.455755,0.205767,0,0,0
1768844751.001094,1928,390.069838,0.202318,0,0,0
1768844751.101090,1712,339.772537,0.198465,0,0,0
1768844751.401413,1895,413.025974,0.217956,0,0,0
1768844751.701397,1765,365.469513,0.207065,0,0,0
1768844751.901174,1588,313.906326,0.197674,0,0,0
1768844752.101100,1339,264.649025,0.197647,0,0,0
1768844752.201240,1643,351.689202,0.214053,0,0,0
1768844752.301389,1586,340.341538,0.214591,0,0,0
1768844752.401306,1528,345.150648,0.225884,0,0,0
1768844752.501839,1527,335.004989,0.219388,0,0,0
1768844752.703476,1550,376.987829,0.243218,0,0,0
1768844752.801189,1371,331.402329,0.241723,0,0,0
1768844753.001391,1550,374.215734,0.241430,0,0,0
1768844753.101226,1551,377.737846,0.243545,0,0,0
1768844753.201220,1560,363.645920,0.233106,0,0,0
1768844753.301694,1575,372.857212,0.236735,0,0,0
1768844753.401360,1607,354.359331,0.220510,0,0,0
1768844753.501438,1378,297.419676,0.215834,0,0,0
1768844753.601260,1710,357.731611,0.209200,0,0,0
1768844753.700567,1786,392.562855,0.219800,0,0,0
1768844753.801205,1763,361.599953,0.205105,0,0,0
1768844753.901356,1520,301.888416,0.198611,0,0,0
1768844754.000632,1745,370.951433,0.212580,0,0,0
1768844754.101193,1594,326.107498,0.204584,0,0,0
1768844754.701274,1896,365.972993,0.193024,0,0,0
1768844755.001303,1962,386.803871,0.197148,0,0,0
1768844755.101336,1830,356.736949,0.194938,0,0,0
1768844755.201470,1915,348.798669,0.182140,0,0,0
1768844755.300494,1968,387.748749,0.197027,0,0,0
1768844755.401347,1854,358.172472,0.193189,0,0,0
1768844755.701307,1947,378.517815,0.194411,0,0,0
1768844755.800241,1998,388.303525,0.194346,0,0,0
1768844755.901297,1806,345.032772,0.191048,0,0,0
1768844756.002333,1626,311.520098,0.191587,0,0,0
1768844756.101275,1955,409.872148,0.209653,0,0,0
1768844756.300577,2016,406.461618,0.201618,0,0,0
1768844756.401353,1994,397.528048,0.199362,0,0,0
1768844756.601488,2049,418.361953,0.204179,0,0,0
1768844756.701444,1890,391.594632,0.207193,0,0,0
1768844756.801354,1973,418.333289,0.212029,0,0,0
1768844756.901639,2044,457.778736,0.223962,0,0,0
1768844757.001421,2051,436.331500,0.212741,0,0,0
1768844757.101310,2111,462.169528,0.218934,0,0,0
1768844757.303388,1843,386.866903,0.209912,0,0,0
1768844757.401177,2065,438.682922,0.212437,0,0,0
1768844757.501581,2079,465.448725,0.223881,0,0,0
1768844758.001585,1962,454.245841,0.231522,0,0,0
1768844758.101387,1918,408.404906,0.212933,0,0,0
1768844761.801617,190,6.724998,0.035395,1,0,0
1768844761.901535,1103,336.835142,0.305381,0,0,0
1768844762.001467,1138,280.707236,0.246667,0,0,1
1768844762.101200,1285,359.404716,0.279692,0,0,1
1768844762.201553,1360,388.384778,0.285577,0,0,1
1768844762.301516,257,49.662759,0.193240,0,0,1
1768844762.401221,978,227.261125,0.232373,0,0,1
1768844762.501526,626,166.550202,0.266055,0,0,1
1768844762.601331,768,213.637733,0.278174,0,0,1
1768844762.700196,1049,298.814682,0.284857,0,0,1
1768844762.801561,799,226.437295,0.283401,0,0,1
1768844762.901440,827,217.166021,0.262595,0,0,1
1768844763.102165,1059,307.134372,0.290023,0,0,0
1768844763.300913,1174,331.772106,0.282600,0,0,0
1768844763.401446,1184,359.393484,0.303542,0,0,0
1768844763.501557,1212,371.279678,0.306336,0,0,0
1768844763.601693,1219,370.506789,0.303943,0,0,0
1768844763.701680,1230,360.043217,0.292718,0,0,0
1768844763.801652,1256,363.182835,0.289158,0,0,0
1768844763.901331,1284,381.700131,0.297274,0,0,0
1768844764.001721,1266,375.374254,0.296504,0,0,0
1768844764.101562,1203,353.081809,0.293501,0,0,0
1768844764.200398,1283,387.469055,0.302002,0,0,0
1768844764.301618,1312,404.255830,0.308122,0,0,0
1768844764.401607,1273,385.763113,0.303035,0,0,0
1768844764.501338,1193,368.914620,0.309233,0,0,0
1768844764.602006,1268,390.920873,0.308297,0,0,0
1768844764.702425,1206,364.615113,0.302334,0,0,0
1768844764.801708,1225,352.930423,0.288106,0,0,0
1768844764.901143,1212,351.967424,0.290402,0,0,0
1768844765.001284,1260,379.712517,0.301359,0,0,0
1768844765.103352,1216,371.384012,0.305414,0,0,0
1768844765.201038,1138,351.964968,0.309284,0,0,0
1768844765.303755,1223,375.185770,0.306775,0,0,0
1768844765.401542,1255,384.812841,0.306624,0,0,0
1768844765.501341,1206,356.010815,0.295200,0,0,0
1768844765.600594,1187,355.857985,0.299796,0,0,0
1768844765.701030,1171,348.640715,0.297729,0,0,0
1768844765.801464,1086,324.079178,0.298415,0,0,0
1768844765.901639,1061,304.043876,0.286564,0,0,0
1768844766.001354,1146,346.038692,0.301953,0,0,0
1768844766.104970,1092,335.604846,0.307330,0,0,0
1768844766.601439,792,206.847142,0.261171,0,0,0
1768844766.701313,802,199.695371,0.248997,0,0,0
1768844766.801634,585,110.374244,0.188674,0,0,0
1768844766.901778,438,67.739762,0.154657,0,0,0
1768844767.201777,629,166.500165,0.264706,0,0,1
1768844767.301312,549,133.366858,0.242927,0,0,1
1768844767.501496,443,130.793698,0.295245,0,0,1
1768844767.701719,380,62.710834,0.165029,0,0,1
1768844767.901367,383,96.770309,0.252664,0,0,1
1768844768.002857,450,103.523935,0.230053,0,0,1
1768844768.101645,313,72.783379,0.232535,0,0,1
1768844768.201575,338,69.689351,0.206182,0,0,1
1768844768.302654,568,136.737388,0.240735,0,0,1
1768844768.500921,754,192.603146,0.255442,0,0,1
1768844768.700385,141,37.784269,0.267974,0,0,1
1768844768.801842,583,132.465923,0.227214,0,0,0
1768844768.901675,247,60.802614,0.246164,0,0,0
1768844769.100457,146,36.308320,0.248687,0,0,1
1768844769.201346,381,41.963389,0.110140,0,0,1
1768844769.403893,251,50.954417,0.203006,0,0,1
1768844769.601666,137,26.523246,0.193600,0,0,1
1768844769.701765,530,121.994101,0.230178,0,0,1
1768844769.901808,212,36.763933,0.173415,0,0,1
1768844770.001436,604,173.464063,0.287192,0,0,1
1768844770.101716,778,224.134617,0.288091,0,0,0
1768844770.201719,103,19.558618,0.189889,0,0,0
1768844770.401789,261,58.120320,0.222683,0,0,0
1768844770.601485,149,24.002304,0.161089,0,0,0
1768844770.700874,264,34.349429,0.130111,0,0,0
1768844770.800642,198,45.660176,0.230607,0,0,0
1768844770.901836,501,113.035705,0.225620,0,0,0
1768844771.000921,168,41.185025,0.245149,0,0,0
1768844771.101735,243,43.230459,0.177903,0,0,0
1768844771.201843,435,107.802893,0.247823,0,0,0
1768844771.300514,311,48.729428,0.156686,0,0,0
1768844771.401621,307,68.108727,0.221853,0,0,0
1768844771.501179,216,44.392557,0.205521,0,0,0
1768844771.602063,224,33.247127,0.148425,0,0,0
1768844771.700621,539,114.736771,0.212870,0,0,0
1768844771.800428,313,62.266426,0.198934,0,0,0
1768844771.900872,218,52.374239,0.240249,0,0,0
1768844772.102901,249,46.814821,0.188011,0,0,0
1768844772.301761,610,152.637959,0.250226,0,0,0
1768844772.400919,847,237.275312,0.280136,0,0,0
1768844772.601370,72,9.263941,0.128666,1,0,0
1768844772.801784,318,75.882299,0.238624,0,0,0
1768844772.901795,250,54.734525,0.218938,0,0,0
1768844773.001482,579,156.869879,0.270932,0,0,0
1768844773.300438,137,17.520176,0.127884,0,0,0
1768844774.301198,0,nan,nan,0,0,0
1768844774.400997,191,42.138200,0.220619,0,0,0
1768844774.500982,382,78.802604,0.206290,0,0,0
1768844774.601515,178,49.117015,0.275938,0,0,1
1768844774.701903,540,139.225213,0.257824,0,0,1
1768844774.800515,263,57.148170,0.217293,0,0,0
1768844774.900479,548,143.931318,0.262648,0,0,0
1768844775.000968,801,233.429394,0.291422,0,0,0
1768844775.102496,100,23.340496,0.233405,0,0,0
1768844775.202256,743,184.629114,0.248491,0,0,0
1768844775.401155,124,21.099745,0.170159,0,0,0
1768844775.502188,331,65.281782,0.197226,0,0,0
1768844775.601398,582,161.972413,0.278303,0,0,0
1768844775.701196,190,38.091959,0.200484,0,0,0
1768844775.800878,286,43.924421,0.153582,0,0,0
1768844775.900557,618,161.785855,0.261789,0,0,0
1768844776.000536,216,45.695301,0.211552,0,0,0
1768844776.101089,664,186.665713,0.281123,0,0,0
1768844776.200426,169,31.751815,0.187881,0,0,0
1768844776.300786,612,156.116271,0.255092,0,0,0
1768844776.401667,128,16.019691,0.125154,0,0,0
1768844776.500455,201,30.677425,0.152624,0,0,0
1768844776.601052,189,40.174219,0.212562,0,0,1
1768844776.704324,596,137.186106,0.230178,0,0,1
1768844776.800773,115,19.341302,0.168185,0,0,1
1768844776.902263,149,13.632538,0.091494,1,0,1
1768844777.002845,245,59.182412,0.241561,0,0,1
1768844777.100574,96,4.373897,0.045561,1,0,1
1768844777.200851,205,26.656999,0.130034,0,0,1
1768844777.400586,73,18.146956,0.248588,0,0,1
1768844777.500560,631,158.974287,0.251940,0,0,1
1768844777.601310,895,238.311202,0.266269,0,0,1
1768844777.700635,0,nan,nan,0,0,1
1768844777.800642,744,225.116673,0.302576,0,0,0
1768844777.900517,154,33.232662,0.215797,0,0,0
1768844778.001171,41,2.393013,0.058366,1,0,0
1768844778.101099,128,21.769541,0.170075,0,0,1
1768844778.200639,142,31.698800,0.223231,0,0,0
1768844778.301686,177,32.571130,0.184018,0,0,0
1768844778.402099,553,107.879176,0.195080,0,0,0
1768844778.500787,7,0.010362,0.001480,1,0,0
1768844778.601276,208,41.197460,0.198065,0,0,0
1768844778.800564,411,93.680732,0.227934,0,0,0
1768844778.901559,750,206.000892,0.274668,0,0,0
1768844779.100566,0,nan,nan,0,0,1
1768844779.301206,5,0.000030,0.000006,1,0,1
1768844779.601448,0,nan,nan,0,0,1
1768844779.701376,88,6.451757,0.073315,1,0,1
1768844779.802231,119,26.242450,0.220525,0,0,1
1768844779.900560,124,20.372825,0.164297,0,0,1
1768844780.000783,569,134.970914,0.237207,0,0,1
1768844780.102705,885,229.668944,0.259513,0,0,0
1768844780.200384,0,nan,nan,0,0,0
1768844780.301445,189,42.814132,0.226530,0,0,1
1768844780.400084,81,12.491546,0.154217,1,0,0
1768844780.501146,102,11.648946,0.114205,1,0,1
1768844780.602079,426,43.624749,0.102406,0,0,1
1768844780.702161,22,1.944236,0.088374,1,0,1
1768844780.801446,654,159.721556,0.244223,0,0,1
1768844780.902441,35,1.721873,0.049196,1,0,1
1768844781.000718,124,20.698276,0.166922,0,0,1
1768844781.102077,675,169.417717,0.250989,0,0,1
1768844781.201014,45,8.360417,0.185787,1,0,1
1768844781.400719,737,183.359889,0.248792,0,0,1
1768844781.500614,0,nan,nan,0,0,1
1768844781.601347,805,188.017581,0.233562,0,0,0
1768844781.701110,1133,286.604488,0.252961,0,0,0
1768844781.802209,0,nan,nan,0,0,0
1768844781.901008,168,24.877535,0.148081,0,0,1
1768844782.000852,43,4.904156,0.114050,1,0,1
1768844782.101138,78,4.060629,0.052059,1,0,1
1768844782.200596,730,208.968484,0.286258,0,0,1
1768844782.300478,0,nan,nan,0,0,1
1768844782.401452,75,0.881897,0.011759,1,0,1
1768844782.501385,78,7.086079,0.090847,1,0,1
1768844782.601482,56,2.444803,0.043657,1,1,1
1768844782.700854,71,9.929207,0.139848,1,1,1
1768844782.800627,114,23.845783,0.209174,0,0,1
1768844782.901295,809,239.915249,0.296558,0,0,1
1768844783.001144,0,nan,nan,0,0,1
1768844783.100697,894,258.056589,0.288654,0,0,0
1768844783.201009,0,nan,nan,0,0,0
1768844783.302011,115,15.969929,0.138869,0,0,1
1768844783.400640,116,15.743972,0.135724,0,0,1
1768844783.501261,176,31.209615,0.177327,0,0,1
1768844783.601513,710,197.255009,0.277824,0,0,1
1768844783.700547,0,nan,nan,0,0,1
1768844783.901431,48,13.090723,0.272723,1,0,1
1768844784.101278,0,nan,nan,0,0,1
1768844784.202565,1008,214.653615,0.212950,0,0,1
1768844784.400435,0,nan,nan,0,0,1
1768844784.498935,930,216.297278,0.232578,0,0,1
1768844784.602511,0,nan,nan,0,0,1
1768844784.701097,817,159.712224,0.195486,0,0,0
1768844784.800744,1248,295.499911,0.236779,0,0,0
1768844784.900830,0,nan,nan,0,0,0
1768844785.100388,0,nan,nan,0,0,1
1768844785.500440,0,nan,nan,0,0,1
1768844785.700980,0,nan,nan,0,0,1
1768844785.801430,904,239.772004,0.265235,0,0,1
1768844785.901432,111,18.005954,0.162216,0,0,1
1768844786.001483,116,9.845705,0.084877,1,0,1
1768844786.100928,853,216.135833,0.253383,0,0,0
1768844786.200710,2,-0.000000,-0.000000,1,0,0
1768844786.300405,890,193.742317,0.217688,0,0,0
1768844786.400428,35,7.959570,0.227416,1,0,1
1768844786.500566,881,186.890457,0.212134,0,0,0
1768844786.600655,34,3.111967,0.091528,1,0,1
1768844786.700479,896,170.974259,0.190819,0,0,0
1768844786.800579,0,nan,nan,0,0,1
1768844786.900424,212,43.980120,0.207453,0,0,0
1768844787.001459,92,15.163702,0.164823,0,0,0
1768844787.100453,95,6.096644,0.064175,1,0,0
1768844787.200494,757,168.133368,0.222105,0,0,0
1768844787.300780,0,nan,nan,0,0,0
1768844787.402179,98,16.768400,0.171106,0,0,0
1768844787.500779,749,169.123724,0.225799,0,0,0
1768844787.600379,41,0.003734,0.000091,1,0,0
1768844787.700450,392,79.311360,0.202325,0,0,1
1768844787.801458,23,0.620172,0.026964,1,0,1
1768844787.901241,797,171.317972,0.214954,0,0,1
1768844788.001041,1159,301.914588,0.260496,0,0,1
1768844788.100973,1290,320.022003,0.248079,0,0,0
1768844788.300935,0,nan,nan,0,0,0
1768844788.600560,0,nan,nan,0,0,0
1768844788.700705,884,169.933478,0.192232,0,0,0
1768844788.900435,0,nan,nan,0,0,1
1768844789.000387,28,1.081471,0.038624,1,0,1
1768844789.100456,92,20.951526,0.227734,0,0,1
1768844789.201207,369,23.433552,0.063506,0,0,1
1768844789.300504,0,nan,nan,0,0,1
1768844789.401054,199,16.018879,0.080497,0,1,1
1768844789.500486,0,nan,nan,0,1,1
1768844789.601401,255,33.509303,0.131409,0,1,1
1768844789.700394,0,nan,nan,0,1,1
1768844789.801420,1001,217.000435,0.216784,0,1,1
1768844789.900519,0,nan,nan,0,1,1
1768844790.000458,17,1.784629,0.104978,1,1,1
1768844790.200627,0,nan,nan,0,1,1
1768844790.303695,23,0.008443,0.000367,1,1,1
1768844790.600391,0,nan,nan,0,1,1
1768844790.700534,0,nan,nan,0,1,1
1768844791.300586,0,nan,nan,0,1,1
1768844791.400567,0,nan,nan,0,1,1
1768844791.500634,1024,239.286600,0.233678,0,1,1
1768844791.700843,0,nan,nan,0,1,1
1768844791.802894,1120,289.372368,0.258368,0,1,1
1768844791.900472,0,nan,nan,0,1,1
1768844792.000440,0,nan,nan,0,1,1
1768844792.100481,330,64.594092,0.195740,0,1,1
1768844792.200578,0,nan,nan,0,1,1
1768844792.300665,999,265.657496,0.265923,0,0,1
1768844792.400592,0,nan,nan,0,0,1
1768844792.501631,0,nan,nan,0,0,1
1768844792.600553,367,50.506346,0.137619,0,0,1
1768844792.700515,0,nan,nan,0,0,1
1768844792.800511,0,nan,nan,0,1,1
1768844792.900592,0,nan,nan,0,1,1
1768844793.000491,0,nan,nan,0,1,1
1768844793.100536,0,nan,nan,0,1,1
1768844793.200583,0,nan,nan,0,1,1
1768844793.300521,0,nan,nan,0,1,1
1768844793.400720,0,nan,nan,0,1,1
1768844793.500490,0,nan,nan,0,1,1
1768844793.600597,0,nan,nan,0,1,1
1768844793.703300,1163,273.532693,0.235196,0,1,1
1768844793.799442,1685,444.606821,0.263862,0,1,1
1768844793.900588,0,nan,nan,0,1,1
1768844794.000839,1249,315.400666,0.252523,0,1,0
1768844794.100594,0,nan,nan,0,1,0
1768844794.200686,0,nan,nan,0,1,1
1768844794.300514,21,1.987312,0.094634,1,1,1
1768844794.402546,0,nan,nan,0,1,1
1768844794.501412,1278,308.236089,0.241186,0,0,1
1768844794.599219,0,nan,nan,0,0,1
1768844794.700750,1253,326.758303,0.260781,0,0,1
1768844794.801436,0,nan,nan,0,1,1
1768844794.900559,1298,342.728071,0.264043,0,0,0
1768844795.000668,0,nan,nan,0,1,1
1768844795.100662,0,nan,nan,0,1,1
1768844795.200619,346,46.113362,0.133276,0,0,1
1768844795.301339,0,nan,nan,0,0,1
