relative_time,raw_point_count,blind_rejected,front_rejected,front_raw_count,back_raw_count,feats_undistort_size,feats_down_size,eff_feat_num_first,eff_feat_num_last,front_effL,back_effL,front_undist,back_undist,front_down,back_down,front_range_med,back_range_med,t_lambda_min,r_lambda_min,imu_dt_max_ms,imu_count,imu_degraded,lidar_weak_rotation,combined_risk,near_wall,total_time,match_time,solve_time,map_incre_time,kf_update_time,deskew_enable,current_voxel_size
0.000000000,19968,2977,0,11961,8007,nan,nan,nan,nan,nan,nan,nan,nan,nan,nan,nan,nan,nan,nan,nan,nan,nan,nan,nan,nan,0.005398993,nan,nan,nan,nan,0,nan
0.099001169,20064,3216,0,12088,7976,0,nan,nan,nan,nan,nan,nan,nan,nan,nan,nan,nan,nan,nan,6.266117096,18,0.000000000,nan,nan,nan,0.050014001,nan,nan,nan,nan,0,nan
0.199111462,19968,3044,0,12000,7968,16920,489,nan,nan,nan,nan,9021,7899,305,184,2.475963039,1.887692803,nan,nan,8.145332336,21,0.000000000,nan,nan,0.000000000,5.744914990,nan,nan,nan,nan,0,0.500000000
0.299040556,20064,3261,0,12148,7916,16799,497,308,310,186,124,8947,7852,309,188,2.483530569,1.803204944,69.415752855,331.540635967,7.922887802,19,0.000000000,nan,nan,0.000000000,14.388213982,5.929822044,0.139857992,0.746856967,6.703374966,0,0.500000000
0.399035692,19968,3188,0,12000,7968,16776,492,291,288,170,118,8877,7899,299,193,2.475144609,1.864219349,65.512502093,335.604010849,7.870197296,22,0.000000000,nan,nan,0.000000000,14.515554009,6.277234992,0.129347958,0.617154990,7.003239007,0,0.500000000
0.499911547,20064,3227,0,11983,8081,16833,487,278,279,168,111,8823,8010,295,192,2.491915301,1.792369272,57.883045217,313.318064935,7.315158844,18,0.000000000,nan,nan,0.000000000,15.513066028,6.875620922,0.144197023,0.789118989,7.691867009,0,0.500000000
0.599087477,19968,3275,0,12018,7950,16689,486,272,272,161,111,8811,7878,297,189,2.479140737,1.833312286,56.037197240,326.847112262,9.237766266,22,0.000000000,nan,nan,0.000000000,12.207682012,4.845421005,0.095406023,0.392513000,5.385341996,0,0.500000000
0.699386597,20064,3306,0,12043,8021,16754,495,287,288,175,113,8811,7943,306,189,2.481367583,1.825072917,57.766984040,372.572891970,7.504940033,18,0.000000000,nan,nan,0.000000000,11.457121989,5.594614020,0.107544998,0.359119033,6.198610994,0,0.500000000
0.799233675,19968,3348,0,12085,7883,16616,483,279,277,166,111,8801,7815,298,185,2.484101891,1.818750468,57.996439838,333.539364952,7.988452911,22,0.000000000,nan,nan,0.000000000,8.669650008,3.077484085,0.062463048,0.198895985,3.427845018,0,0.500000000
0.898989677,19968,3214,0,12049,7919,16750,496,286,290,174,116,8907,7843,307,189,2.490995087,1.776614988,62.471350822,341.136881167,5.773305893,20,0.000000000,nan,nan,0.000000000,15.079769015,7.061921002,0.151371991,0.629022019,7.917183975,0,0.500000000
1.001548529,19680,3322,0,11986,7694,16354,491,282,281,166,115,8727,7627,303,188,2.531835316,1.767251755,54.935845706,347.160445524,5.585670471,6,0.000000000,nan,nan,0.000000000,9.336490999,3.728304000,0.088701956,0.318110979,4.196449008,0,0.500000000
1.099423885,20448,3191,0,12469,7979,17253,493,291,289,171,118,9346,7907,306,187,2.435314155,1.792143376,60.928277922,344.553523653,8.004426956,33,0.000000000,nan,nan,0.000000000,10.331942001,2.966855071,0.052646908,0.091533002,3.183079010,0,0.500000000
1.200621128,20064,3469,0,12273,7791,16591,488,283,283,170,113,8872,7719,302,186,2.505903453,1.754862119,58.605042016,323.671266656,6.994009018,18,0.000000000,nan,nan,0.000000000,14.571040985,6.654683966,0.136380957,0.483571028,7.443755982,0,0.500000000
1.298993111,19776,2827,0,11873,7903,16945,494,278,279,169,110,9113,7832,308,186,2.469233221,1.778414776,61.808698475,355.605055838,6.553649902,21,0.000000000,nan,nan,0.000000000,11.539330997,4.517702037,0.083732011,0.159900985,4.985246982,0,0.500000000
1.399050474,20256,3460,0,12437,7819,16792,489,271,271,166,105,9043,7749,305,184,2.469922279,1.777145215,60.651285297,303.194232564,7.626533508,14,0.000000000,nan,nan,0.000000000,13.929584005,6.497340917,0.121203077,0.216644024,7.174481987,0,0.500000000
1.500370502,19488,2734,0,11628,7860,16750,493,265,264,161,103,8961,7789,310,183,2.503177757,1.787060719,60.684837399,306.721801056,7.523536682,27,0.000000000,nan,nan,0.000000000,8.360578038,1.455703052,0.028104929,0.090561982,1.621233998,0,0.500000000
1.598991871,20160,3453,0,12585,7575,16703,495,275,272,163,109,9198,7505,308,187,2.443454931,1.777331419,61.586470385,321.783544522,7.610082626,15,0.000000000,nan,nan,0.000000000,9.195879975,3.419578017,0.029116054,0.072736002,3.579669981,0,0.500000000
1.700262785,19680,3259,0,11825,7855,16417,493,263,262,160,102,8632,7785,301,192,2.567088181,1.774155824,67.454100872,302.110643231,6.127834320,11,0.000000000,nan,nan,0.000000000,10.664857982,4.883928981,0.085908978,0.208617013,5.365132994,0,0.500000000
1.799850464,19872,3513,0,12390,7482,16355,492,272,274,168,106,8938,7417,309,183,2.487974052,1.752524507,67.425598370,322.794737577,8.502483368,17,0.000000000,nan,nan,0.000000000,10.630045028,3.727661038,0.068007037,0.187180005,4.117753007,0,0.500000000
1.899638653,20352,3303,0,12226,8126,17045,492,263,263,158,105,8991,8054,300,192,2.472474258,1.712506374,64.453661983,315.743491292,7.600069046,31,0.000000000,nan,nan,0.000000000,14.968520962,6.864706927,0.130057044,0.361060025,7.625451020,0,0.500000000
1.999054193,20064,3627,0,12475,7589,16433,484,272,268,162,106,8919,7514,302,182,2.465557639,1.762405107,65.687753981,322.444360459,6.958484650,25,0.000000000,nan,nan,0.000000000,14.360743051,6.937986007,0.135787006,0.267356983,7.671977975,0,0.500000000
2.098958969,19968,3481,0,12214,7754,16483,492,279,282,165,117,8804,7679,301,191,2.486936889,1.754104592,70.147096409,335.973131515,6.593465805,22,0.000000000,nan,nan,0.000000000,14.577407972,6.916832994,0.134104921,0.296811049,7.654561952,0,0.500000000
2.198969126,20064,3696,0,12620,7444,16364,488,273,274,163,111,8989,7375,305,183,2.451054592,1.783892687,70.691843050,343.772683954,8.603096008,18,0.000000000,nan,nan,0.000000000,14.010714018,6.725795043,0.137022929,0.228243996,7.434583968,0,0.500000000
2.299130678,20064,3484,0,12406,7658,16576,477,267,266,158,108,8989,7587,297,180,2.491492068,1.754239120,67.193072700,311.229992731,6.128072739,20,0.000000000,nan,nan,0.000000000,14.502115024,6.767635001,0.173188979,0.346991001,7.743830967,0,0.500000000
2.399926662,19968,3615,0,12491,7477,16349,506,271,272,160,112,8935,7414,312,194,2.483169433,1.810095037,70.790107658,318.909019201,9.230852127,22,0.000000000,nan,nan,0.000000000,12.837884948,6.217492977,0.105772982,0.168882019,6.795905007,0,0.500000000
2.498964787,19872,3586,0,12303,7569,16282,489,273,275,161,114,8783,7499,303,186,2.468300837,1.797403678,67.240307435,354.178763156,nan,1,nan,nan,nan,0.000000000,9.936792951,5.485888047,0.123770908,0.413984002,6.170248031,0,0.500000000
2.600621223,19968,3653,0,12515,7453,16311,492,282,281,171,110,8919,7392,306,186,2.467588866,1.866799131,73.061744520,342.382929270,7.814884186,39,0.000000000,nan,nan,0.000000000,13.707684004,6.140018988,0.123498961,0.142340956,6.792013999,0,0.500000000
2.700191736,20352,3880,0,12700,7652,16468,477,268,269,154,115,8935,7533,293,184,2.455351970,1.823272056,68.161745672,326.335442890,8.062601089,13,0.000000000,nan,nan,0.000000000,12.858078990,5.333476991,0.101722952,0.218933972,5.920437980,0,0.500000000
2.798982382,19872,3913,0,12494,7378,15955,491,281,276,165,111,8795,7160,302,189,2.485248683,1.921570278,71.607049518,323.928616923,8.623600006,17,0.000000000,nan,nan,0.000000000,3.851013957,1.754647994,0.035844976,0.076108961,1.983880997,0,0.500000000
2.899056673,20064,3903,0,12651,7413,16157,484,269,265,159,106,8953,7204,306,178,2.430873327,1.850736435,69.122831683,305.647878896,8.236885071,28,0.000000000,nan,nan,0.000000000,4.392652016,1.717944979,0.033849035,0.065858010,1.895541965,0,0.500000000
2.998996973,19488,3774,0,12360,7128,15710,492,271,270,161,109,8742,6968,301,191,2.466232651,1.837042997,66.520888790,321.135452695,7.907390594,16,0.000000000,nan,nan,0.000000000,8.386039990,2.687972970,0.028924958,0.051868963,2.848822973,0,0.500000000
3.097003222,20544,3921,0,12972,7572,16619,484,266,266,163,103,9212,7407,306,178,2.414851917,1.812493910,67.035730777,328.008048518,8.210659027,15,0.000000000,nan,nan,0.000000000,12.559380964,5.579265999,0.100859033,0.118773023,6.176930969,0,0.500000000
3.199042320,19968,3985,0,12633,7335,15979,493,275,274,171,103,8799,7180,308,185,2.482607119,1.744979453,69.018920220,330.364778354,9.222030640,30,0.000000000,nan,nan,0.000000000,12.567781028,5.839781021,0.116811018,0.207159959,6.489726016,0,0.500000000
3.299065351,19968,3938,0,12779,7189,16026,491,269,265,163,102,9050,6976,305,186,2.443060865,1.766114500,64.510685948,320.549355038,6.145238876,20,0.000000000,nan,nan,0.000000000,8.540011011,2.316101978,0.028437003,0.042197003,2.481759991,0,0.500000000
3.399028063,19968,4089,0,12771,7197,15875,502,275,278,165,113,8843,7032,307,195,2.479663853,1.676391993,69.013279988,363.708771935,8.183240891,20,0.000000000,nan,nan,0.000000000,4.873878963,2.569816948,0.056083896,0.110133959,2.873213030,0,0.500000000
3.498941660,20064,3974,0,12807,7257,16086,497,267,267,156,111,9002,7084,303,194,2.437364645,1.728182134,66.000992986,339.985714404,8.662700653,19,0.000000000,nan,nan,0.000000000,13.066264044,6.880106987,0.133866037,0.267987023,7.635938004,0,0.500000000
3.599128962,19968,4185,0,12755,7213,15779,505,280,278,162,116,8770,7009,307,198,2.453674059,1.734106702,66.903417263,349.730353881,10.844707489,21,0.000000000,nan,nan,0.000000000,14.638790977,7.242796011,0.143131940,0.347458990,8.006259974,0,0.500000000
3.699120522,20064,4210,0,12809,7255,15850,489,272,269,158,111,8863,6987,306,183,2.430933345,1.811420707,66.283936475,336.050061793,7.737159729,10,0.000000000,nan,nan,0.000000000,7.164397975,3.750699107,0.087263994,0.214381958,4.247052013,0,0.500000000
3.799034595,19968,4152,0,12786,7182,15812,494,266,267,157,110,8814,6998,303,191,2.446043022,1.685970228,65.866236624,328.950748651,7.047176361,30,0.000000000,nan,nan,0.000000000,4.607378971,2.317107050,0.048696005,0.064208987,2.583479974,0,0.500000000
3.898948669,20064,4100,0,12861,7203,15960,483,270,271,161,110,8918,7042,301,182,2.439403468,1.727325415,68.895660251,308.204667038,6.110668182,19,0.000000000,nan,nan,0.000000000,12.388030009,5.812343967,0.112499984,0.177125970,6.457764015,0,0.500000000
3.999069691,19968,4040,0,12811,7157,15924,497,270,270,157,113,8896,7028,306,191,2.443582990,1.687739190,68.593717823,315.998237217,5.846500397,21,0.000000000,nan,nan,0.000000000,13.119652984,5.988996010,0.110822031,0.228684978,6.610942015,0,0.500000000
4.099004030,19968,4100,0,12843,7125,15864,497,267,265,152,113,8889,6975,304,193,2.453183660,1.734153716,66.878720890,313.446321250,8.304595947,20,0.000000000,nan,nan,0.000000000,13.849929965,6.836905028,0.133119000,0.225841010,7.574642950,0,0.500000000
4.199064016,20064,4120,0,12966,7098,15940,487,270,272,161,111,9007,6933,296,191,2.469164060,1.737553708,66.890762688,321.449742738,6.703138351,18,0.000000000,nan,nan,0.000000000,13.746875047,6.809530023,0.134624017,0.230830978,7.548372028,0,0.500000000
4.299070120,19968,4192,0,12872,7096,15772,499,272,270,158,112,8878,6894,300,199,2.450926029,1.812315751,67.172467153,337.884738896,7.095336914,22,0.000000000,nan,nan,0.000000000,14.094671991,6.988316949,0.140093034,0.243171002,7.799796003,0,0.500000000
4.399075270,19968,4177,0,12761,7207,15787,498,267,267,158,109,8845,6942,303,195,2.437023570,1.784359133,69.109107430,298.079188877,6.210088730,20,0.000000000,nan,nan,0.000000000,13.915975986,6.868460972,0.131712994,0.188326056,7.591891976,0,0.500000000
4.498916864,19968,4389,0,12812,7156,15575,516,288,285,167,118,8749,6826,305,211,2.463364563,1.875628933,73.445891904,342.516201809,7.880449295,20,0.000000000,nan,nan,0.000000000,13.621938007,5.600412958,0.100411999,0.108020962,6.166712032,0,0.500000000
4.598991394,19968,4403,0,12880,7088,15561,502,272,268,161,107,8936,6625,304,198,2.434091678,1.806556117,68.342613848,292.296510833,6.756067276,20,0.000000000,nan,nan,0.000000000,13.827503019,6.690344017,0.124925980,0.134787988,7.367512968,0,0.500000000
4.699025154,20064,4823,0,12960,7104,15237,497,266,270,160,110,8752,6485,301,196,2.469091328,1.833231262,68.446379298,309.306255609,11.867761612,19,0.000000000,nan,nan,0.000000000,13.686413993,6.559334986,0.129378051,0.150262960,7.228362025,0,0.500000000
4.799088955,20064,4982,0,13293,6771,15078,487,255,259,164,95,9039,6039,306,181,2.440284888,1.978965401,63.495512307,290.354537911,6.488561630,20,0.000000000,nan,nan,0.000000000,10.309887002,4.504752986,0.080034079,0.086217013,4.968812980,0,0.500000000
4.898924589,19968,5229,0,13299,6669,14735,474,258,255,160,95,8821,5914,307,167,2.462199976,1.835524472,65.355225251,309.233379304,8.986711502,21,0.000000000,nan,nan,0.000000000,9.989265993,5.361751944,0.103258004,0.115941977,5.939337949,0,0.500000000
4.998962402,19968,4972,0,13173,6795,14992,482,260,263,168,95,9050,5942,306,176,2.432077635,2.003311276,67.056863088,319.741838419,6.000041962,20,0.000000000,nan,nan,0.000000000,11.197559012,6.066436064,0.113874965,0.110363006,6.703799008,0,0.500000000
5.099062920,19584,5305,0,13034,6550,14275,482,266,264,162,102,8557,5718,311,171,2.527556524,1.805454594,64.982612427,301.249740275,5.832910538,8,0.000000000,nan,nan,0.000000000,10.625883995,6.101334002,0.119898934,0.087502005,6.766042963,0,0.500000000
5.200217009,20448,5161,0,13649,6799,15283,479,263,261,165,96,9406,5877,302,177,2.455976246,2.073728276,67.735246943,303.187626166,6.366252899,24,0.000000000,nan,nan,0.000000000,8.387383015,1.572093985,0.028726005,0.038438011,1.735009952,0,0.500000000
5.299213171,19968,5419,0,13407,6561,14545,471,252,249,151,98,8864,5681,294,177,2.475300041,1.893528121,64.983019518,289.158902303,7.241487503,29,0.000000000,nan,nan,0.000000000,12.384897971,5.211060983,0.098614953,0.063186977,5.732408026,0,0.500000000
5.398952723,19968,5262,0,13262,6706,14702,482,268,267,167,100,8916,5786,307,175,2.469003486,1.930669514,69.295804276,332.528080855,6.367206573,20,0.000000000,nan,nan,0.000000000,12.372856028,5.900449993,0.108341046,0.096752017,6.478322030,0,0.500000000
5.499122620,20064,5491,0,13379,6685,14569,482,258,260,155,105,8814,5755,302,180,2.496233855,1.789370823,71.156267214,317.733322042,6.461858749,18,0.000000000,nan,nan,0.000000000,13.480815978,6.623365101,0.134894042,0.440651958,7.297047996,0,0.500000000
5.598937988,19968,5264,0,13269,6699,14700,477,263,264,165,99,8857,5843,300,177,2.488820812,1.918306796,70.664819313,314.117372011,7.471799850,22,0.000000000,nan,nan,0.000000000,14.046650031,6.541623967,0.135604932,0.110642985,7.281333965,0,0.500000000
5.699219704,19776,5282,0,13259,6517,14490,484,261,261,159,102,8823,5667,303,181,2.486144263,1.810372387,69.501688481,303.177300890,6.986379623,4,0.000000000,nan,nan,0.000000000,12.293710024,5.936990958,0.112112029,0.082661049,6.556639972,0,0.500000000
5.798339844,20256,5397,0,13360,6896,14855,477,257,257,162,95,8824,6031,297,180,2.494620141,1.979529263,65.046655988,307.778057140,6.597518921,22,0.000000000,nan,nan,0.000000000,6.193297042,2.712606045,0.053658034,0.055749959,3.014172020,0,0.500000000
5.899635792,20160,5321,0,13551,6609,14835,487,272,271,165,106,9091,5744,311,176,2.463528597,1.833968658,70.996515186,337.688374267,10.338544846,30,0.000000000,nan,nan,0.000000000,12.443484040,5.638323026,0.100437028,0.090443995,6.208333012,0,0.500000000
5.999858856,19872,5343,0,13302,6570,14525,474,257,256,162,94,8761,5764,303,171,2.516102166,1.857842715,64.763394360,300.682147958,7.629871368,6,0.000000000,nan,nan,0.000000000,11.910695990,6.053087011,0.094754971,0.129258027,6.589528988,0,0.500000000
6.099060059,19872,4805,0,13059,6813,15063,472,256,255,154,101,8999,6064,292,180,2.488537951,1.796359957,67.455221064,288.539881014,6.280899048,20,0.000000000,nan,nan,0.000000000,11.806028953,5.328819097,0.095722964,0.077244011,5.878338998,0,0.500000000
6.197872639,20256,4962,0,13319,6937,15290,496,263,261,168,93,8985,6305,313,183,2.491994366,1.752429392,63.210444732,298.342795695,6.924867630,33,0.000000000,nan,nan,0.000000000,13.146665995,6.190083979,0.112787064,0.130420958,6.822609983,0,0.500000000
6.299335957,20064,4454,0,12990,7074,15606,500,264,263,158,105,9137,6469,306,194,2.460294568,1.786708968,66.434588157,311.158498911,8.389472961,22,0.000000000,nan,nan,0.000000000,8.018501976,1.868372958,0.029037998,0.033669989,2.032315999,0,0.500000000
6.399934769,19872,4196,0,12736,7136,15672,507,271,272,169,103,9030,6642,313,194,2.478742849,1.731797160,67.837214870,310.011502637,6.341218948,20,0.000000000,nan,nan,0.000000000,8.183494967,1.939537004,0.030777010,0.025791000,2.102488012,0,0.500000000
6.499093771,19968,3820,0,12567,7401,16144,499,268,267,164,103,9089,7055,309,190,2.478416383,1.718448705,62.706489333,308.291510303,6.459712982,15,0.000000000,nan,nan,0.000000000,10.131083021,4.127756052,0.075950928,0.096540025,4.555314023,0,0.500000000
6.599364996,19872,3916,0,12705,7167,15952,509,283,280,169,111,9070,6882,315,194,2.466905568,1.713432210,71.556326248,331.725887335,9.537696838,22,0.000000000,nan,nan,0.000000000,9.083566954,3.342174983,0.048898044,0.035047997,3.643122967,0,0.500000000
6.698963881,19872,3813,0,12358,7514,16055,509,271,271,166,105,8771,7284,308,201,2.544819369,1.711015301,70.008034873,338.782925339,6.972551346,20,0.000000000,nan,nan,0.000000000,12.857260997,6.204070000,0.106229039,0.090332003,6.805018988,0,0.500000000
6.798939705,20160,4177,0,12909,7251,15979,498,272,272,164,108,8957,7022,303,195,2.489432272,1.760736017,69.831255947,333.674090524,7.499456406,15,0.000000000,nan,nan,0.000000000,7.493471028,3.111861995,0.041324005,0.036740035,3.342755954,0,0.500000000
6.899063349,19872,3803,0,12441,7431,16065,497,273,273,163,110,8829,7236,301,196,2.494230276,1.766621006,69.857854205,339.821055349,6.277799606,12,0.000000000,nan,nan,0.000000000,14.259368007,6.761074997,0.126712897,0.167462975,7.468955999,0,0.500000000
6.998879910,20160,4044,0,12834,7326,16112,499,272,268,156,112,9001,7111,308,191,2.455036254,1.841735593,69.791914621,330.734918953,10.805606842,35,0.000000000,nan,nan,0.000000000,8.758904994,2.202680975,0.029299932,0.067115005,2.371345006,0,0.500000000
7.098974466,19872,3816,0,12429,7443,16052,496,272,268,163,105,8787,7265,302,194,2.498061988,1.755044452,68.377200006,352.511719272,6.106138229,6,0.000000000,nan,nan,0.000000000,10.600282985,5.112155050,0.117311080,0.154779002,5.751102988,0,0.500000000
7.198867083,19968,3983,0,12741,7227,15981,501,275,278,162,116,8930,7051,305,196,2.466876164,1.759433458,71.745108083,358.000721136,7.477760315,38,0.000000000,nan,nan,0.000000000,11.280023027,5.216162943,0.109312998,0.134768023,5.805680004,0,0.500000000
7.299465179,19968,3851,0,12575,7393,16113,507,277,281,170,111,8880,7233,307,200,2.479154908,1.724192553,71.347902125,338.866156874,7.642507553,20,0.000000000,nan,nan,0.000000000,14.091087040,6.989008049,0.134361035,0.181697018,7.742754999,0,0.500000000
7.399830580,20160,3975,0,12929,7231,16181,511,285,282,168,114,9119,7062,312,199,2.493356168,1.741338017,73.418928016,345.572412639,6.108522415,16,0.000000000,nan,nan,0.000000000,13.331185968,6.521833944,0.109551940,0.153689005,7.137336012,0,0.500000000
7.498941183,19776,4019,0,12498,7278,15753,491,271,270,168,102,8660,7093,305,186,2.475671916,1.734104328,68.745513782,316.217891003,6.410837173,7,0.000000000,nan,nan,0.000000000,12.280575000,5.441560003,0.102145947,0.144203019,5.993414030,0,0.500000000
7.600578547,20160,3882,0,12726,7434,16274,496,270,270,165,105,9025,7249,306,190,2.463462294,1.702235550,70.362563003,334.012080400,8.359670639,34,0.000000000,nan,nan,0.000000000,10.653898993,3.780092986,0.070025970,0.039323000,4.175151989,0,0.500000000
7.699079990,19776,3961,0,12579,7197,15811,484,274,275,167,108,8804,7007,303,181,2.458855441,1.681985116,66.988104865,326.315673705,5.672693253,6,0.000000000,nan,nan,0.000000000,5.927294958,2.561293019,0.044078042,0.048791990,2.801579016,0,0.500000000
7.798999548,20160,3928,0,12577,7583,16228,499,270,273,161,112,8814,7414,302,197,2.481694154,1.674611055,73.717623016,295.356455291,7.691621780,33,0.000000000,nan,nan,0.000000000,14.670838951,6.787040969,0.134682981,0.104897015,7.528610993,0,0.500000000
7.898937225,20064,3928,0,12717,7347,16132,483,265,266,159,107,8917,7215,299,184,2.438851240,1.715894194,70.244692211,288.520558019,8.092880249,23,0.000000000,nan,nan,0.000000000,9.211578988,2.772580017,0.022148946,0.057073950,2.952130977,0,0.500000000
7.999024630,19872,3814,0,12477,7395,16054,503,280,279,161,118,8731,7323,300,203,2.467653343,1.746612119,73.055759917,302.042050808,6.773471832,10,0.000000000,nan,nan,0.000000000,13.823551009,7.148165954,0.141465047,0.129016989,7.950306986,0,0.500000000
8.098902225,20160,3638,0,12689,7471,16518,505,279,276,160,116,9117,7401,311,194,2.425224766,1.797127481,75.216276476,288.184142241,7.022142410,15,0.000000000,nan,nan,0.000000000,12.723274005,6.072730990,0.087895023,0.031917007,6.612962054,0,0.500000000
8.199022532,19872,3524,0,12158,7714,16344,510,288,290,170,120,8698,7646,311,199,2.474695840,1.686265716,75.071539527,327.912451532,7.585048676,17,0.000000000,nan,nan,0.000000000,14.506007021,7.099358947,0.147267012,0.094321033,7.959675975,0,0.500000000
8.298956156,20064,3409,0,12500,7564,16651,507,275,277,164,113,9156,7495,315,192,2.428209194,1.747384343,73.421411472,288.170329536,7.634878159,36,0.000000000,nan,nan,0.000000000,14.390130003,7.067957020,0.146824983,0.128482003,7.850710012,0,0.500000000
8.398890495,19968,3484,0,12242,7726,16480,510,291,289,168,121,8823,7657,307,203,2.486250467,1.665002416,74.179458758,346.307507599,7.184743881,22,0.000000000,nan,nan,0.000000000,14.342462004,7.005819993,0.139045995,0.117851014,7.750334975,0,0.500000000
8.498993158,19968,3367,0,12339,7629,16597,502,273,271,151,120,9036,7561,305,197,2.444342414,1.729167777,72.383382891,307.400502092,8.848667145,20,0.000000000,nan,nan,0.000000000,9.578522993,3.033359942,0.022127002,0.020418025,3.161253000,0,0.500000000
8.598869801,19968,3395,0,12213,7755,16569,505,288,287,166,121,8885,7684,304,201,2.461375183,1.647832677,76.378057582,340.108092363,6.938934326,20,0.000000000,nan,nan,0.000000000,13.036193966,5.885710998,0.119498000,0.094031042,6.530320970,0,0.500000000
8.698894262,19776,3367,0,12108,7668,16405,491,278,278,161,117,8807,7598,299,192,2.422740787,1.710816888,71.027723285,328.581613367,7.579565048,18,0.000000000,nan,nan,0.000000000,7.046968967,3.586645995,0.072253926,0.057508005,3.975263971,0,0.500000000
8.800690889,20256,3552,0,12370,7886,16700,508,282,285,163,122,8883,7817,307,201,2.460124272,1.695336215,73.403052135,337.034749361,7.136106491,17,0.000000000,nan,nan,0.000000000,6.720282021,3.345073026,0.057651021,0.018299033,3.679624002,0,0.500000000
8.899878263,20064,3558,0,12310,7754,16502,494,278,278,158,120,8827,7675,300,194,2.435023258,1.742350720,71.555813458,332.792391209,8.488893509,24,0.000000000,nan,nan,0.000000000,10.818562994,4.389460024,0.088002998,0.055275974,4.854281025,0,0.500000000
8.998919010,19968,3426,0,12194,7774,16538,496,275,278,162,116,8839,7699,299,197,2.451426624,1.691040519,71.479968773,331.159846581,7.491111755,21,0.000000000,nan,nan,0.000000000,14.072146034,6.857601984,0.127958949,0.097311044,7.556254975,0,0.500000000
9.099044323,19968,3518,0,12353,7615,16446,509,276,277,160,117,8904,7542,305,204,2.443078685,1.703384417,68.040588228,341.779413451,9.276151657,20,0.000000000,nan,nan,0.000000000,14.785726031,7.488253003,0.140674005,0.195537985,8.282748982,0,0.500000000
9.198947906,20064,3479,0,12412,7652,16581,488,278,279,164,115,8996,7585,300,188,2.450110812,1.668557765,71.856409222,325.093235247,6.921291351,18,0.000000000,nan,nan,0.000000000,14.109932003,7.159778965,0.115155010,0.143849000,7.931222033,0,0.500000000
9.299807787,19968,3547,0,12380,7588,16417,501,277,279,160,119,8901,7516,297,204,2.461132075,1.690449893,69.631069197,340.852189148,7.740974426,22,0.000000000,nan,nan,0.000000000,7.370118983,3.087099059,0.053422991,0.063138024,3.358905029,0,0.500000000
9.401479721,20064,3475,0,12429,7635,16585,493,267,265,159,106,9020,7565,298,195,2.462149883,1.682382253,68.541515819,308.280458563,7.845401764,19,0.000000000,nan,nan,0.000000000,14.259101008,7.180338027,0.109512941,0.130881963,7.826531015,0,0.500000000
9.499339581,19968,3577,0,12294,7674,16387,499,272,272,161,111,8786,7601,296,203,2.459800159,1.679702622,67.394773165,342.439777601,7.401704788,21,0.000000000,nan,nan,0.000000000,11.686565005,4.756912007,0.088234083,0.097825017,5.216448975,0,0.500000000
9.599498510,20064,3433,0,12287,7777,16627,500,264,269,163,106,8920,7707,305,195,2.431897321,1.702257615,67.167899434,296.287532491,7.667541504,19,0.000000000,nan,nan,0.000000000,12.118090992,5.127263023,0.087479944,0.130759028,5.614174996,0,0.500000000
9.699097872,19680,3480,0,12185,7495,16196,500,271,276,166,110,8772,7424,302,198,2.470394244,1.694380858,67.180111695,306.380630555,6.098270416,7,0.000000000,nan,nan,0.000000000,11.312450981,3.347111982,0.032350013,0.228199991,3.530677990,0,0.500000000
9.800565004,20256,3278,0,12238,8018,16974,506,254,255,154,101,9032,7942,309,197,2.434951672,1.707422919,60.741151520,291.078568266,7.383584976,31,0.000000000,nan,nan,0.000000000,9.213195997,3.587045008,0.061476021,0.059653015,3.941298986,0,0.500000000
9.898872137,20064,3544,0,12249,7815,16516,496,270,269,160,109,8770,7746,304,192,2.479296622,1.674151989,67.205177520,327.569168039,6.513834000,9,0.000000000,nan,nan,0.000000000,7.401869982,1.804739004,0.030185038,0.030322000,1.980517001,0,0.500000000
9.999012232,19968,3199,0,12201,7767,16765,501,260,263,158,105,9064,7701,304,197,2.436571289,1.742007141,60.671561011,320.686370493,8.877038956,35,0.000000000,nan,nan,0.000000000,11.980878015,5.726934935,0.109406072,0.057795027,6.335314014,0,0.500000000
10.098988771,19968,3387,0,12178,7790,16577,509,274,276,162,114,8852,7725,309,200,2.467831852,1.654812629,69.195873312,311.209585784,7.243871689,19,0.000000000,nan,nan,0.000000000,8.363410016,1.874530979,0.031533942,0.022723980,2.040071995,0,0.500000000
10.198917627,19968,3239,0,12213,7755,16725,497,271,271,165,106,9037,7688,303,194,2.470235209,1.750052006,65.264564394,322.486277350,8.349895477,21,0.000000000,nan,nan,0.000000000,10.623991024,3.786751011,0.028901966,0.063546991,4.009974014,0,0.500000000
10.299041986,20064,3478,0,12369,7695,16582,497,264,264,154,110,8950,7632,298,199,2.517955418,1.643717642,63.466751747,319.582429478,6.370544434,18,0.000000000,nan,nan,0.000000000,13.612928975,6.699453981,0.116385985,0.069589005,7.340427022,0,0.500000000
10.398827791,20064,3321,0,12266,7798,16739,499,276,279,168,111,9007,7732,304,195,2.457853053,1.714656969,71.470484631,347.206651303,8.813619614,20,0.000000000,nan,nan,0.000000000,13.418717019,6.355007994,0.113194983,0.066162029,6.964055996,0,0.500000000
10.499006510,19872,3434,0,12196,7676,16434,503,257,258,149,109,8826,7608,301,202,2.495135798,1.646707580,61.739316677,312.729665737,5.256414413,3,0.000000000,nan,nan,0.000000000,5.727326032,2.462992037,0.042740954,0.037160004,2.699834993,0,0.500000000
10.599184036,19776,3428,0,12139,7637,16344,501,276,278,165,113,8779,7565,304,197,2.491469837,1.717832044,70.940730397,338.731428594,8.167266846,22,0.000000000,nan,nan,0.000000000,14.005313977,6.848373974,0.139453041,0.082666986,7.545491040,0,0.500000000
10.700200558,20448,3512,0,12330,8118,16932,503,272,269,158,111,8884,8048,306,197,2.472572256,1.641860816,68.438120495,333.810927341,8.863687515,28,0.000000000,nan,nan,0.000000000,7.913356007,3.942585026,0.088141998,0.125245017,4.327178991,0,0.500000000
10.799016714,20064,3491,0,12341,7723,16569,495,276,273,163,110,8918,7651,296,199,2.467595095,1.721313749,68.942221589,335.885259294,10.087966919,27,0.000000000,nan,nan,0.000000000,14.180133003,6.908921001,0.133667025,0.113372982,7.646475977,0,0.500000000
10.899854422,19968,3396,0,12257,7711,16568,512,277,278,164,114,8927,7641,308,204,2.494326829,1.674663508,71.171168830,330.172083843,6.463527679,22,0.000000000,nan,nan,0.000000000,8.250875981,1.737491053,0.029538001,0.032148033,1.902741962,0,0.500000000
10.998995304,19968,3507,0,12306,7662,16457,505,276,278,172,106,8863,7594,307,198,2.494349095,1.688368869,67.962011697,326.572716726,7.396459579,20,0.000000000,nan,nan,0.000000000,7.955922047,1.532113936,0.022923050,0.033817021,1.667273988,0,0.500000000
11.099436760,19968,3270,0,12228,7740,16694,498,273,274,159,115,9026,7668,304,194,2.490823826,1.685575792,68.852149213,312.423878378,5.989313126,20,0.000000000,nan,nan,0.000000000,4.801124043,2.187255945,0.040739018,0.025757996,2.413271985,0,0.500000000
11.199412107,20064,3471,0,12301,7763,16589,517,288,286,173,113,8896,7693,315,202,2.505987323,1.682714810,71.567833459,332.212624404,5.932569504,18,0.000000000,nan,nan,0.000000000,12.141833024,5.184679001,0.095024006,0.075160991,5.688131962,0,0.500000000
11.300737858,19968,3028,0,12106,7862,16936,507,276,276,151,125,9150,7786,295,212,2.458209174,1.693422878,72.229489247,305.880116781,6.161928177,19,0.000000000,nan,nan,0.000000000,11.554911034,4.856351006,0.083419960,0.039180974,5.318822979,0,0.500000000
11.399325132,19776,3034,0,11966,7810,16738,508,269,274,168,106,9002,7736,313,195,2.486051385,1.679760701,67.122558649,305.882217653,7.251977921,22,0.000000000,nan,nan,0.000000000,6.791123014,3.645522986,0.060048071,0.068424968,4.010562960,0,0.500000000
11.498891115,19776,3014,0,11833,7943,16758,499,273,270,162,108,8889,7869,304,195,2.514881009,1.675500205,66.513054476,299.543074815,2.660989761,2,0.000000000,nan,nan,0.000000000,4.620890017,1.445500995,0.029527990,0.016123988,1.604463032,0,0.500000000
11.599028111,20064,3415,0,12531,7533,16645,517,289,283,175,108,9189,7456,320,197,2.449896524,1.708299596,69.288592786,316.302205186,7.610321045,37,0.000000000,nan,nan,0.000000000,15.439642011,7.781229913,0.144259015,0.145065016,8.569605998,0,0.500000000
11.699877501,19872,3142,0,11833,8039,16726,513,266,275,172,103,8751,7975,313,200,2.535840830,1.693305906,66.961426490,302.437755206,5.890846252,4,0.000000000,nan,nan,0.000000000,7.046524959,3.090431972,0.055700948,0.072796014,3.393674968,0,0.500000000
11.798831463,20160,3307,0,12375,7785,16849,511,272,274,166,108,9117,7732,312,199,2.444998579,1.727149869,70.253872099,347.978509446,7.418394089,34,0.000000000,nan,nan,0.000000000,13.125032012,7.261838007,0.155767077,0.306261005,8.078540035,0,0.500000000
11.898949862,19872,3042,0,11819,8053,16826,512,271,271,159,112,8826,8000,299,213,2.488616532,1.760109098,63.627112738,332.170130205,6.411790848,5,0.000000000,nan,nan,0.000000000,7.701697992,3.349642910,0.063077023,0.162248034,3.696018015,0,0.500000000
11.999018192,20160,3256,0,12157,8003,16900,504,286,285,171,114,8936,7964,295,209,2.454201326,1.821708842,70.619567505,349.741366982,9.461164474,36,0.000000000,nan,nan,0.000000000,11.881263985,4.571172001,0.083552033,0.224374991,5.012656969,0,0.500000000
12.098972082,19584,2919,0,11716,7868,16661,513,265,264,160,104,8827,7834,296,217,2.488276173,1.825334340,57.911860702,364.081281571,5.827665329,9,0.000000000,nan,nan,0.000000000,3.878129995,2.022047003,0.041796942,0.123628997,2.251748985,0,0.500000000
12.200552225,20256,3083,0,11976,8280,17169,509,270,274,163,111,8919,8250,297,212,2.455030175,1.851977165,64.716058473,372.051486340,7.504701614,29,0.000000000,nan,nan,0.000000000,6.906934024,2.644607041,0.049186929,0.100191974,2.920072002,0,0.500000000
12.298821926,20064,2862,0,11711,8353,17198,506,273,269,164,105,8854,8344,296,210,2.460365881,1.891004877,59.202894082,370.938368262,6.398200989,11,0.000000000,nan,nan,0.000000000,9.813509998,2.947480010,0.029440969,0.113615999,3.125916992,0,0.500000000
12.399034977,19968,2917,0,11909,8059,17047,532,265,270,155,115,8988,8059,306,226,2.463776409,1.954699671,60.969418930,369.639776371,8.378744125,18,0.000000000,nan,nan,0.000000000,10.498240998,4.657975980,0.090630958,0.308092043,5.152486032,0,0.500000000
12.498817921,20064,2812,0,11833,8231,17248,524,251,259,153,106,9017,8231,309,215,2.491920750,1.873605647,67.087055746,313.230802117,9.171962738,34,0.000000000,nan,nan,0.000000000,6.534865999,3.773373959,0.061930972,0.150219013,4.127847962,0,0.500000000
12.598908424,19968,2728,0,11715,8253,17236,544,279,283,158,125,8983,8253,309,235,2.517348797,2.021101472,69.227131086,333.726012836,8.293390274,21,0.000000000,nan,nan,0.000000000,13.347387954,6.090794050,0.100229052,0.196485955,6.639580010,0,0.500000000
12.698940754,20064,2811,0,11842,8222,17249,555,287,286,168,118,9027,8222,312,243,2.496366998,2.009073911,66.466978616,345.987403590,7.943153381,19,0.000000000,nan,nan,0.000000000,14.653269958,6.987089000,0.125869003,0.227352022,7.641706965,0,0.500000000
12.798926830,19872,2658,0,11444,8428,17210,562,277,274,156,118,8782,8428,314,248,2.551708879,2.060735559,66.247236179,314.242211154,6.970167160,3,0.000000000,nan,nan,0.000000000,11.754287989,6.875422958,0.134402013,0.260371016,7.582719962,0,0.500000000
12.898838997,20064,2661,0,11671,8393,17399,562,235,274,163,111,9006,8393,318,244,2.453439266,2.059220465,71.994036966,313.824948843,9.500503540,37,0.000000000,nan,nan,0.000000000,14.593116008,6.557532004,0.098560937,0.282357971,7.120519003,0,0.500000000
12.999149799,19872,2539,0,11317,8555,17329,554,257,270,161,109,8778,8551,327,227,2.536596459,2.061184385,68.842633170,345.299105457,5.876779556,3,0.000000000,nan,nan,0.000000000,11.349364999,4.582634952,0.072511029,0.119722041,4.994008050,0,0.500000000
13.099600315,19872,2556,0,11579,8293,17312,564,281,282,169,113,9023,8289,329,235,2.456581858,2.145190936,73.790618947,341.716860943,7.724285126,20,0.000000000,nan,nan,0.000000000,9.271088988,2.647164918,0.030099996,0.061171013,2.813580038,0,0.500000000
13.201567411,19872,2472,0,11244,8628,17396,559,284,292,173,119,8772,8624,326,233,2.545599498,2.073854049,75.090556732,345.846945640,8.650779724,21,0.000000000,nan,nan,0.000000000,14.028767997,6.125356944,0.176813977,0.160249008,6.712254020,0,0.500000000
13.299515963,19872,2470,0,11461,8411,17398,578,281,281,170,111,8991,8407,335,243,2.436048621,2.173635177,67.939199947,348.562955777,10.905027390,39,0.000000000,nan,nan,0.000000000,12.809413951,5.436423991,0.085962994,0.143652025,5.912028020,0,0.500000000
13.399403811,20064,2630,0,11281,8783,17430,563,290,287,170,117,8651,8779,317,246,2.533173554,2.123463670,74.016238315,334.854609027,9.866237640,17,0.000000000,nan,nan,0.000000000,8.248302038,3.606498125,0.067233050,0.111714005,3.966172982,0,0.500000000
13.498843193,19968,2497,0,11376,8592,17467,586,286,298,176,122,8879,8588,328,258,2.435608532,2.238609520,74.182595164,368.179926202,8.241176605,21,0.000000000,nan,nan,0.000000000,12.722073996,5.431398051,0.090387999,0.136500981,5.916406983,0,0.500000000
13.598868847,19968,2549,0,11188,8780,17415,599,291,281,172,109,8639,8776,334,265,2.504326002,2.231672115,70.978212233,343.721045158,7.947683334,20,0.000000000,nan,nan,0.000000000,9.876822995,4.721974954,0.082852959,0.160167052,5.166164949,0,0.500000000
13.703073025,20064,2495,0,11440,8624,17565,602,296,297,176,121,8945,8620,329,273,2.512126107,2.275773578,77.420975539,400.151685206,6.160736084,19,0.000000000,nan,nan,0.000000000,13.295239012,5.907989980,0.096153992,0.168335973,6.414725969,0,0.500000000
13.800795555,20064,2544,0,11350,8714,17516,599,291,291,176,115,8802,8714,333,266,2.519201837,2.233787136,72.613974142,349.014046690,7.642745972,20,0.000000000,nan,nan,0.000000000,13.054495037,7.260037004,0.127723033,0.372938986,7.959518989,0,0.500000000
13.899035454,19872,2444,0,11214,8658,17424,604,306,301,175,126,8766,8658,331,273,2.583064406,2.253614557,76.698083824,410.341806037,5.195140839,3,0.000000000,nan,nan,0.000000000,10.663371009,5.863217055,0.114332011,0.144064019,6.476272014,0,0.500000000
13.998825788,20064,2527,0,11365,8699,17533,602,275,294,164,130,8834,8699,311,291,2.612037936,2.276262326,81.693949585,333.475229591,9.711503983,36,0.000000000,nan,nan,0.000000000,15.753280022,7.886981068,0.133311027,0.250825018,8.595823019,0,0.500000000
14.098804712,19968,2410,0,11131,8837,17554,626,295,310,163,147,8717,8837,317,309,2.557291856,2.311108222,81.534623062,363.293369201,7.822751999,22,0.000000000,nan,nan,0.000000000,3.538863966,1.806816959,0.032621960,0.063081970,1.976447995,0,0.500000000
14.198983431,20064,2516,0,11166,8898,17544,602,292,289,140,149,8650,8894,282,320,2.478635715,2.333827463,75.695120216,334.303529388,7.666826248,18,0.000000000,nan,nan,0.000000000,13.853417011,7.448907010,0.148447056,0.354123011,8.214041009,0,0.500000000
14.298974991,19968,2394,0,11005,8963,17570,620,298,295,140,155,8611,8959,298,322,2.445418547,2.338591835,69.129074509,353.064127073,6.899356842,22,0.000000000,nan,nan,0.000000000,8.580419002,3.319474927,0.060280960,0.087076041,3.645084973,0,0.500000000
14.398874998,19872,2503,0,11111,8761,17365,630,244,292,124,168,8608,8757,286,344,2.321004105,2.389660622,62.702462788,378.890796449,4.933595657,2,0.000000000,nan,nan,0.000000000,8.588191995,3.971173021,0.061198953,0.146862003,4.287715012,0,0.500000000
14.500553608,20160,2424,0,10965,9195,17732,614,255,288,102,186,8541,9191,260,354,2.299640069,2.420649711,74.033223273,349.109008517,8.472681046,36,0.000000000,nan,nan,0.000000000,13.155445049,5.281993013,0.088336004,0.255331979,5.744688038,0,0.500000000
14.598951817,19968,2472,0,11056,8912,17492,599,246,289,101,188,8580,8912,239,360,2.210756520,2.517692272,71.411007038,355.314169939,6.511211395,23,0.000000000,nan,nan,0.000000000,15.369253000,7.642306911,0.126937986,0.165777979,8.352891018,0,0.500000000
14.698859453,20064,2485,0,10922,9142,17575,588,261,261,84,177,8433,9142,231,357,2.212671006,2.505896720,66.594696367,328.030894412,7.401704788,20,0.000000000,nan,nan,0.000000000,9.422381991,3.351138905,0.029355055,0.053029973,3.519763995,0,0.500000000
14.798928738,19488,2358,0,10594,8894,17126,576,258,258,79,179,8232,8894,222,354,2.150223579,2.648376008,60.750611378,330.872742878,6.782770157,8,0.000000000,nan,nan,0.000000000,13.224112045,6.393197982,0.099039928,0.231387035,6.926418981,0,0.500000000
14.899879932,20160,2777,0,11101,9059,17379,581,259,261,82,179,8323,9056,222,359,2.206279428,2.631928425,57.529121971,344.003633696,7.992982864,14,0.000000000,nan,nan,0.000000000,14.114998979,6.414630043,0.103572966,0.144627993,6.982352992,0,0.500000000
14.998606920,20256,2452,0,11262,8994,17800,569,263,264,77,187,8806,8994,210,359,2.088232891,2.703773381,56.216936642,291.284100747,7.760524750,32,0.000000000,nan,nan,0.000000000,15.055035998,6.273924024,0.099411001,0.132301007,6.826300989,0,0.500000000
15.098927498,20160,2886,0,10913,9247,17270,581,267,261,78,183,8027,9243,215,366,2.158493017,2.669642741,57.461319067,313.935141989,10.543584824,22,0.000000000,nan,nan,0.000000000,9.198238957,3.073085041,0.028287061,0.029204006,3.235279000,0,0.500000000
15.198872566,19488,2537,0,10825,8663,16947,573,265,265,81,184,8288,8659,214,359,2.073670509,2.755568553,60.449217455,299.434251740,7.492780685,12,0.000000000,nan,nan,0.000000000,11.456016044,6.110265036,0.079937105,0.122110010,6.564587005,0,0.500000000
15.299567223,20544,2920,0,11030,9514,17620,581,265,262,86,176,8106,9514,219,362,2.112363845,2.722139985,59.900529224,300.541823800,11.348009109,21,0.000000000,nan,nan,0.000000000,12.772260001,5.557191966,0.086675980,0.124554965,6.021715002,0,0.500000000
15.399688959,19872,2600,0,10801,9071,17268,567,253,255,87,168,8197,9071,218,349,2.049080078,2.786290221,56.084077184,273.394782454,6.494045258,13,0.000000000,nan,nan,0.000000000,13.198037050,5.979762063,0.097754993,0.194489025,6.549028971,0,0.500000000
15.498810053,20160,2944,0,11173,8987,17212,565,245,254,85,169,8225,8987,215,350,2.074789906,2.786848610,54.384910608,297.639647939,9.457588196,34,0.000000000,nan,nan,0.000000000,11.614942981,4.544061027,0.065194967,0.069566013,4.923725966,0,0.500000000
15.598975658,19872,2735,0,10725,9147,17133,593,267,251,75,176,7986,9147,211,382,2.039607203,2.823358465,55.578783905,254.594725749,6.761074066,5,0.000000000,nan,nan,0.000000000,10.725771019,4.146036983,0.047935988,0.045004999,4.421045014,0,0.500000000
15.699406862,20160,3030,0,11037,9123,17126,595,254,248,76,172,8003,9123,209,386,2.008438713,2.837036005,52.657856161,268.016473371,7.753133774,35,0.000000000,nan,nan,0.000000000,8.578448964,1.672540093,0.027223025,0.042153988,1.832593000,0,0.500000000
15.798994541,20064,2873,0,10640,9424,17187,582,260,266,78,188,7764,9423,193,389,2.004349652,2.865423961,66.474679119,246.915980547,6.706714630,22,0.000000000,nan,nan,0.000000000,8.162938990,4.672705021,0.088803063,0.174910994,5.151625024,0,0.500000000
15.899159670,20160,3045,0,10677,9483,17111,574,224,215,63,152,7632,9479,186,388,1.971558639,2.856515566,49.989228092,219.262897004,9.048461914,19,0.000000000,nan,nan,0.000000000,9.221858985,2.598560997,0.023156987,0.047908979,2.744722995,0,0.500000000
16.004499912,19680,3078,0,10556,9124,16598,572,247,247,73,174,7478,9120,180,392,1.977399424,2.924772654,60.369755525,266.419394959,7.191896439,9,0.000000000,nan,nan,0.000000000,9.008727036,2.799696987,0.026374008,0.060235034,2.952946990,0,0.500000000
16.099596262,20544,3269,0,10943,9601,17271,591,252,251,64,187,7673,9598,173,418,1.931813867,2.904860990,56.064177925,265.842481418,6.977796555,23,0.000000000,nan,nan,0.000000000,15.369727043,7.101288938,0.110841938,0.268364965,7.738237968,0,0.500000000
16.198917627,19872,3059,0,10467,9405,16809,580,244,241,80,161,7404,9405,175,405,1.963297734,2.910630215,55.612466010,252.134596539,6.172418594,12,0.000000000,nan,nan,0.000000000,14.579584007,7.678172900,0.123898091,0.209356018,8.355268044,0,0.500000000
16.300571680,20256,3385,0,10779,9477,16867,580,240,236,75,161,7390,9477,179,401,1.984351523,2.885570390,55.942423064,255.255231425,9.785890579,34,0.000000000,nan,nan,0.000000000,14.845019963,5.762258952,0.075238990,0.057869998,6.188375002,0,0.500000000
16.400564671,19968,3251,0,10502,9466,16713,545,218,236,78,158,7248,9465,175,370,1.987685193,2.877293605,53.616734600,264.540044504,6.551027298,18,0.000000000,nan,nan,0.000000000,11.108217004,4.381824052,0.061511993,0.081995968,4.750182037,0,0.500000000
16.499790907,19488,3250,0,10270,9218,16234,511,241,240,76,164,7017,9217,166,345,2.069037678,2.894903884,49.800303090,235.936639799,8.970022202,28,0.000000000,nan,nan,0.000000000,15.868346964,5.091749015,0.069078931,0.078727026,5.487880029,0,0.500000000
16.599009037,20448,3762,0,11030,9418,16682,528,240,231,73,158,7264,9418,169,359,1.944699050,2.893697115,50.833696316,234.863942386,8.656263351,10,0.000000000,nan,nan,0.000000000,13.087478001,6.504203018,0.085817999,0.128742016,7.001946040,0,0.500000000
16.699659348,19776,3901,0,10670,9106,15871,511,228,224,75,149,6768,9103,173,338,2.143648039,2.882208634,42.785022619,216.488300230,5.762100220,12,0.000000000,nan,nan,0.000000000,8.219248033,1.967790013,0.024333945,0.045166991,2.115825017,0,0.500000000
16.799002647,20064,3890,0,10870,9194,16170,521,226,230,74,156,6979,9191,176,345,1.995202489,2.885530550,47.988245099,227.324012262,7.535457611,35,0.000000000,nan,nan,0.000000000,12.998273014,6.320576940,0.089941022,0.095239026,6.884731003,0,0.500000000
16.899179220,20064,4084,0,10773,9291,15976,527,228,228,73,155,6689,9287,174,353,2.110788753,2.848998678,45.835124789,202.015381718,8.332729340,20,0.000000000,nan,nan,0.000000000,10.860272974,4.921504064,0.083543011,0.102152000,5.383766023,0,0.500000000
16.998888969,19968,4199,0,11045,8923,15765,532,225,224,74,150,6846,8919,178,354,2.005373502,2.875044037,49.222469443,226.417947893,8.245944977,22,0.000000000,nan,nan,0.000000000,11.069696047,6.234390021,0.099356985,0.081504986,6.791975000,0,0.500000000
17.098782301,20064,4445,0,11230,8834,15615,531,227,226,70,156,6784,8831,177,354,2.147661284,2.876924327,47.571428625,209.514623826,6.760835648,18,0.000000000,nan,nan,0.000000000,8.293788997,3.551529022,0.024603039,0.036766985,3.700161993,0,0.500000000
17.199951887,20160,4421,0,11488,8672,15735,525,210,218,74,144,7086,8649,179,346,1.945441820,2.881018172,49.387141217,208.705595595,7.098674774,18,0.000000000,nan,nan,0.000000000,7.612805988,2.992984955,0.032650016,0.033908989,3.189371026,0,0.500000000
17.299316406,19872,4531,0,11251,8621,15337,516,219,214,67,147,6767,8570,177,339,2.022197857,2.867628295,46.929011138,192.774288284,6.959438324,5,0.000000000,nan,nan,0.000000000,10.612770973,4.356364952,0.059034035,0.048513990,4.717028001,0,0.500000000
17.398880720,19968,4598,0,11403,8565,15366,492,199,192,69,123,6898,8468,173,319,1.951437883,2.868107391,39.627550114,161.767685289,7.972478867,39,0.000000000,nan,nan,0.000000000,8.568606980,2.746444952,0.021259009,0.047407055,2.884571033,0,0.500000000
17.500116825,20064,4681,0,11437,8627,15379,493,209,210,75,135,6890,8489,171,322,1.960687070,2.871141115,48.930987583,181.132689863,6.244659424,18,0.000000000,nan,nan,0.000000000,13.895833050,7.121042989,0.107719970,0.187454978,7.775279984,0,0.500000000
17.598808289,19968,4605,0,11352,8616,15359,496,198,196,70,126,6912,8447,175,321,1.965951147,2.874847209,41.650846189,160.794128777,8.435487747,21,0.000000000,nan,nan,0.000000000,7.376730035,3.246491018,0.046399946,0.068582012,3.539291967,0,0.500000000
17.698962927,20064,4777,0,11478,8586,15283,487,212,207,72,135,6892,8391,167,320,1.957670447,2.867362735,49.314543521,162.874918316,8.164644241,19,0.000000000,nan,nan,0.000000000,8.500106982,2.258947003,0.043730019,0.160891039,2.530789003,0,0.500000000
17.798915148,19968,4809,0,11411,8557,15155,494,191,198,70,128,6835,8320,171,323,1.985643945,2.851068761,44.178836998,159.214456129,7.205724716,22,0.000000000,nan,nan,0.000000000,8.111753967,2.176471055,0.020570937,0.025215035,2.313684963,0,0.500000000
17.899330616,19488,4822,0,11544,7944,14662,494,195,196,70,126,6966,7696,167,327,1.897102916,2.872980115,45.004844580,160.806569584,6.272077560,9,0.000000000,nan,nan,0.000000000,10.166053020,4.531765997,0.057135068,0.070298032,4.898791958,0,0.500000000
17.997328520,20544,5126,0,11779,8765,15414,503,201,200,68,132,6948,8466,168,335,1.982926619,2.893938437,45.591995054,174.274428924,7.191896439,20,0.000000000,nan,nan,0.000000000,5.459900014,3.069999977,0.048043963,0.074085023,3.373207001,0,0.500000000
18.099793911,19872,5003,0,11733,8139,14865,497,214,209,69,140,7034,7831,169,328,1.888923289,2.892659759,48.119256754,164.746868971,7.750988007,12,0.000000000,nan,nan,0.000000000,8.052794961,2.295127022,0.023249013,0.032098964,2.440912998,0,0.500000000
18.198823929,20160,5366,0,11996,8164,14790,494,193,196,66,130,6983,7807,168,326,1.953251697,2.884294172,45.167197173,185.262210437,8.333683014,35,0.000000000,nan,nan,0.000000000,13.505748997,6.713169976,0.095636991,0.105522980,7.391050982,0,0.500000000
18.299277067,19872,5205,0,11900,7972,14663,496,200,195,64,131,7060,7603,171,325,1.872849591,2.874833697,46.541178830,162.365561733,6.244659424,5,0.000000000,nan,nan,0.000000000,8.132488991,3.842025006,0.048016023,0.049009977,4.153072019,0,0.500000000
18.398894548,20064,5554,0,12087,7977,14506,487,181,184,58,126,6921,7585,162,325,1.854012191,2.884269579,41.008961242,156.772450209,7.609844208,37,0.000000000,nan,nan,0.000000000,8.819708019,2.253819956,0.019464060,0.040144019,2.386243956,0,0.500000000
18.499305487,20064,5409,0,12053,8011,14651,488,202,205,66,139,7046,7605,170,318,1.830840897,2.866764361,50.031905804,186.876955766,7.065773010,14,0.000000000,nan,nan,0.000000000,8.502755023,2.923210035,0.043867971,0.051662035,3.204494948,0,0.500000000
18.599992752,19872,5639,0,12019,7853,14229,482,188,189,57,132,6774,7455,165,317,1.880481803,2.786138135,47.915211053,163.061191271,5.951404572,9,0.000000000,nan,nan,0.000000000,14.388602052,5.820738035,0.079202000,0.129716995,6.341070984,0,0.500000000
18.699005604,20160,5499,0,12184,7976,14657,473,206,208,66,142,7102,7555,168,305,1.816346727,2.787312166,50.148073981,215.327072261,6.385326385,35,0.000000000,nan,nan,0.000000000,10.747177002,4.153485992,0.063231972,0.042695960,4.554454994,0,0.500000000
18.799724817,19872,5728,0,12190,7682,14140,457,183,178,51,127,6850,7290,160,297,1.853499778,2.732369615,47.569705339,170.643695511,6.263971329,5,0.000000000,nan,nan,0.000000000,12.387692987,6.382944062,0.094808987,0.184628996,7.007709006,0,0.500000000
18.898887873,19968,5551,0,12210,7758,14413,453,183,190,64,126,7074,7339,166,287,1.825629764,2.727691225,46.607693033,186.767652603,10.372638702,38,0.000000000,nan,nan,0.000000000,16.151305987,6.485368940,0.087140012,0.100881967,7.053281006,0,0.500000000
18.998822212,19584,5835,0,12303,7281,13745,428,184,181,61,120,6834,6911,154,274,1.846941597,2.620371482,44.386640423,171.006012679,5.617856979,7,0.000000000,nan,nan,0.000000000,12.749642017,7.116183988,0.088039960,0.113647024,7.667605998,0,0.500000000
19.099360943,20448,5809,0,12673,7775,14635,458,195,200,74,126,7207,7428,169,289,1.959556601,2.730083187,43.366965236,201.486822927,8.231163025,35,0.000000000,nan,nan,0.000000000,11.756908963,6.386563997,0.097853015,0.220283982,7.001648017,0,0.500000000
19.198858500,20064,6063,0,12694,7370,13997,442,183,182,64,118,6842,7155,157,285,1.869754281,2.639945069,40.917259610,169.434775749,8.150577545,16,0.000000000,nan,nan,0.000000000,12.116315018,6.057947059,0.088448985,0.154649024,6.668230984,0,0.500000000
19.298909426,19968,5774,0,12432,7536,14190,466,182,182,70,112,6817,7373,170,296,1.875467663,2.565253033,43.174929608,192.524650079,7.444620132,22,0.000000000,nan,nan,0.000000000,12.139900995,6.409026973,0.087827037,0.226247997,6.994575029,0,0.500000000
19.398845911,19968,5854,0,12579,7389,14110,444,181,180,70,110,6801,7309,179,265,1.873808198,2.546026852,43.610572342,187.048189251,7.975816727,15,0.000000000,nan,nan,0.000000000,7.797533995,3.273944021,0.049841066,0.033027958,3.611272026,0,0.500000000
19.499008894,20064,5798,0,12417,7647,14262,457,179,177,73,104,6667,7595,187,270,2.060437392,2.435084583,41.790683889,204.822706326,7.224798203,24,0.000000000,nan,nan,0.000000000,9.003917978,4.390028946,0.066015986,0.137877010,4.832400999,0,0.500000000
19.599901438,19968,5801,0,12533,7435,14163,466,192,194,79,115,6751,7412,199,267,2.058668008,2.427495361,45.742166570,218.091778614,7.517337799,22,0.000000000,nan,nan,0.000000000,8.487821964,2.757053997,0.020582054,0.038357975,2.896105987,0,0.500000000
19.698813438,19872,5823,0,12363,7509,14045,463,185,178,81,97,6540,7505,212,251,2.287305017,2.325304553,40.035685196,201.735956917,nan,1,nan,nan,nan,0.000000000,7.581282000,6.032023055,0.074832875,0.037403021,6.519368966,0,0.500000000
19.800148726,20160,5858,0,12746,7414,14298,449,195,180,77,103,6929,7369,202,247,2.312779328,2.367286269,40.997271489,209.195775674,8.608818054,36,0.000000000,nan,nan,0.000000000,9.801591048,3.255132062,0.040754967,0.281982007,3.527002002,0,0.500000000
19.898902178,19968,5910,0,12566,7402,14054,456,183,179,82,97,6734,7320,218,238,2.395235681,2.263717693,40.564874123,198.549812360,7.090091705,23,0.000000000,nan,nan,0.000000000,12.780972000,5.761743058,0.083036954,0.120953016,6.297053013,0,0.500000000
20.002405643,20160,5729,0,13057,7103,14427,452,187,185,90,95,7440,6987,219,233,2.270877488,2.304759780,42.999186809,208.305243044,7.745027542,17,0.000000000,nan,nan,0.000000000,7.166964991,1.665961987,0.057175930,0.181906973,2.033130033,0,0.500000000
20.099636316,19296,6017,0,12524,6772,13275,443,175,188,85,103,6630,6645,219,224,2.446395420,2.271034581,45.991365478,214.740168147,8.398056030,15,0.000000000,nan,nan,0.000000000,7.320711971,3.303888952,0.044076005,0.078986050,3.605718026,0,0.500000000
20.199958086,20448,5799,0,13523,6925,14645,435,188,190,95,95,7850,6795,228,207,2.276712862,2.311659781,40.616075067,250.676660664,7.186174393,19,0.000000000,nan,nan,0.000000000,9.922733007,5.265185086,0.079141988,0.048741989,5.768670992,0,0.500000000
20.299140453,20064,5986,0,13269,6795,14074,441,181,189,98,91,7390,6684,230,211,2.294436498,2.265206866,38.491172012,240.194632435,8.443832397,28,0.000000000,nan,nan,0.000000000,12.907541008,6.262119045,0.094466028,0.146518985,6.906112016,0,0.500000000
20.398849964,20064,5747,0,13251,6813,14313,441,199,204,107,97,7629,6684,231,210,2.287022624,2.266255448,49.178085927,250.884250556,6.113767624,14,0.000000000,nan,nan,0.000000000,11.357190961,5.751057004,0.091819034,0.114518043,6.310412020,0,0.500000000
20.498782635,19968,5778,0,13225,6743,14186,427,176,180,96,84,7536,6650,223,204,2.252955170,2.268041848,34.310205710,218.289628410,6.725788116,18,0.000000000,nan,nan,0.000000000,8.329535020,2.553257975,0.019226049,0.043679029,2.683038008,0,0.500000000
20.598833799,19968,5630,0,13240,6728,14334,427,188,187,91,96,7704,6630,215,212,2.221895313,2.306668433,34.118383515,242.364846424,7.772445679,29,0.000000000,nan,nan,0.000000000,11.881013983,5.351490981,0.074728043,0.129021006,5.841614970,0,0.500000000
20.698992968,19968,5629,0,13306,6662,14335,421,187,188,100,88,7749,6586,215,206,2.170150496,2.286136741,40.497253300,222.480330305,6.350755692,20,0.000000000,nan,nan,0.000000000,10.680596984,4.209311039,0.059871993,0.107540051,4.598886007,0,0.500000000
20.799276114,20160,5492,0,13297,6863,14664,414,193,192,96,96,7877,6787,212,202,2.166353039,2.269016124,42.931571319,227.155372509,6.550073624,16,0.000000000,nan,nan,0.000000000,12.332504033,6.153880036,0.114094932,0.126133033,6.829640013,0,0.500000000
20.900738955,19968,5371,0,13401,6567,14593,402,171,173,94,79,8083,6510,213,189,2.034210710,2.252554346,41.569560378,164.828870247,6.654262543,24,0.000000000,nan,nan,0.000000000,8.307855984,2.892140008,0.018445018,0.033854973,3.020459961,0,0.500000000
20.998897791,19680,5346,0,13033,6647,14330,408,172,170,88,82,7748,6582,215,193,2.130866871,1.894472977,37.661080170,191.379036074,5.832433701,5,0.000000000,nan,nan,0.000000000,7.606232015,3.175274993,0.043895969,0.081025995,3.480015032,0,0.500000000
21.100205183,19968,5083,0,13326,6642,14881,414,183,181,98,83,8322,6559,217,197,1.969520694,2.080454008,47.316779602,216.285110707,7.795333862,35,0.000000000,nan,nan,0.000000000,13.686671969,6.165213941,0.096148928,0.235413958,6.827971956,0,0.500000000
21.201046705,20448,5526,0,13769,6679,14918,429,187,182,97,85,8311,6607,219,210,1.878283580,1.913146109,44.825552184,237.618531983,nan,1,nan,nan,nan,0.000000000,11.239924992,3.748133022,0.051301031,0.136691029,4.084423010,0,0.500000000
21.299221516,19968,4856,0,13190,6778,15108,434,170,170,100,70,8434,6674,229,205,1.876492804,1.855969070,40.011625594,214.420569263,7.270336151,20,0.000000000,nan,nan,0.000000000,9.948234016,4.331084026,0.055108918,0.127265987,4.714455979,0,0.500000000
21.400471926,19680,4638,0,13011,6669,15038,433,178,173,101,72,8456,6582,235,198,1.806928107,1.830273211,41.436076825,211.487919398,8.087158203,40,0.000000000,nan,nan,0.000000000,8.075734018,3.354152024,0.037242018,0.042269996,3.572240006,0,0.500000000
21.498965025,19872,4796,0,13087,6785,15072,427,167,168,97,71,8377,6695,231,196,1.867320513,1.843827773,41.425803069,195.859759713,6.728649139,18,0.000000000,nan,nan,0.000000000,7.864241023,3.084725002,0.046949950,0.146606006,3.378122055,0,0.500000000
21.598007202,20448,5059,0,13721,6727,15385,434,175,172,101,71,8689,6696,228,206,1.712815224,1.671235903,44.215164584,193.625847460,5.712270737,11,0.000000000,nan,nan,0.000000000,6.950542040,3.774063021,0.060978986,0.116429990,4.195649992,0,0.500000000
21.699836969,19488,4685,0,12896,6592,14799,425,189,191,102,89,8215,6584,227,198,1.844719433,1.760230327,48.369053723,267.750896733,6.509542465,19,0.000000000,nan,nan,0.000000000,10.983319022,5.563522107,0.086012995,0.132536050,6.125878950,0,0.500000000
21.799216747,20256,4729,0,13320,6936,15523,426,171,169,93,76,8587,6936,231,195,1.710467420,1.594044871,44.065615586,245.193957074,9.025096893,26,0.000000000,nan,nan,0.000000000,12.518370000,5.712400016,0.079243036,0.164998986,6.263828953,0,0.500000000
21.898849249,19872,4752,0,13080,6792,15116,421,176,178,100,78,8328,6788,231,190,1.707417926,1.552139929,44.261561080,244.241412223,5.475997925,6,0.000000000,nan,nan,0.000000000,10.516260983,3.548948967,0.050926930,0.079849968,3.879546013,0,0.500000000
21.998807669,19680,4443,0,12997,6683,15233,419,162,159,91,68,8554,6679,221,198,1.685911109,1.629260298,41.310739027,260.739360902,8.374691010,24,0.000000000,nan,nan,0.000000000,9.663352044,4.890582990,0.075150980,0.166458020,5.428771023,0,0.500000000
22.099009991,20352,4481,0,12933,7419,15867,413,158,157,85,72,8449,7418,217,196,1.652974280,1.470711403,39.996024713,248.341053049,7.945299149,21,0.000000000,nan,nan,0.000000000,7.551365008,3.105658107,0.039439939,0.069502043,3.402721020,0,0.500000000
22.198692560,19968,4378,0,12974,6994,15586,398,144,144,85,59,8595,6991,208,190,1.642585145,1.492768262,39.128819336,199.838503672,8.291244507,33,0.000000000,nan,nan,0.000000000,12.717700971,4.901563923,0.063746935,0.148226041,5.386206962,0,0.500000000
22.298875332,19968,4271,0,12830,7138,15693,391,158,159,91,68,8555,7138,210,181,1.568655768,1.408939701,43.719548823,304.623240972,7.506847382,21,0.000000000,nan,nan,0.000000000,7.637983013,3.859726945,0.061806990,0.188461039,4.292191996,0,0.500000000
22.398801088,19968,4229,0,12803,7165,15735,403,159,161,91,70,8570,7165,209,194,1.592113179,1.457678600,41.946017412,213.265200985,7.164239883,19,0.000000000,nan,nan,0.000000000,3.250022011,1.640263945,0.025280984,0.070411013,1.823708997,0,0.500000000
22.499093533,19584,3941,0,12301,7283,15639,372,144,144,77,67,8356,7283,181,191,1.514419109,1.390249622,34.040788095,238.898792752,6.471395493,7,0.000000000,nan,nan,0.000000000,8.458903991,3.235735057,0.041462947,0.078440993,3.550416033,0,0.500000000
22.599569798,20352,4055,0,12844,7508,16293,396,135,147,81,66,8788,7505,196,200,1.542453045,1.437306505,35.771724723,307.916897197,8.157491684,26,0.000000000,nan,nan,0.000000000,8.518592978,4.095045908,0.067678047,0.189566985,4.557498964,0,0.500000000
22.698711395,19680,3674,0,12089,7591,16002,394,135,137,78,59,8411,7591,191,203,1.461245409,1.390341305,34.866436708,205.807609211,9.015321732,13,0.000000000,nan,nan,0.000000000,12.260104995,5.545580003,0.070522074,0.176912989,6.092754018,0,0.500000000
22.800565004,20448,3798,0,12563,7885,16646,401,142,144,74,70,8761,7885,202,199,1.510655812,1.377924948,36.786574091,218.286188530,8.246660233,26,0.000000000,nan,nan,0.000000000,7.075567963,1.172496995,0.015307975,0.043420005,1.296998002,0,0.500000000
22.899191618,19776,3364,0,12003,7773,16408,384,137,133,79,54,8639,7769,200,184,1.498889646,1.369914609,31.892005013,202.860968974,10.443925858,12,0.000000000,nan,nan,0.000000000,5.246131972,2.205043915,0.028370996,0.062066014,2.420061035,0,0.500000000
22.999078989,19872,3598,0,11903,7969,16270,384,138,143,80,63,8305,7965,192,192,1.600654212,1.336097254,33.706877829,234.502042065,8.828401566,18,0.000000000,nan,nan,0.000000000,12.429271999,5.602213962,0.075585034,0.160288007,6.192642031,0,0.500000000
23.099031210,20160,3420,0,12074,8086,16736,403,146,146,74,72,8654,8082,208,195,1.522822541,1.305014754,36.309158074,229.512823839,6.350517273,36,0.000000000,nan,nan,0.000000000,12.714151002,4.839592963,0.047656009,0.090960995,5.202843982,0,0.500000000
23.200350523,19776,3373,0,11657,8119,16399,393,134,152,77,75,8283,8116,201,192,1.666381156,1.255332027,36.012433435,267.528767159,6.149053574,6,0.000000000,nan,nan,0.000000000,11.827295006,5.412087019,0.068592024,0.103669008,5.933137028,0,0.500000000
23.302071333,19872,3261,0,11787,8085,16607,393,140,152,80,72,8525,8082,211,182,1.587426237,1.259514198,34.805351541,249.028948542,8.947134018,30,0.000000000,nan,nan,0.000000000,6.350639043,2.468933060,0.031832024,0.093453040,2.708004031,0,0.500000000
23.399649858,19968,3296,0,11524,8444,16668,385,151,152,85,67,8227,8441,203,182,1.614970541,1.261179614,35.953819965,267.578667415,7.177352905,26,0.000000000,nan,nan,0.000000000,7.047681022,3.112025035,0.051513023,0.080642989,3.453896032,0,0.500000000
23.501359224,19968,3259,0,11761,8207,16705,397,152,154,83,71,8502,8203,214,183,1.569063660,1.305603301,36.610847238,302.115568178,7.941246033,21,0.000000000,nan,nan,0.000000000,12.672044977,5.641050928,0.077596924,0.102252001,6.211043976,0,0.500000000
23.599219322,19968,3120,0,11400,8568,16844,382,148,149,80,69,8280,8564,203,179,1.529871700,1.284070449,36.827938561,279.247819042,8.681058884,19,0.000000000,nan,nan,0.000000000,11.996260961,4.954757984,0.069257047,0.095752999,5.479696032,0,0.500000000
23.698807716,19968,3220,0,11687,8281,16744,391,149,151,79,72,8467,8277,210,181,1.517574423,1.336610639,36.769717700,341.392661037,8.995294571,20,0.000000000,nan,nan,0.000000000,12.675752980,5.674874992,0.075719086,0.078051002,6.286370044,0,0.500000000
23.800534010,19776,3027,0,11318,8458,16745,390,152,150,81,69,8287,8458,202,188,1.437423379,1.308907541,36.411401627,278.338244366,5.690813065,4,0.000000000,nan,nan,0.000000000,10.112238990,5.167872063,0.077935983,0.131295004,5.734844017,0,0.500000000
23.899399281,20448,3362,0,12158,8290,17082,400,150,150,81,69,8796,8286,205,195,1.560172066,1.387581318,38.456746183,348.831675400,7.842302322,28,0.000000000,nan,nan,0.000000000,8.409284987,1.647698926,0.015789061,0.028442009,1.770227973,0,0.500000000
23.999372721,19872,2903,0,11337,8535,16965,398,158,161,86,75,8430,8535,203,195,1.397406656,1.351418122,38.408477997,325.861294372,9.033679962,25,0.000000000,nan,nan,0.000000000,13.004940993,5.604547041,0.078114041,0.275294995,6.163073995,0,0.500000000
24.099842548,19968,3264,0,11601,8367,16700,393,154,155,80,75,8334,8366,198,195,1.446539162,1.454915609,40.097953837,341.747488526,6.783485413,23,0.000000000,nan,nan,0.000000000,8.380546002,4.070846015,0.064708001,0.184352975,4.535495013,0,0.500000000
24.198940992,19488,2891,0,11058,8430,16593,404,150,152,79,73,8167,8426,203,201,1.401018966,1.412459409,35.006774775,323.874167707,6.718397141,10,0.000000000,nan,nan,0.000000000,10.869466001,4.162246885,0.051795039,0.117096002,4.545205971,0,0.500000000
24.300225019,20544,3333,0,11851,8693,17207,397,151,151,75,76,8514,8693,196,201,1.457296495,1.482745388,36.958060846,351.276598652,7.025241852,20,0.000000000,nan,nan,0.000000000,10.354899976,3.646640922,0.048755028,0.086138025,4.014238948,0,0.500000000
24.399148464,18720,2854,0,10783,7937,15862,403,155,154,77,77,7929,7933,201,202,1.423905552,1.497289231,39.431499912,342.497551618,6.633758545,13,0.000000000,nan,nan,0.000000000,11.064473016,4.723241029,0.060523977,0.072213006,5.162739020,0,0.500000000
24.497910261,21504,3403,0,12368,9136,18097,415,163,164,83,81,8965,9132,193,222,1.364030479,1.511712615,43.449603051,337.593005377,8.973121643,30,0.000000000,nan,nan,0.000000000,3.433422011,1.296797011,0.017629995,0.025551009,1.422233006,0,0.500000000
24.599598169,19872,2989,0,11436,8436,16879,419,160,160,79,81,8443,8436,198,221,1.325157725,1.530721901,41.652651666,374.194814973,6.145477295,9,0.000000000,nan,nan,0.000000000,8.055849990,3.190864983,0.042437983,0.068357971,3.496713005,0,0.500000000
24.699419975,19968,3173,0,11386,8582,16791,403,151,150,73,77,8209,8582,183,220,1.386149033,1.574043793,36.982635037,269.734767225,6.890296936,38,0.000000000,nan,nan,0.000000000,13.071838999,5.376469984,0.069039932,0.072252995,5.884448998,0,0.500000000
24.798840284,20064,3028,0,11699,8365,17032,408,148,155,78,77,8667,8365,189,219,1.232150125,1.590927697,37.425194836,309.619078155,8.564949036,19,0.000000000,nan,nan,0.000000000,13.229383971,5.909893953,0.078583020,0.136927993,6.484629004,0,0.500000000
24.899538279,19872,3159,0,11255,8617,16709,406,143,150,74,76,8094,8615,187,219,1.328961776,1.577148741,34.216022759,299.231219400,5.749225616,3,0.000000000,nan,nan,0.000000000,9.480088018,4.905684036,0.058376056,0.130211003,5.338154035,0,0.500000000
25.000907898,20256,3186,0,11655,8601,17066,408,156,155,70,85,8465,8601,186,222,1.252186093,1.601784968,36.938510304,235.808137778,8.580684662,34,0.000000000,nan,nan,0.000000000,11.848410009,4.592852958,0.058514997,0.070674985,5.012831010,0,0.500000000
25.099463701,19968,2953,0,11178,8790,17011,417,170,172,84,88,8225,8786,193,224,1.278084071,1.601023429,41.451674943,319.380837390,7.586717606,24,0.000000000,nan,nan,0.000000000,12.992603006,5.756242084,0.088802073,0.201625982,6.377065962,0,0.500000000
25.199391603,20064,3209,0,11668,8396,16851,407,160,161,79,82,8459,8392,187,220,1.238145028,1.646497053,39.975407642,228.615173508,6.594657898,19,0.000000000,nan,nan,0.000000000,6.290424033,2.572646074,0.034454977,0.046201050,2.815755026,0,0.500000000
25.299727440,19968,2973,0,11298,8670,16991,411,168,168,83,85,8321,8670,188,223,1.239336150,1.626154068,42.009995503,257.805832110,7.960319519,22,0.000000000,nan,nan,0.000000000,8.640695014,2.032582997,0.018230989,0.035803008,2.164643025,0,0.500000000
25.399740696,20064,3216,0,11710,8354,16844,398,156,158,76,82,8490,8354,180,218,1.253677587,1.681905169,39.691791255,217.406289548,7.677555084,18,0.000000000,nan,nan,0.000000000,7.971923973,1.166466973,0.016721024,0.028000970,1.287463005,0,0.500000000
25.499786377,19968,2938,0,11337,8631,17026,407,167,167,78,89,8395,8631,185,222,1.200780111,1.649964227,44.569771453,257.501674785,7.749319077,21,0.000000000,nan,nan,0.000000000,9.743066039,3.625514917,0.048668997,0.101662998,3.969600017,0,0.500000000
25.600011110,20064,3270,0,11675,8389,16790,396,154,156,74,82,8401,8389,178,218,1.202970548,1.684093239,38.152300346,228.172341250,6.433486938,19,0.000000000,nan,nan,0.000000000,8.274658991,1.806696004,0.016927952,0.032907003,1.931171981,0,0.500000000
25.699541092,19872,2889,0,11211,8661,16979,395,161,161,74,87,8322,8657,174,221,1.196091551,1.673167911,42.923662304,247.297288289,5.772113800,3,0.000000000,nan,nan,0.000000000,12.834047957,5.575749965,0.081164995,0.120725017,6.161752040,0,0.500000000
25.799598217,19296,3250,0,10934,8362,16042,392,156,158,71,87,7682,8360,166,226,1.214811312,1.728258153,38.969789163,222.282313018,7.387876511,32,0.000000000,nan,nan,0.000000000,8.085722977,2.167668019,0.016875973,0.029054005,2.291686018,0,0.500000000
25.896553040,20832,2984,0,11807,9025,17844,407,167,169,80,89,8822,9022,178,229,1.168000576,1.661886713,42.138719716,240.000613637,5.740165710,10,0.000000000,nan,nan,0.000000000,13.333918003,5.338346993,0.083452906,0.123495003,5.922664946,0,0.500000000
25.999675274,20160,3399,0,11520,8640,16757,405,159,157,74,83,8119,8638,173,232,1.199406927,1.749485660,38.621088783,250.335832310,9.945869446,34,0.000000000,nan,nan,0.000000000,13.598516001,5.711895938,0.082213955,0.146703038,6.302879017,0,0.500000000
26.100276470,19776,2815,0,11209,8567,16957,413,164,164,75,89,8390,8567,176,237,1.151545883,1.722814558,41.918805663,208.538312395,7.140159607,6,0.000000000,nan,nan,0.000000000,5.799495033,2.263422939,0.030661933,0.030588999,2.477358037,0,0.500000000
26.199626923,19872,2820,0,11149,8723,17048,421,162,167,76,91,8327,8721,183,238,1.153469994,1.704711355,42.288333768,232.902075230,7.089376450,25,0.000000000,nan,nan,0.000000000,7.956779969,2.516747976,0.033698045,0.037315011,2.731899032,0,0.500000000
26.299713850,19392,2505,0,10843,8549,16883,408,159,162,75,87,8347,8536,175,233,1.166076362,1.704455032,40.811803857,201.955850862,7.165908813,29,0.000000000,nan,nan,0.000000000,12.829948973,5.636235059,0.082590035,0.140425982,6.237234978,0,0.500000000
26.398960352,19968,3175,0,11576,8392,16789,414,160,163,71,92,8425,8364,170,244,1.130191551,1.732595179,43.207632567,194.563844725,8.174896240,23,0.000000000,nan,nan,0.000000000,7.939898991,2.832360042,0.035003934,0.035089965,3.084542986,0,0.500000000
26.502564430,20256,3301,0,11357,8899,16951,426,168,163,73,90,8082,8869,177,249,1.185398593,1.675224185,43.456067594,206.748148684,7.483243942,15,0.000000000,nan,nan,0.000000000,10.093418008,5.333279027,0.079447054,0.180965988,5.885469960,0,0.500000000
26.599580526,19968,3213,0,11558,8410,16751,419,171,170,72,98,8375,8376,168,251,1.113973977,1.741851596,44.445417731,182.656236591,8.334636688,25,0.000000000,nan,nan,0.000000000,8.766713028,4.319738946,0.043086009,0.033268007,4.625215020,0,0.500000000
26.701062202,19968,3345,0,11308,8660,16619,430,166,173,77,96,8001,8618,174,256,1.161456854,1.718712177,45.484097168,203.021230882,6.078243256,20,0.000000000,nan,nan,0.000000000,7.811681018,1.363915042,0.017851009,0.038564962,1.492825977,0,0.500000000
26.799328566,19968,3367,0,11660,8308,16597,421,175,175,70,105,8324,8273,161,260,1.134829745,1.754886010,42.466315042,219.526544230,7.480144501,20,0.000000000,nan,nan,0.000000000,14.248175954,5.976881017,0.088737055,0.144179037,6.586092000,0,0.500000000
26.898763657,20160,3311,0,11554,8606,16845,415,169,173,76,97,8269,8576,164,251,1.197484439,1.690020310,40.650455167,227.057312024,6.402015686,16,0.000000000,nan,nan,0.000000000,9.334947972,4.161825986,0.068702095,0.148900028,4.630991025,0,0.500000000
26.999587774,20064,3492,0,11763,8301,16568,412,171,168,65,103,8301,8267,156,256,1.141247608,1.742832256,43.384808094,206.151736476,9.158611298,21,0.000000000,nan,nan,0.000000000,14.858389972,7.370783947,0.111460045,0.066228036,8.417821024,0,0.500000000
27.099553585,19968,3341,0,11339,8629,16623,415,170,176,71,105,8031,8592,157,258,1.141429354,1.673719466,44.058862827,205.858327603,8.545398712,23,0.000000000,nan,nan,0.000000000,8.106351015,1.647622092,0.018324004,0.034391007,1.776121964,0,0.500000000
27.199256659,19968,3556,0,11502,8466,16408,410,172,177,73,104,7979,8429,155,255,1.198726397,1.718465920,43.402364667,200.936682125,7.695198059,20,0.000000000,nan,nan,0.000000000,7.793502999,3.634594032,0.055912067,0.101084996,4.052456003,0,0.500000000
27.298656940,19968,3488,0,11336,8632,16476,399,163,167,68,99,7883,8593,148,251,1.161481857,1.678939008,41.204972895,199.667407864,6.253004074,20,0.000000000,nan,nan,0.000000000,7.605832012,3.208537993,0.034456025,0.032908982,3.465331043,0,0.500000000
27.400953531,20448,3809,0,11687,8761,16635,425,172,176,74,102,7906,8729,159,266,1.214571099,1.736385313,43.429045781,216.268399885,5.824327469,11,0.000000000,nan,nan,0.000000000,8.436111035,4.123427963,0.066668028,0.121745979,4.573485989,0,0.500000000
27.499509811,19488,3532,0,11158,8330,15952,398,154,152,70,82,7646,8306,151,247,1.192703823,1.719534520,37.287817826,173.566255802,8.152723312,20,0.000000000,nan,nan,0.000000000,7.939652016,3.542190010,0.041945954,0.040521030,3.860085038,0,0.500000000
27.599718571,20064,3901,0,11532,8532,16159,415,169,173,82,91,7644,8515,158,257,1.209477175,1.747305410,44.172728401,201.941430906,8.505105972,27,0.000000000,nan,nan,0.000000000,8.254282002,2.351273026,0.017892045,0.029040966,2.480063005,0,0.500000000
27.698789597,20736,3827,0,11985,8751,16905,401,158,157,65,92,8164,8741,152,249,1.186378535,1.667387496,40.874435535,142.527536009,6.041765213,7,0.000000000,nan,nan,0.000000000,10.885496973,4.620778956,0.052803895,0.105949002,5.014419032,0,0.500000000
27.799828291,19968,3959,0,11465,8503,16005,394,141,145,62,83,7506,8499,149,245,1.229538345,1.702149803,31.478049273,167.865447751,7.924318314,35,0.000000000,nan,nan,0.000000000,7.975441986,1.347971032,0.016379054,0.043148000,1.482167980,0,0.500000000
27.900992632,19872,3900,0,11458,8414,15968,397,155,155,64,91,7558,8410,151,246,1.220352146,1.685690466,39.354642781,149.060457238,5.385398865,2,0.000000000,nan,nan,0.000000000,7.392789994,2.491306048,0.016660953,0.045514025,2.613473043,0,0.500000000
27.999255896,20160,4132,0,11424,8736,16024,394,145,145,64,81,7292,8732,150,244,1.227235664,1.674880136,33.053928951,163.395009855,8.448123932,34,0.000000000,nan,nan,0.000000000,12.355294952,5.178985011,0.070132024,0.158759009,5.684144970,0,0.500000000
28.099606276,19872,4006,0,11485,8387,15862,389,149,149,63,86,7477,8385,149,240,1.204198479,1.690807265,38.032971713,165.745919203,6.123304367,5,0.000000000,nan,nan,0.000000000,12.055530970,5.458876083,0.077029981,0.148553983,6.022778980,0,0.500000000
28.198894978,20160,4219,0,11622,8538,15937,386,156,153,63,90,7403,8534,147,239,1.277350797,1.680982897,37.682205270,177.683364469,8.509159088,35,0.000000000,nan,nan,0.000000000,12.234176975,5.127884971,0.070361013,0.095208001,5.647949001,0,0.500000000
28.299480915,19872,4068,0,11455,8417,15800,393,155,154,66,88,7383,8417,150,243,1.202185532,1.700349689,38.388796109,202.081896426,9.212493896,5,0.000000000,nan,nan,0.000000000,12.403750967,5.588928005,0.080277910,0.145410013,6.142388040,0,0.500000000
28.399747372,19968,4218,0,11356,8612,15746,390,158,157,68,89,7134,8612,150,240,1.283716533,1.697079893,37.798053566,227.282236753,9.663820267,38,0.000000000,nan,nan,0.000000000,7.929120969,1.296392002,0.017968938,0.035011966,1.427949988,0,0.500000000
28.498864889,20064,4150,0,11601,8463,15910,391,154,157,66,91,7447,8463,143,248,1.149685993,1.724583469,38.920201325,200.931007170,10.014533997,18,0.000000000,nan,nan,0.000000000,11.736004031,5.533972057,0.077957055,0.159339979,6.104114000,0,0.500000000
28.598868132,20064,4335,0,11312,8752,15725,402,156,169,64,105,6973,8752,146,256,1.214958841,1.709255836,41.994707967,209.497379179,7.195234299,21,0.000000000,nan,nan,0.000000000,12.563565979,5.686095858,0.082526123,0.161530974,6.265972974,0,0.500000000
28.699826479,20160,4257,0,11465,8695,15899,405,153,157,58,99,7208,8691,146,259,1.210088052,1.758073996,38.800380714,152.099262583,7.895469666,18,0.000000000,nan,nan,0.000000000,12.691655022,5.904915975,0.080850965,0.185096986,6.483724050,0,0.500000000
28.799284458,19872,4253,0,11304,8568,15615,418,172,176,62,114,7048,8567,142,276,1.272122102,1.675507358,42.882051658,258.951203839,5.603790283,5,0.000000000,nan,nan,0.000000000,8.525209036,2.285531955,0.018624996,0.086709973,2.414803021,0,0.500000000
28.898795843,20160,4570,0,11673,8487,15586,411,174,168,63,105,7100,8486,139,272,1.272294388,1.741086138,43.394795404,180.411968699,7.225513458,22,0.000000000,nan,nan,0.000000000,7.830133021,2.884614922,0.042746018,0.072063995,3.179060994,0,0.500000000
28.999738693,20064,4419,0,11634,8430,15641,409,163,171,64,107,7211,8430,142,267,1.390234460,1.672930236,39.587693076,226.331463029,7.731676102,35,0.000000000,nan,nan,0.000000000,9.312910028,3.418084001,0.051511102,0.119950040,3.767244983,0,0.500000000
29.099832296,19968,4626,0,11687,8281,15338,429,171,170,63,107,7060,8278,146,283,1.369411374,1.723109355,37.795462991,206.940378240,6.192922592,21,0.000000000,nan,nan,0.000000000,12.868030986,6.074364996,0.086753978,0.172297005,6.679719023,0,0.500000000
29.199679375,19968,4646,0,11694,8274,15318,413,158,163,64,99,7053,8265,148,265,1.338747196,1.685506198,34.972235625,266.120608733,10.362386703,20,0.000000000,nan,nan,0.000000000,8.589883044,2.079835045,0.018475985,0.045513036,2.218740003,0,0.500000000
29.299790859,20064,4755,0,11754,8310,15305,402,144,140,54,86,7029,8276,140,262,1.419908067,1.681961214,32.172968087,186.563703094,6.542921066,19,0.000000000,nan,nan,0.000000000,12.147968984,5.631544045,0.073510979,0.149497006,6.179150019,0,0.500000000
29.399780989,19968,4795,0,11809,8159,15169,403,148,146,59,87,7114,8055,140,263,1.431164086,1.718290711,30.580389290,200.307727962,8.012771606,22,0.000000000,nan,nan,0.000000000,8.152918017,3.798691963,0.043461972,0.066426001,4.124206025,0,0.500000000
29.499645233,19968,4781,0,11738,8230,15183,407,148,152,64,88,7094,8089,146,261,1.513885753,1.761820033,32.666189406,200.193473381,9.148120880,20,0.000000000,nan,nan,0.000000000,8.996884048,3.337166971,0.041693100,0.074365002,3.651091014,0,0.500000000
29.599277258,20064,4896,0,11914,8150,15164,403,151,152,61,91,7189,7975,143,260,1.468233294,1.748323202,34.746506219,191.401499834,7.939577103,18,0.000000000,nan,nan,0.000000000,8.132819959,2.403140068,0.016475969,0.041175052,2.527974022,0,0.500000000
29.699871540,20064,4952,0,11923,8141,15108,396,146,150,61,89,7161,7947,139,257,1.630303652,1.745013786,33.450705406,203.420848475,7.598638535,6,0.000000000,nan,nan,0.000000000,7.128958008,2.981423051,0.038135971,0.080835947,3.262481943,0,0.500000000
29.803554296,19200,4862,0,11827,7373,14334,395,140,142,58,84,7157,7177,139,256,1.560623290,1.840030997,29.044615281,191.269608060,7.384777069,30,0.000000000,nan,nan,0.000000000,8.080883010,2.500583010,0.015773054,0.030489988,2.624155022,0,0.500000000
29.899038315,20736,5121,0,12177,8559,15611,398,142,142,63,79,7280,8331,147,251,1.738070594,1.688117005,29.100515263,242.461100316,6.204366684,12,0.000000000,nan,nan,0.000000000,5.386926001,2.122801030,0.025924004,0.039199018,2.321477979,0,0.500000000
29.999784708,19968,5115,0,12264,7704,14849,386,139,141,59,82,7357,7492,138,248,1.553598681,1.755164340,30.566597195,172.107081523,7.491827011,33,0.000000000,nan,nan,0.000000000,12.245261983,5.461446068,0.073436066,0.110412017,6.040226028,0,0.500000000
30.099763632,20064,5225,0,12069,7995,14835,400,146,141,67,74,7083,7752,145,255,1.703474984,1.698032970,29.772321213,217.990066405,7.001161575,19,0.000000000,nan,nan,0.000000000,4.785767000,2.028008050,0.026102934,0.045430963,2.230524959,0,0.500000000
30.199698448,19776,5208,0,12102,7674,14564,385,139,139,60,79,7130,7434,143,242,1.720270249,1.736408212,29.544406219,193.129354993,7.708311081,20,0.000000000,nan,nan,0.000000000,11.506686977,5.384384887,0.068605004,0.130830973,5.919663992,0,0.500000000
30.300395250,20160,5415,0,12133,8027,14741,392,130,137,62,75,6979,7762,147,245,1.750041441,1.617821291,29.888662309,198.610195700,6.886005402,15,0.000000000,nan,nan,0.000000000,8.361180022,2.228966041,0.015345053,0.031017000,2.357932972,0,0.500000000
30.399403334,20064,5451,0,12303,7761,14609,375,124,124,61,63,7102,7507,143,232,1.774960655,1.710992987,25.791925022,196.824594102,8.331060410,25,0.000000000,nan,nan,0.000000000,13.887976995,5.822203995,0.049342052,0.112153008,6.366327987,0,0.500000000
30.504014969,19776,5519,0,12180,7596,14253,390,138,143,66,77,6893,7360,148,242,1.849539692,1.572420516,29.301998121,218.286024578,6.965160370,6,0.000000000,nan,nan,0.000000000,11.128310987,5.450658966,0.066927925,0.161934004,5.968329031,0,0.500000000
30.598865271,20160,5595,0,12443,7717,14561,404,155,154,80,74,7075,7486,166,238,1.856294412,1.672942138,35.609140840,232.760958010,7.903575897,32,0.000000000,nan,nan,0.000000000,11.529104959,5.529101996,0.076415949,0.163479999,6.086484005,0,0.500000000
30.699578285,19680,5486,0,12322,7358,14190,405,153,166,86,80,7021,7169,170,235,1.939311454,1.498077476,40.577933312,212.519833235,6.162405014,9,0.000000000,nan,nan,0.000000000,5.628973013,3.087729972,0.044597080,0.150295033,3.404585994,0,0.500000000
30.800541878,20352,5591,0,12623,7729,14757,398,154,159,88,71,7228,7529,166,232,2.008920369,1.584000598,34.508093114,259.237558597,8.724212646,28,0.000000000,nan,nan,0.000000000,13.901612023,6.580839050,0.078729005,0.106281019,7.156538020,0,0.500000000
30.899632215,19872,5660,0,12487,7385,14208,387,144,141,82,59,7017,7191,163,224,2.071720540,1.523726062,34.526813596,227.334109553,5.774974823,9,0.000000000,nan,nan,0.000000000,10.005931021,3.863349964,0.045851979,0.099710014,4.204828001,0,0.500000000
31.000958681,20064,5609,0,12643,7421,14451,389,155,158,85,73,7222,7229,159,230,2.148747662,1.505870159,34.047733165,244.065228706,8.785486221,36,0.000000000,nan,nan,0.000000000,7.441915048,3.450028016,0.047685986,0.089481007,3.774080018,0,0.500000000
31.099494457,20064,5787,0,12783,7281,14273,393,147,149,82,67,7188,7085,161,232,2.227816633,1.539944780,35.790924362,207.428298605,7.649898529,20,0.000000000,nan,nan,0.000000000,11.944752012,5.831482995,0.085426029,0.195417029,6.408840010,0,0.500000000
31.199811935,19968,5642,0,12500,7468,14322,394,147,149,83,66,7075,7247,165,229,2.292714697,1.444896211,36.456075406,231.882686627,5.816936493,5,0.000000000,nan,nan,0.000000000,12.060096022,6.046630035,0.078382960,0.184144010,6.619058026,0,0.500000000
31.300569534,19968,5547,0,12628,7340,14417,414,156,158,90,68,7272,7145,170,244,2.287537046,1.459491030,39.377044687,262.982464272,7.289171219,37,0.000000000,nan,nan,0.000000000,8.359647007,4.115748976,0.049679948,0.080013007,4.485196027,0,0.500000000
31.399086952,19680,5325,0,12324,7356,14351,408,162,161,90,71,7171,7180,164,244,2.293396526,1.415242553,38.771993002,265.307151097,6.244897842,21,0.000000000,nan,nan,0.000000000,7.996376953,3.281937039,0.047825102,0.082081009,3.587732965,0,0.500000000
31.499033928,20160,5659,0,12818,7342,14497,414,162,161,89,72,7268,7229,167,247,2.297866633,1.397550004,40.229967195,239.808217421,8.915424347,17,0.000000000,nan,nan,0.000000000,5.167411000,2.443304111,0.036633981,0.081499980,2.715149021,0,0.500000000
31.599054813,20160,5796,0,12835,7325,14360,405,160,164,85,79,7133,7227,160,245,2.304188610,1.394419540,41.161295211,234.086503252,7.101297379,12,0.000000000,nan,nan,0.000000000,3.062285017,1.531314920,0.020473963,0.058078032,1.676885993,0,0.500000000
31.699236155,20064,5629,0,12584,7480,14431,399,152,153,85,68,7029,7402,159,240,2.324234504,1.420833843,37.776720205,236.030653454,8.540391922,28,0.000000000,nan,nan,0.000000000,8.223853947,3.185779031,0.040020968,0.095474999,3.476899001,0,0.500000000
31.799406767,19968,5824,0,12793,7175,14140,402,155,158,86,72,7039,7101,161,241,2.300480212,1.452008925,42.201873471,248.703665955,6.117820740,8,0.000000000,nan,nan,0.000000000,11.512180965,5.813941010,0.080286001,0.185929006,6.394534023,0,0.500000000
31.899756432,20064,5702,0,12721,7343,14358,404,151,152,83,69,7081,7277,163,241,2.345606504,1.408092717,36.161022426,242.285062621,7.598161697,32,0.000000000,nan,nan,0.000000000,7.648106024,2.450898057,0.031316013,0.028693001,2.685562999,0,0.500000000
31.999706745,19776,5780,0,12557,7219,13992,394,156,159,89,70,6830,7162,167,227,2.300403596,1.414578182,38.416093435,241.509791238,5.789995193,6,0.000000000,nan,nan,0.000000000,5.289373978,2.871553937,0.041638908,0.049265975,3.169066971,0,0.500000000
32.098939419,20160,5695,0,12733,7427,14461,401,149,159,87,72,7091,7370,167,234,2.345331227,1.379938762,38.069764790,281.017995139,9.146690369,32,0.000000000,nan,nan,0.000000000,9.460203000,3.873880021,0.050688919,0.116178999,4.239273025,0,0.500000000
32.199519873,19872,5777,0,12607,7265,14091,413,156,160,92,68,6868,7223,173,240,2.337421868,1.370014910,36.681748019,283.470492922,7.950782776,25,0.000000000,nan,nan,0.000000000,12.575222994,5.915635964,0.077218923,0.157966977,6.454942981,0,0.500000000
32.298755646,19872,5761,0,12475,7397,14091,413,152,151,84,67,6868,7223,173,240,2.337421868,1.370014910,35.110665188,263.692083115,nan,nan,nan,nan,nan,0.000000000,5.599819997,3.469404066,0.041303050,0.051200972,3.768000985,0,0.500000000
32.399877548,20256,5955,0,13000,7256,14297,395,133,130,82,48,7074,7223,174,221,2.355535890,1.280395230,29.323716304,216.042751735,6.790637970,34,0.000000000,nan,nan,0.000000000,2.926362969,1.228770998,0.014228048,0.048749964,1.341819996,0,0.500000000
32.499122858,19968,5834,0,12656,7312,14130,394,139,142,88,54,6866,7264,175,219,2.411823649,1.231552060,33.770024668,253.817069287,6.661415100,24,0.000000000,nan,nan,0.000000000,12.180770980,5.331650900,0.068124034,0.134987989,5.848228990,0,0.500000000
32.599148512,19968,5783,0,12769,7199,14181,396,125,125,84,41,7037,7144,181,215,2.390168668,1.204068751,27.878379448,219.238014576,6.367206573,21,0.000000000,nan,nan,0.000000000,12.672214012,5.854856921,0.063689018,0.236730964,6.376016012,0,0.500000000
32.699559689,19968,5933,0,12772,7196,14031,403,142,146,84,62,6897,7134,175,228,2.425453474,1.207035992,38.949373413,217.390640154,8.129835129,20,0.000000000,nan,nan,0.000000000,7.321190962,3.021330049,0.035313016,0.094508985,3.288698033,0,0.500000000
32.799258709,19968,5766,0,12622,7346,14198,407,137,140,78,62,6911,7287,177,230,2.375815621,1.243865710,33.356429244,222.140653672,6.797552109,20,0.000000000,nan,nan,0.000000000,2.596103004,1.235255913,0.014799996,0.041536987,1.355512999,0,0.500000000
32.899264097,19968,5855,0,12675,7293,14109,411,143,138,82,56,6896,7213,178,233,2.392178353,1.236245100,33.205535894,228.121017100,8.211135864,20,0.000000000,nan,nan,0.000000000,7.629861007,3.523851978,0.044070941,0.043773034,3.866721003,0,0.500000000
32.999185085,19968,5736,0,12465,7503,14228,396,123,126,77,49,6827,7401,175,221,2.385215069,1.235936437,31.524566850,219.711380221,8.129596710,6,0.000000000,nan,nan,0.000000000,6.393157004,2.791226958,0.030961004,0.066215987,3.041280026,0,0.500000000
33.099110842,19872,5865,0,12602,7270,14003,396,137,131,84,47,6905,7098,180,216,2.351383782,1.261680398,32.521413361,226.145121839,6.065368652,15,0.000000000,nan,nan,0.000000000,11.923397949,5.790516094,0.069593021,0.237354019,6.344161986,0,0.500000000
33.198853970,20160,5844,0,12647,7513,14312,394,135,128,77,51,7039,7273,176,218,2.432280808,1.260648646,32.761027511,230.117713135,7.472276688,35,0.000000000,nan,nan,0.000000000,7.111854968,3.340436961,0.039292034,0.383338018,3.655348031,0,0.500000000
33.299473763,19392,5804,0,12218,7174,13584,395,135,137,82,55,6700,6884,177,218,2.297338978,1.261614812,32.618851675,221.504712429,7.842302322,14,0.000000000,nan,nan,0.000000000,2.446359023,1.114686078,0.014701043,0.024440000,1.230584981,0,0.500000000
33.399220943,20448,5917,0,12646,7802,14527,390,128,125,73,52,7107,7420,172,218,2.423454165,1.284510222,32.478358144,198.016004731,7.583856583,21,0.000000000,nan,nan,0.000000000,11.313485040,5.030339991,0.062917999,0.101968006,5.529164046,0,0.500000000
33.499094486,19968,5795,0,12463,7505,14169,391,131,133,82,51,7078,7091,172,219,2.294100586,1.275718204,33.097126871,211.664552680,7.341861725,28,0.000000000,nan,nan,0.000000000,7.076951035,2.923830005,0.035898003,0.056376972,3.211656003,0,0.500000000
33.599190950,20256,5896,0,12376,7880,14356,400,137,139,79,60,6918,7438,172,228,2.332253223,1.280325910,37.073107355,218.293299664,6.462574005,15,0.000000000,nan,nan,0.000000000,7.096239016,3.560781013,0.050576986,0.107002968,3.947466961,0,0.500000000
33.699580908,20064,5807,0,12380,7684,14253,374,127,126,77,49,7093,7160,167,207,2.278741066,1.328321701,31.188590537,218.092486038,7.005214691,24,0.000000000,nan,nan,0.000000000,3.100440954,1.343915006,0.016615028,0.031381031,1.480164006,0,0.500000000
33.802588224,19968,5688,0,12078,7890,14276,382,137,135,80,55,6932,7344,167,215,2.314009831,1.312032601,34.298871934,205.807995985,6.123065948,22,0.000000000,nan,nan,0.000000000,8.068316034,2.395361953,0.014466874,0.020690961,2.510865976,0,0.500000000
33.901897907,19872,5817,0,12268,7604,14051,368,125,124,77,47,7083,6968,165,203,2.261568670,1.322372483,26.741745166,184.671545890,5.818367004,2,0.000000000,nan,nan,0.000000000,8.204247977,3.006140003,0.028132985,0.032401993,3.168991010,0,0.500000000
33.998908758,20160,5836,0,12459,7701,14320,382,133,129,77,52,7230,7090,174,208,2.387225856,1.317354831,32.602593286,200.543930582,7.984161377,33,0.000000000,nan,nan,0.000000000,8.138173958,2.211404964,0.014353020,0.029159011,2.327091002,0,0.500000000
34.101190090,19584,5833,0,12081,7503,13747,405,137,146,89,57,6896,6851,184,221,2.201199960,1.324157509,37.100815687,263.338639717,6.113290787,12,0.000000000,nan,nan,0.000000000,7.890133013,3.396807006,0.041880005,0.105526997,3.718260967,0,0.500000000
34.200559616,20352,6092,0,12977,7375,14256,407,135,134,87,47,7550,6706,194,213,2.370347292,1.335322824,37.123379008,172.875469333,9.105443954,26,0.000000000,nan,nan,0.000000000,8.374392986,3.269567038,0.039673992,0.105899002,3.583730024,0,0.500000000
34.299136639,19968,5924,0,12577,7391,14040,404,141,135,81,54,7354,6686,189,215,2.257061686,1.294132304,33.816341585,188.415536444,8.838891983,26,0.000000000,nan,nan,0.000000000,8.572307008,3.142894013,0.039535982,0.073614996,3.436269995,0,0.500000000
34.400209904,20160,6042,0,12821,7339,14114,386,132,132,78,54,7484,6630,188,198,2.278066447,1.241220367,32.860847198,174.326846781,3.808021545,2,0.000000000,nan,nan,0.000000000,7.724046998,4.180638993,0.056900957,0.116217998,4.640326020,0,0.500000000
34.499641180,19872,5817,0,12689,7183,14114,386,124,124,73,51,7484,6630,188,198,2.278066447,1.241220367,30.042675852,172.758491956,nan,nan,nan,nan,nan,0.000000000,3.196328005,2.405326057,0.018757011,0.077240984,2.575471008,0,0.500000000
34.600354910,19872,5858,0,12968,6904,14114,386,124,125,73,52,7484,6630,188,198,2.278066447,1.241220367,30.831225812,179.241153074,nan,nan,nan,nan,nan,0.000000000,8.081326028,5.262847000,0.049517024,0.142705976,5.688183999,0,0.500000000
34.699654341,20256,5667,0,12803,7453,14114,386,125,129,74,55,7484,6630,188,198,2.278066447,1.241220367,31.746357075,184.549014790,nan,nan,nan,nan,nan,0.000000000,5.737987056,3.548809967,0.042620988,0.072438968,3.911937994,0,0.500000000
34.799804449,19968,5545,0,12980,6988,14114,386,128,128,74,54,7484,6630,188,198,2.278066447,1.241220367,31.703747705,183.810645863,nan,nan,nan,nan,nan,0.000000000,5.836113996,3.670016013,0.033526041,0.080499041,3.953968990,0,0.500000000
34.899640083,19776,5509,0,12605,7171,14114,386,130,131,74,57,7484,6630,188,198,2.278066447,1.241220367,33.516609132,184.294989336,nan,nan,nan,nan,nan,0.000000000,8.006705029,5.239850958,0.051338982,0.117902993,5.688995996,0,0.500000000
34.998645544,19584,5234,0,12843,6741,14114,386,131,131,74,57,7484,6630,188,198,2.278066447,1.241220367,33.512044653,184.294151727,nan,nan,nan,nan,nan,0.000000000,5.319509015,3.198188031,0.029791961,0.047145993,3.445142007,0,0.500000000
35.098823786,20640,5284,0,13148,7492,14114,386,131,130,74,56,7484,6630,188,198,2.278066447,1.241220367,33.446583218,185.097706227,nan,nan,nan,nan,nan,0.000000000,3.913539986,2.673301031,0.027371978,0.066309003,2.901318017,0,0.500000000
35.199542999,19872,4966,0,12756,7116,14114,386,131,131,74,57,7484,6630,188,198,2.278066447,1.241220367,33.551188481,185.901787831,nan,nan,nan,nan,nan,0.000000000,8.233074972,5.162785063,0.055550947,0.101629004,5.600108998,0,0.500000000
35.299359560,19872,5017,0,12647,7225,14114,386,131,131,74,57,7484,6630,188,198,2.278066447,1.241220367,33.549309705,185.902536627,nan,nan,nan,nan,nan,0.000000000,5.848608969,3.526012995,0.031887961,0.052423973,3.799833998,0,0.500000000
35.400102377,20064,4932,0,12947,7117,15128,404,105,129,69,60,8649,6479,193,211,2.076712018,1.353778026,40.858687655,162.992264748,7.450580597,22,0.000000000,nan,nan,0.000000000,4.016630992,1.847580017,0.019057014,0.231268001,2.010197029,0,0.500000000
35.503149509,20256,4961,0,12913,7343,15291,410,123,123,71,52,8523,6768,191,219,2.103260564,1.381506949,27.615971419,95.801618001,6.016254425,11,0.000000000,nan,nan,0.000000000,8.445188985,3.110541962,0.032750075,0.094093964,3.383234027,0,0.500000000
35.599818945,19968,4731,0,12831,7137,15233,424,122,133,74,59,8632,6601,194,230,2.064023620,1.421903310,30.071540416,163.196708996,7.767915726,30,0.000000000,nan,nan,0.000000000,7.534843986,2.886670001,0.013404002,0.035132049,2.998223994,0,0.500000000
35.699591398,19968,4671,0,12901,7067,15293,418,138,136,80,56,8676,6617,192,226,2.057536864,1.502064223,31.352174843,165.510997645,9.307861328,20,0.000000000,nan,nan,0.000000000,12.788386957,5.813635013,0.071794959,0.115777017,6.385445013,0,0.500000000
35.799124718,19968,4451,0,12803,7165,15513,412,128,131,73,58,8775,6738,188,224,2.036083750,1.459846282,27.683977409,147.515700607,7.814168930,20,0.000000000,nan,nan,0.000000000,10.867270990,4.008140997,0.040912942,0.070925977,4.336499958,0,0.500000000
35.899238110,20064,4375,0,13029,7035,15685,419,124,128,73,55,8987,6698,189,230,2.049877325,1.492710965,30.165442304,152.985345905,6.988525391,18,0.000000000,nan,nan,0.000000000,4.683665989,2.201149997,0.024267007,0.043599983,2.400681959,0,0.500000000
35.999705791,19968,4177,0,12781,7187,15787,411,133,132,73,59,8871,6916,180,231,2.005957433,1.478625157,27.582155086,130.163824244,7.795333862,22,0.000000000,nan,nan,0.000000000,4.721559002,2.380936057,0.029074959,0.042158994,2.608993964,0,0.500000000
36.099410057,19968,3884,0,12728,7240,16080,422,129,133,74,59,9065,7015,189,233,1.988863259,1.454334905,29.622347123,165.328091868,9.012699127,20,0.000000000,nan,nan,0.000000000,7.808503986,3.691636957,0.045047957,0.055352983,4.053812998,0,0.500000000
36.200738192,20064,3768,0,12689,7375,16292,436,139,135,73,62,9066,7226,195,241,2.002610644,1.406624672,28.227561563,175.382480347,8.717060089,19,0.000000000,nan,nan,0.000000000,12.832518027,6.076779973,0.069312053,0.160538009,6.606062991,0,0.500000000
36.299159527,19776,3182,0,12312,7464,16590,430,128,133,71,62,9210,7380,192,238,2.007339786,1.330841576,30.748562715,161.864668735,8.318901062,21,0.000000000,nan,nan,0.000000000,12.261445052,6.066965987,0.067136949,0.101742975,6.621256995,0,0.500000000
36.398905277,19968,3246,0,12406,7562,16718,429,128,133,75,58,9194,7524,199,230,2.028948112,1.305931491,31.223935548,167.671396299,6.791353226,20,0.000000000,nan,nan,0.000000000,2.789314021,1.301865035,0.014816993,0.026547990,1.425002993,0,0.500000000
36.499481201,19584,3136,0,12023,7561,16444,425,134,131,70,61,8885,7559,194,231,2.133613029,1.273163376,30.905397073,168.246526912,5.994796753,4,0.000000000,nan,nan,0.000000000,2.880692016,1.306823979,0.015172991,0.041054969,1.435543993,0,0.500000000
36.598990440,20064,3266,0,12636,7428,16794,443,130,137,73,64,9366,7428,212,231,2.084270130,1.299337699,36.341730076,160.776261219,7.115840912,34,0.000000000,nan,nan,0.000000000,13.558504987,6.221456046,0.066640030,0.185616023,6.739214004,0,0.500000000
36.698873281,19968,3402,0,12361,7607,16562,446,127,136,72,64,8955,7607,219,227,2.237946858,1.294428033,37.510596577,144.230563758,8.093118668,22,0.000000000,nan,nan,0.000000000,7.762173016,2.559910994,0.029903953,0.043784967,2.792145999,0,0.500000000
36.799152374,19584,3184,0,12047,7537,16396,443,139,131,84,47,8859,7537,245,198,2.185807623,1.310469374,35.930183857,154.787889197,5.795717239,7,0.000000000,nan,nan,0.000000000,5.894978996,2.549091994,0.027346017,0.115913048,2.758444985,0,0.500000000
36.900172710,20352,3238,0,12533,7819,17110,407,118,113,73,40,9291,7819,225,182,2.457184918,1.312489641,27.154222069,113.794658832,6.326913834,26,0.000000000,nan,nan,0.000000000,7.666632999,3.766425070,0.039856939,0.123677019,4.104534048,0,0.500000000
36.999417305,19680,3069,0,11960,7720,16607,406,120,117,80,37,8887,7720,235,171,2.427313166,1.311182073,28.036614447,128.650021964,7.931470871,12,0.000000000,nan,nan,0.000000000,4.995249968,2.004550071,0.020573032,0.043622975,2.177858027,0,0.500000000
37.099091053,19584,2922,0,11556,8028,16658,415,114,119,78,41,8630,8028,227,188,2.418049782,1.321184328,26.996298759,134.966599967,7.103681564,22,0.000000000,nan,nan,0.000000000,12.843450997,6.288057019,0.062604086,0.119069999,6.848905992,0,0.500000000
37.200560331,20352,3101,0,12502,7850,17247,405,124,129,81,48,9401,7846,225,180,2.417881620,1.334747521,32.976158682,142.853273930,9.920120239,24,0.000000000,nan,nan,0.000000000,8.280479000,1.355535991,0.023221946,0.033676974,1.543888007,0,0.500000000
37.299247742,19776,2948,0,11702,8074,16824,413,112,113,67,46,8750,8074,226,187,2.422471661,1.339125054,26.175827072,95.236620127,6.879806519,11,0.000000000,nan,nan,0.000000000,5.996619991,3.183757013,0.038543949,0.107315020,3.489536000,0,0.500000000
37.399347067,20160,2995,0,12078,8082,17161,399,128,120,72,48,9079,8082,216,183,2.380334548,1.354344087,29.533455354,130.432517632,83.328247070,5,1.000000000,nan,nan,0.000000000,8.348974981,2.059161954,0.014339050,0.024797046,2.181202988,0,0.500000000
37.499336243,19968,2889,0,11711,8257,17075,405,109,110,65,45,8821,8254,211,194,2.383773671,1.333627087,23.887732336,117.607125141,55.392742157,3,1.000000000,nan,nan,0.000000000,3.512021969,1.642836025,0.018078019,0.036734971,1.799187972,0,0.500000000
37.599278212,20064,2893,0,11745,8319,17075,405,112,111,65,46,8821,8254,211,194,2.383773671,1.333627087,26.718032409,115.483430712,nan,nan,nan,nan,nan,0.000000000,5.144920025,2.998420969,0.030834984,0.050534960,3.255099989,0,0.500000000
37.699929476,19968,2750,0,11631,8337,17075,405,110,110,65,45,8821,8254,211,194,2.383773671,1.333627087,25.471989947,115.060288152,nan,nan,nan,nan,nan,0.000000000,5.709098012,3.706816060,0.040426035,0.106299995,4.073159944,0,0.500000000
37.800339460,19968,2879,0,11726,8242,17075,405,110,110,65,45,8821,8254,211,194,2.383773671,1.333627087,27.061475728,115.731225016,nan,nan,nan,nan,nan,0.000000000,7.374014007,4.196531081,0.031548901,0.021650980,4.449641041,0,0.500000000
37.900698900,19968,2786,0,11837,8131,17178,422,119,119,71,48,9047,8131,219,203,2.329008607,1.444919727,32.571967324,117.685167001,nan,1,nan,nan,nan,0.000000000,7.889985980,1.828960027,0.013771991,0.030008028,1.963004994,0,0.500000000
37.999687910,19968,2831,0,11730,8238,17178,422,122,122,76,46,9047,8131,219,203,2.329008607,1.444919727,35.419020659,128.032408710,nan,nan,nan,nan,nan,0.000000000,6.473200978,4.405433021,0.037377991,0.065964996,4.731238005,0,0.500000000
38.099490404,19776,2778,0,11704,8072,17178,422,122,122,76,46,9047,8131,219,203,2.329008607,1.444919727,35.419020660,128.025715182,nan,nan,nan,nan,nan,0.000000000,8.093364013,5.501412961,0.044748012,0.073136995,5.899559008,0,0.500000000
38.198662281,19776,2789,0,11469,8307,16983,412,118,117,73,44,8676,8307,217,195,2.286957309,1.500366895,30.991335665,143.872791640,36.288738251,9,1.000000000,nan,nan,0.000000000,7.074590947,2.585426031,0.028139038,0.064052001,2.823304967,0,0.500000000
38.299050331,20448,2696,0,12233,8215,17748,419,118,120,70,50,9533,8215,209,210,2.263866123,1.549051632,34.463118753,124.569243402,nan,1,nan,nan,nan,0.000000000,10.917906009,4.276246065,0.043549982,0.171091990,4.648845992,0,0.500000000
38.399372578,19392,2706,0,11110,8282,16682,406,107,109,67,42,8403,8279,196,210,2.268225352,1.528956179,26.756178439,109.512917762,4.103660583,2,0.000000000,nan,nan,0.000000000,5.318811047,2.632399963,0.028025010,0.053945056,2.880982996,0,0.500000000
38.499305487,20352,2743,0,12080,8272,17605,415,116,112,69,43,9333,8272,201,214,2.230554635,1.614852106,27.747654016,145.123959194,6.373405457,12,0.000000000,nan,nan,0.000000000,6.369318988,3.293698945,0.036101905,0.095202995,3.605509002,0,0.500000000
38.601277828,19968,2649,0,11405,8563,17605,415,113,114,68,46,9333,8272,201,214,2.230554635,1.614852106,29.358684833,141.241513638,nan,nan,nan,nan,nan,0.000000000,7.711226994,4.787737969,0.035558012,0.021079031,5.097683985,0,0.500000000
38.699100733,20256,2818,0,11878,8378,17434,419,118,109,65,44,9059,8375,203,216,2.215983303,1.644615722,26.651110573,96.870591974,nan,1,nan,nan,nan,0.000000000,8.624499955,2.700980986,0.023733068,0.020612963,2.898563980,0,0.500000000
38.799772978,19872,2472,0,11309,8563,17396,414,116,119,71,48,8833,8563,193,221,2.214095958,1.627455050,30.238223641,103.091433355,nan,1,nan,nan,nan,0.000000000,7.433391002,2.277942083,0.018442981,0.030798023,2.433798043,0,0.500000000
38.899589300,19968,2806,0,11819,8149,17396,414,116,118,72,46,8833,8563,193,221,2.214095958,1.627455050,30.361889776,119.921715695,nan,nan,nan,nan,nan,0.000000000,4.386176006,2.887398936,0.032192038,0.075470016,3.161687055,0,0.500000000
39.000136375,20064,2492,0,11595,8469,17396,414,117,117,71,46,8833,8563,193,221,2.214095958,1.627455050,29.431185175,114.846145453,nan,nan,nan,nan,nan,0.000000000,7.263246051,4.148103006,0.031339005,0.066909997,4.430653004,0,0.500000000
39.099313259,20064,2883,0,11860,8204,17396,414,117,117,71,46,8833,8563,193,221,2.214095958,1.627455050,29.430761487,114.871094654,nan,nan,nan,nan,nan,0.000000000,4.014747974,2.394347044,0.019113999,0.046217989,2.569611999,0,0.500000000
39.199042797,19776,2531,0,11410,8366,17396,414,117,118,72,46,8833,8563,193,221,2.214095958,1.627455050,30.363784711,119.892091597,nan,nan,nan,nan,nan,0.000000000,2.163569967,1.358818030,0.014210993,0.032410957,1.475225028,0,0.500000000
39.302328348,20256,2768,0,11629,8627,17484,432,118,128,61,67,8857,8627,193,239,2.161015767,1.755571094,37.061300809,111.450383797,89.820384979,4,1.000000000,nan,nan,0.000000000,6.045349000,2.656403987,0.028491893,0.074580952,2.895595971,0,0.500000000
39.399634123,19872,2453,0,11418,8454,17415,434,116,118,63,55,8965,8450,187,247,2.131063084,1.749940442,29.594012924,93.867018906,5.548715591,8,0.000000000,nan,nan,0.000000000,9.052348963,2.706425963,0.014170946,0.026244030,2.826298005,0,0.500000000
39.499272823,19872,2627,0,11419,8453,17241,427,121,118,57,61,8792,8449,186,241,2.147379249,1.752279352,30.077229839,112.006225046,9.590864182,19,0.000000000,nan,nan,0.000000000,7.539573009,3.362558025,0.032024982,0.096467033,3.628637001,0,0.500000000
39.599396706,20160,2441,0,11569,8591,17241,427,121,122,60,62,8792,8449,186,241,2.147379249,1.752279352,31.487616898,115.767238747,nan,nan,nan,nan,nan,0.000000000,4.657134006,3.209370945,0.028731010,0.057901023,3.449899959,0,0.500000000
39.699546337,19872,2611,0,11327,8545,17241,427,122,122,60,62,8792,8449,186,241,2.147379249,1.752279352,31.561347953,115.417054979,nan,nan,nan,nan,nan,0.000000000,7.497498998,4.225761921,0.031525909,0.060136023,4.513330001,0,0.500000000
39.799553156,19776,2399,0,11339,8437,17373,431,132,126,68,58,8936,8437,188,243,2.097978180,1.784316421,33.828921167,119.144273241,44.450759888,5,1.000000000,nan,nan,0.000000000,8.764540951,4.690745031,0.053377997,0.148263993,5.106294993,0,0.500000000
39.899299860,20448,2569,0,11758,8690,17875,434,120,124,69,55,9185,8690,184,250,2.118764484,1.775259447,33.104827717,133.749987777,29.634475708,4,1.000000000,nan,nan,0.000000000,13.301041035,6.170391978,0.064199034,0.153283007,6.699383026,0,0.500000000
39.999686956,19968,2427,0,11397,8571,17537,450,134,136,70,66,8970,8567,186,264,2.093112869,1.793925892,31.165770769,170.557225647,3.826856613,2,0.000000000,nan,nan,0.000000000,6.105321983,3.282879014,0.033875986,0.138084986,3.546516004,0,0.500000000
40.099895716,20064,2464,0,11119,8945,17596,444,131,133,67,66,8655,8941,190,254,2.111172126,1.779195871,35.084355115,141.013882259,5.270004272,3,0.000000000,nan,nan,0.000000000,13.317289995,6.188669999,0.069381087,0.145627011,6.737192976,0,0.500000000
40.199787378,19968,2499,0,11379,8589,17465,450,141,143,66,77,8880,8585,190,260,2.088575677,1.811523102,33.867663001,132.182134839,nan,1,nan,nan,nan,0.000000000,6.699449965,3.472895944,0.043878041,0.155582034,3.806861991,0,0.500000000
40.299665928,19968,2351,0,11059,8909,17465,450,142,141,65,76,8880,8585,190,260,2.088575677,1.811523102,32.922921767,141.421518341,nan,nan,nan,nan,nan,0.000000000,6.987822009,4.283113987,0.052793010,0.129454012,4.692830960,0,0.500000000
40.399461031,20064,2582,0,11543,8521,17465,450,141,142,65,77,8880,8585,190,260,2.088575677,1.811523102,32.984283361,146.103620754,nan,nan,nan,nan,nan,0.000000000,9.042454010,5.796086043,0.062570034,0.097410986,6.269367994,0,0.500000000
40.499762297,19968,2289,0,11133,8835,17465,450,142,142,65,77,8880,8585,190,260,2.088575677,1.811523102,33.289203425,146.481505115,nan,nan,nan,nan,nan,0.000000000,4.520761955,2.751633001,0.023167988,0.052532996,2.936417004,0,0.500000000
40.599344969,20064,2642,0,11558,8506,17465,450,142,142,65,77,8880,8585,190,260,2.088575677,1.811523102,33.288390193,146.441805377,nan,nan,nan,nan,nan,0.000000000,4.130192043,2.804895979,0.026582042,0.056772958,3.013493028,0,0.500000000
40.699646235,19968,2331,0,11230,8738,17633,452,121,147,78,69,8895,8738,224,228,2.112766921,1.804017067,38.576391978,161.318093369,6.125450134,5,0.000000000,nan,nan,0.000000000,12.601962953,5.371181061,0.052873045,0.158498995,5.784151028,0,0.500000000
40.800620317,20064,2650,0,11375,8689,17633,452,140,141,71,70,8895,8738,224,228,2.112766921,1.804017067,31.953743596,148.959995846,nan,nan,nan,nan,nan,0.000000000,5.714944040,3.684124036,0.043955981,0.133779016,4.039960972,0,0.500000000
40.899533987,19776,2307,0,11182,8594,17633,452,143,140,73,67,8895,8738,224,228,2.112766921,1.804017067,31.887738104,143.875307746,nan,nan,nan,nan,nan,0.000000000,5.833685980,3.567094915,0.036589045,0.060318969,3.840272024,0,0.500000000
41.002211571,20256,2604,0,11349,8907,17648,455,156,143,83,60,8745,8903,256,199,2.218881271,1.773846431,33.501856109,159.703954041,5.605220795,2,0.000000000,nan,nan,0.000000000,7.419653994,3.194490913,0.034814992,0.105896965,3.445948998,0,0.500000000
41.099416494,19776,2001,0,11133,8643,17771,453,137,150,91,59,9132,8639,275,178,2.226891426,1.761775546,39.991064943,186.826694354,nan,1,nan,nan,nan,0.000000000,10.363023961,4.110063077,0.042699976,0.115734001,4.433913971,0,0.500000000
41.199592590,19584,1809,0,10900,8684,17771,466,149,144,89,55,9087,8684,281,185,2.247069332,1.734622018,41.008676085,131.772821207,91.174840927,7,1.000000000,nan,nan,0.000000000,6.797830050,3.120260953,0.046525092,0.234413019,3.513215983,0,0.500000000
41.299286842,19872,2138,0,11321,8551,17771,466,139,140,86,54,9087,8684,281,185,2.247069332,1.734622018,38.267611875,156.434557619,nan,nan,nan,nan,nan,0.000000000,7.106121979,4.590282042,0.037757040,0.031451986,4.881711036,0,0.500000000
41.399272680,20064,2322,0,11412,8652,17738,454,137,144,93,51,9089,8649,276,178,2.249446375,1.756546619,35.966339640,140.857837668,19.668340683,9,1.000000000,nan,nan,0.000000000,8.120877959,1.567296975,0.015444064,0.031421019,1.688566990,0,0.500000000
41.499247074,19584,2424,0,11153,8431,17738,454,143,143,96,47,9089,8649,276,178,2.249446375,1.756546619,32.619879142,136.765279260,nan,nan,nan,nan,nan,0.000000000,8.112684998,6.266887009,0.069074973,0.108936045,6.795270019,0,0.500000000
41.598947763,20352,2326,0,11532,8820,18022,435,143,139,90,49,9202,8820,263,172,2.227423583,1.768867274,37.108578101,143.145911953,nan,1,nan,nan,nan,0.000000000,7.389737002,3.842991020,0.049338036,0.145861995,4.224066972,0,0.500000000
41.699254036,19584,2311,0,11155,8429,18022,435,139,138,89,49,9202,8820,263,172,2.227423583,1.768867274,37.066791347,149.914945378,nan,nan,nan,nan,nan,0.000000000,10.189761990,6.224547978,0.071370043,0.083782012,6.779504998,0,0.500000000
41.797340155,20448,2320,0,11425,9023,18022,435,136,137,88,49,9202,8820,263,172,2.227423583,1.768867274,35.735611325,143.326878184,nan,nan,nan,nan,nan,0.000000000,7.523261011,4.182876030,0.041582971,0.042586005,4.503659031,0,0.500000000
41.899333715,19968,2304,0,11193,8775,17660,450,155,143,92,51,8885,8775,274,176,2.247448616,1.803482162,34.747071330,153.538198415,4.658222198,2,0.000000000,nan,nan,0.000000000,6.156668009,2.413529961,0.028801034,0.075095973,2.626591013,0,0.500000000
41.999194145,19968,2251,0,11391,8577,17713,458,150,160,115,45,9136,8577,292,166,2.212603163,1.804715476,42.486770660,189.119491142,nan,1,nan,nan,nan,0.000000000,6.805212994,3.502738022,0.094985997,0.067127054,3.871037043,0,0.500000000
42.099492073,20064,2237,0,11229,8835,17713,458,161,161,114,47,9136,8577,292,166,2.212603163,1.804715476,43.686189237,165.935638035,nan,nan,nan,nan,nan,0.000000000,5.829620990,3.951136023,0.053635973,0.077587028,4.333188001,0,0.500000000
42.199484110,19968,2332,0,11358,8610,17632,442,134,146,101,45,9022,8610,277,165,2.202178833,1.812487637,33.310715028,182.988726903,23.379564285,2,1.000000000,nan,nan,0.000000000,6.516782043,2.641772968,0.027093047,0.049353985,2.848585020,0,0.500000000
42.300655127,19968,2255,0,11143,8825,17632,442,147,144,98,46,9022,8610,277,165,2.202178833,1.812487637,35.522914910,172.613013152,nan,nan,nan,nan,nan,0.000000000,5.320460012,3.648413986,0.046001107,0.083689985,4.013926955,0,0.500000000
42.399233580,19968,2349,0,11293,8675,17615,445,156,154,97,57,8944,8671,277,168,2.207248037,1.808800986,40.539146097,190.824869768,34.080028534,9,1.000000000,nan,nan,0.000000000,16.073082981,8.104870038,0.073008006,0.126987987,8.640501008,0,0.500000000
42.499197006,19392,2188,0,10676,8716,17200,457,154,159,95,64,8488,8712,277,180,2.199088045,1.800677756,39.064092530,174.545308632,29.787063599,3,1.000000000,nan,nan,0.000000000,8.513453999,2.234623942,0.019510044,0.034767960,2.371721959,0,0.500000000
42.598919153,20640,2433,0,11649,8991,18203,451,153,152,87,65,9212,8991,269,182,2.164862961,1.829052435,36.383200758,166.114474931,5.544662476,2,0.000000000,nan,nan,0.000000000,13.440385985,5.812196003,0.066720007,0.116630981,6.287495024,0,0.500000000
42.700434685,19968,2242,0,11122,8846,17722,457,148,149,90,59,8877,8845,271,186,2.134843555,1.828780447,36.457487534,170.828558654,25.830507278,2,1.000000000,nan,nan,0.000000000,7.453572995,3.536866978,0.044860062,0.114835042,3.872622037,0,0.500000000
42.799573183,19872,2390,0,11160,8712,17478,451,140,143,81,62,8770,8708,267,184,2.124042583,1.859404735,33.314498493,168.882169966,nan,1,nan,nan,nan,0.000000000,11.347323016,5.218795035,0.059275015,0.224883028,5.666296987,0,0.500000000
42.898672342,19872,2196,0,11121,8751,17672,447,136,142,87,55,8925,8747,272,175,2.082721776,1.860119880,32.869764576,153.116265814,33.860206604,3,1.000000000,nan,nan,0.000000000,13.916786003,6.391913048,0.068377936,0.192710024,6.904552982,0,0.500000000
42.999620438,20064,2440,0,11212,8852,17620,445,140,134,77,57,8772,8848,257,188,2.100748443,1.903743439,28.227880131,121.172248683,70.755958557,4,1.000000000,nan,nan,0.000000000,9.526752983,4.137810029,0.049491005,0.106405001,4.528741993,0,0.500000000
43.099145174,20160,2156,0,11421,8739,17620,445,140,140,80,60,8772,8848,257,188,2.100748443,1.903743439,28.124243126,125.777801235,nan,nan,nan,nan,nan,0.000000000,6.637895014,4.442156991,0.036092941,0.029213028,4.731222987,0,0.500000000
43.199212551,20064,2416,0,11182,8882,17620,445,140,140,80,60,8772,8848,257,188,2.100748443,1.903743439,28.125600697,125.775815177,nan,nan,nan,nan,nan,0.000000000,8.946657996,4.946099012,0.039921957,0.084969972,5.259678001,0,0.500000000
43.302555323,19776,2158,0,11086,8690,17614,466,177,162,89,73,8928,8686,259,207,1.991069827,1.952187873,39.728338718,158.821595156,2.825498581,2,0.000000000,nan,nan,0.000000000,10.136264027,4.177643044,0.051249983,0.087481982,4.518906004,0,0.500000000
43.402565002,20256,2405,0,10997,9259,17614,466,164,161,86,75,8928,8686,259,207,1.991069827,1.952187873,36.610748637,145.920875906,nan,nan,nan,nan,nan,0.000000000,4.968955007,3.314558999,0.045761990,0.064453983,3.637658025,0,0.500000000
43.501932383,19584,2097,0,11032,8552,17483,474,183,159,80,79,8935,8548,253,221,1.945818592,1.980215492,37.136142178,156.465774717,nan,1,nan,nan,nan,0.000000000,10.525360005,5.759555032,0.076728000,0.097797951,6.274269021,0,0.500000000
43.598751068,20064,2376,0,10901,9163,17684,480,158,156,81,75,8525,9159,254,226,1.973962804,2.001002934,36.469076637,159.532680994,33.416748047,2,1.000000000,nan,nan,0.000000000,12.985157024,5.909510015,0.064285938,0.131544948,6.396593002,0,0.500000000
43.698971510,20064,2113,0,10954,9110,17947,454,156,149,76,73,8841,9106,238,216,1.921264921,2.046166935,31.502879788,146.307155244,66.176652908,3,1.000000000,nan,nan,0.000000000,6.244327000,2.504620934,0.029330957,0.062602980,2.717158000,0,0.500000000
43.800166845,20064,2245,0,10941,9123,17815,466,153,151,77,74,8696,9119,240,226,1.954639240,2.056298382,29.009351515,123.908982977,23.120403290,5,1.000000000,nan,nan,0.000000000,13.312714000,6.419970945,0.078176032,0.166077050,6.989123998,0,0.500000000
43.898932695,20064,2212,0,11162,8902,17848,465,156,160,84,76,8946,8902,243,222,1.908494189,2.082700521,33.459782161,147.802356734,nan,1,nan,nan,nan,0.000000000,11.687832011,5.886018975,0.067182991,0.104459003,6.350631011,0,0.500000000
43.999263287,20064,2276,0,10996,9068,17784,466,148,158,80,78,8716,9068,243,223,1.914560047,2.092385623,34.577460550,143.797189094,31.483411789,6,1.000000000,nan,nan,0.000000000,12.165162014,5.440390960,0.056635996,0.118825992,5.851148977,0,0.500000000
44.100632191,19776,2283,0,10846,8930,17784,466,162,163,86,77,8716,9068,243,223,1.914560047,2.092385623,36.868732832,139.712301175,nan,nan,nan,nan,nan,0.000000000,4.667160974,3.003497026,0.034924946,0.041369989,3.252075985,0,0.500000000
44.198950052,20064,2252,0,10887,9177,17808,451,161,155,77,78,8631,9177,221,230,1.856616834,2.121658088,35.867793046,170.205109428,nan,1,nan,nan,nan,0.000000000,13.100340962,6.088598922,0.066752022,0.141230004,6.575395004,0,0.500000000
44.300077677,20064,2394,0,10916,9148,17666,451,161,164,82,82,8522,9144,223,228,1.852129501,2.150132896,36.506887692,178.039946117,5.572319031,2,0.000000000,nan,nan,0.000000000,8.248629980,2.294564038,0.017401006,0.030532014,2.419067023,0,0.500000000
44.401796103,19968,2241,0,10853,9115,17666,451,171,172,87,85,8522,9144,223,228,1.852129501,2.150132896,38.988203743,147.879562331,nan,nan,nan,nan,nan,0.000000000,4.333173041,3.059356008,0.043252949,0.083591032,3.361122974,0,0.500000000
44.499188662,19968,2459,0,10943,9025,17505,459,174,165,78,87,8484,9021,218,241,1.835217556,2.200022763,36.311395395,168.456394239,5.985021591,2,0.000000000,nan,nan,0.000000000,5.091739004,2.691973001,0.035817036,0.060314022,2.937666024,0,0.500000000
44.599563599,20064,2193,0,11031,9033,17505,459,167,166,75,91,8484,9021,218,241,1.835217556,2.200022763,34.778748306,167.063575183,nan,nan,nan,nan,nan,0.000000000,8.349772019,5.408097990,0.065339031,0.066446024,5.860560981,0,0.500000000
44.699702501,20064,2506,0,11073,8991,17554,460,172,172,80,92,8563,8991,216,244,1.789798817,2.228267517,37.587439402,174.237735506,5.283594131,2,0.000000000,nan,nan,0.000000000,8.148879046,4.525150056,0.064828084,0.177982030,4.987605033,0,0.500000000
44.800029993,19392,2158,0,10568,8824,17230,457,160,158,72,86,8406,8824,204,253,1.758631148,2.254717297,31.548910674,158.023363710,19.957304001,5,1.000000000,nan,nan,0.000000000,8.107312024,2.861136920,0.032117008,0.057976984,3.091945022,0,0.500000000
44.899358034,20256,2585,0,11045,9211,17667,464,154,154,65,89,8460,9207,213,251,1.764549945,2.243781141,33.849936054,165.863931973,99.864244461,2,1.000000000,nan,nan,0.000000000,3.401734983,1.478969061,0.018188031,0.047745008,1.632366970,0,0.500000000
45.000602722,20064,2191,0,11022,9042,17869,472,157,164,72,92,8827,9042,214,258,1.711427773,2.253227756,33.126562851,170.968129524,10.304927826,4,0.000000000,nan,nan,0.000000000,10.363153007,4.292674013,0.048550952,0.123243022,4.647154012,0,0.500000000
45.099542856,20352,2605,0,10880,9472,17743,487,161,161,66,95,8271,9472,216,271,1.757873130,2.226390353,34.767336924,177.702932466,10.078430176,3,0.000000000,nan,nan,0.000000000,6.411030015,3.028278064,0.032156997,0.078433019,3.266506013,0,0.500000000
45.199895144,19872,2339,0,10851,9021,17743,487,152,151,62,89,8271,9472,216,271,1.757873130,2.226390353,31.367964253,175.199106987,nan,nan,nan,nan,nan,0.000000000,5.203387002,3.545410000,0.041164982,0.086034997,3.842510981,0,0.500000000
45.299769640,19968,2556,0,10661,9307,17408,481,164,157,68,89,8105,9303,220,261,1.745820446,2.258831769,32.448570976,150.871286591,6.303310394,28,0.000000000,nan,nan,0.000000000,5.932579981,2.452761051,0.026369002,0.057174999,2.642674022,0,0.500000000
45.398925066,20064,2477,0,10893,9171,17583,497,176,171,77,94,8416,9167,228,269,1.712692769,2.282849422,36.650506873,180.701457068,6.298303604,14,0.000000000,nan,nan,0.000000000,11.058221979,4.459229996,0.048997987,0.069339992,4.786703968,0,0.500000000
45.499251842,20064,2499,0,10847,9217,17561,490,170,171,81,90,8344,9217,228,262,1.717685115,2.298274308,35.401367446,165.040008765,50.876617432,6,1.000000000,nan,nan,0.000000000,11.954499001,5.145857926,0.056537974,0.092823000,5.522263004,0,0.500000000
45.599512339,19776,2552,0,10716,9060,17561,490,172,172,81,91,8344,9217,228,262,1.717685115,2.298274308,34.437961428,168.244470949,nan,nan,nan,nan,nan,0.000000000,4.186712031,2.669547044,0.031148898,0.053644006,2.898222010,0,0.500000000
45.700555325,20064,2483,0,10828,9236,17577,490,171,172,77,95,8341,9236,219,271,1.673215426,2.327072650,33.583806534,176.825110788,7.362604141,31,0.000000000,nan,nan,0.000000000,4.717090051,2.260364941,0.027757080,0.063323998,2.447241975,0,0.500000000
45.799008608,20064,2637,0,10997,9067,17423,480,157,158,70,88,8356,9067,212,268,1.650096689,2.362715841,32.366526449,172.329252115,6.151437759,20,0.000000000,nan,nan,0.000000000,3.707346972,1.577611023,0.017632032,0.035078032,1.710541022,0,0.500000000
45.899310589,20160,2404,0,10654,9506,17752,493,168,165,71,94,8246,9506,217,276,1.671106802,2.357686693,34.245918816,172.293252030,6.168365479,18,0.000000000,nan,nan,0.000000000,3.185050038,1.530293957,0.018313993,0.047478010,1.659313974,0,0.500000000
46.000619888,19968,2551,0,10719,9249,17413,496,163,162,68,94,8168,9245,213,283,1.650156034,2.395603258,35.053137003,166.643796251,8.999586105,24,0.000000000,nan,nan,0.000000000,3.396836983,1.635244931,0.019219064,0.042979955,1.769036986,0,0.500000000
46.099463701,19872,2153,0,10584,9288,17715,495,168,165,71,94,8430,9285,209,286,1.628103500,2.406535430,35.101485551,177.666792496,nan,1,nan,nan,nan,0.000000000,3.448786971,1.605909027,0.019243918,0.039122009,1.747294969,0,0.500000000
46.199444294,19776,2151,0,10469,9307,17621,490,156,155,62,93,8317,9304,205,285,1.593844423,2.406497402,33.397277556,177.894212244,7.938623428,23,0.000000000,nan,nan,0.000000000,3.309660999,1.508545014,0.017040991,0.030717987,1.632449043,0,0.500000000
46.299492359,19776,2159,0,10591,9185,17613,499,162,162,69,93,8428,9185,212,287,1.585484793,2.444001597,35.035369331,174.099164954,7.738590240,31,0.000000000,nan,nan,0.000000000,3.150437027,1.517321973,0.017245067,0.040114042,1.638818008,0,0.500000000
46.399080276,19584,2377,0,10427,9157,17203,482,154,158,69,89,8050,9153,194,288,1.597333841,2.459114766,35.206324814,173.726292299,19.905328751,6,1.000000000,nan,nan,0.000000000,13.946113992,6.926619040,0.074628042,0.116657000,7.467927004,0,0.500000000
46.501504183,20352,2629,0,10918,9434,17719,489,159,164,76,88,8285,9434,204,285,1.564478198,2.426386178,37.572963912,189.153406044,79.984188080,6,1.000000000,nan,nan,0.000000000,4.903986992,2.364298038,0.027858943,0.086534012,2.560039982,0,0.500000000
46.599328756,19968,2528,0,10679,9289,17436,477,161,157,67,90,8150,9286,200,277,1.540615991,2.489619167,36.181773080,157.292476176,nan,1,nan,nan,nan,0.000000000,11.432170984,3.991067992,0.043032051,0.071652990,4.302211979,0,0.500000000
46.699043751,20064,2682,0,10626,9438,17436,477,163,163,68,95,8150,9286,200,277,1.540615991,2.489619167,38.842210363,156.869974907,nan,nan,nan,nan,nan,0.000000000,4.920387000,3.142754955,0.034560042,0.041402003,3.358114976,0,0.500000000
46.799137354,19968,2674,0,10738,9230,17290,503,167,164,71,93,8064,9226,215,288,1.509110824,2.477009371,36.177259120,149.086000635,49.959421158,6,1.000000000,nan,nan,0.000000000,8.887640026,4.205626959,0.049075054,0.048825983,4.536047985,0,0.500000000
46.899072170,19872,2714,0,10529,9343,17154,495,159,163,79,84,7813,9341,218,277,1.544125332,2.415720411,30.777773116,175.113514066,6.492614746,3,0.000000000,nan,nan,0.000000000,9.647865023,6.102525978,0.065842061,0.128659012,6.554424006,0,0.500000000
46.999001980,20256,2847,0,11026,9230,17405,510,159,162,68,94,8178,9227,228,282,1.484007396,2.423867374,32.200687150,149.948704949,6.050348282,5,0.000000000,nan,nan,0.000000000,8.449446992,1.576718001,0.017668004,0.059324957,1.708207012,0,0.500000000
47.099327087,19968,2899,0,10568,9400,17405,510,159,157,67,90,8178,9227,228,282,1.484007396,2.423867374,30.337361743,161.633874169,nan,nan,nan,nan,nan,0.000000000,4.454465001,3.020727017,0.031898962,0.065054977,3.251676040,0,0.500000000
47.199103117,20064,2987,0,10858,9206,17405,510,154,155,68,87,8178,9227,228,282,1.484007396,2.423867374,29.721253202,160.725490296,nan,nan,nan,nan,nan,0.000000000,7.768936979,5.564476945,0.041638094,0.026752998,5.867675995,0,0.500000000
47.299650908,20064,3020,0,10550,9514,17040,520,158,170,73,97,7530,9510,232,288,1.504684495,2.375862553,34.953087808,193.737858910,nan,1,nan,nan,nan,0.000000000,6.584980991,3.403371957,0.036999991,0.136763963,3.666386998,0,0.500000000
47.399390221,20160,3111,0,10782,9378,17045,531,172,170,74,96,7671,9374,244,287,1.434442370,2.405241143,30.819630915,160.676708646,nan,1,nan,nan,nan,0.000000000,8.101188985,3.589782980,0.044960994,0.199682952,3.944979049,0,0.500000000
47.499185085,19968,3176,0,10704,9264,17045,531,170,171,76,95,7671,9374,244,287,1.434442370,2.405241143,32.634982691,166.318070350,nan,nan,nan,nan,nan,0.000000000,3.751473036,2.706143016,0.030124967,0.050133036,2.917665988,0,0.500000000
47.599425316,20448,3315,0,11397,9051,17045,531,171,170,76,94,7671,9374,244,287,1.434442370,2.405241143,32.283769685,164.590780503,nan,nan,nan,nan,nan,0.000000000,3.314528032,2.205083030,0.023907924,0.038377999,2.374252013,0,0.500000000
47.700854778,19776,3170,0,10648,9128,16602,506,157,154,72,82,7474,9128,235,271,1.460765424,2.416155055,30.627880177,214.660171773,14.251947403,2,0.000000000,nan,nan,0.000000000,13.101235032,7.225538022,0.077411882,0.309132971,7.772583980,0,0.500000000
47.798869371,20256,3372,0,10979,9277,16880,500,158,157,73,84,7603,9277,230,270,1.333330376,2.432242294,30.201645504,199.228906823,25.570869446,4,1.000000000,nan,nan,0.000000000,8.295084990,4.790223960,0.054874981,0.121332996,5.179387983,0,0.500000000
47.900631666,20064,3443,0,10864,9200,16617,500,163,149,79,70,7421,9196,230,270,1.287104082,2.453232496,27.132604738,148.221057878,nan,1,nan,nan,nan,0.000000000,12.561041978,7.508978015,0.083611056,0.180899980,8.105403977,0,0.500000000
48.000645399,19680,3495,0,10823,8857,16617,500,157,157,78,79,7421,9196,230,270,1.287104082,2.453232496,25.817759487,150.434990280,nan,nan,nan,nan,nan,0.000000000,6.917582999,4.245576973,0.013820012,0.029974966,4.352952994,0,0.500000000
48.100558758,19680,3606,0,10915,8765,16070,492,158,147,74,73,7309,8761,225,267,1.198050475,2.484937069,23.115272637,145.358574703,nan,1,nan,nan,nan,0.000000000,13.738809968,7.327797939,0.076892029,0.190256047,7.887849002,0,0.500000000
48.200026035,20448,3720,0,10898,9550,16724,508,163,153,74,79,7178,9546,229,279,1.186205916,2.489269016,24.414475875,153.077180942,6.080150604,6,0.000000000,nan,nan,0.000000000,8.083358000,1.857427007,0.017040933,0.025900954,1.981616020,0,0.500000000
48.298875332,20160,3774,0,11299,8861,16382,490,150,150,75,75,7521,8861,225,265,1.180579906,2.498560087,25.716305330,145.408768170,5.716323853,2,0.000000000,nan,nan,0.000000000,10.625115014,4.457743955,0.041068066,0.100374979,4.768180021,0,0.500000000
48.399040937,19872,3818,0,10860,9012,16050,500,149,150,73,77,7038,9012,224,276,1.146659276,2.499250535,23.239294415,140.531544802,nan,1,nan,nan,nan,0.000000000,8.317072992,5.017471092,0.059035025,0.127581996,5.459482025,0,0.500000000
48.498497009,20256,3926,0,11275,8981,16326,484,145,139,61,78,7345,8981,221,263,1.104770552,2.515151437,23.961671589,124.702289986,6.085634232,13,0.000000000,nan,nan,0.000000000,11.702546035,5.096012028,0.044672051,0.058014004,5.434505991,0,0.500000000
48.600530624,19968,4005,0,10862,9106,15959,493,161,159,82,77,6857,9102,220,273,1.120519999,2.502133441,29.202235520,161.393388545,nan,1,nan,nan,nan,0.000000000,7.000469021,3.276083909,0.034280994,0.041782972,3.520316037,0,0.500000000
48.699447632,20064,3968,0,11031,9033,16092,474,151,148,68,80,7063,9029,217,257,1.098209909,2.525550662,23.405785385,131.089355001,nan,1,nan,nan,nan,0.000000000,3.286825027,1.752092037,0.019000028,0.028504001,1.895483991,0,0.500000000
48.799282789,20064,4182,0,10921,9143,16092,474,153,150,68,82,7063,9029,217,257,1.098209909,2.525550662,22.492202093,133.267106772,nan,nan,nan,nan,nan,0.000000000,4.312924983,3.033020941,0.032488897,0.029716990,3.273031034,0,0.500000000
48.900515318,19968,4353,0,11154,8814,15611,476,152,156,68,88,6797,8814,218,258,1.114072692,2.525219397,23.823277603,133.943280515,14.350175858,2,0.000000000,nan,nan,0.000000000,5.616676994,2.788447076,0.030750991,0.062400999,3.010074957,0,0.500000000
48.999650240,19488,4597,0,10889,8599,14887,463,146,149,74,75,6288,8599,214,249,1.084943091,2.505090209,23.359687945,136.455356649,nan,1,nan,nan,nan,0.000000000,12.632562022,6.767375977,0.071463000,0.077269040,7.287096989,0,0.500000000
49.099404812,20544,4934,0,11567,8977,15606,474,142,154,71,83,6633,8973,224,250,1.163383435,2.545024594,23.512896458,142.904998154,79.997301102,6,1.000000000,nan,nan,0.000000000,12.294404965,5.952780019,0.056322897,0.077758043,6.368520029,0,0.500000000
49.200035572,19776,4998,0,11013,8763,14774,470,162,163,83,80,6011,8763,220,250,1.173995264,2.529317864,27.370070463,147.899785091,nan,1,nan,nan,nan,0.000000000,7.870180998,4.236791923,0.038746977,0.017116021,4.518974980,0,0.500000000
49.300291538,20160,5283,0,11519,8641,14873,460,150,152,79,73,6232,8641,218,242,1.138556656,2.542403170,22.086322163,122.913653394,149.819850922,4,1.000000000,nan,nan,0.000000000,8.479476033,5.165803945,0.068784051,0.100700010,5.637185997,0,0.500000000
49.398917437,20064,5524,0,11327,8737,14536,451,157,151,71,80,5810,8726,213,238,1.207252048,2.513017365,23.540834748,146.526096533,nan,1,nan,nan,nan,0.000000000,8.490630018,2.613021992,0.016835984,0.021504005,2.735264017,0,0.500000000
49.499732494,19776,5483,0,11269,8507,14536,451,155,152,73,79,5810,8726,213,238,1.207252048,2.513017365,22.355829165,140.245255604,nan,nan,nan,nan,nan,0.000000000,7.791638025,5.199656065,0.059480080,0.025871966,5.613226967,0,0.500000000
49.598885775,19776,5758,0,11452,8324,14536,451,152,151,72,79,5810,8726,213,238,1.207252048,2.513017365,21.425753930,139.766847101,nan,nan,nan,nan,nan,0.000000000,4.438376985,2.735806978,0.029208022,0.031679985,2.955207019,0,0.500000000
49.699092150,19872,5765,0,11477,8395,14103,464,125,142,68,74,5810,8293,214,250,1.262088524,2.538942088,20.281692637,90.356154108,35.645008087,7,1.000000000,nan,nan,0.000000000,11.133641994,5.206078000,0.046564965,0.116118987,5.578655982,0,0.500000000
49.797864914,20256,6095,0,11830,8426,14103,464,136,137,68,69,5810,8293,214,250,1.262088524,2.538942088,20.253046726,63.336616347,nan,nan,nan,nan,nan,0.000000000,5.186294031,3.480618005,0.035887002,0.093999028,3.755204030,0,0.500000000
49.899616718,20064,5976,0,11642,8422,14084,454,114,119,58,61,5879,8205,223,231,1.339449901,2.557974743,16.170455485,76.052631691,124.923467636,3,1.000000000,nan,nan,0.000000000,8.506895043,5.208370974,0.051455980,0.278070045,5.655806977,0,0.500000000
49.999307394,20256,6174,0,12318,7938,14084,454,115,115,60,55,5879,8205,223,231,1.339449901,2.557974743,17.096382773,67.819879889,nan,nan,nan,nan,nan,0.000000000,9.835799981,6.652773940,0.059191021,0.183299999,7.161141024,0,0.500000000
50.099473000,19968,6206,0,12039,7929,13758,425,124,103,56,47,6160,7598,220,205,1.405251295,2.530556763,16.630151696,64.894787499,nan,1,nan,nan,nan,0.000000000,5.573437025,3.300841083,0.033887045,0.111788977,3.578681964,0,0.500000000
50.200882435,20064,6359,0,12289,7775,13701,425,108,113,61,52,6274,7427,228,197,1.366112162,2.534241905,14.744348168,81.075200755,nan,1,nan,nan,nan,0.000000000,11.057769996,6.307002972,0.059152022,0.325695029,6.875613006,0,0.500000000
50.300486088,19968,6490,0,12065,7903,13474,408,110,118,67,51,5978,7496,222,186,1.407460838,2.519253277,20.705837749,60.342393050,49.426317215,5,1.000000000,nan,nan,0.000000000,3.982499999,2.006957948,0.021086948,0.076438999,2.185639984,0,0.500000000
50.399012804,19680,6205,0,11944,7736,13471,411,105,110,64,46,6078,7393,227,184,1.268517012,2.535986003,17.732550713,76.720438328,6.031751633,2,0.000000000,nan,nan,0.000000000,10.392011027,5.426269025,0.055416953,0.218786998,5.916981027,0,0.500000000
50.497346878,20352,6833,0,12270,8082,13471,411,105,107,62,45,6078,7393,227,184,1.268517012,2.535986003,17.112264272,77.482267091,nan,nan,nan,nan,nan,0.000000000,7.473031990,4.454618087,0.035870064,0.083379971,4.776697024,0,0.500000000
50.599274635,18816,6230,0,11461,7355,13471,411,106,107,62,45,6078,7393,227,184,1.268517012,2.535986003,17.071547430,77.730411931,nan,nan,nan,nan,nan,0.000000000,4.336453974,2.898749895,0.026671914,0.072000024,3.139848006,0,0.500000000
50.699923038,20640,6933,0,12559,8081,13703,408,106,104,61,43,6000,7703,224,184,1.393751224,2.535932673,14.889983874,57.294152021,4.225015640,2,0.000000000,nan,nan,0.000000000,10.981030995,5.867169995,0.051109004,0.173658016,6.314593018,0,0.500000000
50.799612761,20544,6891,0,12214,8330,13703,408,109,108,62,46,6000,7703,224,184,1.393751224,2.535932673,16.160770574,59.161831859,nan,nan,nan,nan,nan,0.000000000,8.152726048,5.829978036,0.057686935,0.198549009,6.334885955,0,0.500000000
50.899570227,19680,6928,0,12028,7652,12748,397,107,115,60,55,5506,7242,209,188,1.293494199,2.546396514,19.780608056,65.923222906,nan,1,nan,nan,nan,0.000000000,6.234769011,3.312734014,0.031276024,0.079949037,3.593751986,0,0.500000000
50.998935938,20256,6894,0,12273,7983,13358,402,130,125,69,56,5843,7515,212,190,1.360178626,2.568018993,21.471124843,78.113516826,26.051521301,3,1.000000000,nan,nan,0.000000000,7.655750960,2.706141036,0.014952035,0.029896037,2.837574983,0,0.500000000
51.099281073,20064,7021,0,12224,7840,13039,395,118,119,66,53,5672,7367,211,184,1.276870568,2.562798639,19.224727094,85.262018175,nan,1,nan,nan,nan,0.000000000,7.756051025,4.222041985,0.043662905,0.122514961,4.585497023,0,0.500000000
51.199024200,19968,6956,0,12062,7906,13008,404,122,124,70,54,5558,7450,214,190,1.298921006,2.557452607,21.619031145,81.992956585,70.018053055,2,1.000000000,nan,nan,0.000000000,2.448099025,1.275958959,0.016133068,0.033228018,1.387090015,0,0.500000000
51.299666882,19968,6992,0,12102,7866,13008,404,123,123,69,54,5558,7450,214,190,1.298921006,2.557452607,20.578402349,81.052396643,nan,nan,nan,nan,nan,0.000000000,3.758466977,2.648041991,0.028339971,0.063964981,2.887799987,0,0.500000000
51.398901463,19968,7084,0,12178,7790,13008,404,124,123,70,53,5558,7450,214,190,1.298921006,2.557452607,21.454695014,80.832321785,nan,nan,nan,nan,nan,0.000000000,3.925210971,2.588756033,0.026951020,0.063614978,2.809649974,0,0.500000000
51.498864412,19104,6787,0,11524,7580,12313,390,122,119,69,50,5253,7060,207,183,1.313097486,2.543694245,19.668806979,79.031857375,3.890275955,2,0.000000000,nan,nan,0.000000000,2.336806036,1.239628997,0.013454002,0.022900000,1.348585996,0,0.500000000
51.600515842,20928,7776,0,13047,7881,13148,410,123,132,78,54,5728,7420,229,181,1.365568201,2.586257014,19.221027846,70.291934042,nan,1,nan,nan,nan,0.000000000,4.542401002,2.249835990,0.023856002,0.031376025,2.444467973,0,0.500000000
51.698906183,20064,7439,0,12221,7843,12621,419,124,126,69,57,5321,7300,233,186,1.452863713,2.550150447,20.303207961,86.916295173,34.552335739,28,1.000000000,nan,nan,0.000000000,11.884676991,6.195565977,0.064823951,0.107073982,6.724411040,0,0.500000000
51.799504757,19968,7596,0,12523,7445,12368,422,138,140,81,59,5449,6919,236,186,1.464385547,2.615097938,20.734993265,73.423052262,5.594015121,5,0.000000000,nan,nan,0.000000000,6.679576996,3.995319072,0.047189940,0.078233017,4.362216045,0,0.500000000
51.900618076,20064,7748,0,12598,7466,12368,422,143,143,84,59,5449,6919,236,186,1.464385547,2.615097938,23.578157240,74.311718484,nan,nan,nan,nan,nan,0.000000000,8.093703946,5.759980995,0.048527087,0.082253013,6.152168033,0,0.500000000
51.999801636,19872,7739,0,12625,7247,12368,422,143,142,83,59,5449,6919,236,186,1.464385547,2.615097938,21.644921069,73.664885499,nan,nan,nan,nan,nan,0.000000000,7.140530972,5.045971018,0.058842008,0.068761990,5.495043995,0,0.500000000
52.098842382,20064,7960,0,12742,7322,12368,422,143,142,83,59,5449,6919,236,186,1.464385547,2.615097938,22.592049106,73.724408696,nan,nan,nan,nan,nan,0.000000000,3.890888998,2.618491009,0.022484048,0.041329011,2.797796973,0,0.500000000
52.199299574,19488,7872,0,12412,7076,11612,415,104,112,64,48,5255,6357,229,186,1.348025188,2.610418663,14.166717926,77.126600280,nan,1,nan,nan,nan,0.000000000,6.356219994,3.796355042,0.036354992,0.093596987,4.143216007,0,0.500000000
52.298787117,20544,8346,0,13168,7376,12194,409,106,119,67,52,5565,6629,224,185,1.597200673,2.607223247,17.399123642,55.178265727,25.613069534,6,1.000000000,nan,nan,0.000000000,5.567420973,2.887731011,0.029573042,0.044161046,3.144510963,0,0.500000000
52.399619818,19968,8281,0,12819,7149,11683,413,125,131,69,62,5337,6346,229,184,1.481323688,2.599278339,18.670112795,65.443867159,nan,1,nan,nan,nan,0.000000000,10.706300032,5.745064991,0.060949009,0.074711978,6.234914996,0,0.500000000
52.498970985,19872,8288,0,12741,7131,11580,409,124,127,72,55,5203,6377,227,182,1.577227008,2.576615881,15.946640567,61.729833448,54.456233978,9,1.000000000,nan,nan,0.000000000,7.108881022,4.237205023,0.045482011,0.062171021,4.601147957,0,0.500000000
52.599380493,20160,8505,0,12911,7249,11580,409,121,122,68,54,5203,6377,227,182,1.577227008,2.576615881,14.302734989,58.241674764,nan,nan,nan,nan,nan,0.000000000,7.980280032,5.625064019,0.059265003,0.083305000,6.135836011,0,0.500000000
52.699494600,19968,8448,0,12873,7095,11516,399,122,124,63,61,5239,6277,211,188,1.621415727,2.592378685,15.214829686,63.065503238,nan,1,nan,nan,nan,0.000000000,7.262054016,3.315109061,0.028487935,0.020269013,3.549080982,0,0.500000000
52.799068689,20064,8528,0,12939,7125,11532,414,125,127,66,61,5264,6268,231,183,1.680042675,2.614426944,12.505593457,77.777042094,74.469089508,3,1.000000000,nan,nan,0.000000000,9.675331996,5.965560034,0.064354972,0.151460990,6.497765949,0,0.500000000
52.899848461,20064,8625,0,13164,6900,11532,414,127,127,68,59,5264,6268,231,183,1.680042675,2.614426944,12.753586468,79.990198305,nan,nan,nan,nan,nan,0.000000000,8.888397017,6.165143976,0.064860971,0.128343992,6.715069001,0,0.500000000
53.001924038,19584,8427,0,12740,6844,11153,404,129,133,79,54,5164,5989,228,176,1.812501948,2.562173153,15.486864866,75.130525618,60.178518295,5,1.000000000,nan,nan,0.000000000,6.145798019,3.051813052,0.031464035,0.046185974,3.306005034,0,0.500000000
53.100556374,20352,8729,0,13433,6919,11619,387,130,124,78,46,5598,6021,225,162,1.689119407,2.572303533,18.199734408,84.592705863,14.480590820,5,0.000000000,nan,nan,0.000000000,5.862671009,2.932722971,0.033376971,0.074841955,3.208085021,0,0.500000000
53.199552298,19968,8522,0,13050,6918,11442,401,133,141,86,55,5432,6010,237,164,1.733729106,2.495718085,20.859600057,102.941940115,nan,1,nan,nan,nan,0.000000000,10.046395997,5.236445053,0.056682853,0.081281003,5.680255999,0,0.500000000
53.300050497,20064,8705,0,13317,6747,11442,401,140,140,86,54,5432,6010,237,164,1.733729106,2.495718085,20.223856247,104.466292756,nan,nan,nan,nan,nan,0.000000000,4.288015014,2.805374039,0.038145983,0.041750958,3.051784995,0,0.500000000
53.400548935,19872,8482,0,13072,6800,11442,401,139,139,86,53,5432,6010,237,164,1.733729106,2.495718085,20.323220423,109.738262249,nan,nan,nan,nan,nan,0.000000000,4.604907008,3.262071987,0.035331002,0.054478005,3.502521024,0,0.500000000
53.498980045,20064,8607,0,13290,6774,11453,397,131,123,72,51,5590,5863,237,160,1.800030568,2.189983296,14.714966025,81.810094016,nan,1,nan,nan,nan,0.000000000,4.575250961,2.232598956,0.024081906,0.096520002,2.423778002,0,0.500000000
53.599434853,19680,8371,0,13013,6667,11453,397,113,119,69,50,5590,5863,237,160,1.800030568,2.189983296,12.399357637,78.361960898,nan,nan,nan,nan,nan,0.000000000,1.903728000,1.266111911,0.013242068,0.015991973,1.387177967,0,0.500000000
53.701451063,20064,8585,0,13330,6734,11475,413,137,132,73,59,5610,5865,239,174,1.853747727,1.784641720,15.943440726,111.734893710,76.016902924,3,1.000000000,nan,nan,0.000000000,4.850794969,2.925719076,0.033371034,0.070338021,3.187561990,0,0.500000000
53.801144123,20064,8411,0,13091,6973,11649,420,125,123,64,59,5484,6165,234,186,2.299862873,1.767876959,14.436939352,76.587158438,nan,1,nan,nan,nan,0.000000000,7.468236028,4.624132009,0.041684078,0.024826033,4.960660997,0,0.500000000
53.901006460,20160,8717,0,13387,6773,11649,420,127,124,62,62,5484,6165,234,186,2.299862873,1.767876959,13.116583630,72.079205755,nan,nan,nan,nan,nan,0.000000000,7.403089025,5.072800966,0.040084997,0.024109031,5.402982002,0,0.500000000
53.999114752,20064,8538,0,13262,6802,11522,417,115,123,64,59,5549,5973,236,181,2.778242759,1.686126004,15.034495929,68.195480537,15.541076660,3,1.000000000,nan,nan,0.000000000,6.787833991,3.755280981,0.036175945,0.072897994,4.056564998,0,0.500000000
54.099763393,19968,8582,0,13291,6677,11382,411,126,122,63,59,5567,5815,233,178,2.617434033,1.714450991,17.623435649,98.621663289,nan,1,nan,nan,nan,0.000000000,6.191847031,3.458940075,0.034311030,0.065425993,3.736944986,0,0.500000000
54.199111462,19968,8683,0,13307,6661,11281,435,138,131,69,62,5498,5783,251,184,2.705324890,1.623135842,15.430970607,86.305637368,4.683971405,2,0.000000000,nan,nan,0.000000000,11.252927012,6.186629995,0.065882050,0.099781028,6.697512988,0,0.500000000
54.299099207,20064,8875,0,13490,6574,11185,427,139,139,78,61,5627,5558,254,173,2.743617659,1.633307605,17.308296810,122.311966297,24.273157120,14,1.000000000,nan,nan,0.000000000,8.650006028,3.894678026,0.039923994,0.051220995,4.210611980,0,0.500000000
54.399158001,19776,8597,0,13403,6373,11175,440,141,132,73,59,5733,5442,268,172,2.701240676,1.563245438,12.709207942,115.804829206,19.872188568,3,1.000000000,nan,nan,0.000000000,7.672461041,3.815437027,0.038793078,0.043443986,4.108944966,0,0.500000000
54.600734234,19968,8674,0,13524,6444,11290,408,132,135,79,56,5863,5427,249,159,2.692575405,1.450125829,14.185756707,81.032197764,3.836870193,2,0.000000000,nan,nan,0.000000000,4.556755011,2.332315897,0.024812063,0.034009980,2.523798961,0,0.500000000
54.699612856,19776,8502,0,13312,6464,11290,408,134,130,74,56,5863,5427,249,159,2.692575405,1.450125829,14.902690899,68.364732620,nan,nan,nan,nan,nan,0.000000000,3.509446979,2.515569038,0.028155977,0.035951030,2.736881957,0,0.500000000
54.800056934,20160,8644,0,13620,6540,11512,417,142,134,78,56,5944,5568,256,161,2.747791781,1.351236692,17.362163937,98.125938744,60.010671616,3,1.000000000,nan,nan,0.000000000,9.209673968,5.668477039,0.069684989,0.133484020,6.200695992,0,0.500000000
54.898928165,20064,8553,0,13555,6509,11512,417,129,132,78,54,5944,5568,256,161,2.747791781,1.351236692,17.188984731,98.995867062,nan,nan,nan,nan,nan,0.000000000,7.989989012,5.496383063,0.053983997,0.057755969,5.926172016,0,0.500000000
54.999275446,19872,8509,0,13532,6340,11359,417,133,133,76,57,5981,5378,254,163,2.758496161,1.268439389,10.884029335,101.972495245,5.722761154,2,0.000000000,nan,nan,0.000000000,6.801449985,4.097299068,0.048514048,0.069461996,4.469047009,0,0.500000000
55.098822832,20064,8441,0,13580,6484,11619,427,123,118,70,48,6132,5487,268,159,2.817305871,1.221509735,12.932649143,72.178869456,74.414730072,5,1.000000000,nan,nan,0.000000000,7.946408004,3.845519095,0.035780948,0.071390998,4.142087011,0,0.500000000
55.199048996,19776,8342,0,13397,6379,11619,427,116,118,68,50,6132,5487,268,159,2.817305871,1.221509735,10.479058465,70.166199199,nan,nan,nan,nan,nan,0.000000000,3.182346991,2.200383984,0.021569023,0.044886023,2.384936030,0,0.500000000
55.299701452,20256,8546,0,13777,6479,11706,430,117,120,68,52,6194,5512,266,164,2.826108813,1.182485946,11.146369774,61.706530766,nan,1,nan,nan,nan,0.000000000,2.943979984,1.637370966,0.015606056,0.026837981,1.769835013,0,0.500000000
55.399651766,19968,8166,0,13470,6498,11798,435,130,130,74,56,6282,5516,265,170,2.770734885,1.158283635,13.711169929,90.472075469,nan,1,nan,nan,nan,0.000000000,11.873565963,6.507889018,0.065843982,0.109358982,7.046341023,0,0.500000000
55.499407530,20064,8162,0,13405,6659,11898,424,127,132,78,54,6106,5792,253,171,2.855297276,1.135725714,14.236103721,89.647342975,nan,1,nan,nan,nan,0.000000000,8.066870971,3.660424962,0.033158052,0.033969001,3.923345997,0,0.500000000
55.599298239,19872,8011,0,13414,6458,11857,427,124,123,76,47,6311,5546,265,162,2.807915590,1.133619877,12.252836036,110.322127372,25.486230850,8,1.000000000,nan,nan,0.000000000,11.292933952,6.324756017,0.063627900,0.086785003,6.860042980,0,0.500000000
55.698925734,20064,8090,0,13421,6643,11970,443,125,129,78,51,6151,5819,266,177,2.905736853,1.148572618,14.532685593,123.739784421,21.425485611,21,1.000000000,nan,nan,0.000000000,6.265421980,2.892528952,0.027521979,0.057374011,3.118038003,0,0.500000000
55.799521208,19968,7923,0,13394,6574,12041,441,132,130,76,54,6366,5675,266,175,2.871686453,1.137390862,14.207071950,133.114774692,nan,1,nan,nan,nan,0.000000000,5.512615957,2.667680907,0.028319948,0.066765002,2.887064009,0,0.500000000
55.899406910,20064,8022,0,13605,6459,12038,438,137,131,77,54,6363,5675,266,172,2.933338877,1.120391929,11.824430572,123.441839786,nan,1,nan,nan,nan,0.000000000,7.505668036,3.214261029,0.014576945,0.022931956,3.335905029,0,0.500000000
55.999405146,19776,7702,0,13264,6512,12038,438,132,132,77,55,6363,5675,266,172,2.933338877,1.120391929,11.928095179,123.550257233,nan,nan,nan,nan,nan,0.000000000,3.304668004,2.414409071,0.024482026,0.035834033,2.605326008,0,0.500000000
56.098358631,20160,7859,0,13685,6475,12297,445,134,134,80,54,6640,5657,274,171,2.900321938,1.091809950,12.938346473,128.680485706,60.634613037,7,1.000000000,nan,nan,0.000000000,7.612672052,4.729530017,0.052256975,0.087306951,5.149370991,0,0.500000000
56.199293137,19392,7081,0,12881,6511,12297,445,130,131,78,53,6640,5657,274,171,2.900321938,1.091809950,12.085584533,133.679470155,nan,nan,nan,nan,nan,0.000000000,7.342378027,5.341178912,0.039361999,0.021732005,5.664157972,0,0.500000000
56.296300173,20640,7973,0,14007,6633,12663,441,138,145,89,56,6842,5821,274,167,2.896073447,1.075971216,16.877466680,137.979102132,95.216751099,4,1.000000000,nan,nan,0.000000000,8.700038015,3.501109954,0.036175014,0.037162972,3.780152008,0,0.500000000
56.399497032,19776,7240,0,13296,6480,12532,434,140,134,83,51,6821,5711,274,160,2.938749365,1.049825681,14.605502025,109.843812589,7.317304611,3,0.000000000,nan,nan,0.000000000,9.741517017,4.878301057,0.049482100,0.088186003,5.249259993,0,0.500000000
56.499019861,20352,7652,0,13801,6551,12532,434,137,133,81,52,6821,5711,274,160,2.938749365,1.049825681,15.465599501,108.951355099,nan,nan,nan,nan,nan,0.000000000,4.100524995,2.844854025,0.028893992,0.026919995,3.082187031,0,0.500000000
56.600538731,19968,7356,0,13555,6413,12608,452,132,137,90,47,6921,5687,285,167,2.952303204,1.044873680,17.181120013,107.100671272,nan,1,nan,nan,nan,0.000000000,6.414921023,3.752572986,0.040650018,0.041693042,4.077627033,0,0.500000000
56.699548483,19872,7301,0,13376,6496,12567,444,141,138,90,48,6869,5698,281,163,2.930432737,1.038251883,12.467789149,134.046748743,nan,1,nan,nan,nan,0.000000000,5.733231024,2.755451947,0.029802904,0.035824953,2.977246011,0,0.500000000
56.799000025,19776,7263,0,13611,6165,12509,446,142,140,87,53,6995,5514,285,161,2.933409769,1.032296494,17.841430001,101.746486392,nan,1,nan,nan,nan,0.000000000,10.425782006,6.325836992,0.071467948,0.069989008,6.867552001,0,0.500000000
56.901372910,20256,7230,0,13497,6759,13022,453,149,150,94,56,6975,6047,282,171,2.920454336,1.065546350,15.327046211,152.551627062,44.808387756,4,1.000000000,nan,nan,0.000000000,7.166689960,3.242984007,0.036025944,0.023309956,3.510046052,0,0.500000000
56.999554634,19968,7093,0,13562,6406,12871,450,140,140,83,57,7135,5736,287,163,2.902637707,1.039971623,16.282138463,114.945302627,64.255237579,4,1.000000000,nan,nan,0.000000000,11.307572015,5.637766968,0.054712000,0.062306994,6.060017971,0,0.500000000
57.099465132,19968,6994,0,13406,6562,12970,452,138,140,91,49,7050,5920,290,162,2.909801558,1.051793455,21.182925180,115.406206992,6.462574005,4,0.000000000,nan,nan,0.000000000,11.839548999,6.703736901,0.071771967,0.080470985,7.247625035,0,0.500000000
57.198864698,20064,6845,0,13567,6497,13215,468,150,146,82,64,7372,5843,292,176,2.900817105,1.064707955,17.110045400,120.985765801,30.031204224,8,1.000000000,nan,nan,0.000000000,11.738141009,6.171430927,0.065961038,0.141306024,6.654350029,0,0.500000000
57.299538851,19968,6732,0,13251,6717,13232,471,149,146,90,56,7128,6104,291,180,2.912226282,1.080971290,19.382361256,137.248509395,nan,1,nan,nan,nan,0.000000000,6.572127983,3.172675031,0.032645010,0.041319989,3.418718989,0,0.500000000
57.398969412,20064,6788,0,13373,6691,13272,468,146,145,89,56,7227,6045,294,174,2.893418206,1.109393072,17.646625137,158.583774909,nan,1,nan,nan,nan,0.000000000,8.853801992,4.057916056,0.043993932,0.063809974,4.362109001,0,0.500000000
57.499142647,19968,6574,0,13099,6869,13390,463,148,145,88,57,7123,6267,287,176,2.932089756,1.113359815,19.696173849,140.406585050,38.840532303,9,1.000000000,nan,nan,0.000000000,9.822686960,5.312438065,0.052270014,0.069758971,5.713241990,0,0.500000000
57.598942280,19872,6536,0,13097,6775,13332,451,148,147,89,58,7157,6175,281,170,2.908006465,1.160596854,16.709277762,157.435686424,6.721019745,7,0.000000000,nan,nan,0.000000000,5.406619981,2.632340998,0.028233975,0.040028011,2.844401984,0,0.500000000
57.701205492,20160,6503,0,13136,7024,13653,452,149,153,85,68,7164,6489,273,179,2.932304083,1.114436614,17.500871949,135.779454243,9.431123734,25,0.000000000,nan,nan,0.000000000,9.909850021,5.047799030,0.058857026,0.069590984,5.642333010,0,0.500000000
57.799088001,19968,6437,0,13043,6925,13527,460,158,156,96,60,7182,6345,284,176,2.918135136,1.146900994,20.922027915,179.397883317,76.033830643,8,1.000000000,nan,nan,0.000000000,2.779814997,1.440062944,0.017013983,0.028172974,1.560556004,0,0.500000000
57.899325609,19488,6296,0,13006,6482,13527,460,156,157,95,62,7182,6345,284,176,2.918135136,1.146900994,20.890190402,178.975600627,nan,nan,nan,nan,nan,0.000000000,3.342151991,2.289097116,0.026227091,0.034503988,2.476936032,0,0.500000000
57.998840332,20544,6355,0,13188,7356,14185,486,168,163,89,74,7347,6838,289,197,2.928833533,1.128434711,18.481593870,161.563128184,nan,1,nan,nan,nan,0.000000000,6.248319056,2.893483907,0.033174932,0.049474998,3.118818975,0,0.500000000
58.099097013,19968,6201,0,13085,6883,13763,479,149,151,81,70,7368,6395,290,189,2.934493683,1.146490299,17.656543303,142.932062108,4.710912704,2,0.000000000,nan,nan,0.000000000,6.278083951,3.164986963,0.034526980,0.060897029,3.420638037,0,0.500000000
58.199685097,19776,6028,0,12714,7062,13763,479,151,151,81,70,7368,6395,290,189,2.934493683,1.146490299,18.000902409,135.484269157,nan,nan,nan,nan,nan,0.000000000,9.047666972,6.692680006,0.078595942,0.153968984,7.280298974,0,0.500000000
58.299621820,20160,5989,0,13247,6913,14167,481,150,153,86,67,7690,6477,291,190,2.946082411,1.125798419,20.316689321,173.619406494,2.836227417,2,0.000000000,nan,nan,0.000000000,5.640493997,3.441323992,0.038672006,0.081563019,3.727698990,0,0.500000000
58.398983479,19488,5904,0,12360,7128,13580,478,141,141,82,59,6898,6682,290,188,2.889732277,1.134004831,16.952750030,156.102176186,nan,1,nan,nan,nan,0.000000000,8.998289995,4.097772005,0.037578982,0.046770030,4.385759996,0,0.500000000
58.496501684,20544,5737,0,13402,7142,14803,503,166,167,106,61,8075,6728,311,192,2.916447521,1.117550699,25.769453909,200.695700535,26.479482651,10,1.000000000,nan,nan,0.000000000,3.086128971,1.602688979,0.017905899,0.032642973,1.730348973,0,0.500000000
58.599113226,20064,5693,0,12740,7324,14367,494,152,156,96,60,7458,6909,309,185,2.929812827,1.148272205,19.668754845,197.560429314,55.745363235,3,1.000000000,nan,nan,0.000000000,8.511148975,3.698520013,0.035615871,0.210814993,3.953882959,0,0.500000000
58.701643467,19968,5421,0,12719,7249,14543,505,160,167,106,61,7712,6831,309,196,2.915274966,1.171261705,25.985558236,202.397794055,48.052549362,3,1.000000000,nan,nan,0.000000000,7.855021977,2.657364006,0.018191990,0.021246029,2.786195022,0,0.500000000
58.799515724,19968,5317,0,12560,7408,14647,505,160,155,99,56,7642,7005,316,189,2.920506729,1.195894201,20.828867701,219.357318970,12.287855148,7,0.000000000,nan,nan,0.000000000,8.366208989,3.027228988,0.017390936,0.029389979,3.152164980,0,0.500000000
58.899601460,19968,5231,0,12627,7341,14647,505,157,160,102,58,7642,7005,316,189,2.920506729,1.195894201,21.022035701,232.882858510,nan,nan,nan,nan,nan,0.000000000,3.178228973,2.418007993,0.026137976,0.038445985,2.605969028,0,0.500000000
58.999726295,19968,5148,0,12635,7333,14647,505,161,163,104,59,7642,7005,316,189,2.920506729,1.195894201,22.085211467,235.186100403,nan,nan,nan,nan,nan,0.000000000,7.878228032,5.781796004,0.067044923,0.089923036,6.261609029,0,0.500000000
59.099057436,20160,5250,0,12943,7217,14906,502,160,162,105,57,8087,6819,312,190,2.929932558,1.209301065,20.142731203,194.822790839,nan,1,nan,nan,nan,0.000000000,3.770158044,1.912525040,0.022833992,0.027211034,2.061662963,0,0.500000000
59.200428724,19872,5123,0,12619,7253,14906,502,160,162,105,57,8087,6819,312,190,2.929932558,1.209301065,20.446909881,194.668588411,nan,nan,nan,nan,nan,0.000000000,6.706766027,4.876536026,0.061926083,0.115882023,5.313939997,0,0.500000000
59.298909426,20064,5129,0,12838,7226,14931,511,170,166,107,59,8075,6856,316,195,2.873109890,1.247345725,22.343997916,202.202033475,129.432439804,2,1.000000000,nan,nan,0.000000000,11.171381979,5.222660024,0.054806063,0.063041050,5.602741032,0,0.500000000
59.402603388,20064,5063,0,12731,7333,14931,511,173,173,109,64,8075,6856,316,195,2.873109890,1.247345725,25.409279606,202.586488352,nan,nan,nan,nan,nan,0.000000000,5.535040982,3.797436017,0.050000963,0.090732996,4.142997961,0,0.500000000
59.500440598,19968,4918,0,12672,7296,14931,511,173,174,110,64,8075,6856,316,195,2.873109890,1.247345725,25.684688651,202.384652433,nan,nan,nan,nan,nan,0.000000000,7.993324951,5.759565043,0.064303109,0.059954007,6.192845991,0,0.500000000
59.599056959,19968,4893,0,12730,7238,14931,511,174,173,109,64,8075,6856,316,195,2.873109890,1.247345725,24.895935507,201.392785254,nan,nan,nan,nan,nan,0.000000000,7.599458972,5.716928979,0.055412063,0.108061009,6.098187994,0,0.500000000
59.699019432,20064,4702,0,12599,7465,15358,516,171,174,113,61,8193,7165,319,197,2.866232680,1.328755817,27.045266835,230.100973860,nan,1,nan,nan,nan,0.000000000,10.364977003,4.803409975,0.051383919,0.055657991,5.147232965,0,0.500000000
59.800396204,20064,4622,0,12902,7162,15358,516,174,173,111,62,8193,7165,319,197,2.866232680,1.328755817,27.150027763,212.937307823,nan,nan,nan,nan,nan,0.000000000,4.598377971,3.254373965,0.041563995,0.067696965,3.532550007,0,0.500000000
59.900404692,19968,4420,0,12642,7326,15544,538,171,176,120,56,8480,7064,336,202,2.858431946,1.307402932,26.381533632,211.304842672,20.973443985,7,1.000000000,nan,nan,0.000000000,10.286771983,4.624269030,0.048648973,0.064833032,4.952467978,0,0.500000000
60.001163244,19872,4283,0,12787,7085,15544,538,173,170,113,57,8480,7064,336,202,2.858431946,1.307402932,24.816819885,191.155012622,nan,nan,nan,nan,nan,0.000000000,7.197822968,5.398704903,0.078190991,0.114944007,5.886981031,0,0.500000000
60.099303722,19776,4141,0,12555,7221,15631,544,169,175,119,56,8636,6995,346,198,2.875200307,1.284351164,25.904889005,188.765309995,6.099939346,2,0.000000000,nan,nan,0.000000000,7.229935029,1.774592034,0.019293977,0.034372963,1.927123987,0,0.500000000
60.201021671,20064,4093,0,13058,7006,15967,537,153,168,109,59,9126,6841,351,186,2.825608440,1.290188001,22.584716524,190.715324412,115.689516068,4,1.000000000,nan,nan,0.000000000,7.872176997,4.932517069,0.051230018,0.072613009,5.269743036,0,0.500000000
60.298543453,20256,3952,0,12980,7276,15967,537,170,172,112,60,9126,6841,351,186,2.825608440,1.290188001,24.193086183,195.750954040,nan,nan,nan,nan,nan,0.000000000,4.912018951,3.336780996,0.040698971,0.090793008,3.617749026,0,0.500000000
60.399598360,19968,3825,0,12685,7283,16139,561,176,186,121,65,8911,7228,357,204,2.875211509,1.256354056,30.198276295,211.959553937,6.607532501,2,0.000000000,nan,nan,0.000000000,7.201065018,1.972187019,0.040037907,0.106416002,2.251023019,0,0.500000000
60.499397993,19968,3762,0,12504,7464,16202,556,170,170,113,57,8763,7439,361,195,2.885870034,1.301844068,28.501443682,190.312275904,26.665449142,3,1.000000000,nan,nan,0.000000000,7.291993999,3.376793989,0.034259050,0.078673998,3.617578011,0,0.500000000
60.601030827,19872,3602,0,12442,7430,16202,556,176,174,117,57,8763,7439,361,195,2.885870034,1.301844068,29.130528317,192.556586413,nan,nan,nan,nan,nan,0.000000000,7.019558980,5.002644961,0.039399893,0.018608000,5.273305986,0,0.500000000
60.698939085,20160,3556,0,12319,7841,16600,549,160,168,108,60,8761,7839,354,195,2.893347354,1.376414181,26.960136368,199.509306760,35.713434219,3,1.000000000,nan,nan,0.000000000,7.849273970,4.558136978,0.049958995,0.124649028,4.933118005,0,0.500000000
60.799239874,19968,3428,0,12235,7733,16600,549,179,178,110,68,8761,7839,354,195,2.893347354,1.376414181,30.892621976,198.112561049,nan,nan,nan,nan,nan,0.000000000,9.298382967,6.707937981,0.084775034,0.069489004,7.273357012,0,0.500000000
60.899306774,19680,3326,0,12092,7588,16600,549,178,178,110,68,8761,7839,354,195,2.893347354,1.376414181,30.925673757,197.257959434,nan,nan,nan,nan,nan,0.000000000,4.144350998,2.555353043,0.020622043,0.038980041,2.718074014,0,0.500000000
61.002495289,20352,3261,0,12249,8103,17087,557,174,186,120,66,8988,8099,351,206,2.880078167,1.533973612,31.856862343,190.070996264,1.698732376,2,0.000000000,nan,nan,0.000000000,8.677906997,3.292504989,0.027286005,0.022715016,3.485552035,0,0.500000000
61.099626064,20064,3099,0,12043,8021,16961,549,167,172,113,59,8940,8021,345,204,2.893122018,1.583884460,31.727952907,172.371439496,nan,1,nan,nan,nan,0.000000000,7.465876988,4.476947011,0.054235046,0.109752000,4.857002990,0,0.500000000
61.199588299,19968,2906,0,11733,8235,17058,546,193,186,117,69,8823,8235,342,204,2.879288380,1.643903653,29.529135495,182.585118317,29.934644699,2,1.000000000,nan,nan,0.000000000,7.611554989,3.790353017,0.049292052,0.076373981,4.109679023,0,0.500000000
61.299257994,19584,2295,0,11258,8326,17058,546,184,185,115,70,8823,8235,342,204,2.879288380,1.643903653,30.176330567,189.267238584,nan,nan,nan,nan,nan,0.000000000,7.570235000,4.831978993,0.060756051,0.022119028,5.173415004,0,0.500000000
61.401577950,20160,2834,0,11792,8368,17322,562,187,189,122,67,8954,8368,344,218,2.866696864,1.734768964,28.282104733,198.867169805,34.339427948,9,1.000000000,nan,nan,0.000000000,8.266345016,3.709871031,0.043253996,0.062994019,3.971286991,0,0.500000000
61.499431372,19872,2550,0,11420,8452,17318,580,187,188,120,68,8866,8452,360,220,2.864946077,1.755298115,31.982934090,207.291067615,45.469045639,5,1.000000000,nan,nan,0.000000000,9.363894991,5.501592008,0.061676896,0.078407000,5.903480982,0,0.500000000
61.600461006,19872,2716,0,11566,8306,17318,580,191,190,120,70,8866,8452,360,220,2.864946077,1.755298115,32.985536674,221.828204107,nan,nan,nan,nan,nan,0.000000000,7.167265983,5.172083038,0.067748013,0.086240005,5.620404962,0,0.500000000
61.699536562,19392,2642,0,11003,8389,16746,580,177,183,128,55,8357,8389,359,221,2.905553426,1.792656945,32.714799850,212.823989613,73.857545853,3,1.000000000,nan,nan,0.000000000,9.953977016,6.065302936,0.068916008,0.150998007,6.523624004,0,0.500000000
61.800293446,20352,2529,0,11765,8587,17819,574,185,184,118,66,9236,8583,353,221,2.846444664,1.852378481,29.955617602,184.310924799,66.236495972,2,1.000000000,nan,nan,0.000000000,6.484297977,3.596557071,0.043481996,0.104259001,3.879446012,0,0.500000000
61.901511431,20160,2411,0,11364,8796,17745,570,187,190,125,65,8949,8796,356,214,2.885681593,1.839680564,34.819166967,228.968246296,69.872856140,3,1.000000000,nan,nan,0.000000000,6.704250001,3.980548994,0.048825983,0.089021982,4.293136008,0,0.500000000
61.999608755,19968,2322,0,11323,8645,17745,570,191,192,125,67,8949,8796,356,214,2.885681593,1.839680564,35.535993437,226.911315350,nan,nan,nan,nan,nan,0.000000000,8.133439987,5.871831963,0.071596936,0.123623991,6.345008966,0,0.500000000
62.100120068,19968,2265,0,10985,8983,17745,570,192,192,125,67,8949,8796,356,214,2.885681593,1.839680564,35.534171626,227.038594825,nan,nan,nan,nan,nan,0.000000000,5.729341006,3.729258024,0.031532021,0.045321009,3.943137010,0,0.500000000
62.200395107,19872,2149,0,11166,8706,17745,570,192,192,125,67,8949,8796,356,214,2.885681593,1.839680564,35.856680761,227.228959991,nan,nan,nan,nan,nan,0.000000000,2.642831998,1.783034997,0.015422993,0.047749956,1.885159989,0,0.500000000
62.300849915,19872,2130,0,10865,9007,17738,593,212,202,140,62,8735,9003,368,225,2.882089746,1.900068947,40.946110282,248.953700479,8.308649063,11,0.000000000,nan,nan,0.000000000,5.776812031,2.746534068,0.032991928,0.031475036,2.947310975,0,0.500000000
62.400438309,19872,2191,0,11158,8714,17677,589,188,187,131,56,8967,8710,366,223,2.863393536,1.932863749,34.302941207,226.899529049,4.089593887,3,0.000000000,nan,nan,0.000000000,5.303526006,3.152409045,0.037463964,0.049385999,3.393004998,0,0.500000000
62.499332428,20160,2282,0,10997,9163,17874,606,174,184,115,69,8715,9159,368,238,2.891635278,1.921969275,29.433253825,208.419937932,25.494575500,4,1.000000000,nan,nan,0.000000000,14.362644986,7.936589944,0.082990970,0.090324029,8.486900013,0,0.500000000
62.600397825,19776,2197,0,11132,8644,17874,606,188,188,120,68,8715,9159,368,238,2.891635278,1.921969275,28.241188024,206.651401105,nan,nan,nan,nan,nan,0.000000000,6.733350980,4.728457017,0.041068066,0.026037975,4.999188997,0,0.500000000
62.699227095,20160,2428,0,11075,9085,17728,596,170,190,115,75,8647,9081,348,248,2.875846456,1.972891776,38.174701965,214.457460484,71.776628494,6,1.000000000,nan,nan,0.000000000,12.708915048,5.826951005,0.056637044,0.069264963,6.202486984,0,0.500000000
62.799767256,19872,2291,0,11019,8853,17728,596,195,199,124,75,8647,9081,348,248,2.875846456,1.972891776,39.415136426,223.655726123,nan,nan,nan,nan,nan,0.000000000,4.774281988,3.291479952,0.037866994,0.040527026,3.524380969,0,0.500000000
62.899428368,20064,2458,0,11226,8838,17602,603,174,176,91,85,8767,8835,333,270,2.840378570,2.033926730,30.024731654,194.186928132,80.182790756,3,1.000000000,nan,nan,0.000000000,12.066220981,7.508085924,0.079113990,0.115456001,8.048545045,0,0.500000000
62.999346972,19968,2253,0,10928,9040,17711,611,188,193,107,86,8671,9040,325,286,2.781102737,2.046299605,35.232990595,233.467594050,40.217876434,3,1.000000000,nan,nan,0.000000000,3.499610000,1.915797999,0.021272048,0.036183046,2.056171943,0,0.500000000
63.099183798,20064,2502,0,11250,8814,17558,625,195,191,93,98,8744,8814,324,301,2.710130344,2.096138075,30.750204852,222.282446069,14.525413513,2,0.000000000,nan,nan,0.000000000,15.179863025,8.177151030,0.084006984,0.080254977,8.713643008,0,0.500000000
63.199138880,19968,2226,0,10746,9222,17738,620,190,197,90,107,8516,9222,309,311,2.695533869,2.102272514,33.325508005,246.813256239,54.154872894,3,1.000000000,nan,nan,0.000000000,13.186474040,5.944004050,0.059267972,0.066718028,6.319474953,0,0.500000000
63.299190760,19968,2391,0,10978,8990,17573,626,203,200,83,117,8585,8988,309,317,2.600187265,2.180959175,35.742028373,223.479367488,nan,1,nan,nan,nan,0.000000000,15.363717044,8.831513056,0.091573049,0.107667001,9.405103978,0,0.500000000
63.400300026,20160,2381,0,10709,9451,17573,626,199,197,87,110,8585,8988,309,317,2.600187265,2.180959175,37.787442277,235.430211337,nan,nan,nan,nan,nan,0.000000000,6.495504000,4.160004959,0.043936016,0.058927981,4.438230011,0,0.500000000
63.500381947,19392,2245,0,10740,8652,17143,584,188,181,78,103,8493,8650,283,301,2.527026888,2.214522959,37.495701197,232.839054025,4.764795303,2,0.000000000,nan,nan,0.000000000,6.946880021,3.190491989,0.035147998,0.037986028,3.420632042,0,0.500000000
63.597280741,20544,2566,0,10900,9644,17974,589,174,177,82,95,8330,9644,283,306,2.581586523,2.313144718,36.438624759,203.667458498,3.272294998,2,0.000000000,nan,nan,0.000000000,9.486594994,4.961081024,0.042996893,0.065412023,5.336959031,0,0.500000000
63.699630976,19872,2239,0,10830,9042,17629,587,199,197,82,115,8587,9042,265,322,2.481151757,2.327242702,43.923742047,257.037892686,19.987821579,2,1.000000000,nan,nan,0.000000000,5.248644040,3.180650936,0.039535982,0.053325959,3.432594007,0,0.500000000
63.799081326,20160,2504,0,11012,9148,17629,587,198,198,82,116,8587,9042,265,322,2.481151757,2.327242702,43.724428123,257.339763167,nan,nan,nan,nan,nan,0.000000000,6.583446986,4.529166908,0.047890993,0.054143020,4.827190016,0,0.500000000
63.899793863,19872,2207,0,10744,9128,17661,575,184,183,79,104,8533,9128,264,311,2.424446446,2.377007453,40.687542673,224.810296710,4.260301590,2,0.000000000,nan,nan,0.000000000,10.243778001,4.812542000,0.048159040,0.046116998,5.129381025,0,0.500000000
63.999035358,19968,2585,0,10859,9109,17379,568,174,173,75,98,8270,9109,262,306,2.431613759,2.371410431,38.162076463,207.178657449,19.428253174,4,1.000000000,nan,nan,0.000000000,11.855363031,5.620242970,0.056878955,0.070984999,6.021097011,0,0.500000000
64.098940134,20064,2266,0,10832,9232,17794,574,179,183,75,108,8562,9232,257,317,2.387168137,2.429358208,38.024575944,220.339271863,30.034065247,7,1.000000000,nan,nan,0.000000000,11.428748025,5.099372996,0.050182920,0.074698997,5.430922960,0,0.500000000
64.199193001,20160,2610,0,10803,9357,17546,576,180,182,70,112,8193,9353,251,325,2.387002562,2.479249043,40.423640844,211.442339645,16.118526459,3,1.000000000,nan,nan,0.000000000,8.321907953,2.006622031,0.019331055,0.023592962,2.138255979,0,0.500000000
64.300542831,19968,2307,0,10628,9340,17657,573,188,196,72,124,8321,9336,241,332,2.347184823,2.437925352,45.111352019,254.967962784,5.600929260,4,0.000000000,nan,nan,0.000000000,12.160001032,5.808521062,0.059991027,0.074808020,6.197524024,0,0.500000000
64.400391340,20064,2602,0,10872,9192,17458,564,175,178,64,114,8270,9188,236,328,2.340124179,2.556217810,39.506941581,211.355177100,20.569086075,2,1.000000000,nan,nan,0.000000000,15.912227042,8.471322013,0.092284987,0.136988005,9.089888015,0,0.500000000
64.499262571,19872,2295,0,10613,9259,17458,564,178,178,64,114,8270,9188,236,328,2.340124179,2.556217810,39.445231764,211.916773144,nan,nan,nan,nan,nan,0.000000000,11.417229020,8.071636956,0.077583012,0.093896990,8.553368971,0,0.500000000
64.599444151,20064,2691,0,11015,9049,17369,557,178,178,62,116,8320,9049,231,326,2.301130572,2.576460824,39.295602729,200.145922766,nan,1,nan,nan,nan,0.000000000,14.744620014,7.535825891,0.083325023,0.079652003,8.064313966,0,0.500000000
64.698862553,19968,2351,0,10722,9246,17369,557,177,175,60,115,8320,9049,231,326,2.301130572,2.576460824,35.468671321,210.266090538,nan,nan,nan,nan,nan,0.000000000,5.529186979,3.507070069,0.037772988,0.045729976,3.752873978,0,0.500000000
64.800402880,19968,2587,0,10936,9032,17369,557,176,175,60,115,8320,9049,231,326,2.301130572,2.576460824,34.549194268,210.901378715,nan,nan,nan,nan,nan,0.000000000,6.285088952,4.471918044,0.047479989,0.054117991,4.796355031,0,0.500000000
64.901961803,20064,2484,0,10778,9286,17576,578,189,181,63,118,8290,9286,232,346,2.242615547,2.601492985,37.224801520,231.901112584,17.283678055,3,1.000000000,nan,nan,0.000000000,6.783380988,3.342955897,0.037401973,0.054322009,3.582918958,0,0.500000000
64.999943733,19776,2480,0,10760,9016,17576,578,182,183,63,120,8290,9286,232,346,2.242615547,2.601492985,37.941360804,236.825334932,nan,nan,nan,nan,nan,0.000000000,8.334400016,5.995838903,0.055030978,0.051459006,6.361623993,0,0.500000000
65.099171638,20160,2644,0,10767,9393,17576,578,185,185,64,121,8290,9286,232,346,2.242615547,2.601492985,37.687036757,232.701558347,nan,nan,nan,nan,nan,0.000000000,4.767734965,3.461827990,0.033101009,0.054649019,3.700494010,0,0.500000000
65.199653864,20064,2500,0,10894,9170,17576,578,184,184,64,120,8290,9286,232,346,2.242615547,2.601492985,37.946900812,236.987190595,nan,nan,nan,nan,nan,0.000000000,4.067667003,2.947415924,0.025930931,0.041741005,3.122898983,0,0.500000000
65.300310850,20160,2751,0,10818,9342,17405,563,119,175,60,115,8067,9338,218,345,2.173893574,2.671467211,40.247934144,241.530549837,49.451589584,3,1.000000000,nan,nan,0.000000000,8.473500027,4.813289037,0.028619950,0.028253999,5.050225009,0,0.500000000
65.400392294,19872,2466,0,10829,9043,17402,538,166,165,56,109,8359,9043,210,328,2.017901427,2.738251013,39.599682994,198.717215807,nan,1,nan,nan,nan,0.000000000,4.578255001,2.571269986,0.026378024,0.025096990,2.758704999,0,0.500000000
65.499218941,20160,2787,0,11074,9086,17369,558,192,182,63,119,8283,9086,212,346,2.139116835,2.713215276,39.566331261,252.795014422,54.688215256,3,1.000000000,nan,nan,0.000000000,3.596009046,1.855068957,0.021159998,0.028431998,2.002200985,0,0.500000000
65.600625515,19872,2463,0,10807,9065,17405,548,176,178,60,118,8340,9065,204,344,2.081823636,2.742949298,41.218722269,238.111794526,5.494117737,2,0.000000000,nan,nan,0.000000000,3.219116013,1.726793940,0.019212021,0.029030954,1.858130039,0,0.500000000
65.699169159,19872,2750,0,10802,9070,17118,552,181,180,62,118,8048,9070,205,347,2.093869118,2.742119751,39.885404486,239.151439658,28.509378433,7,1.000000000,nan,nan,0.000000000,7.308272994,3.321555967,0.034009980,0.038518978,3.551497008,0,0.500000000
65.798894167,19584,2513,0,10542,9042,17067,546,176,182,61,121,8025,9042,202,344,2.080311548,2.761007624,44.807967483,242.938555995,55.748462677,6,1.000000000,nan,nan,0.000000000,8.726425993,2.652878058,0.019175990,0.019337982,2.783661010,0,0.500000000
65.897975922,20640,2895,0,11455,9185,17741,562,181,181,60,121,8557,9184,203,359,2.034400105,2.800320286,38.029947945,250.553240339,19.788742065,14,1.000000000,nan,nan,0.000000000,15.885330969,7.974171021,0.087273947,0.097521988,8.525631041,0,0.500000000
65.999485493,19488,2294,0,10491,8997,17741,562,181,182,60,122,8557,9184,203,359,2.034400105,2.800320286,38.545540930,247.845304102,nan,nan,nan,nan,nan,0.000000000,6.991247006,4.742976103,0.035467092,0.022646971,4.984821018,0,0.500000000
66.099230766,20256,2743,0,11091,9165,17741,562,182,182,60,122,8557,9184,203,359,2.034400105,2.800320286,38.518154596,247.807096435,nan,nan,nan,nan,nan,0.000000000,4.465879989,3.473785997,0.023578003,0.062691979,3.646986035,0,0.500000000
66.199290752,19584,2230,0,10532,9052,17350,550,174,180,61,119,8300,9050,195,355,1.987732407,2.813788263,43.276053718,220.411918268,nan,1,nan,nan,nan,0.000000000,6.776802999,3.149533004,0.032188022,0.038609025,3.365322016,0,0.500000000
66.298868656,19968,2679,0,10939,9029,17350,550,179,179,62,117,8300,9050,195,355,1.987732407,2.813788263,41.219322208,222.449938508,nan,nan,nan,nan,nan,0.000000000,2.505745972,1.696457912,0.018807012,0.023743021,1.830136986,0,0.500000000
66.398801327,20160,2796,0,11060,9100,17350,550,179,178,62,116,8300,9050,195,355,1.987732407,2.813788263,40.940161589,221.161408529,nan,nan,nan,nan,nan,0.000000000,4.546489043,2.886579023,0.029266113,0.029882998,3.084124997,0,0.500000000
66.500352859,19200,2769,0,10289,8911,17350,550,178,178,62,116,8300,9050,195,355,1.987732407,2.813788263,40.907021405,222.071151655,nan,nan,nan,nan,nan,0.000000000,3.062178963,2.098161029,0.018787978,0.024836976,2.227007993,0,0.500000000
66.598575354,19680,2786,0,10893,8787,16890,521,150,178,50,128,8106,8784,178,343,1.915207407,2.857273510,37.823536306,215.281425292,5.169630051,2,0.000000000,nan,nan,0.000000000,10.667281982,5.062267999,0.049352122,0.052638992,5.418093991,0,0.500000000
66.694444656,21120,3103,0,11362,9758,18013,547,172,166,46,120,8259,9754,174,373,1.898260526,2.822413872,37.259856948,200.492160824,25.716304779,4,1.000000000,nan,nan,0.000000000,4.454308015,2.202694013,0.024578010,0.030991971,2.365896013,0,0.500000000
66.799489260,20064,2890,0,10963,9101,17170,535,165,174,42,132,8073,9097,160,375,1.839231876,2.879021672,37.185116815,188.885402679,85.712909698,3,1.000000000,nan,nan,0.000000000,7.133022998,3.212748969,0.032519922,0.039679988,3.442163987,0,0.500000000
66.900285006,20160,3213,0,11074,9086,16943,519,164,170,47,123,7857,9086,155,364,1.885705435,2.854613637,34.930171934,208.731442274,38.546562195,4,1.000000000,nan,nan,0.000000000,13.486815034,7.666897087,0.084106985,0.111334957,8.259266033,0,0.500000000
67.000377893,19968,2994,0,10920,9048,16970,540,179,178,46,132,7922,9048,165,375,1.846884670,2.863706120,39.422296730,189.137425310,51.007986069,6,1.000000000,nan,nan,0.000000000,8.691574039,2.545650932,0.019396073,0.029932999,2.698901983,0,0.500000000
67.099074602,20256,3332,0,10936,9320,16920,534,179,164,41,123,7600,9320,176,358,1.870659510,2.857103511,36.494278436,169.509782235,39.935112000,3,1.000000000,nan,nan,0.000000000,11.999856040,6.606167008,0.079602061,0.070131035,7.127983961,0,0.500000000
67.200365305,20064,3178,0,10915,9149,16882,530,164,169,43,126,7737,9145,176,354,1.836080872,2.849422114,34.596824850,191.863346394,5.005598068,2,0.000000000,nan,nan,0.000000000,6.645203975,3.061577037,0.032764976,0.036170997,3.292581008,0,0.500000000
67.300474167,20256,3490,0,11093,9163,16882,530,168,167,42,125,7737,9145,176,354,1.836080872,2.849422114,36.985693477,181.107953084,nan,nan,nan,nan,nan,0.000000000,8.380328014,6.268263038,0.078395009,0.079052988,6.815697008,0,0.500000000
67.400472164,19968,3350,0,11011,8957,16614,523,173,174,38,136,7657,8957,161,362,1.825562124,2.855117888,42.505350894,186.603671321,nan,1,nan,nan,nan,0.000000000,9.949762956,4.867203941,0.053071999,0.059282989,5.217539030,0,0.500000000
67.499665260,19776,3632,0,10814,8962,16140,510,166,167,34,133,7178,8962,147,363,1.827115165,2.848723402,39.116594575,200.227626278,5.616903305,2,0.000000000,nan,nan,0.000000000,6.408938032,3.809343965,0.046477013,0.064530992,4.131112946,0,0.500000000
67.600514650,20256,3543,0,11348,8908,16709,495,157,163,34,129,7801,8908,147,348,1.812307708,2.862193905,37.354540910,167.485398515,5.508661270,2,0.000000000,nan,nan,0.000000000,9.234960016,3.986178956,0.039961014,0.064578024,4.274963983,0,0.500000000
67.699332952,20064,3763,0,11101,8963,16297,484,152,151,31,120,7334,8963,141,343,1.809193721,2.861992446,33.363620373,137.481376842,6.596088409,3,0.000000000,nan,nan,0.000000000,8.557775989,3.730413096,0.041896012,0.046065950,4.033364006,0,0.500000000
67.800007820,20064,3752,0,11163,8901,16308,493,151,154,40,114,7411,8897,145,348,1.793196606,2.872659666,31.336441879,157.116042603,99.182367325,3,1.000000000,nan,nan,0.000000000,10.957010963,4.867851036,0.046126952,0.046928006,5.199620035,0,0.500000000
67.900454521,19968,3758,0,11217,8751,16206,480,140,151,31,120,7462,8744,139,341,1.768085508,2.863623098,31.880012003,154.263341557,29.829025269,2,1.000000000,nan,nan,0.000000000,10.820125986,5.320576020,0.048879010,0.054187025,5.692353996,0,0.500000000
67.999044180,19968,3776,0,11197,8771,16206,480,149,147,31,116,7462,8744,139,341,1.768085508,2.863623098,30.245388651,149.913294754,nan,nan,nan,nan,nan,0.000000000,4.515052016,2.545250987,0.025886984,0.033075048,2.736987022,0,0.500000000
68.100529671,20160,3939,0,11618,8542,16206,480,149,148,30,118,7462,8744,139,341,1.768085508,2.863623098,31.942546263,142.365640853,nan,nan,nan,nan,nan,0.000000000,4.324565991,2.652694995,0.026314985,0.021622982,2.847874013,0,0.500000000
68.200399399,19968,4003,0,11449,8519,15961,518,151,154,42,112,7519,8442,170,348,1.793286665,2.856474018,32.835010860,142.975567268,59.128522873,6,1.000000000,nan,nan,0.000000000,5.616280017,3.151473007,0.033139891,0.081300037,3.391832986,0,0.500000000
68.301699877,19680,3964,0,11354,8326,15961,518,150,152,37,115,7519,8442,170,348,1.793286665,2.856474018,32.323720658,135.155159999,nan,nan,nan,nan,nan,0.000000000,4.876257968,3.393224964,0.037821010,0.056290010,3.668438003,0,0.500000000
68.399359465,20160,4204,0,11866,8294,15952,533,165,159,40,119,7712,8240,187,346,1.872309371,2.729991898,34.722022391,149.243336625,nan,1,nan,nan,nan,0.000000000,6.384241977,3.571441979,0.040225044,0.064954977,3.855991003,0,0.500000000
68.498829365,20160,4122,0,11970,8190,16034,537,173,177,48,129,7883,8151,197,340,1.762614209,2.648327172,43.756649533,141.725814987,2.649545670,2,0.000000000,nan,nan,0.000000000,8.829609957,4.055276979,0.055323995,0.112668029,4.435664974,0,0.500000000
68.601121902,19968,4311,0,11741,8227,16034,537,174,174,51,123,7883,8151,197,340,1.762614209,2.648327172,42.273934116,135.644877866,nan,nan,nan,nan,nan,0.000000000,8.419660036,5.523066968,0.054101984,0.056078017,5.891088978,0,0.500000000
68.700265169,19968,4152,0,11810,8158,15812,537,154,159,49,110,7669,8143,209,328,1.840250272,2.539528515,40.371970995,141.115639554,4.970073700,2,0.000000000,nan,nan,0.000000000,13.967214967,7.634798938,0.075503951,0.099240977,8.174521965,0,0.500000000
68.799585104,19968,4273,0,11586,8382,15691,535,176,167,56,111,7314,8377,210,325,1.992109517,2.378535947,40.044899376,198.976636349,nan,1,nan,nan,nan,0.000000000,7.411375991,3.665707947,0.037231017,0.046020024,3.918758011,0,0.500000000
68.899623871,20064,4228,0,11720,8344,15832,507,160,161,48,113,7490,8342,213,294,1.981796995,2.372965709,36.077852234,137.676607740,nan,1,nan,nan,nan,0.000000000,8.063412970,3.599244985,0.036015932,0.047123001,3.856305964,0,0.500000000
68.999973297,19968,4325,0,11597,8371,15639,505,167,159,55,104,7268,8371,208,297,2.083105807,2.306019560,32.379309880,161.696689002,34.250974655,6,1.000000000,nan,nan,0.000000000,8.177171985,2.665059990,0.018806022,0.033856952,2.802397008,0,0.500000000
69.201418161,20064,4539,0,11808,8256,15521,493,155,160,52,108,7265,8256,196,297,2.057464725,2.335224207,37.681223002,162.990294234,39.930582047,4,1.000000000,nan,nan,0.000000000,11.467159959,5.474944948,0.054737960,0.049632974,5.874926981,0,0.500000000
69.300423861,19968,4516,0,11751,8217,15448,507,161,163,62,101,7235,8213,213,294,2.044540649,2.320131458,37.830660938,171.396611412,9.969472885,3,0.000000000,nan,nan,0.000000000,8.486263047,3.027903906,0.017434009,0.026294030,3.153827973,0,0.500000000
69.401113033,19968,4611,0,11732,8236,15353,503,158,161,57,104,7121,8232,209,294,2.062588938,2.284516427,35.751583570,151.091972955,5.601644516,2,0.000000000,nan,nan,0.000000000,7.140594011,3.745716996,0.040366955,0.025624002,4.018141946,0,0.500000000
69.500377178,19968,4478,0,11727,8241,15486,489,150,151,55,96,7248,8238,212,277,2.081477102,2.284656540,33.165263511,170.924365031,40.187597275,6,1.000000000,nan,nan,0.000000000,9.274513985,3.831873997,0.036953017,0.053514028,4.105491971,0,0.500000000
69.601641655,19680,4539,0,11797,7883,15137,504,147,153,48,105,7258,7879,212,292,2.081685629,2.240930805,34.551754052,150.963581986,nan,1,nan,nan,nan,0.000000000,4.518323985,2.640922961,0.029827992,0.040899962,2.873645979,0,0.500000000
69.699324608,19968,4566,0,11723,8245,15398,504,145,160,62,98,7157,8241,222,282,2.101844001,2.179399237,38.146688109,150.386514605,20.091295242,2,1.000000000,nan,nan,0.000000000,7.683580974,3.519065969,0.034272904,0.047934998,3.775738995,0,0.500000000
69.798166513,20352,4624,0,11883,8469,15398,504,154,154,60,94,7157,8241,222,282,2.101844001,2.179399237,38.183255247,141.879915212,nan,nan,nan,nan,nan,0.000000000,3.280144010,2.333799959,0.025833957,0.030041963,2.528569021,0,0.500000000
69.901707172,19968,4641,0,11800,8168,15398,504,155,155,61,94,7157,8241,222,282,2.101844001,2.179399237,38.068181190,141.591440413,nan,nan,nan,nan,nan,0.000000000,9.417864028,6.911655015,0.058914011,0.078751997,7.322316000,0,0.500000000
69.998957157,19872,4572,0,11881,7991,15398,504,155,155,61,94,7157,8241,222,282,2.101844001,2.179399237,38.068181190,141.590730766,nan,nan,nan,nan,nan,0.000000000,10.708819027,6.116805947,0.044871995,0.018141000,6.449232984,0,0.500000000
70.099856853,20160,4553,0,12067,8093,15398,504,155,154,60,94,7157,8241,222,282,2.101844001,2.179399237,38.055283260,141.588395792,nan,nan,nan,nan,nan,0.000000000,2.792101994,1.496971934,0.012704986,0.018108985,1.572960988,0,0.500000000
70.200633287,19584,4503,0,11753,7831,15398,504,155,154,60,94,7157,8241,222,282,2.101844001,2.179399237,38.055283260,141.585939234,nan,nan,nan,nan,nan,0.000000000,6.551745988,4.883461981,0.030088006,0.060378981,5.114839994,0,0.500000000
70.298967123,20352,4655,0,12337,8015,15693,486,157,144,61,83,7678,8015,212,274,2.096598903,2.060178140,28.138998437,174.745608314,34.513235092,2,1.000000000,nan,nan,0.000000000,6.063436973,2.991227026,0.029532006,0.037973979,3.214821976,0,0.500000000
70.399184704,20160,4510,0,12250,7910,15646,478,135,137,53,84,7736,7910,220,258,2.011845929,2.093729313,26.211900742,156.654104606,nan,1,nan,nan,nan,0.000000000,3.878834017,1.859451062,0.017602986,0.019259052,1.995861996,0,0.500000000
70.502517223,19968,4601,0,12080,7888,15363,477,147,149,60,89,7479,7884,210,267,2.123587790,2.081391141,30.239888272,162.179607511,65.234422684,3,1.000000000,nan,nan,0.000000000,8.954335004,4.991956986,0.056002988,0.075221003,5.413293024,0,0.500000000
70.600307941,19968,4577,0,12413,7555,15387,466,147,145,64,81,7838,7549,215,251,2.033914852,2.125106067,32.490183580,167.940617224,4.948139191,2,0.000000000,nan,nan,0.000000000,8.670228010,3.724722075,0.016163976,0.024300010,3.851385030,0,0.500000000
70.703766584,19968,4609,0,12323,7645,15355,474,138,135,58,77,7716,7639,209,265,2.069369755,2.114311715,27.099170518,171.751513740,nan,1,nan,nan,nan,0.000000000,8.627523028,3.298356023,0.016052043,0.016195001,3.422720998,0,0.500000000
70.800283670,19968,4571,0,12526,7442,15393,460,136,137,55,82,7954,7439,208,252,2.043838308,2.137957442,27.099294786,169.364168966,29.938220978,5,1.000000000,nan,nan,0.000000000,8.162950980,4.588175041,0.048341986,0.057104044,4.962613981,0,0.500000000
70.899016142,20160,4582,0,12720,7440,15393,460,139,138,55,83,7954,7439,208,252,2.043838308,2.137957442,26.836896464,168.003403918,nan,nan,nan,nan,nan,0.000000000,6.425733969,4.414759984,0.045928988,0.068519032,4.777722992,0,0.500000000
71.000465155,19968,4530,0,12607,7361,15434,433,137,134,59,75,8073,7361,202,231,1.992922961,2.149197778,29.571046603,172.959372815,45.013189316,5,1.000000000,nan,nan,0.000000000,10.597957997,4.798670998,0.045115012,0.039705017,5.149468954,0,0.500000000
71.101853609,19680,4201,0,12261,7419,15475,436,126,127,54,73,8058,7417,203,233,1.961865157,2.061496939,23.926930401,189.044633228,nan,1,nan,nan,nan,0.000000000,12.428538990,6.502206961,0.064863008,0.063639018,7.040741970,0,0.500000000
71.198807716,20256,4341,0,12652,7604,15911,435,125,128,52,76,8308,7603,205,230,1.941031148,2.049167049,25.027072685,172.674984858,9.152889252,2,0.000000000,nan,nan,0.000000000,5.501682987,2.339323983,0.022558030,0.030841038,2.523768984,0,0.500000000
71.299491167,19968,4041,0,12464,7504,15911,435,130,128,50,78,8308,7603,205,230,1.941031148,2.049167049,25.015155613,170.206519596,nan,nan,nan,nan,nan,0.000000000,3.227276029,2.204373945,0.023472065,0.030249008,2.397251024,0,0.500000000
71.404390574,19776,3795,0,12206,7570,15911,435,128,127,49,78,8308,7603,205,230,1.941031148,2.049167049,24.833752355,167.112713957,nan,nan,nan,nan,nan,0.000000000,7.563756022,4.926129070,0.039420032,0.074328971,5.280883983,0,0.500000000
71.499050856,19968,4050,0,12560,7408,15914,435,126,123,59,64,8506,7408,201,234,1.841407599,2.205442138,23.428032130,163.697408944,35.667181015,2,1.000000000,nan,nan,0.000000000,5.302061967,2.277551044,0.021576067,0.028120005,2.456051006,0,0.500000000
71.600418329,19968,4082,0,12568,7400,15882,440,119,118,48,70,8482,7400,200,240,1.799551434,2.227177575,23.500742654,169.348673091,5.798816681,2,0.000000000,nan,nan,0.000000000,10.542769975,6.177453964,0.060965889,0.085095002,6.704522995,0,0.500000000
71.699043274,19584,3978,0,11946,7638,15602,453,140,138,65,73,7964,7638,206,247,1.963497905,1.921208891,26.417706900,194.624992415,5.440950394,2,0.000000000,nan,nan,0.000000000,12.427743990,6.064579065,0.062581967,0.072339026,6.549974030,0,0.500000000
71.799089909,20352,3988,0,12834,7518,16360,440,117,123,50,73,8842,7518,204,236,1.619491608,1.949487100,22.478821638,176.645990157,81.260681152,2,1.000000000,nan,nan,0.000000000,4.540989990,2.039710060,0.019174011,0.025588961,2.211990999,0,0.500000000
71.901813507,19968,3888,0,12113,7855,16076,441,141,137,57,80,8225,7851,201,240,1.774877196,1.762901345,27.905203332,191.811480110,nan,1,nan,nan,nan,0.000000000,5.522374995,2.870938974,0.032896001,0.119921984,3.119916015,0,0.500000000
72.000375509,19968,3700,0,12288,7680,16264,450,116,121,55,66,8588,7676,206,244,1.620053733,1.949026764,23.456131393,181.629185964,nan,1,nan,nan,nan,0.000000000,5.739736021,2.520889102,0.021316984,0.023712055,2.708310029,0,0.500000000
72.100839376,19968,3723,0,11958,8010,16241,448,128,130,54,76,8235,8006,209,239,1.708190239,1.705453415,25.640391164,180.576162592,29.857397079,3,1.000000000,nan,nan,0.000000000,7.632760040,2.920643019,0.026169000,0.017691986,3.123631002,0,0.500000000
72.199387312,19968,3628,0,12170,7798,16336,454,120,131,60,71,8542,7794,209,245,1.580944109,1.937354760,27.812828097,195.906623300,49.653053284,3,1.000000000,nan,nan,0.000000000,11.246474984,4.899594991,0.042147934,0.044073968,5.250088987,0,0.500000000
72.299293041,19392,3524,0,11676,7716,16336,454,131,130,60,70,8542,7794,209,245,1.580944109,1.937354760,27.800390446,191.115133139,nan,nan,nan,nan,nan,0.000000000,3.940268012,2.512431063,0.023265020,0.024919980,2.703657956,0,0.500000000
72.398571014,20736,3635,0,12394,8342,17097,448,130,136,60,76,8755,8342,207,241,1.499328513,1.784545163,27.245075697,212.970752990,nan,1,nan,nan,nan,0.000000000,4.685059015,1.409383956,0.015021011,0.021883985,1.526059001,0,0.500000000
72.500315189,19776,3338,0,11549,8227,17097,448,134,134,60,74,8755,8342,207,241,1.499328513,1.784545163,27.419211641,212.248561767,nan,nan,nan,nan,nan,0.000000000,9.519753978,6.529646984,0.068577006,0.112371985,7.081367017,0,0.500000000
72.600556374,19968,3444,0,11957,8011,17097,448,134,134,60,74,8755,8342,207,241,1.499328513,1.784545163,27.416880530,212.697215129,nan,nan,nan,nan,nan,0.000000000,10.112657968,6.690540991,0.067287998,0.085762003,7.234139019,0,0.500000000
72.700215578,19584,3180,0,11482,8102,17097,448,134,134,60,74,8755,8342,207,241,1.499328513,1.784545163,27.416880222,212.709077930,nan,nan,nan,nan,nan,0.000000000,6.489146966,3.983563976,0.030228985,0.040266954,4.222521966,0,0.500000000
72.799827576,20064,3486,0,11922,8142,16574,419,121,118,51,67,8435,8139,183,236,1.455351802,1.650575969,27.648440995,180.235241850,30.002832413,4,1.000000000,nan,nan,0.000000000,11.408024002,4.655639001,0.042714993,0.038837024,5.007493019,0,0.500000000
72.900690317,20064,3246,0,11933,8131,16814,415,121,112,47,65,8683,8131,178,237,1.409844691,1.643464980,23.600601070,191.811330896,nan,1,nan,nan,nan,0.000000000,12.388439965,5.932746979,0.055900018,0.066219014,6.406060013,0,0.500000000
72.999661922,20064,3520,0,11985,8079,16540,424,120,117,43,74,8461,8079,181,243,1.401997902,1.626079342,24.095079722,183.247047924,43.850660324,3,1.000000000,nan,nan,0.000000000,2.761281969,1.330983010,0.012827048,0.021902961,1.439076033,0,0.500000000
73.101692438,19872,3116,0,11746,8126,16752,420,118,117,47,70,8626,8126,177,243,1.329870651,1.601965021,21.824848645,187.292896336,74.217081070,4,1.000000000,nan,nan,0.000000000,9.933721973,5.130384990,0.047915964,0.074195035,5.540726997,0,0.500000000
73.198687077,20160,3470,0,11797,8363,16686,425,135,124,55,69,8323,8363,182,243,1.362155966,1.607360887,23.229921801,223.152328283,14.700174332,3,0.000000000,nan,nan,0.000000000,11.387395032,6.242092000,0.067803019,0.121886958,6.793784967,0,0.500000000
73.299218416,19584,2993,0,11540,8044,16686,425,124,126,58,68,8323,8363,182,243,1.362155966,1.607360887,24.070943386,222.554069689,nan,nan,nan,nan,nan,0.000000000,8.190732973,5.038413976,0.044911983,0.058836013,5.409720994,0,0.500000000
73.398747206,20160,3380,0,11746,8414,16776,426,127,126,56,70,8362,8414,180,246,1.313327672,1.646378771,24.544056235,235.751294810,35.428762436,4,1.000000000,nan,nan,0.000000000,11.062945006,4.245428077,0.041220977,0.050977978,4.580828012,0,0.500000000
73.498808146,20160,3015,0,11696,8464,17141,411,110,113,48,65,8680,8461,173,238,1.225222238,1.713692251,22.247967703,210.282536581,39.556264877,4,1.000000000,nan,nan,0.000000000,3.978464985,2.167090075,0.020106032,0.058505044,2.340013976,0,0.500000000
73.600301266,20064,3244,0,11539,8525,16816,427,120,119,53,66,8295,8521,181,246,1.245491493,1.669032008,23.064492658,215.153164074,30.087947845,3,1.000000000,nan,nan,0.000000000,10.330468998,5.822971929,0.059807964,0.098154007,6.326875999,0,0.500000000
73.700416565,19584,2966,0,11524,8060,16816,427,117,117,52,65,8295,8521,181,246,1.245491493,1.669032008,22.128991828,208.038515232,nan,nan,nan,nan,nan,0.000000000,5.946960999,3.677416011,0.031699077,0.047849026,3.959343012,0,0.500000000
73.801369667,20352,3110,0,11572,8780,16816,427,114,114,52,62,8295,8521,181,246,1.245491493,1.669032008,21.621993010,207.533349596,nan,nan,nan,nan,nan,0.000000000,3.267648979,2.066015964,0.017906015,0.033980992,2.224327007,0,0.500000000
73.900212765,19296,2954,0,11223,8073,16816,427,115,117,53,64,8295,8521,181,246,1.245491493,1.669032008,22.359366690,210.122381599,nan,nan,nan,nan,nan,0.000000000,3.574390023,2.455651003,0.019811967,0.048304035,2.633097989,0,0.500000000
73.999001741,20544,2983,0,11599,8945,17557,423,125,128,58,70,8616,8941,190,233,1.186103053,1.677361039,28.270171445,256.726523398,20.008802414,5,1.000000000,nan,nan,0.000000000,12.757436023,5.916660069,0.061464030,0.083282008,6.406561006,0,0.500000000
74.098953009,20064,3142,0,11712,8352,17557,423,129,126,59,67,8616,8941,190,233,1.186103053,1.677361039,25.008258253,251.402171550,nan,nan,nan,nan,nan,0.000000000,6.587952026,4.352719930,0.049276045,0.051819952,4.751898989,0,0.500000000
74.200475216,19968,2803,0,11179,8789,17161,406,122,119,53,66,8374,8787,175,231,1.127485482,1.714375648,22.362996129,286.625903859,74.326276779,3,1.000000000,nan,nan,0.000000000,11.908395973,4.547268036,0.044448010,0.062610023,4.915039986,0,0.500000000
74.298894882,20160,3204,0,11528,8632,16952,405,111,108,41,67,8324,8628,174,231,1.153051592,1.740910493,22.215789852,212.714343671,9.980678558,3,0.000000000,nan,nan,0.000000000,5.883715989,2.532579994,0.023583067,0.039058039,2.735522983,0,0.500000000
74.399394989,19968,2810,0,11224,8744,17154,402,110,115,55,60,8414,8740,172,230,1.105115807,1.746864620,21.303885156,265.140273184,15.434741974,2,1.000000000,nan,nan,0.000000000,8.547667996,3.201231943,0.028877053,0.044479966,3.450958990,0,0.500000000
74.500290871,20256,3237,0,11769,8487,17015,397,106,108,45,63,8532,8483,162,235,1.140021527,1.778501290,19.748184018,211.102647667,24.602174759,3,1.000000000,nan,nan,0.000000000,3.361267038,1.529023051,0.015003025,0.029146031,1.668712997,0,0.500000000
74.600585699,19680,2759,0,11015,8665,17015,397,107,105,43,62,8532,8483,162,235,1.140021527,1.778501290,19.755527040,211.522099830,nan,nan,nan,nan,nan,0.000000000,2.446227008,1.515539014,0.014218967,0.020519015,1.652712992,0,0.500000000
74.701483727,20160,3145,0,11651,8509,17011,409,107,106,42,64,8502,8509,176,233,1.118021002,1.816232582,18.109370681,233.993719335,46.262979507,3,1.000000000,nan,nan,0.000000000,11.772404017,5.119678041,0.044147950,0.057411031,5.528867943,0,0.500000000
74.799350023,19680,2865,0,11094,8586,16811,407,116,109,42,67,8225,8586,175,232,1.076567237,1.767018093,20.898725708,268.966741134,29.211759567,3,1.000000000,nan,nan,0.000000000,8.373412013,3.116958949,0.029760995,0.053744996,3.375029017,0,0.500000000
74.899602652,20352,3143,0,11666,8686,17205,404,111,116,46,70,8519,8686,175,229,1.121110187,1.704360847,21.407083629,179.302232762,75.612068176,7,1.000000000,nan,nan,0.000000000,8.526494959,2.266691998,0.012569013,0.015965023,2.376536024,0,0.500000000
75.000272036,19872,2954,0,11379,8493,17205,404,122,122,50,72,8519,8686,175,229,1.121110187,1.704360847,22.898144240,194.755204577,nan,nan,nan,nan,nan,0.000000000,7.989340986,5.605038896,0.059789978,0.091828988,6.116962002,0,0.500000000
75.099068403,20160,3194,0,11337,8823,17205,404,124,125,53,72,8519,8686,175,229,1.121110187,1.704360847,24.055557135,209.110642306,nan,nan,nan,nan,nan,0.000000000,3.429285018,2.531874983,0.031461939,0.033212011,2.786302997,0,0.500000000
75.199396372,20064,3051,0,11507,8557,17009,435,103,123,43,80,8456,8553,185,250,1.152609838,1.693054364,24.264831107,261.540738469,6.040096283,5,0.000000000,nan,nan,0.000000000,10.073389043,4.029603035,0.032534008,0.054611999,4.328718991,0,0.500000000
75.300738811,19488,3089,0,11242,8246,17009,435,125,126,46,80,8456,8553,185,250,1.152609838,1.693054364,26.202816845,232.508150698,nan,nan,nan,nan,nan,0.000000000,3.911904001,2.565511037,0.024998037,0.041283027,2.769894025,0,0.500000000
75.399556160,20448,3169,0,11666,8782,17009,435,126,123,45,78,8456,8553,185,250,1.152609838,1.693054364,25.079128373,235.930625922,nan,nan,nan,nan,nan,0.000000000,6.709273963,4.732192028,0.048907008,0.089199049,5.136594002,0,0.500000000
75.499520302,20064,3161,0,11363,8701,16899,413,108,133,53,80,8198,8701,172,241,1.183336100,1.590218539,25.242913844,233.367507453,nan,1,nan,nan,nan,0.000000000,7.510664989,2.845898038,0.027156959,0.045453024,3.073779983,0,0.500000000
75.600327730,19488,3246,0,11096,8392,16899,413,129,131,51,80,8198,8701,172,241,1.183336100,1.590218539,23.178773870,216.704461911,nan,nan,nan,nan,nan,0.000000000,7.037481002,4.101226979,0.048483023,0.066948996,4.488295992,0,0.500000000
75.698076963,20544,3197,0,11694,8850,17343,414,117,122,49,73,8497,8846,176,238,1.142495944,1.597198969,20.815448858,175.666262543,20.054817200,2,1.000000000,nan,nan,0.000000000,11.060132005,5.124754971,0.052572985,0.173432985,5.568490014,0,0.500000000
75.800332785,20064,3371,0,11419,8645,17343,414,121,118,44,74,8497,8846,176,238,1.142495944,1.597198969,18.551664014,173.386969968,nan,nan,nan,nan,nan,0.000000000,6.090365991,3.629172978,0.033811957,0.035649980,3.907461010,0,0.500000000
75.900324106,19872,3158,0,11152,8720,17343,414,121,119,44,75,8497,8846,176,238,1.142495944,1.597198969,19.506452626,173.662464748,nan,nan,nan,nan,nan,0.000000000,3.144329006,1.917522051,0.018422958,0.017745944,2.071021008,0,0.500000000
75.999215603,20064,3474,0,11457,8607,16586,430,125,130,46,84,7985,8601,172,258,1.171204911,1.695965556,21.098738584,182.863715903,125.513315201,9,1.000000000,nan,nan,0.000000000,9.907324042,4.857490072,0.051423034,0.064756023,5.275443022,0,0.500000000
76.099190950,19872,2952,0,11190,8682,16916,434,129,129,48,81,8249,8667,172,262,1.160889718,1.605673661,22.884822065,175.083348582,8.433818817,4,0.000000000,nan,nan,0.000000000,5.746640963,2.363651060,0.025565911,0.050687988,2.548525983,0,0.500000000
76.200381994,19680,2829,0,10977,8703,16847,453,140,138,55,83,8156,8691,180,273,1.164834939,1.631525616,21.283464944,196.875511692,95.753669739,10,1.000000000,nan,nan,0.000000000,8.878151013,4.784612043,0.053529046,0.065721979,5.190241034,0,0.500000000
76.299347878,19200,3017,0,10774,8426,16179,452,150,143,52,91,7761,8418,172,280,1.191387819,1.622351223,22.531649430,170.969339479,5.198240280,2,0.000000000,nan,nan,0.000000000,8.165782026,3.509768983,0.046583009,0.029000978,3.844310006,0,0.500000000
76.397812843,20448,3492,0,11909,8539,16952,481,140,136,45,91,8432,8520,183,298,1.196115731,1.627704800,24.346577260,165.501044492,54.373502731,3,1.000000000,nan,nan,0.000000000,3.057940979,1.509875932,0.014893943,0.030390976,1.627318969,0,0.500000000
76.499109983,20352,3557,0,11485,8867,16791,478,154,138,52,86,7926,8865,183,295,1.249969386,1.594401488,24.454460183,181.065976954,64.426660538,4,1.000000000,nan,nan,0.000000000,10.687222006,5.402565002,0.054394011,0.075370015,5.792964017,0,0.500000000
76.599665165,20064,3513,0,11589,8475,16547,435,131,126,45,81,8086,8461,171,264,1.199251218,1.615156084,24.172929580,174.976236677,44.621229172,8,1.000000000,nan,nan,0.000000000,10.010904982,5.677637004,0.062471023,0.068835041,6.176444003,0,0.500000000
76.700184345,20064,3655,0,11633,8431,16405,431,128,125,47,78,7979,8426,172,259,1.290225550,1.625247978,22.130062063,157.557286596,5.008935928,3,0.000000000,nan,nan,0.000000000,6.474059017,3.226055007,0.033106015,0.057676982,3.496314981,0,0.500000000
76.799332619,20160,3621,0,11909,8251,16405,431,128,127,48,79,7979,8426,172,259,1.290225550,1.625247978,23.081143684,159.759652294,nan,nan,nan,nan,nan,0.000000000,9.101964009,6.219235016,0.068227062,0.109723012,6.781916018,0,0.500000000
76.899311781,19776,3559,0,11251,8525,16213,420,127,123,46,77,7694,8519,168,252,1.263009604,1.575405385,26.536167792,157.919604182,28.997898102,4,1.000000000,nan,nan,0.000000000,5.873269984,2.273250022,0.022532942,0.037458027,2.458559989,0,0.500000000
77.001986265,19776,3717,0,11615,8161,16213,420,124,124,49,75,7694,8519,168,252,1.263009604,1.575405385,24.240233714,161.713734550,nan,nan,nan,nan,nan,0.000000000,5.038454023,3.434633021,0.038541039,0.054044009,3.751718963,0,0.500000000
77.099016666,20064,3663,0,11556,8508,16397,423,128,120,39,81,7897,8500,160,263,1.249996050,1.558344006,24.028190168,146.592901505,nan,1,nan,nan,nan,0.000000000,7.282255043,4.133951850,0.045649009,0.058558013,4.513398046,0,0.500000000
77.200118780,20448,3814,0,11846,8602,16630,431,129,129,42,87,8034,8596,155,276,1.195094760,1.567678717,23.233459232,192.840161932,30.090808868,3,1.000000000,nan,nan,0.000000000,7.870223024,3.197309037,0.030939060,0.055520970,3.451301018,0,0.500000000
77.298878431,19776,3794,0,11439,8337,15978,424,126,119,41,78,7646,8332,151,273,1.239402996,1.556537009,24.379076667,151.653019260,4.465818405,2,0.000000000,nan,nan,0.000000000,9.507815994,5.391401995,0.058245030,0.091369962,5.889240012,0,0.500000000
77.399630070,20352,3915,0,11839,8513,16433,435,122,126,39,87,7924,8509,159,276,1.252740188,1.593955102,21.943499269,146.802583585,90.502023697,6,1.000000000,nan,nan,0.000000000,4.132203001,2.140453958,0.023238885,0.038876024,2.334139019,0,0.500000000
77.500190735,20064,3911,0,11668,8396,16149,420,128,132,46,86,7754,8395,154,266,1.285225063,1.572089406,19.521190601,156.308574363,8.737325668,25,0.000000000,nan,nan,0.000000000,8.963416039,4.506774014,0.054383010,0.067146029,4.941496998,0,0.500000000
77.602025032,20064,4121,0,11883,8181,15939,429,121,116,38,78,7758,8181,159,270,1.267751813,1.606102375,17.532927460,117.041953068,29.287815094,4,1.000000000,nan,nan,0.000000000,6.577196007,2.740021970,0.025398040,0.027358008,2.954235009,0,0.500000000
77.700295687,20064,4053,0,11620,8444,15939,429,117,115,37,78,7758,8181,159,270,1.267751813,1.606102375,18.110971778,116.791949978,nan,nan,nan,nan,nan,0.000000000,2.770046005,1.774868986,0.016845996,0.020130014,1.912673004,0,0.500000000
77.800263882,19296,4143,0,11248,8048,15149,423,117,121,36,85,7105,8044,154,269,1.374010499,1.625779497,21.704770380,131.640114783,9.949922562,3,0.000000000,nan,nan,0.000000000,8.605175011,4.143206053,0.038182014,0.057381985,4.475770984,0,0.500000000
77.900028944,20640,4110,0,12055,8585,16526,421,101,109,32,77,7941,8585,157,264,1.371816679,1.591561778,16.091619379,139.296710463,5.799293518,2,0.000000000,nan,nan,0.000000000,8.380717016,3.141653957,0.026309979,0.037923979,3.378581023,0,0.500000000
78.000253201,19872,4294,0,11752,8120,16526,421,112,109,34,75,7941,8585,157,264,1.371816679,1.591561778,14.532099678,136.392762690,nan,nan,nan,nan,nan,0.000000000,3.086590033,1.851825044,0.018300023,0.024252047,2.012554964,0,0.500000000
78.098809481,20160,4132,0,11694,8466,16024,417,99,110,38,72,7562,8462,156,261,1.419845749,1.573083294,16.337097197,160.498873851,3.287792206,2,0.000000000,nan,nan,0.000000000,5.724229966,2.430916997,0.020555919,0.029523973,2.620303014,0,0.500000000
78.199300289,19680,4305,0,11698,7982,15371,424,126,128,41,87,7389,7982,163,261,1.494382192,1.626154816,23.299928116,194.540887440,nan,1,nan,nan,nan,0.000000000,11.480621004,5.772431032,0.063065032,0.079392979,6.244698016,0,0.500000000
78.298898697,20448,4306,0,12081,8367,16138,411,121,120,46,74,7775,8363,154,257,1.492313677,1.574099728,22.729884612,179.078536756,69.795131683,4,1.000000000,nan,nan,0.000000000,6.093640986,3.113339015,0.031966018,0.046384986,3.380554961,0,0.500000000
78.400232553,19968,4444,0,11716,8252,15520,412,130,126,44,82,7268,8252,148,264,1.457846681,1.562594679,24.426539461,217.419840499,nan,1,nan,nan,nan,0.000000000,10.871818988,4.456742026,0.046083063,0.042959000,4.828368954,0,0.500000000
78.500729084,20064,4365,0,11780,8284,15695,407,132,122,40,82,7411,8284,152,255,1.344381994,1.553809106,22.492799219,207.986813639,5.272388458,2,0.000000000,nan,nan,0.000000000,5.360486044,2.906720969,0.034111028,0.055730983,3.180987958,0,0.500000000
78.603747129,19680,4313,0,11283,8397,15363,413,127,133,40,93,6970,8393,154,259,1.436757459,1.551172413,23.240534891,192.880643623,nan,1,nan,nan,nan,0.000000000,9.107291989,5.250303017,0.059664948,0.070687965,5.719916953,0,0.500000000
78.700628519,20256,4445,0,11684,8572,15807,421,127,133,45,88,7235,8572,151,270,1.286592780,1.616514746,22.092010434,194.911861360,79.558610916,3,1.000000000,nan,nan,0.000000000,11.565905006,5.322171957,0.039747974,0.043410982,5.764377012,0,0.500000000
78.800186872,20064,4484,0,11423,8641,15807,421,128,132,45,87,7235,8572,151,270,1.286592780,1.616514746,21.583874944,196.990819875,nan,nan,nan,nan,nan,0.000000000,3.505053057,2.304983966,0.026405964,0.038965023,2.519364003,0,0.500000000
78.900281668,19968,4529,0,11671,8297,15807,421,131,132,45,87,7235,8572,151,270,1.286592780,1.616514746,21.567732782,194.315846706,nan,nan,nan,nan,nan,0.000000000,8.622672001,5.967588979,0.071977964,0.083663967,6.555541011,0,0.500000000
78.999572039,19968,4747,0,11603,8365,15807,421,132,131,45,86,7235,8572,151,270,1.286592780,1.616514746,20.639995910,192.450130604,nan,nan,nan,nan,nan,0.000000000,6.922307017,4.136737960,0.041827967,0.054000993,4.468389030,0,0.500000000
79.099084616,20160,4785,0,12078,8082,15807,421,132,131,45,86,7235,8572,151,270,1.286592780,1.616514746,20.639995910,192.446055845,nan,nan,nan,nan,nan,0.000000000,2.819150977,1.775451936,0.018709048,0.019969011,1.922596013,0,0.500000000
79.200371742,19872,4809,0,11687,8185,15059,399,118,122,35,87,6955,8104,137,262,1.494722737,1.450544683,16.221330211,160.894698690,nan,1,nan,nan,nan,0.000000000,6.543563970,3.640652983,0.040090934,0.107324973,3.969340003,0,0.500000000
79.299236059,20064,4915,0,12092,7972,15145,397,110,115,36,79,7322,7823,137,260,1.465322444,1.486233453,17.874467533,169.543649129,88.614940643,3,1.000000000,nan,nan,0.000000000,5.960520008,2.408929053,0.024371082,0.034509983,2.616703976,0,0.500000000
79.400243998,20064,4914,0,11870,8194,15145,397,113,111,32,79,7322,7823,137,260,1.465322444,1.486233453,17.737916535,162.037607581,nan,nan,nan,nan,nan,0.000000000,3.680802009,2.457951952,0.026433030,0.032018987,2.703247999,0,0.500000000
79.501250744,19296,4940,0,11582,7714,14352,385,103,105,32,73,6853,7499,134,251,1.639773455,1.484347014,15.103103204,153.246863257,15.437364578,5,1.000000000,nan,nan,0.000000000,8.306451025,4.629026051,0.049281982,0.076932949,5.076417001,0,0.500000000
79.596365452,20448,5113,0,12458,7990,15331,382,102,105,38,67,7575,7756,139,243,1.575572648,1.365155288,19.767203985,177.247950198,20.293474197,2,1.000000000,nan,nan,0.000000000,10.035597021,5.458980042,0.058170001,0.114527997,6.014076003,0,0.500000000
79.698980808,20256,5177,0,12162,8094,15075,394,115,110,38,72,7245,7830,141,253,1.672930397,1.369893763,13.979962737,198.863035603,nan,1,nan,nan,nan,0.000000000,8.470719971,4.760001029,0.031391100,0.020821986,5.047020968,0,0.500000000
79.800174713,19968,5242,0,12295,7673,15075,394,113,113,40,73,7245,7830,141,253,1.672930397,1.369893763,14.725310163,191.299120586,nan,nan,nan,nan,nan,0.000000000,4.791678046,3.952775965,0.028762035,0.035744975,4.212817003,0,0.500000000
79.900202990,19392,5144,0,12065,7327,14244,388,119,116,43,73,7164,7080,144,244,1.755093197,1.369609263,20.020672307,176.663272613,36.730051041,4,1.000000000,nan,nan,0.000000000,11.500752997,5.675707012,0.060266932,0.063334999,6.182921003,0,0.500000000
79.998865843,20640,5413,0,12719,7921,15223,394,113,110,37,73,7583,7640,141,253,1.790748793,1.338978251,14.794720880,154.548607803,nan,1,nan,nan,nan,0.000000000,8.376644982,3.365719924,0.032926037,0.055229000,3.644050972,0,0.500000000
80.100319147,19968,5357,0,12262,7706,15223,394,116,118,43,75,7583,7640,141,253,1.790748793,1.338978251,17.583478147,165.655439945,nan,nan,nan,nan,nan,0.000000000,6.918384985,4.817395995,0.054893957,0.129912980,5.294473958,0,0.500000000
80.201314211,19776,5450,0,12338,7438,15223,394,118,119,43,76,7583,7640,141,253,1.790748793,1.338978251,17.603860071,165.581156355,nan,nan,nan,nan,nan,0.000000000,6.655776000,3.971327038,0.037566002,0.026291993,4.300922970,0,0.500000000
80.300913095,20160,5480,0,12441,7719,15223,394,116,116,40,76,7583,7640,141,253,1.790748793,1.338978251,16.558195249,152.562993753,nan,nan,nan,nan,nan,0.000000000,4.195008019,2.631531039,0.020402018,0.044271001,2.822948038,0,0.500000000
80.403100491,19968,5544,0,12538,7430,15223,394,118,119,43,76,7583,7640,141,253,1.790748793,1.338978251,18.503628776,156.289739696,nan,nan,nan,nan,nan,0.000000000,3.482153988,2.206253004,0.024060020,0.051230018,2.410440007,0,0.500000000
80.498659134,20064,5464,0,12247,7817,15223,394,116,117,41,76,7583,7640,141,253,1.790748793,1.338978251,17.607420177,153.454885590,nan,nan,nan,nan,nan,0.000000000,3.880292992,2.397969016,0.023584929,0.034335011,2.596635954,0,0.500000000
80.600174427,20064,5622,0,12584,7480,14438,399,94,116,58,58,7275,7163,164,235,1.999985515,1.446230269,22.880761752,250.728957437,105.609893799,2,1.000000000,nan,nan,0.000000000,6.565602031,3.104688018,0.030556985,0.148839958,3.372688021,0,0.500000000
80.700898170,20064,5498,0,12302,7762,14562,397,106,96,42,54,7167,7395,161,236,2.047201683,1.362062384,18.142290031,167.157843864,74.356794357,5,1.000000000,nan,nan,0.000000000,3.075239016,1.480964071,0.013096025,0.020911975,1.614328998,0,0.500000000
80.800213337,19968,5623,0,12617,7351,14341,388,118,112,53,59,7329,7012,160,228,2.123915307,1.456104886,18.737091484,212.507485124,30.359029770,14,1.000000000,nan,nan,0.000000000,9.870573995,3.929423983,0.038507977,0.079924997,4.256310989,0,0.500000000
80.900134087,19968,5459,0,12382,7586,14505,402,118,123,53,70,7300,7205,164,238,2.281590021,1.410281506,23.092871872,209.717115657,8.369684219,4,0.000000000,nan,nan,0.000000000,6.869347999,3.683500108,0.037897029,0.059975020,4.006702977,0,0.500000000
81.000433445,19968,5513,0,12584,7384,14451,408,117,115,52,63,7466,6985,165,243,2.253722293,1.460229048,17.833215384,246.721270395,9.660482407,3,0.000000000,nan,nan,0.000000000,8.253961045,3.174512996,0.012601085,0.023158966,3.288533946,0,0.500000000
81.102740526,20064,5515,0,12633,7431,14545,398,105,103,50,53,7525,7020,160,238,2.260799308,1.390406056,16.115954321,190.699095775,36.023855209,10,1.000000000,nan,nan,0.000000000,4.416707030,1.247955021,0.011502008,0.018557010,1.354737964,0,0.500000000
81.200168133,19968,5368,0,12506,7462,14596,415,108,119,55,64,7535,7061,169,246,2.264396421,1.329445346,18.940991554,192.076282854,44.073820114,12,1.000000000,nan,nan,0.000000000,7.161445974,3.149348078,0.027497008,0.037705991,3.388942976,0,0.500000000
81.302168131,19968,5392,0,12627,7341,14572,404,108,100,54,46,7604,6968,168,236,2.254542851,1.279369591,14.356476737,211.070194783,6.875753403,9,0.000000000,nan,nan,0.000000000,2.565608011,1.256325981,0.011662079,0.017429003,1.361083996,0,0.500000000
81.400138378,20064,5458,0,12728,7336,14572,404,106,105,55,50,7604,6968,168,236,2.254542851,1.279369591,13.854011835,206.550628975,nan,nan,nan,nan,nan,0.000000000,1.863679034,1.254471077,0.011428026,0.017051992,1.361326023,0,0.500000000
81.500145435,19968,5411,0,12801,7167,14572,404,105,107,57,50,7604,6968,168,236,2.254542851,1.279369591,15.088112391,208.534806323,nan,nan,nan,nan,nan,0.000000000,1.931338978,1.274889975,0.011660042,0.020992011,1.384575968,0,0.500000000
81.600290060,19968,5493,0,12786,7182,14572,404,106,107,57,50,7604,6968,168,236,2.254542851,1.279369591,15.047242347,209.722949151,nan,nan,nan,nan,nan,0.000000000,1.825460000,1.227111032,0.008878997,0.016640988,1.313257031,0,0.500000000
81.700265646,19968,5469,0,12765,7203,14572,404,107,108,58,50,7604,6968,168,236,2.254542851,1.279369591,15.985060330,210.575034083,nan,nan,nan,nan,nan,0.000000000,1.891336986,1.258387987,0.012281002,0.017698039,1.368212979,0,0.500000000
81.800177336,19200,5406,0,12507,6693,13790,408,92,111,51,60,7313,6477,191,217,2.310469385,1.142020153,30.890088580,202.293542999,44.420719147,4,1.000000000,nan,nan,0.000000000,2.587302006,1.323871023,0.010728021,0.103438040,1.426478033,0,0.500000000
81.899545670,20736,5689,0,13236,7500,13790,408,117,113,56,57,7313,6477,191,217,2.310469385,1.142020153,24.643314232,154.775244621,nan,nan,nan,nan,nan,0.000000000,2.346977009,1.481154875,0.017215032,0.116631971,1.652321022,0,0.500000000
81.998974085,20064,5499,0,13012,7052,14561,405,90,102,50,52,7704,6857,181,224,2.301432221,1.119873682,17.510533443,94.576611020,64.287662506,6,1.000000000,nan,nan,0.000000000,5.641144991,1.266486943,0.010133022,0.041653984,1.368578000,0,0.500000000
82.100237608,20064,5362,0,12848,7216,14561,405,116,110,52,58,7704,6857,181,224,2.301432221,1.119873682,15.583610972,226.393951734,nan,nan,nan,nan,nan,0.000000000,9.073570021,6.225399033,0.059760991,0.139207987,6.738624012,0,0.500000000
82.200191498,19776,5310,0,12643,7133,14561,405,113,112,54,58,7704,6857,181,224,2.301432221,1.119873682,15.909031831,213.448940329,nan,nan,nan,nan,nan,0.000000000,7.953363005,5.292430986,0.052281073,0.069310016,5.761309993,0,0.500000000
82.299023867,20064,5138,0,12664,7400,14922,404,97,107,52,55,7617,7305,177,227,2.336353623,1.111868255,22.434722153,181.589073841,nan,1,nan,nan,nan,0.000000000,10.745259002,6.206498947,0.047882029,0.105386949,6.649702031,0,0.500000000
82.401916027,19872,5165,0,12635,7237,14703,402,89,97,49,48,7529,7174,173,229,2.299330723,1.112113754,19.989796271,192.949282704,nan,1,nan,nan,nan,0.000000000,8.362214023,4.741858109,0.040836981,0.174044981,5.136984051,0,0.500000000
82.499185085,20064,5092,0,12549,7515,14968,385,91,101,56,45,7514,7454,175,210,2.302891105,1.116278395,20.567784343,149.762101900,75.020074844,6,1.000000000,nan,nan,0.000000000,8.332632016,4.528639023,0.044189976,0.163683027,4.954053031,0,0.500000000
82.599562407,19968,5247,0,12671,7297,14968,385,101,100,55,45,7514,7454,175,210,2.302891105,1.116278395,20.215085402,132.732974174,nan,nan,nan,nan,nan,0.000000000,8.658655977,5.826763052,0.051971932,0.127147010,6.329051976,0,0.500000000
82.702006340,19968,5156,0,12367,7601,14808,391,100,105,61,44,7338,7470,180,211,2.329140217,1.128667996,25.689227446,216.389914708,4.776000977,2,0.000000000,nan,nan,0.000000000,8.215184032,2.611945092,0.011313998,0.019505038,2.716201998,0,0.500000000
82.800269604,19680,4999,0,12295,7385,14808,391,105,105,60,45,7338,7470,180,211,2.329140217,1.128667996,24.043733691,216.918620757,nan,nan,nan,nan,nan,0.000000000,6.654391997,5.477267026,0.053871074,0.064481981,5.973272957,0,0.500000000
82.898262739,20352,5159,0,12370,7982,14808,391,105,105,60,45,7338,7470,180,211,2.329140217,1.128667996,24.069125109,216.960508134,nan,nan,nan,nan,nan,0.000000000,7.586613996,4.673723015,0.036331010,0.044668966,5.009236047,0,0.500000000
83.000144720,20064,5097,0,12373,7691,14808,391,105,105,60,45,7338,7470,180,211,2.329140217,1.128667996,23.308690320,217.872093653,nan,nan,nan,nan,nan,0.000000000,3.469134041,2.100653946,0.020147942,0.023433997,2.273701015,0,0.500000000
83.100366116,19680,4972,0,12108,7572,14808,391,106,106,61,45,7338,7470,180,211,2.329140217,1.128667996,24.234642915,218.050673351,nan,nan,nan,nan,nan,0.000000000,2.125799016,1.303957950,0.011632976,0.018908002,1.419935958,0,0.500000000
83.198800802,20256,5018,0,12325,7931,15234,395,96,103,59,44,7592,7642,179,216,2.275477287,1.236092816,21.878652265,171.522437600,8.559226990,2,0.000000000,nan,nan,0.000000000,2.853601996,1.496876997,0.013712037,0.024759967,1.624274009,0,0.500000000
83.300211191,20064,4982,0,12397,7667,15078,398,117,109,64,45,7701,7377,183,215,2.274614042,1.212437649,25.734537169,140.374395364,4.503011703,2,0.000000000,nan,nan,0.000000000,10.598888970,5.035242008,0.047916081,0.092164963,5.451606004,0,0.500000000
83.400503635,19968,4825,0,12162,7806,15139,392,106,109,64,45,7654,7485,181,211,2.243410660,1.221420863,23.844754590,113.182638847,7.608652115,2,0.000000000,nan,nan,0.000000000,3.167140996,1.618922979,0.015894009,0.031244010,1.764255983,0,0.500000000
83.500097752,20064,4828,0,12392,7672,15139,392,112,114,64,50,7654,7485,181,211,2.243410660,1.221420863,26.081316990,174.251142382,nan,nan,nan,nan,nan,0.000000000,7.071808039,4.930450988,0.055756012,0.090274028,5.395948014,0,0.500000000
83.600695372,19296,4627,0,11471,7825,14665,403,107,102,58,44,7212,7453,187,216,2.204711297,1.186774198,23.634091187,143.159169068,nan,1,nan,nan,nan,0.000000000,10.903617018,5.553791998,0.039823062,0.072297989,5.960782990,0,0.500000000
83.698589325,20736,4927,0,12930,7806,15805,407,99,100,59,41,8374,7431,192,215,2.198639762,1.202615475,23.674107665,142.173815401,30.303001404,2,1.000000000,nan,nan,0.000000000,6.837611960,2.797017980,0.021733984,0.032019976,3.005913051,0,0.500000000
83.800375462,19968,4716,0,12116,7852,15248,395,95,100,58,42,7787,7461,189,206,2.201257201,1.193368803,24.361352964,153.088972402,65.062522888,4,1.000000000,nan,nan,0.000000000,5.626280035,2.460656979,0.032988959,0.027247996,2.778978960,0,0.500000000
83.900178671,20064,4608,0,12257,7807,15452,396,107,101,54,47,8038,7414,190,206,2.153658479,1.226271156,22.426310506,144.052957945,5.899429321,3,0.000000000,nan,nan,0.000000000,9.264446970,5.070445070,0.047027017,0.085154024,5.495170015,0,0.500000000
84.000250816,19968,4743,0,12201,7767,15221,394,101,97,57,40,7858,7363,188,206,2.193308781,1.211483786,21.701700993,163.436206469,16.466617584,5,1.000000000,nan,nan,0.000000000,9.925138031,3.230838978,0.026028894,0.043933978,3.483648994,0,0.500000000
84.100363970,20064,4690,0,12440,7624,15370,393,96,96,51,45,8154,7216,188,205,2.163448891,1.224303269,18.367625323,154.094971131,11.687278748,3,0.000000000,nan,nan,0.000000000,5.507619993,2.307807968,0.018032908,0.022982014,2.480258001,0,0.500000000
84.203303337,19680,4843,0,11990,7690,15370,393,97,97,51,46,8154,7216,188,205,2.163448891,1.224303269,19.604699112,155.875237107,nan,nan,nan,nan,nan,0.000000000,5.026056024,3.482181986,0.032101059,0.069834990,3.793031035,0,0.500000000
84.398989916,19872,4827,0,12259,7613,15041,389,88,92,48,44,7777,7264,177,212,2.149740688,1.298559009,17.473939134,139.976635942,7.495641708,19,0.000000000,nan,nan,0.000000000,8.152574999,3.611574066,0.028003007,0.046756002,3.888932988,0,0.500000000
84.501965523,20064,4692,0,12280,7784,15368,390,92,82,37,45,7947,7421,168,222,2.093223793,1.344316946,17.710485066,114.558896566,119.784832001,4,1.000000000,nan,nan,0.000000000,3.163791029,1.356064982,0.015777012,0.024706009,1.476398029,0,0.500000000
84.700395346,19968,4612,0,12227,7741,15368,390,85,86,40,46,7947,7421,168,222,2.093223793,1.344316946,18.468170802,127.690709368,nan,nan,nan,nan,nan,0.000000000,2.198240021,1.457150036,0.012248056,0.023784989,1.587598003,0,0.500000000
84.800246716,20064,4710,0,12478,7586,15350,400,100,100,46,54,8070,7280,165,235,2.098413780,1.670248745,22.129349741,115.370051209,nan,1,nan,nan,nan,0.000000000,8.461132005,4.772646993,0.041464926,0.064650958,5.167342024,0,0.500000000
84.900092602,19968,4508,0,12332,7636,15456,403,103,101,53,48,8092,7364,164,239,2.089718123,1.652470116,20.519801511,115.148475644,20.046472549,4,1.000000000,nan,nan,0.000000000,11.581443017,5.381263036,0.106116058,0.070312002,5.882514990,0,0.500000000
85.000385046,19776,4544,0,12342,7434,15456,403,105,108,57,51,8092,7364,164,239,2.089718123,1.652470116,23.484718353,144.477799493,nan,nan,nan,nan,nan,0.000000000,4.455558956,2.755928028,0.023810950,0.032557000,2.968956018,0,0.500000000
85.100625515,19872,4472,0,12279,7593,15456,403,109,107,57,50,8092,7364,164,239,2.089718123,1.652470116,23.426479921,141.424500966,nan,nan,nan,nan,nan,0.000000000,2.671163005,1.800620928,0.018588966,0.038468977,1.963110990,0,0.500000000
85.202130556,20448,4429,0,13029,7419,16015,411,96,97,41,56,8813,7202,167,244,1.991275696,1.844209069,17.728924388,118.350301591,nan,1,nan,nan,nan,0.000000000,8.060555032,4.511101986,0.037599006,0.103987986,4.879651009,0,0.500000000
85.300240993,19488,4265,0,11817,7671,16015,411,100,102,46,56,8813,7202,167,244,1.991275696,1.844209069,22.477221973,126.140775922,nan,nan,nan,nan,nan,0.000000000,4.903448978,3.043430042,0.028363953,0.081553007,3.308644984,0,0.500000000
85.399482727,20256,4104,0,12750,7506,16148,412,97,95,41,54,8860,7288,170,242,1.925168999,1.871716558,22.358639176,119.971734468,4.913091660,2,0.000000000,nan,nan,0.000000000,4.467619990,2.046917041,0.016257050,0.025207992,2.205857018,0,0.500000000
85.498855591,20256,4266,0,12268,7988,15986,412,98,94,45,49,8265,7721,168,244,1.974008601,1.727497859,19.543193601,133.803799753,21.485567093,8,1.000000000,nan,nan,0.000000000,6.779187010,3.547084052,0.032341981,0.068088004,3.852527996,0,0.500000000
85.600329161,19968,3950,0,12326,7642,16014,411,96,93,48,45,8578,7436,168,243,1.911891736,1.905708944,19.233849950,111.227817426,nan,1,nan,nan,nan,0.000000000,8.891402045,3.512501018,0.025581045,0.033133023,3.761390981,0,0.500000000
85.700207472,19968,3929,0,12157,7811,16014,411,93,91,46,45,8578,7436,168,243,1.911891736,1.905708944,19.148154944,110.334602800,nan,nan,nan,nan,nan,0.000000000,5.276077951,1.798248035,0.015573984,0.024949957,1.949304948,0,0.500000000
85.800207615,19680,3736,0,12227,7453,16014,411,91,92,46,46,8578,7436,168,243,1.911891736,1.905708944,20.602527775,106.733488419,nan,nan,nan,nan,nan,0.000000000,6.160649995,4.325505986,0.036612037,0.046781031,4.688880988,0,0.500000000
85.900404453,20352,3720,0,12374,7978,16628,434,80,87,36,51,8761,7867,168,266,1.916071799,1.839546143,18.530118686,114.058799089,nan,1,nan,nan,nan,0.000000000,13.040240970,7.079288946,0.047107053,0.114756986,7.573518029,0,0.500000000
86.000265837,19872,3593,0,12276,7596,16628,434,87,88,37,51,8761,7867,168,266,1.916071799,1.839546143,21.635594874,106.653942486,nan,nan,nan,nan,nan,0.000000000,4.556011001,2.861433022,0.019551080,0.029937946,3.063184966,0,0.500000000
86.098928690,20160,3335,0,12469,7691,16628,434,89,91,37,54,8761,7867,168,266,1.916071799,1.839546143,22.417113428,108.645384247,nan,nan,nan,nan,nan,0.000000000,2.635359997,1.727375027,0.012437114,0.029244984,1.846229949,0,0.500000000
86.200999022,19872,3092,0,12088,7784,16628,434,92,94,38,56,8761,7867,168,266,1.916071799,1.839546143,22.826508698,113.592513588,nan,nan,nan,nan,nan,0.000000000,4.482630990,3.032508015,0.025794958,0.047736976,3.294440976,0,0.500000000
86.299094915,19488,2632,0,11763,7725,16852,433,88,97,41,56,9127,7725,184,249,1.909931207,1.533205160,22.626287742,122.936465268,64.498186111,8,1.000000000,nan,nan,0.000000000,10.280636954,4.234561988,0.031007919,0.129618973,4.523581010,0,0.500000000
86.398880243,19872,3045,0,12033,7839,16823,416,89,93,41,52,8987,7836,177,239,1.921659149,1.549825296,24.078021720,118.067747946,38.458347321,6,1.000000000,nan,nan,0.000000000,6.307805015,2.462545061,0.018440012,0.041735009,2.645064960,0,0.500000000
86.498955011,19680,3239,0,12055,7625,16437,428,105,101,44,57,8816,7621,185,243,1.925865745,1.553088820,18.941638153,118.838458424,nan,1,nan,nan,nan,0.000000000,7.806028007,4.486248014,0.040040002,0.133082038,4.851530015,0,0.500000000
86.600928068,20256,3100,0,12182,8074,16437,428,103,103,46,57,8816,7621,185,243,1.925865745,1.553088820,22.134501641,121.003654438,nan,nan,nan,nan,nan,0.000000000,8.189960034,5.246501940,0.032782031,0.065588974,5.584854982,0,0.500000000
86.700164318,19872,3135,0,11931,7941,16437,428,103,102,45,57,8816,7621,185,243,1.925865745,1.553088820,21.536685166,120.269043657,nan,nan,nan,nan,nan,0.000000000,3.851471003,2.420010976,0.014515943,0.027491013,2.563094953,0,0.500000000
86.800114393,19776,2856,0,11957,7819,16916,420,98,96,38,58,9097,7819,171,249,1.854366484,1.600721710,24.412056889,122.045043238,nan,1,nan,nan,nan,0.000000000,4.585260001,2.033845056,0.017117942,0.040350016,2.188929007,0,0.500000000
86.899088621,20064,3129,0,11894,8170,16931,426,95,87,35,52,8764,8167,170,256,1.896360850,1.605767791,20.397958458,100.397807564,90.743780136,3,1.000000000,nan,nan,0.000000000,13.195603970,6.283611991,0.050381001,0.111625006,6.765404018,0,0.500000000
87.000216246,19968,2926,0,12000,7968,17038,424,100,95,40,55,9070,7968,172,252,1.846683494,1.631215328,26.080104818,131.491940812,nan,1,nan,nan,nan,0.000000000,10.850755032,4.551743099,0.035636011,0.057189027,4.875429033,0,0.500000000
87.100220442,19968,3022,0,11789,8179,16942,430,81,84,32,52,8763,8179,164,266,1.875738228,1.615097886,22.020281054,103.097102544,nan,1,nan,nan,nan,0.000000000,13.611984032,6.856795051,0.042596017,0.085409964,7.303339953,0,0.500000000
87.200246811,19968,2887,0,11906,8062,16942,430,78,80,30,50,8763,8179,164,266,1.875738228,1.615097886,20.179509465,106.768108605,nan,nan,nan,nan,nan,0.000000000,4.635808000,2.326348040,0.016748963,0.050397997,2.509703976,0,0.500000000
87.300065279,20064,2887,0,11684,8380,16942,430,81,82,30,52,8763,8179,164,266,1.875738228,1.615097886,19.485188011,102.928139116,nan,nan,nan,nan,nan,0.000000000,3.776296973,2.433237911,0.016051985,0.030997966,2.605747024,0,0.500000000
87.400115490,19968,2885,0,11781,8187,16942,430,83,82,30,52,8763,8179,164,266,1.875738228,1.615097886,19.485188033,102.923922506,nan,nan,nan,nan,nan,0.000000000,4.273113038,2.921893960,0.021028041,0.050281989,3.186753020,0,0.500000000
87.500588417,19872,2775,0,11437,8435,17093,440,96,92,37,55,8661,8432,159,281,1.831741538,1.649001356,23.985573020,107.546069996,5.770683289,6,0.000000000,nan,nan,0.000000000,12.362803041,6.340337917,0.045701978,0.090115005,6.769991014,0,0.500000000
87.598852158,20160,2916,0,11663,8497,17240,438,94,95,33,62,8747,8493,156,282,1.795164848,1.653478182,23.239642632,117.925868718,40.032625198,3,1.000000000,nan,nan,0.000000000,10.411583004,5.788524053,0.045111927,0.099771016,6.228370010,0,0.500000000
87.700148582,19872,2700,0,11344,8528,17168,433,104,101,37,64,8644,8524,154,279,1.809640599,1.660284470,24.960611002,94.804623707,40.116548538,4,1.000000000,nan,nan,0.000000000,3.254356969,1.414440048,0.011882978,0.026282039,1.522498962,0,0.500000000
87.800311089,20064,2899,0,11513,8551,17161,439,101,95,36,59,8614,8547,152,287,1.801430392,1.705933161,21.452054014,107.636543131,5.952835083,2,0.000000000,nan,nan,0.000000000,5.800870014,1.376040978,0.011036987,0.023357046,1.480215986,0,0.500000000
87.900222778,19776,2752,0,11344,8432,17161,439,96,97,38,59,8614,8547,152,287,1.801430392,1.705933161,24.269239585,113.378077356,nan,nan,nan,nan,nan,0.000000000,8.493879985,5.993799015,0.046330038,0.071299030,6.466054998,0,0.500000000
87.999724150,20064,2926,0,11632,8432,17134,433,94,97,42,55,8706,8428,150,283,1.814266797,1.717330449,24.546187764,113.886066032,89.978694916,7,1.000000000,nan,nan,0.000000000,5.246682034,1.380351023,0.013115990,0.037396967,1.496110985,0,0.500000000
88.102544069,19968,2794,0,11499,8469,17170,443,97,97,34,63,8701,8469,144,299,1.775302785,1.722746045,20.803637918,97.562015253,21.311998367,11,1.000000000,nan,nan,0.000000000,10.756682022,4.269311030,0.029365008,0.068701978,4.545360978,0,0.500000000
88.200130939,20064,2971,0,11695,8369,17089,432,100,104,41,63,8720,8369,144,288,1.756167860,1.718929028,23.856715378,97.664678112,89.456081390,2,1.000000000,nan,nan,0.000000000,7.269663038,2.789574035,0.019222905,0.031787029,2.957843011,0,0.500000000
88.300309420,19968,2856,0,11516,8452,17108,445,91,92,35,57,8656,8452,149,296,1.729635212,1.730838981,20.190980756,93.110664660,65.906763077,4,1.000000000,nan,nan,0.000000000,4.924181034,2.269331017,0.018086983,0.065114000,2.448985004,0,0.500000000
88.400104523,19872,2928,0,11418,8454,16940,435,86,94,39,55,8487,8453,148,287,1.767697381,1.728908897,22.523039038,93.655260823,nan,1,nan,nan,nan,0.000000000,8.341013978,2.978375007,0.009880925,0.022169959,3.082611016,0,0.500000000
88.500208616,20064,2871,0,11571,8493,16940,435,95,96,39,57,8487,8453,148,287,1.767697381,1.728908897,23.035979615,94.283414006,nan,nan,nan,nan,nan,0.000000000,3.035016009,2.261825954,0.017258921,0.033108983,2.425585990,0,0.500000000
88.600283384,19776,2908,0,11326,8450,16940,435,95,95,39,56,8487,8453,148,287,1.767697381,1.728908897,22.102077362,94.270666187,nan,nan,nan,nan,nan,0.000000000,5.111459002,3.416453023,0.021256972,0.081813021,3.635419009,0,0.500000000
88.699119806,19968,2732,0,11509,8459,17232,445,102,105,40,65,8777,8455,148,297,1.623555681,1.783503279,22.600658978,118.927810970,46.903133392,4,1.000000000,nan,nan,0.000000000,3.181401989,1.546814048,0.012609002,0.043344044,1.665734046,0,0.500000000
88.798900366,20160,2921,0,11385,8775,17235,443,106,101,39,62,8464,8771,147,296,1.750980462,1.784800808,23.574897674,114.216932005,33.698558807,6,1.000000000,nan,nan,0.000000000,13.279091974,6.517904927,0.051984971,0.148660969,6.998257013,0,0.500000000
88.900501251,19488,2908,0,11444,8044,16576,441,103,106,40,66,8532,8044,149,292,1.606703707,1.777533689,24.971794581,125.414778529,3.860950470,2,0.000000000,nan,nan,0.000000000,5.673056003,2.448446990,0.019421976,0.058875012,2.635319019,0,0.500000000
89.000638247,20064,2934,0,11248,8816,17126,454,90,99,42,57,8314,8812,150,304,1.732590527,1.785429901,21.250281228,105.449500248,115.732431412,5,1.000000000,nan,nan,0.000000000,4.845129035,2.610586991,0.019452069,0.071719987,2.806532022,0,0.500000000
89.099479675,20352,3002,0,12004,8348,17126,454,106,107,47,60,8314,8812,150,304,1.732590527,1.785429901,23.489749997,116.701980640,nan,nan,nan,nan,nan,0.000000000,6.067926995,3.940302995,0.029955991,0.080149970,4.216001951,0,0.500000000
89.199267387,19968,2857,0,11354,8614,17107,440,94,102,38,64,8493,8614,142,298,1.737468569,1.742746566,19.850246239,103.057103521,59.218406677,4,1.000000000,nan,nan,0.000000000,8.256031026,2.773777989,0.023355999,0.030905008,2.995862975,0,0.500000000
89.299170494,20160,3045,0,11554,8606,17111,435,106,99,46,53,8507,8604,150,285,1.881561561,1.767751511,24.474345841,108.537848965,nan,1,nan,nan,nan,0.000000000,7.203927031,2.946669061,0.022223976,0.043652020,3.156097955,0,0.500000000
89.400793552,19872,2763,0,11237,8635,17111,435,102,102,46,56,8507,8604,150,285,1.881561561,1.767751511,24.506136315,108.344272557,nan,nan,nan,nan,nan,0.000000000,4.258080968,2.914242970,0.024898036,0.065807952,3.150395991,0,0.500000000
89.500262499,20160,3068,0,11527,8633,17088,449,89,96,42,54,8458,8630,160,289,1.960345593,1.759542810,27.058421733,97.428765389,69.713354111,6,1.000000000,nan,nan,0.000000000,7.038643991,3.353736072,0.024119043,0.082776009,3.597575997,0,0.500000000
89.600115299,19872,2672,0,11225,8647,17196,443,100,103,48,55,8549,8647,160,283,1.919990352,1.739583827,26.102509611,122.682654026,74.701786041,3,1.000000000,nan,nan,0.000000000,8.524984994,2.154754067,0.010987977,0.033830991,2.258498978,0,0.500000000
89.800199509,19776,2572,0,11082,8694,17196,443,103,109,44,65,8549,8647,160,283,1.919990352,1.739583827,27.100329562,119.201224169,nan,nan,nan,nan,nan,0.000000000,3.921009018,3.004423925,0.023728004,0.035557023,3.227256006,0,0.500000000
89.900168657,20064,2903,0,11487,8577,17196,443,108,109,45,64,8549,8647,160,283,1.919990352,1.739583827,26.219458131,118.526729460,nan,nan,nan,nan,nan,0.000000000,7.934538997,5.679705006,0.052889984,0.078469981,6.150249974,0,0.500000000
90.000079632,19968,2554,0,11211,8757,17410,432,105,107,39,68,8653,8757,144,288,1.834379716,1.759738018,28.174552613,118.122779917,nan,1,nan,nan,nan,0.000000000,5.825732020,2.527873963,0.020516047,0.047284993,2.720206976,0,0.500000000
90.100200891,20064,2819,0,11189,8875,17241,429,93,98,41,57,8369,8872,142,287,1.895238989,1.756298385,22.791055263,87.806520179,40.087461472,3,1.000000000,nan,nan,0.000000000,6.657275022,2.677107928,0.019700034,0.046055997,2.868211013,0,0.500000000
90.200191498,19872,2519,0,11211,8661,17241,429,100,101,39,62,8369,8872,142,287,1.895238989,1.756298385,23.216684662,95.677939499,nan,nan,nan,nan,nan,0.000000000,3.203463042,2.060686995,0.015905069,0.034441007,2.209905011,0,0.500000000
90.300056934,20160,2722,0,11062,9098,17434,437,96,98,35,63,8340,9094,131,306,1.867944232,1.769096341,26.613121949,82.201984054,55.544137955,4,1.000000000,nan,nan,0.000000000,10.562109004,4.232720938,0.029843999,0.090199988,4.525661992,0,0.500000000
90.400210142,19968,2602,0,11340,8628,17434,437,98,96,36,60,8340,9094,131,306,1.867944232,1.769096341,26.762737938,94.137379964,nan,nan,nan,nan,nan,0.000000000,3.792635980,2.395304036,0.018994091,0.030194002,2.592747973,0,0.500000000
90.500173092,19968,2697,0,11056,8912,17434,437,93,93,34,59,8340,9094,131,306,1.867944232,1.769096341,24.727565731,91.975337560,nan,nan,nan,nan,nan,0.000000000,7.689627993,5.382202042,0.044377986,0.118025986,5.829269008,0,0.500000000
90.600049973,20064,2771,0,11382,8682,17289,423,83,105,40,65,8607,8682,124,299,1.798780183,1.805395706,27.709199034,104.988907531,4.494667053,2,0.000000000,nan,nan,0.000000000,9.291369002,4.554982006,0.024991983,0.090996036,4.856846004,0,0.500000000
90.699022293,19872,2613,0,10794,9078,17289,423,99,100,40,60,8607,8682,124,299,1.798780183,1.805395706,25.907359005,102.489188220,nan,nan,nan,nan,nan,0.000000000,3.073335974,1.653885003,0.014182937,0.037744991,1.779965998,0,0.500000000
90.798865318,20160,2925,0,11327,8833,17231,431,110,120,42,78,8398,8833,126,305,1.785136113,1.814032826,30.561302556,114.848195950,65.857648849,5,1.000000000,nan,nan,0.000000000,4.297890991,1.864155987,0.017840997,0.047571026,2.018138010,0,0.500000000
90.900094032,19968,2668,0,10700,9268,17296,442,118,119,43,76,8032,9264,128,314,1.835083615,1.795658083,30.822717083,126.076334314,35.302877426,3,1.000000000,nan,nan,0.000000000,8.010903024,2.324872941,0.014037068,0.031308038,2.445883001,0,0.500000000
91.000104189,20064,2860,0,10981,9083,17296,442,112,112,41,71,8032,9264,128,314,1.835083615,1.795658083,27.093597571,108.443226644,nan,nan,nan,nan,nan,0.000000000,3.406164993,2.481173025,0.019443920,0.031739008,2.651982999,0,0.500000000
91.098979712,19488,2125,0,10218,9270,17296,442,115,113,41,72,8032,9264,128,314,1.835083615,1.795658083,26.496987832,116.327228855,nan,nan,nan,nan,nan,0.000000000,4.984092026,3.501626023,0.033406017,0.067311048,3.782448010,0,0.500000000
91.199311972,20160,2846,0,10861,9299,17296,442,114,115,42,73,8032,9264,128,314,1.835083615,1.795658083,26.784988696,123.822668561,nan,nan,nan,nan,nan,0.000000000,11.521208973,7.858476019,0.061382016,0.086566026,8.384748013,0,0.500000000
91.299284458,19968,2821,0,10743,9225,17143,440,105,113,41,72,7918,9225,130,310,1.814005366,1.836064771,28.135001425,124.905870804,nan,1,nan,nan,nan,0.000000000,7.983478950,3.222554980,0.025395944,0.066398992,3.443693975,0,0.500000000
91.400080919,19776,3003,0,10707,9069,16769,435,125,102,33,69,7700,9069,126,309,1.817373634,1.856994863,19.394188840,103.035087894,3.823995590,2,0.000000000,nan,nan,0.000000000,4.838798952,2.101010992,0.017348037,0.033414981,2.252748003,0,0.500000000
91.500593901,20544,3264,0,11063,9481,16769,435,105,105,34,71,7700,9069,126,309,1.817373634,1.856994863,21.873479077,106.605586391,nan,nan,nan,nan,nan,0.000000000,5.073370994,3.649266029,0.033363001,0.056776975,3.936058958,0,0.500000000
91.600145102,20256,3495,0,11117,9139,16757,444,112,114,35,79,7618,9139,127,317,1.848625431,1.859313820,29.302942167,96.410171696,15.249490738,4,1.000000000,nan,nan,0.000000000,8.407692017,3.517089004,0.028377981,0.038813974,3.762773005,0,0.500000000
91.700486898,19584,3266,0,10558,9026,16757,444,109,108,33,75,7618,9139,127,317,1.848625431,1.859313820,24.179628091,97.844479357,nan,nan,nan,nan,nan,0.000000000,3.386702971,2.306621929,0.021230895,0.033084012,2.496454981,0,0.500000000
91.798919916,20448,3744,0,11261,9187,16757,444,109,110,33,77,7618,9139,127,317,1.848625431,1.859313820,24.932964234,99.806715210,nan,nan,nan,nan,nan,0.000000000,6.513024971,4.591168079,0.046661007,0.069511007,4.984846979,0,0.500000000
91.900177240,19872,3518,0,10885,8987,16350,425,113,111,37,74,7367,8983,129,296,1.875247746,1.856517694,26.200708259,115.444107453,nan,1,nan,nan,nan,0.000000000,9.826705034,5.281142076,0.045692024,0.083413965,5.676042987,0,0.500000000
91.998940468,20064,3733,0,11088,8976,16327,428,125,117,35,82,7355,8972,133,295,1.855501359,1.857621759,28.876698050,118.751307771,75.650453568,4,1.000000000,nan,nan,0.000000000,9.336405026,5.133174011,0.051893003,0.125535007,5.553722964,0,0.500000000
92.100015402,19680,3666,0,10866,8814,16010,425,120,117,37,80,7200,8810,134,291,1.861505057,1.870746245,29.236545363,110.750897184,nan,1,nan,nan,nan,0.000000000,7.093102962,3.099545953,0.021751097,0.064620981,3.364381962,0,0.500000000
92.301578045,20064,3800,0,11032,9032,16260,430,114,105,35,70,7232,9028,137,293,1.865397519,1.881729659,24.990894448,95.472490994,144.547224045,6,1.000000000,nan,nan,0.000000000,9.540930972,5.462110043,0.052466057,0.112927984,5.923672987,0,0.500000000
92.400635481,20256,3996,0,11487,8769,16260,430,106,107,36,71,7232,9028,137,293,1.865397519,1.881729659,27.445056133,94.333429129,nan,nan,nan,nan,nan,0.000000000,7.849007961,5.474057049,0.034445082,0.044838991,5.794197030,0,0.500000000
92.500160694,20064,4099,0,10979,9085,15961,421,120,116,37,79,6876,9085,128,293,1.828593024,1.893791456,29.460251839,102.949239406,nan,1,nan,nan,nan,0.000000000,9.473626968,4.531576938,0.043659937,0.064053049,4.891860008,0,0.500000000
92.600186586,19968,4201,0,11157,8811,15763,435,105,102,30,72,6955,8808,126,309,1.807255906,1.920845536,19.558629946,114.000358945,5.827903748,4,0.000000000,nan,nan,0.000000000,6.523286982,2.790099010,0.021158950,0.048131042,2.982358972,0,0.500000000
92.700107098,19680,4412,0,11007,8673,15264,431,116,117,36,81,6595,8669,122,309,1.829431850,1.908283753,26.994530770,110.078123762,4.124879837,2,0.000000000,nan,nan,0.000000000,6.348565978,3.617171082,0.036087004,0.088642002,3.932779015,0,0.500000000
92.799123526,20256,4502,0,11214,9042,15750,434,105,103,32,71,6710,9040,120,314,1.807620378,1.945265673,21.020931854,101.930360977,34.714460373,7,1.000000000,nan,nan,0.000000000,6.599464978,2.656981000,0.021870015,0.043540960,2.861633955,0,0.500000000
92.904971361,20064,4725,0,11112,8952,15335,426,111,110,30,80,6387,8948,117,309,1.821018669,1.930647191,22.833512240,111.331198582,6.892681122,2,0.000000000,nan,nan,0.000000000,11.332271970,6.448516098,0.054364966,0.138289994,6.923524023,0,0.500000000
93.000057697,19776,4781,0,11245,8531,15335,426,110,113,30,83,6387,8948,117,309,1.821018669,1.930647191,24.378994394,110.778629422,nan,nan,nan,nan,nan,0.000000000,5.838350975,3.586012986,0.031094067,0.044080021,3.856664000,0,0.500000000
93.098964930,20160,4925,0,11352,8808,15231,423,115,125,33,92,6428,8803,114,309,1.820062885,1.947445758,29.791277710,124.548705683,6.331205368,2,0.000000000,nan,nan,0.000000000,3.514966986,1.325441059,0.013265992,0.027956034,1.438603969,0,0.500000000
93.200814247,19968,5040,0,11375,8593,15231,423,127,129,32,97,6428,8803,114,309,1.820062885,1.947445758,30.166166743,123.721719850,nan,nan,nan,nan,nan,0.000000000,4.571400001,3.011538996,0.029350864,0.032192969,3.251262009,0,0.500000000
93.300057650,19776,5039,0,11162,8614,15231,423,128,129,33,96,6428,8803,114,309,1.820062885,1.947445758,30.324212128,125.031982209,nan,nan,nan,nan,nan,0.000000000,3.053385008,2.132632071,0.023316068,0.028370996,2.322667977,0,0.500000000
93.403373003,20352,5262,0,11730,8622,15086,445,121,127,41,86,6495,8591,126,319,1.781871224,2.034635598,28.031656543,119.341831748,9.428024292,4,0.000000000,nan,nan,0.000000000,3.903645033,1.855178038,0.017072016,0.033735007,1.997726969,0,0.500000000
93.500796795,19968,5159,0,11385,8583,14805,446,131,135,45,90,6279,8526,126,320,1.762466977,2.011705024,28.040065155,144.666116278,19.809722900,3,1.000000000,nan,nan,0.000000000,4.278255976,2.092670999,0.021745043,0.051070005,2.264001989,0,0.500000000
93.600072622,19968,5308,0,11348,8620,14656,482,141,140,46,94,6117,8539,136,346,1.789579263,2.061899671,31.632762879,127.586311135,20.358562469,3,1.000000000,nan,nan,0.000000000,10.368946008,4.773365043,0.042664004,0.071451999,5.108203972,0,0.500000000
93.700108051,19968,5170,0,11435,8533,14794,460,139,129,43,86,6363,8431,132,328,1.742890450,2.058338245,26.615777101,117.250653829,79.493284225,3,1.000000000,nan,nan,0.000000000,4.879628017,2.334454097,0.022210006,0.034102006,2.511055034,0,0.500000000
93.800072193,20064,5292,0,11310,8754,14768,486,124,129,41,88,6144,8624,134,352,1.781240403,2.112675740,25.905714131,131.414614335,5.095243454,2,0.000000000,nan,nan,0.000000000,7.848438981,2.839509980,0.014609075,0.028275012,2.962491999,0,0.500000000
93.900014162,19968,5162,0,11524,8444,14802,490,136,132,39,93,6512,8290,141,349,1.740760328,2.114310043,27.495856544,113.864854436,8.445978165,2,0.000000000,nan,nan,0.000000000,6.526196026,3.952188068,0.040772895,0.074615004,4.263498005,0,0.500000000
94.000134230,19968,5285,0,11435,8533,14679,503,135,140,41,99,6333,8346,136,367,1.793423037,2.117087771,28.831689000,134.158237916,4.459857941,2,0.000000000,nan,nan,0.000000000,7.945618010,3.302661004,0.031197967,0.021543994,3.520189959,0,0.500000000
94.100023508,20064,5224,0,11760,8304,14836,494,137,138,45,93,6751,8085,143,351,1.720992772,2.140627421,28.707893990,111.247438899,29.501438141,6,1.000000000,nan,nan,0.000000000,9.429038968,4.940846993,0.044738001,0.058927981,5.274274969,0,0.500000000
94.200063467,19968,5230,0,11511,8457,14734,503,163,155,51,104,6531,8203,148,355,1.794192069,2.150196687,30.405206671,148.180775807,60.184001923,3,1.000000000,nan,nan,0.000000000,8.907974989,4.164682934,0.040373008,0.064664986,4.453328962,0,0.500000000
94.300673008,19872,5125,0,11580,8292,14734,503,155,156,51,105,6531,8203,148,355,1.794192069,2.150196687,33.025803635,148.503821203,nan,nan,nan,nan,nan,0.000000000,3.849791014,2.761607058,0.029507035,0.041571970,2.973266004,0,0.500000000
94.399453402,20064,5410,0,11695,8369,14650,497,147,143,53,90,6616,8034,152,345,1.803170836,2.203262955,28.676325568,123.708336222,nan,1,nan,nan,nan,0.000000000,7.809492003,3.272180969,0.015928992,0.036030018,3.390758007,0,0.500000000
94.500035048,19296,4914,0,11067,8229,14650,497,148,148,53,95,6616,8034,152,345,1.803170836,2.203262955,30.870397540,129.515062835,nan,nan,nan,nan,nan,0.000000000,4.624285968,3.198153921,0.032057986,0.048551999,3.424511000,0,0.500000000
94.599776983,20736,5380,0,12237,8499,14650,497,148,149,54,95,6616,8034,152,345,1.803170836,2.203262955,30.745502461,131.932530241,nan,nan,nan,nan,nan,0.000000000,7.920245989,5.564985040,0.063216023,0.146910024,6.022935966,0,0.500000000
94.700192690,19488,4787,0,11489,7999,14697,497,129,132,62,70,7118,7579,159,338,1.785695242,2.232146303,25.621282074,96.120088798,5.526542664,2,0.000000000,nan,nan,0.000000000,6.704165949,3.934224951,0.037726946,0.132590008,4.234072985,0,0.500000000
94.800300121,20544,5210,0,11886,8658,15330,506,164,164,62,102,7167,8163,161,345,1.787876118,2.312144199,31.338835735,118.556692213,14.360427856,5,0.000000000,nan,nan,0.000000000,11.008414032,5.156290950,0.054016884,0.079024991,5.532505049,0,0.500000000
94.899984837,20064,4911,0,11852,8212,15149,513,142,129,56,73,7446,7703,161,352,1.824962896,2.264272228,24.419018842,95.469934941,49.821853638,6,1.000000000,nan,nan,0.000000000,8.348596981,4.854007973,0.045720022,0.075157965,5.191494012,0,0.500000000
95.002569437,19872,4871,0,11808,8064,14997,519,167,163,71,92,7435,7562,170,349,1.779165252,2.347597067,29.336927532,128.695431664,nan,1,nan,nan,nan,0.000000000,10.312819039,4.837551038,0.047544017,0.065108994,5.164639966,0,0.500000000
95.098888159,19968,4811,0,11784,8184,14997,519,160,162,70,92,7435,7562,170,349,1.779165252,2.347597067,28.260348516,126.014479969,nan,nan,nan,nan,nan,0.000000000,3.708645992,2.537151042,0.024704961,0.035216974,2.724983031,0,0.500000000
95.198991060,20160,4657,0,12120,8040,14997,519,162,163,72,91,7435,7562,170,349,1.779165252,2.347597067,28.541865161,127.868284529,nan,nan,nan,nan,nan,0.000000000,5.065008008,3.794135060,0.043057953,0.079255027,4.089369031,0,0.500000000
95.300085545,19392,4759,0,11225,8167,14629,515,146,147,59,88,7038,7591,157,358,1.833221326,2.367809097,23.587881119,131.269716889,4.603624344,2,0.000000000,nan,nan,0.000000000,8.351745026,3.705860989,0.015896861,0.033785996,3.827669017,0,0.500000000
95.399657488,20544,4691,0,12414,8130,15849,539,149,156,71,85,8288,7561,176,363,1.685147737,2.383050680,26.274366105,106.554375613,30.350208282,3,1.000000000,nan,nan,0.000000000,11.671953020,5.598501943,0.056135992,0.054186035,6.020319997,0,0.500000000
95.500016212,20064,4764,0,11608,8456,15296,570,181,167,71,96,7382,7914,179,391,1.777148251,2.358418381,30.513274533,121.578756924,97.957134247,5,1.000000000,nan,nan,0.000000000,8.277782996,2.188833896,0.019135070,0.056106015,2.324478002,0,0.500000000
95.600284100,19584,4376,0,11572,8012,15296,570,169,169,71,98,7382,7914,179,391,1.777148251,2.358418381,29.098714645,117.571821914,nan,nan,nan,nan,nan,0.000000000,2.488100028,1.752657001,0.017604907,0.026369002,1.877363015,0,0.500000000
95.699279785,19872,4726,0,11522,8350,15142,563,171,171,68,103,7217,7925,170,393,1.811950893,2.344373907,28.886358935,137.463670490,nan,1,nan,nan,nan,0.000000000,8.874449995,3.072946973,0.018487975,0.049285009,3.203794011,0,0.500000000
95.798920155,20160,4647,0,11575,8585,15142,563,166,165,65,100,7217,7925,170,393,1.811950893,2.344373907,25.818585050,126.538941148,nan,nan,nan,nan,nan,0.000000000,4.754545982,3.804357024,0.040383078,0.123567996,4.088092945,0,0.500000000
95.899160624,19968,4793,0,11369,8599,15142,563,168,171,65,106,7217,7925,170,393,1.811950893,2.344373907,26.698803176,132.692184100,nan,nan,nan,nan,nan,0.000000000,9.683100041,6.998397002,0.072405965,0.084835978,7.444918039,0,0.500000000
96.000012636,20352,4710,0,11523,8829,15142,563,174,174,66,108,7217,7925,170,393,1.811950893,2.344373907,28.417572342,142.182611393,nan,nan,nan,nan,nan,0.000000000,5.300384015,3.673412022,0.035742938,0.052799995,3.917050024,0,0.500000000
96.101601362,19680,4539,0,11200,8480,15137,552,157,178,60,118,6935,8202,153,399,1.762386998,2.381415052,30.560249383,105.474531982,60.116767883,2,1.000000000,nan,nan,0.000000000,12.857640977,6.899814063,0.065407949,0.246199023,7.356088026,0,0.500000000
96.200628757,20352,5068,0,11736,8616,15280,561,182,180,64,116,7009,8271,161,400,1.757912956,2.377636775,33.767673401,138.129780959,47.389745712,5,1.000000000,nan,nan,0.000000000,5.472774035,2.728952968,0.029376883,0.070237962,2.926604997,0,0.500000000
96.300123930,20064,4834,0,11560,8504,15280,561,183,182,63,119,7009,8271,161,400,1.757912956,2.377636775,32.152071412,138.095799557,nan,nan,nan,nan,nan,0.000000000,6.659609033,4.921148007,0.062138017,0.180614006,5.338785995,0,0.500000000
96.400134087,19776,4659,0,11279,8497,15113,563,173,178,59,119,7052,8061,167,396,1.748677524,2.406432341,30.340136552,129.092098096,5.084037781,2,0.000000000,nan,nan,0.000000000,6.636312988,3.106799908,0.032732030,0.082063954,3.331716987,0,0.500000000
96.499080420,20160,5098,0,11708,8452,15058,546,177,173,69,104,7122,7936,162,384,1.732886453,2.452051072,32.984921542,169.285402883,5.707263947,2,0.000000000,nan,nan,0.000000000,10.106806993,4.617986036,0.045469962,0.152016000,4.924366018,0,0.500000000
96.599977732,19968,5188,0,11761,8207,14776,552,177,173,68,105,7151,7625,166,386,1.732171792,2.481615960,30.692567937,176.978022565,60.415029526,3,1.000000000,nan,nan,0.000000000,10.637212021,5.179834028,0.053294061,0.131124980,5.526866997,0,0.500000000
96.700123787,20064,5427,0,11702,8362,14633,540,177,174,69,105,6957,7676,162,378,1.741421830,2.522807536,31.494495894,177.559265556,4.487514496,2,0.000000000,nan,nan,0.000000000,4.826118005,2.910761919,0.034688041,0.118745025,3.145004972,0,0.500000000
96.800659657,19968,5483,0,11922,8046,14481,562,172,180,68,112,7127,7354,174,388,1.690333070,2.588051202,30.957035500,151.249955762,5.942106247,2,0.000000000,nan,nan,0.000000000,7.640137977,3.584174090,0.037029036,0.117285002,3.834974952,0,0.500000000
96.900063038,19872,5612,0,11809,8063,14481,562,187,186,70,116,7127,7354,174,388,1.690333070,2.588051202,35.550837626,162.273286828,nan,nan,nan,nan,nan,0.000000000,4.478184972,3.279763972,0.040701882,0.099459023,3.551629023,0,0.500000000
96.998728037,20160,5802,0,12194,7966,14354,571,195,189,62,127,7116,7238,158,413,1.654911445,2.625982802,31.235560537,168.212552383,40.037155151,2,1.000000000,nan,nan,0.000000000,4.613146011,2.446891041,0.025777030,0.094231975,2.624448971,0,0.500000000
97.100059509,19968,5889,0,11973,7995,14075,559,190,186,71,115,6792,7283,160,399,1.645031276,2.650023942,40.997921052,178.889517480,nan,1,nan,nan,nan,0.000000000,4.123462015,2.109853027,0.024518115,0.057274010,2.263836970,0,0.500000000
97.200318336,20064,5951,0,12203,7861,14075,559,188,187,72,115,6792,7283,160,399,1.645031276,2.650023942,36.750569533,182.060875395,nan,nan,nan,nan,nan,0.000000000,4.549130041,3.350760089,0.041276042,0.067851041,3.634602006,0,0.500000000
97.300237894,19872,6058,0,11945,7927,14075,559,184,183,71,112,6792,7283,160,399,1.645031276,2.650023942,35.833767015,178.884701548,nan,nan,nan,nan,nan,0.000000000,6.785294972,4.654215998,0.046383007,0.073163013,4.960952036,0,0.500000000
97.401596785,19968,6172,0,12243,7725,13792,520,134,163,62,101,6681,7111,149,371,1.686305451,2.655760110,30.541154782,166.186027030,64.918994904,6,1.000000000,nan,nan,0.000000000,4.379427002,2.206451958,0.019670988,0.066052016,2.354470955,0,0.500000000
97.499596357,20064,6404,0,12300,7764,13656,533,190,169,73,96,6467,7189,159,374,1.669342638,2.594125216,39.029788709,162.197919300,4.891157150,2,0.000000000,nan,nan,0.000000000,5.421093956,2.964760060,0.035838981,0.090182002,3.198268008,0,0.500000000
97.600654364,20064,6460,0,12428,7636,13656,533,169,168,76,92,6467,7189,159,374,1.669342638,2.594125216,33.626102638,160.118706055,nan,nan,nan,nan,nan,0.000000000,9.892255010,7.482243993,0.086108048,0.146199018,8.086687012,0,0.500000000
97.700823545,20064,6549,0,12463,7601,13511,493,166,155,70,85,6574,6937,157,336,1.702774932,2.550021343,29.467127161,162.790280172,6.729125977,2,0.000000000,nan,nan,0.000000000,4.312600999,2.388073015,0.033668010,0.044867047,2.594557009,0,0.500000000
97.801692486,19872,6733,0,12626,7246,13135,493,168,168,80,88,6644,6491,163,330,1.764311454,2.580809396,39.525461931,198.463887318,16.118049622,5,1.000000000,nan,nan,0.000000000,13.503065973,7.587041007,0.085872016,0.147016020,8.187384985,0,0.500000000
97.900049686,20064,6866,0,12733,7331,13194,508,167,172,80,92,6609,6585,161,347,1.802186987,2.577358349,40.532467971,185.349598301,49.688577652,7,1.000000000,nan,nan,0.000000000,10.416546022,4.905103997,0.056959980,0.147106999,5.267756991,0,0.500000000
98.000018597,19872,6965,0,12751,7121,12903,507,180,185,76,109,6538,6365,154,353,1.996949651,2.559713064,43.348962520,176.676391849,6.132841110,2,0.000000000,nan,nan,0.000000000,7.765132003,3.693340055,0.041213993,0.057003053,3.965470998,0,0.500000000
98.098996162,20064,7064,0,13033,7031,12903,507,181,180,76,104,6538,6365,154,353,1.996949651,2.559713064,40.378317287,177.135399141,nan,nan,nan,nan,nan,0.000000000,5.684618955,4.252323939,0.057643920,0.109544024,4.638038983,0,0.500000000
98.200040817,20064,7191,0,13102,6962,12869,461,162,156,68,88,6615,6254,136,325,2.845689267,2.503426654,36.092346588,172.928063140,56.049585342,2,1.000000000,nan,nan,0.000000000,3.269321984,1.740647014,0.020955049,0.040602987,1.892581990,0,0.500000000
98.300064802,19968,7153,0,13122,6846,12811,454,156,155,73,82,6638,6173,141,313,2.883588543,2.493879317,31.397446995,186.992144308,39.745569229,4,1.000000000,nan,nan,0.000000000,5.715594976,2.723346988,0.030280033,0.073148985,2.954417025,0,0.500000000
98.400067806,19968,7307,0,13072,6896,12811,454,161,161,78,83,6638,6173,141,313,2.883588543,2.493879317,31.591548053,190.209957094,nan,nan,nan,nan,nan,0.000000000,4.840512003,3.492798947,0.034957018,0.180289033,3.748293966,0,0.500000000
98.499923944,19968,7245,0,13175,6793,12719,416,144,143,73,70,6580,6139,142,274,2.907332339,2.380605974,29.897755449,178.858693472,61.082601547,4,1.000000000,nan,nan,0.000000000,4.196553025,2.034223988,0.027914008,0.053683005,2.214137989,0,0.500000000
98.599976778,20064,7396,0,13133,6931,12719,416,142,139,71,68,6580,6139,142,274,2.907332339,2.380605974,28.122490917,161.007574262,nan,nan,nan,nan,nan,0.000000000,3.375734959,2.364883956,0.029094983,0.039547973,2.601908986,0,0.500000000
98.700639009,19968,7165,0,13155,6813,12799,406,142,138,74,64,6602,6197,150,256,3.016181199,2.125025161,29.406466480,137.416709275,30.748367310,12,1.000000000,nan,nan,0.000000000,8.348358970,3.588840947,0.037807040,0.091254013,3.869912995,0,0.500000000
98.800114870,20064,7330,0,13195,6869,12799,406,139,141,72,69,6602,6197,150,256,3.016181199,2.125025161,29.348671724,150.051989551,nan,nan,nan,nan,nan,0.000000000,2.953195013,2.013586054,0.022575085,0.031967997,2.187669976,0,0.500000000
98.903211355,19872,7125,0,13189,6683,12799,406,140,140,72,68,6602,6197,150,256,3.016181199,2.125025161,29.673803416,146.271117375,nan,nan,nan,nan,nan,0.000000000,4.111685033,2.809787926,0.031543954,0.052314019,3.054106026,0,0.500000000
98.999048948,20160,7467,0,13486,6674,12689,418,150,146,77,69,6518,6171,157,261,3.103684333,1.945350311,31.594641304,159.977223998,nan,1,nan,nan,nan,0.000000000,7.920606004,4.721531994,0.058714068,0.177657988,5.147248041,0,0.500000000
99.100132704,19968,7261,0,13409,6559,12703,419,149,138,83,55,6649,6054,164,255,3.110876984,1.722168214,30.766641057,136.415674465,115.723848343,5,1.000000000,nan,nan,0.000000000,2.945201006,1.625350036,0.019787112,0.057433033,1.775089011,0,0.500000000
99.200882435,19968,7346,0,13431,6537,12618,422,146,142,79,63,6534,6084,165,257,3.135209508,1.507594589,28.951540966,151.586500822,5.866527557,10,0.000000000,nan,nan,0.000000000,2.526747005,1.314478985,0.015700003,0.027571979,1.436082995,0,0.500000000
99.300005674,19584,7296,0,13088,6496,12284,411,139,143,91,52,6234,6050,165,246,3.091376108,1.446268861,29.977642357,137.599565139,5.188703537,2,0.000000000,nan,nan,0.000000000,6.044289970,2.875503968,0.032185053,0.065161032,3.124331008,0,0.500000000
99.400567532,20448,7301,0,13812,6636,12284,411,148,151,92,59,6234,6050,165,246,3.091376108,1.446268861,30.508005768,141.745590428,nan,nan,nan,nan,nan,0.000000000,3.228278016,2.296813997,0.031270029,0.041823951,2.532729995,0,0.500000000
99.499976635,19968,7234,0,13366,6602,12730,412,147,154,92,62,6513,6217,161,251,3.129434129,1.204635622,34.679603067,140.796047067,nan,1,nan,nan,nan,0.000000000,3.254444979,1.682085916,0.022295048,0.051302020,1.847521984,0,0.500000000
99.600033760,20064,7189,0,13490,6574,12871,419,144,145,82,63,6675,6196,160,259,3.127434364,1.189217544,33.883085672,139.450278689,4.456996918,3,0.000000000,nan,nan,0.000000000,7.559861988,4.241778923,0.053921016,0.199923990,4.690471047,0,0.500000000
99.700075865,19968,7132,0,13361,6607,12871,419,147,149,87,62,6675,6196,160,259,3.127434364,1.189217544,31.710489456,142.739296076,nan,nan,nan,nan,nan,0.000000000,5.571824033,3.557744960,0.040290935,0.059139042,3.856884025,0,0.500000000
99.800131083,19968,7118,0,13464,6504,12871,419,150,150,87,63,6675,6196,160,259,3.127434364,1.189217544,32.765028320,142.432386943,nan,nan,nan,nan,nan,0.000000000,2.233438019,1.450415060,0.013576937,0.029310002,1.560007979,0,0.500000000
99.900111675,19680,6924,0,13182,6498,12871,419,149,148,86,62,6675,6196,160,259,3.127434364,1.189217544,32.584551667,139.057192974,nan,nan,nan,nan,nan,0.000000000,4.843669012,3.399424080,0.035783043,0.076637953,3.673410974,0,0.500000000
100.000579119,20352,7228,0,13673,6679,13120,420,144,149,91,58,6858,6262,167,253,3.125580227,1.199901244,32.722764982,137.589365261,2.774715424,2,0.000000000,nan,nan,0.000000000,8.859299996,4.552015977,0.053108030,0.157836999,4.944129963,0,0.500000000
100.100170612,19968,6930,0,13239,6729,13034,427,164,151,89,62,6680,6354,169,258,3.167769940,1.208450792,32.436478262,147.048091973,13.256072998,6,0.000000000,nan,nan,0.000000000,5.293502007,2.507700003,0.032121956,0.101893034,2.744811994,0,0.500000000
100.200034857,20064,6739,0,13360,6704,13321,415,147,149,95,54,7026,6295,171,244,3.123461973,1.230182493,36.062583451,137.786799509,47.039508820,5,1.000000000,nan,nan,0.000000000,10.287430021,6.448631990,0.065184024,0.183281023,6.938022038,0,0.500000000
100.300054550,19968,6831,0,13101,6867,13133,436,164,162,103,59,6685,6448,185,251,3.174811224,1.246215279,39.341793632,156.146744193,nan,1,nan,nan,nan,0.000000000,8.304379997,4.086950037,0.048423011,0.535700994,4.425659019,0,0.500000000
100.400595903,20064,6571,0,13120,6944,13489,435,156,157,98,59,6996,6493,185,250,3.119583563,1.247112245,40.624522137,142.294334645,nan,1,nan,nan,nan,0.000000000,3.346765996,1.822609047,0.024754030,0.094077957,2.010086027,0,0.500000000
100.500250578,19872,6567,0,12859,7013,13301,423,150,148,96,52,6754,6547,179,244,3.184744859,1.278189699,36.952383778,119.596396814,nan,1,nan,nan,nan,0.000000000,7.474710001,3.165695001,0.038348895,0.105305982,3.448267991,0,0.500000000
100.599921703,20064,6288,0,12925,7139,13301,423,149,147,93,54,6754,6547,179,244,3.184744859,1.278189699,32.319968802,126.126718410,nan,nan,nan,nan,nan,0.000000000,4.410295980,2.999410965,0.041398976,0.154025969,3.307336010,0,0.500000000
100.699954271,19200,6241,0,12301,6899,13301,423,148,148,93,55,6754,6547,179,244,3.184744859,1.278189699,34.431438774,128.705650970,nan,nan,nan,nan,nan,0.000000000,7.318081043,4.448588996,0.046378002,0.160166004,4.778690054,0,0.500000000
100.797773600,20736,6199,0,13270,7466,14533,380,139,138,79,59,7622,6911,149,231,3.099140583,1.326044879,26.370160079,142.244136330,nan,1,nan,nan,nan,0.000000000,4.270257021,1.847367967,0.025017012,0.089595036,2.042020031,0,0.500000000
100.899403095,20064,6188,0,12748,7316,13872,399,147,144,84,60,7164,6708,159,240,3.150980148,1.300501998,22.061862765,120.557710247,13.922929764,3,0.000000000,nan,nan,0.000000000,3.245632979,1.483341097,0.018411025,0.054356002,1.622238022,0,0.500000000
101.001746655,19968,5863,0,12788,7180,14101,380,126,131,78,53,7510,6591,152,228,3.110812747,1.345421160,19.604055495,121.433850241,nan,1,nan,nan,nan,0.000000000,8.868752979,4.482972086,0.060008024,0.266259012,4.990831017,0,0.500000000
101.099924564,20064,5558,0,12599,7465,14502,411,144,144,85,59,7703,6799,168,243,3.101226451,1.323765057,22.280681719,140.001708395,nan,1,nan,nan,nan,0.000000000,11.598662008,5.793999997,0.072409923,0.131296983,6.326158007,0,0.500000000
101.200048447,19872,5269,0,12381,7491,14502,411,146,145,87,58,7703,6799,168,243,3.101226451,1.323765057,23.021701955,142.803512556,nan,nan,nan,nan,nan,0.000000000,4.819780006,3.012333065,0.036448007,0.042652013,3.289412009,0,0.500000000
101.300922632,20064,5197,0,12572,7492,14502,411,149,147,88,59,7703,6799,168,243,3.101226451,1.323765057,25.270772823,144.710623508,nan,nan,nan,nan,nan,0.000000000,2.170399006,1.375576074,0.017432030,0.035347010,1.501755964,0,0.500000000
101.400142431,19584,4685,0,12057,7527,14895,387,145,145,90,55,8088,6807,168,219,3.071286711,1.367190185,23.584020103,150.270929624,nan,1,nan,nan,nan,0.000000000,2.496097004,1.161724969,0.015211932,0.040474988,1.277790987,0,0.500000000
101.498008490,20256,5071,0,12859,7397,15181,399,148,143,94,49,8536,6645,173,226,3.036288036,1.389719764,24.966715912,152.681649554,61.676025391,9,1.000000000,nan,nan,0.000000000,4.664606997,2.052807948,0.026857073,0.064365973,2.253076003,0,0.500000000
101.598945141,19968,4777,0,12498,7470,15187,388,143,142,95,47,8496,6691,172,216,3.034091505,1.407820346,22.267989451,139.583661066,75.270891190,3,1.000000000,nan,nan,0.000000000,8.008126053,2.561010944,0.015888014,0.036192010,2.681094978,0,0.500000000
101.699025869,20064,4786,0,12549,7515,15274,398,142,135,91,44,8495,6779,175,223,3.026091592,1.411497436,21.768307971,132.722531406,25.876998901,4,1.000000000,nan,nan,0.000000000,10.572244995,4.511168925,0.052693009,0.121623976,4.915966012,0,0.500000000
101.799963713,20064,4538,0,12495,7569,15274,398,138,137,93,44,8495,6779,175,223,3.026091592,1.411497436,20.324493306,132.892541648,nan,nan,nan,nan,nan,0.000000000,3.915763053,2.352485957,0.028056966,0.055645010,2.567971998,0,0.500000000
101.900194168,19968,4513,0,12399,7569,15274,398,138,137,93,44,8495,6779,175,223,3.026091592,1.411497436,20.323373851,132.901938915,nan,nan,nan,nan,nan,0.000000000,4.507488979,2.786691068,0.032762997,0.070228009,3.036067996,0,0.500000000
101.999930143,19968,4397,0,12409,7559,15567,397,136,143,85,58,8775,6792,182,215,2.969388828,1.535874815,26.639828549,147.955825734,4.638910294,2,0.000000000,nan,nan,0.000000000,8.052057994,3.494664968,0.040383951,0.241130008,3.805415996,0,0.500000000
102.099073887,19968,4329,0,12127,7841,15635,418,141,140,86,54,8492,7143,178,240,2.976349525,1.545582385,29.214480482,154.764668644,9.283065796,2,0.000000000,nan,nan,0.000000000,3.887133964,1.772187010,0.020936015,0.092545000,1.930413011,0,0.500000000
102.198859215,20064,4100,0,12315,7749,15960,433,151,154,90,64,8832,7128,185,248,2.905983473,1.669261957,30.951861623,176.688690847,nan,1,nan,nan,nan,0.000000000,11.886842025,5.059112969,0.056735007,0.128997024,5.475289945,0,0.500000000
102.304448843,19968,4109,0,11875,8093,15960,433,158,159,92,67,8832,7128,185,248,2.905983473,1.669261957,31.162678268,181.913339047,nan,nan,nan,nan,nan,0.000000000,4.410416994,2.772487001,0.033045013,0.037585967,3.003199992,0,0.500000000
102.399935722,19584,3929,0,11595,7989,15960,433,159,156,90,66,8832,7128,185,248,2.905983473,1.669261957,30.169451616,175.499062870,nan,nan,nan,nan,nan,0.000000000,4.403967003,2.995221002,0.040381041,0.076622004,3.289134998,0,0.500000000
102.501714230,19392,3943,0,11522,7870,15960,433,157,158,92,66,8832,7128,185,248,2.905983473,1.669261957,31.233861306,176.469222116,nan,nan,nan,nan,nan,0.000000000,5.240322032,3.358015092,0.041483960,0.058114994,3.659421054,0,0.500000000
102.599133253,21024,4163,0,12293,8731,16857,444,123,137,73,64,8542,8315,165,279,2.813289070,2.010583233,36.955438039,160.298062257,4.396200180,2,0.000000000,nan,nan,0.000000000,3.628358012,1.562850026,0.015266938,0.130154949,1.685021969,0,0.500000000
102.699983835,19968,3870,0,11501,8467,16094,448,139,153,79,74,8065,8029,162,286,2.809296311,2.000996003,38.252806574,187.600824787,49.830436707,6,1.000000000,nan,nan,0.000000000,5.349144980,2.232688072,0.024459034,0.092686969,2.417907002,0,0.500000000
102.799981356,19872,3847,0,11710,8162,16021,441,143,146,69,77,8316,7705,166,275,2.750201415,2.044102238,26.524459525,195.504341932,nan,1,nan,nan,nan,0.000000000,5.495855003,2.942480030,0.035493111,0.114820024,3.207521979,0,0.500000000
102.901582003,20160,3811,0,11562,8598,16345,453,153,157,71,86,8263,8082,166,287,2.714999879,1.989093786,38.052096965,172.502880007,23.622512817,7,1.000000000,nan,nan,0.000000000,4.446364997,2.097452991,0.027398986,0.081673032,2.296218008,0,0.500000000
103.000045538,19968,3672,0,11649,8319,16292,453,148,148,76,72,8425,7867,165,288,2.656032631,2.126759722,33.175234412,183.479853759,4.780292511,2,0.000000000,nan,nan,0.000000000,8.111292031,3.413814004,0.037074962,0.073941017,3.691054008,0,0.500000000
103.100736856,19968,3786,0,11546,8422,16178,468,158,155,73,82,8225,7953,167,301,2.673889359,2.076829110,41.005550325,183.151622627,69.303035736,3,1.000000000,nan,nan,0.000000000,8.693901997,3.945970966,0.045700988,0.105854997,4.266618984,0,0.500000000
103.199883461,19968,3595,0,11552,8416,16369,463,155,154,71,83,8320,8049,161,302,2.579916019,2.100785851,40.878779999,192.446916045,5.656719208,2,0.000000000,nan,nan,0.000000000,8.441836049,2.764880890,0.017220038,0.046722998,2.890826028,0,0.500000000
103.300274611,19968,3640,0,11514,8454,16324,475,155,161,77,84,8226,8098,164,311,2.608053224,2.147767874,42.856402077,171.701898950,14.361858368,6,0.000000000,nan,nan,0.000000000,10.704941989,6.299132016,0.086501008,0.311148004,6.850361999,0,0.500000000
103.400014639,19968,3516,0,11391,8577,16448,475,151,148,69,79,8164,8284,160,315,2.559131280,2.131689806,36.432335101,175.673014727,4.683732986,2,0.000000000,nan,nan,0.000000000,7.215503021,2.804826014,0.030746916,0.052388001,3.028945997,0,0.500000000
103.499962807,20064,3518,0,11482,8582,16542,488,156,161,64,97,8247,8295,161,327,2.522821423,2.215697835,41.443937749,176.985846391,4.146814346,2,0.000000000,nan,nan,0.000000000,9.448978002,5.276491051,0.066855049,0.176814967,5.761291017,0,0.500000000
103.599896431,19968,3463,0,11267,8701,16501,499,164,165,72,93,8056,8445,171,328,2.478520932,2.231298344,40.456217175,181.235820837,nan,1,nan,nan,nan,0.000000000,3.982365015,2.199392999,0.027919014,0.095788040,2.408345987,0,0.500000000
103.702112675,19392,3442,0,10951,8441,16501,499,165,163,69,94,8056,8445,171,328,2.478520932,2.231298344,42.766620651,184.748589450,nan,nan,nan,nan,nan,0.000000000,6.033118989,4.185871978,0.054135919,0.174769026,4.563571012,0,0.500000000
103.800586224,20640,3461,0,11839,8801,16501,499,162,163,71,92,8056,8445,171,328,2.478520932,2.231298344,44.004255630,191.710280694,nan,nan,nan,nan,nan,0.000000000,5.245539011,3.367341997,0.028106966,0.080110971,3.574874019,0,0.500000000
103.900029898,20064,3370,0,11627,8437,16501,499,165,168,71,97,8056,8445,171,328,2.478520932,2.231298344,43.798701613,193.553600490,nan,nan,nan,nan,nan,0.000000000,2.373669005,1.593859051,0.019100960,0.042532978,1.726251969,0,0.500000000
103.999934196,19968,3354,0,11323,8645,16610,493,139,159,57,102,8140,8470,156,337,2.271960754,2.723482785,34.829075017,185.675758717,9.809494019,3,0.000000000,nan,nan,0.000000000,7.037972973,2.893737052,0.028552953,0.143200043,3.110939986,0,0.500000000
104.099931717,19872,3064,0,11453,8419,16610,493,176,177,66,111,8140,8470,156,337,2.271960754,2.723482785,39.918665518,194.202352289,nan,nan,nan,nan,nan,0.000000000,2.261086018,1.474581019,0.020657026,0.027858012,1.601205033,0,0.500000000
104.199603558,20064,3267,0,11497,8567,16793,484,161,168,63,105,8402,8391,153,331,2.224612920,2.717155816,43.152681989,194.355940943,44.281244278,12,1.000000000,nan,nan,0.000000000,4.048068018,1.825422980,0.021165062,0.047194015,1.973603969,0,0.500000000
104.300002098,20160,3186,0,11829,8331,16970,474,171,173,64,109,8845,8125,145,329,2.212421449,2.778191269,41.293630932,186.688544180,3.986358643,2,0.000000000,nan,nan,0.000000000,5.854215997,2.615392033,0.030311057,0.045583001,2.823964984,0,0.500000000
104.400023460,19872,3427,0,11543,8329,16441,450,168,165,68,97,8369,8072,146,304,2.198133257,2.754534376,38.993971339,138.011616254,nan,1,nan,nan,nan,0.000000000,5.639985029,3.142713977,0.044024957,0.098743010,3.443480004,0,0.500000000
104.500061989,20064,3385,0,11801,8263,16675,431,157,171,63,108,8734,7941,146,285,2.171576736,2.783017510,44.033118025,206.099096430,5.342245102,2,0.000000000,nan,nan,0.000000000,4.106703971,1.762523898,0.023029046,0.068977010,1.930352009,0,0.500000000
104.600060463,19584,3519,0,11466,8118,16061,422,151,153,57,96,8303,7758,145,277,2.092203124,2.776915988,37.286758841,198.540110658,nan,1,nan,nan,nan,0.000000000,5.616261973,2.416993026,0.028577051,0.078875979,2.625655034,0,0.500000000
104.698911428,20352,3559,0,12026,8326,16789,400,134,139,60,79,8885,7904,149,251,2.134871684,2.795582576,35.882764973,144.559517749,59.826135635,4,1.000000000,nan,nan,0.000000000,5.271035014,2.110834932,0.025001995,0.067407032,2.300837019,0,0.500000000
104.799506426,20160,3717,0,11918,8242,16439,407,135,135,51,84,8618,7821,142,265,2.066164537,2.791605261,32.118139050,148.750579674,30.354022980,3,1.000000000,nan,nan,0.000000000,5.019679025,1.984452014,0.023887958,0.055966026,2.168940031,0,0.500000000
104.899968386,19872,3702,0,11906,7966,16166,385,130,131,58,73,8600,7566,132,253,2.020483032,2.785236572,35.609221743,121.666876418,4.178762436,2,0.000000000,nan,nan,0.000000000,8.018854947,2.894856967,0.033494085,0.070255017,3.158083011,0,0.500000000
104.998753071,20064,3787,0,12053,8011,16273,366,122,128,56,72,8690,7583,121,245,1.942935602,2.797152199,34.270473844,132.027487630,5.046367645,2,0.000000000,nan,nan,0.000000000,10.496105009,5.006297957,0.064273016,0.140389951,5.543848034,0,0.500000000
105.100041151,19968,3721,0,11942,8026,16243,348,112,108,51,57,8578,7665,118,230,1.998402315,2.726262338,29.289901473,75.627769525,nan,1,nan,nan,nan,0.000000000,4.768593004,1.791651128,0.021212036,0.048942980,1.970174024,0,0.500000000
105.199919224,20064,3753,0,12141,7923,16243,348,110,108,49,59,8578,7665,118,230,1.998402315,2.726262338,29.129942129,73.558188604,nan,nan,nan,nan,nan,0.000000000,4.122779996,2.573403006,0.030478986,0.054620963,2.848203003,0,0.500000000
105.299861670,19392,3693,0,11465,7927,16243,348,108,108,49,59,8578,7665,118,230,1.998402315,2.726262338,29.242990707,76.269860072,nan,nan,nan,nan,nan,0.000000000,7.410610036,4.770764965,0.041420979,0.065475993,5.161814974,0,0.500000000
105.396359921,20640,3870,0,12603,8037,16243,348,108,107,48,59,8578,7665,118,230,1.998402315,2.726262338,28.138394011,72.135356901,nan,nan,nan,nan,nan,0.000000000,4.772682965,2.656771045,0.027906965,0.050017028,2.902870998,0,0.500000000
105.500138998,20064,3891,0,11881,8183,16169,309,115,107,43,64,8272,7897,115,194,1.987383327,2.109527449,25.899605728,84.831760654,52.776575089,4,1.000000000,nan,nan,0.000000000,4.118678975,1.635293942,0.022192893,0.044869026,1.832439040,0,0.500000000
105.600066185,19968,3810,0,12084,7884,16154,296,104,100,43,57,8493,7661,112,184,1.938259789,2.191806564,26.507662093,84.860775507,nan,1,nan,nan,nan,0.000000000,5.875338975,2.185748948,0.026426045,0.057781988,2.422262973,0,0.500000000
105.699964762,19968,3812,0,11817,8151,16152,287,111,107,43,64,8204,7948,108,179,1.953895349,1.812373986,27.321790254,65.679605844,18.734216690,3,1.000000000,nan,nan,0.000000000,5.854237999,2.280214976,0.053457974,0.077337027,2.741008997,0,0.500000000
105.799938440,19680,3743,0,11949,7731,16152,287,109,107,42,65,8204,7948,108,179,1.953895349,1.812373986,26.192364000,66.312014069,nan,nan,nan,nan,nan,0.000000000,3.356112051,1.893820008,0.027080008,0.039378006,2.134313982,0,0.500000000
105.899210930,20064,3795,0,11787,8277,16265,278,101,101,40,61,8137,8128,108,170,1.797165840,1.930999571,24.812471228,63.827870248,69.002389908,5,1.000000000,nan,nan,0.000000000,8.385709021,2.422107907,0.030719966,0.042125001,2.710395958,0,0.500000000
105.999649763,20160,3728,0,11971,8189,16428,256,94,89,32,57,8338,8090,93,163,1.538548058,2.043021966,24.520930552,59.678185258,45.563220978,3,1.000000000,nan,nan,0.000000000,3.966329969,1.257044962,0.017029000,0.024212000,1.418976986,0,0.500000000
106.100524426,20160,3684,0,11960,8200,16472,261,90,94,38,56,8382,8090,93,168,1.475093527,2.259119915,27.046396121,69.730824872,nan,1,nan,nan,nan,0.000000000,5.952189968,1.901798940,0.023563101,0.041168998,2.131901972,0,0.500000000
106.199989319,19968,3461,0,11633,8335,16503,276,93,100,41,59,8253,8250,103,173,1.413195276,2.360662639,29.494169997,81.402553251,43.210744858,5,1.000000000,nan,nan,0.000000000,7.956465997,2.992795140,0.038751983,0.020047009,3.369341022,0,0.500000000
106.301078320,19680,3215,0,11402,8278,16503,276,97,94,38,56,8253,8250,103,173,1.413195276,2.360662639,26.525735130,71.653395692,nan,nan,nan,nan,nan,0.000000000,4.540368973,2.459094045,0.028924027,0.032569049,2.739858988,0,0.500000000
106.398980379,19488,3475,0,11348,8140,16009,251,79,92,36,56,7927,8082,89,162,1.384927456,2.444273095,29.826054117,76.375718668,30.127286911,2,1.000000000,nan,nan,0.000000000,7.917957031,2.115889976,0.017967017,0.037610007,2.299889980,0,0.500000000
106.498737097,20256,3923,0,11812,8444,16009,251,88,89,34,55,7927,8082,89,162,1.384927456,2.444273095,27.849338419,72.216090615,nan,nan,nan,nan,nan,0.000000000,3.104227013,1.657973917,0.020869949,0.037743011,1.870509994,0,0.500000000
106.599231482,20064,3908,0,11851,8213,16009,251,89,89,34,55,7927,8082,89,162,1.384927456,2.444273095,28.513097552,72.272385080,nan,nan,nan,nan,nan,0.000000000,5.455665989,2.753456007,0.026868016,0.046811998,3.028908046,0,0.500000000
106.699843407,19776,3920,0,11534,8242,16009,251,89,89,34,55,7927,8082,89,162,1.384927456,2.444273095,28.510884764,72.205587674,nan,nan,nan,nan,nan,0.000000000,3.789361974,1.731964003,0.014301972,0.032726966,1.882100012,0,0.500000000
106.803977489,19488,3902,0,11566,7922,15582,257,90,87,33,54,7664,7918,85,172,1.346129012,2.407409945,24.884053720,59.085725640,49.868106842,4,1.000000000,nan,nan,0.000000000,3.237210040,1.102805953,0.013167039,0.048768998,1.232708979,0,0.500000000
106.898558855,20832,4224,0,12145,8687,16604,262,84,84,34,50,7950,8654,88,174,1.304841540,2.141455959,23.909267370,62.473956252,nan,1,nan,nan,nan,0.000000000,4.584725015,1.485835935,0.016836973,0.052357966,1.661068003,0,0.500000000
107.000966787,19872,4040,0,11709,8163,15828,258,82,90,35,55,7696,8132,86,172,1.296325174,2.303598867,24.607855198,69.457726165,nan,1,nan,nan,nan,0.000000000,2.907684015,1.103953982,0.013429031,0.046413043,1.242899976,0,0.500000000
107.099846125,20160,4084,0,11431,8729,15828,258,90,88,34,54,7696,8132,86,172,1.296325174,2.303598867,22.658121875,66.945045804,nan,nan,nan,nan,nan,0.000000000,3.401537018,1.920072013,0.024381967,0.041511026,2.188201994,0,0.500000000
107.200070620,19968,4168,0,11703,8265,15796,277,100,92,31,61,7598,8198,87,190,1.254896031,2.270126952,24.517650456,63.438499850,5.754709244,4,0.000000000,nan,nan,0.000000000,2.293670026,0.852666039,0.010745949,0.027142989,0.955312978,0,0.500000000
107.299923658,20064,4265,0,11513,8551,15796,277,88,90,29,61,7598,8198,87,190,1.254896031,2.270126952,23.327059132,48.324952791,nan,nan,nan,nan,nan,0.000000000,2.748908999,1.559485914,0.019472092,0.050203002,1.754651021,0,0.500000000
107.400745869,19968,4334,0,11816,8152,15630,263,89,90,29,61,7589,8041,83,180,1.214653828,2.115898809,22.580247211,75.206070326,nan,1,nan,nan,nan,0.000000000,3.150907985,1.089409983,0.012857083,0.017747981,1.213309995,0,0.500000000
107.500100613,19968,4382,0,11620,8348,15630,263,89,90,31,59,7589,8041,83,180,1.214653828,2.115898809,22.843602555,72.517578550,nan,nan,nan,nan,nan,0.000000000,3.503693035,2.028537972,0.027123024,0.076911994,2.308347961,0,0.500000000
107.599949121,19680,4411,0,11640,8040,15265,262,87,87,29,58,7375,7890,83,179,1.204304395,2.105142515,23.153381356,58.416975844,nan,1,nan,nan,nan,0.000000000,8.876006003,3.718223015,0.043510983,0.126064988,4.165747028,0,0.500000000
107.702570677,20352,4656,0,12028,8324,15692,262,92,91,28,63,7534,8158,81,181,1.191017211,1.728356461,22.060400236,62.928749241,29.901266098,2,1.000000000,nan,nan,0.000000000,7.536154997,2.949307032,0.040619925,0.090445974,3.337758011,0,0.500000000
107.799847126,20064,4582,0,11884,8180,15478,259,90,89,30,59,7475,8003,79,180,1.196397114,1.894131470,24.240959176,73.215242080,4.117250443,2,0.000000000,nan,nan,0.000000000,4.188620020,1.371678954,0.017050013,0.030537019,1.535295974,0,0.500000000
107.900060654,20064,4771,0,11674,8390,15289,272,94,93,28,65,7055,8234,76,196,1.174952399,1.837298324,27.380716255,69.875872158,63.932418823,3,1.000000000,nan,nan,0.000000000,3.806490975,1.655181986,0.021903019,0.044566987,1.857502037,0,0.500000000
108.000028372,19968,4840,0,11694,8274,15124,264,90,99,29,70,7046,8078,75,189,1.165830392,1.768827177,26.803389542,94.135441819,59.448480606,5,1.000000000,nan,nan,0.000000000,3.835817042,1.687609998,0.023424043,0.067977002,1.909322978,0,0.500000000
108.099957228,20064,4859,0,11708,8356,15201,266,91,90,22,68,6966,8235,74,192,1.160833526,1.589232831,25.398004364,73.109822165,45.058012009,7,1.000000000,nan,nan,0.000000000,6.612419034,2.943828935,0.037201971,0.077939010,3.301260003,0,0.500000000
108.200746059,19968,4900,0,11649,8319,15064,258,87,91,23,68,6903,8161,73,185,1.155852498,1.546194732,25.817668944,85.981483211,nan,1,nan,nan,nan,0.000000000,8.736936026,2.988320892,0.036823039,0.084069034,3.358897986,0,0.500000000
108.299840450,19872,5009,0,11778,8094,15064,258,91,93,24,69,6903,8161,73,185,1.155852498,1.546194732,26.624073997,91.502999114,nan,nan,nan,nan,nan,0.000000000,3.391002014,1.787790970,0.023326953,0.036941026,2.007751027,0,0.500000000
108.401578188,19872,4944,0,11583,8289,15064,258,91,92,23,69,6903,8161,73,185,1.155852498,1.546194732,26.603643090,89.833914825,nan,nan,nan,nan,nan,0.000000000,2.706821950,1.589476073,0.021685031,0.027951959,1.795315999,0,0.500000000
108.499643326,20352,5358,0,12316,8036,14990,234,83,86,20,66,7041,7949,64,170,1.222189032,1.454902742,24.061322261,72.126858277,80.167770386,6,1.000000000,nan,nan,0.000000000,5.947279045,2.293470025,0.030417927,0.068966998,2.600348031,0,0.500000000
108.599871397,19968,4971,0,11602,8366,14993,238,88,93,22,71,6737,8256,65,173,1.204087196,1.379409832,26.281348764,70.014195996,9.982585907,3,0.000000000,nan,nan,0.000000000,7.038687007,1.823801023,0.010057003,0.028538983,1.926291967,0,0.500000000
108.699834824,19968,5153,0,11853,8115,14811,236,86,84,23,61,6770,8041,66,170,1.205015542,1.423601758,23.511857549,62.606574879,nan,1,nan,nan,nan,0.000000000,7.904813974,2.563400019,0.033703982,0.066599983,2.904820023,0,0.500000000
108.799840450,20256,5247,0,11621,8635,15005,228,90,83,20,63,6469,8536,57,171,1.252039953,1.398386030,21.089453909,59.388188060,3.990173340,2,0.000000000,nan,nan,0.000000000,6.729143031,2.478258975,0.032286043,0.050188042,2.812044055,0,0.500000000
108.900932312,19872,5245,0,11826,8046,15005,228,84,84,20,64,6469,8536,57,171,1.252039953,1.398386030,21.848065640,55.102929547,nan,nan,nan,nan,nan,0.000000000,2.727469953,1.339951064,0.017165963,0.025587040,1.515308046,0,0.500000000
108.999851942,20064,5510,0,11807,8257,14550,234,90,91,24,67,6363,8187,61,173,1.347831553,1.334725098,26.414420163,61.484107901,30.134916306,8,1.000000000,nan,nan,0.000000000,7.185800001,1.608930994,0.009840005,0.015260011,1.710098004,0,0.500000000
109.099925995,19872,5413,0,11900,7972,14550,234,92,92,24,68,6363,8187,61,173,1.347831553,1.334725098,27.306007951,61.738253490,nan,nan,nan,nan,nan,0.000000000,2.329520008,1.205774024,0.012567034,0.018234015,1.337931026,0,0.500000000
109.202459812,19968,5623,0,11893,8075,14550,234,92,91,24,67,6363,8187,61,173,1.347831553,1.334725098,26.127836430,61.212026080,nan,nan,nan,nan,nan,0.000000000,3.415764018,1.898487972,0.028087932,0.030906987,2.164458972,0,0.500000000
109.298864603,20160,5633,0,12334,7826,14523,226,88,89,22,67,6910,7613,61,165,1.293757327,1.399203343,24.883524261,59.539793817,106.199979782,5,1.000000000,nan,nan,0.000000000,4.409550980,1.692636055,0.023119966,0.050465984,1.923508011,0,0.500000000
109.399971962,19776,5877,0,11907,7869,14523,226,88,89,21,68,6910,7613,61,165,1.293757327,1.399203343,24.821481865,59.968046099,nan,nan,nan,nan,nan,0.000000000,2.023704001,0.969312096,0.007302966,0.010288961,1.047690981,0,0.500000000
109.499881268,20256,5801,0,12324,7932,14451,231,86,87,21,66,6882,7569,60,171,1.259403636,1.463106630,22.732079720,57.800126463,70.100307465,5,1.000000000,nan,nan,0.000000000,3.642588039,1.544814033,0.021696964,0.034749042,1.762028027,0,0.500000000
109.599836588,20064,6112,0,12197,7867,13948,232,90,89,21,68,6459,7489,61,171,1.243887423,1.499465893,24.503599572,49.436239393,46.498060226,3,1.000000000,nan,nan,0.000000000,5.801949999,2.483159013,0.034361088,0.124460028,2.821580973,0,0.500000000
109.699882269,19872,5999,0,12108,7764,13869,228,91,90,23,67,6617,7252,57,171,1.218582017,1.490366687,24.744496164,50.579774721,6.188392639,2,0.000000000,nan,nan,0.000000000,5.962494004,1.906475984,0.025950954,0.031100004,2.165253973,0,0.500000000
109.799921036,20160,6358,0,12346,7814,13798,226,94,88,23,65,6557,7241,55,171,1.209940925,1.512035420,25.489603841,52.662122844,nan,1,nan,nan,nan,0.000000000,2.514779975,0.801103946,0.011999044,0.020078034,0.918460952,0,0.500000000
109.899925232,19872,6177,0,12159,7713,13798,226,87,87,23,64,6557,7241,55,171,1.209940925,1.512035420,25.249456171,52.928235375,nan,nan,nan,nan,nan,0.000000000,2.089501009,1.149629941,0.015855010,0.023739995,1.318356022,0,0.500000000
109.998769760,19392,6298,0,12317,7075,13090,215,96,88,24,64,6623,6467,52,163,1.173640453,1.665598937,23.829234853,42.838640072,49.717903137,3,1.000000000,nan,nan,0.000000000,2.599411004,0.892385899,0.013983052,0.029999006,1.032928005,0,0.500000000
110.099869490,20736,6510,0,12705,8031,14222,220,92,91,25,66,6919,7303,52,168,1.154645370,1.617599743,24.788104985,46.540674650,14.253377914,3,0.000000000,nan,nan,0.000000000,5.979631038,2.111195005,0.023686967,0.119331002,2.409540990,0,0.500000000
110.200034857,19968,6579,0,12584,7384,13385,225,100,92,20,72,6711,6674,51,174,1.138822194,1.726750405,22.454533965,68.854964062,nan,1,nan,nan,nan,0.000000000,5.693552957,2.440608048,0.046478992,0.049729017,2.837445005,0,0.500000000
110.299978733,19776,6429,0,12216,7560,13343,220,87,89,21,68,6507,6836,51,169,1.124172177,1.708209286,21.676708913,45.452833212,5.843639374,2,0.000000000,nan,nan,0.000000000,1.967477961,0.681403035,0.014050922,0.027322967,0.782675983,0,0.500000000
110.398934126,20160,6902,0,12893,7267,13254,217,88,90,21,69,6739,6515,52,165,1.110939639,1.877256811,22.444992352,44.202386339,nan,1,nan,nan,nan,0.000000000,1.907825004,0.734333007,0.010444026,0.019837986,0.837746018,0,0.500000000
110.499949455,20064,6737,0,12538,7526,13323,222,90,91,23,68,6517,6806,52,170,1.103700639,1.734735687,25.376160016,53.537095720,nan,1,nan,nan,nan,0.000000000,3.815233009,1.561205077,0.023770030,0.028031005,1.788548019,0,0.500000000
110.599880219,20064,6880,0,12731,7333,13323,222,91,91,23,68,6517,6806,52,170,1.103700639,1.734735687,25.636713099,51.288183188,nan,nan,nan,nan,nan,0.000000000,5.553709983,3.040126001,0.035430014,0.063961023,3.392692015,0,0.500000000
110.699918270,19968,6857,0,12577,7391,13323,222,91,92,23,69,6517,6806,52,170,1.103700639,1.734735687,25.634596347,51.907735251,nan,nan,nan,nan,nan,0.000000000,3.136723011,1.622252865,0.023442961,0.022861990,1.844129991,0,0.500000000
110.802090406,19968,7071,0,12769,7199,12893,232,92,92,21,71,6403,6490,53,179,1.051053302,1.927365281,24.146737282,45.152108399,nan,1,nan,nan,nan,0.000000000,8.797428047,3.306213941,0.053038006,0.110058987,3.773253993,0,0.500000000
110.899875164,20064,7111,0,12771,7293,12949,233,96,92,27,65,6264,6685,51,182,1.042809179,1.828240163,26.040689692,48.387045690,5.730628967,2,0.000000000,nan,nan,0.000000000,3.273223003,1.307532017,0.020078034,0.041920983,1.498509955,0,0.500000000
110.999963999,19872,7006,0,12622,7250,12949,233,95,94,27,67,6264,6685,51,182,1.042809179,1.828240163,24.443439857,44.900803752,nan,nan,nan,nan,nan,0.000000000,3.173925972,1.707394025,0.019870989,0.053438009,1.925739984,0,0.500000000
111.099869013,20064,7285,0,12734,7330,12775,225,94,91,24,67,6061,6714,50,175,1.012978258,1.850837000,21.502424138,41.582099818,15.840530396,4,1.000000000,nan,nan,0.000000000,3.848174005,1.390157966,0.020568958,0.024236040,1.592607994,0,0.500000000
111.199932814,19968,7119,0,12523,7445,12845,226,93,94,27,67,5953,6892,48,178,1.007296360,1.792282216,24.193883284,54.261888699,80.518007278,3,1.000000000,nan,nan,0.000000000,6.443265011,2.205085068,0.032652926,0.047284004,2.509679995,0,0.500000000
111.299807072,19968,7253,0,12556,7412,12711,224,83,83,22,61,5851,6860,47,177,0.991339024,1.824658540,16.181402618,40.522488110,3.928184509,3,0.000000000,nan,nan,1.000000000,4.835942003,1.668445941,0.021421991,0.030799012,1.890569052,0,0.500000000
111.400623560,20064,7328,0,12552,7512,12732,223,84,85,23,62,5665,7067,48,175,0.998909921,1.782647701,18.907443409,41.856512652,nan,1,nan,nan,nan,1.000000000,7.162906986,2.484935860,0.029310992,0.016407983,2.772481996,0,0.500000000
111.499834299,20064,7388,0,12592,7472,12672,219,90,86,27,59,5580,7092,50,169,0.976698251,1.789751612,19.392336595,38.515171060,53.977012634,5,1.000000000,nan,nan,1.000000000,3.754943027,1.318867086,0.018804974,0.028601033,1.504772983,0,0.500000000
111.599987745,19968,7391,0,12522,7446,12573,217,82,82,22,60,5426,7147,48,169,0.977488357,1.785787774,18.275258747,36.615325704,5.553007126,2,0.000000000,nan,nan,1.000000000,1.903992030,0.715134083,0.009577954,0.014308025,0.820943969,0,0.500000000
111.699867725,19872,7536,0,12448,7424,12332,214,84,85,22,63,5190,7142,45,169,0.972359258,1.795997241,18.049057814,39.010660389,nan,1,nan,nan,nan,1.000000000,1.744991983,0.662729959,0.009241048,0.018405030,0.762805983,0,0.500000000
111.799929380,20064,7509,0,12533,7531,12551,213,80,83,19,64,5229,7322,42,171,0.947625443,1.806770727,18.329755243,29.556433264,45.032739639,5,1.000000000,nan,nan,1.000000000,6.669984956,2.281085064,0.020119944,0.012169010,2.495863009,0,0.500000000
111.899823904,20064,7635,0,12448,7616,12425,210,83,84,20,64,5053,7372,40,170,0.940262191,1.715243674,15.787577655,34.541659126,19.974470139,2,1.000000000,nan,nan,1.000000000,3.589741013,1.241674938,0.016345992,0.019314000,1.406175026,0,0.500000000
112.000354528,19584,7602,0,12409,7175,12425,210,85,85,20,65,5053,7372,40,170,0.940262191,1.715243674,16.664761007,34.666508911,nan,nan,nan,nan,nan,1.000000000,2.327955968,1.217640995,0.016422011,0.019451953,1.392039994,0,0.500000000
112.099085331,20448,7853,0,12570,7878,12425,210,87,87,20,67,5053,7372,40,170,0.940262191,1.715243674,17.453354810,35.691069524,nan,nan,nan,nan,nan,1.000000000,1.248896006,0.654951029,0.009740994,0.012025004,0.753311964,0,0.500000000
112.200988531,19968,7912,0,12456,7512,12052,198,77,71,14,57,4768,7284,32,166,0.875977446,1.785263254,15.730475419,27.376332618,24.438381195,4,1.000000000,nan,nan,1.000000000,3.567665990,1.366229029,0.019435945,0.045251974,1.579165983,0,0.500000000
112.299789429,19968,7917,0,12286,7682,12052,198,74,73,15,58,4768,7284,32,166,0.875977446,1.785263254,17.673131801,27.961669549,nan,nan,nan,nan,nan,1.000000000,4.792644002,2.619607025,0.037942082,0.046832953,3.034500987,0,0.500000000
112.400031567,19968,8428,0,12452,7516,12052,198,73,74,15,59,4768,7284,32,166,0.875977446,1.785263254,17.671259727,27.930293637,nan,nan,nan,nan,nan,1.000000000,5.284162995,2.825917036,0.038634986,0.043961976,3.267390013,0,0.500000000
112.499935627,19776,8334,0,12128,7648,11438,198,70,66,11,55,4102,7336,29,169,0.874495864,1.763014878,12.989780720,25.369704214,20.199060440,7,1.000000000,nan,nan,1.000000000,1.732487988,0.620192033,0.007949013,0.017385988,0.711365021,0,0.500000000
112.598532200,20256,9000,0,12600,7656,11252,195,77,80,11,69,4042,7210,28,167,0.851984463,1.823909169,17.418686381,29.325501855,4.097700119,2,0.000000000,nan,nan,1.000000000,3.228850022,1.179461950,0.016557053,0.019079016,1.363109041,0,0.500000000
112.699908018,19968,8782,0,12263,7705,11182,202,75,76,11,65,3967,7215,29,173,0.842750234,1.866570413,14.362442173,28.239101258,24.246931076,12,1.000000000,nan,nan,1.000000000,4.804320983,1.612467051,0.022278924,0.060731021,1.854557020,0,0.500000000
112.799821615,19968,9301,0,12356,7612,10663,192,74,72,11,61,3675,6988,28,164,0.818833945,1.980143895,16.114999361,32.817659811,19.522905350,3,1.000000000,nan,nan,1.000000000,2.029458003,0.823368027,0.011741882,0.025412999,0.950949965,0,0.500000000
112.900119543,20064,9506,0,12414,7650,10554,199,72,66,12,54,3608,6946,30,169,0.801518514,1.908242534,16.394849322,31.036766294,5.405187607,3,0.000000000,nan,nan,1.000000000,2.668433008,0.852883968,0.010940013,0.022388995,0.980403973,0,0.500000000
112.999833584,20064,9972,0,12550,7514,10554,199,75,76,13,63,3608,6946,30,169,0.801518514,1.908242534,17.448590740,38.970867597,nan,nan,nan,nan,nan,1.000000000,1.855428040,1.048115024,0.015172001,0.031975971,1.222009014,0,0.500000000
113.100343227,19968,9974,0,12598,7370,10554,199,77,77,13,64,3608,6946,30,169,0.801518514,1.908242534,17.549718894,39.366468534,nan,nan,nan,nan,nan,1.000000000,3.465615970,1.973957988,0.019316038,0.061294995,2.211374987,0,0.500000000
113.199781179,19968,10172,0,12529,7439,10554,199,77,76,13,63,3608,6946,30,169,0.801518514,1.908242534,16.780582885,38.271794519,nan,nan,nan,nan,nan,1.000000000,1.440959983,0.786122924,0.010903052,0.016928010,0.909085036,0,0.500000000
113.299939394,20064,10344,0,12758,7306,9716,204,69,73,10,63,3451,6265,28,176,0.729351056,2.163958736,17.266022303,44.492742063,79.845190048,6,1.000000000,nan,nan,1.000000000,4.511826031,1.699824992,0.020558073,0.055873999,1.929999969,0,0.500000000
113.399949789,19872,10555,0,12565,7307,9716,204,76,76,10,66,3451,6265,28,176,0.729351056,2.163958736,17.349174399,45.192822053,nan,nan,nan,nan,nan,1.000000000,1.494130003,0.867461902,0.011497992,0.019157014,0.992787012,0,0.500000000
113.499990463,20064,10939,0,12831,7233,9121,199,79,74,9,65,3046,6075,27,172,0.712666434,2.400836655,16.379550397,41.306870309,5.714178085,2,0.000000000,nan,nan,1.000000000,3.213004034,1.492857060,0.021347951,0.039095990,1.719320018,0,0.500000000
113.599871159,19680,11145,0,12517,7163,9121,199,74,74,9,65,3046,6075,27,172,0.712666434,2.400836655,17.361991192,41.843100746,nan,nan,nan,nan,nan,1.000000000,2.097607998,1.233761024,0.012177974,0.020934036,1.380255038,0,0.500000000
113.698912382,20352,11588,0,12926,7426,9121,199,74,74,9,65,3046,6075,27,172,0.712666434,2.400836655,17.361991192,41.844733177,nan,nan,nan,nan,nan,1.000000000,1.454672951,0.836634950,0.007332943,0.016451988,0.920067017,0,0.500000000
113.801249504,19968,11840,0,12843,7125,9121,199,74,74,9,65,3046,6075,27,172,0.712666434,2.400836655,17.361991192,41.845708705,nan,nan,nan,nan,nan,1.000000000,1.951723010,1.179588959,0.012802018,0.026668014,1.328056969,0,0.500000000
113.902562380,19680,12085,0,12873,6807,7591,198,84,82,14,68,2144,5447,28,170,0.754156464,2.787188830,18.086592396,37.983147044,nan,1,nan,nan,nan,1.000000000,1.674061001,0.755051035,0.011854048,0.028259004,0.882691995,0,0.500000000
113.999540567,20352,12676,0,13231,7121,7672,194,79,73,10,63,1960,5712,23,171,0.770265527,2.789320739,16.284327247,32.758755044,45.335769653,3,1.000000000,nan,nan,1.000000000,2.888931951,1.400307927,0.020621985,0.030720024,1.619775023,0,0.500000000
114.099838972,19968,12693,0,13088,6880,7271,190,75,77,12,65,1840,5431,26,164,0.787489921,2.865664092,14.083273041,31.741130538,9.856700897,3,0.000000000,nan,nan,1.000000000,5.837056029,2.625173016,0.038506056,0.043099979,3.032682987,0,0.500000000
114.199999571,19776,12486,0,12856,6920,7286,194,78,76,9,67,1755,5531,25,169,0.798345761,2.810895113,14.958213447,32.931738778,nan,1,nan,nan,nan,1.000000000,4.096194985,1.987733936,0.029850053,0.034244964,2.318791987,0,0.500000000
114.300427198,20160,12879,0,13314,6846,7277,193,75,75,9,66,1869,5408,25,168,0.787279480,2.886062693,13.525419006,29.385149291,44.324636459,4,1.000000000,nan,nan,1.000000000,2.113454044,0.875518017,0.012184901,0.021960004,1.014337991,0,0.500000000
114.401612997,20064,12838,0,13154,6910,7277,193,75,75,9,66,1869,5408,25,168,0.787279480,2.886062693,12.661457037,29.806770898,nan,nan,nan,nan,nan,1.000000000,2.836127998,1.718474028,0.025645073,0.037841965,2.008765005,0,0.500000000
114.499745131,19968,13039,0,13073,6895,7277,193,75,76,9,67,1869,5408,25,168,0.787279480,2.886062693,13.517846160,29.785067263,nan,nan,nan,nan,nan,1.000000000,3.983715957,2.259953995,0.030320021,0.041173014,2.600898966,0,0.500000000
114.599819183,20064,13171,0,13084,6980,6889,181,77,66,7,59,1372,5517,19,162,0.893345729,2.909540622,12.521115312,33.407292604,20.395278931,5,1.000000000,nan,nan,1.000000000,3.610485001,1.717420993,0.027930015,0.050503004,2.001471003,0,0.500000000
114.700067282,19200,12936,0,12658,6542,6260,173,68,66,7,59,1186,5074,18,155,0.893068836,2.925985451,11.866064364,27.852426310,14.223337173,3,0.000000000,nan,nan,1.000000000,3.022185003,1.310474006,0.018973020,0.067609013,1.535908028,0,0.500000000
114.799578905,20832,13781,0,13562,7270,6260,173,63,66,7,59,1186,5074,18,155,0.893068836,2.925985451,10.970564750,28.073462750,nan,nan,nan,nan,nan,1.000000000,1.714803046,0.995012932,0.013331941,0.028308947,1.160854008,0,0.500000000
114.899851084,19968,13278,0,13114,6854,6686,174,62,60,6,54,1276,5410,19,155,0.898124148,2.938893394,12.837939061,26.888883885,nan,1,nan,nan,nan,1.000000000,5.745135015,2.543873910,0.033908989,0.053556985,2.952101990,0,0.500000000
114.999907970,19584,12987,0,12890,6694,6593,174,67,69,6,63,1271,5322,19,155,0.893014552,2.968957294,15.234174559,34.625616318,5.932331085,3,0.000000000,nan,nan,1.000000000,5.627873004,2.519973030,0.035286997,0.069501984,2.938293037,0,0.500000000
115.099004984,20064,13281,0,13089,6975,6779,176,74,73,6,67,1283,5496,19,157,0.899346973,2.927297284,15.806579662,36.560737632,129.842281342,4,1.000000000,nan,nan,1.000000000,2.742114011,1.166901027,0.018658058,0.018199964,1.360587019,0,0.500000000
115.199058056,20352,13712,0,13523,6829,6779,176,73,73,6,67,1283,5496,19,157,0.899346973,2.927297284,14.886714974,36.075990921,nan,nan,nan,nan,nan,1.000000000,1.073863998,0.654227042,0.009521958,0.016365957,0.765649020,0,0.500000000
115.299797773,19968,13168,0,13089,6879,6796,176,70,69,7,62,1312,5484,19,157,0.893643938,2.925815015,13.658537547,31.540540220,20.216226578,5,1.000000000,nan,nan,1.000000000,5.626600003,2.398860990,0.033510034,0.091344002,2.777291986,0,0.500000000
115.399912834,19968,13314,0,13146,6822,6650,175,64,64,7,57,1283,5367,19,156,0.891919825,2.967539762,12.374985292,28.930219224,4.462480545,2,0.000000000,nan,nan,1.000000000,1.474202028,0.668345019,0.009051990,0.007700000,0.787932018,0,0.500000000
115.499871969,19872,13113,0,13000,6872,6755,175,71,73,7,66,1259,5496,19,156,0.916722983,2.933998132,18.169000865,36.727132516,19.146442413,6,1.000000000,nan,nan,1.000000000,3.248117049,1.493587042,0.021887943,0.029638002,1.746070979,0,0.500000000
115.602025986,19872,13212,0,13052,6820,6755,175,74,73,7,66,1259,5496,19,156,0.916722983,2.933998132,18.395835022,35.858051130,nan,nan,nan,nan,nan,1.000000000,4.404466017,2.595897065,0.039260020,0.070951995,3.029042971,0,0.500000000
115.700326920,20352,13355,0,13184,7168,6993,179,71,71,6,65,1266,5727,19,160,0.910934003,2.901243389,16.595591012,43.630447015,65.571308136,7,1.000000000,nan,nan,1.000000000,6.443129969,2.657606965,0.037890044,0.042981992,3.090746992,0,0.500000000
115.800088882,19968,13321,0,13100,6868,6643,173,68,67,7,60,1269,5374,19,154,0.901721138,2.972485711,12.362051955,30.144761853,nan,1,nan,nan,nan,1.000000000,2.854307997,0.722950033,0.008410949,0.005610986,0.813806022,0,0.500000000
115.899760962,19968,13166,0,13068,6900,6798,177,69,66,7,59,1292,5506,19,158,0.907087034,2.919104764,14.675744857,34.287324112,5.996942520,14,0.000000000,nan,nan,1.000000000,1.737220970,0.755564950,0.010719057,0.012170000,0.876221049,0,0.500000000
115.999952555,20064,13325,0,13166,6898,6735,174,65,64,6,58,1315,5420,19,155,0.868298327,2.965277522,11.848346379,26.981444909,34.012317657,11,1.000000000,nan,nan,1.000000000,4.586244992,2.176300040,0.030039111,0.025692047,2.545957046,0,0.500000000
116.100040913,19872,12991,0,12860,7012,6735,174,63,64,6,58,1315,5420,19,155,0.868298327,2.965277522,12.807901773,29.281729077,nan,nan,nan,nan,nan,1.000000000,2.575028047,1.513444004,0.019297993,0.013753946,1.764722983,0,0.500000000
116.199798584,20064,13042,0,12989,7075,7018,178,70,68,7,61,1421,5597,19,159,0.838465883,2.936077780,15.614841314,31.796161478,69.710731506,3,1.000000000,nan,nan,1.000000000,4.459546995,2.017959079,0.028160925,0.020064996,2.350298979,0,0.500000000
116.300435543,20064,13025,0,12997,7067,7035,180,68,69,7,62,1459,5576,19,161,0.828829276,2.907266348,15.368904362,43.208225555,44.441699982,4,1.000000000,nan,nan,1.000000000,1.318638038,0.579950982,0.008287025,0.015655998,0.678175013,0,0.500000000
116.399874210,19776,12516,0,12649,7127,7256,174,69,67,7,60,1578,5678,19,155,0.800603676,2.907618226,15.092372294,31.541742311,5.872488022,8,0.000000000,nan,nan,1.000000000,3.361283045,1.443400048,0.021030020,0.025185989,1.684723014,0,0.500000000
116.500254393,20160,12806,0,13028,7132,7350,179,67,59,7,52,1668,5682,19,160,0.778972957,2.895034929,12.521370063,25.045483231,3.899812698,2,0.000000000,nan,nan,1.000000000,1.404332987,0.588118040,0.007826020,0.011509983,0.686927990,0,0.500000000
116.599739790,20064,12433,0,12905,7159,7627,181,71,71,7,64,1865,5762,19,162,0.749711265,2.877063101,15.709040955,31.593096830,nan,1,nan,nan,nan,1.000000000,4.220322997,1.968009048,0.028250040,0.032912008,2.310440002,0,0.500000000
116.703115463,19968,12085,0,12743,7225,7879,189,63,64,7,57,1996,5883,19,170,0.721206965,2.875240716,14.074753984,28.410908065,4.415750504,2,0.000000000,nan,nan,1.000000000,3.541840008,1.471444964,0.018312072,0.031442032,1.698626031,0,0.500000000
116.799788475,19968,11848,0,12796,7172,8116,191,75,72,7,65,2205,5911,20,171,0.704628276,2.838653356,16.257599334,31.014418993,30.086755753,5,1.000000000,nan,nan,1.000000000,2.259525994,0.953715062,0.012838980,0.011547003,1.097717963,0,0.500000000
116.899713755,19776,11453,0,12633,7143,8116,191,73,75,7,68,2205,5911,20,171,0.704628276,2.838653356,17.103419148,32.275310492,nan,nan,nan,nan,nan,1.000000000,1.297070994,0.729584019,0.011211960,0.012295030,0.855271996,0,0.500000000
116.998059988,20256,11366,0,12816,7440,8886,193,79,78,7,71,2640,6246,20,173,0.692345291,2.685629410,15.308380986,28.544300097,99.966764450,3,1.000000000,nan,nan,1.000000000,6.250641018,2.869841002,0.042683969,0.050866976,3.305223945,0,0.500000000
117.099837065,19104,10229,0,12098,7006,8871,179,71,75,6,69,2835,6036,18,161,0.696081178,2.740843545,15.346768641,41.037950864,6.364345551,2,0.000000000,nan,nan,1.000000000,1.810610003,0.712403038,0.009817013,0.024528010,0.827522948,0,0.500000000
117.194687843,20448,10687,0,12851,7597,8871,179,71,71,6,65,2835,6036,18,161,0.696081178,2.740843545,14.693254450,36.909950598,nan,nan,nan,nan,nan,1.000000000,1.889962994,1.127728960,0.015050988,0.027931994,1.306432008,0,0.500000000
117.299554825,20448,10111,0,12699,7749,10333,191,67,70,7,63,3513,6820,27,164,0.724108420,2.155520343,13.807899304,27.714686711,60.620069504,4,1.000000000,nan,nan,1.000000000,5.549383990,1.855437993,0.023031083,0.048074988,2.126562991,0,0.500000000
117.401130199,20064,9870,0,12586,7478,10190,188,68,75,10,65,3506,6684,27,161,0.764767594,2.158114159,14.443647496,41.366793057,5.583524704,4,0.000000000,nan,nan,1.000000000,7.271871029,2.691967995,0.037534046,0.050085015,3.133531951,0,0.500000000
117.500027657,19968,9328,0,12177,7791,10636,192,72,68,9,59,3600,7036,27,165,0.786276353,2.049396809,12.829647372,24.326328013,nan,1,nan,nan,nan,1.000000000,3.233603027,1.121045963,0.015363970,0.020068022,1.291242952,0,0.500000000
117.600071907,19488,9000,0,11857,7631,10484,186,73,66,9,57,3466,7018,27,159,0.817490980,2.037205414,12.578640537,31.598948733,50.028800964,2,1.000000000,nan,nan,1.000000000,1.909295970,0.788112986,0.011475000,0.015439000,0.918916019,0,0.500000000
117.699388266,20160,8997,0,12403,7757,11159,197,49,67,10,57,3941,7218,29,168,0.825063016,1.885375148,13.036320292,34.310239093,nan,1,nan,nan,nan,1.000000000,1.920099021,0.751375977,0.007819035,0.018690014,0.860287983,0,0.500000000
117.799803019,19776,8820,0,12052,7724,11159,197,67,66,10,56,3941,7218,29,168,0.825063016,1.885375148,14.181601293,36.003044241,nan,nan,nan,nan,nan,1.000000000,2.601384011,1.432929945,0.018443970,0.018691004,1.648438978,0,0.500000000
117.898908138,20352,8613,0,12491,7861,11735,202,43,74,12,62,4335,7400,35,167,0.878392836,1.989390216,15.973440289,37.328730509,4.671335220,2,0.000000000,nan,nan,1.000000000,1.672496030,0.620562932,0.006269023,0.026018999,0.706921972,0,0.500000000
117.999736309,19488,8339,0,12168,7320,11145,194,71,68,12,56,4376,6769,33,161,0.847346445,1.775584927,16.972077195,29.691313104,6.459236145,8,0.000000000,nan,nan,1.000000000,6.450233050,2.672729082,0.037290971,0.101752987,3.094307962,0,0.500000000
118.099325418,20544,8030,0,12539,8005,12510,200,79,70,13,57,4965,7545,35,165,0.880333437,1.929637254,16.612364490,41.703482106,4.480123520,2,0.000000000,nan,nan,1.000000000,6.650439987,2.038491017,0.026330003,0.011839031,2.303133952,0,0.500000000
118.199979782,19968,7907,0,12410,7558,12057,195,70,67,13,54,5038,7019,34,161,0.881295628,1.887869442,15.999375419,34.914727655,30.413866043,5,1.000000000,nan,nan,1.000000000,6.773989007,2.213424013,0.027319998,0.054709963,2.544348012,0,0.500000000
118.300740719,19968,7776,0,12661,7307,12188,202,71,73,14,59,5352,6836,35,167,0.896764197,1.887226668,17.703895356,49.102989747,nan,1,nan,nan,nan,1.000000000,7.521760999,2.404004044,0.026426977,0.024295005,2.708319982,0,0.500000000
118.399883986,20064,7639,0,12602,7462,12188,202,73,74,13,61,5352,6836,35,167,0.896764197,1.887226668,17.665738959,51.320810346,nan,nan,nan,nan,nan,1.000000000,1.252966991,0.625688001,0.008989999,0.016856007,0.728412997,0,0.500000000
118.500859976,19968,7482,0,12695,7273,12482,206,73,78,15,63,5682,6800,37,169,0.934969243,1.851754563,18.189769494,50.332470009,45.902967453,3,1.000000000,nan,nan,1.000000000,5.703483999,1.802651968,0.026208989,0.026519003,2.056620026,0,0.500000000
118.599853754,19968,7159,0,12492,7476,12805,204,68,71,17,54,5825,6980,37,167,0.955198952,1.804722663,18.769696816,36.505396054,nan,1,nan,nan,nan,1.000000000,7.534714998,2.635367971,0.034668949,0.045510009,3.023130004,0,0.500000000
118.699724197,20064,7190,0,12644,7420,12870,206,72,73,16,57,5926,6944,39,167,0.959537910,1.877309065,17.647931578,36.224802807,6.133794785,2,0.000000000,nan,nan,1.000000000,1.782970969,0.639809994,0.007846975,0.011479948,0.730330008,0,0.500000000
118.799720287,19680,7072,0,12499,7181,12604,214,74,71,14,57,5957,6647,38,176,0.976760440,1.760248560,15.778064517,40.919170633,4.000425339,2,0.000000000,nan,nan,1.000000000,5.631881999,2.267238917,0.027151022,0.034024997,2.587731986,0,0.500000000
118.899404287,20352,7093,0,12737,7615,13255,220,84,81,14,67,6182,7073,39,181,0.990924548,2.019239956,16.703327538,37.904622101,64.277887344,3,1.000000000,nan,nan,1.000000000,2.354541037,0.817647961,0.013965997,0.012090954,0.933258038,0,0.500000000
118.999706030,20064,7200,0,12749,7315,13255,220,82,83,14,69,6182,7073,39,181,0.990924548,2.019239956,17.645731867,34.220773277,nan,nan,nan,nan,nan,1.000000000,1.527373970,0.824663963,0.010435993,0.008233008,0.942363986,0,0.500000000
119.099896669,19968,6979,0,12768,7200,13255,220,83,83,14,69,6182,7073,39,181,0.990924548,2.019239956,17.645731884,34.228879865,nan,nan,nan,nan,nan,1.000000000,3.249433998,1.856645977,0.019095954,0.018146005,2.067223017,0,0.500000000
119.200042486,20064,7003,0,12721,7343,13057,215,81,77,15,62,6383,6674,47,168,1.054163702,1.805919715,18.163803136,38.673391548,4.352807999,2,0.000000000,nan,nan,0.000000000,4.309055978,1.412190089,0.017871964,0.019808998,1.603432000,0,0.500000000
119.299855471,19968,6950,0,12697,7271,13057,215,73,76,15,61,6383,6674,47,168,1.054163702,1.805919715,17.225675707,42.162748739,nan,nan,nan,nan,nan,0.000000000,2.241823007,1.303482044,0.016184000,0.014049001,1.469562005,0,0.500000000
119.399738789,20064,6967,0,12599,7465,13057,215,74,76,15,61,6383,6674,47,168,1.054163702,1.805919715,17.181229927,42.010837734,nan,nan,nan,nan,nan,0.000000000,2.682741033,1.394653053,0.017964980,0.017434999,1.590850006,0,0.500000000
119.499835253,19584,6729,0,12161,7423,12851,222,65,79,20,59,6223,6628,50,172,1.113701881,1.835445166,21.756326605,37.427903566,25.511503220,3,1.000000000,nan,nan,0.000000000,3.412551014,0.699896889,0.007888011,0.011254975,0.791920000,0,0.500000000
119.600527525,20160,6919,0,12630,7530,13237,225,81,79,19,60,6436,6801,55,170,1.150498827,1.796198803,20.118746500,40.502533530,65.368890762,5,1.000000000,nan,nan,0.000000000,2.548148041,0.917392957,0.011817086,0.027825998,1.046984980,0,0.500000000
119.700633287,20256,6482,0,12173,8083,13770,234,83,81,21,60,6433,7337,54,180,1.166082764,1.815006885,21.532923030,40.498680604,nan,1,nan,nan,nan,0.000000000,7.501173997,2.266724885,0.022898079,0.016690989,2.502149029,0,0.500000000
119.799790859,19968,6651,0,12298,7670,13313,230,79,76,18,58,6296,7017,55,175,1.192911798,1.707056570,19.316096939,51.354179669,66.998958588,4,1.000000000,nan,nan,0.000000000,4.179609998,1.444758091,0.016373058,0.037321995,1.620594994,0,0.500000000
119.899791956,19968,6196,0,12005,7963,13313,230,77,77,18,59,6296,7017,55,175,1.192911798,1.707056570,19.882091058,52.408174952,nan,nan,nan,nan,nan,0.000000000,1.252929971,0.700425066,0.008708914,0.010178017,0.797422952,0,0.500000000
119.999887943,20064,6392,0,12320,7744,13313,230,77,76,18,58,6296,7017,55,175,1.192911798,1.707056570,19.878680851,52.093429511,nan,nan,nan,nan,nan,0.000000000,3.712174017,2.033436962,0.024274923,0.033884018,2.287749026,0,0.500000000
120.099742651,19968,5984,0,11866,8102,13980,225,78,82,18,64,6422,7558,53,172,1.259609493,1.562073095,20.853332634,52.973293295,35.357952118,5,1.000000000,nan,nan,0.000000000,4.528486985,1.848926011,0.023759960,0.041393971,2.098348981,0,0.500000000
120.199874640,19968,6125,0,12076,7892,13980,225,82,83,18,65,6422,7558,53,172,1.259609493,1.562073095,21.483506009,51.716491884,nan,nan,nan,nan,nan,0.000000000,5.667897000,2.941933984,0.036839047,0.028148992,3.339778981,0,0.500000000
120.300560236,19680,5871,0,11454,8226,13980,225,84,84,18,66,6422,7558,53,172,1.259609493,1.562073095,21.541192177,52.470667528,nan,nan,nan,nan,nan,0.000000000,2.760828997,1.360622933,0.017026963,0.013423036,1.541511039,0,0.500000000
120.400726318,20352,6127,0,12401,7951,13980,225,85,85,18,67,6422,7558,53,172,1.259609493,1.562073095,21.651596090,52.533409530,nan,nan,nan,nan,nan,0.000000000,1.877542003,1.051313069,0.013820012,0.011403987,1.190918963,0,0.500000000
120.501242161,20064,5795,0,11661,8403,13980,225,86,85,18,67,6422,7558,53,172,1.259609493,1.562073095,21.651596026,52.537968273,nan,nan,nan,nan,nan,0.000000000,5.183064030,2.962650964,0.041147985,0.029747956,3.387553035,0,0.500000000
120.600785255,19968,5804,0,11953,8015,14160,231,54,77,14,63,6601,7559,59,172,1.361635391,1.630183696,18.528022941,42.710237451,nan,1,nan,nan,nan,0.000000000,3.038237977,1.029910054,0.010127027,0.016925973,1.157012011,0,0.500000000
120.700604916,19968,5608,0,11660,8308,14356,228,59,73,16,57,6474,7882,59,169,1.397672010,1.524879001,20.253014970,37.338111656,nan,1,nan,nan,nan,0.000000000,5.079383962,1.675366948,0.019355968,0.025284011,1.874485984,0,0.500000000
120.799708128,20064,5551,0,11858,8206,14509,241,80,91,17,74,6774,7735,60,181,1.349841454,1.598007817,22.766021699,49.805035830,4.147529602,2,0.000000000,nan,nan,0.000000000,6.417100958,2.809489961,0.034339027,0.086446002,3.161495028,0,0.500000000
120.899880886,19968,5440,0,11726,8242,14524,235,87,86,18,68,6632,7892,61,174,1.422942755,1.592475401,21.197379099,41.076505537,nan,1,nan,nan,nan,0.000000000,5.079374998,1.726755989,0.021278975,0.028103008,1.936780987,0,0.500000000
120.999892473,20064,5228,0,11847,8217,14832,232,79,75,15,60,7043,7789,64,168,1.323500677,1.650493878,19.250909335,36.598141077,54.536104202,4,1.000000000,nan,nan,0.000000000,3.718948050,1.066635014,0.014614954,0.033021963,1.210341987,0,0.500000000
121.099801302,19488,4643,0,11184,8304,14832,232,78,77,16,61,7043,7789,64,168,1.323500677,1.650493878,20.107156500,37.965272971,nan,nan,nan,nan,nan,0.000000000,2.770833031,1.454253099,0.017653976,0.016463979,1.649037004,0,0.500000000
121.200860262,20352,5084,0,11762,8590,15264,231,83,74,20,54,7023,8241,70,161,1.352342042,1.607169840,19.133535264,38.967607232,44.500589371,2,1.000000000,nan,nan,0.000000000,3.363703028,1.394161023,0.017683953,0.026402005,1.580951968,0,0.500000000
121.298957348,19392,4064,0,10915,8477,15264,231,75,73,20,53,7023,8241,70,161,1.352342042,1.607169840,19.386254772,38.479436294,nan,nan,nan,nan,nan,0.000000000,5.069993029,2.791774925,0.029803079,0.030622992,3.126644995,0,0.500000000
121.399646759,20160,4878,0,11448,8712,15278,241,82,73,24,49,6829,8449,78,163,1.408967321,1.697295499,19.402761905,35.684583708,19.056320190,12,1.000000000,nan,nan,0.000000000,10.081004002,3.540231963,0.042148051,0.107478001,4.064547014,0,0.500000000
121.499927998,19968,4551,0,11435,8533,15413,256,87,80,29,51,7089,8324,82,174,1.378054415,1.823501314,20.884268106,37.849428323,36.279201508,2,1.000000000,nan,nan,0.000000000,6.871626014,2.158621966,0.024703040,0.075800985,2.414710005,0,0.500000000
121.599728107,20064,4629,0,11553,8511,15413,256,82,80,28,52,7089,8324,82,174,1.378054415,1.823501314,20.157022324,34.241668131,nan,nan,nan,nan,nan,0.000000000,2.037657017,1.099335030,0.012230012,0.020967971,1.235003001,0,0.500000000
121.699925423,19968,4359,0,11388,8580,15413,256,82,81,28,53,7089,8324,82,174,1.378054415,1.823501314,20.330794579,35.826295454,nan,nan,nan,nan,nan,0.000000000,2.444732992,1.395799976,0.016901991,0.043236010,1.577201998,0,0.500000000
121.799673319,19968,4405,0,11452,8516,15559,259,87,76,21,55,7116,8443,83,176,1.445265812,2.019322874,17.623566904,38.264050312,5.949020386,2,0.000000000,nan,nan,0.000000000,4.080119019,1.386598975,0.015686033,0.041744963,1.547410968,0,0.500000000
121.899676800,20160,4282,0,11443,8717,15559,259,86,84,25,59,7116,8443,83,176,1.445265812,2.019322874,18.733932867,39.980154295,nan,nan,nan,nan,nan,0.000000000,2.303106012,1.346937090,0.016534934,0.040223007,1.514592965,0,0.500000000
122.003015280,19296,4046,0,10868,8428,15246,253,82,82,24,58,6826,8420,84,169,1.500970033,2.297067292,20.443113677,36.245789412,nan,1,nan,nan,nan,0.000000000,5.713456019,2.430821885,0.029292947,0.047598965,2.742931014,0,0.500000000
122.100353956,20640,4108,0,11724,8916,15246,253,80,80,24,56,6826,8420,84,169,1.500970033,2.297067292,19.534404594,36.847942000,nan,nan,nan,nan,nan,0.000000000,2.502141986,1.342928037,0.014617050,0.015230034,1.502061961,0,0.500000000
122.200067759,19968,4016,0,11438,8530,15948,251,91,80,26,54,7422,8526,86,165,1.452550336,2.394813889,18.989734020,40.896769076,nan,1,nan,nan,nan,0.000000000,3.322732984,1.164884947,0.013686949,0.015058031,1.301657991,0,0.500000000
122.299671888,20064,3757,0,11181,8883,15948,251,78,79,25,54,7422,8526,86,165,1.452550336,2.394813889,17.576585076,40.938409769,nan,nan,nan,nan,nan,0.000000000,3.417657979,1.918245980,0.022998953,0.030874042,2.164651989,0,0.500000000
122.399788141,20064,3858,0,11603,8461,15948,251,79,80,26,54,7422,8526,86,165,1.452550336,2.394813889,17.623608218,43.242088134,nan,nan,nan,nan,nan,0.000000000,3.724379989,1.964933006,0.017045008,0.023656990,2.160466975,0,0.500000000
122.501057148,19968,3784,0,11432,8536,16180,259,41,66,19,47,7644,8536,91,168,1.548297604,2.304549409,19.707615648,45.782692445,75.694561005,5,1.000000000,nan,nan,0.000000000,8.535004978,2.850008954,0.019820000,0.061181025,3.154688980,0,0.500000000
122.599807978,19968,3725,0,11689,8279,16239,269,74,82,30,52,7961,8278,93,176,1.505436126,2.375776604,22.950115515,55.176579819,10.314941406,2,0.000000000,nan,nan,0.000000000,2.393372997,0.854138925,0.008898962,0.016491977,0.946413027,0,0.500000000
122.699683428,19872,3847,0,11464,8408,16239,269,81,85,31,54,7961,8278,93,176,1.505436126,2.375776604,21.407492767,65.222252946,nan,nan,nan,nan,nan,0.000000000,3.060951014,1.766370027,0.020822976,0.037416990,1.988731034,0,0.500000000
122.801131725,19872,3710,0,11643,8229,16158,292,97,86,29,57,8048,8110,96,196,1.566192152,2.467690234,19.807300820,50.751582202,44.357776642,5,1.000000000,nan,nan,0.000000000,7.299991965,2.617769118,0.030410942,0.050825998,2.914275974,0,0.500000000
122.898848057,20352,3924,0,11998,8354,16424,291,90,92,35,57,8243,8181,96,195,1.696406191,2.506222822,17.629597210,51.822629782,9.966373444,2,0.000000000,nan,nan,0.000000000,3.638293012,1.550333982,0.017200946,0.029535964,1.724384027,0,0.500000000
122.999732494,20064,3718,0,11703,8361,16424,291,85,85,31,54,8243,8181,96,195,1.696406191,2.506222822,16.227771476,55.004638255,nan,nan,nan,nan,nan,0.000000000,5.174616002,2.967542969,0.034390891,0.039493956,3.270955989,0,0.500000000
123.099744320,19968,3948,0,11707,8261,16016,307,87,98,40,58,8073,7943,101,206,1.624992672,2.641046208,22.290278646,82.052229962,34.146785736,5,1.000000000,nan,nan,0.000000000,6.653128017,2.371023933,0.024169043,0.029926014,2.599510015,0,0.500000000
123.200568199,20064,3805,0,11756,8308,16255,317,86,92,36,56,8334,7921,109,208,1.608571399,2.629448190,20.491892539,53.891695995,2.584218979,2,0.000000000,nan,nan,0.000000000,10.276462010,4.029805015,0.041180989,0.055962999,4.447185027,0,0.500000000
123.299764156,19968,3940,0,11840,8128,16024,326,92,96,39,57,8334,7690,111,215,1.651856277,2.697173254,21.796949373,59.576319986,35.705804825,2,1.000000000,nan,nan,0.000000000,11.231484998,4.861741967,0.050584029,0.088916975,5.344883946,0,0.500000000
123.399764776,20064,3890,0,11906,8158,16024,326,94,94,39,55,8334,7690,111,215,1.651856277,2.697173254,20.180867504,54.949871118,nan,nan,nan,nan,nan,0.000000000,8.010292950,3.725814982,0.026574999,0.059729035,4.000400018,0,0.500000000
123.499765873,19584,3835,0,11485,8099,15745,329,93,90,33,57,8116,7629,114,215,1.641239520,2.727218485,16.432439208,51.341541872,nan,1,nan,nan,nan,0.000000000,3.449295007,1.671641017,0.017011014,0.035808014,1.838564000,0,0.500000000
123.600681543,20064,3915,0,11850,8214,15745,329,93,94,36,58,8116,7629,114,215,1.641239520,2.727218485,18.284118353,51.886429777,nan,nan,nan,nan,nan,0.000000000,5.566690001,3.328241990,0.031509029,0.050393981,3.630951978,0,0.500000000
123.700395823,19872,3894,0,11775,8097,15745,329,92,89,33,56,8116,7629,114,215,1.641239520,2.727218485,17.616061815,46.901714566,nan,nan,nan,nan,nan,0.000000000,2.575760998,1.478189020,0.013491022,0.037271995,1.621037954,0,0.500000000
123.798954725,20544,3946,0,12082,8462,16594,332,101,102,38,64,8609,7985,116,216,1.757114086,2.738122352,24.100233974,63.913691078,1.603364944,2,0.000000000,nan,nan,0.000000000,3.238420002,1.234675001,0.012790959,0.019144965,1.355094020,0,0.500000000
123.899719954,19968,3855,0,11797,8171,16109,339,94,101,42,59,8418,7691,115,224,1.635123235,2.748665221,24.625684875,73.288476407,115.674495697,6,1.000000000,nan,nan,0.000000000,4.324319016,1.680349989,0.016161939,0.023798959,1.834083989,0,0.500000000
123.999637365,19680,3970,0,11661,8019,15706,333,103,105,44,61,8155,7551,116,217,1.682798232,2.678147403,23.926781150,58.906313444,7.404088974,3,0.000000000,nan,nan,0.000000000,6.257406960,2.480249968,0.025902991,0.034491008,2.718644973,0,0.500000000
124.098917007,20352,3920,0,11938,8414,16428,331,102,102,44,58,8501,7927,116,215,1.631792309,2.748056383,25.131934857,65.286084610,24.492502213,7,1.000000000,nan,nan,0.000000000,10.557896050,4.891366931,0.052365009,0.053353026,5.390534992,0,0.500000000
124.199656725,19968,3985,0,11748,8220,15979,334,102,104,41,63,8222,7757,117,217,1.686274248,2.701590794,24.021639602,89.726498924,nan,1,nan,nan,nan,0.000000000,2.583767986,1.117279986,0.011713943,0.020139036,1.232327020,0,0.500000000
124.299654961,20064,3921,0,12004,8060,15979,334,104,104,41,63,8222,7757,117,217,1.686274248,2.701590794,24.062074730,89.821928324,nan,nan,nan,nan,nan,0.000000000,3.234161006,2.071994939,0.018014980,0.028876995,2.244025993,0,0.500000000
124.399798155,19488,4050,0,11419,8069,15434,331,108,101,39,62,7837,7597,115,216,1.708489946,2.723293192,23.356780881,70.076789983,4.079580307,2,0.000000000,nan,nan,0.000000000,10.986280045,4.852417856,0.055888027,0.064024003,5.481270025,0,0.500000000
124.500767946,20544,3879,0,12362,8182,16661,332,105,106,42,64,8977,7684,114,218,1.692324396,2.722484955,23.612146980,68.156154415,5.074024200,2,0.000000000,nan,nan,0.000000000,3.420630004,1.587074017,0.018625055,0.031364965,1.758006983,0,0.500000000
124.600121021,20064,4014,0,11810,8254,16661,332,107,107,43,64,8977,7684,114,218,1.692324396,2.722484955,23.664832442,68.681447617,nan,nan,nan,nan,nan,0.000000000,5.028001964,2.801859984,0.023818982,0.030097959,3.026184044,0,0.500000000
124.699817896,19968,3871,0,11834,8134,16093,343,107,106,42,64,8447,7646,118,225,1.777364911,2.721382015,24.922857544,100.915613564,20.737886429,3,1.000000000,nan,nan,0.000000000,3.041131014,1.146034047,0.012360048,0.042555970,1.271938032,0,0.500000000
124.799837828,19968,4009,0,11865,8103,15955,353,103,102,39,63,8315,7640,125,228,1.915228203,2.711802489,22.499994368,130.959569512,38.860082626,3,1.000000000,nan,nan,0.000000000,2.512466046,1.103763003,0.011382974,0.027881004,1.209857990,0,0.500000000
124.899647951,19968,3822,0,11785,8183,16142,361,110,100,43,57,8416,7726,121,240,1.940518700,2.668227998,22.492635161,71.775504386,14.698266983,11,0.000000000,nan,nan,0.000000000,9.751178033,3.445748938,0.034433033,0.056067016,3.751898999,0,0.500000000
125.000214338,20064,3975,0,12005,8059,16142,361,100,100,39,61,8416,7726,121,240,1.940518700,2.668227998,20.477936006,111.062296950,nan,nan,nan,nan,nan,0.000000000,3.593770030,2.096779062,0.019051949,0.025256013,2.283692011,0,0.500000000
125.099647760,19968,3843,0,11855,8113,16121,374,97,105,47,58,8459,7662,142,232,2.078241821,2.483246736,26.218747731,106.911288910,64.327478409,5,1.000000000,nan,nan,0.000000000,8.761843026,3.852009948,0.034690020,0.114096969,4.172001965,0,0.500000000
125.199662685,20160,3992,0,12241,7919,16164,399,115,119,54,65,8662,7502,147,252,2.132942107,2.302408432,31.418180311,138.289083364,16.102075577,4,1.000000000,nan,nan,0.000000000,7.699826965,4.128298024,0.042000087,0.099922996,4.483468016,0,0.500000000
125.299981833,19872,3828,0,11626,8246,16040,403,116,129,53,76,8172,7868,147,256,2.276620938,1.879790432,36.760337916,164.542618338,7.457256317,3,0.000000000,nan,nan,0.000000000,4.979624006,2.466448990,0.026360911,0.107010012,2.683916944,0,0.500000000
125.399677992,20064,3987,0,11897,8167,16073,406,99,112,48,64,8192,7881,148,258,2.342574984,1.780934838,28.379020191,104.440100949,15.560865402,3,1.000000000,nan,nan,0.000000000,8.322829031,3.354202025,0.028757029,0.077054021,3.616339993,0,0.500000000
125.499793530,19968,3801,0,11303,8665,16163,414,119,122,47,75,7636,8527,137,277,2.481287993,1.600033426,27.124721838,155.965980370,8.442401886,2,0.000000000,nan,nan,0.000000000,4.012492020,1.657282934,0.016950013,0.031185045,1.803981024,0,0.500000000
125.599636793,19968,3889,0,11390,8578,16163,414,119,117,43,74,7636,8527,137,277,2.481287993,1.600033426,26.453443430,151.796431345,nan,nan,nan,nan,nan,0.000000000,4.066629976,2.713003953,0.029122049,0.043737004,2.958901983,0,0.500000000
125.699623346,20064,3862,0,11093,8971,16163,414,116,116,43,73,7636,8527,137,277,2.481287993,1.600033426,26.489268282,145.020235012,nan,nan,nan,nan,nan,0.000000000,7.198443986,4.209480016,0.037196034,0.042620988,4.534089006,0,0.500000000
125.799712896,19968,3882,0,11319,8649,16082,364,85,102,35,67,7470,8612,126,238,2.704680717,1.628572308,26.845077716,177.636479428,55.625915527,3,1.000000000,nan,nan,0.000000000,2.577831969,1.142621972,0.010008109,0.055571960,1.246167987,0,0.500000000
125.899654865,19968,3846,0,11105,8863,16118,361,115,111,50,61,7288,8830,126,235,2.727564561,1.608604340,25.942701577,135.188194578,39.882898331,7,1.000000000,nan,nan,0.000000000,10.767437983,4.416613956,0.044610002,0.134244037,4.793372995,0,0.500000000
125.999620199,20064,3835,0,11382,8682,16225,356,117,105,48,57,7582,8643,123,233,2.684427023,1.628520234,21.190696024,136.028050191,29.738664627,4,1.000000000,nan,nan,0.000000000,7.983787043,2.851446043,0.011996948,0.028331997,2.959817008,0,0.500000000
126.099632740,19968,3781,0,11229,8739,16183,367,108,107,50,57,7481,8702,129,238,2.694391573,1.611618872,23.985355842,61.461580327,nan,1,nan,nan,nan,0.000000000,8.309822006,2.886566042,0.019792991,0.024190987,3.075340006,0,0.500000000
126.199635983,19488,3130,0,10598,8890,16354,357,93,105,46,59,7497,8857,125,232,2.696186293,1.612428625,24.900574453,140.176438883,24.355649948,3,1.000000000,nan,nan,0.000000000,5.411914957,2.168055973,0.019105035,0.024811015,2.352428972,0,0.500000000
126.301173925,20352,3974,0,11517,8835,16374,366,109,112,47,65,7573,8801,131,235,2.682428937,1.614457240,23.417278405,126.640957331,nan,1,nan,nan,nan,0.000000000,8.772265981,3.425401053,0.034697005,0.038027007,3.723251983,0,0.500000000
126.398873806,19872,3593,0,10985,8887,16275,353,101,98,44,54,7415,8860,127,226,2.716987593,1.611145844,20.228769204,77.088139316,70.022821426,5,1.000000000,nan,nan,0.000000000,5.148025986,2.034607984,0.018807943,0.029321003,2.214890032,0,0.500000000
126.499768972,19776,3793,0,11103,8673,15979,362,108,109,46,63,7344,8635,128,234,2.718244450,1.620670547,19.341201824,75.779382432,5.680084229,6,0.000000000,nan,nan,0.000000000,2.483500983,1.127778029,0.013916986,0.024292967,1.238266996,0,0.500000000
126.599167585,19872,3892,0,11191,8681,15976,356,98,106,48,58,7323,8653,127,229,2.725122719,1.620716166,21.523140831,115.220733094,10.306119919,3,0.000000000,nan,nan,0.000000000,8.932580997,3.571135923,0.033755030,0.043053995,3.891747037,0,0.500000000
126.799784422,19968,4016,0,11317,8651,15948,348,100,101,48,53,7312,8636,125,223,2.693645808,1.649009852,23.393023415,97.079148628,25.904178619,2,1.000000000,nan,nan,0.000000000,6.461331039,2.316002909,0.021521002,0.027743983,2.517968998,0,0.500000000
126.901296616,20064,3923,0,11083,8981,15948,348,99,101,51,50,7312,8636,125,223,2.693645808,1.649009852,24.586357223,96.570224135,nan,nan,nan,nan,nan,0.000000000,6.116615026,4.009887052,0.043303007,0.068819034,4.419534001,0,0.500000000
126.999738216,19776,4176,0,11221,8555,15948,348,101,101,51,50,7312,8636,125,223,2.693645808,1.649009852,24.511216765,96.786479167,nan,nan,nan,nan,nan,0.000000000,5.641658965,3.182899032,0.023938948,0.048807997,3.415258019,0,0.500000000
127.099393845,20352,4039,0,10946,9406,15948,348,101,101,51,50,7312,8636,125,223,2.693645808,1.649009852,24.370810399,97.216215999,nan,nan,nan,nan,nan,0.000000000,2.187476028,1.273725997,0.012092001,0.016119040,1.388845034,0,0.500000000
127.199815035,19968,4372,0,11167,8801,15948,348,101,100,50,50,7312,8636,125,223,2.693645808,1.649009852,24.308221668,95.513483094,nan,nan,nan,nan,nan,0.000000000,4.189462983,2.695148054,0.022405991,0.050728966,2.913867007,0,0.500000000
127.299731970,19968,4255,0,10900,9068,15709,355,108,100,40,60,6662,9047,112,243,2.682526075,1.736414142,20.508969893,94.198767142,6.046772003,5,0.000000000,nan,nan,0.000000000,7.512778044,2.926456975,0.029460003,0.043459004,3.202593012,0,0.500000000
127.400262356,20064,4715,0,11309,8755,15345,353,98,106,41,65,6631,8714,112,241,2.646110529,1.828013517,23.184857344,119.356716021,37.575006485,7,1.000000000,nan,nan,0.000000000,9.189877019,3.750944918,0.034339027,0.090742018,4.068979004,0,0.500000000
127.499588490,19968,4607,0,10885,9083,15357,341,98,95,44,51,6342,9015,107,234,2.682402524,1.800117228,25.059147795,119.511363329,69.223165512,4,1.000000000,nan,nan,0.000000000,2.536674030,1.069404942,0.010757009,0.018179009,1.173085009,0,0.500000000
127.599823952,20064,5034,0,11278,8786,15026,343,105,108,46,62,6335,8691,110,233,2.665965286,1.880179488,25.951584905,101.938449582,78.946590424,4,1.000000000,nan,nan,0.000000000,4.975380958,2.730505017,0.026658992,0.070911017,2.975572948,0,0.500000000
127.699688673,19008,4822,0,10338,8670,14182,338,88,91,40,51,5649,8533,108,230,2.711764938,1.848137703,22.373768833,101.999477009,nan,1,nan,nan,nan,0.000000000,10.498240998,4.487652914,0.039368053,0.054666016,4.881935020,0,0.500000000
127.795391321,21024,5380,0,11668,9356,15640,341,94,107,41,66,6479,9161,109,232,2.647478221,1.907554673,25.732905215,125.176828484,14.568090439,3,0.000000000,nan,nan,0.000000000,3.974707972,1.996433013,0.021163083,0.034353987,2.193099994,0,0.500000000
127.900657177,19968,5299,0,10910,9058,14665,349,116,122,46,76,5805,8860,111,238,2.679415991,1.889205494,26.308327038,132.803599779,nan,1,nan,nan,nan,0.000000000,5.491464981,2.270999947,0.024143024,0.042271975,2.476728987,0,0.500000000
127.999634504,19968,5464,0,11076,8892,14500,332,98,94,39,55,5850,8650,103,229,2.658542266,1.916334751,18.938341516,113.526520545,4.210233688,2,0.000000000,nan,nan,0.000000000,7.948663027,3.870885004,0.036264013,0.066911976,4.220789997,0,0.500000000
128.099578142,20064,5749,0,11076,8988,14500,332,93,93,38,55,5850,8650,103,229,2.658542266,1.916334751,20.165033196,112.742713945,nan,nan,nan,nan,nan,0.000000000,3.211609030,1.933072053,0.018841063,0.024629000,2.116005984,0,0.500000000
128.199645281,19968,5887,0,11200,8768,14077,336,99,95,36,59,5646,8431,90,246,2.626420975,1.950510409,19.032611136,93.323340643,nan,1,nan,nan,nan,0.000000000,2.482102020,1.166165981,0.012071978,0.017796992,1.275710005,0,0.500000000
128.299619198,20064,6118,0,11410,8654,13942,324,99,96,37,59,5654,8288,85,239,2.648613070,1.983302521,20.522695152,115.041821131,51.035404205,3,1.000000000,nan,nan,0.000000000,6.917888997,2.880266984,0.026142050,0.071795017,3.133191029,0,0.500000000
128.400089979,19776,6277,0,11189,8587,13942,324,97,96,37,59,5654,8288,85,239,2.648613070,1.983302521,19.642360778,82.852458472,nan,nan,nan,nan,nan,0.000000000,1.987028052,1.229799935,0.012088974,0.015106983,1.352975029,0,0.500000000
128.499907494,20256,6464,0,11804,8452,13942,324,95,94,35,59,5654,8288,85,239,2.648613070,1.983302521,19.576630597,82.636807656,nan,nan,nan,nan,nan,0.000000000,3.342777956,2.176731010,0.023103028,0.047857000,2.399195975,0,0.500000000
128.599668741,20064,6618,0,11470,8594,13442,302,91,90,29,61,5401,8041,79,223,2.556990598,1.985074267,16.329216316,71.484291908,79.653978348,6,1.000000000,nan,nan,0.000000000,5.430910969,2.155034919,0.021786953,0.026709982,2.370561007,0,0.500000000
128.699769258,19968,6834,0,11728,8240,13442,302,90,90,28,62,5401,8041,79,223,2.556990598,1.985074267,17.574477032,87.419660482,nan,nan,nan,nan,nan,0.000000000,1.984542003,1.269788074,0.013285957,0.018703053,1.404131996,0,0.500000000
128.799717426,19968,6952,0,11650,8318,13012,290,81,86,26,60,5383,7629,76,214,2.513181808,1.997381739,16.050520511,86.989563396,39.892911911,8,1.000000000,nan,nan,0.000000000,2.246753022,0.987769978,0.009985932,0.023475033,1.093501982,0,0.500000000
128.899641275,19584,7119,0,11863,7721,13012,290,90,91,27,64,5383,7629,76,214,2.513181808,1.997381739,18.624307673,90.510676891,nan,nan,nan,nan,nan,0.000000000,1.473547018,0.923907093,0.009828014,0.013771001,1.026100013,0,0.500000000
128.999760151,20448,7264,0,11899,8549,13180,281,84,86,32,54,5464,7716,80,201,2.504430272,2.096914041,18.058218682,109.528129553,nan,1,nan,nan,nan,0.000000000,9.828042996,4.436794086,0.042077038,0.127742998,4.879156011,0,0.500000000
129.099637508,19968,7369,0,12102,7866,12595,272,78,80,32,48,5591,7004,82,190,2.440347997,2.064191060,14.103348119,104.013910712,nan,1,nan,nan,nan,0.000000000,5.559192970,2.597039042,0.026604976,0.031527015,2.879637992,0,0.500000000
129.199637890,20064,7518,0,12129,7935,12595,272,81,82,32,50,5591,7004,82,190,2.440347997,2.064191060,15.106709980,106.825446250,nan,nan,nan,nan,nan,0.000000000,2.001932007,1.162610075,0.012071047,0.015737023,1.290304004,0,0.500000000
129.299756527,19968,7611,0,12225,7743,12595,272,82,82,32,50,5591,7004,82,190,2.440347997,2.064191060,15.107670525,106.794805064,nan,nan,nan,nan,nan,0.000000000,2.604509995,1.598590927,0.013669021,0.026572961,1.752986049,0,0.500000000
129.399693489,20064,7758,0,12140,7924,12595,272,82,82,32,50,5591,7004,82,190,2.440347997,2.064191060,15.107961214,106.778600179,nan,nan,nan,nan,nan,0.000000000,6.365133042,4.160435055,0.032357930,0.012953009,4.529784026,0,0.500000000
129.499685764,19584,7620,0,11976,7608,12595,272,82,82,32,50,5591,7004,82,190,2.440347997,2.064191060,15.108102377,106.768675245,nan,nan,nan,nan,nan,0.000000000,2.900007006,1.663042000,0.013549987,0.027085014,1.823265979,0,0.500000000
129.700884104,19968,7919,0,12273,7695,12045,246,69,73,26,47,5536,6509,83,163,2.345510577,2.320328376,11.497391099,45.377666372,19.880533218,2,1.000000000,nan,nan,0.000000000,4.624998022,2.090587979,0.022487016,0.066357024,2.352094976,0,0.500000000
129.801679134,20064,8077,0,12345,7719,11983,239,62,63,23,40,5505,6478,82,157,2.341855232,2.339173974,6.333601304,57.142412834,7.792234421,2,0.000000000,nan,nan,0.000000000,3.209582996,1.265835017,0.011660100,0.044637010,1.411895966,0,0.500000000
129.899747610,19968,8151,0,12386,7582,11813,239,62,63,26,37,5489,6324,83,156,2.302871939,2.426093777,5.774503505,48.159814907,nan,1,nan,nan,nan,0.000000000,2.382571984,1.100809022,0.010174001,0.020870008,1.233654970,0,0.500000000
129.999851465,20064,8236,0,12563,7501,11824,230,65,58,28,30,5598,6226,82,148,2.265251490,2.470613852,7.536708837,63.814778568,153.894662857,2,1.000000000,nan,nan,0.000000000,4.395809025,1.757767983,0.012175005,0.032955024,1.967738033,0,0.500000000
130.099658251,19968,8212,0,12456,7512,11752,227,65,62,28,34,5489,6263,83,144,2.234153533,2.479387271,11.420067998,71.773483239,26.802778244,5,1.000000000,nan,nan,0.000000000,5.621496006,2.598407911,0.025535002,0.061377010,2.912249998,0,0.500000000
130.199734211,19968,8209,0,12516,7452,11755,235,66,65,32,33,5606,6149,87,148,2.177951678,2.496763185,12.029751772,87.887229108,17.283916473,18,1.000000000,nan,nan,0.000000000,4.356568970,1.696169958,0.011552998,0.019319996,1.902244985,0,0.500000000
130.299662352,19584,8152,0,12096,7488,11428,249,66,62,33,29,5206,6222,92,157,2.219984921,2.529921893,8.893560203,71.804081056,nan,1,nan,nan,nan,0.000000000,7.275412034,3.532247094,0.033762946,0.021449989,3.943898017,0,0.500000000
130.397464275,20448,8556,0,13044,7404,11888,243,62,64,36,28,5797,6091,90,153,2.088715942,2.560317671,11.276765554,46.082661570,74.061155319,2,1.000000000,nan,nan,0.000000000,8.301167982,3.442242916,0.030998955,0.050333969,3.808880982,0,0.500000000
130.499614239,19872,8385,0,12479,7393,11888,243,63,62,36,26,5797,6091,90,153,2.088715942,2.560317671,10.547203774,44.813364181,nan,nan,nan,nan,nan,0.000000000,3.575587994,1.990152989,0.018401945,0.026778958,2.216071007,0,0.500000000
130.599598408,20064,8452,0,12655,7409,11888,243,62,60,36,24,5797,6091,90,153,2.088715942,2.560317671,10.509551314,40.996907121,nan,nan,nan,nan,nan,0.000000000,1.641572977,1.001701981,0.009878015,0.022051972,1.124037022,0,0.500000000
130.699669361,20064,8540,0,12554,7510,11888,243,61,60,36,24,5797,6091,90,153,2.088715942,2.560317671,10.509551315,40.980516434,nan,nan,nan,nan,nan,0.000000000,4.843594041,2.912579919,0.027570932,0.048983027,3.279433993,0,0.500000000
130.799633980,19776,8372,0,12578,7198,11888,243,60,60,36,24,5797,6091,90,153,2.088715942,2.560317671,10.551756550,41.029582952,nan,nan,nan,nan,nan,0.000000000,3.617834009,2.001669956,0.012968027,0.026936992,2.180122014,0,0.500000000
130.899802446,19680,8443,0,12374,7306,11233,222,56,53,23,30,5290,5943,63,159,1.984560394,2.657906929,12.262828927,42.092892637,15.910387039,3,1.000000000,nan,nan,0.000000000,3.138091008,1.226201013,0.014259946,0.022444001,1.365386008,0,0.500000000
130.999183893,20160,8634,0,12726,7434,11233,222,52,53,22,31,5290,5943,63,159,1.984560394,2.657906929,11.005740505,41.494897808,nan,nan,nan,nan,nan,0.000000000,1.791196992,1.116113970,0.009999087,0.015660014,1.245789987,0,0.500000000
131.101419210,20160,8716,0,12727,7433,11233,222,54,54,23,31,5290,5943,63,159,1.984560394,2.657906929,11.024492874,41.531512819,nan,nan,nan,nan,nan,0.000000000,4.858893051,3.056376940,0.021126005,0.037434977,3.378553025,0,0.500000000
131.299663544,20064,8723,0,12715,7349,11337,217,54,56,22,34,5467,5870,61,156,1.850426172,2.718285049,9.098145390,32.840707060,12.391805649,2,0.000000000,nan,nan,0.000000000,7.621105993,3.041163029,0.027704984,0.063796004,3.407300974,0,0.500000000
131.399810076,19968,8768,0,12675,7293,11196,211,51,52,20,32,5347,5849,60,151,1.829133678,2.721165890,9.646235074,25.747117324,9.896039963,3,0.000000000,nan,nan,0.000000000,1.728728006,0.720132026,0.006423972,0.020145031,0.807712961,0,0.500000000
131.500167370,19584,8541,0,12312,7272,11039,206,52,51,20,31,5254,5785,61,145,1.814872722,2.734857359,8.724037294,27.887704181,39.597988129,4,1.000000000,nan,nan,0.000000000,3.830632020,1.625566045,0.014645047,0.038606988,1.832234033,0,0.500000000
131.600406647,20448,9180,0,13222,7226,11039,206,50,51,20,31,5254,5785,61,145,1.814872722,2.734857359,8.533839236,67.313878888,nan,nan,nan,nan,nan,0.000000000,4.805940029,2.871423960,0.024646986,0.074540963,3.241944010,0,0.500000000
131.699625015,19968,8935,0,12756,7212,11029,206,53,53,19,34,5272,5757,59,147,1.755040992,2.745115123,9.722723233,36.882506454,35.606861115,3,1.000000000,nan,nan,0.000000000,3.535009047,1.326593978,0.011574070,0.045772002,1.492941054,0,0.500000000
131.800979137,19968,8902,0,12784,7184,11062,210,57,59,22,37,5318,5744,59,151,1.719308436,2.752946767,12.209844141,37.840597222,65.858840942,6,1.000000000,nan,nan,0.000000000,1.986263029,0.837990898,0.008678995,0.016211008,0.946819026,0,0.500000000
131.899731398,20064,9031,0,12829,7235,11062,210,60,60,23,37,5318,5744,59,151,1.719308436,2.752946767,12.781612699,38.579412147,nan,nan,nan,nan,nan,0.000000000,3.848092980,2.373811963,0.019419938,0.027913018,2.631951997,0,0.500000000
131.999820471,19968,8963,0,12851,7117,11062,210,60,61,24,37,5318,5744,59,151,1.719308436,2.752946767,12.970144653,38.410128796,nan,nan,nan,nan,nan,0.000000000,1.947910001,0.657817058,0.006782997,0.006861985,0.742787030,0,0.500000000
132.099571228,20064,9120,0,12959,7105,10940,204,53,57,23,34,5272,5668,59,145,1.644767162,2.762002035,10.757974833,35.242137997,9.557008743,2,0.000000000,nan,nan,0.000000000,2.177205984,0.788283010,0.007359893,0.024224981,0.888893032,0,0.500000000
132.199746847,19776,8827,0,12763,7013,10945,207,61,60,22,38,5382,5563,61,146,1.595903464,2.783707393,11.470758164,45.780572217,5.547523499,2,0.000000000,nan,nan,0.000000000,2.254054009,0.824475894,0.008755014,0.020351959,0.930555980,0,0.500000000
132.300850153,19392,8686,0,12643,6749,10945,207,62,62,22,40,5382,5563,61,146,1.595903464,2.783707393,11.784238211,46.551554617,nan,nan,nan,nan,nan,0.000000000,2.041031024,1.147680043,0.012088043,0.036781013,1.305488986,0,0.500000000
132.399087667,20736,9387,0,13410,7326,11345,210,56,58,21,37,5591,5754,59,151,1.496046450,2.774358975,9.546379148,35.081606060,9.779930115,2,0.000000000,nan,nan,0.000000000,5.642546981,1.994468970,0.018795952,0.035890960,2.245031996,0,0.500000000
132.499570370,20064,9211,0,13009,7055,11345,210,59,55,20,35,5591,5754,59,151,1.496046450,2.774358975,8.800321542,28.414559336,nan,nan,nan,nan,nan,0.000000000,3.456946986,1.946622971,0.018033024,0.033029006,2.190833038,0,0.500000000
132.599599838,19968,9095,0,12958,7010,11345,210,54,54,20,34,5591,5754,59,151,1.496046450,2.774358975,9.031006125,28.587910814,nan,nan,nan,nan,nan,0.000000000,2.773793996,1.561962883,0.015088939,0.030875963,1.779979968,0,0.500000000
132.699608803,19584,8915,0,12595,6989,11345,210,54,54,20,34,5591,5754,59,151,1.496046450,2.774358975,9.032017127,28.594356294,nan,nan,nan,nan,nan,0.000000000,4.237864050,2.523545001,0.018911087,0.064174994,2.806867007,0,0.500000000
132.799181938,20448,9507,0,13234,7214,11345,210,54,54,20,34,5591,5754,59,151,1.496046450,2.774358975,8.932982114,28.394869027,nan,nan,nan,nan,nan,0.000000000,3.021825978,1.701346016,0.012320990,0.036459998,1.881389995,0,0.500000000
132.899711609,19968,9492,0,12890,7078,10472,216,52,59,22,37,4904,5568,57,159,1.388965976,2.793318465,9.259997958,49.717916930,20.177841187,4,1.000000000,nan,nan,0.000000000,2.288874995,0.960388978,0.008894014,0.074622978,1.084310992,0,0.500000000
132.999738932,19968,9472,0,12911,7057,10492,225,65,59,22,37,4937,5555,58,167,1.372233210,2.799948741,5.187494714,38.153911133,nan,1,nan,nan,nan,0.000000000,4.171366978,1.910088991,0.018968014,0.030504016,2.151697001,0,0.500000000
133.099586010,19968,9733,0,12930,7038,10231,218,58,58,20,38,4708,5523,52,166,1.351770322,2.795195504,6.111069792,46.671154225,15.526533127,5,1.000000000,nan,nan,0.000000000,6.157002994,2.460727002,0.021962042,0.032134005,2.766727004,0,0.500000000
133.199776649,19968,9750,0,12993,6975,10231,218,61,60,21,39,4708,5523,52,166,1.351770322,2.795195504,6.174255088,50.268751118,nan,nan,nan,nan,nan,0.000000000,1.880828000,1.094265084,0.010670046,0.010794960,1.229525020,0,0.500000000
133.301395178,19968,9861,0,13001,6967,10103,217,57,64,20,44,4665,5438,46,171,1.312878871,2.802858422,7.615581661,71.635346553,6.191492081,2,0.000000000,nan,nan,0.000000000,1.829168992,0.700108940,0.006517977,0.007727009,0.785320997,0,0.500000000
133.399714947,20064,10068,0,13133,6931,9992,210,54,56,17,39,4569,5423,39,171,1.290158931,2.793737593,6.445795838,58.924122959,19.996643066,3,1.000000000,nan,nan,0.000000000,4.292317957,1.672291080,0.015869038,0.055375975,1.879823976,0,0.500000000
133.499657154,19968,10086,0,13058,6910,9878,202,59,54,12,42,4494,5384,36,166,1.272087056,2.818726186,4.949963175,31.803939393,24.281740189,3,1.000000000,nan,nan,0.000000000,4.583491012,1.797971956,0.013724028,0.033230986,2.028301999,0,0.500000000
133.601096630,19968,10168,0,13041,6927,9878,202,56,58,13,45,4494,5384,36,166,1.272087056,2.818726186,6.523430447,37.626083747,nan,nan,nan,nan,nan,0.000000000,1.431534009,0.825975963,0.008485047,0.013420999,0.941173988,0,0.500000000
133.699701071,20064,10210,0,12995,7069,9850,199,66,57,14,43,4299,5551,36,163,1.217294528,2.834034661,4.927755704,29.985284355,5.665540695,3,0.000000000,nan,nan,0.000000000,6.409371970,2.436766052,0.026485999,0.037165009,2.746453974,0,0.500000000
133.799608231,20064,10228,0,12939,7125,9832,201,65,57,15,42,4181,5651,36,165,1.203336628,2.838293985,7.090728487,30.873620271,14.210700989,4,0.000000000,nan,nan,0.000000000,3.927437006,1.515904034,0.015932019,0.027529022,1.710986020,0,0.500000000
133.899817705,19968,10342,0,13003,6965,9832,201,56,57,16,41,4181,5651,36,165,1.203336628,2.838293985,6.963228181,30.682424493,nan,nan,nan,nan,nan,0.000000000,3.781388979,2.341477026,0.024512992,0.042247993,2.678422956,0,0.500000000
133.999561548,20064,10503,0,13053,7011,9832,201,57,58,16,42,4181,5651,36,165,1.203336628,2.838293985,6.945336523,30.849799465,nan,nan,nan,nan,nan,0.000000000,3.896814014,2.193234046,0.020574022,0.024528999,2.481828036,0,0.500000000
134.099681616,19968,10737,0,13096,6872,9227,203,60,54,14,40,3828,5399,35,168,1.171432240,2.840204713,5.058117756,30.647971291,nan,1,nan,nan,nan,0.000000000,2.697269956,1.291785913,0.013131939,0.042603002,1.462088956,0,0.500000000
134.199577332,19968,10777,0,12997,6971,9227,203,57,57,15,42,3828,5399,35,168,1.171432240,2.840204713,5.026610327,33.823835488,nan,nan,nan,nan,nan,0.000000000,3.908605024,2.375695971,0.018963940,0.131254026,2.642306034,0,0.500000000
134.299684286,20064,11219,0,13165,6899,8841,197,56,55,13,42,3424,5417,34,163,1.174900906,2.852090397,6.448239587,33.696531678,5.828142166,4,0.000000000,nan,nan,0.000000000,4.234081018,2.022775996,0.021030894,0.049474998,2.295608982,0,0.500000000
134.399657249,19968,11431,0,12984,6984,8533,203,58,60,9,51,2980,5553,34,169,1.201260156,2.841048606,7.399195602,40.958594355,5.920171738,3,0.000000000,nan,nan,0.000000000,1.944784017,0.862077053,0.009023002,0.021887012,0.982918020,0,0.500000000
134.499579430,20064,11830,0,13047,7017,8230,191,54,54,11,43,2758,5472,33,158,1.217021356,2.866963840,7.083143515,38.232210212,5.765914917,3,0.000000000,nan,nan,0.000000000,6.587947020,2.824627038,0.028126116,0.048256014,3.231945971,0,0.500000000
134.599650383,19968,11883,0,12894,7074,8081,199,58,54,9,45,2444,5637,33,166,1.272314504,2.858287851,7.151075521,38.295000698,15.637159348,4,1.000000000,nan,nan,0.000000000,2.255984000,1.039309078,0.010488031,0.029971998,1.178984996,0,0.500000000
134.699648619,19968,12131,0,12946,7022,7833,204,61,59,9,50,2277,5556,32,172,1.324278669,2.873327159,6.055753729,47.049939795,10.408163071,2,0.000000000,nan,nan,0.000000000,1.600269985,0.763747899,0.008230098,0.022309017,0.866938033,0,0.500000000
134.799581289,20064,12362,0,12912,7152,7833,204,61,61,8,53,2277,5556,32,172,1.324278669,2.873327159,5.570606699,49.948902156,nan,nan,nan,nan,nan,0.000000000,3.205024055,1.976275991,0.021265005,0.036793994,2.252028964,0,0.500000000
134.899695873,19968,12557,0,12946,7022,7833,204,62,62,8,54,2277,5556,32,172,1.324278669,2.873327159,5.775590346,50.467587164,nan,nan,nan,nan,nan,0.000000000,3.102240036,1.810210000,0.019293977,0.046088011,2.058569982,0,0.500000000
135.001302719,19968,12789,0,12974,6994,7175,189,56,58,11,47,1615,5560,29,160,1.439118114,2.886324469,9.790950272,38.855563336,89.964866638,2,1.000000000,nan,nan,0.000000000,2.435867034,1.057992049,0.011633965,0.026546011,1.213607960,0,0.500000000
135.099558353,19968,12920,0,13014,6954,7044,188,54,56,12,44,1523,5521,27,161,1.379903623,2.897786446,8.216844106,39.678422004,nan,1,nan,nan,nan,0.000000000,1.486301015,0.691044028,0.007517054,0.021048007,0.792249048,0,0.500000000
135.200507641,20064,13181,0,13151,6913,7044,188,58,58,11,47,1523,5521,27,161,1.379903623,2.897786446,8.240803805,43.156226802,nan,nan,nan,nan,nan,0.000000000,3.141638008,1.974125917,0.022068096,0.036345038,2.267962031,0,0.500000000
135.300053358,19968,13250,0,13027,6941,6714,187,55,58,12,46,1225,5489,25,162,1.520492399,2.901263386,7.460111823,41.406368638,4.289865494,2,0.000000000,nan,nan,0.000000000,3.014913003,1.439579995,0.015306985,0.023549015,1.650393999,0,0.500000000
135.399674892,19968,13326,0,13081,6887,6714,187,55,55,11,44,1225,5489,25,162,1.520492399,2.901263386,6.668676290,42.834046844,nan,nan,nan,nan,nan,0.000000000,2.779047994,1.720854023,0.018907944,0.033025979,1.983800030,0,0.500000000
135.499497890,20064,13386,0,13050,7014,6714,187,55,53,11,42,1225,5489,25,162,1.520492399,2.901263386,6.245510517,40.226957117,nan,nan,nan,nan,nan,0.000000000,1.697903033,1.016755123,0.010287971,0.015061989,1.158838975,0,0.500000000
135.599600315,19968,13245,0,13036,6932,6719,190,54,52,10,42,1206,5513,25,165,1.636657578,2.894172534,7.513093088,33.161025018,6.102561951,3,0.000000000,nan,nan,0.000000000,3.695703985,1.605766942,0.015423051,0.027865986,1.828659035,0,0.500000000
135.699494362,20064,13257,0,12962,7102,6719,190,54,54,10,44,1206,5513,25,165,1.636657578,2.894172534,6.759220049,32.750531046,nan,nan,nan,nan,nan,0.000000000,4.365512985,2.749179956,0.022052962,0.045182998,3.074095992,0,0.500000000
135.800749302,19968,13209,0,12999,6969,6755,189,52,53,10,43,1229,5526,25,164,1.621288987,2.892831782,7.294570988,36.107943329,nan,1,nan,nan,nan,0.000000000,5.363783974,2.521988994,0.024804089,0.059821003,2.858709020,0,0.500000000
135.899648190,20064,13420,0,13085,6979,6755,189,52,55,10,45,1229,5526,25,164,1.621288987,2.892831782,6.762809045,35.134234702,nan,nan,nan,nan,nan,0.000000000,2.131115005,1.289774955,0.012304983,0.020141015,1.470325980,0,0.500000000
135.999746323,19872,13129,0,12920,6952,6739,187,55,57,11,46,1254,5485,25,162,1.566134195,2.898220351,6.959772076,38.616173812,39.939641953,10,1.000000000,nan,nan,0.000000000,3.711991012,1.688251039,0.012532051,0.019520987,1.928139012,0,0.500000000
136.101289988,20064,13345,0,12986,7078,6715,185,56,54,11,43,1183,5532,24,161,1.555872109,2.890356383,7.578416196,37.872976684,50.118207932,3,1.000000000,nan,nan,0.000000000,3.089575039,1.574478985,0.016629987,0.029828050,1.800159982,0,0.500000000
136.199598074,19968,12987,0,12861,7107,6977,188,57,60,11,49,1345,5632,27,161,1.492378633,2.893589718,7.309801139,38.376397137,50.502538681,2,1.000000000,nan,nan,0.000000000,2.017172985,0.959972909,0.010358053,0.021624030,1.092350984,0,0.500000000
136.299577713,19968,13141,0,12855,7113,6823,179,58,54,12,42,1277,5546,28,151,1.521117014,2.889298703,7.991502777,44.488011005,59.965610504,4,1.000000000,nan,nan,0.000000000,1.332394022,0.601734035,0.006627059,0.010881049,0.688481028,0,0.500000000
136.399610043,20064,12992,0,12970,7094,6823,179,55,55,12,43,1277,5546,28,151,1.521117014,2.889298703,8.857111410,46.206608316,nan,nan,nan,nan,nan,0.000000000,2.927613968,1.843560953,0.020867039,0.037888007,2.124184975,0,0.500000000
136.499762058,19968,13036,0,12939,7029,6823,179,56,55,12,43,1277,5546,28,151,1.521117014,2.889298703,8.860790069,46.185643713,nan,nan,nan,nan,nan,0.000000000,4.393469950,2.736006980,0.030259020,0.057961966,3.153975995,0,0.500000000
136.599777460,20064,12912,0,13032,7032,7148,186,59,62,9,53,1613,5535,27,159,1.361489600,2.899184825,5.697948439,50.919941214,105.988264084,2,1.000000000,nan,nan,0.000000000,3.646948957,1.650946040,0.017520040,0.037924969,1.874354959,0,0.500000000
136.699677944,19968,12684,0,12899,7069,7148,186,57,59,8,51,1613,5535,27,159,1.361489600,2.899184825,6.017960208,42.755582378,nan,nan,nan,nan,nan,0.000000000,1.126777031,0.672043068,0.007248018,0.008121016,0.768073020,0,0.500000000
136.799651146,19968,12505,0,12884,7084,7459,193,55,56,10,46,1836,5623,30,163,1.324214293,2.887463991,8.335356914,39.203251391,nan,1,nan,nan,nan,0.000000000,2.321917971,1.162990055,0.011894968,0.023589993,1.329306979,0,0.500000000
136.899664640,19968,12287,0,12897,7071,7459,193,55,55,10,45,1836,5623,30,163,1.324214293,2.887463991,7.097924459,36.289675417,nan,nan,nan,nan,nan,0.000000000,2.504923032,1.581342949,0.016378937,0.036053010,1.816513017,0,0.500000000
136.999505997,20064,12225,0,12990,7074,7459,193,55,55,10,45,1836,5623,30,163,1.324214293,2.887463991,7.097924418,36.305010295,nan,nan,nan,nan,nan,0.000000000,1.918374037,1.199688995,0.008884992,0.017554965,1.334597997,0,0.500000000
137.099513292,19968,11829,0,12924,7044,8135,203,46,56,9,47,2514,5621,33,170,1.303396644,2.870328295,8.916541492,39.658778242,nan,1,nan,nan,nan,0.000000000,1.487771049,0.684297935,0.005785085,0.010486983,0.768686994,0,0.500000000
137.199611902,20064,11612,0,13095,6969,8135,203,55,54,8,46,2514,5621,33,170,1.303396644,2.870328295,7.025391613,35.457736757,nan,nan,nan,nan,nan,0.000000000,2.789516991,1.705573057,0.016780046,0.017507002,1.925508957,0,0.500000000
137.299783945,19968,11001,0,12929,7039,8963,204,57,62,11,51,3331,5632,33,171,1.192712454,2.860269166,7.424794533,40.840590440,37.413835526,4,1.000000000,nan,nan,0.000000000,4.904756963,2.425756888,0.024783076,0.031148025,2.741646022,0,0.500000000
137.399581194,19776,10633,0,12803,6973,8963,204,60,61,10,51,3331,5632,33,171,1.192712454,2.860269166,6.814806813,42.330519503,nan,nan,nan,nan,nan,0.000000000,4.635846009,2.959722013,0.030353025,0.030755997,3.351307998,0,0.500000000
137.501109123,20256,10614,0,13229,7027,9638,199,66,67,15,52,3999,5639,34,165,1.189437284,2.845862998,8.721507849,45.859655502,54.590702057,6,1.000000000,nan,nan,0.000000000,4.411623988,1.669716963,0.017925981,0.034230005,1.881344011,0,0.500000000
137.599751234,19968,10260,0,12978,6990,9704,202,65,69,15,54,4158,5546,36,166,1.209371119,2.839432799,9.442675283,50.983825842,5.682229996,2,0.000000000,nan,nan,0.000000000,3.536011965,0.653478026,0.007517927,0.012680015,0.745086989,0,0.500000000
137.699597597,19968,10028,0,12903,7065,9704,202,68,67,15,52,4158,5546,36,166,1.209371119,2.839432799,9.283874490,48.838721989,nan,nan,nan,nan,nan,0.000000000,1.238605008,0.690571964,0.007783005,0.010011019,0.782096991,0,0.500000000
137.799502373,19968,9965,0,12947,7021,9999,205,62,64,14,50,4445,5554,36,169,1.249592355,2.826699789,9.565431433,44.528413931,59.778451920,2,1.000000000,nan,nan,0.000000000,2.962454979,1.256902935,0.012868026,0.013381010,1.420048997,0,0.500000000
137.899607658,19968,9947,0,12901,7067,10017,195,55,58,15,43,4420,5597,35,160,1.283676160,2.814197981,8.331533011,36.999192409,25.056600571,6,1.000000000,nan,nan,0.000000000,6.711177994,2.684916952,0.027166971,0.089664012,3.037913993,0,0.500000000
137.999554634,19968,9932,0,12924,7044,10032,201,59,56,13,43,4486,5546,37,164,1.297211995,2.809428207,6.781478872,31.226924022,6.888866425,2,0.000000000,nan,nan,0.000000000,5.232334952,2.020360960,0.019468076,0.038222002,2.280173008,0,0.500000000
138.100066185,19584,9911,0,12920,6664,9669,218,69,70,23,47,4513,5156,48,170,1.329731557,2.774505707,8.249504057,54.423433648,5.588769913,4,0.000000000,nan,nan,0.000000000,2.161931014,0.913767959,0.009669049,0.032722019,1.023879973,0,0.500000000
138.197350979,20064,9770,0,12914,7150,10290,219,62,64,21,43,4663,5627,54,165,1.335557134,2.801141232,6.497825652,44.319628796,6.821155548,31,0.000000000,nan,nan,0.000000000,4.410561000,1.678111905,0.016762002,0.035868958,1.882045006,0,0.500000000
138.297959089,20352,9691,0,13121,7231,10657,223,68,69,24,45,4968,5689,60,163,1.372166738,2.802631613,9.490314566,65.137878695,6.494760513,4,0.000000000,nan,nan,0.000000000,3.310939996,1.289405976,0.013760990,0.020038977,1.452231023,0,0.500000000
138.399492741,20064,9620,0,13114,6950,10440,224,63,65,23,42,5023,5417,60,164,1.388952509,2.772693446,8.148501669,46.128406266,nan,1,nan,nan,nan,0.000000000,2.555582963,1.222515944,0.012329023,0.014645979,1.382842020,0,0.500000000
138.499597073,20064,9587,0,13166,6898,10473,212,65,62,19,43,5170,5303,52,160,1.411506797,2.773154289,10.969732364,55.382674232,nan,1,nan,nan,nan,0.000000000,3.346359008,1.439001993,0.017528073,0.025977031,1.631020976,0,0.500000000
138.600467205,19872,9412,0,12948,6924,10456,208,54,56,16,40,5072,5384,51,157,1.445112251,2.775171266,8.975885250,36.297268822,5.681753159,2,0.000000000,nan,nan,0.000000000,7.999115973,3.149511933,0.030138937,0.042914995,3.563384991,0,0.500000000
138.703435183,20064,9372,0,12995,7069,10688,206,54,53,14,39,5201,5487,51,155,1.448248974,2.779459689,10.729279823,32.677047237,79.738140106,5,1.000000000,nan,nan,0.000000000,3.957693989,1.770706964,0.016497972,0.036825018,1.995576022,0,0.500000000
138.799499273,20064,9389,0,12942,7122,10671,204,58,58,16,42,5088,5583,50,154,1.516290026,2.774986341,10.951134915,38.698554550,5.735874176,2,0.000000000,nan,nan,0.000000000,1.710288983,0.706986932,0.007138995,0.019776984,0.802594994,0,0.500000000
138.899594069,20064,9279,0,12995,7069,10781,198,55,56,18,38,5267,5514,51,147,1.525069811,2.758240498,10.575003546,35.588819669,nan,1,nan,nan,nan,0.000000000,2.143237041,0.679365010,0.006351969,0.010332966,0.768534956,0,0.500000000
138.999643564,19392,9375,0,12926,6466,10781,198,54,57,17,40,5267,5514,51,147,1.525069811,2.758240498,10.948976101,36.116197808,nan,nan,nan,nan,nan,0.000000000,3.110473976,1.827872940,0.018646999,0.023994013,2.082701016,0,0.500000000
139.099873304,20352,9180,0,12954,7398,11168,204,55,53,17,36,5282,5886,50,154,1.606120790,2.775548528,10.044722874,39.802418381,nan,1,nan,nan,nan,0.000000000,4.674307012,1.688344870,0.015079044,0.032912998,1.898261020,0,0.500000000
139.199612856,19968,9305,0,12982,6986,11168,204,55,57,17,40,5282,5886,50,154,1.606120790,2.775548528,11.356213135,29.467508502,nan,nan,nan,nan,nan,0.000000000,1.266045962,0.698353979,0.006644928,0.010943040,0.791553000,0,0.500000000
139.299407244,19872,9084,0,12866,7006,11168,204,57,57,17,40,5282,5886,50,154,1.606120790,2.775548528,12.244299806,30.252473477,nan,nan,nan,nan,nan,0.000000000,2.861222019,1.682231959,0.012693054,0.025529996,1.863437996,0,0.500000000
139.400369644,20352,9316,0,13303,7049,11032,212,33,52,15,37,5451,5581,53,159,1.755749641,2.699972361,8.785023096,38.964171612,7.090091705,3,0.000000000,nan,nan,0.000000000,1.701020985,0.715215923,0.004427042,0.017477025,0.795776024,0,0.500000000
139.501565218,19968,9070,0,12853,7115,11032,212,49,51,16,35,5451,5581,53,159,1.755749641,2.699972361,7.343225974,26.023825074,nan,nan,nan,nan,nan,0.000000000,3.425214963,2.094294934,0.018172024,0.042690022,2.356440003,0,0.500000000
139.599456787,19776,9000,0,12709,7067,10772,222,53,58,20,38,5116,5656,56,166,1.817555123,2.714027394,11.261140836,53.268464781,nan,1,nan,nan,nan,0.000000000,2.237570996,0.998722913,0.008914038,0.015799014,1.122888003,0,0.500000000
139.697904587,20256,9063,0,12825,7431,10772,222,55,56,19,37,5116,5656,56,166,1.817555123,2.714027394,11.466824861,47.961292972,nan,nan,nan,nan,nan,0.000000000,4.082116007,2.518183028,0.022476015,0.028073962,2.823938965,0,0.500000000
139.799548149,19392,8593,0,12439,6953,10795,224,58,60,21,39,5203,5592,57,167,1.905137532,2.716699665,12.553325577,65.917890331,5.534887314,6,0.000000000,nan,nan,0.000000000,3.997694992,1.595775946,0.014184043,0.030960015,1.771321986,0,0.500000000
139.896140337,20640,9286,0,12995,7645,11350,229,63,63,24,39,5284,6066,64,165,1.949290868,2.631949576,9.936713013,48.353910622,6.448030472,8,0.000000000,nan,nan,0.000000000,6.131602044,2.230465063,0.019598985,0.034118013,2.488384023,0,0.500000000
139.999649048,19968,8798,0,12701,7267,11166,238,63,69,25,44,5291,5875,69,169,1.976848053,2.666380639,11.607971478,61.068560741,nan,1,nan,nan,nan,0.000000000,1.781390049,0.788789068,0.007465016,0.009938958,0.884029956,0,0.500000000
140.099510193,19968,8714,0,12644,7324,11250,237,59,59,26,33,5294,5956,74,163,2.022062187,2.638187961,8.517676220,33.046655867,34.298896790,13,1.000000000,nan,nan,0.000000000,2.131866000,0.777910929,0.006410002,0.015403959,0.865803042,0,0.500000000
140.199451208,19968,8502,0,12618,7350,11250,237,62,60,26,34,5294,5956,74,163,2.022062187,2.638187961,10.654616314,41.300935864,nan,nan,nan,nan,nan,0.000000000,2.602541994,1.555175055,0.014778052,0.020913023,1.751918986,0,0.500000000
140.299446821,20064,8608,0,12674,7390,11452,241,62,60,28,32,5399,6053,78,163,2.086620699,2.558785052,12.229493917,40.921630012,nan,1,nan,nan,nan,0.000000000,2.510017017,1.047341095,0.009859039,0.028306036,1.166151953,0,0.500000000
140.399591446,20064,8528,0,12666,7398,11532,238,61,59,24,35,5499,6033,78,160,2.133024804,2.548741473,11.139785577,68.958041255,7.032871246,2,0.000000000,nan,nan,0.000000000,5.344825971,2.659505932,0.023697969,0.059097016,2.962935017,0,0.500000000
140.500210524,19968,8499,0,12458,7510,11532,238,63,62,25,37,5499,6033,78,160,2.133024804,2.548741473,10.620875869,75.393355664,nan,nan,nan,nan,nan,0.000000000,7.838475984,4.875110928,0.030532072,0.038700004,5.384276039,0,0.500000000
140.599602699,19968,8268,0,12497,7471,11532,238,61,60,25,35,5499,6033,78,160,2.133024804,2.548741473,8.599604102,40.688905833,nan,nan,nan,nan,nan,0.000000000,2.478784008,1.477899088,0.012574019,0.019848987,1.635630033,0,0.500000000
140.699531078,19968,8173,0,12351,7617,11791,230,45,65,22,43,5442,6349,74,156,2.282075831,2.338908537,5.982519551,29.745298677,85.042953491,7,1.000000000,nan,nan,0.000000000,2.659291960,1.197104983,0.009770039,0.025611022,1.335163019,0,0.500000000
140.799485207,20064,8061,0,12367,7697,11999,230,59,58,19,39,5574,6425,74,156,2.296996949,2.292290603,5.017436783,40.499480672,5.702495575,5,0.000000000,nan,nan,0.000000000,2.043912013,0.847444986,0.007549999,0.012859004,0.952655973,0,0.500000000
140.899554729,19968,8026,0,12281,7687,11938,225,56,65,24,41,5472,6466,73,152,2.350366706,2.238550954,10.789269827,65.890996635,nan,1,nan,nan,nan,0.000000000,3.195586032,1.210457936,0.010555028,0.020642998,1.350664999,0,0.500000000
140.999544859,19968,7796,0,12240,7728,12168,223,62,60,22,38,5643,6525,73,150,2.359926024,2.219636494,6.328149123,49.517118729,5.445241928,2,0.000000000,nan,nan,0.000000000,3.089788021,1.372283907,0.013523968,0.019347994,1.545750012,0,0.500000000
141.099593639,20064,7714,0,12188,7876,12346,221,64,65,27,38,5630,6716,74,147,2.376881798,2.133604870,7.964015684,56.969469787,20.378589630,2,1.000000000,nan,nan,0.000000000,7.378439012,2.950921946,0.020961976,0.012765988,3.216081997,0,0.500000000
141.199654341,19968,7385,0,11931,8037,12346,221,65,64,27,37,5630,6716,74,147,2.376881798,2.133604870,8.210946893,55.221566830,nan,nan,nan,nan,nan,0.000000000,3.533650946,1.999430999,0.018544088,0.029621995,2.226662997,0,0.500000000
141.299691439,19968,7316,0,11912,8056,12648,227,59,64,27,37,5625,7023,73,154,2.439339837,2.094619788,7.324984824,47.201016330,75.521945953,6,1.000000000,nan,nan,0.000000000,2.256102045,0.949478068,0.009102048,0.018121034,1.070922997,0,0.500000000
141.399456501,20064,7225,0,11849,8215,12835,232,59,59,22,37,5573,7262,70,162,2.496309243,2.090359415,6.715015272,60.725693118,10.088205338,3,0.000000000,nan,nan,0.000000000,5.560283957,1.983055030,0.016557984,0.026856957,2.198977978,0,0.500000000
141.499550819,19872,6971,0,11699,8173,12835,232,58,59,20,39,5573,7262,70,162,2.496309243,2.090359415,6.443444251,47.128019486,nan,nan,nan,nan,nan,0.000000000,1.649424026,0.905345019,0.007775030,0.024267007,1.008026011,0,0.500000000
141.599589348,20064,7050,0,11791,8273,13010,244,66,61,20,41,5514,7496,72,172,2.551433180,2.059486589,8.874705668,59.477051829,6.307840347,2,0.000000000,nan,nan,0.000000000,2.914804965,1.139263040,0.010131975,0.015442027,1.265934960,0,0.500000000
141.699427366,19968,6771,0,11574,8394,13193,250,62,68,23,45,5518,7675,78,172,2.588954039,2.076053177,8.310700051,74.470894308,nan,1,nan,nan,nan,0.000000000,6.224269047,2.162827004,0.018937921,0.038627011,2.421278041,0,0.500000000
141.799559355,20064,6579,0,11507,8557,13193,250,68,68,24,44,5518,7675,78,172,2.588954039,2.076053177,9.581682465,76.718677418,nan,nan,nan,nan,nan,0.000000000,1.604131015,0.903095060,0.006570015,0.010504969,0.987357984,0,0.500000000
141.899554729,20064,6342,0,11312,8752,13193,250,68,68,24,44,5518,7675,78,172,2.588954039,2.076053177,9.581682178,76.704313153,nan,nan,nan,nan,nan,0.000000000,2.606277994,1.495779026,0.011735887,0.018670980,1.636797038,0,0.500000000
141.999589443,19872,6108,0,11350,8522,13760,275,75,68,28,40,5735,8025,88,187,2.609826642,2.026519397,14.694045379,76.272841266,4.675626755,2,0.000000000,nan,nan,0.000000000,6.193091976,2.728427120,0.025843037,0.049796945,3.022133955,0,0.500000000
142.099410534,19776,5799,0,11085,8691,13973,282,68,68,31,37,5716,8257,90,192,2.654854389,2.017343980,13.588332643,83.602201883,45.177221298,3,1.000000000,nan,nan,0.000000000,4.269701021,1.589031017,0.012692937,0.025218993,1.748746959,0,0.500000000
142.201306820,20352,5767,0,11449,8903,14581,299,76,80,35,45,6033,8548,100,199,2.603528572,1.964544233,16.781858035,81.031844227,4.283189774,2,0.000000000,nan,nan,0.000000000,2.531122998,1.053805114,0.008839939,0.015774975,1.155412989,0,0.500000000
142.301583290,19968,5249,0,10974,8994,14715,301,78,78,32,46,6013,8702,101,200,2.655058566,1.945029543,17.036886896,82.823792233,5.979537964,3,0.000000000,nan,nan,0.000000000,2.373351017,0.990482105,0.008437026,0.021045969,1.094256993,0,0.500000000
142.400817871,19872,5234,0,11090,8782,14634,311,84,83,35,48,6074,8560,102,209,2.641346488,1.971934371,19.242587815,87.564695016,nan,1,nan,nan,nan,0.000000000,4.169290012,1.620925090,0.012776058,0.022491964,1.791113988,0,0.500000000
142.499479294,20064,4926,0,10986,9078,15134,305,60,83,33,50,6211,8923,101,204,2.671878734,1.903571617,20.357517710,86.678657297,89.870214462,3,1.000000000,nan,nan,0.000000000,4.887341987,0.981538033,0.007325958,0.028202019,1.073986990,0,0.500000000
142.599600554,19872,4835,0,11024,8848,15033,311,91,89,37,52,6262,8771,99,212,2.646130563,1.953281672,20.182581172,109.524081304,5.923986435,2,0.000000000,nan,nan,0.000000000,7.561198960,3.516578930,0.036948011,0.069906993,3.875594004,0,0.500000000
142.699416876,19872,4516,0,10735,9137,15352,313,79,78,32,46,6249,9103,101,212,2.673746906,1.875879774,18.994549609,89.748654671,5.531311035,4,0.000000000,nan,nan,0.000000000,6.160762045,2.211535990,0.019221974,0.041250023,2.423991973,0,0.500000000
142.799300432,20160,4877,0,11156,9004,15279,321,89,89,35,54,6311,8968,103,218,2.640431871,1.955453620,20.507133400,102.493646851,nan,1,nan,nan,nan,0.000000000,4.205840989,2.037146012,0.019593048,0.030088006,2.234690997,0,0.500000000
142.899452209,20064,4590,0,10816,9248,15470,315,89,88,34,54,6257,9213,100,215,2.665252532,1.876353366,22.189990311,92.286504277,3.857135773,2,0.000000000,nan,nan,0.000000000,5.488957977,2.099541074,0.019639963,0.022592023,2.301517990,0,0.500000000
142.999666452,19968,4728,0,10983,8985,15236,320,86,88,35,53,6284,8952,105,215,2.605543907,1.887630007,17.813974516,98.774317886,52.486181259,4,1.000000000,nan,nan,0.000000000,4.832840001,2.242465969,0.020827982,0.028902024,2.466126985,0,0.500000000
143.102550507,19968,4666,0,10865,9103,15298,327,89,92,33,59,6230,9068,102,225,2.615580560,1.880647465,21.590163007,116.173197523,54.607629776,3,1.000000000,nan,nan,0.000000000,2.343247994,1.049018989,0.009874057,0.011424010,1.150270051,0,0.500000000
143.199477196,19968,4729,0,10942,9026,15235,315,86,84,35,49,6248,8987,103,212,2.599543566,1.901389713,17.155765254,84.746470038,10.184526443,4,0.000000000,nan,nan,0.000000000,8.016770997,3.969918995,0.037690916,0.036090962,4.376889032,0,0.500000000
143.299500465,20064,4809,0,11108,8956,15235,315,88,88,35,53,6248,8987,103,212,2.599543566,1.901389713,19.021059319,88.300773304,nan,nan,nan,nan,nan,0.000000000,3.687574994,2.165733080,0.016072998,0.020275998,2.338044986,0,0.500000000
143.399477482,19968,4673,0,10957,9011,15235,315,88,87,35,52,6248,8987,103,212,2.599543566,1.901389713,18.076563349,87.873905609,nan,nan,nan,nan,nan,0.000000000,1.677520981,1.018818060,0.010023010,0.013639976,1.125062990,0,0.500000000
143.499443293,20064,4796,0,11128,8936,15264,326,84,92,36,56,6365,8899,103,223,2.621973496,1.876013028,23.429215405,109.676677461,nan,1,nan,nan,nan,0.000000000,3.734226979,1.393167942,0.012698001,0.022210006,1.525447005,0,0.500000000
143.599502087,19968,4708,0,10906,9062,15256,319,89,86,35,51,6237,9019,102,217,2.623439915,1.863447301,20.947577647,100.180480787,24.674415588,5,1.000000000,nan,nan,0.000000000,2.774964029,1.100227004,0.012138975,0.016010017,1.212302013,0,0.500000000
143.699396610,19680,5005,0,10803,8877,15256,319,89,88,35,53,6237,9019,102,217,2.623439915,1.863447301,22.107891792,94.872326032,nan,nan,nan,nan,nan,0.000000000,2.981810016,1.868419000,0.018419989,0.024823006,2.057717007,0,0.500000000
143.799149275,19968,5017,0,10906,9062,14947,308,85,82,35,47,6043,8904,103,205,2.609595014,1.871236611,20.606692588,78.487269348,50.549983978,6,1.000000000,nan,nan,0.000000000,5.706497992,2.231443999,0.019494910,0.031817006,2.443791018,0,0.500000000
143.900653601,20064,5346,0,11175,8889,14714,312,92,87,38,49,6038,8676,104,208,2.590674592,1.948424334,22.410636975,84.510564848,4.498958588,2,0.000000000,nan,nan,0.000000000,2.700556011,1.286712009,0.013069017,0.023043016,1.419548003,0,0.500000000
143.997783899,20352,5366,0,10901,9451,14982,304,75,72,33,39,5798,9184,102,202,2.581146097,1.950032712,19.430851891,78.830164037,5.571126938,2,0.000000000,nan,nan,0.000000000,5.336185975,2.047485032,0.015574973,0.023910019,2.227919002,0,0.500000000
144.099579811,20064,5470,0,11304,8760,14590,304,79,85,37,48,6090,8500,101,203,2.617347341,1.938211081,20.877177569,89.005190812,5.721092224,2,0.000000000,nan,nan,0.000000000,8.486508974,3.385563032,0.028961978,0.039796985,3.693122999,0,0.500000000
144.199604034,19584,5273,0,10657,8927,14307,305,84,82,37,45,5639,8668,103,202,2.550803879,1.890273286,22.100782776,83.135332755,5.609035492,2,0.000000000,nan,nan,0.000000000,3.134416009,1.525820058,0.014390971,0.025846995,1.681559021,0,0.500000000
144.299422264,20352,5387,0,11501,8851,14961,300,87,85,38,47,6354,8607,102,198,2.649546316,1.980298263,19.129293620,89.915143323,30.320167542,5,1.000000000,nan,nan,0.000000000,3.199947998,1.520451042,0.015055994,0.019539963,1.683480979,0,0.500000000
144.399461985,20064,5396,0,11070,8994,14664,305,81,80,39,41,5919,8745,104,201,2.604084405,1.926618861,17.461335957,77.039083798,19.520282745,3,1.000000000,nan,nan,0.000000000,2.865146031,1.251754002,0.010991993,0.023817993,1.374108018,0,0.500000000
144.499516487,19968,5449,0,11163,8805,14515,298,81,80,37,43,5972,8543,101,197,2.604203958,1.978555296,17.565972025,83.039612974,35.843610764,3,1.000000000,nan,nan,0.000000000,4.329935997,2.065770910,0.019683968,0.040762010,2.277532010,0,0.500000000
144.599423409,19968,5322,0,10949,9019,14642,309,77,81,32,49,5870,8772,103,206,2.629536990,1.960242294,19.545458683,87.623473835,nan,1,nan,nan,nan,0.000000000,7.737620967,2.512850973,0.008700008,0.011158991,2.612325014,0,0.500000000
144.699641466,19296,5053,0,10606,8690,14239,303,83,80,36,44,5745,8494,102,201,2.664200887,1.954048094,18.429496180,84.941018162,nan,1,nan,nan,nan,0.000000000,7.329819957,3.403254028,0.023346976,0.011463999,3.709768003,0,0.500000000
144.899448156,19968,5147,0,11014,8954,14817,297,79,83,36,47,6057,8760,101,196,2.642092689,1.946170315,20.063070316,67.874123236,169.973373413,3,1.000000000,nan,nan,0.000000000,3.819679958,1.850069966,0.018857012,0.023002038,2.056284982,0,0.500000000
144.999512911,19968,5049,0,10999,8969,14915,312,86,89,36,53,6107,8808,102,210,2.663126336,1.967113373,22.760574885,83.137034426,49.830198288,5,1.000000000,nan,nan,0.000000000,5.797795951,2.258994966,0.020707026,0.027241011,2.474656969,0,0.500000000
145.099416018,20064,4927,0,11055,9009,15133,305,85,84,34,50,6248,8885,101,204,2.644435265,1.956563795,22.313629518,102.741596187,4.845857620,2,0.000000000,nan,nan,0.000000000,7.452977996,2.743936959,0.025085115,0.035247009,3.008348984,0,0.500000000
145.199577808,19968,4880,0,11078,8890,15133,305,86,85,35,50,6248,8885,101,204,2.644435265,1.956563795,22.580149557,102.856791858,nan,nan,nan,nan,nan,0.000000000,2.486215963,1.457289967,0.013094861,0.020987995,1.597437018,0,0.500000000
145.299415350,19968,4595,0,10857,9111,15133,305,85,85,35,50,6248,8885,101,204,2.644435265,1.956563795,22.580078661,102.878389018,nan,nan,nan,nan,nan,0.000000000,3.905587946,2.337337995,0.017012004,0.033407006,2.532273007,0,0.500000000
145.401638269,20064,4733,0,11164,8900,15133,305,85,85,35,50,6248,8885,101,204,2.644435265,1.956563795,22.580055905,102.889607288,nan,nan,nan,nan,nan,0.000000000,2.376561984,1.398816996,0.008093019,0.019141997,1.485050016,0,0.500000000
145.499414206,20064,4267,0,10762,9302,15133,305,85,85,35,50,6248,8885,101,204,2.644435265,1.956563795,22.580044644,102.896486222,nan,nan,nan,nan,nan,0.000000000,1.467970025,0.904281973,0.005040027,0.017212005,0.960606034,0,0.500000000
145.599555492,19872,4337,0,11018,8854,15531,333,99,93,38,55,6681,8850,112,221,2.681373476,1.885504165,20.261384330,84.861064498,5.784749985,2,0.000000000,nan,nan,0.000000000,3.660794988,1.757070015,0.018746068,0.033815973,1.939328969,0,0.500000000
145.700026751,20064,3996,0,10754,9310,16064,339,95,96,43,53,6758,9306,117,222,2.707373665,1.798595995,23.827042034,109.600654583,60.142278671,2,1.000000000,nan,nan,0.000000000,3.596332972,1.406123978,0.013178040,0.025893038,1.536584983,0,0.500000000
145.799572945,20064,4145,0,11144,8920,15915,336,92,94,43,51,7001,8914,119,217,2.703627404,1.809036445,21.222775538,57.904929030,5.714893341,11,0.000000000,nan,nan,0.000000000,4.525458033,2.174830064,0.022011052,0.043377979,2.391679038,0,0.500000000
145.900876284,19584,3787,0,10829,8755,15793,339,92,91,42,49,7053,8740,122,217,2.745358385,1.790113797,21.937454776,49.488662808,6.657600403,9,0.000000000,nan,nan,0.000000000,7.215903024,2.792004903,0.025195070,0.043582986,3.043451987,0,0.500000000
145.999053478,20448,3992,0,11336,9112,16452,334,94,96,39,57,7386,9066,118,216,2.718228192,1.735224498,24.794263366,76.986968356,49.778699875,11,1.000000000,nan,nan,0.000000000,9.071047010,3.892994020,0.036440964,0.045661000,4.236759967,0,0.500000000
146.099521160,19968,3672,0,11005,8963,16292,347,98,99,44,55,7367,8925,123,224,2.724100219,1.751859052,23.904028110,55.732239754,14.501810074,6,0.000000000,nan,nan,0.000000000,3.615744994,1.589641091,0.015443889,0.028655981,1.743182016,0,0.500000000
146.199701071,20064,3646,0,11015,9049,16414,340,91,90,38,52,7400,9014,122,218,2.711757210,1.742916121,20.192015809,69.898773155,nan,1,nan,nan,nan,0.000000000,3.080138995,1.238174969,0.011048978,0.015555997,1.351321000,0,0.500000000
146.299939632,19584,3257,0,10603,8981,16323,347,98,100,44,56,7383,8940,123,224,2.715995155,1.749939946,24.183243537,77.854361815,nan,1,nan,nan,nan,0.000000000,6.028345029,2.731362940,0.026042981,0.042264990,2.984135994,0,0.500000000
146.399501562,19968,3745,0,10966,9002,16219,345,104,106,43,63,7250,8969,122,223,2.730670069,1.739743960,25.235340672,101.673723731,41.678905487,3,1.000000000,nan,nan,0.000000000,3.167673014,1.450739976,0.015183934,0.014605990,1.590728003,0,0.500000000
146.499483109,20064,3926,0,11274,8790,16219,345,106,103,43,60,7250,8969,122,223,2.730670069,1.739743960,24.712348412,84.879077556,nan,nan,nan,nan,nan,0.000000000,4.232170992,2.688159060,0.030033989,0.031013042,2.963169012,0,0.500000000
146.599529028,19968,3933,0,11142,8826,16219,345,103,102,43,59,7250,8969,122,223,2.730670069,1.739743960,24.114391860,82.127104432,nan,nan,nan,nan,nan,0.000000000,4.012238991,2.321516047,0.023330969,0.019892002,2.532935003,0,0.500000000
146.699520826,19968,3885,0,11139,8829,16219,345,102,101,42,59,7250,8969,122,223,2.730670069,1.739743960,23.705385671,81.878357935,nan,nan,nan,nan,nan,0.000000000,1.685831987,1.037118025,0.008674979,0.010907999,1.118678018,0,0.500000000
146.799461365,20064,4078,0,11272,8792,16219,345,101,102,42,60,7250,8969,122,223,2.730670069,1.739743960,24.542527842,97.531919085,nan,nan,nan,nan,nan,0.000000000,3.651612031,2.312341938,0.024600013,0.025397982,2.549352008,0,0.500000000
146.899456501,19968,3842,0,11005,8963,16122,339,94,103,44,59,7193,8929,120,219,2.745400056,1.755144674,24.498280231,90.630211604,75.532913208,2,1.000000000,nan,nan,0.000000000,3.275694966,1.578292984,0.016149017,0.023613975,1.730735996,0,0.500000000
146.999621868,19968,4008,0,11179,8789,15956,340,97,95,45,50,7202,8754,124,216,2.747780424,1.777398492,24.430453898,74.234992611,4.169225693,2,0.000000000,nan,nan,0.000000000,8.439869038,4.027722054,0.038405007,0.045490975,4.400059988,0,0.500000000
147.102398157,20064,3809,0,10964,9100,15956,340,94,95,44,51,7202,8754,124,216,2.747780424,1.777398492,24.703492176,80.844507106,nan,nan,nan,nan,nan,0.000000000,3.924696997,2.326495014,0.020956970,0.023202971,2.531330043,0,0.500000000
147.199473858,19968,3980,0,11204,8764,15956,340,95,94,44,50,7202,8754,124,216,2.747780424,1.777398492,24.277479070,79.040966410,nan,nan,nan,nan,nan,0.000000000,1.781656989,1.126273011,0.011093041,0.012796954,1.235891017,0,0.500000000
147.299574375,19968,3725,0,10874,9094,16239,343,103,100,43,57,7185,9054,122,221,2.801154642,1.719918620,23.579297227,122.473216907,9.203910828,7,0.000000000,nan,nan,0.000000000,6.398654019,2.443776000,0.024587964,0.065295026,2.668221015,0,0.500000000
147.399403095,19680,3971,0,11210,8470,15705,351,104,106,48,58,7281,8424,134,217,2.813423015,1.821326297,27.016856699,129.560427592,5.742311478,2,0.000000000,nan,nan,0.000000000,7.579003985,2.547776967,0.012530014,0.122314959,2.660652972,0,0.500000000
147.499673605,20352,3807,0,11059,9293,16541,339,103,100,56,44,7281,9260,138,201,2.845017816,1.714181730,24.848763703,119.322992325,35.345077515,5,1.000000000,nan,nan,0.000000000,4.218888993,1.880010008,0.020074891,0.026944967,2.067472029,0,0.500000000
147.599377155,19968,4015,0,11347,8621,15949,367,86,103,56,47,7371,8578,155,212,2.846300711,1.750063423,24.433682727,128.366687225,50.121307373,10,1.000000000,nan,nan,0.000000000,8.165960026,3.128124983,0.034331984,0.130556989,3.396053042,0,0.500000000
147.699387074,19488,3825,0,10702,8786,15659,369,101,104,58,46,6908,8751,166,203,2.891269836,1.637807416,26.359504360,85.770859793,nan,1,nan,nan,nan,0.000000000,8.381151012,2.947936009,0.026806025,0.022188004,3.188178991,0,0.500000000
147.799194336,20544,4101,0,11838,8706,15659,369,101,104,59,45,6908,8751,166,203,2.891269836,1.637807416,25.559310882,110.406952023,nan,nan,nan,nan,nan,0.000000000,2.459515003,1.537682023,0.015193014,0.015636964,1.680889982,0,0.500000000
147.899370670,20064,3862,0,11237,8827,16198,394,84,98,50,48,7407,8791,196,198,2.858720244,1.580539492,23.115886578,63.744628275,nan,1,nan,nan,nan,0.000000000,7.475446968,2.132027003,0.010693038,0.028257957,2.240939997,0,0.500000000
148.000936985,19968,4008,0,11546,8422,16198,394,98,108,57,51,7407,8791,196,198,2.858720244,1.580539492,23.365123402,96.584595051,nan,nan,nan,nan,nan,0.000000000,2.608339011,1.579866977,0.014672056,0.025307003,1.715717954,0,0.500000000
148.099464893,19968,3954,0,11348,8620,16010,386,104,107,54,53,7435,8575,191,195,2.699881684,1.588274558,28.039532693,79.205495279,64.373731613,3,1.000000000,nan,nan,0.000000000,2.669502981,1.173096942,0.011450960,0.025074987,1.278395997,0,0.500000000
148.199457645,19968,4104,0,11474,8494,15860,378,112,110,56,54,7418,8442,186,192,2.580749917,1.708417247,29.101549859,114.929037737,41.108846664,3,1.000000000,nan,nan,0.000000000,4.809260950,2.336454985,0.025042042,0.068008958,2.556897991,0,0.500000000
148.299348354,20064,3910,0,11292,8772,16150,386,98,101,46,55,7423,8727,183,203,2.501219763,1.921444550,21.300849734,47.144327164,1.612663269,2,0.000000000,nan,nan,0.000000000,6.739297998,2.609856019,0.023541972,0.041263003,2.836639003,0,0.500000000
148.399397135,19968,4060,0,11283,8685,15904,342,94,91,56,35,7233,8671,204,138,2.591172933,1.952742466,19.959906184,83.137940993,5.537748337,3,0.000000000,nan,nan,0.000000000,5.269508983,1.963613031,0.019075000,0.033565972,2.152225992,0,0.500000000
148.501923084,19872,3811,0,10910,8962,15904,342,90,90,56,34,7233,8671,204,138,2.591172933,1.952742466,21.035152521,86.329987129,nan,nan,nan,nan,nan,0.000000000,1.724699046,1.017864968,0.009689014,0.013379031,1.118738030,0,0.500000000
148.602885485,20256,4047,0,11417,8839,16205,357,92,96,59,37,7374,8831,209,148,2.418972191,2.144530526,22.242557273,57.567859607,110.426187515,3,1.000000000,nan,nan,0.000000000,2.585980983,1.048553037,0.010032032,0.046700006,1.149600022,0,0.500000000
148.699532032,19968,3864,0,11086,8882,16205,357,91,84,49,35,7374,8831,209,148,2.418972191,2.144530526,17.357622565,43.996936238,nan,nan,nan,nan,nan,0.000000000,2.433859976,1.519831072,0.014881021,0.027951028,1.672971994,0,0.500000000
148.799454212,19968,4062,0,11071,8897,16205,357,84,85,51,34,7374,8831,209,148,2.418972191,2.144530526,19.892120630,48.885295743,nan,nan,nan,nan,nan,0.000000000,5.281207035,3.218554950,0.030285970,0.052876014,3.517320962,0,0.500000000
148.899356127,20064,3830,0,11049,9015,16230,349,99,96,60,36,7231,8999,197,152,2.226146086,2.175408487,21.212491431,81.131260242,49.991846085,5,1.000000000,nan,nan,0.000000000,5.148006952,1.946212957,0.019749976,0.032359967,2.130339039,0,0.500000000
148.999416828,20064,3963,0,10964,9100,16097,352,89,89,54,35,7013,9084,202,150,2.292560529,2.156634019,18.933932023,45.824363960,31.984329224,5,1.000000000,nan,nan,0.000000000,5.769404001,2.173738962,0.018855033,0.030035037,2.371900016,0,0.500000000
149.099618912,19968,3906,0,11151,8817,16058,348,93,93,54,39,7255,8803,199,149,2.214235071,2.173353655,16.725724924,42.341861271,29.710531235,2,1.000000000,nan,nan,0.000000000,5.715909996,2.260228037,0.021604006,0.025828020,2.468928986,0,0.500000000
149.199465513,19584,3982,0,10939,8645,15598,352,96,94,58,36,6965,8633,200,152,2.307051864,2.130106097,20.864101539,49.070504269,3.612279892,2,0.000000000,nan,nan,0.000000000,9.027352033,4.195515066,0.039574050,0.053717988,4.586095980,0,0.500000000
149.301175833,20448,3977,0,11434,9014,16467,362,104,104,61,43,7473,8994,213,149,2.337013077,2.238927704,23.579433111,74.189212835,3.388881683,2,0.000000000,nan,nan,0.000000000,5.609671993,2.140266006,0.020667037,0.021752028,2.340628009,0,0.500000000
149.399444103,19776,3898,0,10736,9040,16467,362,104,103,62,41,7473,8994,213,149,2.337013077,2.238927704,24.232555027,66.141484846,nan,nan,nan,nan,nan,0.000000000,1.724780013,1.062358031,0.011950964,0.012332981,1.166875998,0,0.500000000
149.500571012,20160,3973,0,11376,8784,16183,377,105,125,79,46,7456,8727,229,148,2.316544697,2.215030684,30.559320541,129.330410695,84.984302521,6,1.000000000,nan,nan,0.000000000,10.527793027,4.349230090,0.032886979,0.018175982,4.651993979,0,0.500000000
149.599342108,20064,3860,0,10957,9107,16200,383,120,116,71,45,7171,9029,231,152,2.393777888,2.199696425,24.355227793,103.331805931,5.831003189,2,0.000000000,nan,nan,0.000000000,7.364899968,2.854357997,0.023321016,0.023209956,3.053836990,0,0.500000000
149.699440002,19968,4045,0,11103,8865,15919,393,114,123,80,43,7166,8753,242,151,2.427041495,2.244124360,31.716346459,147.245337054,nan,1,nan,nan,nan,0.000000000,4.775687004,1.474218036,0.012923032,0.017720973,1.585419988,0,0.500000000
149.800588846,19968,3826,0,10894,9074,16138,403,109,104,68,36,7196,8942,248,155,2.427567509,2.246460572,19.534532329,102.309576938,5.874395370,2,0.000000000,nan,nan,0.000000000,7.586708001,3.799317055,0.035871926,0.022071996,4.137011012,0,0.500000000
149.899447203,20064,3970,0,11004,9060,16090,417,102,108,67,41,7196,8894,258,159,2.528214946,2.296496841,25.099031703,123.182494611,13.304710388,3,0.000000000,nan,nan,0.000000000,3.371359955,1.467948081,0.013040029,0.015563972,1.591137960,0,0.500000000
149.999607325,19968,3885,0,10935,9033,16090,417,106,107,63,44,7196,8894,258,159,2.528214946,2.296496841,23.988659425,127.771355815,nan,nan,nan,nan,nan,0.000000000,4.237364978,2.886435133,0.028749928,0.042968022,3.149222001,0,0.500000000
150.099359035,20064,4252,0,11214,8850,15808,404,98,99,60,39,7245,8563,249,155,2.683163538,2.301552908,21.615954516,88.384099844,5.301713943,2,0.000000000,nan,nan,0.000000000,7.075317961,3.408454999,0.029501098,0.041074003,3.681091010,0,0.500000000
150.199426174,19968,4094,0,11233,8735,15870,408,105,97,55,42,7477,8393,254,154,2.480768042,2.321977969,15.642014839,46.669285126,54.694175720,3,1.000000000,nan,nan,0.000000000,8.148857974,3.014266025,0.028114067,0.052788004,3.259193967,0,0.500000000
150.299366713,20064,4278,0,11415,8649,15870,408,106,106,66,40,7477,8393,254,154,2.480768042,2.321977969,19.645777759,58.887429227,nan,nan,nan,nan,nan,0.000000000,2.864071983,1.707023010,0.015304016,0.022393011,1.845624007,0,0.500000000
150.399497509,19968,4236,0,11489,8479,15728,396,93,89,48,41,7728,8000,241,155,2.332694842,2.374161744,16.852345821,51.477504779,30.133008957,3,1.000000000,nan,nan,0.000000000,4.255948996,2.091936010,0.018787978,0.033646007,2.278794011,0,0.500000000
150.499682665,20064,4431,0,11549,8515,15629,394,86,89,51,38,7630,7999,235,159,2.483912027,2.379450603,16.564034599,94.617260699,nan,1,nan,nan,nan,0.000000000,10.981091997,4.674015974,0.036039040,0.071183022,5.045239988,0,0.500000000
150.599426746,19968,4386,0,11655,8313,15578,381,83,84,47,37,7842,7736,230,151,2.289406967,2.424142832,14.062275115,64.851959737,nan,1,nan,nan,nan,0.000000000,5.334096029,2.114426927,0.017465034,0.025597983,2.293410012,0,0.500000000
150.699563265,19968,4441,0,11472,8496,15578,381,86,88,52,36,7842,7736,230,151,2.289406967,2.424142832,14.204617387,116.305924357,nan,nan,nan,nan,nan,0.000000000,1.852061017,1.145945105,0.009682961,0.019096013,1.249092980,0,0.500000000
150.799445391,19968,4482,0,11790,8178,15482,380,94,89,47,42,7972,7510,230,150,2.275920966,2.459500776,16.603229844,70.598402009,42.423009872,5,1.000000000,nan,nan,0.000000000,2.442513010,1.140313980,0.010254036,0.016935985,1.242364000,0,0.500000000
150.901557207,20064,4480,0,11507,8557,15580,371,94,96,55,41,7720,7860,215,156,2.411675264,2.441104365,22.472569081,103.275720677,nan,1,nan,nan,nan,0.000000000,6.678789039,2.641252009,0.023120898,0.040310028,2.859761007,0,0.500000000
150.999368668,20064,4692,0,11993,8071,15368,371,88,89,49,40,8017,7351,214,157,2.226771871,2.503181489,16.895084441,81.789238098,6.563663483,2,0.000000000,nan,nan,0.000000000,3.253136994,1.514282951,0.013134966,0.028041948,1.651459024,0,0.500000000
151.099391460,19776,4119,0,11485,8291,15368,371,90,91,50,41,8017,7351,214,157,2.226771871,2.503181489,16.659203999,61.747856711,nan,nan,nan,nan,nan,0.000000000,2.456605958,1.480753999,0.012747943,0.016227015,1.615774003,0,0.500000000
151.200467110,20160,4583,0,11921,8239,15573,371,84,84,44,40,8060,7513,213,158,2.159984335,2.529471455,15.169725467,81.525017599,3.968000412,2,0.000000000,nan,nan,0.000000000,3.040338983,1.435910061,0.011970871,0.026898982,1.562712016,0,0.500000000
151.299542189,19872,4275,0,11669,8203,15593,363,88,90,48,42,8203,7390,205,158,2.066833612,2.553930096,15.592365365,69.880303561,121.203899384,3,1.000000000,nan,nan,0.000000000,5.298555014,2.151854103,0.018874998,0.036011974,2.342402993,0,0.500000000
151.398824453,20064,4502,0,11882,8182,15558,365,88,94,46,48,8126,7432,206,159,2.054652360,2.595467891,12.741143276,55.424528636,117.661952972,2,1.000000000,nan,nan,0.000000000,2.569289005,1.134889899,0.009974057,0.020112027,1.241429010,0,0.500000000
151.499368906,19968,4739,0,12039,7929,15225,371,88,86,48,38,8103,7122,208,163,2.011148179,2.655877146,15.364927139,52.740072748,5.505561829,2,0.000000000,nan,nan,0.000000000,2.707051986,1.120445959,0.009820971,0.021465996,1.219674014,0,0.500000000
151.599640131,20064,4640,0,12030,8034,15420,387,99,96,51,45,8147,7273,221,166,1.904626217,2.650593487,15.265938130,67.686500946,30.115365982,3,1.000000000,nan,nan,0.000000000,8.615053957,4.376362951,0.036992948,0.062128995,4.731462977,0,0.500000000
151.699495792,19968,4760,0,11992,7976,15204,373,86,90,55,35,7935,7269,210,163,2.044986330,2.645071365,14.907951437,83.746119394,nan,1,nan,nan,nan,0.000000000,10.468847002,5.267231085,0.036017969,0.060441031,5.633195979,0,0.500000000
151.799491405,19872,4630,0,11862,8010,15204,373,95,89,53,36,7935,7269,210,163,2.044986330,2.645071365,13.451990962,114.780655087,nan,nan,nan,nan,nan,0.000000000,4.289760021,2.525192976,0.023489003,0.024060952,2.746746992,0,0.500000000
151.900090456,20064,4821,0,11974,8090,15239,351,87,84,51,33,7832,7407,200,151,2.206095347,2.601827444,12.727910595,57.753332249,84.206342697,4,1.000000000,nan,nan,0.000000000,4.315619008,2.092841023,0.019009050,0.078684010,2.327075053,0,0.500000000
151.999644756,20064,4599,0,11949,8115,15461,341,79,84,53,31,8080,7381,195,146,2.106434002,2.621857456,11.962880449,78.652806567,nan,1,nan,nan,nan,0.000000000,6.707601016,2.677383018,0.022996101,0.041480002,2.916965983,0,0.500000000
152.100782871,19872,4868,0,12027,7845,15000,340,88,84,52,32,7860,7140,192,148,2.280126187,2.636656018,13.362727788,74.813146831,nan,1,nan,nan,nan,0.000000000,2.485033998,1.146115013,0.011272030,0.030388997,1.267303014,0,0.500000000
152.199327469,19872,4579,0,12019,7853,15289,339,89,90,56,34,8159,7130,193,146,2.109110037,2.657336953,10.396202635,98.936415370,5.296468735,3,0.000000000,nan,nan,0.000000000,3.088259022,1.295973954,0.011823024,0.014452962,1.417046995,0,0.500000000
152.298234224,19776,4873,0,12046,7730,14899,318,90,85,54,31,7884,7015,174,144,2.243992517,2.610618586,13.605912612,94.574220049,5.385160446,2,0.000000000,nan,nan,0.000000000,8.216408954,3.020600008,0.028769951,0.039740000,3.319246985,0,0.500000000
152.399856567,20352,4751,0,12282,8070,15597,331,97,94,63,31,8271,7326,182,149,2.052233402,2.688692659,11.009615228,83.552961751,nan,1,nan,nan,nan,0.000000000,4.809284001,2.374882926,0.025086978,0.041974010,2.618715051,0,0.500000000
152.499394417,19968,4723,0,12073,7895,15241,339,89,93,59,34,7957,7284,187,152,2.284742687,2.252016760,14.308628434,77.288732605,58.216094971,2,1.000000000,nan,nan,0.000000000,8.228466962,2.567956923,0.023113913,0.019671977,2.811382990,0,0.500000000
152.599347830,19200,4289,0,11860,7340,14907,340,99,95,59,36,8064,6843,193,147,2.232362835,2.194001356,12.556063548,66.014449593,20.762205124,4,1.000000000,nan,nan,0.000000000,3.319543961,1.341010036,0.015500002,0.017453043,1.470610034,0,0.500000000
152.698845863,20736,4681,0,12288,8448,14907,340,100,98,60,38,8064,6843,193,147,2.232362835,2.194001356,13.271896952,88.043640727,nan,nan,nan,nan,nan,0.000000000,1.971648016,1.271476969,0.013081008,0.017935992,1.396948996,0,0.500000000
152.799494982,19968,4513,0,12162,7806,15451,344,87,90,46,44,8124,7327,162,182,2.232187267,2.178198693,12.722686501,63.073017646,24.698019028,2,1.000000000,nan,nan,0.000000000,4.482374992,2.071285096,0.019538973,0.057140016,2.270251047,0,0.500000000
152.899389744,20064,4483,0,11987,8077,15577,353,82,81,40,41,7971,7606,159,194,2.122771966,2.036383614,9.887692047,89.903407714,nan,1,nan,nan,nan,0.000000000,4.539299989,1.180279010,0.009178009,0.023911009,1.282965997,0,0.500000000
152.999352455,19872,4590,0,12076,7796,15278,342,85,88,47,41,7966,7312,150,192,2.127880112,2.230401795,8.450795351,72.716501314,nan,1,nan,nan,nan,0.000000000,6.389643997,2.515001048,0.021162967,0.036910002,2.734352951,0,0.500000000
153.099642277,20160,4413,0,11882,8278,15743,339,88,81,35,46,7962,7781,136,203,2.000408686,2.073742840,8.383455138,44.235602015,nan,1,nan,nan,nan,0.000000000,8.337935025,3.524845932,0.030429976,0.057441997,3.842885024,0,0.500000000
153.199367762,20064,4577,0,12088,7976,15483,334,91,86,32,54,7972,7511,127,207,2.068780314,2.537240579,8.553750913,96.784197504,6.036043167,2,0.000000000,nan,nan,0.000000000,2.950794005,1.409172954,0.013265002,0.032205018,1.543428982,0,0.500000000
153.299464941,19968,4348,0,11908,8060,15616,331,79,77,29,48,8024,7592,128,203,1.829251256,2.254010517,9.445545527,37.101908631,3.673076630,2,0.000000000,nan,nan,0.000000000,2.663668012,1.218567020,0.010698917,0.019307015,1.346024976,0,0.500000000
153.399481058,19968,4501,0,12127,7841,15463,316,78,75,29,46,8064,7399,123,193,2.178384760,2.275480712,6.983304697,79.853018793,8.382081985,2,0.000000000,nan,nan,0.000000000,8.933837002,3.212800017,0.027058064,0.054882024,3.507832997,0,0.500000000
153.502593756,20064,4187,0,12016,8048,15873,313,76,84,35,49,8279,7594,122,191,1.988181300,2.277562652,11.862511521,85.770594390,24.510622025,3,1.000000000,nan,nan,0.000000000,3.951802035,1.828885986,0.017364975,0.034438970,2.017332998,0,0.500000000
153.600337029,19776,4400,0,11901,7875,15873,313,78,78,35,43,8279,7594,122,191,1.988181300,2.277562652,8.508789512,79.116677897,nan,nan,nan,nan,nan,0.000000000,4.676611978,2.660911938,0.021276064,0.021929969,2.872976009,0,0.500000000
153.699090004,20256,4238,0,12195,8061,16014,315,79,75,26,49,8388,7626,116,199,1.969754926,2.098523022,10.071816603,76.815263382,5.194664001,2,0.000000000,nan,nan,0.000000000,2.416914969,1.034517016,0.009253970,0.024145993,1.140751992,0,0.500000000
153.799433708,19968,4414,0,12034,7934,15550,323,74,71,26,45,7978,7572,122,201,2.122941009,2.016141839,9.766956977,43.174456656,nan,1,nan,nan,nan,0.000000000,6.383250002,2.871698001,0.023615954,0.028195966,3.132076992,0,0.500000000
153.899437666,20064,4163,0,11929,8135,15897,317,71,73,24,49,8178,7719,116,201,1.904232449,2.195602205,5.475327639,86.590286138,74.470520020,4,1.000000000,nan,nan,0.000000000,3.079920949,1.512987947,0.014520949,0.034002005,1.684565970,0,0.500000000
153.999397039,19968,4252,0,11861,8107,15712,307,65,67,23,44,7952,7760,114,193,2.158445991,2.023771228,11.442817127,44.504835056,39.998531342,4,1.000000000,nan,nan,0.000000000,3.290446009,1.491711009,0.012719072,0.023247965,1.651166996,0,0.500000000
154.099520445,20064,4138,0,12001,8063,15712,307,65,66,23,43,7952,7760,114,193,2.158445991,2.023771228,11.117601076,59.066196385,nan,nan,nan,nan,nan,0.000000000,5.040752003,2.885426045,0.020889915,0.028630020,3.143689013,0,0.500000000
154.201428413,19968,4098,0,11847,8121,15866,307,67,67,22,45,8057,7809,110,197,2.206773115,1.924568728,9.868221800,34.600651890,75.707674026,4,1.000000000,nan,nan,0.000000000,10.769823974,4.482965975,0.034526049,0.058489968,4.917312006,0,0.500000000
154.299319983,20064,4052,0,12147,7917,16008,291,62,68,28,40,8405,7603,110,181,2.166023946,2.072305774,9.677737918,55.968465220,nan,1,nan,nan,nan,0.000000000,4.276370979,1.523750951,0.011735945,0.020875013,1.669780002,0,0.500000000
154.399394751,20064,3977,0,11896,8168,16083,290,66,62,25,37,8189,7894,108,182,2.162503309,1.930392453,7.714240118,33.100173285,14.339447021,3,0.000000000,nan,nan,0.000000000,5.629562016,2.018894011,0.015733996,0.023751985,2.210709034,0,0.500000000
154.499466181,19872,4041,0,11930,7942,15827,295,67,68,25,43,8171,7656,109,186,2.088843050,2.054323529,14.303094548,36.193152994,nan,1,nan,nan,nan,0.000000000,3.456701001,1.534029958,0.013766054,0.029777992,1.694988052,0,0.500000000
154.599504471,20064,3792,0,11771,8293,16268,297,73,71,24,47,8249,8019,111,186,2.085407636,1.910082222,13.324701544,43.049523129,6.814241409,2,0.000000000,nan,nan,0.000000000,2.272750018,0.919216080,0.008185045,0.013197016,1.012141001,0,0.500000000
154.699344635,20064,3956,0,11906,8158,16104,281,62,63,22,41,8200,7904,111,170,2.176815201,1.991039205,9.897740373,42.324876436,nan,1,nan,nan,nan,0.000000000,4.155524017,1.471539901,0.013376935,0.015800004,1.620973053,0,0.500000000
154.799442530,19392,3557,0,11384,8008,16104,281,64,63,24,39,8200,7904,111,170,2.176815201,1.991039205,9.074874807,41.278961100,nan,nan,nan,nan,nan,0.000000000,3.540908976,2.148444997,0.018645020,0.025232031,2.386504028,0,0.500000000
154.896071434,19968,3920,0,11943,8025,16044,287,69,68,23,45,8261,7783,112,175,2.158588865,2.068314253,10.144708366,53.144802001,75.362682343,6,1.000000000,nan,nan,0.000000000,7.471284014,3.515491029,0.031322008,0.075725955,3.889133979,0,0.500000000
154.998541117,20544,3565,0,11850,8694,16044,287,71,71,26,45,8261,7783,112,175,2.158588865,2.068314253,9.822006887,61.797539017,nan,nan,nan,nan,nan,0.000000000,4.715630959,2.719071053,0.020989974,0.031121017,2.998439013,0,0.500000000
155.098713875,20160,3859,0,12025,8135,16297,283,72,70,29,41,8362,7935,115,168,2.195300456,1.991887004,12.620862640,38.644445833,15.653133392,10,1.000000000,nan,nan,0.000000000,2.487269987,0.935705903,0.008141098,0.023755012,1.035096007,0,0.500000000
155.199438095,19872,3413,0,11597,8275,16297,283,69,69,27,42,8362,7935,115,168,2.195300456,1.991887004,12.595585788,37.949256709,nan,nan,nan,nan,nan,0.000000000,2.276730025,1.318427967,0.011431053,0.034060969,1.458814018,0,0.500000000
155.300560713,20064,3681,0,11924,8140,16379,289,69,73,33,40,8383,7996,111,178,2.171852051,2.006544166,15.225232414,41.534168203,34.313678741,8,1.000000000,nan,nan,0.000000000,2.318535000,0.911261013,0.008094008,0.014566001,1.006074017,0,0.500000000
155.399539232,20064,3404,0,11846,8218,16656,287,67,66,28,38,8597,8059,111,176,2.090299070,2.003076081,13.718855064,34.504162716,30.329942703,4,1.000000000,nan,nan,0.000000000,2.680297999,1.135354047,0.009659969,0.016935985,1.258651027,0,0.500000000
155.499455929,19968,3583,0,11735,8233,16656,287,66,67,28,39,8597,8059,111,176,2.090299070,2.003076081,13.710275712,37.134702896,nan,nan,nan,nan,nan,0.000000000,4.138452990,2.439663978,0.020975014,0.050590024,2.699495002,0,0.500000000
155.599452734,19968,3295,0,11690,8278,16669,292,68,72,34,38,8483,8186,113,179,2.110041746,1.996029814,12.992577077,38.209910903,6.029129028,3,0.000000000,nan,nan,0.000000000,5.309337983,1.818887074,0.019662024,0.026989961,2.001193003,0,0.500000000
155.702661514,19872,3422,0,11602,8270,16669,292,72,72,30,42,8483,8186,113,179,2.110041746,1.996029814,13.237183200,37.680076442,nan,nan,nan,nan,nan,0.000000000,1.581026998,0.899027917,0.007841096,0.010048971,0.997984025,0,0.500000000
155.799319267,19584,3308,0,11536,8048,16272,284,68,70,30,40,8270,8002,111,173,2.118701373,2.088957478,12.267835271,32.992930398,53.858995438,3,1.000000000,nan,nan,0.000000000,6.821057992,2.811886021,0.023778994,0.053004012,3.101069015,0,0.500000000
155.999369860,20064,3519,0,11965,8099,16541,282,67,66,24,42,8446,8095,111,171,2.098335415,1.995937392,10.206368620,24.187269528,80.004453659,7,1.000000000,nan,nan,0.000000000,3.314016969,1.179508050,0.009541051,0.014327001,1.296470989,0,0.500000000
156.099395752,19968,2832,0,11462,8506,17132,290,60,58,21,37,8651,8481,112,178,2.057416638,1.847841191,8.930272610,22.288114606,5.263805389,3,0.000000000,nan,nan,0.000000000,2.608539013,1.077896042,0.008367992,0.016049016,1.187117014,0,0.500000000
156.199317217,19968,3100,0,11617,8351,16864,294,63,63,21,42,8516,8348,115,179,2.081710243,1.896145820,9.952268726,20.083920285,3.971576691,2,0.000000000,nan,nan,0.000000000,2.561931033,0.947233988,0.007066992,0.011008000,1.041201001,0,0.500000000
156.299701214,19584,2454,0,11112,8472,17126,299,60,62,23,39,8668,8458,117,182,2.032719820,1.883926590,12.360650917,29.923539773,10.216712952,3,0.000000000,nan,nan,0.000000000,3.146293981,1.067779027,0.008424977,0.022096967,1.186129055,0,0.500000000
156.399335861,20160,3383,0,11794,8366,16773,290,62,59,17,42,8413,8360,112,178,2.065240194,1.895632449,9.137459994,21.507236336,4.179239273,2,0.000000000,nan,nan,0.000000000,2.929153969,1.245817926,0.009684009,0.018998981,1.378109038,0,0.500000000
156.499451876,19968,3179,0,11743,8225,16785,301,67,63,21,42,8568,8217,117,184,2.036633002,1.962410304,11.685349609,26.928846774,4.322528839,2,0.000000000,nan,nan,0.000000000,6.417300028,2.059887978,0.015907979,0.045395980,2.256473992,0,0.500000000
156.599410057,19968,3055,0,11649,8319,16909,291,64,67,20,47,8597,8312,109,182,2.026895364,1.911732160,12.561187596,28.419892850,116.537809372,3,1.000000000,nan,nan,0.000000000,3.221796011,1.402158930,0.012734963,0.021453016,1.558736025,0,0.500000000
156.699460983,19872,3256,0,11706,8166,16909,291,62,66,18,48,8597,8312,109,182,2.026895364,1.911732160,11.400774259,27.440108794,nan,nan,nan,nan,nan,0.000000000,3.276590956,1.854940958,0.014824036,0.024257984,2.034317993,0,0.500000000
156.799297810,20160,2976,0,11821,8339,16909,291,63,60,15,45,8597,8312,109,182,2.026895364,1.911732160,10.015602451,26.040470044,nan,nan,nan,nan,nan,0.000000000,1.528042019,0.880809966,0.007617986,0.015233003,0.976121984,0,0.500000000
156.899431467,19872,3249,0,11715,8157,16619,288,74,71,17,54,8462,8157,109,179,2.002283834,1.984207860,15.148477704,36.763366135,4.272460938,2,0.000000000,nan,nan,0.000000000,5.007036030,1.750929980,0.016510952,0.035922974,1.931723033,0,0.500000000
156.999271631,20064,2927,0,11692,8372,17133,291,80,85,22,63,8761,8372,108,183,1.955445192,1.887088101,18.146007315,49.555765647,43.956041336,3,1.000000000,nan,nan,0.000000000,2.900781983,1.085114956,0.011420983,0.019513012,1.204745960,0,0.500000000
157.099395275,19968,3206,0,11729,8239,17133,291,88,81,21,60,8761,8372,108,183,1.955445192,1.887088101,16.403181087,48.329533481,nan,nan,nan,nan,nan,0.000000000,4.568353994,2.424690058,0.023500004,0.030526018,2.673266048,0,0.500000000
157.199405432,19776,2860,0,11630,8146,16912,297,76,79,23,56,8770,8142,110,187,1.939455060,1.946247670,17.951283703,50.612171248,5.648136139,3,0.000000000,nan,nan,0.000000000,2.639629995,0.919652055,0.008515955,0.020977983,1.014974026,0,0.500000000
157.301631451,20160,3138,0,11636,8524,17018,297,87,84,26,58,8498,8520,113,184,1.960918520,1.861653945,19.109258119,47.509265545,89.759588242,4,1.000000000,nan,nan,0.000000000,4.395303957,1.567555009,0.015143945,0.033196993,1.723230002,0,0.500000000
157.399367094,20064,2848,0,11684,8380,17212,294,83,88,27,61,8836,8376,113,181,1.919230930,1.940628788,19.908762621,57.963468133,63.741445541,3,1.000000000,nan,nan,0.000000000,3.437514999,1.225730055,0.012510049,0.052385963,1.350563951,0,0.500000000
157.501593113,19968,2993,0,11566,8402,17212,294,88,90,31,59,8836,8376,113,181,1.919230930,1.940628788,20.651780965,56.527803445,nan,nan,nan,nan,nan,0.000000000,2.050972951,1.147555944,0.012656965,0.023685978,1.277158968,0,0.500000000
157.599292994,19968,2828,0,11770,8198,17136,291,94,89,31,58,8941,8195,115,176,1.890690048,1.934573381,23.481312309,56.830887034,50.008535385,11,1.000000000,nan,nan,0.000000000,8.348820964,2.910569950,0.031641102,0.053216994,3.202794993,0,0.500000000
157.699348450,20064,2814,0,11621,8443,17136,291,87,87,29,58,8941,8195,115,176,1.890690048,1.934573381,21.432765000,44.974135368,nan,nan,nan,nan,nan,0.000000000,2.884154965,1.540158060,0.015641039,0.030141964,1.701444038,0,0.500000000
157.799338102,19968,2837,0,11790,8178,17127,297,90,89,32,57,8949,8178,111,186,1.873203093,1.896094587,20.823834572,50.030987685,10.781764984,7,0.000000000,nan,nan,0.000000000,3.107502009,1.323166944,0.014301972,0.049298978,1.467002032,0,0.500000000
157.899282217,20064,2704,0,11604,8460,17356,301,83,86,32,54,8896,8460,115,186,1.862298449,1.825185219,17.863190381,56.690318820,49.433231354,3,1.000000000,nan,nan,0.000000000,2.419287979,0.939445046,0.009823008,0.022095977,1.042528020,0,0.500000000
158.000701189,19488,2741,0,11260,8228,17356,301,87,87,33,54,8896,8460,115,186,1.862298449,1.825185219,17.388834124,51.441889015,nan,nan,nan,nan,nan,0.000000000,4.306229996,2.651923976,0.027133035,0.062743027,2.936568053,0,0.500000000
158.099366903,19968,2592,0,11504,8464,17372,302,86,89,33,56,8908,8464,114,188,1.833917005,1.854936888,15.953867818,47.183087252,7.863759995,5,0.000000000,nan,nan,0.000000000,6.186624058,2.083820000,0.021054060,0.049659982,2.296171035,0,0.500000000
158.199871063,20544,2705,0,11943,8601,17372,302,85,85,33,52,8908,8464,114,188,1.833917005,1.854936888,15.444411685,42.477935514,nan,nan,nan,nan,nan,0.000000000,1.875295013,1.045893063,0.009849027,0.023330038,1.153154008,0,0.500000000
158.299399137,19872,2488,0,11347,8525,17380,293,85,81,30,51,8859,8521,109,184,1.788204682,1.920123644,15.854315590,41.145646368,nan,1,nan,nan,nan,0.000000000,6.602709007,2.197221969,0.021109066,0.065801025,2.420104982,0,0.500000000
158.399283886,19968,2596,0,11440,8528,17368,302,84,75,30,45,8844,8524,115,187,1.785329958,2.006051349,12.859951077,45.076420781,nan,1,nan,nan,nan,0.000000000,3.723105008,1.650341088,0.016424980,0.048719055,1.821238024,0,0.500000000
158.499245882,19584,2304,0,11234,8350,17368,302,79,81,33,48,8844,8524,115,187,1.785329958,2.006051349,14.645515398,42.592969414,nan,nan,nan,nan,nan,0.000000000,6.544905016,3.862430982,0.034953002,0.062823005,4.263097944,0,0.500000000
158.699393749,19776,2226,0,11191,8585,17546,297,85,78,27,51,8961,8585,112,185,1.765983309,1.836139432,18.114802765,42.502327339,10.138750076,3,0.000000000,nan,nan,0.000000000,8.233390981,2.534715051,0.024315086,0.077226956,2.788167039,0,0.500000000
158.799300909,19776,2672,0,11415,8361,17546,297,81,82,26,56,8961,8585,112,185,1.765983309,1.836139432,22.425746931,54.210035456,nan,nan,nan,nan,nan,0.000000000,2.505461976,1.400172943,0.012791075,0.019155035,1.531929011,0,0.500000000
158.901864767,20256,2414,0,11607,8649,17838,305,89,93,39,54,9193,8645,130,175,1.826410956,1.852693422,21.963064324,68.514879884,65.846443176,5,1.000000000,nan,nan,0.000000000,6.322759029,2.813332947,0.029916933,0.086982036,3.120363981,0,0.500000000
158.999433756,20064,2643,0,11497,8567,17838,305,95,96,42,54,9193,8645,130,175,1.826410956,1.852693422,21.131105869,82.624581481,nan,nan,nan,nan,nan,0.000000000,5.260529986,2.912562981,0.030897965,0.064353051,3.211586969,0,0.500000000
159.099304676,19872,2479,0,11418,8454,17389,315,89,91,36,55,8935,8454,133,182,1.847863687,1.654425590,21.292418218,54.538690899,5.680084229,2,0.000000000,nan,nan,0.000000000,3.197933023,1.177365077,0.011619006,0.043062028,1.297556038,0,0.500000000
159.199234247,20064,2572,0,11315,8749,17488,310,92,89,32,57,8739,8749,129,181,1.889387702,1.566635278,22.250574439,55.463133685,34.192562103,6,1.000000000,nan,nan,0.000000000,8.801197982,4.042432003,0.042139960,0.072837982,4.451288027,0,0.500000000
159.299247503,19872,2585,0,11460,8412,17488,310,91,92,36,56,8739,8749,129,181,1.889387702,1.566635278,22.157642605,59.287995371,nan,nan,nan,nan,nan,0.000000000,1.847623964,1.016743074,0.017080049,0.035513018,1.184911991,0,0.500000000
159.399302721,20160,2466,0,11139,9021,17690,308,84,90,33,57,8673,9017,127,181,1.875932271,1.587292693,19.633346587,67.062130686,15.421867371,5,1.000000000,nan,nan,0.000000000,8.029493038,3.043857112,0.027051079,0.062445994,3.334834008,0,0.500000000
159.499383688,19968,2622,0,11468,8500,17342,305,78,81,28,53,8846,8496,129,176,1.853177133,1.723266056,19.158850887,62.402398142,55.693149567,11,1.000000000,nan,nan,0.000000000,2.536410990,0.976722979,0.008775969,0.038438011,1.080948045,0,0.500000000
159.599398136,20064,2502,0,11224,8840,17558,303,80,84,32,52,8722,8836,125,178,1.856094821,1.648157295,18.328758652,54.920895669,7.895469666,10,0.000000000,nan,nan,0.000000000,6.815386994,2.982932085,0.028402952,0.079188962,3.289209970,0,0.500000000
159.699316025,19968,2646,0,11506,8462,17558,303,80,80,29,51,8722,8836,125,178,1.856094821,1.648157295,12.822830319,46.143822679,nan,nan,nan,nan,nan,0.000000000,7.199510001,4.311404948,0.038114958,0.068471010,4.735052993,0,0.500000000
159.799397469,19968,2493,0,11217,8751,17558,303,82,82,30,52,8722,8836,125,178,1.856094821,1.648157295,15.808433251,44.389578501,nan,nan,nan,nan,nan,0.000000000,3.950037993,2.222083975,0.019293977,0.039661012,2.435352013,0,0.500000000
159.899208784,20064,2666,0,11486,8578,17394,311,86,78,33,45,8816,8578,129,182,1.798681039,1.735728410,13.726985653,51.340493536,4.531383514,2,0.000000000,nan,nan,0.000000000,4.498781986,1.622662006,0.014610996,0.035141013,1.784143969,0,0.500000000
160.000503063,19968,2475,0,11178,8790,17394,311,74,73,26,47,8816,8578,129,182,1.798681039,1.735728410,12.861936584,41.415896513,nan,nan,nan,nan,nan,0.000000000,2.620371990,1.611715939,0.014244986,0.021620013,1.783502987,0,0.500000000
160.099256039,20064,2687,0,11318,8746,17373,313,89,86,35,51,8627,8746,125,188,1.806466446,1.684474677,21.833209157,50.406375903,47.927141190,3,1.000000000,nan,nan,0.000000000,5.935296998,2.662496991,0.026607013,0.059113023,2.938751015,0,0.500000000
160.201035500,19968,2514,0,11079,8889,17450,305,90,89,35,54,8565,8885,126,179,1.797003265,1.616640963,18.276741107,52.368024411,7.099390030,16,0.000000000,nan,nan,0.000000000,6.934298028,2.165656013,0.023180968,0.027042988,2.382360981,0,0.500000000
160.299329519,20064,2751,0,11163,8901,17309,313,98,87,35,52,8412,8897,125,188,1.803086389,1.744640673,18.256823086,48.480124463,8.543491364,18,0.000000000,nan,nan,0.000000000,2.827207034,1.017120958,0.010724936,0.027974020,1.119952009,0,0.500000000
160.400322914,19776,2590,0,11100,8676,17182,314,93,92,41,51,8510,8672,128,186,1.775169681,1.634671540,16.444023469,54.103519341,7.390022278,6,0.000000000,nan,nan,0.000000000,3.254685027,1.457969076,0.015689002,0.041942985,1.611493994,0,0.500000000
160.501569748,19776,2801,0,11077,8699,16971,315,103,99,46,53,8276,8695,125,190,1.784496394,1.707060060,18.669118403,49.047136098,6.163597107,20,0.000000000,nan,nan,0.000000000,8.133602969,2.173135988,0.010895077,0.027544040,2.279773995,0,0.500000000
160.597818375,20448,2742,0,11294,9154,17702,307,92,89,38,51,8552,9150,120,187,1.752525403,1.677741470,16.931972427,40.356107993,5.556821823,3,0.000000000,nan,nan,0.000000000,4.415849980,1.582842029,0.015506055,0.039795996,1.736278005,0,0.500000000
160.699212551,20064,2844,0,11117,8947,17216,310,95,89,37,52,8269,8947,117,193,1.742049592,1.675106247,20.113124478,57.689775891,92.652320862,6,1.000000000,nan,nan,0.000000000,4.202527984,1.902832068,0.020162959,0.031882024,2.103834006,0,0.500000000
160.799410105,19968,2839,0,11195,8773,17125,314,90,92,34,58,8352,8773,117,197,1.688029448,1.749379571,19.724201442,42.592848565,9.202957153,17,0.000000000,nan,nan,0.000000000,4.542081966,1.779674087,0.017304032,0.047364039,1.958024979,0,0.500000000
160.899233103,20064,2895,0,10963,9101,17165,320,98,98,39,59,8064,9101,114,206,1.700483735,1.692537481,24.632186818,59.591412482,nan,1,nan,nan,nan,0.000000000,7.251793984,2.617027902,0.026047986,0.059692014,2.868432959,0,0.500000000
161.000885725,19584,2311,0,10481,9103,17165,320,95,97,37,60,8064,9101,114,206,1.700483735,1.692537481,24.213413838,55.160147935,nan,nan,nan,nan,nan,0.000000000,2.227891993,1.240038022,0.013526005,0.019466970,1.368138997,0,0.500000000
161.098815441,19776,2487,0,10605,9171,17165,320,95,97,38,59,8064,9101,114,206,1.700483735,1.692537481,24.129718220,54.970898999,nan,nan,nan,nan,nan,0.000000000,2.666773042,1.640261966,0.018735067,0.046338013,1.820796984,0,0.500000000
161.199431181,19872,2865,0,10642,9230,17003,313,95,86,32,54,7773,9230,112,201,1.649184333,1.716113599,20.267065980,48.095803724,14.411211014,5,0.000000000,nan,nan,0.000000000,6.997593038,2.452133049,0.024787907,0.050085946,2.704160986,0,0.500000000
161.301225901,19968,3099,0,11015,8953,16865,315,96,89,34,55,7912,8953,112,203,1.599441948,1.770411528,19.798712151,47.279304932,41.369915009,11,1.000000000,nan,nan,0.000000000,2.970668953,1.215460012,0.013009994,0.036424026,1.339762995,0,0.500000000
161.399214506,20064,3160,0,10889,9175,16900,310,85,91,37,54,7725,9175,110,200,1.580370226,1.751009402,25.595906676,54.228343368,nan,1,nan,nan,nan,0.000000000,5.542419036,2.060741943,0.019441068,0.028703013,2.258664987,0,0.500000000
161.499520063,19968,3305,0,10965,9003,16659,314,103,91,37,54,7659,9000,111,203,1.542433471,1.791143920,21.161048134,46.996490292,nan,1,nan,nan,nan,0.000000000,4.388762987,1.598877891,0.017600018,0.022468972,1.766811009,0,0.500000000
161.599270821,20064,3390,0,10891,9173,16670,319,98,92,36,56,7503,9167,113,206,1.531313809,1.787494591,19.981313507,57.576471944,9.496688843,3,0.000000000,nan,nan,0.000000000,8.108781010,2.549512952,0.025780988,0.040495011,2.792101994,0,0.500000000
161.699240208,19968,3313,0,10859,9109,16651,316,98,93,40,53,7566,9085,114,202,1.513385083,1.811504599,17.880748552,66.166184167,104.913949966,3,1.000000000,nan,nan,0.000000000,6.927762006,3.205960966,0.034006021,0.090385962,3.539341036,0,0.500000000
161.799682140,20064,3336,0,10900,9164,16651,316,96,93,37,56,7566,9085,114,202,1.513385083,1.811504599,17.993124315,62.407229311,nan,nan,nan,nan,nan,0.000000000,2.755204041,1.549802080,0.016353966,0.019569998,1.712846977,0,0.500000000
161.899356842,20064,3394,0,11005,9059,16666,330,94,99,41,58,7790,8876,117,213,1.458104084,1.884268419,19.300560382,64.708736026,6.158828735,2,0.000000000,nan,nan,0.000000000,8.358135994,3.473714984,0.033696007,0.082283979,3.804964013,0,0.500000000
161.999476910,19584,3299,0,11026,8558,16666,330,104,105,43,62,7790,8876,117,213,1.458104084,1.884268419,21.996634944,68.351076031,nan,nan,nan,nan,nan,0.000000000,3.506791021,2.104639949,0.021585962,0.026601949,2.307301969,0,0.500000000
162.099977970,20448,3534,0,11301,9147,16910,329,102,109,48,61,8008,8902,116,213,1.445205847,1.995210800,20.689171903,88.933160448,nan,1,nan,nan,nan,0.000000000,6.547971978,2.806356002,0.031434989,0.052399002,3.085141012,0,0.500000000
162.199443579,19968,3391,0,11299,8669,16573,324,107,107,48,59,8135,8438,112,212,1.361606779,2.112560956,22.416534831,83.771524246,5.689859390,2,0.000000000,nan,nan,0.000000000,3.366007993,1.298706979,0.014061981,0.027565984,1.428806980,0,0.500000000
162.299238443,20160,3638,0,11402,8758,16573,324,108,108,46,62,8135,8438,112,212,1.361606779,2.112560956,25.292193808,75.085145409,nan,nan,nan,nan,nan,0.000000000,1.639276976,0.999678043,0.011353986,0.017720973,1.102407987,0,0.500000000
162.399380922,19968,3499,0,11357,8611,16465,317,108,104,47,57,8134,8331,110,207,1.326040744,2.130675209,20.599782998,85.809176515,29.788255692,4,1.000000000,nan,nan,0.000000000,3.059357987,1.405331015,0.016134989,0.036087004,1.548881992,0,0.500000000
162.499402761,19968,3614,0,11145,8823,16350,319,104,110,52,58,7804,8546,112,207,1.337237201,2.012022567,21.796926746,74.134122278,29.796600342,8,1.000000000,nan,nan,0.000000000,2.596265986,1.003018988,0.011579075,0.026513007,1.109927020,0,0.500000000
162.599229574,20064,3555,0,11445,8619,16505,325,116,116,53,63,8164,8341,111,214,1.283311953,2.214156267,26.059036298,69.961014101,45.586109161,4,1.000000000,nan,nan,0.000000000,6.774000009,3.058880044,0.034946017,0.050494040,3.349402978,0,0.500000000
162.699324369,20064,3623,0,11191,8873,16437,307,108,111,46,65,7849,8588,107,200,1.290634365,2.199868167,27.291217275,76.938597242,85.970878601,3,1.000000000,nan,nan,0.000000000,5.742804962,2.103187959,0.024593028,0.022281019,2.322696964,0,0.500000000
162.799362898,19968,3554,0,11503,8465,16410,323,113,112,52,60,8225,8185,110,213,1.240930699,2.231564788,21.673530557,73.480324767,5.624532700,2,0.000000000,nan,nan,0.000000000,2.549986995,1.059667906,0.012152013,0.021854998,1.169627008,0,0.500000000
162.899373293,19872,3651,0,11277,8595,16410,323,112,113,55,58,8225,8185,110,213,1.240930699,2.231564788,24.727240162,77.485622425,nan,nan,nan,nan,nan,0.000000000,2.797091031,1.789849892,0.021855114,0.026397989,1.978857035,0,0.500000000
162.998153687,20256,3485,0,11827,8429,16410,323,115,117,57,60,8225,8185,110,213,1.240930699,2.231564788,26.021718682,78.830270644,nan,nan,nan,nan,nan,0.000000000,5.263558007,3.083470976,0.035377976,0.043003005,3.394828003,0,0.500000000
163.099317789,20256,3760,0,11614,8642,16410,323,116,114,56,58,8225,8185,110,213,1.240930699,2.231564788,24.114328806,81.843409797,nan,nan,nan,nan,nan,0.000000000,2.365034947,1.369893958,0.016330043,0.023115950,1.505334978,0,0.500000000
163.199550390,19968,3549,0,11442,8526,16415,328,115,111,53,58,8235,8180,106,222,1.161331575,2.273404474,21.491359396,78.569114483,nan,1,nan,nan,nan,0.000000000,6.614045007,2.936269040,0.033757999,0.050764007,3.227328998,0,0.500000000
163.299335003,19968,3518,0,11363,8605,16446,333,119,112,49,63,8213,8233,105,228,1.138327289,2.268727866,24.012745313,80.522650797,nan,1,nan,nan,nan,0.000000000,3.949938982,1.921254036,0.022423977,0.053685973,2.113319992,0,0.500000000
163.399210453,20064,3546,0,11312,8752,16514,340,106,107,50,57,8134,8380,109,231,1.133841902,2.273490032,24.025677156,81.061133664,nan,1,nan,nan,nan,0.000000000,4.468273022,1.786604931,0.018279941,0.034628029,1.969860983,0,0.500000000
163.499461412,20064,3660,0,11449,8615,16514,340,112,112,53,59,8134,8380,109,231,1.133841902,2.273490032,27.533903596,110.757030202,nan,nan,nan,nan,nan,0.000000000,3.299490956,1.999463944,0.015899132,0.049107999,2.198443981,0,0.500000000
163.599439859,20064,3898,0,11398,8666,16162,342,107,107,45,62,7841,8321,109,233,1.095329658,2.197811997,28.068723627,107.986986129,3.679275513,2,0.000000000,nan,nan,0.000000000,2.560255991,1.113173959,0.011802011,0.031477015,1.230755995,0,0.500000000
163.699298859,19968,3957,0,11340,8628,16007,340,106,103,40,63,7675,8332,106,234,1.078066322,2.228184193,25.812844991,103.469835624,20.205259323,4,1.000000000,nan,nan,0.000000000,6.172951020,2.506797959,0.025855959,0.074682990,2.737467003,0,0.500000000
163.800703049,19392,3838,0,10651,8741,15550,341,102,97,38,59,7110,8440,103,238,1.031747551,2.196231708,27.792220744,86.269188603,39.895534515,4,1.000000000,nan,nan,0.000000000,5.206716014,2.479918068,0.026278023,0.077443023,2.723568003,0,0.500000000
163.898415565,20736,4375,0,11750,8986,16357,343,111,106,42,64,7657,8700,105,238,1.038165207,2.250256764,23.895225387,115.416095897,nan,1,nan,nan,nan,0.000000000,7.088951999,3.038580006,0.026994967,0.050882983,3.285400046,0,0.500000000
163.999224663,20064,4083,0,10994,9070,15977,352,93,97,39,58,7160,8817,109,243,1.020650442,2.207063357,26.244462525,92.012533909,4.386901855,2,0.000000000,nan,nan,0.000000000,6.952071039,3.013520036,0.026587979,0.062199950,3.278681019,0,0.500000000
164.100777388,20064,4375,0,11333,8731,15685,343,106,107,44,63,7158,8527,106,237,1.024200399,2.256689556,28.820777617,94.299922547,44.661283493,3,1.000000000,nan,nan,0.000000000,5.060406984,2.515569970,0.027483969,0.104984967,2.764156961,0,0.500000000
164.199315548,19968,4289,0,11044,8924,15685,343,109,111,46,65,7158,8527,106,237,1.024200399,2.256689556,29.493805277,102.065619506,nan,nan,nan,nan,nan,0.000000000,3.135899955,1.917707967,0.023911125,0.028118026,2.099561039,0,0.500000000
164.299487114,19968,4495,0,11323,8645,15469,342,109,108,45,63,7042,8427,107,235,0.990859233,2.265733237,29.078014883,117.466027697,3.570556641,2,0.000000000,nan,nan,1.000000000,3.013420966,1.459606981,0.016183010,0.035709993,1.603506971,0,0.500000000
164.399327517,19488,4406,0,10576,8912,15469,342,113,113,51,62,7042,8427,107,235,0.990859233,2.265733237,30.294876249,145.512984652,nan,nan,nan,nan,nan,1.000000000,6.197359995,4.114424984,0.047805952,0.072445953,4.538710986,0,0.500000000
164.498969555,19968,4715,0,11163,8805,15249,349,118,117,54,63,6679,8570,110,239,1.001345604,2.283590068,31.958467403,117.505940857,89.693307877,2,1.000000000,nan,nan,0.000000000,8.002342016,3.122459981,0.036666053,0.028398994,3.427497053,0,0.500000000
164.599562407,20544,5016,0,11529,9015,15524,344,126,123,50,73,6719,8805,106,238,1.004363493,2.211510557,30.537203032,135.271767039,6.531715393,2,0.000000000,nan,nan,0.000000000,4.556096974,2.256252046,0.028004986,0.133794034,2.487614984,0,0.500000000
164.699243069,19968,5197,0,11091,8877,14767,340,118,119,53,66,6106,8661,108,232,1.068206880,2.235364295,31.718099598,126.416760496,6.022691727,6,0.000000000,nan,nan,0.000000000,4.253026971,1.647921104,0.018728024,0.161433010,1.812511997,0,0.500000000
164.799212456,20064,5377,0,10994,9070,14767,340,117,115,46,69,6106,8661,108,232,1.068206880,2.235364295,30.340816173,121.864608845,nan,nan,nan,nan,nan,0.000000000,1.870242995,1.164496003,0.014497025,0.022069959,1.291449007,0,0.500000000
164.899519920,19968,5512,0,11092,8876,14767,340,115,115,46,69,6106,8661,108,232,1.068206880,2.235364295,30.777826725,124.112886831,nan,nan,nan,nan,nan,0.000000000,3.284567967,1.966384938,0.017593906,0.036291021,2.129929024,0,0.500000000
164.999225140,19968,5789,0,11061,8907,14175,333,100,114,47,67,5398,8777,110,223,1.466964554,2.165235049,30.438544588,118.363011228,nan,1,nan,nan,nan,0.000000000,5.509100039,2.787642996,0.030343013,0.110027031,3.062872973,0,0.500000000
165.099352837,20064,5800,0,11198,8866,14260,339,126,125,48,77,5505,8755,116,223,1.565845520,2.178537481,31.225162314,124.741776607,25.714635849,3,1.000000000,nan,nan,0.000000000,2.612287994,1.098333043,0.014063029,0.020939973,1.213499985,0,0.500000000
165.202583313,19968,6195,0,11168,8800,13769,337,122,118,53,65,5026,8743,117,220,1.650108519,2.179706617,30.848443575,121.740773168,nan,1,nan,nan,nan,0.000000000,2.358258003,1.075127046,0.013153011,0.029924035,1.187029993,0,0.500000000
165.302040100,19872,6211,0,11082,8790,13769,337,125,123,56,67,5026,8743,117,220,1.650108519,2.179706617,31.572370659,127.631352254,nan,nan,nan,nan,nan,0.000000000,4.584468959,3.005671955,0.037338061,0.041790016,3.318233998,0,0.500000000
165.400299788,19872,6587,0,11149,8723,13281,354,125,129,50,79,4560,8721,115,239,1.835433424,2.240867270,30.290521214,126.018216594,35.958051682,5,1.000000000,nan,nan,0.000000000,5.808759015,2.855908009,0.034966972,0.065569009,3.131990961,0,0.500000000
165.499757528,20256,6895,0,11444,8812,13357,360,118,126,50,76,4545,8812,119,241,1.857333835,2.236708626,33.284091498,150.839302418,59.719562531,8,1.000000000,nan,nan,0.000000000,3.945245000,1.991141064,0.024136098,0.058862031,2.196060959,0,0.500000000
165.599196672,19968,7079,0,11293,8675,12885,353,123,124,48,76,4210,8675,115,238,1.975643318,2.264964761,33.198005969,123.168960053,39.957046509,6,1.000000000,nan,nan,0.000000000,4.203767981,1.881274919,0.021527987,0.038252037,2.058133017,0,0.500000000
165.699339628,20064,7042,0,11094,8970,13018,352,113,118,49,69,4051,8967,114,238,2.020023264,2.191373527,28.251006519,138.673729709,30.100584030,4,1.000000000,nan,nan,0.000000000,7.482827990,3.862004960,0.042986998,0.075272052,4.243757052,0,0.500000000
165.799318790,19968,7391,0,11400,8568,13018,352,116,116,46,70,4051,8967,114,238,2.020023264,2.191373527,27.304840207,135.606955013,nan,nan,nan,nan,nan,0.000000000,3.622365010,2.255284053,0.024968991,0.034513010,2.464292978,0,0.500000000
165.899413586,20064,7370,0,11246,8818,12690,347,112,112,51,61,3942,8748,112,235,2.098426819,2.217982982,25.680430749,134.208135215,5.453824997,2,0.000000000,nan,nan,0.000000000,3.067673999,1.389189041,0.014476071,0.044676010,1.519021986,0,0.500000000
165.999338865,19968,7576,0,11521,8447,12388,355,126,124,56,68,4116,8272,117,238,2.105564038,2.301180128,31.275253226,140.147437496,nan,1,nan,nan,nan,0.000000000,9.014195995,4.107463988,0.047476031,0.100585981,4.493593995,0,0.500000000
166.099291325,19968,7565,0,11583,8385,12399,365,117,114,59,55,4244,8155,131,234,2.105821910,2.243779396,26.939843950,141.129224260,60.095071793,3,1.000000000,nan,nan,0.000000000,3.603392979,1.750660071,0.018947991,0.038280035,1.918172988,0,0.500000000
166.199209690,20064,7709,0,11712,8352,12399,365,106,106,57,49,4244,8155,131,234,2.105821910,2.243779396,25.838585915,120.818822536,nan,nan,nan,nan,nan,0.000000000,3.899489006,2.505695040,0.026446010,0.052645977,2.746899030,0,0.500000000
166.299251556,19968,7753,0,11861,8107,12211,356,119,113,58,55,4589,7622,147,209,2.132327600,2.244190268,27.071635893,136.454517677,nan,1,nan,nan,nan,0.000000000,7.672027044,3.602725046,0.037357036,0.094874005,3.931861022,0,0.500000000
166.399327993,19968,7782,0,11970,7998,12182,360,139,132,68,64,4828,7354,161,199,2.152596364,2.271104883,35.442430544,147.444513972,72.966575623,3,1.000000000,nan,nan,0.000000000,2.293329977,1.139349944,0.014559017,0.039851991,1.253513969,0,0.500000000
166.499265671,20064,8085,0,12358,7706,11975,346,115,106,64,42,5015,6960,155,191,2.153405209,2.262803840,25.040826239,117.007639265,65.570831299,2,1.000000000,nan,nan,0.000000000,5.438542983,2.742560057,0.032608979,0.078929996,3.024515987,0,0.500000000
166.599216223,19968,8285,0,12316,7652,11679,326,108,110,63,47,4776,6903,148,178,2.221760519,2.287296202,26.012198717,123.756136437,5.711078644,2,0.000000000,nan,nan,0.000000000,3.076348978,1.590348955,0.018730003,0.055006007,1.763509004,0,0.500000000
166.700644493,19968,8145,0,12244,7724,11819,333,108,110,58,52,4945,6874,149,184,2.170821457,2.302935290,22.532817980,115.464767625,nan,1,nan,nan,nan,0.000000000,5.817753030,3.252163006,0.038844009,0.102292979,3.606527986,0,0.500000000
166.799682140,19968,8451,0,12313,7655,11513,336,117,116,66,50,4674,6839,151,185,2.215291496,2.360804542,23.573255226,148.660453558,5.660057068,6,0.000000000,nan,nan,0.000000000,5.032012996,2.278864966,0.026189024,0.062701991,2.506213961,0,0.500000000
166.903207302,19488,7826,0,11841,7647,11658,324,107,103,58,45,4806,6852,147,177,2.180449328,2.360112752,21.605964123,108.395676982,nan,1,nan,nan,nan,0.000000000,6.260802969,2.641913015,0.034951954,0.113959948,3.051045991,0,0.500000000
166.999774694,20544,8953,0,12707,7837,11658,324,103,103,59,44,4806,6852,147,177,2.180449328,2.360112752,21.749030345,105.978626920,nan,nan,nan,nan,nan,0.000000000,1.961924951,1.232968061,0.012910052,0.021387008,1.359799004,0,0.500000000
167.099804640,19968,8405,0,12283,7685,11559,329,111,108,62,46,4773,6786,149,180,2.208870718,2.408353058,19.872069402,122.955473489,nan,1,nan,nan,nan,0.000000000,4.089978989,1.851440989,0.017758051,0.038257975,2.022179018,0,0.500000000
167.199185610,19968,8686,0,12529,7439,11278,323,103,107,65,42,4766,6512,147,176,2.194618738,2.428419005,21.069220078,141.882656652,4.450798035,2,0.000000000,nan,nan,0.000000000,4.259543028,1.921285060,0.021420943,0.053934986,2.118102973,0,0.500000000
167.299305677,20064,8520,0,12574,7490,11540,332,119,117,66,51,5056,6484,156,176,2.237206598,2.419161733,24.774558873,125.115271353,16.519546509,3,1.000000000,nan,nan,0.000000000,2.147537016,1.042403979,0.012661039,0.029716000,1.152499986,0,0.500000000
167.400700331,19968,8727,0,12825,7143,11237,310,99,98,59,39,5150,6087,154,156,2.242741832,2.461761575,20.988409475,106.382359716,49.745798111,13,1.000000000,nan,nan,0.000000000,2.185871999,1.056171022,0.011963944,0.041191990,1.172489021,0,0.500000000
167.499370098,20064,8668,0,12847,7217,11392,334,99,99,65,34,5319,6073,170,164,2.267136758,2.400052932,22.673235277,99.080212143,20.557165146,7,1.000000000,nan,nan,0.000000000,5.574454961,2.441564051,0.022708962,0.061753963,2.665468957,0,0.500000000
167.599409580,20064,8870,0,13109,6955,11190,320,98,98,68,30,5465,5725,171,149,2.220338245,2.453331607,21.881925167,107.246047954,56.314229965,4,1.000000000,nan,nan,0.000000000,4.773331049,1.807642926,0.019090017,0.045387016,1.987461990,0,0.500000000
167.699312925,19488,8456,0,12443,7045,11190,320,99,98,67,31,5465,5725,171,149,2.220338245,2.453331607,22.986361381,114.368307618,nan,nan,nan,nan,nan,0.000000000,5.400315975,3.826563887,0.043834967,0.158843992,4.317864019,0,0.500000000
167.800364971,20448,9011,0,13404,7044,11433,324,109,106,67,39,5752,5681,170,154,2.215306584,2.473044503,23.591204003,124.246663088,65.433025360,2,1.000000000,nan,nan,0.000000000,2.934293007,1.545310952,0.017928076,0.045195979,1.707545016,0,0.500000000
167.899247646,19968,8746,0,12874,7094,11218,313,99,99,65,34,5375,5843,167,146,2.376720618,2.395725555,21.390821933,105.386072601,nan,1,nan,nan,nan,0.000000000,2.973094990,1.376995002,0.014828984,0.043014006,1.518867037,0,0.500000000
167.999221087,19968,8542,0,12825,7143,11218,313,102,101,66,35,5375,5843,167,146,2.376720618,2.395725555,21.222908826,103.876941972,nan,nan,nan,nan,nan,0.000000000,4.564987030,3.069249971,0.036466983,0.069084985,3.409105993,0,0.500000000
168.099217653,20064,8771,0,12863,7201,11218,313,102,101,66,35,5375,5843,167,146,2.376720618,2.395725555,21.221997277,103.941414104,nan,nan,nan,nan,nan,0.000000000,3.605684964,2.022768022,0.021492015,0.037990976,2.220276976,0,0.500000000
168.199245691,19968,8579,0,12843,7125,11218,313,101,101,66,35,5375,5843,167,146,2.376720618,2.395725555,21.221714650,103.967907439,nan,nan,nan,nan,nan,0.000000000,1.418015978,0.935959979,0.008020026,0.021672982,1.018068986,0,0.500000000
168.299196482,19872,8838,0,12890,6982,11218,313,101,101,66,35,5375,5843,167,146,2.376720618,2.395725555,21.225200353,103.969300043,nan,nan,nan,nan,nan,0.000000000,2.620639978,1.761186053,0.015562982,0.045736029,1.918066991,0,0.500000000
168.400233269,20160,8617,0,13060,7100,11539,337,108,102,64,38,5769,5770,167,170,2.441697973,2.522770702,25.428652627,127.567867275,104.311466217,2,1.000000000,nan,nan,0.000000000,3.845247033,1.781476953,0.019394967,0.054994016,1.953338971,0,0.500000000
168.499851227,19968,8943,0,12982,6986,11539,337,107,107,66,41,5769,5770,167,170,2.441697973,2.522770702,26.083358335,135.397112085,nan,nan,nan,nan,nan,0.000000000,1.760190993,1.135642931,0.012683100,0.035870995,1.254964969,0,0.500000000
168.599398613,19968,8642,0,12816,7152,11322,333,104,102,62,40,5497,5825,164,169,2.499989139,2.536435657,25.507015248,118.494008624,nan,1,nan,nan,nan,0.000000000,3.714645980,2.029598050,0.023206987,0.067210989,2.237416978,0,0.500000000
168.699113131,20064,8983,0,13123,6941,11077,314,100,102,61,41,5446,5631,155,159,2.595978936,2.559675451,25.641301084,124.941141473,44.736862183,6,1.000000000,nan,nan,0.000000000,3.199806961,1.494167955,0.015995931,0.041480991,1.646437973,0,0.500000000
168.799224138,19968,8579,0,12917,7051,11385,377,116,120,76,44,5702,5683,198,179,2.573884208,2.551188926,26.958396161,130.171358195,19.532680511,4,1.000000000,nan,nan,0.000000000,5.929249048,2.868930984,0.027896953,0.056100951,3.117110988,0,0.500000000
168.899988413,20064,8701,0,13054,7010,11359,346,124,122,70,52,5731,5628,177,169,2.621079805,2.598229839,31.102406879,146.703391015,nan,1,nan,nan,nan,0.000000000,7.858206984,3.856536001,0.034599041,0.047203968,4.151267000,0,0.500000000
168.999301195,19968,8427,0,12992,6976,11537,354,108,119,74,45,6007,5530,189,165,2.623866414,2.569667234,30.128471437,144.813353203,30.469179153,9,1.000000000,nan,nan,0.000000000,4.118453013,2.252561972,0.025134010,0.072591996,2.478932030,0,0.500000000
169.099262953,19584,8562,0,13247,6337,11018,382,134,136,93,43,6146,4872,211,171,2.624919950,2.511898120,34.023914709,155.014709994,6.136178970,4,0.000000000,nan,nan,0.000000000,6.330407981,3.359285009,0.033789023,0.066614011,3.705303010,0,0.500000000
169.299246073,19584,8309,0,13314,6270,11018,382,132,133,87,46,6146,4872,211,171,2.624919950,2.511898120,31.297263990,155.256254727,nan,nan,nan,nan,nan,0.000000000,1.813759969,1.194162003,0.010711025,0.045160996,1.284316997,0,0.500000000
169.399355173,20448,8374,0,13936,6512,11018,382,132,132,87,45,6146,4872,211,171,2.624919950,2.511898120,31.164743138,154.329078503,nan,nan,nan,nan,nan,0.000000000,3.966329969,2.835661115,0.026997004,0.076703960,3.074523003,0,0.500000000
169.499205112,20064,8183,0,13834,6230,11877,382,78,90,64,26,7536,4341,248,134,2.615027279,2.418030234,37.084672194,137.049958608,65.345764160,6,1.000000000,nan,nan,0.000000000,8.337598003,3.771920979,0.029086950,0.325263012,4.077426973,0,0.500000000
169.599730253,19968,8216,0,13706,6262,11748,359,99,106,71,35,7338,4410,227,132,2.698558332,2.331125250,25.463692158,125.716129336,nan,1,nan,nan,nan,0.000000000,7.421730028,3.049148014,0.030022056,0.050749979,3.323643003,0,0.500000000
169.699167728,19968,7962,0,13679,6289,12002,380,112,111,77,34,7598,4404,239,141,2.602612851,2.404291603,23.203560595,123.399341971,nan,1,nan,nan,nan,0.000000000,7.887917978,3.980020992,0.036157959,0.106247957,4.296673986,0,0.500000000
169.799156904,19968,7953,0,13656,6312,12002,380,117,117,84,33,7598,4404,239,141,2.602612851,2.404291603,29.388931292,141.658141951,nan,nan,nan,nan,nan,0.000000000,2.923941996,1.910870022,0.018431980,0.052807969,2.078007034,0,0.500000000
169.899129391,20064,7584,0,13574,6490,12002,380,119,118,85,33,7598,4404,239,141,2.602612851,2.404291603,29.366785102,136.334984445,nan,nan,nan,nan,nan,0.000000000,6.207105995,4.356398946,0.051191018,0.116448966,4.786237958,0,0.500000000
169.999297380,19776,7586,0,13599,6177,12002,380,119,120,85,35,7598,4404,239,141,2.602612851,2.404291603,28.625076380,136.279690599,nan,nan,nan,nan,nan,0.000000000,3.151878016,2.042611013,0.021470012,0.047251000,2.225703036,0,0.500000000
170.097960711,20256,7236,0,13654,6602,13016,372,105,115,80,35,8116,4900,231,141,2.592332653,2.387906911,24.374913754,141.570288335,48.538446426,8,1.000000000,nan,nan,0.000000000,6.607879011,3.316103015,0.032302982,0.079391000,3.615708963,0,0.500000000
170.199270487,19872,7290,0,13640,6232,13016,372,118,119,81,38,8116,4900,231,141,2.592332653,2.387906911,26.594711704,148.409870487,nan,nan,nan,nan,nan,0.000000000,2.488962957,1.589029969,0.013327983,0.029397022,1.707713993,0,0.500000000
170.299110174,19968,6931,0,13657,6311,13033,384,104,117,79,38,8353,4680,250,134,2.598798618,2.345776127,27.132580411,131.478720308,60.019731522,7,1.000000000,nan,nan,0.000000000,2.843722003,1.317891991,0.012784963,0.036165002,1.436597959,0,0.500000000
170.399224758,20064,6926,0,13922,6142,13033,384,128,125,86,39,8353,4680,250,134,2.598798618,2.345776127,28.171903762,150.496611691,nan,nan,nan,nan,nan,0.000000000,1.797942037,1.188001072,0.013808953,0.025697984,1.301280980,0,0.500000000
170.499086380,20064,6641,0,13868,6196,13033,384,122,121,84,37,8353,4680,250,134,2.598798618,2.345776127,27.494221388,149.280112510,nan,nan,nan,nan,nan,0.000000000,4.345826979,2.900835068,0.033165968,0.082268962,3.180227010,0,0.500000000
170.599380970,19968,6541,0,13949,6019,13423,383,119,111,90,21,8788,4635,293,90,2.639897010,2.102611154,25.467076329,140.559348826,39.749860764,3,1.000000000,nan,nan,0.000000000,11.431315972,5.522924999,0.068903028,0.141390949,6.030729972,0,0.500000000
170.699233532,19872,6340,0,13901,5971,13528,380,125,126,105,21,8791,4737,296,84,2.676584404,1.754229740,26.007386574,163.020196388,6.113290787,2,0.000000000,nan,nan,0.000000000,7.493074983,3.126815951,0.032618002,0.069436035,3.393083985,0,0.500000000
170.799329519,20160,6362,0,14093,6067,13794,377,117,123,102,21,9043,4751,300,77,2.649017960,1.507250800,30.128855642,152.961568761,4.940271378,2,0.000000000,nan,nan,0.000000000,4.171437002,1.810982998,0.018870982,0.044126995,1.975414983,0,0.500000000
170.899193764,19968,6124,0,13963,6005,13840,383,121,117,100,17,8896,4944,316,67,2.745410949,1.242896484,28.764136118,142.663674190,84.556579590,4,1.000000000,nan,nan,0.000000000,3.013455018,1.546772022,0.016883947,0.082229963,1.689535042,0,0.500000000
170.999127150,19968,5764,0,13811,6157,14200,367,100,96,83,13,9086,5114,301,66,2.736279476,1.063369614,21.807421428,89.766319725,20.348548889,6,1.000000000,nan,nan,0.000000000,5.342310993,2.337946964,0.021409011,0.067252025,2.541356022,0,0.500000000
171.099112988,20064,5385,0,13717,6347,14675,370,100,99,77,22,9154,5521,299,71,2.712632232,1.036998090,23.669780358,85.498771360,5.077600479,2,0.000000000,nan,nan,0.000000000,7.844500011,4.238157009,0.041375984,0.101958984,4.628374998,0,0.500000000
171.199202538,19968,5123,0,13533,6435,14841,366,95,97,79,18,9092,5749,295,71,2.713015396,1.012614906,22.133020029,85.582425550,4.806995392,2,0.000000000,nan,nan,0.000000000,4.682031984,1.999723900,0.017167942,0.039407983,2.169410989,0,0.500000000
171.299181700,19968,4784,0,13381,6587,14841,366,99,102,82,20,9092,5749,295,71,2.713015396,1.012614906,25.790377237,90.024590029,nan,nan,nan,nan,nan,0.000000000,1.778280013,1.135300961,0.010905031,0.031315023,1.238034980,0,0.500000000
171.399132967,20064,4570,0,13311,6753,15490,357,98,93,73,20,9045,6445,285,72,2.687743015,0.994397302,18.406466185,71.322497730,74.677705765,8,1.000000000,nan,nan,1.000000000,5.908866995,2.025855996,0.018913008,0.019564992,2.204308985,0,0.500000000
171.499405622,19872,4184,0,13031,6841,15490,357,96,97,77,20,9045,6445,285,72,2.687743015,0.994397302,22.104882656,88.108811430,nan,nan,nan,nan,nan,1.000000000,1.755425008,1.107232994,0.010397052,0.016723992,1.211024006,0,0.500000000
171.601097822,19872,4280,0,12983,6889,15490,357,96,94,75,19,9045,6445,285,72,2.687743015,0.994397302,21.094123900,83.091267973,nan,nan,nan,nan,nan,1.000000000,3.591382003,2.420115925,0.023169036,0.038194994,2.644010005,0,0.500000000
171.699252844,19968,3948,0,12869,7099,16016,354,102,94,75,19,8917,7099,283,71,2.623392130,1.026806211,21.916774768,95.942262472,140.007495880,7,1.000000000,nan,nan,0.000000000,3.452175995,1.413486025,0.013462035,0.018365972,1.543883991,0,0.500000000
171.802561522,19584,4010,0,12390,7194,15570,330,99,98,78,20,8376,7194,258,72,2.692914879,1.040417213,20.677266376,91.026297082,nan,1,nan,nan,nan,0.000000000,4.339256033,1.760102052,0.017828017,0.031566015,1.932304003,0,0.500000000
171.900777817,20160,3793,0,12815,7345,16363,334,88,100,78,22,9018,7345,255,79,2.594521154,1.063775385,24.633625984,94.828861677,48.445701599,6,1.000000000,nan,nan,0.000000000,7.568317989,1.634793996,0.011033029,0.015461002,1.738624997,0,0.500000000
171.999438047,19968,3688,0,12500,7468,16276,317,93,92,76,16,8808,7468,240,77,2.630051612,1.079658039,21.800220790,65.296677514,6.289958954,2,0.000000000,nan,nan,0.000000000,3.069126979,1.228970999,0.011774944,0.016874983,1.350920997,0,0.500000000
172.099070549,19968,3624,0,12378,7590,16340,316,86,86,71,15,8750,7590,249,67,2.614224376,1.103279888,19.674741833,68.195738225,77.068328857,3,1.000000000,nan,nan,0.000000000,7.782504021,3.557528951,0.034247001,0.080775993,3.910646948,0,0.500000000
172.199141502,19968,3432,0,12256,7712,16340,316,92,93,76,17,8750,7590,249,67,2.614224376,1.103279888,23.068222339,69.048157177,nan,nan,nan,nan,nan,0.000000000,8.280517999,3.925579018,0.035823905,0.045644992,4.280965019,0,0.500000000
172.299103022,19968,3461,0,12108,7860,16503,305,79,76,62,14,8643,7860,230,75,2.541165678,1.141858102,18.226675098,54.601875461,40.118217468,5,1.000000000,nan,nan,0.000000000,7.337793999,2.485891921,0.019301078,0.039734005,2.696953015,0,0.500000000
172.399112463,19872,3217,0,12031,7841,16503,305,77,76,60,16,8643,7860,230,75,2.541165678,1.141858102,18.132343574,46.897063751,nan,nan,nan,nan,nan,0.000000000,2.055821999,1.153788005,0.010185002,0.020480016,1.267359999,0,0.500000000
172.499193907,19872,3208,0,11732,8140,16503,305,77,76,60,16,8643,7860,230,75,2.541165678,1.141858102,18.269110923,47.913671964,nan,nan,nan,nan,nan,0.000000000,2.809130005,1.720229979,0.016160950,0.023586035,1.900825009,0,0.500000000
172.602363110,19872,3027,0,11754,8118,16841,269,65,61,45,16,8724,8117,196,73,2.118634329,1.194648493,9.827676987,36.118602318,nan,1,nan,nan,nan,0.000000000,4.299936001,1.816676930,0.015837955,0.024643028,2.025469032,0,0.500000000
172.699563980,19968,3091,0,11420,8548,16873,254,68,63,50,13,8335,8538,179,75,2.091910175,1.198628791,13.503010057,40.649987096,99.020957947,4,1.000000000,nan,nan,0.000000000,2.328542003,0.803183008,0.007767929,0.009585987,0.896115031,0,0.500000000
172.799212456,19968,3095,0,11741,8227,16873,254,64,60,47,13,8335,8538,179,75,2.091910175,1.198628791,12.285212803,38.596928741,nan,nan,nan,nan,nan,0.000000000,2.576753963,1.441283908,0.013678975,0.016720034,1.611484971,0,0.500000000
172.899198294,19968,3088,0,11398,8570,16876,248,59,58,48,10,8458,8418,172,76,2.017789622,1.167584692,10.275568481,37.992021709,39.654493332,9,1.000000000,nan,nan,0.000000000,5.457705003,1.657301967,0.012912962,0.023409957,1.830335008,0,0.500000000
172.999185085,19968,3051,0,11673,8295,16913,241,60,57,46,11,8777,8136,175,66,1.937785316,1.208889170,13.236907895,41.758745552,24.209737778,4,1.000000000,nan,nan,0.000000000,2.918446960,0.960575999,0.008692092,0.011591997,1.071050006,0,0.500000000
173.099199533,19968,3128,0,11461,8507,16836,228,63,62,48,14,8489,8347,167,61,1.984032745,1.202072402,14.158857329,33.355041108,3.907442093,2,0.000000000,nan,nan,0.000000000,3.930018982,1.246376021,0.011743978,0.028285955,1.393676968,0,0.500000000
173.199181318,19968,3155,0,11804,8164,16836,228,62,60,46,14,8489,8347,167,61,1.984032745,1.202072402,12.753178192,30.813150710,nan,nan,nan,nan,nan,0.000000000,1.526764943,0.776149973,0.007586903,0.010565971,0.877218030,0,0.500000000
173.299764872,19584,3080,0,11376,8208,16836,228,62,63,48,15,8489,8347,167,61,1.984032745,1.202072402,14.274693781,33.590663154,nan,nan,nan,nan,nan,0.000000000,3.406001022,1.923425007,0.018471037,0.024163048,2.167476981,0,0.500000000
173.397198915,20448,3240,0,12091,8357,16836,228,63,63,48,15,8489,8347,167,61,1.984032745,1.202072402,14.274693785,33.597149158,nan,nan,nan,nan,nan,0.000000000,4.043428984,2.084270993,0.014661986,0.021993008,2.276223968,0,0.500000000
173.499080181,19968,3261,0,11689,8279,16703,219,62,60,51,9,8614,8089,161,58,1.904628463,1.244674281,13.818708181,35.475311911,74.851512909,3,1.000000000,nan,nan,0.000000000,6.799958996,1.926222874,0.017694023,0.034126046,2.142957004,0,0.500000000
173.599134922,20160,3629,0,11843,8317,16527,214,69,62,44,18,8423,8104,154,60,1.942113501,1.276803226,12.305431840,45.268851342,24.311304092,4,1.000000000,nan,nan,0.000000000,2.666153014,0.771223975,0.008291972,0.015472004,0.867415976,0,0.500000000
173.699187756,19968,3475,0,11683,8285,16489,217,63,59,40,19,8394,8095,157,60,1.920062333,1.286621180,11.023970966,38.289208373,5.750656128,2,0.000000000,nan,nan,0.000000000,6.385918008,2.363030915,0.023930974,0.082632003,2.673217969,0,0.500000000
173.799226046,19968,3591,0,11581,8387,16373,213,57,57,42,15,8168,8205,153,60,1.964331184,1.310287379,9.445550939,40.430823830,25.675535202,3,1.000000000,nan,nan,0.000000000,2.153819019,0.698753982,0.006472110,0.014568970,0.786971999,0,0.500000000
173.899202824,20160,3640,0,11884,8276,16516,201,64,63,46,17,8408,8108,141,60,1.970620682,1.332441355,11.873624865,51.116727586,nan,1,nan,nan,nan,0.000000000,6.084709021,1.772817981,0.018517952,0.021021988,2.002052031,0,0.500000000
173.999281645,20064,3653,0,11652,8412,16407,200,54,59,44,15,8156,8251,140,60,2.002003729,1.339347225,9.623466437,42.171681768,18.534660339,2,1.000000000,nan,nan,0.000000000,2.821561997,0.898417085,0.008545991,0.010172953,1.016780967,0,0.500000000
174.099078894,20064,3717,0,11756,8308,16343,197,56,55,46,9,8182,8161,138,59,1.909957449,1.372283108,8.969447481,32.237558096,4.739522934,2,0.000000000,nan,nan,0.000000000,7.581614016,2.796999994,0.025724061,0.056929013,3.171114018,0,0.500000000
174.199227810,19968,3534,0,11326,8642,16430,199,54,55,45,10,7939,8491,140,59,1.917728346,1.368435976,8.582590377,30.790289403,36.967515945,4,1.000000000,nan,nan,0.000000000,3.486005007,1.224091975,0.012056029,0.028895040,1.386868011,0,0.500000000
174.299565792,20064,3719,0,11672,8392,16341,194,62,57,44,13,8099,8242,135,59,1.928081178,1.373053543,8.756897339,34.551271294,35.164356232,6,1.000000000,nan,nan,0.000000000,7.312414993,1.865645929,0.018474995,0.025810034,2.102922008,0,0.500000000
174.399150848,19872,3433,0,11248,8624,16341,194,55,56,44,12,8099,8242,135,59,1.928081178,1.373053543,8.717069349,37.825286729,nan,nan,nan,nan,nan,0.000000000,2.140253026,1.011102111,0.010107004,0.025896006,1.145376998,0,0.500000000
174.499070406,20256,3794,0,11813,8443,16458,192,52,55,42,13,8166,8292,133,59,1.975643580,1.392356120,7.963488523,32.620414429,129.898548126,2,1.000000000,nan,nan,0.000000000,2.111363050,0.639339036,0.006657036,0.007484981,0.725047023,0,0.500000000
174.599189758,19776,3299,0,11064,8712,16458,192,55,54,42,12,8166,8292,133,59,1.975643580,1.392356120,7.897395648,32.187431351,nan,nan,nan,nan,nan,0.000000000,2.039658022,1.045711047,0.010587974,0.017873012,1.189763017,0,0.500000000
174.700309753,20256,3930,0,12043,8213,16322,199,57,57,46,11,8265,8057,140,59,1.969869789,1.393160432,8.284334017,35.868413354,40.343046188,4,1.000000000,nan,nan,0.000000000,2.987724030,1.058408991,0.009999960,0.016266014,1.198198996,0,0.500000000
174.799063206,19776,3226,0,11031,8745,16322,199,56,56,45,11,8265,8057,140,59,1.969869789,1.393160432,7.505557487,37.427750127,nan,nan,nan,nan,nan,0.000000000,3.940554976,2.142140060,0.016032020,0.026851951,2.369472990,0,0.500000000
174.899036169,19776,3808,0,11511,8265,15964,231,63,72,48,24,7858,8106,150,81,1.928203062,1.408101577,7.853612900,39.512192875,25.834798813,4,1.000000000,nan,nan,0.000000000,6.472710054,2.062870946,0.019052008,0.032089010,2.293339989,0,0.500000000
174.999736309,20256,3397,0,11497,8759,15964,231,64,68,42,26,7858,8106,150,81,1.928203062,1.408101577,8.889965916,38.565619941,nan,nan,nan,nan,nan,0.000000000,2.097893972,1.093248022,0.010935997,0.015778991,1.221764018,0,0.500000000
175.100866079,20256,3806,0,11486,8770,16446,227,73,78,52,26,7854,8592,146,81,1.641723905,1.419934490,9.987780486,54.108256837,nan,1,nan,nan,nan,0.000000000,2.444353013,0.928316964,0.010429008,0.044739980,1.049138024,0,0.500000000
175.199235201,19776,3359,0,11146,8630,16446,227,69,76,53,23,7854,8592,146,81,1.641723905,1.419934490,9.803169483,38.240895309,nan,nan,nan,nan,nan,0.000000000,3.493900003,1.887351973,0.022074033,0.053625961,2.151362016,0,0.500000000
175.300565481,20160,3728,0,11373,8787,16428,233,64,64,46,18,7784,8644,133,100,1.411846834,1.521396698,10.504312226,38.627992462,60.234069824,4,1.000000000,nan,nan,0.000000000,10.104460991,3.510033013,0.033350021,0.037455990,3.917763999,0,0.500000000
175.399105072,19968,3430,0,11215,8753,16428,233,63,64,45,19,7784,8644,133,100,1.411846834,1.521396698,9.322982291,41.181430170,nan,nan,nan,nan,nan,0.000000000,1.747757953,0.795361004,0.007311988,0.009801995,0.897490012,0,0.500000000
175.499380350,20160,3728,0,11462,8698,16428,240,63,65,39,26,7881,8547,124,116,1.310917616,1.626708988,8.890047762,41.586309616,20.590305328,3,1.000000000,nan,nan,0.000000000,2.237614011,0.780977949,0.007955940,0.011736993,0.886368973,0,0.500000000
175.599370956,19392,3352,0,10829,8563,16036,236,57,57,32,25,7583,8453,106,130,1.313730935,1.637096842,9.307927967,31.981227977,5.299568176,2,0.000000000,nan,nan,0.000000000,4.599303007,1.868182037,0.016070029,0.041791005,2.089522022,0,0.500000000
175.699751139,20448,3644,0,11451,8997,16800,240,65,64,42,22,7888,8912,109,131,1.283180786,1.698706435,10.221910996,42.787963074,11.544466019,3,0.000000000,nan,nan,0.000000000,3.452382982,1.029933046,0.009196985,0.018641003,1.143536996,0,0.500000000
175.799105406,19968,3529,0,11270,8698,16435,234,66,66,39,27,7829,8606,105,129,1.287133675,1.686038569,11.817004163,44.722069712,15.136480331,3,1.000000000,nan,nan,0.000000000,5.572041031,1.791259099,0.016512058,0.023127010,1.991107012,0,0.500000000
175.899232388,20160,3461,0,11124,9036,16435,234,66,64,37,27,7829,8606,105,129,1.287133675,1.686038569,10.528805132,49.651678822,nan,nan,nan,nan,nan,0.000000000,3.751303011,2.097405028,0.021867978,0.025530986,2.374497009,0,0.500000000
175.999941587,19584,2905,0,10711,8873,16675,232,71,67,38,29,7903,8772,102,130,1.281135021,1.669276663,10.473730586,51.977515363,nan,1,nan,nan,nan,0.000000000,6.188669999,1.992855978,0.019984902,0.025948044,2.233874984,0,0.500000000
176.100237846,19776,2942,0,10789,8987,16675,232,67,68,39,29,7903,8772,102,130,1.281135021,1.669276663,11.362648727,50.170367150,nan,nan,nan,nan,nan,0.000000000,2.174463007,1.058721042,0.010593096,0.019858999,1.183702028,0,0.500000000
176.199155569,19968,3256,0,10935,9033,16675,232,69,69,39,30,7903,8772,102,130,1.281135021,1.669276663,11.640500820,54.338377372,nan,nan,nan,nan,nan,0.000000000,1.550597022,0.832588994,0.008452975,0.014850986,0.936598983,0,0.500000000
176.299945354,19872,3405,0,11179,8693,16675,232,68,68,38,30,7903,8772,102,130,1.281135021,1.669276663,10.719947709,54.096227509,nan,nan,nan,nan,nan,0.000000000,4.185736994,2.422987891,0.023571018,0.025447051,2.702099970,0,0.500000000
176.399196148,19872,3333,0,10908,8964,16675,232,69,69,39,30,7903,8772,102,130,1.281135021,1.669276663,10.726461082,54.819539834,nan,nan,nan,nan,nan,0.000000000,2.149592037,1.094606065,0.008681032,0.014410005,1.209332957,0,0.500000000
176.502707481,19776,3471,0,11049,8727,16301,240,60,70,44,26,7677,8624,110,130,1.304068265,1.677529437,13.504610314,35.387994588,nan,1,nan,nan,nan,0.000000000,2.251263999,0.801520946,0.007188006,0.009463984,0.898185011,0,0.500000000
176.597439289,20160,3470,0,11255,8905,16686,240,70,65,42,23,7926,8760,110,130,1.267100448,1.661748269,10.502641810,32.506083439,55.172681808,6,1.000000000,nan,nan,0.000000000,3.553058952,1.131091965,0.008704024,0.014940975,1.253523980,0,0.500000000
176.699496031,20160,3798,0,11301,8859,16358,231,59,64,37,27,7668,8690,102,129,1.280295658,1.673849819,11.417708756,33.184650810,nan,1,nan,nan,nan,0.000000000,7.934429043,2.801928960,0.024834997,0.050292001,3.127445001,0,0.500000000
176.799143791,19968,3456,0,10913,9055,16508,229,62,60,34,26,7598,8910,99,130,1.253033124,1.652737067,7.935566512,34.923391985,19.837856293,4,1.000000000,nan,nan,0.000000000,7.238321006,2.765855053,0.025655027,0.034280994,3.093351028,0,0.500000000
176.899234295,20256,3898,0,11182,9074,16354,235,58,61,33,28,7439,8915,100,135,1.260871117,1.715932712,8.773303437,50.439619369,nan,1,nan,nan,nan,0.000000000,5.841373000,2.068783971,0.018527091,0.029259012,2.301053028,0,0.500000000
177.000513792,19968,3656,0,11067,8901,16308,230,55,59,32,27,7537,8771,94,136,1.213908120,1.671735083,9.725441923,38.851458744,5.331277847,3,0.000000000,nan,nan,0.000000000,2.205432975,0.746909063,0.006449991,0.013268960,0.835451996,0,0.500000000
177.099198341,20160,4058,0,11348,8812,16098,229,58,63,33,30,7421,8677,92,137,1.212518502,1.692847917,10.401896550,38.934007850,5.457878113,2,0.000000000,nan,nan,0.000000000,2.174958005,0.771576015,0.007564027,0.014265010,0.865409034,0,0.500000000
177.202581882,20064,3892,0,11213,8851,16168,219,54,57,27,30,7431,8737,86,133,1.188927192,1.683474081,8.458969978,37.885868399,8.935928345,4,0.000000000,nan,nan,0.000000000,3.998722008,1.270225970,0.011351949,0.013534969,1.429654018,0,0.500000000
177.299244642,19680,4171,0,10844,8836,15505,218,62,60,32,28,6787,8718,86,132,1.229246153,1.699436380,9.431512570,33.052125502,nan,1,nan,nan,nan,0.000000000,2.827554010,0.910617935,0.008814968,0.018852996,1.022709010,0,0.500000000
177.400384188,20352,4327,0,11286,9066,16021,217,64,69,33,36,7079,8942,82,135,1.189008808,1.680337919,14.572756440,43.363701050,nan,1,nan,nan,nan,0.000000000,2.943086962,1.090785023,0.011538039,0.013457960,1.235983975,0,0.500000000
177.499112129,19968,4565,0,10941,9027,15399,215,66,61,33,28,6484,8915,81,134,1.199453185,1.718604699,10.976154545,40.389412790,4.992008209,2,0.000000000,nan,nan,0.000000000,2.025761991,0.703644007,0.007167051,0.018905965,0.796724984,0,0.500000000
177.599287987,20064,4787,0,11110,8954,15273,208,69,69,33,36,6423,8850,74,134,1.198394311,1.766027479,16.999078147,50.686624780,6.405115128,2,0.000000000,nan,nan,0.000000000,5.524083972,1.824570063,0.017989019,0.026128022,2.034639998,0,0.500000000
177.699201107,20160,5191,0,11142,9018,14965,204,63,63,28,35,6040,8925,73,131,1.185406389,1.734695923,12.741064122,38.978486309,34.462690353,3,1.000000000,nan,nan,0.000000000,4.217080015,1.311820932,0.013315992,0.055179989,1.584253041,0,0.500000000
177.800167799,19968,5322,0,11172,8796,14642,197,68,61,27,34,5920,8722,67,130,1.189388273,1.779050605,12.611649011,37.039793650,51.045179367,5,1.000000000,nan,nan,0.000000000,5.718542030,2.348488022,0.019295956,0.015566009,2.607850009,0,0.500000000
177.899066210,20064,5448,0,11064,9000,14612,201,59,63,25,38,5657,8955,63,138,1.183468256,1.761572868,15.546035309,32.744046478,nan,1,nan,nan,nan,0.000000000,2.054681943,0.687175023,0.007652037,0.008105009,0.780954026,0,0.500000000
177.999153614,19680,5782,0,10953,8727,13894,202,57,58,20,38,5185,8709,57,145,1.168949115,1.817557974,9.576136455,28.437501146,4.420042038,2,0.000000000,nan,nan,0.000000000,1.936674991,0.705312937,0.006941031,0.025502988,0.796806999,0,0.500000000
178.099287271,20352,5819,0,11209,9143,14529,207,65,64,21,43,5393,9136,53,154,1.190926524,1.785228561,14.310110624,33.974328916,74.864387512,5,1.000000000,nan,nan,0.000000000,5.623220000,1.765297959,0.017410028,0.034547003,1.979741966,0,0.500000000
178.200234413,20064,6299,0,11261,8803,13761,199,60,60,20,40,4986,8775,52,147,1.159791501,1.901015493,9.707427436,29.323554320,56.590557098,4,1.000000000,nan,nan,0.000000000,4.314153979,1.679762034,0.017014041,0.088497007,1.908651029,0,0.500000000
178.299121857,19968,6188,0,11138,8830,13776,208,71,67,20,47,5060,8716,53,155,1.151771241,1.896589495,13.326438042,38.626831721,5.794763565,2,0.000000000,nan,nan,0.000000000,3.001129022,1.000693010,0.011133961,0.017372018,1.134004968,0,0.500000000
178.399017572,20064,6581,0,11519,8545,13479,202,61,61,16,45,5121,8358,51,151,1.157266651,1.978674182,9.071985621,38.415148914,44.250726700,8,1.000000000,nan,nan,0.000000000,5.859634024,1.812179980,0.017738086,0.025861023,2.042965032,0,0.500000000
178.499039173,20064,6307,0,11463,8601,13753,204,67,69,18,51,5472,8281,52,152,1.172109188,1.988526314,13.173449962,40.259924775,9.932994843,3,0.000000000,nan,nan,0.000000000,1.863104000,0.678108016,0.007392024,0.010256015,0.767009973,0,0.500000000
178.599379778,19968,6820,0,11686,8282,13144,186,65,59,13,46,5251,7893,47,139,1.127489715,2.060782647,11.037612359,34.966465311,5.172252655,2,0.000000000,nan,nan,0.000000000,4.121692968,1.269097091,0.013842946,0.026374997,1.437563042,0,0.500000000
178.699005365,20064,6681,0,11627,8437,13379,176,60,55,12,43,5423,7956,44,132,1.125451889,2.070742869,10.408481514,32.054507670,9.812116623,3,0.000000000,nan,nan,0.000000000,1.970724028,0.598535000,0.007131021,0.009823998,0.693717971,0,0.500000000
178.800227880,19968,7007,0,11678,8290,12957,175,60,57,13,44,5139,7818,43,132,1.088450259,2.084770967,10.536663101,28.563526591,40.234565735,4,1.000000000,nan,nan,0.000000000,1.889824984,0.657747034,0.008086034,0.013926008,0.765207980,0,0.500000000
178.902436495,19872,6839,0,11526,8346,12957,175,58,57,13,44,5139,7818,43,132,1.088450259,2.084770967,10.537343817,28.195006996,nan,nan,nan,nan,nan,0.000000000,2.271723002,1.195041987,0.011533964,0.021417974,1.372469007,0,0.500000000
178.998841763,20160,7264,0,11739,8421,12892,179,61,62,12,50,4990,7902,38,141,1.041040800,2.158075267,10.939070182,32.483635791,33.438205719,8,1.000000000,nan,nan,0.000000000,2.863906033,0.904733024,0.010472955,0.015376019,1.035469992,0,0.500000000
179.099028826,19968,7219,0,11697,8271,12745,177,62,60,12,48,5035,7710,35,142,1.006930473,2.165647730,11.350761144,35.603492652,34.356832504,6,1.000000000,nan,nan,0.000000000,3.410000994,1.093195053,0.012175995,0.017589016,1.243839972,0,0.500000000
179.199008465,20064,7705,0,11825,8239,12355,176,65,63,12,51,4706,7649,36,140,0.981814529,2.136350851,13.624577020,34.874954855,44.268131256,9,1.000000000,nan,nan,1.000000000,3.555156989,1.102077018,0.013056910,0.011156022,1.263676968,0,0.500000000
179.299162149,19968,7752,0,11903,8065,12212,171,64,62,10,52,4750,7462,34,137,0.960457975,2.187298711,11.523108917,40.677278726,7.196664810,22,0.000000000,nan,nan,1.000000000,2.390137990,0.781296985,0.009452924,0.009173993,0.897341000,0,0.500000000
179.399228334,19968,7769,0,11750,8218,12195,170,61,60,9,51,4562,7633,32,138,0.975415951,2.141123493,10.119157255,30.160816438,40.593147278,5,1.000000000,nan,nan,1.000000000,5.159071996,1.146845985,0.011399970,0.012014003,1.301368000,0,0.500000000
179.498998404,20064,7830,0,12014,8050,12230,167,61,60,11,49,4759,7471,33,134,0.939304524,2.189663129,11.719644744,34.311893328,34.770965576,4,1.000000000,nan,nan,1.000000000,5.267400004,2.057275968,0.025109097,0.038321014,2.394128998,0,0.500000000
179.598998785,19968,7671,0,11692,8276,12230,167,61,62,11,51,4759,7471,33,134,0.939304524,2.189663129,12.633294626,36.755635456,nan,nan,nan,nan,nan,1.000000000,2.588283969,1.320978976,0.015523983,0.023139000,1.529033005,0,0.500000000
179.699034929,19968,7845,0,11846,8122,12230,167,60,60,10,50,4759,7471,33,134,0.939304524,2.189663129,12.664306023,34.491959410,nan,nan,nan,nan,nan,1.000000000,1.239412988,0.664488995,0.006313960,0.010299962,0.754850043,0,0.500000000
179.799043655,20064,7594,0,11610,8454,12466,171,59,58,10,48,4602,7864,33,138,0.988362228,2.132773290,11.805983735,31.812855251,nan,1,nan,nan,nan,1.000000000,3.262120998,1.212405041,0.014128978,0.011247001,1.389404002,0,0.500000000
179.899058104,19968,7871,0,11829,8139,12466,171,58,59,11,48,4602,7864,33,138,0.988362228,2.132773290,12.532436762,30.987765697,nan,nan,nan,nan,nan,1.000000000,1.690706995,0.857082079,0.009860960,0.007884053,0.988373999,0,0.500000000
179.999028444,19872,7610,0,11607,8265,12466,171,58,58,10,48,4602,7864,33,138,0.988362228,2.132773290,12.563284241,30.910284347,nan,nan,nan,nan,nan,1.000000000,1.041295996,0.536180974,0.004772970,0.005487993,0.602739980,0,0.500000000
180.099098444,20160,7999,0,11856,8304,12157,170,60,62,10,52,4490,7667,33,137,0.978884927,2.190043372,12.187444206,36.869561349,nan,1,nan,nan,nan,1.000000000,4.413639021,1.221041079,0.014053017,0.010459975,1.404664014,0,0.500000000
180.199175119,19968,7677,0,11683,8285,12287,171,63,64,12,52,4624,7663,34,137,0.972061459,2.161053641,12.361312132,41.709098687,nan,1,nan,nan,nan,1.000000000,1.911025029,0.711608038,0.008562987,0.008402974,0.817029038,0,0.500000000
180.299042702,20064,8030,0,11943,8121,12030,173,62,61,10,51,4486,7544,33,140,0.978114006,2.184171909,11.083378978,34.987056043,nan,1,nan,nan,nan,1.000000000,3.465135000,1.070882019,0.012822042,0.014385965,1.232475042,0,0.500000000
180.399324656,19968,7601,0,11679,8289,12363,170,58,60,10,50,4701,7662,32,138,0.961271563,2.178222188,11.787414121,32.997593483,126.137971878,2,1.000000000,nan,nan,1.000000000,1.791119983,0.657447032,0.008057978,0.008499017,0.757304020,0,0.500000000
180.499089003,19488,7503,0,11419,8069,11981,176,60,63,11,52,4445,7536,34,142,0.988218626,2.184969783,11.671600775,33.731887580,5.759239197,3,0.000000000,nan,nan,1.000000000,4.007790005,1.623041055,0.019365980,0.015695987,1.869201020,0,0.500000000
180.600318432,20544,8014,0,12270,8274,12526,171,63,63,11,52,4913,7613,33,138,0.954463180,2.184799725,12.024417341,34.748197825,117.092847824,4,1.000000000,nan,nan,1.000000000,4.808702972,1.522222941,0.018018007,0.021771993,1.738268009,0,0.500000000
180.699178219,19776,7768,0,11649,8127,12526,171,62,63,11,52,4913,7613,33,138,0.954463180,2.184799725,12.040442630,34.704973503,nan,nan,nan,nan,nan,1.000000000,1.383361989,0.685302017,0.008250005,0.008181029,0.793738989,0,0.500000000
180.799074650,20160,7552,0,11848,8312,12604,174,69,67,12,55,4878,7726,34,140,0.987781958,2.169894428,13.247175046,40.338656942,nan,1,nan,nan,nan,1.000000000,5.291761016,2.162827994,0.028077047,0.026280992,2.514278982,0,0.500000000
180.898980856,20064,7593,0,11610,8454,12467,177,66,61,11,50,4628,7839,35,142,0.992348709,2.164178466,12.454665277,37.546880496,nan,1,nan,nan,nan,1.000000000,5.690730992,1.997847983,0.023036962,0.031449017,2.290873032,0,0.500000000
180.999095678,19968,7356,0,11736,8232,12608,175,61,63,11,52,4938,7670,36,139,0.989684541,2.187254574,9.895227400,34.730635365,nan,1,nan,nan,nan,1.000000000,3.442082962,1.366727112,0.016515958,0.018451945,1.573743008,0,0.500000000
181.099137068,19968,7079,0,11527,8441,12885,175,62,64,11,53,5018,7867,35,140,1.004417466,2.141174142,11.626282777,41.075258270,nan,1,nan,nan,nan,0.000000000,3.051948966,1.001421013,0.011521974,0.008965028,1.150162017,0,0.500000000
181.199005127,20064,7149,0,11727,8337,12885,175,62,62,11,51,5018,7867,35,140,1.004417466,2.141174142,11.635519868,39.625192103,nan,nan,nan,nan,nan,0.000000000,1.137286017,0.588689989,0.006746966,0.007004011,0.680251978,0,0.500000000
181.299118042,19200,6513,0,11069,8131,12683,173,63,61,13,48,5094,7589,37,136,1.029734168,2.169155886,13.160491319,35.054656500,nan,1,nan,nan,nan,0.000000000,4.399052996,1.448349038,0.016663980,0.023257977,1.658745983,0,0.500000000
181.397602797,20736,7216,0,11956,8780,12683,173,60,62,13,49,5094,7589,37,136,1.029734168,2.169155886,13.358933624,37.793371771,nan,nan,nan,nan,nan,0.000000000,1.630570972,0.650023983,0.007285038,0.013721001,0.758395996,0,0.500000000
181.499007463,20064,6931,0,11779,8285,13129,179,65,64,15,49,5350,7779,44,135,1.074111736,2.161461782,13.675986866,39.780101111,40.222167969,3,1.000000000,nan,nan,0.000000000,3.633963992,1.150129072,0.013466983,0.024114968,1.316610957,0,0.500000000
181.599148035,19968,6615,0,11580,8388,13349,179,67,65,15,50,5391,7958,47,132,1.137299445,2.100208401,14.628304923,37.651447146,5.027055740,2,0.000000000,nan,nan,0.000000000,2.552664024,0.818195054,0.010221032,0.008382020,0.947758963,0,0.500000000
181.699300289,19968,6633,0,11687,8281,13331,182,66,65,16,49,5454,7877,47,135,1.178049645,2.135309356,15.770370181,35.082214066,30.083179474,3,1.000000000,nan,nan,0.000000000,1.754910976,0.627015950,0.007455004,0.009362004,0.716728973,0,0.500000000
181.798986435,19968,6225,0,11445,8523,13739,186,70,67,15,52,5611,8128,48,138,1.219563850,2.065763468,14.501223675,34.589756875,5.665063858,4,0.000000000,nan,nan,0.000000000,4.175163049,1.548392000,0.019366969,0.030814030,1.779892016,0,0.500000000
181.899104118,19872,6331,0,11534,8338,13739,186,62,61,15,46,5611,8128,48,138,1.219563850,2.065763468,11.176215290,34.776710688,nan,nan,nan,nan,nan,0.000000000,1.990146993,0.989669934,0.010903983,0.010549964,1.132047037,0,0.500000000
181.999022245,19968,5808,0,11345,8623,14156,198,73,71,21,50,5896,8260,54,144,1.271521868,2.035566138,16.737658979,38.194865263,99.520683289,3,1.000000000,nan,nan,0.000000000,4.877195985,1.525810861,0.017545943,0.020171981,1.735551981,0,0.500000000
182.102560520,19968,5856,0,11436,8532,14108,201,66,67,17,50,5856,8252,54,147,1.288002143,2.028084155,12.000936863,39.140015074,19.602298737,3,1.000000000,nan,nan,0.000000000,6.507567014,2.310743032,0.025457935,0.024812005,2.630787028,0,0.500000000
182.199074984,19968,5334,0,11234,8734,14630,202,65,70,23,47,6184,8446,56,146,1.275674333,1.991024997,15.755525302,37.331260793,4.246950150,2,0.000000000,nan,nan,0.000000000,3.363033989,1.347751007,0.014873047,0.020864012,1.530167996,0,0.500000000
182.299096823,19968,5464,0,11305,8663,14500,195,64,65,20,45,6054,8446,54,141,1.316869558,1.994275298,12.163358647,34.816198999,29.594898224,5,1.000000000,nan,nan,0.000000000,6.654575991,2.504663018,0.026966038,0.025365967,2.835087012,0,0.500000000
182.399055243,19776,5115,0,11172,8604,14657,200,66,65,23,42,6285,8372,57,143,1.314251089,1.951749776,12.802206669,34.827049256,nan,1,nan,nan,nan,0.000000000,2.711490029,1.072715037,0.011591997,0.040196988,1.214576012,0,0.500000000
182.498053074,20160,5127,0,11136,9024,15029,199,54,60,20,40,6170,8859,56,143,1.340955992,1.958851470,12.060241178,33.352750993,nan,1,nan,nan,nan,0.000000000,2.419374010,0.770679966,0.007862982,0.018819002,0.873116020,0,0.500000000
182.599023104,19968,4768,0,11183,8785,15029,199,64,64,19,45,6170,8859,56,143,1.340955992,1.958851470,12.422817675,31.968057783,nan,nan,nan,nan,nan,0.000000000,1.567716012,0.836430932,0.009323005,0.019077968,0.960292004,0,0.500000000
182.699025154,20064,4860,0,11158,8906,15029,199,62,63,18,45,6170,8859,56,143,1.340955992,1.958851470,12.423002669,30.843727081,nan,nan,nan,nan,nan,0.000000000,3.813692019,2.117749071,0.022290973,0.033051008,2.401411999,0,0.500000000
182.799114943,19392,4515,0,11026,8366,14873,212,67,58,21,37,6596,8277,64,148,1.350625769,1.848031676,8.807061589,43.126941393,4.128217697,2,0.000000000,nan,nan,0.000000000,3.041944990,0.981431047,0.009664043,0.018502993,1.101580041,0,0.500000000
182.896474838,20544,4389,0,11266,9278,16151,214,71,70,23,47,6938,9213,69,145,1.403830280,1.895927766,14.356391415,47.316734067,30.245780945,5,1.000000000,nan,nan,0.000000000,7.101052965,2.054301964,0.021757907,0.028643000,2.312035998,0,0.500000000
183.000437737,20064,4375,0,11367,8697,15685,219,78,73,26,47,7027,8658,72,147,1.372481337,1.863368587,18.060988249,47.582796776,29.444456100,2,1.000000000,nan,nan,0.000000000,4.899512045,1.953064057,0.023884000,0.032522017,2.224227996,0,0.500000000
183.103608370,19968,4055,0,10961,9007,15909,221,76,75,30,45,6925,8984,75,146,1.407486072,1.812110940,17.606403899,46.159306672,4.314899445,2,0.000000000,nan,nan,0.000000000,3.299855976,1.288203988,0.014860940,0.028996030,1.453666016,0,0.500000000
183.199605227,20064,4220,0,11175,8889,15909,221,74,75,29,46,6925,8984,75,146,1.407486072,1.812110940,15.775561810,49.921833135,nan,nan,nan,nan,nan,0.000000000,5.203140026,2.744015015,0.030555006,0.026556023,3.081133007,0,0.500000000
183.299237251,19968,3747,0,10908,9060,16217,219,77,66,30,36,7173,9044,76,143,1.427200814,1.810199905,12.498739632,42.760200742,4.511356354,2,0.000000000,nan,nan,0.000000000,5.934362998,1.827278989,0.020638050,0.020827982,2.053711971,0,0.500000000
183.399016380,20064,3913,0,11146,8918,16217,219,69,68,31,37,7173,9044,76,143,1.427200814,1.810199905,12.591654019,46.774725748,nan,nan,nan,nan,nan,0.000000000,1.741431013,0.916769961,0.009371026,0.008939998,1.024888013,0,0.500000000
183.499105453,19968,3431,0,10935,9033,16217,219,68,68,31,37,7173,9044,76,143,1.427200814,1.810199905,12.967510644,48.034172139,nan,nan,nan,nan,nan,0.000000000,2.307810006,1.244815008,0.010189018,0.015044003,1.374492014,0,0.500000000
183.599434376,19584,3628,0,11077,8507,15952,228,68,65,31,34,7445,8507,86,142,1.473226099,1.719860991,15.200274449,39.198757680,5.599498749,2,0.000000000,nan,nan,0.000000000,7.240456005,2.555857936,0.022208958,0.015333004,2.824468014,0,0.500000000
183.699591398,19776,3252,0,10901,8875,16520,229,70,64,31,33,7649,8871,89,140,1.484748191,1.716780152,11.401374203,43.950651685,11.308431625,2,0.000000000,nan,nan,0.000000000,4.376755038,1.668138895,0.022263906,0.055501005,1.896620030,0,0.500000000
183.795751810,20640,3565,0,11500,9140,17071,235,68,75,36,39,7935,9136,92,143,1.546887851,1.827038324,16.114116491,42.310341579,9.923458099,2,0.000000000,nan,nan,0.000000000,2.309481963,0.787709956,0.007795985,0.020206964,0.880788022,0,0.500000000
183.899074554,19968,3196,0,11132,8836,17071,235,75,76,33,43,7935,9136,92,143,1.546887851,1.827038324,15.779526407,46.264212397,nan,nan,nan,nan,nan,0.000000000,2.955493983,1.628205995,0.018425984,0.027637987,1.830840018,0,0.500000000
183.999299288,20064,3337,0,11091,8973,16723,246,80,78,36,42,7750,8973,97,149,1.561025621,1.727187263,16.623121079,48.234264088,nan,1,nan,nan,nan,0.000000000,2.235777967,0.821178022,0.008673989,0.013659999,0.923535030,0,0.500000000
184.099083662,19968,3127,0,11130,8838,16837,252,72,69,35,34,8003,8834,102,150,1.555096461,1.788497422,15.394863389,32.986904339,nan,1,nan,nan,nan,0.000000000,6.913711957,2.074344957,0.020428037,0.044928980,2.294783946,0,0.500000000
184.199107885,19968,3193,0,10970,8998,16771,252,69,71,35,36,7777,8994,98,154,1.596452684,1.754903991,17.676689209,38.806102804,nan,1,nan,nan,nan,0.000000000,2.875455015,0.943802996,0.008837029,0.026219990,1.051635016,0,0.500000000
184.298943281,20064,3048,0,11188,8876,17012,258,68,65,34,31,8140,8872,106,152,1.600098275,1.805380147,14.507080834,32.996573219,2.490997314,2,0.000000000,nan,nan,0.000000000,2.441252000,0.873476965,0.007448951,0.013823039,0.966897001,0,0.500000000
184.399258852,19872,2957,0,10869,9003,17012,258,61,63,33,30,8140,8872,106,152,1.600098275,1.805380147,14.575478548,34.912093837,nan,nan,nan,nan,nan,0.000000000,1.687037991,0.937233039,0.008350005,0.020876992,1.043110969,0,0.500000000
184.500969410,19968,2970,0,11151,8817,16994,265,62,64,32,32,8181,8813,107,158,1.638654689,1.802102626,11.779467573,38.207209682,5.451917648,7,0.000000000,nan,nan,0.000000000,4.054178018,1.725556038,0.014446035,0.027007016,1.908644976,0,0.500000000
184.598965168,19968,2720,0,10853,9115,16994,265,65,65,32,33,8181,8813,107,158,1.638654689,1.802102626,13.110057260,38.177579845,nan,nan,nan,nan,nan,0.000000000,4.474539950,2.454964968,0.015244994,0.028268958,2.665532986,0,0.500000000
184.699078083,20064,2997,0,11381,8683,16994,265,65,65,32,33,8181,8813,107,158,1.638654689,1.802102626,13.110057377,38.173354693,nan,nan,nan,nan,nan,0.000000000,2.083574014,1.123866998,0.006843009,0.012126053,1.220686012,0,0.500000000
184.799066067,19872,2616,0,10831,9041,16994,265,65,65,32,33,8181,8813,107,158,1.638654689,1.802102626,13.058113379,37.804138874,nan,nan,nan,nan,nan,0.000000000,1.479941013,0.846052950,0.005359063,0.009965966,0.919744023,0,0.500000000
184.898998260,20160,2916,0,11446,8714,17240,282,76,81,44,37,8526,8714,124,158,1.731655563,1.827462010,14.463353618,49.039244442,19.968509674,6,1.000000000,nan,nan,0.000000000,2.444361977,0.961414014,0.008652045,0.016814971,1.068662968,0,0.500000000
184.999134541,19872,2484,0,10872,9000,17240,282,83,84,45,39,8526,8714,124,158,1.731655563,1.827462010,15.281187974,57.812320824,nan,nan,nan,nan,nan,0.000000000,3.098963003,1.828126959,0.018148974,0.040163985,2.023142995,0,0.500000000
185.099021912,20064,2821,0,11262,8802,17239,286,84,77,46,31,8437,8802,133,153,1.768271781,1.785223369,15.299889925,46.795492362,5.643367767,4,0.000000000,nan,nan,0.000000000,2.526161028,1.036195084,0.009926967,0.024037960,1.143514004,0,0.500000000
185.199129105,19872,2360,0,10920,8952,17239,286,75,74,47,27,8437,8802,133,153,1.768271781,1.785223369,13.355443192,39.610787343,nan,nan,nan,nan,nan,0.000000000,4.161614983,2.462298900,0.022726017,0.042071973,2.730962995,0,0.500000000
185.299136877,20160,2720,0,11167,8993,17436,294,76,71,43,28,8447,8989,139,155,1.804058514,1.749368763,14.848433356,53.410082094,nan,1,nan,nan,nan,0.000000000,2.602985012,1.093784987,0.009532028,0.024391979,1.201456995,0,0.500000000
185.400608540,19872,2399,0,10984,8888,17436,294,82,80,49,31,8447,8989,139,155,1.804058514,1.749368763,18.108841431,69.039876821,nan,nan,nan,nan,nan,0.000000000,3.745885042,2.212761901,0.020418025,0.049658003,2.439024043,0,0.500000000
185.499757290,20064,2658,0,11143,8921,17402,300,79,79,50,29,8485,8917,152,148,1.850220759,1.763004516,21.635209995,67.132390799,120.189189911,3,1.000000000,nan,nan,0.000000000,3.907320031,1.409022894,0.012018078,0.021383981,1.555210038,0,0.500000000
185.598923683,19968,2403,0,11184,8784,17561,317,77,76,49,27,8777,8784,173,144,1.860365517,1.708096996,21.933524838,52.245395199,34.461259842,6,1.000000000,nan,nan,0.000000000,6.511307962,2.145249979,0.016772014,0.039973005,2.334891004,0,0.500000000
185.699028254,20064,2617,0,11306,8758,17443,309,77,77,49,28,8685,8758,167,142,1.886393601,1.673995839,18.798745508,59.274582185,64.300537109,3,1.000000000,nan,nan,0.000000000,7.369305007,2.634699980,0.020903070,0.050308998,2.866818977,0,0.500000000
185.798988819,19872,2312,0,11187,8685,17443,309,81,80,51,29,8685,8758,167,142,1.886393601,1.673995839,20.354217046,62.432013463,nan,nan,nan,nan,nan,0.000000000,2.507451980,1.435068029,0.011562021,0.027267961,1.562100020,0,0.500000000
185.900144815,20064,2332,0,11150,8914,17728,314,74,72,50,22,8814,8914,180,134,1.931367277,1.553317260,16.255050839,48.108473780,60.276746750,5,1.000000000,nan,nan,0.000000000,2.993542003,1.085918047,0.008269970,0.015248021,1.189768023,0,0.500000000
185.998876095,19104,1515,0,10450,8654,17728,314,75,75,50,25,8814,8914,180,134,1.931367277,1.553317260,16.190653027,57.401626015,nan,nan,nan,nan,nan,0.000000000,3.618585994,2.148564032,0.017113111,0.026373949,2.340090985,0,0.500000000
186.100251436,20160,2305,0,11275,8885,17728,314,75,75,50,25,8814,8914,180,134,1.931367277,1.553317260,16.190653485,57.405873527,nan,nan,nan,nan,nan,0.000000000,1.743315021,1.007452956,0.006256974,0.018769992,1.086418983,0,0.500000000
186.198968410,19968,2498,0,11094,8874,17466,341,83,84,63,21,8596,8870,213,128,2.043523514,1.467095102,22.765731685,43.717888953,34.266471863,9,1.000000000,nan,nan,0.000000000,5.894526956,2.730855020,0.023267989,0.066183042,2.986997017,0,0.500000000
186.298926830,20064,2524,0,11645,8419,17536,336,92,84,65,19,9119,8417,213,123,2.028200674,1.448388787,19.327102406,66.080727710,33.352375031,4,1.000000000,nan,nan,0.000000000,3.551263013,1.511026989,0.012983975,0.028078037,1.644181029,0,0.500000000
186.399075747,19968,2516,0,11208,8760,17536,336,88,86,64,22,9119,8417,213,123,2.028200674,1.448388787,19.439524128,68.709891128,nan,nan,nan,nan,nan,0.000000000,2.628295042,1.583162928,0.010994030,0.018306018,1.701777976,0,0.500000000
186.499007463,19968,2535,0,11543,8425,17429,329,80,86,66,20,9004,8425,212,117,2.035934188,1.424310007,21.506288710,60.309899932,80.492496490,6,1.000000000,nan,nan,0.000000000,4.202596028,1.954010921,0.017275976,0.053049996,2.140705998,0,0.500000000
186.599014282,19968,2485,0,11255,8713,17479,345,86,87,65,22,8766,8713,217,128,2.059479479,1.405021651,24.189038432,57.843346987,4.068136215,2,0.000000000,nan,nan,0.000000000,2.646337030,1.141210960,0.009890995,0.017024984,1.248026965,0,0.500000000
186.698948622,19968,2597,0,11546,8422,17367,342,89,86,66,20,8945,8422,220,122,2.040459132,1.416505360,23.744240628,47.917787829,nan,1,nan,nan,nan,0.000000000,2.614425030,1.109028992,0.010009098,0.012894976,1.213103998,0,0.500000000
186.798924208,19968,2515,0,11305,8663,17367,342,85,87,68,19,8945,8422,220,122,2.040459132,1.416505360,25.352759331,57.603372483,nan,nan,nan,nan,nan,0.000000000,4.192634020,2.700842044,0.024014967,0.033949967,2.957496035,0,0.500000000
186.898894072,20064,2616,0,11489,8575,17444,343,75,72,55,17,8873,8571,219,124,2.089149561,1.301421525,20.602025288,46.336380707,8.458852768,13,0.000000000,nan,nan,0.000000000,4.840663983,1.809968962,0.013720011,0.023012981,1.965117990,0,0.500000000
186.999066830,19968,2527,0,11360,8608,17437,348,68,67,53,14,8832,8605,225,123,2.130483279,1.253220232,16.706460242,41.694647616,7.408618927,21,0.000000000,nan,nan,0.000000000,2.717108000,1.105526986,0.007311988,0.021043990,1.197787002,0,0.500000000
187.098971367,19968,2644,0,11503,8465,17320,361,71,79,60,19,8858,8462,250,111,2.201058126,1.230309916,19.176340054,53.805374889,6.319046021,8,0.000000000,nan,nan,0.000000000,7.096628018,3.222825995,0.023226021,0.065386994,3.487214970,0,0.500000000
187.200153351,19968,2586,0,11534,8434,17378,350,87,85,67,18,8948,8430,258,92,2.217810310,1.190722432,25.191283572,47.717815203,65.579891205,2,1.000000000,nan,nan,0.000000000,7.309359033,3.470261989,0.028189039,0.022796972,3.761975968,0,0.500000000
187.299096346,20064,2735,0,11718,8346,17378,350,85,90,70,20,8948,8430,258,92,2.217810310,1.190722432,23.228129018,49.350478454,nan,nan,nan,nan,nan,0.000000000,4.529881990,2.542099915,0.016184931,0.028066046,2.706205007,0,0.500000000
187.399059057,19968,2647,0,11799,8169,17317,360,90,83,69,14,9148,8169,289,71,2.322991660,1.148936872,25.071076233,49.487175026,5.673885345,2,0.000000000,nan,nan,0.000000000,4.726894025,1.892980014,0.015147962,0.040717016,2.050592040,0,0.500000000
187.499595642,19968,2650,0,11572,8396,17317,360,95,94,75,19,9148,8169,289,71,2.322991660,1.148936872,23.993937519,51.680696917,nan,nan,nan,nan,nan,0.000000000,1.924596028,1.174045959,0.010457006,0.018545019,1.277856994,0,0.500000000
187.599082708,19872,2728,0,11802,8070,17317,360,95,93,74,19,9148,8169,289,71,2.322991660,1.148936872,23.389930609,53.738642727,nan,nan,nan,nan,nan,0.000000000,4.258961009,2.795191947,0.027434027,0.045295979,3.054137051,0,0.500000000
187.701393366,19488,2621,0,11078,8410,16863,344,88,79,60,19,8453,8410,257,87,2.197840250,1.171296315,15.924166260,65.034142724,5.759000778,3,0.000000000,nan,nan,0.000000000,2.667949011,1.153384044,0.009844138,0.046589004,1.254450006,0,0.500000000
187.896820545,20256,2563,0,11508,8748,17689,356,79,78,54,24,8941,8748,247,109,2.253976579,1.235314534,21.722434794,61.541510885,73.843240738,5,1.000000000,nan,nan,0.000000000,2.832633967,1.148045121,0.008687028,0.027095957,1.245127001,0,0.500000000
187.999025345,20064,2780,0,11641,8423,17280,387,96,86,60,26,8861,8419,278,109,2.206811506,1.284751322,19.884066195,57.156728274,nan,1,nan,nan,nan,0.000000000,2.710853005,1.252161979,0.010272022,0.029075018,1.354686043,0,0.500000000
188.098942757,19968,2643,0,11278,8690,17280,387,86,87,57,30,8861,8419,278,109,2.206811506,1.284751322,21.237672514,60.753201014,nan,nan,nan,nan,nan,0.000000000,2.941977989,1.909620012,0.015285972,0.058714999,2.074752003,0,0.500000000
188.198952198,20064,2745,0,11609,8455,17315,348,66,78,51,27,8863,8452,237,111,2.075131033,1.358893785,17.338747138,37.419556217,5.677223206,2,0.000000000,nan,nan,0.000000000,5.496865022,1.938256959,0.013640034,0.061858969,2.100404003,0,0.500000000
188.299117565,19968,2572,0,11323,8645,17392,335,76,80,50,30,8747,8645,225,110,2.058256345,1.357745919,20.369442631,42.196566863,5.780458450,2,0.000000000,nan,nan,0.000000000,7.195517013,2.460112970,0.020186999,0.031624048,2.705220017,0,0.500000000
188.398970842,19872,2663,0,11290,8582,17205,333,75,78,51,27,8623,8582,227,106,2.044541258,1.389552243,18.936672260,59.347604282,5.732536316,2,0.000000000,nan,nan,0.000000000,2.463280980,1.060142997,0.009156996,0.018168997,1.157150022,0,0.500000000
188.602044106,20064,2664,0,11227,8837,17396,326,78,78,50,28,8560,8836,220,106,2.024175370,1.441500965,14.989926037,51.195801308,129.747390747,3,1.000000000,nan,nan,0.000000000,4.930655006,1.838934026,0.014859019,0.022355001,2.003473986,0,0.500000000
188.699448347,20064,2827,0,11341,8723,17396,326,78,77,49,28,8560,8836,220,106,2.024175370,1.441500965,16.522187556,67.691157726,nan,nan,nan,nan,nan,0.000000000,1.777755038,1.043510973,0.008657982,0.010904972,1.139514963,0,0.500000000
188.799043894,19968,2649,0,11112,8856,17396,326,79,81,51,30,8560,8836,220,106,2.024175370,1.441500965,17.943044581,56.471780183,nan,nan,nan,nan,nan,0.000000000,3.624343022,2.190077095,0.018535997,0.025598041,2.394845011,0,0.500000000
188.899192333,20064,2873,0,11391,8673,17396,326,81,82,52,30,8560,8836,220,106,2.024175370,1.441500965,18.892994419,56.616816587,nan,nan,nan,nan,nan,0.000000000,3.646994010,2.088417008,0.013880024,0.028652023,2.241263050,0,0.500000000
188.999152422,19968,2639,0,11107,8861,17325,318,72,76,45,31,8464,8861,213,105,1.976779289,1.482622725,16.284332638,59.004559279,30.243635178,6,1.000000000,nan,nan,0.000000000,2.803429030,1.055705012,0.008198083,0.025728019,1.150252996,0,0.500000000
189.098997355,20064,2956,0,11482,8582,17104,323,81,78,42,36,8522,8582,211,112,2.031017704,1.561062947,21.821437982,62.014485651,5.454063416,4,0.000000000,nan,nan,0.000000000,7.673785032,1.664488984,0.009310956,0.012360979,1.766438014,0,0.500000000
189.199127436,19776,2675,0,10842,8934,17104,323,82,83,49,34,8522,8582,211,112,2.031017704,1.561062947,23.506031009,82.280739680,nan,nan,nan,nan,nan,0.000000000,3.412214981,1.930547005,0.016344013,0.021409011,2.098910045,0,0.500000000
189.301557064,20256,2897,0,11499,8757,17355,328,80,81,47,34,8598,8757,207,121,2.033809272,1.616450780,22.822813826,52.139776464,75.766801834,4,1.000000000,nan,nan,0.000000000,3.915604961,1.526211912,0.015292026,0.015133002,1.663534960,0,0.500000000
189.399116278,19968,2691,0,10803,9165,17273,331,77,79,43,36,8112,9161,211,120,2.001214489,1.596125940,21.118793631,61.616386579,5.612373352,2,0.000000000,nan,nan,0.000000000,4.351733020,1.972133003,0.015879981,0.026870985,2.148243017,0,0.500000000
189.499253988,19968,2911,0,11188,8780,17273,331,81,80,43,37,8112,9161,211,120,2.001214489,1.596125940,18.625015189,65.371672046,nan,nan,nan,nan,nan,0.000000000,3.027510014,1.752050011,0.014341960,0.019295025,1.910933002,0,0.500000000
189.598981142,20064,2708,0,10736,9328,17352,331,74,79,41,38,8028,9324,210,121,2.001623900,1.596227094,23.564860567,81.633754869,5.542278290,4,0.000000000,nan,nan,0.000000000,2.548304037,1.075002074,0.008940988,0.019260973,1.178659033,0,0.500000000
189.699059725,19872,2768,0,11074,8798,17352,331,78,81,43,38,8028,9324,210,121,2.001623900,1.596227094,24.023183020,78.083076260,nan,nan,nan,nan,nan,0.000000000,3.436174011,2.100070997,0.016797043,0.029911986,2.291176992,0,0.500000000
189.799832821,20160,2753,0,10970,9190,17403,325,66,74,38,36,8216,9187,206,119,1.907970625,1.666475652,20.311106697,64.098007434,8.779287338,3,0.000000000,nan,nan,0.000000000,2.603878966,1.049959043,0.007886963,0.012017961,1.144731999,0,0.500000000
189.899042606,19584,2709,0,10718,8866,16871,325,77,73,41,32,8005,8866,206,119,1.966134256,1.716459018,20.753774486,80.228937967,9.841203690,2,0.000000000,nan,nan,0.000000000,6.183121004,2.806050994,0.022766006,0.034141995,3.068621969,0,0.500000000
189.998955727,20544,2935,0,11283,9261,17605,327,79,78,41,37,8347,9258,206,121,1.906240622,1.709321786,21.838154576,62.536264417,36.657810211,3,1.000000000,nan,nan,0.000000000,3.530934977,1.281369943,0.011824013,0.014608027,1.396852022,0,0.500000000
190.099038839,19392,2747,0,10319,9073,16641,319,78,82,42,40,7572,9069,197,122,1.970390125,1.731231089,23.484791384,70.960734352,5.493640900,2,0.000000000,nan,nan,0.000000000,5.996013002,2.467933926,0.019885018,0.040638959,2.687653992,0,0.500000000
190.196564674,20448,3178,0,11237,9211,16641,319,85,82,42,40,7572,9069,197,122,1.970390125,1.731231089,23.655465110,67.229887470,nan,nan,nan,nan,nan,0.000000000,2.207102953,1.299842086,0.011313008,0.011870987,1.424410031,0,0.500000000
190.299113274,20352,3050,0,10799,9553,16641,319,84,82,42,40,7572,9069,197,122,1.970390125,1.731231089,23.586551207,66.441821245,nan,nan,nan,nan,nan,0.000000000,2.099383972,1.282021054,0.011688040,0.013993005,1.411191013,0,0.500000000
190.399149656,20160,3411,0,11118,9042,16745,328,90,77,39,38,7795,8950,198,130,1.916203812,1.789106226,20.165665080,58.630012169,19.561290741,4,1.000000000,nan,nan,0.000000000,5.380098999,1.851254026,0.017455022,0.025839021,2.022441011,0,0.500000000
190.498989582,19968,3413,0,10801,9167,16551,324,81,79,38,41,7478,9073,196,128,2.063218605,1.792780501,19.276473669,57.018222041,75.226783752,4,1.000000000,nan,nan,0.000000000,2.489092993,1.053297950,0.009540003,0.013979967,1.151307020,0,0.500000000
190.599009752,20064,3875,0,11067,8997,16551,324,82,80,41,39,7478,9073,196,128,2.063218605,1.792780501,19.991611983,55.918995722,nan,nan,nan,nan,nan,0.000000000,2.233553969,1.361727016,0.011497934,0.016002974,1.484369044,0,0.500000000
190.699027538,20064,4128,0,10821,9243,15932,319,80,81,43,38,6810,9122,190,129,2.226184860,1.822158098,17.064188567,48.073947626,nan,1,nan,nan,nan,0.000000000,3.246597014,1.224950072,0.010559976,0.018749968,1.340944029,0,0.500000000
190.799064636,19968,4391,0,11123,8845,15932,319,88,88,47,41,6810,9122,190,129,2.226184860,1.822158098,19.759404171,56.922523381,nan,nan,nan,nan,nan,0.000000000,1.720512984,1.022865938,0.009811018,0.014571007,1.123809954,0,0.500000000
190.899053097,19968,4633,0,11160,8808,15932,319,88,89,47,42,6810,9122,190,129,2.226184860,1.822158098,19.858022856,57.312777306,nan,nan,nan,nan,nan,0.000000000,3.343032964,1.986608026,0.018074003,0.023008964,2.171733999,0,0.500000000
190.999000072,19968,4635,0,11531,8437,15932,319,90,90,47,43,6810,9122,190,129,2.226184860,1.822158098,20.658497416,60.351334938,nan,nan,nan,nan,nan,0.000000000,1.675066014,1.004117017,0.007452967,0.013289042,1.085042022,0,0.500000000
191.100453615,20064,4831,0,11679,8385,15229,309,80,79,38,41,7504,7725,182,127,1.854050665,1.977035438,13.636288688,45.657080687,79.352378845,5,1.000000000,nan,nan,0.000000000,2.297464001,1.000732067,0.008869974,0.012720993,1.098364999,0,0.500000000
191.199717999,19968,4603,0,11648,8320,15361,316,82,84,42,42,7644,7717,186,130,1.802488095,2.008754086,16.902137735,45.083322385,3.439426422,2,0.000000000,nan,nan,0.000000000,2.440894954,1.026124053,0.009060954,0.019129016,1.126263989,0,0.500000000
191.298976898,20064,4516,0,11795,8269,15544,317,74,77,38,39,7762,7782,185,132,1.768528637,2.006409254,17.598498431,54.851575231,77.390670776,2,1.000000000,nan,nan,0.000000000,8.197538031,2.711359004,0.009890937,0.014842022,2.824752009,0,0.500000000
191.399036407,19872,4198,0,11698,8174,15544,317,77,76,38,38,7762,7782,185,132,1.768528637,2.006409254,17.578995252,53.162145972,nan,nan,nan,nan,nan,0.000000000,3.006155021,1.778492006,0.014241959,0.018244027,1.938054978,0,0.500000000
191.498980045,19968,4214,0,12137,7831,15544,317,76,76,38,38,7762,7782,185,132,1.768528637,2.006409254,17.578995252,53.160598751,nan,nan,nan,nan,nan,0.000000000,1.582450990,0.997627038,0.006294984,0.013825018,1.074538974,0,0.500000000
191.598931789,19968,4320,0,12022,7946,15644,315,56,70,38,32,8313,7331,180,135,1.694245579,2.130127185,16.489533857,61.482829938,14.345645905,4,0.000000000,nan,nan,0.000000000,5.231964984,2.460405987,0.018044026,0.050924020,2.690700989,0,0.500000000
191.699782133,19968,4117,0,12128,7840,15847,318,75,77,40,37,8661,7186,179,139,1.638746196,2.198115335,17.925104779,51.316941810,49.994945526,5,1.000000000,nan,nan,0.000000000,2.536984044,1.073685009,0.008727075,0.013226992,1.177194004,0,0.500000000
191.798864603,19872,3972,0,11829,8043,15896,329,74,76,40,36,8389,7507,184,145,1.646725836,2.168668965,14.945383639,47.529712792,5.681276321,2,0.000000000,nan,nan,0.000000000,2.552927006,1.048303966,0.008261064,0.014120014,1.144670008,0,0.500000000
191.898931742,19968,3565,0,11854,8114,16399,335,76,80,45,35,8695,7704,188,147,1.608149900,2.135032763,15.184353446,53.310023404,84.025859833,4,1.000000000,nan,nan,0.000000000,2.524636977,1.072639017,0.008865958,0.012327975,1.173461031,0,0.500000000
191.999075890,19968,3473,0,11797,8171,16491,333,74,79,40,39,8554,7937,189,144,1.598114647,2.122627795,16.777519480,61.008093737,nan,1,nan,nan,nan,0.000000000,7.942713972,2.559857967,0.019328960,0.015752972,2.773846034,0,0.500000000
192.098861933,19968,3076,0,11621,8347,16491,333,79,78,41,37,8554,7937,189,144,1.598114647,2.122627795,17.184200032,62.946831621,nan,nan,nan,nan,nan,0.000000000,2.371180977,1.417160034,0.010674994,0.011591997,1.536044001,0,0.500000000
192.198887587,20064,3246,0,11677,8387,16491,333,78,78,41,37,8554,7937,189,144,1.598114647,2.122627795,17.195378144,64.298141718,nan,nan,nan,nan,nan,0.000000000,4.780641000,3.136079991,0.020102947,0.040273007,3.378984984,0,0.500000000
192.300194025,19968,3019,0,11493,8475,16945,328,74,76,43,33,8594,8351,179,149,1.535303247,2.102892119,17.395236718,61.156635474,80.079793930,5,1.000000000,nan,nan,0.000000000,6.510974024,3.084812080,0.025874993,0.059259997,3.376092995,0,0.500000000
192.399698734,19776,3126,0,11641,8135,16646,322,80,82,48,34,8603,8043,177,145,1.518266764,2.101015043,19.077376287,60.309967880,6.697177887,2,0.000000000,nan,nan,0.000000000,2.665809006,1.162298024,0.013653946,0.036312966,1.312410983,0,0.500000000
192.500578165,19968,3079,0,11522,8446,16885,328,73,77,41,36,8522,8363,177,151,1.525559847,2.108126157,17.679041044,56.789190307,9.017705917,16,0.000000000,nan,nan,0.000000000,11.204375012,4.527481971,0.034447934,0.053222990,4.897555045,0,0.500000000
192.598659754,20256,3004,0,11704,8552,17248,321,73,78,41,37,8723,8525,173,148,1.463303837,2.105941551,14.627740425,67.779728441,6.009340286,8,0.000000000,nan,nan,0.000000000,2.566674026,1.071045990,0.008964969,0.011871976,1.173680997,0,0.500000000
192.698851585,19968,3148,0,11643,8325,16816,330,73,78,40,38,8535,8281,177,153,1.474002390,2.107270762,15.637774148,61.364342781,7.149696350,11,0.000000000,nan,nan,0.000000000,4.209240025,1.892529952,0.015393947,0.028767972,2.072012983,0,0.500000000
192.799346924,20064,2924,0,11864,8200,17136,317,71,65,39,26,8959,8177,174,143,1.385242567,2.132545499,10.919845249,48.339303833,7.774829865,17,0.000000000,nan,nan,0.000000000,6.091523042,2.337966987,0.017056998,0.024612993,2.561216999,0,0.500000000
192.898932219,19968,3297,0,11743,8225,16667,330,69,73,44,29,8469,8198,183,147,1.505725392,2.100274582,12.870450891,72.995796552,6.808757782,22,0.000000000,nan,nan,0.000000000,2.990284993,1.142038964,0.008407980,0.023019966,1.240009035,0,0.500000000
192.998865128,20064,3020,0,11886,8178,17040,321,69,70,42,28,8884,8156,186,135,1.434100036,2.088640667,11.908899348,53.526351541,7.477998734,19,0.000000000,nan,nan,0.000000000,2.651927993,1.039795985,0.010593969,0.020482985,1.141240005,0,0.500000000
193.098911762,19968,3247,0,11594,8374,16717,327,74,72,40,32,8344,8373,189,138,1.506581071,2.049472335,10.890497460,63.537645108,5.881071091,3,0.000000000,nan,nan,0.000000000,2.705093997,1.054675027,0.008223986,0.018040999,1.152331010,0,0.500000000
193.198890686,20064,2979,0,11517,8547,17081,325,74,74,42,32,8538,8543,192,133,1.393945109,2.038275180,14.330334196,60.040463719,4.474639893,2,0.000000000,nan,nan,0.000000000,2.629016992,1.098606037,0.008270028,0.026195019,1.202351006,0,0.500000000
193.300563812,19968,3168,0,11452,8516,16796,311,74,74,44,30,8284,8512,181,130,1.564312463,1.957112396,15.561449480,66.545149269,7.425785065,4,0.000000000,nan,nan,0.000000000,3.905693011,1.709003118,0.013936020,0.022444990,1.882028999,0,0.500000000
193.398923397,20064,2840,0,11368,8696,16796,311,74,76,44,32,8284,8512,181,130,1.564312463,1.957112396,15.578235396,76.156412628,nan,nan,nan,nan,nan,0.000000000,3.797804995,2.399627003,0.020186941,0.024452980,2.624399029,0,0.500000000
193.499122858,19968,3127,0,11500,8468,16837,312,74,79,47,32,8372,8465,183,129,1.530227075,1.963583160,18.157553483,68.531864626,54.347753525,2,1.000000000,nan,nan,0.000000000,2.489424020,1.012526976,0.008584058,0.026864000,1.111324993,0,0.500000000
193.599560976,19968,2857,0,11370,8598,16837,312,76,77,45,32,8372,8465,183,129,1.530227075,1.963583160,18.025051885,70.733644380,nan,nan,nan,nan,nan,0.000000000,3.747021023,2.318018000,0.020779029,0.035559991,2.549194032,0,0.500000000
193.698846817,19872,3071,0,11497,8375,16837,312,77,77,46,31,8372,8465,183,129,1.530227075,1.963583160,18.960906502,66.600614071,nan,nan,nan,nan,nan,0.000000000,3.992321028,2.213461965,0.017391983,0.026868947,2.437880030,0,0.500000000
193.799303532,20160,2794,0,11569,8591,17362,319,74,79,43,36,8771,8591,181,138,1.654841705,1.933037543,14.137915106,82.433329440,77.198982239,3,1.000000000,nan,nan,0.000000000,3.148488002,1.185016008,0.009297917,0.023984991,1.288775995,0,0.500000000
193.898880482,19968,3086,0,11654,8314,16878,321,71,72,39,33,8564,8314,181,140,1.635732272,2.007608427,17.226788628,68.791085472,nan,1,nan,nan,nan,0.000000000,6.861119007,2.835345920,0.027529954,0.021132990,3.147261043,0,0.500000000
193.998832226,20064,3041,0,11447,8617,17019,323,83,78,43,35,8402,8617,185,138,1.642075100,1.989924859,15.794322715,60.177012402,6.345510483,12,0.000000000,nan,nan,0.000000000,2.579157997,1.054600987,0.009552983,0.017534010,1.152835030,0,0.500000000
194.098870754,19872,3175,0,11686,8186,17019,323,77,78,43,35,8402,8617,185,138,1.642075100,1.989924859,16.324871740,61.543492930,nan,nan,nan,nan,nan,0.000000000,3.655902983,2.320001018,0.020301028,0.036862970,2.550959005,0,0.500000000
194.299281597,20064,3177,0,11774,8290,16883,316,73,75,45,30,8597,8286,184,132,1.592422934,2.014202808,15.881179806,58.323952850,80.741167068,14,1.000000000,nan,nan,0.000000000,5.559268000,2.016092010,0.016039994,0.027228030,2.195519046,0,0.500000000
194.399333477,19968,3178,0,11585,8383,16786,317,71,71,43,28,8403,8383,183,134,1.634133369,1.980469338,12.935798306,67.621875191,15.346288681,6,1.000000000,nan,nan,0.000000000,7.272875984,2.653364034,0.020885025,0.041624997,2.900753985,0,0.500000000
194.498995066,20064,3041,0,11858,8206,16786,317,69,71,43,28,8403,8383,183,134,1.634133369,1.980469338,13.677213754,69.056846217,nan,nan,nan,nan,nan,0.000000000,4.171831009,2.630847041,0.020687003,0.037732010,2.876317012,0,0.500000000
194.598863363,19968,3149,0,11596,8372,16815,305,68,64,39,25,8443,8372,174,131,1.642424142,1.984570307,10.929424947,53.247338351,4.869461060,2,0.000000000,nan,nan,0.000000000,4.573221027,2.103427949,0.017115963,0.047912996,2.316010010,0,0.500000000
194.699052334,20064,3046,0,11842,8222,16815,305,67,66,41,25,8443,8372,174,131,1.642424142,1.984570307,11.231205987,52.754773641,nan,nan,nan,nan,nan,0.000000000,5.514625984,3.016998002,0.021184038,0.031616015,3.288801003,0,0.500000000
194.799737930,19968,3171,0,11607,8361,16793,302,77,74,45,29,8435,8358,171,131,1.617666858,1.969700584,15.446086894,85.300483413,54.034471512,4,1.000000000,nan,nan,0.000000000,2.779010974,1.030166983,0.010736927,0.020620006,1.150743046,0,0.500000000
194.898893356,20064,3018,0,11650,8414,17042,303,65,67,41,26,8632,8410,174,129,1.613041005,2.028896381,14.043652291,90.902427077,nan,1,nan,nan,nan,0.000000000,3.060365969,1.182806969,0.008862000,0.030198018,1.293236972,0,0.500000000
195.001971722,19968,3295,0,11724,8244,17042,303,65,66,41,25,8632,8410,174,129,1.613041005,2.028896381,12.480423817,86.745331089,nan,nan,nan,nan,nan,0.000000000,3.508872993,2.150242974,0.016386039,0.036581012,2.356246987,0,0.500000000
195.099424362,19968,3079,0,11596,8372,16885,294,67,67,42,25,8516,8369,174,120,1.723949239,1.932652357,11.189107438,81.989087775,5.497932434,3,0.000000000,nan,nan,0.000000000,4.270191013,1.662712952,0.013499928,0.210186990,1.826384047,0,0.500000000
195.198902607,20160,3245,0,11851,8309,16885,294,69,69,43,26,8516,8369,174,120,1.723949239,1.932652357,13.022861578,82.744635798,nan,nan,nan,nan,nan,0.000000000,5.664239055,3.232622053,0.024716021,0.033265969,3.541662998,0,0.500000000
195.299496889,19776,3071,0,11468,8308,16701,288,69,68,38,30,8393,8308,168,120,1.763239594,1.950716670,11.512010927,76.767565183,5.525588989,3,0.000000000,nan,nan,0.000000000,3.543765983,1.410570985,0.010063988,0.019084953,1.558760996,0,0.500000000
195.398903370,20160,3167,0,11930,8230,16701,288,73,73,46,27,8393,8308,168,120,1.763239594,1.950716670,14.206854815,75.786071547,nan,nan,nan,nan,nan,0.000000000,1.633299980,0.977884047,0.008136965,0.011032040,1.079436042,0,0.500000000
195.498952150,19968,3001,0,11581,8387,16701,288,74,76,46,30,8393,8308,168,120,1.763239594,1.950716670,14.224875588,84.488984261,nan,nan,nan,nan,nan,0.000000000,2.593056997,1.486774010,0.013325014,0.018512015,1.634397020,0,0.500000000
195.598940849,20064,3055,0,11773,8291,17005,293,69,73,45,28,8714,8291,173,120,1.738928425,1.930841774,12.856386523,70.798341170,nan,1,nan,nan,nan,0.000000000,5.900674965,2.380913997,0.018908991,0.030306051,2.608435985,0,0.500000000
195.699318886,19968,2977,0,11488,8480,17005,293,74,72,44,28,8714,8291,173,120,1.738928425,1.930841774,12.794239113,61.513799250,nan,nan,nan,nan,nan,0.000000000,2.634108998,1.197757083,0.010407006,0.011202996,1.317650022,0,0.500000000
195.798856974,19488,2958,0,11183,8305,17005,293,73,74,46,28,8714,8291,173,120,1.738928425,1.930841774,12.861283007,72.174560497,nan,nan,nan,nan,nan,0.000000000,1.595934969,0.943983963,0.008557981,0.010996999,1.045899000,0,0.500000000
195.901812077,20544,3064,0,11822,8722,17005,293,74,74,46,28,8714,8291,173,120,1.738928425,1.930841774,12.861283007,72.182065261,nan,nan,nan,nan,nan,0.000000000,4.158989002,2.435450966,0.016602979,0.023921952,2.640569001,0,0.500000000
195.998974323,20064,2681,0,11408,8656,17379,303,78,76,47,29,8726,8653,170,133,1.727726811,1.834590649,16.523639826,66.748800326,60.085296631,9,1.000000000,nan,nan,0.000000000,3.733380989,1.422391913,0.012269069,0.021312968,1.557501964,0,0.500000000
196.099268436,19872,2542,0,11203,8669,17326,299,74,70,41,29,8657,8669,171,128,1.742374815,1.720486878,11.600099940,55.090654793,34.301042557,3,1.000000000,nan,nan,0.000000000,5.081910989,1.976229891,0.017262006,0.048494956,2.181251009,0,0.500000000
196.201451540,19488,2087,0,10779,8709,17397,310,81,84,51,33,8688,8709,173,137,1.728448869,1.428126734,20.756354003,80.056913424,69.743633270,7,1.000000000,nan,nan,0.000000000,6.247874000,2.517012006,0.022237946,0.038663973,2.757809008,0,0.500000000
196.299437523,19872,2834,0,11448,8424,17397,310,81,81,49,32,8688,8709,173,137,1.728448869,1.428126734,19.440707807,72.167646491,nan,nan,nan,nan,nan,0.000000000,2.130487002,1.239925914,0.008323987,0.023875968,1.336748013,0,0.500000000
196.399029016,20064,2922,0,11238,8826,17138,307,71,74,44,30,8312,8826,167,140,1.781895642,1.454120238,17.173871358,67.211876367,nan,1,nan,nan,nan,0.000000000,9.392462962,3.703213995,0.028798997,0.048247981,4.047107010,0,0.500000000
196.499066114,19968,2836,0,11372,8596,17128,307,73,75,47,28,8536,8592,167,140,1.710991112,1.803201784,14.101629803,71.367382383,nan,1,nan,nan,nan,0.000000000,2.415540977,1.017646107,0.008653966,0.019796018,1.118941989,0,0.500000000
196.600827217,20064,2869,0,11157,8907,17128,307,74,73,45,28,8536,8592,167,140,1.710991112,1.803201784,12.928270544,69.150831990,nan,nan,nan,nan,nan,0.000000000,2.520270995,1.561283018,0.014157966,0.020537002,1.717540959,0,0.500000000
196.699169636,19968,2789,0,11260,8708,17128,307,73,73,45,28,8536,8592,167,140,1.710991112,1.803201784,12.898831070,69.941001168,nan,nan,nan,nan,nan,0.000000000,3.659313021,2.065869048,0.016129983,0.024448032,2.260906040,0,0.500000000
196.798993587,19968,2813,0,11113,8855,17151,316,67,75,42,33,8300,8851,174,142,1.748018155,1.457736947,17.319816399,61.460916451,5.332946777,2,0.000000000,nan,nan,0.000000000,3.807706002,1.415962994,0.010811025,0.021515996,1.548230997,0,0.500000000
196.898966312,19872,2768,0,11151,8721,17151,316,79,79,44,35,8300,8851,174,142,1.748018155,1.457736947,16.511749190,69.786035646,nan,nan,nan,nan,nan,0.000000000,1.659808971,0.996790011,0.008479052,0.011508004,1.091777987,0,0.500000000
196.998879194,19872,2800,0,11083,8789,17068,312,76,77,42,35,8283,8785,171,141,1.760233554,1.519496306,15.978728349,62.555088646,6.479740143,2,0.000000000,nan,nan,0.000000000,4.619079002,2.055963967,0.018519931,0.042577973,2.262131951,0,0.500000000
197.099721670,19968,2776,0,11105,8863,17188,303,65,76,41,35,8329,8859,164,139,1.722310701,1.492968569,17.588734468,67.352464859,10.141849518,2,0.000000000,nan,nan,0.000000000,6.066366972,2.376285032,0.018736057,0.033149961,2.596476988,0,0.500000000
197.199017048,20064,2833,0,11256,8808,17227,310,71,68,37,31,8423,8804,168,142,1.703747678,1.538651567,13.824550765,63.613598538,nan,1,nan,nan,nan,0.000000000,4.376960977,1.793582982,0.013330951,0.032229000,1.956412045,0,0.500000000
197.299411058,19968,2867,0,11183,8785,17227,310,69,72,38,34,8423,8804,168,142,1.703747678,1.538651567,14.946632309,60.719513522,nan,nan,nan,nan,nan,0.000000000,1.649849000,0.983473030,0.007770956,0.019311032,1.077306981,0,0.500000000
197.403208494,19968,2806,0,11230,8738,17158,299,76,73,44,29,8423,8735,166,133,1.695188487,1.547399754,16.049439749,63.290881560,14.171838760,12,0.000000000,nan,nan,0.000000000,4.473206995,1.730117016,0.015921018,0.032093027,1.907700964,0,0.500000000
197.498893738,20064,2820,0,11260,8804,17240,296,66,67,40,27,8436,8804,164,132,1.766463091,1.503602896,11.026791017,66.728166798,nan,1,nan,nan,nan,0.000000000,2.777607995,1.068949990,0.009996991,0.034046010,1.192010008,0,0.500000000
197.599496841,19968,2773,0,11297,8671,17240,296,64,63,37,26,8436,8804,164,132,1.766463091,1.503602896,10.892921561,52.455255070,nan,nan,nan,nan,nan,0.000000000,1.678359986,0.946098997,0.007350056,0.016491977,1.044025004,0,0.500000000
197.698938131,19968,2857,0,11047,8921,17107,300,76,74,42,32,8195,8912,167,133,1.771145966,1.534468778,12.036583593,57.476633607,50.026178360,4,1.000000000,nan,nan,0.000000000,4.352935008,1.605280966,0.012976932,0.034386001,1.753051009,0,0.500000000
197.798811197,19968,2804,0,11318,8650,17160,303,79,74,43,31,8524,8636,173,130,1.703235015,1.628240484,9.125384496,76.467854042,4.094123840,2,0.000000000,nan,nan,0.000000000,2.840296947,1.087524113,0.009790005,0.017548038,1.195584016,0,0.500000000
197.899090528,20064,2820,0,11020,9044,17240,304,79,73,41,32,8213,9027,174,130,1.793903340,1.567305364,12.396700514,74.324540584,34.531116486,4,1.000000000,nan,nan,0.000000000,4.595750012,2.061148931,0.018897059,0.038218976,2.271624980,0,0.500000000
197.999400139,19584,2818,0,11346,8238,16762,314,80,88,52,36,8547,8215,181,133,1.721076983,1.543342421,13.911992632,104.109264107,nan,1,nan,nan,nan,0.000000000,3.701167996,1.643276133,0.016068923,0.026056950,1.816165983,0,0.500000000
198.100342274,20064,2711,0,10992,9072,16762,314,86,85,49,36,8547,8215,181,133,1.721076983,1.543342421,13.080414359,96.427401449,nan,nan,nan,nan,nan,0.000000000,5.675699038,3.415706917,0.025486981,0.042614993,3.693358973,0,0.500000000
198.199876547,20544,2885,0,11721,8823,16762,314,85,85,49,36,8547,8215,181,133,1.721076983,1.543342421,12.865693880,97.129107746,nan,nan,nan,nan,nan,0.000000000,4.927179019,2.817203989,0.019097002,0.032254029,3.027686034,0,0.500000000
198.299899101,19872,2768,0,11089,8783,17100,338,82,88,51,37,8431,8669,201,137,1.835289882,1.641903752,15.105624948,103.643517059,5.674839020,4,0.000000000,nan,nan,0.000000000,4.339835024,1.654213993,0.013459998,0.030329975,1.795779041,0,0.500000000
198.398885727,20064,2730,0,11394,8670,17100,338,82,81,46,35,8431,8669,201,137,1.835289882,1.641903752,14.662331582,86.572971131,nan,nan,nan,nan,nan,0.000000000,2.063962980,1.292352041,0.011823955,0.028764014,1.418846019,0,0.500000000
198.498938560,19968,2780,0,11120,8848,17184,355,91,82,52,30,8499,8685,215,140,1.847696084,1.674785017,14.798179559,104.435564913,nan,1,nan,nan,nan,0.000000000,6.768659048,2.750987012,0.022411055,0.035607023,2.978855046,0,0.500000000
198.598836660,20064,2842,0,11241,8823,17184,355,81,80,50,30,8499,8685,215,140,1.847696084,1.674785017,14.401013518,103.660040221,nan,nan,nan,nan,nan,0.000000000,2.323294990,1.376408909,0.010942982,0.017273996,1.500879996,0,0.500000000
198.700578213,20064,2964,0,11192,8872,17096,370,83,81,49,32,8400,8696,225,145,1.928508076,1.681393912,17.687053509,85.678517832,39.930582047,8,1.000000000,nan,nan,0.000000000,4.009625001,1.943091978,0.015709025,0.040265964,2.117853030,0,0.500000000
198.798923969,20064,3137,0,11414,8650,16923,388,98,93,56,37,8426,8497,235,153,1.985943623,1.689844928,18.402213151,94.291903322,5.938053131,6,0.000000000,nan,nan,0.000000000,4.804602009,1.946119126,0.016441976,0.029232004,2.102733008,0,0.500000000
198.898862123,20064,3189,0,11374,8690,16871,424,110,106,71,35,8354,8517,266,158,1.999232475,1.746323604,24.864275908,94.916141312,10.325431824,9,0.000000000,nan,nan,0.000000000,2.767430968,1.309136976,0.011713011,0.021895976,1.414708036,0,0.500000000
198.998885870,20352,3333,0,11501,8851,16871,424,110,108,72,36,8354,8517,266,158,1.999232475,1.746323604,24.865771401,92.107497571,nan,nan,nan,nan,nan,0.000000000,3.959842958,2.696158015,0.025964109,0.036665006,2.921152976,0,0.500000000
199.099900961,19968,3345,0,11233,8735,16619,447,120,114,69,45,8045,8574,277,170,1.992166907,1.883261010,28.043939022,96.853368685,5.704641342,2,0.000000000,nan,nan,0.000000000,5.503035965,3.040650976,0.028731942,0.040106010,3.293707967,0,0.500000000
199.198946238,20064,3443,0,11127,8937,16617,470,127,124,74,50,7833,8784,283,187,1.966146972,2.252062733,25.687192754,99.147109237,nan,1,nan,nan,nan,0.000000000,4.101733968,1.913904911,0.016948034,0.030882016,2.071021008,0,0.500000000
199.298902988,19968,3477,0,11225,8743,16487,465,111,117,64,53,7883,8604,272,193,1.711047023,2.551775505,25.227373091,86.175709459,nan,1,nan,nan,nan,0.000000000,6.778066978,3.773253935,0.035776873,0.069931964,4.097980971,0,0.500000000
199.398815155,20256,3550,0,11250,9006,16487,465,122,127,72,55,7883,8604,272,193,1.711047023,2.551775505,27.561654698,98.802209586,nan,nan,nan,nan,nan,0.000000000,9.299432975,6.704467058,0.060563965,0.077937962,7.221114007,0,0.500000000
199.499440193,19776,3677,0,11108,8668,16487,465,125,123,70,53,7883,8604,272,193,1.711047023,2.551775505,27.302270023,88.585390998,nan,nan,nan,nan,nan,0.000000000,6.208217004,3.681379952,0.031263975,0.036876998,3.931762010,0,0.500000000
199.598908186,20160,3821,0,11206,8954,16335,441,106,112,57,55,7529,8806,248,193,1.666188806,2.406127042,26.607275881,87.411788148,4.304170609,2,0.000000000,nan,nan,0.000000000,5.538645957,2.435735951,0.020161038,0.034808007,2.613364020,0,0.500000000
199.699053526,19872,4024,0,11279,8593,16335,441,114,115,59,56,7529,8806,248,193,1.666188806,2.406127042,28.867804417,90.451235516,nan,nan,nan,nan,nan,0.000000000,4.305496986,3.051903041,0.028925017,0.046394998,3.308638989,0,0.500000000
199.801639080,20064,4027,0,11057,9007,16033,451,110,111,55,56,7169,8864,251,200,1.672906472,2.642559390,25.836080704,82.558720207,24.591207504,3,1.000000000,nan,nan,0.000000000,6.203725992,3.468248877,0.031366013,0.062834995,3.746521019,0,0.500000000
199.898908138,19296,4154,0,10869,8427,15138,460,114,115,55,60,6851,8287,256,204,1.538333213,2.693052806,22.360781564,94.505917757,5.721330643,2,0.000000000,nan,nan,0.000000000,8.219001989,4.704139952,0.044039974,0.136663031,5.095190019,0,0.500000000
199.999894857,20736,4370,0,11552,9184,16362,462,127,127,65,62,7314,9048,260,202,1.718878696,2.725211697,26.297661765,116.773330398,5.107879639,2,0.000000000,nan,nan,0.000000000,3.980061971,2.231519029,0.022294000,0.040649029,2.416600008,0,0.500000000
200.098984718,19968,4575,0,11300,8668,15389,456,126,129,66,63,6842,8547,256,200,1.666963676,2.717854704,23.377066519,99.862189095,55.638551712,6,1.000000000,nan,nan,0.000000000,9.397655027,5.340676988,0.047576032,0.073314004,5.729382974,0,0.500000000
200.198888540,20064,4835,0,11275,8789,15389,456,131,130,67,63,6842,8547,256,200,1.666963676,2.717854704,24.849690650,97.901589277,nan,nan,nan,nan,nan,0.000000000,3.545708023,2.139822929,0.014137942,0.019475992,2.251928963,0,0.500000000
200.299029827,20160,5051,0,11564,8596,15105,471,127,127,64,63,6593,8512,270,201,1.924795276,2.785968294,27.660534600,104.745460735,nan,1,nan,nan,nan,0.000000000,5.640967051,2.689796966,0.022782944,0.050575007,2.877001010,0,0.500000000
200.399408817,19776,5077,0,11043,8733,15105,471,135,136,70,66,6593,8512,270,201,1.924795276,2.785968294,28.697823206,113.137885473,nan,nan,nan,nan,nan,0.000000000,2.162620018,1.501988969,0.014826946,0.020916981,1.618771988,0,0.500000000
200.498871803,19968,5383,0,11324,8644,14581,487,119,129,59,70,5991,8590,270,217,1.859815614,2.856147589,30.092727097,115.226940002,39.302110672,7,1.000000000,nan,nan,0.000000000,3.756591992,1.885592064,0.015565078,0.048146001,2.016189042,0,0.500000000
200.599040508,20256,5612,0,11378,8878,14640,487,141,138,67,71,5805,8835,277,210,1.860800362,2.835037073,25.633416195,139.945832746,nan,1,nan,nan,nan,0.000000000,5.093481042,3.251157061,0.034875004,0.053882017,3.483525012,0,0.500000000
200.699805021,19872,5598,0,11096,8776,14270,475,144,142,64,78,5534,8736,260,215,1.773222195,2.901669864,33.378207741,113.672053289,5.440473557,2,0.000000000,nan,nan,0.000000000,2.812822000,1.546140993,0.015664031,0.026519992,1.665999996,0,0.500000000
200.799237728,19872,5737,0,11198,8674,14131,505,135,125,55,70,5508,8623,279,226,1.746008615,2.913786993,23.007198595,110.441179008,5.403280258,2,0.000000000,nan,nan,0.000000000,2.822154958,1.588343061,0.013892015,0.027025992,1.703116985,0,0.500000000
200.898901939,20064,5669,0,11131,8933,14391,514,132,144,63,81,5564,8827,278,236,1.790872585,2.912419120,36.787367659,115.125801578,59.928894043,8,1.000000000,nan,nan,0.000000000,8.022874012,3.469678981,0.029674964,0.037777994,3.709525045,0,0.500000000
200.998927832,20160,5959,0,11493,8667,14197,525,132,141,69,72,5731,8466,295,230,1.721119693,2.924013627,28.616219479,124.391289881,nan,1,nan,nan,nan,0.000000000,5.964030977,3.621235024,0.033662945,0.080315978,3.909388033,0,0.500000000
201.099338293,19872,5665,0,11333,8539,14197,525,144,141,69,72,5731,8466,295,230,1.721119693,2.924013627,27.329089520,128.784545082,nan,nan,nan,nan,nan,0.000000000,5.121927999,3.547741973,0.031011936,0.050254981,3.784061992,0,0.500000000
201.198987484,20064,5950,0,11557,8507,14197,525,141,141,70,71,5731,8466,295,230,1.721119693,2.924013627,27.264531742,128.261422970,nan,nan,nan,nan,nan,0.000000000,3.606228973,2.612627053,0.025864050,0.050014991,2.813911997,0,0.500000000
201.299495697,19296,5717,0,11365,7931,13575,477,135,130,63,67,5921,7654,276,201,1.857896390,2.960908562,23.770537906,120.955485539,nan,1,nan,nan,nan,0.000000000,2.666704007,1.509396941,0.014406047,0.026151014,1.625933044,0,0.500000000
201.398125172,20256,6293,0,11736,8520,13959,476,128,128,63,65,5788,8171,282,194,2.119293559,2.876320786,22.767723619,107.341416072,19.689083099,3,1.000000000,nan,nan,0.000000000,7.306924032,3.659376933,0.031396979,0.043242995,3.918404982,0,0.500000000
201.499042988,20448,6719,0,12457,7991,13725,479,127,136,68,68,6045,7680,284,195,2.060014780,2.949776916,28.778164431,123.897706265,nan,1,nan,nan,nan,0.000000000,6.398040976,3.905076068,0.039118982,0.067032001,4.213217006,0,0.500000000
201.599801302,19872,6489,0,11875,7997,13379,484,138,136,69,67,5697,7682,286,198,2.372358787,2.901916517,26.365118058,97.280940902,23.410081863,8,1.000000000,nan,nan,0.000000000,2.763448050,1.530429057,0.014977995,0.029675022,1.655758999,0,0.500000000
201.699379444,20064,6961,0,12362,7702,13099,495,141,134,64,70,5747,7352,297,198,2.417392172,2.932977617,27.413550304,105.436405547,49.906969070,2,1.000000000,nan,nan,0.000000000,5.235379969,2.799151989,0.030120078,0.094421033,3.044116020,0,0.500000000
201.798904419,19968,6819,0,12117,7851,13145,481,131,133,68,65,5643,7502,289,192,2.507557538,2.886934913,26.891112737,115.009738593,4.914760590,2,0.000000000,nan,nan,0.000000000,2.925181994,1.566357038,0.015304948,0.026285998,1.685454976,0,0.500000000
201.898818016,20064,7109,0,12371,7693,12951,498,133,133,69,64,5653,7298,307,191,2.570310385,2.901059447,21.617445851,122.662867607,39.939641953,3,1.000000000,nan,nan,0.000000000,6.529250997,3.266520042,0.028857088,0.043835025,3.496229998,0,0.500000000
201.999429464,20064,7036,0,12286,7778,13024,490,133,138,74,64,5595,7429,298,192,2.638467688,2.832930754,25.568799157,170.181788394,70.306539536,4,1.000000000,nan,nan,0.000000000,2.731572022,1.536535041,0.014496909,0.023081026,1.650844002,0,0.500000000
202.099378824,19776,7205,0,12410,7366,13024,490,134,134,72,62,5595,7429,298,192,2.638467688,2.832930754,24.845491922,154.327167187,nan,nan,nan,nan,nan,0.000000000,2.388367022,1.746503985,0.012341014,0.023978006,1.848744985,0,0.500000000
202.201576471,20064,7223,0,12446,7618,13024,490,134,134,72,62,5595,7429,298,192,2.638467688,2.832930754,24.845491921,154.327303895,nan,nan,nan,nan,nan,0.000000000,4.102823033,3.216789046,0.019358005,0.035088975,3.381174989,0,0.500000000
202.298781395,19968,7316,0,12478,7490,12648,507,134,142,73,69,5557,7091,322,185,2.721209417,2.771691655,28.938021534,182.626113773,nan,1,nan,nan,nan,0.000000000,4.729103006,2.932664007,0.030036957,0.054381962,3.161038039,0,0.500000000
202.401568174,20064,7472,0,12698,7366,12648,507,133,132,68,64,5557,7091,322,185,2.721209417,2.771691655,25.683851112,163.046484603,nan,nan,nan,nan,nan,0.000000000,4.288933997,3.047363018,0.025365909,0.033347984,3.248800989,0,0.500000000
202.498817444,19968,7356,0,12586,7382,12648,507,134,133,69,64,5557,7091,322,185,2.721209417,2.771691655,26.320884064,163.790898676,nan,nan,nan,nan,nan,0.000000000,2.274869999,1.635165012,0.014863035,0.020648004,1.761645952,0,0.500000000
202.598753452,19968,7476,0,12772,7196,12488,523,139,142,83,59,5672,6816,344,179,2.830370901,2.716322909,21.830656175,171.242185749,5.617141724,2,0.000000000,nan,nan,0.000000000,6.359494000,4.064243985,0.038484926,0.080961967,4.366273002,0,0.500000000
202.701126099,20064,7548,0,12840,7224,12488,523,138,140,79,61,5672,6816,344,179,2.830370901,2.716322909,21.957243968,177.203417794,nan,nan,nan,nan,nan,0.000000000,4.164531012,2.982758044,0.025165966,0.044013024,3.172910016,0,0.500000000
202.798887491,20064,7686,0,12999,7065,12488,523,138,136,76,60,5672,6816,344,179,2.830370901,2.716322909,20.949831550,171.363864552,nan,nan,nan,nan,nan,0.000000000,2.189779945,1.618988987,0.014873047,0.021106971,1.733442012,0,0.500000000
202.902358294,19872,7493,0,12786,7086,12375,531,144,153,88,65,5746,6629,353,178,2.851560377,2.317186654,27.205768310,179.678386999,nan,1,nan,nan,nan,0.000000000,6.114554009,3.639405011,0.036073965,0.066404988,3.899141040,0,0.500000000
202.998731852,20064,7559,0,13036,7028,12501,535,145,138,77,61,5967,6534,359,176,2.798374033,2.625643373,26.347354256,172.008279621,63.853263855,5,1.000000000,nan,nan,0.000000000,2.995305986,1.697975909,0.015355996,0.025640999,1.815482043,0,0.500000000
203.098869324,20160,7602,0,12950,7210,12554,540,147,147,89,58,5898,6656,366,174,2.872421508,1.960194017,27.418045479,179.537989285,19.887208939,4,1.000000000,nan,nan,0.000000000,4.320239008,2.408457047,0.020171923,0.037238002,2.563838963,0,0.500000000
203.199273825,19776,7594,0,13069,6707,12178,542,133,135,78,57,6094,6084,373,169,2.829160092,2.238146480,24.224750500,199.178342881,nan,1,nan,nan,nan,0.000000000,3.285918967,2.071988012,0.018757943,0.031307980,2.220018010,0,0.500000000
203.298828125,20256,7708,0,13301,6955,12544,536,145,149,90,59,6255,6289,369,167,2.886798360,1.882566284,29.203709235,205.102751596,19.896507263,3,1.000000000,nan,nan,0.000000000,2.981666010,1.724594040,0.015935919,0.031885051,1.850541972,0,0.500000000
203.399572849,19968,7521,0,13194,6774,12544,536,147,146,85,61,6255,6289,369,167,2.886798360,1.882566284,29.347363283,205.427369923,nan,nan,nan,nan,nan,0.000000000,4.093135998,3.129558987,0.030618976,0.034850964,3.359967028,0,0.500000000
203.499253750,19968,7523,0,13146,6822,12544,536,146,146,85,61,6255,6289,369,167,2.886798360,1.882566284,29.221577945,205.511318012,nan,nan,nan,nan,nan,0.000000000,6.597200001,4.854335915,0.033066957,0.042736006,5.108074984,0,0.500000000
203.599490404,19872,7415,0,13121,6751,12453,541,119,123,77,46,6543,5910,388,153,2.801583853,1.766853596,18.969315319,155.892412934,5.780696869,3,0.000000000,nan,nan,0.000000000,2.957926015,1.674549014,0.012905977,0.032690994,1.799768012,0,0.500000000
203.698838711,20160,7677,0,13439,6721,12479,529,134,125,82,43,6611,5868,383,146,2.845388153,1.642318262,19.757259367,187.479273280,4.700899124,2,0.000000000,nan,nan,0.000000000,7.499660016,4.601980036,0.042386993,0.061771017,4.983721010,0,0.500000000
203.799220085,19968,7320,0,13199,6769,12644,532,123,128,83,45,6780,5864,384,148,2.799785450,1.662255336,20.072257162,184.026504249,5.370616913,4,0.000000000,nan,nan,0.000000000,7.814601995,3.499854938,0.014454010,0.027872971,3.627103986,0,0.500000000
203.899361134,19872,7280,0,13279,6593,12588,537,129,137,93,44,6910,5678,391,146,2.840736707,1.594278987,22.898120472,186.894126743,4.962682724,2,0.000000000,nan,nan,0.000000000,4.094312957,2.579415974,0.023388071,0.035297009,2.765187004,0,0.500000000
203.998918056,19680,7079,0,13151,6529,12588,537,138,139,95,44,6910,5678,391,146,2.840736707,1.594278987,21.880139072,196.189796466,nan,nan,nan,nan,nan,0.000000000,3.049278050,2.218294947,0.018733961,0.027047005,2.367555047,0,0.500000000
204.099113464,20448,7200,0,13481,6967,12588,537,139,140,96,44,6910,5678,391,146,2.840736707,1.594278987,22.061623415,202.498701166,nan,nan,nan,nan,nan,0.000000000,2.309438016,1.691852056,0.015093945,0.018291001,1.820730977,0,0.500000000
204.200009584,19968,6910,0,13231,6737,13054,546,138,141,90,51,7196,5858,389,157,2.795325452,1.695671656,26.618732135,188.425868067,55.931806564,6,1.000000000,nan,nan,0.000000000,3.031871049,1.760018000,0.014937017,0.023844012,1.876750961,0,0.500000000
204.299039841,20064,6736,0,13453,6611,13324,558,136,140,93,47,7558,5766,397,161,2.802189000,1.918521432,27.284851022,202.772730964,14.783382416,3,0.000000000,nan,nan,0.000000000,3.134371014,1.751692034,0.014946912,0.020933046,1.868150022,0,0.500000000
204.399259329,19968,6584,0,13121,6847,13380,571,135,131,84,47,7352,6028,399,172,2.767059746,1.805797269,22.138175890,189.516392085,6.051778793,9,0.000000000,nan,nan,0.000000000,3.765801957,2.388280933,0.021060929,0.052992953,2.592263976,0,0.500000000
204.499568462,19872,6370,0,13132,6740,13380,571,132,132,85,47,7352,6028,399,172,2.767059746,1.805797269,21.490288070,185.842219972,nan,nan,nan,nan,nan,0.000000000,8.733490016,6.682695996,0.059722981,0.112167967,7.162577007,0,0.500000000
204.599027395,20160,6427,0,13136,7024,13729,561,137,137,92,45,7470,6259,386,175,2.766555943,1.953433872,26.009267353,186.273075192,29.696702957,3,1.000000000,nan,nan,0.000000000,3.322770004,1.862564939,0.015091966,0.025161018,1.981197041,0,0.500000000
204.699373245,19776,5864,0,12957,6819,13729,561,139,139,94,45,7470,6259,386,175,2.766555943,1.953433872,27.262451668,200.435475083,nan,nan,nan,nan,nan,0.000000000,3.561091027,2.755102934,0.024609093,0.039540988,2.947854984,0,0.500000000
204.800633907,20064,5922,0,12858,7206,14138,570,128,136,90,46,7617,6521,388,182,2.727012290,1.967028680,22.328294095,202.692345768,31.847715378,8,1.000000000,nan,nan,0.000000000,6.657288002,3.378696041,0.024919107,0.039419043,3.575035022,0,0.500000000
204.898807049,19968,5558,0,12882,7086,14406,567,127,125,83,42,7928,6478,388,179,2.665113584,2.139112246,20.936119053,180.462462601,nan,1,nan,nan,nan,0.000000000,7.681577001,4.881289904,0.039385981,0.091354013,5.224728025,0,0.500000000
205.000559568,20160,5473,0,12781,7379,14406,567,127,128,85,43,7928,6478,388,179,2.665113584,2.139112246,19.883594317,172.054878760,nan,nan,nan,nan,nan,0.000000000,7.713622006,5.738460983,0.035069999,0.023518980,6.019455963,0,0.500000000
205.099706173,19872,5278,0,12784,7088,14406,567,130,129,84,45,7928,6478,388,179,2.665113584,2.139112246,21.301489952,168.882188938,nan,nan,nan,nan,nan,0.000000000,5.278938042,3.636176058,0.027716917,0.045977999,3.853447968,0,0.500000000
205.198879480,19584,5181,0,12703,6881,14406,567,124,122,77,45,7928,6478,388,179,2.665113584,2.139112246,18.210150264,167.149481147,nan,nan,nan,nan,nan,0.000000000,4.823793017,3.553322982,0.028993003,0.050411036,3.800278995,0,0.500000000
205.300734997,20544,5196,0,13023,7521,15344,575,130,130,81,49,8393,6951,389,186,2.666068741,2.060268170,19.113124079,188.289911595,90.062618256,3,1.000000000,nan,nan,0.000000000,3.346316051,1.805091044,0.013887940,0.031736970,1.920590003,0,0.500000000
205.399372101,19776,5031,0,12634,7142,15344,575,126,128,81,47,8393,6951,389,186,2.666068741,2.060268170,19.533916376,194.876500564,nan,nan,nan,nan,nan,0.000000000,3.922057978,2.874199999,0.024465029,0.043383974,3.072316991,0,0.500000000
205.500608683,20064,4960,0,12823,7241,15100,570,113,122,82,40,8437,6663,385,185,2.630382817,2.059881057,21.539145570,187.255441372,nan,1,nan,nan,nan,0.000000000,3.412118996,1.867660030,0.012672972,0.047881040,1.980562054,0,0.500000000
205.598944426,20064,4854,0,12929,7135,15206,564,107,108,71,37,8584,6622,373,191,2.580834190,2.024300735,15.476721407,157.783611557,5.462646484,2,0.000000000,nan,nan,0.000000000,5.051856046,3.094688058,0.021263899,0.069410016,3.286154009,0,0.500000000
205.699213505,19776,4731,0,12490,7286,15041,557,124,127,89,38,8263,6778,376,181,2.624886273,2.043211881,19.016515964,200.694507268,11.032819748,3,0.000000000,nan,nan,0.000000000,7.268568035,3.658756963,0.026193913,0.057925005,3.879861033,0,0.500000000
205.799105883,20256,4731,0,12984,7272,15521,549,110,103,64,39,8753,6768,364,185,2.553100304,1.987017964,15.647169371,148.478614015,3.058671951,2,0.000000000,nan,nan,0.000000000,3.088878992,1.686925010,0.011735945,0.026069989,1.795804012,0,0.500000000
205.899002075,19968,4497,0,12478,7490,15467,562,129,136,89,47,8385,7082,382,180,2.641522402,1.910430463,22.351260639,219.165984229,5.746603012,2,0.000000000,nan,nan,0.000000000,7.637341041,4.748803040,0.043385080,0.040377025,5.089259997,0,0.500000000
206.000546217,19872,4015,0,12390,7482,15853,568,115,109,70,39,8780,7073,377,191,2.562551451,1.874315866,16.619801155,163.859735199,2.144098282,2,0.000000000,nan,nan,0.000000000,4.860218032,2.657771984,0.015708036,0.047835987,2.817419998,0,0.500000000
206.098926067,20160,4071,0,12506,7654,16085,574,114,117,84,33,8742,7343,389,185,2.581489819,1.776103932,18.062030206,192.898211614,5.574464798,2,0.000000000,nan,nan,0.000000000,3.833121969,2.301860019,0.017295009,0.049851020,2.453773981,0,0.500000000
206.198856831,20064,3855,0,12314,7750,16205,571,108,113,72,41,8789,7416,383,188,2.543844673,1.664810706,17.797268571,170.447725102,10.157823563,3,0.000000000,nan,nan,0.000000000,5.792457028,2.781670948,0.017806073,0.047011999,2.941977000,0,0.500000000
206.300683737,19680,3606,0,12046,7634,16070,578,133,124,81,43,8696,7374,383,195,2.589876195,1.584266917,19.355029887,203.168384047,nan,1,nan,nan,nan,0.000000000,5.705693038,3.338071052,0.028290960,0.083946041,3.569071006,0,0.500000000
206.399049520,20064,3934,0,12111,7953,16070,578,124,123,82,41,8696,7374,383,195,2.589876195,1.584266917,19.298624600,204.006647980,nan,nan,nan,nan,nan,0.000000000,7.398638001,5.190796976,0.028885028,0.020480948,5.427099008,0,0.500000000
206.499258995,19872,3836,0,12227,7645,16070,578,125,126,84,42,8696,7374,383,195,2.589876195,1.584266917,20.465737629,206.125852855,nan,nan,nan,nan,nan,0.000000000,3.287014959,2.256024920,0.017564977,0.023564033,2.394292969,0,0.500000000
206.598818302,19968,3845,0,12213,7755,16119,564,121,125,83,42,8536,7583,389,175,2.623326144,1.317683192,16.424156778,210.602953670,71.983098984,4,1.000000000,nan,nan,0.000000000,3.696627973,1.890366024,0.013903016,0.029309012,2.007314004,0,0.500000000
206.699537754,19968,3758,0,12298,7670,16206,573,120,116,75,41,8701,7505,393,180,2.618479147,1.321977670,18.320316943,149.685590376,29.951572418,4,1.000000000,nan,nan,0.000000000,7.578362012,3.959290974,0.027764007,0.046850997,4.189701984,0,0.500000000
206.798812628,19968,3653,0,12167,7801,16311,551,129,124,82,42,8616,7695,373,178,2.615265330,1.310133170,19.796521424,196.077973607,10.002136230,4,0.000000000,nan,nan,0.000000000,3.146977979,1.741218031,0.014618039,0.037878985,1.858689997,0,0.500000000
206.898815155,19968,3592,0,12140,7828,16372,556,137,129,87,42,8636,7736,378,178,2.610085375,1.313573729,23.903653433,182.064438421,70.059299469,5,1.000000000,nan,nan,0.000000000,3.160583961,1.744439011,0.014448015,0.026365975,1.865365019,0,0.500000000
207.001008987,19872,3438,0,11941,7931,16430,546,125,127,81,46,8551,7879,366,180,2.589997213,1.307153766,20.376701453,176.060603411,2.290487289,2,0.000000000,nan,nan,0.000000000,10.907941032,5.097967980,0.037939986,0.060843013,5.403915013,0,0.500000000
207.098659754,19968,3405,0,11976,7992,16430,546,127,130,82,48,8551,7879,366,180,2.589997213,1.307153766,22.595757342,196.725704104,nan,nan,nan,nan,nan,0.000000000,4.026020004,2.751414955,0.021474028,0.045477005,2.922033018,0,0.500000000
207.198913097,20256,3299,0,12140,8116,16430,546,129,130,84,46,8551,7879,366,180,2.589997213,1.307153766,21.586192817,195.785624635,nan,nan,nan,nan,nan,0.000000000,2.544080024,1.790965965,0.015033002,0.024961017,1.914756023,0,0.500000000
207.299346685,19968,3337,0,11839,8129,16627,546,125,119,70,49,8499,8128,362,184,2.570469454,1.308796219,16.156254613,166.227500576,nan,1,nan,nan,nan,0.000000000,7.403516036,4.230448976,0.032611948,0.034133962,4.477759008,0,0.500000000
207.399236917,19872,3087,0,11784,8088,16781,539,125,124,76,48,8697,8084,357,182,2.545536674,1.330766652,17.962429074,173.570177319,5.563259125,2,0.000000000,nan,nan,0.000000000,3.145065974,1.727205934,0.013339042,0.022716995,1.840841025,0,0.500000000
207.501399994,20064,3130,0,11607,8457,16930,542,120,120,68,52,8477,8453,361,181,2.527617964,1.327913759,19.843266803,146.354309599,54.412603378,7,1.000000000,nan,nan,0.000000000,4.914215999,2.554772072,0.018401945,0.032720971,2.714595001,0,0.500000000
207.602268219,19872,2940,0,11656,8216,16930,542,127,127,73,54,8477,8453,361,181,2.527617964,1.327913759,20.825911262,157.566117279,nan,nan,nan,nan,nan,0.000000000,4.568714008,3.323591081,0.026950031,0.046020024,3.554124036,0,0.500000000
207.699644327,19680,2960,0,11463,8217,16716,534,115,117,77,40,8502,8214,357,177,2.514424761,1.334891518,18.487695204,149.390239257,30.928850174,10,1.000000000,nan,nan,0.000000000,3.286322986,1.675508043,0.012470002,0.024812005,1.785177039,0,0.500000000
207.799848080,19488,2813,0,11347,8141,16671,542,127,128,84,44,8534,8137,360,182,2.507780348,1.367492958,18.434629486,171.708945716,8.003234863,24,0.000000000,nan,nan,0.000000000,7.670737978,4.573205078,0.037909020,0.069629983,4.872423015,0,0.500000000
207.900527239,20544,3021,0,11673,8871,17519,532,114,115,70,45,8648,8871,350,182,2.522141175,1.342018315,15.940463545,169.752894449,30.090570450,4,1.000000000,nan,nan,0.000000000,7.218950952,3.621001961,0.027547008,0.065220986,3.861625039,0,0.500000000
207.999550819,19872,3002,0,11667,8205,17519,532,113,112,70,42,8648,8871,350,182,2.522141175,1.342018315,15.378430523,168.307442694,nan,nan,nan,nan,nan,0.000000000,3.681425995,2.474302019,0.017277896,0.029104005,2.625680994,0,0.500000000
208.098826408,19776,2794,0,11247,8529,17519,532,111,111,70,41,8648,8871,350,182,2.522141175,1.342018315,15.325309483,165.373305249,nan,nan,nan,nan,nan,0.000000000,3.530025017,2.518673020,0.019916042,0.036857033,2.694424998,0,0.500000000
208.199445248,20160,3012,0,11695,8465,17144,546,114,114,70,44,8682,8462,352,194,2.469190364,1.412898110,16.105403763,138.424423432,144.050598145,3,1.000000000,nan,nan,0.000000000,6.129804999,3.024476988,0.021321990,0.058314996,3.220332030,0,0.500000000
208.299537182,19968,2713,0,11236,8732,17251,532,111,114,68,46,8519,8732,334,198,2.521360685,1.380754709,15.374032730,149.144999199,nan,1,nan,nan,nan,0.000000000,3.127814969,1.693823899,0.012339966,0.025137037,1.804754953,0,0.500000000
208.398804426,20256,3067,0,11831,8425,17251,532,113,116,68,48,8519,8732,334,198,2.521360685,1.380754709,14.981667146,155.471004634,nan,nan,nan,nan,nan,0.000000000,6.513556989,4.815553955,0.038916944,0.071001996,5.149734032,0,0.500000000
208.499312639,19200,2656,0,10517,8683,16540,527,114,112,65,47,7860,8680,327,200,2.464177602,1.416697568,16.068095981,143.262962815,5.805492401,2,0.000000000,nan,nan,0.000000000,3.168055031,1.655553060,0.012570934,0.023502042,1.764715009,0,0.500000000
208.599371195,20832,3137,0,12059,8773,17691,536,119,114,70,44,8922,8769,346,190,2.475069637,1.510160944,11.703752206,152.299247702,6.252527237,4,0.000000000,nan,nan,0.000000000,5.478470994,2.715211071,0.019382976,0.032617012,2.877067018,0,0.500000000
208.700543404,19872,2795,0,11107,8765,17073,524,123,124,77,47,8312,8761,329,195,2.487783200,1.491907220,20.130111057,162.612942512,64.145565033,8,1.000000000,nan,nan,0.000000000,5.262424005,2.520908078,0.019244035,0.030570023,2.680035948,0,0.500000000
208.799311161,19872,2925,0,11278,8594,16943,540,118,109,71,38,8353,8590,345,195,2.438748376,1.538962470,14.079471397,149.089175851,5.875825882,2,0.000000000,nan,nan,0.000000000,3.495916026,1.768663002,0.012624019,0.021690968,1.877725008,0,0.500000000
208.899368763,20160,2843,0,11213,8947,17313,515,115,116,70,46,8369,8944,323,192,2.475493738,1.579573648,16.316833594,164.115148025,nan,1,nan,nan,nan,0.000000000,3.175391990,1.634030952,0.012428034,0.022211985,1.743069035,0,0.500000000
208.999247789,19872,2983,0,11298,8574,16885,528,111,113,71,42,8311,8574,334,194,2.434142625,1.599058340,16.413764945,149.555013507,19.833087921,7,1.000000000,nan,nan,0.000000000,3.508521011,1.978771994,0.015372003,0.037460995,2.116151038,0,0.500000000
209.098830700,19968,2841,0,11253,8715,17123,526,121,117,70,47,8408,8715,333,193,2.443101780,1.636443144,17.314938403,163.867300717,36.035060883,4,1.000000000,nan,nan,0.000000000,3.389786987,1.705792965,0.012895034,0.019365049,1.816270000,0,0.500000000
209.198836803,20256,2930,0,11533,8723,17322,527,110,110,69,41,8599,8723,334,193,2.412393134,1.671987136,16.105044679,146.027986954,6.496667862,2,0.000000000,nan,nan,0.000000000,3.108622041,1.649103069,0.012014993,0.021483982,1.755912963,0,0.500000000
209.299196720,19776,2810,0,11074,8702,16962,506,115,113,67,46,8264,8698,315,191,2.386818576,1.702332574,20.196538002,150.555890779,4.417657852,2,0.000000000,nan,nan,0.000000000,4.390084010,2.091169998,0.013461045,0.033578021,2.212253981,0,0.500000000
209.399109602,20064,2811,0,11102,8962,17249,520,110,107,67,40,8287,8962,325,195,2.401164095,1.726057359,14.773331506,136.439990983,29.737234116,3,1.000000000,nan,nan,0.000000000,8.514047018,5.016677082,0.038470025,0.076583994,5.367721024,0,0.500000000
209.498830080,20160,2867,0,11203,8957,17249,520,112,111,68,43,8287,8962,325,195,2.401164095,1.726057359,18.087443603,139.131096541,nan,nan,nan,nan,nan,0.000000000,4.740445002,3.201657091,0.022321998,0.032071956,3.398408997,0,0.500000000
209.599440575,19968,2679,0,10892,9076,17285,504,98,103,64,39,8213,9072,314,190,2.391404593,1.776521855,17.652929433,149.333172958,5.395889282,3,0.000000000,nan,nan,0.000000000,3.598565992,1.744859037,0.011742988,0.028013019,1.855656039,0,0.500000000
209.699259043,20064,2907,0,11294,8770,17153,501,100,100,66,34,8387,8766,316,185,2.353208028,1.815215642,15.725492531,133.912088167,nan,1,nan,nan,nan,0.000000000,7.182361034,4.098128004,0.028286013,0.075231947,4.371757968,0,0.500000000
209.800568342,19776,2671,0,10724,9052,17153,501,100,103,70,33,8387,8766,316,185,2.353208028,1.815215642,17.049555319,141.087243885,nan,nan,nan,nan,nan,0.000000000,8.442050952,5.742572015,0.026931113,0.048162008,6.068204006,0,0.500000000
209.898882627,20256,2999,0,11609,8647,17253,515,98,96,58,38,8606,8647,330,185,2.322439635,1.837164652,15.187278424,131.741292185,nan,1,nan,nan,nan,0.000000000,5.238907994,2.906926966,0.018448045,0.040119980,3.097471024,0,0.500000000
209.999297380,19968,2709,0,10907,9061,17255,505,96,103,65,38,8194,9061,313,192,2.375337083,1.813387464,20.214817092,141.384204420,9.459018707,3,0.000000000,nan,nan,0.000000000,3.232547024,1.626041019,0.011441007,0.027336006,1.743116009,0,0.500000000
210.100247383,19680,2869,0,10939,8741,17255,505,104,108,69,39,8194,9061,313,192,2.375337083,1.813387464,19.911650178,162.778951980,nan,nan,nan,nan,nan,0.000000000,2.642900043,1.856772054,0.015308033,0.026061025,1.992669015,0,0.500000000
210.197521210,20256,2855,0,11126,9130,17397,502,111,94,64,30,8267,9130,306,196,2.319833402,1.855392822,14.287044628,116.585729067,70.402383804,2,1.000000000,nan,nan,0.000000000,5.923254008,2.768532082,0.019538042,0.034841010,2.940753999,0,0.500000000
210.298817396,20160,2913,0,11082,9078,17397,502,103,101,67,34,8267,9130,306,196,2.319833402,1.855392822,19.002443702,115.737410571,nan,nan,nan,nan,nan,0.000000000,2.221896022,1.533440023,0.011144031,0.018037972,1.637131034,0,0.500000000
210.399421930,19776,2801,0,10865,8911,17397,502,101,101,66,35,8267,9130,306,196,2.319833402,1.855392822,19.967823969,115.168562628,nan,nan,nan,nan,nan,0.000000000,3.647647973,2.582699934,0.018863939,0.035064993,2.766877995,0,0.500000000
210.599776983,20064,2856,0,11061,9003,17204,486,119,105,58,47,8201,9003,291,195,2.261010616,1.943238807,19.172218146,119.400572772,91.340303421,27,1.000000000,nan,nan,0.000000000,3.180733998,1.633063948,0.013966113,0.032903976,1.752322016,0,0.500000000
210.702292442,19776,2697,0,10769,9007,17075,483,95,96,58,38,8068,9007,281,202,2.235272365,1.993005026,13.139517429,75.129463840,6.465911865,7,0.000000000,nan,nan,0.000000000,7.762993977,4.060934938,0.024547917,0.035331002,4.314960039,0,0.500000000
210.902544975,19296,2187,0,10167,9129,17105,484,108,109,74,35,7976,9129,285,199,2.238109751,2.025280448,18.485737811,135.234419901,8.950948715,46,0.000000000,nan,nan,0.000000000,5.304896971,2.177491027,0.016193022,0.029227987,2.323217981,0,0.500000000
210.998749018,20064,2625,0,10848,9216,17435,491,104,105,60,45,8219,9216,282,209,2.157168012,2.065329511,15.383466435,146.437762371,19.933462143,7,1.000000000,nan,nan,0.000000000,6.021806970,2.685293905,0.018712017,0.046548026,2.858670021,0,0.500000000
211.099191427,19968,2512,0,10692,9276,17452,492,88,97,65,32,8179,9273,282,210,2.133399203,2.085007618,15.928978040,147.317434988,9.926557541,5,0.000000000,nan,nan,0.000000000,8.105789020,2.745907928,0.010843913,0.027191010,2.849330020,0,0.500000000
211.300022125,19968,2970,0,11058,8910,16994,479,108,102,64,38,8084,8910,276,203,1.975717619,2.192774343,15.579446402,135.261687533,119.828939438,7,1.000000000,nan,nan,0.000000000,6.619043997,2.934529970,0.022329041,0.029015995,3.130054974,0,0.500000000
211.400213957,20256,3028,0,10949,9307,17224,486,110,113,61,52,7917,9307,273,213,1.946387412,2.163223068,18.366727022,163.923703444,nan,1,nan,nan,nan,0.000000000,3.976714041,2.252559003,0.019415922,0.026182039,2.422446967,0,0.500000000
211.499124765,19968,2995,0,10968,9000,16969,462,96,98,58,40,7973,8996,266,196,1.856296039,2.240727585,15.764170143,127.357113436,50.751924515,4,1.000000000,nan,nan,0.000000000,6.784200959,3.218572994,0.018569990,0.035105972,3.397704975,0,0.500000000
211.598816395,20064,3016,0,10709,9355,17044,478,106,100,57,43,7693,9351,269,209,1.808752597,2.211343699,12.854509382,118.093955342,nan,1,nan,nan,nan,0.000000000,11.454013002,5.052027060,0.033198972,0.049769995,5.365149991,0,0.500000000
211.700145006,19872,3033,0,10975,8897,17044,478,101,102,56,46,7693,9351,269,209,1.808752597,2.211343699,13.972150959,121.530290340,nan,nan,nan,nan,nan,0.000000000,3.909517021,2.528711979,0.017712999,0.021873042,2.693468996,0,0.500000000
211.801419973,20256,3205,0,11000,9256,17047,473,115,112,60,52,7795,9252,267,206,1.786100255,2.282526578,19.049968636,151.356855320,110.528469086,4,1.000000000,nan,nan,0.000000000,4.018759006,2.171990927,0.018667954,0.035509991,2.339609957,0,0.500000000
211.899232626,20160,3259,0,11316,8844,17047,473,112,113,63,50,7795,9252,267,206,1.786100255,2.282526578,18.445905647,148.612852760,nan,nan,nan,nan,nan,0.000000000,4.096129967,2.685134008,0.021464017,0.042025989,2.871770994,0,0.500000000
211.999277592,20064,3344,0,11022,9042,17047,473,113,113,63,50,7795,9252,267,206,1.786100255,2.282526578,17.672445833,152.636923159,nan,nan,nan,nan,nan,0.000000000,2.132715017,1.462256070,0.012251025,0.020692998,1.569983026,0,0.500000000
212.099435329,20064,3419,0,11143,8921,17047,473,114,114,64,50,7795,9252,267,206,1.786100255,2.282526578,17.712558994,152.650786969,nan,nan,nan,nan,nan,0.000000000,2.245442010,1.571179077,0.013539917,0.026729016,1.690342033,0,0.500000000
212.199795485,19488,3247,0,10819,8669,17047,473,114,115,64,51,7795,9252,267,206,1.786100255,2.282526578,17.715146940,152.881449465,nan,nan,nan,nan,nan,0.000000000,6.431279995,4.141276062,0.037666934,0.062948966,4.493214015,0,0.500000000
212.298858404,20448,3607,0,11408,9040,16837,458,91,96,57,39,7798,9039,248,210,1.563772700,2.288133969,13.283777528,126.186133161,5.981922150,2,0.000000000,nan,nan,0.000000000,4.949209979,2.237454988,0.014875084,0.039373990,2.385632019,0,0.500000000
212.399031639,20064,3444,0,11182,8882,16616,454,91,89,53,36,7738,8878,250,204,1.645126478,2.344282508,12.449753954,87.622383750,85.026979446,4,1.000000000,nan,nan,0.000000000,7.227071037,3.815207980,0.026476977,0.066440029,4.081813036,0,0.500000000
212.499210358,19872,3557,0,11213,8659,16311,459,93,93,54,39,7654,8657,250,209,1.585450873,2.339194340,10.460083868,100.266737586,nan,1,nan,nan,nan,0.000000000,6.837695022,3.631188069,0.018880994,0.022827997,3.819917969,0,0.500000000
212.598860741,20160,3608,0,11561,8599,16548,451,99,107,63,44,7952,8596,248,203,1.556618498,2.346352699,19.233655633,140.803999518,90.821504593,6,1.000000000,nan,nan,0.000000000,4.256000975,1.897443028,0.014015997,0.028597016,2.033268043,0,0.500000000
212.699461937,19968,3669,0,11265,8703,16548,451,104,103,62,41,7952,8596,248,203,1.556618498,2.346352699,16.096816813,134.202171537,nan,nan,nan,nan,nan,0.000000000,2.187269041,1.466783928,0.011779077,0.024078006,1.578057010,0,0.500000000
212.800803185,19776,3732,0,11182,8594,16040,449,100,103,60,43,7446,8594,238,211,1.398632066,2.378477761,16.231005256,89.675720907,nan,1,nan,nan,nan,0.000000000,7.755655039,3.881240962,0.030650990,0.032333017,4.156970012,0,0.500000000
212.899102926,20256,3860,0,11478,8778,16392,469,104,107,57,50,7614,8778,244,225,1.376491492,2.375862255,15.268951772,130.166121101,54.102182388,3,1.000000000,nan,nan,0.000000000,2.876592043,1.485824003,0.011466909,0.019938976,1.593947993,0,0.500000000
212.999123335,20064,3879,0,11345,8719,16181,466,109,107,60,47,7465,8716,242,224,1.361346404,2.387347227,13.468605613,113.854330165,26.047229767,4,1.000000000,nan,nan,0.000000000,6.656355981,3.805738001,0.032795127,0.033854041,4.104809021,0,0.500000000
213.099130154,19968,3908,0,11145,8823,16056,462,93,96,55,41,7237,8819,240,222,1.366836171,2.392689310,12.711171892,102.416366586,2.789974213,2,0.000000000,nan,nan,0.000000000,2.822000999,1.456066093,0.010402000,0.039226026,1.558626012,0,0.500000000
213.199119329,19872,3986,0,11340,8532,15882,476,98,103,61,42,7354,8528,242,234,1.332925080,2.422050490,13.459082833,103.598378502,nan,1,nan,nan,nan,0.000000000,7.970820996,4.393948941,0.026613008,0.022594002,4.654071003,0,0.500000000
213.301611900,19488,3987,0,11060,8428,15882,476,103,102,61,41,7354,8528,242,234,1.332925080,2.422050490,14.147625084,114.014523888,nan,nan,nan,nan,nan,0.000000000,4.468164989,3.017142939,0.021248939,0.028653012,3.214716970,0,0.500000000
213.398606777,20544,4266,0,11506,9038,16274,462,89,85,52,33,7237,9037,232,230,1.301227510,2.474249189,11.167612638,97.228406958,nan,1,nan,nan,nan,0.000000000,7.545584987,3.191530006,0.021679036,0.020892010,3.403175040,0,0.500000000
213.498877287,20256,4348,0,11628,8628,16274,462,89,84,53,31,7237,9037,232,230,1.301227510,2.474249189,10.012467252,91.349723198,nan,nan,nan,nan,nan,0.000000000,2.648763999,1.736348961,0.011005031,0.018471037,1.853050024,0,0.500000000
213.600486994,19968,4431,0,11425,8543,16274,462,86,89,55,34,7237,9037,232,230,1.301227510,2.474249189,11.813524257,95.665794661,nan,nan,nan,nan,nan,0.000000000,2.894651960,2.017609018,0.014072983,0.022610009,2.165930986,0,0.500000000
213.699170589,20064,4746,0,11472,8592,15314,442,69,86,52,34,6735,8579,221,221,1.256806248,2.453925854,9.621664811,93.595339891,29.487848282,4,1.000000000,nan,nan,0.000000000,2.881893015,1.403406961,0.008468982,0.045197958,1.498138008,0,0.500000000
213.800497532,19968,4607,0,11360,8608,15357,443,92,93,57,36,6781,8576,221,222,1.261082045,2.504660285,13.474141804,102.228437814,4.479408264,2,0.000000000,nan,nan,0.000000000,2.907023008,1.410724013,0.009927026,0.017412996,1.517908997,0,0.500000000
213.899733543,19968,4840,0,11385,8583,15124,450,96,99,62,37,6579,8545,227,223,1.233100602,2.494052468,9.335011876,91.722870628,nan,1,nan,nan,nan,0.000000000,8.007389028,4.246376979,0.025166955,0.024660025,4.478568968,0,0.500000000
213.999290705,19872,4866,0,11412,8460,15124,450,96,97,61,36,6579,8545,227,223,1.233100602,2.494052468,11.546927111,82.934377214,nan,nan,nan,nan,nan,0.000000000,3.387713048,2.243498981,0.016443024,0.024278997,2.414539980,0,0.500000000
214.102234125,20064,5168,0,11504,8560,14892,448,98,92,60,32,6401,8491,229,219,1.230991084,2.531937006,10.324595399,88.701711090,65.773248672,4,1.000000000,nan,nan,0.000000000,5.313409027,2.445046965,0.019022031,0.031117001,2.624966961,0,0.500000000
214.198874950,20064,5136,0,11550,8514,14924,460,104,85,55,30,6496,8428,235,225,1.252854159,2.553584953,11.400615566,73.260797215,11.380195618,5,0.000000000,nan,nan,0.000000000,3.749480995,1.831882924,0.013308949,0.035037985,1.960112015,0,0.500000000
214.299079418,19872,5409,0,11609,8263,14459,452,91,91,52,39,6280,8179,233,219,1.227512700,2.552154179,12.290864794,99.595322463,15.749454498,2,1.000000000,nan,nan,0.000000000,6.328997028,3.626869991,0.026396068,0.070721959,3.897388990,0,0.500000000
214.398730040,20160,5419,0,11740,8420,14737,457,87,90,49,41,6428,8309,235,222,1.246625445,2.561626674,13.941056960,86.105908692,5.180358887,3,0.000000000,nan,nan,0.000000000,3.994815052,1.826514956,0.011768076,0.033589022,1.947536017,0,0.500000000
214.499321222,19776,5656,0,11571,8205,14737,457,90,89,45,44,6428,8309,235,222,1.246625445,2.561626674,12.517840094,81.057115440,nan,nan,nan,nan,nan,0.000000000,2.136960044,1.443519956,0.009718991,0.014380959,1.542500977,0,0.500000000
214.599171162,20160,5805,0,11823,8337,14351,449,97,98,51,47,6157,8194,230,219,1.223036809,2.581005394,13.425758933,91.183396445,20.817279816,3,1.000000000,nan,nan,0.000000000,3.108702018,1.718023093,0.013044104,0.024896988,1.846897998,0,0.500000000
214.699049473,19968,5912,0,11775,8193,14351,449,104,102,55,47,6157,8194,230,219,1.223036809,2.581005394,14.630030854,89.740287084,nan,nan,nan,nan,nan,0.000000000,5.457555002,3.987325996,0.031177071,0.058825011,4.278029024,0,0.500000000
214.798754930,19968,5982,0,11624,8344,14351,449,102,101,55,46,6157,8194,230,219,1.223036809,2.581005394,14.602745820,89.630358550,nan,nan,nan,nan,nan,0.000000000,3.176531987,2.162847959,0.012727920,0.029615010,2.289349970,0,0.500000000
214.900316715,19584,5806,0,11497,8087,13774,451,91,95,47,48,5842,7932,229,222,1.240415658,2.620726874,13.164048506,74.778592829,6.057977676,2,0.000000000,nan,nan,0.000000000,10.841128998,5.238775047,0.033229939,0.055707002,5.578615994,0,0.500000000
215.001563311,20352,6478,0,11869,8483,13774,451,90,89,48,41,5842,7932,229,222,1.240415658,2.620726874,12.979645109,77.781801724,nan,nan,nan,nan,nan,0.000000000,4.128946981,2.745431033,0.017688028,0.023377012,2.927768975,0,0.500000000
215.099103451,20256,6276,0,11824,8432,13976,445,87,84,49,35,5762,8214,227,218,1.185513993,2.637254227,10.269702098,64.197342255,79.512834549,3,1.000000000,nan,nan,0.000000000,2.672074013,1.413583988,0.009516079,0.026258000,1.512620016,0,0.500000000
215.200657845,19968,6518,0,11731,8237,13446,445,92,88,48,40,5428,8018,226,219,1.229328801,2.637603163,15.057544743,70.034079418,14.422655106,2,0.000000000,nan,nan,0.000000000,2.881761990,1.416988031,0.009944953,0.030301046,1.517679950,0,0.500000000
215.299212933,19968,6533,0,11806,8162,13431,446,81,81,43,38,5523,7908,230,216,1.224812610,2.647895410,10.750908877,88.836002531,nan,1,nan,nan,nan,0.000000000,2.573103004,1.401590009,0.008756993,0.023787026,1.499305014,0,0.500000000
215.399142504,19776,6699,0,11615,8161,13431,446,93,96,60,36,5523,7908,230,216,1.224812610,2.647895410,12.762346944,89.948365130,nan,nan,nan,nan,nan,0.000000000,3.840859979,2.812427003,0.021683984,0.039555016,3.030212014,0,0.500000000
215.499294281,20256,6858,0,12066,8190,13394,451,78,94,57,37,5511,7883,228,223,1.210235537,2.643592421,14.342710617,71.747261150,20.211696625,4,1.000000000,nan,nan,0.000000000,3.686611017,2.079327998,0.013654062,0.039354025,2.226295997,0,0.500000000
215.599150896,19968,6944,0,11899,8069,13394,451,99,99,57,42,5511,7883,228,223,1.210235537,2.643592421,15.267464539,85.536388809,nan,nan,nan,nan,nan,0.000000000,3.585796047,2.402756014,0.017176033,0.025146001,2.570195007,0,0.500000000
215.699759245,20064,7011,0,11906,8158,13049,439,92,91,55,36,5240,7809,212,227,1.240389437,2.641080965,10.118000631,72.697289758,nan,1,nan,nan,nan,0.000000000,3.358796006,1.699466084,0.011421973,0.020035019,1.812847040,0,0.500000000
215.799193621,19776,7019,0,11945,7831,13049,439,92,93,58,35,5240,7809,212,227,1.240389437,2.641080965,10.043997804,72.133492521,nan,nan,nan,nan,nan,0.000000000,1.990154036,1.386882039,0.010338030,0.016108039,1.489900984,0,0.500000000
215.900706530,19968,7122,0,11995,7973,12842,438,89,91,55,36,5228,7614,218,220,1.377520605,2.659306380,12.443152656,89.545025389,9.453773499,5,0.000000000,nan,nan,0.000000000,7.654734014,4.006098025,0.026430003,0.061377010,4.276104970,0,0.500000000
215.999818325,20160,7290,0,12196,7964,12842,438,94,91,55,36,5228,7614,218,220,1.377520605,2.659306380,12.555680497,89.557070998,nan,nan,nan,nan,nan,0.000000000,3.211606003,2.265121031,0.015954021,0.030398951,2.414590970,0,0.500000000
216.099334478,19872,7209,0,12087,7785,12842,438,93,91,55,36,5228,7614,218,220,1.377520605,2.659306380,12.504574367,89.546215826,nan,nan,nan,nan,nan,0.000000000,2.051266027,1.417913998,0.011397002,0.025241985,1.532423019,0,0.500000000
216.198793411,20160,7467,0,12229,7931,12842,438,92,92,56,36,5228,7614,218,220,1.377520605,2.659306380,12.554098083,89.542735342,nan,nan,nan,nan,nan,0.000000000,3.265876032,2.294288017,0.017106999,0.033935998,2.471151005,0,0.500000000
216.299078703,19968,7511,0,12285,7683,12842,438,92,92,56,36,5228,7614,218,220,1.377520605,2.659306380,12.553595541,89.542102732,nan,nan,nan,nan,nan,0.000000000,4.214661021,3.111418977,0.017976039,0.057488971,3.301868041,0,0.500000000
216.399076223,20064,7682,0,12393,7671,12378,467,77,110,62,48,5314,7064,238,229,1.469857082,2.684392450,14.880034883,84.094143817,37.618160248,3,1.000000000,nan,nan,0.000000000,6.312804006,3.262015991,0.020816922,0.052605988,3.477179969,0,0.500000000
216.499118805,19872,7855,0,12424,7448,12378,467,94,103,60,43,5314,7064,238,229,1.469857082,2.684392450,16.117245151,78.008469428,nan,nan,nan,nan,nan,0.000000000,5.035497015,3.677997971,0.030876021,0.071171031,3.957108012,0,0.500000000
216.602643251,19872,8067,0,12410,7462,11801,451,103,94,57,37,4962,6839,233,218,1.520345843,2.678068241,8.870172206,74.768369235,94.326972961,4,1.000000000,nan,nan,0.000000000,5.014349998,3.114290943,0.023829052,0.045210996,3.347639984,0,0.500000000
216.703432798,20064,8192,0,12675,7389,11868,448,88,87,53,34,5167,6701,237,211,1.461702411,2.707569260,11.454661516,48.482938579,10.226488113,2,0.000000000,nan,nan,0.000000000,2.528092999,1.406558964,0.009726966,0.023083994,1.508768008,0,0.500000000
216.799391031,20160,8503,0,12689,7471,11653,448,90,90,53,37,4904,6749,241,207,1.537981279,2.666540984,6.941268894,63.918801260,35.741090775,4,1.000000000,nan,nan,0.000000000,4.016037972,2.447953972,0.017335929,0.048074988,2.627253998,0,0.500000000
216.899060488,20064,8317,0,12579,7485,11743,457,91,90,54,36,4988,6755,247,210,1.520094414,2.667771309,10.127378264,61.654860015,3.770828247,2,0.000000000,nan,nan,0.000000000,4.131652007,2.457255032,0.017142971,0.053036027,2.634237986,0,0.500000000
217.001628399,19776,8427,0,12603,7173,11345,438,106,102,62,40,4871,6474,234,204,1.626589710,2.677010771,13.527568971,76.639437996,nan,1,nan,nan,nan,0.000000000,9.860955004,5.407496006,0.042480999,0.068060006,5.790947995,0,0.500000000
217.098853588,20160,8469,0,12688,7472,11687,436,84,73,44,29,4968,6719,232,204,1.615557003,2.679549404,11.636261660,53.566768744,nan,1,nan,nan,nan,0.000000000,7.385103963,3.330064996,0.022595981,0.046494009,3.557864984,0,0.500000000
217.199251413,19968,8631,0,12751,7217,11687,436,76,77,47,30,4968,6719,232,204,1.615557003,2.679549404,11.364393630,56.256076453,nan,nan,nan,nan,nan,0.000000000,2.517686982,1.717760984,0.010159914,0.021577987,1.838361030,0,0.500000000
217.299101114,19872,8631,0,12803,7069,11687,436,77,78,47,31,4968,6719,232,204,1.615557003,2.679549404,11.867976748,59.114482760,nan,nan,nan,nan,nan,0.000000000,1.957255998,1.426883042,0.009203039,0.017712009,1.530246984,0,0.500000000
217.402094603,19776,8649,0,12814,6962,11687,436,77,78,47,31,4968,6719,232,204,1.615557003,2.679549404,12.340436372,56.208891500,nan,nan,nan,nan,nan,0.000000000,5.294083036,3.901192918,0.025532965,0.065271975,4.180151038,0,0.500000000
217.501130104,20448,8850,0,13365,7083,11687,436,77,79,47,32,4968,6719,232,204,1.615557003,2.679549404,12.809343727,59.091220274,nan,nan,nan,nan,nan,0.000000000,3.202079970,2.166579012,0.014062971,0.030462979,2.332588017,0,0.500000000
217.599231005,19968,8817,0,13062,6906,11687,436,77,78,47,31,4968,6719,232,204,1.615557003,2.679549404,12.373706588,55.978341261,nan,nan,nan,nan,nan,0.000000000,1.975961030,1.384963049,0.008609029,0.020889973,1.482750988,0,0.500000000
217.699194431,19968,8793,0,13058,6910,11171,430,95,99,63,36,5058,6113,228,202,2.065426602,2.647227413,11.547335429,91.290756724,40.021181107,2,1.000000000,nan,nan,0.000000000,3.504613996,2.141319041,0.017362065,0.047584996,2.306868031,0,0.500000000
217.800277472,20064,8928,0,13144,6920,11132,443,86,88,58,30,5071,6061,238,205,2.149218798,2.619081612,10.312479200,66.364466153,5.769729614,2,0.000000000,nan,nan,0.000000000,5.089885031,2.883698966,0.018991996,0.039103965,3.083415970,0,0.500000000
217.899607182,19968,8764,0,13009,6959,11200,440,86,82,52,30,5074,6126,242,198,2.549926586,2.593254044,10.194724506,56.283690348,19.582033157,5,1.000000000,nan,nan,0.000000000,3.481966036,1.885693928,0.012178032,0.032081967,2.013629011,0,0.500000000
217.999229193,19776,8845,0,13158,6618,11200,440,84,89,54,35,5074,6126,242,198,2.549926586,2.593254044,10.702991333,63.320603002,nan,nan,nan,nan,nan,0.000000000,1.973185979,1.413653954,0.009896059,0.028790964,1.516675984,0,0.500000000
218.098618031,19968,8884,0,13182,6786,11080,416,83,85,51,34,5236,5844,236,180,2.714833571,2.562593063,8.912460684,60.335789888,10.018348694,5,0.000000000,nan,nan,0.000000000,5.778611056,3.477814957,0.024412991,0.070219976,3.740673012,0,0.500000000
218.199369907,20256,8933,0,13395,6861,11319,422,85,88,56,32,5495,5824,238,184,2.655613306,2.689484982,11.573135427,62.470046593,nan,1,nan,nan,nan,0.000000000,3.608404950,2.172518987,0.016790931,0.036559999,2.348022012,0,0.500000000
218.299260378,19968,8912,0,13419,6549,11052,421,83,82,51,31,5574,5478,237,184,2.689105209,2.592071174,10.120381218,64.716959847,nan,1,nan,nan,nan,0.000000000,4.804784025,2.534826926,0.015461002,0.045965018,2.703102014,0,0.500000000
218.399224043,19872,8855,0,13371,6501,11052,421,87,86,53,33,5574,5478,237,184,2.689105209,2.592071174,11.376298356,61.440374245,nan,nan,nan,nan,nan,0.000000000,1.878174022,1.356920053,0.009302981,0.028737995,1.455642050,0,0.500000000
218.499022722,20160,8884,0,13578,6582,11272,401,79,79,53,26,5886,5386,238,163,2.805089851,2.595009620,12.266716505,53.260214062,129.678010941,3,1.000000000,nan,nan,0.000000000,2.695819945,1.358323963,0.009054958,0.017855025,1.473174954,0,0.500000000
218.599324703,19680,8716,0,13079,6601,11272,401,82,73,51,22,5886,5386,238,163,2.805089851,2.595009620,11.788994486,48.591221097,nan,nan,nan,nan,nan,0.000000000,2.089968999,1.460097032,0.014720950,0.021999993,1.579097996,0,0.500000000
218.698763847,19968,8813,0,13416,6552,11151,414,70,74,56,18,5777,5374,251,163,2.827758172,2.619169503,10.737473663,64.625786240,nan,1,nan,nan,nan,0.000000000,2.297993982,1.316465030,0.007870025,0.021300977,1.411049976,0,0.500000000
218.798720598,19776,8727,0,13177,6599,11151,414,76,79,61,18,5777,5374,251,163,2.827758172,2.619169503,10.681908510,64.266036278,nan,nan,nan,nan,nan,0.000000000,2.031893004,1.491892035,0.010614051,0.025902002,1.606943028,0,0.500000000
218.898990393,19968,8892,0,13442,6526,11151,414,79,79,60,19,5777,5374,251,163,2.827758172,2.619169503,11.772158982,57.359353620,nan,nan,nan,nan,nan,0.000000000,4.502334981,3.343091928,0.022950058,0.050529023,3.602746991,0,0.500000000
218.999594212,20640,9203,0,13650,6990,11151,414,83,84,61,23,5777,5374,251,163,2.827758172,2.619169503,14.284559827,71.731596565,nan,nan,nan,nan,nan,0.000000000,5.948499020,4.410125024,0.027628965,0.046502042,4.707039043,0,0.500000000
219.100424528,19776,8883,0,13334,6442,10889,416,87,88,64,24,5578,5311,253,163,2.807609920,1.971106499,11.805810805,72.026839669,nan,1,nan,nan,nan,0.000000000,5.051154003,2.901879954,0.020503125,0.042759988,3.118532011,0,0.500000000
219.198947668,20160,8876,0,13390,6770,11280,413,96,87,62,25,5679,5601,252,161,2.802583378,1.828950744,11.093949996,64.926783231,16.040802002,5,1.000000000,nan,nan,0.000000000,2.396039956,1.327728911,0.010296004,0.022405002,1.434839040,0,0.500000000
219.299078941,20064,8860,0,13572,6492,11200,408,83,89,62,27,5822,5378,253,155,2.871954323,1.851621574,12.718820789,86.346958565,4.505872726,2,0.000000000,nan,nan,0.000000000,2.515706001,1.407321019,0.010022894,0.022861990,1.529817004,0,0.500000000
219.399095058,19584,8676,0,12933,6651,10904,405,83,85,57,28,5378,5526,252,153,2.799402563,1.804217202,10.883334856,78.988879723,6.524085999,5,0.000000000,nan,nan,0.000000000,2.841518028,1.537308970,0.010131858,0.041840016,1.648998004,0,0.500000000
219.498654842,20160,8762,0,13637,6523,11394,410,83,80,56,24,5953,5441,259,151,2.860019006,1.782276422,11.285340743,74.080413579,6.139278412,3,0.000000000,nan,nan,0.000000000,3.019260999,1.685475989,0.012374949,0.043339038,1.818159013,0,0.500000000
219.599529028,20160,8869,0,13546,6614,11287,414,94,85,56,29,5785,5502,258,156,2.853471229,1.668505914,10.376729428,66.835918590,25.824785233,7,1.000000000,nan,nan,0.000000000,7.078466006,3.907940001,0.027820119,0.066255976,4.186695965,0,0.500000000
219.699144363,19872,8611,0,13359,6513,11257,417,85,85,55,30,5813,5444,256,161,2.851950354,1.679788561,11.434301895,68.263568416,nan,1,nan,nan,nan,0.000000000,3.441512003,1.830314985,0.011544034,0.019997999,1.954329025,0,0.500000000
219.800583124,20160,8865,0,13386,6774,11291,433,97,87,60,27,5680,5611,268,165,2.902322096,1.546746301,8.721985660,61.048301530,120.048522949,4,1.000000000,nan,nan,0.000000000,5.753855978,3.472276032,0.026869006,0.077421020,3.734291007,0,0.500000000
219.899013519,19776,8522,0,13284,6492,11250,430,94,91,62,29,5811,5439,257,173,2.875374462,1.601019930,11.204384817,71.712804797,5.448818207,2,0.000000000,nan,nan,0.000000000,2.703594975,1.465484034,0.010706019,0.023101049,1.571683038,0,0.500000000
219.999595404,20256,8654,0,13326,6930,11598,443,95,95,67,28,5727,5871,273,170,2.966314440,1.501427648,14.840922338,75.050856608,5.662202835,2,0.000000000,nan,nan,0.000000000,2.612037992,1.458584971,0.010423013,0.030093011,1.624935016,0,0.500000000
220.099131823,19968,8464,0,13329,6639,11500,440,96,96,63,33,5930,5570,270,170,2.897852783,1.510859168,10.189121552,98.727650024,84.145069122,2,1.000000000,nan,nan,0.000000000,3.177882987,1.718638057,0.012131990,0.022296968,1.836218988,0,0.500000000
220.199447155,19872,8546,0,13272,6600,11500,440,93,94,62,32,5930,5570,270,170,2.897852783,1.510859168,9.768442013,80.524941340,nan,nan,nan,nan,nan,0.000000000,2.157275041,1.521464961,0.011864002,0.030361000,1.649400045,0,0.500000000
220.299623489,20160,8410,0,13530,6630,11746,433,92,104,62,42,6173,5573,261,172,2.919258309,1.495014999,12.480905490,91.759365351,3.019571304,2,0.000000000,nan,nan,0.000000000,2.490743995,1.400105946,0.010840071,0.021692016,1.514070958,0,0.500000000
220.399087906,20064,8500,0,13470,6594,11560,443,92,98,66,32,5961,5599,274,169,2.993733779,1.518086296,9.969526316,100.154234422,7.805824280,19,0.000000000,nan,nan,0.000000000,2.598937019,1.423214038,0.010276912,0.037721999,1.522327017,0,0.500000000
220.500547886,19392,8226,0,12846,6546,11162,432,94,92,58,34,5668,5494,255,177,2.970925820,1.481910585,7.041329341,93.284510987,6.506681442,10,0.000000000,nan,nan,0.000000000,2.480437979,1.362194016,0.010407006,0.025824003,1.466447953,0,0.500000000
220.599473953,20448,8566,0,13824,6624,11878,440,98,95,69,26,6234,5644,262,178,2.986058867,1.528996399,11.530558441,98.133389555,33.931970596,15,1.000000000,nan,nan,0.000000000,2.917525009,1.460595056,0.010686927,0.022843014,1.565579034,0,0.500000000
220.699766636,20160,8475,0,13442,6718,11878,440,91,94,69,25,6234,5644,262,178,2.986058867,1.528996399,11.285738526,86.621238217,nan,nan,nan,nan,nan,0.000000000,1.990129007,1.400728012,0.010037969,0.016581034,1.502497005,0,0.500000000
220.800565243,19968,8352,0,13434,6534,11612,436,95,90,64,26,6073,5539,266,170,2.986607647,1.468159767,9.166505557,84.139204838,54.229259491,4,1.000000000,nan,nan,0.000000000,2.851672994,1.646995021,0.012426055,0.037779042,1.775936980,0,0.500000000
220.900508165,19968,8138,0,13315,6653,11826,429,100,99,63,36,6205,5621,258,171,3.012236022,1.452819717,13.435925613,79.939231290,65.726518631,2,1.000000000,nan,nan,0.000000000,6.524997007,3.424483992,0.025954971,0.039945007,3.671237966,0,0.500000000
220.999387503,19968,8053,0,13338,6630,11911,429,100,104,75,29,6370,5541,261,168,2.979676124,1.447431522,11.144270706,115.520120677,14.892816544,2,0.000000000,nan,nan,0.000000000,5.578259006,3.338076058,0.028329960,0.042740023,3.600379976,0,0.500000000
221.099334002,19968,8010,0,13399,6569,11954,432,92,94,60,34,6383,5571,264,168,3.005351332,1.432501973,11.464722270,73.504838189,3.527164459,2,0.000000000,nan,nan,0.000000000,6.626221992,3.705068026,0.025015092,0.040137966,3.950910002,0,0.500000000
221.199011803,20064,7886,0,13294,6770,11954,432,93,90,58,32,6383,5571,264,168,3.005351332,1.432501973,10.160324122,72.988596271,nan,nan,nan,nan,nan,0.000000000,3.804060980,2.706098021,0.016132020,0.023681030,2.892905031,0,0.500000000
221.299727440,19968,7897,0,13336,6632,12067,449,106,105,75,30,6371,5696,285,164,3.018622997,1.411181272,15.557826581,93.296313665,nan,1,nan,nan,nan,0.000000000,2.866438008,1.445727015,0.011602999,0.029076007,1.559027995,0,0.500000000
221.399038553,19968,7811,0,13115,6853,12153,452,102,96,68,28,6267,5886,284,168,3.013852623,1.399545768,11.737237739,120.134487021,84.313631058,2,1.000000000,nan,nan,0.000000000,2.785678022,1.487489964,0.010880001,0.016346981,1.590810018,0,0.500000000
221.499006510,19872,7924,0,13174,6698,11944,454,108,109,65,44,6112,5832,276,178,3.041660131,1.433665950,16.010001404,89.165551343,34.506797791,3,1.000000000,nan,nan,0.000000000,2.592319972,1.470080926,0.011814991,0.027339964,1.577730000,0,0.500000000
221.599920988,20160,7867,0,13263,6897,12289,468,112,112,75,37,6245,6044,288,180,3.038750058,1.409421326,18.671361918,149.804614791,55.848836899,8,1.000000000,nan,nan,0.000000000,3.791138006,2.051307994,0.015817059,0.020320993,2.194552973,0,0.500000000
221.699147224,19776,7737,0,12937,6839,12289,468,115,115,77,38,6245,6044,288,180,3.038750058,1.409421326,19.692329169,149.486825052,nan,nan,nan,nan,nan,0.000000000,2.235736989,1.608699968,0.013559940,0.015928992,1.738053048,0,0.500000000
221.798994780,20256,8035,0,13275,6981,12217,465,111,114,80,34,6141,6076,288,177,3.075174355,1.424665195,11.180658184,148.090142274,50.196647644,4,1.000000000,nan,nan,0.000000000,2.621397027,1.509241003,0.012508011,0.019145024,1.614587032,0,0.500000000
221.899006605,19968,7724,0,12961,7007,12240,462,104,102,67,35,6166,6074,280,182,3.045915869,1.428614201,16.700748557,116.566845484,4.936933517,2,0.000000000,nan,nan,0.000000000,3.476709011,1.871543995,0.013309065,0.023607980,1.996612991,0,0.500000000
222.001207352,20064,7692,0,12896,7168,12368,462,114,115,71,44,6050,6318,272,190,3.078946302,1.459583952,20.042333449,137.614433245,4.200220108,2,0.000000000,nan,nan,0.000000000,4.062097985,2.366207016,0.020762964,0.047992042,2.561802976,0,0.500000000
222.099631786,19968,7625,0,12860,7108,12339,449,108,112,74,38,6141,6198,268,181,3.059890636,1.488225353,15.422186500,147.159558819,56.874275208,3,1.000000000,nan,nan,0.000000000,3.895534959,2.325075970,0.020603940,0.041054038,2.505531011,0,0.500000000
222.199428797,19968,7635,0,12860,7108,12329,459,102,107,61,46,6059,6270,264,195,3.085295165,1.529927867,18.036165684,139.437009973,nan,1,nan,nan,nan,0.000000000,5.213179975,2.666628978,0.019579951,0.033380988,2.848402015,0,0.500000000
222.299098969,19392,7384,0,12672,6720,12004,446,113,108,70,38,6098,5906,264,182,3.057882829,1.650518088,14.730745032,144.550377239,55.853843689,2,1.000000000,nan,nan,0.000000000,2.648358990,1.480813953,0.011976983,0.015637954,1.594086003,0,0.500000000
222.399569511,20640,7786,0,13174,7466,12004,446,112,109,69,40,6098,5906,264,182,3.057882829,1.650518088,14.110705274,152.708214240,nan,nan,nan,nan,nan,0.000000000,1.983594033,1.421221008,0.011997006,0.012976001,1.532798982,0,0.500000000
222.499158382,19584,7473,0,12585,6999,12004,446,112,109,72,37,6098,5906,264,182,3.057882829,1.650518088,14.430109492,144.940690672,nan,nan,nan,nan,nan,0.000000000,2.456018003,1.720074972,0.013433048,0.014296966,1.841114019,0,0.500000000
222.599133730,20448,7631,0,13349,7099,12813,471,107,108,67,41,6540,6273,276,195,3.071147452,1.623968585,12.864271626,134.854579161,14.579296112,2,0.000000000,nan,nan,0.000000000,4.366240988,2.287810959,0.018075109,0.024435984,2.449766966,0,0.500000000
222.699503660,19968,7491,0,12839,7129,12813,471,111,108,67,41,6540,6273,276,195,3.071147452,1.623968585,13.948230572,142.222609190,nan,nan,nan,nan,nan,0.000000000,2.967729990,2.021031047,0.013686076,0.017133018,2.151276974,0,0.500000000
222.799248934,19776,7324,0,12753,7023,12448,472,108,105,64,41,6251,6197,273,199,3.053721995,1.649163707,10.896219204,143.965392077,97.451925278,4,1.000000000,nan,nan,0.000000000,4.954050004,2.855064173,0.022670021,0.043144042,3.062599979,0,0.500000000
222.898988008,20064,7473,0,12844,7220,12587,471,117,110,70,40,6231,6356,270,201,3.038301805,1.593330324,12.541390452,171.710823800,5.266189575,4,0.000000000,nan,nan,0.000000000,5.396861001,3.296451992,0.028976006,0.065466971,3.561060992,0,0.500000000
222.998825073,20160,7368,0,12859,7301,12788,478,107,104,65,39,6350,6438,268,210,3.032661327,1.631933070,11.430027214,136.388699766,nan,1,nan,nan,nan,0.000000000,3.638020018,2.030866977,0.012360921,0.027670991,2.147781022,0,0.500000000
223.100344419,19968,7176,0,12654,7314,12788,478,107,109,67,42,6350,6438,268,210,3.032661327,1.631933070,11.458154466,128.241635290,nan,nan,nan,nan,nan,0.000000000,2.103823004,1.478556078,0.012014993,0.027864007,1.589724969,0,0.500000000
223.199195862,19968,7212,0,12779,7189,12752,486,123,108,69,39,6432,6320,282,204,3.025880102,1.672906996,7.985444550,110.507461700,nan,1,nan,nan,nan,0.000000000,5.771574972,3.083299031,0.022844994,0.044943008,3.278579970,0,0.500000000
223.299018621,20064,7112,0,12792,7272,12752,486,106,110,67,43,6432,6320,282,204,3.025880102,1.672906996,8.368448755,129.369016569,nan,nan,nan,nan,nan,0.000000000,2.970564994,2.137732983,0.012359000,0.023808971,2.253986953,0,0.500000000
223.399062872,19776,7057,0,12596,7180,12752,486,111,110,67,43,6432,6320,282,204,3.025880102,1.672906996,8.695087918,146.399614543,nan,nan,nan,nan,nan,0.000000000,2.688864013,1.935584936,0.012701959,0.024351990,2.063016000,0,0.500000000
223.498787642,20256,7065,0,13022,7234,13187,476,123,120,75,45,6825,6362,273,203,3.030625420,1.639566503,17.128229086,167.277951597,29.855489731,3,1.000000000,nan,nan,0.000000000,3.168825991,1.702700974,0.014457968,0.029382005,1.835496980,0,0.500000000
223.599248171,19776,7008,0,12602,7174,12764,472,113,106,67,39,6517,6247,279,193,3.036388402,1.664255141,11.199251074,146.555539866,48.334121704,5,1.000000000,nan,nan,0.000000000,2.690354013,1.511116046,0.011939032,0.029974035,1.626839978,0,0.500000000
223.702356339,20160,7187,0,12988,7172,12764,472,107,109,70,39,6517,6247,279,193,3.036388402,1.664255141,12.080890372,130.359662402,nan,nan,nan,nan,nan,0.000000000,3.291705973,2.450499975,0.020156964,0.039815030,2.632872027,0,0.500000000
223.799123049,20064,7101,0,12864,7200,12764,472,115,113,71,42,6517,6247,279,193,3.036388402,1.664255141,12.326445883,184.633553191,nan,nan,nan,nan,nan,0.000000000,3.836349002,2.711688052,0.021442014,0.042196014,2.901675995,0,0.500000000
223.899059772,19776,6837,0,12726,7050,12935,484,116,130,85,45,6775,6160,290,194,3.025514965,1.700092750,17.077026203,227.342797506,nan,1,nan,nan,nan,0.000000000,4.836159002,2.559209068,0.020670996,0.028624025,2.738636977,0,0.500000000
223.998806715,20160,6835,0,12798,7362,12935,484,135,135,91,44,6775,6160,290,194,3.025514965,1.700092750,15.915056698,226.863796113,nan,nan,nan,nan,nan,0.000000000,2.224794007,1.588716055,0.014750985,0.018817023,1.708979020,0,0.500000000
224.099174500,20064,6791,0,12905,7159,13269,493,119,121,82,39,6975,6294,299,194,2.967157078,1.743831263,13.488579981,172.295827685,94.321727753,3,1.000000000,nan,nan,0.000000000,3.740280983,1.971922000,0.016274978,0.022960012,2.106996020,0,0.500000000
224.199312925,19680,6679,0,12772,6908,13269,493,128,129,89,40,6975,6294,299,194,2.967157078,1.743831263,17.312505344,229.793748209,nan,nan,nan,nan,nan,0.000000000,2.108537999,1.527959947,0.013519020,0.015466998,1.638983027,0,0.500000000
224.299116850,20064,6618,0,12979,7085,13269,493,131,128,88,40,6975,6294,299,194,2.967157078,1.743831263,18.778356563,223.763214065,nan,nan,nan,nan,nan,0.000000000,3.578022006,2.664861036,0.025872956,0.035553006,2.873653022,0,0.500000000
224.399980783,20064,6440,0,12930,7134,13620,498,98,110,74,36,7368,6252,294,204,2.930166464,1.733005925,14.006857749,158.314378463,nan,1,nan,nan,nan,0.000000000,5.289700988,2.816975117,0.019271043,0.026191003,3.001666977,0,0.500000000
224.499031782,20160,6306,0,13203,6957,13620,498,107,106,67,39,7368,6252,294,204,2.930166464,1.733005925,13.754822684,134.421182705,nan,nan,nan,nan,nan,0.000000000,2.311398974,1.626174955,0.012161036,0.019427971,1.746135007,0,0.500000000
224.599110365,20064,6321,0,12863,7201,13620,498,106,110,72,38,7368,6252,294,204,2.930166464,1.733005925,13.190152342,133.652073758,nan,nan,nan,nan,nan,0.000000000,2.210207982,1.555261028,0.011696073,0.020370004,1.666742028,0,0.500000000
224.699285507,19872,5949,0,12904,6968,13919,485,95,118,76,42,7791,6128,297,188,2.844021981,1.937517606,14.870536469,186.460698120,24.180650711,4,1.000000000,nan,nan,0.000000000,3.880332981,2.191009000,0.021145970,0.046500994,2.354601980,0,0.500000000
224.799106836,20160,5865,0,12731,7429,13919,485,123,117,75,42,7791,6128,297,188,2.844021981,1.937517606,15.264417923,191.657149919,nan,nan,nan,nan,nan,0.000000000,3.080252034,2.088315960,0.016917009,0.030199008,2.231416001,0,0.500000000
224.900456905,19968,5700,0,12887,7081,14264,486,123,128,83,45,8075,6189,298,188,2.784571046,1.888397713,16.221112775,179.578081245,20.020723343,14,1.000000000,nan,nan,0.000000000,3.389635996,1.940693997,0.017305079,0.044499990,2.083506028,0,0.500000000
225.000412703,19968,5488,0,12701,7267,14264,486,121,123,81,42,8075,6189,298,188,2.784571046,1.888397713,15.093443079,181.450362032,nan,nan,nan,nan,nan,0.000000000,3.730087017,2.628008020,0.022958033,0.046267989,2.820553957,0,0.500000000
225.100359678,19776,5367,0,12821,6955,14405,504,133,134,89,45,8350,6055,315,189,2.683395625,1.994397153,24.621944367,224.509232370,6.084680557,2,0.000000000,nan,nan,0.000000000,2.834935964,1.563809055,0.014156918,0.036657962,1.676832035,0,0.500000000
225.199572325,20160,5182,0,12843,7317,14974,507,127,122,83,39,8534,6440,311,196,2.715936810,1.911944773,19.379557150,170.050146291,47.824382782,5,1.000000000,nan,nan,0.000000000,5.952240026,3.045122954,0.024579000,0.046926027,3.262737999,0,0.500000000
225.299327612,19680,5051,0,12690,6990,14974,507,122,122,84,38,8534,6440,311,196,2.715936810,1.911944773,18.450085110,163.030403598,nan,nan,nan,nan,nan,0.000000000,2.186757978,1.557144977,0.013117970,0.028994982,1.667128992,0,0.500000000
225.400533199,20160,4833,0,12928,7232,15323,512,116,116,72,44,8958,6365,304,208,2.504299844,1.950723750,16.934820176,147.838215044,89.878082275,6,1.000000000,nan,nan,0.000000000,2.920317987,1.599134994,0.012356031,0.020994979,1.711188990,0,0.500000000
225.500661612,20160,4663,0,12986,7174,15493,525,127,127,80,47,9246,6247,311,214,2.448993783,2.004280165,17.106610242,192.884295249,54.504871368,7,1.000000000,nan,nan,0.000000000,3.082978015,1.675310079,0.013650977,0.034454046,1.789689995,0,0.500000000
225.600550890,20064,4529,0,12944,7120,15531,538,125,125,69,56,9267,6264,312,226,2.367456640,2.008277132,18.910093786,154.548196284,74.413061142,2,1.000000000,nan,nan,0.000000000,4.867393989,2.438276017,0.018461957,0.034861034,2.591367986,0,0.500000000
225.699111462,19968,4437,0,12643,7325,15527,537,129,124,70,54,9110,6417,303,234,2.396070385,2.025223481,20.230874724,162.747216163,4.907369614,2,0.000000000,nan,nan,0.000000000,4.542028997,2.297443047,0.017455954,0.024345994,2.445750986,0,0.500000000
225.799256563,19968,4345,0,12742,7226,15619,532,124,126,76,50,9198,6421,306,226,2.381906943,2.029448756,17.826255752,140.919682075,nan,1,nan,nan,nan,0.000000000,3.376769018,1.681615016,0.013523968,0.022193009,1.797551988,0,0.500000000
225.899088621,20064,4126,0,12528,7536,15619,532,128,129,78,51,9198,6421,306,226,2.381906943,2.029448756,19.286302863,155.928488254,nan,nan,nan,nan,nan,0.000000000,3.140143992,2.224978001,0.018755032,0.038333004,2.375643991,0,0.500000000
225.999408722,19968,3809,0,12450,7518,16155,525,133,127,71,56,9362,6793,290,235,2.364693804,1.964013007,18.753748655,124.915589537,29.681921005,5,1.000000000,nan,nan,0.000000000,3.775503952,1.715867082,0.014626945,0.026969006,1.829752990,0,0.500000000
226.098950386,19680,3282,0,12109,7571,16394,539,140,135,76,59,9410,6984,305,234,2.337335793,1.959859110,23.350411909,220.489035258,10.126113892,4,0.000000000,nan,nan,0.000000000,6.101790990,3.645955992,0.034405966,0.083320017,3.907340986,0,0.500000000
226.201578379,20256,3684,0,12455,7801,16394,539,133,131,76,55,9410,6984,305,234,2.337335793,1.959859110,21.708107807,204.014643581,nan,nan,nan,nan,nan,0.000000000,3.765153990,2.588189964,0.020442996,0.031642034,2.754390007,0,0.500000000
226.298748016,19968,3241,0,12178,7790,16723,545,147,138,82,56,9407,7316,313,232,2.322928714,1.877097595,21.759554088,210.951256444,60.077428818,6,1.000000000,nan,nan,0.000000000,5.171847995,2.507314028,0.021667918,0.057521975,2.688371052,0,0.500000000
226.400444269,19584,3459,0,12010,7574,16723,545,140,138,81,57,9407,7316,313,232,2.322928714,1.877097595,22.743826254,213.478473681,nan,nan,nan,nan,nan,0.000000000,2.687938977,1.796278986,0.015130034,0.024932961,1.915851026,0,0.500000000
226.498827696,20160,3258,0,12246,7914,16898,544,136,146,93,53,9357,7541,314,230,2.309083344,1.906954102,22.621868182,229.995875891,87.861061096,3,1.000000000,nan,nan,0.000000000,5.719980982,2.835160994,0.023303030,0.052015006,3.014452988,0,0.500000000
226.599009752,20064,3262,0,12128,7936,16798,548,149,150,89,61,9187,7611,313,235,2.351238200,1.769418264,26.900266164,214.744691237,4.855394363,2,0.000000000,nan,nan,0.000000000,7.193154015,3.647461068,0.031804026,0.056001008,3.890710010,0,0.500000000
226.700309277,19872,3097,0,12012,7860,16798,548,151,151,92,59,9187,7611,313,235,2.351238200,1.769418264,25.811995419,199.429536327,nan,nan,nan,nan,nan,0.000000000,2.802573028,1.915808942,0.017049024,0.026952010,2.040355001,0,0.500000000
226.798975706,19968,3040,0,11941,8027,16924,550,137,143,88,55,9132,7792,321,229,2.361883000,1.744134701,26.456836166,229.942372984,45.010328293,2,1.000000000,nan,nan,0.000000000,3.175347985,1.709769014,0.015444006,0.025841990,1.830994035,0,0.500000000
226.901569605,19296,2875,0,11661,7635,16417,551,145,149,97,52,8989,7428,317,234,2.388020275,1.794056318,20.562735879,238.153095455,nan,1,nan,nan,nan,0.000000000,3.650241997,2.151823021,0.021311920,0.051142997,2.309192962,0,0.500000000
226.999858379,20448,2839,0,11969,8479,17605,560,144,144,89,55,9288,8317,320,240,2.337635072,1.726075573,23.050283349,246.914430826,nan,1,nan,nan,nan,0.000000000,4.369579954,2.070212038,0.016809092,0.027584960,2.199014998,0,0.500000000
227.100572348,20256,2811,0,12169,8087,17441,559,129,136,85,51,9494,7947,322,237,2.382211401,1.790553590,24.711749910,238.639165244,4.507541656,2,0.000000000,nan,nan,0.000000000,3.187454015,1.745911955,0.014173042,0.023389002,1.861058001,0,0.500000000
227.198910475,20064,2605,0,11765,8299,17441,559,143,142,85,57,9494,7947,322,237,2.382211401,1.790553590,26.500236916,245.716457246,nan,nan,nan,nan,nan,0.000000000,3.811240022,2.711450972,0.024630979,0.039665960,2.908696013,0,0.500000000
227.299687386,19968,2620,0,11678,8290,17441,559,141,143,86,57,9494,7947,322,237,2.382211401,1.790553590,27.235319838,251.386549922,nan,nan,nan,nan,nan,0.000000000,3.917702008,2.733091009,0.022582943,0.028025010,2.904872992,0,0.500000000
227.399144411,19776,2333,0,11525,8251,17439,580,138,137,93,44,9222,8217,320,260,2.291528798,1.765784269,25.732837598,223.976597829,nan,1,nan,nan,nan,0.000000000,3.214657016,1.762130007,0.014679972,0.027025992,1.875171962,0,0.500000000
227.499027491,19968,2552,0,11650,8318,17412,585,157,137,82,55,9105,8307,313,272,2.252062447,1.839349895,31.988589977,190.829841695,173.544883728,3,1.000000000,nan,nan,0.000000000,3.503330983,1.853916037,0.016990060,0.050475006,1.979842957,0,0.500000000
227.598913908,19872,2226,0,11489,8383,17412,585,138,134,84,50,9105,8307,313,272,2.252062447,1.839349895,27.618232088,187.144935397,nan,nan,nan,nan,nan,0.000000000,2.534952015,1.804200001,0.014735910,0.028187002,1.921995019,0,0.500000000
227.701330662,19776,2390,0,11456,8320,17382,584,147,141,93,48,9066,8316,307,277,2.220817535,2.043568707,24.659522819,236.721312050,4.483699799,2,0.000000000,nan,nan,0.000000000,3.992511018,2.079424972,0.018541992,0.029816991,2.211936982,0,0.500000000
227.801599741,20064,2196,0,11420,8644,17864,588,138,141,89,52,9224,8640,312,276,2.182357901,1.974627311,28.230040891,229.538131639,90.424060822,4,1.000000000,nan,nan,0.000000000,6.720860954,3.258077020,0.027950038,0.074685027,3.459256026,0,0.500000000
227.903576374,20064,2492,0,11420,8644,17568,583,147,151,99,52,8928,8640,312,271,2.218255463,2.060431191,27.690356266,242.955783908,3.946065903,2,0.000000000,nan,nan,0.000000000,6.469405023,3.422548936,0.032075972,0.032985990,3.641029994,0,0.500000000
227.999365568,19872,2160,0,11410,8462,17568,583,150,149,95,54,8928,8640,312,271,2.218255463,2.060431191,27.738961396,239.425040916,nan,nan,nan,nan,nan,0.000000000,2.463554963,1.713598031,0.012407952,0.025354035,1.811841037,0,0.500000000
228.201744318,19584,2070,0,11113,8471,17510,602,145,142,82,60,9039,8471,316,286,2.174985256,2.021446616,27.191465920,236.892145436,39.974212646,3,1.000000000,nan,nan,0.000000000,6.441708014,3.971895901,0.037205929,0.090782007,4.256064014,0,0.500000000
228.299111366,20256,2193,0,11315,8941,18059,602,144,143,83,60,9122,8937,312,290,2.621327274,2.066272539,24.645311216,230.433827831,72.182178497,3,1.000000000,nan,nan,0.000000000,3.580040997,1.894085901,0.016241975,0.031859963,2.024439978,0,0.500000000
228.399062395,19968,2115,0,11309,8659,18059,602,143,141,84,57,9122,8937,312,290,2.621327274,2.066272539,25.384551424,235.797518305,nan,nan,nan,nan,nan,0.000000000,3.621618962,2.529741905,0.020113075,0.033468998,2.683345985,0,0.500000000
228.499076843,20064,1989,0,11127,8937,18059,602,141,143,85,58,9122,8937,312,290,2.621327274,2.066272539,25.975307996,248.453587081,nan,nan,nan,nan,nan,0.000000000,2.713426016,1.895579044,0.015254889,0.023204018,2.011282020,0,0.500000000
228.601992369,19392,2241,0,10776,8616,18059,602,143,144,86,58,9122,8937,312,290,2.621327274,2.066272539,25.773248683,250.653967536,nan,nan,nan,nan,nan,0.000000000,2.638148027,1.858538017,0.015984988,0.027684029,1.990270044,0,0.500000000
228.700235128,20448,1915,0,11362,9086,18529,618,145,135,90,45,9443,9086,315,303,2.671431325,1.997409472,19.956594180,182.571256179,nan,1,nan,nan,nan,0.000000000,3.651646024,1.934754022,0.015352038,0.030105002,2.051759977,0,0.500000000
228.798946857,20160,2273,0,11217,8943,17883,610,143,146,90,56,8943,8940,313,297,2.598998953,2.020525674,26.542162277,216.169489875,4.388809204,2,0.000000000,nan,nan,0.000000000,3.558305965,1.858289063,0.015555939,0.045990979,1.975756022,0,0.500000000
228.900316954,19776,1923,0,10888,8888,17849,618,140,142,88,54,8965,8884,322,296,2.654804277,1.953596167,21.004261350,231.259443463,4.279375076,2,0.000000000,nan,nan,0.000000000,3.940636001,2.319200023,0.019022962,0.039767008,2.470355015,0,0.500000000
228.999199152,19968,2313,0,11224,8744,17651,598,130,129,80,49,8911,8740,309,289,2.676182016,2.034172573,17.891358060,161.342999626,59.615373611,5,1.000000000,nan,nan,0.000000000,7.435029023,4.201962962,0.029734976,0.053988013,4.435699957,0,0.500000000
229.098940372,20064,1885,0,10951,9113,18175,612,134,137,89,48,9066,9109,321,291,2.687600494,1.985458463,18.711515950,204.546982087,10.959625244,2,0.000000000,nan,nan,0.000000000,3.449801006,1.870290027,0.014533987,0.025677029,1.985481998,0,0.500000000
229.198970795,20160,2259,0,11485,8675,18175,612,137,141,89,52,9066,9109,321,291,2.687600494,1.985458463,21.482445056,208.772102633,nan,nan,nan,nan,nan,0.000000000,5.522849038,4.080379033,0.036789977,0.076654018,4.349613038,0,0.500000000
229.299473286,19872,1907,0,10956,8916,17961,607,134,138,83,55,9045,8916,314,293,2.731011900,1.974967616,21.756074790,224.895273762,nan,1,nan,nan,nan,0.000000000,3.562199010,1.930144033,0.016185048,0.041386986,2.055924037,0,0.500000000
229.400455713,20064,2261,0,11301,8763,17799,615,145,138,87,51,9036,8763,322,293,2.749034504,1.969660613,21.150540336,208.311167772,nan,1,nan,nan,nan,0.000000000,5.097813962,3.070981998,0.026273017,0.063352985,3.271491034,0,0.500000000
229.499530792,19968,1940,0,11019,8949,18024,621,149,149,90,59,9079,8945,323,298,2.761129090,1.970287255,26.343734047,268.789529934,5.914449692,14,0.000000000,nan,nan,0.000000000,4.243743955,2.183301025,0.017228012,0.032242970,2.311179007,0,0.500000000
229.600309134,19776,2079,0,10939,8837,18024,621,146,147,90,57,9079,8945,323,298,2.761129090,1.970287255,25.675010549,272.960503563,nan,nan,nan,nan,nan,0.000000000,2.658988000,1.896144997,0.016117003,0.037760008,2.017184044,0,0.500000000
229.700447083,20160,1935,0,11054,9106,18024,621,146,146,89,57,9079,8945,323,298,2.761129090,1.970287255,25.670751519,270.501771792,nan,nan,nan,nan,nan,0.000000000,3.895250964,2.727583924,0.015556987,0.048694026,2.878819010,0,0.500000000
229.798954725,20064,2070,0,10916,9148,18024,621,146,145,88,57,9079,8945,323,298,2.761129090,1.970287255,25.511788360,268.869584403,nan,nan,nan,nan,nan,0.000000000,2.691352041,1.899992872,0.015931088,0.022797030,2.025705006,0,0.500000000
229.900362015,19968,1979,0,11115,8853,17985,605,143,143,93,50,9136,8849,320,285,2.816014443,1.976100662,27.516593710,226.660405479,nan,1,nan,nan,nan,0.000000000,3.590668959,1.940469956,0.017009035,0.052104995,2.057471022,0,0.500000000
229.998970747,19968,1928,0,10909,9059,17985,605,148,147,95,52,9136,8849,320,285,2.816014443,1.976100662,27.063622970,244.536988192,nan,nan,nan,nan,nan,0.000000000,3.717603977,2.700874000,0.025136978,0.051709008,2.885914000,0,0.500000000
230.099573851,20064,2016,0,11245,8819,17985,605,150,151,96,55,9136,8849,320,285,2.816014443,1.976100662,28.084585846,246.449136125,nan,nan,nan,nan,nan,0.000000000,5.329040985,3.609079053,0.029819959,0.048487040,3.823888954,0,0.500000000
230.199037790,19968,1781,0,10825,9143,18183,619,157,157,96,61,9040,9143,325,294,2.892630376,1.938302286,26.734948530,298.891250940,39.652109146,7,1.000000000,nan,nan,0.000000000,3.495957993,1.909048995,0.016602979,0.031403033,2.031243988,0,0.500000000
230.300333500,20064,2087,0,11157,8907,17973,619,163,163,104,59,9066,8907,320,299,2.903204346,1.966441443,33.977783364,264.130200003,nan,1,nan,nan,nan,0.000000000,3.571658977,1.881351986,0.017856946,0.042113999,2.007794043,0,0.500000000
230.399558783,19968,1759,0,10746,9222,18205,631,163,153,94,59,8987,9218,326,305,2.941608125,1.933131422,29.096000690,283.213631851,23.669242859,2,1.000000000,nan,nan,0.000000000,3.860450990,1.984602946,0.017034006,0.041423016,2.108218032,0,0.500000000
230.500287056,19872,2038,0,10975,8897,18205,631,152,153,99,54,8987,9218,326,305,2.941608125,1.933131422,31.214938268,268.394981337,nan,nan,nan,nan,nan,0.000000000,4.241343006,3.104119038,0.028602022,0.079490012,3.310171014,0,0.500000000
230.600053787,19968,1718,0,10713,9255,18246,675,159,162,101,61,8995,9251,342,333,2.997176861,1.999417408,28.104566799,254.298802549,104.507207870,4,1.000000000,nan,nan,0.000000000,3.787338967,2.168386010,0.019010971,0.044515007,2.311871038,0,0.500000000
230.699237585,20256,2047,0,11025,9231,18205,694,164,168,104,64,8977,9228,334,360,2.990026264,2.021300717,40.792121760,314.624363414,4.251956940,2,0.000000000,nan,nan,0.000000000,6.691662013,4.130719113,0.037049991,0.125701015,4.383764986,0,0.500000000
230.798901558,19872,1531,0,10701,9171,18337,708,153,154,98,56,9166,9171,349,359,2.997252616,2.052354266,30.572729525,280.262493124,nan,1,nan,nan,nan,0.000000000,4.920854000,2.568729979,0.018464867,0.054851000,2.707285981,0,0.500000000
230.899048805,19104,1072,0,10127,8977,18028,674,184,172,109,63,9051,8977,338,336,3.005195113,2.040982579,36.598107822,285.626367302,nan,1,nan,nan,nan,0.000000000,3.779719002,2.089935064,0.019514991,0.054619974,2.227476973,0,0.500000000
230.999253988,20448,1904,0,11124,9324,18028,674,169,169,108,61,9051,8977,338,336,3.005195113,2.040982579,35.964990084,273.959135503,nan,nan,nan,nan,nan,0.000000000,4.506347992,3.187270020,0.027546019,0.048622023,3.387817007,0,0.500000000
231.099252701,19584,1585,0,10654,8930,18028,674,170,167,106,61,9051,8977,338,336,3.005195113,2.040982579,36.416212049,276.682139046,nan,nan,nan,nan,nan,0.000000000,4.145318992,2.863615984,0.024855020,0.039402046,3.026951978,0,0.500000000
231.199465036,20352,1819,0,10736,9616,18529,667,159,162,102,60,8917,9612,331,336,3.044075728,2.118840936,27.443164508,267.201673677,nan,1,nan,nan,nan,0.000000000,3.689536999,2.073634008,0.017415092,0.039012986,2.200108021,0,0.500000000
231.299142122,19968,1798,0,10967,9001,18529,667,159,164,100,64,8917,9612,331,336,3.044075728,2.118840936,31.864425235,328.396706530,nan,nan,nan,nan,nan,0.000000000,2.859889995,2.060842933,0.017218001,0.031956006,2.183475008,0,0.500000000
231.399053335,19968,1762,0,10725,9243,18202,668,163,159,98,61,8959,9243,335,333,3.078527560,2.108617343,31.124520690,280.241361932,nan,1,nan,nan,nan,0.000000000,4.416121054,2.130504989,0.018567953,0.048663002,2.268662967,0,0.500000000
231.499042273,19968,1755,0,10953,9015,18209,672,175,181,109,72,9194,9015,337,335,3.062045363,2.116396516,35.923559209,314.367738660,10.087490082,4,0.000000000,nan,nan,0.000000000,7.135002990,3.686078067,0.032267009,0.058613019,3.903679957,0,0.500000000
231.599028111,20064,1742,0,10796,9268,18318,674,161,162,97,65,9050,9268,333,341,3.085090386,2.101728053,29.126687100,278.228528167,nan,1,nan,nan,nan,0.000000000,3.799340047,2.094082010,0.017438026,0.043790031,2.219785994,0,0.500000000
231.701823235,19968,1786,0,10926,9042,18178,676,171,175,99,76,9136,9042,339,337,3.078171311,2.124808156,34.966044874,291.172461625,20.057916641,3,1.000000000,nan,nan,0.000000000,4.304464033,2.218278998,0.018515042,0.055727025,2.347969043,0,0.500000000
231.802593708,19968,1695,0,10598,9370,18269,666,185,183,108,75,8901,9368,326,340,3.107129545,2.067906864,38.727446069,355.573376106,6.378889084,3,0.000000000,nan,nan,0.000000000,4.330310971,2.235435939,0.020948995,0.031373987,2.373860974,0,0.500000000
231.899112463,19968,1763,0,10818,9150,18201,656,165,161,96,65,9054,9147,324,332,3.098197043,2.112061568,33.305779943,282.260021774,84.457635880,3,1.000000000,nan,nan,0.000000000,4.829272977,2.335903933,0.020298990,0.032965967,2.478936047,0,0.500000000
231.999037266,19968,1647,0,10614,9354,18317,676,178,170,95,75,8967,9350,322,354,3.109732774,2.112072351,34.094975649,314.000179395,6.077051163,2,0.000000000,nan,nan,0.000000000,8.655534009,2.601208049,0.021153945,0.041264982,2.734437003,0,0.500000000
232.099024773,20064,1861,0,10818,9246,18199,667,165,166,97,69,8957,9242,317,350,3.088208158,2.168835470,33.933558360,289.455787189,nan,1,nan,nan,nan,0.000000000,6.035406026,3.735562088,0.034940022,0.118712953,3.978598979,0,0.500000000
232.198965073,20064,1635,0,10729,9335,18425,690,174,173,101,72,9094,9331,344,346,3.090642745,2.163510826,32.668451800,314.089358898,6.060123444,9,0.000000000,nan,nan,0.000000000,8.348618983,4.431919951,0.037940976,0.065372966,4.704512015,0,0.500000000
232.300959349,19968,1813,0,10844,9124,18151,674,172,170,83,87,9027,9124,338,336,3.082446566,2.234496369,32.655804605,284.527240816,8.245229721,22,0.000000000,nan,nan,0.000000000,6.462681980,3.651688050,0.024963985,0.048257003,3.823206993,0,0.500000000
232.398991108,19872,1639,0,10644,9228,18229,692,169,161,92,69,9001,9228,338,354,3.055477998,2.203303083,29.476475533,248.860634011,5.882501602,2,0.000000000,nan,nan,0.000000000,4.604051996,2.861952002,0.025127025,0.082711980,3.037551010,0,0.500000000
232.498952150,20160,1857,0,11029,9131,18299,686,167,170,92,78,9168,9131,326,360,3.099564112,2.254766687,33.026718419,294.983493218,85.433006287,10,1.000000000,nan,nan,0.000000000,4.767213017,2.382498002,0.019408995,0.041191000,2.518553985,0,0.500000000
232.598986864,19872,1614,0,10650,9222,18254,700,172,158,79,79,9032,9222,327,373,3.052440263,2.229254792,33.260013257,314.610038103,4.582405090,2,0.000000000,nan,nan,0.000000000,4.240977985,2.231003018,0.018142862,0.038170023,2.359732054,0,0.500000000
232.699792147,20160,1831,0,10803,9357,18325,701,173,172,96,76,8968,9357,336,365,3.069730523,2.227031677,36.283858188,324.716837381,nan,1,nan,nan,nan,0.000000000,4.734551010,2.350959054,0.019576924,0.038093014,2.483059012,0,0.500000000
232.801488638,19872,1598,0,10658,9214,18270,705,176,171,85,86,9060,9210,333,372,3.057804311,2.223709709,32.087338665,344.632141581,80.116510391,3,1.000000000,nan,nan,0.000000000,5.248914007,2.664989035,0.020914944,0.055586046,2.810787002,0,0.500000000
232.900434732,20160,1876,0,10699,9461,18270,705,172,171,91,80,9060,9210,333,372,3.057804311,2.223709709,32.998233221,331.382528477,nan,nan,nan,nan,nan,0.000000000,2.947602014,2.144391998,0.018280989,0.038638012,2.269213961,0,0.500000000
233.000399113,19872,1644,0,10703,9169,18224,693,183,179,96,83,9059,9165,325,368,3.069261892,2.267469952,38.559427602,336.961782931,6.009340286,2,0.000000000,nan,nan,0.000000000,4.832734994,2.983695129,0.028699054,0.066448993,3.171814024,0,0.500000000
233.099038601,19968,1781,0,10546,9422,18183,698,177,173,96,77,8765,9418,320,378,3.128306962,2.321592563,37.449590931,300.243386762,9.925603867,38,0.000000000,nan,nan,0.000000000,4.276415973,2.333633951,0.022241962,0.051034032,2.477661008,0,0.500000000
233.198994398,20064,1678,0,10870,9194,18382,679,179,176,97,79,9188,9194,317,362,3.076119976,2.334487511,43.559802384,333.352460246,20.177602768,4,1.000000000,nan,nan,0.000000000,4.551741993,2.576250059,0.022950000,0.060088991,2.748628962,0,0.500000000
233.298982620,20064,1776,0,10698,9366,18284,698,177,186,98,88,8918,9366,320,378,3.100087248,2.328778776,42.962560261,370.725149186,6.256103516,3,0.000000000,nan,nan,0.000000000,5.243295978,2.995062969,0.028896902,0.061300001,3.196366015,0,0.500000000
233.400990963,20064,1819,0,10844,9220,18241,673,176,185,98,87,9021,9220,309,364,3.073522813,2.331642033,45.815769466,383.747456510,3.929615021,2,0.000000000,nan,nan,0.000000000,5.516409001,2.829639998,0.024590991,0.060308026,2.995488001,0,0.500000000
233.500945330,19680,1660,0,10291,9389,18016,689,198,195,98,97,8631,9385,313,376,3.133368610,2.282437503,47.108826740,364.235103282,nan,1,nan,nan,nan,0.000000000,5.609248008,3.187133989,0.034641067,0.074361975,3.410098027,0,0.500000000
233.601458549,20256,1900,0,10817,9439,18352,676,178,173,93,80,8913,9439,310,366,3.084357043,2.355893265,38.373119747,342.731260775,39.878368378,2,1.000000000,nan,nan,0.000000000,6.071394018,3.699659952,0.034968078,0.093937968,3.933519009,0,0.500000000
233.699114084,19968,1663,0,10407,9561,18352,676,172,174,91,83,8913,9439,310,366,3.084357043,2.355893265,38.797583012,349.091579405,nan,nan,nan,nan,nan,0.000000000,7.029070985,4.615161975,0.038031954,0.054852979,4.885846982,0,0.500000000
233.800250053,20064,1906,0,10626,9438,18154,665,170,165,86,79,8720,9434,305,360,3.094312529,2.402623143,38.484148390,271.793520967,nan,1,nan,nan,nan,0.000000000,4.911400029,2.500320086,0.020316977,0.057204976,2.646066947,0,0.500000000
233.899051905,19968,1751,0,10480,9488,18154,665,156,155,79,76,8720,9434,305,360,3.094312529,2.402623143,36.061326817,263.108149399,nan,nan,nan,nan,nan,0.000000000,2.809711033,1.996256993,0.012945035,0.037353020,2.093971008,0,0.500000000
233.999028444,20064,1909,0,10776,9288,18151,677,175,178,83,95,8866,9285,310,367,3.069718966,2.351432298,37.255419476,333.314749355,3.840923309,2,0.000000000,nan,nan,0.000000000,5.664504017,3.483589971,0.033420103,0.097740965,3.716761013,0,0.500000000
234.098948956,19872,1762,0,10569,9303,18151,677,177,178,84,94,8866,9285,310,367,3.069718966,2.351432298,36.290015903,338.037189161,nan,nan,nan,nan,nan,0.000000000,5.702711991,3.952517058,0.033081975,0.059464015,4.171920998,0,0.500000000
234.198925018,20160,1955,0,10971,9189,18201,668,182,176,86,90,9065,9136,309,359,3.056017170,2.381060560,37.695161491,339.436192587,62.537193298,6,1.000000000,nan,nan,0.000000000,6.039872998,3.091434017,0.026455964,0.060127000,3.272373986,0,0.500000000
234.299641132,19968,1884,0,10879,9089,18080,679,186,198,93,105,9044,9036,310,369,3.021111801,2.398415103,39.158897575,393.928140741,8.506774902,4,0.000000000,nan,nan,0.000000000,3.778695012,2.122656966,0.020537002,0.058310980,2.255744010,0,0.500000000
234.399014711,20064,1988,0,10784,9280,18072,683,169,173,87,86,8847,9225,309,374,3.030571189,2.392517927,33.849637610,310.498648986,39.950847626,3,1.000000000,nan,nan,0.000000000,5.021083984,2.416205069,0.020804990,0.062568986,2.554386971,0,0.500000000
234.498902082,19872,1922,0,10956,8916,18072,683,173,175,88,87,8847,9225,309,374,3.030571189,2.392517927,35.507782235,308.946381805,nan,nan,nan,nan,nan,0.000000000,3.113134007,2.135142859,0.019069994,0.065989967,2.267075994,0,0.500000000
234.599265814,20064,1967,0,10810,9254,18093,682,181,187,80,107,8891,9202,301,381,3.013123818,2.492115595,43.033359922,388.718290373,40.121078491,20,1.000000000,nan,nan,0.000000000,4.290986049,2.159944968,0.020259060,0.042319007,2.295575978,0,0.500000000
234.699699640,20352,1922,0,11306,9046,18426,670,161,169,80,89,9417,9009,304,366,3.005392687,2.542649970,43.636868789,301.812887622,19.265174866,3,1.000000000,nan,nan,0.000000000,5.537496996,2.801964933,0.022468972,0.042824016,2.967001987,0,0.500000000
234.800248146,20064,1914,0,11008,9056,18146,672,175,181,83,98,9124,9022,298,374,3.034795997,2.502249390,41.894104201,391.900537641,11.155843735,9,0.000000000,nan,nan,0.000000000,4.011988989,2.126095002,0.020026986,0.100652047,2.269532997,0,0.500000000
234.899043560,19872,1882,0,10993,8879,17986,664,167,170,80,90,9129,8857,301,363,2.974669339,2.569214681,39.207883324,302.714438292,7.873535156,2,0.000000000,nan,nan,0.000000000,5.801418039,3.480733954,0.034006021,0.082747021,3.719655040,0,0.500000000
235.001005411,20256,1983,0,11121,9135,17986,664,173,173,83,90,9129,8857,301,363,2.974669339,2.569214681,39.183809467,298.458868508,nan,nan,nan,nan,nan,0.000000000,5.536316021,3.700768983,0.024737034,0.053453958,3.882085031,0,0.500000000
235.103458166,20160,1884,0,11054,9106,18272,670,178,182,87,95,9176,9096,301,369,2.963839739,2.590112507,38.742836095,342.514879568,3.356695175,2,0.000000000,nan,nan,0.000000000,3.690718033,2.078946971,0.019146886,0.043293985,2.211524989,0,0.500000000
235.200225830,19968,1849,0,10978,8990,18115,675,175,170,79,91,9129,8986,299,376,2.996837166,2.581457975,36.067964805,331.866296689,43.765306473,4,1.000000000,nan,nan,0.000000000,4.827914003,2.464947931,0.020149921,0.044242013,2.606753958,0,0.500000000
235.300340652,19968,1912,0,11103,8865,18052,675,180,185,82,103,9187,8865,295,380,2.965681314,2.625381747,40.629622962,371.714990249,6.315946579,2,0.000000000,nan,nan,0.000000000,3.696205968,2.088732901,0.019960979,0.056310033,2.222225012,0,0.500000000
235.399629116,20064,1819,0,11145,8919,18241,674,167,175,78,97,9322,8919,291,383,2.963512665,2.626774543,41.787699018,408.074407673,30.022621155,3,1.000000000,nan,nan,0.000000000,5.854293995,3.621564014,0.034650031,0.078857993,3.860087018,0,0.500000000
235.499487877,19968,1896,0,11064,8904,18241,674,172,175,78,97,9322,8919,291,383,2.963512665,2.626774543,42.534354491,396.246849053,nan,nan,nan,nan,nan,0.000000000,7.807657996,5.617335963,0.046357047,0.069222995,5.937055976,0,0.500000000
235.598910809,20064,1869,0,11209,8855,18191,658,177,178,86,92,9336,8855,281,377,2.925677501,2.666708496,40.425398954,371.980216723,5.574464798,2,0.000000000,nan,nan,0.000000000,3.728587995,2.055797027,0.019524945,0.050442992,2.186314028,0,0.500000000
235.700229168,19776,1893,0,10859,8917,17879,652,181,179,76,103,8962,8917,272,380,2.950160018,2.686752327,41.605128532,323.307648314,6.460189819,2,0.000000000,nan,nan,0.000000000,6.110406015,3.084714059,0.027578964,0.078900019,3.270426998,0,0.500000000
235.798941612,20256,1838,0,11223,9033,18414,635,166,172,73,99,9381,9033,272,363,2.911436840,2.680859200,40.388533915,344.585869812,4.447460175,2,0.000000000,nan,nan,0.000000000,6.779038988,3.269250097,0.029628922,0.045081950,3.473308985,0,0.500000000
235.906076431,19872,1881,0,10954,8918,18414,635,175,173,74,99,9381,9033,272,363,2.911436840,2.680859200,42.292346969,367.205372926,nan,nan,nan,nan,nan,0.000000000,3.229920985,2.172612993,0.019232975,0.029795978,2.304458001,0,0.500000000
236.001558781,19776,1444,0,10819,8957,18328,633,155,167,69,98,9374,8954,268,365,2.905715334,2.718885413,41.620015225,292.915877147,130.130529404,5,1.000000000,nan,nan,0.000000000,7.501092041,3.479891981,0.027514005,0.066175999,3.684121009,0,0.500000000
236.098896265,19872,1571,0,10914,8958,18297,665,194,189,79,110,9339,8958,282,383,2.916852056,2.718750960,44.052361960,359.407989600,54.325342178,5,1.000000000,nan,nan,0.000000000,6.940066989,3.534490999,0.028491020,0.046750996,3.719230008,0,0.500000000
236.199129343,19968,1624,0,11006,8962,18340,642,178,179,78,101,9378,8962,267,375,2.877092805,2.735512188,43.960958894,370.687443088,nan,1,nan,nan,nan,0.000000000,4.122863000,2.495163004,0.025102054,0.045691035,2.666401968,0,0.500000000
236.298880339,19968,1713,0,11057,8911,18251,656,163,169,72,97,9342,8909,277,379,2.895756864,2.678370036,42.416639659,345.695596774,19.898414612,4,1.000000000,nan,nan,0.000000000,3.810184018,2.033232944,0.017823942,0.027430011,2.159283962,0,0.500000000
236.400223255,19968,1862,0,10922,9046,18251,656,167,168,72,96,9342,8909,277,379,2.895756864,2.678370036,41.786617081,344.122939218,nan,nan,nan,nan,nan,0.000000000,3.253834031,2.215306973,0.019128027,0.034352997,2.350791998,0,0.500000000
236.498890877,19680,1660,0,10970,8710,18251,656,168,166,71,95,9342,8909,277,379,2.895756864,2.678370036,40.874754364,346.054302400,nan,nan,nan,nan,nan,0.000000000,3.293459013,2.247908036,0.015005993,0.028198003,2.363963984,0,0.500000000
236.601608753,19680,1844,0,10693,8987,17832,644,164,163,72,91,8845,8987,259,385,2.870889991,2.747378909,39.185131208,304.180217939,nan,1,nan,nan,nan,0.000000000,3.521835024,1.970571058,0.017923012,0.053843018,2.096984012,0,0.500000000
236.701452017,20448,1719,0,11257,9191,18725,655,173,178,69,109,9534,9191,261,394,2.795377341,2.779795798,45.746336051,321.838536447,nan,1,nan,nan,nan,0.000000000,6.453913986,3.187780036,0.027828966,0.087410968,3.374598979,0,0.500000000
236.798879862,19968,1730,0,10795,9173,18725,655,178,174,66,108,9534,9191,261,394,2.795377341,2.779795798,42.570368488,300.946904790,nan,nan,nan,nan,nan,0.000000000,2.993086004,2.065494948,0.020123087,0.068043999,2.200076007,0,0.500000000
236.898923874,20064,1779,0,10952,9112,18725,655,176,174,66,108,9534,9191,261,394,2.795377341,2.779795798,42.500892403,300.846509780,nan,nan,nan,nan,nan,0.000000000,3.048204002,2.145224076,0.020926003,0.052099989,2.285896044,0,0.500000000
237.000221491,19776,1719,0,10786,8990,18725,655,176,175,66,109,9534,9191,261,394,2.795377341,2.779795798,42.844500657,311.914944363,nan,nan,nan,nan,nan,0.000000000,4.712080001,3.199105035,0.023544999,0.073503004,3.354554996,0,0.500000000
237.098954678,19968,1874,0,10916,9052,18090,654,143,177,61,116,9042,9048,228,426,2.653314759,2.932947388,40.891129626,386.038562828,94.472169876,3,1.000000000,nan,nan,0.000000000,7.230177987,3.548087960,0.027146016,0.065691012,3.758484963,0,0.500000000
237.199149847,19968,1704,0,10746,9222,18260,633,143,158,50,108,9042,9218,213,420,2.658045169,2.906835081,36.822043147,320.248249172,19.333124161,3,1.000000000,nan,nan,0.000000000,7.101049996,3.501394938,0.027070986,0.091461989,3.705711977,0,0.500000000
237.298930407,19680,1942,0,10829,8851,18260,633,157,153,48,105,9042,9218,213,420,2.658045169,2.906835081,33.785327777,296.219951488,nan,nan,nan,nan,nan,0.000000000,2.872752026,1.944874995,0.016500067,0.036393991,2.063369961,0,0.500000000
237.400643587,20352,1731,0,11043,9309,18617,620,136,148,44,104,9312,9305,202,418,2.633192174,2.934070371,31.987963982,255.252886370,30.139923096,5,1.000000000,nan,nan,0.000000000,6.684281048,3.569477994,0.029336894,0.079310033,3.791692958,0,0.500000000
237.499003172,20064,1982,0,11028,9036,18078,620,155,147,43,104,9042,9036,206,414,2.631553536,2.959184517,32.188605438,223.384486819,56.143522263,6,1.000000000,nan,nan,0.000000000,6.921559980,3.317505994,0.028340961,0.047477020,3.518295009,0,0.500000000
237.598965645,19872,1761,0,10724,9148,18078,620,152,149,44,105,9042,9036,206,414,2.631553536,2.959184517,32.301209967,224.402781486,nan,nan,nan,nan,nan,0.000000000,2.921859035,1.985588053,0.016915030,0.040367013,2.120640012,0,0.500000000
237.698937178,20160,2135,0,10945,9215,18078,620,148,147,44,103,9042,9036,206,414,2.631553536,2.959184517,33.071266603,229.608753075,nan,nan,nan,nan,nan,0.000000000,2.710097993,1.912451000,0.017010025,0.032744952,2.038900973,0,0.500000000
237.798873186,20064,1897,0,10807,9257,18163,629,174,157,49,108,8910,9253,205,424,2.578926775,2.974049558,35.689082877,238.604556598,1.752614975,2,0.000000000,nan,nan,0.000000000,3.600198019,1.983944094,0.018184015,0.048683025,2.113329014,0,0.500000000
237.900258064,20064,2295,0,10854,9210,17765,622,160,154,49,105,8559,9206,195,427,2.599583576,2.993859260,31.669827289,198.964386202,nan,1,nan,nan,nan,0.000000000,5.957407993,2.957288059,0.024049019,0.050136994,3.128963988,0,0.500000000
237.998960733,20064,2120,0,11077,8987,17765,622,158,154,50,104,8559,9206,195,427,2.599583576,2.993859260,32.152651756,199.956710984,nan,nan,nan,nan,nan,0.000000000,2.721759025,1.905372948,0.016745005,0.028109993,2.028532035,0,0.500000000
238.201567650,19968,2291,0,11024,8944,17765,622,157,154,50,104,8559,9206,195,427,2.599583576,2.993859260,32.108998930,199.529397429,nan,nan,nan,nan,nan,0.000000000,3.637043992,2.694650088,0.024757988,0.039389008,2.875230974,0,0.500000000
238.300001860,19968,2504,0,10810,9158,17460,625,168,170,46,124,8303,9157,197,428,2.576419816,2.989199374,37.580812594,321.532544322,4.190921783,2,0.000000000,nan,nan,0.000000000,5.595150986,3.169987001,0.037204998,0.081104983,3.442971036,0,0.500000000
238.399089575,20352,2532,0,10977,9375,17816,628,157,157,42,115,8442,9374,195,433,2.547294566,2.997396185,36.815273686,297.696166809,nan,1,nan,nan,nan,0.000000000,4.048946954,2.048739989,0.016935985,0.060810009,2.173472953,0,0.500000000
238.498829365,20064,2413,0,10872,9192,17647,615,164,162,37,125,8459,9188,191,424,2.547663443,2.981166942,35.249138538,300.511662722,nan,1,nan,nan,nan,0.000000000,5.066335027,2.514867985,0.021243002,0.054965960,2.665235021,0,0.500000000
238.599040508,19968,2582,0,11011,8957,17382,594,162,165,48,117,8425,8957,188,406,2.552265223,3.004286887,38.828810048,296.694923155,19.779682159,6,1.000000000,nan,nan,0.000000000,6.823947013,3.387584991,0.029384973,0.066944980,3.593819973,0,0.500000000
238.698831797,20064,2503,0,10910,9154,17382,594,162,157,43,114,8425,8957,188,406,2.552265223,3.004286887,35.160139316,306.272852667,nan,nan,nan,nan,nan,0.000000000,2.577962005,1.836268057,0.017120910,0.045309018,1.958690002,0,0.500000000
238.799098730,19968,2726,0,11054,8914,17238,587,160,143,38,105,8324,8914,182,405,2.517851685,2.987286309,30.255186195,275.612059958,40.295839310,7,1.000000000,nan,nan,0.000000000,3.420274996,1.843454025,0.017936109,0.041156018,1.984300965,0,0.500000000
238.898843527,20064,2696,0,10760,9304,17364,594,152,143,30,113,8061,9303,180,414,2.526566657,2.955160489,29.993589151,248.073059004,4.516363144,2,0.000000000,nan,nan,0.000000000,3.480397980,1.858093019,0.016544014,0.037101039,1.979253022,0,0.500000000
239.002596617,19680,2900,0,10868,8812,17364,594,148,150,35,115,8061,9303,180,414,2.526566657,2.955160489,33.598916958,260.522044766,nan,nan,nan,nan,nan,0.000000000,2.650137991,1.816677977,0.016277947,0.032618991,1.936524000,0,0.500000000
239.100495338,20448,3004,0,10843,9605,17364,594,153,153,35,118,8061,9303,180,414,2.526566657,2.955160489,34.612277979,272.586130615,nan,nan,nan,nan,nan,0.000000000,6.362427957,4.646162968,0.031318050,0.079494028,4.900802975,0,0.500000000
239.202935934,20064,3231,0,11102,8962,16829,593,158,159,42,117,7871,8958,180,413,2.528935532,2.960484850,39.177109606,291.674221221,99.840164185,2,1.000000000,nan,nan,0.000000000,7.128645957,3.982738010,0.029797957,0.042042986,4.196016002,0,0.500000000
239.300288439,19872,3222,0,10862,9010,16829,593,159,159,41,118,7871,8958,180,413,2.528935532,2.960484850,39.981432283,294.314313556,nan,nan,nan,nan,nan,0.000000000,3.110845981,2.141134988,0.018924999,0.036614016,2.279196051,0,0.500000000
239.400186062,20064,3337,0,11049,9015,16829,593,160,159,41,118,7871,8958,180,413,2.528935532,2.960484850,40.354912073,295.689425804,nan,nan,nan,nan,nan,0.000000000,2.548141987,1.792882977,0.017203973,0.038883009,1.913893037,0,0.500000000
239.500192642,19872,3397,0,10900,8972,16829,593,160,160,42,118,7871,8958,180,413,2.528935532,2.960484850,40.005466684,296.922912486,nan,nan,nan,nan,nan,0.000000000,5.473946978,3.982353024,0.029914954,0.097343000,4.205653968,0,0.500000000
239.600932837,20160,3637,0,11056,9104,16519,584,147,156,40,116,7415,9104,178,406,2.497183705,2.924227409,40.924145978,315.912791227,nan,1,nan,nan,nan,0.000000000,4.663101048,2.389560977,0.027468952,0.066893001,2.550907026,0,0.500000000
239.700204372,19872,3595,0,10961,8911,16273,580,155,158,41,117,7366,8907,174,406,2.449666228,2.939335430,33.774889373,300.627871146,nan,1,nan,nan,nan,0.000000000,4.672808980,2.331333933,0.021368964,0.059531012,2.501435985,0,0.500000000
239.799024820,20064,3667,0,10740,9324,16273,580,157,159,41,118,7366,8907,174,406,2.449666228,2.939335430,32.030858288,311.758262086,nan,nan,nan,nan,nan,0.000000000,2.471844025,1.743094996,0.016812002,0.043003995,1.874606009,0,0.500000000
239.900157452,19968,3806,0,10931,9037,16158,569,112,127,29,98,7125,9033,170,399,2.417791991,2.957303824,31.531920738,222.401172983,38.472652435,4,1.000000000,nan,nan,0.000000000,4.368726979,2.514168969,0.018614985,0.092099013,2.672257018,0,0.500000000
239.998927116,19968,3793,0,10651,9317,16171,561,129,139,30,109,6858,9313,168,393,2.427036006,2.892921851,33.210330792,200.719226901,14.990329742,3,0.000000000,nan,nan,0.000000000,3.340323980,1.764394983,0.015030033,0.032893964,1.888266997,0,0.500000000
240.099901199,19968,4045,0,10943,9025,15919,549,151,149,28,121,6897,9022,167,382,2.430922501,2.948403732,32.742645928,205.901655379,5.133867264,2,0.000000000,nan,nan,0.000000000,4.070303985,2.362198022,0.023135974,0.048645015,2.533469000,0,0.500000000
240.198987246,20064,3962,0,10652,9412,16098,570,144,142,27,115,6690,9408,168,402,2.423327241,2.874048405,30.886286984,195.406631225,49.486160278,8,1.000000000,nan,nan,0.000000000,6.269506004,3.085097065,0.024484994,0.042230007,3.267852007,0,0.500000000
240.299456358,19968,4251,0,11042,8926,16098,570,144,142,30,112,6690,9408,168,402,2.423327241,2.874048405,32.204231512,160.251281209,nan,nan,nan,nan,nan,0.000000000,2.503221040,1.776328019,0.015765021,0.022138993,1.895709021,0,0.500000000
240.500230074,19872,4390,0,10951,8921,15478,568,171,160,31,129,6557,8921,155,413,2.405612814,2.920702824,36.643250719,241.888961415,99.707126617,2,1.000000000,nan,nan,0.000000000,6.231389998,3.155195038,0.032894022,0.058802019,3.375578031,0,0.500000000
240.599082470,19968,4375,0,10797,9171,15478,568,161,157,27,130,6557,8921,155,413,2.405612814,2.920702824,35.717030162,240.365062730,nan,nan,nan,nan,nan,0.000000000,2.602037974,1.751060016,0.016898965,0.033592049,1.873144996,0,0.500000000
240.698789835,20064,4712,0,11146,8918,15478,568,160,158,28,130,6557,8921,155,413,2.405612814,2.920702824,35.753008655,239.645742386,nan,nan,nan,nan,nan,0.000000000,2.554070030,1.797916950,0.017732033,0.030566007,1.931445033,0,0.500000000
240.798951864,20160,4509,0,10872,9288,15478,568,160,159,28,131,6557,8921,155,413,2.405612814,2.920702824,35.795185174,243.884896147,nan,nan,nan,nan,nan,0.000000000,5.308948981,3.896693990,0.029382994,0.027340022,4.108905967,0,0.500000000
240.900285959,19968,4634,0,11018,8950,15478,568,160,160,28,132,6557,8921,155,413,2.405612814,2.920702824,35.914256205,245.407222567,nan,nan,nan,nan,nan,0.000000000,2.588470990,1.781823928,0.017087033,0.028521987,1.905216021,0,0.500000000
241.000262737,19968,4453,0,10964,9004,15511,518,136,138,28,110,6670,8841,144,374,2.342250264,2.917321037,32.046056834,184.649630710,nan,1,nan,nan,nan,0.000000000,6.721582031,3.333592089,0.029608025,0.079009973,3.565206949,0,0.500000000
241.100271463,19872,4449,0,10945,8927,15511,518,138,140,28,112,6670,8841,144,374,2.342250264,2.917321037,31.914261949,179.056839623,nan,nan,nan,nan,nan,0.000000000,2.441425982,1.691182028,0.014921068,0.032262004,1.806432963,0,0.500000000
241.198983431,20160,4644,0,11177,8983,15512,544,143,148,29,119,6789,8723,151,393,2.306909800,2.947753549,38.784126782,198.211391412,nan,1,nan,nan,nan,0.000000000,4.125242995,2.176348935,0.019657018,0.048854970,2.323553956,0,0.500000000
241.300229549,19872,4497,0,10943,8929,15371,551,144,146,21,125,6706,8665,150,401,2.267503374,2.911380539,39.316107168,230.610330364,nan,1,nan,nan,nan,0.000000000,4.198230978,2.412994974,0.022622000,0.076213037,2.587600960,0,0.500000000
241.398894787,19968,4793,0,11075,8893,15171,551,153,153,27,126,6559,8612,141,410,2.286080011,2.938553548,40.255536880,285.374068461,54.802894592,4,1.000000000,nan,nan,0.000000000,3.167952003,1.683873998,0.016762991,0.055371958,1.802847022,0,0.500000000
241.502572060,19968,4859,0,11194,8774,15105,523,136,137,20,117,6588,8517,131,392,2.226065290,2.929243129,25.326095753,230.158663450,34.482240677,5,1.000000000,nan,nan,0.000000000,3.406231990,1.686854113,0.014907040,0.140812015,1.804710017,0,0.500000000
241.598817825,19968,4896,0,10978,8990,15105,523,142,147,22,125,6588,8517,131,392,2.226065290,2.929243129,32.161831878,247.434709265,nan,nan,nan,nan,nan,0.000000000,2.435628965,1.687577984,0.017276965,0.026231981,1.824020001,0,0.500000000
241.701572895,20160,5202,0,11381,8779,14954,498,131,129,12,117,6523,8431,124,374,2.179639658,2.961629386,28.078219149,207.359920455,nan,1,nan,nan,nan,0.000000000,2.824120980,1.500427024,0.014051911,0.035698991,1.617410977,0,0.500000000
241.800135612,19968,5255,0,11154,8814,14709,492,125,142,18,124,6348,8361,124,368,2.208534234,2.933097716,30.436886381,268.147196184,nan,1,nan,nan,nan,0.000000000,2.967127017,1.505049935,0.014641031,0.040317012,1.626073034,0,0.500000000
241.901340485,20064,5330,0,11328,8736,14730,472,127,116,16,100,6553,8177,123,349,2.169905288,2.981841610,25.457046243,223.292887835,5.580902100,2,0.000000000,nan,nan,0.000000000,5.105658027,2.372807998,0.022370950,0.029579038,2.549205034,0,0.500000000
242.000201225,19968,5543,0,11377,8591,14730,472,119,117,15,102,6553,8177,123,349,2.169905288,2.981841610,25.574618758,222.629603703,nan,nan,nan,nan,nan,0.000000000,2.086203953,1.376208966,0.009672949,0.031412987,1.463021035,0,0.500000000
242.100189924,19872,5591,0,11499,8373,14730,472,118,120,15,105,6553,8177,123,349,2.169905288,2.981841610,26.614290138,227.101605920,nan,nan,nan,nan,nan,0.000000000,1.992709003,1.346948033,0.009740994,0.014798017,1.434709004,0,0.500000000
242.199043751,19968,5886,0,11635,8333,14078,454,122,117,17,100,6534,7544,120,334,2.134597607,3.018027106,21.481116892,205.296219273,84.499597549,4,1.000000000,nan,nan,0.000000000,5.043341022,2.612384909,0.023920962,0.058246020,2.817531000,0,0.500000000
242.301222324,20064,5871,0,11695,8369,14189,437,122,121,20,101,6727,7462,118,319,2.095013593,3.066584063,22.800695867,226.779513901,nan,1,nan,nan,nan,0.000000000,6.293685990,3.450047923,0.033625925,0.077261007,3.729597025,0,0.500000000
242.400190830,19872,6078,0,11800,8072,13790,446,121,121,21,100,6637,7153,119,327,2.087775893,3.047458968,23.417218072,171.916779878,nan,1,nan,nan,nan,0.000000000,3.667926998,1.821271027,0.016154023,0.040788029,1.958944020,0,0.500000000
242.499645710,19968,6150,0,11960,8008,13814,440,113,113,21,92,6819,6995,116,324,2.075788729,3.075398321,20.374861286,197.704255274,59.893846512,2,1.000000000,nan,nan,0.000000000,2.684081031,1.384961011,0.012488978,0.033303979,1.494139025,0,0.500000000
242.700433016,19968,6398,0,12179,7789,13566,458,124,123,18,105,6853,6713,119,339,2.039647746,3.079642603,24.156994102,182.831819914,64.528703690,7,1.000000000,nan,nan,0.000000000,2.701877966,1.403685950,0.013074023,0.037010002,1.515019976,0,0.500000000
242.798906565,20064,6617,0,12320,7744,13443,448,117,112,18,94,6778,6665,118,330,2.013794968,3.082020395,21.630687186,147.259290888,nan,1,nan,nan,nan,0.000000000,3.430627985,1.618793060,0.014742021,0.029660994,1.745928021,0,0.500000000
242.899063349,19776,6428,0,11980,7796,13443,448,111,111,19,92,6778,6665,118,330,2.013794968,3.082020395,21.499676855,139.763850479,nan,nan,nan,nan,nan,0.000000000,1.929035992,1.306290971,0.008882023,0.021002023,1.391894009,0,0.500000000
243.101613283,20064,6746,0,12130,7934,13314,443,119,120,21,99,6499,6815,114,329,1.983172727,3.051817739,23.348663236,131.172746083,50.272703171,8,1.000000000,nan,nan,0.000000000,2.631988958,1.355045999,0.013138051,0.072296010,1.466158952,0,0.500000000
243.200374365,19872,6650,0,12168,7704,13218,426,113,110,24,86,6654,6564,113,313,1.936222353,3.053250572,22.878299646,119.348001139,nan,1,nan,nan,nan,0.000000000,3.508386028,1.711210061,0.014854071,0.030552968,1.846486004,0,0.500000000
243.298835754,20160,6836,0,12364,7796,13320,416,107,108,25,83,6699,6621,113,303,1.951997467,3.034394226,23.680284094,103.902030070,32.094955444,3,1.000000000,nan,nan,0.000000000,2.517107991,1.246437023,0.012196950,0.033968012,1.369511010,0,0.500000000
243.400294781,19968,6717,0,12240,7728,13247,407,106,105,27,78,6763,6484,113,294,1.914254392,3.079698909,22.422612464,77.788057067,nan,1,nan,nan,nan,0.000000000,7.251937001,4.020655993,0.039567065,0.016916019,4.366891051,0,0.500000000
243.500260115,19968,6917,0,12275,7693,13247,407,101,103,27,76,6763,6484,113,294,1.914254392,3.079698909,22.593979298,73.824605639,nan,nan,nan,nan,nan,0.000000000,3.917545022,2.499661001,0.021079963,0.030258961,2.698527009,0,0.500000000
243.600165606,19968,6723,0,12236,7732,13241,403,102,106,23,83,6806,6435,108,295,1.880950258,3.102201063,24.426032718,56.336240832,28.090953827,3,1.000000000,nan,nan,0.000000000,2.815885993,1.495058066,0.014126010,0.030227005,1.629766019,0,0.500000000
243.700603008,19776,6911,0,12089,7687,13241,403,103,102,23,79,6806,6435,108,295,1.880950258,3.102201063,22.714697361,52.584810403,nan,nan,nan,nan,nan,0.000000000,4.516100977,3.123142000,0.022863038,0.053068972,3.346513025,0,0.500000000
243.801592588,20352,6705,0,12335,8017,13643,377,104,104,22,82,6934,6709,99,278,1.851150162,3.075346148,24.358091650,61.549861303,30.301570892,5,1.000000000,nan,nan,0.000000000,4.158312047,1.876861032,0.018157007,0.025950954,2.048812981,0,0.500000000
243.900274992,19872,6776,0,12120,7752,13092,388,104,105,19,86,6572,6520,96,292,1.855382313,3.087952803,25.220855510,64.967396453,nan,1,nan,nan,nan,0.000000000,3.613459994,1.907104976,0.017805956,0.028916984,2.074501012,0,0.500000000
244.000181437,19968,6567,0,12047,7921,13397,382,98,104,18,86,6742,6655,95,287,1.826446127,3.095792972,26.857950948,63.362683951,74.267148972,5,1.000000000,nan,nan,0.000000000,3.321842989,1.637478999,0.015031022,0.031826959,1.779257029,0,0.500000000
244.099130154,20064,6579,0,12089,7975,13481,385,105,105,16,89,6662,6819,94,291,1.824787924,3.080039103,23.245867464,76.437379187,nan,1,nan,nan,nan,0.000000000,3.851381014,1.769644965,0.017185987,0.032618002,1.923436997,0,0.500000000
244.199193954,19968,6407,0,12096,7872,13481,385,104,103,14,89,6662,6819,94,291,1.824787924,3.080039103,23.028702123,71.870183378,nan,nan,nan,nan,nan,0.000000000,2.060466970,1.398863038,0.014277000,0.032406999,1.529004017,0,0.500000000
244.300132275,19968,6348,0,12154,7814,13616,389,119,114,22,92,6888,6728,90,299,1.802449028,3.069446343,26.858592937,91.674120876,nan,1,nan,nan,nan,0.000000000,4.958028032,2.207345096,0.023211993,0.041149033,2.399249002,0,0.500000000
244.398836851,20064,6286,0,12201,7863,13774,391,106,108,18,90,6987,6787,86,305,1.786962826,3.031715735,26.504137516,72.412619750,55.901527405,6,1.000000000,nan,nan,0.000000000,5.976910004,2.847230004,0.026827969,0.055735989,3.091316030,0,0.500000000
244.500186205,19776,6158,0,11949,7827,13774,391,109,108,18,90,6987,6787,86,305,1.786962826,3.031715735,26.542148718,75.489258540,nan,nan,nan,nan,nan,0.000000000,2.437171992,1.519965939,0.014915946,0.026870985,1.660851995,0,0.500000000
244.602715731,19776,6221,0,11913,7863,13551,392,105,113,22,91,6720,6831,82,310,1.773265333,2.970629863,26.493940197,70.436550753,nan,1,nan,nan,nan,0.000000000,4.813607025,2.622583066,0.027364993,0.056831050,2.867898031,0,0.500000000
244.699289083,20352,6220,0,12481,7871,13551,392,107,105,19,86,6720,6831,82,310,1.773265333,2.970629863,23.370123668,55.656323763,nan,nan,nan,nan,nan,0.000000000,3.116494976,2.038469014,0.019185070,0.030700001,2.214407024,0,0.500000000
244.799023628,20064,6308,0,12095,7969,13752,380,102,104,18,86,6856,6896,78,302,1.743216722,2.900862836,24.017037446,67.466307242,nan,1,nan,nan,nan,0.000000000,2.939336002,1.452568045,0.014204939,0.044065004,1.585339021,0,0.500000000
244.900269508,20064,5917,0,11991,8073,13752,380,105,103,18,85,6856,6896,78,302,1.743216722,2.900862836,24.399439605,63.723217661,nan,nan,nan,nan,nan,0.000000000,4.195268964,2.589237993,0.024816138,0.040318002,2.823757997,0,0.500000000
245.000224829,19680,6047,0,11962,7718,13752,380,104,103,18,85,6856,6896,78,302,1.743216722,2.900862836,23.473278397,66.987157107,nan,nan,nan,nan,nan,0.000000000,2.737278992,1.687706972,0.011841010,0.020534964,1.794843003,0,0.500000000
245.100047588,20256,5885,0,11973,8283,14367,394,109,108,19,89,7073,7294,74,320,1.695738479,2.919539642,25.947579343,58.127567662,13.913631439,2,0.000000000,nan,nan,0.000000000,3.583863960,1.584220969,0.015564961,0.024214969,1.726219023,0,0.500000000
245.200125694,19776,6095,0,12002,7774,13677,387,108,102,13,89,6866,6811,74,313,1.699762644,2.903003179,18.325700663,57.768284292,nan,1,nan,nan,nan,0.000000000,4.191311949,2.114572038,0.021196029,0.049172028,2.309017989,0,0.500000000
245.298279762,19968,5836,0,11926,8042,14128,389,103,101,13,88,7093,7035,74,315,1.660924191,2.874437659,17.774684254,60.863399463,91.657161713,5,1.000000000,nan,nan,0.000000000,5.011295958,2.368201967,0.022007909,0.039006001,2.572236001,0,0.500000000
245.401361704,19584,6044,0,11966,7618,13536,383,105,115,16,99,6858,6678,73,310,1.656565810,2.843239728,24.870958363,75.566952465,5.699872971,2,0.000000000,nan,nan,0.000000000,2.485153032,1.157456078,0.011861965,0.021877990,1.265315979,0,0.500000000
245.499593496,20640,5891,0,12280,8360,14745,385,96,97,15,82,7413,7332,74,311,1.625174790,2.869494726,17.281041339,53.361740303,nan,1,nan,nan,nan,0.000000000,4.850629019,2.079891914,0.017887971,0.048148970,2.253783983,0,0.500000000
245.598844528,19968,6148,0,12086,7882,14745,385,97,95,16,79,7413,7332,74,311,1.625174790,2.869494726,16.219290440,48.262045873,nan,nan,nan,nan,nan,0.000000000,1.836597046,1.154148951,0.010397984,0.019520987,1.257586002,0,0.500000000
245.700197697,20160,6137,0,12074,8086,14019,382,99,90,19,71,6979,7040,77,305,1.593710433,2.838802077,17.192237053,45.419126014,4.308938980,2,0.000000000,nan,nan,0.000000000,2.489472041,1.160966989,0.010865915,0.029977993,1.265556959,0,0.500000000
245.800110579,19872,5989,0,11914,7958,13879,388,100,103,17,86,6846,7033,80,308,1.579232279,2.833927392,22.554269638,47.200856563,56.002616882,10,1.000000000,nan,nan,0.000000000,6.355214049,3.181175969,0.030107039,0.057796016,3.464118985,0,0.500000000
245.898897648,20064,6031,0,11997,8067,14029,382,94,93,15,78,6900,7129,76,306,1.552910507,2.810635795,20.168936520,47.168531509,nan,1,nan,nan,nan,0.000000000,3.725520975,1.659978996,0.015144935,0.032490003,1.807174995,0,0.500000000
246.000103951,20064,5762,0,11821,8243,14029,382,97,97,15,82,6900,7129,76,306,1.552910507,2.810635795,22.053743287,57.111696834,nan,nan,nan,nan,nan,0.000000000,1.764421002,1.157064980,0.010647986,0.022584049,1.269832021,0,0.500000000
246.100280762,19392,5349,0,11452,7940,14039,381,95,96,21,75,6990,7049,79,302,1.478751985,2.765784897,20.373667452,47.838192537,6.193399429,2,0.000000000,nan,nan,0.000000000,2.828706987,1.421538065,0.013286015,0.035340956,1.551143010,0,0.500000000
246.199533939,20448,6094,0,12148,8300,14039,381,98,95,20,75,6990,7049,79,302,1.478751985,2.765784897,20.411704042,48.031726021,nan,nan,nan,nan,nan,0.000000000,1.730845019,1.098809938,0.010359043,0.020626991,1.204473025,0,0.500000000
246.298850536,20256,5924,0,12109,8147,14328,382,101,100,17,83,7022,7306,76,306,1.418659208,2.739010559,19.995045711,64.151302468,7.810115814,3,0.000000000,nan,nan,0.000000000,3.776261001,1.590873057,0.014677062,0.035155972,1.731286000,0,0.500000000
246.400595427,19872,5789,0,11698,8174,14328,382,100,99,17,82,7022,7306,76,306,1.418659208,2.739010559,19.360361019,62.495862391,nan,nan,nan,nan,nan,0.000000000,1.835782023,1.127523021,0.010611955,0.019436993,1.233465970,0,0.500000000
246.500135422,19872,5754,0,11794,8078,14114,372,99,103,14,89,6860,7254,66,306,1.361906388,2.738468994,27.762763753,59.217567620,nan,1,nan,nan,nan,0.000000000,4.429354041,1.840539975,0.024229987,0.033345015,2.006339026,0,0.500000000
246.600485086,19968,6070,0,11906,8062,13894,371,101,99,11,88,6687,7207,65,306,1.336310605,2.691199910,23.218627048,60.250408469,24.222850800,3,1.000000000,nan,nan,0.000000000,3.653861000,1.644336036,0.015349011,0.047385984,1.787916000,0,0.500000000
246.699725866,19968,5835,0,11888,8080,14129,370,93,91,10,81,6879,7250,64,306,1.301052644,2.704638828,24.177189745,54.781817038,40.550231934,3,1.000000000,nan,nan,0.000000000,2.606926020,1.164905028,0.010676042,0.013816985,1.274336013,0,0.500000000
246.799343586,19584,6101,0,11513,8071,14129,370,92,91,9,82,6879,7250,64,306,1.301052644,2.704638828,24.755570302,55.377195434,nan,nan,nan,nan,nan,0.000000000,1.752213051,1.094280975,0.010330987,0.015155994,1.198711980,0,0.500000000
246.898832083,19776,5885,0,11779,7997,13887,370,93,93,9,84,6735,7152,62,308,1.266617534,2.716694915,23.741296644,56.045884261,5.185365677,2,0.000000000,nan,nan,0.000000000,3.945449018,1.886782062,0.014037942,0.024897978,2.062216983,0,0.500000000
246.999002695,20544,6365,0,12398,8146,14175,367,94,100,7,93,6877,7298,62,305,1.230093910,2.702866548,21.718261266,68.539974903,99.970817566,5,1.000000000,nan,nan,0.000000000,4.769159015,2.058334008,0.018836057,0.036618032,2.238954999,0,0.500000000
247.098871231,19680,5684,0,11584,8096,13992,366,112,98,9,89,6740,7252,60,306,1.204392185,2.693152338,24.118241418,59.355243705,60.268402100,2,1.000000000,nan,nan,0.000000000,5.865250947,2.897396975,0.031156989,0.045822992,3.166509036,0,0.500000000
247.199441433,20352,6555,0,12141,8211,13793,364,87,87,6,81,6490,7303,58,306,1.209975379,2.686572605,20.952933620,62.837180337,nan,1,nan,nan,nan,0.000000000,2.331429045,1.082506962,0.009606942,0.027756963,1.183359011,0,0.500000000
247.300080299,20064,6016,0,11786,8278,14044,380,101,101,7,94,6655,7389,61,319,1.151209777,2.703127248,21.662033741,73.422742783,nan,1,nan,nan,nan,0.000000000,5.369748978,2.604884969,0.024060020,0.038228987,2.833602019,0,0.500000000
247.400202036,19872,6189,0,11887,7985,14044,380,104,99,8,91,6655,7389,61,319,1.151209777,2.703127248,22.940073900,71.179137801,nan,nan,nan,nan,nan,0.000000000,2.221403003,1.364278956,0.013539102,0.028106035,1.495676988,0,0.500000000
247.500685930,19680,6198,0,11889,7791,14044,380,101,101,7,94,6655,7389,61,319,1.151209777,2.703127248,21.987043144,71.269134378,nan,nan,nan,nan,nan,0.000000000,1.682424045,1.105146017,0.008311996,0.014343008,1.191586955,0,0.500000000
247.599952936,19968,6387,0,12040,7928,13577,409,112,122,10,112,6555,7022,67,342,1.142952302,2.711237552,34.111953196,77.915065909,nan,1,nan,nan,nan,0.000000000,2.914244018,1.505795924,0.015370024,0.051323033,1.635291032,0,0.500000000
247.800236940,19968,6620,0,12149,7819,13344,383,105,105,7,98,6454,6890,65,318,1.104327416,2.709331415,26.910441304,74.401253211,89.696884155,4,1.000000000,nan,nan,0.000000000,3.214608005,1.485636982,0.013855984,0.023103028,1.619932998,0,0.500000000
247.900113344,19680,6698,0,11830,7850,13344,383,100,101,5,96,6454,6890,65,318,1.104327416,2.709331415,26.954350742,69.707118009,nan,nan,nan,nan,nan,0.000000000,1.699366025,1.132258971,0.010873948,0.013236015,1.233744028,0,0.500000000
248.099776506,20064,6785,0,12129,7935,13275,384,121,104,8,96,6242,7033,68,316,1.068070218,2.670789216,29.251281036,63.678878217,nan,1,nan,nan,nan,0.000000000,2.399210003,1.154332014,0.012429955,0.018013001,1.262108970,0,0.500000000
248.300122023,19872,6790,0,12121,7751,13078,398,125,108,10,98,6274,6804,70,328,1.046416968,2.666314057,29.672496927,68.642026119,nan,1,nan,nan,nan,0.000000000,3.270409012,1.514319971,0.015761063,0.040283019,1.656708017,0,0.500000000
248.398837328,19872,6722,0,12164,7708,13146,409,113,115,10,105,6440,6706,74,335,1.047167860,2.681251108,31.068797965,79.689003944,59.832572937,3,1.000000000,nan,nan,0.000000000,3.578347969,1.946748002,0.014422985,0.041118998,2.108526998,0,0.500000000
248.499660492,19296,6674,0,11998,7298,12618,403,95,104,8,96,6304,6314,78,325,1.051167203,2.704218858,29.369292728,66.315267653,44.277429581,7,1.000000000,nan,nan,0.000000000,2.455364040,1.273312024,0.011908996,0.028811977,1.385340001,0,0.500000000
248.596923590,20928,7041,0,12731,8197,13883,413,113,105,6,99,6793,7090,86,327,1.055976331,2.644418871,29.755675185,62.160967828,nan,1,nan,nan,nan,0.000000000,2.656912955,1.276018971,0.012417964,0.033023010,1.389064011,0,0.500000000
248.699483871,19776,6853,0,12227,7549,12919,427,117,110,8,102,6421,6498,97,330,1.067107307,2.622108430,33.568630337,74.361314483,5.552530289,2,0.000000000,nan,nan,0.000000000,3.377311979,1.713634992,0.015952974,0.034977042,1.854089031,0,0.500000000
248.900298357,19872,6973,0,12577,7295,12895,405,105,100,9,91,6641,6254,115,290,1.272982688,2.512694532,27.168916106,77.074288981,nan,1,nan,nan,nan,0.000000000,2.573850972,1.219010039,0.011317024,0.031230040,1.324595010,0,0.500000000
248.998923779,20160,6844,0,12673,7487,13312,412,94,92,14,78,6852,6460,133,279,1.361685353,2.360532754,29.045752454,83.673457020,nan,1,nan,nan,nan,0.000000000,5.556163960,3.038575989,0.026397000,0.119181990,3.290068998,0,0.500000000
249.100353956,19776,7106,0,12892,6884,13312,412,83,91,9,82,6852,6460,133,279,1.361685353,2.360532754,26.177872668,61.249564393,nan,nan,nan,nan,nan,0.000000000,2.630372997,1.678310975,0.012466044,0.037100981,1.816014003,0,0.500000000
249.198872328,20256,6836,0,13127,7129,13416,379,82,86,22,64,7141,6275,183,196,1.496244960,2.112597718,22.622347947,62.739465441,nan,1,nan,nan,nan,0.000000000,2.547701995,1.195769000,0.009796000,0.033939024,1.296723960,0,0.500000000
249.300401688,19968,6865,0,13077,6891,13099,370,91,87,17,70,6902,6197,174,196,1.487590807,2.033601965,23.969627192,60.327998558,4.963874817,2,0.000000000,nan,nan,0.000000000,2.236503002,1.095052052,0.010122953,0.020254985,1.193717006,0,0.500000000
249.400075436,19872,6566,0,12856,7016,13099,370,89,91,17,74,6902,6197,174,196,1.487590807,2.033601965,25.081060810,63.283626089,nan,nan,nan,nan,nan,0.000000000,2.514318039,1.572636014,0.014553021,0.039134989,1.722864981,0,0.500000000
249.498852015,19968,6584,0,13010,6958,13380,373,107,90,21,69,6864,6516,183,190,1.466054509,2.016762942,25.583177645,68.887677734,44.619798660,6,1.000000000,nan,nan,0.000000000,7.830559975,3.820849000,0.034741999,0.044549000,4.140833975,0,0.500000000
249.598842144,20256,6522,0,13087,7169,13730,398,100,93,27,66,6959,6771,202,196,1.464239729,1.962333871,23.656995462,78.888827854,4.227161407,2,0.000000000,nan,nan,0.000000000,3.348285041,1.172837976,0.010303047,0.035259000,1.274619950,0,0.500000000
249.700231075,19776,6288,0,12906,6870,13484,399,106,105,28,77,6958,6526,200,199,1.490796022,1.994791702,24.431038506,104.751611590,nan,1,nan,nan,nan,0.000000000,2.568244992,1.324768993,0.011849974,0.025441987,1.433898986,0,0.500000000
249.798839331,19776,6085,0,12757,7019,13687,375,98,89,35,54,6869,6818,201,174,1.559168065,1.916261493,24.420131235,60.383270340,31.883716583,12,1.000000000,nan,nan,0.000000000,2.770610037,1.148805954,0.010420044,0.021475018,1.252061047,0,0.500000000
250.000209332,19680,5847,0,12854,6826,13687,375,98,97,42,55,6869,6818,201,174,1.559168065,1.916261493,26.564583853,69.108076423,nan,nan,nan,nan,nan,0.000000000,1.940304006,1.226798049,0.012127100,0.039050006,1.340335992,0,0.500000000
250.200037003,19584,5751,0,12926,6658,13829,371,84,90,60,30,7399,6430,246,125,1.718301726,1.801782052,27.012234892,70.309017451,129.890203476,5,1.000000000,nan,nan,0.000000000,2.557141997,1.168372983,0.009470969,0.019284023,1.266326988,0,0.500000000
250.299001455,20448,5518,0,13323,7125,14926,409,118,104,57,47,8036,6890,257,152,1.676137509,1.769743350,29.545110423,109.705869039,95.408916473,4,1.000000000,nan,nan,0.000000000,2.505858953,1.239811012,0.012717908,0.021395041,1.347451005,0,0.500000000
250.401167393,19968,5719,0,13020,6948,14245,391,93,96,62,34,7523,6722,255,136,1.708539405,1.811414335,28.327601740,66.005873453,1.619815826,2,0.000000000,nan,nan,0.000000000,2.453848021,1.194272016,0.010291988,0.022221007,1.296811970,0,0.500000000
250.500134468,19776,5369,0,12611,7165,14245,391,94,97,60,37,7523,6722,255,136,1.708539405,1.811414335,28.319086954,70.828755697,nan,nan,nan,nan,nan,0.000000000,1.785547007,1.162397035,0.010325981,0.028892013,1.264987979,0,0.500000000
250.598832130,20064,5549,0,12873,7191,14511,408,95,96,58,38,7537,6974,250,158,1.655004791,1.817270210,26.206465699,73.953815305,59.942007065,5,1.000000000,nan,nan,0.000000000,2.722956997,1.407374919,0.012508011,0.057731988,1.526662963,0,0.500000000
250.699158192,20160,5454,0,12669,7491,14511,408,96,94,56,38,7537,6974,250,158,1.655004791,1.817270210,25.205865716,70.862630355,nan,nan,nan,nan,nan,0.000000000,4.521440016,3.080275957,0.025309040,0.053522002,3.324071993,0,0.500000000
250.800158501,19872,5213,0,12400,7472,14655,399,109,95,56,39,7368,7287,240,159,1.657814252,1.804319586,24.826217823,67.383853902,nan,1,nan,nan,nan,0.000000000,2.900438965,1.276000985,0.011868018,0.025417015,1.386453980,0,0.500000000
250.901328802,20064,5193,0,12353,7711,14655,399,94,93,55,38,7368,7287,240,159,1.657814252,1.804319586,23.497326015,59.887086107,nan,nan,nan,nan,nan,0.000000000,2.042539010,1.288671920,0.012153003,0.027498987,1.426236995,0,0.500000000
251.002563000,19872,4769,0,12105,7767,15099,411,105,106,55,51,7534,7565,241,170,1.639072178,1.794052672,24.390172270,97.299221255,54.163932800,5,1.000000000,nan,nan,0.000000000,2.588683972,1.302237913,0.011532044,0.035197998,1.411260979,0,0.500000000
251.098760128,20160,4994,0,12267,7893,15099,411,107,106,57,49,7534,7565,241,170,1.639072178,1.794052672,24.038429938,100.031968415,nan,nan,nan,nan,nan,0.000000000,2.318665967,1.577226969,0.016206992,0.029320014,1.718286017,0,0.500000000
251.200205803,19872,4683,0,11971,7901,15185,415,109,106,55,51,7480,7705,239,176,1.601930867,1.815259248,24.762871635,95.422100438,49.400091171,4,1.000000000,nan,nan,0.000000000,3.183202993,1.400804031,0.013318029,0.034685014,1.518370991,0,0.500000000
251.298815250,20160,4861,0,12180,7980,15295,389,106,106,58,48,7456,7839,219,170,1.587056223,1.797141292,23.847696141,100.762401918,69.534778595,6,1.000000000,nan,nan,0.000000000,5.528856011,2.264043083,0.020800100,0.059343001,2.459305979,0,0.500000000
251.400183916,19776,4707,0,11771,8005,15295,389,100,103,54,49,7456,7839,219,170,1.587056223,1.797141292,25.255983639,104.622395190,nan,nan,nan,nan,nan,0.000000000,1.924226992,1.196119003,0.011241005,0.025134999,1.303010038,0,0.500000000
251.499080896,20064,5047,0,12420,7644,15013,370,94,96,54,42,7476,7537,213,157,1.549300163,1.906875458,23.354684803,71.327639292,19.455671310,2,1.000000000,nan,nan,0.000000000,2.543937007,1.139777945,0.010249962,0.024200010,1.241352002,0,0.500000000
251.600439548,20064,4903,0,12071,7993,15157,402,114,110,47,63,7296,7861,223,179,1.555852877,1.886538143,22.664000361,93.041930576,13.606548309,9,0.000000000,nan,nan,0.000000000,2.596797014,1.283231948,0.012638979,0.034212018,1.400795998,0,0.500000000
251.700053453,19680,4988,0,11983,7697,14688,378,97,102,54,48,7111,7577,211,167,1.440201719,1.936535847,24.938715055,74.612762870,6.921291351,7,0.000000000,nan,nan,0.000000000,4.778782954,2.459261101,0.024117006,0.062561012,2.691871021,0,0.500000000
251.900593996,19872,5050,0,12112,7760,14818,377,100,106,54,52,7188,7630,210,167,1.446801085,1.962848182,25.987694461,101.985219056,95.640659332,16,1.000000000,nan,nan,0.000000000,2.737427014,1.159262960,0.011061027,0.027540955,1.266642998,0,0.500000000
252.101811647,19968,5355,0,12091,7877,14609,398,113,105,58,47,6842,7767,214,184,1.464708652,1.961722690,23.317081506,84.306898607,72.424888611,3,1.000000000,nan,nan,0.000000000,4.332798999,1.944226911,0.018479943,0.031631032,2.111675974,0,0.500000000
252.200094461,19968,5517,0,11951,8017,14447,388,112,104,52,52,6525,7922,206,182,1.498879885,1.973751856,23.411698688,99.232292350,39.429664612,5,1.000000000,nan,nan,0.000000000,2.570073993,1.211619005,0.012203935,0.029019022,1.317408984,0,0.500000000
252.300054789,19968,5676,0,12058,7910,14288,390,109,106,49,57,6459,7829,200,190,1.517495922,1.905347266,25.057722680,69.916538503,nan,1,nan,nan,nan,0.000000000,4.545056028,2.076653938,0.019380008,0.085499953,2.256257983,0,0.500000000
252.400053978,19872,5814,0,12157,7715,14288,390,108,107,49,58,6459,7829,200,190,1.517495922,1.905347266,24.561781489,67.293213796,nan,nan,nan,nan,nan,0.000000000,1.861974946,1.191548945,0.011886004,0.025655027,1.299479045,0,0.500000000
252.502454042,20160,5911,0,12392,7768,14245,403,113,110,53,57,6526,7719,225,178,1.618834151,1.618929007,27.384669332,89.357192053,127.977371216,4,1.000000000,nan,nan,0.000000000,2.645995992,1.361177012,0.013915007,0.062352978,1.488916983,0,0.500000000
252.599221706,19968,6084,0,12463,7505,14245,403,103,101,48,53,6526,7719,225,178,1.618834151,1.618929007,21.729184517,94.061476630,nan,nan,nan,nan,nan,0.000000000,3.561775025,2.255337953,0.020687061,0.057396013,2.460699005,0,0.500000000
252.701210976,19968,6008,0,12389,7579,13956,412,100,99,52,47,6399,7557,251,161,1.780246388,1.407541141,25.259186657,90.759983239,nan,1,nan,nan,nan,0.000000000,2.578234009,1.252218091,0.010756950,0.050634029,1.357381989,0,0.500000000
252.799160957,19488,5934,0,12175,7313,13956,412,98,99,53,46,6399,7557,251,161,1.780246388,1.407541141,25.147162616,82.712717803,nan,nan,nan,nan,nan,0.000000000,1.829461020,1.226535067,0.010670978,0.029116985,1.329363033,0,0.500000000
252.896993160,20544,6387,0,12936,7608,14153,421,103,111,72,39,6545,7608,298,123,1.968724955,1.191402066,20.617756470,117.070637465,nan,1,nan,nan,nan,0.000000000,4.540449998,2.502259973,0.022519962,0.055995013,2.700673009,0,0.500000000
253.000056744,19968,6164,0,12505,7463,13800,413,115,112,79,33,6342,7458,315,98,2.037185577,1.136739850,24.168641452,124.541036234,95.309257507,4,1.000000000,nan,nan,0.000000000,2.630628005,1.289362030,0.012203061,0.076300988,1.396779960,0,0.500000000
253.101325274,20064,6280,0,12302,7762,13780,411,118,113,92,21,6022,7758,336,75,2.359106665,1.126775954,18.163765849,110.417740161,nan,1,nan,nan,nan,0.000000000,2.503272030,1.272911089,0.012918026,0.033190998,1.385096984,0,0.500000000
253.200105906,19872,6206,0,12380,7492,13780,411,113,113,93,20,6022,7758,336,75,2.359106665,1.126775954,19.689938325,96.446777102,nan,nan,nan,nan,nan,0.000000000,3.542595019,2.433570975,0.023320958,0.044309010,2.639236976,0,0.500000000
253.298683167,20064,6262,0,12035,8029,13798,395,111,112,93,19,5773,8025,317,78,2.530254660,1.143149156,20.081871236,97.252736546,94.589233398,3,1.000000000,nan,nan,0.000000000,2.846240008,1.458366984,0.014316000,0.046065019,1.586442988,0,0.500000000
253.400181770,20160,6332,0,12353,7807,13798,395,103,103,87,16,5773,8025,317,78,2.530254660,1.143149156,19.362007184,92.827608114,nan,nan,nan,nan,nan,0.000000000,3.635149042,2.377432073,0.020439911,0.029747025,2.573622973,0,0.500000000
253.501294851,19872,6324,0,11765,8107,13798,395,105,104,87,17,5773,8025,317,78,2.530254660,1.143149156,19.844784898,96.808328853,nan,nan,nan,nan,nan,0.000000000,1.795509015,1.198093989,0.011286989,0.029877992,1.308089995,0,0.500000000
253.601740360,20064,6611,0,12025,8039,13449,392,98,102,85,17,5419,8030,315,77,2.690599556,1.155886610,19.825769992,89.141385786,nan,1,nan,nan,nan,0.000000000,2.412717964,1.200714032,0.011095020,0.031459960,1.304559992,0,0.500000000
253.699278116,19968,6619,0,11773,8195,13345,373,100,92,72,20,5190,8155,295,78,2.789353984,1.167075859,22.808876972,81.219164403,66.119432449,4,1.000000000,nan,nan,0.000000000,4.549164965,2.172892040,0.021565997,0.044310989,2.374881995,0,0.500000000
253.799397945,20064,6833,0,11972,8092,13227,373,95,90,71,19,5237,7990,294,79,2.765996021,1.184616836,21.047311396,85.238983901,4.380226135,2,0.000000000,nan,nan,0.000000000,5.459447973,2.488548984,0.020651030,0.071793969,2.700195007,0,0.500000000
253.900029898,20064,6772,0,11791,8273,13288,395,109,104,84,20,5192,8096,313,82,2.772908418,1.187967106,23.623981764,88.521813511,nan,1,nan,nan,nan,0.000000000,2.825186006,1.201385050,0.011481985,0.022340973,1.308089006,0,0.500000000
254.000163078,19872,6879,0,11877,7995,13288,395,110,107,86,21,5192,8096,313,82,2.772908418,1.187967106,23.381495136,89.326418681,nan,nan,nan,nan,nan,0.000000000,1.903337019,1.215546043,0.012355915,0.016496982,1.327143051,0,0.500000000
254.103153229,19968,6994,0,12026,7942,12970,398,109,111,90,21,5390,7580,318,80,2.761556356,1.210875522,25.959782726,114.757185044,4.579305649,2,0.000000000,nan,nan,0.000000000,2.392827009,1.235743985,0.011921977,0.066484034,1.342976000,0,0.500000000
254.200020552,19968,7060,0,12096,7872,12904,403,102,101,84,17,5464,7440,327,76,2.774412757,1.233207823,22.958272250,92.131069927,6.029605865,2,0.000000000,nan,nan,0.000000000,2.350025985,1.219517027,0.011108001,0.024503970,1.331063977,0,0.500000000
254.302570820,19968,7168,0,12397,7571,12796,396,106,99,79,20,5734,7062,321,75,2.767326148,1.219404975,21.852294671,97.296401370,5.959749222,2,0.000000000,nan,nan,0.000000000,2.501865965,1.285240985,0.012613076,0.033791992,1.396437001,0,0.500000000
254.398737192,20160,7236,0,12518,7642,12920,380,113,95,80,15,5886,7034,313,67,2.801130335,1.229136914,17.469284991,81.014231630,4.327774048,2,0.000000000,nan,nan,0.000000000,3.185133974,1.685211901,0.017955026,0.058851030,1.853266964,0,0.500000000
254.500059366,19680,7137,0,12311,7369,12920,380,93,95,80,15,5886,7034,313,67,2.801130335,1.229136914,17.719306519,77.056352067,nan,nan,nan,nan,nan,0.000000000,5.518519029,3.858626995,0.038394937,0.082277984,4.223589029,0,0.500000000
254.599179268,20256,7392,0,12773,7483,12920,380,95,95,80,15,5886,7034,313,67,2.801130335,1.229136914,17.715655688,77.043852109,nan,nan,nan,nan,nan,0.000000000,3.285334969,2.117682016,0.014442019,0.030643016,2.264869050,0,0.500000000
254.701881409,19872,7261,0,12592,7280,12920,380,95,95,80,15,5886,7034,313,67,2.801130335,1.229136914,17.714216599,77.039093805,nan,nan,nan,nan,nan,0.000000000,1.973000995,1.216991979,0.008715957,0.027190021,1.321816002,0,0.500000000
254.900007010,19584,7083,0,12465,7119,12497,382,70,83,72,11,6049,6448,318,64,2.770111180,1.287932805,14.263151632,77.495181455,60.403108597,6,1.000000000,nan,nan,0.000000000,3.936477005,1.834800991,0.013100042,0.034475990,1.982456946,0,0.500000000
255.001162052,19776,7210,0,12188,7588,12562,370,104,87,76,11,5750,6812,306,64,2.800450562,1.298176575,14.970587317,75.654857631,nan,1,nan,nan,nan,0.000000000,3.448261006,1.647165045,0.016109028,0.023967004,1.799897000,0,0.500000000
255.099162102,20544,7872,0,13137,7407,12668,387,94,92,80,12,6045,6623,321,66,2.775090284,1.308080681,14.131590401,94.289327324,6.531000137,3,0.000000000,nan,nan,0.000000000,2.341277024,1.168020011,0.010003045,0.022375025,1.271591987,0,0.500000000
255.200172424,19872,7448,0,12372,7500,12420,406,102,105,88,17,5719,6701,332,74,2.805696178,1.328703480,22.749646354,103.689716714,6.328582764,3,0.000000000,nan,nan,0.000000000,3.379292029,1.902016986,0.015667989,0.029145973,2.047715010,0,0.500000000
255.301867485,20064,7782,0,12836,7228,12278,416,92,103,89,14,5909,6369,341,75,2.806073996,1.348962928,21.146219475,117.143716768,55.482387543,6,1.000000000,nan,nan,0.000000000,2.395714982,1.262073987,0.010263058,0.048928021,1.364602009,0,0.500000000
255.400594473,19968,7659,0,12745,7223,12305,421,104,106,88,18,5986,6319,345,76,2.779116687,1.359663128,24.902640799,128.396675975,90.665340424,2,1.000000000,nan,nan,0.000000000,5.660064984,2.745606937,0.023320958,0.061147031,2.977758006,0,0.500000000
255.500118256,20160,7779,0,13161,6999,12377,411,109,98,84,14,6335,6042,329,82,2.823031741,1.363786648,18.328507887,102.790225024,60.320854187,3,1.000000000,nan,nan,0.000000000,2.428122039,1.287104911,0.011860975,0.029788993,1.396386011,0,0.500000000
255.600070715,20064,7699,0,13053,7011,12361,406,109,99,82,17,6287,6074,325,81,2.771675763,1.392805043,13.916808859,99.551497947,9.402036667,2,0.000000000,nan,nan,0.000000000,2.318830986,1.217857061,0.011358003,0.021565007,1.324643963,0,0.500000000
255.700205326,19968,7719,0,12875,7093,12361,406,102,101,82,19,6287,6074,325,81,2.771675763,1.392805043,14.801983365,106.283130593,nan,nan,nan,nan,nan,0.000000000,3.185673966,2.215228043,0.019354979,0.029635965,2.397520992,0,0.500000000
255.800050259,19872,7690,0,12887,6985,12361,406,101,97,81,16,6287,6074,325,81,2.771675763,1.392805043,14.983638815,103.137856589,nan,nan,nan,nan,nan,0.000000000,1.856612042,1.261722995,0.010863994,0.011948985,1.364524011,0,0.500000000
255.900658369,19872,7410,0,12543,7329,12361,406,99,96,79,17,6287,6074,325,81,2.771675763,1.392805043,16.046424889,98.132391333,nan,nan,nan,nan,nan,0.000000000,1.986514020,1.284967060,0.011892989,0.017403974,1.396961976,0,0.500000000
256.100116253,19776,7084,0,12408,7368,12361,406,94,94,77,17,6287,6074,325,81,2.771675763,1.392805043,16.151484355,94.022149117,nan,nan,nan,nan,nan,0.000000000,2.472858003,1.694738050,0.010970049,0.019212021,1.808730012,0,0.500000000
256.198859215,19968,7329,0,12728,7240,12635,412,101,97,81,16,6295,6340,337,75,2.822711755,1.481875139,16.873852724,121.010738308,14.012336731,3,0.000000000,nan,nan,0.000000000,2.889743017,1.461558044,0.012542063,0.026449969,1.579416974,0,0.500000000
256.299114943,19968,7365,0,12610,7358,12635,412,100,99,81,18,6295,6340,337,75,2.822711755,1.481875139,20.131325627,105.972576277,nan,nan,nan,nan,nan,0.000000000,1.831788977,1.232260023,0.011404045,0.018951017,1.339461945,0,0.500000000
256.400161505,20064,7540,0,12677,7387,12520,404,92,96,83,13,6054,6466,328,76,2.847907508,1.503890782,18.953558920,121.879141813,65.022468567,3,1.000000000,nan,nan,0.000000000,3.183218010,1.640327973,0.013960060,0.035118952,1.782082021,0,0.500000000
256.500047445,19776,7604,0,12809,6967,12168,404,89,89,76,13,6109,6059,331,73,2.810840710,1.618060559,16.232709811,104.888324389,nan,1,nan,nan,nan,0.000000000,3.231932991,1.608922030,0.013116049,0.029499992,1.738988969,0,0.500000000
256.699798822,19872,7611,0,12832,7040,12257,404,97,94,77,17,6164,6093,331,73,2.789255336,1.661905224,19.551270757,94.971584575,54.069995880,4,1.000000000,nan,nan,0.000000000,2.355397039,1.256163989,0.010720047,0.021282001,1.363215968,0,0.500000000
256.900125265,19872,7571,0,12795,7077,12297,427,102,105,86,19,6166,6131,355,72,2.787255990,1.697546812,21.205430243,101.453675955,114.430904388,4,1.000000000,nan,nan,0.000000000,5.135917978,2.420759993,0.019733969,0.045829045,2.606090973,0,0.500000000
256.998867750,20160,7639,0,12591,7569,12517,431,110,105,91,14,5923,6594,355,76,2.835702096,1.644268207,16.768468072,118.843308541,40.681362152,7,1.000000000,nan,nan,0.000000000,3.257520963,1.838677970,0.017936982,0.027756963,1.994233055,0,0.500000000
257.100278139,19968,7526,0,12719,7249,12438,431,93,98,81,17,6153,6285,356,75,2.789254853,1.689644618,20.477948244,63.945009908,5.944490433,2,0.000000000,nan,nan,0.000000000,2.395789954,1.311589032,0.010418007,0.033930992,1.412345038,0,0.500000000
257.200101852,19872,7372,0,12466,7406,12438,431,96,96,80,16,6153,6285,356,75,2.789254853,1.689644618,20.828541894,77.822470801,nan,nan,nan,nan,nan,0.000000000,1.924737997,1.371044957,0.010358053,0.025082030,1.478386053,0,0.500000000
257.299093723,20064,7474,0,12660,7404,12586,419,90,98,77,21,6111,6475,337,82,2.797562672,1.723479361,25.327030201,108.297480389,5.581140518,2,0.000000000,nan,nan,0.000000000,2.558356966,1.356856956,0.010385993,0.037257967,1.460806001,0,0.500000000
257.400081158,19104,6915,0,12158,6946,12185,427,104,102,83,19,6068,6117,343,84,2.808556754,1.720843064,24.087493919,86.659933423,25.789260864,5,1.000000000,nan,nan,0.000000000,3.416779975,1.741732995,0.014409015,0.044308021,1.875963004,0,0.500000000
257.598707438,19584,7448,0,12543,7041,12185,427,100,102,84,18,6068,6117,343,84,2.808556754,1.720843064,23.898532541,88.490627051,nan,nan,nan,nan,nan,0.000000000,1.895638008,1.322548022,0.011257012,0.013281009,1.428019023,0,0.500000000
257.699832678,20448,7467,0,13031,7417,12977,438,126,102,87,15,6495,6482,346,92,2.784760504,1.782652224,21.765104625,119.157829327,43.694972992,6,1.000000000,nan,nan,0.000000000,3.462541034,1.969321980,0.018700084,0.035759003,2.134095994,0,0.500000000
257.799512148,20160,7748,0,12980,7180,12977,438,108,108,93,15,6495,6482,346,92,2.784760504,1.782652224,23.219947126,118.226971778,nan,nan,nan,nan,nan,0.000000000,4.608757037,3.185213893,0.032698968,0.024517009,3.408371005,0,0.500000000
257.899971008,19392,6967,0,12131,7261,12421,451,110,115,92,23,6004,6417,344,107,2.787219170,1.743805661,24.299298471,123.314736463,49.728631973,5,1.000000000,nan,nan,0.000000000,4.368564987,2.460699063,0.022209017,0.175763969,2.657501958,0,0.500000000
257.999008179,20544,7935,0,13288,7256,12605,472,111,111,88,23,6360,6245,360,112,2.770638781,1.805409121,19.724547108,116.388581736,7.771253586,4,0.000000000,nan,nan,0.000000000,2.714036033,1.472996024,0.011746946,0.058734033,1.580482000,0,0.500000000
258.100044012,19968,7326,0,12561,7407,12638,455,108,113,92,21,6105,6533,338,117,2.841525132,1.746689141,20.640472704,120.421044197,109.721183777,7,1.000000000,nan,nan,0.000000000,4.641751002,2.059050079,0.015914964,0.048218004,2.213903004,0,0.500000000
258.200160742,20064,7486,0,12841,7223,12574,467,115,115,93,22,6256,6318,354,113,2.798280364,1.798586448,22.723972721,144.641515068,6.611347198,2,0.000000000,nan,nan,0.000000000,2.858672990,1.677918946,0.014065008,0.042200030,1.801305043,0,0.500000000
258.300140858,19968,7423,0,12645,7323,12541,470,110,114,99,15,6117,6424,357,113,2.899020822,1.738948055,23.390027826,122.206132896,8.755683899,4,0.000000000,nan,nan,0.000000000,3.205467947,1.705949893,0.016610953,0.036858954,1.830144029,0,0.500000000
258.501891851,19872,7512,0,12695,7177,12356,479,100,100,86,14,6133,6223,369,110,2.914405788,1.759432537,16.502503590,108.629777507,nan,1,nan,nan,nan,0.000000000,2.605394984,1.485891989,0.010754971,0.041074003,1.591766020,0,0.500000000
258.598586559,20160,7588,0,13151,7009,12568,473,100,104,85,19,6567,6001,365,108,2.870104806,1.779079523,20.537552172,130.637774902,nan,1,nan,nan,nan,0.000000000,3.142478003,2.009755990,0.014090037,0.026232970,2.148079977,0,0.500000000
258.700057268,20064,7639,0,12905,7159,12568,473,98,98,81,17,6567,6001,365,108,2.870104806,1.779079523,18.770032923,122.648701177,nan,nan,nan,nan,nan,0.000000000,2.527214994,1.856475894,0.010639022,0.025015033,1.964195981,0,0.500000000
258.799962282,19872,7412,0,12782,7090,12456,450,85,91,77,14,6376,6080,347,103,2.918157933,1.767580729,15.900108736,112.061962716,15.674591064,2,1.000000000,nan,nan,0.000000000,2.614664030,1.414883009,0.010122953,0.034719997,1.524207997,0,0.500000000
258.899138689,20064,7612,0,12881,7183,12456,450,89,88,74,14,6376,6080,347,103,2.918157933,1.767580729,15.647418891,103.380616780,nan,nan,nan,nan,nan,0.000000000,1.960357011,1.351160929,0.012312084,0.033970049,1.453663979,0,0.500000000
259.000673771,19968,7406,0,12772,7196,12558,465,100,91,76,15,6378,6180,361,104,2.890249411,1.779142595,16.768327704,126.235666142,50.924301147,6,1.000000000,nan,nan,0.000000000,5.190025026,2.684804029,0.019653991,0.055164972,2.872959012,0,0.500000000
259.099965811,19968,7406,0,12776,7192,12558,473,102,99,82,17,6367,6191,365,108,2.925167673,1.815186500,14.973960928,132.607720375,6.108760834,6,0.000000000,nan,nan,0.000000000,2.577200008,1.420242945,0.010927033,0.024573004,1.528822002,0,0.500000000
259.199949503,19968,7292,0,12673,7295,12672,473,87,92,78,14,6367,6305,371,102,2.969198743,1.807932232,13.943927244,131.539246555,39.746284485,3,1.000000000,nan,nan,0.000000000,2.717853989,1.596964081,0.010426040,0.022557040,1.706155017,0,0.500000000
259.400014400,19968,7201,0,12627,7341,12763,482,106,96,86,10,6413,6350,381,101,2.999318884,1.827632721,11.552975728,75.701133683,nan,1,nan,nan,nan,0.000000000,2.613896038,1.494930009,0.011783035,0.033988967,1.600229996,0,0.500000000
259.500366926,20064,7352,0,12850,7214,12763,482,104,99,90,9,6413,6350,381,101,2.999318884,1.827632721,11.418867821,85.579603117,nan,nan,nan,nan,nan,0.000000000,1.969220000,1.421222987,0.010868942,0.016783015,1.526714012,0,0.500000000
259.800046682,19872,7130,0,12507,7365,12738,497,95,102,86,16,6310,6428,389,108,3.015270512,1.903494032,14.202411605,129.794790575,5.912780762,5,0.000000000,nan,nan,0.000000000,4.596249957,2.329826937,0.016253907,0.040768005,2.494974004,0,0.500000000
259.899482250,20160,7152,0,12789,7371,13004,493,108,107,85,22,6572,6432,388,105,3.004364157,1.947257293,22.481251165,135.353503979,nan,1,nan,nan,nan,0.000000000,5.834930984,3.124403942,0.022498076,0.046388013,3.325443016,0,0.500000000
260.000034094,19872,7058,0,12443,7429,13004,493,108,108,83,25,6572,6432,388,105,3.004364157,1.947257293,22.154952731,136.254161194,nan,nan,nan,nan,nan,0.000000000,2.261319954,1.552551985,0.011362135,0.023517990,1.656381995,0,0.500000000
260.099090099,19968,7110,0,12701,7267,12854,483,111,112,87,25,6539,6315,373,110,3.030132934,1.994239234,27.104065542,134.582741849,4.987955093,2,0.000000000,nan,nan,0.000000000,2.618566039,1.486052119,0.011924014,0.027493981,1.591706998,0,0.500000000
260.199009895,20064,7096,0,12488,7576,12854,483,109,110,84,26,6539,6315,373,110,3.030132934,1.994239234,26.685327719,135.561757164,nan,nan,nan,nan,nan,0.000000000,4.306055023,3.142823058,0.031206990,0.055993034,3.390718950,0,0.500000000
260.300253868,19872,7250,0,12637,7235,12618,500,102,106,86,20,6357,6261,387,113,3.099506108,2.041333914,20.091065305,128.821290709,nan,1,nan,nan,nan,0.000000000,8.762512996,5.409456033,0.035734032,0.086174987,5.811824987,0,0.500000000
260.400029898,20160,7200,0,12823,7337,12956,504,121,114,98,16,6578,6378,385,119,3.141468569,2.064572961,20.103309879,144.945499742,2.579927444,2,0.000000000,nan,nan,0.000000000,2.693073009,1.557472977,0.012872973,0.024883018,1.669970050,0,0.500000000
260.500064850,19776,7181,0,12471,7305,12591,500,108,107,89,18,6264,6327,377,123,3.131269318,2.078388357,16.874783983,109.368615365,10.222434998,3,0.000000000,nan,nan,0.000000000,2.675754018,1.519136014,0.011598982,0.024884997,1.625434961,0,0.500000000
260.600568771,19776,7141,0,12527,7249,12631,510,108,112,96,16,6341,6290,378,132,3.138861844,2.100281164,21.673894786,136.137822594,19.662618637,3,1.000000000,nan,nan,0.000000000,2.868211013,1.684645016,0.012581877,0.047030044,1.798242040,0,0.500000000
260.699613571,20352,7232,0,13057,7295,13116,511,125,123,99,24,6799,6317,381,130,3.094624190,2.127926260,22.116105949,144.922929543,3.438234329,2,0.000000000,nan,nan,0.000000000,5.030775035,3.079188988,0.027452945,0.068964961,3.304957994,0,0.500000000
260.801118851,20160,7115,0,12742,7418,13041,506,119,112,91,21,6592,6449,375,131,3.170289720,2.148593000,19.885131838,133.314829584,nan,1,nan,nan,nan,0.000000000,2.748799045,1.570449036,0.012678909,0.029391027,1.681247959,0,0.500000000
260.900061131,19680,6999,0,12415,7265,13041,506,115,113,94,19,6592,6449,375,131,3.170289720,2.148593000,20.220557834,130.720220450,nan,nan,nan,nan,nan,0.000000000,2.769789018,1.965899020,0.016041973,0.035749981,2.121025987,0,0.500000000
261.099947453,20064,6849,0,12600,7464,13211,511,114,110,88,22,6714,6497,382,129,3.202681831,2.190848346,20.402743276,152.370198512,110.505819321,4,1.000000000,nan,nan,0.000000000,6.222284981,3.107350087,0.023346976,0.053665019,3.311224980,0,0.500000000
261.200039625,19872,6545,0,12470,7402,13211,511,110,108,87,21,6714,6497,382,129,3.202681831,2.190848346,19.018826005,153.488634576,nan,nan,nan,nan,nan,0.000000000,2.236508997,1.574754948,0.012198871,0.028044044,1.685405034,0,0.500000000
261.299200058,19872,6653,0,12466,7406,13211,511,107,109,87,22,6714,6497,382,129,3.202681831,2.190848346,17.907103860,154.623492465,nan,nan,nan,nan,nan,0.000000000,3.116014006,2.292190038,0.017752056,0.036693993,2.451881999,0,0.500000000
261.400215149,19968,6841,0,12579,7389,13123,495,98,102,79,23,6649,6474,372,123,3.240968048,2.235864851,21.268165341,125.479851143,nan,1,nan,nan,nan,0.000000000,3.437242995,1.887128106,0.012792996,0.035683974,2.008405980,0,0.500000000
261.600567818,19680,6669,0,12373,7307,13007,482,95,102,80,22,6619,6388,356,126,3.232934683,2.274155117,20.232929655,147.220000144,79.772472382,2,1.000000000,nan,nan,0.000000000,2.636375022,1.507768000,0.011258991,0.026354042,1.615394955,0,0.500000000
261.699292660,20544,6482,0,13146,7398,14058,526,98,99,76,23,7596,6462,401,125,3.192054682,2.267162677,18.898258768,127.309640111,5.893468857,4,0.000000000,nan,nan,0.000000000,4.913806042,2.997442964,0.021058018,0.039468985,3.199498984,0,0.500000000
261.800092697,19968,6471,0,12440,7528,13493,509,104,106,80,26,6885,6608,380,129,3.233022590,2.276822497,21.516190995,129.131258438,6.452083588,4,0.000000000,nan,nan,0.000000000,3.557878954,1.802734972,0.012072036,0.021170999,1.915480010,0,0.500000000
262.000079155,19968,6263,0,12403,7565,13701,526,113,108,85,23,7085,6616,397,129,3.191251639,2.292779780,21.274730181,105.175930894,99.894046783,8,1.000000000,nan,nan,0.000000000,3.073787026,1.634480024,0.012099976,0.036263024,1.746028953,0,0.500000000
262.099916935,20064,6040,0,12465,7599,13701,526,102,106,83,23,7085,6616,397,129,3.191251639,2.292779780,20.983578421,97.223762861,nan,nan,nan,nan,nan,0.000000000,4.951955052,2.053814009,0.015138998,0.027940958,2.193910012,0,0.500000000
262.201551676,19872,5904,0,12280,7592,13701,526,105,105,83,22,7085,6616,397,129,3.191251639,2.292779780,20.600647180,95.900455117,nan,nan,nan,nan,nan,0.000000000,3.626496997,2.522800001,0.017651008,0.028385955,2.676689008,0,0.500000000
262.299922228,20064,5744,0,12318,7746,14316,529,136,120,93,27,7441,6875,385,144,3.148194890,2.342131215,22.882399880,177.706904573,9.959936142,2,0.000000000,nan,nan,0.000000000,4.989723035,3.028193023,0.027632923,0.044245040,3.251058981,0,0.500000000
262.399960279,19968,5658,0,12300,7668,14306,566,113,116,87,29,7457,6849,409,157,3.148474171,2.355154686,22.413353237,167.234612613,70.150852203,2,1.000000000,nan,nan,0.000000000,3.000481986,1.738668943,0.012138044,0.043503009,1.846007013,0,0.500000000
262.503287315,19680,5521,0,12167,7513,14306,566,119,120,87,33,7457,6849,409,157,3.148474171,2.355154686,23.514476535,163.264706342,nan,nan,nan,nan,nan,0.000000000,2.479303046,1.753257005,0.013104989,0.029790972,1.866991981,0,0.500000000
262.700049639,19968,5216,0,12336,7632,14748,562,123,113,85,28,7862,6886,391,171,3.077979164,2.380528499,21.930404376,121.891990873,150.289058685,7,1.000000000,nan,nan,0.000000000,3.148099000,1.713137026,0.014098070,0.041403051,1.824828971,0,0.500000000
262.800064087,20064,5196,0,12383,7681,14864,568,110,113,79,34,8024,6840,406,162,3.045506429,2.408357402,21.173965388,150.065650305,40.145874023,3,1.000000000,nan,nan,0.000000000,3.088064957,1.779487997,0.012208940,0.031154021,1.891762950,0,0.500000000
262.900893211,19968,4840,0,12289,7679,14864,568,116,118,83,35,8024,6840,406,162,3.045506429,2.408357402,22.475493501,178.349800603,nan,nan,nan,nan,nan,0.000000000,4.366251000,3.209511051,0.024484005,0.043995969,3.408443998,0,0.500000000
263.000581503,19968,4663,0,12383,7585,14864,568,118,118,83,35,8024,6840,406,162,3.045506429,2.408357402,22.502190404,178.580939918,nan,nan,nan,nan,nan,0.000000000,2.335004043,1.708570984,0.012832985,0.021345972,1.816225995,0,0.500000000
263.100043774,19872,4553,0,12301,7571,14864,568,117,119,84,35,8024,6840,406,162,3.045506429,2.408357402,22.557125312,196.420384905,nan,nan,nan,nan,nan,0.000000000,2.471022017,1.756628975,0.012957025,0.025101006,1.870517968,0,0.500000000
263.198632956,20160,4323,0,12435,7725,15833,589,129,131,98,33,8887,6946,419,170,2.677402480,2.521071746,28.120341860,187.516640336,45.752525330,3,1.000000000,nan,nan,0.000000000,5.423636001,3.235878015,0.023389002,0.067632995,3.428034950,0,0.500000000
263.300086260,19584,4369,0,12288,7296,15833,589,128,128,93,35,8887,6946,419,170,2.677402480,2.521071746,28.943691399,172.878753329,nan,nan,nan,nan,nan,0.000000000,2.483758028,1.796400931,0.013329030,0.027925009,1.906112011,0,0.500000000
263.398917198,20256,4165,0,12540,7716,16087,583,140,129,96,33,9165,6922,405,178,2.590276602,2.556847395,29.819393589,172.656244955,60.034513474,2,1.000000000,nan,nan,0.000000000,3.285993007,1.802978979,0.014690973,0.115708972,1.921005023,0,0.500000000
263.600015163,19584,4128,0,12119,7465,15452,567,126,140,101,39,8773,6679,385,182,2.409756443,2.560783754,28.347283158,192.137543169,9.902715683,2,0.000000000,nan,nan,0.000000000,3.138397005,1.761672960,0.014287943,0.028316979,1.875126036,0,0.500000000
263.698514223,19968,4033,0,12225,7743,15931,566,131,128,92,36,8947,6984,379,187,2.626059076,2.530830519,29.657450983,204.080483168,49.418926239,5,1.000000000,nan,nan,0.000000000,4.440844990,1.957142958,0.015722064,0.037913967,2.084854990,0,0.500000000
263.799799204,20448,4256,0,12796,7652,16188,562,131,133,92,41,9297,6891,374,188,2.513058660,2.556282554,29.630975579,209.268866160,nan,1,nan,nan,nan,0.000000000,3.386453027,1.757589052,0.015193073,0.030655996,1.877989969,0,0.500000000
263.899924278,19968,3909,0,12066,7902,16188,562,134,134,92,42,9297,6891,374,188,2.513058660,2.556282554,28.779050400,215.499107620,nan,nan,nan,nan,nan,0.000000000,2.521566988,1.740739041,0.014950987,0.031731033,1.861586992,0,0.500000000
264.000046015,19968,3949,0,12098,7870,16015,561,132,136,93,43,8823,7192,356,205,2.560494639,2.561855241,27.546657708,195.416552313,nan,1,nan,nan,nan,0.000000000,3.190769989,1.732774021,0.014466059,0.047178008,1.846763014,0,0.500000000
264.100003719,19872,3796,0,11947,7925,16072,563,120,124,87,37,8773,7299,352,211,2.572059659,2.521833215,24.562098315,164.420518860,nan,1,nan,nan,nan,0.000000000,4.768477986,2.428922977,0.017681974,0.050975999,2.572121040,0,0.500000000
264.198713064,20160,3776,0,12027,8133,16380,578,126,115,70,45,8862,7518,352,226,2.486095661,2.609085859,23.742972953,185.059684282,nan,1,nan,nan,nan,0.000000000,3.591079963,1.871884102,0.013654004,0.034071971,1.992213016,0,0.500000000
264.299892664,19968,3646,0,11930,8038,16380,578,122,120,73,47,8862,7518,352,226,2.486095661,2.609085859,24.638073455,192.699056935,nan,nan,nan,nan,nan,0.000000000,2.588470001,1.765937079,0.013225072,0.022618973,1.881387958,0,0.500000000
264.400051832,19584,3560,0,11588,7996,16380,578,119,119,73,46,8862,7518,352,226,2.486095661,2.609085859,25.648145912,190.671342006,nan,nan,nan,nan,nan,0.000000000,2.871872042,2.129974018,0.012365985,0.035183970,2.238248009,0,0.500000000
264.502206802,20448,3446,0,12127,8321,16380,578,119,119,73,46,8862,7518,352,226,2.486095661,2.609085859,25.648145912,190.666913613,nan,nan,nan,nan,nan,0.000000000,2.380220045,1.719995984,0.009553041,0.022039982,1.808418019,0,0.500000000
264.600053310,19968,3345,0,11619,8349,16619,580,132,128,80,48,8724,7895,348,232,2.427057229,2.436720940,25.370393665,242.191454625,14.474868774,4,0.000000000,nan,nan,0.000000000,3.646980040,2.137991949,0.017474056,0.050776987,2.278097963,0,0.500000000
264.700048923,19968,3151,0,11546,8422,16813,590,133,134,85,49,8791,8022,351,239,2.367875188,2.413429215,29.363049152,195.750950199,nan,1,nan,nan,nan,0.000000000,3.335779009,1.833541959,0.014395046,0.031340984,1.951620972,0,0.500000000
264.799904585,19968,3170,0,11379,8589,16794,583,141,138,87,51,8558,8236,342,241,2.523467475,2.389201580,27.632302938,214.820305621,20.024061203,4,1.000000000,nan,nan,0.000000000,3.487103968,1.800499042,0.015108031,0.035212026,1.917934045,0,0.500000000
264.900034666,20064,3026,0,11477,8587,17034,571,123,129,78,51,8769,8265,334,237,2.383517323,2.419969870,28.302173884,197.616104713,nan,1,nan,nan,nan,0.000000000,3.263543011,1.765200053,0.014433987,0.028646027,1.882016018,0,0.500000000
264.999940634,19872,2965,0,11191,8681,16903,575,128,132,73,59,8439,8464,328,247,2.515058250,2.375634652,24.474058173,201.274906908,nan,1,nan,nan,nan,0.000000000,3.402624046,1.777541940,0.014146965,0.024176028,1.892567961,0,0.500000000
265.102437258,20064,2830,0,11348,8716,17230,569,133,131,81,50,8691,8539,326,243,2.280794138,2.442106306,29.264316906,175.471960071,95.035791397,3,1.000000000,nan,nan,0.000000000,3.248562978,1.753789023,0.014718971,0.042306026,1.869176049,0,0.500000000
265.199978113,19872,2827,0,10999,8873,17041,596,125,126,73,53,8299,8742,321,275,2.408349135,2.416594070,23.793524005,190.442248726,nan,1,nan,nan,nan,0.000000000,3.697123029,1.909576880,0.014949008,0.036416983,2.037168015,0,0.500000000
265.400050402,20064,2836,0,11216,8848,17224,600,114,122,55,67,8416,8808,292,308,2.196865396,2.554736299,31.139023201,175.334347221,56.258201599,5,1.000000000,nan,nan,0.000000000,8.436186006,5.069844017,0.036141020,0.137188006,5.380865012,0,0.500000000
265.500014544,19968,2727,0,11141,8827,17237,600,124,137,51,86,8425,8812,287,313,2.108888827,2.560490616,33.781010242,176.149411466,5.689620972,2,0.000000000,nan,nan,0.000000000,4.276218999,2.233586041,0.016720966,0.044749002,2.366261033,0,0.500000000
265.600570440,19776,2758,0,10859,8917,17237,600,142,139,53,86,8425,8812,287,313,2.108888827,2.560490616,34.100598488,160.884208394,nan,nan,nan,nan,nan,0.000000000,2.553305007,1.849912980,0.015161990,0.028410985,1.965420030,0,0.500000000
265.699043751,19680,2720,0,10746,8934,16956,615,150,146,55,91,8023,8933,280,335,2.124239669,2.546651758,35.998331606,170.826591778,8.747577667,3,0.000000000,nan,nan,0.000000000,3.406172968,1.928020036,0.016354024,0.031918986,2.046873968,0,0.500000000
265.900025129,19968,2696,0,10838,9130,16956,615,144,143,57,86,8023,8933,280,335,2.124239669,2.546651758,31.746447319,168.209002988,nan,nan,nan,nan,nan,0.000000000,5.432370992,4.096636956,0.033760036,0.053794007,4.356999998,0,0.500000000
266.000039339,19872,2410,0,10775,9097,16956,615,142,142,57,85,8023,8933,280,335,2.124239669,2.546651758,31.292821236,161.628888953,nan,nan,nan,nan,nan,0.000000000,3.924118006,2.873766003,0.017405080,0.028446026,3.022036981,0,0.500000000
266.099115133,19488,2042,0,10376,9112,17442,591,165,145,52,93,8334,9108,243,348,2.044814975,2.522538760,31.863734245,224.359534461,4.685401917,2,0.000000000,nan,nan,0.000000000,4.070348979,2.068015980,0.020861975,0.031767006,2.201976953,0,0.500000000
266.199002028,19872,2559,0,10685,9187,17309,580,121,126,46,80,8128,9181,234,346,2.041327345,2.550473488,27.631665491,159.279281940,65.894365311,5,1.000000000,nan,nan,0.000000000,5.090899009,2.545978059,0.018278952,0.046328991,2.699706994,0,0.500000000
266.299605131,20352,2495,0,10962,9390,17853,575,127,133,46,87,8493,9360,218,357,1.996613359,2.480103064,28.918501202,208.024405091,nan,1,nan,nan,nan,0.000000000,4.764101002,2.643912041,0.016520033,0.043950975,2.815151005,0,0.500000000
266.400579691,20064,2643,0,10748,9316,17417,549,116,128,57,71,8177,9240,228,321,2.061350324,2.460243076,28.784279577,144.367178694,nan,1,nan,nan,nan,0.000000000,6.607435003,3.683849936,0.029554009,0.071340997,3.936249006,0,0.500000000
266.500015020,19776,2420,0,10858,8918,17352,550,116,119,49,70,8549,8803,233,317,2.013138395,2.444058301,26.491657690,166.634360779,nan,1,nan,nan,nan,0.000000000,3.172917000,1.691001991,0.012763951,0.025646004,1.807525055,0,0.500000000
266.699906826,19872,2336,0,10949,8923,17532,534,123,119,46,73,8793,8739,236,298,2.008663534,2.419836558,26.452845081,158.099812449,nan,1,nan,nan,nan,0.000000000,3.269045032,1.662186056,0.013236073,0.028562965,1.775590994,0,0.500000000
266.808497429,19872,2535,0,10877,8995,17532,534,118,120,48,72,8793,8739,236,298,2.008663534,2.419836558,26.919817016,147.588961888,nan,nan,nan,nan,nan,0.000000000,4.434981034,3.109444981,0.020453008,0.026508002,3.293923975,0,0.500000000
266.900334358,20064,2437,0,11231,8833,17623,505,136,107,48,59,9067,8556,240,265,2.030211053,2.390986269,28.141206926,166.469599722,114.130496979,3,1.000000000,nan,nan,0.000000000,4.791637999,2.467785962,0.018020975,0.043335021,2.639090992,0,0.500000000
267.000722647,20064,2514,0,11163,8901,17546,495,104,107,50,57,8934,8612,241,254,2.150860383,2.356332008,26.138853327,164.659109752,85.544824600,2,1.000000000,nan,nan,0.000000000,6.701973034,3.010280954,0.022481021,0.047730049,3.217585967,0,0.500000000
267.099898577,19968,2512,0,11288,8680,17546,495,104,106,50,56,8934,8612,241,254,2.150860383,2.356332008,25.646169742,165.528642714,nan,nan,nan,nan,nan,0.000000000,3.014999966,2.117726952,0.017639133,0.036522048,2.276776009,0,0.500000000
267.200153112,19872,2412,0,11005,8867,17546,495,106,106,50,56,8934,8612,241,254,2.150860383,2.356332008,25.689515984,167.185101398,nan,nan,nan,nan,nan,0.000000000,5.269374000,3.428711963,0.021191023,0.037471997,3.631935979,0,0.500000000
267.300024748,19968,2551,0,11272,8696,17546,495,106,106,50,56,8934,8612,241,254,2.150860383,2.356332008,25.693494103,167.200000657,nan,nan,nan,nan,nan,0.000000000,2.145345963,1.459494990,0.008478994,0.024642970,1.545008970,0,0.500000000
267.399950027,19776,2359,0,10918,8858,17546,495,106,105,49,56,8934,8612,241,254,2.150860383,2.356332008,25.640179443,162.836880730,nan,nan,nan,nan,nan,0.000000000,2.167709987,1.483015018,0.012004049,0.018318009,1.588991960,0,0.500000000
267.499972105,19680,2644,0,11007,8673,17032,487,134,132,55,77,8667,8365,234,253,2.032473105,2.336837332,30.197682477,195.591221471,70.919036865,4,1.000000000,nan,nan,0.000000000,8.563553973,3.870389075,0.028033974,0.037909951,4.104367981,0,0.500000000
267.599379539,20256,2334,0,11398,8858,17918,515,126,127,55,72,9377,8541,246,269,2.040496738,2.354324316,30.701998384,167.873876580,70.383787155,2,1.000000000,nan,nan,0.000000000,4.146527033,2.241826965,0.020250038,0.038739003,2.410247049,0,0.500000000
267.700798273,20160,2735,0,11296,8864,17421,513,131,130,54,76,8844,8577,244,269,2.052187504,2.350354995,33.383413413,141.970032253,nan,1,nan,nan,nan,0.000000000,3.137027030,1.573816931,0.015008030,0.023164030,1.692418009,0,0.500000000
267.800032854,19872,2295,0,11049,8823,17421,513,127,129,54,75,8844,8577,244,269,2.052187504,2.350354995,33.091149281,139.917280176,nan,nan,nan,nan,nan,0.000000000,2.387494955,1.599985990,0.014560879,0.022812048,1.722830988,0,0.500000000
267.899967194,19776,2706,0,11198,8578,17421,513,131,132,54,78,8844,8577,244,269,2.052187504,2.350354995,35.278396856,136.150585692,nan,nan,nan,nan,nan,0.000000000,3.607537947,2.500108094,0.022336026,0.026855036,2.678511024,0,0.500000000
267.999119043,20160,2222,0,11075,9085,17934,547,122,134,48,86,9042,8892,238,309,1.986636969,2.359174555,26.063560638,179.494562130,9.708404541,9,0.000000000,nan,nan,0.000000000,3.169037984,1.661275048,0.013682002,0.021213025,1.772651973,0,0.500000000
268.099877596,20160,2647,0,11305,8855,17509,561,132,136,50,86,8795,8714,237,324,2.047885733,2.407195854,30.490801677,181.976690447,nan,1,nan,nan,nan,0.000000000,3.226103960,1.733251032,0.014652032,0.023895991,1.850882953,0,0.500000000
268.199933529,19872,2078,0,11090,8782,17509,561,135,135,47,88,8795,8714,237,324,2.047885733,2.407195854,29.774372981,169.540218204,nan,nan,nan,nan,nan,0.000000000,2.524913987,1.787409943,0.015756057,0.030410010,1.911538013,0,0.500000000
268.299914122,20064,2582,0,11349,8715,17478,586,144,137,46,91,8833,8645,232,354,2.037397647,2.405986075,27.443177903,169.069930391,84.467172623,3,1.000000000,nan,nan,0.000000000,3.573325987,1.944937045,0.016035978,0.038552971,2.069783979,0,0.500000000
268.405023336,19968,2133,0,11228,8740,17831,586,128,134,44,90,9139,8692,219,367,1.896438221,2.390152089,24.317446590,189.080931975,nan,1,nan,nan,nan,0.000000000,3.360964009,1.810687943,0.014333986,0.029812974,1.925279037,0,0.500000000
268.500051260,20064,2511,0,11189,8875,17549,604,141,138,41,97,8706,8843,216,388,1.936680462,2.398936645,28.827554484,174.608573308,nan,1,nan,nan,nan,0.000000000,3.445125010,1.852302987,0.015318976,0.029551971,1.970698009,0,0.500000000
268.599952221,19968,2188,0,11123,8845,17549,604,138,138,41,97,8706,8843,216,388,1.936680462,2.398936645,30.086123598,173.809616744,nan,nan,nan,nan,nan,0.000000000,2.892121964,2.092662093,0.017065031,0.035555975,2.229270001,0,0.500000000
268.699954987,19968,2332,0,10949,9019,17632,621,147,145,49,96,8617,9015,219,402,1.959763236,2.397426553,28.588017986,191.299731812,39.754867554,4,1.000000000,nan,nan,0.000000000,5.658384005,3.227561014,0.027016969,0.052352960,3.435157007,0,0.500000000
268.799921989,19968,2353,0,11152,8816,17611,613,134,137,47,90,8799,8812,216,397,1.909032446,2.464334370,23.753929146,183.941308422,89.483976364,2,1.000000000,nan,nan,0.000000000,6.092345982,2.960922022,0.021717977,0.038066006,3.134304017,0,0.500000000
268.899938822,19680,2284,0,10907,8773,17611,613,140,139,49,90,8799,8812,216,397,1.909032446,2.464334370,23.816279854,189.727593511,nan,nan,nan,nan,nan,0.000000000,4.731450987,3.521733976,0.030803960,0.059891958,3.756591992,0,0.500000000
269.000237703,20064,2429,0,11094,8970,17631,593,142,141,49,92,8665,8966,207,386,1.929234592,2.465670704,24.293933581,194.941819566,84.503412247,3,1.000000000,nan,nan,0.000000000,3.794338030,2.013123943,0.017741986,0.032889016,2.148554020,0,0.500000000
269.100094557,20160,2195,0,10919,9241,17631,593,145,145,50,95,8665,8966,207,386,1.929234592,2.465670704,26.868385256,194.103791529,nan,nan,nan,nan,nan,0.000000000,2.542360977,1.818201097,0.015770958,0.030956988,1.935716951,0,0.500000000
269.199966192,19968,2589,0,11162,8806,17375,596,151,138,51,87,8569,8806,210,386,1.978001547,2.490307243,30.401998580,189.367046727,6.280899048,4,0.000000000,nan,nan,0.000000000,3.445546026,1.894682937,0.016915088,0.040865969,2.024337009,0,0.500000000
269.298864126,20160,2199,0,11106,9054,17957,604,136,138,48,90,8903,9054,202,402,1.888403573,2.441669627,28.135291211,222.666567172,4.787921906,2,0.000000000,nan,nan,0.000000000,5.745399045,2.953697927,0.022894004,0.051641022,3.129511024,0,0.500000000
269.402464628,20160,2599,0,11087,9073,17557,585,131,131,49,82,8484,9073,201,384,1.904488307,2.495334486,28.484501037,191.496425682,16.204118729,6,1.000000000,nan,nan,0.000000000,3.408524033,1.857415948,0.014139980,0.033500022,1.973677019,0,0.500000000
269.499980211,19488,2126,0,10669,8819,17557,585,129,128,48,80,8484,9073,201,384,1.904488307,2.495334486,27.481162052,180.816637337,nan,nan,nan,nan,nan,0.000000000,2.504423959,1.795486955,0.013616926,0.032167998,1.905808982,0,0.500000000
269.599246025,20448,2586,0,11181,9267,17858,608,135,136,45,91,8591,9267,199,409,1.860359360,2.516395063,28.907581040,190.379155418,60.091257095,5,1.000000000,nan,nan,0.000000000,5.475956947,2.962420986,0.022351916,0.044338987,3.135768988,0,0.500000000
269.700976610,19488,2177,0,10895,8593,17307,595,131,127,43,84,8718,8589,192,403,1.822707968,2.501945861,25.900554130,186.318552295,10.401964188,4,0.000000000,nan,nan,0.000000000,5.081641022,2.568766940,0.018576975,0.034341996,2.718542994,0,0.500000000
269.798801661,20544,2586,0,11068,9476,17307,595,128,130,43,87,8718,8589,192,403,1.822707968,2.501945861,25.983511021,184.549061352,nan,nan,nan,nan,nan,0.000000000,2.611029951,1.858735981,0.014024961,0.022508029,1.972339000,0,0.500000000
269.899963379,19680,2244,0,10931,8749,17432,573,132,137,44,93,8683,8749,189,384,1.789021565,2.509902565,27.924888357,162.440104688,29.911518097,3,1.000000000,nan,nan,0.000000000,4.640588013,2.697150921,0.025245070,0.054632023,2.879703999,0,0.500000000
269.999378681,20352,2485,0,11227,9125,17863,600,141,145,40,105,8742,9121,182,418,1.918211377,2.563594774,27.387896871,199.722016404,6.601810455,3,0.000000000,nan,nan,0.000000000,3.409138997,1.896519039,0.015501108,0.038044993,2.016697021,0,0.500000000
270.099951029,19584,2339,0,10805,8779,17241,583,125,131,42,89,8462,8779,186,397,1.777191186,2.546357016,30.927485311,169.634725811,nan,1,nan,nan,nan,0.000000000,3.271573049,1.818566001,0.013870944,0.025109970,1.930408005,0,0.500000000
270.199000120,20352,2488,0,11313,9039,17860,584,137,140,40,100,8821,9039,189,395,1.853944169,2.558614626,29.411352939,196.715385111,39.979457855,4,1.000000000,nan,nan,0.000000000,7.048823987,4.190946987,0.035019999,0.079425983,4.466857994,0,0.500000000
270.299830198,19968,2466,0,11103,8865,17498,584,125,127,39,88,8633,8865,188,396,1.808748780,2.557211401,29.271024094,175.757910777,35.426616669,6,1.000000000,nan,nan,0.000000000,3.704636998,1.829968009,0.013641082,0.054316013,1.945619006,0,0.500000000
270.400933027,19680,2408,0,10681,8999,17498,584,131,130,45,85,8633,8865,188,396,1.808748780,2.557211401,29.772484034,192.893881127,nan,nan,nan,nan,nan,0.000000000,2.540275978,1.778774895,0.014036079,0.021086016,1.891172025,0,0.500000000
270.600972414,19680,2455,0,10797,8883,17221,593,143,141,40,101,8342,8879,188,405,1.885907728,2.563440030,32.027413887,206.106399551,6.489276886,2,0.000000000,nan,nan,0.000000000,3.658789967,2.003431087,0.016017060,0.032747979,2.138295036,0,0.500000000
270.698361158,20448,2690,0,11188,9260,17754,622,124,144,41,103,8498,9256,192,430,1.874810797,2.625376476,31.801328166,223.247478014,nan,1,nan,nan,nan,0.000000000,3.414814011,1.918646973,0.014455989,0.029704010,2.035657992,0,0.500000000
270.799957037,19776,2230,0,10691,9085,17754,622,144,143,41,102,8498,9256,192,430,1.874810797,2.625376476,30.481653736,234.247496693,nan,nan,nan,nan,nan,0.000000000,5.113388994,3.745013964,0.028333976,0.046722009,3.968523990,0,0.500000000
270.900017023,19776,2310,0,10688,9088,17462,613,132,138,39,99,8374,9088,183,430,1.860894811,2.628982157,30.714523848,198.636625369,75.618743896,3,1.000000000,nan,nan,0.000000000,3.512251016,1.887286024,0.014487945,0.023090979,2.001203015,0,0.500000000
270.999817848,19872,2250,0,10742,9130,17462,613,145,143,39,104,8374,9088,183,430,1.860894811,2.628982157,29.836114446,200.112086454,nan,nan,nan,nan,nan,0.000000000,2.674156975,1.937152061,0.016409904,0.029574032,2.063551976,0,0.500000000
271.100127459,19872,2439,0,10693,9179,17429,607,144,137,37,100,8254,9175,182,425,1.879999116,2.612307946,33.965335690,194.606796613,6.623744965,2,0.000000000,nan,nan,0.000000000,4.261461960,2.535615989,0.021345040,0.056969002,2.695350966,0,0.500000000
271.200259209,19872,2632,0,10832,9040,17236,631,146,143,42,101,8200,9036,186,445,1.974263750,2.587092653,32.420150802,226.863090392,39.989233017,6,1.000000000,nan,nan,0.000000000,3.778721963,2.245954936,0.018808001,0.044871005,2.391283982,0,0.500000000
271.298864841,20256,2657,0,11000,9256,17595,603,131,136,37,99,8343,9252,180,423,1.959029634,2.588771050,25.248406074,214.752049366,80.077409744,2,1.000000000,nan,nan,0.000000000,3.735806036,1.919038012,0.015141966,0.056570047,2.038126055,0,0.500000000
271.399929523,19968,2659,0,10914,9054,17305,598,153,139,42,97,8251,9054,190,408,2.083367193,2.558091406,30.185697630,235.939324936,nan,1,nan,nan,nan,0.000000000,5.061467004,3.015208000,0.027246075,0.072452996,3.217806981,0,0.500000000
271.499975443,19680,2605,0,10729,8951,17305,598,135,133,40,93,8251,9054,190,408,2.083367193,2.558091406,27.179494591,229.501012113,nan,nan,nan,nan,nan,0.000000000,4.134275019,2.908647002,0.020887994,0.044282991,3.074281034,0,0.500000000
271.598495722,20256,2747,0,11335,8921,17505,579,145,126,46,80,8584,8921,205,374,2.289993654,2.506202963,31.902554440,223.948654583,20.242452621,3,1.000000000,nan,nan,0.000000000,4.674760974,2.327022958,0.019078027,0.034741010,2.471257991,0,0.500000000
271.700820446,19680,2650,0,10989,8691,17026,535,124,116,40,76,8335,8691,202,333,2.236212230,2.497503011,22.197544577,166.648384526,5.106449127,2,0.000000000,nan,nan,0.000000000,6.065176975,3.364889941,0.025907997,0.032298965,3.575308016,0,0.500000000
271.798093081,20064,2802,0,11217,8847,17258,541,117,122,49,73,8411,8847,204,337,2.346457218,2.491093652,26.308574272,197.278898639,4.461526871,2,0.000000000,nan,nan,0.000000000,4.178680014,2.343199041,0.019132975,0.038583006,2.509997983,0,0.500000000
271.899096012,20352,2751,0,11450,8902,17597,535,123,122,50,72,8695,8902,201,334,2.128729963,2.493059515,26.140151122,191.792086489,5.773067474,2,0.000000000,nan,nan,0.000000000,3.199586994,1.693414990,0.013655983,0.027707021,1.808654983,0,0.500000000
271.999920845,19968,2855,0,11072,8896,17109,554,108,115,49,66,8216,8893,199,355,2.276839403,2.502886510,25.036559452,158.237325751,nan,1,nan,nan,nan,0.000000000,3.287956992,1.724218018,0.011777971,0.029416988,1.830913010,0,0.500000000
272.099840164,19968,2768,0,11309,8659,17196,551,117,121,48,73,8541,8655,202,349,2.140572732,2.512857781,25.011794028,204.628885915,63.040971756,4,1.000000000,nan,nan,0.000000000,3.374875989,1.843944134,0.014418969,0.057587982,1.964952040,0,0.500000000
272.200027943,19488,2820,0,11071,8417,17196,551,118,118,51,67,8541,8655,202,349,2.140572732,2.512857781,24.685652151,188.160834419,nan,nan,nan,nan,nan,0.000000000,4.033326986,2.760468051,0.019553001,0.047892041,2.925309993,0,0.500000000
272.399948359,20064,2933,0,11384,8680,17127,557,139,122,39,83,8447,8680,202,355,2.257365546,2.521686263,26.769776928,150.876576758,39.837598801,5,1.000000000,nan,nan,0.000000000,3.383912961,1.766199013,0.015409023,0.025793968,1.884514000,0,0.500000000
272.499797821,20064,2903,0,11545,8519,17157,541,120,123,40,83,8638,8519,190,351,2.078421233,2.542730832,28.022397332,180.012120988,23.869514465,3,1.000000000,nan,nan,0.000000000,3.375690023,1.710505050,0.013114011,0.111431989,1.821722020,0,0.500000000
272.600109816,19968,2947,0,11344,8624,17017,538,123,122,38,84,8393,8624,187,351,2.198404178,2.539823415,25.767162501,175.950420489,nan,1,nan,nan,nan,0.000000000,4.385114007,2.135513001,0.016276957,0.044597022,2.278580971,0,0.500000000
272.700048923,20064,2919,0,11327,8737,17017,538,123,122,38,84,8393,8624,187,351,2.198404178,2.539823415,26.141928355,180.871428176,nan,nan,nan,nan,nan,0.000000000,2.555711952,1.780682011,0.014488061,0.029510004,1.905545010,0,0.500000000
272.800141096,19968,2931,0,11251,8717,17017,538,124,123,38,85,8393,8624,187,351,2.198404178,2.539823415,26.019693573,181.836975628,nan,nan,nan,nan,nan,0.000000000,2.798821020,2.007305971,0.017192971,0.029254006,2.149090986,0,0.500000000
272.899834394,19968,2959,0,11301,8667,17017,538,122,123,38,85,8393,8624,187,351,2.198404178,2.539823415,25.244923873,181.776668701,nan,nan,nan,nan,nan,0.000000000,3.195134981,2.157909039,0.016152975,0.030223979,2.299869957,0,0.500000000
272.999823570,20064,3028,0,11331,8733,17032,536,125,122,34,88,8303,8729,177,359,2.167727101,2.604318318,25.120981454,190.632304658,54.754734039,4,1.000000000,nan,nan,0.000000000,4.443154030,2.501589945,0.021249056,0.061446975,2.674880961,0,0.500000000
273.099908829,19968,2912,0,11268,8700,17052,546,134,130,34,96,8352,8700,178,368,2.172634938,2.524798441,29.423650083,203.672823995,nan,1,nan,nan,nan,0.000000000,3.289201995,1.685810974,0.014444115,0.042444037,1.798560028,0,0.500000000
273.300011873,19872,2759,0,10990,8882,17109,540,129,132,29,103,8227,8882,168,372,2.103372036,2.298214791,26.664175278,190.466982748,nan,1,nan,nan,nan,0.000000000,5.614180001,3.224035027,0.030903961,0.057959987,3.468103008,0,0.500000000
273.399827480,19776,2962,0,11133,8643,16810,548,137,137,35,102,8167,8643,164,384,2.006376395,2.526802052,28.245143339,232.317979259,4.414796829,2,0.000000000,nan,nan,0.000000000,7.941364020,3.954000946,0.032431039,0.078740006,4.204755009,0,0.500000000
273.500582933,19872,2785,0,10923,8949,17083,537,136,143,41,102,8134,8949,160,377,2.124439209,2.244274782,31.877470945,210.149756776,23.884773254,4,1.000000000,nan,nan,0.000000000,6.180029013,3.109658952,0.027771050,0.057242985,3.319975978,0,0.500000000
273.599616528,20544,3110,0,11543,9001,17430,530,135,140,32,108,8429,9001,150,380,2.000358464,2.328400896,30.211772802,238.767758548,5.643367767,2,0.000000000,nan,nan,0.000000000,3.201871004,1.718924032,0.015962985,0.030145980,1.844073995,0,0.500000000
273.700111628,19968,2725,0,10854,9114,17239,551,141,145,40,105,8129,9110,159,392,2.112152671,2.196576376,31.355518434,211.053229016,30.418634415,2,1.000000000,nan,nan,0.000000000,3.175668011,1.713553094,0.015577069,0.031576026,1.830741996,0,0.500000000
273.799971819,19968,2967,0,11206,8762,17239,551,144,147,40,107,8129,9110,159,392,2.112152671,2.196576376,33.183359451,207.980805835,nan,nan,nan,nan,nan,0.000000000,2.419498982,1.698406879,0.015943020,0.022218039,1.818927005,0,0.500000000
273.899786472,20064,2837,0,11113,8951,17223,536,129,134,38,96,8272,8951,153,383,2.152054955,2.099114826,25.837182666,213.793352015,38.338184357,5,1.000000000,nan,nan,0.000000000,8.341258974,4.530668899,0.039636099,0.076383003,4.852015001,0,0.500000000
273.999967813,19968,2908,0,11203,8765,17223,536,133,132,36,96,8272,8951,153,383,2.152054955,2.099114826,26.457545461,215.641921855,nan,nan,nan,nan,nan,0.000000000,5.198464030,3.575878043,0.028022972,0.029282994,3.799566999,0,0.500000000
274.099797487,19776,2978,0,10853,8923,17223,536,136,137,36,101,8272,8951,153,383,2.152054955,2.099114826,29.417250289,229.355389100,nan,nan,nan,nan,nan,0.000000000,2.395282034,1.650881954,0.014585967,0.018675986,1.770748000,0,0.500000000
274.198050022,20064,2878,0,11220,8844,17182,501,128,122,36,86,8338,8844,146,355,2.037013124,2.181554942,29.707077367,172.597207167,6.064414978,2,0.000000000,nan,nan,0.000000000,4.849920049,2.240524045,0.017879007,0.024905021,2.395667951,0,0.500000000
274.400883675,20064,2904,0,11030,9034,17156,473,97,91,28,63,8126,9030,151,322,2.073892266,2.126874829,22.796962811,140.406420605,70.439815521,4,1.000000000,nan,nan,0.000000000,2.974356990,1.474560995,0.010704971,0.020003004,1.579408010,0,0.500000000
274.499839067,19968,3075,0,11028,8940,16889,508,113,119,32,87,7953,8936,152,356,2.095355325,2.138161559,24.608495340,205.235575527,5.878448486,4,0.000000000,nan,nan,0.000000000,5.000634002,2.368939982,0.017482031,0.025321031,2.529493999,0,0.500000000
274.599818468,20064,3051,0,11012,9052,17009,502,112,111,34,77,7961,9048,154,348,2.081040672,2.163302817,24.868625786,153.548889541,nan,1,nan,nan,nan,0.000000000,3.274455958,1.626254001,0.013277982,0.035059988,1.749936026,0,0.500000000
274.699857235,20064,3165,0,11268,8796,16895,498,111,114,31,83,8100,8795,146,352,2.110142327,2.151337105,25.993257021,162.761989655,10.123252869,4,0.000000000,nan,nan,0.000000000,2.997228992,1.561802928,0.012447068,0.023186032,1.672530023,0,0.500000000
274.800369263,19680,3108,0,10810,8870,16895,498,111,112,29,83,8100,8795,146,352,2.110142327,2.151337105,24.165175291,164.521281834,nan,nan,nan,nan,nan,0.000000000,2.706315019,1.858536038,0.015503028,0.026587979,1.992030011,0,0.500000000
274.898697853,20448,3237,0,11684,8764,17207,503,114,131,32,99,8454,8753,146,357,2.059005386,2.171152856,31.402344670,227.731185780,nan,1,nan,nan,nan,0.000000000,4.670162976,2.176961920,0.017547049,0.030818977,2.319953986,0,0.500000000
274.999897480,19968,3126,0,10949,9019,16838,490,118,119,31,88,7838,9000,144,346,2.103064142,2.124802948,26.662522124,201.349830923,29.508113861,2,1.000000000,nan,nan,0.000000000,3.008215048,1.517945901,0.012847013,0.035092991,1.630425977,0,0.500000000
275.199765444,20064,3216,0,10968,9096,16844,487,111,111,28,83,7787,9057,145,342,2.080454002,2.182529218,23.148256832,191.554958024,4.401922226,2,0.000000000,nan,nan,0.000000000,3.603026038,2.013966092,0.012346020,0.029709947,2.124568971,0,0.500000000
275.299938679,20064,3266,0,11207,8857,16844,487,117,112,32,80,7787,9057,145,342,2.080454002,2.182529218,22.042474207,193.525981240,nan,nan,nan,nan,nan,0.000000000,3.164739988,2.242709976,0.019584084,0.032261014,2.409032953,0,0.500000000
275.400155067,19968,3237,0,11059,8909,16727,472,119,118,29,89,7865,8862,141,331,2.061601501,2.179511275,28.892246107,198.907343167,7.701873779,4,0.000000000,nan,nan,0.000000000,4.014113976,2.155520022,0.018732040,0.050738978,2.319527033,0,0.500000000
275.499812126,19968,3155,0,11181,8787,16727,472,116,114,30,84,7865,8862,141,331,2.061601501,2.179511275,26.014331439,196.318554928,nan,nan,nan,nan,nan,0.000000000,4.073037009,2.641632047,0.021542946,0.024620036,2.828103025,0,0.500000000
275.598834991,20160,3420,0,11309,8851,16736,468,109,114,30,84,7921,8815,140,328,2.092381127,2.216570597,24.494432876,172.888245219,nan,1,nan,nan,nan,0.000000000,4.774431989,2.617596008,0.023766013,0.052999007,2.835073043,0,0.500000000
275.699911594,19968,3288,0,11124,8844,16676,467,115,120,31,89,7911,8765,138,329,2.028155988,2.250203768,26.875373245,199.903591934,5.789756775,2,0.000000000,nan,nan,0.000000000,2.976885997,1.444736961,0.012437929,0.025961024,1.554731978,0,0.500000000
275.799572706,20064,3590,0,11130,8934,16470,457,108,116,26,90,7608,8862,128,329,2.096111762,2.261491746,24.101863900,170.742722310,4.318475723,2,0.000000000,nan,nan,0.000000000,4.595037957,2.218868001,0.022505992,0.023660017,2.452025015,0,0.500000000
275.899800301,19872,3182,0,10882,8990,16686,472,117,121,30,91,7790,8896,133,339,2.067634003,2.249890895,23.960643494,210.703363127,56.099176407,9,1.000000000,nan,nan,0.000000000,3.832320974,1.898414921,0.016303034,0.029357965,2.039676008,0,0.500000000
275.998965740,19680,2976,0,10632,9048,16700,449,110,103,26,77,7741,8959,126,323,2.060430355,2.267834399,22.264754335,146.236160410,8.674383163,19,0.000000000,nan,nan,0.000000000,2.941728977,1.393566024,0.011653930,0.019120984,1.501141989,0,0.500000000
276.098811865,19968,3356,0,10964,9004,16608,466,116,116,29,87,7707,8901,128,338,2.077553886,2.293743439,21.361296467,221.223742206,10.544538498,20,0.000000000,nan,nan,0.000000000,2.980747027,1.462822023,0.012960925,0.026898982,1.575498027,0,0.500000000
276.199227571,19872,3394,0,10966,8906,16474,452,116,113,32,81,7672,8802,121,331,2.079467485,2.340811928,24.181178656,176.431937285,49.303054810,8,1.000000000,nan,nan,0.000000000,2.824015974,1.404057024,0.012714998,0.021298009,1.515229000,0,0.500000000
276.298949718,19968,3704,0,11130,8838,16260,463,132,115,28,87,7484,8776,125,338,2.155130497,2.334453551,23.693017649,186.558058026,nan,1,nan,nan,nan,0.000000000,3.210544004,1.503748004,0.013486017,0.032103038,1.617966976,0,0.500000000
276.398815632,19968,3761,0,11084,8884,16260,463,114,113,30,83,7484,8776,125,338,2.155130497,2.334453551,22.655425425,172.711101669,nan,nan,nan,nan,nan,0.000000000,2.158502990,1.429454889,0.012131000,0.025696994,1.536102965,0,0.500000000
276.500629902,20160,3993,0,11209,8951,16260,463,115,118,30,88,7484,8776,125,338,2.155130497,2.334453551,25.649168754,167.477366672,nan,nan,nan,nan,nan,0.000000000,2.878050029,2.033849014,0.018823950,0.037406979,2.193444991,0,0.500000000
276.599768639,19968,3804,0,10955,9013,16160,444,117,108,26,82,7226,8934,120,324,2.241574508,2.311558260,21.518439981,185.119733707,5.997419357,3,0.000000000,nan,nan,0.000000000,2.747044957,1.377605950,0.016610022,0.031560019,1.487809990,0,0.500000000
276.799927473,19968,4113,0,11119,8849,15851,439,108,106,23,83,7102,8749,116,323,2.272225301,2.322431016,24.182605411,152.887302263,4.243612289,2,0.000000000,nan,nan,0.000000000,3.330609004,1.468127943,0.012672972,0.030694995,1.577912015,0,0.500000000
276.899935246,20064,4126,0,11366,8698,15934,437,118,108,26,82,7337,8597,123,314,2.257856696,2.408361573,28.381964473,152.463780374,40.379762650,3,1.000000000,nan,nan,0.000000000,4.050931020,1.759473991,0.012663077,0.035648991,1.869831991,0,0.500000000
276.999859810,19872,4296,0,11068,8804,15572,429,102,106,28,78,6870,8702,112,317,2.248419220,2.341441212,21.440810953,150.897666937,nan,1,nan,nan,nan,0.000000000,4.741040990,2.141752979,0.017641054,0.035749050,2.301244007,0,0.500000000
277.200463533,20160,4612,0,11187,8973,15544,436,130,116,30,86,6685,8859,120,316,2.229306810,2.285109594,25.875031767,137.778280670,54.095983505,9,1.000000000,nan,nan,0.000000000,4.999889003,2.690560010,0.028281065,0.059920014,2.916682046,0,0.500000000
277.299898148,19968,4515,0,11174,8794,15449,431,106,102,28,74,6796,8653,118,313,2.194832764,2.367885569,20.360579515,115.258755069,20.897150040,7,1.000000000,nan,nan,0.000000000,4.644672968,2.523972013,0.025780988,0.035879028,2.733288973,0,0.500000000
277.399748325,20064,4775,0,11185,8879,15449,431,107,105,30,75,6796,8653,118,313,2.194832764,2.367885569,20.926458604,117.455780858,nan,nan,nan,nan,nan,0.000000000,5.455737992,3.666271979,0.029700052,0.042274012,3.936924972,0,0.500000000
277.499733686,19968,4731,0,11254,8714,15233,431,109,118,31,87,6701,8532,120,311,2.178709327,2.399992709,22.573432486,150.399604813,21.698474884,2,1.000000000,nan,nan,0.000000000,8.668878989,3.706142888,0.030884054,0.045586028,3.976189997,0,0.500000000
277.599982500,20064,4982,0,11465,8599,15233,431,117,116,33,83,6701,8532,120,311,2.178709327,2.399992709,20.143352344,145.746233458,nan,nan,nan,nan,nan,0.000000000,4.583456961,1.642515999,0.015043071,0.017714046,1.782106003,0,0.500000000
277.700541019,19872,4965,0,11308,8564,15233,431,120,120,34,86,6701,8532,120,311,2.178709327,2.399992709,21.854616837,152.817025703,nan,nan,nan,nan,nan,0.000000000,1.940910995,1.310137974,0.009514042,0.019540021,1.396559004,0,0.500000000
277.799230337,19872,5130,0,11409,8463,14738,434,109,110,25,85,6530,8208,109,325,2.144477072,2.546981189,23.405532187,126.433313080,6.105899811,6,0.000000000,nan,nan,0.000000000,3.120075969,1.434999984,0.012601959,0.024431036,1.551835041,0,0.500000000
277.901026487,20448,5332,0,11882,8566,15112,435,95,114,31,83,6854,8258,125,310,2.125121269,2.350562863,25.609705368,131.222285363,6.040811539,6,0.000000000,nan,nan,0.000000000,2.756829024,1.339968992,0.015284983,0.033420976,1.449826988,0,0.500000000
278.001124859,19872,5259,0,11682,8190,15112,435,114,110,27,83,6854,8258,125,310,2.125121269,2.350562863,25.319180232,126.903437514,nan,nan,nan,nan,nan,0.000000000,1.999142987,1.318914001,0.012036937,0.025060028,1.425013994,0,0.500000000
278.099803209,20064,5265,0,11616,8448,14795,419,113,116,32,84,6752,8043,124,295,2.099051244,2.536687006,26.395666105,129.691166932,1.750946045,2,0.000000000,nan,nan,0.000000000,2.611709002,1.327745966,0.012359058,0.036997953,1.438224979,0,0.500000000
278.199888468,19968,5339,0,11800,8168,14625,394,100,105,25,80,6848,7777,115,279,2.070180241,2.697256717,29.568823886,106.291143559,59.963226318,2,1.000000000,nan,nan,0.000000000,2.730603970,1.293150068,0.011421973,0.027199974,1.409070974,0,0.500000000
278.299897671,19968,5419,0,11740,8228,14545,412,108,113,26,87,6766,7779,115,297,2.069699861,2.635251201,26.292129366,153.255166682,4.016399384,2,0.000000000,nan,nan,0.000000000,2.578801999,1.315454021,0.012401026,0.019862957,1.423686976,0,0.500000000
278.399789333,19584,5307,0,11821,7763,14545,412,112,112,24,88,6766,7779,115,297,2.069699861,2.635251201,24.415087054,151.311122911,nan,nan,nan,nan,nan,0.000000000,2.133546979,1.394293969,0.011948985,0.023329980,1.503204985,0,0.500000000
278.499564409,20352,5452,0,11994,8358,14896,412,100,102,25,77,7025,7871,112,300,2.044526550,2.743914958,23.017641382,129.980851261,50.534725189,10,1.000000000,nan,nan,0.000000000,2.700387966,1.292767003,0.011110969,0.025970978,1.395513013,0,0.500000000
278.601918221,20160,5435,0,12212,7948,14721,407,102,110,22,88,7264,7457,108,299,1.996990828,2.731011868,28.204704029,126.516849084,30.454874039,12,1.000000000,nan,nan,0.000000000,2.590038988,1.286780986,0.011453056,0.026802998,1.392097038,0,0.500000000
278.699947119,19968,5620,0,12013,7955,14344,404,105,106,16,90,6905,7439,105,299,1.996215913,2.658834641,26.388341664,135.857368542,nan,1,nan,nan,nan,0.000000000,2.508438018,1.269133994,0.011767901,0.032593030,1.375043008,0,0.500000000
278.800687075,19968,5546,0,12110,7858,14418,396,103,101,20,81,7108,7310,104,292,1.961214409,2.769690629,23.523939602,116.818624668,19.923686981,3,1.000000000,nan,nan,0.000000000,4.847295990,2.268024022,0.019466039,0.029299990,2.454578993,0,0.500000000
278.899730921,19968,5575,0,12077,7891,14389,408,109,111,21,90,7040,7349,108,300,1.954285916,2.672727167,23.472816013,140.513570443,40.045022964,2,1.000000000,nan,nan,0.000000000,3.633437038,1.905658981,0.018540013,0.031222007,2.071781026,0,0.500000000
278.999841213,20064,5469,0,12072,7992,14591,405,103,99,24,75,7200,7391,108,297,1.934292985,2.796259297,22.173920172,77.347458017,3.342628479,2,0.000000000,nan,nan,0.000000000,2.541708003,1.267765998,0.010859105,0.024405017,1.370577025,0,0.500000000
279.099831820,19296,5337,0,11815,7481,14591,405,98,96,21,75,7200,7391,108,297,1.934292985,2.796259297,21.023223176,74.689380896,nan,nan,nan,nan,nan,0.000000000,4.206719052,2.888906980,0.025492976,0.045376015,3.142592032,0,0.500000000
279.199690819,20256,5688,0,12374,7882,14564,405,109,105,23,82,7262,7302,106,299,1.906570632,2.746461561,25.063444451,88.109774874,nan,1,nan,nan,nan,0.000000000,2.536846034,1.285745995,0.011932047,0.035618024,1.396160980,0,0.500000000
279.299257040,19104,5441,0,11485,7619,14564,405,97,97,20,77,7262,7302,106,299,1.906570632,2.746461561,22.697702141,82.314394763,nan,nan,nan,nan,nan,0.000000000,1.957267988,1.314845984,0.011019991,0.020325999,1.422677014,0,0.500000000
279.499749422,20064,5689,0,12349,7715,14371,383,101,109,17,92,7146,7225,100,283,1.860183065,2.725501062,23.713567155,118.221462004,90.000391006,5,1.000000000,nan,nan,0.000000000,2.495598979,1.217940997,0.011239026,0.041618012,1.324265962,0,0.500000000
279.599896908,19968,5645,0,12155,7813,14319,396,92,95,16,79,6999,7320,108,288,1.864975371,2.707234857,19.261809152,124.262127174,5.049705505,2,0.000000000,nan,nan,0.000000000,3.902744967,1.736195001,0.013923040,0.051838986,1.880730037,0,0.500000000
279.699928999,19968,5746,0,12259,7709,14218,380,89,92,16,76,6964,7254,104,276,1.833176727,2.672476697,22.367851090,89.866850010,5.856990814,2,0.000000000,nan,nan,0.000000000,3.835737007,1.956569962,0.017050013,0.049819995,2.123486018,0,0.500000000
279.799815416,20064,5706,0,12156,7908,14218,380,90,88,15,73,6964,7254,104,276,1.833176727,2.672476697,21.158162940,84.156309941,nan,nan,nan,nan,nan,0.000000000,3.134099010,1.984548988,0.016070029,0.029504998,2.147987019,0,0.500000000
279.901232243,19968,5629,0,12232,7736,14335,401,91,100,14,86,7012,7323,109,292,1.829463058,2.707586617,21.898415649,134.419967930,60.171604156,5,1.000000000,nan,nan,0.000000000,2.621815016,1.250873960,0.010281918,0.040681974,1.354435983,0,0.500000000
280.000750542,19968,5679,0,12101,7867,14335,401,110,106,17,89,7012,7323,109,292,1.829463058,2.707586617,25.030223489,133.155218336,nan,nan,nan,nan,nan,0.000000000,2.478834998,1.700832043,0.016309961,0.034830009,1.846593979,0,0.500000000
280.099788904,19776,5480,0,12167,7609,14335,401,106,105,17,88,7012,7323,109,292,1.829463058,2.707586617,24.791507010,132.311831344,nan,nan,nan,nan,nan,0.000000000,1.878932992,1.255957119,0.012622040,0.035454985,1.362338022,0,0.500000000
280.299821377,20064,5526,0,12244,7820,14534,381,92,92,18,74,7084,7450,106,275,1.789525896,2.592045213,19.447523592,113.829833437,39.725542068,6,1.000000000,nan,nan,0.000000000,4.409799003,1.945118012,0.015876023,0.052925025,2.107412030,0,0.500000000
280.399872780,20064,5675,0,12210,7854,14385,393,109,106,22,84,6879,7506,110,283,1.791433245,2.540241577,22.158601819,129.402887454,19.947528839,7,1.000000000,nan,nan,0.000000000,2.571329998,1.264100079,0.011909986,0.029277988,1.370971033,0,0.500000000
280.499924660,19968,5458,0,12204,7764,14385,393,105,105,22,83,6879,7506,110,283,1.791433245,2.540241577,24.473147497,122.400784040,nan,nan,nan,nan,nan,0.000000000,3.124391020,2.045293048,0.020393054,0.031478005,2.215960994,0,0.500000000
280.599789381,19872,5476,0,11946,7926,14385,393,105,106,22,84,6879,7506,110,283,1.791433245,2.540241577,24.271944800,125.266026327,nan,nan,nan,nan,nan,0.000000000,1.988020027,1.290258951,0.012013013,0.024130044,1.403109985,0,0.500000000
280.701249123,19776,5364,0,11977,7799,14385,393,105,105,21,84,6879,7506,110,283,1.791433245,2.540241577,23.695900570,123.120039932,nan,nan,nan,nan,nan,0.000000000,1.844910032,1.222878986,0.008549017,0.015999016,1.307455997,0,0.500000000
280.899760485,19584,4929,0,11702,7882,14651,374,70,93,23,70,7037,7614,101,273,1.712478940,2.558673194,19.896452356,113.474893059,35.417795181,3,1.000000000,nan,nan,0.000000000,4.154919996,1.814113057,0.012815930,0.034180004,1.954620995,0,0.500000000
281.100091219,19968,4946,0,11962,8006,15018,366,85,101,16,85,7250,7768,89,277,1.669608338,2.513906781,22.482241882,98.299250472,54.548025131,4,1.000000000,nan,nan,0.000000000,2.534036001,1.156284998,0.012990029,0.025866029,1.261024969,0,0.500000000
281.199794292,19968,4814,0,11936,8032,15150,372,91,96,14,82,7356,7794,89,283,1.655149661,2.550753420,18.113344525,122.276754861,65.717458725,4,1.000000000,nan,nan,0.000000000,3.136697982,1.340428949,0.011416036,0.036071055,1.459813968,0,0.500000000
281.299735546,19968,4856,0,11904,8064,15108,366,97,99,16,83,7285,7823,83,283,1.640752545,2.495008897,23.937280340,122.494390475,36.547899246,2,1.000000000,nan,nan,0.000000000,2.520643990,1.173327037,0.010958931,0.048078015,1.278575044,0,0.500000000
281.499724388,19968,4876,0,12081,7887,15088,362,97,102,15,87,7441,7647,82,280,1.615042111,2.527313964,27.437173156,97.200570246,nan,1,nan,nan,nan,0.000000000,2.518328023,1.138059946,0.010896008,0.036806974,1.246289001,0,0.500000000
281.599858284,20064,4978,0,12189,7875,15088,362,98,97,14,83,7441,7647,82,280,1.615042111,2.527313964,23.186165334,96.555062547,nan,nan,nan,nan,nan,0.000000000,2.303947986,1.396543928,0.012942997,0.037944992,1.531383954,0,0.500000000
281.699744701,19968,4819,0,12167,7801,15145,376,101,101,17,84,7619,7526,82,294,1.577122699,2.567223128,21.990141091,117.997180807,29.756546021,7,1.000000000,nan,nan,0.000000000,2.643741027,1.187221962,0.010724994,0.046177011,1.294801012,0,0.500000000
281.799691916,20064,4853,0,12102,7962,15207,368,99,100,18,82,7525,7682,82,286,1.571829822,2.541963663,23.751186862,93.646273737,40.494441986,2,1.000000000,nan,nan,0.000000000,2.542058995,1.155816950,0.010885997,0.034494966,1.260655990,0,0.500000000
281.902030945,19872,4790,0,12122,7750,15207,368,97,99,17,82,7525,7682,82,286,1.571829822,2.541963663,24.434425425,97.981292721,nan,nan,nan,nan,nan,0.000000000,1.801661041,1.145379909,0.010662014,0.023007044,1.246044005,0,0.500000000
281.999382734,19680,4613,0,11683,7997,15063,370,108,103,14,89,7325,7738,80,290,1.559298550,2.382196332,21.830405988,122.485662631,80.487251282,4,1.000000000,nan,nan,0.000000000,2.779924020,1.214272866,0.012031058,0.120566983,1.323463977,0,0.500000000
282.098756790,20448,5027,0,12448,8000,15063,370,109,113,17,96,7325,7738,80,290,1.559298550,2.382196332,23.139245422,139.569047018,nan,nan,nan,nan,nan,0.000000000,3.725994029,2.410420042,0.027067901,0.045456982,2.648908994,0,0.500000000
282.199712992,19584,4493,0,11822,7762,15063,370,110,112,17,95,7325,7738,80,290,1.559298550,2.382196332,23.115184606,134.455643492,nan,nan,nan,nan,nan,0.000000000,2.806389006,1.652701991,0.016844948,0.029919960,1.806473010,0,0.500000000
282.300212860,20352,4897,0,12213,8139,15063,370,110,111,17,94,7325,7738,80,290,1.559298550,2.382196332,22.220384097,133.966776363,nan,nan,nan,nan,nan,0.000000000,1.808981993,1.139964035,0.011926983,0.026951020,1.245043008,0,0.500000000
282.399677277,19968,4771,0,11992,7976,15193,372,93,91,14,77,7525,7668,82,290,1.478042293,2.344647850,21.563950556,116.891695250,4.092216492,2,0.000000000,nan,nan,0.000000000,2.746105951,1.176861988,0.010379998,0.037933001,1.279392978,0,0.500000000
282.499846697,19872,4796,0,12086,7786,15072,381,101,101,16,85,7621,7451,82,299,1.458605801,2.430496845,23.743271217,108.539172414,nan,1,nan,nan,nan,0.000000000,4.425343010,1.887162041,0.016310019,0.040470040,2.041349013,0,0.500000000
282.602581501,19872,4907,0,11987,7885,15072,381,99,99,17,82,7621,7451,82,299,1.458605801,2.430496845,22.054377043,104.286398345,nan,nan,nan,nan,nan,0.000000000,1.836751006,1.177168975,0.010406075,0.032240001,1.278929994,0,0.500000000
282.704632044,19680,4936,0,12082,7598,14740,376,99,100,20,80,7497,7243,82,294,1.429160238,2.291036894,23.910060272,118.460614346,34.028053284,3,1.000000000,nan,nan,0.000000000,2.442308993,1.157746068,0.010969990,0.032362004,1.263709040,0,0.500000000
282.899949074,19968,5021,0,12128,7840,14943,372,104,98,23,75,7423,7520,86,286,1.408420389,2.358142980,22.419909612,106.943624658,nan,1,nan,nan,nan,0.000000000,2.723489015,1.206506044,0.011492986,0.036554993,1.316262002,0,0.500000000
282.999685764,20064,5008,0,12167,7897,15052,370,96,96,25,71,7478,7574,82,288,1.384852163,2.263695378,20.678632941,122.817987810,6.286382675,2,0.000000000,nan,nan,0.000000000,2.474673034,1.153803023,0.010461023,0.030050986,1.255440991,0,0.500000000
283.099841595,19968,5031,0,11899,8069,14933,372,109,108,27,81,7161,7772,85,287,1.381151305,2.237844931,26.803546223,106.196643207,22.994279861,5,1.000000000,nan,nan,0.000000000,2.572374011,1.156492974,0.011786062,0.027170987,1.266400970,0,0.500000000
283.201361179,19872,4878,0,11872,8000,14933,372,99,98,24,74,7161,7772,85,287,1.381151305,2.237844931,24.302885490,100.151712217,nan,nan,nan,nan,nan,0.000000000,2.116470016,1.406802039,0.015438010,0.025079004,1.569532033,0,0.500000000
283.299720287,20064,4986,0,11791,8273,15074,366,94,99,22,77,7081,7993,86,280,1.353183245,2.242697023,28.667018830,88.905662804,64.559459686,8,1.000000000,nan,nan,0.000000000,4.493113025,2.114337985,0.019916974,0.061972009,2.315493999,0,0.500000000
283.399695873,20064,4726,0,11803,8261,15334,374,91,94,20,74,7361,7973,82,292,1.325913251,2.303309409,23.534049965,112.032702187,29.584884644,7,1.000000000,nan,nan,0.000000000,2.438028052,1.150914060,0.009886979,0.017295999,1.250659989,0,0.500000000
283.502964973,19968,4797,0,11626,8342,15167,348,103,98,18,80,7093,8074,76,272,1.322002249,2.202589882,25.363730048,106.821651193,6.275653839,6,0.000000000,nan,nan,0.000000000,2.366399975,1.064465090,0.010869931,0.017401006,1.170031028,0,0.500000000
283.599713087,20064,4761,0,11946,8118,15299,355,98,87,17,70,7436,7863,75,280,1.304174463,2.209184024,23.074924595,66.820887332,3.301858902,2,0.000000000,nan,nan,0.000000000,4.015636980,2.012563113,0.019729079,0.045609020,2.209899016,0,0.500000000
283.700075388,20064,4857,0,11739,8325,15203,362,109,111,18,93,7112,8091,74,288,1.292956875,2.139219973,30.411453096,106.725545547,14.761924744,2,0.000000000,nan,nan,0.000000000,2.537956985,1.129989978,0.013023964,0.032576965,1.244799991,0,0.500000000
283.800056696,19968,4856,0,11901,8067,15203,362,112,114,20,94,7112,8091,74,288,1.292956875,2.139219973,31.842098380,103.592587875,nan,nan,nan,nan,nan,0.000000000,1.853309048,1.141974004,0.012148928,0.022446970,1.251396025,0,0.500000000
283.901327610,20064,4785,0,11617,8447,15275,361,103,107,21,86,7060,8215,76,285,1.251428567,2.041219508,26.325203620,139.060219419,20.111560822,10,1.000000000,nan,nan,0.000000000,2.590581018,1.119000022,0.011359924,0.054859032,1.222165010,0,0.500000000
283.999844551,19968,4821,0,11724,8244,15143,365,109,102,24,78,7113,8030,74,291,1.228166904,2.196617701,26.833581915,93.592382895,5.767583847,2,0.000000000,nan,nan,0.000000000,3.304635989,1.377000997,0.013776938,0.040696003,1.499617007,0,0.500000000
284.099704266,19872,4986,0,11493,8379,14882,366,98,98,20,78,6743,8139,70,296,1.222124359,2.089542750,24.296269494,90.348846036,14.298915863,3,0.000000000,nan,nan,0.000000000,2.552250051,1.143842004,0.010566029,0.030130032,1.247989014,0,0.500000000
284.202625036,20064,4879,0,11679,8385,15181,365,104,102,17,85,7038,8143,68,297,1.201075980,2.235447843,23.828652986,76.126034056,10.000228882,8,0.000000000,nan,nan,0.000000000,3.856231051,1.883709920,0.019254978,0.046567002,2.059329010,0,0.500000000
284.301226854,19680,5065,0,11545,8135,15181,365,99,101,16,85,7038,8143,68,297,1.201075980,2.235447843,22.334516269,81.306653599,nan,nan,nan,nan,nan,0.000000000,2.631490002,1.116989995,0.010871969,0.015646976,1.220492995,0,0.500000000
284.400550604,20544,4973,0,11999,8545,15181,365,102,100,17,83,7038,8143,68,297,1.201075980,2.235447843,21.576951377,81.164428354,nan,nan,nan,nan,nan,0.000000000,1.883402991,1.176619029,0.011362950,0.018280989,1.287501014,0,0.500000000
284.499756098,19968,5090,0,11835,8133,15181,365,101,99,16,83,7038,8143,68,297,1.201075980,2.235447843,21.438454707,82.859502883,nan,nan,nan,nan,nan,0.000000000,1.784057997,1.128266973,0.010762946,0.021267973,1.235577045,0,0.500000000
284.599774122,19968,4930,0,11891,8077,15034,366,85,92,15,77,7370,7664,68,298,1.137482731,2.307897406,23.117869343,72.970585746,25.596380234,2,1.000000000,nan,nan,0.000000000,4.669596034,2.311985998,0.020016916,0.059657963,2.514082997,0,0.500000000
284.699816942,20064,5044,0,12104,7960,15016,365,90,104,23,81,7481,7535,74,291,1.114636265,2.322165026,25.981381633,72.589976112,25.722742081,4,1.000000000,nan,nan,0.000000000,2.491064020,1.138655934,0.010921911,0.038441969,1.248561952,0,0.500000000
284.799818516,19488,4772,0,11431,8057,15016,365,97,96,21,75,7481,7535,74,291,1.114636265,2.322165026,24.666359019,75.512404572,nan,nan,nan,nan,nan,0.000000000,1.746480004,1.128572971,0.010843971,0.019244966,1.230992959,0,0.500000000
284.897795916,20544,5253,0,12674,7870,15287,381,93,106,20,86,8001,7286,74,307,1.077397777,2.352861966,25.069839336,73.334937044,90.368986130,3,1.000000000,nan,nan,0.000000000,3.244743973,1.612010004,0.014835037,0.065875007,1.761354040,0,0.500000000
284.999666929,19584,4717,0,11856,7728,14863,400,111,108,22,86,7634,7229,82,318,1.143241601,2.363347109,29.069626791,90.325758948,nan,1,nan,nan,nan,0.000000000,2.648089023,1.243963954,0.011971977,0.053388998,1.354857988,0,0.500000000
285.098798990,20352,5307,0,12555,7797,15041,402,95,97,13,84,7979,7062,83,319,1.131145420,2.402289321,24.456655970,73.875377666,10.036230087,5,0.000000000,nan,nan,0.000000000,3.004287020,1.382504008,0.011375058,0.045959023,1.494830998,0,0.500000000
285.199729443,20064,4965,0,12240,7824,15041,402,104,110,20,90,7979,7062,83,319,1.131145420,2.402289321,28.116579120,83.665821366,nan,nan,nan,nan,nan,0.000000000,1.949724974,1.237873046,0.011618948,0.038917991,1.344065997,0,0.500000000
285.299801111,19968,5026,0,12512,7456,14938,374,86,95,20,75,8204,6734,91,283,1.183249346,2.016677464,25.455354276,85.497555584,4.638910294,2,0.000000000,nan,nan,0.000000000,3.592535970,1.662802999,0.013763027,0.054171018,1.798099955,0,0.500000000
285.399673223,19968,5087,0,12322,7646,14877,384,105,102,20,82,7851,7026,97,287,1.206167876,1.863735745,25.301912808,76.310385684,nan,1,nan,nan,nan,0.000000000,2.452072978,1.173905039,0.011148979,0.030763971,1.279731980,0,0.500000000
285.499698639,19968,5106,0,12428,7540,14877,384,104,102,19,83,7851,7026,97,287,1.206167876,1.863735745,26.281105960,85.851663227,nan,nan,nan,nan,nan,0.000000000,2.829411998,1.909147948,0.019069994,0.038639992,2.085119020,0,0.500000000
285.698902369,20064,5185,0,12377,7687,14877,384,101,101,19,82,7851,7026,97,287,1.206167876,1.863735745,25.399582851,84.768976088,nan,nan,nan,nan,nan,0.000000000,2.085549990,1.254116069,0.009217998,0.039978011,1.368212048,0,0.500000000
285.799904108,20064,5487,0,12249,7815,14877,384,101,101,19,82,7851,7026,97,287,1.206167876,1.863735745,25.397335933,84.770328810,nan,nan,nan,nan,nan,0.000000000,1.756265003,1.132018981,0.008123054,0.026949972,1.212809002,0,0.500000000
285.899824619,19968,5091,0,12104,7864,14873,397,91,98,21,77,7540,7333,88,309,1.167657643,1.845880886,23.292688466,108.593918037,4.741907120,2,0.000000000,nan,nan,0.000000000,2.583484980,1.320255920,0.011119933,0.063109968,1.435175014,0,0.500000000
285.999719143,19968,5210,0,12090,7878,14754,414,104,114,23,91,7390,7364,104,310,1.246682390,1.810026523,21.893065379,117.691764919,25.636196136,5,1.000000000,nan,nan,0.000000000,4.026509007,1.845434017,0.016627018,0.111229019,2.016168961,0,0.500000000
286.099731684,19968,5159,0,12110,7858,14805,401,105,106,26,80,7370,7435,107,294,1.340109368,1.672450022,22.260019783,92.456944297,84.424018860,2,1.000000000,nan,nan,0.000000000,5.294055969,2.485824050,0.022278051,0.084654021,2.687646018,0,0.500000000
286.199973583,19776,4952,0,11878,7898,14820,418,104,101,24,77,7321,7499,112,306,1.427176962,1.609068692,18.925929297,95.067627622,nan,1,nan,nan,nan,0.000000000,2.551009995,1.281386998,0.011547003,0.052135030,1.386696997,0,0.500000000
286.300051928,20064,5461,0,12355,7709,14599,408,96,102,23,79,7196,7403,114,294,1.454122914,1.537369889,19.185193235,91.846898897,34.561872482,5,1.000000000,nan,nan,0.000000000,2.795460983,1.303958998,0.015365949,0.039475039,1.415689010,0,0.500000000
286.399635553,20064,5160,0,12109,7955,14900,395,90,96,29,67,7259,7641,125,270,1.467108082,1.453630665,23.609234883,95.975983972,23.997545242,5,1.000000000,nan,nan,0.000000000,5.040281976,2.135512012,0.017272949,0.253514037,2.306918032,0,0.500000000
286.500433683,19968,5417,0,12484,7484,14900,395,92,91,25,66,7259,7641,125,270,1.467108082,1.453630665,17.849123815,103.608786479,nan,nan,nan,nan,nan,0.000000000,1.799180987,1.207427995,0.010882912,0.022811990,1.316265028,0,0.500000000
286.599704027,19872,5243,0,12418,7454,14900,395,88,91,26,65,7259,7641,125,270,1.467108082,1.453630665,18.888183426,111.990408236,nan,nan,nan,nan,nan,0.000000000,3.603543038,2.314328973,0.018181978,0.038954022,2.497129026,0,0.500000000
286.700444460,19968,5216,0,12714,7254,14748,392,88,94,48,46,7616,7132,174,218,1.594144136,1.349086728,14.521964867,136.200924561,30.348539352,11,1.000000000,nan,nan,0.000000000,2.513070998,1.185970090,0.010070100,0.054241973,1.291088993,0,0.500000000
286.799714804,20064,5292,0,12884,7180,14768,369,74,66,32,34,7638,7130,185,184,1.691998810,1.327406914,10.065480936,102.671703945,4.530429840,2,0.000000000,nan,nan,0.000000000,2.487821970,1.116677071,0.007902912,0.038467988,1.212067029,0,0.500000000
286.899701118,19968,5063,0,12807,7161,14768,369,70,79,41,38,7638,7130,185,184,1.691998810,1.327406914,15.882156189,108.477650489,nan,nan,nan,nan,nan,0.000000000,1.857142022,1.159384032,0.008581963,0.036697020,1.272912021,0,0.500000000
287.000218153,19968,5272,0,12724,7244,14768,369,79,83,42,41,7638,7130,185,184,1.691998810,1.327406914,14.885582559,107.767746884,nan,nan,nan,nan,nan,0.000000000,3.025917977,1.857792959,0.014759135,0.027942006,2.015809005,0,0.500000000
287.099657536,20064,5175,0,12852,7212,14885,360,69,82,46,36,7673,7212,185,175,1.639992074,1.333459023,15.307838475,119.881975249,26.274442673,4,1.000000000,nan,nan,0.000000000,2.422202961,1.079590060,0.008114032,0.022378983,1.173680008,0,0.500000000
287.199779510,20064,5426,0,12677,7387,14634,367,85,90,47,43,7249,7385,184,183,1.675191619,1.341496940,17.410397567,134.890611613,29.850006104,8,1.000000000,nan,nan,0.000000000,5.355330009,2.159737982,0.017204962,0.023693021,2.338602033,0,0.500000000
287.299835682,19968,5134,0,12608,7360,14830,359,87,88,49,39,7474,7356,177,182,1.605188094,1.348131878,19.836972296,103.718969188,30.270099640,7,1.000000000,nan,nan,0.000000000,3.162178036,1.495559001,0.012720062,0.025722955,1.627076010,0,0.500000000
287.400575876,20064,5553,0,12647,7417,14507,356,74,70,34,36,7097,7410,170,186,1.669428016,1.357796569,14.486945592,97.782792992,4.128932953,2,0.000000000,nan,nan,0.000000000,3.999377019,1.814185060,0.013255980,0.034363009,1.969448000,0,0.500000000
287.499801397,19968,5216,0,12473,7495,14748,351,72,71,33,38,7265,7483,170,181,1.595095008,1.361766879,15.864261487,85.651785553,37.948131561,3,1.000000000,nan,nan,0.000000000,2.601605956,1.091544982,0.007930037,0.033190998,1.188124006,0,0.500000000
287.599702358,19968,5588,0,12587,7381,14376,356,73,77,33,44,7018,7358,167,189,1.681263621,1.372324124,18.255155143,105.391448661,54.795503616,4,1.000000000,nan,nan,0.000000000,2.488577971,1.136585022,0.008828996,0.024962996,1.234906027,0,0.500000000
287.699776649,20064,5321,0,12582,7482,14739,346,63,69,32,37,7285,7454,160,186,1.629410009,1.369475824,13.792859141,93.682710794,4.525899887,2,0.000000000,nan,nan,0.000000000,2.327271970,1.074608997,0.007272989,0.026751019,1.167148992,0,0.500000000
287.799808025,19968,5527,0,12527,7441,14437,346,74,72,30,42,7029,7408,154,192,1.673589227,1.375926220,17.663387296,96.972784879,5.855560303,2,0.000000000,nan,nan,0.000000000,2.376326011,1.106259064,0.008634059,0.015661994,1.201054023,0,0.500000000
287.899691343,20064,5356,0,12460,7604,14437,346,70,71,28,43,7029,7408,154,192,1.673589227,1.375926220,17.289780343,89.672149471,nan,nan,nan,nan,nan,0.000000000,1.704175025,1.081954048,0.007955008,0.028872979,1.176497026,0,0.500000000
287.999839783,20064,5572,0,12432,7632,14437,346,71,72,28,44,7029,7408,154,192,1.673589227,1.375926220,17.106917189,89.904435413,nan,nan,nan,nan,nan,0.000000000,2.222828043,1.481606974,0.011618016,0.024561014,1.617047994,0,0.500000000
288.099751234,19872,5341,0,12131,7741,14437,346,75,75,30,45,7029,7408,154,192,1.673589227,1.375926220,17.788506219,90.246964427,nan,nan,nan,nan,nan,0.000000000,1.743183995,1.098238979,0.008473988,0.017907994,1.199401973,0,0.500000000
288.202578783,20064,5588,0,12358,7706,14472,374,86,72,30,42,6855,7617,163,211,1.633957430,1.441027768,18.842765685,100.041861100,nan,1,nan,nan,nan,0.000000000,3.088024969,1.399384986,0.013574085,0.027955975,1.514421019,0,0.500000000
288.299635649,19968,5446,0,12081,7887,14472,374,77,79,32,47,6855,7617,163,211,1.633957430,1.441027768,17.936852500,102.323755688,nan,nan,nan,nan,nan,0.000000000,2.333689015,1.431854966,0.009822950,0.024252979,1.540032972,0,0.500000000
288.399690866,19776,5419,0,12202,7574,14472,374,75,79,32,47,6855,7617,163,211,1.633957430,1.441027768,17.016956885,95.531068011,nan,nan,nan,nan,nan,0.000000000,1.948221005,1.293244015,0.008987903,0.024148030,1.397009008,0,0.500000000
288.600339174,20064,5502,0,12394,7670,14558,370,94,86,39,47,7025,7533,157,213,1.590230812,1.464582835,17.897428545,97.217284296,64.732789993,14,1.000000000,nan,nan,0.000000000,3.217301040,1.611396030,0.014283927,0.041630003,1.753163000,0,0.500000000
288.699781656,19968,5583,0,12038,7930,14381,372,82,73,34,39,6610,7771,154,218,1.614717279,1.458010332,13.505404919,73.069877580,9.449720383,6,0.000000000,nan,nan,0.000000000,4.401504004,1.998906024,0.014904072,0.025162997,2.160311036,0,0.500000000
288.799738169,19968,5780,0,12388,7580,14184,375,86,85,38,47,6783,7401,147,228,1.532742322,1.472936179,16.660462622,70.708929731,nan,1,nan,nan,nan,0.000000000,2.830350946,1.245685038,0.009940995,0.026784022,1.348440011,0,0.500000000
288.899707079,20064,5733,0,12046,8018,14327,373,87,88,36,52,6499,7828,153,220,1.590814230,1.453499868,19.780580188,92.583087378,49.991369247,4,1.000000000,nan,nan,0.000000000,2.765221987,1.276464958,0.010146003,0.029899005,1.381944981,0,0.500000000
288.999964237,19968,5880,0,12314,7654,14084,366,80,78,39,39,6650,7434,143,223,1.525741303,1.490426540,17.067359816,67.675921591,25.949716568,3,1.000000000,nan,nan,0.000000000,4.108275054,2.076996898,0.016671955,0.034069992,2.258719003,0,0.500000000
289.099638224,19872,6041,0,12140,7732,13827,361,75,75,29,46,6322,7505,133,228,1.620581049,1.520366780,19.945859434,93.068647396,35.365343094,2,1.000000000,nan,nan,0.000000000,2.475573972,1.149966964,0.008632953,0.018562947,1.252083981,0,0.500000000
289.299645662,19968,6228,0,12302,7666,13736,364,71,74,23,51,6324,7412,126,238,1.634069387,1.555715921,16.340451167,129.244553724,70.368766785,2,1.000000000,nan,nan,0.000000000,2.310480981,1.138439984,0.008278934,0.023294007,1.234241005,0,0.500000000
289.399713278,19968,6167,0,12407,7561,13797,356,75,76,31,45,6529,7268,133,223,1.544119844,1.545402077,16.381718350,124.967296644,24.563550949,4,1.000000000,nan,nan,0.000000000,4.371374962,1.935491920,0.012617966,0.056891004,2.103473002,0,0.500000000
289.500249386,20064,6336,0,12525,7539,13797,356,81,78,33,45,6529,7268,133,223,1.544119844,1.545402077,19.212776969,102.453801719,nan,nan,nan,nan,nan,0.000000000,1.706080046,1.090300095,0.008691044,0.026723021,1.192002965,0,0.500000000
289.599665642,20064,6340,0,12425,7639,13797,356,80,79,33,46,6529,7268,133,223,1.544119844,1.545402077,20.264388823,105.610201837,nan,nan,nan,nan,nan,0.000000000,1.728487958,1.103286981,0.008645933,0.025260961,1.199530030,0,0.500000000
289.700338125,19968,6530,0,12476,7492,13434,362,73,82,31,51,6248,7186,129,233,1.563791384,1.636385704,18.776614508,89.990963511,5.017757416,2,0.000000000,nan,nan,0.000000000,3.070898005,1.390890044,0.015432015,0.030323979,1.511163951,0,0.500000000
289.801327467,20064,6316,0,12222,7842,13434,362,68,72,31,41,6248,7186,129,233,1.563791384,1.636385704,15.630173837,64.760021490,nan,nan,nan,nan,nan,0.000000000,1.849649008,1.166415983,0.008569041,0.025741989,1.282168028,0,0.500000000
289.899748325,19872,6440,0,12399,7473,13428,369,82,84,30,54,6265,7163,129,240,1.540776456,1.702267918,20.532569565,90.984674400,4.587173462,2,0.000000000,nan,nan,0.000000000,3.563198028,1.881669916,0.015412981,0.028881012,2.042379987,0,0.500000000
289.999626160,20064,6321,0,12086,7978,13739,355,71,73,29,44,6119,7620,125,230,1.521503531,1.665946111,17.977667342,60.819788412,88.552474976,7,1.000000000,nan,nan,0.000000000,2.473758010,1.134888036,0.008484931,0.022822001,1.234035997,0,0.500000000
290.102336168,19968,6461,0,12373,7595,13503,365,82,78,30,48,6253,7250,120,245,1.492157185,1.733108169,16.092711485,77.235196503,9.973049164,5,0.000000000,nan,nan,0.000000000,3.619203984,1.764773042,0.013301033,0.036960992,1.908177976,0,0.500000000
290.201384068,20064,6439,0,12122,7942,13621,360,64,72,28,44,6061,7560,116,244,1.502929424,1.712098108,14.440460881,66.922901915,50.001621246,3,1.000000000,nan,nan,0.000000000,2.380571037,1.188386930,0.008127070,0.020890962,1.290615997,0,0.500000000
290.299752712,19872,6575,0,12291,7581,13621,360,76,72,28,44,6061,7560,116,244,1.502929424,1.712098108,14.127732097,71.075792819,nan,nan,nan,nan,nan,0.000000000,3.054227971,1.876202936,0.013358891,0.032746990,2.030745032,0,0.500000000
290.400173903,20064,6596,0,12212,7852,13464,343,55,65,26,39,6032,7432,109,234,1.405937713,1.732655695,12.235437389,67.572762830,69.181919098,6,1.000000000,nan,nan,0.000000000,2.245049051,1.074466913,0.007471011,0.031521951,1.165974012,0,0.500000000
290.499734879,19584,6777,0,12085,7499,13464,343,74,74,25,49,6032,7432,109,234,1.405937713,1.732655695,15.118846353,77.619556909,nan,nan,nan,nan,nan,0.000000000,2.611897013,1.721876906,0.013459066,0.033159042,1.876833965,0,0.500000000
290.600331306,19680,6870,0,12130,7550,12806,354,71,74,25,49,5712,7094,120,234,1.426181108,1.785788182,15.143902631,74.424313839,nan,1,nan,nan,nan,0.000000000,2.488317026,1.298861986,0.010072952,0.025596004,1.415384002,0,0.500000000
290.700047731,20832,7246,0,12917,7915,12806,354,75,77,27,50,5712,7094,120,234,1.426181108,1.785788182,15.522815772,75.412080397,nan,nan,nan,nan,nan,0.000000000,3.052401007,1.985109993,0.015305064,0.030804018,2.155932947,0,0.500000000
290.799827576,19968,7310,0,12359,7609,12654,365,83,90,37,53,5657,6997,148,217,1.445152202,1.770167832,20.867870708,71.461491215,nan,1,nan,nan,nan,0.000000000,3.517754958,1.801441947,0.014204998,0.073942007,1.956037013,0,0.500000000
290.899757862,19776,6956,0,12176,7600,12654,365,84,87,35,52,5657,6997,148,217,1.445152202,1.770167832,21.185397582,75.161916138,nan,nan,nan,nan,nan,0.000000000,2.988009015,2.048121940,0.018307997,0.049914990,2.239232010,0,0.500000000
290.999069452,20256,7600,0,12881,7375,12654,365,83,83,32,51,5657,6997,148,217,1.445152202,1.770167832,20.657640085,71.085987303,nan,nan,nan,nan,nan,0.000000000,1.747164002,1.126654097,0.009097974,0.064510969,1.224138017,0,0.500000000
291.099720478,19968,7275,0,12632,7336,12654,365,85,86,35,51,5657,6997,148,217,1.445152202,1.770167832,20.614037175,76.849495977,nan,nan,nan,nan,nan,0.000000000,3.045077028,1.843685983,0.016076956,0.049414986,2.016323968,0,0.500000000
291.199670315,19968,7362,0,12847,7121,12602,365,83,82,47,35,6457,6145,199,166,1.488507342,1.780034037,18.862614612,56.575424918,10.076284409,4,0.000000000,nan,nan,0.000000000,2.590304997,1.223378000,0.009940064,0.031796983,1.328224025,0,0.500000000
291.301045418,19968,7304,0,12922,7046,12660,364,86,81,53,28,6638,6022,212,152,1.549687018,1.763561862,19.178110429,72.746900414,16.041278839,2,1.000000000,nan,nan,0.000000000,2.590187010,1.366056036,0.016135920,0.042255037,1.493616030,0,0.500000000
291.399627686,19680,7346,0,13026,6654,12660,364,84,82,48,34,6638,6022,212,152,1.549687018,1.763561862,21.045783306,60.774673359,nan,nan,nan,nan,nan,0.000000000,1.700034016,1.147800998,0.009066018,0.017573999,1.244037005,0,0.500000000
291.497836113,19968,7474,0,13486,6482,12490,363,78,76,49,27,7094,5396,253,110,1.585466947,1.693297937,18.083362805,59.229539152,15.414953232,4,1.000000000,nan,nan,0.000000000,2.322092012,1.207608031,0.009957992,0.020126987,1.315294998,0,0.500000000
291.599724531,20352,7337,0,13763,6589,13011,381,67,74,54,20,7599,5412,287,94,1.659630428,1.552345481,17.729472863,51.452488613,5.835771561,2,0.000000000,nan,nan,0.000000000,2.473990957,1.202616084,0.008184987,0.027011032,1.297136012,0,0.500000000
291.699688196,20064,7408,0,14019,6045,12652,375,75,73,57,16,7758,4894,292,83,1.714969960,1.435509822,17.391864157,50.004532698,50.120830536,7,1.000000000,nan,nan,0.000000000,3.801660030,2.009150980,0.014661986,0.065429020,2.189780003,0,0.500000000
291.799630642,19776,7245,0,13700,6076,12652,375,73,74,57,17,7758,4894,292,83,1.714969960,1.435509822,17.654883815,49.423445491,nan,nan,nan,nan,nan,0.000000000,3.606019018,2.388105029,0.016230973,0.035371981,2.574601036,0,0.500000000
291.898630619,20160,7217,0,14198,5962,12939,378,63,64,51,13,8021,4918,307,71,1.861433896,1.235527649,9.251955722,57.612702444,29.783010483,7,1.000000000,nan,nan,0.000000000,2.468826016,1.202176965,0.007255061,0.069959962,1.300132019,0,0.500000000
291.999672413,20064,7220,0,13847,6217,12939,378,57,59,45,14,8021,4918,307,71,1.861433896,1.235527649,9.717926644,54.414384039,nan,nan,nan,nan,nan,0.000000000,2.081987041,1.310661028,0.007004943,0.040314975,1.405681018,0,0.500000000
292.099827528,19968,6963,0,13791,6177,13001,367,65,64,44,20,7623,5378,289,78,2.007038957,1.171254862,9.897113975,47.669168246,66.705226898,4,1.000000000,nan,nan,0.000000000,2.413503011,1.167023031,0.007279916,0.041647989,1.266931999,0,0.500000000
292.201582432,19968,7023,0,13651,6317,12941,357,56,61,44,17,7256,5685,278,79,2.108715441,1.174990163,11.363908580,77.323390022,5.681753159,3,0.000000000,nan,nan,0.000000000,4.371879972,2.277104068,0.013099052,0.043532986,2.455269045,0,0.500000000
292.300431728,19968,6873,0,13546,6422,13091,349,47,59,42,17,7257,5834,265,84,2.053226962,1.163833536,11.148864258,34.497671571,60.262441635,2,1.000000000,nan,nan,0.000000000,2.348544018,1.157493971,0.005830021,0.027551025,1.254300994,0,0.500000000
292.401185989,20064,6970,0,13572,6492,13090,335,57,58,42,16,7033,6057,260,75,2.214768833,1.174489674,11.268824482,42.673472953,nan,1,nan,nan,nan,0.000000000,2.163637022,1.058772032,0.006541028,0.042046013,1.147794013,0,0.500000000
292.500582695,19872,6849,0,13270,6602,13019,322,63,63,50,13,6811,6208,249,73,2.132845473,1.137933218,11.806004905,56.286814614,5.830049515,2,0.000000000,nan,nan,0.000000000,3.513022035,1.542074955,0.010492979,0.029900984,1.676223008,0,0.500000000
292.602746487,19968,6960,0,13415,6553,13004,331,50,59,42,17,6651,6353,257,74,2.370802594,1.140129808,13.595751227,43.848819712,nan,1,nan,nan,nan,0.000000000,2.505800978,1.155372011,0.006810005,0.027849048,1.251876995,0,0.500000000
292.699607372,19968,6681,0,13135,6833,13283,317,54,63,47,16,6500,6783,245,72,2.296531333,1.107201898,11.037133090,48.784326042,40.100097656,4,1.000000000,nan,nan,0.000000000,3.037930001,1.506913977,0.010234013,0.039155013,1.643061987,0,0.500000000
292.801138878,19872,7014,0,13147,6725,13283,317,63,65,52,13,6500,6783,245,72,2.296531333,1.107201898,11.073451672,39.436619911,nan,nan,nan,nan,nan,0.000000000,1.841969963,1.140002976,0.008475850,0.023400004,1.242419006,0,0.500000000
292.901573181,20256,7114,0,13266,6990,13283,317,65,66,52,14,6500,6783,245,72,2.296531333,1.107201898,12.878854197,55.288393350,nan,nan,nan,nan,nan,0.000000000,1.705835981,1.035105961,0.007901923,0.013452023,1.137871994,0,0.500000000
292.999703169,19968,7269,0,12969,6999,12695,335,62,63,54,9,5700,6995,253,82,2.837217887,1.070207970,8.258181566,41.396419994,nan,1,nan,nan,nan,0.000000000,3.545461979,1.663447998,0.010743970,0.027790025,1.805182023,0,0.500000000
293.099575281,19968,7258,0,12692,7276,12695,335,63,66,56,10,5700,6995,253,82,2.837217887,1.070207970,7.941159936,53.736711368,nan,nan,nan,nan,nan,0.000000000,1.590102969,1.030209998,0.007083057,0.026930007,1.121020992,0,0.500000000
293.200678110,20064,7516,0,12778,7286,12695,335,66,67,56,11,5700,6995,253,82,2.837217887,1.070207970,8.054803680,53.513314778,nan,nan,nan,nan,nan,0.000000000,1.621422009,1.100576075,0.007544993,0.015275029,1.192973985,0,0.500000000
293.299694777,19968,7503,0,12451,7517,12695,335,68,68,57,11,5700,6995,253,82,2.837217887,1.070207970,7.878919422,53.040518060,nan,nan,nan,nan,nan,0.000000000,2.590769960,1.738165971,0.013342069,0.031435979,1.900325005,0,0.500000000
293.400260925,19968,7556,0,12426,7542,12408,336,67,69,58,11,4868,7540,258,78,3.012702555,1.041480433,11.019591629,54.661676512,6.062269211,2,0.000000000,nan,nan,0.000000000,2.595119004,1.175608078,0.008540053,0.018961029,1.277790987,0,0.500000000
293.499776602,19968,7586,0,12335,7633,12378,319,47,58,50,8,4770,7608,249,70,2.993900345,0.999154599,5.543976713,38.800612673,85.738420486,6,1.000000000,nan,nan,1.000000000,3.774428973,1.686055912,0.009323005,0.024758046,1.826399006,0,0.500000000
293.599696159,19872,7633,0,12363,7509,12378,319,65,61,52,9,4770,7608,249,70,2.993900345,0.999154599,8.902372283,52.614480307,nan,nan,nan,nan,nan,1.000000000,1.789618051,1.199071936,0.008554023,0.020831998,1.304465986,0,0.500000000
293.699028015,20256,7763,0,12728,7528,12489,327,59,56,52,4,5208,7281,256,71,2.967244985,0.967815084,6.146582668,36.760689181,59.573411942,6,1.000000000,nan,nan,1.000000000,2.134138020,1.047264959,0.006525021,0.021148997,1.141994027,0,0.500000000
293.799661636,19776,7666,0,12471,7305,12106,320,59,63,51,12,5162,6944,252,68,2.960091542,0.962328176,8.674171729,54.420239335,51.036357880,3,1.000000000,nan,nan,1.000000000,2.171005995,0.991093053,0.007461000,0.033537974,1.091888000,0,0.500000000
293.900265932,19872,7777,0,12586,7286,12091,323,54,57,49,8,5303,6788,258,65,2.896066414,0.951193467,6.743647302,36.346048978,70.054292679,2,1.000000000,nan,nan,1.000000000,2.187658043,1.042627962,0.006415008,0.027481990,1.132984005,0,0.500000000
293.999862909,20352,8098,0,13103,7249,12250,325,59,59,49,10,5676,6574,263,62,2.847269462,0.956391117,9.475071444,57.446342078,nan,1,nan,nan,nan,1.000000000,2.118951001,1.013908011,0.006443006,0.035772042,1.101411006,0,0.500000000
294.099852800,19968,7870,0,12817,7151,12094,301,53,57,51,6,5668,6426,246,55,2.822486748,0.948306923,8.850824964,37.267331793,nan,1,nan,nan,nan,1.000000000,3.943431948,1.778581995,0.011328957,0.053027004,1.938175003,0,0.500000000
294.199692965,20064,7754,0,12757,7307,12306,296,51,49,41,8,5781,6525,245,51,2.802597408,0.977804192,6.847620599,27.461199025,69.968461990,2,1.000000000,nan,nan,1.000000000,2.511881990,1.247162058,0.007522933,0.041665975,1.371135004,0,0.500000000
294.299752712,19584,7869,0,12732,6852,12306,296,48,52,44,8,5781,6525,245,51,2.802597408,0.977804192,7.679042249,41.662432089,nan,nan,nan,nan,nan,1.000000000,1.550019952,0.990190019,0.006159069,0.020020001,1.083247014,0,0.500000000
294.397988081,20352,7688,0,12726,7626,12306,296,49,50,44,6,5781,6525,245,51,2.802597408,0.977804192,7.076711285,39.546752827,nan,nan,nan,nan,nan,1.000000000,1.416706014,0.920826977,0.005565002,0.010023010,1.008041960,0,0.500000000
294.499714851,19584,7995,0,12593,6991,12306,296,48,50,45,5,5781,6525,245,51,2.802597408,0.977804192,7.311964878,43.150104425,nan,nan,nan,nan,nan,1.000000000,1.676913002,1.054458960,0.006534974,0.012475997,1.153157966,0,0.500000000
294.699727297,19872,8063,0,12888,6984,12306,296,48,49,44,5,5781,6525,245,51,2.802597408,0.977804192,7.187784498,42.519265243,nan,nan,nan,nan,nan,1.000000000,2.104885003,1.315847097,0.007636088,0.014248013,1.435592014,0,0.500000000
294.799677610,20064,7939,0,12762,7302,12121,296,47,44,39,5,5873,6248,238,58,2.785455179,1.093403182,9.237678253,32.718906609,110.502481461,4,1.000000000,nan,nan,0.000000000,2.079956001,0.919290993,0.005684968,0.021555985,1.004663005,0,0.500000000
294.899532080,19968,8131,0,13093,6875,12121,296,46,45,40,5,5873,6248,238,58,2.785455179,1.093403182,7.799105838,30.759465345,nan,nan,nan,nan,nan,0.000000000,1.492907002,0.930145965,0.005679030,0.011865981,1.014801965,0,0.500000000
294.999658108,20064,7840,0,12870,7194,12220,290,39,45,41,4,6152,6068,244,46,2.759633779,1.094185753,7.446946959,24.061527120,34.796476364,3,1.000000000,nan,nan,0.000000000,2.886358998,1.199852966,0.006820948,0.064320979,1.311818021,0,0.500000000
295.299616098,20064,8034,0,13281,6783,12026,314,46,55,43,12,6373,5653,260,54,2.725449635,1.172232044,9.635977506,56.628696183,69.769382477,8,1.000000000,nan,nan,0.000000000,2.154371003,1.034673012,0.005859009,0.024304027,1.123822003,0,0.500000000
295.399845600,19968,7891,0,12965,7003,12073,306,52,54,46,8,6210,5863,259,47,2.773213583,1.173573592,8.200889347,41.438362753,41.126012802,2,1.000000000,nan,nan,0.000000000,2.236655972,1.002214034,0.006159011,0.017927028,1.091614016,0,0.500000000
295.499813318,19968,7932,0,13133,6835,12073,306,55,55,48,7,6210,5863,259,47,2.773213583,1.173573592,8.024062981,41.512148063,nan,nan,nan,nan,nan,0.000000000,1.545634994,0.988950022,0.006343878,0.019468018,1.079106994,0,0.500000000
295.599566221,19968,7868,0,12948,7020,12096,304,66,58,50,8,6203,5893,248,56,2.791014655,1.231216055,9.054891369,42.754241996,50.265789032,4,1.000000000,nan,nan,0.000000000,2.025371999,0.977292017,0.007159018,0.021779968,1.071363047,0,0.500000000
295.699650049,20064,7927,0,13064,7000,12133,312,58,58,46,12,6366,5767,241,71,2.725763258,1.304993915,6.650317850,60.747500460,nan,1,nan,nan,nan,0.000000000,2.231688995,1.030498999,0.006594986,0.016086036,1.125876966,0,0.500000000
295.799560308,20064,8057,0,12950,7114,12133,312,58,58,44,14,6366,5767,241,71,2.725763258,1.304993915,5.553939300,61.787687065,nan,nan,nan,nan,nan,0.000000000,1.551434048,0.994971022,0.006346090,0.012443983,1.093565952,0,0.500000000
295.899799347,19968,7608,0,12661,7307,12133,312,55,53,43,10,6366,5767,241,71,2.725763258,1.304993915,3.327397807,48.495870553,nan,nan,nan,nan,nan,0.000000000,1.475508034,0.977370946,0.006501970,0.010006013,1.064415963,0,0.500000000
295.999601364,20064,7735,0,12804,7260,12325,326,53,60,47,13,6295,6030,245,81,2.781714912,1.415494804,4.404991585,45.862999358,nan,1,nan,nan,nan,0.000000000,3.533905023,1.832104055,0.011556956,0.059604004,1.992290956,0,0.500000000
296.099803209,19968,7560,0,12581,7387,12404,313,53,54,41,13,6221,6183,232,81,2.770083594,1.435564741,3.027524064,47.247667751,7.148504257,10,0.000000000,nan,nan,0.000000000,2.171422995,0.994758972,0.006695045,0.045670022,1.083125011,0,0.500000000
296.199622154,19968,7551,0,12631,7337,12413,326,52,59,47,12,6295,6118,246,80,2.775727886,1.507405813,4.569954745,62.811921366,6.494045258,7,0.000000000,nan,nan,0.000000000,2.382203995,1.091102022,0.006488990,0.030449999,1.189450966,0,0.500000000
296.299584627,19968,7661,0,12559,7409,12303,316,52,56,50,6,6073,6230,234,82,2.801471632,1.537231584,5.256851241,36.069092869,7.176637650,33,0.000000000,nan,nan,0.000000000,2.252234030,1.016077003,0.006108952,0.030505995,1.104539027,0,0.500000000
296.399736881,19968,7619,0,12594,7374,12345,331,57,63,54,9,6195,6150,251,80,2.764942251,1.557914339,7.694469584,51.549240393,10.277509689,20,0.000000000,nan,nan,0.000000000,2.262310998,1.060768089,0.006913091,0.032995013,1.153381018,0,0.500000000
296.499574900,19968,7892,0,12891,7077,12072,325,54,47,36,11,6118,5954,246,79,2.794009819,1.621623445,4.011298698,31.047650838,7.076263428,19,0.000000000,nan,nan,0.000000000,2.265626041,1.079983951,0.007994939,0.038563972,1.177991973,0,0.500000000
296.599570990,20064,7641,0,12699,7365,12419,341,62,61,54,7,6208,6211,259,82,2.765337736,1.616115766,5.562405254,59.382358391,7.672548294,18,0.000000000,nan,nan,0.000000000,2.364516025,1.098684967,0.007124036,0.038394995,1.193945995,0,0.500000000
296.699563742,19968,7875,0,12892,7076,12089,337,57,61,50,11,6133,5956,259,78,2.791452939,1.660615954,7.645821598,40.063163442,35.492420197,3,1.000000000,nan,nan,0.000000000,2.822241979,1.341594965,0.008593022,0.034185010,1.452279976,0,0.500000000
296.800637722,20064,7796,0,12723,7341,12264,344,62,67,59,8,6054,6210,258,86,2.775088682,1.661177780,9.059535952,64.188396661,16.658544540,2,1.000000000,nan,nan,0.000000000,2.380500955,1.139520027,0.007588067,0.043395034,1.237226999,0,0.500000000
296.899594784,19968,7950,0,12847,7121,12014,337,52,58,50,8,6028,5986,254,83,2.804978671,1.698617060,6.084137853,36.761546923,nan,1,nan,nan,nan,0.000000000,4.168473009,1.959711954,0.011004042,0.064565975,2.116909018,0,0.500000000
296.999545813,19968,7857,0,12566,7402,12107,333,56,58,49,9,5823,6284,244,89,2.837233927,1.713104746,5.472569308,49.742973143,nan,1,nan,nan,nan,0.000000000,2.238034038,1.106609008,0.006898073,0.044715998,1.195338031,0,0.500000000
297.100210428,20064,7980,0,12733,7331,12107,333,61,61,51,10,5823,6284,244,89,2.837233927,1.713104746,8.865175761,53.128515504,nan,nan,nan,nan,nan,0.000000000,1.823503990,1.207660942,0.007821014,0.035642006,1.311968954,0,0.500000000
297.199612617,19968,7925,0,12553,7415,12107,333,59,61,50,11,5823,6284,244,89,2.837233927,1.713104746,8.440688554,49.741743405,nan,nan,nan,nan,nan,0.000000000,3.186532995,2.107014996,0.013056037,0.045497029,2.279315027,0,0.500000000
297.299579144,19584,7771,0,12528,7056,11809,329,52,47,40,7,5838,5971,236,93,2.895506641,1.802206712,4.322580232,31.578309770,nan,1,nan,nan,nan,0.000000000,3.074591979,1.647912897,0.008869043,0.064168999,1.777136989,0,0.500000000
297.400392056,20352,8068,0,12573,7779,12280,328,50,51,41,10,5636,6644,236,92,2.971630199,1.768900262,4.071497311,48.049122759,10.077238083,5,0.000000000,nan,nan,0.000000000,3.391479957,1.545190986,0.007770956,0.046272995,1.663825999,0,0.500000000
297.499530792,20064,7976,0,12688,7376,12084,319,59,51,45,6,5860,6224,228,91,2.883049902,1.811188987,3.686002570,38.735054947,4.651308060,2,0.000000000,nan,nan,0.000000000,2.349479997,1.093066065,0.007319031,0.026057009,1.188306953,0,0.500000000
297.599980831,19968,8124,0,12658,7310,11840,347,59,48,44,4,5603,6237,249,98,3.006660720,1.798443254,6.827706417,42.049794340,nan,1,nan,nan,nan,0.000000000,3.824082960,2.000104985,0.010684016,0.029043993,2.154086949,0,0.500000000
297.699616432,19872,8079,0,12549,7323,11840,347,54,51,47,4,5603,6237,249,98,3.006660720,1.798443254,7.444737345,52.409529464,nan,nan,nan,nan,nan,0.000000000,1.605974976,1.094649953,0.006176066,0.016495003,1.183271001,0,0.500000000
297.799404621,19776,8217,0,12538,7238,11555,343,55,50,39,11,5401,6154,246,97,2.971966675,1.817065204,7.196180855,42.545344093,8.491277695,6,0.000000000,nan,nan,0.000000000,2.363970969,1.157446008,0.006299990,0.020691019,1.248884015,0,0.500000000
297.898349524,20352,8391,0,13119,7233,11555,343,47,48,37,11,5401,6154,246,97,2.971966675,1.817065204,7.296717518,33.841307605,nan,nan,nan,nan,nan,0.000000000,1.657816989,1.077900000,0.005481939,0.012976991,1.171329000,0,0.500000000
297.999545813,19584,8202,0,12544,7040,11378,329,77,56,43,13,5481,5897,232,97,2.903246446,1.825708058,7.507550598,36.547853842,6.998062134,6,0.000000000,nan,nan,0.000000000,2.142294019,1.071512990,0.008142029,0.021334970,1.167645038,0,0.500000000
298.099266529,20448,8589,0,13089,7359,11855,353,60,56,45,11,5742,6113,248,105,3.031112985,1.820901106,8.967114119,38.963079960,100.149631500,4,1.000000000,nan,nan,0.000000000,2.224272001,1.129003009,0.006603019,0.018702005,1.218511024,0,0.500000000
298.199662447,19968,8626,0,13027,6941,11338,349,47,54,42,12,5576,5762,240,109,3.003799336,1.827746305,5.897877672,30.318716967,75.513839722,4,1.000000000,nan,nan,0.000000000,2.861496003,1.544350991,0.008322066,0.022983004,1.669852005,0,0.500000000
298.299679518,19680,8373,0,12709,6971,11303,351,63,55,47,8,5540,5763,234,117,3.056076287,1.815226945,9.188087783,50.154350803,48.966646194,2,1.000000000,nan,nan,0.000000000,2.674056974,1.450172975,0.009579991,0.017678016,1.568315027,0,0.500000000
298.499566793,19968,8541,0,12935,7033,11423,352,65,67,60,7,5627,5796,242,110,3.079593206,1.834152813,10.903227150,57.605002585,nan,1,nan,nan,nan,0.000000000,2.074363001,1.104474941,0.007140974,0.013895973,1.193461998,0,0.500000000
298.599522829,19968,8638,0,13113,6855,11326,351,58,59,50,9,5725,5601,245,106,3.060039770,1.852072615,12.015101378,49.776890765,70.983409882,5,1.000000000,nan,nan,0.000000000,2.351885021,1.147427014,0.006716058,0.017134007,1.239445002,0,0.500000000
298.699673414,19296,8612,0,12601,6695,11326,351,58,57,47,10,5725,5601,245,106,3.060039770,1.852072615,11.823014782,46.330822200,nan,nan,nan,nan,nan,0.000000000,1.668210956,1.147680974,0.006515998,0.020611973,1.239780977,0,0.500000000
298.898820400,20544,8848,0,13552,6992,11692,360,55,67,56,11,5995,5697,247,113,3.120268231,1.867537905,15.248655185,45.778531821,35.385131836,4,1.000000000,nan,nan,0.000000000,2.304052003,1.152995043,0.006723043,0.026168011,1.250713016,0,0.500000000
299.000202179,20064,8625,0,13019,7045,11435,364,67,61,51,10,5727,5708,252,112,3.008982987,1.884954357,11.517907341,40.873141349,nan,1,nan,nan,nan,0.000000000,3.348623984,1.830226043,0.011872035,0.030403025,1.983845024,0,0.500000000
299.099622488,19968,8592,0,12943,7025,11435,364,69,66,56,10,5727,5708,252,112,3.008982987,1.884954357,13.683402225,43.267237860,nan,nan,nan,nan,nan,0.000000000,5.254944961,3.768861934,0.025008048,0.043529028,4.079902952,0,0.500000000
299.199576139,20064,8688,0,13030,7034,11435,364,68,67,57,10,5727,5708,252,112,3.008982987,1.884954357,13.387289573,43.009563505,nan,nan,nan,nan,nan,0.000000000,6.878643995,4.865839030,0.030688941,0.050154980,5.236540048,0,0.500000000
299.299687862,19968,8649,0,13047,6921,11435,364,67,64,56,8,5727,5708,252,112,3.008982987,1.884954357,12.649720101,41.044895601,nan,nan,nan,nan,nan,0.000000000,3.566781990,2.342416032,0.014702033,0.019130995,2.520827984,0,0.500000000
299.400653362,20064,8637,0,13104,6960,11423,374,43,54,43,11,5819,5604,261,113,3.104014194,1.929075204,13.423358728,63.764394794,24.871349335,7,1.000000000,nan,nan,0.000000000,2.345321991,1.208517002,0.005818962,0.023800996,1.294114045,0,0.500000000
299.499608040,19968,8649,0,13063,6905,11315,371,59,54,42,12,5668,5647,256,115,3.128312469,1.953398319,6.562584983,35.285739472,60.174703598,6,1.000000000,nan,nan,0.000000000,2.220867958,1.191924035,0.007071998,0.030309951,1.284860016,0,0.500000000
299.599571466,19968,8565,0,12918,7050,11399,371,57,60,45,15,5711,5688,255,116,3.130061381,1.928206292,10.601401335,39.800511502,4.708528519,2,0.000000000,nan,nan,0.000000000,2.574761049,1.280349912,0.007087074,0.034169003,1.374217973,0,0.500000000
299.699587107,20064,8761,0,13138,6926,11399,371,51,52,40,12,5711,5688,255,116,3.130061381,1.928206292,8.842050654,34.762806732,nan,nan,nan,nan,nan,0.000000000,1.770647999,1.170171949,0.006150978,0.028295966,1.263970044,0,0.500000000
299.801959991,19872,8452,0,12810,7062,11416,364,57,49,42,7,5662,5754,242,122,3.118145577,1.965781554,8.138508878,30.195915287,6.047010422,2,0.000000000,nan,nan,0.000000000,2.194996981,1.147119910,0.006619957,0.025202986,1.237197954,0,0.500000000
299.899554014,19680,8372,0,12795,6885,11416,364,50,51,40,11,5662,5754,242,122,3.118145577,1.965781554,8.942131920,31.154025342,nan,nan,nan,nan,nan,0.000000000,2.851372992,1.982147980,0.010074000,0.028209004,2.138571057,0,0.500000000
300.000213623,20352,8776,0,13102,7250,11572,370,57,50,39,11,5681,5891,253,117,3.117832910,1.959438727,6.652621102,27.825289300,63.957691193,5,1.000000000,nan,nan,0.000000000,5.452610028,3.120202979,0.017588958,0.041036983,3.366696008,0,0.500000000
300.099558353,20064,8521,0,13039,7025,11539,363,52,48,40,8,5776,5763,246,117,3.101592113,2.049012957,5.260022269,32.367749990,43.948411942,5,1.000000000,nan,nan,0.000000000,6.479529955,3.034110938,0.015797967,0.040651008,3.251894959,0,0.500000000
300.199654102,19968,8250,0,12760,7208,11714,370,54,51,42,9,5760,5954,254,116,3.099433197,2.000352958,9.715677456,38.355003140,70.185899734,2,1.000000000,nan,nan,0.000000000,2.631157986,1.446408976,0.007903960,0.020478969,1.558037009,0,0.500000000
300.299764872,20064,8532,0,13094,6970,11714,370,52,52,43,9,5760,5954,254,116,3.099433197,2.000352958,10.079322750,28.892357319,nan,nan,nan,nan,nan,0.000000000,1.818516001,1.241636986,0.006240967,0.015338999,1.334722037,0,0.500000000
300.399611712,19968,8211,0,12848,7120,11714,370,51,52,44,8,5760,5954,254,116,3.099433197,2.000352958,10.857530457,31.307483047,nan,nan,nan,nan,nan,0.000000000,1.867898973,1.230073045,0.006671064,0.014609017,1.330758969,0,0.500000000
300.499551058,19968,8199,0,12893,7075,11714,370,51,54,45,9,5760,5954,254,116,3.099433197,2.000352958,12.800238645,34.989138510,nan,nan,nan,nan,nan,0.000000000,1.893423963,1.334099972,0.007013034,0.013878045,1.431736979,0,0.500000000
300.599549770,19968,8206,0,12873,7095,11758,370,54,63,49,14,5872,5886,249,121,3.093572796,2.055907837,11.739342357,45.912114197,6.464004517,2,0.000000000,nan,nan,0.000000000,2.389813017,1.230748021,0.008631963,0.020301028,1.335640030,0,0.500000000
300.699623108,19968,8220,0,12802,7166,11744,375,68,65,47,18,5960,5784,255,120,3.069335866,2.113896014,9.423686217,33.234875379,39.589405060,5,1.000000000,nan,nan,0.000000000,2.514594991,1.388009056,0.008935924,0.023161003,1.498427009,0,0.500000000
300.802257776,19872,8187,0,12702,7170,11681,374,56,53,39,14,5835,5846,244,130,3.092375687,2.090131920,9.051586776,44.848517524,26.524305344,3,1.000000000,nan,nan,0.000000000,3.446678980,1.745593967,0.010101998,0.039172999,1.871849003,0,0.500000000
300.999552250,19968,7924,0,12704,7264,12040,397,63,59,49,10,6119,5921,266,131,3.066947898,2.124097912,10.990175220,54.129204024,13.309240341,2,0.000000000,nan,nan,0.000000000,2.320780011,1.260532939,0.006974034,0.019604980,1.354118984,0,0.500000000
301.099471092,20064,8008,0,12769,7295,12040,397,63,62,51,11,6119,5921,266,131,3.066947898,2.124097912,13.099623327,49.418855446,nan,nan,nan,nan,nan,0.000000000,3.559098055,2.434538095,0.013412035,0.029233983,2.610146010,0,0.500000000
301.200280666,19968,7776,0,12695,7273,12188,383,54,56,44,12,6258,5930,256,127,3.063918419,2.158040667,12.795919362,42.425525690,6.671190262,2,0.000000000,nan,nan,0.000000000,3.801413986,2.088612004,0.011257012,0.047904032,2.247487952,0,0.500000000
301.299757481,19872,7896,0,12748,7124,12188,383,54,58,45,13,6258,5930,256,127,3.063918419,2.158040667,10.603481981,41.389024738,nan,nan,nan,nan,nan,0.000000000,6.258994050,4.355314013,0.023136032,0.050041010,4.692832998,0,0.500000000
301.402565479,20064,7714,0,12716,7348,12346,387,58,62,49,13,6338,6008,259,128,3.030861860,2.177720087,11.511711632,56.535002901,56.013822556,2,1.000000000,nan,nan,0.000000000,3.818850033,1.912487030,0.010534946,0.035191013,2.051168995,0,0.500000000
301.499636173,19776,7707,0,12823,6953,12346,387,55,54,44,10,6338,6008,259,128,3.030861860,2.177720087,7.833721645,45.251911194,nan,nan,nan,nan,nan,0.000000000,1.769483031,1.214421995,0.006072049,0.034383032,1.306841034,0,0.500000000
301.599060059,20256,7501,0,13007,7249,12751,395,54,52,44,8,6823,5928,265,130,2.981437974,2.207143563,7.611739558,41.686420961,98.907709122,4,1.000000000,nan,nan,0.000000000,3.124840965,1.511364011,0.007580034,0.048356014,1.615004032,0,0.500000000
301.699492931,19968,7403,0,12903,7065,12561,405,52,53,43,10,6758,5803,274,131,2.991357130,2.247420539,9.360877691,42.043328865,74.317693710,4,1.000000000,nan,nan,0.000000000,2.420077974,1.296462957,0.005954003,0.038696977,1.384346979,0,0.500000000
301.799565315,20064,7444,0,12869,7195,12616,406,58,47,40,7,6705,5911,275,131,2.975788655,2.238237012,7.259369042,37.371268051,nan,1,nan,nan,nan,0.000000000,2.384027001,1.270107052,0.006289047,0.045620021,1.358851034,0,0.500000000
301.899604797,19968,7343,0,12832,7136,12621,411,54,54,47,7,6795,5826,281,130,2.971997535,2.275313444,8.699278279,35.945648942,9.623050690,2,0.000000000,nan,nan,0.000000000,2.483109012,1.319581934,0.005951093,0.033293967,1.406239986,0,0.500000000
301.999622345,20064,7383,0,12743,7321,12677,416,56,51,42,9,6701,5976,287,129,2.987891455,2.265547173,11.908342286,33.231021364,5.431652069,2,0.000000000,nan,nan,0.000000000,4.448851978,2.599440981,0.012495962,0.048092974,2.786708996,0,0.500000000
302.099616051,19488,6759,0,12407,7081,12725,405,50,45,38,7,6868,5857,279,126,2.965361448,2.308629450,7.719864940,22.171896844,4.590749741,2,0.000000000,nan,nan,0.000000000,2.744953963,1.401898975,0.005811977,0.045255001,1.498547965,0,0.500000000
302.200595379,20064,7237,0,12824,7240,12823,413,45,58,44,14,6817,6006,288,125,2.995552470,2.297347411,13.169531912,42.018426624,90.159654617,6,1.000000000,nan,nan,0.000000000,5.161823996,2.947190020,0.013008073,0.048540998,3.146862029,0,0.500000000
302.299381733,19776,6768,0,12516,7260,13004,409,47,47,39,8,7036,5968,284,125,2.969396041,2.316752313,7.704608142,28.282593677,43.348550797,2,1.000000000,nan,nan,0.000000000,2.597260987,1.348251943,0.005864946,0.023010012,1.446795010,0,0.500000000
302.399271250,20160,7163,0,12789,7371,12993,398,48,52,38,14,6892,6101,268,130,2.986333341,2.297263953,10.426115415,52.249495478,3.790378571,2,0.000000000,nan,nan,0.000000000,2.526275988,1.276170078,0.006006914,0.021082989,1.364963013,0,0.500000000
302.498816729,20352,6780,0,12670,7682,13568,409,47,54,42,12,7172,6396,277,132,2.974980488,2.346393283,13.588542995,38.231299846,nan,1,nan,nan,nan,0.000000000,2.595140017,1.366448996,0.010670919,0.019519997,1.463579014,0,0.500000000
302.600972176,20064,6741,0,12791,7273,13319,409,57,52,39,13,7220,6099,276,133,3.005694157,2.332416972,11.854232779,47.742110270,4.286050797,2,0.000000000,nan,nan,0.000000000,2.456212009,1.321918971,0.006306043,0.017129001,1.410364988,0,0.500000000
302.699472666,19968,6449,0,12566,7402,13515,423,48,57,41,16,7338,6177,289,134,3.009149664,2.355920623,12.312598992,51.172023651,69.466590881,2,1.000000000,nan,nan,0.000000000,4.237485002,2.434719063,0.010955962,0.036159006,2.597999002,0,0.500000000
302.799487114,20064,6495,0,12729,7335,13515,423,52,55,40,15,7338,6177,289,134,3.009149664,2.355920623,9.833770720,54.545389678,nan,nan,nan,nan,nan,0.000000000,1.875140006,1.316888083,0.006084971,0.016909966,1.405365998,0,0.500000000
302.899666786,19968,6339,0,12584,7384,13625,431,65,68,53,15,7442,6183,293,138,3.019243059,2.367274156,16.783082273,56.539660467,40.740013123,6,1.000000000,nan,nan,0.000000000,2.679180005,1.382781018,0.007830909,0.023104018,1.476660022,0,0.500000000
302.999454498,19584,6094,0,12345,7239,13486,431,65,62,48,14,7355,6131,293,138,3.028634403,2.366610710,11.829223524,63.056927633,8.407115936,2,0.000000000,nan,nan,0.000000000,2.750019019,1.473131997,0.007926952,0.017697981,1.578233030,0,0.500000000
303.100966692,20448,6160,0,12792,7656,14284,438,50,52,42,10,7822,6462,295,143,3.043209172,2.350660282,10.316008567,43.339360472,nan,1,nan,nan,nan,0.000000000,2.727798012,1.417354972,0.005887006,0.019996951,1.508784015,0,0.500000000
303.199615002,19968,5870,0,12574,7394,14094,442,55,51,39,12,7793,6301,297,145,3.050568616,2.388299464,7.555381860,40.381926433,54.476737976,2,1.000000000,nan,nan,0.000000000,7.606245985,3.565533960,0.012117031,0.019409985,3.742125991,0,0.500000000
303.299549103,20064,5651,0,12444,7620,14094,442,48,54,42,12,7793,6301,297,145,3.050568616,2.388299464,8.941160590,45.496362417,nan,nan,nan,nan,nan,0.000000000,2.607204020,1.733544050,0.007199997,0.016646052,1.838092983,0,0.500000000
303.399585009,19872,5452,0,12558,7314,14094,442,56,59,45,14,7793,6301,297,145,3.050568616,2.388299464,11.668518165,53.961771107,nan,nan,nan,nan,nan,0.000000000,1.962861978,1.384807925,0.006747025,0.014263962,1.473576005,0,0.500000000
303.499466181,20064,5361,0,12605,7459,14094,442,59,60,47,13,7793,6301,297,145,3.050568616,2.388299464,11.704586735,57.643061896,nan,nan,nan,nan,nan,0.000000000,3.269233042,2.272445010,0.010263990,0.021228043,2.408906992,0,0.500000000
303.599473476,19968,5103,0,12663,7305,14861,489,58,54,42,12,8590,6271,331,158,3.048007832,2.367556745,9.273708622,53.957072857,39.740085602,3,1.000000000,nan,nan,0.000000000,2.862532972,1.554841001,0.006498070,0.056844030,1.645729004,0,0.500000000
303.699477673,19872,5022,0,12418,7454,14846,504,73,66,53,13,8412,6434,351,153,3.077806461,2.402980967,13.843483603,93.654412317,nan,1,nan,nan,nan,0.000000000,3.097809968,1.708687982,0.008752977,0.031428004,1.809670997,0,0.500000000
303.900891781,19584,4668,0,12154,7430,14912,533,79,77,65,12,8476,6436,378,155,3.080867937,2.414756682,13.835824929,143.109969778,6.220817566,2,0.000000000,nan,nan,0.000000000,4.601583991,2.295678016,0.011184078,0.027467031,2.419692988,0,0.500000000
304.100060701,20160,4385,0,12444,7716,15771,573,74,92,81,11,9046,6725,420,153,3.096413182,2.401426861,19.323301112,197.974507540,55.747747421,13,1.000000000,nan,nan,0.000000000,3.323415993,1.790023001,0.009097042,0.027425995,1.888778002,0,0.500000000
304.199450731,19968,4177,0,12399,7569,15787,585,85,95,80,15,9221,6566,422,163,3.086735591,2.406067282,19.579094288,175.299963487,80.141305923,2,1.000000000,nan,nan,0.000000000,10.591609986,6.900553009,0.037787016,0.089182053,7.297335018,0,0.500000000
304.499440193,19968,3792,0,12312,7656,16172,597,96,98,74,24,9318,6854,421,176,3.077771566,2.464019353,22.958537571,176.012421750,88.899850845,11,1.000000000,nan,nan,0.000000000,4.115214979,2.267880947,0.012824021,0.038004015,2.394987037,0,0.500000000
304.599553347,19680,3623,0,11832,7848,16053,575,87,91,68,23,8963,7090,394,181,3.073898684,2.408035826,17.526971696,122.466598778,nan,1,nan,nan,nan,0.000000000,3.176486003,1.778738981,0.009979005,0.029858027,1.880752039,0,0.500000000
304.800761461,20064,3309,0,12037,8027,16053,575,86,86,66,20,8963,7090,394,181,3.073898684,2.408035826,15.072233732,105.131277568,nan,nan,nan,nan,nan,0.000000000,2.726881998,1.992121979,0.011419936,0.030110008,2.112165035,0,0.500000000
304.899568319,20064,3283,0,12067,7997,16777,601,106,90,59,31,9312,7465,399,202,3.055598055,2.431758189,17.871748775,169.376414187,nan,1,nan,nan,nan,0.000000000,3.434257989,1.875034941,0.011074007,0.035622041,1.979888009,0,0.500000000
304.999439955,19680,2902,0,11610,8070,16777,601,82,82,57,25,9312,7465,399,202,3.055598055,2.431758189,15.519396973,174.808628893,nan,nan,nan,nan,nan,0.000000000,2.564580005,1.820478938,0.008880044,0.037844002,1.916457026,0,0.500000000
305.104898930,19488,2882,0,11438,8050,16602,608,89,95,68,27,8935,7667,404,204,3.055250697,2.397231291,21.647134923,162.862302624,3.918409348,2,0.000000000,nan,nan,0.000000000,3.329703992,1.876689028,0.009981042,0.033250020,1.977103006,0,0.500000000
305.195490122,20736,2945,0,12115,8621,16602,608,87,89,63,26,8935,7667,404,204,3.055250697,2.397231291,15.038981294,153.576721315,nan,nan,nan,nan,nan,0.000000000,2.583173045,1.852152054,0.009584008,0.036949990,1.953228028,0,0.500000000
305.304298162,20064,2679,0,11753,8311,17381,641,110,89,65,24,9377,8004,443,198,3.085844548,2.304605071,17.254167738,125.679429638,4.251718521,2,0.000000000,nan,nan,0.000000000,5.011469009,2.754881978,0.015734986,0.058347010,2.896101039,0,0.500000000
305.399521112,19968,2642,0,11539,8429,17322,638,101,96,67,29,9155,8167,442,196,3.106229003,2.292589344,17.571693821,153.667952948,45.535802841,7,1.000000000,nan,nan,0.000000000,5.065327976,2.873163903,0.013571000,0.054395990,3.012682952,0,0.500000000
305.500146627,20064,2516,0,11736,8328,17544,625,101,93,68,25,9460,8084,437,188,3.107957439,2.288946041,16.128798246,174.665941938,4.076004028,2,0.000000000,nan,nan,0.000000000,3.506775014,1.975243038,0.010832038,0.030722003,2.083057014,0,0.500000000
305.599586487,19968,2476,0,11473,8495,17488,614,93,98,72,26,9182,8306,421,193,3.113636672,2.290908780,14.633083517,156.930940265,30.080556870,2,1.000000000,nan,nan,0.000000000,4.201854987,2.199779963,0.011514989,0.027685019,2.315624966,0,0.500000000
305.699593544,19968,2339,0,11466,8502,17625,616,108,94,72,22,9306,8319,423,193,3.113328649,2.286060810,15.500375999,178.466882508,nan,1,nan,nan,nan,0.000000000,3.457534011,1.921050949,0.011239026,0.032575044,2.023874025,0,0.500000000
305.799476862,20064,2253,0,11377,8687,17807,630,107,109,81,28,9258,8549,426,204,3.109486960,2.294535553,22.818874084,192.644814513,2.784013748,2,0.000000000,nan,nan,0.000000000,3.645061981,1.968107943,0.011530006,0.025987974,2.075495955,0,0.500000000
305.899504185,19968,2096,0,11163,8805,17868,643,112,96,67,29,9166,8702,439,204,3.126563697,2.278860151,18.362448418,176.136157540,nan,1,nan,nan,nan,0.000000000,3.667724959,2.031663083,0.013053999,0.026348978,2.157744020,0,0.500000000
306.098810434,20064,1891,0,11128,8936,17868,643,94,93,63,30,9166,8702,439,204,3.126563697,2.278860151,17.917639155,167.992279608,nan,nan,nan,nan,nan,0.000000000,3.402160015,2.497582871,0.013687881,0.038949016,2.634359000,0,0.500000000
306.199494839,19776,1618,0,10934,8842,18154,684,109,98,79,19,9314,8840,484,200,3.121387558,2.301329730,19.912787415,144.414536650,nan,1,nan,nan,nan,0.000000000,7.902159006,3.833363065,0.020250038,0.028681010,4.011128040,0,0.500000000
306.299499989,19968,1901,0,10987,8981,18063,697,102,110,90,20,9086,8977,504,193,3.129763190,2.309427873,19.465603297,189.520238163,61.039924622,2,1.000000000,nan,nan,0.000000000,3.712322970,2.149572130,0.012967968,0.042993051,2.254764957,0,0.500000000
306.401593208,19968,1989,0,11035,8933,17975,683,96,94,79,15,9044,8931,487,196,3.134166346,2.349259055,12.626972490,179.622479319,4.388093948,2,0.000000000,nan,nan,0.000000000,3.819136997,2.157645882,0.011225056,0.040094019,2.280179004,0,0.500000000
306.499406815,20064,1895,0,11000,9064,18165,709,119,121,92,29,9105,9060,498,211,3.117079670,2.338283055,24.986061541,189.265023063,nan,1,nan,nan,nan,0.000000000,3.769779985,2.214170992,0.013242010,0.054311007,2.330338990,0,0.500000000
306.599548101,19968,1969,0,10954,9014,18165,709,121,120,90,30,9105,9060,498,211,3.117079670,2.338283055,25.123810796,183.131285913,nan,nan,nan,nan,nan,0.000000000,4.179834970,3.183725988,0.020163949,0.051922048,3.352753003,0,0.500000000
306.699964285,20064,1886,0,11162,8902,18174,704,110,108,83,25,9272,8902,481,223,3.093128383,2.446727086,18.732679064,131.921996116,9.955406189,4,0.000000000,nan,nan,0.000000000,3.895820992,2.238274901,0.014899008,0.044465996,2.357274992,0,0.500000000
306.799639225,19872,1964,0,10787,9085,18174,704,113,115,88,27,9272,8902,481,223,3.093128383,2.446727086,21.708406827,133.441431165,nan,nan,nan,nan,nan,0.000000000,4.364144988,3.316517046,0.019848929,0.064012012,3.487640992,0,0.500000000
306.901038170,20064,1855,0,11013,9051,18205,695,112,118,90,28,9154,9051,456,239,3.039996048,2.564773108,20.886263464,158.173798833,40.025949478,4,1.000000000,nan,nan,0.000000000,4.363699001,2.341562998,0.012756966,0.057458004,2.455617010,0,0.500000000
306.999572039,20064,1968,0,10846,9218,18092,680,109,117,90,27,8874,9218,437,243,3.051498602,2.554126180,24.981819685,172.663951218,9.500026703,2,0.000000000,nan,nan,0.000000000,3.860388999,2.118192962,0.014465943,0.085038017,2.231191029,0,0.500000000
307.099529982,19968,1823,0,10918,9050,18141,672,119,115,79,36,9091,9050,429,243,3.008472449,2.578521442,13.359160692,161.297862740,69.287538528,6,1.000000000,nan,nan,0.000000000,4.082355998,2.152810048,0.012635894,0.039406994,2.262254013,0,0.500000000
307.199497700,19200,1912,0,10209,8991,17284,653,110,107,73,34,8294,8990,413,240,3.016334334,2.526030794,16.670991363,151.555028360,nan,1,nan,nan,nan,0.000000000,3.696258995,2.087893954,0.011672033,0.037463964,2.194650995,0,0.500000000
308.299454212,19776,1911,0,11021,8755,17861,677,51,57,38,19,9110,8751,443,234,3.040060907,2.535868392,17.691084454,205.532682874,229.713201523,40,1.000000000,nan,nan,0.000000000,3.981488000,2.182548982,0.006112037,0.173955981,2.273183025,0,0.500000000
308.499556065,19584,1864,0,10967,8617,17716,687,56,86,52,34,9103,8613,449,238,3.034483091,2.517650543,22.683867078,93.441325020,132.567167282,4,1.000000000,nan,nan,0.000000000,5.155624007,2.862240945,0.010023999,0.077643024,2.984549967,0,0.500000000
308.599417210,20448,1776,0,11323,9125,18668,678,68,79,42,37,9546,9122,439,239,3.001371528,2.602241938,23.242003831,68.794608840,4.961013794,2,0.000000000,nan,nan,0.000000000,5.614896014,2.805523982,0.011686934,0.063968997,2.925021050,0,0.500000000
308.699509382,19872,1801,0,10891,8981,18668,678,68,81,52,29,9546,9122,439,239,3.001371528,2.602241938,19.994564676,78.742689880,nan,nan,nan,nan,nan,0.000000000,2.897311992,2.090868948,0.008382951,0.037050981,2.186479978,0,0.500000000
308.799375534,20064,1669,0,11198,8866,18391,679,85,91,63,28,9525,8866,440,239,3.009451486,2.613965665,23.520895813,95.112068323,109.478712082,4,1.000000000,nan,nan,0.000000000,3.733648977,2.132965950,0.009597046,0.062139996,2.234001004,0,0.500000000
308.903543472,19584,1601,0,10412,9172,17979,684,82,81,55,26,8807,9172,447,237,3.002194582,2.592189255,12.323545178,113.635267966,5.573749542,2,0.000000000,nan,nan,0.000000000,3.614896967,2.112292044,0.009014038,0.035899982,2.210573992,0,0.500000000
308.998610258,20448,1609,0,11388,9060,17979,684,87,89,61,28,8807,9172,447,237,3.002194582,2.592189255,17.155563987,118.722756193,nan,nan,nan,nan,nan,0.000000000,4.547410994,3.414474952,0.014780962,0.050897012,3.566724015,0,0.500000000
309.199539900,19968,1538,0,10816,9152,18426,684,83,77,49,28,9278,9148,446,238,2.977686116,2.599777153,15.051040534,95.698518123,nan,1,nan,nan,nan,0.000000000,3.831884009,2.218698035,0.009476091,0.031039002,2.325896989,0,0.500000000
309.299598217,19968,1398,0,10593,9375,18566,673,91,93,59,34,9195,9371,448,225,2.980481398,2.586490676,23.970733822,113.463858773,10.229825974,2,0.000000000,nan,nan,0.000000000,5.114287022,2.958811063,0.013627985,0.042644970,3.099066962,0,0.500000000
309.399557590,19968,1565,0,10742,9226,18399,682,88,73,42,31,9177,9222,441,241,2.977832397,2.617521473,15.465401943,86.822810006,14.565229416,7,0.000000000,nan,nan,0.000000000,4.128091969,2.204661956,0.009733019,0.027880946,2.303939022,0,0.500000000
309.499473333,19872,1342,0,10571,9301,18399,682,72,74,43,31,9177,9222,441,241,2.977832397,2.617521473,16.309810083,96.119330896,nan,nan,nan,nan,nan,0.000000000,2.881186025,2.124671999,0.008147035,0.026431982,2.218719048,0,0.500000000
309.599580765,20064,1527,0,10737,9327,18533,675,82,81,48,33,9210,9323,421,254,2.978730967,2.630550853,17.507205751,99.271582132,14.637470245,9,0.000000000,nan,nan,0.000000000,3.749119001,2.155810071,0.009364972,0.041052990,2.275820007,0,0.500000000
309.701218128,19872,1320,0,10561,9311,18548,671,80,80,55,25,9237,9311,428,243,2.977805529,2.574214162,13.506347256,125.481067007,6.919145584,3,0.000000000,nan,nan,0.000000000,4.017653991,2.182847005,0.008984993,0.046008034,2.291417972,0,0.500000000
309.799527884,19968,1564,0,10805,9163,18400,680,83,86,48,38,9237,9163,426,254,2.975634793,2.593021049,19.724339245,129.233510720,51.203012466,6,1.000000000,nan,nan,0.000000000,3.838939010,2.153897018,0.010081916,0.043900975,2.265222021,0,0.500000000
309.899473906,19872,1330,0,10599,9273,18400,680,90,91,53,38,9237,9163,426,254,2.975634793,2.593021049,18.116831635,144.273572664,nan,nan,nan,nan,nan,0.000000000,2.865421993,2.118583012,0.010134943,0.024836976,2.218287031,0,0.500000000
309.999668598,19968,1484,0,10735,9233,18480,692,92,94,56,38,9247,9233,437,255,2.980392839,2.612771333,23.096957382,114.013458479,46.387672424,3,1.000000000,nan,nan,0.000000000,4.810940998,3.013847978,0.015222060,0.084706000,3.165426955,0,0.500000000
310.099447250,19968,1343,0,10747,9221,18480,692,101,103,59,44,9247,9233,437,255,2.980392839,2.612771333,26.065136532,118.712155325,nan,nan,nan,nan,nan,0.000000000,7.286685053,5.275514966,0.024361012,0.074939977,5.504094006,0,0.500000000
310.199615717,20064,1496,0,10798,9266,18480,692,103,102,57,45,9247,9233,437,255,2.980392839,2.612771333,24.973880384,118.371128005,nan,nan,nan,nan,nan,0.000000000,3.319868003,2.371350944,0.011728960,0.041191000,2.483732009,0,0.500000000
310.299507618,19584,1318,0,10375,9209,18480,692,102,102,57,45,9247,9233,437,255,2.980392839,2.612771333,24.972717021,118.358400300,nan,nan,nan,nan,nan,0.000000000,2.913235978,2.140055993,0.010902935,0.042875006,2.243451017,0,0.500000000
310.399260759,20064,1398,0,10691,9373,18662,728,95,82,53,29,9289,9373,458,270,2.963218076,2.691366061,21.190869043,135.817426381,nan,1,nan,nan,nan,0.000000000,4.075378005,2.362537954,0.010529999,0.030958967,2.470738022,0,0.500000000
310.599400282,20064,1309,0,10420,9644,18751,719,91,93,61,32,9111,9640,431,288,2.935623569,2.762350735,23.738214825,118.310936162,21.461248398,5,1.000000000,nan,nan,0.000000000,6.365260982,3.875160997,0.016234990,0.061077008,4.038687970,0,0.500000000
310.699831247,20064,1336,0,10618,9446,18724,744,86,91,50,41,9282,9442,444,300,2.868737106,2.804095457,24.298115811,128.442470895,9.979724884,4,0.000000000,nan,nan,0.000000000,4.633037024,2.566348005,0.010370975,0.043634034,2.675684984,0,0.500000000
310.799953222,19776,907,0,10321,9455,18865,733,92,89,48,41,9411,9454,430,303,2.809131690,2.853752173,23.857522075,98.673873804,4.375219345,2,0.000000000,nan,nan,0.000000000,4.175145994,2.441821911,0.010649033,0.033496995,2.551337006,0,0.500000000
310.899335146,19968,1123,0,10431,9537,18841,701,82,80,46,34,9306,9535,406,295,2.774461532,2.864732835,14.167768025,111.396258568,70.128440857,5,1.000000000,nan,nan,0.000000000,4.564632953,2.741296950,0.011670054,0.049851020,2.867228992,0,0.500000000
311.000397444,19680,968,0,10333,9347,18841,701,84,87,49,38,9306,9535,406,295,2.774461532,2.864732835,16.126017131,138.433589218,nan,nan,nan,nan,nan,0.000000000,3.658535017,2.465883037,0.010095013,0.046578993,2.576942032,0,0.500000000
311.199478626,19968,1334,0,10511,9457,18630,652,86,87,50,37,9177,9453,368,284,2.662992758,2.933480432,25.506450302,116.924475186,149.748325348,3,1.000000000,nan,nan,0.000000000,3.786672023,2.121234953,0.010023010,0.075371994,2.223338990,0,0.500000000
311.299410820,19776,1259,0,10413,9363,18513,662,75,87,45,42,9153,9360,374,288,2.626524183,2.935712534,21.749763124,132.016358730,5.924701691,4,0.000000000,nan,nan,0.000000000,3.841590020,2.127123997,0.008812000,0.032822019,2.227302000,0,0.500000000
311.397976637,20160,1388,0,10527,9633,18513,662,73,77,43,34,9153,9360,374,288,2.626524183,2.935712534,16.411848401,117.586823722,nan,nan,nan,nan,nan,0.000000000,3.114406019,2.207247948,0.009480922,0.028109003,2.310442040,0,0.500000000
311.499470711,20064,1300,0,10624,9440,18513,662,76,77,43,34,9153,9360,374,288,2.626524183,2.935712534,14.318369346,117.116716031,nan,nan,nan,nan,nan,0.000000000,4.550105019,3.377819026,0.013522047,0.042050960,3.560238983,0,0.500000000
311.600903511,19968,1363,0,10548,9420,18601,659,92,88,50,38,9181,9420,376,283,2.594987623,2.956108840,15.380920337,85.980501322,59.845685959,3,1.000000000,nan,nan,0.000000000,3.803493979,2.177299000,0.010368065,0.037917984,2.291737008,0,0.500000000
311.699342728,19680,1227,0,10237,9443,18449,663,72,87,48,39,9006,9443,378,285,2.598720138,2.948895540,16.304102073,107.275709545,nan,1,nan,nan,nan,0.000000000,4.437636991,2.575543069,0.012977980,0.064174004,2.714653965,0,0.500000000
311.799079418,20352,1408,0,10927,9425,18940,664,78,86,40,46,9515,9425,372,292,2.585561889,2.950068754,18.547399992,129.408272494,89.980602264,5,1.000000000,nan,nan,0.000000000,4.043078050,2.233225969,0.009342970,0.028713024,2.338900988,0,0.500000000
311.900884867,19776,1199,0,10393,9383,18940,664,83,79,41,38,9515,9425,372,292,2.585561889,2.950068754,16.728316070,105.238325822,nan,nan,nan,nan,nan,0.000000000,2.984844032,2.195967070,0.009004027,0.027080998,2.293677011,0,0.500000000
312.099462748,19776,1264,0,10549,9227,18508,686,84,90,46,44,9285,9223,376,310,2.517034148,2.970196957,18.253346179,164.926336186,9.829521179,4,0.000000000,nan,nan,0.000000000,5.305515020,3.243515035,0.014312973,0.070645998,3.398230008,0,0.500000000
312.299534082,19872,1300,0,10543,9329,18568,679,80,90,46,44,9243,9325,371,308,2.502584975,2.979825842,18.826351072,117.701116805,40.262460709,6,1.000000000,nan,nan,0.000000000,4.009870987,2.275337058,0.010146992,0.037940976,2.381544968,0,0.500000000
312.399485111,20064,1357,0,10438,9626,18703,665,93,93,43,50,9081,9622,357,308,2.537967327,2.949890112,17.672254212,140.432760289,12.667894363,4,0.000000000,nan,nan,0.000000000,7.935317990,5.205524969,0.022100052,0.070239010,5.443233997,0,0.500000000
312.499569893,20064,1410,0,10745,9319,18650,664,84,95,45,50,9331,9319,362,302,2.512479511,2.987230544,14.969040206,120.266525240,19.768953323,2,1.000000000,nan,nan,0.000000000,3.693512990,2.146252024,0.010137970,0.024464971,2.247298020,0,0.500000000
312.599424124,19968,1269,0,10445,9523,18695,672,87,84,35,49,9172,9523,361,311,2.514214927,2.947338020,13.607673286,135.543536823,nan,1,nan,nan,nan,0.000000000,3.815889999,2.222779964,0.010093907,0.030473981,2.327918948,0,0.500000000
312.699437380,20064,1483,0,10744,9320,18695,672,86,89,38,51,9172,9523,361,311,2.514214927,2.947338020,16.790359326,134.372332616,nan,nan,nan,nan,nan,0.000000000,3.056104004,2.161570010,0.009746000,0.034348981,2.262000053,0,0.500000000
312.799504519,19872,1245,0,10362,9510,18695,672,89,89,39,50,9172,9523,361,311,2.514214927,2.947338020,18.121773284,132.365883485,nan,nan,nan,nan,nan,0.000000000,3.080041963,2.269171062,0.010598975,0.037583988,2.387754037,0,0.500000000
312.899494886,20064,1459,0,10539,9525,18695,672,89,90,39,51,9172,9523,361,311,2.514214927,2.947338020,17.894491362,136.384089506,nan,nan,nan,nan,nan,0.000000000,2.915564983,2.126306877,0.009779003,0.032356998,2.228507015,0,0.500000000
312.999323368,19968,1283,0,10375,9593,18681,660,94,85,39,46,9092,9589,349,311,2.437168738,2.998370446,13.103474759,141.377002709,65.695762634,4,1.000000000,nan,nan,0.000000000,3.893691988,2.247169963,0.010643911,0.040729996,2.352398995,0,0.500000000
313.099521160,20064,1432,0,10482,9582,18628,661,96,88,45,43,9050,9578,353,308,2.461323853,2.987861664,16.747601656,126.652763168,3.952264786,2,0.000000000,nan,nan,0.000000000,4.165432008,2.215978049,0.010341057,0.034596014,2.318836050,0,0.500000000
313.204599380,19776,1314,0,10408,9368,18458,657,89,81,39,42,9094,9364,360,297,2.415952953,3.023175573,15.292938630,138.612518731,8.535861969,2,0.000000000,nan,nan,0.000000000,3.699100984,2.119287034,0.009431038,0.033441989,2.222086012,0,0.500000000
313.300932646,20160,1456,0,10594,9566,18700,655,81,83,38,45,9138,9562,351,304,2.438599214,2.975405325,15.051159353,150.632317995,30.922412872,5,1.000000000,nan,nan,0.000000000,5.327078979,2.986336011,0.013502024,0.053437019,3.129351011,0,0.500000000
313.400629759,19968,1297,0,10530,9438,18667,657,79,80,44,36,9229,9438,357,300,2.414842621,3.013513957,14.834923054,146.885076269,70.065021515,4,1.000000000,nan,nan,0.000000000,4.608797957,2.759690047,0.011789962,0.045181019,2.892399032,0,0.500000000
313.499686241,20064,1481,0,10708,9356,18579,685,89,84,43,41,9223,9356,375,310,2.472384117,3.002124383,14.169234757,170.457571078,35.536766052,2,1.000000000,nan,nan,0.000000000,4.056620994,2.266044088,0.010402000,0.049614988,2.378489007,0,0.500000000
313.599416494,19872,1282,0,10487,9385,18579,685,91,89,44,45,9223,9356,375,310,2.472384117,3.002124383,14.873360832,183.776719953,nan,nan,nan,nan,nan,0.000000000,2.991037036,2.199186943,0.009917072,0.026734022,2.300052962,0,0.500000000
313.699393272,20160,1455,0,10646,9514,18701,674,84,82,37,45,9187,9514,365,309,2.425920186,2.966924400,15.343760875,120.218403774,18.943548203,4,1.000000000,nan,nan,0.000000000,5.310374021,3.488833900,0.015338010,0.067916000,3.652867046,0,0.500000000
313.799450874,19872,1290,0,10546,9326,18701,674,84,83,38,45,9187,9514,365,309,2.425920186,2.966924400,16.201502353,134.739013949,nan,nan,nan,nan,nan,0.000000000,7.720283000,6.142575992,0.017874059,0.034330005,6.336387014,0,0.500000000
313.899486303,20064,1461,0,10444,9620,18599,658,87,90,42,48,8983,9616,364,294,2.415533299,2.952285246,11.903852276,157.649361617,39.676904678,4,1.000000000,nan,nan,0.000000000,3.905500984,2.184193989,0.010486052,0.028409006,2.296219987,0,0.500000000
313.999684572,19872,1386,0,10566,9306,18599,658,91,87,39,48,8983,9616,364,294,2.415533299,2.952285246,13.568101559,157.482974355,nan,nan,nan,nan,nan,0.000000000,2.904041961,2.131649933,0.010014046,0.027536997,2.233259031,0,0.500000000
314.099323750,20064,1437,0,10442,9622,18599,658,92,88,39,49,8983,9616,364,294,2.415533299,2.952285246,12.369771369,150.833506590,nan,nan,nan,nan,nan,0.000000000,3.935446963,2.783631033,0.012587989,0.036122976,2.907588962,0,0.500000000
314.199340582,20064,1428,0,10684,9380,18599,658,87,89,41,48,8983,9616,364,294,2.415533299,2.952285246,12.126969701,155.016774334,nan,nan,nan,nan,nan,0.000000000,2.978369943,2.163517987,0.009990006,0.025530986,2.271300007,0,0.500000000
314.299493074,19584,1396,0,10286,9298,18599,658,89,88,41,47,8983,9616,364,294,2.415533299,2.952285246,12.042392269,148.162053270,nan,nan,nan,nan,nan,0.000000000,2.873520018,2.096159034,0.009873009,0.029586023,2.197835012,0,0.500000000
314.399886131,20448,1505,0,10970,9478,18599,658,90,88,41,47,8983,9616,364,294,2.415533299,2.952285246,11.992662687,148.119353287,nan,nan,nan,nan,nan,0.000000000,4.381588020,3.139619075,0.013507961,0.035956036,3.277793003,0,0.500000000
314.499445438,19968,1383,0,10502,9466,18581,690,80,103,55,48,9115,9466,383,307,2.393250541,2.966073797,14.010961011,158.251624157,96.187114716,5,1.000000000,nan,nan,0.000000000,4.741051991,2.570182085,0.010788033,0.059343001,2.681306039,0,0.500000000
314.599422932,20064,1500,0,10617,9447,18560,682,103,86,45,41,9113,9447,372,310,2.401761873,2.965911003,13.989259086,147.496759604,5.478382111,2,0.000000000,nan,nan,0.000000000,3.800419974,2.211285988,0.011028897,0.034514000,2.320625994,0,0.500000000
314.699467182,19872,1360,0,10413,9459,18560,682,85,82,48,34,9113,9447,372,310,2.401761873,2.965911003,13.009378089,127.253865410,nan,nan,nan,nan,nan,0.000000000,2.927434049,2.158994030,0.009396055,0.030099996,2.257735992,0,0.500000000
314.799311399,20064,1479,0,10515,9549,18581,679,83,78,41,37,9036,9545,361,318,2.386288095,2.977331299,10.307136341,113.945998464,60.390710831,4,1.000000000,nan,nan,0.000000000,3.923997981,2.203919983,0.008960953,0.037254998,2.303094021,0,0.500000000
314.899469852,19968,1383,0,10448,9520,18581,673,84,86,43,43,9065,9516,362,311,2.365047353,2.992399212,11.787763602,122.201420060,19.922971725,3,1.000000000,nan,nan,0.000000000,4.181890981,2.551446087,0.011152064,0.044756976,2.669476962,0,0.500000000
314.999395847,20064,1521,0,10532,9532,18581,673,89,91,47,44,9065,9516,362,311,2.365047353,2.992399212,14.434838361,125.656343354,nan,nan,nan,nan,nan,0.000000000,4.278986016,3.181259031,0.013590965,0.035480014,3.346843005,0,0.500000000
315.099759340,19968,1342,0,10588,9380,18622,654,90,101,55,46,9246,9376,357,297,2.312091085,3.013543320,16.282912987,141.423362881,49.153089523,6,1.000000000,nan,nan,0.000000000,6.516947993,3.896579030,0.019113941,0.043744978,4.080786020,0,0.500000000
315.199857950,20064,1577,0,10694,9370,18483,662,97,99,50,49,9113,9370,352,310,2.319421500,3.005770120,14.525418941,166.915286544,66.253662109,7,1.000000000,nan,nan,0.000000000,3.966848017,2.232312982,0.010840013,0.046742032,2.339839004,0,0.500000000
315.299310923,19872,1300,0,10489,9383,18568,666,93,95,50,45,9185,9383,361,305,2.301415684,3.024379628,13.800378766,137.573188512,nan,1,nan,nan,nan,0.000000000,3.714568040,2.146623039,0.010777963,0.023573986,2.254110004,0,0.500000000
315.399806023,20160,1551,0,10713,9447,18568,666,95,97,52,45,9185,9383,361,305,2.301415684,3.024379628,15.164944338,126.719574472,nan,nan,nan,nan,nan,0.000000000,2.931656025,2.143366903,0.011056953,0.023229979,2.250049962,0,0.500000000
315.502566576,19968,1351,0,10576,9392,18568,666,97,97,52,45,9185,9383,361,305,2.301415684,3.024379628,15.282192574,125.860836649,nan,nan,nan,nan,nan,0.000000000,3.105485986,2.186972997,0.010929012,0.025655958,2.296751016,0,0.500000000
315.599401236,20064,1555,0,10413,9651,18568,666,96,98,54,44,9185,9383,361,305,2.301415684,3.024379628,16.220510252,127.615098821,nan,nan,nan,nan,nan,0.000000000,2.940910985,2.142899961,0.011272030,0.022909953,2.260498994,0,0.500000000
315.701291323,20064,1350,0,10513,9551,18710,640,75,93,45,48,9163,9547,330,310,2.297380266,2.993908647,20.746965534,147.187232623,5.450963974,2,0.000000000,nan,nan,0.000000000,3.940770985,2.181109041,0.009029987,0.045419030,2.282020985,0,0.500000000
315.800346851,19680,1074,0,10274,9406,18710,640,90,96,50,46,9163,9547,330,310,2.297380266,2.993908647,16.821494808,153.281349716,nan,nan,nan,nan,nan,0.000000000,2.798533998,2.029918018,0.010286050,0.032390002,2.130290028,0,0.500000000
315.899554253,19968,1226,0,10399,9569,18738,624,91,95,52,43,9172,9566,324,300,2.293512097,2.967664287,21.455636634,158.481547851,8.927583694,2,0.000000000,nan,nan,0.000000000,3.783955995,2.027424984,0.010276970,0.032487966,2.132450987,0,0.500000000
315.999373198,19776,1259,0,10430,9346,18513,619,83,82,35,47,9170,9343,312,307,2.240217619,2.967864008,15.582888297,118.203036571,nan,1,nan,nan,nan,0.000000000,3.648758982,1.983285008,0.009247917,0.038159953,2.083742991,0,0.500000000
316.099396944,19968,1487,0,10482,9486,18477,622,94,99,51,48,8995,9482,316,306,2.314437091,2.920686924,20.072259413,165.003737892,59.973239899,6,1.000000000,nan,nan,0.000000000,5.904991005,3.238748002,0.013552024,0.040228013,3.402990988,0,0.500000000
316.199369192,19584,1493,0,10421,9163,18087,630,94,94,45,49,8928,9159,318,312,2.255851647,2.943727063,16.590701703,156.252456407,nan,1,nan,nan,nan,0.000000000,3.470246971,1.987401047,0.010167016,0.026457012,2.093221003,0,0.500000000
316.299575329,20448,1560,0,10632,9816,18884,638,90,94,47,47,9068,9816,322,316,2.264577857,2.889994124,17.618499301,158.393952410,40.063858032,7,1.000000000,nan,nan,0.000000000,3.676155000,2.043797984,0.010133022,0.029856979,2.146926010,0,0.500000000
316.399446964,19776,1515,0,10535,9241,18257,629,80,81,45,36,9020,9237,326,303,2.248691274,2.864353472,12.087025054,117.571078640,20.450353622,2,1.000000000,nan,nan,0.000000000,3.535982978,2.004806011,0.008859963,0.027966045,2.102908038,0,0.500000000
316.599482536,20064,1576,0,10737,9327,18484,636,93,88,48,40,9157,9327,330,306,2.231989987,2.852208266,14.480491637,121.929909327,83.370923996,4,1.000000000,nan,nan,0.000000000,3.875502036,2.077854995,0.010670046,0.032612006,2.180388023,0,0.500000000
316.699452400,19968,1606,0,10653,9315,18358,632,81,86,48,38,9043,9315,335,297,2.248251272,2.837520757,14.044918415,124.101055287,5.163669586,2,0.000000000,nan,nan,0.000000000,3.789148002,2.064663044,0.009201991,0.027941016,2.163813973,0,0.500000000
316.799422026,19968,1624,0,10670,9298,18340,637,90,94,48,46,9042,9298,329,308,2.274397732,2.829463173,16.818983389,153.468498159,nan,1,nan,nan,nan,0.000000000,3.599930962,2.039710118,0.010090007,0.029577001,2.142662008,0,0.500000000
316.899375200,19968,1634,0,10702,9266,18330,636,78,79,45,34,9064,9266,332,304,2.243636537,2.815477562,13.569893668,107.614221967,nan,1,nan,nan,nan,0.000000000,3.587418993,2.019651001,0.008950999,0.033326971,2.118055010,0,0.500000000
316.999325275,20064,1672,0,10584,9480,18330,636,82,82,47,35,9064,9266,332,304,2.243636537,2.815477562,13.863467354,111.701547654,nan,nan,nan,nan,nan,0.000000000,2.811107959,2.005380054,0.009087031,0.026138034,2.104346990,0,0.500000000
317.099377394,19968,1639,0,10671,9297,18325,663,76,88,41,47,9032,9293,331,332,2.222105125,2.813800364,15.961323887,121.174773921,26.093482971,4,1.000000000,nan,nan,0.000000000,5.434454011,3.331988992,0.014567107,0.075271004,3.493138996,0,0.500000000
317.199944973,19872,1700,0,10542,9330,18168,651,91,97,49,48,8842,9326,324,327,2.276623610,2.791119451,16.404139433,144.313329803,20.262241364,3,1.000000000,nan,nan,0.000000000,3.625846992,2.087079047,0.010026968,0.036250975,2.188156999,0,0.500000000
317.302154303,19872,1582,0,10657,9215,18168,651,99,98,50,48,8842,9326,324,327,2.276623610,2.791119451,16.855638323,135.202074620,nan,nan,nan,nan,nan,0.000000000,4.094149976,3.027593077,0.014965015,0.032714044,3.174625046,0,0.500000000
317.398820639,20256,1729,0,10572,9684,18523,643,92,91,47,44,8843,9680,323,320,2.256239807,2.774861773,14.080127368,138.155392572,29.797077179,6,1.000000000,nan,nan,0.000000000,3.807767003,2.078374033,0.010310032,0.042002997,2.186815953,0,0.500000000
317.499389887,19872,1613,0,10619,9253,18255,640,86,93,48,45,9002,9253,322,318,2.196516100,2.773008080,13.992094315,107.940840541,4.040002823,2,0.000000000,nan,nan,0.000000000,3.787731985,2.108387940,0.012172095,0.054372998,2.235413005,0,0.500000000
317.599274635,20064,1726,0,10717,9347,18334,649,89,88,47,41,8987,9347,330,319,2.224713055,2.737866584,14.336100084,174.980894212,78.412294388,5,1.000000000,nan,nan,0.000000000,3.628920007,2.057990001,0.009778014,0.036272046,2.167826984,0,0.500000000
317.699338198,19968,1689,0,10715,9253,18275,618,81,86,47,39,9022,9253,312,306,2.254885552,2.727935028,14.803974096,143.102170809,nan,1,nan,nan,nan,0.000000000,7.875062001,4.395378986,0.017410959,0.034949975,4.584426002,0,0.500000000
317.799437761,19776,1810,0,10482,9294,18275,618,92,92,49,43,9022,9253,312,306,2.254885552,2.727935028,14.312043699,149.435075236,nan,nan,nan,nan,nan,0.000000000,4.339332052,3.333935980,0.015196856,0.066280947,3.486628993,0,0.500000000
317.898266792,20160,1732,0,10848,9312,18424,623,85,89,48,41,9112,9312,324,299,2.265093977,2.662886683,14.017000223,156.317628386,4.156351089,2,0.000000000,nan,nan,0.000000000,3.543832048,1.990598976,0.009577023,0.025399029,2.090547001,0,0.500000000
317.999298096,19680,1804,0,10410,9270,18424,623,90,93,50,43,9112,9312,324,299,2.265093977,2.662886683,14.637231299,172.263037340,nan,nan,nan,nan,nan,0.000000000,3.009787994,2.237501962,0.012059056,0.030698022,2.355721022,0,0.500000000
318.098730564,20256,1766,0,10709,9547,18486,610,92,87,49,38,8939,9547,314,296,2.234810274,2.616938137,16.785791580,156.925870054,nan,1,nan,nan,nan,0.000000000,5.519083992,2.811169950,0.014239107,0.029264949,2.953647985,0,0.500000000
318.200074434,20064,1867,0,10607,9457,18193,609,86,84,54,30,8740,9453,313,296,2.226255691,2.603961312,12.329163025,145.513305919,40.123462677,2,1.000000000,nan,nan,0.000000000,3.759098996,2.201295982,0.011236058,0.038578000,2.325812995,0,0.500000000
318.299303055,19968,1847,0,10602,9366,18193,609,82,83,50,33,8740,9453,313,296,2.226255691,2.603961312,14.213392550,139.673897491,nan,nan,nan,nan,nan,0.000000000,2.623150998,1.933384046,0.009407988,0.023255998,2.032769960,0,0.500000000
318.399288654,19968,1857,0,10778,9190,18193,609,83,85,52,33,8740,9453,313,296,2.226255691,2.603961312,14.897070369,135.310242268,nan,nan,nan,nan,nan,0.000000000,2.628981019,1.937063993,0.009448035,0.024150999,2.039031999,0,0.500000000
318.499488831,20064,1956,0,10816,9248,18104,609,90,91,55,36,8856,9248,307,302,2.243626008,2.354861070,15.213031012,138.730905192,20.046949387,3,1.000000000,nan,nan,0.000000000,3.532094008,1.938646950,0.009824056,0.023514964,2.042845008,0,0.500000000
318.599453211,19776,1832,0,10613,9163,18104,609,94,97,57,40,8856,9248,307,302,2.243626008,2.354861070,19.280572168,149.557486208,nan,nan,nan,nan,nan,0.000000000,5.568230001,4.295194056,0.023658969,0.100275967,4.511508974,0,0.500000000
318.799472094,19968,1841,0,10742,9226,18123,599,108,80,49,31,8898,9225,312,287,2.131828443,2.383491960,13.052609782,133.272372355,95.569372177,2,1.000000000,nan,nan,0.000000000,3.487690992,1.914369059,0.010617019,0.023809029,2.016165003,0,0.500000000
318.899311781,20064,1991,0,10561,9503,18069,602,89,89,44,45,8570,9499,306,296,2.273092342,2.435276345,15.045627699,156.093065167,15.707969666,3,1.000000000,nan,nan,0.000000000,3.830000991,2.076382982,0.010563061,0.037672988,2.188651997,0,0.500000000
318.999405384,19872,1869,0,10702,9170,17999,584,99,82,45,37,8833,9166,302,282,2.148326141,2.361658015,14.230344214,118.866920891,9.870529175,2,0.000000000,nan,nan,0.000000000,5.982180999,3.513244039,0.019677042,0.048357004,3.707783006,0,0.500000000
319.199839354,19968,1851,0,10743,9225,17999,584,88,86,45,41,8833,9166,302,282,2.148326141,2.361658015,13.244142779,121.231348547,nan,nan,nan,nan,nan,0.000000000,6.563961040,4.634450015,0.021992018,0.047971960,4.858753004,0,0.500000000
319.299616098,19968,2064,0,10643,9325,17900,583,101,84,54,30,8575,9325,306,277,2.193239863,2.344271568,15.949690937,125.785559066,20.860910416,4,1.000000000,nan,nan,0.000000000,3.452916979,1.919295988,0.011853001,0.026069989,2.030100033,0,0.500000000
319.399275780,19968,1803,0,10665,9303,18161,593,97,88,50,38,8858,9303,302,291,2.213918018,2.348123448,16.701455020,146.448677019,nan,1,nan,nan,nan,0.000000000,3.507891030,1.918375958,0.010548974,0.022506982,2.023592999,0,0.500000000
319.499403954,19968,2096,0,10625,9343,17868,596,81,75,47,28,8525,9343,295,301,2.203839627,2.382162650,11.916835283,110.582146409,6.140708923,3,0.000000000,nan,nan,0.000000000,3.448389994,1.907320926,0.010777032,0.021872984,2.007617964,0,0.500000000
319.600938320,20064,1881,0,10686,9378,17868,596,77,80,49,31,8525,9343,295,301,2.203839627,2.382162650,11.357743091,107.459102334,nan,nan,nan,nan,nan,0.000000000,3.779290011,2.709299966,0.011949975,0.028442999,2.839181980,0,0.500000000
319.699347734,20064,2153,0,10567,9497,17868,596,80,78,48,30,8525,9343,295,301,2.203839627,2.382162650,10.887640688,88.133722144,nan,nan,nan,nan,nan,0.000000000,4.079437000,2.877730003,0.012932927,0.034750032,3.017184034,0,0.500000000
319.799375534,20064,2040,0,10563,9501,18020,620,109,88,50,38,8523,9497,295,325,2.207923452,2.396944073,12.450309890,125.919950134,nan,1,nan,nan,nan,0.000000000,3.655808046,2.008534968,0.011635013,0.027996022,2.113491995,0,0.500000000
319.899405479,19200,2096,0,10218,8982,17100,609,78,74,44,30,8122,8978,304,305,2.115704104,2.398624986,9.249608999,132.891902402,4.720211029,2,0.000000000,nan,nan,0.000000000,3.613970999,2.025040973,0.008981035,0.045311986,2.125387022,0,0.500000000
319.997558355,20832,2122,0,10937,9895,17100,609,84,80,50,30,8122,8978,304,305,2.115704104,2.398624986,11.307093022,143.742652717,nan,nan,nan,nan,nan,0.000000000,3.287113039,2.491538064,0.011800090,0.031461997,2.621167048,0,0.500000000
320.099349737,19968,2081,0,10635,9333,17883,590,85,92,51,41,8550,9333,291,299,2.100400772,2.379155136,18.041202599,146.277732708,95.180511475,3,1.000000000,nan,nan,0.000000000,3.625450016,1.932519081,0.010257005,0.031254021,2.035139012,0,0.500000000
320.199306250,20064,2207,0,10677,9387,17853,591,99,95,51,44,8466,9387,294,297,2.126910064,2.322117336,15.281440483,162.385290985,nan,1,nan,nan,nan,0.000000000,3.522628045,1.908753009,0.011137920,0.030157971,2.017035964,0,0.500000000
320.299728155,19968,2147,0,10671,9297,17817,587,93,93,50,43,8520,9297,287,300,2.084824440,2.364606910,17.732925716,159.344958040,85.001230240,3,1.000000000,nan,nan,0.000000000,3.457074985,1.905882033,0.012159930,0.023423985,2.012031036,0,0.500000000
320.399462223,20160,2307,0,10616,9544,17849,594,94,95,54,41,8305,9544,294,300,2.163356847,2.273845039,17.232315005,172.812953360,nan,1,nan,nan,nan,0.000000000,4.329110030,2.221151022,0.011095079,0.028864015,2.334380988,0,0.500000000
320.501203060,19872,2096,0,10580,9292,17849,594,95,94,55,39,8305,9544,294,300,2.163356847,2.273845039,18.280529583,163.632974568,nan,nan,nan,nan,nan,0.000000000,2.856502018,1.912938897,0.010316086,0.027082977,2.016937011,0,0.500000000
320.599282742,20160,2328,0,10471,9689,17828,582,95,97,50,47,8143,9685,276,306,2.116912787,2.291354614,16.802512667,142.587497198,24.738550186,2,1.000000000,nan,nan,0.000000000,3.604671976,1.953381987,0.011196011,0.030665018,2.057743026,0,0.500000000
320.699354172,19872,2004,0,10425,9447,17828,582,96,98,52,46,8143,9685,276,306,2.116912787,2.291354614,18.354362575,142.860058268,nan,nan,nan,nan,nan,0.000000000,2.635987999,1.880277996,0.010503049,0.019672036,1.983498049,0,0.500000000
320.799388170,19296,1609,0,9959,9337,17683,577,103,99,49,50,8349,9334,277,300,2.000523204,2.309278683,18.912398663,151.558063937,6.732940674,2,0.000000000,nan,nan,0.000000000,3.440741973,1.872997091,0.011168013,0.041797990,1.979517983,0,0.500000000
320.899878025,20448,2311,0,10711,9737,18133,566,95,95,46,49,8396,9737,270,296,2.065045278,2.274009084,17.528766369,129.319914180,61.480522156,3,1.000000000,nan,nan,0.000000000,5.882739963,3.231242008,0.017317070,0.070531038,3.410523001,0,0.500000000
320.999491692,19776,2094,0,10329,9447,18133,566,94,91,44,47,8396,9737,270,296,2.065045278,2.274009084,16.432452996,127.168607630,nan,nan,nan,nan,nan,0.000000000,3.148286021,2.000287001,0.010688964,0.022564956,2.108624030,0,0.500000000
321.099270582,19776,2373,0,10393,9383,17399,568,95,98,51,47,8020,9379,272,296,2.104540590,2.346538066,15.626308649,153.125842291,nan,1,nan,nan,nan,0.000000000,5.099877017,3.027055005,0.014527934,0.057531986,3.191501019,0,0.500000000
321.198675394,20256,2599,0,10429,9827,17653,562,98,106,49,57,7830,9823,266,296,2.022343421,2.300550565,16.661114329,167.738806297,nan,1,nan,nan,nan,0.000000000,3.376900975,1.873133006,0.011351949,0.044821005,1.979207969,0,0.500000000
321.300965548,20256,2618,0,10579,9677,17634,571,89,92,47,45,7961,9673,278,293,1.926936722,2.286871636,16.177692091,138.243711136,59.829235077,3,1.000000000,nan,nan,0.000000000,3.340933996,1.872328983,0.009844021,0.026667956,1.974357991,0,0.500000000
321.399286270,20160,2755,0,10628,9532,17634,571,92,93,47,46,7961,9673,278,293,1.926936722,2.286871636,16.296690025,144.325142846,nan,nan,nan,nan,nan,0.000000000,2.549552999,1.848947024,0.010464923,0.021562970,1.953730010,0,0.500000000
321.599341631,20160,2911,0,10378,9782,17245,565,103,96,57,39,7467,9778,279,286,2.101677627,2.361474354,16.579034212,135.567474980,66.074132919,4,1.000000000,nan,nan,0.000000000,3.593530972,2.090020047,0.012828037,0.040967017,2.216215944,0,0.500000000
321.699420214,19584,2977,0,10453,9131,17245,565,87,84,43,41,7467,9778,279,286,2.101677627,2.361474354,15.000200331,133.530714374,nan,nan,nan,nan,nan,0.000000000,2.602996014,1.870797947,0.009807060,0.042772037,1.972558035,0,0.500000000
321.899297476,19680,3077,0,10274,9406,16599,558,78,80,44,36,7193,9406,278,280,2.031727627,2.370508808,11.638571655,98.043166375,nan,1,nan,nan,nan,0.000000000,3.129041987,1.790424983,0.008934003,0.037501974,1.884544967,0,0.500000000
322.000429869,20352,3326,0,10785,9567,17022,563,89,96,48,48,7457,9565,278,285,2.154340233,2.319637244,13.926714194,140.569127624,79.937458038,3,1.000000000,nan,nan,0.000000000,3.346101032,1.874762995,0.010309974,0.039534003,1.977411972,0,0.500000000
322.099383831,20064,3408,0,10687,9377,16652,577,100,90,49,41,7282,9370,272,305,2.121209906,2.327500163,16.679027955,154.027771270,65.078735352,3,1.000000000,nan,nan,0.000000000,3.461977001,1.884587109,0.010635064,0.045478984,1.987994008,0,0.500000000
322.199271441,19968,3396,0,10518,9450,16568,541,83,84,43,41,7182,9386,257,284,2.572270780,2.259758022,17.342478967,134.493621870,nan,1,nan,nan,nan,0.000000000,3.326239996,1.836579992,0.009124051,0.029131013,1.940434042,0,0.500000000
322.299263954,19872,3521,0,10841,9031,16568,541,85,86,42,44,7182,9386,257,284,2.572270780,2.259758022,14.759774020,120.157984574,nan,nan,nan,nan,nan,0.000000000,3.049157036,2.242464048,0.012920063,0.032492040,2.377057972,0,0.500000000
322.400611877,20160,3582,0,10868,9292,16574,563,98,94,49,45,7462,9112,271,292,2.788964724,2.242763794,17.527560320,147.850547274,57.492971420,3,1.000000000,nan,nan,0.000000000,3.333633998,1.891101943,0.011094031,0.045015011,2.000826003,0,0.500000000
322.499453306,19968,3599,0,11186,8782,16365,577,105,97,56,41,7823,8542,302,275,2.751336151,2.230081233,19.824364246,153.365596525,nan,1,nan,nan,nan,0.000000000,4.750485008,2.705978986,0.013851095,0.052134041,2.859813976,0,0.500000000
322.599216461,19872,3684,0,11245,8627,16365,577,97,100,59,41,7823,8542,302,275,2.751336151,2.230081233,20.159540102,148.343321698,nan,nan,nan,nan,nan,0.000000000,2.516977955,1.834606053,0.010607007,0.021797023,1.936585002,0,0.500000000
322.699209690,20160,3727,0,11740,8420,16365,577,100,100,61,39,7823,8542,302,275,2.751336151,2.230081233,19.999022537,148.247394654,nan,nan,nan,nan,nan,0.000000000,3.095440974,2.311267017,0.014016929,0.036879035,2.445066988,0,0.500000000
322.801601887,19872,3699,0,11618,8254,16365,577,99,99,60,39,7823,8542,302,275,2.751336151,2.230081233,20.233935746,146.599780391,nan,nan,nan,nan,nan,0.000000000,2.563476039,1.851409965,0.011014985,0.030744006,1.956627006,0,0.500000000
322.899459839,20064,3681,0,12025,8039,16379,585,101,97,53,44,8558,7821,319,266,2.599533674,2.172107782,17.149597598,119.789738210,9.821176529,2,0.000000000,nan,nan,0.000000000,3.726835013,2.053625009,0.011211960,0.034512021,2.159163007,0,0.500000000
322.999358892,20064,3628,0,12134,7930,16432,588,84,96,54,42,8682,7750,317,271,2.725602930,2.152933782,19.683938702,138.909343624,nan,1,nan,nan,nan,0.000000000,5.642295000,3.363562049,0.017318991,0.042845029,3.539807978,0,0.500000000
323.099398851,19968,3639,0,12116,7852,16432,588,98,100,55,45,8682,7750,317,271,2.725602930,2.152933782,21.507542745,146.537261757,nan,nan,nan,nan,nan,0.000000000,2.661724982,1.943052048,0.011144031,0.031202973,2.046186011,0,0.500000000
323.199402332,19968,3450,0,12046,7922,16514,605,92,99,55,44,8640,7874,341,264,2.689287140,2.048231703,23.040017180,135.125247477,5.804300308,13,0.000000000,nan,nan,0.000000000,3.468682989,1.965241099,0.010852935,0.059265993,2.071812982,0,0.500000000
323.299271345,20064,3488,0,12033,8031,16572,588,96,97,52,45,8551,8021,340,248,2.739776256,1.928511378,25.275335999,139.833687842,20.254611969,6,1.000000000,nan,nan,0.000000000,3.370886028,1.932929910,0.010546995,0.041012012,2.037419006,0,0.500000000
323.399371147,19968,3381,0,12089,7879,16583,589,105,102,57,45,8706,7877,348,241,2.826888547,1.855181089,23.606034076,130.774260868,nan,1,nan,nan,nan,0.000000000,4.617648025,2.734018024,0.012895965,0.057652011,2.859687025,0,0.500000000
323.499379158,19776,3430,0,11885,7891,16583,589,105,105,58,47,8706,7877,348,241,2.826888547,1.855181089,23.863493124,137.600734046,nan,nan,nan,nan,nan,0.000000000,2.730064967,1.904965960,0.011434080,0.022727007,2.013221034,0,0.500000000
323.599060535,20160,3284,0,12121,8039,16872,571,88,95,60,35,8834,8038,344,227,2.852078720,1.852362812,14.164980257,121.019596870,5.769491196,3,0.000000000,nan,nan,0.000000000,3.515491961,1.875246060,0.010210031,0.045018038,1.977392996,0,0.500000000
323.699302435,20064,3423,0,12006,8058,16637,599,84,84,62,22,8579,8058,347,252,2.857289961,1.856439458,17.121460554,141.415778622,89.514017105,4,1.000000000,nan,nan,0.000000000,3.396068001,1.961182046,0.009379990,0.045460009,2.067802008,0,0.500000000
323.799373865,19968,3128,0,12001,7967,16637,599,87,87,63,24,8579,8058,347,252,2.857289961,1.856439458,16.081535040,148.018165763,nan,nan,nan,nan,nan,0.000000000,2.651301969,1.927348028,0.009863928,0.040096988,2.033406985,0,0.500000000
323.899328947,19488,3370,0,11448,8040,16637,599,91,90,66,24,8579,8058,347,252,2.857289961,1.856439458,15.760938708,151.364737733,nan,nan,nan,nan,nan,0.000000000,2.665659005,1.952471095,0.010374060,0.030171999,2.060843981,0,0.500000000
324.100009918,20064,3359,0,11837,8227,16701,590,82,88,60,28,8478,8223,349,241,2.876772737,1.695696067,16.881322989,144.130931698,184.941530228,5,1.000000000,nan,nan,0.000000000,4.803440999,2.365198976,0.011530006,0.033051008,2.486053039,0,0.500000000
324.199733734,19968,3248,0,12018,7950,16716,600,79,98,70,28,8770,7946,374,226,2.888650853,1.626301766,21.812641634,130.945752900,19.751787186,4,1.000000000,nan,nan,0.000000000,11.096553004,5.987596989,0.028165989,0.070239999,6.286974007,0,0.500000000
324.299324512,19680,3296,0,11811,7869,16716,600,97,96,70,26,8770,7946,374,226,2.888650853,1.626301766,21.431303284,131.318490911,nan,nan,nan,nan,nan,0.000000000,6.120881008,4.517030960,0.023762055,0.034277036,4.738738993,0,0.500000000
324.499231100,19872,3163,0,11735,8137,16705,604,91,84,50,34,8572,8133,364,240,2.849422272,1.838864317,18.878442057,108.046967915,20.182371140,26,1.000000000,nan,nan,0.000000000,8.569105004,4.642736982,0.022142020,0.078260957,4.866590025,0,0.500000000
324.700480700,20064,3056,0,11845,8219,17004,570,70,88,55,33,8785,8219,350,220,2.824944100,1.870595950,10.835498433,112.106964230,40.100336075,26,1.000000000,nan,nan,0.000000000,3.399460984,1.827180968,0.008388946,0.026782975,1.923828037,0,0.500000000
324.799303532,19968,3141,0,11725,8243,16823,569,81,87,51,36,8580,8243,350,219,2.831878248,1.886172060,12.159014582,119.785420104,5.491018295,2,0.000000000,nan,nan,0.000000000,3.498212958,2.059524064,0.013714947,0.033943972,2.175090020,0,0.500000000
324.899354696,19968,2907,0,11645,8323,17057,566,77,85,53,32,8734,8323,345,221,2.831273259,1.857535227,11.629842697,122.834622319,nan,1,nan,nan,nan,0.000000000,3.296239011,1.855014008,0.009038951,0.023850997,1.957114029,0,0.500000000
324.999288082,19968,2876,0,11515,8453,17088,573,76,79,48,31,8635,8453,349,224,2.827700778,1.857926806,10.282956107,79.547529340,nan,1,nan,nan,nan,0.000000000,4.751488974,2.693799906,0.010401942,0.037116988,2.817391010,0,0.500000000
325.099241018,20064,2761,0,11534,8530,17088,573,78,84,51,33,8635,8453,349,224,2.827700778,1.857926806,15.519440096,89.402252578,nan,nan,nan,nan,nan,0.000000000,2.651801973,1.884047990,0.009438023,0.023961009,1.983340015,0,0.500000000
325.199473619,19968,2660,0,11346,8622,17304,581,68,69,48,21,8686,8618,363,218,2.821546075,1.842068821,10.639307954,118.157309015,nan,1,nan,nan,nan,0.000000000,3.666021046,1.941917988,0.007869035,0.026375987,2.036922029,0,0.500000000
325.299353361,19872,2616,0,11519,8353,17304,581,73,71,50,21,8686,8618,363,218,2.821546075,1.842068821,10.816948687,104.738377778,nan,nan,nan,nan,nan,0.000000000,2.540772024,1.830770052,0.008397968,0.021991960,1.927869976,0,0.500000000
325.399295092,19872,2579,0,11264,8608,17289,584,72,84,51,33,8685,8604,346,238,2.784040383,1.881793520,16.471737741,120.405499818,nan,1,nan,nan,nan,0.000000000,3.457913001,1.934654952,0.008952979,0.029400981,2.043706016,0,0.500000000
325.499229908,19968,2539,0,11507,8461,17425,622,88,88,54,34,8968,8457,364,258,2.747252024,1.935078590,19.040885756,132.143488558,nan,1,nan,nan,nan,0.000000000,4.440503020,2.734003006,0.013274956,0.067003944,2.874733007,0,0.500000000
325.599814653,19584,2405,0,11103,8481,17425,622,93,87,52,35,8968,8457,364,258,2.747252024,1.935078590,17.473928499,132.027298697,nan,nan,nan,nan,nan,0.000000000,6.481713033,4.826780932,0.026121037,0.068417983,5.092810956,0,0.500000000
325.799253941,19584,1874,0,10886,8698,17706,566,90,89,54,35,9010,8696,322,244,2.669861808,1.972634166,13.825029380,106.488965746,150.571584702,5,1.000000000,nan,nan,0.000000000,3.488095012,1.864130958,0.010224991,0.038350001,1.969025994,0,0.500000000
325.904165506,20064,2287,0,11242,8822,17773,576,82,88,47,41,8951,8822,327,249,2.676990256,1.983408914,20.321402244,113.855047620,9.808063507,4,0.000000000,nan,nan,0.000000000,3.364826029,1.879184041,0.009327021,0.023847038,1.980602043,0,0.500000000
326.001185894,19680,2091,0,11140,8540,17773,576,84,83,41,42,8951,8822,327,249,2.676990256,1.983408914,17.200725880,116.122883133,nan,nan,nan,nan,nan,0.000000000,2.565326984,1.857835974,0.009446929,0.028710987,1.955425949,0,0.500000000
326.099231482,20064,2465,0,11161,8903,17773,576,83,86,44,42,8951,8822,327,249,2.676990256,1.983408914,17.318728758,117.326180903,nan,nan,nan,nan,nan,0.000000000,3.494765959,2.592550009,0.013519952,0.029143994,2.735366987,0,0.500000000
326.199238777,19968,2496,0,11296,8672,17468,589,92,96,52,44,8800,8668,323,266,2.671362542,2.031964852,18.711944794,116.999972996,4.285335541,2,0.000000000,nan,nan,0.000000000,3.420911962,1.970771933,0.010421034,0.029422983,2.074568009,0,0.500000000
326.299350977,20064,2522,0,11236,8828,17538,606,87,81,39,42,8732,8806,339,267,2.652805783,2.065186938,15.294156958,123.925042971,nan,1,nan,nan,nan,0.000000000,3.453370999,2.018394007,0.009621028,0.028683979,2.121025987,0,0.500000000
326.399393797,19968,2641,0,11411,8557,17538,606,87,85,40,45,8732,8806,339,267,2.652805783,2.065186938,16.564497792,119.404026809,nan,nan,nan,nan,nan,0.000000000,2.659178048,1.961716043,0.009418989,0.023427012,2.061485953,0,0.500000000
326.499165058,19488,2586,0,11330,8158,16898,565,90,92,52,40,8813,8085,326,239,2.534023080,2.233682830,16.416925759,142.081576321,3.606319427,2,0.000000000,nan,nan,0.000000000,4.375985998,2.298225998,0.011383032,0.033713994,2.413975017,0,0.500000000
326.597512484,20736,2770,0,11989,8747,16898,565,101,100,55,45,8813,8085,326,239,2.534023080,2.233682830,17.836084323,134.932472001,nan,nan,nan,nan,nan,0.000000000,2.853935992,2.034434001,0.012272096,0.023293018,2.158948977,0,0.500000000
326.701975822,19872,2724,0,11620,8252,17144,573,86,93,50,43,8982,8162,324,249,2.491588026,2.612847852,15.684012289,110.594558539,36.856889725,3,1.000000000,nan,nan,0.000000000,3.664184012,2.027738956,0.010239950,0.023033994,2.132695052,0,0.500000000
326.899315119,20256,2843,0,12082,8174,17409,583,92,94,48,46,9374,8035,328,255,2.413382057,2.695819437,18.422856788,118.344630247,94.111204147,4,1.000000000,nan,nan,0.000000000,5.282214028,2.878153929,0.013946032,0.029927003,3.016361967,0,0.500000000
326.999293566,20064,2866,0,11979,8085,17194,590,87,87,44,43,9199,7995,323,267,2.584360660,2.670783613,15.824994142,137.466465194,8.892774582,2,0.000000000,nan,nan,0.000000000,3.553034039,2.059405029,0.009940995,0.025458983,2.172274981,0,0.500000000
327.099268198,18720,2568,0,11129,7591,16148,580,81,85,39,46,8599,7549,322,258,2.425968846,2.694980670,17.759479707,124.290753268,2.617835999,2,0.000000000,nan,nan,0.000000000,3.267487977,1.877920935,0.009222014,0.030461990,1.977350970,0,0.500000000
327.199329615,21312,2737,0,12457,8855,18571,580,92,86,48,38,9757,8814,321,259,2.453541283,2.636367171,13.639615801,121.178896667,45.146942139,10,1.000000000,nan,nan,0.000000000,4.593038990,2.618136990,0.013325945,0.045071996,2.754439018,0,0.500000000
327.299291611,19968,2389,0,11607,8361,17575,587,72,73,33,40,9226,8349,327,260,2.416250690,2.664204329,15.605678239,113.928614112,5.623102188,3,0.000000000,nan,nan,0.000000000,3.561015998,1.910558029,0.008286966,0.024672016,2.005437040,0,0.500000000
327.498821497,20160,2249,0,11507,8653,17907,613,91,91,43,48,9254,8653,334,279,2.410046974,2.589311082,14.856851144,111.018268638,62.379837036,4,1.000000000,nan,nan,0.000000000,3.634222958,1.991280005,0.009731972,0.031183998,2.095361997,0,0.500000000
327.599283457,19872,2234,0,11238,8634,17634,607,80,85,41,44,9004,8630,325,282,2.432163723,2.604079715,13.937361160,108.156247864,10.051488876,2,0.000000000,nan,nan,0.000000000,3.443719004,1.945466036,0.009174051,0.026734022,2.047743998,0,0.500000000
327.699278831,19872,2070,0,11265,8607,17634,607,89,90,47,43,9004,8630,325,282,2.432163723,2.604079715,12.990605752,113.619068602,nan,nan,nan,nan,nan,0.000000000,2.657749050,1.964019961,0.009882031,0.020730018,2.066132962,0,0.500000000
327.799318790,19872,2051,0,11100,8772,17634,607,91,90,48,42,9004,8630,325,282,2.432163723,2.604079715,13.015582283,110.627021414,nan,nan,nan,nan,nan,0.000000000,3.345620993,2.469169034,0.011714001,0.029215997,2.590021002,0,0.500000000
327.899183273,19776,1840,0,10983,8793,17634,607,91,90,48,42,9004,8630,325,282,2.432163723,2.604079715,13.015582903,110.620462618,nan,nan,nan,nan,nan,0.000000000,2.667357039,1.965017989,0.010829011,0.020889973,2.071199997,0,0.500000000
327.999416113,19584,1992,0,10806,8778,17588,588,82,85,40,45,8814,8774,287,301,2.396484698,2.507285991,12.423271826,115.945979086,5.004167557,3,0.000000000,nan,nan,0.000000000,3.347642021,1.880922006,0.009084004,0.035399979,1.980385976,0,0.500000000
328.099557400,20352,2129,0,11319,9033,18219,586,86,91,43,48,9186,9033,287,299,2.516013537,2.601129354,18.873598372,148.219753651,5.697965622,7,0.000000000,nan,nan,0.000000000,4.662944004,2.404196013,0.011411903,0.027873029,2.520526992,0,0.500000000
328.199302435,19968,2051,0,11027,8941,17913,575,85,89,33,56,8976,8937,287,288,2.424261925,2.514155245,14.255838654,131.722800254,45.804023743,7,1.000000000,nan,nan,0.000000000,3.429881006,1.895125082,0.009951997,0.027319009,1.997324987,0,0.500000000
328.299260616,20064,2086,0,11119,8945,17913,575,89,90,36,54,8976,8937,287,288,2.424261925,2.514155245,15.419612279,121.281212680,nan,nan,nan,nan,nan,0.000000000,2.603249974,1.878030947,0.010222022,0.019690022,1.980986039,0,0.500000000
328.399434328,19968,2109,0,11198,8770,17855,568,85,82,31,51,9085,8770,292,276,2.385354124,2.419081784,16.002966964,105.354867500,5.616426468,4,0.000000000,nan,nan,0.000000000,4.064488981,2.303412068,0.012569013,0.029586023,2.438714961,0,0.500000000
328.499244928,19968,2063,0,11084,8884,17901,578,97,85,33,52,9017,8884,298,280,2.562963488,2.356680218,12.807002459,134.356457452,5.370378494,2,0.000000000,nan,nan,0.000000000,3.364651988,1.863965008,0.009920041,0.034564000,1.965185045,0,0.500000000
328.599219322,19968,2088,0,11239,8729,17901,578,87,92,40,52,9017,8884,298,280,2.562963488,2.356680218,15.027566007,134.328768377,nan,nan,nan,nan,nan,0.000000000,3.040988988,2.171049884,0.011052005,0.022337015,2.291839046,0,0.500000000
328.699174881,20064,2095,0,11133,8931,17965,577,87,89,43,46,9034,8931,303,274,2.645048183,2.299281210,11.125296366,131.588205907,6.187200546,4,0.000000000,nan,nan,0.000000000,3.373938031,1.855866925,0.009731040,0.022621010,1.961019996,0,0.500000000
328.799218416,19872,2008,0,11082,8790,17860,575,82,85,37,48,9071,8789,308,267,2.459941857,2.303932317,12.830365116,124.119945035,nan,1,nan,nan,nan,0.000000000,3.545903019,1.966888958,0.009906071,0.024306995,2.082107996,0,0.500000000
328.899274349,20064,2058,0,10866,9198,18002,560,84,81,34,47,8805,9197,305,255,2.629004749,2.210155880,14.890902330,99.872440807,104.413270950,9,1.000000000,nan,nan,0.000000000,3.359677969,1.821622020,0.009532901,0.037835969,1.923721982,0,0.500000000
328.999182701,19968,1859,0,10983,8985,18002,560,83,86,37,49,8805,9197,305,255,2.629004749,2.210155880,14.262106951,102.957998941,nan,nan,nan,nan,nan,0.000000000,2.606965019,1.832026057,0.009465904,0.027431000,1.937311958,0,0.500000000
329.101693392,20064,2009,0,10757,9307,18002,560,91,91,41,50,8805,9197,305,255,2.629004749,2.210155880,15.285881287,103.523713806,nan,nan,nan,nan,nan,0.000000000,3.999836976,2.917999984,0.016182952,0.042269996,3.086276003,0,0.500000000
329.199224234,19968,1862,0,10907,9061,18102,596,93,85,32,53,9045,9057,314,282,2.680373401,2.264537626,12.570856325,118.620070213,nan,1,nan,nan,nan,0.000000000,4.243800009,2.529222984,0.013172976,0.056332035,2.685374988,0,0.500000000
329.299221992,19680,1937,0,10624,9056,18102,596,86,86,35,51,9045,9057,314,282,2.680373401,2.264537626,13.772975623,124.522505294,nan,nan,nan,nan,nan,0.000000000,3.685061994,2.736180963,0.013730023,0.050624018,2.884020971,0,0.500000000
329.399239540,20352,1900,0,11156,9196,18102,596,90,90,38,52,9045,9057,314,282,2.680373401,2.264537626,15.685419848,126.976693197,nan,nan,nan,nan,nan,0.000000000,4.831122002,3.440578992,0.016366015,0.039334001,3.610656946,0,0.500000000
329.501367807,20064,1849,0,10796,9268,18211,576,69,85,44,41,8943,9268,315,261,2.872316395,2.177991845,14.687068505,105.217788047,29.681921005,3,1.000000000,nan,nan,0.000000000,3.362837946,1.847998006,0.008545001,0.024902984,1.951512997,0,0.500000000
329.599276781,19968,1814,0,10790,9178,18211,576,87,85,39,46,8943,9268,315,261,2.872316395,2.177991845,13.079815446,131.602322645,nan,nan,nan,nan,nan,0.000000000,4.006012983,2.822943963,0.013713958,0.031940988,2.966206986,0,0.500000000
329.699275970,19968,1846,0,10683,9285,18118,583,87,85,35,50,8837,9281,308,275,2.857023839,2.234710055,17.152260616,115.821751626,6.514072418,2,0.000000000,nan,nan,0.000000000,3.587886982,1.900158008,0.009483949,0.031044998,2.003421017,0,0.500000000
329.799182415,20064,1837,0,10669,9395,18223,588,102,100,45,55,8832,9391,307,281,2.866336111,2.252040361,11.841172934,150.723903133,41.132688522,11,1.000000000,nan,nan,0.000000000,3.461452958,1.873507048,0.011118012,0.032909040,1.980111003,0,0.500000000
329.899475813,19968,1842,0,10681,9287,18122,579,94,90,42,48,8839,9283,292,287,2.852838050,2.302572074,15.443867055,127.593036227,6.387948990,21,0.000000000,nan,nan,0.000000000,7.075362024,4.039673018,0.022544991,0.036810990,4.260272020,0,0.500000000
330.000434399,20064,1792,0,10591,9473,18268,599,101,99,46,53,8799,9469,304,295,2.860255050,2.331951485,14.137225685,136.288221083,7.376432419,19,0.000000000,nan,nan,0.000000000,6.408290996,3.782390966,0.025026966,0.057452009,3.996726999,0,0.500000000
330.100041151,19488,1817,0,10687,8801,17667,600,78,81,34,47,8866,8801,302,298,2.833164197,2.377218140,12.182818380,117.373613466,6.551980972,10,0.000000000,nan,nan,0.000000000,5.082489981,2.622950007,0.011545024,0.026855036,2.749642998,0,0.500000000
330.198723078,20448,1759,0,10638,9810,18685,613,94,96,45,51,8879,9806,308,305,2.836422753,2.348957855,14.244426523,142.840485856,11.133432388,16,0.000000000,nan,nan,0.000000000,4.635435005,2.269884979,0.010725926,0.021749991,2.378629986,0,0.500000000
330.299173832,19968,1790,0,10737,9231,18685,613,95,97,44,53,8879,9806,308,305,2.836422753,2.348957855,18.621093764,145.202324239,nan,nan,nan,nan,nan,0.000000000,2.725867031,1.976132102,0.010647927,0.022471009,2.080322010,0,0.500000000
330.399147272,20064,1860,0,10632,9432,18685,613,95,96,44,52,8879,9806,308,305,2.836422753,2.348957855,18.183240826,144.810636627,nan,nan,nan,nan,nan,0.000000000,3.421685018,2.563639951,0.014260935,0.031714968,2.701110032,0,0.500000000
330.499128580,19968,1672,0,10678,9290,18292,628,95,84,38,46,9002,9290,298,330,2.789123225,2.470941477,14.119017778,125.770044641,5.257844925,2,0.000000000,nan,nan,0.000000000,3.652969957,2.047775080,0.010358926,0.032777025,2.150662011,0,0.500000000
330.599143505,20160,1865,0,10436,9724,18291,624,75,82,36,46,8567,9724,280,344,2.835041779,2.413554931,12.657020997,124.117285818,4.394292831,2,0.000000000,nan,nan,0.000000000,3.766570997,2.061538980,0.009031035,0.029077986,2.171296976,0,0.500000000
330.701603889,19680,1449,0,10346,9334,18227,637,83,87,40,47,8897,9330,298,339,2.779207332,2.571935061,14.705566453,106.471785832,5.644083023,4,0.000000000,nan,nan,0.000000000,3.883965022,2.340055013,0.011413998,0.029835035,2.462294011,0,0.500000000
330.803593636,19872,1423,0,10298,9574,18445,639,93,92,41,51,8874,9571,284,355,2.744983405,2.544860554,16.539442223,129.355876513,29.090404510,11,1.000000000,nan,nan,0.000000000,3.781924024,2.063040971,0.010360905,0.033168006,2.164530975,0,0.500000000
330.900286674,19872,1477,0,10328,9544,18391,668,101,92,41,51,8848,9543,297,371,2.759921365,2.582399259,21.236647323,123.133098512,4.594087601,2,0.000000000,nan,nan,0.000000000,3.889734042,2.169770072,0.010747928,0.033611024,2.279045992,0,0.500000000
331.000684023,19968,1673,0,10531,9437,18291,678,102,87,42,45,8854,9437,288,390,2.710110746,2.620956688,18.285531758,112.542836609,24.554729462,17,1.000000000,nan,nan,0.000000000,4.898948013,2.534226922,0.012081990,0.034476980,2.652152034,0,0.500000000
331.099123478,20064,1787,0,10370,9694,18273,621,90,101,47,54,8583,9690,260,361,2.785223264,2.570284600,24.489628315,123.154453297,6.546497345,5,0.000000000,nan,nan,0.000000000,4.543359973,2.673655050,0.014908030,0.054205011,2.821977017,0,0.500000000
331.199602604,19968,1779,0,10466,9502,18273,621,99,94,46,48,8583,9690,260,361,2.785223264,2.570284600,22.198922523,114.898241048,nan,nan,nan,nan,nan,0.000000000,2.719829034,1.958100998,0.010658987,0.021519023,2.063310996,0,0.500000000
331.299140930,19968,1810,0,10413,9555,18154,608,94,95,47,48,8603,9551,246,362,2.559350945,2.637121771,20.305955609,98.149658866,3.592014313,2,0.000000000,nan,nan,0.000000000,3.503170970,1.978688058,0.010539894,0.026450027,2.092433977,0,0.500000000
331.399225950,19968,1844,0,10405,9563,18154,608,96,97,46,51,8603,9551,246,362,2.559350945,2.637121771,17.868774209,101.569798175,nan,nan,nan,nan,nan,0.000000000,3.247039975,2.402507991,0.014032121,0.033096992,2.541929018,0,0.500000000
331.499114513,20064,1843,0,10482,9582,18217,627,89,89,41,48,8639,9578,240,387,2.344089154,2.695403484,16.308368487,99.076372493,19.855260849,2,1.000000000,nan,nan,0.000000000,3.954307991,2.029720054,0.011098979,0.034240016,2.139395045,0,0.500000000
331.600046635,19968,1867,0,10413,9555,18217,627,86,88,39,49,8639,9578,240,387,2.344089154,2.695403484,17.401973566,107.336245389,nan,nan,nan,nan,nan,0.000000000,4.158127005,3.061897936,0.012065982,0.028484967,3.226166009,0,0.500000000
331.699218512,20064,1863,0,10542,9522,18217,627,87,86,38,48,8639,9578,240,387,2.344089154,2.695403484,17.057260819,105.501137883,nan,nan,nan,nan,nan,0.000000000,2.674930030,1.966797048,0.007443945,0.022402965,2.045603993,0,0.500000000
331.799373388,19968,1939,0,10373,9595,18217,627,86,86,38,48,8639,9578,240,387,2.344089154,2.695403484,17.057260842,105.510186912,nan,nan,nan,nan,nan,0.000000000,3.279261000,2.345941029,0.008426956,0.023294997,2.435224014,0,0.500000000
331.899264097,19968,1874,0,10442,9526,18090,617,72,84,31,53,8564,9526,224,393,1.684443339,2.775195178,19.844996348,93.003618606,5.743265152,4,0.000000000,nan,nan,0.000000000,5.320713972,2.685297979,0.011319993,0.036459998,2.815685992,0,0.500000000
331.999233007,20160,2115,0,10306,9854,18090,617,65,79,31,48,8564,9526,224,393,1.684443339,2.775195178,19.573894085,77.756135804,nan,nan,nan,nan,nan,0.000000000,2.881361987,1.998854976,0.009666022,0.022751046,2.114839968,0,0.500000000
332.099282980,19872,1937,0,10348,9524,17931,606,75,82,29,53,8411,9520,209,397,1.413651316,2.801946832,15.502801232,103.849264441,nan,1,nan,nan,nan,0.000000000,3.385199001,1.897795941,0.008311996,0.023781031,1.992369012,0,0.500000000
332.199361086,20160,2236,0,10232,9928,17920,618,89,78,29,49,7996,9924,221,397,1.477542293,2.783492070,15.367015675,97.514028245,50.164699554,14,1.000000000,nan,nan,0.000000000,3.754641977,2.059865044,0.009724055,0.039798033,2.165373997,0,0.500000000
332.299305677,19968,2101,0,10315,9653,17863,642,78,85,33,52,8214,9649,235,407,1.302674740,2.823707744,21.469805880,95.808014142,74.398279190,5,1.000000000,nan,nan,0.000000000,5.155748979,2.741219942,0.011375989,0.049695955,2.865884977,0,0.500000000
332.399381161,20160,2434,0,10516,9644,17722,640,84,87,30,57,8081,9641,234,406,1.276450180,2.796073336,19.402366096,107.087393278,12.663841248,3,0.000000000,nan,nan,0.000000000,3.665574011,2.125754021,0.009735930,0.037368038,2.226546989,0,0.500000000
332.499200344,20064,2270,0,10624,9440,17722,640,88,82,31,51,8081,9641,234,406,1.276450180,2.796073336,17.542899327,99.429742239,nan,nan,nan,nan,nan,0.000000000,3.522663028,2.613236953,0.012337056,0.059768965,2.739695017,0,0.500000000
332.599152088,20256,2501,0,10475,9781,17722,640,88,86,32,54,8081,9641,234,406,1.276450180,2.796073336,19.227578869,102.298757018,nan,nan,nan,nan,nan,0.000000000,3.515904013,2.705816994,0.013500918,0.024960958,2.869173011,0,0.500000000
332.699389935,20064,2454,0,10500,9564,17722,640,89,89,36,53,8081,9641,234,406,1.276450180,2.796073336,19.477975423,101.599033705,nan,nan,nan,nan,nan,0.000000000,2.825663018,2.046769019,0.009525975,0.026769994,2.147927997,0,0.500000000
332.800061703,19968,2634,0,10510,9458,17330,639,94,84,30,54,7876,9454,265,374,2.765630015,2.628883891,20.363549287,89.228432391,46.180486679,3,1.000000000,nan,nan,0.000000000,3.668091958,2.079578000,0.010291988,0.051249983,2.181279997,0,0.500000000
332.901292086,19968,2604,0,10695,9273,17360,634,83,78,29,49,8091,9269,277,357,2.868130010,2.559667327,13.381194207,95.068552076,5.772829056,2,0.000000000,nan,nan,0.000000000,3.819147998,2.092314011,0.009224983,0.041782041,2.192473970,0,0.500000000
333.000651360,20160,2674,0,10927,9233,17482,593,83,85,36,49,8249,9233,265,328,2.869453934,2.548405243,15.415983826,110.147305616,4.095077515,2,0.000000000,nan,nan,0.000000000,3.419775981,1.953543979,0.009271025,0.036027981,2.052623022,0,0.500000000
333.099175930,20064,2695,0,10905,9159,17365,593,72,74,36,38,8206,9159,274,319,2.968905990,2.540023297,8.680071829,93.413770367,nan,1,nan,nan,nan,0.000000000,3.315288981,1.868298976,0.008053088,0.028349983,1.966002979,0,0.500000000
333.199319124,20064,2661,0,10731,9333,17399,587,63,67,28,39,8066,9333,271,316,2.904698297,2.578055956,8.956045507,80.065176374,nan,1,nan,nan,nan,0.000000000,10.201796016,6.259655987,0.025232031,0.101579004,6.572298997,0,0.500000000
333.299280643,20064,2684,0,10669,9395,17376,595,85,88,36,52,7985,9391,270,325,2.969843345,2.566500036,17.372025968,90.381414899,4.245519638,2,0.000000000,nan,nan,0.000000000,3.402493021,1.940198941,0.010221964,0.037139980,2.059392980,0,0.500000000
333.399982452,19968,2756,0,10718,9250,17208,600,67,69,36,33,7962,9246,271,329,2.959633657,2.584480929,11.641122461,60.161443902,nan,1,nan,nan,nan,0.000000000,3.342518990,1.932484040,0.009455951,0.026488968,2.031126991,0,0.500000000
333.500367403,19968,2839,0,10699,9269,17125,589,68,70,30,40,7859,9266,263,326,2.990241743,2.540998961,7.823761533,57.673737716,nan,1,nan,nan,nan,0.000000000,3.524667001,1.926878875,0.008086034,0.030067982,2.024426998,0,0.500000000
333.599610329,19968,2808,0,10810,9158,17156,596,78,75,32,43,7998,9158,270,326,2.949248176,2.572188568,10.868510757,82.530536398,5.969047546,14,0.000000000,nan,nan,0.000000000,4.135936964,2.263745002,0.010862947,0.035437988,2.371204027,0,0.500000000
333.700988293,19488,2747,0,10519,8969,16737,601,73,87,37,50,7768,8969,268,333,2.999275686,2.527077434,15.400249502,109.151522140,nan,1,nan,nan,nan,0.000000000,3.547985980,2.012412937,0.009409967,0.042108004,2.113537979,0,0.500000000
333.796153545,20544,2853,0,11112,9432,17687,589,81,75,32,43,8259,9428,267,322,2.923616030,2.587349011,11.233071360,97.011081326,5.387544632,2,0.000000000,nan,nan,0.000000000,3.507454006,1.948811987,0.008714036,0.022351043,2.047919959,0,0.500000000
333.899080038,20064,2883,0,10857,9207,17687,589,76,80,33,47,8259,9428,267,322,2.923616030,2.587349011,9.942690403,131.767627081,nan,nan,nan,nan,nan,0.000000000,2.699448960,1.967589953,0.009343028,0.022559019,2.069857961,0,0.500000000
333.999385595,19968,2812,0,10820,9148,17687,589,79,79,33,46,8259,9428,267,322,2.923616030,2.587349011,9.604911013,131.679695409,nan,nan,nan,nan,nan,0.000000000,2.621229040,1.913650020,0.008942035,0.023707980,2.012001001,0,0.500000000
334.099176407,20064,3085,0,10720,9344,16975,612,83,86,35,51,7635,9340,270,342,2.965865729,2.574598400,19.386152514,103.114216624,4.307508469,2,0.000000000,nan,nan,0.000000000,3.409739002,1.967206015,0.009279058,0.035986945,2.066642977,0,0.500000000
334.199135780,19968,3031,0,10833,9135,16975,612,89,85,40,45,7635,9340,270,342,2.965865729,2.574598400,10.954447729,103.511543881,nan,nan,nan,nan,nan,0.000000000,2.628518036,1.947694982,0.009741983,0.027447997,2.046978974,0,0.500000000
334.299262762,19968,3319,0,10897,9071,16645,607,70,80,38,42,7716,8929,271,336,2.966745232,2.597434541,12.586583790,83.101583355,nan,1,nan,nan,nan,0.000000000,4.639523046,2.223521878,0.009633019,0.031636038,2.337933984,0,0.500000000
334.399758101,20064,3229,0,10926,9138,16645,607,74,72,37,35,7716,8929,271,336,2.966745232,2.597434541,10.900748566,73.320838994,nan,nan,nan,nan,nan,0.000000000,2.718641015,1.955693937,0.008262054,0.024824985,2.053258009,0,0.500000000
334.499345779,19968,3349,0,10982,8986,16615,594,71,74,34,40,7780,8835,263,331,2.976290834,2.591834987,11.748876755,82.873140578,5.923509598,2,0.000000000,nan,nan,0.000000000,3.397839027,1.931321051,0.008229050,0.027650036,2.029130992,0,0.500000000
334.599293232,19584,3146,0,10746,8838,16434,588,78,82,44,38,7727,8707,272,316,3.020734607,2.603286876,14.050867192,77.917826644,0.681638718,2,0.000000000,nan,nan,0.000000000,3.361958021,1.898652932,0.008995994,0.023615023,1.999546017,0,0.500000000
334.697302103,20448,3451,0,11280,9168,16993,592,75,76,37,39,7994,8999,268,324,2.985012533,2.593846495,14.094815014,112.764251827,nan,1,nan,nan,nan,0.000000000,3.544159001,2.038581995,0.008711067,0.030760944,2.140077995,0,0.500000000
334.799196720,19968,3229,0,10916,9052,16735,605,84,86,44,42,7826,8909,278,327,3.025227976,2.596956863,15.021261042,110.562780322,39.978027344,8,1.000000000,nan,nan,0.000000000,3.380595008,1.970992947,0.009553041,0.024301989,2.075819008,0,0.500000000
334.899060965,20064,3293,0,11022,9042,16767,579,80,76,39,37,7877,8890,272,307,3.010306011,2.602081093,8.547538163,74.603623306,69.273471832,4,1.000000000,nan,nan,0.000000000,3.835545038,2.049749019,0.009560958,0.021846965,2.152081986,0,0.500000000
334.999206781,19968,3225,0,10823,9145,16739,600,83,84,42,42,7733,9006,276,324,3.009990176,2.594351121,12.642311284,110.937973431,5.883693695,10,0.000000000,nan,nan,0.000000000,3.536118020,2.018566011,0.009464973,0.027025002,2.126284991,0,0.500000000
335.099128485,20064,3221,0,10931,9133,16839,582,66,76,40,36,7843,8996,272,310,2.984056994,2.597190500,11.818872077,97.292328916,5.784273148,2,0.000000000,nan,nan,0.000000000,4.960762977,2.878167026,0.011814991,0.038054015,3.012011002,0,0.500000000
335.199265480,19968,3127,0,10813,9155,16837,609,78,78,37,41,7815,9022,281,328,3.006107840,2.581159209,10.993433152,102.899185570,104.429006577,2,1.000000000,nan,nan,0.000000000,4.939822014,2.678254968,0.010987045,0.029613962,2.804829972,0,0.500000000
335.299839258,19968,3088,0,10895,9073,16876,599,76,79,36,43,7922,8954,276,323,2.987058249,2.609719224,9.711723735,102.612187232,49.355030060,6,1.000000000,nan,nan,0.000000000,3.531277005,1.938535017,0.008714036,0.026153983,2.035929007,0,0.500000000
335.399136305,19968,3047,0,10743,9225,16917,603,84,87,43,44,7784,9133,279,324,3.003045164,2.562917501,15.436496107,125.572514126,19.284248352,5,1.000000000,nan,nan,0.000000000,5.061123986,2.638884063,0.011956959,0.029085961,2.764738980,0,0.500000000
335.699063540,19968,2745,0,10906,9062,17219,578,81,84,34,50,8157,9062,267,311,2.990650679,2.572238802,13.571992805,92.937516941,89.192628860,14,1.000000000,nan,nan,0.000000000,4.769597959,2.738765033,0.012942939,0.039944018,2.877072024,0,0.500000000
335.799092054,20064,2819,0,10912,9152,17241,578,79,77,32,45,8089,9152,267,311,2.978158004,2.554170461,12.841611737,99.777564401,nan,1,nan,nan,nan,0.000000000,3.309839987,1.892658998,0.008649949,0.022482011,1.990116027,0,0.500000000
335.899086952,20064,2570,0,10841,9223,17490,594,91,96,38,58,8267,9223,270,324,2.984614951,2.548399303,14.609650670,107.700886432,nan,1,nan,nan,nan,0.000000000,3.557432967,1.943560084,0.010314980,0.023356988,2.046050970,0,0.500000000
335.999301672,19968,2538,0,10765,9203,17426,589,78,81,33,48,8226,9200,264,325,2.922580289,2.548683713,14.248415573,119.761426361,5.716085434,7,0.000000000,nan,nan,0.000000000,3.523110994,1.915428031,0.008798961,0.019542989,2.016299986,0,0.500000000
336.099247694,19680,2377,0,10592,9088,17426,589,81,80,32,48,8226,9200,264,325,2.922580289,2.548683713,13.652953393,107.729471446,nan,nan,nan,nan,nan,0.000000000,2.669602982,1.884733967,0.008762989,0.024020963,1.980928006,0,0.500000000
336.199187040,19968,2539,0,10862,9106,17426,589,82,80,32,48,8226,9200,264,325,2.922580289,2.548683713,13.178991321,108.302165688,nan,nan,nan,nan,nan,0.000000000,3.279100987,2.221220930,0.009620970,0.022244989,2.343386004,0,0.500000000
336.299075127,20160,2734,0,10884,9276,17426,589,82,79,32,47,8226,9200,264,325,2.922580289,2.548683713,13.189708153,106.982409667,nan,nan,nan,nan,nan,0.000000000,2.663768013,1.892447006,0.008962990,0.020837993,1.991103985,0,0.500000000
336.399238348,19872,2665,0,10810,9062,17203,566,74,85,40,45,8145,9058,272,294,2.945715759,2.586805884,13.497426844,103.872776038,nan,1,nan,nan,nan,0.000000000,3.294650989,1.827567001,0.008567993,0.026251015,1.928744954,0,0.500000000
336.500110388,20064,2631,0,10779,9285,17429,578,90,88,37,51,8148,9281,271,307,2.897979515,2.579570870,13.259756725,116.624990169,37.957191467,3,1.000000000,nan,nan,0.000000000,3.344347002,1.902018965,0.010010961,0.022190972,2.015505976,0,0.500000000
336.599347830,19872,2605,0,10783,9089,17429,578,84,83,36,47,8148,9281,271,307,2.897979515,2.579570870,12.170077236,128.289793998,nan,nan,nan,nan,nan,0.000000000,3.997371998,3.022254969,0.015093887,0.035101024,3.185818030,0,0.500000000
336.699107170,19968,2538,0,10800,9168,17426,584,87,94,38,56,8262,9164,273,311,2.867376746,2.618092609,13.314530882,127.460906614,129.636526108,3,1.000000000,nan,nan,0.000000000,3.425823001,1.920174924,0.009870040,0.023828994,2.021232969,0,0.500000000
336.799053669,20064,2576,0,10826,9238,17484,590,110,109,48,61,8250,9234,279,311,2.859705694,2.619313341,18.262073961,161.066188369,5.249261856,2,0.000000000,nan,nan,0.000000000,4.189260013,2.477377944,0.014683988,0.024884008,2.613287012,0,0.500000000
336.899681568,19872,2340,0,10793,9079,17484,590,96,97,44,53,8250,9234,279,311,2.859705694,2.619313341,17.242883371,140.407719514,nan,nan,nan,nan,nan,0.000000000,2.621694992,1.896976028,0.010538963,0.020792999,2.001112036,0,0.500000000
336.999188423,20064,2502,0,10947,9117,17558,604,95,93,38,55,8445,9113,283,321,2.822059437,2.619133127,15.782921672,129.981828748,nan,1,nan,nan,nan,0.000000000,4.718663055,2.450255968,0.011743978,0.022876018,2.572358993,0,0.500000000
337.099043131,19968,2243,0,10918,9050,17721,595,83,94,38,56,8671,9050,279,316,2.761296153,2.644784630,15.140515181,134.539423761,89.921712875,2,1.000000000,nan,nan,0.000000000,3.429197997,1.935466076,0.010393967,0.025568006,2.038778970,0,0.500000000
337.199063540,19968,2286,0,10778,9190,17678,606,88,90,41,49,8488,9190,278,328,2.830270512,2.591130334,18.275516044,95.721242150,29.842853546,2,1.000000000,nan,nan,0.000000000,3.445329960,1.976269064,0.009735988,0.024705019,2.075670986,0,0.500000000
337.299046755,19680,2156,0,10635,9045,17520,595,91,94,46,48,8475,9045,282,313,2.758958756,2.621987238,16.986417376,102.424382279,nan,1,nan,nan,nan,0.000000000,3.498811973,1.954584033,0.010559976,0.022724038,2.060787985,0,0.500000000
337.397355795,20352,2235,0,11117,9235,18113,596,78,91,40,51,8878,9235,286,310,2.822777067,2.585024899,18.332163454,95.683572513,nan,1,nan,nan,nan,0.000000000,3.508005000,1.954656036,0.010272081,0.025066023,2.060841012,0,0.500000000
337.499152899,19968,2107,0,10824,9144,18113,596,90,89,40,49,8878,9235,286,310,2.822777067,2.585024899,17.837037945,86.439502487,nan,nan,nan,nan,nan,0.000000000,2.675880038,1.929974998,0.009934010,0.025436049,2.040744002,0,0.500000000
337.599166632,19776,2185,0,10635,9141,18113,596,89,90,41,49,8878,9235,286,310,2.822777067,2.585024899,17.880506906,87.028027270,nan,nan,nan,nan,nan,0.000000000,3.871118010,2.739746007,0.014217105,0.026235997,2.876154962,0,0.500000000
337.697888136,20064,2026,0,10796,9268,18034,585,101,98,46,52,8766,9268,280,305,2.646729032,2.577193923,13.241262686,128.427590917,nan,1,nan,nan,nan,0.000000000,6.174114009,3.613515000,0.020948006,0.079379010,3.842531994,0,0.500000000
337.799140930,19968,2146,0,10692,9276,17818,602,97,89,43,46,8546,9272,278,324,2.652540169,2.549401212,14.577576770,109.318366050,nan,1,nan,nan,nan,0.000000000,3.440939996,1.946010045,0.010145013,0.025868008,2.048636030,0,0.500000000
337.899037838,19872,1981,0,10736,9136,17818,602,95,98,45,53,8546,9272,278,324,2.652540169,2.549401212,15.855009568,108.500141542,nan,nan,nan,nan,nan,0.000000000,3.430584038,2.544061921,0.014443882,0.038488011,2.695501025,0,0.500000000
337.999073982,19872,2035,0,10693,9179,17833,587,102,90,37,53,8658,9175,275,312,2.581286510,2.532284953,17.670433941,121.866435438,3.385543823,2,0.000000000,nan,nan,0.000000000,3.397469001,1.903775032,0.010583026,0.032700016,2.006599039,0,0.500000000
338.099045515,19968,1973,0,10726,9242,17991,602,82,80,30,50,8753,9238,288,314,2.597636120,2.553462029,12.066010215,90.409520796,70.207118988,6,1.000000000,nan,nan,0.000000000,4.583313013,2.717213996,0.012355100,0.037000980,2.853048034,0,0.500000000
338.199187756,19968,2140,0,10795,9173,17824,587,89,82,38,44,8655,9169,282,305,2.567297892,2.557646752,13.711154229,105.621690201,4.277467728,2,0.000000000,nan,nan,0.000000000,3.459664993,1.942071074,0.009440002,0.023885979,2.042274980,0,0.500000000
338.299491644,19968,2036,0,10781,9187,17824,587,89,87,41,46,8655,9169,282,305,2.567297892,2.557646752,14.362474677,108.177503967,nan,nan,nan,nan,nan,0.000000000,2.564007009,1.891361957,0.009642972,0.020442007,1.991906029,0,0.500000000
338.399092197,20064,2347,0,11071,8993,17713,591,91,90,37,53,8722,8991,278,313,2.511635877,2.523260008,16.149759035,129.947458286,3.414869308,2,0.000000000,nan,nan,0.000000000,3.666422039,1.995458035,0.010681979,0.024706998,2.105486987,0,0.500000000
338.499179125,19680,2045,0,10608,9072,17631,594,84,82,33,49,8559,9072,279,315,2.564819068,2.528165486,12.946966794,105.644947442,nan,1,nan,nan,nan,0.000000000,3.627819009,2.017568040,0.009441981,0.030936964,2.121749974,0,0.500000000
338.598825455,20256,2328,0,11384,8872,17924,580,95,91,36,55,9052,8872,271,309,2.496784857,2.541315420,13.925715445,118.003048748,19.993066788,2,1.000000000,nan,nan,0.000000000,5.187428033,2.724907070,0.011794968,0.025553047,2.843875031,0,0.500000000
338.699108839,20064,2233,0,10991,9073,17827,598,112,103,48,55,8754,9073,286,312,2.572685948,2.536710076,17.413170364,156.492547444,5.630016327,2,0.000000000,nan,nan,0.000000000,5.007237953,2.531093021,0.014555058,0.024573004,2.665360982,0,0.500000000
338.799183130,19968,2340,0,11083,8885,17827,598,92,92,40,52,8754,9073,286,312,2.572685948,2.536710076,14.657682552,140.887667224,nan,nan,nan,nan,nan,0.000000000,2.640774008,1.929503982,0.009914045,0.019530999,2.031020005,0,0.500000000
338.899154186,19968,2310,0,10911,9057,17654,595,96,87,32,55,8601,9053,289,306,2.493278997,2.512049711,13.183529575,92.801236747,nan,1,nan,nan,nan,0.000000000,3.465855028,1.956647960,0.010036980,0.029145973,2.059875987,0,0.500000000
338.999157429,19968,2273,0,11126,8842,17691,588,95,90,42,48,8853,8838,276,312,2.349274249,2.558671033,16.943608781,108.629665051,nan,1,nan,nan,nan,0.000000000,3.534104035,1.963711926,0.010418997,0.024373003,2.071097028,0,0.500000000
339.099130869,20064,2394,0,10989,9075,17666,593,86,84,41,43,8595,9071,288,305,2.496235778,2.530121311,15.101136892,111.320369260,79.979658127,3,1.000000000,nan,nan,0.000000000,3.478151979,1.981609035,0.009949959,0.024519977,2.098857018,0,0.500000000
339.199105024,19392,2169,0,11044,8348,17666,593,86,85,41,44,8595,9071,288,305,2.496235778,2.530121311,14.400900217,116.783367456,nan,nan,nan,nan,nan,0.000000000,3.472110024,2.479914052,0.011568074,0.026630005,2.609201998,0,0.500000000
339.302731752,20544,2508,0,11289,9255,18032,591,96,91,44,47,8781,9251,298,293,2.425104286,2.462893668,18.708611352,120.976029262,14.450788498,4,0.000000000,nan,nan,0.000000000,3.470736032,1.925140037,0.010096061,0.028593990,2.028860967,0,0.500000000
339.399045229,19584,2298,0,11005,8579,17282,576,87,91,47,44,8703,8579,298,278,2.466898681,2.527779345,15.907196060,107.346095463,50.667285919,7,1.000000000,nan,nan,0.000000000,4.333838995,2.214887936,0.012208067,0.021359010,2.331611002,0,0.500000000
339.498728037,20544,2488,0,11645,8899,18052,575,83,79,38,41,9157,8895,301,274,2.478578534,2.512129359,11.736022417,92.054896343,nan,1,nan,nan,nan,0.000000000,3.611762950,1.927051984,0.009434996,0.030937023,2.030547999,0,0.500000000
339.599161625,19968,2443,0,11361,8607,17521,562,78,83,40,43,8914,8607,289,273,2.413542595,2.512434707,18.725102735,88.723668317,nan,1,nan,nan,nan,0.000000000,7.247102039,4.137196927,0.019453000,0.042864995,4.355231998,0,0.500000000
339.699079990,20064,2444,0,11163,8901,17616,556,87,87,45,42,8719,8897,287,269,2.475172154,2.422145763,18.305949511,109.574670438,16.260862350,4,1.000000000,nan,nan,0.000000000,3.347202961,1.817699987,0.009807001,0.025023997,1.946341014,0,0.500000000
339.799179077,19968,2532,0,11377,8591,17432,567,78,83,40,43,8845,8587,293,274,2.482558909,2.469570078,18.598419012,109.888074334,20.619153976,2,1.000000000,nan,nan,0.000000000,3.311884997,1.851710957,0.008878997,0.027959002,1.958987035,0,0.500000000
341.399313450,20064,3680,0,12494,7570,16380,511,74,70,40,30,8883,7497,299,212,2.573687830,2.076339079,11.833333986,71.173445006,329.748392105,22,1.000000000,nan,nan,0.000000000,3.307103994,1.705202973,0.008323055,0.120520999,1.799947000,0,0.500000000
341.498985767,20064,3653,0,12374,7690,16407,514,77,71,36,35,8796,7611,300,214,2.552620860,2.073210546,12.269246842,86.028211155,60.933828354,4,1.000000000,nan,nan,0.000000000,3.154659003,1.734671940,0.008774048,0.086290995,1.831652015,0,0.500000000
341.599154949,19968,3640,0,12432,7536,16324,519,64,66,31,35,8864,7460,302,217,2.544708315,2.104107035,8.203212280,91.375239733,60.283422470,4,1.000000000,nan,nan,0.000000000,4.426580970,2.198064001,0.008656993,0.042262021,2.305801027,0,0.500000000
341.699242115,20064,3722,0,12550,7514,16338,526,84,88,42,46,8901,7437,312,214,2.524670476,2.060672505,13.608846640,94.133511478,24.133443832,3,1.000000000,nan,nan,0.000000000,3.389041987,1.875345013,0.009749958,0.027409988,1.980408968,0,0.500000000
341.799269438,19968,3631,0,12452,7516,16333,530,81,88,48,40,8886,7447,313,217,2.535997952,2.088251186,15.186810180,94.664767094,nan,1,nan,nan,nan,0.000000000,3.660704999,2.018982021,0.011115975,0.032441982,2.127163054,0,0.500000000
341.899287939,19968,3765,0,12603,7365,16199,515,75,77,46,31,8902,7297,304,211,2.534254699,2.099060293,14.955549446,98.027142949,nan,1,nan,nan,nan,0.000000000,3.057323978,1.697241038,0.008591043,0.019047991,1.797024976,0,0.500000000
341.999137163,20064,3686,0,12574,7490,16374,521,71,74,41,33,8951,7423,312,209,2.589016970,2.140598342,11.623263719,95.279588718,4.544019699,2,0.000000000,nan,nan,0.000000000,4.151243018,2.601572021,0.013310986,0.034539029,2.756937000,0,0.500000000
342.099081039,20064,3825,0,12756,7308,16374,521,73,72,41,31,8951,7423,312,209,2.589016970,2.140598342,10.919254945,98.902765905,nan,nan,nan,nan,nan,0.000000000,2.489000966,1.736213977,0.008779054,0.051346957,1.837029005,0,0.500000000
342.199087381,19488,3698,0,12083,7405,15786,515,72,84,44,40,8450,7336,306,209,2.542962238,2.193256119,16.638836000,114.248903671,7.669210434,8,0.000000000,nan,nan,0.000000000,3.238853009,1.708834025,0.008407980,0.023518980,1.810064015,0,0.500000000
342.300471306,20544,3869,0,13116,7428,16671,519,81,88,50,38,9314,7357,314,205,2.525727656,1.867300475,16.533860964,128.057806361,59.324741364,3,1.000000000,nan,nan,0.000000000,3.395840002,1.801114006,0.009396987,0.033107004,1.905009034,0,0.500000000
342.399148941,19680,3756,0,12441,7239,15920,515,83,85,46,39,8756,7164,310,205,2.555501913,1.793122684,16.192098655,105.226673368,32.667160034,6,1.000000000,nan,nan,0.000000000,3.207965987,1.713833946,0.009484997,0.019918953,1.819390047,0,0.500000000
342.498031616,20352,3999,0,12928,7424,15920,515,86,86,50,36,8756,7164,310,205,2.555501913,1.793122684,16.211760775,107.860937473,nan,nan,nan,nan,nan,0.000000000,3.489024995,2.524352982,0.013875018,0.024188019,2.673324023,0,0.500000000
342.599099398,19872,3771,0,12464,7408,15920,515,85,86,49,37,8756,7164,310,205,2.555501913,1.793122684,14.274270642,110.734932856,nan,nan,nan,nan,nan,0.000000000,2.549094032,1.761322084,0.010410906,0.019201019,1.872802037,0,0.500000000
342.699084759,20064,3791,0,12829,7235,15920,515,88,88,51,37,8756,7164,310,205,2.555501913,1.793122684,14.508644299,111.848805144,nan,nan,nan,nan,nan,0.000000000,2.576305997,1.840183977,0.010426971,0.018859981,1.945374999,0,0.500000000
342.799131393,19968,3851,0,12664,7304,16113,506,87,80,43,37,8884,7229,307,199,2.524562478,1.678815377,14.968582898,103.437686510,151.749849319,6,1.000000000,nan,nan,0.000000000,3.112367005,1.674915024,0.009347044,0.034426979,1.779379032,0,0.500000000
342.899101496,19968,3843,0,12636,7332,16121,503,72,76,39,37,8952,7169,310,193,2.506954522,1.713421709,12.373985860,98.110531970,nan,1,nan,nan,nan,0.000000000,3.097317996,1.655712025,0.008331088,0.031478005,1.751208969,0,0.500000000
342.999141932,19968,3719,0,12554,7414,16245,491,72,80,48,32,8914,7331,309,182,2.533256171,1.659569470,13.093011744,93.922945607,36.161184311,4,1.000000000,nan,nan,0.000000000,3.674166044,2.003556059,0.012186996,0.071767950,2.142655023,0,0.500000000
343.099163532,20064,3878,0,12750,7314,16182,479,72,75,45,30,8943,7239,311,168,2.515720448,1.657165614,14.983617351,67.040989921,20.024299622,3,1.000000000,nan,nan,0.000000000,2.992523019,1.579675009,0.008567935,0.034122029,1.677953987,0,0.500000000
343.199105978,19968,3802,0,12549,7419,16162,486,77,74,45,29,8812,7350,311,175,2.509300471,1.665291286,12.893578953,91.522598646,34.453868866,3,1.000000000,nan,nan,0.000000000,2.977499971,1.616176974,0.008617935,0.036093988,1.714084006,0,0.500000000
343.299166203,19968,3938,0,12668,7300,16026,484,72,71,41,30,8799,7227,308,176,2.496523236,1.683679254,12.808868746,93.343922216,1.796483994,2,0.000000000,nan,nan,0.000000000,3.033229965,1.582899014,0.007898896,0.031842967,1.678633969,0,0.500000000
343.399076223,19968,3769,0,12515,7453,16195,480,75,78,47,31,8816,7379,308,172,2.492228040,1.675139702,11.560033479,118.846777865,4.181861877,2,0.000000000,nan,nan,0.000000000,3.239392012,1.676629006,0.008995004,0.023367000,1.777063007,0,0.500000000
343.499055624,20064,4062,0,12766,7298,15998,488,76,77,41,36,8779,7219,306,182,2.503073529,1.700171179,11.845455592,88.285001831,24.308681488,2,1.000000000,nan,nan,0.000000000,3.210249008,1.645421959,0.008487026,0.016298029,1.744844951,0,0.500000000
343.599103451,20064,3762,0,12702,7362,16298,479,76,79,46,33,9016,7282,310,169,2.491908089,1.685055905,9.982817075,82.213461668,120.373010635,5,1.000000000,nan,nan,0.000000000,3.011190973,1.596730959,0.008651987,0.028805982,1.696125022,0,0.500000000
343.699113846,19488,3883,0,12413,7075,15601,488,79,79,48,31,8607,6994,312,176,2.515183878,1.695386034,13.428477632,127.567018880,6.318807602,2,0.000000000,nan,nan,0.000000000,3.070434963,1.614735927,0.008689938,0.027540023,1.715563994,0,0.500000000
343.799083710,20064,3803,0,12692,7372,16257,483,80,81,50,31,8965,7292,311,172,2.483077321,1.735516438,13.935539511,89.785612732,nan,1,nan,nan,nan,0.000000000,3.773195960,2.075780067,0.012176984,0.025809975,2.203898039,0,0.500000000
343.900647640,20256,3900,0,12900,7356,16352,482,83,93,57,36,9070,7282,309,173,2.536978169,1.739238960,18.149024914,125.725159654,29.666900635,4,1.000000000,nan,nan,0.000000000,4.151474044,2.319914056,0.016289996,0.044132990,2.486613987,0,0.500000000
343.998987436,20064,3651,0,12764,7300,16409,490,87,86,54,32,9193,7216,320,170,2.508933922,1.785909197,13.540179600,111.516840900,nan,1,nan,nan,nan,0.000000000,2.977977972,1.621764037,0.009547977,0.024773995,1.722685993,0,0.500000000
344.099157333,19584,3750,0,12145,7439,16409,490,83,89,53,36,9193,7216,320,170,2.508933922,1.785909197,14.422124394,116.758411674,nan,nan,nan,nan,nan,0.000000000,3.125651041,2.281952067,0.014123041,0.030822004,2.428313019,0,0.500000000
344.199509382,20448,3687,0,12911,7537,16757,490,77,81,46,35,9296,7461,313,177,2.545261975,1.771481045,14.039745669,97.811300391,65.304994583,8,1.000000000,nan,nan,0.000000000,4.376187979,2.427715051,0.012938981,0.025555026,2.572064055,0,0.500000000
344.299137115,19968,3733,0,12447,7521,16231,486,69,80,44,36,8791,7440,308,178,2.523217125,1.750703281,11.192363618,116.741730891,66.414594650,3,1.000000000,nan,nan,0.000000000,3.423807968,1.649457030,0.008236908,0.024779001,1.746864000,0,0.500000000
344.399082422,19872,3576,0,12458,7414,16292,480,77,85,48,37,8962,7330,305,175,2.503558480,1.777493602,15.720793193,113.029680939,5.713462830,2,0.000000000,nan,nan,0.000000000,3.315387992,1.790809969,0.010838965,0.030884054,1.907842001,0,0.500000000
344.499116421,20064,3946,0,12645,7419,16114,488,83,79,41,38,8771,7343,306,182,2.516934913,1.682207185,15.290992157,95.826106442,6.236553192,3,0.000000000,nan,nan,0.000000000,3.366754972,1.810920949,0.010341988,0.027374015,1.925277000,0,0.500000000
344.600362301,20064,3740,0,12676,7388,16114,488,76,75,39,36,8771,7343,306,182,2.516934913,1.682207185,14.379536614,103.720647504,nan,nan,nan,nan,nan,0.000000000,3.486954956,2.482847020,0.010279997,0.020290026,2.639642975,0,0.500000000
344.699080944,19968,3802,0,12613,7355,16162,484,73,88,50,38,8877,7285,301,183,2.511410380,1.667378228,15.529477226,82.704767475,100.085735321,6,1.000000000,nan,nan,0.000000000,3.001300036,1.597368042,0.009189069,0.017862010,1.696972002,0,0.500000000
344.799097061,19968,3825,0,12717,7251,16139,483,85,87,47,40,8958,7181,307,176,2.518748411,1.674979715,15.157115321,130.304252365,5.417346954,5,0.000000000,nan,nan,0.000000000,3.496626043,1.709349977,0.011333963,0.018057995,1.820633013,0,0.500000000
344.899068594,20064,4042,0,12940,7124,16139,483,87,87,49,38,8958,7181,307,176,2.518748411,1.674979715,15.094420405,135.752204192,nan,nan,nan,nan,nan,0.000000000,2.282247005,1.590417989,0.009524985,0.023328990,1.694154984,0,0.500000000
344.999070406,19968,3988,0,12831,7137,15976,497,89,94,53,41,8903,7073,313,184,2.541746384,1.609356721,16.369803361,111.633909576,5.905389786,2,0.000000000,nan,nan,0.000000000,3.774589044,2.154171991,0.016763981,0.027874019,2.296354971,0,0.500000000
345.098969698,20064,3911,0,12738,7326,16149,483,85,83,47,36,8891,7258,299,184,2.522322130,1.563106511,13.181344182,108.827824685,4.187822342,2,0.000000000,nan,nan,0.000000000,3.964922042,2.086910943,0.010602060,0.022160006,2.221812028,0,0.500000000
345.199001312,19488,3949,0,12383,7105,16149,483,84,84,48,36,8891,7258,299,184,2.522322130,1.563106511,14.257265004,110.430191509,nan,nan,nan,nan,nan,0.000000000,2.211067011,1.549582987,0.009033014,0.016420963,1.647496014,0,0.500000000
345.299158335,20544,3813,0,12929,7615,16149,483,85,85,49,36,8891,7258,299,184,2.522322130,1.563106511,14.336692777,111.255676508,nan,nan,nan,nan,nan,0.000000000,4.888012016,3.523004998,0.016337959,0.046025030,3.711749974,0,0.500000000
345.402294874,19968,4049,0,12726,7242,15915,502,79,79,46,33,8749,7166,313,189,2.576137158,1.590028151,13.594196531,121.048976691,7.001161575,3,0.000000000,nan,nan,0.000000000,3.003503953,1.649532001,0.008516072,0.028825947,1.750260999,0,0.500000000
345.498986721,20064,3687,0,12688,7376,15915,502,80,81,45,36,8749,7166,313,189,2.576137158,1.590028151,13.469198861,111.971424442,nan,nan,nan,nan,nan,0.000000000,2.801841998,1.967922028,0.011690950,0.025349029,2.093723975,0,0.500000000
345.699107647,20064,3550,0,12703,7361,16510,486,84,89,52,37,9226,7284,312,174,2.513136710,1.614961622,17.779570430,124.667599405,100.283861160,8,1.000000000,nan,nan,0.000000000,3.986108990,2.239098016,0.014238991,0.026541005,2.385993022,0,0.500000000
345.799082041,20064,3906,0,12752,7312,16154,507,87,83,44,39,8915,7239,316,191,2.563519048,1.567517118,16.737072588,115.364816654,3.787040710,2,0.000000000,nan,nan,0.000000000,3.456606006,2.015662030,0.011771976,0.024712004,2.147840045,0,0.500000000
345.899213076,19968,3427,0,12431,7537,16537,506,74,82,39,43,9076,7461,306,200,2.543253357,1.612654360,15.617951365,102.730805428,4.140853882,2,0.000000000,nan,nan,0.000000000,3.180389001,1.660402049,0.010939955,0.021177984,1.763239037,0,0.500000000
346.001225471,19968,3683,0,12734,7234,16537,506,81,82,39,43,9076,7461,306,200,2.543253357,1.612654360,14.214888230,101.393377936,nan,nan,nan,nan,nan,0.000000000,2.389236004,1.650376944,0.009119045,0.017056009,1.753008983,0,0.500000000
346.099061012,19872,3427,0,12442,7430,16441,513,80,83,43,40,9088,7353,310,203,2.540437236,1.665987672,14.564118744,106.556109917,29.926538467,3,1.000000000,nan,nan,0.000000000,3.066955018,1.681826019,0.008980045,0.024194946,1.790425973,0,0.500000000
346.200873613,19968,3885,0,12885,7083,16441,513,89,84,44,40,9088,7353,310,203,2.540437236,1.665987672,14.863964579,112.016342336,nan,nan,nan,nan,nan,0.000000000,2.361151041,1.696076011,0.009659969,0.018692983,1.797495002,0,0.500000000
346.299397230,20064,3865,0,12617,7447,16195,508,92,90,47,43,8828,7367,301,207,2.581800528,1.791129789,16.556637912,123.011060622,60.165166855,5,1.000000000,nan,nan,0.000000000,3.054428031,1.672940969,0.010299962,0.019852014,1.780900988,0,0.500000000
346.499015093,20064,4374,0,12843,7221,15686,491,82,83,45,38,8792,6894,294,197,2.550273174,1.858998673,14.992956228,102.419116242,nan,1,nan,nan,nan,0.000000000,3.457557992,1.807962079,0.010086980,0.017375976,1.916103007,0,0.500000000
346.599097729,20064,4679,0,13144,6920,15381,494,83,82,47,35,8936,6445,304,190,2.525847370,1.947275542,10.997945879,105.941332835,6.605625153,2,0.000000000,nan,nan,0.000000000,3.158156003,1.764663088,0.010940013,0.028333976,1.885633974,0,0.500000000
346.699062109,19968,4984,0,13294,6674,14980,499,85,79,45,34,8844,6136,312,187,2.535625136,1.788665124,11.221801500,90.682580951,nan,1,nan,nan,nan,0.000000000,2.987613028,1.633713022,0.009034935,0.018594030,1.734443998,0,0.500000000
346.800535679,19968,5164,0,13450,6518,14800,483,80,84,48,36,8912,5888,310,173,2.532981544,1.801851880,14.151902434,107.741504808,49.992084503,9,1.000000000,nan,nan,0.000000000,2.948283043,1.591635111,0.009462994,0.017396000,1.693516970,0,0.500000000
346.898968458,20064,5476,0,13708,6356,14584,473,82,78,49,29,8990,5594,310,163,2.555925512,1.789142487,13.560451913,88.868633336,6.526231766,18,0.000000000,nan,nan,0.000000000,2.850173973,1.556454983,0.008997100,0.024378009,1.657614019,0,0.500000000
346.999076843,19968,5530,0,13501,6467,14434,484,86,86,50,36,8883,5551,313,171,2.554093592,1.861060717,14.325853115,115.287298084,7.638216019,22,0.000000000,nan,nan,0.000000000,4.040888045,2.321303007,0.014237012,0.029223040,2.473047003,0,0.500000000
347.099097013,20064,5696,0,13705,6359,14364,485,76,75,42,33,8989,5375,318,167,2.518615094,1.773344909,12.057194711,107.811497816,9.724378586,18,0.000000000,nan,nan,0.000000000,2.962088969,1.569887972,0.008848088,0.017368002,1.663807954,0,0.500000000
347.199084759,19872,5680,0,13431,6441,14188,484,85,86,57,29,8783,5405,312,172,2.561794927,1.940355947,17.308143912,109.445395304,6.219625473,12,0.000000000,nan,nan,0.000000000,3.691377991,1.870685956,0.010524993,0.028448005,1.981729991,0,0.500000000
347.399084806,19968,5759,0,13446,6522,14205,479,81,86,49,37,8767,5438,309,170,2.549052550,1.904547336,17.380080377,113.147314352,80.003261566,11,1.000000000,nan,nan,0.000000000,2.949455986,1.585885009,0.009206065,0.018546009,1.688499993,0,0.500000000
347.499041319,19968,5734,0,13593,6375,14205,479,87,87,52,35,8767,5438,309,170,2.549052550,1.904547336,17.729329440,114.095228607,nan,nan,nan,nan,nan,0.000000000,2.321626991,1.596045971,0.009571086,0.016586040,1.700624009,0,0.500000000
347.599454641,19968,5789,0,13457,6511,14175,483,80,79,45,34,8775,5400,307,176,2.522746584,1.892186148,15.164061750,106.767847347,41.553497314,9,1.000000000,nan,nan,0.000000000,2.909609990,1.585431048,0.008722069,0.017924001,1.682789996,0,0.500000000
347.699433088,19968,5758,0,13606,6362,14206,475,74,74,42,32,9030,5176,311,164,2.495245870,1.953422675,12.673252831,106.126158241,nan,1,nan,nan,nan,0.000000000,2.802425995,1.533966977,0.007914030,0.015792029,1.634030021,0,0.500000000
347.798916578,20064,5808,0,13673,6391,14252,478,92,86,50,36,8978,5274,308,170,2.501898024,1.881290528,18.584117743,106.806503249,15.874385834,30,1.000000000,nan,nan,0.000000000,3.248333000,1.643442025,0.009810959,0.023597968,1.744113979,0,0.500000000
347.898959637,20064,5824,0,13708,6356,14236,475,80,78,50,28,9065,5171,309,166,2.525889446,1.966939299,13.599150861,121.348355967,6.419420242,20,0.000000000,nan,nan,0.000000000,2.863426984,1.564331993,0.008829986,0.022311986,1.660602051,0,0.500000000
347.999108553,19968,5834,0,13608,6360,14130,481,79,72,41,31,8886,5244,307,174,2.531399209,1.896109817,13.827338795,103.522716150,8.169174194,22,0.000000000,nan,nan,0.000000000,3.569777997,1.620322990,0.008552044,0.018345017,1.718270010,0,0.500000000
348.099148273,19872,5912,0,13543,6329,13956,473,71,69,43,26,8841,5115,308,165,2.497364547,1.974558442,8.989930742,120.111317586,6.318569183,2,0.000000000,nan,nan,0.000000000,2.901269007,1.569450018,0.007819035,0.014707970,1.663551026,0,0.500000000
348.201547623,19872,5861,0,13497,6375,14007,479,68,67,42,25,8802,5205,310,169,2.506674391,1.829444179,11.242511732,95.320414679,7.939338684,20,0.000000000,nan,nan,0.000000000,2.884109039,1.559899014,0.007413968,0.023099012,1.651705999,0,0.500000000
348.299602747,19872,5968,0,13557,6315,13900,474,76,70,41,29,8813,5087,308,166,2.489186853,1.926861411,12.665344229,102.373787026,6.268501282,13,0.000000000,nan,nan,0.000000000,2.859870030,1.560011937,0.008309027,0.027964008,1.663959993,0,0.500000000
348.498950958,19968,6081,0,13639,6329,13883,474,75,70,44,26,8765,5118,304,170,2.501926155,1.972537211,11.532540584,105.338848122,nan,1,nan,nan,nan,0.000000000,2.823606017,1.585485996,0.008450064,0.053132011,1.686203992,0,0.500000000
348.598923206,20064,5862,0,13644,6420,14198,475,76,83,48,35,8997,5201,311,164,2.493137410,1.898713492,13.116669304,105.129967421,18.918275833,3,1.000000000,nan,nan,0.000000000,2.807204961,1.571890898,0.008868927,0.020437990,1.669560967,0,0.500000000
348.699164152,19968,6052,0,13692,6276,14198,475,85,85,52,33,8997,5201,311,164,2.493137410,1.898713492,15.142013262,104.178427158,nan,nan,nan,nan,nan,0.000000000,2.188893966,1.569557993,0.009168056,0.020520994,1.671453996,0,0.500000000
348.799262047,20064,5840,0,13746,6318,14220,473,73,74,45,29,9102,5118,310,163,2.524660145,1.954342985,14.170721331,84.537664916,127.101659775,2,1.000000000,nan,nan,0.000000000,2.770766965,1.568491978,0.008502044,0.016693026,1.669819001,0,0.500000000
348.899184227,19968,6036,0,13714,6254,14220,473,75,72,45,27,9102,5118,310,163,2.524660145,1.954342985,12.101380679,76.593504331,nan,nan,nan,nan,nan,0.000000000,2.181952994,1.547956956,0.008771953,0.019781000,1.649437007,0,0.500000000
348.999093533,19200,5738,0,13025,6175,13458,475,69,76,45,31,8494,4964,313,162,2.421197668,1.877817924,12.131034814,79.217675937,19.725322723,9,1.000000000,nan,nan,0.000000000,2.831212943,1.564853010,0.008305884,0.022219028,1.664230949,0,0.500000000
349.199407578,20064,5970,0,13651,6413,14090,479,78,73,45,28,8972,5118,314,165,2.483696284,1.961302034,10.859377109,84.625629635,nan,1,nan,nan,nan,0.000000000,2.894689038,1.584654965,0.009127078,0.020710984,1.689997036,0,0.500000000
349.299263000,19968,5949,0,13569,6399,14015,475,76,75,44,31,8793,5222,309,166,2.524532658,1.857390569,12.865242014,88.758186249,39.823293686,8,1.000000000,nan,nan,0.000000000,3.082562005,1.659033995,0.008906005,0.019698986,1.773568976,0,0.500000000
349.498957396,19680,5795,0,13393,6287,13881,469,74,66,34,32,8764,5117,303,166,2.515756527,1.830993489,12.470633145,93.628731978,nan,1,nan,nan,nan,0.000000000,2.719802025,1.560009958,0.007766997,0.028053008,1.653279003,0,0.500000000
349.699054718,19968,5905,0,13614,6354,13881,469,71,71,36,35,8764,5117,303,166,2.515756527,1.830993489,14.110312660,88.416590079,nan,nan,nan,nan,nan,0.000000000,2.182999044,1.554789953,0.007844064,0.020082982,1.652056002,0,0.500000000
349.799106836,19968,5851,0,13602,6366,14113,477,74,78,44,34,8945,5168,311,166,2.551903988,1.977715971,12.835129921,112.172206073,6.093502045,6,0.000000000,nan,nan,0.000000000,3.637565009,2.015955979,0.010610966,0.023549015,2.132419031,0,0.500000000
350.198959112,19968,6089,0,13678,6290,13875,487,81,74,38,36,8796,5079,312,175,2.554474043,1.926123027,12.183542689,103.341256565,60.237646103,36,1.000000000,nan,nan,0.000000000,3.210168041,1.715652004,0.009522948,0.033741992,1.825076004,0,0.500000000
350.398970842,19968,6146,0,13703,6265,13818,484,77,84,52,32,8748,5070,313,171,2.577077253,1.939515109,15.900641600,119.445597939,nan,1,nan,nan,nan,0.000000000,2.929695998,1.723658992,0.009701063,0.030442956,1.832143986,0,0.500000000
350.499005318,20064,5780,0,13631,6433,13818,484,87,86,55,31,8748,5070,313,171,2.577077253,1.939515109,18.748187285,121.977461969,nan,nan,nan,nan,nan,0.000000000,2.183892997,1.586997998,0.009451003,0.022605993,1.693110040,0,0.500000000
350.599029064,19968,6162,0,13781,6187,13818,484,89,91,58,33,8748,5070,313,171,2.577077253,1.939515109,19.412333138,124.321055512,nan,nan,nan,nan,nan,0.000000000,2.169630025,1.588881016,0.009702111,0.025179004,1.693152008,0,0.500000000
350.699473381,20064,5673,0,13674,6390,14387,478,86,80,49,31,9235,5152,315,163,2.511765120,1.962205206,12.887086200,83.440343427,15.414476395,3,1.000000000,nan,nan,0.000000000,3.944295982,2.318052051,0.013634970,0.038001977,2.467905986,0,0.500000000
350.799144745,19968,5993,0,13677,6291,13971,487,79,87,55,32,8889,5082,319,168,2.576165776,1.908182236,17.935433513,78.697240685,5.769729614,5,0.000000000,nan,nan,0.000000000,2.783605014,1.590327010,0.008877891,0.033298973,1.684333023,0,0.500000000
350.899091244,20064,5575,0,13472,6592,14485,480,78,81,49,32,9125,5360,311,169,2.536114780,1.960473885,16.033082119,63.096724455,40.161609650,4,1.000000000,nan,nan,0.000000000,3.064141027,1.750868105,0.009687035,0.027336006,1.863235957,0,0.500000000
350.999036789,19584,5379,0,13197,6387,14485,480,83,85,52,33,9125,5360,311,169,2.536114780,1.960473885,16.168162998,82.844983816,nan,nan,nan,nan,nan,0.000000000,2.254762978,1.590926084,0.009335927,0.024629000,1.692324004,0,0.500000000
351.199014664,19872,5689,0,13529,6343,14179,483,86,83,48,35,9065,5114,308,175,2.535559901,1.980113612,14.309921094,114.906420875,46.734333038,31,1.000000000,nan,nan,0.000000000,3.115044965,1.616409048,0.010826974,0.024908979,1.723447000,0,0.500000000
351.299067736,19968,5801,0,13416,6552,14163,484,72,78,41,37,8845,5318,304,180,2.581053304,2.082396934,13.754343675,111.181653390,9.145975113,18,0.000000000,nan,nan,0.000000000,2.891267999,1.590129978,0.008889998,0.022308959,1.689700002,0,0.500000000
351.398959875,20064,6019,0,13615,6449,14041,473,67,72,43,29,8893,5148,301,172,2.563334353,2.278012048,11.399643380,87.953586041,39.987802505,7,1.000000000,nan,nan,0.000000000,2.929128997,1.549620007,0.008112926,0.019052008,1.650421007,0,0.500000000
351.499062300,19968,5999,0,13529,6439,13965,470,70,70,44,26,8820,5145,300,170,2.551745675,2.186940339,12.057557019,98.401490567,nan,1,nan,nan,nan,0.000000000,2.833358012,1.573020068,0.007693947,0.015526020,1.668406010,0,0.500000000
351.598888636,20064,6061,0,13702,6362,13999,485,76,78,42,36,8948,5051,311,174,2.527040864,2.214971769,13.454304954,85.271449673,69.645881653,4,1.000000000,nan,nan,0.000000000,2.885656955,1.619814022,0.008973933,0.016956008,1.716714993,0,0.500000000
351.698975801,19968,6054,0,13663,6305,13910,470,78,79,50,29,8868,5042,312,158,2.534997757,1.917437987,14.761329252,102.040974497,nan,1,nan,nan,nan,0.000000000,2.884743968,1.567418978,0.008884061,0.017288025,1.665021002,0,0.500000000
351.798969030,19968,6037,0,13698,6270,13927,465,75,74,46,28,8923,5004,307,158,2.532384297,2.064230039,12.978355900,87.619930531,99.864721298,4,1.000000000,nan,nan,0.000000000,2.854754974,1.549508015,0.008468051,0.014736957,1.646958990,0,0.500000000
351.898931742,20064,6063,0,13753,6311,13997,453,77,71,44,27,8967,5030,304,149,2.563551197,1.969872483,12.644529104,86.626473061,nan,1,nan,nan,nan,0.000000000,3.202549007,1.849742024,0.010284013,0.029393996,1.972361002,0,0.500000000
351.999038696,19968,5964,0,13625,6343,14000,463,69,71,42,29,8897,5103,309,154,2.556232089,2.159982391,10.575492933,105.276505469,50.623655319,6,1.000000000,nan,nan,0.000000000,2.832175000,1.535977994,0.008325034,0.017170969,1.634432003,0,0.500000000
352.099021196,19968,6045,0,13691,6277,13919,465,71,72,44,28,8923,4996,313,152,2.527132088,2.040724704,13.312027653,89.414910083,31.893014908,3,1.000000000,nan,nan,0.000000000,6.702587998,3.384441952,0.016602979,0.036176993,3.579027951,0,0.500000000
352.199096680,20064,6031,0,13561,6503,14029,464,67,70,46,24,8806,5223,310,154,2.554391331,2.055817411,12.970339545,75.066728197,nan,1,nan,nan,nan,0.000000000,3.487487033,1.784321037,0.008370960,0.014538004,1.886762970,0,0.500000000
352.299062967,19968,5982,0,13689,6279,14029,464,72,73,49,24,8806,5223,310,154,2.554391331,2.055817411,13.254980029,76.236313360,nan,nan,nan,nan,nan,0.000000000,2.114955976,1.502713072,0.008044066,0.013802957,1.597502967,0,0.500000000
352.398960590,20064,6036,0,13570,6494,14024,462,71,68,42,26,8746,5278,299,163,2.541327946,2.184568799,11.658664485,87.641922718,6.004095078,4,0.000000000,nan,nan,0.000000000,3.170565993,1.787086076,0.009444077,0.021903019,1.908559992,0,0.500000000
352.500706911,19968,5925,0,13743,6225,14039,470,63,64,41,23,9006,5033,316,154,2.481617943,2.277260784,9.400864274,79.561990123,nan,1,nan,nan,nan,0.000000000,3.022611025,1.613328990,0.007983006,0.018285005,1.718221989,0,0.500000000
352.598923206,19968,6018,0,13600,6368,14039,470,59,61,35,26,9006,5033,316,154,2.481617943,2.277260784,8.329374158,78.473397587,nan,nan,nan,nan,nan,0.000000000,2.142696001,1.508403919,0.007027935,0.015462982,1.601725002,0,0.500000000
352.698945284,19872,5923,0,13652,6220,13945,456,63,63,33,30,8946,4999,308,148,2.480861072,2.271662895,7.961514867,95.459670987,3.084897995,2,0.000000000,nan,nan,0.000000000,2.811237006,1.496092940,0.006985036,0.019034022,1.591088017,0,0.500000000
352.801572561,20160,6039,0,13904,6256,13945,456,60,59,32,27,8946,4999,308,148,2.480861072,2.271662895,7.298362317,94.470945033,nan,nan,nan,nan,nan,0.000000000,2.215709013,1.527504879,0.006855000,0.021671993,1.620803960,0,0.500000000
352.899747372,19968,6034,0,13812,6156,13945,456,60,60,33,27,8946,4999,308,148,2.480861072,2.271662895,7.309762940,96.063044157,nan,nan,nan,nan,nan,0.000000000,2.312575001,1.560203033,0.007280963,0.017928018,1.656562032,0,0.500000000
352.998886824,19968,6142,0,13914,6054,13822,463,75,76,47,29,8892,4930,306,157,2.525303636,2.267520604,13.034278017,108.017004940,nan,1,nan,nan,nan,0.000000000,2.709209977,1.509052003,0.008295989,0.023775036,1.606289996,0,0.500000000
353.099492311,20064,6608,0,14411,5653,13452,450,70,74,45,29,8954,4498,303,147,2.506235223,2.277736358,12.691518964,95.794742645,5.093812943,2,0.000000000,nan,nan,0.000000000,9.240643005,1.481107029,0.008351053,0.014839985,1.584618993,0,0.500000000
353.198974848,19968,7002,0,14567,5401,12962,429,58,63,43,20,8821,4141,310,119,2.497632951,1.988371507,10.174188073,91.852064991,nan,1,nan,nan,nan,0.000000000,2.550654986,1.412954996,0.007040042,0.016817008,1.506357978,0,0.500000000
353.300260305,20064,7245,0,14637,5427,12962,429,65,65,45,20,8821,4141,310,119,2.497632951,1.988371507,11.073897926,80.729195605,nan,nan,nan,nan,nan,0.000000000,1.935197972,1.376169093,0.007086026,0.015540980,1.471187046,0,0.500000000
353.399032116,19968,6994,0,14464,5504,12970,420,60,60,39,21,8800,4170,307,113,2.486091055,1.936162294,9.884155266,71.979820440,59.578657150,13,1.000000000,nan,nan,0.000000000,2.969630004,1.452183991,0.007087947,0.015743019,1.549136010,0,0.500000000
353.498931885,19968,6922,0,14527,5441,13042,423,71,69,42,27,8787,4255,308,115,2.497788771,2.269381687,10.831362518,75.813616314,nan,1,nan,nan,nan,0.000000000,2.595065045,1.402841997,0.007962051,0.013745041,1.499103033,0,0.500000000
353.598874569,19968,6628,0,14295,5673,13042,423,72,72,44,28,8787,4255,308,115,2.497788771,2.269381687,12.953924972,75.339121419,nan,nan,nan,nan,nan,0.000000000,2.040794003,1.408351061,0.008161995,0.013948011,1.505948021,0,0.500000000
353.698889732,20064,6835,0,14527,5537,13225,431,75,74,47,27,8959,4266,311,120,2.493925847,2.011282476,13.236010637,67.590050922,7.276058197,2,0.000000000,nan,nan,0.000000000,2.538361994,1.413536957,0.008296920,0.019712024,1.508527028,0,0.500000000
353.798936605,19968,6595,0,14314,5654,13369,437,67,71,48,23,9006,4363,318,119,2.500469890,1.988334481,10.565153056,74.223426250,nan,1,nan,nan,nan,0.000000000,2.571052988,1.407692034,0.007624913,0.017120969,1.502931991,0,0.500000000
353.898873806,19968,6865,0,14418,5550,13099,420,71,77,46,31,8850,4249,306,114,2.532049792,2.000417213,13.424215077,79.585919173,5.513429642,2,0.000000000,nan,nan,0.000000000,2.536576008,1.383326016,0.008295057,0.016237027,1.478635008,0,0.500000000
353.998926163,19968,6614,0,14356,5612,13099,420,78,77,46,31,8850,4249,306,114,2.532049792,2.000417213,13.666002019,72.763194432,nan,nan,nan,nan,nan,0.000000000,1.919204020,1.367184974,0.008549017,0.018272025,1.462939952,0,0.500000000
354.099034786,20064,6853,0,14315,5749,13099,420,76,76,45,31,8850,4249,306,114,2.532049792,2.000417213,13.546309792,72.720739571,nan,nan,nan,nan,nan,0.000000000,1.844073995,1.313830959,0.006247952,0.013874960,1.389382000,0,0.500000000
354.198945761,20064,6574,0,14264,5800,13099,420,76,77,46,31,8850,4249,306,114,2.532049792,2.000417213,13.562945883,74.033760661,nan,nan,nan,nan,nan,0.000000000,1.981453039,1.378001005,0.008886971,0.014597026,1.481368032,0,0.500000000
354.299015522,19968,6605,0,14234,5734,13359,442,66,70,42,28,8780,4579,307,135,2.517219381,2.024177149,11.766571243,72.943187209,39.408445358,7,1.000000000,nan,nan,0.000000000,2.646028996,1.449039904,0.007463037,0.034901022,1.543339982,0,0.500000000
354.399154663,19488,5836,0,13632,5856,13648,452,71,73,45,28,8977,4671,303,149,2.496967288,2.301335537,13.815902482,74.827903921,19.919157028,2,1.000000000,nan,nan,0.000000000,2.715140989,1.537091041,0.009290932,0.021273969,1.641251030,0,0.500000000
354.699658632,19872,5550,0,13358,6514,14318,491,79,77,43,34,8776,5542,309,182,2.542225599,1.934138672,11.632290565,97.043392093,20.121097565,27,1.000000000,nan,nan,0.000000000,4.613256024,2.601221029,0.013822981,0.034906028,2.754911955,0,0.500000000
354.799137115,19968,5141,0,13312,6656,14823,483,79,81,47,34,8948,5875,304,179,2.514508889,2.011001224,13.917975028,98.305606427,35.198211670,6,1.000000000,nan,nan,0.000000000,3.262857033,1.909095969,0.010796008,0.028765993,2.030470001,0,0.500000000
354.899001598,19680,4843,0,12857,6823,14823,483,80,83,48,35,8948,5875,304,179,2.514508889,2.011001224,14.719918923,82.249562564,nan,nan,nan,nan,nan,0.000000000,2.256289008,1.604765013,0.009379000,0.020841951,1.710490964,0,0.500000000
354.999049902,20352,4603,0,13378,6974,14823,483,82,85,49,36,8948,5875,304,179,2.514508889,2.011001224,15.187742871,85.676362435,nan,nan,nan,nan,nan,0.000000000,2.298364008,1.642922929,0.009344018,0.023656001,1.744412992,0,0.500000000
355.098933458,19968,4349,0,12872,7096,15615,506,81,85,45,40,8852,6763,300,206,2.529829516,1.728001708,13.220942992,81.307116971,8.495092392,26,0.000000000,nan,nan,0.000000000,3.042540047,1.646581048,0.008996984,0.018318009,1.743689005,0,0.500000000
355.199105024,20064,4413,0,12924,7140,15647,510,79,82,43,39,8784,6863,303,207,2.555457132,1.700762530,13.015396462,90.096505571,7.824659348,19,0.000000000,nan,nan,0.000000000,4.446087987,2.558672975,0.010731979,0.023817003,2.710310975,0,0.500000000
355.301022530,19872,4089,0,12753,7119,15779,516,88,83,46,37,8865,6914,313,203,2.538756655,1.676950324,14.770206734,107.757458430,6.381988525,4,0.000000000,nan,nan,0.000000000,3.417411004,1.797914098,0.010428019,0.023053028,1.905399025,0,0.500000000
355.398883581,20160,4128,0,12725,7435,16028,515,72,77,42,35,8752,7276,309,206,2.573571758,1.665617596,13.568163533,104.706703057,8.422613144,26,0.000000000,nan,nan,0.000000000,3.319362993,1.767895999,0.008760020,0.022502965,1.878630952,0,0.500000000
355.499158144,20064,3714,0,12611,7453,16346,510,82,84,47,37,9017,7329,312,198,2.536730351,1.669264784,13.933440380,99.753270911,5.840301514,4,0.000000000,nan,nan,0.000000000,3.209576011,1.703867048,0.009350013,0.020310981,1.803659019,0,0.500000000
355.598916292,19968,3963,0,12662,7306,16001,509,82,83,48,35,8787,7214,313,196,2.577200349,1.621687094,13.020705026,94.343673663,20.111799240,4,1.000000000,nan,nan,0.000000000,3.119276022,1.726982940,0.009511015,0.021660002,1.833859948,0,0.500000000
355.698883772,19968,3509,0,12585,7383,16455,510,82,82,50,32,9149,7306,313,197,2.516995136,1.609600244,13.511111321,111.610412422,39.683818817,5,1.000000000,nan,nan,0.000000000,3.098229005,1.692856953,0.008785981,0.021659012,1.793811971,0,0.500000000
355.798821449,20064,3791,0,12678,7386,16269,511,80,81,47,34,8954,7315,313,198,2.558071798,1.555272975,12.706382985,87.801395020,40.424585342,9,1.000000000,nan,nan,0.000000000,3.332861001,1.823458064,0.009012001,0.023978006,1.927517005,0,0.500000000
355.898972273,19680,3099,0,12057,7623,16269,511,85,90,56,34,8954,7315,313,198,2.558071798,1.555272975,13.977043172,112.667424474,nan,nan,nan,nan,nan,0.000000000,2.530771017,1.801406033,0.010765041,0.019498984,1.918481954,0,0.500000000
356.001606226,19488,3196,0,12188,7300,16288,498,89,79,42,37,9062,7226,305,193,2.538550994,1.553912164,12.654694466,85.969063542,5.076646805,2,0.000000000,nan,nan,0.000000000,3.112060018,1.678085886,0.009876094,0.026441994,1.779435959,0,0.500000000
356.098802805,20448,3679,0,12585,7863,16765,509,80,84,44,40,8977,7788,308,201,2.552756110,1.599117591,13.185698572,88.131194223,nan,1,nan,nan,nan,0.000000000,3.237526049,1.717503997,0.008892966,0.023258966,1.817218028,0,0.500000000
356.198917150,20064,3755,0,12795,7269,16305,495,72,75,38,37,9107,7198,303,192,2.517163790,1.582567701,12.496567638,89.061349625,75.176239014,4,1.000000000,nan,nan,0.000000000,3.690969024,2.235972963,0.009801006,0.038319035,2.356650017,0,0.500000000
356.298945189,19872,3518,0,12241,7631,16305,495,77,71,38,33,9107,7198,303,192,2.517163790,1.582567701,12.240008048,84.849227365,nan,nan,nan,nan,nan,0.000000000,3.607182007,2.567771997,0.010041927,0.034636003,2.721365017,0,0.500000000
356.498999357,19968,3683,0,12419,7549,16281,497,79,75,37,38,8807,7474,297,200,2.559509792,1.559107095,13.937999713,101.808253384,104.454040527,9,1.000000000,nan,nan,0.000000000,3.091628023,1.672875951,0.008570030,0.021189975,1.771815005,0,0.500000000
356.798927307,19968,3762,0,12547,7421,16202,518,88,85,48,37,8859,7343,313,205,2.543379695,1.583918484,15.105096801,115.208825956,229.960203171,3,1.000000000,nan,nan,0.000000000,3.233525029,1.747128030,0.009579991,0.018254970,1.850064029,0,0.500000000
356.999130726,19872,3741,0,12491,7381,16202,518,83,86,47,39,8859,7343,313,205,2.543379695,1.583918484,15.284866748,109.736842740,nan,nan,nan,nan,nan,0.000000000,2.851209021,1.960854977,0.010066142,0.021369953,2.074746008,0,0.500000000
357.099105835,20064,3805,0,12761,7303,16255,499,84,74,47,27,9023,7232,310,189,2.537776510,1.574340323,11.796818801,79.028942663,79.274654388,3,1.000000000,nan,nan,0.000000000,3.097036039,1.689190918,0.008736039,0.022763037,1.787898014,0,0.500000000
357.198859692,19968,3690,0,12487,7481,16255,499,76,83,52,31,9023,7232,310,189,2.537776510,1.574340323,13.929086620,101.048534544