1768827180.254699469 -0.006787 0.011659 -0.006813 -0.000834 0.139276 -0.002331 0.990250
1768827180.355220795 -0.006955 0.012149 -0.006092 -0.001090 0.139201 -0.002225 0.990261
1768827180.454470396 -0.007390 0.012311 -0.006327 -0.000990 0.139545 -0.001985 0.990213
1768827180.554340124 -0.007446 0.012284 -0.006080 -0.000984 0.139432 -0.002162 0.990229
1768827180.654942274 -0.007479 0.012252 -0.006138 -0.001045 0.139481 -0.002137 0.990222
1768827180.756060600 -0.007563 0.012196 -0.006196 -0.001055 0.139378 -0.002133 0.990236
1768827180.855964899 -0.007436 0.012210 -0.006197 -0.001109 0.139429 -0.002115 0.990229
1768827180.955905437 -0.007257 0.012301 -0.006079 -0.000993 0.139447 -0.002173 0.990227
1768827181.055846930 -0.007114 0.012116 -0.006097 -0.001074 0.139429 -0.002170 0.990229
1768827181.157008648 -0.007113 0.011896 -0.006203 -0.001045 0.139365 -0.002080 0.990238
1768827181.254488707 -0.007124 0.011971 -0.006097 -0.001139 0.139270 -0.002152 0.990251
1768827181.354709387 -0.007273 0.012166 -0.006095 -0.000841 0.139419 -0.002065 0.990231
1768827181.454731464 -0.007210 0.012081 -0.005972 -0.000826 0.139278 -0.002161 0.990251
1768827181.554767609 -0.007177 0.011853 -0.006229 -0.000950 0.139245 -0.002106 0.990255
1768827181.654459238 -0.006899 0.011733 -0.006118 -0.000853 0.139264 -0.002153 0.990253
1768827181.754997969 -0.006904 0.011732 -0.006250 -0.000847 0.139240 -0.002166 0.990256
1768827181.856832027 -0.006878 0.011941 -0.006286 -0.000857 0.139257 -0.002233 0.990253
1768827181.956750870 -0.006960 0.012001 -0.006452 -0.000872 0.139310 -0.002108 0.990246
1768827182.054591894 -0.007085 0.011979 -0.006306 -0.000915 0.139341 -0.002155 0.990242
1768827182.155829668 -0.007175 0.012103 -0.006453 -0.000813 0.139234 -0.002208 0.990257
1768827182.254608154 -0.007090 0.011961 -0.006507 -0.000876 0.139268 -0.002147 0.990252
1768827182.354592562 -0.006995 0.011817 -0.006448 -0.000970 0.139145 -0.002148 0.990269
1768827182.456450939 -0.007059 0.011681 -0.006498 -0.000905 0.139023 -0.002140 0.990286
1768827182.555350065 -0.007066 0.011671 -0.006474 -0.000917 0.138860 -0.002178 0.990309
1768827182.654907703 -0.007029 0.011722 -0.006517 -0.001056 0.138642 -0.002110 0.990340
1768827182.754527569 -0.006992 0.011781 -0.006697 -0.001020 0.138347 -0.002103 0.990381
1768827182.855058908 -0.006967 0.011812 -0.006525 -0.001178 0.138585 -0.001947 0.990348
1768827182.954956055 -0.006909 0.011913 -0.006642 -0.001074 0.138418 -0.002146 0.990371
1768827183.054423571 -0.007053 0.011892 -0.006653 -0.001204 0.138236 -0.002213 0.990396
1768827183.156018257 -0.006847 0.011950 -0.006753 -0.001308 0.137886 -0.002293 0.990445
1768827183.255959034 -0.006243 0.011709 -0.006914 -0.001225 0.138043 -0.002730 0.990422
1768827183.354496002 -0.006273 0.011605 -0.006619 -0.001032 0.138800 -0.002344 0.990317
1768827183.455145836 -0.006310 0.011691 -0.006548 -0.000927 0.139069 -0.002433 0.990279
1768827183.555306911 -0.006394 0.011745 -0.006426 -0.000898 0.139137 -0.002465 0.990270
1768827183.654922247 -0.006467 0.011816 -0.006537 -0.000866 0.139260 -0.002380 0.990253
1768827183.754652023 -0.006465 0.011811 -0.006517 -0.000886 0.139242 -0.002330 0.990255
1768827183.856890202 -0.006677 0.011844 -0.006500 -0.000841 0.139262 -0.002368 0.990252
1768827183.955363512 -0.006682 0.011881 -0.006482 -0.000967 0.139230 -0.002368 0.990257
1768827184.055150986 -0.006941 0.011930 -0.006364 -0.000862 0.139221 -0.002354 0.990258
1768827184.154880762 -0.006917 0.011757 -0.006392 -0.000953 0.139224 -0.002432 0.990257
1768827184.254664660 -0.006760 0.011777 -0.006592 -0.000874 0.139232 -0.002411 0.990257
1768827184.354436159 -0.006786 0.011846 -0.006530 -0.000988 0.139165 -0.002302 0.990266
1768827184.453961849 -0.006782 0.012082 -0.006423 -0.000874 0.139155 -0.002419 0.990267
1768827184.555216312 -0.007007 0.012045 -0.006459 -0.000901 0.139200 -0.002469 0.990261
1768827184.655282497 -0.006931 0.011946 -0.006489 -0.000806 0.139219 -0.002470 0.990258
1768827184.754909992 -0.006807 0.011969 -0.006562 -0.000758 0.139279 -0.002403 0.990250
1768827184.854327679 -0.006852 0.011927 -0.006452 -0.000784 0.139196 -0.002335 0.990262
1768827184.954905033 -0.006945 0.011912 -0.006454 -0.000850 0.139300 -0.002437 0.990247
1768827185.054410934 -0.007162 0.012028 -0.006477 -0.000876 0.139283 -0.002365 0.990249
1768827185.154602528 -0.007130 0.012025 -0.006549 -0.000857 0.139259 -0.002403 0.990253
1768827185.254420519 -0.007155 0.012068 -0.006551 -0.001012 0.139244 -0.002403 0.990255
1768827185.354490042 -0.007166 0.011939 -0.006527 -0.000895 0.139205 -0.002417 0.990260
1768827185.454675913 -0.007179 0.011941 -0.006500 -0.001006 0.139195 -0.002266 0.990262
1768827185.556011915 -0.007017 0.011868 -0.006386 -0.000910 0.139342 -0.002367 0.990241
1768827185.654589891 -0.007136 0.011872 -0.006340 -0.001044 0.139329 -0.002241 0.990243
1768827185.754431486 -0.007211 0.011861 -0.006304 -0.000902 0.139294 -0.002318 0.990248
1768827185.854990721 -0.007080 0.011740 -0.006309 -0.000960 0.139260 -0.002389 0.990253
1768827185.955039501 -0.006942 0.011721 -0.006269 -0.000913 0.139269 -0.002326 0.990251
1768827186.055942059 -0.006983 0.011717 -0.006313 -0.000972 0.139299 -0.002286 0.990247
1768827186.154858589 -0.007020 0.011516 -0.006256 -0.000894 0.139318 -0.002278 0.990245
1768827186.254843473 -0.006966 0.011509 -0.006305 -0.000985 0.139260 -0.002321 0.990253
1768827186.354867220 -0.007100 0.011499 -0.006378 -0.000924 0.139313 -0.002269 0.990245
1768827186.454474211 -0.006983 0.011653 -0.006371 -0.000939 0.139362 -0.002311 0.990238
1768827186.554725647 -0.006902 0.011562 -0.006487 -0.001005 0.139278 -0.002341 0.990250
1768827186.654896498 -0.006813 0.011602 -0.006385 -0.000866 0.139371 -0.002303 0.990237
1768827186.754838705 -0.006843 0.011633 -0.006363 -0.000889 0.139270 -0.002351 0.990251
1768827186.854504108 -0.006933 0.011820 -0.006226 -0.000745 0.139328 -0.002388 0.990243
1768827186.954493999 -0.007128 0.011967 -0.006284 -0.000776 0.139310 -0.002390 0.990246
1768827187.054519653 -0.007226 0.011947 -0.006244 -0.000823 0.139299 -0.002375 0.990247
1768827187.154900074 -0.007252 0.011909 -0.006326 -0.000778 0.139261 -0.002346 0.990253
1768827187.255102396 -0.007099 0.011861 -0.006265 -0.000845 0.139259 -0.002359 0.990253
1768827187.354609966 -0.006828 0.011856 -0.006418 -0.000862 0.139244 -0.002314 0.990255
1768827187.454666138 -0.006777 0.011898 -0.006373 -0.000783 0.139309 -0.002338 0.990246
1768827187.554501534 -0.006870 0.011822 -0.006576 -0.000871 0.139292 -0.002412 0.990248
1768827187.654015779 -0.007013 0.011796 -0.006478 -0.000918 0.139268 -0.002319 0.990252
1768827187.755318165 -0.007096 0.011858 -0.006465 -0.000831 0.139241 -0.002457 0.990255
1768827187.854122400 -0.007162 0.011855 -0.006450 -0.000814 0.139275 -0.002411 0.990250
1768827187.954841375 -0.007020 0.011807 -0.006430 -0.000829 0.139289 -0.002433 0.990248
1768827188.054473877 -0.006894 0.011785 -0.006522 -0.000787 0.139286 -0.002449 0.990249
1768827188.154987097 -0.006672 0.011935 -0.006422 -0.000854 0.139251 -0.002365 0.990254
1768827188.255045891 -0.006567 0.011959 -0.006561 -0.000824 0.139289 -0.002466 0.990248
1768827188.354879379 -0.006552 0.011859 -0.006640 -0.000812 0.139262 -0.002440 0.990252
1768827188.455072403 -0.006572 0.011705 -0.006479 -0.000909 0.139287 -0.002388 0.990249
1768827188.554913044 -0.006661 0.011654 -0.006520 -0.000940 0.139239 -0.002440 0.990255
1768827188.654794455 -0.006634 0.011694 -0.006473 -0.000794 0.139313 -0.002405 0.990245
1768827188.756028414 -0.006785 0.011913 -0.006461 -0.000911 0.139251 -0.002386 0.990254
1768827188.854693890 -0.006882 0.011950 -0.006277 -0.000872 0.139372 -0.002334 0.990237
1768827188.955294609 -0.006825 0.012047 -0.006223 -0.000901 0.139275 -0.002366 0.990250
1768827189.055869102 -0.006762 0.012004 -0.006241 -0.000872 0.139282 -0.002391 0.990250
1768827189.154847383 -0.006890 0.012045 -0.006109 -0.000903 0.139281 -0.002343 0.990250
1768827189.255237818 -0.006977 0.012236 -0.006201 -0.000867 0.139365 -0.002374 0.990238
1768827189.354889631 -0.007188 0.012201 -0.006380 -0.000898 0.139347 -0.002343 0.990240
1768827189.454945564 -0.007175 0.012224 -0.006233 -0.000861 0.139274 -0.002416 0.990251
1768827189.554415464 -0.007074 0.012297 -0.006268 -0.000811 0.139295 -0.002361 0.990248
1768827189.654546976 -0.006852 0.012467 -0.006218 -0.000875 0.139267 -0.002420 0.990252
1768827189.754652500 -0.007012 0.012300 -0.006485 -0.000868 0.139347 -0.002338 0.990241
1768827189.855004311 -0.007208 0.012242 -0.006354 -0.000893 0.139271 -0.002445 0.990251
1768827189.954744339 -0.007126 0.012146 -0.006390 -0.000866 0.139311 -0.002474 0.990245
1768827190.054948092 -0.007128 0.012152 -0.006250 -0.000898 0.139225 -0.002408 0.990257
1768827190.155023575 -0.007113 0.012189 -0.006348 -0.000870 0.139343 -0.002430 0.990241
1768827190.255478621 -0.007214 0.012042 -0.006325 -0.000975 0.139257 -0.002398 0.990253
1768827190.355858564 -0.007210 0.011994 -0.006356 -0.000931 0.139304 -0.002460 0.990246
1768827190.454445124 -0.007261 0.012083 -0.006170 -0.000980 0.139194 -0.002368 0.990262
1768827190.554477692 -0.007202 0.012135 -0.006162 -0.000867 0.139314 -0.002352 0.990245
1768827190.655560017 -0.007315 0.012166 -0.006286 -0.001015 0.139323 -0.002379 0.990244
1768827190.754950047 -0.007275 0.012216 -0.006147 -0.000964 0.139279 -0.002392 0.990250
1768827190.854790926 -0.006755 0.012346 -0.006251 -0.001075 0.139241 -0.002385 0.990255
1768827190.954594374 -0.004397 0.012246 -0.005854 -0.001486 0.138186 -0.002635 0.990402
1768827191.054989576 0.011021 0.011975 -0.006192 -0.001085 0.138914 -0.003071 0.990299
1768827191.155459166 0.030751 0.011593 -0.005669 -0.001073 0.138384 -0.003633 0.990371
1768827191.256034851 0.050867 0.010943 -0.005307 -0.000480 0.139100 -0.004348 0.990269
1768827191.354595661 0.069881 0.010616 -0.004901 -0.000824 0.138338 -0.004798 0.990373
1768827191.454999685 0.089372 0.010368 -0.005218 -0.000342 0.138993 -0.004761 0.990282
1768827191.554908276 0.108236 0.009684 -0.004977 -0.000848 0.138216 -0.005336 0.990387
1768827191.656889200 0.127845 0.008695 -0.004896 0.000867 0.138205 -0.010869 0.990344
1768827191.754596472 0.146753 0.007475 -0.004308 0.002872 0.137852 -0.024938 0.990135
1768827191.854391098 0.165427 0.006517 -0.002877 0.006000 0.138364 -0.055882 0.988785
1768827191.954757214 0.178906 0.009902 0.002254 0.009840 0.138349 -0.080346 0.987070
1768827192.055279493 0.194634 0.008931 0.001600 0.013946 0.137487 -0.107192 0.984588
1768827192.154551744 0.211996 0.000278 0.001754 0.015762 0.137636 -0.113976 0.983777
1768827192.254495144 0.229725 -0.004786 0.002156 0.015783 0.137346 -0.114984 0.983700
1768827192.356861830 0.249449 -0.009933 0.002162 0.016363 0.136825 -0.115402 0.983714
1768827192.456871986 0.269056 -0.015570 0.000771 0.016286 0.136279 -0.116864 0.983619
1768827192.554702997 0.287099 -0.020717 -0.001572 0.017551 0.135403 -0.121132 0.983201
1768827192.655022860 0.305660 -0.025554 -0.001916 0.019458 0.135192 -0.133563 0.981583
1768827192.754552126 0.323500 -0.031870 -0.002514 0.022142 0.134757 -0.153053 0.978737
1768827192.855533123 0.339899 -0.038122 -0.002279 0.025424 0.133815 -0.176911 0.974756
1768827192.954957962 0.354663 -0.044543 -0.002169 0.029629 0.133113 -0.203855 0.969457
1768827193.054965496 0.368340 -0.051623 -0.002364 0.034008 0.131762 -0.235577 0.962281
1768827193.156024694 0.379858 -0.059200 -0.002441 0.039912 0.130659 -0.271585 0.952668
1768827193.254373312 0.389129 -0.066585 -0.001871 0.046015 0.128419 -0.311143 0.940522
1768827193.350594044 0.397065 -0.074128 -0.001484 0.052074 0.125942 -0.352703 0.925758
1768827193.454124928 0.404862 -0.082177 -0.001794 0.059465 0.123087 -0.400961 0.905839
1768827193.555016518 0.411982 -0.090710 -0.001780 0.066354 0.119942 -0.446865 0.884038
1768827193.655213356 0.421125 -0.103512 -0.001483 0.068844 0.118815 -0.460544 0.876951
1768827193.754624844 0.431447 -0.119537 -0.001603 0.067913 0.118877 -0.460445 0.877067
1768827193.854894161 0.441695 -0.135598 -0.001269 0.069067 0.118543 -0.460385 0.877054
1768827193.954235554 0.451835 -0.151452 -0.000793 0.068801 0.118485 -0.463561 0.875408
1768827194.054967642 0.461933 -0.168001 -0.000863 0.070421 0.118145 -0.472821 0.870358
1768827194.157617569 0.471592 -0.184547 -0.000548 0.073440 0.117049 -0.489419 0.861031
1768827194.254928827 0.479932 -0.200267 0.000024 0.075937 0.115189 -0.507564 0.850496
1768827194.356234074 0.488477 -0.217158 -0.000031 0.077948 0.113785 -0.516099 0.845351
1768827194.454989672 0.496904 -0.234090 0.000270 0.077412 0.114088 -0.516280 0.845249
1768827194.554541349 0.505181 -0.251813 0.000282 0.078585 0.113742 -0.516383 0.845125
1768827194.655890942 0.514105 -0.269499 0.000511 0.077692 0.114728 -0.516602 0.844940
1768827194.755076885 0.522555 -0.286820 0.000207 0.078389 0.114664 -0.516712 0.844817
1768827194.854982615 0.531051 -0.304338 0.000637 0.078008 0.115033 -0.518136 0.843930
1768827194.953806162 0.539074 -0.322124 0.000336 0.079655 0.115463 -0.525025 0.839448
1768827195.055817366 0.547073 -0.340263 0.000053 0.081562 0.114568 -0.538287 0.830945
1768827195.154462099 0.553578 -0.356936 0.000185 0.084176 0.112877 -0.555663 0.819397
1768827195.255906105 0.558718 -0.372748 0.000165 0.086947 0.110824 -0.577077 0.804450
1768827195.355533361 0.562382 -0.387653 0.000345 0.090492 0.108082 -0.601049 0.786682
1768827195.455884933 0.564683 -0.401514 0.001619 0.094874 0.105926 -0.627926 0.765171
1768827195.554552078 0.566005 -0.414895 0.001225 0.099219 0.102846 -0.656425 0.740733
1768827195.655305147 0.567265 -0.429837 0.001358 0.101202 0.100472 -0.673676 0.725137
1768827195.754760504 0.568204 -0.448994 0.001158 0.101721 0.100864 -0.674673 0.724082
1768827195.856269598 0.569337 -0.468118 0.001779 0.100652 0.099842 -0.675049 0.724023
1768827195.954638720 0.570516 -0.487359 0.001618 0.101062 0.100124 -0.675159 0.723824
1768827196.055106640 0.571454 -0.506576 0.001820 0.100398 0.099770 -0.675204 0.723924
1768827196.155240774 0.572235 -0.525815 0.001595 0.100405 0.099754 -0.675434 0.723710
1768827196.254546404 0.573195 -0.544434 0.001764 0.099984 0.099608 -0.675321 0.723894
1768827196.354566336 0.574164 -0.563819 0.001788 0.099714 0.099363 -0.675331 0.723956
1768827196.456008911 0.575018 -0.583406 0.001365 0.099978 0.099553 -0.675031 0.724173
1768827196.554700851 0.575602 -0.602114 0.001352 0.099646 0.098997 -0.677977 0.721538
1768827196.654864073 0.575990 -0.620744 0.001093 0.100615 0.098784 -0.685609 0.714184
1768827196.755043030 0.575850 -0.638899 0.001160 0.102998 0.097750 -0.698935 0.700947
1768827196.854491234 0.575321 -0.656085 0.001009 0.105559 0.095900 -0.715069 0.684351
1768827196.954892397 0.574123 -0.672098 0.000067 0.109100 0.093326 -0.734492 0.663257
1768827197.055798531 0.572287 -0.686024 -0.000200 0.111795 0.090454 -0.756453 0.638043
1768827197.155006170 0.569252 -0.698962 -0.000342 0.115383 0.086983 -0.779737 0.609205
1768827197.258024454 0.565342 -0.711463 -0.000565 0.119534 0.082661 -0.805371 0.574679
1768827197.354652166 0.560882 -0.723944 -0.000596 0.122640 0.078949 -0.823045 0.548929
1768827197.455880404 0.553177 -0.741185 -0.000278 0.121574 0.078078 -0.824957 0.546416
1768827197.554626465 0.545410 -0.758081 -0.000876 0.122365 0.078639 -0.824926 0.546205
1768827197.655038118 0.537326 -0.775582 -0.000714 0.120848 0.077615 -0.825410 0.545958
1768827197.755418062 0.529424 -0.793054 -0.000993 0.121919 0.078058 -0.825226 0.545935
1768827197.855342388 0.521796 -0.810292 -0.000792 0.120182 0.076959 -0.825298 0.546368
1768827197.954267502 0.513965 -0.827694 -0.001077 0.121206 0.077269 -0.824925 0.546660
1768827198.055133820 0.506126 -0.845273 -0.000803 0.119581 0.076403 -0.824865 0.547230
1768827198.154392242 0.498392 -0.863306 -0.001168 0.120113 0.076757 -0.824715 0.547291
1768827198.255631447 0.490779 -0.880797 -0.000883 0.118901 0.076360 -0.824680 0.547663
1768827198.355192423 0.482728 -0.898635 -0.001224 0.119059 0.076235 -0.824784 0.547490
1768827198.455178261 0.474956 -0.916250 -0.001090 0.118724 0.076654 -0.824977 0.547212
1768827198.556021452 0.467512 -0.934016 -0.001256 0.118139 0.076036 -0.825349 0.546864
1768827198.654380083 0.460189 -0.950893 -0.001488 0.118433 0.076898 -0.825338 0.546697
1768827198.755982161 0.452078 -0.968658 -0.001143 0.118177 0.075885 -0.825505 0.546641
1768827198.855888128 0.444248 -0.986634 -0.001183 0.118703 0.076495 -0.825314 0.546732
1768827198.954864502 0.436843 -1.003867 -0.000633 0.117740 0.075643 -0.825213 0.547210
1768827199.054999590 0.428762 -1.021864 -0.001147 0.118904 0.076213 -0.824732 0.547604
1768827199.154476166 0.420711 -1.039244 -0.000365 0.117381 0.075319 -0.824811 0.547938
1768827199.255033970 0.412547 -1.057321 -0.001023 0.118755 0.075994 -0.824543 0.547951
1768827199.354976892 0.405015 -1.074660 -0.000732 0.117597 0.075873 -0.824577 0.548167
1768827199.454892159 0.397295 -1.092323 -0.001124 0.118358 0.076175 -0.824668 0.547824
1768827199.554415226 0.389890 -1.109955 -0.001065 0.117326 0.076145 -0.824752 0.547924
1768827199.654983997 0.382130 -1.127908 -0.000734 0.117540 0.075653 -0.825064 0.547476
1768827199.755149364 0.374560 -1.145715 -0.000478 0.117012 0.075886 -0.825065 0.547556
1768827199.854493141 0.366619 -1.163525 0.000103 0.116945 0.075352 -0.825123 0.547557
1768827199.954957247 0.358577 -1.181200 -0.000213 0.117268 0.075756 -0.824810 0.547903
1768827200.055957556 0.350312 -1.198794 0.000269 0.116928 0.075211 -0.824605 0.548360
1768827200.154925585 0.342331 -1.216328 -0.000281 0.117830 0.075306 -0.824126 0.548872
1768827200.254584312 0.334431 -1.233953 0.000078 0.116777 0.074376 -0.824033 0.549364
1768827200.354449511 0.326704 -1.251931 -0.000457 0.118300 0.075017 -0.823755 0.549368
1768827200.454898596 0.319291 -1.269559 -0.000184 0.117394 0.074159 -0.823867 0.549511
1768827200.554994583 0.311610 -1.287616 -0.000512 0.119054 0.074908 -0.823764 0.549207
1768827200.654527664 0.304272 -1.305049 0.000186 0.117840 0.074221 -0.824184 0.548932
1768827200.755287647 0.296671 -1.323253 0.000018 0.119008 0.074571 -0.824115 0.548736
1768827200.855475426 0.289132 -1.341038 0.000165 0.118109 0.074469 -0.824296 0.548671
1768827200.956677437 0.281213 -1.359310 0.000121 0.119287 0.074860 -0.824078 0.548691
1768827201.054482698 0.273824 -1.377035 0.000375 0.119278 0.075361 -0.823817 0.549017
1768827201.156743050 0.265960 -1.395476 0.000664 0.119665 0.075054 -0.823395 0.549607
1768827201.254458427 0.258440 -1.413215 0.000588 0.120186 0.075862 -0.823001 0.549972
1768827201.354820490 0.250571 -1.431486 0.001122 0.119755 0.075518 -0.822895 0.550272
1768827201.455326319 0.243057 -1.449649 0.000622 0.120827 0.076451 -0.822557 0.550414
1768827201.554877043 0.235604 -1.467659 0.001032 0.120196 0.075909 -0.823110 0.549800
1768827201.656063557 0.227696 -1.485270 0.000614 0.121843 0.075761 -0.826503 0.544341
1768827201.754549265 0.219260 -1.501799 0.000341 0.123625 0.074578 -0.833951 0.532617
1768827201.854719400 0.210531 -1.517863 0.000457 0.125345 0.072719 -0.844533 0.515524
1768827201.955016851 0.201895 -1.532720 0.000489 -0.126910 -0.069795 0.857124 -0.494329
1768827202.054895878 0.193292 -1.545849 0.000601 -0.128925 -0.066159 0.871555 -0.468394
1768827202.155977488 0.184417 -1.557616 0.001205 -0.131657 -0.062345 0.887196 -0.437793
1768827202.256051540 0.175236 -1.567726 0.001034 -0.134842 -0.057168 0.903697 -0.402345
1768827202.354454279 0.165879 -1.576859 0.001138 -0.136841 -0.052065 0.918881 -0.366362
1768827202.454982042 0.152868 -1.588817 0.000857 -0.137253 -0.050650 0.922430 -0.357377
1768827202.554985523 0.138019 -1.601528 0.000423 -0.137622 -0.051426 0.922300 -0.357462
1768827202.654666424 0.122832 -1.614278 0.000882 -0.137111 -0.050964 0.922354 -0.357584
1768827202.755905151 0.107624 -1.627350 0.000842 -0.138136 -0.050953 0.921940 -0.358258
1768827202.854343653 0.093117 -1.639570 0.000986 -0.137385 -0.050817 0.921905 -0.358655
1768827202.955418587 0.078088 -1.652239 0.000865 -0.137830 -0.049436 0.923986 -0.353283
1768827203.054179430 0.062908 -1.664148 0.000576 -0.139293 -0.047836 0.928674 -0.340403
1768827203.154822588 0.047578 -1.675925 0.000145 -0.140518 -0.045470 0.935769 -0.320192
1768827203.255251408 0.032946 -1.686088 -0.000264 -0.141503 -0.042765 0.943641 -0.296126
1768827203.354918242 0.018503 -1.695122 -0.000692 -0.143178 -0.039157 0.951811 -0.268371
1768827203.454665661 0.003622 -1.704106 -0.000814 -0.143032 -0.036904 0.956668 -0.250932
1768827203.558479309 -0.014547 -1.713573 -0.000694 -0.143768 -0.036548 0.956809 -0.250025
1768827203.654979706 -0.031069 -1.722811 -0.000906 -0.143926 -0.037205 0.956763 -0.250010
1768827203.756961107 -0.048222 -1.732251 -0.000915 -0.144307 -0.036317 0.956666 -0.250295
1768827203.855179787 -0.065031 -1.741630 -0.001515 -0.143767 -0.037134 0.956567 -0.250862
1768827203.955022097 -0.082333 -1.750782 -0.001992 -0.144395 -0.036242 0.956442 -0.251108
1768827204.055280209 -0.099245 -1.760335 -0.002447 -0.143954 -0.037094 0.956451 -0.251202
1768827204.154660463 -0.116055 -1.769379 -0.003055 -0.144450 -0.035886 0.957765 -0.246032
1768827204.254909039 -0.132714 -1.778031 -0.003582 -0.144628 -0.034120 0.961141 -0.232653
1768827204.354410887 -0.149366 -1.785833 -0.003773 -0.145547 -0.031477 0.965797 -0.212279
1768827204.455244541 -0.165301 -1.792575 -0.003932 -0.146467 -0.028244 0.970720 -0.188289
1768827204.554906845 -0.180012 -1.797767 -0.003953 -0.146723 -0.024897 0.975968 -0.159185
1768827204.654447794 -0.194292 -1.801783 -0.004351 -0.147687 -0.019970 0.980815 -0.125666
1768827204.755552292 -0.208452 -1.805041 -0.003921 -0.147769 -0.014657 0.984992 -0.087974
1768827204.855563879 -0.223287 -1.807810 -0.003745 -0.147982 -0.011069 0.987120 -0.059777
1768827204.957626820 -0.242424 -1.809651 -0.003941 -0.147893 -0.011435 0.987245 -0.057832
1768827205.054991245 -0.260792 -1.811469 -0.003988 -0.148248 -0.010650 0.987221 -0.057479
1768827205.155204773 -0.280321 -1.813201 -0.003851 -0.147541 -0.011635 0.987314 -0.057508
1768827205.256268740 -0.300142 -1.815256 -0.004078 -0.147740 -0.010775 0.987302 -0.057374
1768827205.355909824 -0.320057 -1.817383 -0.004239 -0.147718 -0.011905 0.987296 -0.057314
1768827205.454999685 -0.339553 -1.819071 -0.004333 -0.147728 -0.010733 0.987299 -0.057461
1768827205.555352688 -0.358963 -1.820992 -0.004638 -0.147560 -0.011471 0.987320 -0.057385
1768827205.655129910 -0.378542 -1.822620 -0.005153 -0.147509 -0.010518 0.987334 -0.057466
1768827205.754401922 -0.397756 -1.824294 -0.005068 -0.147091 -0.010853 0.987400 -0.057331
1768827205.854554176 -0.417451 -1.825996 -0.004875 -0.147026 -0.010399 0.987431 -0.057062
1768827205.955165148 -0.436850 -1.828159 -0.005112 -0.147000 -0.010532 0.987446 -0.056831
1768827206.055192709 -0.456456 -1.829960 -0.005278 -0.147035 -0.010630 0.987459 -0.056496
1768827206.156329632 -0.476012 -1.831579 -0.005335 -0.147096 -0.010116 0.987510 -0.055538
1768827206.254832029 -0.495242 -1.832960 -0.005731 -0.147941 -0.009948 0.987713 -0.049378
1768827206.354552269 -0.514901 -1.834681 -0.005452 -0.147175 -0.008712 0.988150 -0.042689
1768827206.454238653 -0.534658 -1.836174 -0.005826 -0.148246 -0.008145 0.987998 -0.042629
1768827206.555374146 -0.554849 -1.837861 -0.005437 -0.147525 -0.008956 0.988088 -0.042870
1768827206.655525923 -0.574635 -1.839250 -0.005925 -0.148058 -0.008174 0.988006 -0.043094
1768827206.757309198 -0.594406 -1.840751 -0.006034 -0.147832 -0.009096 0.988026 -0.043207
1768827206.855306625 -0.613536 -1.842136 -0.006046 -0.147617 -0.008538 0.988072 -0.043017
1768827206.955057144 -0.632527 -1.843517 -0.006795 -0.147688 -0.009158 0.988054 -0.043053
1768827207.054612637 -0.651949 -1.844592 -0.006715 -0.147393 -0.008790 0.988102 -0.043036
1768827207.154412508 -0.671237 -1.845817 -0.007397 -0.148123 -0.009422 0.987982 -0.043167
1768827207.255866766 -0.691392 -1.847135 -0.007100 -0.147434 -0.009174 0.988102 -0.042826
1768827207.355243206 -0.710856 -1.848632 -0.007799 -0.148397 -0.009591 0.987943 -0.043067
1768827207.454789639 -0.730529 -1.849811 -0.007888 -0.147635 -0.009472 0.988052 -0.043226
1768827207.554034710 -0.749819 -1.850908 -0.008631 -0.148358 -0.009762 0.987926 -0.043550
1768827207.656020880 -0.769393 -1.852021 -0.008818 -0.147618 -0.009811 0.988014 -0.044067
1768827207.754711151 -0.788850 -1.853487 -0.009373 -0.148374 -0.009295 0.987897 -0.044249
1768827207.854694843 -0.807656 -1.854997 -0.009847 -0.147602 -0.009895 0.988004 -0.044304
1768827207.954504728 -0.827239 -1.856624 -0.010177 -0.148351 -0.009250 0.987909 -0.044068
1768827208.054100752 -0.845953 -1.858186 -0.010526 -0.147500 -0.010059 0.988026 -0.044125
1768827208.154615641 -0.864967 -1.859249 -0.010907 -0.147934 -0.008942 0.988069 -0.041889
1768827208.255363941 -0.884294 -1.859786 -0.011425 -0.147924 -0.007878 0.988474 -0.031227
1768827208.355436563 -0.904024 -1.860154 -0.012219 -0.148311 -0.005597 0.988842 -0.012844
1768827208.455456257 -0.922815 -1.859583 -0.012739 -0.148510 -0.002501 0.988871 0.008509
1768827208.554652214 -0.941635 -1.859670 -0.012745 -0.147169 -0.001619 0.988931 0.018831
1768827208.654982090 -0.961065 -1.858871 -0.013461 -0.147633 -0.000590 0.988860 0.018953
1768827208.755443573 -0.980262 -1.858203 -0.013941 -0.147459 -0.001215 0.988889 0.018808
1768827208.855141163 -0.999158 -1.857282 -0.014133 -0.146983 -0.000967 0.988963 0.018617
1768827208.954454660 -1.017935 -1.856429 -0.015063 -0.147312 -0.001073 0.988913 0.018677
1768827209.055959702 -1.037383 -1.855220 -0.014997 -0.146312 -0.000469 0.989060 0.018759
1768827209.154993534 -1.056055 -1.854561 -0.015590 -0.147397 -0.000131 0.988895 0.018975
1768827209.254966021 -1.075003 -1.853852 -0.015729 -0.145883 -0.000448 0.989113 0.019328
1768827209.355238914 -1.094641 -1.853019 -0.016566 -0.147138 0.000243 0.988919 0.019763
1768827209.458263397 -1.114478 -1.852205 -0.016944 -0.145665 -0.000579 0.989130 0.020100
1768827209.554759979 -1.133298 -1.851360 -0.017132 -0.146551 0.000241 0.988998 0.020148
1768827209.654456615 -1.152552 -1.850458 -0.017310 -0.145470 -0.000224 0.989165 0.019755
1768827209.754472256 -1.171818 -1.849309 -0.017217 -0.145700 0.000315 0.989139 0.019382
1768827209.854577303 -1.190791 -1.848300 -0.017613 -0.144938 -0.000236 0.989261 0.018858
1768827209.955112457 -1.210345 -1.847365 -0.017629 -0.144796 0.000429 0.989281 0.018907
1768827210.054943800 -1.229211 -1.846428 -0.017848 -0.144982 0.000201 0.989251 0.019067
1768827210.154662848 -1.248342 -1.845188 -0.017876 -0.144587 0.000265 0.989308 0.019075
1768827210.255995274 -1.267797 -1.844304 -0.018234 -0.145160 0.000194 0.989222 0.019175
1768827210.354639053 -1.286932 -1.842947 -0.018550 -0.144435 -0.000052 0.989326 0.019301
1768827210.455031395 -1.306458 -1.842090 -0.019139 -0.145519 -0.000271 0.989162 0.019544
1768827210.555165529 -1.326402 -1.841113 -0.019023 -0.144610 -0.000017 0.989298 0.019404
1768827210.655067205 -1.345909 -1.840025 -0.019528 -0.145875 0.000122 0.989122 0.018917
1768827210.754652739 -1.365415 -1.839055 -0.019303 -0.144841 -0.000010 0.989284 0.018380
1768827210.856662989 -1.385984 -1.838111 -0.019940 -0.145681 0.000243 0.989169 0.017942
1768827210.954595089 -1.404922 -1.837557 -0.019945 -0.144855 -0.000040 0.989283 0.018363
1768827211.053947210 -1.424175 -1.836578 -0.020547 -0.145640 0.000402 0.989174 0.018013
1768827211.155110598 -1.443761 -1.835738 -0.020355 -0.144916 -0.000105 0.989280 0.017997
1768827211.254871368 -1.462927 -1.834764 -0.020704 -0.145535 0.000165 0.989187 0.018148
1768827211.354445696 -1.481874 -1.834175 -0.020807 -0.145429 -0.000277 0.989204 0.018074
1768827211.455119610 -1.501428 -1.833398 -0.021549 -0.145880 0.000324 0.989133 0.018280
1768827211.554557085 -1.520621 -1.832448 -0.022111 -0.146221 -0.000536 0.989083 0.018260
1768827211.656028509 -1.540250 -1.831468 -0.022369 -0.146077 0.000330 0.989110 0.017953
1768827211.754328012 -1.559265 -1.830507 -0.023140 -0.146701 -0.000241 0.989026 0.017504
1768827211.852302790 -1.578183 -1.829951 -0.022898 -0.146389 0.000084 0.989078 0.017200
1768827211.955665588 -1.598197 -1.829279 -0.023258 -0.147089 0.000446 0.988983 0.016665
1768827212.055064917 -1.617382 -1.827886 -0.022801 -0.146326 0.000150 0.989095 0.016752
1768827212.156015635 -1.637106 -1.826962 -0.023359 -0.147352 0.000817 0.988943 0.016691
1768827212.254482985 -1.656121 -1.826089 -0.023009 -0.146564 0.000485 0.989046 0.017535
1768827212.354970455 -1.675446 -1.824845 -0.022873 -0.146685 0.001889 0.988919 0.022797
1768827212.454499006 -1.695110 -1.823723 -0.023184 -0.147162 0.004174 0.988372 0.038038
1768827212.554584026 -1.713895 -1.821826 -0.022939 -0.146784 0.007250 0.987406 0.058575
1768827212.656599998 -1.731569 -1.819108 -0.022510 -0.146851 0.010500 0.985601 0.083157
1768827212.755154848 -1.747997 -1.815756 -0.022509 -0.145902 0.013830 0.983128 0.109453
1768827212.854881287 -1.765949 -1.811466 -0.022669 -0.146523 0.015094 0.982453 0.114410
1768827212.954823494 -1.784806 -1.807295 -0.022397 -0.145683 0.014926 0.982589 0.114336
1768827213.055794001 -1.803728 -1.802737 -0.023092 -0.146899 0.015219 0.982402 0.114343
1768827213.155195951 -1.822305 -1.798297 -0.022883 -0.145872 0.015052 0.982584 0.114122
1768827213.255762815 -1.841184 -1.793644 -0.023481 -0.147075 0.015296 0.982353 0.114529
1768827213.356419086 -1.859856 -1.789011 -0.023264 -0.146229 0.015284 0.982441 0.114859
1768827213.457742929 -1.879108 -1.784313 -0.023957 -0.147262 0.015304 0.982194 0.115647
1768827213.554688454 -1.897245 -1.779635 -0.023942 -0.146558 0.015324 0.982235 0.116191
1768827213.656328917 -1.916595 -1.774592 -0.024435 -0.146995 0.015411 0.982127 0.116539
1768827213.755562067 -1.934684 -1.769629 -0.024648 -0.146726 0.015625 0.982142 0.116721
1768827213.854436398 -1.953281 -1.764660 -0.024607 -0.146797 0.015509 0.982155 0.116542
1768827213.955175638 -1.972090 -1.759699 -0.025228 -0.147018 0.016046 0.982152 0.116215
1768827214.056046009 -1.991209 -1.754995 -0.025475 -0.146882 0.015458 0.982186 0.116179
1768827214.154978275 -2.009894 -1.750290 -0.026136 -0.147621 0.016334 0.982119 0.115688
1768827214.255061150 -2.028747 -1.745663 -0.026281 -0.146969 0.015577 0.982183 0.116080
1768827214.354998827 -2.047548 -1.740860 -0.026640 -0.148101 0.016327 0.981962 0.116407
1768827214.454434872 -2.066168 -1.736138 -0.026765 -0.147344 0.015939 0.982011 0.117008
1768827214.554738045 -2.084785 -1.731250 -0.027209 -0.148531 0.016267 0.981759 0.117574
1768827214.655329466 -2.103348 -1.726395 -0.027156 -0.147372 0.016424 0.981914 0.117711
1768827214.754520655 -2.122028 -1.721530 -0.027747 -0.148968 0.016250 0.981634 0.118061
1768827214.854472399 -2.140472 -1.716555 -0.027766 -0.147920 0.016321 0.981828 0.117754
1768827214.954602242 -2.159327 -1.711482 -0.028293 -0.149237 0.016091 0.981647 0.117638
1768827215.054966688 -2.177791 -1.706613 -0.028450 -0.148683 0.016460 0.981812 0.116909
1768827215.154995918 -2.196490 -1.701511 -0.029125 -0.149354 0.015815 0.981723 0.116888
1768827215.254787683 -2.214861 -1.696521 -0.029522 -0.149391 0.016423 0.981752 0.116517
1768827215.355239391 -2.233611 -1.691640 -0.030232 -0.149427 0.015755 0.981726 0.116778
1768827215.454998016 -2.252106 -1.686605 -0.030367 -0.150380 0.016342 0.981554 0.116918
1768827215.554528713 -2.270517 -1.681764 -0.030635 -0.149739 0.015862 0.981634 0.117141
1768827215.655749798 -2.289120 -1.677024 -0.031609 -0.151143 0.015824 0.981389 0.117390
1768827215.756726027 -2.307089 -1.672624 -0.031978 -0.149614 0.015189 0.981662 0.117151
1768827215.854546309 -2.324825 -1.667810 -0.032345 -0.150940 0.014948 0.981498 0.116856
1768827215.955964088 -2.343680 -1.663060 -0.032533 -0.149768 0.014981 0.981747 0.116270
1768827216.054953575 -2.362346 -1.658122 -0.033223 -0.150652 0.014473 0.981662 0.115908
1768827216.154354572 -2.380698 -1.653377 -0.033048 -0.149920 0.014703 0.981838 0.115332
1768827216.254975796 -2.399602 -1.648953 -0.033600 -0.150248 0.014077 0.981848 0.114896
1768827216.354544640 -2.417986 -1.644457 -0.033827 -0.150381 0.014428 0.981905 0.114192
1768827216.454574585 -2.437029 -1.640004 -0.034332 -0.150431 0.013932 0.981837 0.114772
1768827216.554298639 -2.455950 -1.635438 -0.035005 -0.150454 0.014012 0.981842 0.114692
1768827216.655955553 -2.475435 -1.630750 -0.035198 -0.150023 0.013424 0.981843 0.115310
1768827216.756029367 -2.495147 -1.625227 -0.035553 -0.150412 0.013576 0.981770 0.115411
1768827216.854870081 -2.513931 -1.620094 -0.035554 -0.149489 0.012736 0.981837 0.116136
1768827216.955127716 -2.532727 -1.614585 -0.036540 -0.150656 0.013163 0.981194 0.119948
1768827217.055039406 -2.550815 -1.609579 -0.036915 -0.150510 0.015609 0.979538 0.132698
1768827217.155197144 -2.568394 -1.604092 -0.036970 -0.150071 0.018378 0.976701 0.152305
1768827217.254837751 -2.584368 -1.598302 -0.037566 -0.149533 0.021692 0.972594 0.176721
1768827217.354553938 -2.598776 -1.592145 -0.038227 -0.148321 0.025425 0.966962 0.205763
1768827217.454506159 -2.611548 -1.585633 -0.038520 -0.147224 0.030084 0.959252 0.239283
1768827217.555253506 -2.622726 -1.578616 -0.038339 -0.145668 0.035632 0.949009 0.277295
1768827217.655044794 -2.631886 -1.571525 -0.038328 -0.143602 0.041335 0.936013 0.318668
1768827217.754606247 -2.639418 -1.564066 -0.038198 -0.141028 0.046899 0.919798 0.363157
1768827217.855072737 -2.645680 -1.556858 -0.038332 -0.137930 0.053455 0.899598 0.410904
1768827217.954518080 -2.650488 -1.549181 -0.038513 -0.134795 0.059629 0.876102 0.459042
1768827218.054453850 -2.655051 -1.540555 -0.038760 -0.131043 0.065888 0.850490 0.505127
1768827218.154708147 -2.661110 -1.528976 -0.039024 -0.128971 0.069779 0.834253 0.531525
1768827218.255054712 -2.668858 -1.511985 -0.039305 -0.129081 0.069717 0.833135 0.533257
1768827218.354846001 -2.676785 -1.494254 -0.039634 -0.129116 0.071221 0.832644 0.533816
1768827218.454350233 -2.684477 -1.476726 -0.040159 -0.129675 0.070285 0.832579 0.533907
1768827218.554622173 -2.692369 -1.458904 -0.040573 -0.129282 0.071473 0.832337 0.534221
1768827218.654930115 -2.700435 -1.440984 -0.041389 -0.129407 0.070283 0.832323 0.534371
1768827218.755227566 -2.708000 -1.423164 -0.040914 -0.128469 0.070983 0.832186 0.534718
1768827218.858249664 -2.716403 -1.404823 -0.040663 -0.128561 0.070709 0.832111 0.534849
1768827218.957109213 -2.724447 -1.386719 -0.040827 -0.128202 0.070838 0.832034 0.535037
1768827219.056173563 -2.732543 -1.368852 -0.040958 -0.128992 0.070856 0.832033 0.534848
1768827219.155082464 -2.740400 -1.351010 -0.040789 -0.128598 0.070326 0.832247 0.534679
1768827219.254697084 -2.748691 -1.333212 -0.041157 -0.129042 0.070854 0.832058 0.534796
1768827219.355009079 -2.757064 -1.314946 -0.041282 -0.128704 0.070055 0.832007 0.535063
1768827219.454615355 -2.765428 -1.296793 -0.041555 -0.128879 0.071248 0.831640 0.535433
1768827219.555932999 -2.773835 -1.278624 -0.041825 -0.129094 0.070357 0.831557 0.535628
1768827219.654761076 -2.781917 -1.260711 -0.041918 -0.128733 0.071597 0.831423 0.535758
1768827219.755180120 -2.790015 -1.242878 -0.042201 -0.128906 0.070411 0.831399 0.535911
1768827219.855504274 -2.798027 -1.224741 -0.042643 -0.128220 0.071319 0.831386 0.535976
1768827219.954810381 -2.806156 -1.206785 -0.042691 -0.128527 0.070371 0.831355 0.536077
1768827220.054791927 -2.814073 -1.188443 -0.042529 -0.128019 0.071089 0.831339 0.536128
1768827220.155335188 -2.821468 -1.169569 -0.039896 -0.129154 0.071282 0.829648 0.538445
1768827220.254694223 -2.828331 -1.149191 -0.033693 -0.132865 0.073171 0.822612 0.547998
1768827220.356271029 -2.834305 -1.134544 -0.028685 -0.131852 0.074680 0.811626 0.564182
1768827220.455124378 -2.837769 -1.113914 -0.027345 -0.125380 0.073828 0.795282 0.588521
1768827220.556887865 -2.845157 -1.101948 -0.024684 -0.122546 0.075738 0.774375 0.616109
1768827220.654973984 -2.848211 -1.086272 -0.027946 -0.119121 0.079555 0.751741 0.643713
1768827220.755217552 -2.851600 -1.076259 -0.027636 -0.116233 0.083663 0.730829 0.667367
1768827220.854912519 -2.854524 -1.059212 -0.026924 -0.111131 0.087869 0.726494 0.672410
1768827220.954802990 -2.855878 -1.042204 -0.035670 -0.111133 0.088788 0.726186 0.672622
1768827221.056019783 -2.856561 -1.020242 -0.041299 -0.111962 0.086472 0.725882 0.673114
1768827221.156775951 -2.856239 -0.999146 -0.041848 -0.112318 0.089091 0.725239 0.673406
1768827221.256160021 -2.856062 -0.978264 -0.044524 -0.112150 0.087672 0.724851 0.674038
1768827221.356088400 -2.857511 -0.959155 -0.047024 -0.111907 0.088717 0.724462 0.674359
1768827221.454853535 -2.860242 -0.940778 -0.045921 -0.110939 0.089110 0.724532 0.674393
1768827221.554981232 -2.862491 -0.923755 -0.040941 -0.109637 0.088959 0.725157 0.673953
1768827221.655135393 -2.861033 -0.904115 -0.038727 -0.110773 0.085611 0.725385 0.673956
1768827221.754539013 -2.858869 -0.884019 -0.037328 -0.109695 0.088465 0.725869 0.673242
1768827221.855073214 -2.863803 -0.864764 -0.037331 -0.109644 0.086561 0.725812 0.673559
1768827221.954901934 -2.865290 -0.848647 -0.032807 -0.109638 0.087180 0.725836 0.673455
1768827222.056182861 -2.866601 -0.828174 -0.033550 -0.109471 0.087346 0.725716 0.673590
1768827222.154799938 -2.866994 -0.810356 -0.034581 -0.111546 0.086489 0.725250 0.673861
1768827222.255661726 -2.867222 -0.791234 -0.034118 -0.111734 0.086648 0.725081 0.673992
1768827222.354658842 -2.867392 -0.768400 -0.039397 -0.110748 0.087799 0.724900 0.674200
1768827222.454979420 -2.868806 -0.748965 -0.040185 -0.109916 0.087724 0.725157 0.674070
1768827222.554475784 -2.871018 -0.732009 -0.039298 -0.111080 0.085685 0.724968 0.674345
1768827222.654763222 -2.871773 -0.712867 -0.039739 -0.111056 0.084924 0.725209 0.674186
1768827222.755040407 -2.874164 -0.693056 -0.047267 -0.111113 0.085848 0.725621 0.673616
1768827222.855126381 -2.870687 -0.671201 -0.046916 -0.110556 0.086577 0.725870 0.673346
1768827222.955132484 -2.873583 -0.650973 -0.048205 -0.111524 0.084916 0.725843 0.673427
1768827223.055023193 -2.875116 -0.632417 -0.046420 -0.110105 0.086206 0.725987 0.673341
1768827223.155113220 -2.877293 -0.612865 -0.040818 -0.109759 0.086447 0.726307 0.673022
1768827223.254971981 -2.880308 -0.591394 -0.033134 -0.110740 0.085331 0.727303 0.671927
1768827223.355247259 -2.885097 -0.575781 -0.033800 -0.110207 0.085905 0.724462 0.675004
1768827223.455030203 -2.884004 -0.559477 -0.059178 -0.112195 0.086759 0.718710 0.680692
1768827223.555093050 -2.878775 -0.539561 -0.076560 -0.112191 0.088409 0.704722 0.694956
1768827223.657844782 -2.878206 -0.520078 -0.060764 -0.107912 0.091504 0.687835 0.711945
1768827223.755059481 -2.877823 -0.502487 -0.048236 -0.103425 0.093680 0.669274 0.729795
1768827223.856266260 -2.877527 -0.488914 -0.033266 -0.097824 0.096054 0.648176 0.749047
1768827223.955121756 -2.879915 -0.482728 -0.021589 -0.093025 0.098819 0.622124 0.771066
1768827224.054944515 -2.877382 -0.471314 -0.026283 -0.091082 0.103801 0.587278 0.797517
1768827224.156015396 -2.870429 -0.463279 -0.028725 -0.082734 0.104411 0.546764 0.826621
1768827224.255361557 -2.866017 -0.450827 -0.031612 -0.078666 0.109743 0.512191 0.848191
1768827224.355677128 -2.854174 -0.432443 -0.048746 -0.076592 0.112826 0.504957 0.852304
1768827224.454561234 -2.845685 -0.416138 -0.044812 -0.075650 0.108781 0.504861 0.852971
1768827224.557384968 -2.838164 -0.399593 -0.045286 -0.075828 0.108011 0.504767 0.853108
1768827224.654571056 -2.828771 -0.379213 -0.049652 -0.075689 0.112192 0.504607 0.852676
1768827224.755449295 -2.816894 -0.359295 -0.053357 -0.075544 0.109286 0.503999 0.853425
1768827224.855350018 -2.813480 -0.351058 -0.027585 -0.075288 0.109393 0.503806 0.853548
1768827224.954852819 -2.803733 -0.332412 -0.029492 -0.075035 0.110311 0.503922 0.853384
1768827225.055058479 -2.787685 -0.310094 -0.048903 -0.074646 0.112235 0.503510 0.853410
1768827225.155032396 -2.777587 -0.289744 -0.052572 -0.077286 0.114117 0.502541 0.853497
1768827225.254907131 -2.766130 -0.268903 -0.069035 -0.077711 0.114582 0.502394 0.853482
1768827225.356828690 -2.759244 -0.256353 -0.050882 -0.076462 0.113127 0.502770 0.853568
1768827225.458344460 -2.752343 -0.245487 -0.020019 -0.077325 0.113072 0.502650 0.853568
1768827225.554902077 -2.741620 -0.227411 -0.031578 -0.077807 0.112883 0.503020 0.853332
1768827225.655063391 -2.732252 -0.212241 -0.033842 -0.075857 0.110005 0.502799 0.854013
1768827225.755113840 -2.725643 -0.199272 -0.012211 -0.076199 0.110072 0.502642 0.854066
1768827225.855143547 -2.715878 -0.183978 -0.016549 -0.074767 0.109590 0.502761 0.854184
1768827225.955076694 -2.705894 -0.163852 -0.021038 -0.079521 0.116889 0.501583 0.853480
1768827226.055192947 -2.691479 -0.143517 -0.012314 -0.079707 0.117388 0.501528 0.853427
1768827226.155817032 -2.681973 -0.126877 -0.010691 -0.079318 0.118157 0.501359 0.853455
1768827226.254936218 -2.674334 -0.111328 -0.015993 -0.074740 0.111480 0.502373 0.854171
1768827226.358552456 -2.666571 -0.095515 -0.028035 -0.074640 0.112363 0.502145 0.854198
1768827226.456099749 -2.654767 -0.077780 -0.033506 -0.074265 0.113205 0.502422 0.853956
1768827226.554088831 -2.644164 -0.062737 -0.038420 -0.074249 0.113107 0.502554 0.853893
1768827226.654917240 -2.639652 -0.044001 -0.036281 -0.073998 0.112902 0.505785 0.852032
1768827226.754879713 -2.632209 -0.028003 -0.044466 -0.073493 0.112667 0.503608 0.853396
1768827226.855811834 -2.621333 -0.012062 -0.037690 -0.073229 0.113447 0.497487 0.856898
1768827226.955421209 -2.608599 0.001411 -0.032314 -0.075556 0.117176 0.484337 0.863700
1768827227.054517984 -2.598987 0.019787 -0.031787 -0.069548 0.117897 0.466268 0.873989
1768827227.154913664 -2.590847 0.029606 -0.030538 -0.070634 0.119986 0.445066 0.884608
1768827227.254823446 -2.579697 0.047279 -0.033323 -0.062775 0.123318 0.416902 0.898357
1768827227.354689121 -2.575457 0.064825 -0.034431 -0.060866 0.127472 0.372619 0.917170
1768827227.455551147 -2.548563 0.071833 -0.035113 -0.056481 0.128918 0.353058 0.924954
1768827227.555570602 -2.530512 0.083321 -0.036861 -0.054472 0.126815 0.351832 0.925832
1768827227.655300856 -2.518315 0.096978 -0.036884 -0.054648 0.127268 0.351267 0.925974
1768827227.754977942 -2.507751 0.110514 -0.028735 -0.055447 0.127828 0.351683 0.925691
1768827227.854189157 -2.492400 0.121544 -0.027829 -0.055788 0.127847 0.352018 0.925541
1768827227.955304861 -2.486038 0.131561 -0.030744 -0.054964 0.124536 0.351887 0.926091
1768827228.055166721 -2.476093 0.144315 -0.028150 -0.055171 0.124053 0.351715 0.926209
1768827228.155045748 -2.455970 0.156632 -0.026653 -0.054396 0.124957 0.351355 0.926270
1768827228.254686356 -2.440459 0.168540 -0.033738 -0.054928 0.125615 0.351212 0.926204
1768827228.356275797 -2.432957 0.182593 -0.034984 -0.054641 0.124792 0.350317 0.926671
1768827228.454952478 -2.413628 0.193793 -0.033392 -0.054630 0.124483 0.350797 0.926532
1768827228.554522991 -2.398532 0.206458 -0.034784 -0.054642 0.126127 0.351239 0.926141
1768827228.655141592 -2.386952 0.219469 -0.027476 -0.053970 0.125782 0.350512 0.926503
1768827228.755110025 -2.363585 0.229766 -0.035960 -0.052689 0.126806 0.351685 0.925992
1768827228.854546070 -2.348267 0.245258 -0.033767 -0.056014 0.128818 0.350894 0.925819
1768827228.954790354 -2.338975 0.257303 -0.021036 -0.054128 0.125910 0.351687 0.926031
1768827229.055259705 -2.328658 0.270434 -0.020551 -0.054945 0.126464 0.350996 0.926169
1768827229.155444145 -2.316879 0.283826 -0.010969 -0.054652 0.126369 0.350623 0.926341
1768827229.254269123 -2.302601 0.297070 -0.012539 -0.054643 0.125760 0.350234 0.926571
1768827229.354734421 -2.284302 0.311222 -0.013243 -0.054496 0.126010 0.350095 0.926599
1768827229.454984903 -2.267116 0.323548 -0.008770 -0.055587 0.131044 0.349488 0.926065
1768827229.555677891 -2.250442 0.336674 -0.009172 -0.054988 0.129527 0.349795 0.926198
1768827229.654737711 -2.233000 0.350885 -0.029504 -0.051941 0.128698 0.350092 0.926377
1768827229.754889011 -2.218802 0.364868 -0.033801 -0.052906 0.127589 0.350398 0.926360
1768827229.857812881 -2.204899 0.376767 -0.023150 -0.057209 0.129197 0.350095 0.925996
1768827229.954918861 -2.192134 0.391340 -0.021209 -0.054064 0.129050 0.351013 0.925858
1768827230.055358887 -2.177702 0.399678 -0.009695 -0.056711 0.128166 0.351024 0.925818
1768827230.154487848 -2.166165 0.413150 -0.002688 -0.055768 0.127979 0.351131 0.925861
1768827230.255075693 -2.149941 0.426884 -0.011225 -0.057443 0.128951 0.350477 0.925871
1768827230.356813192 -2.135426 0.440366 -0.021651 -0.056241 0.127553 0.350834 0.926004
1768827230.455617189 -2.121670 0.453961 -0.030270 -0.058906 0.133628 0.350674 0.925041
1768827230.554563284 -2.105123 0.468946 -0.034240 -0.059623 0.135262 0.351698 0.924369
1768827230.656085253 -2.092654 0.484073 -0.033103 -0.060740 0.132316 0.353040 0.924211
1768827230.754933834 -2.076561 0.492343 -0.052385 -0.061069 0.129491 0.351092 0.925331
1768827230.855940580 -2.060542 0.499106 -0.060590 -0.058702 0.130731 0.335282 0.931155
1768827230.955234766 -2.045493 0.505382 -0.064827 -0.057013 0.131795 0.313735 0.938589
1768827231.055010319 -2.031203 0.516500 -0.047446 -0.045433 0.131467 0.289146 0.947126
1768827231.154792547 -2.016590 0.522467 -0.059686 -0.048124 0.132566 0.256928 0.956085
1768827231.256014585 -1.999880 0.526163 -0.062714 -0.033326 0.135801 0.207885 0.968107
1768827231.354702711 -1.995210 0.536372 -0.069786 -0.030966 0.134934 0.177404 0.974352
1768827231.455336094 -1.978037 0.543566 -0.065457 -0.030697 0.136095 0.167671 0.975921
1768827231.555284262 -1.955710 0.551613 -0.055230 -0.032952 0.140126 0.166428 0.975490
1768827231.655060053 -1.935617 0.559782 -0.045475 -0.031525 0.136075 0.166441 0.976108
1768827231.754585743 -1.921422 0.567876 -0.039089 -0.029913 0.138778 0.165617 0.975918
1768827231.855171204 -1.895427 0.574641 -0.040207 -0.030580 0.140644 0.165286 0.975687
1768827231.955101490 -1.876563 0.581281 -0.036579 -0.029837 0.141050 0.164911 0.975715
1768827232.052858114 -1.854052 0.588011 -0.035762 -0.029721 0.140341 0.164349 0.975915
1768827232.154095888 -1.838187 0.593628 -0.034877 -0.029155 0.138635 0.164068 0.976223
1768827232.255169868 -1.825962 0.595194 -0.037972 -0.029264 0.134220 0.164226 0.976810
1768827232.355600357 -1.814715 0.601047 -0.029371 -0.028884 0.135425 0.163574 0.976765
1768827232.455551863 -1.797041 0.607523 -0.019166 -0.028981 0.137150 0.164726 0.976328
1768827232.554897785 -1.777468 0.611985 -0.023759 -0.030940 0.137173 0.164478 0.976306
1768827232.654118299 -1.762749 0.619576 -0.013427 -0.029411 0.137535 0.164558 0.976289
1768827232.757447004 -1.745362 0.628080 -0.023778 -0.029281 0.134943 0.164132 0.976726
1768827232.855139017 -1.720780 0.632033 -0.027869 -0.028841 0.134826 0.164460 0.976700
1768827232.955106735 -1.693902 0.637665 -0.023912 -0.029675 0.137867 0.165373 0.976096
1768827233.056015015 -1.672779 0.643725 -0.018169 -0.027687 0.135428 0.165541 0.976468
1768827233.154992580 -1.653942 0.647111 -0.018736 -0.029633 0.137877 0.158904 0.977170
1768827233.254822731 -1.640136 0.650615 -0.011660 -0.025771 0.136681 0.143515 0.979825
1768827233.355257034 -1.639538 0.658906 -0.016271 -0.022211 0.135035 0.121429 0.983121
1768827233.455180883 -1.620143 0.667410 -0.014887 -0.017776 0.137557 0.084828 0.986695
1768827233.555051327 -1.595108 0.671748 -0.023035 -0.015477 0.136996 0.070628 0.987929
1768827233.654897451 -1.576345 0.674789 -0.023515 -0.015362 0.136129 0.068122 0.988227
1768827233.754845381 -1.557363 0.676124 -0.021542 -0.012315 0.137314 0.068683 0.988067
1768827233.854618788 -1.536157 0.677980 -0.024521 -0.016188 0.136801 0.069067 0.988055
1768827233.954667330 -1.516454 0.683428 -0.026741 -0.015952 0.136728 0.068561 0.988104
1768827234.054821253 -1.498065 0.684704 -0.026484 -0.015559 0.136724 0.068137 0.988141
1768827234.154542208 -1.476301 0.681367 -0.028348 -0.015473 0.137636 0.068757 0.987972
1768827234.255323410 -1.461816 0.684715 -0.032052 -0.013209 0.138797 0.062940 0.988231
1768827234.354709387 -1.442076 0.682343 -0.033770 -0.016001 0.139838 0.051285 0.988716
1768827234.454308033 -1.423083 0.681750 -0.027103 -0.006774 0.139123 0.029427 0.989815
1768827234.555224657 -1.406246 0.681930 -0.020286 -0.008363 0.134416 0.009347 0.990846
1768827234.655116081 -1.388177 0.691095 -0.039697 -0.008180 0.134574 0.007998 0.990838
1768827234.754596472 -1.366557 0.690801 -0.036614 -0.007936 0.137137 0.008751 0.990482
1768827234.855327368 -1.347389 0.691395 -0.030893 -0.008315 0.137206 0.008955 0.990467
1768827234.955154181 -1.328066 0.691677 -0.030541 -0.006293 0.137169 0.008451 0.990492
1768827235.056726217 -1.306595 0.688629 -0.032005 -0.003525 0.138677 0.007928 0.990300
1768827235.154917240 -1.287436 0.687021 -0.029675 -0.004579 0.137541 0.007040 0.990461
1768827235.255718231 -1.268023 0.683159 -0.032124 -0.004018 0.137563 0.006753 0.990462
1768827235.355161667 -1.247871 0.683359 -0.031410 -0.003803 0.137353 0.006436 0.990494
1768827235.455161810 -1.229441 0.684779 -0.028727 -0.005080 0.135953 0.006557 0.990681
1768827235.555009842 -1.211940 0.692247 -0.024394 -0.008949 0.136847 0.006292 0.990532
1768827235.655809402 -1.191205 0.685104 -0.021261 -0.007793 0.135838 0.006310 0.990680
1768827235.754710436 -1.173246 0.684150 -0.015570 -0.008333 0.137192 0.006783 0.990486
1768827235.855242252 -1.153914 0.688244 -0.012913 -0.002644 0.137302 0.007047 0.990501
1768827235.956051588 -1.135130 0.687103 -0.011411 -0.004114 0.136038 0.006769 0.990672
1768827236.055334806 -1.115406 0.689782 -0.020042 -0.006798 0.134929 0.005794 0.990815
1768827236.155830383 -1.100208 0.693008 -0.017481 -0.004764 0.137044 0.005660 0.990537
1768827236.254323483 -1.076660 0.689611 -0.015946 -0.008964 0.137981 0.005148 0.990381
1768827236.354386330 -1.058571 0.689289 -0.014674 -0.007230 0.136554 0.005090 0.990593
1768827236.456568003 -1.038394 0.690243 -0.023433 -0.008698 0.136170 0.004328 0.990638
1768827236.555390596 -1.016981 0.688696 -0.024417 -0.004706 0.137410 0.004731 0.990492
1768827236.655055523 -0.994624 0.685141 -0.028212 -0.004794 0.137612 0.005107 0.990461
1768827236.754330635 -0.976313 0.685894 -0.026840 -0.004088 0.138326 0.005606 0.990362
1768827236.854580641 -0.956113 0.685297 -0.028120 -0.005857 0.137238 0.006068 0.990502
1768827236.955245495 -0.938334 0.689963 -0.027791 -0.007181 0.136180 0.006698 0.990635
1768827237.054911852 -0.919451 0.690290 -0.022012 -0.004604 0.136775 0.006526 0.990570
1768827237.154143095 -0.899334 0.687319 -0.023379 -0.006039 0.137688 0.006169 0.990438
1768827237.254513502 -0.881582 0.690802 -0.023680 -0.006399 0.136752 0.005465 0.990570
1768827237.356064558 -0.861303 0.691499 -0.023618 -0.005849 0.137552 0.005516 0.990462
1768827237.455187321 -0.838737 0.685866 -0.023745 -0.005031 0.138395 0.006376 0.990344
1768827237.554944038 -0.820978 0.685664 -0.017866 -0.005012 0.137550 0.005945 0.990464
1768827237.654803514 -0.801670 0.684481 -0.015348 -0.005599 0.138082 0.006598 0.990383
1768827237.754602671 -0.782775 0.687165 -0.015087 -0.004764 0.138854 0.006688 0.990279
1768827237.853908062 -0.765268 0.691140 -0.016932 -0.005744 0.136674 0.006131 0.990580
1768827237.954787493 -0.742479 0.692100 -0.015424 -0.006221 0.138295 0.007560 0.990343
1768827238.054870844 -0.719122 0.691881 -0.016926 -0.006659 0.137167 0.007423 0.990498
1768827238.154548407 -0.697904 0.690847 -0.019207 -0.006298 0.138446 0.007307 0.990323
1768827238.255254269 -0.679622 0.687805 -0.017641 -0.004783 0.139146 0.007821 0.990229
1768827238.355884314 -0.662323 0.683863 -0.014766 -0.007247 0.137675 0.006902 0.990427
1768827238.455506563 -0.644855 0.684585 -0.011335 -0.004982 0.138708 0.007636 0.990291
1768827238.555197716 -0.627372 0.688821 -0.009964 -0.005002 0.138267 0.007232 0.990356
1768827238.654628277 -0.609359 0.691806 -0.011901 -0.005741 0.137848 0.006877 0.990413
1768827238.756096363 -0.591270 0.694049 -0.011452 -0.005889 0.137915 0.007210 0.990400
1768827238.854665279 -0.567216 0.690125 -0.014259 -0.004783 0.140111 0.008041 0.990092
1768827238.954633236 -0.550651 0.685106 -0.012573 -0.007191 0.139368 0.008573 0.990178
1768827239.055479288 -0.530230 0.685043 -0.009552 -0.006645 0.139331 0.008687 0.990185
1768827239.155218124 -0.506305 0.682054 -0.015622 -0.005903 0.139014 0.011711 0.990204
1768827239.254663467 -0.485383 0.681714 -0.015871 -0.004896 0.139308 0.008068 0.990204
1768827239.355943680 -0.469289 0.684406 -0.007476 -0.004501 0.135466 -0.002886 0.990768
1768827239.455233335 -0.452998 0.685057 0.002084 -0.002170 0.137495 -0.020273 0.990293
1768827239.555597067 -0.434628 0.684113 0.003098 0.003964 0.135839 -0.045317 0.989686
1768827239.655307055 -0.413296 0.681484 -0.008188 0.001088 0.136466 -0.070034 0.988166
1768827239.755795479 -0.395160 0.678457 -0.019646 0.001642 0.136916 -0.070921 0.988039
1768827239.854678869 -0.376961 0.674875 -0.006583 0.005941 0.137733 -0.071084 0.987897
1768827239.956190348 -0.356121 0.669725 -0.021129 0.004060 0.138123 -0.070844 0.987870
1768827240.052947044 -0.331273 0.666119 -0.027777 0.004556 0.135063 -0.070134 0.988341
1768827240.154331446 -0.317595 0.671066 -0.026290 0.004884 0.134869 -0.069873 0.988385
1768827240.254860640 -0.295554 0.665029 -0.026750 0.005202 0.135332 -0.069956 0.988314
1768827240.355145693 -0.278293 0.663823 -0.022547 0.004005 0.133122 -0.069671 0.988640
1768827240.455083132 -0.262021 0.662228 -0.018336 0.005538 0.131146 -0.068832 0.988955
1768827240.555283546 -0.244990 0.660048 -0.015377 0.005674 0.133701 -0.069416 0.988571
1768827240.655238152 -0.225834 0.653282 -0.006887 0.006316 0.134788 -0.069732 0.988397
1768827240.754399300 -0.212695 0.650800 -0.000282 0.005983 0.134266 -0.069731 0.988471
1768827240.854225159 -0.191197 0.647196 -0.003314 0.004676 0.133191 -0.069659 0.988628
1768827240.954538822 -0.169657 0.645118 -0.006655 0.006292 0.135802 -0.068746 0.988328
1768827241.054379940 -0.145712 0.640908 -0.009449 0.005613 0.136741 -0.068941 0.988189
1768827241.154975414 -0.121675 0.635305 -0.009588 0.005922 0.134661 -0.068379 0.988512
1768827241.254852057 -0.103520 0.633672 -0.009310 0.005668 0.129803 -0.068681 0.989142
1768827241.354795933 -0.085875 0.632694 -0.015144 0.002267 0.132479 -0.068544 0.988810
1768827241.456015587 -0.065740 0.628608 -0.015876 0.006469 0.134497 -0.068014 0.988556
1768827241.554112673 -0.046169 0.626081 -0.015294 0.003337 0.133306 -0.068089 0.988728
1768827241.654334545 -0.028992 0.624359 -0.008109 0.007532 0.131969 -0.068318 0.988868
1768827241.754858017 -0.013876 0.621952 0.003060 0.007904 0.132798 -0.068343 0.988752
1768827241.854714394 0.002367 0.619109 0.008101 0.007178 0.132924 -0.068228 0.988749
1768827241.956058979 0.023373 0.614935 0.005746 0.007077 0.133468 -0.067959 0.988695
1768827242.055296421 0.037972 0.611712 0.009080 0.007076 0.134249 -0.068121 0.988578
1768827242.155011892 0.066583 0.605667 0.000134 0.005852 0.134533 -0.067171 0.988612
1768827242.254700184 0.088822 0.601347 -0.004052 0.006726 0.134207 -0.067741 0.988612
1768827242.354537725 0.106157 0.599751 0.000323 0.007609 0.135203 -0.067340 0.988498
1768827242.455587864 0.130722 0.594798 -0.007219 0.007652 0.135319 -0.067455 0.988474
1768827242.554549694 0.149254 0.591737 -0.006748 0.007560 0.134317 -0.067333 0.988619
1768827242.654742956 0.161823 0.594544 -0.004302 0.008407 0.132093 -0.067306 0.988914
1768827242.754936457 0.184994 0.589806 -0.006721 0.005799 0.132911 -0.067439 0.988814
1768827242.854533911 0.201689 0.588020 -0.007626 0.008559 0.131364 -0.067410 0.989003
1768827242.954658508 0.217794 0.589511 -0.005014 0.007799 0.132537 -0.067712 0.988832
1768827243.054641247 0.240684 0.586308 -0.010542 0.008624 0.134166 -0.066400 0.988694
1768827243.156378508 0.261544 0.580083 -0.003783 0.008785 0.133620 -0.066410 0.988766
1768827243.255551100 0.281424 0.575529 -0.002225 0.009297 0.134640 -0.065783 0.988665
1768827243.354658365 0.299439 0.572849 -0.001334 0.009525 0.135095 -0.065718 0.988605
1768827243.454733849 0.318809 0.570108 -0.004377 0.009612 0.133953 -0.065879 0.988749
1768827243.556095123 0.334291 0.569873 0.000356 0.010288 0.134026 -0.066127 0.988716
1768827243.655088425 0.353379 0.566849 -0.001064 0.010306 0.133666 -0.065841 0.988783
1768827243.753386974 0.370842 0.562357 0.002774 0.010548 0.133822 -0.065736 0.988766
1768827243.855266094 0.389503 0.558095 0.006929 0.011135 0.134036 -0.065829 0.988725
1768827243.954183578 0.407430 0.558256 0.008573 0.010909 0.133220 -0.068253 0.988673
1768827244.055004120 0.431199 0.562390 0.002976 0.007753 0.130399 -0.070862 0.988896
1768827244.156041384 0.452524 0.560482 0.001559 0.006251 0.130084 -0.058898 0.989732
1768827244.254852295 0.464380 0.552557 0.019529 0.005936 0.131093 -0.040575 0.990522
1768827244.355085135 0.478314 0.549536 0.018576 0.003937 0.137637 -0.017308 0.990324
1768827244.455422640 0.499205 0.553062 0.004860 -0.004120 0.134446 0.012724 0.990831
1768827244.554747343 0.517536 0.548673 0.017826 -0.003914 0.131895 0.017136 0.991108
1768827244.655325651 0.539451 0.547712 0.016685 -0.001705 0.131734 0.017775 0.991124
1768827244.755304337 0.560257 0.548538 0.007438 -0.001313 0.132222 0.018503 0.991047
1768827244.855187654 0.576951 0.549503 0.013975 -0.003155 0.131869 0.018826 0.991083
1768827244.954405308 0.598568 0.549231 0.017409 -0.002914 0.129657 0.019052 0.991372
1768827245.055181265 0.613756 0.552897 0.016310 -0.004018 0.130365 0.019849 0.991259
1768827245.155086756 0.634718 0.553766 0.016942 -0.003691 0.129521 0.021231 0.991342
1768827245.254722118 0.651771 0.554002 0.019584 -0.002827 0.132030 0.021411 0.991010
1768827245.355195045 0.673241 0.551823 0.010013 -0.003693 0.132474 0.021837 0.990939
1768827245.454820156 0.694203 0.553285 0.009360 -0.007687 0.131443 0.021693 0.991056
1768827245.554467201 0.718041 0.555224 0.009149 -0.008895 0.133793 0.022001 0.990725
1768827245.655375719 0.738783 0.552183 0.013030 -0.005214 0.133131 0.021527 0.990851
1768827245.755063057 0.756904 0.554072 0.012471 -0.005935 0.132437 0.021935 0.990931
1768827245.855201721 0.774955 0.557145 0.007326 -0.008117 0.133544 0.022043 0.990764
1768827245.955305815 0.794424 0.554328 0.010716 -0.004484 0.134341 0.021935 0.990682
1768827246.054575443 0.815064 0.553009 0.008360 -0.004847 0.134948 0.022502 0.990585
1768827246.155304193 0.836278 0.553146 0.005611 -0.008250 0.132028 0.022948 0.990946
1768827246.254842043 0.853262 0.563830 -0.004133 -0.007854 0.132293 0.023310 0.990905
1768827246.355100632 0.871773 0.562751 -0.004456 -0.007828 0.132886 0.023812 0.990814
1768827246.454112291 0.892087 0.553640 0.011956 -0.006604 0.133913 0.023561 0.990691
1768827246.555244446 0.913627 0.550140 0.017861 -0.007240 0.133740 0.023556 0.990710
1768827246.655217886 0.933361 0.552453 0.015745 -0.007090 0.135119 0.023178 0.990533
1768827246.754577875 0.954273 0.558789 0.022101 -0.005001 0.133176 0.014597 0.990972
1768827246.855177879 0.973759 0.567417 0.021445 -0.007757 0.133374 0.025413 0.990709
1768827246.954825401 0.985824 0.561568 0.028922 -0.008623 0.133003 0.040002 0.990271
1768827247.055207014 0.999158 0.561254 0.026317 -0.012123 0.133361 0.062640 0.989012
1768827247.155244350 1.022338 0.564537 0.021591 -0.017101 0.135921 0.089656 0.986506
1768827247.254739285 1.037251 0.571319 0.021596 -0.020895 0.132886 0.121179 0.983474
1768827247.355229378 1.052292 0.577867 0.021266 -0.027148 0.135625 0.155198 0.978153
1768827247.455080271 1.070030 0.583578 0.008564 -0.031981 0.132064 0.191470 0.972047
1768827247.554957151 1.075381 0.579226 0.001505 -0.038872 0.127727 0.228236 0.964408
1768827247.655094385 1.089911 0.568493 0.009237 -0.046479 0.127623 0.291097 0.947003
1768827247.752818823 1.089782 0.575919 0.026111 -0.050946 0.126210 0.331280 0.933664
1768827247.857812405 1.102830 0.599828 0.018328 -0.053965 0.124023 0.346619 0.928203
1768827247.955154896 1.117946 0.620764 0.017127 -0.053562 0.123584 0.348578 0.927551
1768827248.054759741 1.144203 0.636338 0.008385 -0.057153 0.127595 0.349919 0.926288
1768827248.155224800 1.161234 0.646350 0.002117 -0.056980 0.125475 0.350307 0.926442
1768827248.255915642 1.179519 0.660166 -0.004653 -0.057890 0.125481 0.350375 0.926359
1768827248.355143070 1.192770 0.673569 0.001003 -0.057506 0.126156 0.350571 0.926217
1768827248.455398321 1.205824 0.685058 0.005016 -0.055571 0.125857 0.350487 0.926408
1768827248.555148125 1.217492 0.696426 0.008554 -0.055218 0.127290 0.350576 0.926199
1768827248.654906511 1.230112 0.707652 0.016946 -0.054547 0.126294 0.350673 0.926338
1768827248.754392147 1.245558 0.720557 0.017273 -0.054870 0.125746 0.350974 0.926280
1768827248.855109692 1.264650 0.734669 0.010838 -0.056621 0.127112 0.351081 0.925947
1768827248.955185175 1.280778 0.748530 0.008109 -0.056655 0.129506 0.351309 0.925527
1768827249.054792643 1.296958 0.762608 0.008022 -0.056257 0.127304 0.352088 0.925561
1768827249.154792547 1.304168 0.774705 0.010839 -0.055525 0.124502 0.352596 0.925793
1768827249.255194902 1.316074 0.787933 0.009366 -0.056097 0.123915 0.352815 0.925754
1768827249.357637405 1.331427 0.801803 0.004296 -0.057087 0.125662 0.352334 0.925641
1768827249.455078840 1.349805 0.813172 0.004240 -0.056482 0.126393 0.352022 0.925697
1768827249.554560184 1.363318 0.822855 0.015253 -0.056132 0.127572 0.351723 0.925670
1768827249.655429840 1.376916 0.836599 0.011181 -0.056436 0.123373 0.352794 0.925814
1768827249.755934000 1.392977 0.849764 0.001770 -0.058300 0.127000 0.352435 0.925344
1768827249.854704857 1.406010 0.863471 0.000670 -0.056670 0.122502 0.353454 0.925663
1768827249.955170870 1.418625 0.876508 -0.001894 -0.056874 0.122839 0.354311 0.925278
1768827250.056111574 1.434002 0.890275 0.003271 -0.054640 0.123197 0.354562 0.925269
1768827250.154720306 1.445479 0.902064 0.006423 -0.054445 0.122857 0.355451 0.924985
1768827250.257269144 1.458926 0.915575 0.009945 -0.054628 0.122981 0.355582 0.924907
1768827250.354697466 1.476346 0.922796 0.009835 -0.056218 0.126121 0.354131 0.924946
1768827250.454754829 1.493165 0.932363 0.020085 -0.055901 0.127313 0.353498 0.925044
1768827250.554754257 1.507103 0.943177 0.022521 -0.056105 0.128427 0.353710 0.924796
1768827250.655223846 1.522569 0.956163 0.022787 -0.055666 0.127922 0.354218 0.924698
1768827250.754610062 1.537227 0.970858 0.023158 -0.056107 0.126171 0.354993 0.924615
1768827250.855177402 1.549735 0.988932 0.015914 -0.055260 0.123283 0.355467 0.924873
1768827250.954981565 1.565372 1.001270 0.023472 -0.053628 0.123443 0.355297 0.925014
1768827251.055137634 1.577877 1.011558 0.016034 -0.054764 0.125586 0.355320 0.924650
1768827251.154589176 1.595603 1.024856 0.023337 -0.054646 0.125560 0.355575 0.924562
1768827251.254728556 1.615802 1.041178 0.018435 -0.056143 0.127689 0.356467 0.923837
1768827251.354989529 1.628640 1.051605 0.021813 -0.055079 0.128252 0.355667 0.924131
1768827251.454874992 1.642360 1.061841 0.028206 -0.055408 0.125668 0.355311 0.924603
1768827251.554858446 1.653891 1.070866 0.034459 -0.055411 0.126646 0.355738 0.924305
1768827251.654318094 1.668856 1.086687 0.021529 -0.055926 0.124127 0.355462 0.924722
1768827251.755150795 1.682944 1.102965 0.018973 -0.055451 0.124349 0.355425 0.924736
1768827251.855107069 1.698279 1.117377 0.025850 -0.058802 0.126796 0.356716 0.923698
1768827251.955046415 1.711022 1.132090 0.026365 -0.059318 0.126775 0.361340 0.921869
1768827252.057122707 1.725466 1.146750 0.024764 -0.059820 0.126759 0.363576 0.920959
1768827252.155215502 1.741747 1.158969 0.018893 -0.055606 0.127525 0.365435 0.920382
1768827252.254757166 1.760725 1.171890 0.006902 -0.055367 0.126892 0.366324 0.920130
1768827252.354255438 1.773566 1.184220 0.009159 -0.057474 0.126914 0.365486 0.920331
1768827252.455235481 1.786188 1.196943 0.019515 -0.060086 0.126380 0.365081 0.920399
1768827252.554418325 1.801717 1.211831 0.016608 -0.059789 0.126997 0.365085 0.920332
1768827252.654768944 1.814637 1.226269 0.018757 -0.057975 0.127281 0.365393 0.920286
1768827252.754178047 1.831785 1.239412 0.014826 -0.060106 0.126975 0.365659 0.920086
1768827252.854742527 1.848255 1.251655 0.012819 -0.057584 0.125700 0.365321 0.920556
1768827252.955584049 1.865731 1.261566 0.009721 -0.058967 0.125790 0.365938 0.920211
1768827253.055211544 1.876952 1.276363 0.015012 -0.059500 0.127830 0.366320 0.919744
1768827253.155345678 1.892169 1.290536 0.013433 -0.059663 0.128055 0.366719 0.919543
1768827253.255058527 1.903818 1.305131 0.012089 -0.060062 0.128732 0.367260 0.919207
1768827253.354324102 1.914623 1.320409 0.014104 -0.059890 0.128910 0.366940 0.919321
1768827253.454429150 1.930213 1.335625 0.017908 -0.062862 0.128700 0.365888 0.919571
1768827253.554167032 1.944191 1.347428 0.022639 -0.063225 0.128928 0.365242 0.919771
1768827253.654796362 1.959712 1.361303 0.022544 -0.063071 0.129077 0.365353 0.919717
1768827253.755419493 1.972936 1.371157 0.022101 -0.062169 0.126111 0.364683 0.920455
1768827253.855137110 1.985601 1.380681 0.021286 -0.060250 0.126389 0.365767 0.920114
1768827253.955928802 2.001087 1.391466 0.018275 -0.060986 0.125855 0.365667 0.920179
1768827254.054724932 2.016110 1.405245 0.018487 -0.061114 0.127061 0.365527 0.920060
1768827254.154893398 2.028289 1.418997 0.022292 -0.061059 0.124664 0.365809 0.920280
1768827254.253595591 2.039992 1.431715 0.030134 -0.061274 0.124838 0.366031 0.920153
1768827254.354947329 2.055338 1.444938 0.030896 -0.061564 0.125869 0.366377 0.919856
1768827254.455813885 2.070229 1.459526 0.028075 -0.060296 0.123624 0.366133 0.920341
1768827254.555301905 2.083858 1.469342 0.025875 -0.060266 0.123629 0.366225 0.920306
1768827254.656455278 2.097617 1.483780 0.027057 -0.060039 0.124586 0.365409 0.920516
1768827254.755013943 2.113647 1.497495 0.025000 -0.061921 0.127828 0.364984 0.920116
1768827254.854634285 2.128894 1.513878 0.022315 -0.061529 0.127434 0.364357 0.920445
1768827254.957144737 2.143959 1.525837 0.023451 -0.060295 0.127584 0.364874 0.920301
1768827255.055036306 2.161224 1.539123 0.017251 -0.061889 0.126149 0.363483 0.920943
1768827255.156049967 2.176215 1.552125 0.013064 -0.059303 0.124944 0.370242 0.918582
1768827255.255223036 2.188894 1.565867 0.025616 -0.061134 0.123213 0.383714 0.913151
1768827255.355296135 2.199422 1.579241 0.030536 -0.064266 0.124938 0.403185 0.904269
1768827255.454217434 2.208707 1.591991 0.035687 -0.067814 0.121225 0.426780 0.893624
1768827255.554754496 2.221192 1.602825 0.032788 -0.068878 0.121851 0.432322 0.890789
1768827255.655131102 2.237766 1.622666 0.021295 -0.068718 0.122957 0.433339 0.890155
1768827255.756715298 2.252302 1.638677 0.017248 -0.070541 0.126238 0.432317 0.890051
1768827255.855131388 2.269785 1.657392 0.005510 -0.071117 0.126884 0.432348 0.889898
1768827255.954974890 2.276398 1.671280 0.007188 -0.070395 0.125436 0.433545 0.889578
1768827256.055085182 2.279584 1.681323 0.017455 -0.069296 0.121428 0.434262 0.889871
1768827256.154603004 2.288730 1.693564 0.021531 -0.069048 0.121484 0.434788 0.889626
1768827256.256037235 2.306445 1.708737 0.017724 -0.068441 0.123665 0.433847 0.889831
1768827256.356013060 2.323083 1.723828 0.014518 -0.068611 0.126697 0.436558 0.888064
1768827256.454758167 2.327651 1.740067 0.016554 -0.071448 0.120395 0.443674 0.885186
1768827256.555788994 2.335424 1.757409 0.016859 -0.073084 0.122450 0.459797 0.876500
1768827256.654694080 2.345692 1.773844 0.018760 -0.075709 0.116063 0.479763 0.866386
1768827256.754963160 2.350339 1.790319 0.018328 -0.079834 0.115966 0.504557 0.851822
1768827256.854142666 2.364874 1.803894 0.026670 -0.083237 0.116289 0.518425 0.843080
1768827256.955442905 2.373688 1.820451 0.024587 -0.081112 0.116951 0.519656 0.842438
1768827257.055128098 2.383467 1.838412 0.019313 -0.082171 0.114616 0.519760 0.842591
1768827257.154843330 2.397859 1.850197 0.026185 -0.082009 0.114565 0.520341 0.842256
1768827257.254334688 2.406749 1.869047 0.025323 -0.082352 0.115357 0.521139 0.841620
1768827257.354376316 2.418712 1.880414 0.023929 -0.081845 0.115160 0.521956 0.841191
1768827257.451882839 2.424227 1.902066 0.020946 -0.080799 0.118868 0.522586 0.840384
1768827257.555919409 2.435333 1.920803 0.016775 -0.081223 0.116451 0.522540 0.840710
1768827257.654935360 2.438689 1.933991 0.023452 -0.081646 0.116302 0.521828 0.841132
1768827257.754728317 2.450514 1.949679 0.023273 -0.084258 0.116870 0.521815 0.840804
1768827257.854680777 2.454199 1.974434 0.021873 -0.085006 0.116563 0.520922 0.841325
1768827257.954516172 2.465827 1.999628 0.018244 -0.084411 0.114604 0.518396 0.843212
1768827258.056100607 2.471130 2.016646 0.013101 -0.082336 0.118317 0.527005 0.837549
1768827258.154606342 2.483274 2.036335 -0.001891 -0.088341 0.122206 0.540272 0.827869
1768827258.257437706 2.491450 2.051632 0.009313 -0.088870 0.109872 0.556224 0.818929
1768827258.354357958 2.493161 2.063502 0.015461 -0.090836 0.109204 0.575165 0.805610
1768827258.455648422 2.495383 2.075251 0.035359 -0.094971 0.109484 0.603973 0.783716
1768827258.554837704 2.498077 2.093919 0.032351 -0.099952 0.111205 0.631794 0.760578
1768827258.654811859 2.504760 2.116634 0.031638 -0.100217 0.110901 0.632610 0.759909
1768827258.755145311 2.509705 2.133917 0.028986 -0.101049 0.110786 0.632786 0.759670
1768827258.855078220 2.512610 2.150982 0.028660 -0.099233 0.106216 0.633446 0.760011
1768827258.954271317 2.516576 2.168008 0.031192 -0.100360 0.108988 0.633524 0.759405
1768827259.055770397 2.519933 2.186897 0.029119 -0.099990 0.106463 0.634278 0.759183
1768827259.154947996 2.520638 2.204979 0.023425 -0.098340 0.104095 0.635123 0.759020
1768827259.254656792 2.521977 2.224587 0.014572 -0.101003 0.102584 0.635099 0.758897
1768827259.354704857 2.525843 2.244507 0.009750 -0.100122 0.103666 0.635076 0.758886
1768827259.455268621 2.532895 2.262009 0.017533 -0.099420 0.106789 0.634798 0.758777
1768827259.554683685 2.537974 2.281390 0.020034 -0.100775 0.106214 0.635123 0.758407
1768827259.654732227 2.541837 2.300992 0.020406 -0.100774 0.105645 0.635400 0.758255
1768827259.755078554 2.545916 2.320280 0.020836 -0.100397 0.105913 0.635373 0.758290
1768827259.854305029 2.549673 2.339111 0.021089 -0.100686 0.105163 0.635527 0.758227
1768827259.957071066 2.554565 2.359217 0.022114 -0.100105 0.105532 0.635623 0.758172
1768827260.055741549 2.561510 2.381481 0.017189 -0.102333 0.105445 0.635860 0.757688
1768827260.156741381 2.563365 2.399603 0.007660 -0.100674 0.102978 0.636566 0.757657
1768827260.254260302 2.565541 2.416962 0.005744 -0.098935 0.103836 0.638223 0.756374
1768827260.354837179 2.568133 2.437206 0.010313 -0.099007 0.104538 0.644247 0.751143
1768827260.455260277 2.566908 2.457156 0.019237 -0.101655 0.102561 0.645258 0.750193
1768827260.554395199 2.569198 2.475669 0.021416 -0.100662 0.103236 0.645285 0.750211
1768827260.658800840 2.571925 2.492639 0.019876 -0.100315 0.102610 0.645343 0.750293
1768827260.756833076 2.575444 2.509811 0.021442 -0.099780 0.102845 0.645585 0.750125
1768827260.854903698 2.582159 2.528494 0.017038 -0.099567 0.103096 0.644943 0.750670
1768827260.954153299 2.589119 2.548131 0.015510 -0.098600 0.103404 0.645118 0.750605
1768827261.055119276 2.599056 2.567079 0.009319 -0.099082 0.104731 0.645061 0.750407
1768827261.155010223 2.598161 2.585392 0.007839 -0.099419 0.104695 0.645670 0.749843
1768827261.255125046 2.602802 2.605359 0.008321 -0.099443 0.105023 0.645656 0.749806
1768827261.354852438 2.598842 2.625340 0.011242 -0.101612 0.101938 0.645968 0.749672
1768827261.456811666 2.602518 2.647237 0.014864 -0.099361 0.103773 0.645628 0.750016
1768827261.554636240 2.607491 2.663777 0.015106 -0.101374 0.100514 0.645746 0.750088
1768827261.655162334 2.607605 2.679868 0.024631 -0.099491 0.103778 0.645453 0.750148
1768827261.754218578 2.613270 2.704232 0.010550 -0.099676 0.102761 0.645703 0.750048
1768827261.854316235 2.620132 2.720957 0.017814 -0.099296 0.102807 0.645660 0.750129
1768827261.954788208 2.619512 2.739120 0.018838 -0.101581 0.100418 0.645192 0.750549
1768827262.054916382 2.616648 2.757690 0.020348 -0.101014 0.100796 0.645412 0.750386
1768827262.155877829 2.621095 2.778474 0.020231 -0.100361 0.101118 0.646332 0.749639
1768827262.255820751 2.623021 2.796791 0.021215 -0.100871 0.099141 0.646700 0.749516
1768827262.354667664 2.630616 2.813975 0.024398 -0.100104 0.098890 0.646623 0.749719
1768827262.454355717 2.632597 2.831522 0.025068 -0.100551 0.098618 0.646546 0.749761
1768827262.555415392 2.636339 2.851954 0.024788 -0.100339 0.099080 0.646278 0.749960
1768827262.656040192 2.637780 2.871383 0.022357 -0.099885 0.103446 0.646262 0.749445
1768827262.754171133 2.640198 2.888996 0.024680 -0.101395 0.100652 0.645950 0.749891
1768827262.855054140 2.644167 2.908028 0.023976 -0.100680 0.099797 0.645674 0.750339
1768827262.955190897 2.647653 2.924279 0.026840 -0.100165 0.099477 0.646019 0.750154
1768827263.058786154 2.650577 2.947219 0.023146 -0.100297 0.101291 0.645920 0.749979
1768827263.154369116 2.655558 2.967950 0.018735 -0.099724 0.102204 0.646270 0.749629
1768827263.257817745 2.657914 2.989390 0.019479 -0.099912 0.101648 0.646363 0.749600
1768827263.355084896 2.660799 3.009159 0.021597 -0.100411 0.101306 0.646344 0.749596
1768827263.455528498 2.664146 3.030679 0.017225 -0.098713 0.103660 0.646050 0.749753
1768827263.555386782 2.666155 3.051436 0.016758 -0.098803 0.102538 0.645344 0.750504
1768827263.654642582 2.667975 3.070073 0.017230 -0.098530 0.102463 0.645101 0.750758
1768827263.754233122 2.671619 3.088587 0.017272 -0.098674 0.102616 0.644964 0.750836
1768827263.854953527 2.674090 3.107894 0.017761 -0.098058 0.102552 0.645158 0.750759
1768827263.954393148 2.677734 3.126516 0.017536 -0.098421 0.102793 0.644826 0.750964
1768827264.054870844 2.681944 3.143991 0.020304 -0.097919 0.099865 0.645469 0.750872
1768827264.154963970 2.689043 3.164968 0.028954 -0.100869 0.104396 0.647427 0.748175
1768827264.255929708 2.690892 3.181391 0.035414 -0.099891 0.104452 0.644115 0.751151
1768827264.355151892 2.693809 3.199770 0.033015 -0.097868 0.104183 0.635682 0.758602
1768827264.455433846 2.695150 3.220529 0.005248 -0.095600 0.104354 0.620328 0.771468
1768827264.558978319 2.699797 3.238096 0.001979 -0.093496 0.107606 0.600939 0.786480
1768827264.654944658 2.703351 3.252407 0.001150 -0.088593 0.108945 0.578722 0.803345
1768827264.754281282 2.708502 3.263826 0.015173 -0.083548 0.111536 0.552419 0.821835
1768827264.855278492 2.713214 3.273183 0.023684 -0.079795 0.115157 0.520451 0.842320
1768827264.955165148 2.719674 3.283591 0.010012 -0.074952 0.121230 0.476521 0.867533
1768827265.054756165 2.734182 3.293594 -0.001911 -0.071785 0.120451 0.449785 0.882061
1768827265.155057669 2.751896 3.316751 0.000079 -0.071518 0.120660 0.442404 0.885779
1768827265.254953384 2.764795 3.332849 0.003775 -0.070815 0.120865 0.441287 0.886365
1768827265.356883526 2.773318 3.348479 0.022318 -0.068586 0.120995 0.440519 0.886904
1768827265.454677105 2.788783 3.367876 0.043701 -0.067864 0.125383 0.440020 0.886598
1768827265.555151701 2.796841 3.377609 0.014546 -0.069732 0.125312 0.439617 0.886663
1768827265.655722141 2.809094 3.392273 0.010055 -0.069254 0.121800 0.437993 0.887993
1768827265.754818439 2.819620 3.404357 -0.009902 -0.071819 0.125312 0.429426 0.891477
1768827265.855202198 2.829744 3.422339 0.008080 -0.066351 0.124427 0.414284 0.899158
1768827265.954702616 2.839943 3.434399 -0.011794 -0.065504 0.125501 0.391587 0.909185
1768827266.054650068 2.853477 3.444104 -0.021966 -0.061229 0.129636 0.365524 0.919694
1768827266.154342175 2.864176 3.452431 -0.021849 -0.059596 0.133070 0.336432 0.930352
1768827266.254816294 2.872537 3.457005 -0.003203 -0.047769 0.135880 0.290426 0.945996
1768827266.355677843 2.883043 3.469240 0.017599 -0.043106 0.135622 0.262190 0.954466
1768827266.455460787 2.902814 3.480340 0.020151 -0.042930 0.134865 0.255339 0.956436
1768827266.554563284 2.921379 3.492350 0.021896 -0.043023 0.135178 0.254530 0.956604
1768827266.654844284 2.940429 3.502088 0.016187 -0.045914 0.134432 0.254235 0.956653
1768827266.755755663 2.955932 3.514370 0.008852 -0.043306 0.133572 0.255245 0.956626
1768827266.854869843 2.965929 3.518606 0.020892 -0.044176 0.132173 0.254840 0.956888
1768827266.954800129 2.984098 3.523712 0.018429 -0.046536 0.134805 0.249057 0.957931
1768827267.056043625 3.007574 3.534001 0.014736 -0.040711 0.133434 0.236227 0.961631
1768827267.155457973 3.013534 3.535837 0.021824 -0.038805 0.134866 0.218327 0.965732
1768827267.254866838 3.030764 3.544780 0.020855 -0.034834 0.135230 0.193417 0.971128
1768827267.355265856 3.047529 3.557936 0.013509 -0.030321 0.135945 0.163320 0.976692
1768827267.454278708 3.063595 3.569020 0.004935 -0.025924 0.135616 0.129189 0.981961
1768827267.554663181 3.081760 3.578016 0.012063 -0.016812 0.137243 0.086127 0.986643
1768827267.654304504 3.082706 3.578993 0.004117 -0.012102 0.141480 0.047667 0.988719
1768827267.755186558 3.089626 3.571326 0.009930 -0.006215 0.141581 0.001184 0.989906
1768827267.855476856 3.104747 3.566460 0.008793 -0.000489 0.140296 -0.031431 0.989610
1768827267.957700253 3.121797 3.566227 0.017749 0.002019 0.137670 -0.045728 0.989420
1768827268.055230379 3.143207 3.565809 0.014093 -0.002155 0.138504 -0.048671 0.989163
1768827268.154326439 3.165552 3.561036 0.015542 -0.000115 0.139518 -0.049442 0.988984
1768827268.254962444 3.189087 3.556455 0.019369 0.000110 0.138197 -0.049758 0.989154
1768827268.354615927 3.205425 3.551085 0.018609 0.001563 0.138221 -0.048746 0.989200
1768827268.455514431 3.223678 3.551061 0.017976 0.001852 0.137789 -0.048701 0.989262
1768827268.554328203 3.245052 3.548288 0.003962 0.001686 0.139028 -0.056957 0.988648
1768827268.654297113 3.265079 3.545657 -0.002829 0.003050 0.135793 -0.068890 0.988335
1768827268.754858494 3.283439 3.545237 -0.005378 0.008522 0.135641 -0.092264 0.986416
1768827268.854308367 3.298026 3.539095 -0.019801 0.009479 0.136397 -0.114152 0.984010
1768827268.954741955 3.314089 3.533640 -0.016169 0.014918 0.134674 -0.146180 0.979935
1768827269.054802179 3.327255 3.531375 -0.022127 0.019040 0.133709 -0.174340 0.975379
1768827269.154652834 3.335536 3.527015 0.004645 0.025744 0.131936 -0.207138 0.969032
1768827269.255164623 3.345417 3.522472 0.034108 0.033218 0.129699 -0.248862 0.959241
1768827269.355838537 3.354149 3.512127 0.024459 0.038813 0.128564 -0.296117 0.945663
1768827269.455214739 3.365250 3.507171 0.020311 0.050466 0.127015 -0.346808 0.927925
1768827269.554730415 3.380072 3.496577 0.020069 0.046859 0.126057 -0.351170 0.926603
1768827269.655426264 3.396080 3.482234 0.015150 0.045028 0.126206 -0.351824 0.926426
1768827269.754717827 3.408812 3.467089 0.015343 0.045338 0.125361 -0.351997 0.926460
1768827269.854844809 3.419305 3.453779 0.025862 0.045821 0.124950 -0.352045 0.926473
1768827269.954813004 3.435474 3.441249 0.025411 0.047984 0.126790 -0.354127 0.925319
1768827270.055229664 3.444414 3.426617 0.037215 0.049676 0.128114 -0.367125 0.919967
1768827270.155178070 3.461464 3.412908 0.028460 0.053992 0.129292 -0.387857 0.911008
1768827270.255493164 3.479009 3.401480 0.014126 0.057416 0.124921 -0.409450 0.901914
1768827270.354484558 3.488324 3.390460 -0.000578 0.061447 0.122117 -0.431418 0.891735
1768827270.454446077 3.499377 3.377794 -0.000140 0.066573 0.119383 -0.465335 0.874516
1768827270.555159807 3.500656 3.369902 0.022687 0.070660 0.118257 -0.492560 0.859306
1768827270.655345201 3.500547 3.361216 0.028563 0.073803 0.119020 -0.525820 0.838988
1768827270.755223989 3.509364 3.343555 0.024931 0.084068 0.116154 -0.572870 0.807007
1768827270.855068684 3.514371 3.329066 0.021812 0.083748 0.109533 -0.613156 0.777836
1768827270.954687595 3.517383 3.314089 0.006057 0.090333 0.111124 -0.619804 0.771579
1768827271.054236174 3.520952 3.290516 -0.013877 0.088506 0.111571 -0.620589 0.771096
1768827271.154643536 3.523964 3.271773 -0.003931 0.090714 0.113150 -0.619651 0.771363
1768827271.255409002 3.530482 3.255475 0.007490 0.085129 0.108136 -0.618286 0.773810
1768827271.354875088 3.536315 3.238913 0.006476 0.085267 0.107671 -0.619139 0.773178
1768827271.454478502 3.537412 3.221143 0.011468 0.087446 0.103820 -0.624853 0.768852
1768827271.555312157 3.539510 3.203816 0.020392 0.089813 0.103056 -0.635182 0.760169
1768827271.655069351 3.541643 3.186820 0.026137 0.091696 0.101564 -0.650409 0.747158
1768827271.754617453 3.542427 3.180178 0.029175 0.095520 0.099077 -0.667169 0.732083
1768827271.854354382 3.540710 3.163718 0.018786 0.098535 0.096920 -0.684828 0.715478
1768827271.955149651 3.545431 3.138957 0.019589 0.096413 0.096379 -0.689985 0.710870
1768827272.057227612 3.548236 3.118971 0.024217 0.096488 0.095462 -0.691356 0.709651
1768827272.154292107 3.549884 3.101684 0.021329 0.094679 0.096127 -0.692095 0.709084
1768827272.254349232 3.550404 3.082635 0.022069 0.095456 0.094648 -0.692672 0.708615
1768827272.355114937 3.550214 3.064016 0.025314 0.094285 0.095087 -0.692813 0.708575
1768827272.454360485 3.548569 3.042443 0.024761 0.092815 0.095267 -0.693369 0.708201
1768827272.555324793 3.546315 3.026515 0.033666 0.093903 0.094949 -0.693234 0.708232
1768827272.654365778 3.543316 3.005933 0.030198 0.093182 0.095599 -0.693695 0.707789
1768827272.754674435 3.547285 2.984096 0.033157 0.095691 0.096129 -0.693546 0.707528
1768827272.857438803 3.547484 2.959839 0.030474 0.095969 0.096121 -0.693857 0.707187
1768827272.954801559 3.546029 2.938385 0.022408 0.098096 0.095649 -0.693740 0.707073
1768827273.054528713 3.545017 2.920168 0.024660 0.096829 0.095984 -0.694099 0.706850
1768827273.155544519 3.545450 2.904172 0.036347 0.097224 0.096300 -0.694356 0.706501
1768827273.254556179 3.546696 2.882837 0.031988 0.097959 0.097209 -0.694365 0.706266
1768827273.354360342 3.548610 2.862087 0.024547 0.100462 0.096258 -0.694278 0.706130
1768827273.455564260 3.549438 2.843368 0.025561 0.101068 0.095853 -0.694064 0.706309
1768827273.554338694 3.546384 2.823824 0.024409 0.099978 0.096390 -0.694262 0.706196
1768827273.654779911 3.547869 2.803241 0.026235 0.097055 0.098109 -0.694353 0.706278
1768827273.754950047 3.547234 2.783777 0.020021 0.095886 0.098079 -0.694699 0.706102
1768827273.855410814 3.549957 2.766429 0.027620 0.097522 0.096679 -0.694482 0.706284
1768827273.954414368 3.551338 2.747021 0.032974 0.096854 0.097376 -0.694864 0.705905
1768827274.056061745 3.553928 2.725920 0.031361 0.096603 0.096933 -0.695242 0.705628
1768827274.155172825 3.554772 2.707004 0.029411 0.097751 0.095445 -0.695265 0.705650
1768827274.255279064 3.555163 2.687277 0.024069 0.096231 0.096799 -0.696096 0.704854
1768827274.355167627 3.552503 2.667518 0.021292 0.096214 0.098116 -0.695844 0.704924
1768827274.455329180 3.553925 2.649892 0.023068 0.096480 0.098333 -0.695884 0.704818
1768827274.554904938 3.551107 2.628697 0.019058 0.101110 0.096360 -0.695277 0.705040
1768827274.654673338 3.552050 2.609589 0.019412 0.096569 0.098456 -0.695948 0.704725
1768827274.756406069 3.550819 2.590502 0.020757 0.096959 0.098957 -0.695863 0.704685
1768827274.855286837 3.556064 2.573309 0.018626 0.097087 0.098984 -0.695801 0.704725
1768827274.955118895 3.557192 2.553815 0.020830 0.099415 0.097576 -0.695923 0.704476
1768827275.054661989 3.555224 2.536390 0.021858 0.099681 0.096918 -0.695839 0.704612
1768827275.154348135 3.546982 2.512201 0.022855 0.101401 0.095664 -0.695826 0.704551
1768827275.254727364 3.547500 2.494650 0.019255 0.100935 0.095244 -0.696001 0.704502
1768827275.355071068 3.543582 2.474931 0.021429 0.098987 0.094590 -0.696367 0.704505
1768827275.454317331 3.539745 2.454111 0.022838 0.098999 0.097321 -0.696554 0.703946
1768827275.555207968 3.546592 2.432111 0.026658 0.097815 0.098097 -0.697014 0.703549
1768827275.655714273 3.545938 2.413322 0.030213 0.097538 0.097762 -0.697080 0.703568
1768827275.755610228 3.544956 2.393141 0.029705 0.097365 0.096919 -0.697014 0.703774
1768827275.855159760 3.544602 2.374304 0.031268 0.096113 0.095134 -0.697359 0.703848
1768827275.954837799 3.545929 2.354961 0.028780 0.096698 0.094928 -0.697414 0.703741
1768827276.054825306 3.545606 2.334535 0.029966 0.097469 0.094427 -0.697291 0.703824
1768827276.157914639 3.546367 2.315133 0.024608 0.102031 0.093830 -0.697140 0.703407
1768827276.255048752 3.547195 2.296224 0.027678 0.098060 0.094652 -0.697488 0.703517
1768827276.354333639 3.546864 2.277188 0.035540 0.098936 0.094107 -0.697425 0.703530
1768827276.455319643 3.548241 2.257513 0.036679 0.099837 0.093861 -0.697635 0.703227
1768827276.555109262 3.549774 2.239162 0.033487 0.099175 0.093974 -0.697857 0.703085
1768827276.655485392 3.552787 2.218948 0.029809 0.099440 0.095679 -0.697832 0.702843
1768827276.755833626 3.550640 2.198009 0.027094 0.098843 0.096643 -0.697619 0.703006
1768827276.855811834 3.555200 2.179762 0.030230 0.100481 0.096065 -0.697462 0.703009
1768827276.954343557 3.551136 2.158738 0.031768 0.099093 0.096394 -0.697349 0.703273
1768827277.055344582 3.550934 2.142985 0.037389 0.100471 0.095886 -0.696965 0.703528
1768827277.154805660 3.549603 2.124921 0.036103 0.100762 0.095869 -0.697378 0.703079
1768827277.254382133 3.546915 2.104888 0.037128 0.103495 0.094229 -0.696864 0.703414
1768827277.355186939 3.547242 2.087753 0.038247 0.103367 0.094473 -0.697158 0.703108
1768827277.458303452 3.543803 2.065345 0.033580 0.102040 0.095383 -0.697478 0.702862
1768827277.555265903 3.543937 2.044162 0.033873 0.101489 0.096594 -0.697376 0.702877
1768827277.655210495 3.544912 2.024876 0.036124 0.103274 0.095472 -0.697236 0.702910
1768827277.754347563 3.543198 2.005618 0.032835 0.104779 0.094679 -0.697225 0.702805
1768827277.857719660 3.543985 1.987371 0.031766 0.103180 0.095760 -0.697281 0.702840
1768827277.955661535 3.543487 1.968455 0.030946 0.103274 0.095763 -0.697062 0.703043
1768827278.054313660 3.541949 1.948616 0.029448 0.103915 0.095062 -0.696718 0.703384
1768827278.155165195 3.545412 1.931832 0.031048 0.101577 0.096306 -0.697482 0.702799
1768827278.254918575 3.548737 1.913915 0.029131 0.101342 0.095405 -0.697745 0.702694
1768827278.354584694 3.549436 1.894108 0.028488 0.100993 0.094927 -0.698021 0.702535
1768827278.454312325 3.549935 1.875687 0.037389 0.105516 0.094730 -0.700526 0.699396
1768827278.555722237 3.546033 1.855013 0.042794 0.104962 0.094632 -0.699732 0.700288
1768827278.654346466 3.543088 1.835865 0.041186 0.103655 0.095841 -0.693559 0.706432
1768827278.754342556 3.542527 1.815174 0.048770 0.099855 0.096662 -0.679170 0.720704
1768827278.857049227 3.546123 1.798054 0.050655 0.099272 0.098222 -0.673062 0.726282
1768827278.954369307 3.547316 1.778474 0.047201 0.097891 0.096875 -0.671796 0.727820
1768827279.054379940 3.548023 1.756054 0.035735 0.099651 0.095922 -0.671381 0.728091
1768827279.154334545 3.548511 1.737875 0.042377 0.099722 0.098543 -0.671662 0.727471
1768827279.254891396 3.550058 1.719930 0.047419 0.098541 0.098125 -0.671712 0.727642
1768827279.354807138 3.551395 1.697952 0.048170 0.100329 0.099687 -0.671319 0.727549
1768827279.454245090 3.552056 1.680884 0.043829 0.097077 0.095661 -0.671844 0.728046
1768827279.554828644 3.554202 1.661442 0.036907 0.101206 0.101171 -0.670887 0.727621
1768827279.654745340 3.554715 1.637050 0.030460 0.096968 0.095967 -0.671677 0.728174
1768827279.754290819 3.553387 1.615780 0.022504 0.103279 0.097165 -0.678167 0.721098
1768827279.854820013 3.552045 1.592473 0.001621 0.103091 0.097296 -0.676903 0.722294
1768827279.956562281 3.554669 1.575647 0.003862 0.101429 0.098303 -0.666648 0.731867
1768827280.054519176 3.560927 1.562444 0.008819 0.097302 0.101184 -0.648213 0.748408
1768827280.154866457 3.561715 1.556181 0.038484 0.091982 0.104546 -0.625516 0.767684
1768827280.255180359 3.567310 1.534643 0.041753 0.090819 0.107156 -0.616587 0.774655
1768827280.354465246 3.571814 1.512059 0.038678 0.093777 0.103848 -0.615854 0.775336
1768827280.456308603 3.575217 1.492451 0.044295 0.093111 0.103835 -0.615574 0.775640
1768827280.554858208 3.579740 1.472695 0.045792 0.092727 0.103725 -0.615391 0.775846
1768827280.654427767 3.583725 1.456259 0.053802 0.092856 0.105693 -0.614875 0.775974
1768827280.755208254 3.586578 1.435551 0.050460 0.094146 0.105228 -0.614259 0.776370
1768827280.854312897 3.589198 1.413138 0.042712 0.092597 0.107838 -0.614504 0.776003
1768827280.955227852 3.594977 1.390067 0.039518 0.090127 0.104538 -0.613237 0.777746
1768827281.054420471 3.602901 1.375713 0.041135 0.092220 0.107621 -0.602104 0.785738
1768827281.155771971 3.603405 1.354917 0.039215 0.089914 0.109340 -0.588973 0.795658
1768827281.255147457 3.609113 1.339170 0.039575 0.086815 0.111484 -0.569583 0.809697
1768827281.354520321 3.611754 1.322460 0.038008 0.083658 0.113535 -0.550415 0.822894
1768827281.454342842 3.621042 1.303473 0.036737 0.081797 0.114670 -0.545106 0.826450
1768827281.554767609 3.630576 1.283383 0.038482 0.081201 0.113249 -0.544047 0.827402
1768827281.653994799 3.638623 1.267732 0.038586 0.080211 0.113456 -0.543195 0.828030
1768827281.754498720 3.646126 1.250896 0.038814 0.080170 0.114535 -0.542331 0.828451
1768827281.854328156 3.653518 1.232962 0.039772 0.079580 0.113785 -0.541918 0.828882
1768827281.954951048 3.659774 1.213586 0.040342 0.079403 0.116558 -0.541170 0.829002
1768827282.054825068 3.665958 1.194231 0.041558 0.079811 0.115488 -0.540863 0.829313
1768827282.155301332 3.672208 1.176237 0.042463 0.079802 0.114887 -0.541221 0.829163
1768827282.254780293 3.678490 1.158415 0.044358 0.080136 0.114825 -0.540988 0.829292
1768827282.354480505 3.683492 1.139507 0.044627 0.079330 0.115074 -0.540871 0.829411
1768827282.454947948 3.692568 1.122668 0.043617 0.079746 0.114545 -0.540586 0.829630
1768827282.554679155 3.701550 1.110207 0.047217 0.079188 0.113741 -0.540193 0.830050
1768827282.654674768 3.712739 1.093882 0.038526 0.075561 0.115963 -0.539782 0.830348
1768827282.755129814 3.725491 1.077019 0.031383 0.075450 0.115808 -0.539479 0.830577
1768827282.854385376 3.729116 1.056096 0.037920 0.078596 0.115670 -0.538714 0.830801
1768827282.954341173 3.734903 1.040157 0.046605 0.078268 0.114577 -0.537990 0.831452
1768827283.054315567 3.745977 1.021444 0.040145 0.077644 0.116761 -0.538510 0.830870
1768827283.154545784 3.754668 1.002989 0.040019 0.077600 0.115819 -0.538201 0.831206
1768827283.254350901 3.761532 0.984078 0.041534 0.078632 0.116132 -0.538315 0.830992
1768827283.354381561 3.769637 0.965987 0.041449 0.077182 0.116135 -0.538730 0.830858
1768827283.454806805 3.776861 0.946863 0.042357 0.078164 0.116784 -0.538743 0.830667
1768827283.554352045 3.784105 0.928234 0.044274 0.076381 0.118024 -0.538392 0.830885
1768827283.654701233 3.792450 0.910329 0.042860 0.075964 0.116506 -0.538253 0.831228
1768827283.755151272 3.802249 0.892794 0.033756 0.077462 0.116947 -0.537374 0.831596
1768827283.854519367 3.807952 0.874614 0.037547 0.075754 0.116000 -0.537185 0.832008
1768827283.954838037 3.815011 0.855279 0.040811 0.078222 0.117309 -0.536473 0.832056
1768827284.057613850 3.821005 0.839534 0.042907 0.078305 0.118181 -0.536414 0.831963
1768827284.150379181 3.828421 0.821583 0.044504 0.078957 0.117604 -0.536411 0.831984
1768827284.255313158 3.836067 0.803456 0.045116 0.077148 0.115885 -0.537193 0.831891
1768827284.356063366 3.845499 0.787670 0.044659 0.075465 0.114874 -0.537706 0.831854
1768827284.455265284 3.852851 0.768383 0.041607 0.078645 0.117339 -0.537559 0.831311
1768827284.554706335 3.861640 0.747817 0.037070 0.073657 0.118135 -0.537618 0.831616
1768827284.654701471 3.870994 0.726424 0.036889 0.074683 0.117900 -0.537558 0.831597
1768827284.754330397 3.876761 0.708053 0.039853 0.075339 0.119400 -0.537009 0.831678
1768827284.854573250 3.886646 0.689112 0.044343 0.075607 0.115910 -0.536852 0.832249
1768827284.954786301 3.895388 0.677702 0.048715 0.077985 0.115157 -0.536510 0.832355
1768827285.054506302 3.903503 0.661965 0.046357 0.073977 0.115526 -0.536398 0.832741
1768827285.155742168 3.912214 0.646701 0.040551 0.075317 0.115198 -0.536399 0.832666
1768827285.255062103 3.917571 0.627441 0.037207 0.073499 0.116851 -0.536821 0.832326
1768827285.354684353 3.928371 0.607371 0.030281 0.073979 0.116397 -0.537086 0.832177
1768827285.454360008 3.934446 0.590067 0.030453 0.074603 0.117092 -0.537249 0.831918
1768827285.554371357 3.940845 0.569458 0.035152 0.079481 0.117803 -0.537277 0.831348
1768827285.654357433 3.945884 0.551940 0.036621 0.078935 0.117888 -0.537123 0.831487
1768827285.757570982 3.953092 0.532890 0.037892 0.079408 0.117921 -0.536793 0.831650
1768827285.854418755 3.961125 0.513724 0.047081 0.078313 0.115351 -0.536729 0.832155
1768827285.954608917 3.971292 0.499165 0.045787 0.075228 0.116788 -0.536373 0.832469
1768827286.054490805 3.980052 0.480511 0.042583 0.077781 0.114783 -0.536214 0.832616
1768827286.154393435 3.986018 0.467256 0.038778 0.079593 0.118164 -0.535990 0.832116
1768827286.254395247 3.993356 0.446494 0.041248 0.076568 0.117473 -0.535913 0.832547
1768827286.355870724 4.001355 0.429023 0.045344 0.080090 0.116917 -0.536373 0.831997
1768827286.454412937 4.008639 0.411885 0.049094 0.078274 0.116986 -0.536825 0.831869
1768827286.554792643 4.019101 0.393521 0.038625 0.075213 0.116641 -0.537391 0.831834
1768827286.654872417 4.026215 0.372504 0.041791 0.076681 0.119862 -0.536934 0.831538
1768827286.754571915 4.033523 0.351895 0.045172 0.078915 0.116334 -0.536554 0.832075
1768827286.854838133 4.039046 0.333809 0.048979 0.079441 0.118732 -0.535679 0.832250
1768827286.954411030 4.045055 0.313371 0.046660 0.080156 0.118621 -0.535317 0.832430
1768827287.054392576 4.053740 0.295008 0.047340 0.079946 0.118661 -0.535032 0.832628
1768827287.156078815 4.060909 0.281259 0.044917 0.079030 0.115984 -0.535280 0.832933
1768827287.253886223 4.071069 0.271745 0.048486 0.078214 0.115773 -0.535660 0.832795
1768827287.354376316 4.080351 0.252550 0.038272 0.076606 0.115986 -0.536146 0.832602
1768827287.454504251 4.090719 0.237696 0.035582 0.076034 0.115525 -0.536606 0.832422
1768827287.554544210 4.095026 0.217084 0.043747 0.079687 0.118034 -0.536390 0.831868
1768827287.655965805 4.097307 0.195153 0.037925 0.079464 0.118039 -0.536130 0.832056
1768827287.755328178 4.107607 0.179621 0.041186 0.080347 0.117662 -0.536169 0.831999
1768827287.854686022 4.119681 0.166875 0.042038 0.080769 0.117992 -0.535713 0.832205
1768827287.954284668 4.126981 0.146864 0.041991 0.079747 0.116089 -0.535850 0.832483
1768827288.054394960 4.134908 0.128679 0.042163 0.081791 0.119614 -0.534540 0.832628
1768827288.154822111 4.139390 0.105180 0.044164 0.081560 0.119047 -0.534185 0.832960
1768827288.254357100 4.146575 0.087744 0.045409 0.081870 0.118646 -0.534264 0.832936
1768827288.354568958 4.155995 0.067759 0.041757 0.076987 0.116380 -0.535434 0.832970
1768827288.455305338 4.165699 0.052507 0.036706 0.080305 0.115911 -0.535660 0.832577
1768827288.555218697 4.170631 0.035604 0.038268 0.081400 0.116808 -0.535157 0.832668
1768827288.655850649 4.178773 0.018318 0.041790 0.082145 0.116136 -0.535741 0.832314
1768827288.754454136 4.184647 0.002170 0.040920 0.081724 0.116295 -0.535897 0.832232
1768827288.856887102 4.191419 -0.018877 0.044831 0.079783 0.115754 -0.535493 0.832756
1768827288.954761505 4.198727 -0.035653 0.047911 0.080258 0.113938 -0.533392 0.834308
1768827289.054389954 4.210014 -0.052508 0.031869 0.079291 0.114437 -0.532141 0.835131
1768827289.155319214 4.219473 -0.071932 0.018634 0.081689 0.114005 -0.543587 0.827553
1768827289.254492760 4.224316 -0.088307 0.026176 0.084352 0.113268 -0.559845 0.816473
1768827289.356083393 4.229220 -0.107605 0.033114 0.086227 0.113741 -0.580224 0.801853
1768827289.455399990 4.233781 -0.125590 0.034998 0.088395 0.108655 -0.596483 0.790309
1768827289.556011438 4.239289 -0.138153 0.046179 0.089557 0.108730 -0.597779 0.789188
1768827289.654367447 4.245526 -0.154884 0.046560 0.088205 0.107370 -0.598474 0.789000
1768827289.756043911 4.250579 -0.177114 0.044571 0.090427 0.111609 -0.598212 0.788358
1768827289.854485989 4.255300 -0.197331 0.046079 0.091378 0.112380 -0.598054 0.788259
1768827289.954302549 4.261433 -0.215152 0.040839 0.087428 0.108007 -0.598358 0.789087
1768827290.054430246 4.265786 -0.232135 0.043970 0.088527 0.106359 -0.598041 0.789428
1768827290.155246973 4.268993 -0.250861 0.053688 0.088259 0.108449 -0.597769 0.789380
1768827290.254361153 4.273499 -0.266772 0.067522 0.087081 0.108243 -0.597599 0.789668
1768827290.354804754 4.279762 -0.287200 0.067883 0.087046 0.108053 -0.597716 0.789609
1768827290.454349756 4.286552 -0.309375 0.054733 0.088085 0.108661 -0.597759 0.789378
1768827290.554393053 4.290141 -0.335873 0.021111 0.089560 0.110937 -0.598050 0.788675
1768827290.655247927 4.294937 -0.355743 0.033669 0.089848 0.110606 -0.598297 0.788501
1768827290.754378080 4.300255 -0.370685 0.044971 0.090826 0.112120 -0.597470 0.788803
1768827290.855376005 4.305936 -0.388790 0.046748 0.087619 0.109545 -0.599472 0.788007
1768827290.954341412 4.309069 -0.410461 0.048368 0.090493 0.111147 -0.605029 0.783197
1768827291.054372787 4.315643 -0.430870 0.062877 0.092027 0.107828 -0.618629 0.772789
1768827291.154591560 4.316395 -0.446163 0.070787 0.094245 0.104930 -0.635215 0.759348
1768827291.255145788 4.320676 -0.462749 0.074588 0.097705 0.101964 -0.655173 0.742163
1768827291.354629755 4.321182 -0.480198 0.048157 0.102061 0.096448 -0.685350 0.714546
1768827291.454940319 4.324209 -0.496914 0.036427 0.102834 0.096132 -0.688139 0.711792
1768827291.554290533 4.321171 -0.517412 0.045439 0.102789 0.098213 -0.688713 0.710959
1768827291.654337645 4.323537 -0.531185 0.046267 0.103876 0.100161 -0.688716 0.710527
1768827291.754431486 4.322868 -0.553908 0.048851 0.103674 0.101126 -0.688456 0.710671
1768827291.854511261 4.324576 -0.573042 0.053504 0.104400 0.101441 -0.688472 0.710505
1768827291.954346418 4.323112 -0.595701 0.042825 0.103590 0.101052 -0.688963 0.710202
1768827292.054896593 4.325564 -0.617487 0.034083 0.104026 0.100236 -0.689003 0.710216
1768827292.156888008 4.323012 -0.633884 0.034662 0.099801 0.097387 -0.690070 0.710182
1768827292.254415035 4.322556 -0.651022 0.037517 0.104775 0.102602 -0.689023 0.709748
1768827292.355254650 4.323256 -0.667989 0.041457 0.105162 0.103413 -0.688857 0.709735
1768827292.455939531 4.322086 -0.691858 0.035366 0.103953 0.101737 -0.689580 0.709453
1768827292.554751635 4.326117 -0.709851 0.030661 0.101699 0.098562 -0.690211 0.709614
1768827292.654446840 4.320751 -0.724743 0.046901 0.099961 0.098821 -0.691161 0.708900
1768827292.754431009 4.324695 -0.743258 0.044356 0.101758 0.098681 -0.690573 0.709236
1768827292.854493856 4.325099 -0.766608 0.035463 0.100637 0.098513 -0.691252 0.708758
1768827292.954508066 4.326637 -0.772605 0.046116 0.104760 0.101327 -0.690421 0.708574
1768827293.054457664 4.329155 -0.797964 0.044495 0.107126 0.103039 -0.689506 0.708864
1768827293.154723644 4.329995 -0.821293 0.044534 0.106914 0.102678 -0.689620 0.708838
1768827293.255444288 4.330565 -0.840646 0.045251 0.107417 0.103048 -0.689490 0.708835
1768827293.355074883 4.330471 -0.860931 0.047024 0.107135 0.102730 -0.689566 0.708850
1768827293.454444408 4.329802 -0.880721 0.045182 0.106950 0.103352 -0.689682 0.708674
1768827293.556045532 4.331230 -0.901537 0.047918 0.106431 0.102106 -0.689674 0.708940
1768827293.654693127 4.329704 -0.921598 0.046127 0.105881 0.102844 -0.689755 0.708837
1768827293.754441500 4.328714 -0.942604 0.047171 0.104394 0.101930 -0.689881 0.709067
1768827293.854465485 4.330104 -0.958917 0.047749 0.102490 0.100079 -0.690513 0.708994
1768827293.954397440 4.331521 -0.980984 0.041083 0.104736 0.103929 -0.689554 0.709045
1768827294.055304527 4.332587 -1.002190 0.033490 0.103151 0.101978 -0.690205 0.708927
1768827294.154504299 4.332623 -1.023490 0.035921 0.104484 0.104355 -0.690007 0.708578
1768827294.254434586 4.333018 -1.045553 0.037224 0.104468 0.105006 -0.689608 0.708874
1768827294.355061054 4.333275 -1.064146 0.034721 0.103759 0.104935 -0.689654 0.708943
1768827294.454774857 4.337629 -1.078597 0.052410 0.103751 0.103333 -0.689563 0.709268
1768827294.555228949 4.338404 -1.095404 0.062156 0.103199 0.103182 -0.689274 0.709652
1768827294.655299902 4.339990 -1.114043 0.062042 0.102403 0.102758 -0.688891 0.710200
1768827294.754307508 4.340808 -1.134701 0.062208 0.101538 0.102415 -0.688998 0.710270
1768827294.854567051 4.340750 -1.157335 0.048320 0.101718 0.105052 -0.688321 0.710516
1768827294.954488516 4.350309 -1.180993 0.029798 0.102290 0.100873 -0.688083 0.711269
1768827295.054346561 4.343170 -1.194514 0.024496 0.101648 0.099010 -0.688675 0.711050
1768827295.155904055 4.344572 -1.220131 0.033619 0.101204 0.100695 -0.688682 0.710870
1768827295.254414797 4.345795 -1.237801 0.041864 0.099982 0.100202 -0.688760 0.711037
1768827295.354349375 4.345705 -1.253390 0.046977 0.101040 0.100263 -0.688851 0.710790
1768827295.455256701 4.345384 -1.272344 0.032625 0.101384 0.101291 -0.688467 0.710967
1768827295.554458618 4.344122 -1.291347 0.021337 0.101891 0.102401 -0.688604 0.710603
1768827295.654402733 4.340870 -1.310225 0.023058 0.101898 0.100976 -0.688636 0.710775
1768827295.754424334 4.333816 -1.327900 0.018910 0.101452 0.101141 -0.688753 0.710702
1768827295.854402065 4.333451 -1.347314 0.017980 0.101567 0.100899 -0.688748 0.710725
1768827295.954407692 4.339305 -1.368068 0.021494 0.102386 0.100927 -0.688374 0.710966
1768827296.054466724 4.348262 -1.389949 0.016516 0.104122 0.104555 -0.687882 0.710666
1768827296.155636787 4.356280 -1.409854 0.007481 0.104331 0.102880 -0.687892 0.710869
1768827296.254380941 4.357813 -1.427363 0.002270 0.103441 0.103628 -0.687947 0.710837
1768827296.354349136 4.360405 -1.446891 0.004477 0.103894 0.102836 -0.687937 0.710896
1768827296.454484701 4.358443 -1.466822 0.013718 0.103489 0.104174 -0.687792 0.710901
1768827296.554422855 4.355350 -1.483220 0.042381 0.101757 0.100784 -0.688883 0.710583
1768827296.654448271 4.356272 -1.498180 0.034907 0.100322 0.100537 -0.688623 0.711074
1768827296.755138636 4.358084 -1.518460 0.035007 0.100031 0.098066 -0.688433 0.711644
1768827296.855290413 4.357736 -1.538469 0.040936 0.102272 0.103784 -0.687746 0.711178
1768827296.954392672 4.360395 -1.556885 0.044508 0.099810 0.099821 -0.688443 0.711421
1768827297.054331303 4.362775 -1.575823 0.041639 0.099161 0.098203 -0.688235 0.711939
1768827297.155162334 4.365533 -1.592803 0.042480 0.099385 0.098079 -0.688032 0.712120
1768827297.254385471 4.367733 -1.612916 0.045539 0.099479 0.098126 -0.688411 0.711735
1768827297.354648352 4.370525 -1.633881 0.041840 0.099564 0.098581 -0.687797 0.712253
1768827297.455215454 4.370001 -1.658184 0.041061 0.099572 0.096616 -0.687812 0.712507
1768827297.556777000 4.369240 -1.674090 0.031952 0.102394 0.101446 -0.687696 0.711547
1768827297.654504061 4.372714 -1.701423 0.040575 0.097117 0.097522 -0.688814 0.711753
1768827297.755662203 4.370659 -1.708354 0.043797 0.098654 0.100012 -0.688454 0.711545
1768827297.854457378 4.374425 -1.734019 0.033615 0.100791 0.100571 -0.687462 0.712125
1768827297.954388142 4.376320 -1.754249 0.033165 0.100330 0.101000 -0.687735 0.711866
1768827298.055309772 4.375395 -1.776220 0.043017 0.098883 0.097163 -0.687234 0.713086
1768827298.154436111 4.370942 -1.798522 0.028125 0.095312 0.097197 -0.687938 0.712888
1768827298.254416943 4.374339 -1.816853 0.025248 0.098741 0.098510 -0.687880 0.712297
1768827298.355664730 4.374699 -1.837701 0.016937 0.098767 0.099052 -0.687794 0.712301
1768827298.454731703 4.373890 -1.856051 0.023747 0.098996 0.099238 -0.688258 0.711795
1768827298.554348469 4.372568 -1.872523 0.036778 0.095937 0.098247 -0.688114 0.712490
1768827298.654469967 4.372633 -1.888892 0.035747 0.095908 0.097942 -0.688137 0.712514
1768827298.755143166 4.370700 -1.906974 0.040902 0.096239 0.097095 -0.688132 0.712591
1768827298.854543447 4.372986 -1.925943 0.040053 0.096652 0.097321 -0.688167 0.712469
1768827298.954330921 4.370808 -1.945569 0.040188 0.099262 0.098792 -0.688145 0.711930
1768827299.054393768 4.368037 -1.965992 0.042413 0.101619 0.096779 -0.692373 0.707762
1768827299.156373978 4.363645 -1.990239 0.044021 0.103412 0.099429 -0.704018 0.695542
1768827299.254371405 4.358399 -2.005109 0.026404 0.105522 0.095117 -0.717858 0.681540
1768827299.354384184 4.355480 -2.023450 0.046711 0.108746 0.092337 -0.736188 0.661570
1768827299.454436541 4.347229 -2.035245 0.050237 0.109630 0.087272 -0.754249 0.641462
1768827299.554424286 4.342457 -2.052220 0.043704 0.114850 0.086193 -0.777796 0.611893
1768827299.655299664 4.335542 -2.061272 0.053214 0.116144 0.081774 -0.799249 0.583973
1768827299.754469156 4.327991 -2.077223 0.034313 0.120633 0.078384 -0.826633 0.544042
1768827299.856908798 4.323548 -2.084926 0.026331 -0.122712 -0.072106 0.855665 -0.497574
1768827299.954363585 4.319200 -2.088378 0.025208 -0.127145 -0.064788 0.876431 -0.459896
1768827300.055175781 4.317807 -2.119923 0.012527 -0.130035 -0.063787 0.884025 -0.444435
1768827300.154337168 4.301835 -2.133375 0.032771 -0.132180 -0.060709 0.885447 -0.441391
1768827300.254447460 4.284369 -2.147934 0.035731 -0.132423 -0.061287 0.885840 -0.440450
1768827300.354335785 4.270552 -2.159451 0.040051 -0.130475 -0.061680 0.886232 -0.440187
1768827300.454975128 4.258350 -2.171568 0.040953 -0.130614 -0.062725 0.886097 -0.440271
1768827300.555262089 4.247306 -2.186892 0.043743 -0.128769 -0.060794 0.886566 -0.440141
1768827300.654371262 4.237746 -2.202195 0.049923 -0.130905 -0.062114 0.885990 -0.440486
1768827300.755105734 4.221141 -2.220164 0.044371 -0.130437 -0.064973 0.885475 -0.441248
1768827300.854448080 4.206101 -2.232870 0.057093 -0.131087 -0.062794 0.886548 -0.439209
1768827300.955271006 4.190886 -2.247914 0.062745 -0.130781 -0.060530 0.890736 -0.431071
1768827301.054335594 4.176159 -2.259686 0.075252 -0.131531 -0.057454 0.898107 -0.415696
1768827301.154477358 4.162948 -2.271815 0.062917 -0.131261 -0.054967 0.908178 -0.393651
1768827301.254329920 4.136628 -2.286055 0.066496 -0.134769 -0.056719 0.914794 -0.376528
1768827301.354412794 4.120844 -2.299291 0.043795 -0.139097 -0.053640 0.924538 -0.350721
1768827301.457964897 4.099509 -2.307533 0.037250 -0.140652 -0.049104 0.937169 -0.315468
1768827301.554422140 4.084324 -2.311373 0.036681 -0.142182 -0.043788 0.949358 -0.276744
1768827301.655658007 4.088947 -2.313547 0.049354 -0.141047 -0.032225 0.963125 -0.226843
1768827301.754582405 4.060873 -2.323927 0.031631 -0.142343 -0.026659 0.973352 -0.177805
1768827301.854591131 4.044769 -2.322034 0.029359 -0.145498 -0.023223 0.979453 -0.137703
1768827301.955306292 4.043814 -2.328680 0.036260 -0.144802 -0.022788 0.981392 -0.124025
1768827302.054428101 4.036949 -2.333084 0.032105 -0.146374 -0.021193 0.981214 -0.123876
1768827302.154789925 4.025505 -2.339182 0.035648 -0.144002 -0.016920 0.981453 -0.125406
1768827302.254330873 4.009209 -2.337562 0.027226 -0.142507 -0.022483 0.981782 -0.123658
1768827302.354461193 4.000461 -2.348429 0.040570 -0.143776 -0.018293 0.981547 -0.124739
1768827302.454424381 3.973188 -2.351052 0.035226 -0.142982 -0.016271 0.981699 -0.124732
1768827302.554318190 3.962689 -2.352555 0.030722 -0.142558 -0.020560 0.981783 -0.123919
1768827302.654456377 3.946831 -2.360219 0.040548 -0.143499 -0.020666 0.981695 -0.123517
1768827302.754472971 3.919354 -2.368462 0.032996 -0.144196 -0.018474 0.981657 -0.123348
1768827302.855369329 3.893899 -2.374223 0.029941 -0.142891 -0.017640 0.981957 -0.122600
1768827302.954384565 3.872869 -2.380245 0.029233 -0.140787 -0.015576 0.982225 -0.123170
1768827303.054560661 3.859524 -2.377790 0.029250 -0.142979 -0.020256 0.981989 -0.121835
1768827303.154545069 3.847222 -2.381973 0.027190 -0.144062 -0.022423 0.981392 -0.124951
1768827303.254115343 3.828343 -2.385446 0.024484 -0.145575 -0.023418 0.980993 -0.126143
1768827303.354521275 3.807341 -2.390746 0.021333 -0.144950 -0.021647 0.982597 -0.114124
1768827303.455252647 3.792865 -2.393392 0.046493 -0.144224 -0.016175 0.984913 -0.094256
1768827303.555608273 3.774733 -2.396399 0.042823 -0.142259 -0.012167 0.987036 -0.073311
1768827303.655778170 3.755746 -2.394333 0.035432 -0.144614 -0.012278 0.987859 -0.055405
1768827303.754345655 3.736654 -2.395055 0.009324 -0.145606 -0.009030 0.988931 -0.027057
1768827303.857704639 3.716147 -2.393819 0.008190 -0.144650 -0.003657 0.989428 0.009727
1768827303.955412149 3.707500 -2.395129 0.014709 -0.144616 0.003139 0.987921 0.055569
1768827304.051573753 3.700696 -2.397981 0.036164 -0.141194 0.010519 0.983931 0.108780
1768827304.154699564 3.691882 -2.400980 0.029425 -0.141074 0.015601 0.979572 0.142456
1768827304.254725695 3.683847 -2.388327 0.023518 -0.141446 0.016816 0.978033 0.152190
1768827304.354803324 3.673072 -2.381963 0.031425 -0.140552 0.017375 0.977850 0.154120
1768827304.455285788 3.658170 -2.376864 0.031815 -0.144157 0.018487 0.977051 0.155722
1768827304.554435968 3.639105 -2.370666 0.027293 -0.144156 0.021492 0.977053 0.155318
1768827304.654345989 3.621210 -2.363052 0.015151 -0.144928 0.021428 0.976876 0.155726
1768827304.753262997 3.603339 -2.355415 0.015463 -0.144743 0.019780 0.976917 0.155857
1768827304.854616165 3.588771 -2.350498 0.029826 -0.140201 0.016672 0.977618 0.155977
1768827304.954551220 3.571486 -2.343940 0.034718 -0.140288 0.020204 0.977712 0.154890
1768827305.055170059 3.550918 -2.337642 0.039785 -0.141107 0.018685 0.977594 0.155078
1768827305.154357195 3.536659 -2.334082 0.024911 -0.145799 0.019606 0.976549 0.157193
1768827305.254472494 3.514585 -2.328122 -0.007269 -0.143906 0.019728 0.975146 0.167309
1768827305.355942249 3.497900 -2.322861 -0.002515 -0.141627 0.022073 0.972114 0.185605
1768827305.454497337 3.480308 -2.314281 -0.002323 -0.140234 0.025861 0.967114 0.210610
1768827305.554607868 3.464977 -2.307310 0.002004 -0.140004 0.030428 0.960256 0.239544
1768827305.657340288 3.447823 -2.296137 0.025267 -0.135106 0.036962 0.950738 0.276545
1768827305.754469633 3.437564 -2.293584 0.030385 -0.134488 0.041504 0.941080 0.307505
1768827305.854977608 3.430155 -2.280440 0.028552 -0.135746 0.048702 0.920680 0.362697
1768827305.954453468 3.415876 -2.279255 0.065356 -0.131721 0.055284 0.906485 0.397340
1768827306.054331064 3.409017 -2.263200 0.041090 -0.135630 0.056398 0.895420 0.420294
1768827306.154397488 3.394333 -2.242680 0.036695 -0.137333 0.060768 0.892670 0.424956
1768827306.255406857 3.384881 -2.229176 0.044401 -0.130541 0.056404 0.893392 0.426179
1768827306.354563713 3.373752 -2.212934 0.038644 -0.130205 0.057222 0.893621 0.425692
1768827306.454458237 3.361342 -2.194695 0.023544 -0.130339 0.056716 0.893744 0.425460
1768827306.554386616 3.351639 -2.182976 0.031366 -0.131576 0.057726 0.893326 0.425823
1768827306.654448032 3.338816 -2.167466 0.036058 -0.131526 0.058380 0.893679 0.425007
1768827306.755978346 3.325102 -2.148836 0.023237 -0.130660 0.057310 0.893912 0.424930
1768827306.854492426 3.314676 -2.134741 0.023153 -0.130005 0.057839 0.893903 0.425077
1768827306.954387426 3.303463 -2.121767 0.024178 -0.128373 0.056181 0.893615 0.426399
1768827307.054487228 3.294008 -2.107600 0.021203 -0.130919 0.055423 0.892840 0.427347
1768827307.156355143 3.284662 -2.090624 0.029879 -0.131453 0.058692 0.893073 0.426258
1768827307.257984638 3.274857 -2.075086 0.024038 -0.131590 0.055942 0.892636 0.427500
1768827307.354392529 3.260296 -2.059310 0.026496 -0.130781 0.057632 0.892947 0.426873
1768827307.454574108 3.244022 -2.041164 0.025967 -0.132357 0.058333 0.892920 0.426349
1768827307.554461718 3.229778 -2.024288 0.027652 -0.132848 0.059366 0.893075 0.425727
1768827307.654319525 3.222410 -2.013344 0.033511 -0.130897 0.057946 0.893538 0.425556
1768827307.754887819 3.213677 -2.000265 0.037933 -0.133505 0.059412 0.890991 0.429863
1768827307.854435682 3.201927 -1.986434 0.038309 -0.130442 0.059658 0.885120 0.442707
1768827307.954488754 3.194042 -1.978045 0.045913 -0.129725 0.062809 0.875586 0.461060
1768827308.054367781 3.181555 -1.962521 0.033992 -0.131040 0.066403 0.863563 0.482368
1768827308.155905247 3.174859 -1.943212 0.031252 -0.129459 0.070635 0.846720 0.511191
1768827308.254475355 3.169505 -1.931641 0.031926 -0.124566 0.075004 0.827875 0.541739
1768827308.354400635 3.161358 -1.918866 0.023734 -0.122844 0.077974 0.805777 0.574066
1768827308.454707623 3.153420 -1.910137 0.028279 -0.116241 0.084827 0.775950 0.614161
1768827308.554361105 3.152716 -1.895960 0.032174 -0.114910 0.085248 0.766915 0.625595
1768827308.654815197 3.150407 -1.871997 0.024420 -0.116668 0.086632 0.766147 0.626021
1768827308.754548073 3.146237 -1.854594 0.030067 -0.115189 0.086634 0.766032 0.626435
1768827308.854396820 3.142424 -1.835245 0.026736 -0.117815 0.083700 0.765248 0.627304
1768827308.955235720 3.139109 -1.815402 0.027220 -0.117638 0.088501 0.764750 0.627285
1768827309.054522276 3.133696 -1.795471 0.031163 -0.114933 0.085505 0.764954 0.627953
1768827309.154810667 3.133067 -1.778556 0.033483 -0.118835 0.088308 0.764757 0.627078
1768827309.254586935 3.132098 -1.757683 0.035510 -0.118663 0.088843 0.765460 0.626176
1768827309.354374647 3.129064 -1.734485 0.034055 -0.118186 0.088652 0.766059 0.625561
1768827309.458660126 3.125613 -1.715661 0.035986 -0.117987 0.089073 0.765823 0.625827
1768827309.555482149 3.124794 -1.697263 0.030980 -0.115352 0.088382 0.765688 0.626582
1768827309.656627417 3.118746 -1.678416 0.022591 -0.115825 0.089393 0.760822 0.632252
1768827309.755544901 3.114518 -1.658531 0.033597 -0.112912 0.089396 0.750461 0.645033
1768827309.854383230 3.108223 -1.638584 0.039294 -0.107385 0.087838 0.735061 0.663655
1768827309.954556465 3.102813 -1.631383 0.042892 -0.107224 0.090980 0.720689 0.678846
1768827310.054443121 3.103050 -1.609586 0.038030 -0.111501 0.097048 0.714992 0.683327
1768827310.154371500 3.104336 -1.588472 0.042539 -0.109495 0.094526 0.715357 0.683623
1768827310.254461288 3.106404 -1.567287 0.038415 -0.106545 0.094916 0.715851 0.683518
1768827310.357575417 3.107001 -1.548430 0.026265 -0.108642 0.095395 0.716018 0.682945
1768827310.455813169 3.104607 -1.527296 0.029684 -0.106547 0.090688 0.716695 0.683207
1768827310.554514885 3.110325 -1.513373 0.032839 -0.111714 0.094229 0.715942 0.682692
1768827310.654853344 3.105705 -1.491411 0.050956 -0.112323 0.095296 0.715575 0.682828
1768827310.754474401 3.105089 -1.472611 0.053028 -0.113029 0.095197 0.715533 0.682769
1768827310.854818344 3.102647 -1.453119 0.055032 -0.111173 0.095065 0.715536 0.683090
1768827310.954378128 3.102235 -1.435185 0.056552 -0.112724 0.096063 0.715720 0.682503
1768827311.054370880 3.099307 -1.413638 0.059274 -0.107281 0.095821 0.718051 0.680964
1768827311.155474424 3.099910 -1.392026 0.033248 -0.106183 0.096372 0.713467 0.685859
1768827311.255822420 3.100906 -1.378809 0.038007 -0.105902 0.095482 0.703557 0.696187
1768827311.354997635 3.096961 -1.358685 0.056259 -0.108803 0.099095 0.699642 0.699173
1768827311.454659224 3.104760 -1.336318 0.023821 -0.109627 0.096390 0.700022 0.699042
1768827311.554442406 3.105474 -1.313593 0.009859 -0.109569 0.095965 0.700361 0.698770
1768827311.654502153 3.105043 -1.296039 0.017748 -0.108239 0.092511 0.700902 0.698901
1768827311.754393816 3.103936 -1.272736 0.016366 -0.109877 0.096917 0.700792 0.698158
1768827311.854352713 3.104190 -1.255909 0.019921 -0.107458 0.092875 0.700771 0.699104
1768827311.954501152 3.103805 -1.240073 0.024049 -0.107201 0.093416 0.700242 0.699602
1768827312.054436922 3.102968 -1.221804 0.029134 -0.107816 0.093438 0.699713 0.700033
1768827312.154793024 3.105404 -1.209655 0.035223 -0.109364 0.094066 0.699602 0.699820
1768827312.254453897 3.099140 -1.175297 0.027518 -0.108169 0.097223 0.700435 0.698740
1768827312.354495764 3.107609 -1.159979 0.024486 -0.109552 0.096167 0.700162 0.698944
1768827312.454387426 3.103809 -1.146843 0.031790 -0.107434 0.094298 0.700178 0.699512
1768827312.554346085 3.104057 -1.122680 0.033437 -0.109506 0.096315 0.701156 0.697934
1768827312.654493093 3.103956 -1.097725 0.017935 -0.108747 0.095004 0.701199 0.698189
1768827312.754896402 3.103937 -1.079374 0.015790 -0.107601 0.094322 0.701171 0.698487
1768827312.854347944 3.104047 -1.064652 0.026474 -0.108475 0.095071 0.700837 0.698585
1768827312.954839706 3.104833 -1.045231 0.036206 -0.108970 0.095616 0.700250 0.699023
1768827313.054375648 3.104788 -1.020809 0.032469 -0.110636 0.097165 0.700072 0.698725
1768827313.154496431 3.105281 -1.002481 0.029903 -0.106904 0.093354 0.700672 0.699225
1768827313.254439831 3.105873 -0.985365 0.033280 -0.108865 0.095007 0.700224 0.699149
1768827313.354539633 3.106494 -0.965753 0.027399 -0.107103 0.093110 0.700802 0.699096
1768827313.454484940 3.103701 -0.947058 0.027291 -0.106657 0.093103 0.700812 0.699156
1768827313.554511309 3.102288 -0.923554 0.020051 -0.107919 0.095378 0.701253 0.698212
1768827313.654403687 3.096877 -0.897690 0.009079 -0.106795 0.095323 0.701519 0.698125
1768827313.754544258 3.101138 -0.882729 0.021799 -0.109954 0.096789 0.701087 0.697868
1768827313.854492188 3.102536 -0.861693 0.022635 -0.108053 0.093531 0.700787 0.698909
1768827313.954827547 3.102736 -0.842805 0.020654 -0.105616 0.092549 0.701331 0.698867
1768827314.054557323 3.102566 -0.825358 0.023208 -0.104787 0.091808 0.701062 0.699359
1768827314.154403448 3.102415 -0.806557 0.025023 -0.104741 0.091943 0.700929 0.699481
1768827314.254822731 3.102955 -0.788387 0.027137 -0.107024 0.092548 0.699976 0.700011
1768827314.354571104 3.100847 -0.771638 0.039689 -0.106021 0.092248 0.700160 0.700018
1768827314.455727100 3.102004 -0.751143 0.038755 -0.106389 0.092384 0.700541 0.699564
1768827314.554413080 3.102836 -0.730400 0.035884 -0.108254 0.095569 0.700648 0.698742
1768827314.654510021 3.104254 -0.707491 0.028465 -0.105997 0.092110 0.701428 0.698770
1768827314.754538774 3.103073 -0.687881 0.033090 -0.109517 0.096125 0.700812 0.698304
1768827314.854340553 3.105273 -0.666538 0.022869 -0.104854 0.091599 0.701567 0.698870
1768827314.954466581 3.105386 -0.649448 0.023064 -0.107124 0.093750 0.700645 0.699165
1768827315.054450512 3.105054 -0.630556 0.023171 -0.103766 0.089889 0.701235 0.699587
1768827315.156339645 3.104273 -0.611776 0.026110 -0.109537 0.097095 0.699626 0.699356
1768827315.254517794 3.105260 -0.591320 0.032029 -0.107077 0.092485 0.699707 0.700279
1768827315.354455948 3.105497 -0.573308 0.033875 -0.104812 0.090366 0.699904 0.700701
1768827315.455407143 3.104175 -0.557315 0.042963 -0.103957 0.089713 0.700341 0.700476
1768827315.554376602 3.102762 -0.538357 0.050591 -0.104575 0.090415 0.700542 0.700093
1768827315.654479265 3.104488 -0.518998 0.058628 -0.105120 0.090679 0.700811 0.699708
1768827315.754580736 3.103360 -0.496405 0.053055 -0.103512 0.089234 0.701015 0.699929
1768827315.854627132 3.103017 -0.479235 0.044878 -0.105283 0.090972 0.701071 0.699384
1768827315.956664801 3.103013 -0.459486 0.045705 -0.104590 0.090757 0.700931 0.699657
1768827316.054371834 3.104190 -0.438926 0.038831 -0.105020 0.091549 0.700678 0.699743
1768827316.154386282 3.104400 -0.417071 0.034801 -0.101022 0.088316 0.701251 0.700173
1768827316.254445314 3.104419 -0.401054 0.031136 -0.103117 0.089914 0.700300 0.700616
1768827316.356447697 3.102969 -0.382207 0.035241 -0.101967 0.088780 0.700606 0.700623
1768827316.454506874 3.103528 -0.364722 0.030029 -0.102478 0.089207 0.700487 0.700613
1768827316.555042267 3.103805 -0.345371 0.030854 -0.104557 0.091295 0.700721 0.699802
1768827316.654896021 3.104674 -0.321973 0.034620 -0.104909 0.092416 0.700872 0.699451
1768827316.754536152 3.105216 -0.301610 0.033471 -0.106326 0.092855 0.700932 0.699118
1768827316.855823755 3.105477 -0.282362 0.040822 -0.105590 0.092338 0.701089 0.699141
1768827316.954741716 3.104101 -0.265415 0.036806 -0.104093 0.091055 0.701546 0.699075
1768827317.054376602 3.104132 -0.247430 0.030938 -0.103400 0.090790 0.701568 0.699191
1768827317.154662848 3.104942 -0.226777 0.034203 -0.105585 0.092851 0.700448 0.699716
1768827317.254350662 3.105016 -0.203999 0.035408 -0.105031 0.092360 0.700060 0.700252
1768827317.355788469 3.106796 -0.190630 0.038630 -0.105404 0.092766 0.699850 0.700353
1768827317.454571486 3.105622 -0.163841 0.041825 -0.105690 0.094740 0.700283 0.699613
1768827317.554559708 3.108980 -0.146088 0.044263 -0.106737 0.095321 0.700467 0.699190
1768827317.654461861 3.109240 -0.128234 0.039566 -0.105287 0.093439 0.700843 0.699288
1768827317.754560947 3.108024 -0.110032 0.033336 -0.105769 0.092903 0.700597 0.699532
1768827317.854838371 3.107141 -0.093378 0.039244 -0.104985 0.091479 0.700633 0.699802
1768827317.954442501 3.106835 -0.068761 0.031612 -0.105146 0.092561 0.701402 0.698865
1768827318.054372311 3.101558 -0.050957 0.028579 -0.106687 0.090366 0.706773 0.693486
1768827318.154500484 3.099793 -0.025599 0.023368 -0.106983 0.088169 0.720332 0.679634
1768827318.254546881 3.102518 -0.001968 0.011373 -0.110679 0.089432 0.736824 0.660941
1768827318.354507446 3.101520 0.013744 0.018348 -0.114390 0.084199 0.754390 0.640876
1768827318.454398155 3.098204 0.024776 0.037967 -0.119490 0.084422 0.774832 0.615004
1768827318.556802750 3.093541 0.038876 0.040783 -0.121767 0.079719 0.797016 0.586160
1768827318.654473305 3.090522 0.053263 0.042420 -0.125151 0.075722 0.819690 0.553815
1768827318.754464626 3.102173 0.063315 0.035333 -0.127233 0.067706 0.855297 0.497688
1768827318.855761051 3.085463 0.067459 0.032329 -0.130230 0.062735 0.875822 0.460478
1768827318.954488754 3.068887 0.081273 0.028060 -0.135579 0.061286 0.880490 0.450111
1768827319.054458380 3.058132 0.100986 0.017683 -0.132671 0.060389 0.881642 0.448841
1768827319.154503107 3.051087 0.116404 0.029546 -0.132176 0.059496 0.881894 0.448612
1768827319.256039858 3.038943 0.133247 0.042397 -0.135827 0.060691 0.881473 0.448190
1768827319.355693340 3.027356 0.148833 0.034988 -0.133329 0.059249 0.880554 0.450929
1768827319.454389572 3.014969 0.162522 0.041553 -0.133400 0.059074 0.880748 0.450552
1768827319.554424524 3.001615 0.179925 0.040617 -0.133135 0.058650 0.881894 0.448440
1768827319.654488325 2.993078 0.195703 0.045413 -0.131446 0.058259 0.884176 0.444478
1768827319.754539728 2.984018 0.209191 0.044076 -0.134935 0.061395 0.888373 0.434530
1768827319.854341269 2.969493 0.220227 0.045643 -0.136140 0.058964 0.897383 0.415563
1768827319.954520941 2.958099 0.239575 0.038744 -0.134316 0.050690 0.908253 0.393022
1768827320.054077148 2.946411 0.248059 0.025823 -0.134197 0.043998 0.920892 0.363336
1768827320.154456139 2.935471 0.255616 0.026637 -0.140965 0.045155 0.932276 0.330077
1768827320.254433870 2.924054 0.262330 0.024675 -0.137324 0.034331 0.945530 0.293149
1768827320.354599953 2.912780 0.269912 0.021351 -0.143614 0.032188 0.958241 0.245181
1768827320.454437017 2.903291 0.276205 0.033450 -0.140664 0.027304 0.966460 0.213128
1768827320.554390430 2.887470 0.282560 0.028053 -0.144532 0.026219 0.966638 0.209845
1768827320.654573917 2.863947 0.294711 0.023916 -0.139632 0.024729 0.967498 0.209377
1768827320.754648685 2.850503 0.296757 0.017403 -0.138870 0.024719 0.967632 0.209265
1768827320.854484320 2.835574 0.304646 0.018165 -0.140367 0.025111 0.967429 0.209160
1768827320.954891682 2.819145 0.315257 0.029354 -0.143418 0.027555 0.966894 0.209254
1768827321.054536581 2.803853 0.322964 0.032023 -0.144225 0.028731 0.966805 0.208954
1768827321.154541492 2.784587 0.330578 0.029135 -0.144904 0.028832 0.966768 0.208639
1768827321.254356146 2.765423 0.339997 0.028630 -0.143550 0.028012 0.966964 0.208782
1768827321.354413748 2.744668 0.349633 0.021389 -0.143802 0.024023 0.967094 0.208503
1768827321.454382658 2.725470 0.362041 0.019159 -0.142878 0.026214 0.967177 0.208488
1768827321.554355621 2.706750 0.372317 0.026767 -0.144884 0.027940 0.966848 0.208404
1768827321.654548407 2.688280 0.383083 0.022407 -0.143398 0.026692 0.967191 0.208004
1768827321.754540443 2.673133 0.385746 0.017927 -0.144077 0.027489 0.967055 0.208063
1768827321.854625225 2.656789 0.392694 0.019914 -0.139132 0.025026 0.967871 0.207945
1768827321.954436064 2.638498 0.402835 0.025292 -0.143361 0.026452 0.967238 0.207842
1768827322.054409027 2.619883 0.417089 0.026655 -0.143732 0.026254 0.967201 0.207783
1768827322.154616833 2.602105 0.426563 0.026181 -0.143074 0.026154 0.967364 0.207492
1768827322.254535675 2.585750 0.432924 0.026783 -0.142880 0.026764 0.967350 0.207610
1768827322.355879545 2.566760 0.436144 0.018668 -0.140291 0.028816 0.967234 0.209633
1768827322.454440355 2.548419 0.454173 0.017533 -0.141665 0.026535 0.969129 0.200041
1768827322.554402590 2.534709 0.456590 0.024673 -0.141795 0.022679 0.972538 0.183168
1768827322.654424429 2.519350 0.458608 0.023597 -0.142028 0.019717 0.976247 0.162425
1768827322.754462242 2.501426 0.464823 0.027848 -0.143347 0.020018 0.976175 0.161659
1768827322.854557037 2.484173 0.471681 0.032964 -0.145836 0.020496 0.975881 0.161145
1768827322.954463243 2.465417 0.478415 0.030716 -0.143797 0.019707 0.976200 0.161145
1768827323.054439783 2.438781 0.486396 0.023579 -0.145655 0.020284 0.975917 0.161117
1768827323.158895016 2.424053 0.492570 0.025530 -0.143396 0.019466 0.976273 0.161088
1768827323.254400253 2.406441 0.502274 0.011309 -0.143479 0.019500 0.976333 0.160644
1768827323.354454041 2.393555 0.503890 0.014160 -0.141560 0.019490 0.976535 0.161120
1768827323.454554081 2.382764 0.505981 0.031127 -0.141383 0.019003 0.976536 0.161332
1768827323.554419518 2.364542 0.512826 0.030978 -0.141205 0.018919 0.976578 0.161244
1768827323.654554129 2.347358 0.519563 0.030301 -0.141111 0.019021 0.976600 0.161176
1768827323.754369736 2.321404 0.524643 0.026495 -0.141819 0.020078 0.976123 0.163305
1768827323.855862141 2.296965 0.539891 0.003881 -0.143821 0.020759 0.976851 0.156995
1768827323.956815243 2.279125 0.544065 0.009632 -0.143896 0.018108 0.979284 0.141311
1768827324.056592941 2.265250 0.546339 0.020249 -0.141958 0.012364 0.982274 0.121791
1768827324.151093960 2.251277 0.547359 0.021330 -0.140499 0.007669 0.985221 0.097681
1768827324.255243540 2.232646 0.550229 0.022739 -0.143116 0.004931 0.987799 0.061207
1768827324.354486942 2.215888 0.551232 0.020798 -0.143984 0.002355 0.989172 0.028298
1768827324.454526663 2.198055 0.562589 0.020897 -0.143100 0.001031 0.989435 0.023230
1768827324.554525375 2.178663 0.567781 0.019537 -0.143558 0.000513 0.989371 0.023133
1768827324.654410124 2.160163 0.562308 0.028620 -0.145870 -0.000808 0.989024 0.023530
1768827324.754644394 2.141426 0.558769 0.033718 -0.146305 -0.000654 0.988951 0.023887
1768827324.854463100 2.120973 0.559269 0.034849 -0.146521 -0.000385 0.988898 0.024751
1768827324.954496384 2.102130 0.560641 0.033182 -0.146975 -0.000574 0.988824 0.024992
1768827325.054393768 2.083266 0.561848 0.030630 -0.146656 0.001497 0.988878 0.024700
1768827325.154475927 2.063923 0.562513 0.026583 -0.147265 0.002757 0.988802 0.024015
1768827325.254419327 2.045396 0.563861 0.021404 -0.147060 0.001546 0.988845 0.023586
1768827325.354960918 2.022177 0.571830 0.017752 -0.146922 0.003548 0.988870 0.023166
1768827325.454540968 2.006674 0.574211 0.010915 -0.149019 0.004526 0.988569 0.022435
1768827325.556046963 1.985395 0.569414 0.018557 -0.147237 0.001048 0.988832 0.023074
1768827325.654701233 1.968267 0.574684 0.018956 -0.146120 -0.000126 0.988998 0.023082
1768827325.754565954 1.946557 0.575887 0.025994 -0.147632 0.000260 0.988751 0.023997
1768827325.854457617 1.926385 0.575216 0.024501 -0.147852 -0.000407 0.988708 0.024427
1768827325.954428434 1.905006 0.578467 0.014989 -0.147710 0.003619 0.988721 0.024498
1768827326.054493189 1.884260 0.578476 0.015360 -0.148709 0.003138 0.988563 0.024891
1768827326.154395819 1.867653 0.580147 0.006152 -0.149389 0.003707 0.988464 0.024649
1768827326.255426168 1.846509 0.580865 0.008384 -0.148206 0.003298 0.988650 0.024414
1768827326.356808662 1.827161 0.583396 0.015221 -0.147561 0.000945 0.988751 0.024403
1768827326.459156752 1.806757 0.585725 0.014360 -0.145999 0.002240 0.988993 0.023908
1768827326.554471016 1.789568 0.588921 0.017876 -0.146012 0.001064 0.988994 0.023868
1768827326.654405117 1.771648 0.587096 0.022440 -0.145738 0.001000 0.989033 0.023945
1768827326.754572630 1.751306 0.587522 0.022016 -0.147103 0.000985 0.988817 0.024497
1768827326.852043152 1.731665 0.586359 0.025858 -0.147408 0.003010 0.988761 0.024764
1768827326.954891443 1.710656 0.587664 0.016771 -0.147627 0.004584 0.988706 0.025428
1768827327.054559946 1.690665 0.586756 0.015168 -0.147975 0.005473 0.988644 0.025613
1768827327.154576540 1.669554 0.589876 0.019146 -0.147907 0.002298 0.988661 0.025848
1768827327.254556417 1.650298 0.589404 0.027744 -0.148566 0.001996 0.988565 0.025746
1768827327.358432293 1.632226 0.590458 0.022639 -0.147095 0.002399 0.988792 0.025463
1768827327.454602242 1.613627 0.594933 0.021210 -0.147251 0.004156 0.988779 0.024799
1768827327.554445267 1.590842 0.599405 0.017460 -0.147619 0.003852 0.988723 0.024918
1768827327.654392719 1.571715 0.599885 0.013319 -0.147060 0.003543 0.988808 0.024883
1768827327.754403591 1.554675 0.600773 0.020523 -0.147167 0.002847 0.988795 0.024860
1768827327.854496717 1.535385 0.602295 0.021545 -0.147025 0.002851 0.988806 0.025267
1768827327.954447031 1.511852 0.606474 0.018981 -0.148160 0.002523 0.988621 0.025893
1768827328.054884911 1.492280 0.603120 0.013327 -0.148306 0.005620 0.988579 0.026186
1768827328.154838085 1.473638 0.601720 0.010250 -0.148242 0.005372 0.988574 0.026788
1768827328.255302191 1.453103 0.604842 0.008101 -0.148087 0.006553 0.988593 0.026684
1768827328.354404211 1.434671 0.606588 0.012528 -0.147843 0.002897 0.988641 0.026898
1768827328.454475164 1.418280 0.607746 0.019948 -0.146992 0.004439 0.988857 0.023145
1768827328.554495096 1.401519 0.608762 0.022291 -0.147286 0.004496 0.988864 0.020826
1768827328.654445648 1.382677 0.608868 0.025115 -0.145918 0.004024 0.989080 0.020327
1768827328.754415274 1.364194 0.609685 0.022548 -0.146850 0.004471 0.988950 0.019828
1768827328.854798555 1.343320 0.612434 0.027744 -0.145762 0.004717 0.989120 0.019312
1768827328.954626560 1.324094 0.610556 0.027765 -0.145767 0.004606 0.989112 0.019723
1768827329.054524183 1.303489 0.614256 0.029614 -0.145617 0.004364 0.989138 0.019540
1768827329.154495239 1.283863 0.613624 0.023563 -0.146168 0.003652 0.989058 0.019648
1768827329.254690886 1.263052 0.616941 0.019974 -0.149315 0.004282 0.988592 0.019297
1768827329.354527950 1.242022 0.619352 0.017125 -0.147752 0.002709 0.988843 0.018745
1768827329.454479694 1.220841 0.618968 0.014471 -0.147781 0.001638 0.988852 0.018184
1768827329.554539680 1.200631 0.619221 0.015644 -0.146566 0.002335 0.989038 0.017825
1768827329.654379606 1.183071 0.618731 0.018977 -0.145969 0.002919 0.989134 0.017248
1768827329.754583359 1.163332 0.619361 0.014586 -0.150054 0.003892 0.988532 0.016545
1768827329.854543447 1.144810 0.623248 0.009346 -0.150136 0.003669 0.988518 0.016691
1768827329.954489708 1.124418 0.624047 0.011419 -0.149700 0.003063 0.988587 0.016640
1768827330.054676533 1.102298 0.623507 0.002526 -0.147626 -0.001984 0.988893 0.017135
1768827330.154562235 1.081644 0.623727 0.001494 -0.148761 -0.001415 0.988725 0.017056
1768827330.254429579 1.061940 0.624511 0.005020 -0.148835 -0.000783 0.988721 0.016713
1768827330.354966164 1.042274 0.627640 0.008299 -0.149069 0.002966 0.988687 0.016329
1768827330.454510689 1.027321 0.626354 0.008731 -0.149617 0.000680 0.988620 0.015670
1768827330.555002689 1.002912 0.626384 0.000613 -0.148648 -0.000830 0.988780 0.014729
1768827330.654868364 0.981553 0.624076 -0.000679 -0.150832 -0.000969 0.988541 0.005961
1768827330.754404545 0.960997 0.629325 -0.003734 -0.151401 -0.002512 0.988455 -0.005391
1768827330.854433060 0.943754 0.631110 -0.003392 -0.151868 -0.002626 0.988356 -0.009024
1768827330.956647396 0.922599 0.633694 0.000899 -0.150122 -0.002546 0.988610 -0.010357
1768827331.054613590 0.907841 0.629856 0.010489 -0.147783 -0.001529 0.988967 -0.010067
1768827331.154404640 0.891236 0.629739 0.014134 -0.148124 -0.001543 0.988917 -0.009947
1768827331.254830360 0.865348 0.632765 0.007837 -0.150755 -0.003146 0.988521 -0.009424
1768827331.354493618 0.846886 0.631002 0.013205 -0.151378 -0.002088 0.988426 -0.009690
1768827331.452586174 0.829517 0.631405 0.015858 -0.150905 -0.001828 0.988491 -0.010447
1768827331.554567814 0.814065 0.625392 0.019833 -0.148062 -0.001394 0.988923 -0.010302
1768827331.654683828 0.791984 0.629987 0.014954 -0.149041 -0.002930 0.988765 -0.011072
1768827331.754465818 0.763267 0.633541 0.002096 -0.150850 -0.003351 0.988487 -0.011248
1768827331.854521751 0.739153 0.636111 0.002197 -0.149949 -0.003348 0.988618 -0.011757
1768827331.957880020 0.729086 0.628313 -0.003430 -0.147016 -0.001063 0.989066 -0.011530
1768827332.054716825 0.712676 0.623908 -0.000573 -0.146652 -0.001194 0.989123 -0.011249
1768827332.154394627 0.694853 0.624729 -0.002661 -0.146962 -0.001538 0.989081 -0.010895
1768827332.254549026 0.670389 0.625942 0.001603 -0.148491 -0.001864 0.988849 -0.011158
1768827332.354523659 0.655031 0.625356 0.007332 -0.148052 -0.002197 0.988921 -0.010551
1768827332.455601454 0.636619 0.625797 0.010348 -0.151207 -0.002362 0.988425 -0.012124
1768827332.554696083 0.617956 0.630105 0.016096 -0.150839 -0.002985 0.988470 -0.012911
1768827332.654533148 0.596675 0.626106 0.005950 -0.147768 -0.004750 0.988929 -0.012709
1768827332.754984379 0.573817 0.621174 -0.007720 -0.147737 -0.004257 0.988937 -0.012648
1768827332.854500771 0.557057 0.618663 -0.006598 -0.147841 -0.002648 0.988926 -0.012734
1768827332.954429150 0.537183 0.616398 -0.005802 -0.147755 -0.002403 0.988944 -0.012381
1768827333.054996014 0.520513 0.616245 -0.001856 -0.148136 -0.002900 0.988888 -0.012178
1768827333.154568195 0.501019 0.619754 -0.000642 -0.149409 -0.003743 0.988683 -0.013020
1768827333.254519701 0.471623 0.626600 -0.004985 -0.152145 -0.005840 0.988250 -0.013442
1768827333.354388237 0.453351 0.626590 -0.008886 -0.152331 -0.006379 0.988219 -0.013361
1768827333.454795122 0.433901 0.624812 -0.008663 -0.152750 -0.006142 0.988150 -0.013783
1768827333.555445194 0.420484 0.621764 -0.008630 -0.152135 -0.004607 0.988253 -0.013758
1768827333.654475927 0.402851 0.613957 -0.014431 -0.149559 -0.005196 0.988634 -0.014394
1768827333.754516840 0.379939 0.616101 -0.019851 -0.149069 -0.005775 0.988700 -0.014718
1768827333.854422092 0.358477 0.617955 -0.016832 -0.149623 -0.005976 0.988610 -0.015078
1768827333.954524040 0.342187 0.616491 -0.015452 -0.149585 -0.005071 0.988617 -0.015312
1768827334.054445744 0.323164 0.616712 -0.009391 -0.152686 -0.004147 0.988152 -0.015020
1768827334.154565573 0.304002 0.620593 0.001434 -0.152974 -0.003402 0.988102 -0.015536
1768827334.254701376 0.284239 0.620952 0.001362 -0.153890 -0.004173 0.987969 -0.014746
1768827334.356934547 0.263560 0.620296 0.006895 -0.153041 -0.002782 0.988099 -0.015185
1768827334.454559326 0.242839 0.619820 0.004725 -0.152391 -0.005510 0.988184 -0.015447
1768827334.554480076 0.223352 0.619792 0.003293 -0.152726 -0.004878 0.988126 -0.016068
1768827334.655295372 0.202694 0.618477 -0.001340 -0.148770 -0.004225 0.988712 -0.017292
1768827334.752832651 0.183187 0.614945 -0.006715 -0.147918 -0.005224 0.988821 -0.018045
1768827334.854412079 0.164226 0.612288 -0.010738 -0.148057 -0.005016 0.988794 -0.018471
1768827334.954613447 0.145067 0.611223 -0.011697 -0.149152 -0.003595 0.988648 -0.017773
1768827335.054438353 0.124029 0.613168 -0.010776 -0.154697 -0.002617 0.987816 -0.016791
1768827335.154675007 0.102054 0.616073 -0.010893 -0.154352 -0.002439 0.987883 -0.015988
1768827335.254492521 0.082550 0.618538 -0.010584 -0.153202 -0.001779 0.988064 -0.015990
1768827335.354562998 0.066218 0.616596 -0.017350 -0.151278 -0.003894 0.988343 -0.016686
1768827335.454463959 0.046884 0.614326 -0.027082 -0.150291 -0.006438 0.988481 -0.016617
1768827335.554485798 0.030985 0.608716 -0.031015 -0.148625 -0.003851 0.988722 -0.018007
1768827335.654442072 0.009307 0.608284 -0.026706 -0.148136 -0.004205 0.988783 -0.018608
1768827335.754979610 -0.010249 0.610162 -0.016660 -0.151213 -0.001664 0.988337 -0.017925
1768827335.855612278 -0.030040 0.611400 -0.008370 -0.148320 -0.001869 0.988772 -0.018084
1768827335.954486609 -0.053830 0.614727 -0.009353 -0.151856 -0.002717 0.988233 -0.018132
1768827336.055823326 -0.072828 0.613748 -0.000802 -0.150202 -0.000806 0.988487 -0.018224
1768827336.157397985 -0.091382 0.614612 0.000798 -0.148257 -0.001714 0.988782 -0.018107
1768827336.254570007 -0.107736 0.613666 -0.001200 -0.149076 -0.002722 0.988664 -0.017670
1768827336.354549170 -0.128298 0.611903 -0.005387 -0.150492 -0.001244 0.988454 -0.017575
1768827336.454596519 -0.148895 0.612986 -0.012514 -0.148596 -0.003217 0.988738 -0.017499
1768827336.554527760 -0.166509 0.608026 -0.024177 -0.150272 -0.001994 0.988490 -0.017351
1768827336.654542446 -0.187643 0.612894 -0.011167 -0.152561 -0.000765 0.988126 -0.018188
1768827336.757944107 -0.206481 0.611887 -0.011228 -0.151885 0.000294 0.988218 -0.018883
1768827336.854528189 -0.221622 0.610882 -0.005827 -0.148021 -0.000710 0.988799 -0.019131
1768827336.953636885 -0.238658 0.608013 -0.006491 -0.148664 -0.000057 0.988701 -0.019244
1768827337.054946184 -0.259531 0.608552 -0.005634 -0.148336 -0.000566 0.988761 -0.018652
1768827337.154550791 -0.282450 0.608924 -0.010344 -0.148838 -0.002114 0.988655 -0.020110
1768827337.254762173 -0.307193 0.610084 -0.017071 -0.148426 -0.001880 0.988723 -0.019840
1768827337.354541540 -0.329105 0.611797 -0.013701 -0.149036 -0.000753 0.988635 -0.019691
1768827337.454428673 -0.350773 0.611616 -0.011393 -0.150787 -0.000869 0.988375 -0.019437
1768827337.554677010 -0.366990 0.612248 -0.014333 -0.146642 -0.000610 0.988989 -0.019905
1768827337.654527903 -0.381824 0.605700 -0.016927 -0.143612 -0.000738 0.989426 -0.020260
1768827337.754572868 -0.401688 0.604393 -0.015691 -0.145652 -0.000367 0.989121 -0.020602
1768827337.854531288 -0.414993 0.602679 -0.013426 -0.144632 -0.000116 0.989257 -0.021239
1768827337.955798149 -0.439348 0.603729 -0.014401 -0.150404 -0.000765 0.988368 -0.022518
1768827338.054592848 -0.459654 0.604850 -0.014442 -0.146674 -0.002151 0.988926 -0.022506
1768827338.154939413 -0.479478 0.603288 -0.010365 -0.146107 -0.001210 0.989006 -0.022775
1768827338.254538774 -0.504418 0.605916 -0.010058 -0.149556 -0.001430 0.988469 -0.023678
1768827338.354472399 -0.527681 0.607104 -0.010221 -0.148271 -0.002797 0.988662 -0.023556
1768827338.457326412 -0.544026 0.605480 -0.010655 -0.147216 -0.001289 0.988839 -0.022887
1768827338.554768801 -0.558572 0.605002 -0.005704 -0.145387 -0.001319 0.989114 -0.022698
1768827338.654670954 -0.575084 0.602827 -0.006672 -0.144662 -0.001184 0.989211 -0.023086
1768827338.757174015 -0.596355 0.596229 -0.014272 -0.141407 -0.003045 0.989648 -0.024317
1768827338.854555130 -0.622025 0.598862 -0.017923 -0.145951 -0.004614 0.988958 -0.025271
1768827338.954877615 -0.641008 0.599074 -0.017208 -0.142502 -0.001888 0.989466 -0.025424
1768827339.054558039 -0.658228 0.594361 -0.021240 -0.144464 -0.003150 0.989158 -0.026218
1768827339.154754400 -0.677049 0.590884 -0.031303 -0.142811 -0.003631 0.989392 -0.026359
1768827339.254582644 -0.695897 0.589553 -0.034352 -0.142172 -0.004266 0.989482 -0.026362
1768827339.354494095 -0.712997 0.590127 -0.026850 -0.144159 -0.003206 0.989196 -0.026430
1768827339.454651356 -0.733727 0.592017 -0.023198 -0.141914 -0.004293 0.989521 -0.026257
1768827339.554160595 -0.750136 0.589334 -0.025579 -0.142124 -0.004923 0.989478 -0.026627
1768827339.654511690 -0.769807 0.587775 -0.026516 -0.142339 -0.005322 0.989437 -0.026927
1768827339.754458904 -0.793422 0.588256 -0.028546 -0.147857 -0.003412 0.988625 -0.027342
1768827339.854468346 -0.814460 0.591195 -0.020691 -0.149677 -0.001740 0.988354 -0.027387
1768827339.956260681 -0.834960 0.591802 -0.016898 -0.148887 -0.002114 0.988453 -0.028103
1768827340.054418325 -0.851515 0.592495 -0.013141 -0.148807 -0.002568 0.988452 -0.028500
1768827340.155663490 -0.868263 0.592051 -0.010541 -0.144884 -0.002543 0.989013 -0.029237
1768827340.254552364 -0.886258 0.588722 -0.003871 -0.142466 -0.002504 0.989351 -0.029688
1768827340.354637384 -0.907212 0.586724 -0.008227 -0.143287 -0.002800 0.989233 -0.029645
1768827340.454970121 -0.929056 0.589561 -0.006172 -0.146802 -0.003147 0.988757 -0.028250
1768827340.554426193 -0.951762 0.590614 -0.007631 -0.146775 -0.003494 0.988750 -0.028596
1768827340.654486179 -0.972982 0.590300 -0.011368 -0.145193 -0.004210 0.988971 -0.028946
1768827340.754564285 -0.994129 0.590365 -0.014215 -0.147337 -0.002577 0.988644 -0.029478
1768827340.854615688 -1.015726 0.588839 -0.015675 -0.146559 -0.001486 0.988731 -0.030497
1768827340.954481125 -1.029338 0.586141 -0.006721 -0.143408 -0.002688 0.989172 -0.031065
1768827341.056874514 -1.046048 0.585329 -0.004086 -0.144653 -0.003102 0.989004 -0.030609
1768827341.154829741 -1.062911 0.585958 0.001309 -0.144716 -0.002060 0.988963 -0.031708
1768827341.254437208 -1.084761 0.585308 -0.002846 -0.145764 -0.002711 0.988804 -0.031809
1768827341.354573965 -1.105341 0.582985 -0.008463 -0.143783 -0.002341 0.989086 -0.032091
1768827341.454654217 -1.124001 0.580407 -0.012447 -0.144552 -0.002711 0.988971 -0.032137
1768827341.554449320 -1.141404 0.577995 -0.013737 -0.143776 -0.002183 0.989093 -0.031925
1768827341.654673100 -1.158830 0.575843 -0.012568 -0.142140 -0.001315 0.989334 -0.031838
1768827341.754725933 -1.175263 0.574509 -0.008645 -0.142433 -0.002056 0.989296 -0.031652
1768827341.854724169 -1.200186 0.575235 -0.013121 -0.147544 -0.001658 0.988510 -0.032813
1768827341.954694510 -1.219678 0.576046 -0.014934 -0.144186 -0.003015 0.988996 -0.032974
1768827342.054531336 -1.238094 0.574195 -0.014658 -0.145744 -0.002230 0.988746 -0.033683
1768827342.154529095 -1.257573 0.572971 -0.013707 -0.147238 -0.001098 0.988516 -0.034010
1768827342.254686117 -1.275575 0.571659 -0.011032 -0.147577 -0.000881 0.988445 -0.034596
1768827342.354599476 -1.297540 0.572370 -0.015695 -0.145306 -0.002485 0.988795 -0.034123
1768827342.454627752 -1.313552 0.569107 -0.016884 -0.143157 -0.002538 0.989116 -0.033903
1768827342.554566622 -1.330670 0.567407 -0.015903 -0.143242 -0.003065 0.989104 -0.033845
1768827342.654556751 -1.354801 0.567379 -0.019536 -0.147009 -0.004589 0.988517 -0.034670
1768827342.754562616 -1.375412 0.567365 -0.018471 -0.148002 -0.003215 0.988378 -0.034548
1768827342.854373217 -1.394300 0.566399 -0.016843 -0.144826 -0.003765 0.988841 -0.034722
1768827342.954559565 -1.413600 0.565757 -0.015298 -0.145700 -0.004411 0.988685 -0.035424
1768827343.054616451 -1.434269 0.563327 -0.016862 -0.148750 -0.003568 0.988204 -0.036255
1768827343.154825926 -1.454833 0.560497 -0.024387 -0.143548 -0.004211 0.988946 -0.036896
1768827343.254566669 -1.476223 0.561124 -0.024733 -0.148679 -0.004353 0.988183 -0.037005
1768827343.354624271 -1.495571 0.560800 -0.022210 -0.145088 -0.004550 0.988729 -0.036663
1768827343.454363585 -1.507748 0.552365 -0.026327 -0.143774 -0.004774 0.988922 -0.036601
1768827343.554662228 -1.530222 0.553967 -0.028890 -0.143559 -0.005747 0.988955 -0.036413
1768827343.654633522 -1.549614 0.553689 -0.029160 -0.144562 -0.006648 0.988788 -0.036816
1768827343.754605770 -1.566435 0.552613 -0.040559 -0.144353 -0.007532 0.988802 -0.037103
1768827343.854671240 -1.586346 0.551741 -0.039383 -0.144022 -0.008098 0.988824 -0.037674
1768827343.954576492 -1.605537 0.550268 -0.043930 -0.144099 -0.007721 0.988786 -0.038456
1768827344.054629326 -1.624939 0.548608 -0.039834 -0.144220 -0.008506 0.988736 -0.039109
1768827344.154466867 -1.647429 0.548817 -0.033426 -0.148631 -0.004645 0.988076 -0.039908
1768827344.254569054 -1.668691 0.550936 -0.028064 -0.147106 -0.005150 0.988309 -0.039735
1768827344.354692459 -1.684854 0.548141 -0.020893 -0.145014 -0.004718 0.988616 -0.039840
1768827344.454544067 -1.702571 0.544304 -0.022082 -0.143472 -0.003929 0.988813 -0.040611
1768827344.554567337 -1.723785 0.542070 -0.031249 -0.143263 -0.008286 0.988827 -0.040347
1768827344.654539108 -1.741028 0.540386 -0.032197 -0.145621 -0.003878 0.988507 -0.040416
1768827344.754730940 -1.756489 0.540988 -0.013263 -0.144456 -0.003730 0.988668 -0.040658
1768827344.854553938 -1.776893 0.539149 -0.023567 -0.144405 -0.004988 0.988643 -0.041322
1768827344.954551697 -1.798117 0.539167 -0.024975 -0.145210 -0.007188 0.988516 -0.041223
1768827345.054738998 -1.818213 0.537405 -0.023300 -0.145178 -0.004739 0.988464 -0.042886
1768827345.154481888 -1.837237 0.535226 -0.025182 -0.144420 -0.005945 0.988565 -0.042968
1768827345.254603386 -1.855766 0.531596 -0.027478 -0.142711 -0.005184 0.988782 -0.043782
1768827345.354472637 -1.876292 0.532607 -0.031055 -0.143055 -0.011273 0.988695 -0.043471
1768827345.454724550 -1.898045 0.530462 -0.040387 -0.144467 -0.009398 0.988512 -0.043407
1768827345.554622650 -1.925055 0.532295 -0.031093 -0.146591 -0.007555 0.988204 -0.043673
1768827345.654498816 -1.942047 0.531531 -0.034663 -0.147020 -0.005730 0.988159 -0.043517
1768827345.754550457 -1.957589 0.529375 -0.035476 -0.144313 -0.006891 0.988537 -0.043822
1768827345.854490519 -1.975628 0.526801 -0.038900 -0.143751 -0.006250 0.988659 -0.043023
1768827345.954493999 -1.992916 0.526059 -0.030543 -0.145264 -0.003579 0.988549 -0.040693
1768827346.055759430 -2.008319 0.524495 -0.020833 -0.142862 -0.006455 0.988466 -0.049835
1768827346.155089378 -2.031378 0.519560 -0.028395 -0.143457 -0.008954 0.986828 -0.074235
1768827346.254979134 -2.054429 0.518111 -0.041083 -0.144462 -0.013531 0.984571 -0.097816
1768827346.354604244 -2.071610 0.514837 -0.054198 -0.145220 -0.015018 0.983053 -0.110875
1768827346.454720736 -2.090427 0.509252 -0.049838 -0.143774 -0.015066 0.983085 -0.112455
1768827346.554534674 -2.104262 0.506613 -0.031278 -0.140632 -0.016108 0.983475 -0.112873
1768827346.654627085 -2.123482 0.500199 -0.035226 -0.143347 -0.014019 0.983031 -0.113598
1768827346.754572392 -2.144429 0.496200 -0.039975 -0.144029 -0.015052 0.982851 -0.114166
1768827346.854727745 -2.162962 0.493123 -0.032450 -0.139333 -0.016154 0.983483 -0.114400
1768827346.954615116 -2.176395 0.487356 -0.031956 -0.139961 -0.015495 0.983293 -0.115353
1768827347.054543495 -2.199075 0.485800 -0.029902 -0.139747 -0.015875 0.983135 -0.116893
1768827347.154577017 -2.215284 0.484224 -0.029506 -0.140793 -0.016389 0.982922 -0.117358
1768827347.254603624 -2.233921 0.478251 -0.024882 -0.140403 -0.015996 0.982784 -0.119028
1768827347.354527950 -2.252530 0.473789 -0.028005 -0.139957 -0.016008 0.982807 -0.119361
1768827347.454895020 -2.270206 0.470590 -0.026420 -0.140954 -0.015847 0.982687 -0.119193
1768827347.554633141 -2.288226 0.466353 -0.026967 -0.140538 -0.016157 0.982694 -0.119583
1768827347.654571533 -2.304828 0.461488 -0.024137 -0.143768 -0.016022 0.982194 -0.119871
1768827347.754544258 -2.326060 0.459598 -0.010055 -0.145116 -0.016757 0.981979 -0.119909
1768827347.854459047 -2.348198 0.454197 -0.020825 -0.144013 -0.016758 0.982148 -0.119851
1768827347.954630136 -2.365844 0.450510 -0.018782 -0.142727 -0.017329 0.982290 -0.120143
1768827348.054647207 -2.385832 0.444788 -0.026926 -0.142080 -0.015523 0.982210 -0.121799
1768827348.154620886 -2.407654 0.441697 -0.035196 -0.143506 -0.016826 0.981853 -0.122833
1768827348.254475594 -2.426213 0.437348 -0.036903 -0.143519 -0.016839 0.981836 -0.122954
1768827348.354724407 -2.442776 0.433307 -0.027850 -0.144839 -0.017450 0.981578 -0.123375
1768827348.454698801 -2.465007 0.429429 -0.039891 -0.146361 -0.017093 0.981267 -0.124106
1768827348.555381775 -2.481453 0.425892 -0.020162 -0.148433 -0.017078 0.980945 -0.124190
1768827348.654515028 -2.502258 0.419126 -0.022302 -0.148365 -0.016805 0.980947 -0.124293
1768827348.754494667 -2.519002 0.416700 -0.011239 -0.147348 -0.016652 0.981081 -0.124461
1768827348.853702784 -2.535106 0.412107 -0.009434 -0.147564 -0.016294 0.980988 -0.124988
1768827348.954649687 -2.553448 0.408341 -0.012195 -0.144792 -0.017463 0.981410 -0.124757
1768827349.054748297 -2.573985 0.401936 -0.021314 -0.147062 -0.017983 0.980994 -0.125298
1768827349.154463053 -2.593333 0.395242 -0.021224 -0.147382 -0.017374 0.980856 -0.126089
1768827349.254477978 -2.613747 0.391856 -0.025059 -0.146589 -0.018231 0.980936 -0.126269
1768827349.355605364 -2.630842 0.386899 -0.012622 -0.147782 -0.017909 0.980662 -0.127050
1768827349.454519510 -2.655724 0.379162 -0.024379 -0.151731 -0.018155 0.980042 -0.127148
1768827349.554460764 -2.678108 0.371063 -0.027599 -0.152157 -0.018805 0.979915 -0.127517
1768827349.654480219 -2.691690 0.369637 -0.027142 -0.146121 -0.019646 0.980826 -0.127447
1768827349.754536629 -2.714194 0.366262 -0.051610 -0.146295 -0.018553 0.980731 -0.128142
1768827349.854501963 -2.734891 0.363376 -0.050188 -0.143250 -0.021150 0.981249 -0.127214
1768827349.954536915 -2.751196 0.358541 -0.056202 -0.143779 -0.020756 0.981153 -0.127418
1768827350.055100203 -2.772122 0.352825 -0.065887 -0.147284 -0.020467 0.980575 -0.127914
1768827350.154534578 -2.791172 0.348422 -0.066680 -0.148164 -0.021058 0.980402 -0.128126
1768827350.254468679 -2.810847 0.341398 -0.058441 -0.147862 -0.018962 0.980385 -0.128928
1768827350.354661942 -2.832047 0.334659 -0.059398 -0.148097 -0.018434 0.980277 -0.129556
1768827350.457817554 -2.852542 0.329013 -0.073096 -0.149641 -0.018248 0.980037 -0.129620
1768827350.557432175 -2.869061 0.326487 -0.068842 -0.151176 -0.019237 0.979800 -0.129492
1768827350.657583475 -2.884726 0.318205 -0.075721 -0.147007 -0.016750 0.980408 -0.130034
1768827350.754612923 -2.897760 0.315385 -0.067083 -0.145014 -0.016681 0.980686 -0.130184
1768827350.854653358 -2.916457 0.311703 -0.063742 -0.146071 -0.017223 0.980514 -0.130224
1768827350.954832077 -2.935036 0.306679 -0.056256 -0.145856 -0.018080 0.980594 -0.129749
1768827351.054533720 -2.952857 0.302072 -0.054405 -0.145059 -0.017908 0.980642 -0.130303
1768827351.154612303 -2.972149 0.298719 -0.053134 -0.147407 -0.019958 0.980249 -0.130322
1768827351.254601002 -2.994042 0.293165 -0.058487 -0.146036 -0.019065 0.980400 -0.130864
1768827351.353330612 -3.004721 0.288867 -0.038478 -0.144498 -0.019183 0.980559 -0.131361
1768827351.458772659 -3.027362 0.284040 -0.048533 -0.144319 -0.018908 0.980541 -0.131734
1768827351.554626703 -3.045547 0.278983 -0.050268 -0.146579 -0.019683 0.980235 -0.131401
1768827351.654653311 -3.065678 0.274829 -0.045750 -0.144229 -0.019605 0.980516 -0.131915
1768827351.754577637 -3.085210 0.269824 -0.046932 -0.144626 -0.019583 0.980479 -0.131763
1768827351.854588509 -3.105079 0.264564 -0.047598 -0.144310 -0.019599 0.980505 -0.131914
1768827351.954679966 -3.122681 0.260213 -0.046193 -0.145151 -0.020163 0.980391 -0.131747
1768827352.054591417 -3.143232 0.256310 -0.040301 -0.147053 -0.020600 0.980187 -0.131090
1768827352.155478716 -3.164355 0.254887 -0.049858 -0.145943 -0.022097 0.980301 -0.131232
1768827352.254736185 -3.177304 0.245232 -0.045117 -0.145409 -0.020227 0.980373 -0.131589
1768827352.354641914 -3.198194 0.239751 -0.043584 -0.145395 -0.021031 0.980179 -0.132915
1768827352.454578400 -3.220730 0.235169 -0.041119 -0.147504 -0.020352 0.979908 -0.132700
1768827352.554597139 -3.237462 0.233288 -0.034246 -0.149702 -0.020088 0.979585 -0.132662
1768827352.654528379 -3.258032 0.226161 -0.039998 -0.145460 -0.021240 0.980178 -0.132818
1768827352.754565477 -3.273042 0.221133 -0.038937 -0.144996 -0.020933 0.980236 -0.132950
1768827352.856806755 -3.292629 0.216783 -0.041055 -0.145676 -0.020974 0.980086 -0.133306
1768827352.955757856 -3.311359 0.210829 -0.040588 -0.145414 -0.020374 0.980097 -0.133600
1768827353.055130482 -3.333622 0.204895 -0.042681 -0.151729 -0.022703 0.979113 -0.133420
1768827353.155192614 -3.357310 0.198907 -0.054278 -0.151512 -0.022457 0.979044 -0.134209
1768827353.254564762 -3.374561 0.196569 -0.051220 -0.145848 -0.021869 0.979838 -0.134789
1768827353.354651690 -3.388923 0.193586 -0.037869 -0.150874 -0.022490 0.979071 -0.134727
1768827353.454470873 -3.406666 0.189663 -0.032317 -0.148490 -0.023261 0.979450 -0.134493
1768827353.554615259 -3.424880 0.184562 -0.031229 -0.148328 -0.022410 0.979412 -0.135090
1768827353.654537439 -3.441515 0.181715 -0.024767 -0.147659 -0.022008 0.979483 -0.135371
1768827353.754693985 -3.460048 0.177508 -0.027670 -0.149668 -0.023479 0.979127 -0.135495
1768827353.855192900 -3.482279 0.170822 -0.034855 -0.146293 -0.022890 0.979587 -0.135954
1768827353.955790758 -3.502220 0.164414 -0.031335 -0.149393 -0.022027 0.979128 -0.136031
1768827354.055027008 -3.518092 0.160258 -0.019940 -0.149685 -0.022368 0.979094 -0.135899
1768827354.154569626 -3.539815 0.153534 -0.020593 -0.153050 -0.022404 0.978550 -0.136067
1768827354.254643917 -3.563288 0.146513 -0.032904 -0.153359 -0.023298 0.978436 -0.136384
1768827354.354560375 -3.578593 0.142811 -0.022557 -0.149895 -0.022549 0.978903 -0.137013
1768827354.458110809 -3.597067 0.140385 -0.030165 -0.149898 -0.024191 0.978827 -0.137274
1768827354.554749250 -3.625464 0.135580 -0.062186 -0.150290 -0.024761 0.978770 -0.137148
1768827354.654798746 -3.644812 0.130213 -0.067002 -0.150768 -0.024116 0.978693 -0.137285
1768827354.754614592 -3.666429 0.123070 -0.054805 -0.153269 -0.022730 0.978317 -0.137435
1768827354.856839180 -3.687456 0.116627 -0.057120 -0.153005 -0.022290 0.978341 -0.137629
1768827354.953355551 -3.706795 0.112942 -0.056996 -0.152749 -0.022511 0.978425 -0.137280
1768827355.054678440 -3.724478 0.107392 -0.056321 -0.147006 -0.022704 0.979282 -0.137405
1768827355.154565811 -3.739254 0.101005 -0.049661 -0.147145 -0.022231 0.979353 -0.136824
1768827355.257249594 -3.763033 0.096182 -0.046757 -0.151802 -0.023215 0.978575 -0.137145
1768827355.354529858 -3.784096 0.091718 -0.052762 -0.152091 -0.023527 0.978478 -0.137459
1768827355.454601765 -3.794971 0.083721 -0.065422 -0.146908 -0.019595 0.979236 -0.138316
1768827355.554730892 -3.807596 0.079637 -0.058927 -0.146136 -0.020019 0.979270 -0.138830
1768827355.654802799 -3.825718 0.073721 -0.074211 -0.148366 -0.020707 0.978943 -0.138667
1768827355.754824400 -3.842636 0.067365 -0.070928 -0.149493 -0.020255 0.978745 -0.138923
1768827355.854579210 -3.859056 0.061822 -0.064668 -0.145850 -0.019080 0.979336 -0.138797
1768827355.954711437 -3.874708 0.055343 -0.061437 -0.144854 -0.019169 0.979471 -0.138874
1768827356.054534912 -3.897171 0.050275 -0.065735 -0.144778 -0.018910 0.979504 -0.138758
1768827356.154673576 -3.911725 0.044837 -0.064798 -0.144052 -0.019729 0.979591 -0.138782
1768827356.254724026 -3.931359 0.041396 -0.066980 -0.145280 -0.020220 0.979457 -0.138377
1768827356.354684830 -3.951549 0.036867 -0.062518 -0.147851 -0.021800 0.979030 -0.138437
1768827356.454667807 -3.972335 0.032741 -0.049621 -0.148081 -0.019962 0.979030 -0.138467
1768827356.554813623 -3.991290 0.028797 -0.049605 -0.145257 -0.020503 0.979385 -0.138873
1768827356.654676437 -4.008305 0.024029 -0.050840 -0.144083 -0.020224 0.979475 -0.139500
1768827356.754557848 -4.028400 0.018545 -0.052941 -0.144985 -0.019827 0.979437 -0.138888
1768827356.856432438 -4.048000 0.013683 -0.053817 -0.146097 -0.019601 0.979285 -0.138824
1768827356.954727650 -4.066603 0.009114 -0.053649 -0.144633 -0.019531 0.979488 -0.138938
1768827357.054491758 -4.085146 0.004373 -0.053763 -0.146006 -0.018944 0.979321 -0.138756
1768827357.154668093 -4.101769 0.000564 -0.050631 -0.145052 -0.019220 0.979468 -0.138686
1768827357.253645182 -4.120168 -0.004893 -0.049911 -0.144030 -0.018992 0.979552 -0.139185
1768827357.354854822 -4.138598 -0.008496 -0.055954 -0.142131 -0.020617 0.979740 -0.139584
1768827357.454679728 -4.159588 -0.014435 -0.055782 -0.141571 -0.020301 0.979757 -0.140079
1768827357.553422213 -4.179930 -0.018613 -0.058166 -0.141282 -0.020661 0.979763 -0.140273
1768827357.654995203 -4.199412 -0.023906 -0.056912 -0.141131 -0.020199 0.979768 -0.140459
1768827357.754707575 -4.217364 -0.028647 -0.056154 -0.141410 -0.019503 0.979770 -0.140262
1768827357.855016232 -4.234903 -0.032511 -0.052666 -0.142343 -0.017962 0.979624 -0.140546
1768827357.954682827 -4.254441 -0.038281 -0.056855 -0.141796 -0.016951 0.979749 -0.140348
1768827358.054647684 -4.272637 -0.043485 -0.055334 -0.147254 -0.016355 0.979022 -0.139874
1768827358.154671192 -4.287546 -0.047010 -0.042303 -0.147808 -0.015402 0.978968 -0.139773
1768827358.254617691 -4.308129 -0.052541 -0.046482 -0.147689 -0.015740 0.979044 -0.139332
1768827358.354697227 -4.337426 -0.059826 -0.061322 -0.147811 -0.016495 0.979002 -0.139407
1768827358.454847336 -4.360663 -0.066814 -0.069946 -0.147851 -0.016032 0.978981 -0.139567
1768827358.555652142 -4.376764 -0.070892 -0.061320 -0.144566 -0.016666 0.979440 -0.139716
1768827358.654525280 -4.386428 -0.073810 -0.042985 -0.144040 -0.015885 0.979475 -0.140102
1768827358.754599333 -4.404054 -0.078148 -0.049093 -0.142211 -0.015743 0.979784 -0.139826
1768827358.854691744 -4.415516 -0.083591 -0.038785 -0.142361 -0.014497 0.979777 -0.139858
1768827358.954550266 -4.436446 -0.088404 -0.039598 -0.141737 -0.014667 0.979835 -0.140069
1768827359.054750681 -4.452867 -0.093458 -0.038833 -0.141931 -0.014361 0.979784 -0.140261
1768827359.154595852 -4.477985 -0.099844 -0.053142 -0.143902 -0.014408 0.979382 -0.141048
1768827359.254568100 -4.503821 -0.104527 -0.067030 -0.145532 -0.015821 0.979051 -0.141522
1768827359.354589224 -4.522602 -0.110839 -0.075039 -0.145977 -0.014853 0.978999 -0.141532
1768827359.454778910 -4.537579 -0.114842 -0.054908 -0.142262 -0.011881 0.979843 -0.139746
1768827359.554631472 -4.554703 -0.118297 -0.044647 -0.141855 -0.011656 0.981022 -0.131668
1768827359.655145645 -4.577189 -0.123815 -0.041526 -0.148161 -0.010427 0.982083 -0.115988
1768827359.754622936 -4.592268 -0.128733 -0.037071 -0.147628 -0.007526 0.984451 -0.094896
1768827359.854654312 -4.605510 -0.129576 -0.033895 -0.147891 -0.003138 0.986634 -0.068345
1768827359.954619408 -4.614054 -0.127895 -0.036672 -0.146526 0.002254 0.988602 -0.034499
1768827360.054616213 -4.619511 -0.119079 -0.061201 -0.145364 0.005275 0.989289 0.012206
1768827360.155121803 -4.629905 -0.127603 -0.054904 -0.146235 0.010712 0.987790 0.052645
1768827360.255268812 -4.638240 -0.127578 -0.054056 -0.146460 0.016849 0.984137 0.098692
1768827360.356544256 -4.656507 -0.131235 -0.052551 -0.145601 0.023628 0.980760 0.127873
1768827360.454642296 -4.681998 -0.123972 -0.036496 -0.144410 0.026876 0.980138 0.133243
1768827360.555015802 -4.710235 -0.117571 -0.033277 -0.145032 0.027202 0.980101 0.132767
1768827360.654612541 -4.724597 -0.111227 -0.032664 -0.144392 0.027140 0.980172 0.132959
1768827360.754535675 -4.739955 -0.104968 -0.038724 -0.144425 0.028263 0.980401 0.130984
1768827360.854587555 -4.758070 -0.098094 -0.046433 -0.144620 0.028897 0.979878 0.134498
1768827360.956349850 -4.779231 -0.090713 -0.057134 -0.143451 0.029190 0.978598 0.144623
1768827361.054687023 -4.799535 -0.084094 -0.060226 -0.148343 0.028398 0.975478 0.160096
1768827361.154640198 -4.816519 -0.078538 -0.052432 -0.142630 0.031620 0.972418 0.181822
1768827361.254666328 -4.831204 -0.071484 -0.058937 -0.146761 0.036187 0.966721 0.206401
1768827361.354835987 -4.846696 -0.059361 -0.069156 -0.148594 0.038569 0.959357 0.236784
1768827361.456089258 -4.858250 -0.053886 -0.056026 -0.148389 0.045269 0.949889 0.271372
1768827361.555027723 -4.861804 -0.042890 -0.056594 -0.147650 0.049385 0.938360 0.308611
1768827361.654693842 -4.871002 -0.035792 -0.053132 -0.142614 0.054748 0.922646 0.354102
1768827361.756117344 -4.879408 -0.029882 -0.052255 -0.139892 0.060560 0.902643 0.402490
1768827361.854633331 -4.890650 -0.016653 -0.054587 -0.141685 0.062143 0.895838 0.416579
1768827361.954555273 -4.902686 -0.003946 -0.055592 -0.139433 0.062715 0.896115 0.416656
1768827362.054792881 -4.913452 0.008803 -0.052866 -0.140019 0.062624 0.896281 0.416117
1768827362.154524565 -4.925568 0.024003 -0.053866 -0.140000 0.061134 0.896614 0.415628
1768827362.254622221 -4.941074 0.035116 -0.057473 -0.140215 0.061313 0.897004 0.414685
1768827362.354538202 -4.951384 0.051380 -0.056471 -0.140369 0.060613 0.897300 0.414096
1768827362.454732895 -4.965494 0.064954 -0.057702 -0.139990 0.060496 0.897383 0.414061
1768827362.554783106 -4.977059 0.082210 -0.059038 -0.138050 0.059885 0.899196 0.410855
1768827362.654616356 -4.989143 0.096626 -0.064624 -0.138319 0.059638 0.895782 0.418194
1768827362.754658937 -5.002833 0.110182 -0.072953 -0.136325 0.061672 0.893210 0.424014
1768827362.854754448 -5.015678 0.124755 -0.064752 -0.133370 0.062917 0.883397 0.444819
1768827362.954666138 -5.020111 0.137903 -0.063579 -0.132837 0.066052 0.871492 0.467432
1768827363.054614782 -5.027221 0.152519 -0.061358 -0.135741 0.070458 0.855773 0.494229
1768827363.156789780 -5.035283 0.166605 -0.072471 -0.131905 0.074286 0.838199 0.523932
1768827363.254532814 -5.041363 0.184188 -0.078340 -0.127144 0.076216 0.818117 0.555616
1768827363.355662584 -5.035662 0.200086 -0.094092 -0.127769 0.082446 0.796768 0.584841
1768827363.454550982 -5.039003 0.220323 -0.088901 -0.125534 0.087706 0.774723 0.613476
1768827363.554536581 -5.048953 0.234174 -0.078532 -0.121741 0.085025 0.768137 0.622829
1768827363.654540062 -5.051874 0.249950 -0.090070 -0.121343 0.084447 0.766946 0.624451
1768827363.754522085 -5.056577 0.273772 -0.086285 -0.121945 0.084918 0.766331 0.625024
1768827363.854629755 -5.058801 0.294178 -0.078905 -0.121508 0.086406 0.765331 0.626130
1768827363.955021620 -5.065973 0.302819 -0.074005 -0.120510 0.085463 0.765207 0.626603
1768827364.054661512 -5.072105 0.320742 -0.082603 -0.124952 0.086737 0.768346 0.621698
1768827364.154607058 -5.071652 0.335992 -0.085719 -0.125980 0.086478 0.768866 0.620883
1768827364.254693508 -5.076198 0.354636 -0.086659 -0.124918 0.086707 0.765658 0.625016
1768827364.354642868 -5.078999 0.373882 -0.087730 -0.123219 0.086714 0.758167 0.634413
1768827364.454812527 -5.083207 0.393187 -0.082711 -0.120641 0.093824 0.738839 0.656322
1768827364.554607868 -5.082041 0.417292 -0.085840 -0.118194 0.095016 0.726486 0.670238
1768827364.655173540 -5.083951 0.431973 -0.087581 -0.117226 0.096646 0.723973 0.672889
1768827364.754732847 -5.086278 0.448308 -0.078510 -0.115809 0.096222 0.723371 0.673843
1768827364.855517626 -5.086826 0.471204 -0.086578 -0.116119 0.090743 0.723994 0.673880
1768827364.952955246 -5.086840 0.492754 -0.099728 -0.115680 0.088417 0.723942 0.674321
1768827365.054352045 -5.089480 0.509798 -0.097719 -0.115493 0.094959 0.722994 0.674481
1768827365.154614687 -5.093379 0.528369 -0.089515 -0.108868 0.091422 0.724095 0.674889
1768827365.255058050 -5.100132 0.542754 -0.088231 -0.110721 0.092416 0.724834 0.673658
1768827365.354552269 -5.098112 0.565229 -0.080941 -0.117947 0.094130 0.729069 0.667597
1768827365.454588413 -5.098454 0.590492 -0.082343 -0.117121 0.094745 0.728052 0.668765
1768827365.554553270 -5.096527 0.612386 -0.083581 -0.116060 0.095622 0.721575 0.675807
1768827365.654669523 -5.098496 0.632115 -0.088122 -0.111735 0.096280 0.710482 0.688085
1768827365.754529715 -5.104358 0.650568 -0.094836 -0.109051 0.097169 0.700409 0.698637
1768827365.854294538 -5.098118 0.662781 -0.092824 -0.108009 0.094938 0.699866 0.699649
1768827365.954689980 -5.100074 0.683171 -0.084120 -0.106494 0.094709 0.699584 0.700194
1768827366.054816484 -5.098113 0.705662 -0.085236 -0.107307 0.095016 0.699241 0.700371
1768827366.154659033 -5.099545 0.718766 -0.082427 -0.107673 0.093429 0.698637 0.701130
1768827366.254552841 -5.102994 0.737526 -0.068661 -0.106255 0.092045 0.698726 0.701441
1768827366.354796648 -5.103683 0.760022 -0.073216 -0.105497 0.092489 0.699536 0.700690
1768827366.454514742 -5.103075 0.781416 -0.073588 -0.108371 0.095917 0.698471 0.700852
1768827366.556620598 -5.104469 0.800730 -0.079475 -0.106284 0.094552 0.699262 0.700569
1768827366.654514074 -5.103317 0.819379 -0.086475 -0.104356 0.093282 0.699559 0.700732
1768827366.754617214 -5.103298 0.837766 -0.084084 -0.105544 0.092900 0.698936 0.701227
1768827366.854563475 -5.105336 0.854420 -0.079895 -0.105983 0.093577 0.698476 0.701529
1768827366.954618692 -5.104398 0.874661 -0.080096 -0.107225 0.094203 0.698310 0.701422
1768827367.055953264 -5.104959 0.897207 -0.081765 -0.107309 0.095474 0.698376 0.701171
1768827367.156269312 -5.105618 0.921579 -0.090997 -0.106236 0.095940 0.698726 0.700922
1768827367.254546404 -5.104184 0.939341 -0.083397 -0.105547 0.093478 0.697830 0.702250
1768827367.356593370 -5.103374 0.956197 -0.081242 -0.106371 0.094365 0.697998 0.701840
1768827367.456858397 -5.103913 0.976074 -0.083814 -0.107507 0.096738 0.698638 0.700706
1768827367.554597378 -5.101780 0.996547 -0.081473 -0.109523 0.098064 0.698534 0.700313
1768827367.654523849 -5.102368 1.015804 -0.077993 -0.107095 0.095397 0.698206 0.701383
1768827367.754696608 -5.100249 1.034043 -0.075983 -0.106843 0.096094 0.698328 0.701206
1768827367.854521751 -5.100323 1.055470 -0.081264 -0.104622 0.093096 0.698705 0.701569
1768827367.954622269 -5.102385 1.076994 -0.083002 -0.108868 0.098269 0.697929 0.700989
1768827368.056193352 -5.102117 1.101910 -0.080955 -0.109137 0.098220 0.698397 0.700488
1768827368.157269716 -5.100177 1.125520 -0.080971 -0.108092 0.097968 0.698497 0.700586
1768827368.256056786 -5.102323 1.139352 -0.086897 -0.109397 0.100323 0.698228 0.700318
1768827368.355101585 -5.098898 1.154999 -0.071791 -0.106236 0.094386 0.697683 0.702171
1768827368.454573631 -5.098721 1.172009 -0.066447 -0.106922 0.094805 0.697620 0.702073
1768827368.554523468 -5.099961 1.195046 -0.073109 -0.109593 0.099055 0.697448 0.701244
1768827368.654557228 -5.097321 1.212341 -0.070433 -0.108498 0.096993 0.697660 0.701492
1768827368.754566669 -5.099758 1.233153 -0.073957 -0.108560 0.096591 0.697775 0.701423
1768827368.854837418 -5.101238 1.255318 -0.084290 -0.107328 0.098674 0.697942 0.701156
1768827368.954818964 -5.100705 1.274446 -0.085865 -0.107721 0.096740 0.698010 0.701298
1768827369.054648161 -5.100530 1.295164 -0.085123 -0.109669 0.098026 0.697932 0.700896
1768827369.154989719 -5.101566 1.315598 -0.085248 -0.111864 0.100170 0.697728 0.700448
1768827369.254669666 -5.099307 1.337088 -0.086660 -0.111414 0.099822 0.697461 0.700835
1768827369.354608536 -5.103578 1.350930 -0.083079 -0.106262 0.095225 0.698030 0.701708
1768827369.454663992 -5.106075 1.367403 -0.085075 -0.106661 0.095510 0.699050 0.700593
1768827369.554671288 -5.105396 1.389362 -0.082354 -0.105149 0.094530 0.699262 0.700743
1768827369.654684782 -5.101675 1.407619 -0.085642 -0.106076 0.094613 0.699465 0.700389
1768827369.754663229 -5.102942 1.428426 -0.101949 -0.108765 0.101589 0.698463 0.699999
1768827369.854608059 -5.102154 1.451975 -0.108337 -0.107064 0.098571 0.698731 0.700426
1768827369.954653025 -5.100929 1.469512 -0.113973 -0.108190 0.100225 0.698553 0.700196
1768827370.055277824 -5.099518 1.490090 -0.100435 -0.108875 0.099559 0.697895 0.700840
1768827370.154600859 -5.098965 1.509437 -0.081749 -0.109974 0.097232 0.698386 0.700506
1768827370.254720926 -5.098386 1.533228 -0.070250 -0.110565 0.100179 0.697438 0.700942
1768827370.354713202 -5.098541 1.555102 -0.051834 -0.109936 0.098830 0.697636 0.701035
1768827370.454587936 -5.097569 1.576554 -0.052554 -0.108716 0.098628 0.697040 0.701847
1768827370.554569721 -5.098800 1.596457 -0.053037 -0.108577 0.098529 0.697572 0.701353
1768827370.654527664 -5.099511 1.616813 -0.051727 -0.108440 0.098495 0.697439 0.701512
1768827370.754526377 -5.105423 1.635139 -0.058725 -0.108056 0.099338 0.698496 0.700399
1768827370.855107784 -5.111951 1.643422 -0.088340 -0.105649 0.098957 0.700256 0.699061
1768827370.954656839 -5.111552 1.658234 -0.110041 -0.105856 0.100170 0.700427 0.698686
1768827371.054730415 -5.112495 1.678639 -0.108902 -0.105593 0.100633 0.699958 0.699130
1768827371.154892683 -5.107433 1.700015 -0.111233 -0.107685 0.100804 0.700051 0.698693
1768827371.257492304 -5.106294 1.721597 -0.101980 -0.108994 0.101428 0.703851 0.694570
1768827371.356401205 -5.106436 1.743505 -0.089464 -0.109466 0.097864 0.714002 0.684574
1768827371.456683397 -5.109813 1.756386 -0.083744 -0.111854 0.097164 0.728454 0.668882
1768827371.555324316 -5.114541 1.770208 -0.093682 -0.113575 0.095314 0.751125 0.643294
1768827371.654657841 -5.113593 1.783094 -0.081185 -0.117466 0.091843 0.770259 0.620055
1768827371.754788399 -5.105139 1.803855 -0.076373 -0.119457 0.087803 0.785747 0.600518
1768827371.854734659 -5.104773 1.825165 -0.076688 -0.121268 0.087001 0.787967 0.597355
1768827371.954547882 -5.107493 1.844508 -0.080865 -0.120737 0.085567 0.787862 0.597807
1768827372.054575205 -5.109312 1.862388 -0.081622 -0.119752 0.083972 0.787451 0.598773
1768827372.154666662 -5.118063 1.876945 -0.085791 -0.122164 0.085408 0.787312 0.598265
1768827372.254659414 -5.127188 1.897175 -0.089558 -0.123222 0.086102 0.785444 0.600401
1768827372.354559422 -5.133031 1.918403 -0.090557 -0.122795 0.084555 0.788213 0.597070
1768827372.454605103 -5.132376 1.937588 -0.075850 -0.118904 0.077214 0.795158 0.589595
1768827372.554776192 -5.136447 1.950055 -0.078397 -0.121198 0.077584 0.807865 0.571529
1768827372.654605150 -5.144330 1.969820 -0.084147 -0.128255 0.077482 0.823917 0.546542
1768827372.754905224 -5.154968 1.991076 -0.101375 -0.131595 0.078514 0.840146 0.520263
1768827372.854572773 -5.158713 2.002129 -0.097958 -0.132363 0.070560 0.855781 0.495116
1768827372.954729557 -5.167285 2.013951 -0.097506 -0.134423 0.064045 0.875081 0.460502
1768827373.054659605 -5.179479 2.034916 -0.093911 -0.133907 0.062745 0.877470 0.456265
1768827373.156038761 -5.189061 2.049298 -0.091840 -0.131604 0.061589 0.878433 0.455239
1768827373.254696608 -5.199776 2.068469 -0.089906 -0.137463 0.066659 0.878725 0.452220
1768827373.354925156 -5.213039 2.076184 -0.084504 -0.135947 0.061690 0.884357 0.442295
1768827373.454602718 -5.222637 2.095866 -0.093161 -0.136278 0.057530 0.894363 0.422177
1768827373.554548025 -5.232504 2.110693 -0.093008 -0.136741 0.057987 0.898854 0.412312
1768827373.654593468 -5.246230 2.125992 -0.097160 -0.137737 0.058234 0.898720 0.412239
1768827373.753825188 -5.259499 2.140785 -0.096965 -0.137199 0.058876 0.898777 0.412200
1768827373.854873657 -5.271521 2.156395 -0.090086 -0.137846 0.055451 0.898689 0.412652
1768827373.954406738 -5.280594 2.166954 -0.089661 -0.138788 0.055983 0.898230 0.413265
1768827374.054738045 -5.283648 2.168501 -0.092506 -0.138311 0.056339 0.897886 0.414121
1768827374.157818317 -5.284743 2.170949 -0.090706 -0.138084 0.055897 0.898006 0.413998
1768827374.254908323 -5.285562 2.170821 -0.092484 -0.138176 0.056157 0.898086 0.413758
1768827374.354612112 -5.289817 2.177503 -0.086422 -0.138094 0.056142 0.897976 0.414025
1768827374.454553604 -5.290434 2.177128 -0.086295 -0.138129 0.056252 0.897971 0.414009
1768827374.554679871 -5.290256 2.177374 -0.085739 -0.138067 0.056117 0.898000 0.413985
1768827374.654575825 -5.291173 2.177339 -0.087747 -0.138026 0.056259 0.897977 0.414029
1768827374.754723549 -5.290465 2.177375 -0.088472 -0.138258 0.056052 0.897964 0.414008
1768827374.854724884 -5.291522 2.177542 -0.088145 -0.138122 0.056150 0.897923 0.414131
1768827374.956053257 -5.291497 2.176622 -0.088035 -0.138259 0.056359 0.897842 0.414232
1768827375.054761648 -5.290742 2.177286 -0.086890 -0.137993 0.056396 0.897904 0.414180
1768827375.154916525 -5.290759 2.177240 -0.088159 -0.137873 0.056345 0.897875 0.414292
1768827375.254755735 -5.290587 2.178305 -0.086479 -0.137546 0.056304 0.898024 0.414081
1768827375.354784966 -5.290669 2.177813 -0.088110 -0.137774 0.056416 0.898037 0.413963
1768827375.454138279 -5.290841 2.178706 -0.086715 -0.137606 0.056235 0.898050 0.414015
1768827375.554613352 -5.292114 2.176357 -0.090436 -0.138576 0.056080 0.898056 0.413700
1768827375.654666185 -5.291931 2.177817 -0.085009 -0.138058 0.056023 0.897962 0.414083
1768827375.754749060 -5.287960 2.173400 -0.087713 -0.139448 0.056768 0.897431 0.414668
1768827375.854609251 -5.283771 2.169884 -0.085638 -0.138927 0.055967 0.897149 0.415562
1768827375.954609156 -5.278529 2.164630 -0.080177 -0.137987 0.057581 0.896598 0.416840
1768827376.055594206 -5.274811 2.160071 -0.078049 -0.137208 0.057327 0.896348 0.417670
1768827376.154722929 -5.269796 2.148935 -0.084821 -0.138261 0.056649 0.896315 0.417485
1768827376.254692554 -5.262692 2.142549 -0.086643 -0.137613 0.057524 0.896301 0.417610
1768827376.355724335 -5.256612 2.134938 -0.087300 -0.137693 0.058631 0.896101 0.417859
1768827376.454687834 -5.250810 2.128264 -0.087095 -0.137752 0.057994 0.896241 0.417629
1768827376.554728985 -5.247480 2.124477 -0.084866 -0.136990 0.057547 0.896118 0.418204
1768827376.654670954 -5.247142 2.124347 -0.085404 -0.137361 0.057652 0.896050 0.418214
1768827376.755019665 -5.247582 2.124168 -0.084997 -0.137105 0.057635 0.896148 0.418090
1768827376.854583740 -5.245961 2.124318 -0.085972 -0.137064 0.057583 0.896152 0.418103
1768827376.954895735 -5.243950 2.121907 -0.085469 -0.137158 0.057451 0.896089 0.418224
1768827377.054735422 -5.243937 2.121281 -0.085777 -0.137173 0.057589 0.896089 0.418201
1768827377.154592037 -5.243595 2.121033 -0.085506 -0.137120 0.057647 0.895974 0.418456
1768827377.254772902 -5.243801 2.120506 -0.086792 -0.137417 0.057754 0.896065 0.418149
1768827377.354690075 -5.243723 2.121288 -0.086735 -0.137158 0.057786 0.895929 0.418520
1768827377.454683542 -5.244313 2.121138 -0.086579 -0.137403 0.057727 0.896112 0.418057
1768827377.554748297 -5.243279 2.121065 -0.087343 -0.137908 0.057861 0.896010 0.418091
1768827377.654626608 -5.241270 2.115993 -0.086939 -0.137866 0.057475 0.896000 0.418178
1768827377.754618645 -5.238761 2.115669 -0.081400 -0.135619 0.055785 0.896143 0.418836
1768827377.856220722 -5.234816 2.107883 -0.087244 -0.136620 0.056827 0.896131 0.418395
1768827377.955572605 -5.228059 2.100036 -0.089309 -0.136671 0.057194 0.895975 0.418664
1768827378.055107355 -5.222824 2.091562 -0.086846 -0.135606 0.056748 0.895988 0.419042
1768827378.155974865 -5.214433 2.086401 -0.088669 -0.137012 0.058661 0.895575 0.419204
1768827378.254626989 -5.209112 2.080570 -0.087599 -0.136609 0.058298 0.895600 0.419333
1768827378.354585886 -5.204124 2.071496 -0.085947 -0.135939 0.057241 0.895788 0.419295
1768827378.456036806 -5.201710 2.072816 -0.085475 -0.136086 0.057706 0.895655 0.419468
1768827378.556806087 -5.202416 2.072187 -0.086337 -0.136083 0.057982 0.895798 0.419124
1768827378.657434702 -5.200205 2.069808 -0.086325 -0.136495 0.057998 0.895621 0.419367
1768827378.754686356 -5.198520 2.066481 -0.087572 -0.136387 0.058570 0.895576 0.419419
1768827378.854627371 -5.197225 2.064767 -0.089592 -0.136910 0.057600 0.895560 0.419416
1768827378.954756737 -5.202887 2.071827 -0.085458 -0.134906 0.056416 0.895331 0.420715
1768827379.054740667 -5.215753 2.086396 -0.084838 -0.136558 0.058043 0.895528 0.419538
1768827379.154605627 -5.224960 2.100743 -0.082331 -0.137258 0.057343 0.895448 0.419577
1768827379.254596710 -5.225881 2.102788 -0.085985 -0.137053 0.057811 0.895613 0.419228
1768827379.354570866 -5.226556 2.105022 -0.084017 -0.136652 0.057304 0.895738 0.419162
1768827379.452638149 -5.226532 2.105954 -0.085909 -0.136820 0.056687 0.895862 0.418924
1768827379.554474831 -5.227800 2.106798 -0.086760 -0.136888 0.056850 0.895872 0.418860
1768827379.654627800 -5.227206 2.106775 -0.086203 -0.137325 0.056636 0.895903 0.418679
1768827379.754641771 -5.225091 2.103736 -0.087214 -0.137659 0.057206 0.895756 0.418806
1768827379.854598761 -5.221680 2.099054 -0.085326 -0.137065 0.058290 0.895570 0.419250
1768827379.954732418 -5.219513 2.096106 -0.084540 -0.136881 0.057563 0.895742 0.419042
1768827380.054772854 -5.216836 2.092945 -0.086172 -0.137006 0.057699 0.895060 0.420438
1768827380.154713631 -5.211737 2.085132 -0.088316 -0.135883 0.058824 0.895287 0.420164
1768827380.254860163 -5.203485 2.072904 -0.093867 -0.136397 0.058751 0.894887 0.420857
1768827380.354703903 -5.194450 2.058809 -0.100301 -0.133886 0.058671 0.896174 0.418933
1768827380.454607964 -5.188963 2.051451 -0.087954 -0.135004 0.057045 0.895700 0.419811
1768827380.554625273 -5.192744 2.061490 -0.081105 -0.135920 0.056653 0.895216 0.420601
1768827380.654584408 -5.191302 2.060411 -0.081453 -0.136118 0.057010 0.894954 0.421045
1768827380.754954815 -5.190259 2.059235 -0.081841 -0.135714 0.056805 0.895255 0.420563
1768827380.854744196 -5.190528 2.061240 -0.082992 -0.135569 0.058097 0.893156 0.424874
1768827380.954603434 -5.190390 2.062099 -0.085198 -0.135379 0.059055 0.890834 0.429650
1768827381.054730415 -5.192004 2.060420 -0.089160 -0.135996 0.058451 0.895894 0.418882
1768827381.155042171 -5.191483 2.058961 -0.087653 -0.137026 0.055189 0.904836 0.399312
1768827381.255993366 -5.192169 2.057053 -0.090801 -0.138780 0.052225 0.915141 0.374872
1768827381.354595184 -5.188627 2.053802 -0.084871 -0.140263 0.046555 0.928239 0.341366
1768827381.454722881 -5.188017 2.053824 -0.082821 -0.141730 0.040955 0.942847 0.298789
1768827381.555923462 -5.191374 2.053637 -0.077908 -0.144397 0.033986 0.960919 0.233729
1768827381.656636238 -5.197233 2.051468 -0.082270 -0.149176 0.027816 0.974919 0.162807
1768827381.754708767 -5.192220 2.050948 -0.083949 -0.147886 0.019614 0.981485 0.120132
1768827381.855123997 -5.187621 2.047512 -0.080107 -0.146919 0.007676 0.988525 0.034270
1768827381.954718590 -5.191138 2.047160 -0.079662 -0.145307 -0.007597 0.988239 -0.047026
1768827382.054706335 -5.194707 2.047610 -0.079245 -0.142016 -0.023843 0.979454 -0.141184
1768827382.154649973 -5.202390 2.041162 -0.094200 -0.138963 -0.032396 0.963968 -0.224509
1768827382.254649878 -5.194751 2.043835 -0.095608 -0.139022 -0.040147 0.941169 -0.305388
1768827382.354730606 -5.193204 2.046956 -0.091291 -0.139819 -0.041538 0.937496 -0.315953
1768827382.454688311 -5.193327 2.047912 -0.093692 -0.139741 -0.041466 0.936871 -0.317845
1768827382.554748058 -5.189383 2.048304 -0.086540 -0.140791 -0.040701 0.938783 -0.311783
1768827382.654611349 -5.187613 2.046525 -0.088188 -0.139713 -0.045044 0.926768 -0.345764
1768827382.754862547 -5.189461 2.040723 -0.095133 -0.133398 -0.054331 0.897897 -0.415974
1768827382.854588509 -5.189281 2.040518 -0.095600 -0.127391 -0.064901 0.857147 -0.494831
1768827382.954835892 -5.188183 2.038183 -0.090345 0.119626 0.075473 -0.813820 0.563640
1768827383.054603338 -5.188779 2.040572 -0.090009 0.109034 0.088032 -0.750632 0.645689
1768827383.154741764 -5.187102 2.041218 -0.092677 0.102146 0.095002 -0.710915 0.689304
1768827383.255623102 -5.188480 2.039998 -0.093885 0.101770 0.094435 -0.711583 0.688749
1768827383.354639530 -5.188679 2.040048 -0.094441 0.101631 0.094709 -0.707868 0.692549
1768827383.454861641 -5.186788 2.042818 -0.091224 0.101782 0.094581 -0.706389 0.694052
1768827383.555108309 -5.188486 2.043131 -0.090822 0.101887 0.094552 -0.706125 0.694310
1768827383.654606104 -5.187576 2.043780 -0.091190 0.101884 0.094543 -0.705897 0.694544
1768827383.754760504 -5.189057 2.043485 -0.091305 0.101923 0.094663 -0.705912 0.694506
1768827383.855987072 -5.189211 2.044380 -0.092199 0.102002 0.093241 -0.705398 0.695209
1768827383.954754829 -5.194134 2.029974 -0.097039 0.103112 0.093053 -0.703211 0.697282
1768827384.054705858 -5.193882 2.006687 -0.101273 0.103485 0.092530 -0.702923 0.697588
1768827384.158400536 -5.196985 1.984668 -0.102759 0.102432 0.092566 -0.703154 0.697505
1768827384.254617214 -5.198515 1.965621 -0.101847 0.099918 0.092878 -0.702823 0.698162
1768827384.354593039 -5.198016 1.945825 -0.094237 0.100631 0.093631 -0.702469 0.698315
1768827384.454657316 -5.195820 1.938780 -0.094991 0.099107 0.096172 -0.701580 0.699081
1768827384.554671764 -5.195338 1.920224 -0.090975 0.099005 0.096728 -0.700987 0.699613
1768827384.654714584 -5.197019 1.900164 -0.090565 0.100469 0.096994 -0.700556 0.699799
1768827384.754967213 -5.199336 1.880429 -0.090609 0.102942 0.095776 -0.699931 0.700233
1768827384.854693413 -5.201958 1.861966 -0.090646 0.096469 0.098443 -0.700415 0.700301
1768827384.954896450 -5.202351 1.846381 -0.086505 0.096826 0.098847 -0.700150 0.700460
1768827385.054701328 -5.207151 1.823072 -0.095787 0.097252 0.100795 -0.699954 0.700319
1768827385.154652357 -5.209949 1.802351 -0.100599 0.096145 0.099625 -0.700170 0.700423
1768827385.254914045 -5.219083 1.783216 -0.093020 0.093528 0.098478 -0.700370 0.700740
1768827385.354433060 -5.223587 1.762286 -0.091375 0.091835 0.098701 -0.700220 0.701083
1768827385.454733372 -5.225997 1.742007 -0.092792 0.091918 0.098092 -0.699696 0.701679
1768827385.554685831 -5.220704 1.723328 -0.095050 0.094505 0.101696 -0.699111 0.701407
1768827385.654822826 -5.222853 1.699954 -0.106693 0.100232 0.095517 -0.698136 0.702450
1768827385.754786253 -5.224515 1.680237 -0.106991 0.096294 0.096828 -0.698737 0.702224
1768827385.854748726 -5.223169 1.662675 -0.103165 0.096082 0.096066 -0.698977 0.702119
1768827385.954629660 -5.221130 1.643711 -0.100662 0.095645 0.098654 -0.699236 0.701562
1768827386.054912806 -5.222913 1.622357 -0.099960 0.095548 0.099135 -0.700095 0.700649
1768827386.155098200 -5.217835 1.604209 -0.097443 0.096486 0.098824 -0.700576 0.700084
1768827386.254852533 -5.214797 1.585107 -0.099112 0.099428 0.096554 -0.700060 0.700505
1768827386.354820728 -5.213856 1.564209 -0.105755 0.101440 0.093977 -0.699784 0.700843
1768827386.456819296 -5.214301 1.544775 -0.100743 0.097704 0.096936 -0.700952 0.699803
1768827386.556050777 -5.209786 1.526950 -0.092294 0.098215 0.097457 -0.700164 0.700447
1768827386.654724121 -5.211784 1.505664 -0.092897 0.097563 0.097552 -0.699832 0.700857
1768827386.754637003 -5.212122 1.484754 -0.097234 0.099032 0.096036 -0.699376 0.701315
1768827386.854785204 -5.218336 1.465527 -0.097393 0.099508 0.095369 -0.699616 0.701099
1768827386.955126286 -5.218137 1.448797 -0.097849 0.098504 0.095255 -0.699629 0.701243
1768827387.054989100 -5.218902 1.430043 -0.093385 0.099994 0.094146 -0.699634 0.701177
1768827387.154612541 -5.219411 1.410902 -0.095354 0.099926 0.093912 -0.699939 0.700914
1768827387.254783392 -5.216802 1.390539 -0.094189 0.099746 0.093381 -0.700270 0.700681
1768827387.352686405 -5.214980 1.371581 -0.094745 0.099874 0.093792 -0.700506 0.700371
1768827387.455082417 -5.215085 1.346168 -0.097335 0.099442 0.093641 -0.700469 0.700490
1768827387.554732323 -5.210821 1.332758 -0.094087 0.099626 0.094025 -0.700112 0.700769
1768827387.655230284 -5.209050 1.318544 -0.082772 0.099734 0.093415 -0.699589 0.701357
1768827387.754758358 -5.205991 1.298383 -0.082093 0.099313 0.093884 -0.699692 0.701251
1768827387.854904175 -5.203930 1.280743 -0.077880 0.100949 0.094522 -0.699478 0.701146
1768827387.954898119 -5.204009 1.259604 -0.080364 0.101720 0.093056 -0.699357 0.701352
1768827388.055569887 -5.208528 1.240318 -0.088193 0.102234 0.094225 -0.699501 0.700977
1768827388.156246901 -5.205686 1.222123 -0.080311 0.099690 0.094023 -0.700116 0.700756
1768827388.254787683 -5.204637 1.202785 -0.081363 0.100432 0.094874 -0.700382 0.700270
1768827388.355841160 -5.206252 1.182298 -0.082714 0.100329 0.094082 -0.700596 0.700177
1768827388.454625368 -5.209937 1.164097 -0.077441 0.099281 0.094510 -0.700725 0.700140
1768827388.554759264 -5.210351 1.145457 -0.076169 0.100156 0.094478 -0.700114 0.700631
1768827388.655835867 -5.208566 1.123850 -0.077422 0.100209 0.096146 -0.699891 0.700619
1768827388.754783630 -5.205192 1.104113 -0.080661 0.101031 0.096980 -0.699463 0.700813
1768827388.854816675 -5.202920 1.083230 -0.080480 0.100956 0.096892 -0.699316 0.700983
1768827388.954929829 -5.203087 1.063668 -0.079576 0.101314 0.095554 -0.699196 0.701234
1768827389.057677984 -5.199867 1.045309 -0.083891 0.102993 0.095146 -0.698906 0.701334
1768827389.154637337 -5.201575 1.026520 -0.078620 0.105460 0.094246 -0.698679 0.701316
1768827389.254562855 -5.204234 1.007460 -0.079435 0.102581 0.097003 -0.699230 0.700818
1768827389.354736805 -5.205916 0.987281 -0.074887 0.103372 0.094889 -0.699220 0.701001
1768827389.454780817 -5.208077 0.965788 -0.085693 0.106575 0.095634 -0.699135 0.700504
1768827389.554709435 -5.208182 0.945146 -0.086331 0.105055 0.096723 -0.698993 0.700726
1768827389.654652834 -5.207251 0.927713 -0.079691 0.102662 0.098372 -0.698887 0.700956
1768827389.754717350 -5.206791 0.908710 -0.076695 0.105228 0.098137 -0.698096 0.701397
1768827389.854626179 -5.206136 0.887839 -0.079366 0.103242 0.100025 -0.698277 0.701246
1768827389.954773426 -5.206211 0.868919 -0.078886 0.102836 0.099511 -0.698383 0.701273
1768827390.054779291 -5.211025 0.846671 -0.073039 0.100299 0.098152 -0.698979 0.701238
1768827390.155422211 -5.211329 0.827565 -0.074742 0.104315 0.098417 -0.698629 0.700964
1768827390.254641771 -5.205346 0.808908 -0.079884 0.102988 0.098428 -0.698039 0.701746
1768827390.354949236 -5.209299 0.792157 -0.068546 0.102396 0.098994 -0.697898 0.701893
1768827390.456651211 -5.207367 0.772607 -0.066598 0.103861 0.098721 -0.698229 0.701387
1768827390.554872513 -5.208372 0.754351 -0.063055 0.110065 0.102231 -0.698535 0.699630
1768827390.654639006 -5.207987 0.730169 -0.080814 0.107868 0.095624 -0.704659 0.694749
1768827390.754664421 -5.206045 0.717776 -0.098880 0.110158 0.099771 -0.714739 0.683417
1768827390.854804516 -5.210415 0.700543 -0.084026 0.111566 0.093962 -0.730150 0.667537
1768827390.955439329 -5.208805 0.683901 -0.095411 0.113725 0.087702 -0.748944 0.646883
1768827391.054891825 -5.212766 0.673686 -0.087180 0.117420 0.087630 -0.767973 0.623499
1768827391.154736280 -5.217737 0.658212 -0.099039 0.123208 0.084280 -0.793439 0.590060
1768827391.256411076 -5.225909 0.641079 -0.104975 0.123553 0.077578 -0.814223 0.561923
1768827391.354741812 -5.229848 0.634584 -0.090439 0.125187 0.070531 -0.838191 0.526107
1768827391.455730438 -5.235938 0.619741 -0.091183 -0.130745 -0.064120 0.870177 -0.470729
1768827391.555491686 -5.244165 0.604341 -0.084778 -0.135498 -0.060225 0.887601 -0.436094
1768827391.654705048 -5.256713 0.589651 -0.087586 -0.136031 -0.060140 0.889122 -0.432829
1768827391.754672766 -5.272280 0.573811 -0.086211 -0.132786 -0.058965 0.890036 -0.432120
1768827391.854754686 -5.274237 0.569297 -0.082296 -0.132361 -0.057739 0.889750 -0.433002
1768827391.954773664 -5.292679 0.552677 -0.072677 -0.133413 -0.059503 0.888034 -0.435955
1768827392.057871103 -5.302043 0.539252 -0.068920 -0.135342 -0.057738 0.891287 -0.428901
1768827392.156470776 -5.313340 0.527823 -0.069623 -0.135508 -0.056261 0.897733 -0.415388
1768827392.255075216 -5.329298 0.513473 -0.086676 -0.133514 -0.054204 0.906576 -0.396682
1768827392.354682684 -5.344783 0.497510 -0.080045 -0.137695 -0.051908 0.914508 -0.376856
1768827392.454962730 -5.354387 0.486282 -0.075685 -0.139998 -0.047720 0.924537 -0.351220
1768827392.554926634 -5.366733 0.479356 -0.079108 -0.140536 -0.043145 0.935882 -0.320175
1768827392.654637098 -5.376654 0.468981 -0.093333 -0.139950 -0.038168 0.947730 -0.284193
1768827392.755010366 -5.384320 0.471002 -0.083491 -0.144904 -0.031358 0.959275 -0.240438
1768827392.854932547 -5.393593 0.457414 -0.084947 -0.144718 -0.024585 0.968678 -0.200289
1768827392.954726219 -5.399856 0.454758 -0.084085 -0.147494 -0.019170 0.977245 -0.151226
1768827393.055203199 -5.412026 0.448699 -0.072183 -0.148465 -0.010855 0.984818 -0.089301
1768827393.155185461 -5.423097 0.454409 -0.075331 -0.149765 -0.008945 0.986986 -0.057867
1768827393.254790068 -5.447361 0.456060 -0.076302 -0.151604 -0.008487 0.986976 -0.053127
1768827393.355076790 -5.468630 0.455329 -0.077362 -0.150981 -0.006072 0.987117 -0.052605
1768827393.454840422 -5.480997 0.452506 -0.079451 -0.150191 -0.006389 0.987217 -0.052950
1768827393.555035591 -5.504127 0.450711 -0.079444 -0.151753 -0.006709 0.986939 -0.053635
1768827393.654721022 -5.524589 0.447709 -0.078680 -0.151129 -0.008624 0.986943 -0.055032
1768827393.757823229 -5.544309 0.445654 -0.076472 -0.151960 -0.007466 0.987162 -0.048627
1768827393.856145859 -5.561288 0.447222 -0.079827 -0.150598 -0.006021 0.988146 -0.029166
1768827393.954725027 -5.582838 0.441834 -0.083475 -0.150325 -0.005527 0.988273 -0.026248
1768827394.054944038 -5.602694 0.440407 -0.082776 -0.149931 -0.001955 0.988286 -0.028423
1768827394.154807329 -5.621719 0.443709 -0.087893 -0.149080 -0.001403 0.988396 -0.029098
1768827394.254662991 -5.638405 0.443361 -0.089706 -0.149503 -0.001121 0.988365 -0.027981
1768827394.354762793 -5.659323 0.442521 -0.087350 -0.150770 -0.003767 0.988319 -0.021903
1768827394.454701424 -5.675745 0.440927 -0.087450 -0.148944 -0.000956 0.988806 -0.008816
1768827394.554880381 -5.692147 0.440057 -0.088861 -0.145559 0.001680 0.989328 0.006238
1768827394.652881622 -5.709298 0.436898 -0.092546 -0.144964 0.001725 0.989411 0.006949
1768827394.755323410 -5.732708 0.438253 -0.084788 -0.148062 0.002249 0.988943 0.008029
1768827394.854807615 -5.753389 0.441641 -0.078765 -0.148628 0.002286 0.988846 0.009360
1768827394.954766512 -5.776729 0.443914 -0.083888 -0.149661 -0.000175 0.988690 0.009631
1768827395.054685116 -5.791763 0.444272 -0.082192 -0.145790 0.003524 0.989260 0.009922
1768827395.154697180 -5.810678 0.442770 -0.080445 -0.148417 -0.002552 0.988873 0.009779
1768827395.255592585 -5.825652 0.445749 -0.088426 -0.147751 0.003517 0.988967 0.010084
1768827395.354709387 -5.838533 0.441792 -0.078984 -0.144739 0.002668 0.989415 0.010040
1768827395.454761267 -5.861469 0.446890 -0.078706 -0.147248 0.003244 0.989048 0.009578
1768827395.554759502 -5.883003 0.453605 -0.067786 -0.146506 0.003258 0.989157 0.009714
1768827395.654692411 -5.903435 0.454455 -0.069975 -0.146978 0.003210 0.989092 0.009220
1768827395.754883528 -5.929771 0.456027 -0.078517 -0.148716 0.002820 0.988833 0.009224
1768827395.854767323 -5.946806 0.455125 -0.076790 -0.149383 0.003358 0.988726 0.009666
1768827395.954658508 -5.962536 0.454216 -0.077200 -0.149529 0.003371 0.988707 0.009422
1768827396.054740191 -5.987304 0.455815 -0.075987 -0.149582 0.000768 0.988696 0.010230
1768827396.154797792 -5.998053 0.450754 -0.091279 -0.146815 0.001519 0.989121 0.009118
1768827396.255706787 -6.017347 0.441049 -0.101305 -0.145769 0.001629 0.989275 0.009104
1768827396.354763031 -6.038973 0.450470 -0.091496 -0.149239 0.002213 0.988758 0.008934
1768827396.454715490 -6.059500 0.449766 -0.091504 -0.146846 0.002256 0.989116 0.009003
1768827396.554634809 -6.078000 0.447197 -0.090674 -0.147238 0.002022 0.989066 0.008095
1768827396.654743433 -6.097621 0.448703 -0.090877 -0.148158 0.001232 0.988934 0.007565
1768827396.754654408 -6.116919 0.450687 -0.091398 -0.147558 0.001618 0.989025 0.007312
1768827396.854819536 -6.134284 0.453228 -0.091350 -0.149884 0.001535 0.988679 0.006833
1768827396.954644680 -6.151857 0.456089 -0.088547 -0.151834 0.001216 0.988377 0.007502
1768827397.054727077 -6.171371 0.455083 -0.086897 -0.151955 0.002076 0.988356 0.007583
1768827397.154667854 -6.194544 0.454363 -0.092408 -0.148457 0.000466 0.988903 0.005622
1768827397.254633427 -6.219303 0.455750 -0.095274 -0.146734 -0.000992 0.989161 -0.005399
1768827397.354935884 -6.236001 0.452606 -0.097679 -0.145782 -0.003465 0.989071 -0.021782
1768827397.455730915 -6.249959 0.449411 -0.100656 -0.151077 -0.002304 0.988107 -0.028546
1768827397.556584358 -6.271261 0.452306 -0.098601 -0.150636 -0.002310 0.988139 -0.029736
1768827397.654872417 -6.293129 0.453359 -0.096242 -0.148562 -0.003973 0.988400 -0.031300
1768827397.755236149 -6.309797 0.453995 -0.092942 -0.147957 -0.003616 0.988476 -0.031795
1768827397.855336189 -6.329935 0.447726 -0.099968 -0.148058 -0.005783 0.988457 -0.031599
1768827397.954772234 -6.348064 0.446085 -0.098916 -0.149663 -0.004516 0.988223 -0.031551
1768827398.054862738 -6.366676 0.446006 -0.092973 -0.150208 -0.004564 0.988145 -0.031414
1768827398.154885054 -6.385040 0.445584 -0.093159 -0.152902 -0.003061 0.987707 -0.032344
1768827398.254695415 -6.406293 0.443694 -0.095769 -0.150808 -0.003126 0.988048 -0.031756
1768827398.354678392 -6.427701 0.440889 -0.097353 -0.150402 -0.005502 0.988092 -0.031982
1768827398.454655647 -6.447326 0.439271 -0.096581 -0.149998 -0.003785 0.988154 -0.032217
1768827398.556002855 -6.467229 0.438997 -0.097683 -0.149657 -0.003374 0.988182 -0.032977
1768827398.654757738 -6.486009 0.440210 -0.096968 -0.149524 -0.003720 0.988198 -0.033072
1768827398.755034447 -6.505102 0.440640 -0.093655 -0.149944 -0.004470 0.988109 -0.033727
1768827398.854724407 -6.521151 0.440733 -0.091972 -0.149949 -0.003577 0.988103 -0.033989
1768827398.954694271 -6.545445 0.436422 -0.096111 -0.149985 -0.005371 0.988082 -0.034186
1768827399.054355145 -6.564929 0.436255 -0.093009 -0.150254 -0.002896 0.988050 -0.034232
1768827399.154692650 -6.583708 0.436439 -0.094822 -0.149703 -0.000953 0.988157 -0.033667
1768827399.254829645 -6.604397 0.437786 -0.099577 -0.149958 -0.000811 0.988125 -0.033493
1768827399.357266426 -6.625896 0.439073 -0.104990 -0.148494 -0.001725 0.988357 -0.033135
1768827399.454706192 -6.642785 0.437638 -0.103904 -0.147325 -0.004469 0.988502 -0.033745
1768827399.554831266 -6.658929 0.437794 -0.093289 -0.146902 -0.004500 0.988552 -0.034128
1768827399.655791044 -6.682160 0.434872 -0.095109 -0.147200 -0.003100 0.988498 -0.034552
1768827399.755006313 -6.703508 0.431544 -0.089462 -0.146950 -0.004957 0.988511 -0.035028
1768827399.854677916 -6.723898 0.429834 -0.084733 -0.146373 -0.000508 0.988608 -0.035068
1768827399.954661846 -6.737378 0.429928 -0.095820 -0.147199 -0.007342 0.988442 -0.035505
1768827400.054721355 -6.757529 0.424560 -0.116583 -0.147985 -0.007305 0.988336 -0.035198
1768827400.156220436 -6.782256 0.424977 -0.098542 -0.146885 -0.004346 0.988525 -0.034975
1768827400.254863977 -6.798267 0.427349 -0.096738 -0.147780 -0.004566 0.988387 -0.035075
1768827400.354804277 -6.816334 0.428469 -0.099610 -0.145950 -0.006498 0.988678 -0.034236
1768827400.454712868 -6.837223 0.425970 -0.076032 -0.145291 -0.001551 0.988753 -0.035431
1768827400.554652929 -6.858020 0.423631 -0.080042 -0.144822 -0.006666 0.988795 -0.035596
1768827400.654717207 -6.882508 0.420873 -0.083808 -0.145218 -0.006106 0.988705 -0.036575
1768827400.754895926 -6.891033 0.422073 -0.092387 -0.146139 -0.004107 0.988602 -0.035963
1768827400.854649782 -6.891582 0.420763 -0.093334 -0.146141 -0.004162 0.988592 -0.036226
1768827400.954928637 -6.890261 0.421315 -0.095524 -0.146362 -0.004028 0.988556 -0.036324
1768827401.057748795 -6.889723 0.421841 -0.098098 -0.146232 -0.004082 0.988576 -0.036302
1768827401.155708075 -6.889849 0.422099 -0.099159 -0.146565 -0.004007 0.988525 -0.036345
1768827401.254950285 -6.891264 0.422443 -0.100375 -0.146475 -0.003965 0.988548 -0.036079
1768827401.354810953 -6.890297 0.421607 -0.100993 -0.146432 -0.003813 0.988552 -0.036175
1768827401.455921412 -6.893081 0.422319 -0.100701 -0.146373 -0.003771 0.988565 -0.036058
1768827401.554716825 -6.890454 0.420939 -0.101151 -0.146930 -0.003893 0.988468 -0.036425
1768827401.654831171 -6.888344 0.421853 -0.100616 -0.146750 -0.004526 0.988502 -0.036151
1768827401.755342007 -6.882809 0.422158 -0.100551 -0.147022 -0.004928 0.988457 -0.036234
1768827401.854853630 -6.876787 0.423099 -0.100621 -0.147006 -0.004463 0.988467 -0.036095
1768827401.954586744 -6.869291 0.424153 -0.100243 -0.146757 -0.004784 0.988516 -0.035719
1768827402.054850340 -6.860002 0.424811 -0.099725 -0.146342 -0.004074 0.988588 -0.035517
1768827402.154182673 -6.845940 0.425431 -0.101074 -0.148157 -0.004100 0.988317 -0.035519
1768827402.254705429 -6.833425 0.429367 -0.096558 -0.146813 -0.004823 0.988517 -0.035454
1768827402.354675770 -6.814771 0.428368 -0.093425 -0.147804 -0.004049 0.988374 -0.035421
1768827402.454777718 -6.797490 0.427117 -0.096680 -0.148072 -0.003484 0.988350 -0.035011
1768827402.554894686 -6.778800 0.433186 -0.098207 -0.147599 -0.003373 0.988444 -0.034382
1768827402.654762030 -6.759355 0.431396 -0.098243 -0.149614 -0.004545 0.988144 -0.034144
1768827402.754722595 -6.739257 0.428376 -0.096869 -0.147962 -0.002784 0.988419 -0.033585
1768827402.854888439 -6.716034 0.426661 -0.094274 -0.147826 -0.002949 0.988454 -0.033139
1768827402.954792261 -6.690760 0.431397 -0.097539 -0.149691 -0.003859 0.988141 -0.033992
1768827403.055474997 -6.663614 0.434507 -0.096188 -0.148725 -0.004871 0.988242 -0.035146
1768827403.154807091 -6.637995 0.436426 -0.096604 -0.149498 -0.004071 0.988155 -0.034388
1768827403.254648209 -6.612722 0.437304 -0.099549 -0.150197 -0.001948 0.988078 -0.033743
1768827403.354691267 -6.590645 0.440464 -0.099947 -0.150167 -0.001263 0.988095 -0.033419
1768827403.454747915 -6.560592 0.440785 -0.100837 -0.149700 -0.003738 0.988196 -0.032332
1768827403.554884672 -6.526453 0.440640 -0.101047 -0.152938 -0.003731 0.987716 -0.031838
1768827403.654683352 -6.506503 0.442022 -0.099845 -0.148185 -0.003268 0.988419 -0.032532
1768827403.754669428 -6.517553 0.441104 -0.101083 -0.146371 -0.005824 0.988592 -0.035024
1768827403.854805470 -6.526335 0.437600 -0.103703 -0.149241 -0.004580 0.988187 -0.034534
1768827403.955374718 -6.496005 0.437463 -0.100612 -0.151830 -0.005193 0.987927 -0.030361
1768827404.054952383 -6.483814 0.439727 -0.099844 -0.152279 -0.005284 0.987884 -0.029457
1768827404.154757023 -6.452211 0.441441 -0.096299 -0.151902 0.000189 0.987983 -0.028569
1768827404.254692554 -6.424797 0.446996 -0.096844 -0.151968 -0.002100 0.987987 -0.027973
1768827404.354822159 -6.398668 0.445450 -0.093593 -0.152612 -0.004970 0.987881 -0.027859
1768827404.454883575 -6.370858 0.442986 -0.093388 -0.150035 -0.004480 0.988329 -0.026000
1768827404.554819107 -6.346041 0.444521 -0.095636 -0.151276 0.000812 0.988116 -0.027225
1768827404.654865026 -6.317881 0.451146 -0.099441 -0.150682 0.000396 0.988216 -0.026921
1768827404.756325245 -6.290331 0.452963 -0.096998 -0.150323 0.000105 0.988264 -0.027143
1768827404.854720831 -6.265846 0.453522 -0.096698 -0.150191 -0.000025 0.988293 -0.026840
1768827404.954751253 -6.232091 0.450068 -0.109227 -0.150599 -0.008747 0.988195 -0.026735
1768827405.054777145 -6.224585 0.452098 -0.091078 -0.150456 -0.000142 0.988271 -0.026132
1768827405.154752254 -6.198373 0.461077 -0.081612 -0.149765 -0.000255 0.988386 -0.025758
1768827405.254897833 -6.162036 0.455359 -0.103895 -0.149212 -0.008213 0.988491 -0.023549
1768827405.355779886 -6.145442 0.451704 -0.100769 -0.148302 -0.007008 0.988616 -0.024398
1768827405.455754757 -6.127383 0.459642 -0.084000 -0.149153 -0.002501 0.988515 -0.024171
1768827405.554821014 -6.086546 0.454775 -0.089772 -0.146748 -0.000830 0.988905 -0.023052
1768827405.654956579 -6.062586 0.456426 -0.086518 -0.147992 -0.002142 0.988711 -0.023338
1768827405.754701138 -6.039107 0.458696 -0.087899 -0.148286 -0.001711 0.988662 -0.023560
1768827405.855419874 -6.014000 0.460584 -0.091348 -0.148300 -0.003335 0.988670 -0.022962
1768827405.956354380 -5.987719 0.462141 -0.085868 -0.147516 0.000503 0.988791 -0.023058
1768827406.054789782 -5.961926 0.466284 -0.079336 -0.147549 0.000086 0.988783 -0.023207
1768827406.156453848 -5.935595 0.466428 -0.078874 -0.147349 0.000549 0.988801 -0.023693
1768827406.255026340 -5.909360 0.468586 -0.077501 -0.147863 -0.001052 0.988717 -0.023947
1768827406.354816914 -5.884338 0.464907 -0.090390 -0.146409 -0.004634 0.988915 -0.024288
1768827406.454777002 -5.862489 0.464118 -0.096389 -0.149836 -0.003866 0.988371 -0.025647
1768827406.554680824 -5.840496 0.464382 -0.097673 -0.145525 -0.006183 0.989042 -0.024071
1768827406.655972958 -5.817734 0.462502 -0.103683 -0.145446 -0.005889 0.989060 -0.023907
1768827406.754797220 -5.791226 0.468425 -0.100812 -0.147119 -0.005492 0.988819 -0.023729
1768827406.856740236 -5.759805 0.469115 -0.090089 -0.149681 -0.001955 0.988431 -0.024408
1768827406.957333326 -5.734281 0.469616 -0.083659 -0.149040 -0.002520 0.988533 -0.024169
1768827407.054827929 -5.708191 0.470071 -0.079521 -0.150062 -0.001904 0.988370 -0.024568
1768827407.154733658 -5.682165 0.470602 -0.084211 -0.150632 -0.003158 0.988244 -0.025976
1768827407.255513191 -5.658424 0.475946 -0.086633 -0.153678 -0.002980 0.987754 -0.026778
1768827407.354899645 -5.634281 0.479149 -0.086829 -0.154238 -0.003119 0.987670 -0.026614
1768827407.454833984 -5.613025 0.479552 -0.087028 -0.152765 -0.004564 0.987904 -0.026232
1768827407.554248095 -5.590605 0.478174 -0.089914 -0.152007 -0.004488 0.988026 -0.026044
1768827407.654950142 -5.571565 0.475943 -0.084470 -0.145980 -0.003536 0.988979 -0.024436
1768827407.754802227 -5.538482 0.474185 -0.089597 -0.147955 -0.004027 0.988683 -0.024479
1768827407.854745150 -5.509968 0.476304 -0.076642 -0.150082 -0.002371 0.988351 -0.025127
1768827407.954679728 -5.486846 0.477470 -0.083704 -0.150372 -0.004754 0.988281 -0.025828
1768827408.054846048 -5.456178 0.481059 -0.078143 -0.151280 -0.003651 0.988144 -0.025914
1768827408.154717207 -5.434033 0.480491 -0.086432 -0.151158 -0.003301 0.988167 -0.025812
1768827408.255092144 -5.407539 0.478775 -0.090305 -0.146243 -0.005614 0.988938 -0.024161
1768827408.354803801 -5.377229 0.476530 -0.093870 -0.149290 -0.003737 0.988477 -0.024751
1768827408.455812454 -5.356421 0.481616 -0.090203 -0.150802 -0.004440 0.988250 -0.024537
1768827408.554796696 -5.330008 0.477624 -0.101620 -0.149980 -0.002676 0.988442 -0.021962
1768827408.655292034 -5.304732 0.476912 -0.102050 -0.150002 -0.002891 0.988340 -0.025972
1768827408.754851580 -5.282855 0.483159 -0.096813 -0.148061 -0.002819 0.988407 -0.033489
1768827408.854707479 -5.259851 0.485226 -0.088107 -0.147726 -0.001441 0.988036 -0.044278
1768827408.954754829 -5.241808 0.489125 -0.087434 -0.150162 -0.008166 0.987050 -0.055835
1768827409.056194782 -5.223098 0.490962 -0.076999 -0.144620 -0.006098 0.986916 -0.071033
1768827409.154839993 -5.204424 0.493215 -0.068760 -0.144023 -0.008853 0.985015 -0.094472
1768827409.254755497 -5.190378 0.495723 -0.067905 -0.148665 -0.015582 0.981290 -0.121352
1768827409.354884148 -5.178788 0.499955 -0.061207 -0.146159 -0.018249 0.977316 -0.152178
1768827409.454898119 -5.158190 0.504159 -0.048681 -0.144545 -0.022841 0.971852 -0.184630
1768827409.554675102 -5.146343 0.509467 -0.047438 -0.142894 -0.028493 0.963495 -0.224603
1768827409.654691458 -5.137776 0.515274 -0.053134 -0.143873 -0.037395 0.952689 -0.265114
1768827409.754809618 -5.127422 0.520783 -0.069340 -0.141413 -0.042558 0.939178 -0.310057
1768827409.854750395 -5.113383 0.528067 -0.086789 -0.139262 -0.049163 0.924694 -0.350900
1768827409.954528093 -5.103161 0.537496 -0.096865 -0.138743 -0.053231 0.909981 -0.387107
1768827410.054713726 -5.097441 0.545165 -0.095229 -0.136078 -0.060756 0.891101 -0.428638
1768827410.154759884 -5.086734 0.553887 -0.091141 -0.131280 -0.058786 0.872000 -0.467894
1768827410.254736185 -5.079713 0.565807 -0.083035 0.132019 0.070823 -0.852942 0.500045
1768827410.354740143 -5.076455 0.571587 -0.088304 0.129058 0.077284 -0.830676 0.536049
1768827410.454839468 -5.068953 0.583149 -0.091082 0.125669 0.082696 -0.807072 0.570967
1768827410.554702520 -5.068491 0.594292 -0.091545 0.117218 0.078400 -0.782968 0.605866
1768827410.655553341 -5.062269 0.610990 -0.089121 0.110746 0.087907 -0.751934 0.643897
1768827410.755320787 -5.059070 0.618124 -0.085803 0.106281 0.096197 -0.716520 0.682678
1768827410.854918957 -5.065474 0.613271 -0.094534 0.105478 0.097237 -0.710696 0.688717
1768827410.954732656 -5.063155 0.598549 -0.089062 0.110393 0.097470 -0.708736 0.689932
1768827411.054703951 -5.059601 0.580316 -0.073806 0.102311 0.091347 -0.708910 0.691834
1768827411.155025005 -5.058038 0.574681 -0.075897 0.101978 0.090428 -0.708387 0.692540
1768827411.255009413 -5.059167 0.553888 -0.081054 0.101366 0.091776 -0.707703 0.693151
1768827411.354746103 -5.058218 0.540120 -0.084086 0.105481 0.093314 -0.706643 0.693413
1768827411.456661463 -5.060042 0.534911 -0.079272 0.103609 0.093561 -0.707414 0.692876
1768827411.554869652 -5.059781 0.533574 -0.079384 0.103691 0.092721 -0.707473 0.692916
1768827411.654737234 -5.060524 0.535599 -0.081282 0.103061 0.092673 -0.707525 0.692964
1768827411.754816055 -5.060266 0.522525 -0.077067 0.102839 0.092232 -0.707113 0.693476
1768827411.854814529 -5.058939 0.504878 -0.071044 0.104649 0.092372 -0.706484 0.693827
1768827411.954773426 -5.058347 0.483830 -0.076774 0.102484 0.092095 -0.707064 0.693597
1768827412.054916620 -5.057974 0.460836 -0.081408 0.102471 0.092256 -0.707102 0.693539
1768827412.154747725 -5.057335 0.442488 -0.089769 0.101033 0.092422 -0.707324 0.693501
1768827412.254793167 -5.059438 0.415990 -0.085446 0.103942 0.093347 -0.706733 0.693549
1768827412.353635788 -5.061680 0.396200 -0.079736 0.102881 0.092492 -0.706472 0.694088
1768827412.454870701 -5.060362 0.389850 -0.070772 0.102870 0.091114 -0.706337 0.694409
1768827412.554817677 -5.060394 0.367525 -0.069572 0.103080 0.091091 -0.705748 0.694980
1768827412.655040264 -5.058849 0.343283 -0.079612 0.102003 0.092209 -0.705976 0.694759
1768827412.754806757 -5.055682 0.330798 -0.081735 0.102331 0.091660 -0.706006 0.694754
1768827412.854760647 -5.056597 0.310811 -0.082325 0.102174 0.091770 -0.705929 0.694841
1768827412.957897902 -5.059592 0.289736 -0.082218 0.101671 0.091646 -0.706068 0.694789
1768827413.055885315 -5.058341 0.271631 -0.083908 0.101638 0.091734 -0.706337 0.694509
1768827413.154352665 -5.060123 0.250589 -0.082003 0.100059 0.091150 -0.706285 0.694868
1768827413.255929708 -5.058734 0.232364 -0.076330 0.101524 0.089559 -0.706283 0.694864
1768827413.355050325 -5.060034 0.212539 -0.072260 0.101655 0.089367 -0.706031 0.695125
1768827413.455070734 -5.060732 0.197034 -0.068781 0.099648 0.088274 -0.705595 0.695998
1768827413.554815769 -5.059897 0.173615 -0.074355 0.097967 0.088678 -0.704903 0.696887
1768827413.655605078 -5.060687 0.153126 -0.076519 0.100096 0.089248 -0.704212 0.697210
1768827413.754860878 -5.061686 0.133195 -0.074166 0.099003 0.088042 -0.703754 0.697980
1768827413.854780674 -5.064525 0.114147 -0.067561 0.099819 0.088656 -0.703918 0.697622
1768827413.954738379 -5.067003 0.094850 -0.063936 0.101852 0.089903 -0.703189 0.697903
1768827414.055655241 -5.068423 0.075846 -0.069467 0.099873 0.091481 -0.703138 0.698035
1768827414.154811621 -5.070538 0.056566 -0.071485 0.100418 0.088598 -0.703869 0.697592
1768827414.254696131 -5.066613 0.040451 -0.059787 0.100269 0.088288 -0.703851 0.697672
1768827414.355668068 -5.068434 0.020142 -0.060465 0.100270 0.088586 -0.703407 0.698081
1768827414.454993010 -5.066826 0.000349 -0.060851 0.101819 0.090152 -0.702447 0.698622
1768827414.554460526 -5.067791 -0.025805 -0.069273 0.105743 0.094610 -0.700945 0.698959
1768827414.654785395 -5.066600 -0.046005 -0.074425 0.106738 0.094566 -0.700401 0.699359
1768827414.754821062 -5.068876 -0.064638 -0.073762 0.104850 0.093120 -0.700343 0.699897
1768827414.856822968 -5.069076 -0.083916 -0.075086 0.101359 0.089635 -0.700961 0.700247
1768827414.954861641 -5.068335 -0.094669 -0.055411 0.103488 0.090428 -0.700497 0.700298
1768827415.055318117 -5.070467 -0.116616 -0.064106 0.099289 0.088681 -0.701136 0.700489
1768827415.154878855 -5.068974 -0.134779 -0.065574 0.095695 0.084476 -0.702036 0.700608
1768827415.254790545 -5.069063 -0.150391 -0.061632 0.098277 0.086204 -0.701838 0.700238
1768827415.354837179 -5.070865 -0.171758 -0.066117 0.095554 0.084671 -0.701860 0.700781
1768827415.454738617 -5.067381 -0.187849 -0.062849 0.094343 0.082679 -0.701477 0.701565
1768827415.554694653 -5.066839 -0.206997 -0.069412 0.095229 0.083760 -0.700529 0.702264
1768827415.654814482 -5.070066 -0.234103 -0.070854 0.099947 0.087927 -0.699176 0.702447
1768827415.755055904 -5.073474 -0.253263 -0.070836 0.098665 0.086217 -0.699429 0.702588
1768827415.854877710 -5.071860 -0.266499 -0.055002 0.095655 0.084411 -0.700048 0.702608
1768827415.954823971 -5.073134 -0.283989 -0.051265 0.096378 0.085234 -0.699889 0.702568
1768827416.054871082 -5.068835 -0.303034 -0.053364 0.096628 0.085395 -0.699850 0.702553
1768827416.154961824 -5.072053 -0.329567 -0.067257 0.100694 0.090114 -0.698635 0.702601
1768827416.254757404 -5.077638 -0.354335 -0.073233 0.100555 0.091427 -0.698869 0.702219
1768827416.354992867 -5.078313 -0.375884 -0.078798 0.103417 0.092304 -0.698115 0.702439
1768827416.454810619 -5.072815 -0.388593 -0.062088 0.100703 0.089594 -0.698629 0.702673
1768827416.554743290 -5.075283 -0.409628 -0.065393 0.101839 0.091678 -0.697611 0.703252
1768827416.654843807 -5.073864 -0.428525 -0.063519 0.100108 0.092838 -0.697121 0.703833
1768827416.757824898 -5.073885 -0.445661 -0.055226 0.100694 0.092294 -0.696423 0.704513
1768827416.854853630 -5.074148 -0.465647 -0.055984 0.102345 0.094504 -0.695294 0.705096
1768827416.955614090 -5.075950 -0.485249 -0.064155 0.097986 0.093233 -0.695610 0.705573
1768827417.055012465 -5.072877 -0.504640 -0.064478 0.099404 0.093335 -0.695507 0.705463
1768827417.154646397 -5.072187 -0.518626 -0.056863 0.100040 0.092530 -0.695412 0.705572
1768827417.254770994 -5.074297 -0.539118 -0.055515 0.100891 0.094311 -0.694618 0.705997
1768827417.355507135 -5.072839 -0.556930 -0.047443 0.100468 0.093681 -0.694157 0.706595
1768827417.454871655 -5.075767 -0.577220 -0.059046 0.098285 0.094800 -0.693738 0.707163
1768827417.554776669 -5.073147 -0.600588 -0.063644 0.098257 0.094746 -0.692921 0.707975
1768827417.654827833 -5.071701 -0.619981 -0.064192 0.098459 0.095215 -0.692428 0.708367
1768827417.754966021 -5.074887 -0.637844 -0.051967 0.100690 0.096467 -0.691468 0.708821
1768827417.854733706 -5.073434 -0.658823 -0.048367 0.100071 0.096090 -0.690851 0.709561
1768827417.955180407 -5.075465 -0.685730 -0.064595 0.099649 0.096778 -0.690794 0.709583
1768827418.056012392 -5.073253 -0.704944 -0.067071 0.099328 0.096729 -0.690433 0.709986
1768827418.154778957 -5.070639 -0.724633 -0.056945 0.099295 0.094965 -0.690868 0.709805
1768827418.255016088 -5.070807 -0.735924 -0.052282 0.097299 0.093444 -0.690864 0.710288
1768827418.354786873 -5.070538 -0.758085 -0.061850 0.098439 0.096982 -0.689929 0.710565
1768827418.454892159 -5.069333 -0.781219 -0.067520 0.098005 0.096729 -0.689332 0.711239
1768827418.554883718 -5.070162 -0.803847 -0.073850 0.097811 0.097035 -0.688910 0.711632
1768827418.656670094 -5.068126 -0.823281 -0.067119 0.099368 0.096456 -0.688054 0.712323
1768827418.756856918 -5.065159 -0.833881 -0.055228 0.097653 0.094985 -0.688040 0.712771
1768827418.855545998 -5.066225 -0.849128 -0.046581 0.097968 0.095698 -0.687685 0.712975
1768827418.955171347 -5.063999 -0.870424 -0.049126 0.096536 0.095012 -0.687230 0.713700
1768827419.054884195 -5.062233 -0.896224 -0.075548 0.094956 0.095323 -0.687317 0.713787
1768827419.154802561 -5.060979 -0.912134 -0.078136 0.096366 0.093238 -0.687221 0.713966
1768827419.254879236 -5.060314 -0.929541 -0.070113 0.095513 0.092858 -0.687665 0.713702
1768827419.354916811 -5.057877 -0.945546 -0.063430 0.097286 0.092963 -0.687725 0.713392
1768827419.454847097 -5.059261 -0.963949 -0.054053 0.098918 0.096585 -0.687023 0.713363
1768827419.556087255 -5.061645 -0.983415 -0.044566 0.100550 0.096512 -0.686639 0.713514
1768827419.655467749 -5.062157 -1.002159 -0.044233 0.097723 0.095740 -0.686993 0.713670
1768827419.754737377 -5.062659 -1.021348 -0.044915 0.097207 0.095538 -0.686591 0.714154
1768827419.854898691 -5.059013 -1.041802 -0.049261 0.097024 0.094617 -0.686097 0.714776
1768827419.954881191 -5.058760 -1.058933 -0.046177 0.099776 0.096893 -0.685275 0.714881
1768827420.054904938 -5.059535 -1.080502 -0.040988 0.103362 0.099027 -0.684306 0.715007
1768827420.154746532 -5.060047 -1.100567 -0.035568 0.100179 0.098331 -0.684617 0.715259
1768827420.254899740 -5.060114 -1.124414 -0.041120 0.104862 0.103444 -0.681454 0.716885
1768827420.354813337 -5.066485 -1.145330 -0.045240 0.105207 0.102397 -0.688056 0.710651
1768827420.454864502 -5.067583 -1.158130 -0.055488 0.099983 0.094577 -0.704529 0.696202
1768827420.554863930 -5.065729 -1.177246 -0.039887 0.102422 0.092695 -0.719837 0.680259
1768827420.654799223 -5.067927 -1.193888 -0.036863 0.104924 0.090026 -0.737935 0.660559
1768827420.755364418 -5.068046 -1.218294 -0.035607 0.110097 0.090771 -0.748840 0.647208
1768827420.854768753 -5.072683 -1.238858 -0.046660 0.110749 0.090772 -0.749566 0.646255
1768827420.954954624 -5.074213 -1.253288 -0.040620 0.109593 0.090001 -0.748461 0.647839
1768827421.057280302 -5.075022 -1.268202 -0.037582 0.109458 0.089491 -0.748350 0.648061
1768827421.155803204 -5.079516 -1.288703 -0.038884 0.110826 0.090939 -0.748622 0.647312
1768827421.254894733 -5.083464 -1.312924 -0.050868 0.113462 0.091452 -0.751476 0.643464
1768827421.355031490 -5.084270 -1.330772 -0.068750 0.113292 0.089733 -0.758585 0.635343
1768827421.455387354 -5.085303 -1.344055 -0.075029 0.116532 0.086124 -0.771435 0.619589
1768827421.554714680 -5.088766 -1.356855 -0.058965 0.118067 0.084508 -0.786808 0.599876
1768827421.654831409 -5.092287 -1.371617 -0.056209 0.120370 0.081253 -0.804335 0.576155
1768827421.755028009 -5.097664 -1.384767 -0.055721 0.121624 0.074263 -0.823543 0.549062
1768827421.856448174 -5.101516 -1.401298 -0.048822 0.126231 0.072642 -0.847451 0.510506
1768827421.954752445 -5.112229 -1.419241 -0.053895 0.128098 0.070973 -0.853099 0.500776
1768827422.054898500 -5.122902 -1.431188 -0.052685 -0.128709 -0.071426 0.853473 -0.499916
1768827422.154724836 -5.132310 -1.448354 -0.053307 -0.127462 -0.070086 0.853861 -0.499762
1768827422.254850626 -5.139472 -1.464114 -0.052435 0.128148 0.070086 -0.853552 0.500114
1768827422.355051517 -5.148695 -1.479454 -0.050657 0.124293 0.068695 -0.853805 0.500849
1768827422.454995632 -5.154835 -1.497655 -0.052915 0.125568 0.069407 -0.853661 0.500678
1768827422.554904938 -5.166477 -1.512564 -0.046523 0.126705 0.069587 -0.853323 0.500943
1768827422.654896259 -5.179882 -1.529311 -0.048876 0.128340 0.071514 -0.852898 0.500979
1768827422.754786968 -5.191305 -1.545812 -0.047997 0.127544 0.072142 -0.852900 0.501089
1768827422.854906321 -5.204379 -1.563184 -0.044385 0.127416 0.070338 -0.853092 0.501051
1768827422.954858541 -5.216057 -1.579163 -0.039508 0.127025 0.069776 -0.853226 0.501001
1768827423.054779053 -5.229449 -1.593913 -0.043495 0.127316 0.070774 -0.852493 0.502033
1768827423.155120850 -5.239687 -1.610680 -0.053527 0.127710 0.074017 -0.852331 0.501741
1768827423.255002737 -5.251915 -1.622483 -0.062720 -0.126371 -0.071122 0.854266 -0.499201
1768827423.354909897 -5.262499 -1.641304 -0.065088 -0.128245 -0.068566 0.863536 -0.482865
1768827423.456572294 -5.273170 -1.655984 -0.066617 -0.130441 -0.066032 0.874737 -0.462017
1768827423.554843903 -5.281661 -1.672870 -0.071628 -0.132277 -0.063619 0.886332 -0.439172
1768827423.654821634 -5.297874 -1.688666 -0.076910 -0.134503 -0.060765 0.899822 -0.410532
1768827423.754776239 -5.304720 -1.692607 -0.076172 -0.138206 -0.052867 0.916338 -0.372059
1768827423.854758739 -5.316021 -1.703156 -0.063092 -0.136162 -0.054146 0.920101 -0.363239
1768827423.954873800 -5.335156 -1.719873 -0.057690 -0.137370 -0.051008 0.920683 -0.361760
1768827424.054977655 -5.348272 -1.731787 -0.053930 -0.135010 -0.052034 0.921382 -0.360720
1768827424.154855967 -5.366070 -1.743105 -0.060707 -0.135626 -0.050849 0.921790 -0.359615
1768827424.255040169 -5.382048 -1.759498 -0.058976 -0.134442 -0.053132 0.922074 -0.359000
1768827424.354856730 -5.389950 -1.773688 -0.062703 -0.136549 -0.050995 0.921952 -0.358829
1768827424.455862045 -5.411706 -1.786383 -0.067350 -0.137923 -0.049700 0.921953 -0.358484
1768827424.554759264 -5.423285 -1.800162 -0.058590 -0.134599 -0.051578 0.921586 -0.360418
1768827424.654845715 -5.434552 -1.805302 -0.040321 -0.134378 -0.051020 0.923462 -0.355749
1768827424.754728794 -5.449703 -1.817434 -0.043257 -0.136435 -0.048013 0.928547 -0.341877
1768827424.854772806 -5.467144 -1.836976 -0.057938 -0.135735 -0.045508 0.934928 -0.324676
1768827424.954795361 -5.471045 -1.834914 -0.032297 -0.138731 -0.044041 0.941876 -0.302792
1768827425.054990053 -5.484208 -1.839131 -0.036663 -0.140074 -0.041284 0.950927 -0.272788
1768827425.154814720 -5.497398 -1.850088 -0.035649 -0.142314 -0.036700 0.960071 -0.238041
1768827425.255120993 -5.515190 -1.865457 -0.040835 -0.142137 -0.037551 0.961273 -0.233113
1768827425.354884863 -5.526640 -1.872456 -0.032256 -0.142325 -0.037116 0.961235 -0.233226
1768827425.455344439 -5.549557 -1.883320 -0.035117 -0.144203 -0.038694 0.960772 -0.233722
1768827425.554781199 -5.564196 -1.892736 -0.061160 -0.144016 -0.041173 0.959677 -0.237873
1768827425.654911518 -5.586289 -1.900647 -0.077735 -0.144770 -0.041187 0.959612 -0.237676
1768827425.754794836 -5.603061 -1.907907 -0.078324 -0.144389 -0.040725 0.960135 -0.235868
1768827425.855254173 -5.617871 -1.916001 -0.080752 -0.145080 -0.033772 0.961546 -0.230739
1768827425.954776764 -5.632051 -1.923600 -0.073782 -0.144962 -0.030478 0.965010 -0.216363
1768827426.056094170 -5.653476 -1.930788 -0.072269 -0.148550 -0.033955 0.968559 -0.196657
1768827426.154796600 -5.669947 -1.934308 -0.052981 -0.147228 -0.028304 0.973521 -0.172566
1768827426.254879236 -5.686368 -1.940893 -0.055466 -0.147915 -0.024642 0.978194 -0.143705
1768827426.354820490 -5.699045 -1.944962 -0.047758 -0.147926 -0.017233 0.982856 -0.108694
1768827426.454858303 -5.717750 -1.946278 -0.056563 -0.151258 -0.013702 0.986710 -0.057755
1768827426.554925919 -5.727026 -1.949021 -0.059934 -0.150420 -0.008221 0.988217 -0.027067
1768827426.654841423 -5.747281 -1.947676 -0.060018 -0.150037 -0.007132 0.988572 -0.012776
1768827426.756735325 -5.772207 -1.949261 -0.066317 -0.150248 -0.006485 0.988561 -0.011466
1768827426.854886293 -5.792916 -1.954804 -0.070698 -0.147966 -0.006667 0.988914 -0.010499
1768827426.954782248 -5.808216 -1.959867 -0.076911 -0.148256 -0.005903 0.988875 -0.010578
1768827427.054894924 -5.829269 -1.960563 -0.075225 -0.148067 -0.005879 0.988905 -0.010445
1768827427.154791832 -5.851334 -1.957640 -0.071059 -0.148362 -0.004331 0.988870 -0.010331
1768827427.254730701 -5.868863 -1.957567 -0.065606 -0.148391 -0.004819 0.988864 -0.010278
1768827427.358789921 -5.888875 -1.956214 -0.067096 -0.149031 -0.006174 0.988754 -0.010779
1768827427.457085133 -5.910228 -1.952791 -0.066077 -0.149747 -0.005952 0.988646 -0.010962
1768827427.554847956 -5.931312 -1.953023 -0.063550 -0.150019 -0.005930 0.988598 -0.011504
1768827427.655668736 -5.951842 -1.951929 -0.068584 -0.149839 -0.006697 0.988612 -0.012209
1768827427.755411625 -5.967001 -1.954460 -0.069595 -0.148684 -0.006265 0.988788 -0.012342
1768827427.854902983 -5.986187 -1.956193 -0.075907 -0.150659 -0.008807 0.988486 -0.010930
1768827427.954894543 -6.005418 -1.954631 -0.070988 -0.149400 -0.005864 0.988685 -0.012165
1768827428.055046082 -6.025368 -1.953172 -0.067428 -0.150186 -0.006231 0.988570 -0.011580
1768827428.158104897 -6.044258 -1.952135 -0.066515 -0.151632 -0.006361 0.988345 -0.011873
1768827428.255177498 -6.063886 -1.951429 -0.068903 -0.150374 -0.006240 0.988535 -0.012108
1768827428.354748726 -6.080401 -1.951462 -0.065132 -0.149541 -0.006308 0.988657 -0.012412
1768827428.454893112 -6.100672 -1.951731 -0.064468 -0.148528 -0.006701 0.988799 -0.013092
1768827428.554839611 -6.127932 -1.950100 -0.077491 -0.149496 -0.009156 0.988631 -0.013250
1768827428.654897213 -6.143222 -1.953379 -0.074844 -0.148144 -0.007223 0.988837 -0.014247
1768827428.754924536 -6.163616 -1.953306 -0.071413 -0.152028 -0.008405 0.988252 -0.013195
1768827428.854787350 -6.186264 -1.953519 -0.075904 -0.147271 -0.009527 0.988948 -0.014225
1768827428.954791307 -6.203885 -1.953063 -0.073923 -0.150476 -0.006792 0.988492 -0.013934
1768827429.054950237 -6.221050 -1.952304 -0.071238 -0.152958 -0.007800 0.988107 -0.013700
1768827429.155015230 -6.245294 -1.952082 -0.070163 -0.152844 -0.007995 0.988117 -0.014133
1768827429.254906654 -6.264576 -1.953182 -0.071651 -0.152450 -0.008097 0.988178 -0.014041
1768827429.354863167 -6.284685 -1.954402 -0.072948 -0.151572 -0.010192 0.988282 -0.014855
1768827429.456383944 -6.301804 -1.954406 -0.073427 -0.147150 -0.007393 0.988977 -0.014743
1768827429.554858208 -6.321871 -1.957462 -0.069154 -0.153387 -0.008177 0.987991 -0.016720
1768827429.655106306 -6.346656 -1.951788 -0.072130 -0.153707 -0.008607 0.987934 -0.016935
1768827429.754761934 -6.365958 -1.951915 -0.073463 -0.154401 -0.008534 0.987826 -0.016962
1768827429.859131575 -6.386656 -1.953246 -0.071563 -0.153915 -0.008592 0.987897 -0.017177
1768827429.955071926 -6.401764 -1.953319 -0.074118 -0.152726 -0.008277 0.988091 -0.016779
1768827430.054862499 -6.418759 -1.958652 -0.075398 -0.152226 -0.010400 0.988134 -0.017605
1768827430.154936075 -6.437531 -1.955771 -0.075705 -0.154112 -0.010172 0.987838 -0.017922
1768827430.254911661 -6.460262 -1.958490 -0.080475 -0.150217 -0.014395 0.988367 -0.018928
1768827430.354897738 -6.472033 -1.958820 -0.086852 -0.149050 -0.012199 0.988586 -0.018246
1768827430.455308914 -6.487873 -1.960186 -0.094661 -0.149490 -0.014713 0.988477 -0.018680
1768827430.554861069 -6.507330 -1.964196 -0.103197 -0.150986 -0.013502 0.988246 -0.019774
1768827430.654891014 -6.526791 -1.962840 -0.074974 -0.152650 -0.010087 0.988016 -0.020488
1768827430.754917383 -6.542442 -1.964286 -0.077424 -0.150947 -0.010435 0.988260 -0.021152
1768827430.854760885 -6.556677 -1.965223 -0.104940 -0.151344 -0.015064 0.988148 -0.020780
1768827430.956920147 -6.573297 -1.966426 -0.128026 -0.153393 -0.016562 0.987810 -0.020665
1768827431.055800438 -6.591433 -1.966714 -0.127940 -0.153271 -0.016504 0.987828 -0.020771
1768827431.154850960 -6.609743 -1.967459 -0.126581 -0.153894 -0.016526 0.987729 -0.020868
1768827431.254838943 -6.633340 -1.966198 -0.113547 -0.155951 -0.013306 0.987452 -0.020999
1768827431.354942799 -6.655664 -1.964053 -0.093863 -0.155497 -0.012950 0.987516 -0.021574
1768827431.454893827 -6.678081 -1.962104 -0.094071 -0.153807 -0.012663 0.987787 -0.021438
1768827431.554737568 -6.691298 -1.968683 -0.090493 -0.150708 -0.010338 0.988275 -0.022216
1768827431.655011177 -6.711912 -1.970427 -0.084270 -0.150731 -0.011260 0.988250 -0.022696
1768827431.755442142 -6.731745 -1.970581 -0.079812 -0.151001 -0.010886 0.988198 -0.023337
1768827431.855182886 -6.748773 -1.967295 -0.081723 -0.154500 -0.012826 0.987649 -0.022700
1768827431.955013514 -6.774840 -1.971525 -0.081177 -0.150291 -0.011918 0.988289 -0.023555
1768827432.055038929 -6.802141 -1.968496 -0.082723 -0.152355 -0.013378 0.987963 -0.023190
1768827432.154768705 -6.804998 -1.970074 -0.083220 -0.151881 -0.012151 0.988046 -0.023458
1768827432.256771803 -6.798503 -1.971542 -0.083532 -0.151534 -0.012133 0.988087 -0.023952
1768827432.352949142 -6.797878 -1.971402 -0.082456 -0.151291 -0.011996 0.988125 -0.023987
1768827432.454961538 -6.796059 -1.970791 -0.083214 -0.151659 -0.012111 0.988069 -0.023925
1768827432.555603027 -6.800102 -1.971263 -0.083945 -0.151990 -0.012324 0.988010 -0.024136
1768827432.655018330 -6.802449 -1.971874 -0.084683 -0.152853 -0.012702 0.987888 -0.023509
1768827432.754767656 -6.799038 -1.971216 -0.083301 -0.151761 -0.012678 0.988067 -0.023052
1768827432.854832172 -6.794439 -1.970923 -0.083169 -0.152244 -0.011871 0.988009 -0.022774
1768827432.955064535 -6.788299 -1.969122 -0.083570 -0.152032 -0.011513 0.988051 -0.022551
1768827433.054842472 -6.777392 -1.967496 -0.085339 -0.151801 -0.011408 0.988079 -0.022955
1768827433.154860258 -6.772030 -1.968493 -0.085560 -0.152584 -0.012757 0.987932 -0.023378
1768827433.254824162 -6.759216 -1.971969 -0.076217 -0.152132 -0.012194 0.987999 -0.023776
1768827433.354807615 -6.744620 -1.969838 -0.078042 -0.152216 -0.010985 0.988002 -0.023699
1768827433.454996347 -6.726171 -1.964422 -0.095411 -0.152259 -0.009337 0.988023 -0.023233
1768827433.554850817 -6.707633 -1.961641 -0.102013 -0.152972 -0.009121 0.987941 -0.022115
1768827433.654810905 -6.686289 -1.961432 -0.102445 -0.153167 -0.008579 0.987937 -0.021125
1768827433.754906416 -6.667084 -1.962646 -0.100144 -0.152454 -0.008405 0.988065 -0.020376
1768827433.854985476 -6.640818 -1.967366 -0.070431 -0.151425 -0.011546 0.988179 -0.020971
1768827433.955583096 -6.613836 -1.968065 -0.059847 -0.147933 -0.009855 0.988726 -0.020975
1768827434.054980040 -6.589747 -1.965792 -0.056962 -0.150985 -0.012090 0.988264 -0.019777
1768827434.154885530 -6.565155 -1.965519 -0.060913 -0.152654 -0.012611 0.988039 -0.017822
1768827434.254822493 -6.546350 -1.968486 -0.069091 -0.153556 -0.012517 0.987893 -0.018199
1768827434.355525255 -6.523567 -1.967576 -0.077717 -0.154282 -0.013019 0.987767 -0.018552
1768827434.454999924 -6.495950 -1.964762 -0.080059 -0.151865 -0.013680 0.988117 -0.019375
1768827434.554821730 -6.469813 -1.964470 -0.059217 -0.156191 -0.014183 0.987444 -0.018880
1768827434.654862165 -6.447201 -1.963468 -0.071060 -0.151435 -0.010122 0.988223 -0.019502
1768827434.755436182 -6.422075 -1.959672 -0.073068 -0.150702 -0.011527 0.988341 -0.018412
1768827434.854977131 -6.408150 -1.958423 -0.072964 -0.151229 -0.010253 0.988238 -0.020273
1768827434.954815626 -6.404729 -1.958442 -0.076397 -0.152505 -0.010765 0.988038 -0.020156
1768827435.055461407 -6.403426 -1.958354 -0.075604 -0.152293 -0.010539 0.988074 -0.020116
1768827435.154917717 -6.403043 -1.958843 -0.075594 -0.152490 -0.010631 0.988042 -0.020168
1768827435.254810572 -6.401840 -1.964084 -0.058969 -0.159151 -0.010156 0.986931 -0.023109
1768827435.355061293 -6.395906 -1.965959 -0.032250 -0.158018 -0.009087 0.987195 -0.019835
1768827435.451614380 -6.372268 -1.961223 -0.057531 -0.150028 -0.007897 0.988547 -0.014293
1768827435.555096149 -6.341082 -1.959122 -0.049992 -0.147749 -0.008847 0.988777 -0.020299
1768827435.654842138 -6.322701 -1.960122 -0.092479 -0.152533 -0.011647 0.987855 -0.027199
1768827435.754848957 -6.307106 -1.957137 -0.098870 -0.153546 -0.013133 0.987528 -0.032247
1768827435.854949236 -6.263202 -1.950231 -0.069786 -0.148388 -0.009964 0.988286 -0.034229
1768827435.954813004 -6.240441 -1.948198 -0.072386 -0.152538 -0.014899 0.987186 -0.044442
1768827436.054963589 -6.254487 -1.952872 -0.079315 -0.148903 -0.011938 0.987708 -0.046029
1768827436.157832623 -6.254830 -1.953439 -0.071742 -0.149729 -0.013288 0.987548 -0.046399
1768827436.255080700 -6.256434 -1.953836 -0.068835 -0.149296 -0.012790 0.987619 -0.046423
1768827436.356314182 -6.257744 -1.953284 -0.068962 -0.149273 -0.013028 0.987623 -0.046360
1768827436.454855204 -6.260471 -1.953785 -0.070887 -0.149714 -0.013189 0.987558 -0.046267
1768827436.554944038 -6.263748 -1.954749 -0.072879 -0.149844 -0.012915 0.987546 -0.046190
1768827436.654785395 -6.265060 -1.954658 -0.072951 -0.149780 -0.013202 0.987558 -0.046052
1768827436.754909754 -6.266559 -1.955094 -0.073141 -0.149662 -0.013011 0.987582 -0.045965
1768827436.854818106 -6.267018 -1.954744 -0.073128 -0.149855 -0.013067 0.987553 -0.045962
1768827436.954883099 -6.267527 -1.954740 -0.072854 -0.149681 -0.012930 0.987574 -0.046100
1768827437.054022789 -6.269460 -1.955778 -0.074523 -0.150425 -0.013030 0.987576 -0.043548
1768827437.154834747 -6.268652 -1.957304 -0.075235 -0.150580 -0.012817 0.987601 -0.042489
1768827437.255208254 -6.271432 -1.955764 -0.074843 -0.149560 -0.013983 0.987273 -0.052229
1768827437.354892254 -6.268178 -1.956144 -0.076054 -0.150557 -0.016336 0.986175 -0.067268
1768827437.454871893 -6.277767 -1.958965 -0.071664 -0.148858 -0.018334 0.984736 -0.088314
1768827437.554866076 -6.278842 -1.957027 -0.074589 -0.147900 -0.021027 0.981751 -0.117683
1768827437.655065536 -6.280423 -1.954411 -0.075745 -0.146803 -0.027371 0.975425 -0.162008
1768827437.754787683 -6.274778 -1.956891 -0.076994 -0.144816 -0.035218 0.963845 -0.220886
1768827437.855122328 -6.272829 -1.957911 -0.073164 -0.142833 -0.043914 0.948377 -0.279735
1768827437.954821825 -6.270281 -1.957948 -0.068674 -0.138677 -0.054158 0.925715 -0.347688
1768827438.054931402 -6.271517 -1.958302 -0.073577 -0.134271 -0.061239 0.894775 -0.421424
1768827438.155922174 -6.277868 -1.958561 -0.082383 -0.129130 -0.070102 0.861926 -0.485278
1768827438.254957914 -6.282462 -1.974237 -0.082874 0.128138 0.071511 -0.853081 0.500720
1768827438.355004787 -6.289155 -1.991705 -0.080043 0.128183 0.072871 -0.852561 0.501396
1768827438.454897165 -6.295509 -2.008889 -0.060799 0.126074 0.071623 -0.853087 0.501217
1768827438.555870295 -6.307019 -2.025478 -0.067412 -0.128101 -0.073339 0.854268 -0.498436
1768827438.653959990 -6.315017 -2.043551 -0.053259 0.126787 0.073524 -0.852104 0.502432
1768827438.755092621 -6.321423 -2.051735 -0.054804 0.124818 0.075028 -0.845661 0.513467
1768827438.853967190 -6.327072 -2.075789 -0.072588 0.123309 0.077734 -0.833945 0.532248
1768827438.954958439 -6.332140 -2.085983 -0.068374 0.122656 0.080372 -0.821138 0.551569
1768827439.055097103 -6.341807 -2.100093 -0.066790 0.123490 0.083982 -0.803157 0.576746
1768827439.154822588 -6.346744 -2.118372 -0.070777 0.124128 0.087241 -0.780623 0.606307
1768827439.254832506 -6.357117 -2.131670 -0.071127 0.120038 0.091928 -0.756603 0.636154
1768827439.354888916 -6.355250 -2.134956 -0.065933 0.111220 0.098424 -0.719501 0.678425
1768827439.455174208 -6.354102 -2.144066 -0.057160 0.106548 0.102647 -0.688726 0.709766
1768827439.554942131 -6.355012 -2.155830 -0.057034 0.101716 0.105778 -0.657585 0.738950
1768827439.655458212 -6.351920 -2.178906 -0.057647 0.102389 0.102639 -0.642748 0.752235
1768827439.855215788 -6.346984 -2.227244 -0.070950 0.102983 0.103921 -0.641280 0.753230
1768827439.954923868 -6.345183 -2.241089 -0.074786 0.103081 0.103809 -0.640853 0.753595
1768827440.056495190 -6.345987 -2.268431 -0.079812 0.105355 0.106449 -0.642094 0.751854
1768827440.354900599 -6.335538 -2.337170 -0.113890 0.100163 0.109819 -0.630574 0.761763
1768827440.455504656 -6.329493 -2.343851 -0.084899 0.100620 0.111348 -0.613133 0.775593
1768827440.554831982 -6.325310 -2.357796 -0.078872 0.093754 0.111344 -0.593168 0.791811
1768827440.654906988 -6.320533 -2.373244 -0.086091 0.090913 0.114681 -0.568287 0.809712
1768827440.754833698 -6.315286 -2.385904 -0.068624 0.085561 0.116193 -0.541581 0.828172
1768827440.954878569 -6.305185 -2.405703 -0.017741 0.071500 0.116762 -0.471847 0.870985
1768827441.054914713 -6.297457 -2.417278 -0.071324 0.067679 0.121722 -0.429982 0.892031
1768827441.155567646 -6.281566 -2.422605 -0.103161 0.062945 0.127218 -0.376886 0.915320
1768827441.254790306 -6.287401 -2.429945 -0.077931 0.050963 0.128119 -0.314986 0.939027
1768827441.354887962 -6.284676 -2.437547 -0.069778 0.043604 0.129176 -0.271505 0.952732
1768827441.455777168 -6.270431 -2.443601 -0.070965 0.036057 0.129743 -0.232011 0.963347
1768827441.554882765 -6.249224 -2.453059 -0.075826 0.036362 0.131691 -0.222200 0.965382
1768827441.655007124 -6.230743 -2.459253 -0.073808 0.036341 0.129883 -0.221218 0.965853
1768827441.754969358 -6.211484 -2.465206 -0.074014 0.035694 0.129080 -0.220534 0.966141
1768827441.856892586 -6.191115 -2.471685 -0.074059 0.033749 0.127964 -0.219724 0.966544
1768827441.956918478 -6.174955 -2.477680 -0.080843 0.035311 0.130393 -0.219746 0.966159
1768827442.054891825 -6.161728 -2.490229 -0.073137 0.036042 0.131675 -0.218538 0.966232
1768827442.154795885 -6.144018 -2.499095 -0.072413 0.035769 0.133287 -0.218892 0.965941
1768827442.255264282 -6.126890 -2.510201 -0.071044 0.035041 0.133194 -0.217915 0.966201
1768827442.355098963 -6.109035 -2.518408 -0.069459 0.034855 0.132323 -0.217191 0.966490
1768827442.454809427 -6.089749 -2.526078 -0.070776 0.033344 0.131269 -0.214794 0.967223
1768827442.555585623 -6.071091 -2.532968 -0.067060 0.031453 0.130499 -0.206928 0.969103
1768827442.659041643 -6.052768 -2.539754 -0.062049 0.028173 0.130073 -0.187692 0.973170
1768827442.754930735 -6.035062 -2.546204 -0.075721 0.029487 0.135393 -0.166243 0.976301
1768827442.855358362 -6.013387 -2.557400 -0.091707 0.025343 0.135015 -0.137821 0.980884
1768827442.954833031 -6.004829 -2.554917 -0.085851 0.018052 0.132659 -0.107699 0.985128
1768827443.055022955 -5.995075 -2.553251 -0.085610 0.011579 0.133879 -0.064947 0.988799
1768827443.155023098 -5.976788 -2.561607 -0.076969 0.008143 0.132057 -0.041097 0.990356
1768827443.254931450 -5.956747 -2.562918 -0.068519 0.007400 0.135403 -0.036543 0.990089
1768827443.354839087 -5.940300 -2.561538 -0.071945 0.007652 0.133890 -0.035522 0.990330
1768827443.455103874 -5.920108 -2.566690 -0.062745 0.007084 0.132117 -0.034765 0.990599
1768827443.554919243 -5.901953 -2.569903 -0.061848 0.007079 0.132478 -0.034988 0.990543
1768827443.654994488 -5.883784 -2.566248 -0.068358 0.006594 0.131889 -0.035071 0.990622
1768827443.754891634 -5.865910 -2.565011 -0.072812 0.006226 0.131218 -0.035154 0.990711
1768827443.854827404 -5.848514 -2.568861 -0.066005 0.006975 0.132623 -0.035175 0.990518
1768827443.954944134 -5.828772 -2.573283 -0.061332 0.007066 0.133227 -0.034731 0.990452
1768827444.054893970 -5.813629 -2.577545 -0.056281 0.007015 0.133454 -0.034593 0.990426
1768827444.154971838 -5.793253 -2.578580 -0.056086 0.007050 0.132991 -0.033752 0.990517
1768827444.255458117 -5.770045 -2.577919 -0.058819 0.006387 0.131473 -0.033236 0.990742
1768827444.355252266 -5.753674 -2.578930 -0.058922 0.004731 0.131314 -0.030485 0.990861
1768827444.455502033 -5.730439 -2.581197 -0.063361 0.004076 0.131968 -0.023301 0.990972
1768827444.554973364 -5.707183 -2.581126 -0.071678 -0.000294 0.130601 -0.006406 0.991414
1768827444.654953241 -5.694526 -2.581978 -0.066573 -0.001175 0.132395 0.014664 0.991088
1768827444.754968166 -5.683909 -2.581545 -0.055491 -0.002122 0.134421 0.041697 0.990044
1768827444.856838465 -5.664795 -2.583103 -0.047635 -0.012541 0.130594 0.073428 0.988634
1768827444.954900503 -5.650945 -2.579665 -0.042951 -0.013645 0.135297 0.108733 0.984726
1768827445.054861307 -5.638478 -2.573703 -0.039868 -0.022216 0.130938 0.148686 0.979926
1768827445.155191660 -5.624325 -2.568184 -0.050361 -0.028255 0.128264 0.199388 0.971079
1768827445.255062580 -5.605630 -2.563694 -0.064169 -0.029515 0.130712 0.224165 0.965295
1768827445.354883671 -5.586951 -2.555259 -0.066306 -0.034023 0.129616 0.224920 0.965118
1768827445.454871178 -5.575867 -2.543398 -0.051477 -0.033490 0.128576 0.224681 0.965332
1768827445.557388306 -5.558411 -2.539532 -0.059200 -0.035016 0.128084 0.224397 0.965409
1768827445.656009674 -5.538034 -2.534191 -0.068058 -0.030091 0.128534 0.222306 0.965999
1768827445.754928589 -5.522164 -2.527593 -0.046826 -0.034045 0.124217 0.224091 0.966020
1768827445.954993010 -5.490897 -2.507589 -0.046499 -0.037421 0.131064 0.260584 0.955781
1768827446.056821346 -5.478160 -2.497234 -0.061091 -0.043752 0.124567 0.282760 0.950061
1768827446.154927969 -5.462365 -2.480209 -0.065360 -0.047148 0.121966 0.310461 0.941549
1768827446.254864693 -5.452720 -2.472658 -0.067499 -0.050785 0.127650 0.341630 0.929740
1768827446.354918957 -5.437405 -2.469423 -0.063972 -0.054518 0.123029 0.375831 0.916866
1768827446.455257177 -5.423215 -2.455593 -0.059262 -0.053497 0.121672 0.376472 0.916844
1768827446.554976940 -5.411415 -2.446489 -0.059293 -0.053166 0.122590 0.376346 0.916793
1768827446.654903650 -5.394212 -2.431367 -0.061563 -0.056158 0.123167 0.374871 0.917141
1768827446.754963636 -5.373518 -2.418564 -0.058029 -0.056901 0.122759 0.374823 0.917170
1768827446.854943275 -5.361500 -2.404727 -0.056796 -0.054524 0.121599 0.374959 0.917413
1768827446.955350399 -5.354645 -2.386796 -0.051702 -0.054149 0.123933 0.375671 0.916831
1768827447.055060863 -5.340867 -2.372478 -0.059316 -0.056259 0.124357 0.389405 0.910897
1768827447.155811548 -5.329302 -2.359503 -0.059872 -0.058201 0.123089 0.409129 0.902261
1768827447.254936457 -5.316832 -2.345282 -0.066407 -0.061038 0.117816 0.430005 0.893023
1768827447.355005503 -5.303039 -2.330331 -0.074560 -0.061974 0.118694 0.452992 0.881402
1768827447.455047846 -5.296302 -2.316018 -0.078822 -0.065947 0.117278 0.483895 0.864721
1768827447.554982424 -5.291543 -2.312352 -0.067667 -0.073548 0.112056 0.519316 0.844006
1768827447.654948711 -5.287462 -2.292996 -0.071785 -0.072545 0.110225 0.529572 0.837939
1768827447.755300045 -5.277170 -2.276748 -0.070518 -0.073068 0.109955 0.529801 0.837784
1768827447.854889870 -5.269036 -2.255214 -0.073680 -0.071531 0.108820 0.529348 0.838351
1768827447.955190897 -5.259465 -2.240393 -0.065784 -0.072878 0.108291 0.529426 0.838254
1768827448.054851532 -5.248073 -2.227402 -0.058113 -0.072863 0.107917 0.528692 0.838766
1768827448.155144930 -5.241462 -2.208824 -0.060936 -0.073518 0.106870 0.529278 0.838474
1768827448.254965544 -5.238097 -2.184778 -0.067856 -0.073203 0.107856 0.526390 0.840192
1768827448.355845451 -5.226932 -2.172524 -0.051531 -0.076920 0.111237 0.530852 0.836603
1768827448.456133127 -5.214636 -2.158336 -0.046327 -0.079827 0.109244 0.544786 0.827588
1768827448.554977655 -5.206644 -2.140112 -0.061110 -0.081603 0.106502 0.570241 0.810447
1768827448.654854536 -5.199214 -2.119947 -0.060795 -0.084357 0.105414 0.588551 0.797107
1768827448.754239321 -5.191927 -2.105735 -0.062310 -0.088108 0.104203 0.591642 0.794568
1768827448.855657578 -5.188931 -2.087466 -0.058332 -0.085797 0.104209 0.592661 0.794061
1768827448.955229759 -5.178535 -2.070199 -0.057644 -0.086923 0.103709 0.592448 0.794162
1768827449.054859400 -5.174822 -2.050790 -0.059213 -0.085937 0.104321 0.592079 0.794465
1768827449.256441593 -5.161677 -2.013261 -0.057205 -0.085641 0.105519 0.591169 0.795016
1768827449.355088711 -5.159352 -1.994181 -0.052704 -0.087580 0.107024 0.590289 0.795258
1768827449.454941750 -5.153555 -1.973732 -0.056712 -0.084381 0.108062 0.591018 0.794921
1768827449.554914713 -5.149138 -1.956052 -0.056166 -0.086611 0.103908 0.590386 0.795705
1768827449.654837132 -5.144670 -1.937167 -0.056621 -0.084852 0.103445 0.590514 0.795860
1768827449.754984379 -5.140379 -1.917860 -0.051181 -0.084243 0.102637 0.591147 0.795559
1768827449.954980135 -5.134590 -1.879220 -0.043412 -0.085095 0.103230 0.591445 0.795170
1768827450.054926395 -5.121821 -1.860733 -0.051828 -0.089664 0.105472 0.590668 0.794951
1768827450.154971600 -5.112857 -1.840309 -0.058659 -0.084848 0.110078 0.590901 0.794682
1768827450.255535126 -5.109642 -1.820983 -0.060899 -0.086460 0.109741 0.590455 0.794886
1768827450.355810642 -5.103882 -1.803523 -0.050687 -0.091231 0.108507 0.589485 0.795242
1768827450.454947233 -5.097629 -1.781995 -0.052874 -0.086699 0.106222 0.589778 0.795840
1768827450.556700230 -5.088024 -1.765811 -0.055554 -0.087767 0.104025 0.589493 0.796225
1768827450.655054331 -5.088767 -1.748351 -0.038945 -0.087576 0.105082 0.589532 0.796078
1768827450.755234718 -5.082443 -1.731620 -0.034440 -0.089679 0.107165 0.589516 0.795578
1768827450.855394602 -5.076253 -1.712378 -0.034377 -0.091139 0.108954 0.590141 0.794705
1768827450.954822063 -5.068373 -1.691740 -0.033901 -0.091642 0.108407 0.590218 0.794665
1768827451.055202723 -5.062288 -1.672084 -0.037616 -0.091441 0.109263 0.590113 0.794649
1768827451.257347584 -5.052100 -1.631014 -0.040711 -0.089288 0.108911 0.589426 0.795451
1768827451.354881287 -5.046461 -1.617051 -0.045018 -0.086793 0.107423 0.589721 0.795711
1768827451.455653667 -5.037892 -1.595832 -0.054289 -0.087137 0.109844 0.589326 0.795636
1768827451.554937124 -5.034331 -1.578921 -0.061274 -0.087095 0.109161 0.589099 0.795902
1768827451.656438589 -5.028576 -1.561293 -0.058467 -0.087026 0.108741 0.589099 0.795968
1768827451.756088734 -5.024628 -1.542593 -0.055870 -0.087625 0.106276 0.589349 0.796050
1768827451.854973316 -5.020213 -1.520297 -0.055388 -0.088575 0.106931 0.589603 0.795669
1768827451.955057859 -5.014248 -1.501627 -0.056225 -0.088175 0.106595 0.590068 0.795413
1768827452.154898643 -5.002232 -1.469886 -0.050448 -0.087567 0.105704 0.589991 0.795656
1768827452.254951477 -4.996326 -1.454654 -0.048985 -0.087520 0.106264 0.589356 0.796058
1768827452.355014324 -4.990963 -1.437786 -0.050715 -0.087214 0.106969 0.589485 0.795902
1768827452.454897404 -4.982846 -1.420542 -0.048315 -0.087599 0.106331 0.589198 0.796157
1768827452.556261539 -4.977489 -1.402645 -0.048658 -0.087719 0.106898 0.589090 0.796148
1768827452.654969931 -4.971152 -1.382897 -0.049257 -0.087425 0.106955 0.589060 0.796195
1768827452.754916906 -4.962721 -1.365240 -0.053069 -0.087476 0.107794 0.589096 0.796049
1768827452.854848385 -4.956037 -1.349054 -0.055848 -0.087000 0.108232 0.589542 0.795712
1768827452.955027342 -4.950055 -1.329533 -0.054317 -0.087496 0.107180 0.589747 0.795647
1768827453.055004597 -4.947621 -1.307586 -0.048745 -0.088272 0.109489 0.589010 0.795793
1768827453.155145407 -4.942620 -1.292173 -0.042389 -0.089230 0.109240 0.591872 0.793595
1768827453.254831314 -4.937176 -1.271618 -0.040971 -0.089827 0.107962 0.598778 0.788505
1768827453.356854677 -4.931241 -1.254611 -0.046054 -0.089010 0.106680 0.601916 0.786380
1768827453.454803228 -4.920191 -1.236108 -0.054826 -0.088570 0.105435 0.602406 0.786223
1768827453.555776834 -4.915984 -1.216290 -0.059392 -0.088819 0.106550 0.602736 0.785791
1768827453.659443617 -4.913239 -1.200777 -0.046467 -0.090583 0.105268 0.602300 0.786097
1768827453.754894972 -4.910289 -1.181689 -0.045163 -0.088464 0.104435 0.603425 0.785586
1768827453.854818106 -4.901946 -1.163395 -0.049024 -0.089044 0.103994 0.603732 0.785343
1768827453.954843044 -4.896380 -1.143428 -0.046424 -0.090917 0.105836 0.603820 0.784815
1768827454.054850817 -4.891298 -1.122144 -0.047342 -0.090297 0.106774 0.604390 0.784320
1768827454.155811071 -4.884652 -1.099663 -0.054936 -0.087212 0.107923 0.605014 0.784031
1768827454.254871130 -4.876920 -1.082444 -0.055606 -0.089207 0.106712 0.604538 0.784339
1768827454.353953600 -4.875620 -1.064942 -0.063555 -0.091721 0.108690 0.603547 0.784541
1768827454.455093145 -4.871068 -1.043312 -0.080193 -0.092055 0.108400 0.603330 0.784709
1768827454.556410551 -4.866576 -1.025144 -0.081164 -0.092017 0.109449 0.603309 0.784584
1768827454.654975653 -4.859568 -1.005974 -0.070568 -0.093539 0.109023 0.603245 0.784512
1768827454.755017757 -4.855217 -0.987715 -0.077377 -0.091177 0.109789 0.603384 0.784577
1768827454.854969025 -4.845265 -0.966143 -0.083406 -0.088083 0.108676 0.603733 0.784817
1768827454.955390692 -4.843313 -0.951106 -0.076179 -0.091346 0.110034 0.603618 0.784343
1768827455.055642366 -4.846437 -0.935432 -0.062591 -0.090940 0.106622 0.603633 0.784849
1768827455.154957056 -4.837250 -0.920082 -0.052585 -0.091503 0.106944 0.603414 0.784909
1768827455.254982710 -4.830041 -0.898377 -0.058680 -0.091866 0.109148 0.603584 0.784432
1768827455.355027199 -4.822699 -0.876372 -0.066372 -0.091966 0.105866 0.603024 0.785300
1768827455.454860926 -4.823816 -0.863335 -0.048395 -0.092287 0.106665 0.602842 0.785294
1768827455.555458307 -4.817915 -0.844030 -0.044902 -0.091643 0.107796 0.602541 0.785446
1768827455.654966831 -4.811297 -0.822490 -0.056990 -0.093547 0.107018 0.604441 0.783867
1768827455.755004883 -4.806931 -0.802526 -0.060438 -0.095713 0.106376 0.613416 0.776688
1768827455.855116129 -4.804374 -0.785394 -0.061233 -0.096839 0.105536 0.625338 0.767096
1768827456.056681156 -4.795062 -0.747109 -0.066453 -0.102212 0.110171 0.630264 0.761697
1768827456.155030012 -4.791489 -0.726416 -0.063640 -0.096015 0.106701 0.631480 0.761991
1768827456.255172014 -4.787936 -0.709427 -0.061482 -0.098092 0.107385 0.631776 0.761384
1768827456.355019331 -4.784211 -0.691622 -0.054981 -0.097060 0.107146 0.631776 0.761550
1768827456.454988241 -4.781322 -0.675021 -0.052720 -0.096624 0.107208 0.631669 0.761685
1768827456.555074215 -4.776106 -0.655079 -0.054230 -0.098570 0.107158 0.631464 0.761613
1768827456.655021906 -4.775993 -0.633157 -0.061556 -0.096845 0.105155 0.631596 0.762004
1768827456.754916191 -4.767882 -0.613147 -0.058247 -0.099084 0.107604 0.631562 0.761402
1768827456.854863167 -4.761690 -0.595472 -0.056457 -0.097047 0.106433 0.631925 0.761528
1768827456.955015421 -4.762846 -0.577238 -0.060991 -0.098467 0.105255 0.638210 0.756250
1768827457.056369066 -4.759230 -0.556966 -0.062345 -0.097444 0.105186 0.635405 0.758750
1768827457.154998064 -4.755834 -0.537724 -0.064406 -0.096033 0.106540 0.624773 0.767519
1768827457.255409718 -4.746167 -0.520370 -0.058784 -0.093946 0.109414 0.609473 0.779580
1768827457.354974985 -4.736901 -0.501328 -0.049334 -0.092701 0.112545 0.592990 0.791898
1768827457.454958677 -4.728521 -0.487973 -0.040772 -0.089114 0.114382 0.569275 0.809260
1768827457.555140257 -4.726895 -0.479525 -0.047286 -0.083099 0.114951 0.538013 0.830917
1768827457.653465033 -4.717084 -0.462012 -0.048711 -0.079992 0.117486 0.513842 0.846029
1768827457.754669666 -4.711835 -0.446020 -0.044020 -0.077609 0.117930 0.506984 0.850316
1768827457.854851961 -4.703684 -0.428244 -0.053196 -0.080040 0.116615 0.506258 0.850704
1768827457.954967737 -4.695502 -0.408338 -0.063567 -0.079359 0.116722 0.505792 0.851030
1768827458.054952383 -4.684150 -0.391863 -0.058842 -0.078544 0.120342 0.505253 0.850922
1768827458.155949831 -4.668957 -0.373221 -0.049732 -0.078317 0.120377 0.505127 0.851012
1768827458.254899025 -4.659861 -0.356410 -0.058017 -0.078887 0.121267 0.504948 0.850940
1768827458.356886864 -4.649998 -0.338517 -0.057139 -0.078503 0.121312 0.504959 0.850962
1768827458.451057196 -4.641828 -0.324693 -0.057434 -0.077869 0.121241 0.505200 0.850888
1768827458.554901600 -4.632405 -0.310340 -0.050533 -0.078070 0.121732 0.504993 0.850922
1768827458.654931545 -4.624604 -0.294898 -0.047039 -0.077998 0.120008 0.504818 0.851278
1768827458.754879236 -4.615098 -0.279173 -0.044985 -0.078332 0.119747 0.504851 0.851264
1768827458.854946375 -4.606496 -0.260598 -0.047727 -0.079539 0.121744 0.504902 0.850838
1768827458.955227613 -4.597124 -0.245481 -0.042896 -0.078797 0.119804 0.505061 0.851088
1768827459.056547165 -4.586387 -0.228959 -0.042924 -0.078732 0.120210 0.505261 0.850918
1768827459.155835867 -4.577103 -0.210103 -0.049708 -0.077745 0.117536 0.503957 0.852155
1768827459.255634546 -4.568662 -0.194033 -0.043354 -0.078719 0.115338 0.495680 0.857206
1768827459.354969978 -4.560641 -0.177095 -0.048275 -0.082449 0.122175 0.480702 0.864408
1768827459.455036163 -4.550255 -0.157678 -0.047841 -0.077069 0.123744 0.466484 0.872433
1768827459.554929256 -4.541252 -0.149054 -0.030514 -0.074097 0.123985 0.447873 0.882353
1768827459.654982805 -4.533280 -0.142542 -0.032707 -0.070361 0.126167 0.418890 0.896472
1768827459.754893064 -4.522709 -0.136401 -0.032856 -0.065272 0.128040 0.383356 0.912351
1768827459.856881857 -4.511228 -0.129451 -0.034895 -0.059553 0.130266 0.342652 0.928479
1768827459.955228806 -4.502118 -0.136057 -0.030416 -0.053689 0.132861 0.283627 0.948167
1768827460.054964066 -4.495045 -0.115699 -0.027376 -0.048565 0.134767 0.249309 0.957771
1768827460.155135155 -4.484175 -0.106186 -0.033460 -0.045424 0.136364 0.230446 0.962412
1768827460.254884005 -4.470314 -0.094872 -0.034361 -0.046010 0.136468 0.229527 0.962589
1768827460.354924440 -4.454087 -0.086515 -0.061318 -0.043405 0.138670 0.228438 0.962654
1768827460.455092669 -4.433499 -0.076917 -0.059140 -0.044194 0.137647 0.227460 0.962997
1768827460.554905415 -4.414736 -0.070046 -0.061206 -0.041524 0.135458 0.227506 0.963415
1768827460.652104855 -4.398021 -0.063437 -0.068481 -0.039589 0.134580 0.226824 0.963780
1768827460.755141735 -4.382853 -0.057187 -0.075437 -0.040884 0.137046 0.225798 0.963619
1768827460.855346441 -4.365015 -0.043824 -0.087467 -0.041934 0.136862 0.225027 0.963781
1768827460.955474138 -4.348157 -0.036074 -0.081954 -0.039917 0.135585 0.224935 0.964068
1768827461.054952860 -4.325049 -0.030902 -0.090215 -0.040720 0.134463 0.224283 0.964344
1768827461.257812738 -4.290144 -0.011123 -0.080160 -0.039063 0.133522 0.223307 0.964769
1768827461.355587959 -4.274468 -0.005686 -0.069703 -0.041526 0.132701 0.222717 0.964916
1768827461.454915524 -4.258712 0.008160 -0.068208 -0.039592 0.134878 0.222558 0.964732
1768827461.554891109 -4.240982 0.017262 -0.067745 -0.040178 0.133351 0.221150 0.965244
1768827461.654965639 -4.226848 0.020580 -0.055478 -0.039498 0.133318 0.221264 0.965250
1768827461.855384350 -4.191897 0.035616 -0.059455 -0.039203 0.134148 0.220431 0.965338
1768827461.954931974 -4.175017 0.045334 -0.060225 -0.037248 0.130340 0.222538 0.965454
1768827462.054953098 -4.156781 0.048055 -0.066236 -0.037971 0.129810 0.222700 0.965460
1768827462.154882431 -4.138815 0.055547 -0.065090 -0.037593 0.130575 0.222795 0.965349
1768827462.255046844 -4.120564 0.064531 -0.065070 -0.037083 0.130181 0.222345 0.965526
1768827462.355595827 -4.101374 0.073933 -0.064091 -0.037000 0.130812 0.221097 0.965731
1768827462.454957724 -4.083617 0.082087 -0.058692 -0.036910 0.132497 0.217547 0.966310
1768827462.555076122 -4.065679 0.091657 -0.058025 -0.036331 0.132471 0.208027 0.968430
1768827462.655071735 -4.049227 0.102440 -0.063386 -0.033847 0.133133 0.191449 0.971842
1768827462.754981518 -4.035644 0.115481 -0.063346 -0.028199 0.133676 0.161586 0.977356
1768827462.854876518 -4.018232 0.108354 -0.056515 -0.025836 0.133810 0.147917 0.979565
1768827462.954266787 -3.995784 0.115642 -0.057624 -0.025399 0.134981 0.144610 0.979910
1768827463.055089712 -3.976593 0.123181 -0.057808 -0.024235 0.136205 0.144046 0.979853
1768827463.155032635 -3.959021 0.131633 -0.055560 -0.024694 0.133917 0.142581 0.980371
1768827463.255067348 -3.940329 0.140030 -0.056820 -0.026389 0.135104 0.142281 0.980207
1768827463.355158091 -3.921182 0.146067 -0.054054 -0.024584 0.133963 0.142116 0.980435
1768827463.455013752 -3.905854 0.151712 -0.050444 -0.024810 0.134067 0.142321 0.980385
1768827463.555133581 -3.887656 0.156740 -0.049431 -0.024448 0.133708 0.142636 0.980398
1768827463.653264046 -3.866289 0.154516 -0.049377 -0.025011 0.132799 0.142954 0.980461
1768827463.755127668 -3.847194 0.158926 -0.051461 -0.023445 0.134628 0.142328 0.980341
1768827463.854983568 -3.827022 0.169426 -0.052556 -0.025256 0.133660 0.142044 0.980470
1768827463.955798864 -3.809818 0.173387 -0.041654 -0.024556 0.133772 0.141551 0.980543
1768827464.054907322 -3.790826 0.178271 -0.040500 -0.024662 0.133191 0.141136 0.980680
1768827464.154909134 -3.772579 0.183717 -0.041617 -0.024265 0.132690 0.140769 0.980810
1768827464.255090714 -3.754235 0.185962 -0.043286 -0.023594 0.131302 0.140171 0.981099
1768827464.356339931 -3.733582 0.190300 -0.049133 -0.019989 0.135056 0.139733 0.980732
1768827464.457667589 -3.711454 0.197239 -0.055164 -0.020764 0.134468 0.139984 0.980761
1768827464.555959225 -3.692377 0.204231 -0.056783 -0.019761 0.133235 0.140254 0.980911
1768827464.655074120 -3.672942 0.207385 -0.059102 -0.020101 0.130935 0.140719 0.981147
1768827464.754916906 -3.654023 0.211771 -0.057386 -0.020167 0.130147 0.140379 0.981299
1768827464.852949142 -3.643307 0.224931 -0.051646 -0.021144 0.134305 0.142484 0.980415
1768827464.954966068 -3.622865 0.229211 -0.033835 -0.022160 0.135541 0.135333 0.981235
1768827465.055130243 -3.602337 0.230875 -0.033224 -0.019658 0.135348 0.120881 0.983200
1768827465.154903173 -3.579816 0.226464 -0.042860 -0.016043 0.130854 0.096280 0.986585
1768827465.255256176 -3.559305 0.222196 -0.054067 -0.013236 0.130211 0.061047 0.989517
1768827465.354987860 -3.549256 0.228843 -0.066448 -0.009424 0.131218 0.031572 0.990806
1768827465.454961777 -3.539591 0.236979 -0.068195 -0.007539 0.133298 0.018167 0.990881
1768827465.554973364 -3.517630 0.240303 -0.059564 -0.006209 0.133971 0.017332 0.990814
1768827465.654879570 -3.496747 0.240179 -0.057741 -0.005024 0.132664 0.017318 0.990997
1768827465.755217075 -3.478282 0.239788 -0.052165 -0.001869 0.132967 0.017801 0.990959
1768827465.855005264 -3.458195 0.236615 -0.045528 -0.004110 0.134165 0.018393 0.990780
1768827465.954914570 -3.435234 0.238121 -0.043142 -0.006229 0.133497 0.018353 0.990860
1768827466.054476738 -3.417172 0.240504 -0.040493 -0.005654 0.134495 0.018021 0.990734
1768827466.155003309 -3.398810 0.240121 -0.039549 -0.005092 0.133392 0.017310 0.990899
1768827466.255126715 -3.383920 0.238553 -0.037897 -0.004843 0.133895 0.016749 0.990842
1768827466.355166674 -3.363392 0.240019 -0.039156 -0.004316 0.134206 0.016781 0.990802
1768827466.455116510 -3.343087 0.239674 -0.047705 -0.004192 0.133532 0.016488 0.990898
1768827466.555039644 -3.325479 0.244091 -0.050039 -0.004781 0.132844 0.016805 0.990983
1768827466.655035257 -3.307730 0.243475 -0.044636 -0.002982 0.133441 0.017742 0.990893
1768827466.756030321 -3.287382 0.242256 -0.041541 -0.003399 0.134386 0.017714 0.990765
1768827466.855086088 -3.265529 0.241992 -0.044259 -0.003046 0.134035 0.018222 0.990804
1768827466.955779076 -3.245503 0.244136 -0.043878 -0.004958 0.134132 0.018949 0.990770
1768827467.055300474 -3.224690 0.246473 -0.041903 -0.005600 0.135083 0.023967 0.990529
1768827467.155011892 -3.203019 0.244964 -0.035317 -0.008321 0.135415 0.043702 0.989790
1768827467.254958630 -3.184547 0.249697 -0.031024 -0.012637 0.134549 0.067051 0.988555
1768827467.355540752 -3.174062 0.255445 -0.031948 -0.014946 0.134380 0.078782 0.987680
1768827467.455149651 -3.157634 0.254589 -0.033374 -0.014521 0.133297 0.080596 0.987687
1768827467.555545092 -3.138491 0.255039 -0.034046 -0.015532 0.133024 0.081574 0.987628
1768827467.654944181 -3.117959 0.257154 -0.035367 -0.014917 0.132795 0.083149 0.987537
1768827467.755105972 -3.098465 0.262082 -0.038716 -0.014864 0.132796 0.084411 0.987431
1768827467.855112314 -3.075803 0.265229 -0.045978 -0.015821 0.132099 0.085246 0.987437
1768827467.955011368 -3.053070 0.263934 -0.046583 -0.015011 0.132025 0.086486 0.987352
1768827468.054914951 -3.031898 0.266239 -0.046054 -0.014696 0.132909 0.087219 0.987174
1768827468.154991150 -3.013916 0.268137 -0.045464 -0.014103 0.133223 0.087758 0.987092
1768827468.256002665 -2.993283 0.273091 -0.047457 -0.015592 0.132785 0.087384 0.987162
1768827468.355127096 -2.974828 0.277988 -0.045687 -0.015223 0.132317 0.087262 0.987242
1768827468.454951048 -2.956556 0.281614 -0.042249 -0.015509 0.132615 0.087012 0.987219
1768827468.555037260 -2.937642 0.285277 -0.039576 -0.015655 0.132233 0.086994 0.987270
1768827468.654421806 -2.919078 0.290044 -0.036306 -0.014549 0.132978 0.087338 0.987156
1768827468.754748821 -2.901816 0.293799 -0.031443 -0.013806 0.132205 0.088043 0.987208
1768827468.854105949 -2.883441 0.296095 -0.029735 -0.014408 0.132183 0.088259 0.987183
1768827468.954755545 -2.865938 0.299586 -0.023945 -0.014219 0.132247 0.088374 0.987167
1768827469.054944038 -2.842835 0.302888 -0.030717 -0.018501 0.133512 0.088406 0.986923
1768827469.157852173 -2.821569 0.305024 -0.028567 -0.018438 0.133573 0.088446 0.986912
1768827469.255314827 -2.802946 0.308647 -0.030520 -0.018094 0.133916 0.087871 0.986923
1768827469.455023527 -2.760702 0.316832 -0.044433 -0.017067 0.133651 0.102930 0.985521
1768827469.555068254 -2.744981 0.320503 -0.037038 -0.020184 0.133838 0.115702 0.984019
1768827469.655107975 -2.726139 0.325941 -0.043516 -0.020326 0.131259 0.119183 0.983948
1768827469.755156755 -2.712654 0.328056 -0.031976 -0.021408 0.130651 0.120475 0.983848
1768827469.855093002 -2.693691 0.332713 -0.031236 -0.021234 0.130911 0.121281 0.983719
1768827469.954995632 -2.674206 0.337378 -0.032143 -0.021791 0.131308 0.122121 0.983550
1768827470.055041313 -2.652193 0.342951 -0.037724 -0.022140 0.132714 0.121970 0.983372
1768827470.154939413 -2.633519 0.347318 -0.050273 -0.022458 0.133601 0.122413 0.983190
1768827470.255010605 -2.616233 0.351400 -0.049757 -0.022691 0.134999 0.122507 0.982981
1768827470.352974415 -2.601012 0.354462 -0.032732 -0.021958 0.140086 0.122635 0.982270
1768827470.454942942 -2.584223 0.358539 -0.029754 -0.022847 0.141661 0.122564 0.982033
1768827470.555005550 -2.555858 0.366721 -0.045547 -0.022882 0.142398 0.122514 0.981932
1768827470.655009031 -2.534140 0.368142 -0.047507 -0.025095 0.136481 0.122770 0.982685
1768827470.755142212 -2.513561 0.373877 -0.059667 -0.022899 0.136010 0.123445 0.982720
1768827470.855058432 -2.501821 0.377817 -0.039190 -0.023722 0.137311 0.124038 0.982445
1768827470.953596830 -2.483804 0.383201 -0.029836 -0.022503 0.140050 0.125036 0.981960
1768827471.054997206 -2.467480 0.388271 -0.016185 -0.023000 0.140361 0.125039 0.981904
1768827471.154908895 -2.447621 0.393025 -0.014525 -0.022751 0.140002 0.125250 0.981934
1768827471.255034208 -2.425920 0.396353 -0.030334 -0.023864 0.136245 0.125186 0.982444
1768827471.355079174 -2.403602 0.398822 -0.043256 -0.023818 0.135481 0.125175 0.982552
1768827471.456332207 -2.385523 0.404654 -0.038556 -0.023451 0.136677 0.124787 0.982445
1768827471.554863930 -2.364917 0.409639 -0.039225 -0.023332 0.135516 0.124855 0.982600
1768827471.654944658 -2.347551 0.414929 -0.035012 -0.023004 0.136854 0.124977 0.982407
1768827471.755835295 -2.328662 0.418821 -0.039048 -0.024289 0.135024 0.125499 0.982562
1768827471.854943275 -2.314901 0.426433 -0.036133 -0.022170 0.135118 0.126583 0.982460
1768827471.955240965 -2.298439 0.431614 -0.032865 -0.023268 0.135648 0.126112 0.982422
1768827472.055011272 -2.274617 0.436233 -0.036493 -0.024319 0.137300 0.126587 0.982106
1768827472.155418396 -2.254189 0.440392 -0.031287 -0.022829 0.136928 0.125873 0.982286
1768827472.255093813 -2.235247 0.443177 -0.024508 -0.023293 0.138264 0.126988 0.981944
1768827472.355049849 -2.213876 0.449846 -0.033240 -0.023791 0.136664 0.126462 0.982224
1768827472.455513239 -2.192937 0.453853 -0.036449 -0.023811 0.135561 0.126146 0.982417
1768827472.556589365 -2.173561 0.458277 -0.027613 -0.023650 0.139204 0.126356 0.981884
1768827472.654934406 -2.143728 0.460208 -0.029013 -0.024948 0.139823 0.130362 0.981241
1768827472.855093718 -2.095649 0.480007 -0.038168 -0.027779 0.139959 0.147418 0.978728
1768827472.955002308 -2.084774 0.483611 -0.036944 -0.028315 0.140331 0.149201 0.978389
1768827473.055022001 -2.074563 0.487609 -0.036000 -0.027837 0.138891 0.149576 0.978551
1768827473.155779600 -2.060633 0.491629 -0.038635 -0.027686 0.135661 0.149374 0.979039
1768827473.256207466 -2.046495 0.496667 -0.032217 -0.026739 0.134894 0.150139 0.979054
1768827473.355154514 -2.034883 0.501347 -0.037158 -0.027188 0.134943 0.150406 0.978994
1768827473.455295563 -2.017237 0.506272 -0.036167 -0.027182 0.134505 0.150091 0.979103
1768827473.555088758 -1.995657 0.510672 -0.034749 -0.027111 0.136657 0.150144 0.978799
1768827473.655801773 -1.974849 0.516597 -0.029515 -0.027052 0.136377 0.149465 0.978943
1768827473.756051540 -1.957015 0.521787 -0.019132 -0.027278 0.139956 0.150204 0.978318
1768827473.855159044 -1.936924 0.527149 -0.019878 -0.028191 0.138125 0.150049 0.978577
1768827473.956950426 -1.915932 0.532394 -0.035125 -0.029007 0.135972 0.151539 0.978625
1768827474.055047274 -1.897307 0.538765 -0.041235 -0.027449 0.137072 0.152120 0.978426
1768827474.155066013 -1.885553 0.546021 -0.037775 -0.025688 0.138447 0.156615 0.977571
1768827474.254963875 -1.867688 0.551173 -0.029214 -0.025586 0.138546 0.157195 0.977466
1768827474.355014324 -1.846462 0.555879 -0.029715 -0.025121 0.138296 0.154101 0.978006
1768827474.455159187 -1.827984 0.560460 -0.035003 -0.027018 0.139416 0.143983 0.979337
1768827474.555163860 -1.796711 0.559272 -0.043498 -0.022497 0.143098 0.117173 0.982490
1768827474.655628204 -1.783192 0.568003 -0.021137 -0.020000 0.143700 0.095563 0.984793
1768827474.754944563 -1.776980 0.577855 -0.015503 -0.017906 0.143940 0.088383 0.985469
1768827474.853102207 -1.752601 0.581094 -0.018949 -0.018727 0.140257 0.088471 0.985977
1768827474.955803871 -1.735694 0.584659 -0.017686 -0.017897 0.134512 0.090163 0.986639
1768827475.052993536 -1.717569 0.587573 -0.018567 -0.018840 0.136446 0.090026 0.986368
1768827475.154996157 -1.695278 0.590485 -0.020279 -0.018940 0.137950 0.090411 0.986122
1768827475.255091429 -1.675438 0.593405 -0.022207 -0.018065 0.135149 0.091342 0.986441
1768827475.355078459 -1.654257 0.595091 -0.023554 -0.018273 0.133765 0.092152 0.986550
1768827475.455159426 -1.634604 0.596316 -0.031130 -0.018119 0.133040 0.092274 0.986640
1768827475.555794477 -1.616417 0.598992 -0.029106 -0.018351 0.134357 0.091747 0.986506
1768827475.655147314 -1.596970 0.604400 -0.010137 -0.017739 0.134321 0.090205 0.986664
1768827475.756101131 -1.581649 0.605352 -0.019867 -0.017925 0.134872 0.090415 0.986566
1768827475.854981184 -1.560087 0.608199 -0.031709 -0.017580 0.133533 0.091672 0.986639
1768827475.955146313 -1.540527 0.611147 -0.040979 -0.016685 0.134604 0.092731 0.986410
1768827476.055899620 -1.520996 0.614316 -0.041566 -0.017667 0.133744 0.093477 0.986439
1768827476.154962301 -1.503429 0.617892 -0.040505 -0.018966 0.137506 0.093425 0.985903
1768827476.254928827 -1.480583 0.622357 -0.044356 -0.019280 0.136745 0.093715 0.985975
1768827476.355087280 -1.464552 0.625493 -0.025057 -0.019281 0.138820 0.093764 0.985680
1768827476.455027103 -1.449353 0.629554 -0.003672 -0.018626 0.138610 0.094414 0.985660
1768827476.556530237 -1.430680 0.633557 -0.006564 -0.019216 0.136862 0.094329 0.985901
1768827476.655931234 -1.409777 0.637592 -0.022659 -0.020343 0.137126 0.094274 0.985847
1768827476.755987406 -1.380927 0.641302 -0.026952 -0.019766 0.139209 0.093514 0.985640
1768827476.854497671 -1.364572 0.643555 -0.011333 -0.020068 0.139812 0.093627 0.985537
1768827477.054938793 -1.320620 0.650753 -0.007632 -0.020479 0.139976 0.094968 0.985377
1768827477.154941559 -1.301502 0.655750 -0.014662 -0.020113 0.138725 0.095474 0.985513
1768827477.255023479 -1.290919 0.657482 -0.015178 -0.020124 0.138376 0.096141 0.985497
1768827477.355000257 -1.272448 0.660227 -0.014561 -0.018912 0.135378 0.095762 0.985974
1768827477.455052853 -1.254804 0.661046 -0.016183 -0.019899 0.136676 0.092941 0.986045
1768827477.555024147 -1.247324 0.662463 -0.015333 -0.017347 0.135711 0.077889 0.987530
1768827477.655126095 -1.233272 0.665085 -0.017935 -0.013976 0.135886 0.054548 0.989123
1768827477.755082130 -1.214056 0.666438 -0.017891 -0.010071 0.135349 0.027580 0.990363
1768827477.854979753 -1.191741 0.670132 -0.020208 -0.007575 0.137193 0.012656 0.990434
1768827477.955046177 -1.170599 0.671144 -0.021151 -0.006949 0.139189 0.011640 0.990173
1768827478.055223227 -1.148497 0.670244 -0.019880 -0.007709 0.135937 0.013618 0.990594
1768827478.255089760 -1.106970 0.669918 -0.007064 -0.007578 0.136534 0.014532 0.990500
1768827478.355020761 -1.085454 0.668868 -0.009710 -0.008719 0.136693 0.015720 0.990450
1768827478.454945564 -1.075450 0.670483 0.003988 -0.007429 0.137274 0.007547 0.990476
1768827478.554919720 -1.068451 0.671390 0.002171 -0.004894 0.137642 -0.015823 0.990344
1768827478.655001640 -1.036623 0.668034 -0.008827 -0.002926 0.137411 -0.035633 0.989869
1768827478.855188847 -0.994108 0.669225 -0.006370 -0.000532 0.139077 -0.039362 0.989499
1768827478.955024958 -0.976245 0.669836 -0.015483 0.000255 0.138463 -0.039772 0.989569
1768827479.054951191 -0.958836 0.668412 -0.013218 -0.000460 0.136679 -0.040009 0.989807
1768827479.155048609 -0.938759 0.665629 -0.013745 0.001285 0.137879 -0.040293 0.989628
1768827479.255043268 -0.918943 0.662681 -0.016294 -0.001120 0.137255 -0.040325 0.989714
1768827479.355010509 -0.897057 0.659164 -0.021733 -0.000203 0.138334 -0.040118 0.989573
1768827479.455094576 -0.874583 0.652526 -0.032288 0.002480 0.137849 -0.039667 0.989656
1768827479.654928446 -0.839566 0.652086 -0.025616 0.000440 0.139326 -0.040965 0.989399
1768827479.756819248 -0.827758 0.652982 -0.011315 0.001811 0.141234 -0.036011 0.989319
1768827479.855073929 -0.810373 0.650380 0.000190 0.003139 0.142088 -0.035461 0.989214
1768827479.955020428 -0.782505 0.643116 -0.005209 0.002629 0.141481 -0.041800 0.989055
1768827480.055074930 -0.760970 0.640797 -0.000662 0.003003 0.140040 -0.054718 0.988628
1768827480.154622078 -0.742866 0.638648 -0.003594 0.005103 0.138735 -0.056061 0.988728
1768827480.255263567 -0.723560 0.638156 -0.006469 0.005293 0.139559 -0.056105 0.988609
1768827480.355138063 -0.701116 0.633370 -0.006527 0.003088 0.138732 -0.055852 0.988749
1768827480.455065250 -0.681283 0.631630 -0.003096 0.004149 0.136537 -0.055936 0.989046
1768827480.554616690 -0.663517 0.631931 0.004822 0.004180 0.134767 -0.061972 0.988929
1768827480.654971838 -0.646719 0.630153 0.007161 0.004592 0.136772 -0.077518 0.987554
1768827480.755105019 -0.632950 0.625413 0.013664 0.006121 0.141648 -0.095367 0.985294
1768827480.853893757 -0.614910 0.619398 0.011586 0.010024 0.141428 -0.123016 0.982224
1768827480.955193758 -0.596310 0.615899 -0.004834 0.015194 0.136229 -0.154534 0.978432
1768827481.055212975 -0.579065 0.612705 -0.008389 0.021234 0.136190 -0.190055 0.972050
1768827481.154969692 -0.561256 0.603673 -0.010687 0.021958 0.133759 -0.192715 0.971848
1768827481.255031824 -0.547081 0.596758 -0.014123 0.022803 0.134818 -0.193462 0.971533
1768827481.355109215 -0.524330 0.589806 -0.026087 0.022763 0.137274 -0.194127 0.971057
1768827481.457842112 -0.502171 0.582039 -0.026509 0.022322 0.137633 -0.194826 0.970877
1768827481.554947853 -0.483485 0.573439 -0.018045 0.023061 0.138634 -0.196054 0.970470
1768827481.654655457 -0.468502 0.568510 -0.014617 0.022569 0.136609 -0.195494 0.970881
1768827481.755142689 -0.453372 0.562367 -0.011604 0.023195 0.135627 -0.195882 0.970926
1768827481.855018854 -0.435965 0.551493 -0.014096 0.023211 0.134069 -0.195106 0.971298
1768827481.955021858 -0.416637 0.539742 -0.019634 0.023563 0.134271 -0.195686 0.971145
1768827482.054179192 -0.398708 0.532263 -0.018545 0.021945 0.134070 -0.195768 0.971194
1768827482.154789448 -0.376944 0.524828 -0.025385 0.020562 0.134680 -0.195617 0.971171
1768827482.255020142 -0.359831 0.519638 -0.025366 0.022531 0.135296 -0.204690 0.969169
1768827482.354959726 -0.346735 0.517617 -0.018975 0.026930 0.131572 -0.227777 0.964407
1768827482.455129623 -0.336789 0.509213 -0.013821 0.029928 0.130974 -0.247402 0.959553
1768827482.555187941 -0.315069 0.494291 -0.013234 0.031127 0.131055 -0.255148 0.957473
1768827482.655019045 -0.296585 0.483958 -0.016829 0.031104 0.131404 -0.256394 0.957093
1768827482.755058765 -0.281140 0.478666 -0.016334 0.031332 0.131224 -0.256778 0.957008
1768827482.854974985 -0.265392 0.470143 -0.009647 0.030702 0.130183 -0.256780 0.957170
1768827482.955363750 -0.248524 0.460070 -0.005806 0.031079 0.130530 -0.256476 0.957192
1768827483.054038525 -0.231219 0.448996 -0.004369 0.031162 0.130952 -0.256860 0.957028
1768827483.155043364 -0.215582 0.437072 -0.007347 0.031928 0.129461 -0.256682 0.957254
1768827483.255274296 -0.198487 0.426603 -0.008257 0.032492 0.130016 -0.256965 0.957084
1768827483.354972601 -0.181145 0.416701 -0.006708 0.030789 0.130830 -0.257399 0.956912
1768827483.455149412 -0.163620 0.405940 -0.005534 0.031334 0.131921 -0.258248 0.956516
1768827483.555342913 -0.146257 0.396887 -0.001966 0.030934 0.131911 -0.258934 0.956345
1768827483.655039549 -0.132431 0.386403 -0.003058 0.031667 0.130448 -0.259441 0.956384
1768827483.755067587 -0.114280 0.371792 -0.010989 0.034648 0.130015 -0.259421 0.956345
1768827483.854922771 -0.097590 0.363833 -0.008733 0.030335 0.129354 -0.259652 0.956519
1768827483.954965591 -0.080720 0.353412 -0.009153 0.035053 0.129597 -0.258785 0.956559
1768827484.054622889 -0.064749 0.342186 -0.015468 0.034455 0.130217 -0.258478 0.956580
1768827484.154356480 -0.046730 0.336900 -0.003425 0.031224 0.131631 -0.258881 0.956389
1768827484.254984617 -0.029904 0.324176 -0.010066 0.032972 0.130748 -0.258616 0.956523
1768827484.355123520 -0.014027 0.318003 -0.014772 0.034722 0.131525 -0.259601 0.956087
1768827484.456462383 -0.000134 0.307059 -0.003900 0.035058 0.127109 -0.266871 0.954670
1768827484.555160284 0.014778 0.295230 -0.008559 0.038028 0.127711 -0.283641 0.949627
1768827484.654957533 0.030240 0.284227 -0.022347 0.038350 0.131249 -0.305940 0.942180
1768827484.755134106 0.045682 0.273973 -0.017553 0.045533 0.128067 -0.336211 0.931927
1768827484.855095148 0.057183 0.261601 -0.014713 0.045951 0.127424 -0.347482 0.927851
1768827484.955084324 0.067885 0.249542 -0.026654 0.049125 0.130855 -0.347757 0.927108
1768827485.059470654 0.089263 0.231060 -0.022064 0.049944 0.131481 -0.348099 0.926847
1768827485.256084442 0.119320 0.205703 -0.031120 0.048541 0.126578 -0.347964 0.927654
1768827485.355784655 0.133586 0.194413 -0.029627 0.048526 0.127710 -0.348205 0.927410
1768827485.454400539 0.144649 0.185385 -0.019716 0.049817 0.127459 -0.348848 0.927134
1768827485.555081844 0.157359 0.171573 -0.003043 0.048962 0.128093 -0.350339 0.926530
1768827485.655046225 0.171761 0.158767 -0.004209 0.049175 0.127670 -0.350908 0.926361
1768827485.755043268 0.186454 0.145786 -0.004503 0.048840 0.127799 -0.351155 0.926268
1768827485.856497049 0.201351 0.132523 -0.012305 0.052142 0.130687 -0.351368 0.925604
1768827486.058845758 0.230201 0.107030 -0.000660 0.044105 0.125664 -0.342930 0.929872
1768827486.155088902 0.243362 0.101597 -0.009614 0.044122 0.127006 -0.327414 0.935266
1768827486.255120754 0.254830 0.093455 -0.009664 0.041044 0.128318 -0.302187 0.943681
1768827486.355037451 0.268076 0.084305 -0.007907 0.037212 0.129899 -0.272620 0.952586
1768827486.455828667 0.283069 0.077198 0.003871 0.035389 0.134600 -0.235531 0.961850
1768827486.555136919 0.289539 0.065068 0.003966 0.028904 0.131606 -0.197323 0.971034
1768827486.655093908 0.302055 0.065077 0.001965 0.027242 0.132201 -0.190003 0.972461
1768827486.755108356 0.320520 0.058507 -0.001092 0.027200 0.131100 -0.189364 0.972735
1768827486.855099201 0.345916 0.043687 -0.000255 0.026592 0.133019 -0.190488 0.972272
1768827486.955955267 0.367310 0.043900 0.008819 0.027162 0.131631 -0.200087 0.970516
1768827487.055013895 0.380202 0.036189 0.017604 0.028062 0.132484 -0.197284 0.970948
1768827487.155152321 0.397119 0.027700 0.016919 0.026808 0.132219 -0.183122 0.973789
1768827487.254977465 0.413182 0.016805 0.013981 0.023590 0.132480 -0.162684 0.977459
1768827487.355092049 0.432298 0.008849 0.008829 0.019589 0.132842 -0.137571 0.981348
1768827487.456500053 0.444539 0.001999 0.013441 0.015540 0.132983 -0.110538 0.984812
1768827487.555103779 0.464386 -0.005857 0.009782 0.009018 0.131976 -0.070550 0.988698
1768827487.654418230 0.478482 -0.001937 0.010614 0.006452 0.131681 -0.052360 0.989887
1768827487.755099535 0.500753 -0.000300 0.000640 0.003045 0.131001 -0.047737 0.990228
1768827487.855038881 0.524112 -0.004509 -0.004180 0.003319 0.132910 -0.045797 0.990064
1768827487.955221415 0.543768 -0.009416 0.001618 0.004180 0.132841 -0.044779 0.990116
1768827488.055263042 0.562281 -0.010432 0.002004 0.004576 0.131648 -0.043953 0.990311
1768827488.155128956 0.580559 -0.010478 0.001600 0.005283 0.130289 -0.044062 0.990482
1768827488.255088568 0.598330 -0.011683 0.004900 0.004771 0.131701 -0.043930 0.990304
1768827488.355090141 0.607654 -0.015640 0.001550 0.004780 0.132101 -0.044264 0.990236
1768827488.455433130 0.608364 -0.016421 0.000493 0.004907 0.131950 -0.044344 0.990252
1768827488.555222988 0.611561 -0.015918 0.000817 0.004742 0.132215 -0.044024 0.990232
1768827488.655493975 0.615242 -0.016093 0.002099 0.004876 0.132176 -0.044185 0.990229
1768827488.755066395 0.616472 -0.015914 0.002205 0.004771 0.132210 -0.043967 0.990235
1768827488.854376793 0.617073 -0.015956 0.002921 0.004719 0.132230 -0.044008 0.990230
1768827488.954414368 0.617803 -0.015597 0.002193 0.004694 0.132327 -0.044047 0.990216
1768827489.058913708 0.618294 -0.015734 0.002782 0.004752 0.132146 -0.044028 0.990241
1768827489.155040264 0.616781 -0.015359 0.003137 0.004831 0.132312 -0.043894 0.990224
1768827489.253547907 0.617417 -0.015759 0.002669 0.004751 0.132212 -0.043982 0.990234
1768827489.355053186 0.617557 -0.015448 0.002942 0.004675 0.132383 -0.043981 0.990211
1768827489.455160618 0.618334 -0.015399 0.003554 0.004527 0.132614 -0.044071 0.990177
1768827489.555616140 0.610847 -0.014832 -0.006704 0.002032 0.134589 -0.044199 0.989913
1768827489.655051231 0.612548 -0.014981 -0.011381 0.002549 0.134286 -0.044911 0.989921
1768827489.755119562 0.629992 -0.017426 -0.008951 0.002246 0.133182 -0.045098 0.990062
1768827489.855737448 0.647809 -0.018642 -0.008692 0.002872 0.133877 -0.044746 0.989983
1768827489.954798937 0.662107 -0.019163 -0.003250 0.005402 0.130588 -0.044702 0.990414
1768827490.056170940 0.674487 -0.021836 0.006229 0.004376 0.131410 -0.044793 0.990306
1768827490.155099869 0.681965 -0.022187 0.008262 0.004968 0.130512 -0.044205 0.990448
1768827490.255112648 0.687215 -0.022577 0.006378 0.004801 0.131660 -0.044141 0.990300
1768827490.355101824 0.690066 -0.022971 0.004738 0.004840 0.131711 -0.044226 0.990289
1768827490.455073595 0.690607 -0.024522 0.003432 0.005256 0.132164 -0.044227 0.990227
1768827490.555070877 0.691805 -0.023786 0.001637 0.005545 0.132835 -0.044149 0.990139
1768827490.755027533 0.684709 -0.021598 0.004857 0.004730 0.132598 -0.044247 0.990170
1768827490.855236769 0.679824 -0.020352 0.003527 0.005481 0.131920 -0.044495 0.990246
1768827490.955117226 0.672056 -0.018735 0.002343 0.005693 0.131890 -0.044841 0.990233
1768827491.055056572 0.662083 -0.018660 0.001938 0.004966 0.131753 -0.044991 0.990249
1768827491.155077219 0.651021 -0.019855 0.001291 0.005474 0.132673 -0.045262 0.990111
1768827491.255108356 0.638218 -0.018580 0.001847 0.005070 0.131674 -0.045834 0.990220
1768827491.355215549 0.622444 -0.015872 0.007021 0.004091 0.131468 -0.045914 0.990248
1768827491.454982519 0.605154 -0.014224 0.005477 0.005185 0.131665 -0.046216 0.990203
1768827491.555183649 0.586431 -0.016263 -0.002030 0.007542 0.130552 -0.045007 0.990391
1768827491.654972076 0.567265 -0.017895 -0.010438 0.007788 0.130072 -0.044935 0.990455
1768827491.755146265 0.544232 -0.014758 -0.011816 0.007532 0.130223 -0.045061 0.990432
1768827491.855024099 0.518910 -0.008653 -0.003739 0.005125 0.132479 -0.047376 0.990040
1768827491.954992056 0.491086 0.005761 0.005930 0.004404 0.133717 -0.049917 0.989752
1768827492.054974079 0.477247 0.002245 -0.003624 0.003870 0.134537 -0.050444 0.989616
1768827492.155120134 0.448987 0.008110 0.002442 0.004704 0.134469 -0.052384 0.989521
1768827492.255181074 0.427291 0.016011 -0.003971 0.004637 0.134339 -0.052782 0.989518
1768827492.355002165 0.398514 0.013122 -0.000568 0.005563 0.133280 -0.051443 0.989727
1768827492.455088854 0.372709 0.008133 -0.002942 0.007699 0.134430 -0.051701 0.989543
1768827492.555079937 0.350549 0.015847 -0.000605 0.004758 0.136941 -0.052467 0.989177
1768827492.654915333 0.324855 0.021565 0.006720 0.004870 0.137536 -0.053744 0.989026
1768827492.754992485 0.298017 0.025979 0.003368 0.006730 0.136884 -0.055532 0.989006
1768827492.855084658 0.270765 0.028867 -0.002483 0.006988 0.137023 -0.056438 0.988934
1768827492.955618858 0.247666 0.035925 -0.002741 0.006780 0.137533 -0.056893 0.988839
1768827493.054730415 0.227596 0.036641 -0.001383 0.004232 0.139763 -0.056098 0.988586
1768827493.355327606 0.149009 0.034643 -0.021419 0.008742 0.138565 -0.057283 0.988657
1768827493.555007458 0.098317 0.038540 -0.027271 0.008980 0.138786 -0.058392 0.988559
1768827493.654077768 0.074121 0.048927 -0.019341 0.003327 0.139580 -0.059322 0.988427
1768827493.755818129 0.049708 0.053650 -0.010597 0.007039 0.135108 -0.059143 0.989039
1768827493.854435682 0.042799 0.057252 -0.000900 0.008095 0.140360 -0.059317 0.988289
1768827493.954679966 0.073459 0.053755 -0.001150 0.007326 0.137621 -0.058475 0.988730
1768827494.055099249 0.086254 0.051340 0.000160 0.009320 0.139742 -0.058064 0.988440
1768827494.155076742 0.096351 0.049520 0.001950 0.007650 0.138928 -0.056963 0.988633
1768827494.255023003 0.103874 0.049621 0.001742 0.006360 0.141065 -0.057208 0.988326
1768827494.354998112 0.108606 0.049180 -0.000678 0.006361 0.138491 -0.056898 0.988707
1768827494.455014944 0.110826 0.048556 -0.003403 0.006347 0.138973 -0.057091 0.988629
1768827494.555129528 0.112425 0.048335 -0.003477 0.006301 0.138918 -0.057177 0.988632
1768827494.655244112 0.112701 0.048609 -0.006240 0.006228 0.138903 -0.057146 0.988636
1768827494.758464575 0.112568 0.048522 -0.006660 0.006306 0.138948 -0.057143 0.988630
1768827494.855151892 0.112753 0.048372 -0.006798 0.006294 0.138903 -0.057177 0.988634
1768827494.955995560 0.112408 0.048430 -0.006811 0.006469 0.138953 -0.057152 0.988627
1768827495.055032253 0.113555 0.048283 -0.006938 0.006391 0.138892 -0.057325 0.988626
1768827495.154485464 0.113549 0.048418 -0.005979 0.006368 0.139030 -0.057158 0.988617
1768827495.254994869 0.112896 0.048407 -0.006667 0.006328 0.138949 -0.057193 0.988626
1768827495.357424259 0.112788 0.048321 -0.005914 0.006496 0.138899 -0.057263 0.988628
1768827495.455091000 0.112637 0.048319 -0.005597 0.006415 0.139040 -0.057249 0.988610
1768827495.555016994 0.112663 0.048328 -0.005784 0.006366 0.138990 -0.057178 0.988621
1768827495.655105591 0.112495 0.048007 -0.005611 0.006489 0.138889 -0.057350 0.988625
1768827495.755131483 0.112412 0.047835 -0.005908 0.006551 0.138903 -0.057431 0.988618
1768827495.855268002 0.112334 0.047945 -0.005827 0.006578 0.138949 -0.057397 0.988613
1768827495.955222607 0.112048 0.047704 -0.005543 0.006469 0.138998 -0.057392 0.988607
1768827496.057803392 0.112302 0.047950 -0.005534 0.006575 0.139008 -0.057441 0.988602
1768827496.155159473 0.112268 0.047521 -0.005751 0.006436 0.138832 -0.057506 0.988624
1768827496.258682489 0.111941 0.047962 -0.006011 0.006471 0.138960 -0.057438 0.988610
1768827496.357591867 0.112393 0.047863 -0.005823 0.006483 0.138874 -0.057522 0.988617
1768827496.455406189 0.112264 0.047935 -0.005907 0.006464 0.138859 -0.057484 0.988621
1768827496.555102110 0.112212 0.047761 -0.006079 0.006469 0.138877 -0.057394 0.988624
1768827496.655247688 0.112249 0.047852 -0.005973 0.006420 0.138801 -0.057514 0.988628
