t,valid_plane_num,lambda_min,lambda_min_norm,is_degenerate_voxelslam,persistent_degenerate,early_warning
1772799809.747589,0,nan,nan,0,0,0
1772799809.847759,0,nan,nan,0,0,0
1772799809.947827,0,nan,nan,0,0,0
1772799810.047689,0,nan,nan,0,0,0
1772799810.147547,0,nan,nan,0,0,1
1772799810.248071,0,nan,nan,0,0,1
1772799810.347613,0,nan,nan,0,0,1
1772799810.447686,0,nan,nan,0,0,1
1772799810.547627,0,nan,nan,0,0,1
1772799810.647597,0,nan,nan,0,1,1
1772799810.747562,773,200.587736,0.259493,0,1,1
1772799810.847691,758,187.013872,0.246720,0,1,1
1772799810.947185,764,199.997079,0.261776,0,1,0
1772799811.047669,747,178.862245,0.239441,0,0,0
1772799811.146632,691,177.095772,0.256289,0,0,0
1772799811.247730,716,177.683767,0.248162,0,0,0
1772799811.347677,688,186.870584,0.271614,0,0,0
1772799811.446671,703,174.642186,0.248424,0,0,0
1772799811.547654,682,176.252319,0.258434,0,0,0
1772799811.647855,689,174.635690,0.253463,0,0,0
1772799811.748777,703,178.178863,0.253455,0,0,0
1772799811.847702,694,171.959739,0.247781,0,0,0
1772799811.946606,708,178.684164,0.252379,0,0,0
1772799812.047751,667,168.643259,0.252838,0,0,0
1772799812.146701,698,179.518596,0.257190,0,0,0
1772799812.246696,696,177.599604,0.255172,0,0,0
1772799812.347707,706,179.894429,0.254808,0,0,0
1772799812.446629,722,187.579402,0.259805,0,0,0
1772799812.547530,732,179.057241,0.244614,0,0,0
1772799812.647842,716,181.144580,0.252995,0,0,0
1772799812.747717,707,171.184818,0.242128,0,0,0
1772799812.846792,740,178.414901,0.241101,0,0,0
1772799812.948006,733,179.896776,0.245425,0,0,0
1772799813.047659,735,184.159903,0.250558,0,0,0
1772799813.147548,723,177.274192,0.245193,0,0,0
1772799813.247530,726,178.599140,0.246004,0,0,0
1772799813.347584,752,188.068458,0.250091,0,0,0
1772799813.446829,739,175.896622,0.238020,0,0,0
1772799813.547686,737,193.226199,0.262179,0,0,0
1772799813.646634,719,179.682670,0.249906,0,0,0
1772799813.747902,676,184.074001,0.272299,0,0,0
1772799813.847694,724,185.218506,0.255827,0,0,0
1772799813.947847,715,187.683249,0.262494,0,0,0
1772799814.046686,723,191.562422,0.264955,0,0,0
1772799814.147617,697,181.737101,0.260742,0,0,0
1772799814.247646,723,188.865758,0.261225,0,0,0
1772799814.347752,710,180.197003,0.253799,0,0,0
1772799814.448241,722,183.105307,0.253608,0,0,0
1772799814.547560,725,192.384358,0.265358,0,0,0
1772799814.647558,723,193.329561,0.267399,0,0,0
1772799814.747620,700,184.291360,0.263273,0,0,0
1772799814.847570,726,190.567273,0.262489,0,0,0
1772799814.947718,720,193.007570,0.268066,0,0,0
1772799815.047644,737,188.556279,0.255843,0,0,0
1772799815.147871,718,193.840391,0.269973,0,0,0
1772799815.247524,730,190.759878,0.261315,0,0,0
1772799815.347594,719,175.396774,0.243945,0,0,0
1772799815.447551,723,181.847775,0.251518,0,0,0
1772799815.547613,709,175.727161,0.247852,0,0,0
1772799815.647571,726,175.154249,0.241259,0,0,0
1772799815.747758,734,179.617562,0.244711,0,0,0
1772799815.847592,717,184.244016,0.256965,0,0,0
1772799815.947417,724,184.329558,0.254599,0,0,0
1772799816.047720,718,186.717034,0.260052,0,0,0
1772799816.147733,694,181.551192,0.261601,0,0,0
1772799816.247762,716,177.091680,0.247335,0,0,0
1772799816.346641,689,174.014644,0.252561,0,0,0
1772799816.447963,663,155.214632,0.234110,0,0,0
1772799816.547904,636,148.479505,0.233458,0,0,0
1772799816.647771,655,150.433293,0.229669,0,0,0
1772799816.747642,636,141.176017,0.221975,0,0,0
1772799816.847764,646,152.239061,0.235664,0,0,0
1772799816.947729,623,151.921344,0.243854,0,0,0
1772799817.047597,610,153.155415,0.251074,0,0,0
1772799817.146787,647,167.569758,0.258995,0,0,0
1772799817.247661,611,151.479368,0.247920,0,0,0
1772799817.347612,619,156.222840,0.252379,0,0,0
1772799817.447859,623,157.136241,0.252225,0,0,0
1772799817.547600,613,159.333658,0.259924,0,0,0
1772799817.647671,617,154.450590,0.250325,0,0,0
1772799817.747645,617,150.205305,0.243445,0,0,0
1772799817.847579,628,154.001750,0.245226,0,0,0
1772799817.947628,615,148.338721,0.241201,0,0,0
1772799818.047763,624,149.237215,0.239162,0,0,0
1772799818.147525,618,147.214338,0.238211,0,0,0
1772799818.247754,618,155.176942,0.251095,0,0,0
1772799818.347657,641,162.990327,0.254275,0,0,0
1772799818.447569,684,158.857302,0.232248,0,0,0
1772799818.546654,662,156.683782,0.236682,0,0,0
1772799818.646698,666,164.574992,0.247110,0,0,0
1772799818.747535,661,169.502315,0.256433,0,0,0
1772799818.847847,717,173.218971,0.241589,0,0,0
1772799818.947548,699,180.339169,0.257996,0,0,0
1772799819.047810,746,185.640257,0.248848,0,0,0
1772799819.147830,725,187.147612,0.258135,0,0,0
1772799819.247628,727,182.418434,0.250919,0,0,0
1772799819.346552,720,183.482717,0.254837,0,0,0
1772799819.447663,733,184.847869,0.252180,0,0,0
1772799819.547626,727,183.195926,0.251989,0,0,0
1772799819.647745,717,192.597956,0.268616,0,0,0
1772799819.747656,722,190.156535,0.263375,0,0,0
1772799819.846678,713,184.106935,0.258214,0,0,0
1772799819.948093,727,191.609599,0.263562,0,0,0
1772799820.047855,744,199.704025,0.268419,0,0,0
1772799820.147541,732,194.167019,0.265255,0,0,0
1772799820.246562,736,195.959351,0.266249,0,0,0
1772799820.347469,755,196.500235,0.260265,0,0,0
1772799820.447564,740,189.034145,0.255452,0,0,0
1772799820.546650,696,186.194999,0.267522,0,0,0
1772799820.647526,742,202.372490,0.272739,0,0,0
1772799820.746688,730,193.536242,0.265118,0,0,0
1772799820.847573,713,189.535408,0.265828,0,0,0
1772799820.946685,703,186.753287,0.265652,0,0,0
1772799821.047570,725,198.809734,0.274220,0,0,0
1772799821.147582,711,193.796078,0.272568,0,0,0
1772799821.246626,720,193.764031,0.269117,0,0,0
1772799821.347605,707,194.583922,0.275225,0,0,0
1772799821.447664,694,184.055526,0.265210,0,0,0
1772799821.546533,668,184.058943,0.275537,0,0,0
1772799821.647630,706,201.930285,0.286020,0,0,0
1772799821.747565,689,198.173138,0.287624,0,0,0
1772799821.847500,705,198.496020,0.281555,0,0,0
1772799821.947539,696,198.638549,0.285400,0,0,0
1772799822.047545,681,201.613293,0.296055,0,0,0
1772799822.147890,704,207.594440,0.294878,0,0,0
1772799822.247450,670,197.118006,0.294206,0,0,0
1772799822.347605,685,203.907149,0.297675,0,0,0
1772799822.447614,667,195.133488,0.292554,0,0,0
1772799822.546600,696,208.042935,0.298912,0,0,0
1772799822.647740,695,197.934263,0.284798,0,0,0
1772799822.747543,716,204.989001,0.286297,0,0,0
1772799822.847866,716,199.985271,0.279309,0,0,0
1772799822.947589,712,188.710647,0.265043,0,0,0
1772799823.046595,723,196.484916,0.271763,0,0,0
1772799823.147742,728,192.613697,0.264579,0,0,0
1772799823.246597,748,205.025396,0.274098,0,0,0
1772799823.347816,747,197.595523,0.264519,0,0,0
1772799823.446825,756,200.239899,0.264868,0,0,0
1772799823.547430,736,198.714433,0.269992,0,0,0
1772799823.647509,725,187.486320,0.258602,0,0,0
1772799823.747659,701,193.043756,0.275383,0,0,0
1772799823.847962,726,187.855659,0.258754,0,0,0
1772799823.947420,723,192.863445,0.266754,0,0,0
1772799824.047540,747,193.312400,0.258785,0,0,0
1772799824.147613,721,193.232117,0.268006,0,0,0
1772799824.247785,745,193.250257,0.259396,0,0,0
1772799824.346632,720,187.292907,0.260129,0,0,0
1772799824.447878,749,189.925704,0.253572,0,0,0
1772799824.547741,714,179.074756,0.250805,0,0,0
1772799824.647434,715,183.802328,0.257066,0,0,0
1772799824.747574,717,187.166519,0.261041,0,0,0
1772799824.847505,705,181.552393,0.257521,0,0,0
1772799824.946579,706,189.607518,0.268566,0,0,0
1772799825.047593,709,188.296467,0.265580,0,0,0
1772799825.147565,718,194.420399,0.270780,0,0,0
1772799825.247435,715,186.119072,0.260306,0,0,0
1772799825.347504,703,177.513357,0.252508,0,0,0
1772799825.447565,726,186.960096,0.257521,0,0,0
1772799825.547442,689,179.515937,0.260546,0,0,0
1772799825.647476,693,179.631325,0.259208,0,0,0
1772799825.747568,687,163.255855,0.237636,0,0,0
1772799825.847689,665,171.737045,0.258251,0,0,0
1772799825.947629,677,169.131009,0.249824,0,0,0
1772799826.047459,697,181.428161,0.260299,0,0,0
1772799826.146498,674,175.624535,0.260571,0,0,0
1772799826.247763,664,178.052521,0.268151,0,0,0
1772799826.347625,669,176.684940,0.264103,0,0,0
1772799826.447488,663,172.119743,0.259607,0,0,0
1772799826.547406,638,157.552270,0.246947,0,0,0
1772799826.647537,642,165.515902,0.257813,0,0,0
1772799826.746489,662,165.776801,0.250418,0,0,0
1772799826.847764,655,159.029326,0.242793,0,0,0
1772799826.947594,656,164.036465,0.250056,0,0,0
1772799827.047519,647,162.677678,0.251434,0,0,0
1772799827.146710,668,163.822432,0.245243,0,0,0
1772799827.247411,654,150.951171,0.230812,0,0,0
1772799827.347533,646,162.890861,0.252153,0,0,0
1772799827.447656,641,161.812637,0.252438,0,0,0
1772799827.547403,651,170.571553,0.262015,0,0,0
1772799827.647664,635,165.323166,0.260351,0,0,0
1772799827.747739,639,168.281731,0.263352,0,0,0
1772799827.846886,647,173.116600,0.267568,0,0,0
1772799827.947875,636,170.818635,0.268583,0,0,0
1772799828.046504,643,168.732733,0.262415,0,0,0
1772799828.146612,637,161.429071,0.253421,0,0,0
1772799828.247779,635,174.934250,0.275487,0,0,0
1772799828.346725,648,173.302271,0.267442,0,0,0
1772799828.446590,657,183.693362,0.279594,0,0,0
1772799828.546592,664,183.747402,0.276728,0,0,0
1772799828.647608,669,177.980316,0.266039,0,0,0
1772799828.747408,679,187.143317,0.275616,0,0,0
1772799828.847531,670,185.311359,0.276584,0,0,0
1772799828.947569,657,196.041540,0.298389,0,0,0
1772799829.047677,634,188.396433,0.297155,0,0,0
1772799829.147394,622,186.871048,0.300436,0,0,0
1772799829.247966,630,193.462493,0.307083,0,0,0
1772799829.347640,590,175.313413,0.297141,0,0,0
1772799829.447907,579,174.955014,0.302168,0,0,0
1772799829.547419,570,176.722128,0.310039,0,0,0
1772799829.647566,591,185.081006,0.313166,0,0,0
1772799829.746507,594,185.676820,0.312587,0,0,0
1772799829.847575,574,176.968036,0.308307,0,0,0
1772799829.947823,588,175.540885,0.298539,0,0,0
1772799830.047542,565,172.944716,0.306097,0,0,0
1772799830.147628,574,168.596916,0.293723,0,0,0
1772799830.247432,568,166.805833,0.293672,0,0,0
1772799830.347492,535,151.118947,0.282465,0,0,0
1772799830.446484,537,153.666385,0.286157,0,0,0
1772799830.547468,518,146.188943,0.282218,0,0,0
1772799830.647633,500,140.184163,0.280368,0,0,0
1772799830.747492,514,143.455017,0.279095,0,0,0
1772799830.847775,509,145.886563,0.286614,0,0,0
1772799830.947513,507,146.609609,0.289171,0,0,0
1772799831.047629,509,145.086956,0.285043,0,0,0
1772799831.147374,497,134.538711,0.270702,0,0,0
1772799831.247749,519,145.953573,0.281221,0,0,0
1772799831.348838,513,149.495013,0.291413,0,0,0
1772799831.447737,517,143.763669,0.278073,0,0,0
1772799831.548327,519,130.957697,0.252327,0,0,0
1772799831.647520,517,137.333373,0.265635,0,0,0
1772799831.747699,527,140.328888,0.266279,0,0,0
1772799831.847800,499,128.209048,0.256932,0,0,0
1772799831.946507,491,123.722670,0.251981,0,0,0
1772799832.046584,469,110.723083,0.236083,0,0,0
1772799832.147572,477,107.357454,0.225068,0,0,0
1772799832.247750,490,101.465315,0.207072,0,0,0
1772799832.348745,497,102.321004,0.205877,0,0,0
1772799832.446625,480,99.013427,0.206278,0,0,0
1772799832.547467,466,97.244194,0.208679,0,0,0
1772799832.647592,466,89.532154,0.192129,0,0,0
1772799832.747627,460,98.081423,0.213220,0,0,0
1772799832.847689,445,98.120262,0.220495,0,0,0
1772799832.947639,426,85.523762,0.200760,0,0,0
1772799833.047417,442,99.337569,0.224746,0,0,0
1772799833.147676,422,94.377015,0.223642,0,0,0
1772799833.246557,462,100.313216,0.217128,0,0,0
1772799833.347400,461,96.531002,0.209395,0,0,0
1772799833.447680,474,99.375005,0.209652,0,0,0
1772799833.546537,452,103.394691,0.228749,0,0,0
1772799833.646770,447,88.503775,0.197995,0,0,0
1772799833.747622,441,89.891106,0.203835,0,0,0
1772799833.847596,448,93.539083,0.208793,0,0,0
1772799833.947715,446,97.431488,0.218456,0,0,0
1772799834.046563,440,92.769167,0.210839,0,0,0
1772799834.147447,419,92.800525,0.221481,0,0,0
1772799834.247623,1106,251.186141,0.227112,0,0,0
1772799834.347468,1128,259.581284,0.230125,0,0,0
1772799834.447609,421,90.305920,0.214503,0,0,0
1772799834.547801,437,94.619011,0.216519,0,0,0
1772799834.648218,428,81.033949,0.189332,0,0,0
1772799834.747571,449,98.499176,0.219375,0,0,0
1772799834.847740,449,97.722813,0.217645,0,0,0
1772799834.946512,459,101.932371,0.222075,0,0,0
1772799835.047971,460,104.942499,0.228136,0,0,0
1772799835.146685,483,112.682325,0.233297,0,0,0
1772799835.246463,461,99.069406,0.214901,0,0,0
1772799835.347608,443,93.494906,0.211049,0,0,0
1772799835.447745,465,98.960901,0.212819,0,0,0
1772799835.547645,452,98.642800,0.218236,0,0,0
1772799835.647757,448,96.147203,0.214614,0,0,0
1772799835.747582,470,107.778290,0.229316,0,0,0
1772799835.847543,460,99.049629,0.215325,0,0,0
1772799835.947603,452,99.495607,0.220123,0,0,0
1772799836.047564,471,106.343876,0.225783,0,0,0
1772799836.147447,477,114.103260,0.239210,0,0,0
1772799836.247453,485,114.360835,0.235796,0,0,0
1772799836.347590,476,117.636398,0.247135,0,0,0
1772799836.447415,462,106.085111,0.229621,0,0,0
1772799836.547532,478,117.971653,0.246803,0,0,0
1772799836.647468,479,109.716328,0.229053,0,0,0
1772799836.747585,500,122.656265,0.245313,0,0,0
1772799836.847799,511,120.184195,0.235194,0,0,0
1772799836.947624,499,124.007844,0.248513,0,0,0
1772799837.046450,510,126.060818,0.247178,0,0,0
1772799837.147566,507,124.597565,0.245755,0,0,0
1772799837.247735,520,127.622100,0.245427,0,0,0
1772799837.347530,495,122.772973,0.248026,0,0,0
1772799837.447391,498,125.617368,0.252244,0,0,0
1772799837.547550,484,118.374885,0.244576,0,0,0
1772799837.647505,506,121.405636,0.239932,0,0,0
1772799837.747434,509,121.429360,0.238565,0,0,0
1772799837.847313,496,119.191423,0.240305,0,0,0
1772799837.947628,535,126.603721,0.236642,0,0,0
1772799838.047625,499,120.578620,0.241641,0,0,0
1772799838.147650,527,124.434814,0.236119,0,0,0
1772799838.247635,509,124.896347,0.245376,0,0,0
1772799838.346630,507,122.420804,0.241461,0,0,0
1772799838.446746,533,130.517962,0.244874,0,0,0
1772799838.546962,532,128.024458,0.240647,0,0,0
1772799838.646397,562,146.284918,0.260293,0,0,0
1772799838.747578,544,137.659314,0.253050,0,0,0
1772799838.847618,597,149.696073,0.250747,0,0,0
1772799838.947336,590,160.509883,0.272051,0,0,0
1772799839.047539,622,167.587116,0.269433,0,0,0
1772799839.147632,616,160.331881,0.260279,0,0,0
1772799839.247430,622,174.810595,0.281046,0,0,0
1772799839.347564,648,181.215989,0.279654,0,0,0
1772799839.447732,620,175.287661,0.282722,0,0,0
1772799839.547573,631,173.802906,0.275440,0,0,0
1772799839.647482,645,183.108129,0.283889,0,0,0
1772799839.747422,643,180.342466,0.280470,0,0,0
1772799839.847410,647,187.665303,0.290055,0,0,0
1772799839.947661,651,184.957452,0.284113,0,0,0
1772799840.047530,680,205.238894,0.301822,0,0,0
1772799840.147566,690,207.868494,0.301259,0,0,0
1772799840.247716,709,211.013918,0.297622,0,0,0
1772799840.347564,680,200.663628,0.295094,0,0,0
1772799840.447683,701,199.824703,0.285057,0,0,0
1772799840.547408,702,208.053888,0.296373,0,0,0
1772799840.647585,735,218.176570,0.296839,0,0,0
1772799840.747559,717,214.944211,0.299783,0,0,0
1772799840.847625,737,221.777822,0.300920,0,0,0
1772799840.947503,743,224.017441,0.301504,0,0,0
1772799841.047550,746,226.721121,0.303916,0,0,0
1772799841.147610,753,227.814600,0.302543,0,0,0
1772799841.247444,765,231.866028,0.303093,0,0,0
1772799841.347540,755,228.530264,0.302689,0,0,0
1772799841.447483,776,245.493942,0.316358,0,0,0
1772799841.547543,772,238.180674,0.308524,0,0,0
1772799841.647819,808,242.728440,0.300406,0,0,0
1772799841.747438,810,252.927980,0.312257,0,0,0
1772799841.847650,809,246.857088,0.305139,0,0,0
1772799841.947570,797,242.524785,0.304297,0,0,0
1772799842.047372,800,250.043731,0.312555,0,0,0
1772799842.147528,821,261.090021,0.318015,0,0,0
1772799842.247701,796,248.339405,0.311984,0,0,0
1772799842.347476,814,245.231581,0.301267,0,0,0
1772799842.447319,786,239.507141,0.304716,0,0,0
1772799842.547566,819,257.035288,0.313840,0,0,0
1772799842.647545,820,259.292812,0.316211,0,0,0
1772799842.747535,809,249.536670,0.308451,0,0,0
1772799842.847574,821,250.874039,0.305571,0,0,0
1772799842.947639,826,256.087807,0.310034,0,0,0
1772799843.047585,830,255.211135,0.307483,0,0,0
1772799843.147526,842,269.088108,0.319582,0,0,0
1772799843.247505,816,247.369629,0.303149,0,0,0
1772799843.347509,833,259.616101,0.311664,0,0,0
1772799843.447534,820,253.932004,0.309673,0,0,0
1772799843.547656,841,258.348046,0.307191,0,0,0
1772799843.647574,828,256.404029,0.309667,0,0,0
1772799843.747497,832,253.273089,0.304415,0,0,0
1772799843.847634,836,261.370763,0.312644,0,0,0
1772799843.947707,852,251.472450,0.295155,0,0,0
1772799844.047619,847,270.226723,0.319040,0,0,0
1772799844.147490,836,254.511746,0.304440,0,0,0
1772799844.247559,855,276.000194,0.322807,0,0,0
1772799844.347589,846,248.616346,0.293873,0,0,0
1772799844.447586,847,253.338976,0.299102,0,0,0
1772799844.547518,858,256.597221,0.299064,0,0,0
1772799844.647676,852,265.798534,0.311970,0,0,0
1772799844.747401,857,262.182953,0.305931,0,0,0
1772799844.847483,859,253.627833,0.295259,0,0,0
1772799844.947484,846,260.209595,0.307576,0,0,0
1772799845.047484,843,247.935741,0.294111,0,0,0
1772799845.147566,868,262.331141,0.302225,0,0,0
1772799845.247583,895,259.268072,0.289685,0,0,0
1772799845.347605,907,277.660640,0.306131,0,0,0
1772799845.447596,890,257.058655,0.288830,0,0,0
1772799845.547484,907,270.339020,0.298058,0,0,0
1772799845.647492,904,265.858855,0.294092,0,0,0
1772799845.747319,913,263.242128,0.288327,0,0,0
1772799845.847508,903,248.268879,0.274938,0,0,0
1772799845.947491,917,263.161362,0.286981,0,0,0
1772799846.047487,950,276.315974,0.290859,0,0,0
1772799846.147573,905,259.380617,0.286608,0,0,0
1772799846.247482,904,252.170594,0.278950,0,0,0
1772799846.347608,893,246.303779,0.275816,0,0,0
1772799846.447521,923,252.567367,0.273637,0,0,0
1772799846.547497,937,259.513966,0.276963,0,0,0
1772799846.647705,933,244.655569,0.262225,0,0,0
1772799846.747555,937,256.554208,0.273804,0,0,0
1772799846.847624,947,265.379208,0.280231,0,0,0
1772799846.947493,997,271.862277,0.272680,0,0,0
1772799847.047636,1002,273.496139,0.272950,0,0,0
1772799847.147528,1022,285.943392,0.279788,0,0,0
1772799847.247257,1021,294.102858,0.288054,0,0,0
1772799847.347521,1006,272.557056,0.270931,0,0,0
1772799847.447506,1060,301.495172,0.284429,0,0,0
1772799847.547570,1036,282.945825,0.273114,0,0,0
1772799847.647603,1059,291.855802,0.275596,0,0,0
1772799847.747441,1054,273.464970,0.259454,0,0,0
1772799847.847398,1030,271.164244,0.263266,0,0,0
1772799847.947465,1044,287.617702,0.275496,0,0,0
1772799848.047598,1029,267.903024,0.260353,0,0,0
1772799848.147450,1022,271.966259,0.266112,0,0,0
1772799848.247608,1015,268.342099,0.264376,0,0,0
1772799848.347466,1020,260.908080,0.255792,0,0,0
1772799848.447387,1016,259.596929,0.255509,0,0,0
1772799848.547230,1006,255.106593,0.253585,0,0,0
1772799848.647314,1011,241.519002,0.238891,0,0,0
1772799848.747624,1004,246.887071,0.245903,0,0,0
1772799848.847584,986,241.290106,0.244716,0,0,0
1772799848.947557,971,228.779142,0.235612,0,0,0
1772799849.047318,977,235.442883,0.240986,0,0,0
1772799849.147331,959,225.310606,0.234943,0,0,0
1772799849.247438,924,211.684135,0.229095,0,0,0
1772799849.347291,933,209.391110,0.224428,0,0,0
1772799849.447447,918,182.975792,0.199320,0,0,0
1772799849.547563,925,185.060767,0.200066,0,0,0
1772799849.647558,923,176.943438,0.191705,0,0,0
1772799849.748560,904,177.726638,0.196600,0,0,0
1772799849.847734,894,173.682450,0.194276,0,0,0
1772799849.947500,891,167.805999,0.188334,0,0,0
1772799850.047536,898,168.879403,0.188062,0,0,0
1772799850.150625,887,173.017970,0.195060,0,0,0
1772799850.247426,891,169.556846,0.190299,0,0,0
1772799850.347770,878,175.547626,0.199940,0,0,0
1772799850.447562,886,163.564064,0.184610,0,0,0
1772799850.547576,867,165.973311,0.191434,0,0,0
1772799850.647624,864,160.054475,0.185248,0,0,0
1772799850.747729,865,160.981104,0.186105,0,0,0
1772799850.847744,863,157.617619,0.182639,0,0,0
1772799850.947479,868,159.690444,0.183975,0,0,0
1772799851.047414,877,162.139416,0.184880,0,0,0
1772799851.147462,870,166.217464,0.191055,0,0,0
1772799851.247333,848,154.765609,0.182507,0,0,0
1772799851.347538,827,145.453476,0.175881,0,0,0
1772799851.447556,847,144.748949,0.170896,0,0,0
1772799851.547286,821,135.230540,0.164714,0,0,0
1772799851.647597,815,135.440760,0.166185,0,0,0
1772799851.747533,816,132.824073,0.162775,0,0,0
1772799851.847445,810,131.902477,0.162843,0,0,0
1772799851.947540,774,124.768146,0.161199,0,0,0
1772799852.047672,772,124.324027,0.161041,0,0,0
1772799852.147491,761,123.012626,0.161646,0,0,0
1772799852.247586,757,123.072348,0.162579,0,0,0
1772799852.347526,776,122.534457,0.157905,0,0,0
1772799852.447460,762,123.053794,0.161488,0,0,0
1772799852.547508,738,108.073687,0.146441,0,0,0
1772799852.647357,735,107.358858,0.146066,0,0,0
1772799852.747539,730,104.893148,0.143689,0,0,1
1772799852.847531,727,99.628305,0.137040,0,0,1
1772799852.947418,696,98.849367,0.142025,0,0,1
1772799853.047417,664,93.629307,0.141008,0,0,1
1772799853.147485,672,95.100378,0.141518,0,0,1
1772799853.247473,675,98.507113,0.145936,0,0,1
1772799853.347502,667,95.859101,0.143717,0,0,1
1772799853.447500,662,102.666058,0.155085,0,0,1
1772799853.547503,650,100.149151,0.154076,0,0,1
1772799853.647284,656,104.180632,0.158812,0,0,0
1772799853.747503,650,98.732297,0.151896,0,0,0
1772799853.847564,629,99.233375,0.157764,0,0,0
1772799853.947417,622,99.362871,0.159747,0,0,0
1772799854.047465,640,98.165682,0.153384,0,0,0
1772799854.147269,620,97.715811,0.157606,0,0,0
1772799854.247346,612,89.933996,0.146951,0,0,0
1772799854.347543,580,86.302485,0.148797,0,0,0
1772799854.447404,584,96.842529,0.165826,0,0,0
1772799854.547428,579,90.877401,0.156956,0,0,0
1772799854.647574,556,80.301931,0.144428,0,0,1
1772799854.747397,548,80.433548,0.146777,0,0,1
1772799854.847419,542,76.989519,0.142047,0,0,1
1772799854.947547,533,76.032627,0.142650,0,0,1
1772799855.047404,544,84.506022,0.155342,0,0,1
1772799855.147389,554,91.876821,0.165843,0,0,1
1772799855.247622,538,82.392427,0.153146,0,0,0
1772799855.347538,539,83.321981,0.154586,0,0,0
1772799855.447462,531,79.501199,0.149720,0,0,0
1772799855.547414,530,77.986073,0.147144,0,0,0
1772799855.647410,516,84.432407,0.163629,0,0,0
1772799855.747308,509,82.236063,0.161564,0,0,0
1772799855.847394,503,82.547593,0.164111,0,0,0
1772799855.947517,491,89.238582,0.181749,0,0,0
1772799856.047486,514,89.074041,0.173296,0,0,0
1772799856.147350,490,78.271564,0.159738,0,0,0
1772799856.247407,501,88.523757,0.176694,0,0,0
1772799856.347505,482,83.146387,0.172503,0,0,0
1772799856.447522,485,85.710310,0.176722,0,0,0
1772799856.547473,460,77.423029,0.168311,0,0,0
1772799856.647242,485,84.335365,0.173887,0,0,0
1772799856.747515,478,78.681896,0.164606,0,0,0
1772799856.848599,485,83.416811,0.171993,0,0,0
1772799856.947508,484,86.398671,0.178510,0,0,0
1772799857.047551,461,83.497310,0.181122,0,0,0
1772799857.147469,455,83.003700,0.182426,0,0,0
1772799857.247446,457,85.399810,0.186870,0,0,0
1772799857.347608,467,89.954556,0.192622,0,0,0
1772799857.447548,450,92.143421,0.204763,0,0,0
1772799857.547515,461,91.053936,0.197514,0,0,0
1772799857.647521,478,100.217141,0.209659,0,0,0
1772799857.747635,492,92.752994,0.188522,0,0,0
1772799857.847506,466,86.827373,0.186325,0,0,0
1772799857.946558,482,90.181093,0.187098,0,0,0
1772799858.047397,446,84.095039,0.188554,0,0,0
1772799858.147450,472,83.194601,0.176260,0,0,0
1772799858.247495,467,90.365249,0.193502,0,0,0
1772799858.347370,471,91.372273,0.193996,0,0,0
1772799858.447361,462,94.138326,0.203763,0,0,0
1772799858.547511,453,88.223382,0.194754,0,0,0
1772799858.647550,469,94.969215,0.202493,0,0,0
1772799858.747572,461,96.605966,0.209557,0,0,0
1772799858.847533,464,100.540854,0.216683,0,0,0
1772799858.947369,466,99.192278,0.212859,0,0,0
1772799859.047370,464,98.265674,0.211779,0,0,0
1772799859.147551,482,101.283971,0.210133,0,0,0
1772799859.247414,481,100.329276,0.208585,0,0,0
1772799859.347355,496,103.849693,0.209374,0,0,0
1772799859.447374,526,125.735583,0.239041,0,0,0
1772799859.547335,545,126.872138,0.232793,0,0,0
1772799859.647378,543,121.368570,0.223515,0,0,0
1772799859.747483,542,119.706005,0.220860,0,0,0
1772799859.847490,542,121.162620,0.223547,0,0,0
1772799859.950624,569,128.182439,0.225277,0,0,0
1772799860.047501,570,130.265556,0.228536,0,0,0
1772799860.147416,593,131.090604,0.221063,0,0,0
1772799860.247442,579,135.010065,0.233178,0,0,0
1772799860.347480,596,131.279218,0.220267,0,0,0
1772799860.447448,586,135.640930,0.231469,0,0,0
1772799860.547377,579,132.978172,0.229669,0,0,0
1772799860.647485,550,144.145400,0.262083,0,0,0
1772799860.747408,555,128.588232,0.231691,0,0,0
1772799860.847484,559,142.494947,0.254910,0,0,0
1772799860.947377,571,145.616367,0.255020,0,0,0
1772799861.047444,568,136.438040,0.240208,0,0,0
1772799861.147329,562,141.580014,0.251922,0,0,0
1772799861.247504,567,132.186274,0.233133,0,0,0
1772799861.347515,577,132.803211,0.230162,0,0,0
1772799861.447385,558,136.970397,0.245467,0,0,0
1772799861.547530,552,130.032216,0.235566,0,0,0
1772799861.647430,553,133.387003,0.241206,0,0,0
1772799861.747313,556,134.773552,0.242398,0,0,0
1772799861.847382,528,125.871841,0.238394,0,0,0
1772799861.947358,534,127.794024,0.239315,0,0,0
1772799862.047330,524,111.941697,0.213629,0,0,0
1772799862.147327,524,121.640148,0.232138,0,0,0
1772799862.247496,508,116.593662,0.229515,0,0,0
1772799862.347490,529,121.819442,0.230282,0,0,0
1772799862.447437,507,128.247825,0.252954,0,0,0
1772799862.547304,527,116.545520,0.221149,0,0,0
1772799862.647464,512,125.462477,0.245044,0,0,0
1772799862.747455,537,132.588247,0.246905,0,0,0
1772799862.847449,488,119.015091,0.243883,0,0,0
1772799862.947476,503,115.336530,0.229297,0,0,0
1772799863.047453,472,105.589200,0.223706,0,0,0
1772799863.147447,484,100.636937,0.207928,0,0,0
1772799863.247345,483,97.689599,0.202256,0,0,0
1772799863.347379,497,96.545333,0.194256,0,0,0
1772799863.447346,474,91.342407,0.192706,0,0,0
1772799863.547252,487,89.059524,0.182874,0,0,0
1772799863.647417,478,87.845487,0.183777,0,0,0
1772799863.747492,479,91.508632,0.191041,0,0,0
1772799863.847451,478,91.605275,0.191643,0,0,0
1772799863.947482,458,83.254729,0.181779,0,0,0
1772799864.047408,466,83.173140,0.178483,0,0,0
1772799864.147403,462,86.189066,0.186556,0,0,0
1772799864.247892,456,82.214471,0.180295,0,0,0
1772799864.347459,439,81.076447,0.184684,0,0,0
1772799864.447330,459,79.063277,0.172251,0,0,0
1772799864.547480,463,78.503378,0.169554,0,0,0
1772799864.647362,447,74.174729,0.165939,0,0,0
1772799864.747458,452,66.260175,0.146593,0,0,0
1772799864.847539,450,70.077608,0.155728,0,0,0
1772799864.947359,461,66.514987,0.144284,0,0,0
1772799865.047380,490,70.086287,0.143033,0,0,1
1772799865.147524,481,72.158786,0.150018,0,0,1
1772799865.247463,523,83.723864,0.160084,0,0,0
1772799865.347400,527,86.608248,0.164342,0,0,0
1772799865.447425,533,90.637224,0.170051,0,0,0
1772799865.547435,511,76.278423,0.149273,0,0,0
1772799865.647446,535,92.241357,0.172414,0,0,0
1772799865.747388,508,80.583335,0.158629,0,0,0
1772799865.847489,531,91.170664,0.171696,0,0,0
1772799865.947446,527,87.857135,0.166712,0,0,0
1772799866.047292,530,90.869793,0.171452,0,0,0
1772799866.147309,517,87.436246,0.169122,0,0,0
1772799866.247467,508,89.021654,0.175239,0,0,0
1772799866.347437,538,97.240197,0.180744,0,0,0
1772799866.447493,519,94.248234,0.181596,0,0,0
1772799866.547447,528,102.116437,0.193402,0,0,0
1772799866.647453,538,91.475400,0.170029,0,0,0
1772799866.747319,544,91.176079,0.167603,0,0,0
1772799866.847308,560,98.118269,0.175211,0,0,0
1772799866.947392,554,99.498656,0.179600,0,0,0
1772799867.047342,589,97.468375,0.165481,0,0,0
1772799867.147331,568,104.678980,0.184294,0,0,0
1772799867.247428,575,101.788233,0.177023,0,0,0
1772799867.347357,570,96.875294,0.169957,0,0,0
1772799867.447399,565,96.221585,0.170304,0,0,0
1772799867.547369,589,102.620018,0.174228,0,0,0
1772799867.647323,583,105.866335,0.181589,0,0,0
1772799867.747405,605,107.325978,0.177398,0,0,0
1772799867.847369,588,104.299702,0.177380,0,0,0
1772799867.947428,608,110.369015,0.181528,0,0,0
1772799868.047266,603,107.235476,0.177837,0,0,0
1772799868.147309,604,116.424811,0.192756,0,0,0
1772799868.247291,607,111.439006,0.183590,0,0,0
1772799868.347372,611,127.812888,0.209186,0,0,0
1772799868.447421,610,120.813401,0.198055,0,0,0
1772799868.547253,628,126.316933,0.201142,0,0,0
1772799868.647308,655,125.015017,0.190863,0,0,0
1772799868.747350,617,118.618402,0.192250,0,0,0
1772799868.847404,640,125.306301,0.195791,0,0,0
1772799868.947415,618,109.562917,0.177286,0,0,0
1772799869.047393,617,119.691561,0.193990,0,0,0
1772799869.147348,616,107.729322,0.174885,0,0,0
1772799869.247224,626,111.791535,0.178581,0,0,0
1772799869.347164,620,116.986309,0.188688,0,0,0
1772799869.447254,638,118.100363,0.185110,0,0,0
1772799869.547379,631,115.564233,0.183145,0,0,0
1772799869.647338,632,117.436204,0.185817,0,0,0
1772799869.747328,647,122.385629,0.189159,0,0,0
1772799869.847355,646,119.430041,0.184876,0,0,0
1772799869.947296,670,130.690866,0.195061,0,0,0
1772799870.047273,671,123.072104,0.183416,0,0,0
1772799870.147376,673,130.901787,0.194505,0,0,0
1772799870.247409,680,130.912570,0.192518,0,0,0
1772799870.347225,678,130.878997,0.193037,0,0,0
1772799870.447367,694,121.995223,0.175786,0,0,0
1772799870.547856,700,123.477880,0.176397,0,0,0
1772799870.647447,695,127.100449,0.182878,0,0,0
1772799870.747305,717,128.141506,0.178719,0,0,0
1772799870.847472,710,127.354812,0.179373,0,0,0
1772799870.947327,710,126.588378,0.178293,0,0,0
1772799871.047438,743,129.565687,0.174382,0,0,0
1772799871.147348,739,126.737017,0.171498,0,0,0
1772799871.247327,755,124.752533,0.165235,0,0,0
1772799871.347351,763,129.249587,0.169397,0,0,0
1772799871.447424,740,127.889038,0.172823,0,0,0
1772799871.547400,741,122.575737,0.165419,0,0,0
1772799871.647389,745,134.738081,0.180856,0,0,0
1772799871.747210,742,130.529078,0.175915,0,0,0
1772799871.847322,781,145.759029,0.186631,0,0,0
1772799871.947269,766,135.854312,0.177355,0,0,0
1772799872.047349,793,144.165367,0.181797,0,0,0
1772799872.147400,795,136.385765,0.171554,0,0,0
1772799872.247310,799,144.590005,0.180964,0,0,0
1772799872.347295,798,147.829898,0.185250,0,0,0
1772799872.447251,795,140.998634,0.177357,0,0,0
1772799872.547376,813,150.470733,0.185081,0,0,0
1772799872.647374,810,157.223300,0.194103,0,0,0
1772799872.747751,862,185.362465,0.215038,0,0,0
1772799872.847238,869,187.712696,0.216010,0,0,0
1772799872.947335,859,177.216867,0.206306,0,0,0
1772799873.047447,865,180.138904,0.208253,0,0,0
1772799873.147332,900,194.617382,0.216242,0,0,0
1772799873.247306,881,174.702183,0.198300,0,0,0
1772799873.347348,926,195.053686,0.210641,0,0,0
1772799873.447398,904,197.186679,0.218127,0,0,0
1772799873.547371,907,220.138223,0.242710,0,0,0
1772799873.647250,926,212.999012,0.230021,0,0,0
1772799873.747345,945,219.609410,0.232391,0,0,0
1772799873.847267,967,227.148018,0.234900,0,0,0
1772799873.947288,940,228.230687,0.242799,0,0,0
1772799874.047287,957,216.239164,0.225955,0,0,0
1772799874.147308,933,232.819573,0.249539,0,0,0
1772799874.247227,987,243.095508,0.246297,0,0,0
1772799874.347355,963,245.212423,0.254634,0,0,0
1772799874.447490,969,249.037733,0.257005,0,0,0
1772799874.547353,981,257.270344,0.262253,0,0,0
1772799874.647466,944,259.489394,0.274883,0,0,0
1772799874.747279,973,250.597771,0.257552,0,0,0
1772799874.847259,958,255.213088,0.266402,0,0,0
1772799874.947213,955,254.069065,0.266041,0,0,0
1772799875.047282,942,269.308446,0.285890,0,0,0
1772799875.147224,950,276.617763,0.291177,0,0,0
1772799875.247387,963,272.200903,0.282659,0,0,0
1772799875.347241,993,273.196628,0.275122,0,0,0
1772799875.447250,985,276.523839,0.280735,0,0,0
1772799875.547206,952,276.517134,0.290459,0,0,0
1772799875.647288,973,274.605972,0.282226,0,0,0
1772799875.747192,931,274.992352,0.295373,0,0,0
1772799875.847210,936,271.695889,0.290273,0,0,0
1772799875.947198,952,281.207233,0.295386,0,0,0
1772799876.047339,929,276.205615,0.297315,0,0,0
1772799876.147288,912,265.784851,0.291431,0,0,0
1772799876.247228,936,262.103895,0.280026,0,0,0
1772799876.347341,921,268.756064,0.291809,0,0,0
1772799876.447227,902,258.971628,0.287108,0,0,0
1772799876.547434,891,259.946365,0.291747,0,0,0
1772799876.647269,924,277.884776,0.300741,0,0,0
1772799876.747351,889,268.568126,0.302101,0,0,0
1772799876.847353,882,250.135225,0.283600,0,0,0
1772799876.947405,871,256.269196,0.294224,0,0,0
1772799877.047413,872,249.821403,0.286492,0,0,0
1772799877.147209,862,245.696374,0.285031,0,0,0
1772799877.247432,845,235.781119,0.279031,0,0,0
1772799877.347217,834,229.661160,0.275373,0,0,0
1772799877.447183,799,222.196924,0.278094,0,0,0
1772799877.547400,789,213.046531,0.270021,0,0,0
1772799877.647812,766,210.109707,0.274295,0,0,0
1772799877.747368,819,217.985312,0.266160,0,0,0
1772799877.847301,771,187.704331,0.243456,0,0,0
1772799877.947461,780,185.993144,0.238453,0,0,0
1772799878.047319,769,177.927826,0.231376,0,0,0
1772799878.147198,794,168.882628,0.212699,0,0,0
1772799878.247173,781,164.961877,0.211219,0,0,0
1772799878.347236,799,167.569241,0.209724,0,0,0
1772799878.447386,770,160.757668,0.208776,0,0,0
1772799878.547618,738,141.223395,0.191360,0,0,0
1772799878.647669,710,127.370737,0.179395,0,0,0
1772799878.747260,675,124.152273,0.183929,0,0,0
1772799878.847435,671,128.300960,0.191209,0,0,0
1772799878.947372,641,123.815684,0.193160,0,0,0
1772799879.047277,651,125.976994,0.193513,0,0,0
1772799879.147317,607,112.311386,0.185027,0,0,0
1772799879.247342,618,113.395322,0.183488,0,0,0
1772799879.347218,585,110.511063,0.188908,0,0,0
1772799879.447201,589,108.682592,0.184521,0,0,0
1772799879.547197,638,109.659071,0.171879,0,0,0
1772799879.647199,631,115.610348,0.183218,0,0,0
1772799879.747313,633,107.825789,0.170341,0,0,0
1772799879.847280,631,109.150435,0.172980,0,0,0
1772799879.947475,646,123.146645,0.190629,0,0,0
1772799880.047374,634,111.053110,0.175163,0,0,0
1772799880.147828,634,116.166475,0.183228,0,0,0
1772799880.247256,614,114.895826,0.187127,0,0,0
1772799880.347261,642,108.521433,0.169036,0,0,0
1772799880.447248,659,125.315231,0.190160,0,0,0
1772799880.547308,653,114.726596,0.175692,0,0,0
1772799880.647341,631,106.277347,0.168427,0,0,0
1772799880.747215,662,125.548221,0.189650,0,0,0
1772799880.847192,648,105.693183,0.163107,0,0,0
1772799880.947358,644,104.962184,0.162985,0,0,0
1772799881.047328,667,103.250888,0.154799,0,0,0
1772799881.147252,650,107.392986,0.165220,0,0,0
1772799881.247279,651,103.464416,0.158932,0,0,0
1772799881.347185,618,89.826520,0.145350,0,0,0
1772799881.447210,674,106.487867,0.157994,0,0,0
1772799881.547349,603,92.744137,0.153805,0,0,0
1772799881.647229,615,98.724199,0.160527,0,0,0
1772799881.747242,606,91.974730,0.151773,0,0,0
1772799881.847136,610,92.366946,0.151421,0,0,0
1772799881.947211,613,91.246071,0.148852,0,0,0
1772799882.047154,625,86.396667,0.138235,0,0,0
1772799882.147370,620,84.974745,0.137056,0,0,1
1772799882.247141,619,78.894688,0.127455,0,0,1
1772799882.347292,628,81.879854,0.130382,0,0,1
1772799882.447205,602,78.274346,0.130024,0,0,1
1772799882.547224,599,71.870377,0.119984,0,0,1
1772799882.647823,603,81.764737,0.135597,0,0,1
1772799882.747401,608,80.627271,0.132611,0,0,1
1772799882.847208,593,78.296643,0.132035,0,0,1
1772799882.947242,599,74.437947,0.124270,0,0,1
1772799883.047252,588,81.439525,0.138503,0,0,1
1772799883.148065,599,86.614531,0.144599,0,0,1
1772799883.247155,606,83.859743,0.138382,0,0,1
1772799883.347745,604,90.659481,0.150098,0,0,1
1772799883.447273,601,86.828683,0.144474,0,0,1
1772799883.547184,589,73.713095,0.125150,0,0,1
1772799883.647043,601,71.848674,0.119549,0,0,1
1772799883.747361,587,71.916475,0.122515,0,0,1
1772799883.847212,604,81.953539,0.135685,0,0,1
1772799883.947219,589,80.598686,0.136840,0,0,1
1772799884.047439,587,79.550271,0.135520,0,0,1
1772799884.147097,564,75.721506,0.134258,0,0,1
1772799884.247402,567,73.159044,0.129028,0,0,1
1772799884.347388,554,77.763729,0.140368,0,0,1
1772799884.447386,576,80.968236,0.140570,0,0,1
1772799884.547274,574,79.210249,0.137997,0,0,1
1772799884.647342,573,78.753593,0.137441,0,0,1
1772799884.747282,575,75.936839,0.132064,0,0,1
1772799884.847373,557,83.676894,0.150228,0,0,1
1772799884.947321,553,77.432270,0.140022,0,0,1
1772799885.047339,553,80.245218,0.145109,0,0,1
1772799885.147221,549,75.001466,0.136615,0,0,1
1772799885.247347,572,78.610519,0.137431,0,0,1
1772799885.347219,561,76.706055,0.136731,0,0,1
1772799885.447138,588,77.693829,0.132132,0,0,1
1772799885.547120,567,68.847222,0.121424,0,0,1
1772799885.647273,547,74.139232,0.135538,0,0,1
1772799885.747154,556,72.375985,0.130173,0,0,1
1772799885.847170,547,68.455098,0.125146,0,0,1
1772799885.947136,540,68.586647,0.127012,0,0,1
1772799886.047207,547,70.704286,0.129258,0,0,1
1772799886.147213,562,72.068526,0.128236,0,0,1
1772799886.247135,558,66.618939,0.119389,0,0,1
1772799886.347259,550,67.180900,0.122147,0,0,1
1772799886.447209,543,67.883733,0.125016,0,0,1
1772799886.547217,543,61.165873,0.112644,0,0,1
1772799886.647326,532,58.616717,0.110182,0,0,1
1772799886.747274,525,64.630640,0.123106,0,0,1
1772799886.847159,543,60.457893,0.111341,0,0,1
1772799886.947073,515,56.937653,0.110559,0,0,1
1772799887.047171,512,53.482319,0.104458,0,0,1
1772799887.147252,518,59.728356,0.115306,0,1,1
1772799887.247120,517,63.240710,0.122322,0,0,1
1772799887.347203,528,66.973166,0.126843,0,0,1
1772799887.447206,514,54.510011,0.106051,0,1,1
1772799887.547196,509,56.538872,0.111078,0,1,1
1772799887.647157,511,62.697013,0.122695,0,0,1
1772799887.747051,511,58.059131,0.113619,0,1,1
1772799887.847223,507,55.734996,0.109931,0,1,1
1772799887.947210,515,54.909617,0.106621,0,1,1
1772799888.047271,506,55.873539,0.110422,0,1,1
1772799888.147058,532,57.761078,0.108573,0,1,1
1772799888.247165,506,61.514496,0.121570,0,1,1
1772799888.347162,506,53.596209,0.105921,0,1,1
1772799888.447077,509,61.035217,0.119912,0,1,1
1772799888.547163,488,51.878183,0.106308,0,1,1
1772799888.647256,515,60.690643,0.117846,0,1,1
1772799888.747238,492,55.342176,0.112484,0,1,1
1772799888.847278,506,54.432198,0.107574,0,1,1
1772799888.947313,485,55.092209,0.113592,0,1,1
1772799889.047093,499,60.477198,0.121197,0,1,1
1772799889.147064,488,50.516437,0.103517,0,1,1
1772799889.247255,474,49.699553,0.104851,0,1,1
1772799889.347266,469,57.740112,0.123113,0,1,1
1772799889.447129,482,52.214456,0.108329,0,1,1
1772799889.547054,470,54.430486,0.115810,0,1,1
1772799889.647073,486,54.451031,0.112039,0,1,1
1772799889.747128,496,54.066363,0.109005,0,1,1
1772799889.847238,496,57.304124,0.115533,0,1,1
1772799889.947212,494,56.013910,0.113388,0,1,1
1772799890.047155,504,60.225780,0.119496,0,1,1
1772799890.147072,490,55.560457,0.113389,0,1,1
1772799890.247251,495,61.024031,0.123281,0,1,1
1772799890.347104,511,61.944850,0.121223,0,1,1
1772799890.447110,506,59.989456,0.118556,0,1,1
1772799890.547137,528,54.750351,0.103694,0,1,1
1772799890.647246,520,48.954812,0.094144,0,1,1
1772799890.747111,534,55.141394,0.103261,0,1,1
1772799890.847288,535,53.519085,0.100036,0,1,1
1772799890.947180,546,59.445530,0.108875,0,1,1
1772799891.047114,527,54.544362,0.103500,0,1,1
1772799891.147206,535,57.763312,0.107969,0,1,1
1772799891.247125,552,61.084127,0.110660,0,1,1
1772799891.347078,545,63.548366,0.116603,0,1,1
1772799891.447181,568,58.086415,0.102265,0,1,1
1772799891.547081,550,60.809689,0.110563,0,1,1
1772799891.647058,568,54.610134,0.096145,0,1,1
1772799891.747194,549,53.582102,0.097599,0,1,1
1772799891.847052,562,59.436831,0.105759,0,1,1
1772799891.947034,555,55.750977,0.100452,0,1,1
1772799892.047053,559,53.810521,0.096262,0,1,1
1772799892.147719,569,56.874974,0.099956,0,1,1
1772799892.247214,543,48.476240,0.089275,0,1,1
1772799892.347212,560,51.441754,0.091860,0,1,1
1772799892.447184,558,60.043397,0.107605,0,1,1
1772799892.547249,585,63.748259,0.108971,0,1,1
1772799892.647181,579,63.853809,0.110283,0,1,1
1772799892.747075,592,65.811346,0.111168,0,1,1
1772799892.847096,594,70.538992,0.118753,0,1,1
1772799892.947247,588,63.270987,0.107604,0,1,1
1772799893.047045,561,67.206475,0.119798,0,1,1
1772799893.147039,568,64.131756,0.112908,0,1,1
1772799893.247641,577,65.094436,0.112815,0,1,1
1772799893.347085,553,55.983142,0.101235,0,1,1
1772799893.447124,573,62.481530,0.109043,0,1,1
1772799893.547190,546,62.095264,0.113728,0,1,1
1772799893.647403,569,60.936598,0.107094,0,1,1
1772799893.747122,581,67.132220,0.115546,0,1,1
1772799893.847190,591,70.982559,0.120106,0,1,1
1772799893.947375,575,68.506806,0.119142,0,1,1
1772799894.047541,593,59.894046,0.101002,0,1,1
1772799894.147010,587,66.299186,0.112946,0,1,1
1772799894.247054,580,69.883275,0.120488,0,1,1
1772799894.347057,565,61.202069,0.108322,0,1,1
1772799894.447056,585,67.550418,0.115471,0,1,1
1772799894.547115,602,68.378779,0.113586,0,1,1
1772799894.647855,588,71.714945,0.121964,0,1,1
1772799894.747839,582,67.748695,0.116407,0,1,1
1772799894.847022,600,72.418556,0.120698,0,1,1
1772799894.947058,578,74.994044,0.129747,0,0,1
1772799895.047204,610,75.236450,0.123338,0,0,1
1772799895.147091,589,84.617304,0.143663,0,0,1
1772799895.247158,599,76.755203,0.128139,0,0,1
1772799895.347176,605,81.256083,0.134308,0,0,1
1772799895.447136,622,88.214147,0.141823,0,0,1
1772799895.547282,591,89.875587,0.152074,0,0,1
1772799895.647310,598,80.063227,0.133885,0,0,1
1772799895.747090,586,83.242185,0.142052,0,0,1
1772799895.847207,617,85.788590,0.139041,0,0,1
1772799895.947110,604,98.740743,0.163478,0,0,1
1772799896.047138,599,92.405657,0.154267,0,0,1
1772799896.147036,610,96.018883,0.157408,0,0,0
1772799896.247076,584,93.491965,0.160089,0,0,0
1772799896.347149,583,96.296169,0.165174,0,0,0
1772799896.447052,580,88.680103,0.152897,0,0,0
1772799896.547078,602,92.611359,0.153839,0,0,0
1772799896.647104,575,92.098264,0.160171,0,0,0
1772799896.747241,579,89.976798,0.155400,0,0,0
1772799896.847747,570,96.062755,0.168531,0,0,0
1772799896.947084,584,93.249653,0.159674,0,0,0
1772799897.047068,603,103.335777,0.171369,0,0,0
1772799897.146980,591,86.868323,0.146985,0,0,0
1772799897.247059,602,102.428193,0.170147,0,0,0
1772799897.347112,572,93.476991,0.163421,0,0,0
1772799897.447037,563,92.084673,0.163561,0,0,0
1772799897.547119,602,102.057478,0.169531,0,0,0
1772799897.647021,594,101.093050,0.170190,0,0,0
1772799897.747041,609,100.847938,0.165596,0,0,0
1772799897.847081,605,101.277558,0.167401,0,0,0
1772799897.946977,641,100.973455,0.157525,0,0,0
1772799898.047031,613,103.052505,0.168112,0,0,0
1772799898.147020,616,91.363297,0.148317,0,0,0
1772799898.246990,615,93.460202,0.151968,0,0,0
1772799898.347131,620,98.447921,0.158787,0,0,0
1772799898.447046,632,98.507960,0.155867,0,0,0
1772799898.547100,618,105.242745,0.170296,0,0,0
1772799898.647156,612,100.430876,0.164103,0,0,0
1772799898.747053,597,98.947031,0.165740,0,0,0
1772799898.846981,630,100.684325,0.159816,0,0,0
1772799898.947237,622,105.291204,0.169278,0,0,0
1772799899.047068,637,95.571695,0.150034,0,0,0
1772799899.147027,608,98.998810,0.162827,0,0,0
1772799899.247166,603,92.536290,0.153460,0,0,0
1772799899.347142,593,98.398381,0.165933,0,0,0
1772799899.447109,606,100.875631,0.166461,0,0,0
1772799899.547071,623,100.875220,0.161918,0,0,0
1772799899.647095,603,99.018090,0.164209,0,0,0
1772799899.747135,617,102.862293,0.166714,0,0,0
1772799899.846987,611,106.197929,0.173810,0,0,0
1772799899.947063,630,108.717274,0.172567,0,0,0
1772799900.047160,603,104.271823,0.172922,0,0,0
1772799900.147218,622,110.773843,0.178093,0,0,0
1772799900.247058,609,106.695028,0.175197,0,0,0
1772799900.347119,619,109.686839,0.177200,0,0,0
1772799900.447788,634,113.532037,0.179073,0,0,0
1772799900.547143,626,111.594982,0.178267,0,0,0
1772799900.647082,614,101.347219,0.165061,0,0,0
1772799900.747070,599,100.718969,0.168145,0,0,0
1772799900.847077,617,107.838310,0.174778,0,0,0
1772799900.947056,591,100.373376,0.169837,0,0,0
1772799901.047124,623,104.440590,0.167641,0,0,0
1772799901.147126,612,108.788933,0.177760,0,0,0
1772799901.247073,611,106.906710,0.174970,0,0,0
1772799901.347067,628,111.681835,0.177837,0,0,0
1772799901.447025,625,103.620568,0.165793,0,0,0
1772799901.546970,604,100.128256,0.165775,0,0,0
1772799901.647089,611,103.396609,0.169225,0,0,0
1772799901.746968,616,106.042839,0.172147,0,0,0
1772799901.846955,619,104.305036,0.168506,0,0,0
1772799901.947209,581,97.664806,0.168098,0,0,0
1772799902.047205,601,93.617289,0.155769,0,0,0
1772799902.147696,587,96.014085,0.163567,0,0,0
1772799902.247023,606,86.884444,0.143374,0,0,0
1772799902.347055,594,89.371337,0.150457,0,0,0
1772799902.447065,596,95.703672,0.160577,0,0,0
1772799902.547091,605,82.377014,0.136160,0,0,0
1772799902.647148,625,102.780846,0.164449,0,0,0
1772799902.746986,624,97.360551,0.156027,0,0,0
1772799902.847070,629,109.713594,0.174425,0,0,0
1772799902.946995,613,91.440096,0.149168,0,0,0
1772799903.047121,634,99.746060,0.157328,0,0,0
1772799903.147061,634,96.231210,0.151784,0,0,0
1772799903.247731,625,96.930680,0.155089,0,0,0
1772799903.347164,649,98.916741,0.152414,0,0,0
1772799903.447059,623,99.150672,0.159150,0,0,0
1772799903.547060,622,92.851043,0.149278,0,0,0
1772799903.647195,599,93.052206,0.155346,0,0,0
1772799903.747065,602,101.707027,0.168949,0,0,0
1772799903.847054,607,106.258953,0.175056,0,0,0
1772799903.946956,629,105.657110,0.167976,0,0,0
1772799904.047108,624,102.326880,0.163985,0,0,0
1772799904.147018,627,106.978106,0.170619,0,0,0
1772799904.247078,590,100.554309,0.170431,0,0,0
1772799904.347101,608,107.745924,0.177214,0,0,0
1772799904.447116,609,102.774015,0.168759,0,0,0
1772799904.547482,634,112.392920,0.177276,0,0,0
1772799904.647049,639,111.202107,0.174025,0,0,0
1772799904.746967,636,113.778719,0.178897,0,0,0
1772799904.847038,605,100.119763,0.165487,0,0,0
1772799904.947005,617,107.101293,0.173584,0,0,0
1772799905.046978,611,107.119378,0.175318,0,0,0
1772799905.146975,618,113.083473,0.182983,0,0,0
1772799905.247231,609,106.737241,0.175266,0,0,0
1772799905.346956,605,102.827107,0.169962,0,0,0
1772799905.447731,606,104.493951,0.172432,0,0,0
1772799905.547779,612,104.270499,0.170377,0,0,0
1772799905.647642,613,107.428237,0.175250,0,0,0
1772799905.747070,606,105.311687,0.173782,0,0,0
1772799905.847042,614,102.147900,0.166365,0,0,0
1772799905.946926,610,103.720274,0.170033,0,0,0
1772799906.047223,612,101.217263,0.165388,0,0,0
1772799906.147034,596,98.722336,0.165642,0,0,0
1772799906.247123,615,99.223103,0.161338,0,0,0
1772799906.347135,602,105.972681,0.176034,0,0,0
1772799906.447045,603,104.661769,0.173568,0,0,0
1772799906.546942,586,104.082692,0.177616,0,0,0
1772799906.647178,606,98.154446,0.161971,0,0,0
1772799906.747024,596,107.312163,0.180054,0,0,0
1772799906.846954,623,98.323963,0.157823,0,0,0
1772799906.946950,603,98.705625,0.163691,0,0,0
1772799907.047066,640,102.268706,0.159795,0,0,0
1772799907.147048,623,99.986156,0.160491,0,0,0
1772799907.246954,637,106.978079,0.167940,0,0,0
1772799907.347079,659,106.502438,0.161612,0,0,0
1772799907.447093,649,106.308316,0.163803,0,0,0
1772799907.547055,650,101.338707,0.155906,0,0,0
1772799907.647044,651,110.836283,0.170255,0,0,0
1772799907.746933,675,115.137451,0.170574,0,0,0
1772799907.847110,677,127.661723,0.188570,0,0,0
1772799907.947820,710,124.650946,0.175565,0,0,0
1772799908.046985,704,135.164783,0.191995,0,0,0
1772799908.147014,733,145.926666,0.199081,0,0,0
1772799908.246997,712,146.282872,0.205453,0,0,0
1772799908.346986,736,158.376555,0.215186,0,0,0
1772799908.446906,742,154.509926,0.208234,0,0,0
1772799908.546899,727,149.090703,0.205077,0,0,0
1772799908.646909,765,164.152572,0.214579,0,0,0
1772799908.747833,748,154.732886,0.206862,0,0,0
1772799908.847181,751,165.696241,0.220634,0,0,0
1772799908.946971,776,177.132284,0.228263,0,0,0
1772799909.047042,768,181.812472,0.236735,0,0,0
1772799909.147810,763,194.619768,0.255072,0,0,0
1772799909.247100,790,195.112275,0.246978,0,0,0
1772799909.347519,772,213.481207,0.276530,0,0,0
1772799909.447042,791,207.933340,0.262874,0,0,0
1772799909.546953,794,221.977237,0.279568,0,0,0
1772799909.647025,829,217.354639,0.262189,0,0,0
1772799909.747050,873,251.213734,0.287759,0,0,0
1772799909.847078,895,251.131745,0.280594,0,0,0
1772799909.946999,858,245.610720,0.286260,0,0,0
1772799910.047002,889,246.261887,0.277010,0,0,0
1772799910.146860,898,255.209050,0.284197,0,0,0
1772799910.247022,922,256.399589,0.278091,0,0,0
1772799910.346932,928,264.215917,0.284715,0,0,0
1772799910.447016,943,249.423052,0.264500,0,0,0
1772799910.546947,938,251.230717,0.267837,0,0,0
1772799910.647066,950,269.899323,0.284105,0,0,0
1772799910.746920,955,256.900581,0.269006,0,0,0
1772799910.846869,974,278.874133,0.286318,0,0,0
1772799910.946919,949,257.688139,0.271537,0,0,0
1772799911.046870,982,278.144749,0.283243,0,0,0
1772799911.147004,957,257.196329,0.268753,0,0,0
1772799911.247048,980,269.845584,0.275353,0,0,0
1772799911.347003,955,261.044162,0.273345,0,0,0
1772799911.446886,1021,283.961668,0.278121,0,0,0
1772799911.546978,1015,286.640417,0.282404,0,0,0
1772799911.647000,1010,262.268151,0.259671,0,0,0
1772799911.746855,1002,271.644492,0.271102,0,0,0
1772799911.846948,1025,270.390202,0.263795,0,0,0
1772799911.946959,1000,273.679873,0.273680,0,0,0
1772799912.046945,1038,274.690928,0.264635,0,0,0
1772799912.146991,1024,272.755254,0.266363,0,0,0
1772799912.246875,1062,291.174949,0.274176,0,0,0
1772799912.346845,1066,281.172738,0.263764,0,0,0
1772799912.446882,1065,299.526354,0.281245,0,0,0
1772799912.547116,1089,292.294779,0.268407,0,0,0
1772799912.646932,1061,290.797309,0.274079,0,0,0
1772799912.747014,1094,291.425871,0.266386,0,0,0
1772799912.846905,1092,280.444918,0.256818,0,0,0
1772799912.946878,1083,293.620292,0.271118,0,0,0
1772799913.047017,1093,296.814346,0.271559,0,0,0
1772799913.146864,1094,295.670484,0.270266,0,0,0
1772799913.246952,1099,295.642776,0.269011,0,0,0
1772799913.347011,1088,285.380966,0.262299,0,0,0
1772799913.446417,1095,286.005823,0.261193,0,0,0
1772799913.547601,1077,283.767058,0.263479,0,0,0
1772799913.646958,1069,279.603776,0.261556,0,0,0
1772799913.746824,1062,278.960542,0.262675,0,0,0
1772799913.847026,1114,298.110254,0.267603,0,0,0
1772799913.946933,1092,285.815415,0.261736,0,0,0
1772799914.046917,1116,298.791337,0.267734,0,0,0
1772799914.146903,1057,273.654140,0.258897,0,0,0
1772799914.246992,1097,264.823673,0.241407,0,0,0
1772799914.346910,1100,282.794556,0.257086,0,0,0
1772799914.446880,1105,287.124777,0.259841,0,0,0
1772799914.546837,1081,285.390942,0.264006,0,0,0
1772799914.646916,1082,285.650411,0.264002,0,0,0
1772799914.747102,1104,293.159169,0.265543,0,0,0
1772799914.846877,1116,288.268428,0.258305,0,0,0
1772799914.946954,1069,280.709685,0.262591,0,0,0
1772799915.046845,1095,281.703564,0.257264,0,0,0
1772799915.146910,1107,271.748958,0.245482,0,0,0
1772799915.246908,1101,272.685441,0.247671,0,0,0
1772799915.347779,1105,258.627384,0.234052,0,0,0
1772799915.446862,1067,256.954043,0.240819,0,0,0
1772799915.546967,1112,272.768544,0.245295,0,0,0
1772799915.646917,1054,266.441178,0.252790,0,0,0
1772799915.746989,1071,258.606685,0.241463,0,0,0
1772799915.847060,1054,261.687100,0.248280,0,0,0
1772799915.946902,1042,262.157545,0.251591,0,0,0
1772799916.046957,1038,272.105557,0.262144,0,0,0
1772799916.146914,1024,259.323082,0.253245,0,0,0
1772799916.247013,998,256.230562,0.256744,0,0,0
1772799916.346945,998,251.866349,0.252371,0,0,0
1772799916.446857,999,247.942479,0.248191,0,0,0
1772799916.546969,973,249.057125,0.255968,0,0,0
1772799916.646824,990,261.838026,0.264483,0,0,0
1772799916.746908,980,257.444163,0.262698,0,0,0
1772799916.847668,968,252.113392,0.260448,0,0,0
1772799916.946831,924,240.768745,0.260572,0,0,0
1772799917.046851,961,256.557755,0.266970,0,0,0
1772799917.146804,949,238.940678,0.251782,0,0,0
1772799917.246872,934,242.737814,0.259891,0,0,0
1772799917.346920,942,245.188289,0.260285,0,0,0
1772799917.447021,938,233.907333,0.249368,0,0,0
1772799917.546823,935,233.102498,0.249307,0,0,0
1772799917.646922,905,214.576238,0.237101,0,0,0
1772799917.746806,902,230.159439,0.255166,0,0,0
1772799917.847003,904,216.727398,0.239743,0,0,0
1772799917.947104,882,211.256145,0.239519,0,0,0
1772799918.047392,882,210.643114,0.238824,0,0,0
1772799918.146931,897,208.700189,0.232665,0,0,0
1772799918.246788,872,211.038619,0.242017,0,0,0
1772799918.347185,894,222.686326,0.249090,0,0,0
1772799918.447802,828,212.935178,0.257168,0,0,0
1772799918.546975,841,201.460099,0.239548,0,0,0
1772799918.646838,843,216.770698,0.257142,0,0,0
1772799918.746835,834,201.131626,0.241165,0,0,0
1772799918.846911,837,216.897809,0.259137,0,0,0
1772799918.946804,830,217.002632,0.261449,0,0,0
1772799919.046803,828,210.083869,0.253724,0,0,0
1772799919.146791,804,212.509868,0.264316,0,0,0
1772799919.246826,808,210.833926,0.260933,0,0,0
1772799919.346850,802,216.287862,0.269686,0,0,0
1772799919.446895,768,199.410216,0.259649,0,0,0
1772799919.546858,800,217.539550,0.271924,0,0,0
1772799919.646868,795,221.862976,0.279073,0,0,0
1772799919.746949,804,221.157790,0.275072,0,0,0
1772799919.846934,768,205.358259,0.267394,0,0,0
1772799919.946882,756,208.775128,0.276158,0,0,0
1772799920.046849,766,212.114318,0.276912,0,0,0
1772799920.146924,791,212.711923,0.268915,0,0,0
1772799920.246947,781,219.327061,0.280829,0,0,0
1772799920.346830,753,214.532490,0.284904,0,0,0
1772799920.446942,746,206.954638,0.277419,0,0,0
1772799920.546806,771,199.716925,0.259036,0,0,0
1772799920.646781,768,196.579649,0.255963,0,0,0
1772799920.746930,786,193.934390,0.246736,0,0,0
1772799920.846915,767,182.863969,0.238415,0,0,0
1772799920.946754,771,193.850582,0.251427,0,0,0
1772799921.046823,799,195.681443,0.244908,0,0,0
1772799921.146907,785,185.254296,0.235993,0,0,0
1772799921.247020,785,199.198955,0.253757,0,0,0
1772799921.346890,802,197.873929,0.246726,0,0,0
1772799921.446930,791,194.968592,0.246484,0,0,0
1772799921.546855,784,192.437494,0.245456,0,0,0
1772799921.646913,765,188.715566,0.246687,0,0,0
1772799921.746878,808,200.584252,0.248248,0,0,0
1772799921.846776,805,191.502604,0.237891,0,0,0
1772799921.946789,780,182.089569,0.233448,0,0,0
1772799922.046896,814,202.924267,0.249293,0,0,0
1772799922.146874,786,193.983811,0.246799,0,0,0
1772799922.246874,794,189.312894,0.238429,0,0,0
1772799922.347788,827,200.276830,0.242173,0,0,0
1772799922.446855,834,213.827064,0.256387,0,0,0
1772799922.546745,838,202.508607,0.241657,0,0,0
1772799922.646827,893,205.116185,0.229693,0,0,0
1772799922.746798,888,206.864440,0.232955,0,0,0
1772799922.847054,954,211.018742,0.221194,0,0,0
1772799922.946908,963,206.476705,0.214410,0,0,0
1772799923.046997,942,207.029871,0.219777,0,0,0
1772799923.146803,1009,218.723968,0.216773,0,0,0
1772799923.246889,1019,221.969268,0.217830,0,0,0
1772799923.347010,1036,234.676074,0.226521,0,0,0
1772799923.446794,1009,226.428774,0.224409,0,0,0
1772799923.546806,1047,243.810911,0.232866,0,0,0
1772799923.646849,1019,233.172564,0.228825,0,0,0
1772799923.746918,998,227.583890,0.228040,0,0,0
1772799923.846990,1002,230.773942,0.230313,0,0,0
1772799923.946904,1016,232.813559,0.229147,0,0,0
1772799924.046934,1029,222.385813,0.216118,0,0,0
1772799924.146763,1025,238.508824,0.232692,0,0,0
1772799924.246881,1042,215.233678,0.206558,0,0,0
1772799924.346922,1035,222.476059,0.214953,0,0,0
1772799924.446893,1038,225.213478,0.216969,0,0,0
1772799924.546753,1044,235.188773,0.225277,0,0,0
1772799924.646800,1072,237.520914,0.221568,0,0,0
1772799924.746851,1059,221.251900,0.208925,0,0,0
1772799924.846839,1066,219.230194,0.205657,0,0,0
1772799924.946873,1036,225.225749,0.217399,0,0,0
1772799925.046850,1058,223.113460,0.210882,0,0,0
1772799925.146842,1034,216.743831,0.209617,0,0,0
1772799925.246863,1077,201.416129,0.187016,0,0,0
1772799925.346873,1070,210.139392,0.196392,0,0,0
1772799925.446910,1086,206.654729,0.190290,0,0,0
1772799925.546717,1115,217.327574,0.194913,0,0,0
1772799925.646748,1083,216.271530,0.199697,0,0,0
1772799925.746897,1084,208.275414,0.192136,0,0,0
1772799925.846966,1072,202.872271,0.189247,0,0,0
1772799925.946909,1073,196.571132,0.183198,0,0,0
1772799926.046855,1043,193.249901,0.185283,0,0,0
1772799926.147464,1015,174.192071,0.171618,0,0,0
1772799926.246841,1039,175.529728,0.168941,0,0,0
1772799926.346807,1016,182.783743,0.179905,0,0,0
1772799926.446979,977,157.049633,0.160747,0,0,0
1772799926.546926,993,167.068922,0.168247,0,0,0
1772799926.646804,994,164.105932,0.165097,0,0,0
1772799926.746860,1018,173.227298,0.170164,0,0,0
1772799926.846918,1013,152.653954,0.150695,0,0,0
1772799926.946992,992,145.844759,0.147021,0,0,0
1772799927.046991,993,150.144055,0.151202,0,0,0
1772799927.146983,1015,155.301847,0.153007,0,0,0
1772799927.246920,1032,154.872927,0.150071,0,0,0
1772799927.347007,1000,135.048210,0.135048,0,0,0
1772799927.446913,1006,143.398604,0.142543,0,0,0
1772799927.546862,1046,156.838259,0.149941,0,0,1
1772799927.646993,1059,156.332581,0.147623,0,0,1
1772799927.746943,1055,158.395331,0.150138,0,0,1
1772799927.846834,1061,166.792174,0.157203,0,0,1
1772799927.946901,1060,171.605197,0.161892,0,0,0
1772799928.046887,1051,165.571732,0.157537,0,0,0
1772799928.146857,1107,185.887016,0.167920,0,0,0
1772799928.246841,1093,179.329755,0.164071,0,0,0
1772799928.346892,1090,182.326028,0.167272,0,0,0
1772799928.446853,1123,178.024859,0.158526,0,0,0
1772799928.546824,1072,176.492323,0.164638,0,0,0
1772799928.646817,1104,181.780725,0.164656,0,0,0
1772799928.746970,1057,174.068940,0.164682,0,0,0
1772799928.846820,1090,185.356118,0.170051,0,0,0
1772799928.946831,1086,186.645757,0.171865,0,0,0
1772799929.046851,1076,180.580133,0.167825,0,0,0
1772799929.146847,1073,180.242616,0.167980,0,0,0
1772799929.246943,1113,198.503275,0.178350,0,0,0
1772799929.346865,1089,194.906600,0.178978,0,0,0
1772799929.446856,1097,201.429133,0.183618,0,0,0
1772799929.546864,1114,206.285871,0.185176,0,0,0
1772799929.646838,1136,216.816999,0.190860,0,0,0
1772799929.746886,1089,196.790793,0.180708,0,0,0
1772799929.846975,1104,194.367815,0.176058,0,0,0
1772799929.946836,1111,207.802281,0.187041,0,0,0
1772799930.046880,1102,215.320695,0.195391,0,0,0
1772799930.146678,1125,217.046599,0.192930,0,0,0
1772799930.246802,1132,217.852951,0.192450,0,0,0
1772799930.346796,1153,222.894318,0.193317,0,0,0
1772799930.446903,1185,252.702456,0.213251,0,0,0
1772799930.546857,1152,235.558124,0.204478,0,0,0
1772799930.646890,1145,237.651866,0.207556,0,0,0
1772799930.746761,1155,238.047237,0.206102,0,0,0
1772799930.846866,1156,229.653911,0.198663,0,0,0
1772799930.946695,1156,251.178278,0.217282,0,0,0
1772799931.046890,1137,221.189794,0.194538,0,0,0
1772799931.146703,1095,217.477924,0.198610,0,0,0
1772799931.246701,1097,212.719075,0.193910,0,0,0
1772799931.346727,1129,223.943306,0.198355,0,0,0
1772799931.446736,1139,227.969198,0.200149,0,0,0
1772799931.546816,1092,227.449521,0.208287,0,0,0
1772799931.646908,1071,217.864045,0.203421,0,0,0
1772799931.746711,1089,209.377430,0.192266,0,0,0
1772799931.846709,1094,206.742307,0.188978,0,0,0
1772799931.946962,1120,223.133553,0.199226,0,0,0
1772799932.047018,1082,206.999880,0.191312,0,0,0
1772799932.146774,1074,206.121907,0.191920,0,0,0
1772799932.246886,1076,193.935148,0.180237,0,0,0
1772799932.346783,1104,216.315665,0.195938,0,0,0
1772799932.446945,1099,208.321952,0.189556,0,0,0
1772799932.546801,1119,219.862784,0.196481,0,0,0
1772799932.646845,1117,222.062743,0.198803,0,0,0
1772799932.746942,1175,234.357879,0.199454,0,0,0
1772799932.846880,1141,221.674125,0.194281,0,0,0
1772799932.946816,1192,222.492595,0.186655,0,0,0
1772799933.046839,1185,240.678789,0.203104,0,0,0
1772799933.146721,1211,245.158026,0.202443,0,0,0
1772799933.246714,1196,242.455933,0.202722,0,0,0
1772799933.346650,1191,236.459662,0.198539,0,0,0
1772799933.446876,1177,226.196638,0.192181,0,0,0
1772799933.546783,1180,215.118992,0.182304,0,0,0
1772799933.646758,1153,202.517049,0.175644,0,0,0
1772799933.746843,1158,207.847497,0.179488,0,0,0
1772799933.846889,1127,196.960162,0.174765,0,0,0
1772799933.946815,1144,193.583120,0.169216,0,0,0
1772799934.046925,1203,235.750797,0.195969,0,0,0
1772799934.146803,1202,248.819908,0.207005,0,0,0
1772799934.246764,1241,245.284669,0.197651,0,0,0
1772799934.346861,1239,267.334870,0.215767,0,0,0
1772799934.446803,1244,246.138611,0.197861,0,0,0
1772799934.546645,1274,254.989821,0.200149,0,0,0
1772799934.647101,1293,275.364982,0.212966,0,0,0
1772799934.746823,1294,256.363500,0.198117,0,0,0
1772799934.847338,1293,257.205838,0.198922,0,0,0
1772799934.946708,1287,265.578539,0.206355,0,0,0
1772799935.046769,1317,284.800611,0.216250,0,0,0
1772799935.146679,1322,276.973762,0.209511,0,0,0
1772799935.246702,1348,294.717275,0.218633,0,0,0
1772799935.347662,1404,322.887441,0.229977,0,0,0
1772799935.446714,1449,335.038921,0.231221,0,0,0
1772799935.546880,1441,332.692423,0.230876,0,0,0
1772799935.646648,1452,326.885597,0.225128,0,0,0
1772799935.746775,1411,324.661977,0.230094,0,0,0
1772799935.846678,1408,320.765270,0.227816,0,0,0
1772799935.946860,1391,304.357443,0.218805,0,0,0
1772799936.046749,1377,306.702533,0.222732,0,0,0
1772799936.146626,1340,295.463196,0.220495,0,0,0
1772799936.246866,1334,297.270118,0.222841,0,0,0
1772799936.346803,1334,295.548418,0.221551,0,0,0
1772799936.446906,1334,293.988735,0.220381,0,0,0
1772799936.546673,1401,324.948807,0.231941,0,0,0
1772799936.646756,1410,329.011772,0.233342,0,0,0
1772799936.746722,1374,344.281799,0.250569,0,0,0
1772799936.846812,1380,326.133710,0.236329,0,0,0
1772799936.946706,1338,326.410887,0.243954,0,0,0
1772799937.046749,1372,335.509453,0.244540,0,0,0
1772799937.146696,1342,299.629061,0.223271,0,0,0
1772799937.246642,1367,331.473292,0.242482,0,0,0
1772799937.346873,1366,311.732912,0.228209,0,0,0
1772799937.446657,1411,324.438120,0.229935,0,0,0
1772799937.546865,1398,317.892475,0.227391,0,0,0
1772799937.646781,1452,342.260626,0.235717,0,0,0
1772799937.746867,1457,334.174258,0.229358,0,0,0
1772799937.846775,1437,344.667988,0.239852,0,0,0
1772799937.946854,1467,319.155568,0.217557,0,0,0
1772799938.046788,1414,311.831071,0.220531,0,0,0
1772799938.146841,1431,326.981716,0.228499,0,0,0
1772799938.247182,1368,302.526829,0.221145,0,0,0
1772799938.346661,1373,313.181725,0.228100,0,0,0
1772799938.446717,1329,300.542813,0.226142,0,0,0
1772799938.546725,1290,300.619208,0.233038,0,0,0
1772799938.646622,1287,298.838454,0.232198,0,0,0
1772799938.746839,1252,274.640761,0.219362,0,0,0
1772799938.846680,1248,282.478054,0.226345,0,0,0
1772799938.946735,1237,269.986609,0.218259,0,0,0
1772799939.046627,1233,261.708316,0.212253,0,0,0
1772799939.146743,1226,279.483473,0.227964,0,0,0
1772799939.246626,1276,268.664786,0.210552,0,0,0
1772799939.346664,1208,256.085509,0.211991,0,0,0
1772799939.446793,1225,255.887615,0.208888,0,0,0
1772799939.546683,1216,252.959443,0.208026,0,0,0
1772799939.646607,1219,253.193575,0.207706,0,0,0
1772799939.746640,1198,240.708409,0.200925,0,0,0
1772799939.846651,1221,240.170520,0.196700,0,0,0
1772799939.946592,1213,251.431421,0.207281,0,0,0
1772799940.046710,1222,241.221914,0.197399,0,0,0
1772799940.146598,1214,247.224112,0.203644,0,0,0
1772799940.246764,1213,240.459182,0.198235,0,0,0
1772799940.346832,1178,226.395178,0.192186,0,0,0
1772799940.446728,1174,239.490505,0.203995,0,0,0
1772799940.546584,1147,231.514720,0.201844,0,0,0
1772799940.646834,1135,235.840120,0.207789,0,0,0
1772799940.746592,1118,219.118309,0.195991,0,0,0
1772799940.846842,1144,235.504005,0.205860,0,0,0
1772799940.946773,1139,238.613829,0.209494,0,0,0
1772799941.046598,1147,238.119738,0.207602,0,0,0
1772799941.146623,1153,255.179005,0.221317,0,0,0
1772799941.246824,1135,238.383113,0.210029,0,0,0
1772799941.346854,1105,231.672876,0.209659,0,0,0
1772799941.446878,1064,214.402355,0.201506,0,0,0
1772799941.546707,1051,226.742026,0.215739,0,0,0
1772799941.646827,1053,217.042356,0.206118,0,0,0
1772799941.746629,1050,216.769627,0.206447,0,0,0
1772799941.846720,1055,214.140542,0.202977,0,0,0
1772799941.946863,1030,213.408518,0.207193,0,0,0
1772799942.046806,1014,219.980553,0.216943,0,0,0
1772799942.146714,1014,219.844276,0.216809,0,0,0
1772799942.246634,1000,211.870183,0.211870,0,0,0
1772799942.347029,987,218.770100,0.221652,0,0,0
1772799942.446791,1006,213.859079,0.212584,0,0,0
1772799942.546612,1011,221.139246,0.218733,0,0,0
1772799942.646860,1020,229.688703,0.225185,0,0,0
1772799942.746666,994,216.777256,0.218086,0,0,0
1772799942.846688,979,211.059714,0.215587,0,0,0
1772799942.946621,967,207.639187,0.214725,0,0,0
1772799943.046613,969,225.188450,0.232393,0,0,0
1772799943.146742,965,216.950234,0.224819,0,0,0
1772799943.246813,938,209.165657,0.222991,0,0,0
1772799943.346590,973,224.990231,0.231234,0,0,0
1772799943.446706,978,220.310683,0.225267,0,0,0
1772799943.546864,917,218.053149,0.237790,0,0,0
1772799943.646585,945,226.896057,0.240102,0,0,0
1772799943.746742,923,218.180553,0.236382,0,0,0
1772799943.846677,929,215.147081,0.231590,0,0,0
1772799943.948409,921,221.454024,0.240450,0,0,0
1772799944.046743,925,224.765014,0.242989,0,0,0
1772799944.146688,946,238.802601,0.252434,0,0,0
1772799944.246680,921,222.012001,0.241055,0,0,0
1772799944.346628,930,215.251876,0.231454,0,0,0
1772799944.446743,929,221.076319,0.237972,0,0,0
1772799944.546629,923,221.818094,0.240323,0,0,0
1772799944.646636,910,217.278075,0.238767,0,0,0
1772799944.746761,901,215.203330,0.238849,0,0,0
1772799944.846598,937,222.401135,0.237354,0,0,0
1772799944.946747,927,221.930461,0.239407,0,0,0
1772799945.046834,923,217.898611,0.236077,0,0,0
1772799945.146648,951,236.740464,0.248938,0,0,0
1772799945.246561,925,218.220668,0.235914,0,0,0
1772799945.346588,933,230.888708,0.247469,0,0,0
1772799945.446830,918,232.977610,0.253788,0,0,0
1772799945.546801,884,215.808757,0.244128,0,0,0
1772799945.646714,890,227.291777,0.255384,0,0,0
1772799945.746526,878,218.386590,0.248732,0,0,0
1772799945.846679,890,219.570913,0.246709,0,0,0
1772799945.946539,894,220.081907,0.246177,0,0,0
1772799946.046570,904,227.558900,0.251724,0,0,0
1772799946.146670,888,224.831428,0.253189,0,0,0
1772799946.246836,906,220.446094,0.243318,0,0,0
1772799946.346619,892,221.818630,0.248676,0,0,0
1772799946.446543,914,228.828674,0.250360,0,0,0
1772799946.546609,881,206.024997,0.233854,0,0,0
1772799946.646675,894,220.223112,0.246335,0,0,0
1772799946.746600,898,216.181612,0.240737,0,0,0
1772799946.847445,852,192.667727,0.226136,0,0,0
1772799946.947288,865,208.054413,0.240525,0,0,0
1772799947.046688,845,214.771059,0.254167,0,0,0
1772799947.146666,847,215.062594,0.253911,0,0,0
1772799947.246650,869,217.005725,0.249719,0,0,0
1772799947.346591,905,227.066547,0.250902,0,0,0
1772799947.446645,896,225.534476,0.251713,0,0,0
1772799947.546800,887,220.182108,0.248232,0,0,0
1772799947.646717,919,231.693795,0.252115,0,0,0
1772799947.746599,908,224.341514,0.247072,0,0,0
1772799947.846702,883,222.038189,0.251459,0,0,0
1772799947.946643,882,213.167261,0.241686,0,0,0
1772799948.046640,863,218.025115,0.252636,0,0,0
1772799948.146607,873,220.956315,0.253100,0,0,0
1772799948.246650,859,222.764668,0.259330,0,0,0
1772799948.346636,864,217.402641,0.251623,0,0,0
1772799948.446686,858,228.487423,0.266302,0,0,0
1772799948.546645,860,231.571091,0.269269,0,0,0
1772799948.646622,888,236.414582,0.266233,0,0,0
1772799948.746640,896,232.292868,0.259255,0,0,0
1772799948.846543,874,225.046540,0.257490,0,0,0
1772799948.946681,868,218.795238,0.252068,0,0,0
1772799949.046796,867,222.161533,0.256242,0,0,0
1772799949.146544,890,216.712474,0.243497,0,0,0
1772799949.246640,885,227.812594,0.257415,0,0,0
1772799949.346837,883,219.664421,0.248771,0,0,0
1772799949.446754,881,224.675353,0.255023,0,0,0
1772799949.546743,893,229.810395,0.257346,0,0,0
1772799949.646646,894,227.257701,0.254203,0,0,0
1772799949.746746,919,230.379053,0.250684,0,0,0
1772799949.846624,915,220.496101,0.240979,0,0,0
1772799949.946604,909,233.235880,0.256585,0,0,0
1772799950.046515,922,228.710410,0.248059,0,0,0
1772799950.146543,900,225.652791,0.250725,0,0,0
1772799950.246818,903,221.564477,0.245365,0,0,0
1772799950.346863,874,218.618761,0.250136,0,0,0
1772799950.446676,890,209.265301,0.235130,0,0,0
1772799950.546597,859,207.301077,0.241328,0,0,0
1772799950.646518,860,205.099078,0.238487,0,0,0
1772799950.746586,868,203.740472,0.234724,0,0,0
1772799950.846673,858,204.982000,0.238907,0,0,0
1772799950.946503,891,210.995361,0.236807,0,0,0
1772799951.046629,888,224.394791,0.252697,0,0,0
1772799951.146618,880,214.791973,0.244082,0,0,0
1772799951.246760,896,208.389636,0.232578,0,0,0
1772799951.346632,884,207.870956,0.235148,0,0,0
1772799951.446641,899,211.171699,0.234896,0,0,0
1772799951.546922,898,211.890003,0.235958,0,0,0
1772799951.646606,872,208.848681,0.239505,0,0,0
1772799951.746503,865,213.357795,0.246656,0,0,0
1772799951.846819,873,207.991640,0.238249,0,0,0
1772799951.946839,891,218.180333,0.244871,0,0,0
1772799952.046555,868,222.692610,0.256558,0,0,0
1772799952.146652,902,235.075157,0.260615,0,0,0
1772799952.246640,930,230.281685,0.247615,0,0,0
1772799952.346602,910,220.752600,0.242585,0,0,0
1772799952.446526,933,229.717903,0.246214,0,0,0
1772799952.546594,918,217.075618,0.236466,0,0,0
1772799952.646565,910,212.668101,0.233701,0,0,0
1772799952.746581,951,219.186011,0.230480,0,0,0
1772799952.846816,910,222.430196,0.244429,0,0,0
1772799952.946641,931,214.942090,0.230872,0,0,0
1772799953.046744,893,221.439381,0.247972,0,0,0
1772799953.146745,917,225.635956,0.246059,0,0,0
1772799953.246568,917,229.672440,0.250461,0,0,0
1772799953.346568,897,213.486829,0.238001,0,0,0
1772799953.446526,937,232.076120,0.247680,0,0,0
1772799953.546698,931,218.314446,0.234495,0,0,0
1772799953.646611,945,228.860232,0.242180,0,0,0
1772799953.746638,978,222.508737,0.227514,0,0,0
1772799953.846523,961,231.360644,0.240750,0,0,0
1772799953.946994,959,224.690039,0.234296,0,0,0
1772799954.046568,953,231.431539,0.242845,0,0,0
1772799954.146566,978,236.863852,0.242192,0,0,0
1772799954.246651,934,231.919198,0.248307,0,0,0
1772799954.346523,940,219.469945,0.233479,0,0,0
1772799954.446971,931,229.203919,0.246191,0,0,0
1772799954.546528,941,234.938462,0.249669,0,0,0
1772799954.647768,930,235.110550,0.252807,0,0,0
1772799954.746632,948,231.418718,0.244113,0,0,0
1772799954.846581,965,235.738856,0.244289,0,0,0
1772799954.946591,954,233.461246,0.244718,0,0,0
1772799955.046478,985,253.358494,0.257217,0,0,0
1772799955.146783,984,236.259618,0.240101,0,0,0
1772799955.246584,984,233.916686,0.237720,0,0,0
1772799955.346459,992,244.463046,0.246435,0,0,0
1772799955.446584,997,248.273052,0.249020,0,0,0
1772799955.546474,955,242.439702,0.253864,0,0,0
1772799955.646627,961,238.954322,0.248652,0,0,0
1772799955.746623,978,249.667621,0.255284,0,0,0
1772799955.846553,1010,243.350496,0.240941,0,0,0
1772799955.946610,1020,242.332090,0.237580,0,0,0
1772799956.046533,1012,247.488696,0.244554,0,0,0
1772799956.146614,1019,258.637399,0.253815,0,0,0
1772799956.246990,1016,252.587234,0.248609,0,0,0
1772799956.347154,1017,254.149693,0.249901,0,0,0
1772799956.446447,1041,266.907827,0.256396,0,0,0
1772799956.546854,1041,261.177342,0.250891,0,0,0
1772799956.646468,1046,272.447346,0.260466,0,0,0
1772799956.746518,1054,264.821508,0.251254,0,0,0
1772799956.846630,1055,268.661303,0.254655,0,0,0
1772799956.946775,1071,276.934803,0.258576,0,0,0
1772799957.046614,1063,281.483490,0.264801,0,0,0
1772799957.146734,1078,282.201082,0.261782,0,0,0
1772799957.246901,1104,274.743563,0.248862,0,0,0
1772799957.346699,1077,282.669596,0.262460,0,0,0
1772799957.446598,1112,280.364909,0.252127,0,0,0
1772799957.546819,1092,288.551158,0.264241,0,0,0
1772799957.646607,1097,278.620299,0.253984,0,0,0
1772799957.746537,1120,283.042347,0.252716,0,0,0
1772799957.846651,1125,289.779498,0.257582,0,0,0
1772799957.946541,1144,298.461715,0.260893,0,0,0
1772799958.046806,1103,286.024009,0.259315,0,0,0
1772799958.146879,1105,283.823213,0.256854,0,0,0
1772799958.246956,1120,302.628669,0.270204,0,0,0
1772799958.346406,1131,294.105303,0.260040,0,0,0
1772799958.446961,1120,296.827948,0.265025,0,0,0
1772799958.546561,1157,307.248137,0.265556,0,0,0
1772799958.646837,1134,292.158198,0.257635,0,0,0
1772799958.749624,1144,296.727173,0.259377,0,0,0
1772799958.846816,1148,305.963572,0.266519,0,0,0
1772799958.946575,1145,282.907233,0.247081,0,0,0
1772799959.046834,1171,306.040239,0.261349,0,0,0
1772799959.146550,1170,292.356955,0.249878,0,0,0
1772799959.246716,1166,300.149135,0.257418,0,0,0
1772799959.346502,1191,300.779599,0.252544,0,0,0
1772799959.446484,1204,299.687039,0.248910,0,0,0
1772799959.546808,1196,306.199547,0.256020,0,0,0
1772799959.646624,1220,307.930312,0.252402,0,0,0
1772799959.746455,1246,326.929919,0.262384,0,0,0
1772799959.846529,1211,299.775747,0.247544,0,0,0
1772799959.946838,1216,311.396134,0.256082,0,0,0
1772799960.046607,1271,317.532231,0.249829,0,0,0
1772799960.146426,1277,327.196754,0.256223,0,0,0
1772799960.246613,1290,323.549000,0.250813,0,0,0
1772799960.346486,1305,340.094849,0.260609,0,0,0
1772799960.446601,1303,335.383478,0.257393,0,0,0
1772799960.546539,1260,346.564418,0.275051,0,0,0
1772799960.646800,1314,338.201805,0.257383,0,0,0
1772799960.746515,1288,349.502054,0.271353,0,0,0
1772799960.846689,1314,348.616229,0.265309,0,0,0
1772799960.946579,1268,343.958561,0.271261,0,0,0
1772799961.046879,1318,340.351083,0.258233,0,0,0
1772799961.147551,1290,329.749056,0.255619,0,0,0
1772799961.246703,1271,344.538812,0.271077,0,0,0
1772799961.346752,1300,366.857610,0.282198,0,0,0
1772799961.446839,1331,363.159745,0.272847,0,0,0
1772799961.546583,1352,361.162454,0.267132,0,0,0
1772799961.646582,1342,369.414004,0.275271,0,0,0
1772799961.746664,1321,371.540180,0.281257,0,0,0
1772799961.846604,1333,364.188875,0.273210,0,0,0
1772799961.946676,1329,373.320656,0.280903,0,0,0
1772799962.046795,1311,374.976405,0.286023,0,0,0
1772799962.146794,1314,390.529541,0.297207,0,0,0
1772799962.246404,1351,385.430906,0.285293,0,0,0
1772799962.346811,1330,376.755117,0.283275,0,0,0
1772799962.446781,1336,369.417848,0.276510,0,0,0
1772799962.547206,1355,390.271330,0.288023,0,0,0
1772799962.646827,1335,367.526472,0.275301,0,0,0
1772799962.746802,1378,394.084600,0.285983,0,0,0
1772799962.846793,1396,394.408757,0.282528,0,0,0
1772799962.947036,1398,402.936587,0.288224,0,0,0
1772799963.046530,1392,410.526481,0.294918,0,0,0
1772799963.147167,1385,408.219567,0.294743,0,0,0
1772799963.246790,1394,407.309091,0.292187,0,0,0
1772799963.346745,1409,404.735818,0.287250,0,0,0
1772799963.446759,1398,394.755449,0.282372,0,0,0
1772799963.546797,1412,386.106293,0.273446,0,0,0
1772799963.646487,1390,375.964867,0.270478,0,0,0
1772799963.746671,1431,391.113859,0.273315,0,0,0
1772799963.846845,1401,387.144594,0.276334,0,0,0
1772799963.946741,1412,376.898918,0.266926,0,0,0
1772799964.046542,1431,380.561682,0.265941,0,0,0
1772799964.146644,1389,367.664530,0.264697,0,0,0
1772799964.246722,1419,365.915142,0.257868,0,0,0
1772799964.346751,1445,390.783546,0.270438,0,0,0
1772799964.446822,1394,355.760190,0.255208,0,0,0
1772799964.546751,1409,367.538485,0.260851,0,0,0
1772799964.646534,1414,382.252915,0.270334,0,0,0
1772799964.746909,1398,362.085485,0.259002,0,0,0
1772799964.846506,1408,347.416376,0.246745,0,0,0
1772799964.946769,1423,368.123282,0.258695,0,0,0
1772799965.046655,1418,378.857098,0.267177,0,0,0
1772799965.146826,1461,379.909680,0.260034,0,0,0
1772799965.246701,1451,375.913553,0.259072,0,0,0
1772799965.346715,1430,365.329897,0.255475,0,0,0
1772799965.446773,1439,376.281983,0.261489,0,0,0
1772799965.546685,1443,383.966216,0.266089,0,0,0
1772799965.646882,1447,385.383665,0.266333,0,0,0
1772799965.746757,1463,374.610831,0.256057,0,0,0
1772799965.846669,1424,370.358520,0.260083,0,0,0
1772799965.946719,1467,382.703699,0.260875,0,0,0
1772799966.046738,1435,371.110099,0.258613,0,0,0
1772799966.146772,1420,375.464688,0.264412,0,0,0
1772799966.246610,1403,370.157856,0.263833,0,0,0
1772799966.346684,1418,374.206031,0.263897,0,0,0
1772799966.446545,1365,364.682450,0.267167,0,0,0
1772799966.546801,1405,372.601284,0.265197,0,0,0
1772799966.646613,1405,373.186653,0.265613,0,0,0
1772799966.746701,1396,371.389110,0.266038,0,0,0
1772799966.846620,1369,357.546536,0.261174,0,0,0
1772799966.947514,1334,354.004067,0.265370,0,0,0
1772799967.046569,1366,360.668183,0.264032,0,0,0
1772799967.146705,1350,345.108729,0.255636,0,0,0
1772799967.246602,1360,365.957466,0.269086,0,0,0
1772799967.346714,1307,340.391277,0.260437,0,0,0
1772799967.446733,1327,340.661879,0.256716,0,0,0
1772799967.546582,1286,342.956755,0.266685,0,0,0
1772799967.646651,1312,349.158099,0.266127,0,0,0
1772799967.746561,1306,331.521999,0.253845,0,0,0
1772799967.846704,1300,339.463565,0.261126,0,0,0
1772799967.946750,1327,334.486591,0.252062,0,0,0
1772799968.046566,1326,317.851134,0.239707,0,0,0
1772799968.147058,1283,315.036092,0.245546,0,0,0
1772799968.246408,1295,328.642152,0.253778,0,0,0
1772799968.346746,1271,310.950043,0.244650,0,0,0
1772799968.446747,1268,307.350438,0.242390,0,0,0
1772799968.546856,1260,324.074568,0.257202,0,0,0
1772799968.646441,1235,311.897091,0.252548,0,0,0
1772799968.746419,1197,314.277070,0.262554,0,0,0
1772799968.846529,1218,317.749361,0.260878,0,0,0
1772799968.946707,1225,324.882981,0.265211,0,0,0
1772799969.046463,1217,307.796601,0.252914,0,0,0
1772799969.146498,1184,293.012088,0.247476,0,0,0
1772799969.246488,1191,326.682236,0.274292,0,0,0
1772799969.346837,1173,302.888487,0.258217,0,0,0
1772799969.446719,1112,311.051469,0.279723,0,0,0
1772799969.546709,1140,314.675710,0.276031,0,0,0
1772799969.646941,1136,318.174560,0.280083,0,0,0
1772799969.746441,1131,289.742534,0.256183,0,0,0
1772799969.846695,1082,289.590340,0.267644,0,0,0
1772799969.946710,1084,283.766935,0.261778,0,0,0
1772799970.046847,1071,286.562578,0.267565,0,0,0
1772799970.146369,1083,279.424680,0.258010,0,0,0
1772799970.246918,1063,288.380983,0.271290,0,0,0
1772799970.346719,1068,288.241835,0.269889,0,0,0
1772799970.446569,1067,291.951274,0.273619,0,0,0
1772799970.546877,1074,293.037482,0.272847,0,0,0
1772799970.646896,1061,295.724955,0.278723,0,0,0
1772799970.746840,1058,301.346800,0.284827,0,0,0
1772799970.846856,1046,296.017220,0.282999,0,0,0
1772799970.946922,1044,298.119128,0.285555,0,0,0
1772799971.046772,1008,284.278991,0.282023,0,0,0
1772799971.146663,995,272.761400,0.274132,0,0,0
1772799971.246578,976,268.159626,0.274754,0,0,0
1772799971.346801,983,276.520683,0.281303,0,0,0
1772799971.446693,966,271.922535,0.281493,0,0,0
1772799971.546915,943,246.092215,0.260967,0,0,0
1772799971.646715,948,256.102955,0.270151,0,0,0
1772799971.746672,939,248.008014,0.264119,0,0,0
1772799971.846694,957,254.375948,0.265806,0,0,0
1772799971.946678,953,247.727071,0.259944,0,0,0
1772799972.046599,968,250.988658,0.259286,0,0,0
1772799972.146639,963,236.252310,0.245330,0,0,0
1772799972.246759,980,238.699250,0.243571,0,0,0
1772799972.347018,939,221.653094,0.236052,0,0,0
1772799972.446731,957,206.607243,0.215891,0,0,0
1772799972.546717,964,210.911628,0.218788,0,0,0
1772799972.646626,978,207.263844,0.211926,0,0,0
1772799972.746968,950,195.532876,0.205824,0,0,0
1772799972.846934,987,208.258291,0.211001,0,0,0
1772799972.946756,967,207.833296,0.214926,0,0,0
1772799973.046715,953,196.589505,0.206285,0,0,0
1772799973.146801,967,207.028426,0.214094,0,0,0
1772799973.246620,952,199.642584,0.209709,0,0,0
1772799973.346910,966,206.043449,0.213295,0,0,0
1772799973.446803,945,209.737163,0.221944,0,0,0
1772799973.546569,965,203.069409,0.210435,0,0,0
1772799973.646597,948,227.253665,0.239719,0,0,0
1772799973.746912,945,202.708600,0.214506,0,0,0
1772799973.846638,963,228.091538,0.236855,0,0,0
1772799973.949625,969,206.063584,0.212656,0,0,0
1772799974.046630,994,232.776462,0.234182,0,0,0
1772799974.146959,975,224.471000,0.230227,0,0,0
1772799974.246965,1005,238.167783,0.236983,0,0,0
1772799974.346796,985,218.656130,0.221986,0,0,0
1772799974.446719,991,237.598535,0.239756,0,0,0
1772799974.546725,965,230.468881,0.238828,0,0,0
1772799974.646656,950,220.709067,0.232325,0,0,0
1772799974.746928,945,228.020069,0.241291,0,0,0
1772799974.846915,920,214.365437,0.233006,0,0,0
1772799974.946739,925,215.671632,0.233159,0,0,0
1772799975.046777,932,224.040080,0.240386,0,0,0
1772799975.146613,974,241.758640,0.248212,0,0,0
1772799975.246520,949,231.636659,0.244085,0,0,0
1772799975.346913,987,253.634489,0.256975,0,0,0
1772799975.446707,962,244.886743,0.254560,0,0,0
1772799975.546784,956,243.711738,0.254929,0,0,0
1772799975.646916,957,243.981224,0.254944,0,0,0
1772799975.746905,943,230.294033,0.244214,0,0,0
1772799975.846893,930,241.580370,0.259764,0,0,0
1772799975.946737,935,245.897598,0.262992,0,0,0
1772799976.046688,925,234.674173,0.253702,0,0,0
1772799976.146910,955,253.145403,0.265074,0,0,0
1772799976.246557,927,231.410159,0.249633,0,0,0
1772799976.346595,961,252.243543,0.262480,0,0,0
1772799976.446834,938,247.119704,0.263454,0,0,0
1772799976.546924,967,258.244961,0.267058,0,0,0
1772799976.646900,926,237.883738,0.256894,0,0,0
1772799976.746859,911,237.676595,0.260896,0,0,0
1772799976.846672,926,231.028253,0.249491,0,0,0
1772799976.946624,921,223.361124,0.242520,0,0,0
1772799977.047094,894,223.396721,0.249884,0,0,0
1772799977.146484,890,220.799278,0.248089,0,0,0
1772799977.246706,928,232.579169,0.250624,0,0,0
1772799977.346768,930,235.652468,0.253390,0,0,0
1772799977.446395,925,238.284344,0.257605,0,0,0
1772799977.546597,918,237.063408,0.258239,0,0,0
1772799977.646674,927,239.347822,0.258196,0,0,0
1772799977.746613,913,227.044701,0.248680,0,0,0
1772799977.846706,935,235.957941,0.252361,0,0,0
1772799977.946693,915,236.523728,0.258496,0,0,0
1772799978.047061,894,219.294519,0.245296,0,0,0
1772799978.146833,927,239.965976,0.258863,0,0,0
1772799978.246959,877,229.358332,0.261526,0,0,0
1772799978.346751,892,234.754499,0.263178,0,0,0
1772799978.446620,876,235.004295,0.268270,0,0,0
1772799978.546575,866,232.328346,0.268278,0,0,0
1772799978.646625,835,216.817045,0.259661,0,0,0
1772799978.746891,856,227.125698,0.265334,0,0,0
1772799978.846944,852,237.781858,0.279087,0,0,0
1772799978.946562,826,228.117027,0.276171,0,0,0
1772799979.046951,838,223.468851,0.266669,0,0,0
1772799979.146878,826,231.722595,0.280536,0,0,0
1772799979.246638,817,232.229491,0.284247,0,0,0
1772799979.346956,814,245.399018,0.301473,0,0,0
1772799979.446893,832,245.193412,0.294704,0,0,0
1772799979.547025,817,248.994588,0.304767,0,0,0
1772799979.646531,793,239.927141,0.302556,0,0,0
1772799979.746619,817,250.497093,0.306606,0,0,0
1772799979.846909,823,252.842888,0.307221,0,0,0
1772799979.946571,817,259.217939,0.317280,0,0,0
1772799980.046934,788,249.174820,0.316212,0,0,0
1772799980.146696,807,252.849381,0.313320,0,0,0
1772799980.247673,777,246.045616,0.316661,0,0,0
1772799980.346702,789,248.041674,0.314375,0,0,0
1772799980.447856,768,238.655028,0.310749,0,0,0
1772799980.546793,762,238.579563,0.313097,0,0,0
1772799980.646608,757,235.714813,0.311380,0,0,0
1772799980.746840,763,236.136031,0.309484,0,0,0
1772799980.846655,744,228.971391,0.307757,0,0,0
1772799980.946810,747,226.788622,0.303599,0,0,0
1772799981.046582,765,238.120642,0.311269,0,0,0
1772799981.146837,776,242.785790,0.312868,0,0,0
1772799981.246853,752,234.788731,0.312219,0,0,0
1772799981.346772,771,241.198517,0.312839,0,0,0
1772799981.446850,771,244.111705,0.316617,0,0,0
1772799981.546837,736,226.475540,0.307711,0,0,0
1772799981.646768,727,231.072990,0.317845,0,0,0
1772799981.746609,737,222.425904,0.301799,0,0,0
1772799981.847883,754,241.608349,0.320435,0,0,0
1772799981.946662,734,226.206184,0.308183,0,0,0
1772799982.046567,725,221.327065,0.305279,0,0,0
1772799982.146931,701,193.366594,0.275844,0,0,0
1772799982.246825,732,222.956230,0.304585,0,0,0
1772799982.347028,740,219.340443,0.296406,0,0,0
1772799982.446608,723,210.337757,0.290924,0,0,0
1772799982.546699,745,235.399176,0.315972,0,0,0
1772799982.646563,726,228.285197,0.314442,0,0,0
1772799982.746544,726,225.379940,0.310441,0,0,0
1772799982.846822,732,221.738474,0.302921,0,0,0
1772799982.946834,730,230.914667,0.316321,0,0,0
1772799983.046810,712,214.190422,0.300829,0,0,0
1772799983.146732,749,226.991934,0.303060,0,0,0
1772799983.246832,734,218.910546,0.298243,0,0,0
1772799983.346844,738,228.352310,0.309420,0,0,0
1772799983.447258,713,211.444246,0.296556,0,0,0
1772799983.547012,711,219.021911,0.308048,0,0,0
1772799983.647057,696,213.394909,0.306602,0,0,0
1772799983.747012,703,214.279219,0.304807,0,0,0
1772799983.846919,698,210.671142,0.301821,0,0,0
1772799983.947007,704,221.143633,0.314124,0,0,0
1772799984.047862,688,212.529565,0.308909,0,0,0
1772799984.146500,680,211.702279,0.311327,0,0,0
1772799984.246923,656,201.485238,0.307142,0,0,0
1772799984.346544,678,206.553691,0.304651,0,0,0
1772799984.446859,671,203.661828,0.303520,0,0,0
1772799984.547029,686,202.028472,0.294502,0,0,0
1772799984.647508,699,212.875781,0.304543,0,0,0
1772799984.746838,680,209.234789,0.307698,0,0,0
1772799984.846493,671,202.017709,0.301070,0,0,0
1772799984.946743,647,201.310204,0.311144,0,0,0
1772799985.046783,639,197.910159,0.309719,0,0,0
1772799985.146790,659,202.132285,0.306726,0,0,0
1772799985.246583,678,211.641897,0.312156,0,0,0
1772799985.346834,661,209.741134,0.317309,0,0,0
1772799985.447641,644,197.785808,0.307121,0,0,0
1772799985.546786,662,195.693448,0.295609,0,0,0
1772799985.646750,652,197.711605,0.303239,0,0,0
1772799985.746753,658,193.656204,0.294310,0,0,0
1772799985.846809,661,199.763251,0.302214,0,0,0
1772799985.947769,660,194.544610,0.294765,0,0,0
1772799986.047806,692,199.498529,0.288293,0,0,0
1772799986.146900,690,194.235124,0.281500,0,0,0
1772799986.247810,677,194.162228,0.286798,0,0,0
1772799986.346783,666,186.623033,0.280215,0,0,0
1772799986.446697,665,184.474007,0.277405,0,0,0
1772799986.547853,657,180.006428,0.273982,0,0,0
1772799986.646558,719,192.189376,0.267301,0,0,0
1772799986.747875,723,190.536561,0.263536,0,0,0
1772799986.847078,750,192.496043,0.256661,0,0,0
1772799986.946783,714,174.100277,0.243838,0,0,0
1772799987.046659,729,187.982472,0.257863,0,0,0
1772799987.146692,668,169.683088,0.254017,0,0,0
1772799987.246911,676,168.588171,0.249391,0,0,0
1772799987.347808,685,164.699586,0.240437,0,0,0
1772799987.446781,680,166.344799,0.244625,0,0,0
1772799987.546560,676,152.320092,0.225326,0,0,0
1772799987.646758,683,159.962162,0.234205,0,0,0
1772799987.746629,688,151.963490,0.220877,0,0,0
1772799987.847830,690,154.559678,0.224000,0,0,0
1772799987.947063,682,148.290539,0.217435,0,0,0
1772799988.047809,670,151.299615,0.225820,0,0,0
1772799988.146492,686,147.348812,0.214794,0,0,0
1772799988.246680,681,143.939564,0.211365,0,0,0
1772799988.346664,682,148.545583,0.217809,0,0,0
1772799988.446779,654,143.483870,0.219394,0,0,0
1772799988.546859,652,139.994440,0.214715,0,0,0
1772799988.646579,643,130.757041,0.203355,0,0,0
1772799988.746682,642,135.396663,0.210898,0,0,0
1772799988.846993,621,130.667945,0.210415,0,0,0
1772799988.946489,623,127.491185,0.204641,0,0,0
1772799989.046557,624,129.844818,0.208085,0,0,0
1772799989.146548,626,124.615817,0.199067,0,0,0
1772799989.246810,634,125.964326,0.198682,0,0,0
1772799989.346867,594,119.888665,0.201833,0,0,0
1772799989.446695,609,128.654235,0.211255,0,0,0
1772799989.547772,625,128.697861,0.205917,0,0,0
1772799989.646867,618,121.810688,0.197105,0,0,0
1772799989.746737,606,129.580248,0.213829,0,0,0
1772799989.847826,606,130.388593,0.215163,0,0,0
1772799989.946641,591,126.049790,0.213282,0,0,0
1772799990.046747,607,129.324987,0.213056,0,0,0
1772799990.146719,612,131.745303,0.215270,0,0,0
1772799990.246668,567,116.594466,0.205634,0,0,0
1772799990.346766,602,129.877742,0.215744,0,0,0
1772799990.446775,617,140.138252,0.227128,0,0,0
1772799990.546839,611,134.444442,0.220040,0,0,0
1772799990.647802,632,149.291638,0.236221,0,0,0
1772799990.746762,638,150.874102,0.236480,0,0,0
1772799990.847894,642,155.232333,0.241795,0,0,0
1772799990.946835,661,155.938749,0.235913,0,0,0
1772799991.046623,664,163.959208,0.246927,0,0,0
1772799991.146591,659,169.508232,0.257220,0,0,0
1772799991.246774,682,154.975284,0.227236,0,0,0
1772799991.346505,656,164.050102,0.250076,0,0,0
1772799991.447788,658,153.008818,0.232536,0,0,0
1772799991.547781,643,156.404307,0.243242,0,0,0
1772799991.646494,662,162.662636,0.245714,0,0,0
1772799991.746705,629,151.523124,0.240895,0,0,0
1772799991.846888,661,173.532143,0.262530,0,0,0
1772799991.946700,655,169.874370,0.259350,0,0,0
1772799992.046476,663,175.509001,0.264719,0,0,0
1772799992.146651,666,171.562535,0.257601,0,0,0
1772799992.246734,664,166.501457,0.250755,0,0,0
1772799992.346823,644,170.439560,0.264658,0,0,0
1772799992.446533,613,161.691331,0.263771,0,0,0
1772799992.547718,646,167.305806,0.258987,0,0,0
1772799992.646819,626,152.798778,0.244088,0,0,0
1772799992.746654,635,157.960659,0.248757,0,0,0
1772799992.847745,667,164.318978,0.246355,0,0,0
1772799992.946715,665,155.568530,0.233938,0,0,0
1772799993.046752,696,149.242884,0.214429,0,0,0
1772799993.146906,691,158.103200,0.228803,0,0,0
1772799993.246793,705,147.192933,0.208784,0,0,0
1772799993.346792,688,153.278340,0.222788,0,0,0
1772799993.446840,709,152.166049,0.214621,0,0,0
1772799993.546650,719,160.516007,0.223249,0,0,0
1772799993.646679,700,161.342826,0.230490,0,0,0
1772799993.746672,702,169.312772,0.241186,0,0,0
1772799993.846797,710,162.537454,0.228926,0,0,0
1772799993.946420,677,148.413212,0.219222,0,0,0
1772799994.046456,674,151.232781,0.224381,0,0,0
1772799994.146722,681,169.350923,0.248680,0,0,0
1772799994.246724,707,175.863997,0.248747,0,0,0
1772799994.347806,689,174.785323,0.253680,0,0,0
1772799994.446490,702,186.250913,0.265315,0,0,0
1772799994.546953,726,180.723449,0.248930,0,0,0
1772799994.647775,710,175.906366,0.247755,0,0,0
1772799994.746908,728,167.664274,0.230308,0,0,0
1772799994.846531,742,183.158220,0.246844,0,0,0
1772799994.946681,719,180.043718,0.250409,0,0,0
1772799995.047922,707,173.366132,0.245214,0,0,0
1772799995.147728,706,164.725544,0.233322,0,0,0
1772799995.246787,745,178.350813,0.239397,0,0,0
1772799995.346814,709,168.567831,0.237754,0,0,0
1772799995.446808,737,186.714289,0.253344,0,0,0
1772799995.546709,720,169.052868,0.234796,0,0,0
1772799995.647802,757,179.424763,0.237021,0,0,0
1772799995.746552,729,182.614354,0.250500,0,0,0
1772799995.846803,710,181.257276,0.255292,0,0,0
1772799995.947702,733,184.695366,0.251972,0,0,0
1772799996.047714,722,174.727624,0.242005,0,0,0
1772799996.146704,736,188.817883,0.256546,0,0,0
1772799996.246794,721,169.184186,0.234652,0,0,0
1772799996.346819,725,180.806445,0.249388,0,0,0
1772799996.447756,740,171.956909,0.232374,0,0,0
1772799996.546926,690,168.012204,0.243496,0,0,0
1772799996.646607,754,180.192568,0.238982,0,0,0
1772799996.747684,753,193.541915,0.257028,0,0,0
1772799996.847778,733,185.694920,0.253335,0,0,0
1772799996.947842,754,185.115359,0.245511,0,0,0
1772799997.047716,751,176.966709,0.235641,0,0,0
1772799997.146878,742,186.544694,0.251408,0,0,0
1772799997.247900,756,183.593635,0.242849,0,0,0
1772799997.348557,731,186.939057,0.255731,0,0,0
1772799997.447726,781,187.666631,0.240290,0,0,0
1772799997.546463,755,182.918316,0.242276,0,0,0
1772799997.646474,739,178.485516,0.241523,0,0,0
1772799997.746778,751,174.625658,0.232524,0,0,0
1772799997.846694,754,190.769629,0.253010,0,0,0
1772799997.948852,752,186.027304,0.247377,0,0,0
1772799998.049071,761,190.841169,0.250777,0,0,0
1772799998.148806,782,188.382322,0.240898,0,0,0
1772799998.247825,758,190.259275,0.251002,0,0,0
1772799998.346764,760,192.302745,0.253030,0,0,0
1772799998.446532,753,203.281251,0.269962,0,0,0
1772799998.546535,776,204.154389,0.263086,0,0,0
1772799998.646610,767,201.682115,0.262949,0,0,0
1772799998.746920,783,212.589965,0.271507,0,0,0
1772799998.848673,784,206.369593,0.263227,0,0,0
1772799998.948787,779,199.503915,0.256103,0,0,0
1772799999.049668,765,197.150316,0.257713,0,0,0
1772799999.147756,773,198.184678,0.256384,0,0,0
1772799999.246610,803,198.663722,0.247402,0,0,0
1772799999.347665,737,189.692229,0.257384,0,0,0
1772799999.446687,739,189.088923,0.255871,0,0,0
1772799999.547723,767,175.869586,0.229295,0,0,0
1772799999.646622,715,169.815579,0.237504,0,0,0
1772799999.746370,736,167.209920,0.227187,0,0,0
1772799999.846627,776,168.688230,0.217382,0,0,0
1772799999.947677,762,185.847922,0.243895,0,0,0
1772800000.047670,768,184.825287,0.240658,0,0,0
1772800000.147700,781,185.011276,0.236890,0,0,0
1772800000.246722,784,190.527364,0.243020,0,0,0
1772800000.347664,790,192.550877,0.243735,0,0,0
1772800000.446738,786,184.093578,0.234216,0,0,0
1772800000.547663,801,198.352168,0.247631,0,0,0
1772800000.646817,791,189.010240,0.238951,0,0,0
1772800000.747766,795,199.775924,0.251290,0,0,0
1772800000.847695,798,196.542113,0.246293,0,0,0
1772800000.946636,777,204.009485,0.262560,0,0,0
1772800001.047047,810,200.061132,0.246989,0,0,0
1772800001.146516,796,189.213232,0.237705,0,0,0
1772800001.247888,804,198.491618,0.246880,0,0,0
1772800001.347664,773,183.198266,0.236996,0,0,0
1772800001.446856,832,194.557345,0.233843,0,0,0
1772800001.547897,791,188.089967,0.237788,0,0,0
1772800001.646553,824,199.140761,0.241676,0,0,0
1772800001.746673,837,203.190592,0.242761,0,0,0
1772800001.847654,820,201.746000,0.246032,0,0,0
1772800001.947745,812,195.171543,0.240359,0,0,0
1772800002.046668,816,196.204005,0.240446,0,0,0
1772800002.147683,821,192.864824,0.234915,0,0,0
1772800002.247694,833,196.859102,0.236325,0,0,0
1772800002.347809,808,187.387060,0.231915,0,0,0
1772800002.446414,803,176.986840,0.220407,0,0,0
1772800002.546376,787,172.138342,0.218727,0,0,0
1772800002.646825,814,193.303953,0.237474,0,0,0
1772800002.747750,783,173.757931,0.221913,0,0,0
1772800002.847649,814,187.777180,0.230684,0,0,0
1772800002.946863,795,186.008730,0.233973,0,0,0
1772800003.046905,828,191.024883,0.230706,0,0,0
1772800003.146657,828,192.974469,0.233061,0,0,0
1772800003.246807,824,203.910569,0.247464,0,0,0
1772800003.346704,839,197.587245,0.235503,0,0,0
1772800003.446705,831,204.642737,0.246261,0,0,0
1772800003.547713,847,201.397327,0.237777,0,0,0
1772800003.647788,813,197.975146,0.243512,0,0,0
1772800003.746437,850,186.679822,0.219623,0,0,0
1772800003.846067,823,191.096796,0.232195,0,0,0
1772800003.946689,838,196.643348,0.234658,0,0,0
1772800004.046750,856,199.112350,0.232608,0,0,0
1772800004.148038,821,183.150202,0.223082,0,0,0
1772800004.246732,825,192.020228,0.232752,0,0,0
1772800004.346722,854,188.895297,0.221189,0,0,0
1772800004.446795,853,212.909943,0.249601,0,0,0
1772800004.547800,851,206.017295,0.242088,0,0,0
1772800004.647640,855,212.083095,0.248050,0,0,0
1772800004.747849,862,212.207506,0.246180,0,0,0
1772800004.846726,871,204.183888,0.234425,0,0,0
1772800004.946329,850,204.088991,0.240105,0,0,0
1772800005.047636,853,202.031890,0.236849,0,0,0
1772800005.146602,847,201.766654,0.238213,0,0,0
1772800005.246597,878,213.725494,0.243423,0,0,0
1772800005.347673,870,206.501699,0.237358,0,0,0
1772800005.447544,885,204.595369,0.231181,0,0,0
1772800005.547669,896,220.433074,0.246019,0,0,0
1772800005.646577,861,205.369864,0.238525,0,0,0
1772800005.746518,872,210.334590,0.241209,0,0,0
1772800005.847663,851,213.161311,0.250483,0,0,0
1772800005.947035,836,209.408164,0.250488,0,0,0
1772800006.046934,862,211.696149,0.245587,0,0,0
1772800006.148660,858,211.991478,0.247076,0,0,0
1772800006.247702,846,209.055028,0.247110,0,0,0
1772800006.346861,849,207.560695,0.244477,0,0,0
1772800006.446830,898,213.142011,0.237352,0,0,0
1772800006.546373,839,203.456352,0.242499,0,0,0
1772800006.646836,875,201.881241,0.230721,0,0,0
1772800006.746375,871,207.351598,0.238062,0,0,0
1772800006.847692,887,214.739264,0.242096,0,0,0
1772800006.947954,881,213.055231,0.241833,0,0,0
1772800007.046510,877,194.111370,0.221336,0,0,0
1772800007.146453,890,213.447345,0.239828,0,0,0
1772800007.246802,929,213.560114,0.229882,0,0,0
1772800007.346787,931,219.016744,0.235249,0,0,0
1772800007.446625,916,209.837640,0.229080,0,0,0
1772800007.547762,940,220.926477,0.235028,0,0,0
1772800007.647783,953,214.414745,0.224989,0,0,0
1772800007.747716,929,215.449241,0.231915,0,0,0
1772800007.847605,974,226.356644,0.232399,0,0,0
1772800007.946655,956,231.117225,0.241754,0,0,0
1772800008.046880,980,216.312261,0.220727,0,0,0
1772800008.146746,991,225.662309,0.227712,0,0,0
1772800008.246565,992,235.820761,0.237723,0,0,0
1772800008.347624,972,220.034303,0.226373,0,0,0
1772800008.447734,975,222.230467,0.227929,0,0,0
1772800008.548840,1002,225.332978,0.224883,0,0,0
1772800008.647617,988,235.066617,0.237922,0,0,0
1772800008.746807,985,219.120253,0.222457,0,0,0
1772800008.846733,974,229.416875,0.235541,0,0,0
1772800008.946764,961,220.778597,0.229738,0,0,0
1772800009.046630,966,223.966764,0.231850,0,0,0
1772800009.146662,949,223.586272,0.235602,0,0,0
1772800009.246611,975,219.903361,0.225542,0,0,0
1772800009.347143,965,213.809608,0.221564,0,0,0
1772800009.446724,946,207.212069,0.219040,0,0,0
1772800009.547676,955,210.394698,0.220309,0,0,0
1772800009.647651,939,215.471117,0.229469,0,0,0
1772800009.747659,928,200.843862,0.216427,0,0,0
1772800009.846915,956,225.013411,0.235370,0,0,0
1772800009.946750,948,212.327365,0.223974,0,0,0
1772800010.046696,942,201.788011,0.214212,0,0,0
1772800010.147708,956,220.191016,0.230325,0,0,0
1772800010.246638,948,198.477594,0.209365,0,0,0
1772800010.346725,976,209.438466,0.214589,0,0,0
1772800010.447588,967,197.350172,0.204085,0,0,0
1772800010.547618,974,205.282573,0.210762,0,0,0
1772800010.647738,951,194.523656,0.204546,0,0,0
1772800010.746432,942,194.775216,0.206768,0,0,0
1772800010.846878,956,197.610284,0.206705,0,0,0
1772800010.947634,934,195.588040,0.209409,0,0,0
1772800011.046663,949,196.353097,0.206905,0,0,0
1772800011.146611,916,195.541959,0.213474,0,0,0
1772800011.246783,942,185.575637,0.197002,0,0,0
1772800011.347621,918,186.858575,0.203550,0,0,0
1772800011.447802,920,182.841738,0.198741,0,0,0
1772800011.547594,917,186.850604,0.203763,0,0,0
1772800011.646638,927,188.532404,0.203379,0,0,0
1772800011.746775,955,203.413811,0.212999,0,0,0
1772800011.846577,955,191.834551,0.200874,0,0,0
1772800011.946735,958,199.789613,0.208549,0,0,0
1772800012.046848,978,202.098223,0.206644,0,0,0
1772800012.147565,974,204.620093,0.210082,0,0,0
1772800012.247583,998,209.276609,0.209696,0,0,0
1772800012.347650,1000,215.977544,0.215978,0,0,0
1772800012.447714,1036,221.680739,0.213978,0,0,0
1772800012.547611,1043,217.617246,0.208645,0,0,0
1772800012.647654,1063,244.473980,0.229985,0,0,0
1772800012.746531,1073,246.004190,0.229268,0,0,0
1772800012.847572,1104,257.944426,0.233645,0,0,0
1772800012.947681,1061,250.539778,0.236136,0,0,0
1772800013.046681,1097,272.335237,0.248255,0,0,0
1772800013.148020,1104,262.388707,0.237671,0,0,0
1772800013.246605,1096,287.519516,0.262335,0,0,0
1772800013.346783,1129,267.918777,0.237306,0,0,0
1772800013.446867,1100,283.241463,0.257492,0,0,0
1772800013.546611,1139,279.092593,0.245033,0,0,0
1772800013.646461,1119,279.569431,0.249839,0,0,0
1772800013.746544,1158,290.004938,0.250436,0,0,0
1772800013.847813,1156,292.903896,0.253377,0,0,0
1772800013.947608,1139,281.004253,0.246711,0,0,0
1772800014.047571,1117,268.830607,0.240672,0,0,0
1772800014.146833,1137,276.728566,0.243385,0,0,0
1772800014.247731,1096,261.380485,0.238486,0,0,0
1772800014.347644,1114,248.071550,0.222685,0,0,0
1772800014.447730,1110,274.423745,0.247229,0,0,0
1772800014.547703,1163,290.033247,0.249384,0,0,0
1772800014.646389,1138,295.364776,0.259547,0,0,0
1772800014.747663,1185,302.368052,0.255163,0,0,0
1772800014.847545,1190,305.633498,0.256835,0,0,0
1772800014.947563,1202,297.638215,0.247619,0,0,0
1772800015.047795,1188,305.610133,0.257248,0,0,0
1772800015.146487,1214,306.716894,0.252650,0,0,0
1772800015.247586,1207,302.556160,0.250668,0,0,0
1772800015.346508,1240,314.434997,0.253577,0,0,0
1772800015.447812,1267,310.977581,0.245444,0,0,0
1772800015.547646,1280,319.470662,0.249586,0,0,0
1772800015.647676,1323,316.227505,0.239023,0,0,0
1772800015.748763,1356,312.302379,0.230311,0,0,0
1772800015.847866,1408,343.114884,0.243690,0,0,0
1772800015.947813,1417,335.129099,0.236506,0,0,0
1772800016.047894,1423,333.018268,0.234025,0,0,0
1772800016.146449,1424,327.873724,0.230248,0,0,0
1772800016.246513,1414,327.776330,0.231808,0,0,0
1772800016.347817,1413,321.092555,0.227242,0,0,0
1772800016.447697,1381,335.804869,0.243161,0,0,0
1772800016.547514,1399,320.642955,0.229194,0,0,0
1772800016.647896,1347,325.474418,0.241629,0,0,0
1772800016.747501,1356,317.615478,0.234230,0,0,0
1772800016.847625,1332,310.018122,0.232746,0,0,0
1772800016.947751,1358,328.045257,0.241565,0,0,0
1772800017.047735,1400,308.554926,0.220396,0,0,0
1772800017.150625,1339,321.302005,0.239957,0,0,0
1772800017.246419,1368,318.430852,0.232771,0,0,0
1772800017.347518,1322,314.763306,0.238096,0,0,0
1772800017.447533,1315,325.653523,0.247645,0,0,0
1772800017.547677,1303,341.525528,0.262107,0,0,0
1772800017.647517,1271,317.843553,0.250074,0,0,0
1772800017.747687,1257,338.339537,0.269164,0,0,0
1772800017.847751,1252,334.378591,0.267076,0,0,0
1772800017.947588,1282,343.097738,0.267627,0,0,0
1772800018.047780,1277,326.171238,0.255420,0,0,0
1772800018.146607,1314,329.027832,0.250402,0,0,0
1772800018.246746,1328,316.406682,0.238258,0,0,0
1772800018.346882,1315,313.724809,0.238574,0,0,0
1772800018.446768,1308,303.923631,0.232358,0,0,0
1772800018.547775,1316,294.434876,0.223735,0,0,0
1772800018.646853,1293,314.787967,0.243456,0,0,0
1772800018.746699,1287,308.668394,0.239836,0,0,0
1772800018.846701,1233,298.446518,0.242049,0,0,0
1772800018.946327,1228,285.672134,0.232632,0,0,0
1772800019.049194,1239,280.650918,0.226514,0,0,0
1772800019.147601,1192,279.792167,0.234725,0,0,0
1772800019.247681,1199,293.158335,0.244502,0,0,0
1772800019.347582,1209,279.591518,0.231258,0,0,0
1772800019.446594,1202,306.351074,0.254868,0,0,0
1772800019.547876,1190,261.676015,0.219896,0,0,0
1772800019.646694,1176,290.875645,0.247343,0,0,0
1772800019.746552,1155,277.920128,0.240623,0,0,0
1772800019.847578,1146,274.808999,0.239798,0,0,0
1772800019.946850,1178,288.292647,0.244731,0,0,0
1772800020.047483,1160,286.332036,0.246838,0,0,0
1772800020.147521,1154,285.821592,0.247679,0,0,0
1772800020.246567,1132,282.971484,0.249975,0,0,0
1772800020.347878,1137,282.754628,0.248685,0,0,0
1772800020.447567,1167,297.384483,0.254828,0,0,0
1772800020.547550,1159,278.061202,0.239915,0,0,0
1772800020.647636,1145,288.727608,0.252164,0,0,0
1772800020.746325,1113,273.611113,0.245832,0,0,0
1772800020.846639,1102,265.091783,0.240555,0,0,0
1772800020.947532,1119,274.055635,0.244911,0,0,0
1772800021.046680,1120,285.865337,0.255237,0,0,0
1772800021.147595,1096,287.179013,0.262025,0,0,0
1772800021.246764,1077,266.381902,0.247337,0,0,0
1772800021.346698,1093,290.046549,0.265367,0,0,0
1772800021.446631,1096,259.360745,0.236643,0,0,0
1772800021.547499,1094,261.884870,0.239383,0,0,0
1772800021.646685,1076,255.142296,0.237121,0,0,0
1772800021.747533,1057,252.193844,0.238594,0,0,0
1772800021.846744,1080,262.441008,0.243001,0,0,0
1772800021.947566,1068,258.873054,0.242391,0,0,0
1772800022.046540,1040,263.036832,0.252920,0,0,0
1772800022.146645,1052,255.174061,0.242561,0,0,0
1772800022.246718,1054,258.009195,0.244791,0,0,0
1772800022.347545,1034,252.998444,0.244679,0,0,0
1772800022.446712,1040,238.787023,0.229603,0,0,0
1772800022.547843,1044,253.598601,0.242911,0,0,0
1772800022.646564,1055,256.866335,0.243475,0,0,0
1772800022.746745,1031,244.242580,0.236899,0,0,0
1772800022.846930,1043,247.610611,0.237402,0,0,0
1772800022.947542,1053,245.550699,0.233192,0,0,0
1772800023.046713,1005,229.578908,0.228437,0,0,0
1772800023.147631,1033,231.036979,0.223656,0,0,0
1772800023.247543,993,228.565348,0.230177,0,0,0
1772800023.346976,1008,211.671848,0.209992,0,0,0
1772800023.446717,952,207.056397,0.217496,0,0,0
1772800023.547654,985,207.207944,0.210363,0,0,0
1772800023.647474,932,194.947618,0.209171,0,0,0
1772800023.747521,944,194.951033,0.206516,0,0,0
1772800023.846842,913,198.800579,0.217744,0,0,0
1772800023.947469,948,194.174882,0.204826,0,0,0
1772800024.046623,935,179.382999,0.191853,0,0,0
1772800024.146593,919,178.802488,0.194562,0,0,0
1772800024.247755,895,188.821367,0.210974,0,0,0
1772800024.347680,891,182.040974,0.204311,0,0,0
1772800024.446889,887,190.075931,0.214291,0,0,0
1772800024.546870,888,188.092229,0.211816,0,0,0
1772800024.647690,873,195.559011,0.224008,0,0,0
1772800024.748522,844,194.322432,0.230240,0,0,0
1772800024.847001,846,196.692364,0.232497,0,0,0
1772800024.946666,858,194.207511,0.226349,0,0,0
1772800025.047639,863,205.813229,0.238486,0,0,0
1772800025.147563,873,209.148215,0.239574,0,0,0
1772800025.246381,869,200.391128,0.230600,0,0,0
1772800025.346489,849,201.195662,0.236980,0,0,0
1772800025.447102,857,207.120700,0.241681,0,0,0
1772800025.546659,829,192.153510,0.231790,0,0,0
1772800025.647578,835,198.669723,0.237928,0,0,0
1772800025.746390,833,202.657511,0.243286,0,0,0
1772800025.846480,819,192.440409,0.234970,0,0,0
1772800025.947688,822,202.344755,0.246162,0,0,0
1772800026.047515,837,212.084904,0.253387,0,0,0
1772800026.146294,834,216.194738,0.259226,0,0,0
1772800026.247461,830,213.294895,0.256982,0,0,0
1772800026.346628,823,205.256616,0.249401,0,0,0
1772800026.446604,833,202.360180,0.242929,0,0,0
1772800026.546643,839,203.361031,0.242385,0,0,0
1772800026.647563,825,202.795758,0.245813,0,0,0
1772800026.746389,832,200.209788,0.240637,0,0,0
1772800026.847817,839,209.146794,0.249281,0,0,0
1772800026.947634,807,203.245437,0.251853,0,0,0
1772800027.047516,822,210.604264,0.256210,0,0,0
1772800027.147531,777,211.294528,0.271936,0,0,0
1772800027.246665,774,203.630980,0.263089,0,0,0
1772800027.347038,779,203.880890,0.261721,0,0,0
1772800027.447654,778,206.448468,0.265358,0,0,0
1772800027.547591,789,213.311866,0.270357,0,0,0
1772800027.647571,771,200.935206,0.260616,0,0,0
1772800027.747569,762,197.483722,0.259165,0,0,0
1772800027.847554,773,196.965845,0.254807,0,0,0
1772800027.947781,762,199.550895,0.261878,0,0,0
1772800028.047527,781,207.789069,0.266055,0,0,0
1772800028.146390,755,200.284908,0.265278,0,0,0
1772800028.247651,760,212.287401,0.279326,0,0,0
1772800028.346621,778,215.081386,0.276454,0,0,0
1772800028.446657,762,214.629089,0.281665,0,0,0
1772800028.546882,747,210.572827,0.281891,0,0,0
1772800028.646902,750,217.987949,0.290651,0,0,0
1772800028.747504,766,215.709190,0.281605,0,0,0
1772800028.847456,723,211.125715,0.292013,0,0,0
1772800028.946656,761,222.707688,0.292651,0,0,0
1772800029.048745,735,212.894903,0.289653,0,0,0
1772800029.147766,753,229.052797,0.304187,0,0,0
1772800029.247505,756,221.646072,0.293183,0,0,0
1772800029.347725,753,236.853750,0.314547,0,0,0
1772800029.448655,741,225.110603,0.303793,0,0,0
1772800029.547553,726,220.817665,0.304157,0,0,0
1772800029.647667,726,215.537249,0.296883,0,0,0
1772800029.747434,720,215.713035,0.299601,0,0,0
1772800029.848774,732,216.209476,0.295368,0,0,0
1772800029.947417,755,224.288612,0.297071,0,0,0
1772800030.047660,762,237.274106,0.311383,0,0,0
1772800030.147447,772,232.656891,0.301369,0,0,0
1772800030.247388,741,229.653386,0.309924,0,0,0
1772800030.348797,717,212.960868,0.297017,0,0,0
1772800030.446592,726,224.070449,0.308637,0,0,0
1772800030.546490,725,210.957613,0.290976,0,0,0
1772800030.647755,729,213.371785,0.292691,0,0,0
1772800030.747519,739,221.634185,0.299911,0,0,0
1772800030.847537,722,214.357316,0.296894,0,0,0
1772800030.947544,743,212.602042,0.286140,0,0,0
1772800031.047787,702,211.393660,0.301131,0,0,0
1772800031.147530,728,207.589897,0.285151,0,0,0
1772800031.248567,702,195.326942,0.278244,0,0,0
1772800031.347429,699,191.637985,0.274160,0,0,0
1772800031.447547,666,179.230866,0.269115,0,0,0
1772800031.547828,703,191.721007,0.272718,0,0,0
1772800031.647544,688,184.943712,0.268814,0,0,0
1772800031.747612,719,202.107285,0.281095,0,0,0
1772800031.847630,691,188.204408,0.272365,0,0,0
1772800031.947639,674,184.035535,0.273050,0,0,0
1772800032.047653,705,198.664083,0.281793,0,0,0
1772800032.147602,686,187.014500,0.272616,0,0,0
1772800032.247498,712,197.018095,0.276711,0,0,0
1772800032.347498,655,177.769027,0.271403,0,0,0
1772800032.448789,654,168.646986,0.257870,0,0,0
1772800032.547845,638,159.966170,0.250731,0,0,0
1772800032.647648,638,159.927282,0.250670,0,0,0
1772800032.746253,630,156.901826,0.249051,0,0,0
1772800032.847518,651,156.927650,0.241056,0,0,0
1772800032.946968,641,162.810495,0.253995,0,0,0
1772800033.046769,642,165.157219,0.257254,0,0,0
1772800033.146816,628,160.736977,0.255951,0,0,0
1772800033.246516,628,162.948706,0.259472,0,0,0
1772800033.347747,622,157.050932,0.252493,0,0,0
1772800033.446574,618,161.968674,0.262085,0,0,0
1772800033.547711,619,163.244392,0.263723,0,0,0
1772800033.646625,633,180.249492,0.284754,0,0,0
1772800033.747405,626,181.671632,0.290210,0,0,0
1772800033.847605,640,194.993206,0.304677,0,0,0
1772800033.947514,647,184.190982,0.284685,0,0,0
1772800034.047480,626,176.797695,0.282424,0,0,0
1772800034.147738,633,184.390920,0.291297,0,0,0
1772800034.247384,626,179.568734,0.286851,0,0,0
1772800034.347748,625,184.216507,0.294746,0,0,0
1772800034.447624,623,186.619650,0.299550,0,0,0
1772800034.547557,646,191.851400,0.296984,0,0,0
1772800034.647655,632,196.560540,0.311014,0,0,0
1772800034.747710,638,194.564092,0.304959,0,0,0
1772800034.847629,626,188.824619,0.301637,0,0,0
1772800034.947588,652,195.672272,0.300111,0,0,0
1772800035.047766,628,190.243875,0.302936,0,0,0
1772800035.147638,628,186.810883,0.297470,0,0,0
1772800035.247730,628,184.049327,0.293072,0,0,0
1772800035.347488,622,181.086061,0.291135,0,0,0
1772800035.447423,596,186.154161,0.312339,0,0,0
1772800035.547579,615,181.101027,0.294473,0,0,0
1772800035.647757,588,176.771987,0.300633,0,0,0
1772800035.747720,597,180.795391,0.302840,0,0,0
1772800035.847632,604,180.444751,0.298750,0,0,0
1772800035.947345,594,178.989585,0.301329,0,0,0
1772800036.047769,595,177.727153,0.298701,0,0,0
1772800036.147602,605,170.684603,0.282123,0,0,0
1772800036.247666,596,172.084486,0.288732,0,0,0
1772800036.347747,593,174.431807,0.294151,0,0,0
1772800036.447370,579,161.238308,0.278477,0,0,0
1772800036.546490,600,170.120488,0.283534,0,0,0
1772800036.647334,610,174.840605,0.286624,0,0,0
1772800036.747491,617,175.028164,0.283676,0,0,0
1772800036.847750,604,175.200783,0.290068,0,0,0
1772800036.947355,610,178.720151,0.292984,0,0,0
1772800037.047691,610,172.971902,0.283560,0,0,0
1772800037.147779,588,166.140203,0.282551,0,0,0
1772800037.247386,621,172.520962,0.277812,0,0,0
1772800037.347574,607,162.836814,0.268265,0,0,0
1772800037.447021,595,167.788562,0.281998,0,0,0
1772800037.547480,588,159.307443,0.270931,0,0,0
1772800037.647342,574,168.179460,0.292996,0,0,0
1772800037.747315,577,168.664603,0.292313,0,0,0
1772800037.847574,571,160.613001,0.281284,0,0,0
1772800037.947374,565,164.278167,0.290758,0,0,0
1772800038.047626,589,171.989628,0.292003,0,0,0
1772800038.147553,561,166.409923,0.296631,0,0,0
1772800038.247341,590,179.319214,0.303931,0,0,0
1772800038.347571,593,180.280238,0.304014,0,0,0
1772800038.446764,584,177.924589,0.304665,0,0,0
1772800038.546471,575,178.279364,0.310051,0,0,0
1772800038.646641,572,172.774337,0.302053,0,0,0
1772800038.746732,576,175.625683,0.304906,0,0,0
1772800038.847614,594,175.006708,0.294624,0,0,0
1772800038.947487,595,168.740653,0.283598,0,0,0
1772800039.047439,572,170.135017,0.297439,0,0,0
1772800039.147481,553,168.916115,0.305454,0,0,0
1772800039.247544,567,162.108246,0.285905,0,0,0
1772800039.347397,574,163.066286,0.284088,0,0,0
1772800039.447450,599,180.070739,0.300619,0,0,0
1772800039.546571,600,182.750848,0.304585,0,0,0
1772800039.648162,590,174.241321,0.295324,0,0,0
1772800039.747767,593,175.099672,0.295278,0,0,0
1772800039.846608,606,171.988219,0.283809,0,0,0
1772800039.947656,599,178.357326,0.297758,0,0,0
1772800040.047519,622,187.924000,0.302129,0,0,0
1772800040.146518,624,187.986019,0.301260,0,0,0
1772800040.249197,621,192.419980,0.309855,0,0,0
1772800040.347540,603,179.875425,0.298301,0,0,0
1772800040.447554,579,165.307655,0.285505,0,0,0
1772800040.547533,591,163.660831,0.276922,0,0,0
1772800040.646974,626,181.140877,0.289362,0,0,0
1772800040.747535,602,167.804233,0.278745,0,0,0
1772800040.847725,603,162.547605,0.269565,0,0,0
1772800040.947323,586,157.917402,0.269484,0,0,0
1772800041.047870,596,155.338025,0.260634,0,0,0
1772800041.147646,583,159.650514,0.273843,0,0,0
1772800041.247582,600,167.307551,0.278846,0,0,0
1772800041.347818,570,150.772473,0.264513,0,0,0
1772800041.446569,588,152.514822,0.259379,0,0,0
1772800041.546838,600,159.478189,0.265797,0,0,0
1772800041.647563,603,156.464425,0.259477,0,0,0
1772800041.747617,607,157.531769,0.259525,0,0,0
1772800041.847290,599,152.359930,0.254357,0,0,0
1772800041.947534,613,162.574773,0.265212,0,0,0
1772800042.047681,600,156.726316,0.261211,0,0,0
1772800042.147635,559,152.455093,0.272728,0,0,0
1772800042.247444,605,163.040826,0.269489,0,0,0
1772800042.347407,585,168.735486,0.288437,0,0,0
1772800042.447872,585,166.351362,0.284361,0,0,0
1772800042.546481,571,148.266863,0.259662,0,0,0
1772800042.646876,572,157.814975,0.275900,0,0,0
1772800042.747646,566,165.302357,0.292054,0,0,0
1772800042.847665,592,168.891445,0.285290,0,0,0
1772800042.947533,581,164.465091,0.283072,0,0,0
1772800043.047438,571,160.766940,0.281553,0,0,0
1772800043.147424,588,163.619765,0.278265,0,0,0
1772800043.247694,589,170.068274,0.288741,0,0,0
1772800043.347267,596,173.844282,0.291685,0,0,0
1772800043.446528,584,166.153218,0.284509,0,0,0
1772800043.546645,612,177.519202,0.290064,0,0,0
1772800043.647316,619,179.314647,0.289684,0,0,0
1772800043.747567,618,180.127534,0.291469,0,0,0
1772800043.847377,612,182.156720,0.297642,0,0,0
1772800043.947528,614,179.864249,0.292939,0,0,0
1772800044.047654,612,173.715960,0.283850,0,0,0
1772800044.147565,626,186.703903,0.298249,0,0,0
1772800044.247640,654,185.728323,0.283988,0,0,0
1772800044.347619,643,169.127163,0.263028,0,0,0
1772800044.447569,650,187.604334,0.288622,0,0,0
1772800044.547612,625,176.713234,0.282741,0,0,0
1772800044.647567,634,177.687234,0.280264,0,0,0
1772800044.747485,634,171.010762,0.269733,0,0,0
1772800044.847435,643,177.380980,0.275865,0,0,0
1772800044.947815,646,180.877066,0.279995,0,0,0
1772800045.047679,646,179.042446,0.277155,0,0,0
1772800045.147489,649,180.304335,0.277819,0,0,0
1772800045.247622,678,193.283139,0.285078,0,0,0
1772800045.347662,658,189.187654,0.287519,0,0,0
1772800045.447669,696,200.429242,0.287973,0,0,0
1772800045.547394,707,203.999209,0.288542,0,0,0
1772800045.647630,705,207.989524,0.295021,0,0,0
1772800045.747626,716,212.167500,0.296323,0,0,0
1772800045.847610,725,217.779741,0.300386,0,0,0
1772800045.947348,724,211.352343,0.291923,0,0,0
1772800046.047574,717,207.604424,0.289546,0,0,0
1772800046.147514,700,208.535886,0.297908,0,0,0
1772800046.247594,703,205.179222,0.291862,0,0,0
1772800046.347479,684,205.581997,0.300558,0,0,0
1772800046.448807,719,204.275086,0.284110,0,0,0
1772800046.547574,735,215.325435,0.292960,0,0,0
1772800046.648638,709,201.810775,0.284641,0,0,0
1772800046.747286,720,208.303495,0.289310,0,0,0
1772800046.847487,725,210.056274,0.289733,0,0,0
1772800046.947655,707,201.750882,0.285362,0,0,0
1772800047.047533,728,214.369964,0.294464,0,0,0
1772800047.147498,710,203.569114,0.286717,0,0,0
1772800047.247360,731,213.624737,0.292236,0,0,0
1772800047.347563,739,213.161244,0.288446,0,0,0
1772800047.447428,729,210.524693,0.288786,0,0,0
1772800047.547219,739,210.049854,0.284235,0,0,0
1772800047.647497,728,223.151061,0.306526,0,0,0
1772800047.747287,737,220.737748,0.299508,0,0,0
1772800047.847526,701,198.008682,0.282466,0,0,0
1772800047.946440,739,213.338126,0.288685,0,0,0
1772800048.046656,729,212.885499,0.292024,0,0,0
1772800048.146604,746,218.966874,0.293521,0,0,0
1772800048.246570,738,216.127906,0.292856,0,0,0
1772800048.346699,736,220.269169,0.299279,0,0,0
1772800048.447500,715,206.207500,0.288402,0,0,0
1772800048.547495,740,212.059872,0.286567,0,0,0
1772800048.647406,739,199.627205,0.270132,0,0,0
1772800048.747499,766,208.572593,0.272288,0,0,0
1772800048.847595,719,198.006964,0.275392,0,0,0
1772800048.947528,731,204.239478,0.279397,0,0,0
1772800049.047649,746,208.809965,0.279906,0,0,0
1772800049.147501,760,208.523188,0.274373,0,0,0
1772800049.247519,772,208.216275,0.269710,0,0,0
1772800049.347495,753,213.147969,0.283065,0,0,0
1772800049.449805,773,220.151761,0.284802,0,0,0
1772800049.547453,757,208.229458,0.275072,0,0,0
1772800049.647475,756,205.234700,0.271474,0,0,0
1772800049.747596,790,207.763394,0.262992,0,0,0
1772800049.847394,776,218.093990,0.281049,0,0,0
1772800049.947463,786,199.623244,0.253974,0,0,0
1772800050.047582,783,215.395806,0.275090,0,0,0
1772800050.147563,784,195.682836,0.249595,0,0,0
1772800050.247503,774,212.470838,0.274510,0,0,0
1772800050.347483,781,197.150381,0.252433,0,0,0
1772800050.447598,771,204.595693,0.265364,0,0,0
1772800050.547602,788,209.262020,0.265561,0,0,0
1772800050.647493,842,215.020137,0.255368,0,0,0
1772800050.747514,840,219.585310,0.261411,0,0,0
1772800050.847620,781,217.191551,0.278094,0,0,0
1772800050.947485,794,228.334922,0.287575,0,0,0
1772800051.047573,811,208.943819,0.257637,0,0,0
1772800051.147583,807,232.466944,0.288063,0,0,0
1772800051.247472,846,226.199260,0.267375,0,0,0
1772800051.347575,806,218.616081,0.271236,0,0,0
1772800051.447441,846,214.147664,0.253130,0,0,0
1772800051.547519,822,233.206963,0.283707,0,0,0
1772800051.647248,800,215.691076,0.269614,0,0,0
1772800051.747529,818,217.449289,0.265830,0,0,0
1772800051.847455,835,232.302619,0.278207,0,0,0
1772800051.947287,854,224.300714,0.262647,0,0,0
1772800052.047868,842,220.475934,0.261848,0,0,0
1772800052.147451,847,233.854242,0.276097,0,0,0
1772800052.247332,861,215.196098,0.249937,0,0,0
1772800052.347602,839,227.817091,0.271534,0,0,0
1772800052.447448,863,208.033560,0.241059,0,0,0
1772800052.547213,843,221.458278,0.262703,0,0,0
1772800052.647359,866,208.358629,0.240599,0,0,0
1772800052.747418,831,216.095281,0.260042,0,0,0
1772800052.847603,908,230.269294,0.253601,0,0,0
1772800052.947416,872,234.969530,0.269460,0,0,0
1772800053.047285,881,217.678692,0.247081,0,0,0
1772800053.147561,894,242.676472,0.271450,0,0,0
1772800053.247339,918,250.787386,0.273189,0,0,0
1772800053.347286,911,227.505236,0.249731,0,0,0
1772800053.447196,879,230.663561,0.262416,0,0,0
1772800053.547425,930,243.742636,0.262089,0,0,0
1772800053.647280,894,235.805989,0.263765,0,0,0
1772800053.747190,893,217.932023,0.244045,0,0,0
1772800053.847527,872,222.041782,0.254635,0,0,0
1772800053.947462,884,225.503769,0.255095,0,0,0
1772800054.047216,900,235.643717,0.261826,0,0,0
1772800054.147558,899,239.694958,0.266624,0,0,0
1772800054.247228,924,243.548775,0.263581,0,0,0
1772800054.347541,892,231.009195,0.258979,0,0,0
1772800054.447782,917,241.465481,0.263321,0,0,0
1772800054.547573,871,226.691189,0.260265,0,0,0
1772800054.647242,923,243.217530,0.263508,0,0,0
1772800054.747497,918,236.047123,0.257132,0,0,0
1772800054.847408,885,241.051562,0.272375,0,0,0
1772800054.947459,908,249.230234,0.274483,0,0,0
1772800055.047352,910,240.373881,0.264147,0,0,0
1772800055.147385,948,246.131665,0.259633,0,0,0
1772800055.247425,934,243.785338,0.261012,0,0,0
1772800055.347542,932,224.438986,0.240814,0,0,0
1772800055.447292,942,236.101438,0.250638,0,0,0
1772800055.547419,963,232.435809,0.241366,0,0,0
1772800055.647232,939,229.239269,0.244131,0,0,0
1772800055.747426,963,250.625007,0.260254,0,0,0
1772800055.847438,931,237.435805,0.255033,0,0,0
1772800055.947417,936,234.910624,0.250973,0,0,0
1772800056.047402,955,237.846027,0.249053,0,0,0
1772800056.147405,942,236.016342,0.250548,0,0,0
1772800056.247451,949,230.209619,0.242581,0,0,0
1772800056.347262,967,237.598134,0.245706,0,0,0
1772800056.447436,986,229.807149,0.233070,0,0,0
1772800056.547442,975,239.562267,0.245705,0,0,0
1772800056.647480,973,241.779570,0.248489,0,0,0
1772800056.747373,986,239.109014,0.242504,0,0,0
1772800056.847309,970,228.331551,0.235393,0,0,0
1772800056.947278,972,233.637373,0.240368,0,0,0
1772800057.047465,999,240.063694,0.240304,0,0,0
1772800057.147476,986,235.711790,0.239059,0,0,0
1772800057.247472,978,240.256287,0.245661,0,0,0
1772800057.347561,1013,250.383191,0.247170,0,0,0
1772800057.447403,1048,254.681939,0.243017,0,0,0
1772800057.547494,1030,247.299728,0.240097,0,0,0
1772800057.647458,1040,266.795355,0.256534,0,0,0
1772800057.747503,1018,246.161185,0.241809,0,0,0
1772800057.847577,1026,259.009965,0.252446,0,0,0
1772800057.947391,1029,254.752696,0.247573,0,0,0
1772800058.047308,1023,255.788455,0.250038,0,0,0
1772800058.147530,1049,252.307966,0.240522,0,0,0
1772800058.247407,1045,247.553753,0.236894,0,0,0
1772800058.347490,1022,245.167460,0.239890,0,0,0
1772800058.447496,1049,250.051929,0.238372,0,0,0
1772800058.547478,1048,245.882483,0.234621,0,0,0
1772800058.647288,1048,250.626320,0.239147,0,0,0
1772800058.747495,1037,250.692840,0.241748,0,0,0
1772800058.847493,1040,246.324124,0.236850,0,0,0
1772800058.947416,1043,240.901820,0.230970,0,0,0
1772800059.047372,1039,252.480007,0.243003,0,0,0
1772800059.147534,1066,254.417620,0.238666,0,0,0
1772800059.247454,1043,239.572223,0.229695,0,0,0
1772800059.347366,1056,235.665602,0.223168,0,0,0
1772800059.447511,1073,247.192830,0.230375,0,0,0
1772800059.547529,1058,236.440274,0.223479,0,0,0
1772800059.647451,1063,236.738196,0.222708,0,0,0
1772800059.747491,1083,233.027518,0.215169,0,0,0
1772800059.847362,1109,242.482341,0.218650,0,0,0
1772800059.947500,1157,253.998836,0.219532,0,0,0
1772800060.047415,1136,245.849857,0.216417,0,0,0
1772800060.148653,1141,250.289699,0.219360,0,0,0
1772800060.247533,1152,252.530258,0.219210,0,0,0
1772800060.347440,1146,243.489320,0.212469,0,0,0
1772800060.447432,1136,236.889786,0.208530,0,0,0
1772800060.547524,1105,238.772867,0.216084,0,0,0
1772800060.647509,1140,241.320460,0.211685,0,0,0
1772800060.747334,1141,243.167215,0.213118,0,0,0
1772800060.847514,1129,240.357466,0.212894,0,0,0
1772800060.947484,1159,252.690198,0.218024,0,0,0
1772800061.047440,1208,249.574731,0.206602,0,0,0
1772800061.149026,1180,257.889053,0.218550,0,0,0
1772800061.247739,1203,255.300052,0.212219,0,0,0
1772800061.348747,1191,264.737106,0.222281,0,0,0
1772800061.447854,1192,241.153207,0.202310,0,0,0
1772800061.547565,1177,252.438943,0.214477,0,0,0
1772800061.647374,1197,256.234175,0.214064,0,0,0
1772800061.747522,1184,234.922169,0.198414,0,0,0
1772800061.847455,1245,259.004878,0.208036,0,0,0
1772800061.947368,1243,252.640450,0.203251,0,0,0
1772800062.047515,1246,274.521509,0.220322,0,0,0
1772800062.147566,1214,280.063455,0.230695,0,0,0
1772800062.247465,1263,291.380219,0.230705,0,0,0
1772800062.347416,1283,309.675113,0.241368,0,0,0
1772800062.447475,1257,289.822636,0.230567,0,0,0
1772800062.547769,1251,281.098413,0.224699,0,0,0
1772800062.647670,1253,300.266435,0.239638,0,0,0
1772800062.747470,1243,293.314041,0.235973,0,0,0
1772800062.847498,1237,293.434427,0.237215,0,0,0
1772800062.947535,1221,287.820444,0.235725,0,0,0
1772800063.047277,1261,306.171279,0.242800,0,0,0
1772800063.146910,1224,299.721137,0.244870,0,0,0
1772800063.247191,1230,294.338074,0.239299,0,0,0
1772800063.346478,1266,321.406377,0.253875,0,0,0
1772800063.447414,1262,314.560578,0.249256,0,0,0
1772800063.547418,1273,327.132911,0.256978,0,0,0
1772800063.647454,1261,327.713307,0.259884,0,0,0
1772800063.747374,1236,316.970359,0.256449,0,0,0
1772800063.847459,1194,302.361972,0.253234,0,0,0
1772800063.947261,1217,300.571984,0.246978,0,0,0
1772800064.047408,1178,292.403581,0.248220,0,0,0
1772800064.147421,1212,301.896322,0.249089,0,0,0
1772800064.247385,1196,303.103918,0.253431,0,0,0
1772800064.347400,1222,316.463875,0.258972,0,0,0
1772800064.447405,1199,302.051523,0.251920,0,0,0
1772800064.547598,1180,301.132700,0.255197,0,0,0
1772800064.647419,1191,313.774618,0.263455,0,0,0
1772800064.747424,1154,285.942562,0.247784,0,0,0
1772800064.847337,1183,299.806843,0.253429,0,0,0
1772800064.947420,1166,292.039293,0.250463,0,0,0
1772800065.047474,1171,295.519725,0.252365,0,0,0
1772800065.147373,1147,286.421917,0.249714,0,0,0
1772800065.247304,1149,293.383435,0.255338,0,0,0
1772800065.347304,1127,288.695243,0.256163,0,0,0
1772800065.447496,1123,279.526373,0.248910,0,0,0
1772800065.547479,1119,280.725515,0.250872,0,0,0
1772800065.647402,1127,271.010115,0.240470,0,0,0
1772800065.747301,1125,258.365876,0.229659,0,0,0
1772800065.847303,1157,280.021291,0.242024,0,0,0
1772800065.947378,1150,267.723687,0.232803,0,0,0
1772800066.047455,1134,258.961243,0.228361,0,0,0
1772800066.147425,1132,250.913701,0.221655,0,0,0
1772800066.247315,1134,246.711114,0.217558,0,0,0
1772800066.347371,1124,237.678967,0.211458,0,0,0
1772800066.447464,1066,232.123837,0.217752,0,0,0
1772800066.547399,1086,242.992178,0.223750,0,0,0
1772800066.647201,1046,234.590159,0.224274,0,0,0
1772800066.747316,1067,213.100214,0.199719,0,0,0
1772800066.847345,1044,226.805995,0.217247,0,0,0
1772800066.947420,1047,216.929629,0.207192,0,0,0
1772800067.047383,1055,222.235416,0.210650,0,0,0
1772800067.147410,1003,214.984987,0.214342,0,0,0
1772800067.247396,1022,215.358243,0.210722,0,0,0
1772800067.347425,1006,202.545121,0.201337,0,0,0
1772800067.447383,1021,206.656075,0.202406,0,0,0
1772800067.547365,1016,192.067715,0.189043,0,0,0
1772800067.647467,1004,195.253785,0.194476,0,0,0
1772800067.747386,988,182.587165,0.184805,0,0,0
1772800067.847317,962,174.653208,0.181552,0,0,0
1772800067.947375,938,177.486554,0.189218,0,0,0
1772800068.047387,921,174.144665,0.189082,0,0,0
1772800068.146477,908,173.125273,0.190667,0,0,0
1772800068.247412,883,176.213817,0.199563,0,0,0
1772800068.347271,881,159.436981,0.180973,0,0,0
1772800068.447043,872,161.055940,0.184697,0,0,0
1772800068.547906,879,161.807389,0.184081,0,0,0
1772800068.647424,858,157.239488,0.183263,0,0,0
1772800068.747735,888,160.338687,0.180562,0,0,0
1772800068.847313,840,157.743339,0.187790,0,0,0
1772800068.947419,856,159.291091,0.186088,0,0,0
1772800069.047393,847,160.053245,0.188965,0,0,0
1772800069.147377,838,152.592055,0.182091,0,0,0
1772800069.247267,837,144.066420,0.172122,0,0,0
1772800069.347740,800,140.859473,0.176074,0,0,0
1772800069.447470,788,134.449569,0.170621,0,0,0
1772800069.547402,785,137.327578,0.174940,0,0,0
1772800069.647419,769,142.903208,0.185830,0,0,0
1772800069.747747,766,143.814620,0.187748,0,0,0
1772800069.847395,791,153.451512,0.193997,0,0,0
1772800069.947336,779,147.608945,0.189485,0,0,0
1772800070.047459,782,148.716940,0.190175,0,0,0
1772800070.147345,775,152.499949,0.196774,0,0,0
1772800070.247837,737,138.816741,0.188354,0,0,0
1772800070.347294,776,145.993154,0.188136,0,0,0
1772800070.447385,747,129.996438,0.174025,0,0,0
1772800070.548795,733,148.019013,0.201936,0,0,0
1772800070.647310,728,127.230863,0.174768,0,0,0
1772800070.747274,746,140.383316,0.188181,0,0,0
1772800070.847363,732,139.793134,0.190974,0,0,0
1772800070.947635,763,135.605949,0.177727,0,0,0
1772800071.047287,734,143.795521,0.195907,0,0,0
1772800071.147738,753,141.292630,0.187640,0,0,0
1772800071.247306,722,135.302112,0.187399,0,0,0
1772800071.347488,719,134.863022,0.187570,0,0,0
1772800071.447263,728,145.293674,0.199579,0,0,0
1772800071.547161,701,140.932027,0.201044,0,0,0
1772800071.647389,725,150.476784,0.207554,0,0,0
1772800071.747295,726,154.605013,0.212955,0,0,0
1772800071.847477,747,137.460135,0.184016,0,0,0
1772800071.947575,726,142.964435,0.196921,0,0,0
1772800072.047456,747,143.053984,0.191505,0,0,0
1772800072.147232,751,145.885473,0.194255,0,0,0
1772800072.247271,750,147.661392,0.196882,0,0,0
1772800072.347104,739,150.044520,0.203037,0,0,0
1772800072.447351,735,145.606647,0.198104,0,0,0
1772800072.547263,723,142.158979,0.196624,0,0,0
1772800072.647406,719,142.695549,0.198464,0,0,0
1772800072.747234,728,137.854473,0.189361,0,0,0
1772800072.847147,733,154.566027,0.210868,0,0,0
1772800072.947345,724,152.017445,0.209969,0,0,0
1772800073.046984,711,148.574242,0.208965,0,0,0
1772800073.146521,722,153.170245,0.212147,0,0,0
1772800073.247087,694,147.531260,0.212581,0,0,0
1772800073.347295,732,150.747536,0.205939,0,0,0
1772800073.447377,734,158.854308,0.216423,0,0,0
1772800073.547369,763,163.361796,0.214105,0,0,0
1772800073.647433,751,164.430764,0.218949,0,0,0
1772800073.747336,763,168.307520,0.220587,0,0,0
1772800073.847337,765,166.315823,0.217406,0,0,0
1772800073.947362,777,170.818657,0.219844,0,0,0
1772800074.047482,760,166.127478,0.218589,0,0,0
1772800074.147379,771,166.152281,0.215502,0,0,0
1772800074.247382,762,167.704194,0.220084,0,0,0
1772800074.347374,759,168.395771,0.221865,0,0,0
1772800074.447385,775,178.891887,0.230828,0,0,0
1772800074.547348,788,162.079121,0.205684,0,0,0
1772800074.647277,792,182.577422,0.230527,0,0,0
1772800074.747390,803,183.074842,0.227989,0,0,0
1772800074.847374,790,187.597419,0.237465,0,0,0
1772800074.947350,778,175.700130,0.225836,0,0,0
1772800075.047391,780,178.312903,0.228606,0,0,0
1772800075.147218,788,179.111228,0.227299,0,0,0
1772800075.247402,787,180.487245,0.229336,0,0,0
1772800075.347206,770,175.946174,0.228502,0,0,0
1772800075.447467,746,170.906764,0.229098,0,0,0
1772800075.547280,778,173.064528,0.222448,0,0,0
1772800075.647430,757,165.410083,0.218507,0,0,0
1772800075.747334,747,167.434863,0.224143,0,0,0
1772800075.847458,749,179.467524,0.239610,0,0,0
1772800075.947204,765,165.482598,0.216317,0,0,0
1772800076.047520,735,166.855039,0.227014,0,0,0
1772800076.147448,737,169.327224,0.229752,0,0,0
1772800076.247491,737,171.538305,0.232752,0,0,0
1772800076.347821,746,166.276886,0.222891,0,0,0
1772800076.447377,756,163.817830,0.216690,0,0,0
1772800076.547303,761,160.818416,0.211325,0,0,0
1772800076.647224,739,165.930404,0.224534,0,0,0
1772800076.747349,747,151.899072,0.203345,0,0,0
1772800076.847227,759,157.662098,0.207723,0,0,0
1772800076.947345,776,155.852715,0.200841,0,0,0
1772800077.047251,778,162.266281,0.208568,0,0,0
1772800077.147279,799,163.327541,0.204415,0,0,0
1772800077.247336,787,156.733048,0.199153,0,0,0
1772800077.347382,797,163.153899,0.204710,0,0,0
1772800077.447355,791,148.978154,0.188342,0,0,0
1772800077.547129,781,160.687420,0.205746,0,0,0
1772800077.647177,778,146.367887,0.188134,0,0,0
1772800077.747363,775,160.578819,0.207198,0,0,0
1772800077.847360,782,156.677274,0.200355,0,0,0
1772800077.947256,787,156.389569,0.198716,0,0,0
1772800078.047237,781,157.868668,0.202137,0,0,0
1772800078.147248,773,149.523243,0.193432,0,0,0
1772800078.247386,788,159.313302,0.202174,0,0,0
1772800078.347373,741,160.127917,0.216097,0,0,0
1772800078.447485,780,169.065685,0.216751,0,0,0
1772800078.547310,773,170.015769,0.219943,0,0,0
1772800078.647278,789,174.138313,0.220708,0,0,0
1772800078.747353,787,168.541678,0.214157,0,0,0
1772800078.847414,776,155.871607,0.200865,0,0,0
1772800078.947302,769,163.523749,0.212645,0,0,0
1772800079.047210,746,156.346747,0.209580,0,0,0
1772800079.147244,774,159.695297,0.206325,0,0,0
1772800079.247377,779,160.042913,0.205447,0,0,0
1772800079.347185,728,155.728650,0.213913,0,0,0
1772800079.447110,731,149.598089,0.204649,0,0,0
1772800079.547341,723,150.069751,0.207565,0,0,0
1772800079.647337,726,151.858440,0.209171,0,0,0
1772800079.747388,730,153.890255,0.210809,0,0,0
1772800079.847147,704,156.118646,0.221759,0,0,0
1772800079.947285,712,152.682741,0.214442,0,0,0
1772800080.047226,706,169.604000,0.240232,0,0,0
1772800080.147161,717,158.537465,0.221112,0,0,0
1772800080.247362,683,161.941055,0.237103,0,0,0
1772800080.347160,667,152.024383,0.227923,0,0,0
1772800080.447614,679,158.531116,0.233477,0,0,0
1772800080.547266,684,152.530077,0.222997,0,0,0
1772800080.647346,671,158.946227,0.236880,0,0,0
1772800080.747404,690,154.529691,0.223956,0,0,0
1772800080.847406,649,142.245322,0.219176,0,0,0
1772800080.947249,625,142.160188,0.227456,0,0,0
1772800081.047796,658,142.576044,0.216681,0,0,0
1772800081.147264,652,142.264458,0.218197,0,0,0
1772800081.247394,638,141.815335,0.222281,0,0,0
1772800081.347290,626,141.680524,0.226327,0,0,0
1772800081.447334,599,139.505769,0.232898,0,0,0
1772800081.547187,574,131.956236,0.229889,0,0,0
1772800081.647336,567,130.312764,0.229829,0,0,0
1772800081.747161,584,132.195475,0.226362,0,0,0
1772800081.847176,561,132.824465,0.236764,0,0,0
1772800081.947340,570,119.396289,0.209467,0,0,0
1772800082.047393,573,131.881603,0.230160,0,0,0
1772800082.147274,554,129.129676,0.233086,0,0,0
1772800082.247348,552,126.995753,0.230065,0,0,0
1772800082.347245,533,121.541549,0.228033,0,0,0
1772800082.447188,529,119.661962,0.226204,0,0,0
1772800082.547312,539,121.312504,0.225070,0,0,0
1772800082.647195,530,117.040669,0.220831,0,0,0
1772800082.747187,539,122.489109,0.227253,0,0,0
1772800082.847307,529,121.255726,0.229217,0,0,0
1772800082.947263,533,125.311995,0.235107,0,0,0
1772800083.047307,525,118.751955,0.226194,0,0,0
1772800083.147407,523,122.567323,0.234354,0,0,0
1772800083.247322,520,120.362492,0.231466,0,0,0
1772800083.347201,514,118.640158,0.230817,0,0,0
1772800083.447458,505,111.923768,0.221631,0,0,0
1772800083.547396,508,117.273327,0.230853,0,0,0
1772800083.647032,491,111.249623,0.226578,0,0,0
1772800083.747129,460,109.052563,0.237071,0,0,0
1772800083.847300,484,115.560312,0.238761,0,0,0
1772800083.947845,467,110.457613,0.236526,0,0,0
1772800084.047150,464,115.777576,0.249521,0,0,0
1772800084.147124,454,109.839553,0.241937,0,0,0
1772800084.247178,464,121.672158,0.262224,0,0,0
1772800084.347175,477,114.345019,0.239717,0,0,0
1772800084.447450,448,112.934680,0.252086,0,0,0
1772800084.547197,445,110.205635,0.247653,0,0,0
1772800084.647173,437,104.907641,0.240063,0,0,0
1772800084.747241,430,95.698849,0.222555,0,0,0
1772800084.847226,428,105.025668,0.245387,0,0,0
1772800084.947120,423,98.637979,0.233187,0,0,0
1772800085.047291,1044,257.853269,0.246986,0,0,0
1772800085.147667,1049,270.050500,0.257436,0,0,0
1772800085.247329,428,105.793869,0.247182,0,0,0
1772800085.347221,433,110.097006,0.254266,0,0,0
1772800085.447311,422,109.830785,0.260263,0,0,0
1772800085.547423,423,111.206030,0.262898,0,0,0
1772800085.647360,439,112.994848,0.257391,0,0,0
1772800085.747643,436,109.404568,0.250928,0,0,0
1772800085.847139,429,105.852456,0.246742,0,0,0
1772800085.947189,417,100.346271,0.240639,0,0,0
1772800086.047312,1034,247.887373,0.239736,0,0,0
1772800086.147384,414,95.845965,0.231512,0,0,0
1772800086.247212,407,96.149654,0.236240,0,0,0
1772800086.347236,1021,253.550647,0.248336,0,0,0
1772800086.447143,985,227.870014,0.231340,0,0,0
1772800086.547117,1001,241.451962,0.241211,0,0,0
1772800086.647829,969,205.781922,0.212365,0,0,0
1772800086.747106,406,93.774309,0.230971,0,0,0
1772800086.847154,993,218.423621,0.219963,0,0,0
1772800086.947264,1005,210.458797,0.209412,0,0,0
1772800087.047234,980,213.198945,0.217550,0,0,0
1772800087.147101,983,204.411140,0.207946,0,0,0
1772800087.247294,965,203.949165,0.211346,0,0,0
1772800087.347213,985,201.671802,0.204743,0,0,0
1772800087.447155,978,189.294488,0.193553,0,0,0
1772800087.547119,993,204.628466,0.206071,0,0,0
1772800087.647220,959,181.448662,0.189206,0,0,0
1772800087.747119,986,221.214659,0.224356,0,0,0
1772800087.847290,942,184.683051,0.196054,0,0,0
1772800087.947124,970,209.726084,0.216212,0,0,0
1772800088.047122,960,207.620899,0.216272,0,0,0
1772800088.147271,933,187.922318,0.201417,0,0,0
1772800088.247161,997,186.508571,0.187070,0,0,0
1772800088.347260,938,186.601462,0.198935,0,0,0
1772800088.447142,944,179.319971,0.189958,0,0,0
1772800088.547241,935,189.063408,0.202207,0,0,0
1772800088.647208,932,197.159776,0.211545,0,0,0
1772800088.747258,950,204.407376,0.215166,0,0,0
1772800088.847195,912,200.669604,0.220032,0,0,0
1772800088.947240,914,187.247226,0.204866,0,0,0
1772800089.047128,915,190.728062,0.208446,0,0,0
1772800089.147794,850,179.940446,0.211695,0,0,0
1772800089.247309,862,197.475753,0.229090,0,0,0
1772800089.347271,837,175.249452,0.209378,0,0,0
1772800089.447206,835,189.098313,0.226465,0,0,0
1772800089.547171,803,170.156954,0.211902,0,0,0
1772800089.647196,815,189.389350,0.232380,0,0,0
1772800089.747227,823,181.830526,0.220936,0,0,0
1772800089.847279,818,194.649232,0.237957,0,0,0
1772800089.947131,787,188.019175,0.238906,0,0,0
1772800090.047283,840,220.379746,0.262357,0,0,0
1772800090.147196,807,197.371128,0.244574,0,0,0
1772800090.247159,823,215.836437,0.262256,0,0,0
1772800090.347077,812,212.056108,0.261153,0,0,0
1772800090.447109,803,199.821325,0.248843,0,0,0
1772800090.547067,752,194.944167,0.259234,0,0,0
1772800090.647238,785,196.776805,0.250671,0,0,0
1772800090.747160,755,207.552832,0.274904,0,0,0
1772800090.847242,750,203.599928,0.271467,0,0,0
1772800090.947066,753,204.863297,0.272063,0,0,0
1772800091.047083,781,213.709186,0.273635,0,0,0
1772800091.147137,745,205.373035,0.275669,0,0,0
1772800091.247197,730,198.960168,0.272548,0,0,0
1772800091.347057,734,201.454679,0.274461,0,0,0
1772800091.447219,735,195.150242,0.265511,0,0,0
1772800091.547740,752,203.572995,0.270709,0,0,0
1772800091.647223,769,203.769942,0.264980,0,0,0
1772800091.747127,780,204.150521,0.261731,0,0,0
1772800091.847194,730,186.740784,0.255809,0,0,0
1772800091.947172,748,183.794343,0.245714,0,0,0
1772800092.047250,754,191.794766,0.254370,0,0,0
1772800092.147382,735,185.455414,0.252320,0,0,0
1772800092.247154,719,190.729918,0.265271,0,0,0
1772800092.347053,747,190.976697,0.255658,0,0,0
1772800092.447699,766,184.540306,0.240914,0,0,0
1772800092.547550,788,194.132016,0.246360,0,0,0
1772800092.647579,769,207.213311,0.269458,0,0,0
1772800092.747172,790,194.846387,0.246641,0,0,0
1772800092.847068,791,200.296185,0.253219,0,0,0
1772800092.947193,810,211.508852,0.261122,0,0,0
1772800093.047225,789,206.553552,0.261792,0,0,0
1772800093.147058,793,216.320631,0.272788,0,0,0
1772800093.247184,814,210.398190,0.258474,0,0,0
1772800093.347281,768,208.734112,0.271789,0,0,0
1772800093.447528,805,215.064796,0.267161,0,0,0
1772800093.547154,795,208.919987,0.262792,0,0,0
1772800093.647107,821,216.465084,0.263660,0,0,0
1772800093.747083,837,215.979127,0.258040,0,0,0
1772800093.847045,811,206.009171,0.254019,0,0,0
1772800093.947093,855,228.416542,0.267154,0,0,0
1772800094.047167,842,223.786146,0.265779,0,0,0
1772800094.147187,863,222.577449,0.257911,0,0,0
1772800094.247266,898,229.102959,0.255126,0,0,0
1772800094.347209,855,230.077921,0.269097,0,0,0
1772800094.447200,882,235.446977,0.266947,0,0,0
1772800094.547321,881,244.351951,0.277357,0,0,0
1772800094.647159,912,250.344060,0.274500,0,0,0
1772800094.747233,875,253.667766,0.289906,0,0,0
1772800094.847753,893,249.663935,0.279579,0,0,0
1772800094.947256,856,244.678160,0.285839,0,0,0
1772800095.047151,844,228.126623,0.270292,0,0,0
1772800095.147187,849,238.147949,0.280504,0,0,0
1772800095.247047,871,244.465113,0.280672,0,0,0
1772800095.347183,859,243.611863,0.283599,0,0,0
1772800095.447160,838,233.695586,0.278873,0,0,0
1772800095.547204,889,249.959846,0.281170,0,0,0
1772800095.647106,915,258.874697,0.282923,0,0,0
1772800095.747128,916,257.251387,0.280842,0,0,0
1772800095.847210,908,255.321092,0.281191,0,0,0
1772800095.947022,905,252.599669,0.279116,0,0,0
1772800096.047145,919,242.280898,0.263635,0,0,0
1772800096.147137,926,256.038156,0.276499,0,0,0
1772800096.247304,903,243.769839,0.269956,0,0,0
1772800096.347125,916,242.282071,0.264500,0,0,0
1772800096.447119,923,243.966488,0.264319,0,0,0
1772800096.547275,952,244.411673,0.256735,0,0,0
1772800096.647169,959,245.803058,0.256312,0,0,0
1772800096.747107,966,245.817378,0.254469,0,0,0
1772800096.847160,409,105.838728,0.258774,0,0,0
1772800096.947135,418,104.686798,0.250447,0,0,0
1772800097.047219,1019,255.530361,0.250766,0,0,0
1772800097.147303,1000,262.790610,0.262791,0,0,0
1772800097.247192,440,107.271128,0.243798,0,0,1
1772800097.347597,423,115.157319,0.272240,0,0,1
1772800097.447067,417,101.987766,0.244575,0,0,1
1772800097.547161,401,101.793784,0.253850,0,0,1
1772800097.647029,437,99.097836,0.226769,0,0,1
1772800097.747237,427,107.441798,0.251620,0,0,1
1772800097.847114,440,101.727164,0.231198,0,0,1
1772800097.947023,426,97.053286,0.227825,0,0,1
1772800098.047196,450,102.086887,0.226860,0,0,1
1772800098.147170,447,93.702823,0.209626,0,0,1
1772800098.247180,455,103.442720,0.227347,0,0,0
1772800098.347155,467,103.726069,0.222111,0,0,0
1772800098.447045,459,102.871381,0.224121,0,0,0
1772800098.547125,463,102.065023,0.220443,0,0,0
1772800098.646999,460,107.734283,0.234205,0,0,0
1772800098.747053,478,112.647657,0.235665,0,0,0
1772800098.847134,442,102.874302,0.232747,0,0,0
1772800098.947157,469,104.621598,0.223074,0,0,0
1772800099.047075,445,105.681562,0.237487,0,0,0
1772800099.147174,472,110.571073,0.234261,0,0,0
1772800099.247043,455,104.621938,0.229938,0,0,0
1772800099.347032,462,99.729387,0.215864,0,0,0
1772800099.447030,477,106.728583,0.223750,0,0,0
1772800099.547140,482,109.679851,0.227552,0,0,0
1772800099.647074,465,103.721080,0.223056,0,0,0
1772800099.747007,483,106.432373,0.220357,0,0,0
1772800099.847167,470,116.595588,0.248076,0,0,0
1772800099.947114,488,123.616376,0.253312,0,0,0
1772800100.047497,470,117.702430,0.250431,0,0,0
1772800100.146976,483,122.966232,0.254588,0,0,0
1772800100.247758,478,114.701432,0.239961,0,0,0
1772800100.347239,504,126.431460,0.250856,0,0,0
1772800100.447059,479,117.186126,0.244647,0,0,0
1772800100.546976,490,121.641415,0.248248,0,0,0
1772800100.647147,494,111.518445,0.225746,0,0,0
1772800100.747153,512,121.852293,0.237993,0,0,0
1772800100.847157,522,118.772524,0.227534,0,0,0
1772800100.946972,512,114.698397,0.224020,0,0,0
1772800101.047118,533,127.392728,0.239011,0,0,0
1772800101.147112,522,118.682139,0.227360,0,0,0
1772800101.247061,537,120.737986,0.224838,0,0,0
1772800101.347116,509,108.148033,0.212472,0,0,0
1772800101.447070,528,118.590815,0.224604,0,0,0
1772800101.546972,514,112.096387,0.218086,0,0,0
1772800101.646982,526,115.436302,0.219461,0,0,0
1772800101.747825,533,113.097701,0.212191,0,0,0
1772800101.847263,532,108.218127,0.203418,0,0,0
1772800101.947137,532,103.081311,0.193762,0,0,0
1772800102.046986,519,99.785601,0.192265,0,0,0
1772800102.146949,516,110.323548,0.213805,0,0,0
1772800102.246974,551,101.954115,0.185035,0,0,0
1772800102.346983,534,105.975878,0.198457,0,0,0
1772800102.447112,556,110.029171,0.197894,0,0,0
1772800102.547057,540,109.649116,0.203054,0,0,0
1772800102.647057,554,110.851790,0.200093,0,0,0
1772800102.746953,576,114.153201,0.198183,0,0,0
1772800102.847143,587,122.740783,0.209098,0,0,0
1772800102.947071,594,116.963594,0.196908,0,0,0
1772800103.047154,581,131.326027,0.226034,0,0,0
1772800103.147130,603,121.442877,0.201398,0,0,0
1772800103.247002,601,139.086685,0.231425,0,0,0
1772800103.347063,630,131.922876,0.209401,0,0,0
1772800103.447000,607,133.639036,0.220163,0,0,0
1772800103.546950,630,132.535682,0.210374,0,0,0
1772800103.647131,615,130.163390,0.211648,0,0,0
1772800103.747139,641,134.447155,0.209746,0,0,0
1772800103.847119,632,130.588700,0.206628,0,0,0
1772800103.946958,656,142.444386,0.217141,0,0,0
1772800104.047109,632,131.930596,0.208751,0,0,0
1772800104.147079,662,131.699227,0.198941,0,0,0
1772800104.247031,669,135.308831,0.202255,0,0,0
1772800104.346977,671,134.365199,0.200246,0,0,0
1772800104.447082,661,139.084490,0.210415,0,0,0
1772800104.547110,671,147.927059,0.220458,0,0,0
1772800104.646982,703,146.225988,0.208003,0,0,0
1772800104.747198,682,143.132795,0.209872,0,0,0
1772800104.847132,691,132.432131,0.191653,0,0,0
1772800104.946969,676,134.168332,0.198474,0,0,0
1772800105.046976,717,148.226804,0.206732,0,0,0
1772800105.146940,690,129.306950,0.187401,0,0,0
1772800105.247055,740,145.377166,0.196456,0,0,0
1772800105.347022,678,133.625816,0.197088,0,0,0
1772800105.447027,718,135.676292,0.188964,0,0,0
1772800105.547018,714,146.314166,0.204922,0,0,0
1772800105.647057,740,143.011709,0.193259,0,0,0
1772800105.747131,759,146.912919,0.193561,0,0,0
1772800105.847128,765,156.873142,0.205063,0,0,0
1772800105.946973,739,145.608751,0.197035,0,0,0
1772800106.046941,730,150.745124,0.206500,0,0,0
1772800106.146982,772,157.066284,0.203454,0,0,0
1772800106.246961,783,147.198185,0.187993,0,0,0
1772800106.347021,762,148.059246,0.194303,0,0,0
1772800106.446963,787,157.539074,0.200177,0,0,0
1772800106.547059,784,167.047845,0.213071,0,0,0
1772800106.647798,795,156.011760,0.196241,0,0,0
1772800106.746960,758,166.576461,0.219758,0,0,0
1772800106.846993,774,164.160963,0.212094,0,0,0
1772800106.946969,767,150.396882,0.196085,0,0,0
1772800107.047090,768,162.203318,0.211202,0,0,0
1772800107.147060,808,169.403907,0.209658,0,0,0
1772800107.247072,792,158.101588,0.199623,0,0,0
1772800107.347019,813,160.396832,0.197290,0,0,0
1772800107.446967,825,158.697463,0.192361,0,0,0
1772800107.547027,827,158.224070,0.191323,0,0,0
1772800107.647156,823,156.947074,0.190701,0,0,0
1772800107.747056,847,167.780326,0.198088,0,0,0
1772800107.847732,865,172.641808,0.199586,0,0,0
1772800107.946522,854,159.970706,0.187319,0,0,0
1772800108.046827,844,167.810675,0.198828,0,0,0
1772800108.146903,835,156.672747,0.187632,0,0,0
1772800108.247097,850,168.903908,0.198710,0,0,0
1772800108.347053,839,154.996291,0.184739,0,0,0
1772800108.447044,862,165.661727,0.192183,0,0,0
1772800108.547059,834,161.415300,0.193544,0,0,0
1772800108.646945,848,164.025872,0.193427,0,0,0
1772800108.746953,857,167.900905,0.195917,0,0,0
1772800108.847073,855,173.368792,0.202771,0,0,0
1772800108.946955,872,169.553094,0.194442,0,0,0
1772800109.046981,845,156.773684,0.185531,0,0,0
1772800109.146917,869,154.573957,0.177876,0,0,0
1772800109.247089,860,162.602156,0.189072,0,0,0
1772800109.347067,867,164.221420,0.189413,0,0,0
1772800109.446958,837,159.498327,0.190560,0,0,0
1772800109.547039,876,150.534744,0.171843,0,0,0
1772800109.646963,859,169.881487,0.197767,0,0,0
1772800109.747011,873,157.719891,0.180664,0,0,0
1772800109.847484,879,163.189390,0.185653,0,0,0
1772800109.947005,909,171.113440,0.188244,0,0,0
1772800110.047170,885,169.255739,0.191249,0,0,0
1772800110.146976,880,169.410130,0.192512,0,0,0
1772800110.247015,879,176.764544,0.201097,0,0,0
1772800110.346907,892,165.843151,0.185923,0,0,0
1772800110.446930,875,177.666793,0.203048,0,0,0
1772800110.547124,873,163.679865,0.187491,0,0,0
1772800110.646907,877,174.713933,0.199218,0,0,0
1772800110.747031,844,163.415752,0.193621,0,0,0
1772800110.847038,874,178.791586,0.204567,0,0,0
1772800110.946985,880,177.767573,0.202009,0,0,0
1772800111.046911,891,172.224460,0.193293,0,0,0
1772800111.147110,836,175.909807,0.210418,0,0,0
1772800111.246988,860,173.874273,0.202179,0,0,0
1772800111.347033,831,165.298631,0.198915,0,0,0
1772800111.446972,860,167.856066,0.195181,0,0,0
1772800111.546951,838,169.526215,0.202299,0,0,0
1772800111.646931,845,174.949349,0.207041,0,0,0
1772800111.747053,840,159.079879,0.189381,0,0,0
1772800111.846961,850,157.020065,0.184729,0,0,0
1772800111.946684,882,165.758430,0.187935,0,0,0
1772800112.047105,867,160.003289,0.184548,0,0,0
1772800112.147054,862,163.400107,0.189559,0,0,0
1772800112.247642,890,166.117777,0.186649,0,0,0
1772800112.347047,887,171.656464,0.193525,0,0,0
1772800112.446946,890,158.825244,0.178455,0,0,0
1772800112.546962,888,173.455148,0.195332,0,0,0
1772800112.646879,874,146.829917,0.167998,0,0,0
1772800112.746962,898,160.943510,0.179224,0,0,0
1772800112.847031,912,169.025837,0.185335,0,0,0
1772800112.946872,909,165.314085,0.181864,0,0,0
1772800113.046892,941,165.161456,0.175517,0,0,0
1772800113.146999,940,165.676646,0.176252,0,0,0
1772800113.246812,941,162.143336,0.172310,0,0,0
1772800113.347437,918,159.319419,0.173551,0,0,0
1772800113.447653,952,164.221163,0.172501,0,0,0
1772800113.547037,982,164.635882,0.167654,0,0,0
1772800113.646900,975,174.965566,0.179452,0,0,0
1772800113.746977,985,167.396437,0.169946,0,0,0
1772800113.846896,990,170.957313,0.172684,0,0,0
1772800113.947068,997,171.519398,0.172036,0,0,0
1772800114.047023,1076,185.589704,0.172481,0,0,0
1772800114.147006,1011,181.181254,0.179210,0,0,0
1772800114.246874,1041,182.357019,0.175175,0,0,0
1772800114.346968,1045,184.088586,0.176161,0,0,0
1772800114.447654,1077,197.428593,0.183313,0,0,0
1772800114.546926,1051,191.557808,0.182262,0,0,0
1772800114.646957,1090,195.089390,0.178981,0,0,0
1772800114.747658,1066,203.316754,0.190729,0,0,0
1772800114.846907,1122,210.694643,0.187785,0,0,0
1772800114.946993,1097,205.454942,0.187288,0,0,0
1772800115.047445,1125,205.399490,0.182577,0,0,0
1772800115.146933,1120,205.492661,0.183476,0,0,0
1772800115.246932,1155,208.465865,0.180490,0,0,0
1772800115.346869,1150,227.168271,0.197538,0,0,0
1772800115.446985,1123,197.742947,0.176085,0,0,0
1772800115.547076,1136,217.223829,0.191218,0,0,0
1772800115.646863,1129,215.888887,0.191221,0,0,0
1772800115.747013,1113,218.332459,0.196166,0,0,0
1772800115.846980,1101,230.876764,0.209697,0,0,0
1772800115.946881,1086,224.870812,0.207063,0,0,0
1772800116.047008,1130,234.149424,0.207212,0,0,0
1772800116.146870,1132,251.132628,0.221849,0,0,0
1772800116.246991,1141,238.598218,0.209113,0,0,0
1772800116.346995,1147,243.726405,0.212490,0,0,0
1772800116.447134,1135,236.563611,0.208426,0,0,0
1772800116.546910,1140,229.823480,0.201600,0,0,0
1772800116.646658,1121,230.379602,0.205513,0,0,0
1772800116.747061,1145,242.161251,0.211495,0,0,0
1772800116.846881,1110,231.184683,0.208274,0,0,0
1772800116.946925,1157,225.180477,0.194624,0,0,0
1772800117.047904,1132,237.710723,0.209992,0,0,0
1772800117.147890,1192,253.901049,0.213004,0,0,0
1772800117.246885,1153,231.277080,0.200587,0,0,0
1772800117.346988,1171,225.356402,0.192448,0,0,0
1772800117.446834,1190,236.960439,0.199126,0,0,0
1772800117.546856,1166,236.046658,0.202441,0,0,0
1772800117.646994,1169,238.255226,0.203811,0,0,0
1772800117.746975,1191,240.497128,0.201929,0,0,0
1772800117.847648,1203,239.155491,0.198799,0,0,0
1772800117.946934,1178,242.245715,0.205642,0,0,0
1772800118.046957,1193,256.937115,0.215371,0,0,0
1772800118.147010,1139,227.039991,0.199333,0,0,0
1772800118.247649,1154,229.073253,0.198504,0,0,0
1772800118.346943,1125,223.669879,0.198818,0,0,0
1772800118.446864,1129,219.313128,0.194254,0,0,0
1772800118.546839,1140,231.747540,0.203287,0,0,0
1772800118.646850,1102,209.349437,0.189972,0,0,0
1772800118.746931,1103,217.443738,0.197138,0,0,0
1772800118.846940,1075,215.363492,0.200338,0,0,0
1772800118.946930,1090,210.261226,0.192900,0,0,0
1772800119.046911,1124,220.648343,0.196306,0,0,0
1772800119.146975,1094,228.121880,0.208521,0,0,0
1772800119.247392,1087,235.865394,0.216987,0,0,0
1772800119.346931,1078,220.833460,0.204855,0,0,0
1772800119.446994,1105,232.193101,0.210130,0,0,0
1772800119.546888,1092,217.110216,0.198819,0,0,0
1772800119.646868,1094,233.295972,0.213250,0,0,0
1772800119.746868,1072,212.927327,0.198626,0,0,0
1772800119.846882,1122,230.298264,0.205257,0,0,0
1772800119.946913,1078,220.165396,0.204235,0,0,0
1772800120.046949,1122,233.630733,0.208227,0,0,0
1772800120.147085,1097,229.287177,0.209013,0,0,0
1772800120.246860,1092,242.194876,0.221790,0,0,0
1772800120.346906,1071,233.825739,0.218325,0,0,0
1772800120.446816,1057,227.826071,0.215540,0,0,0
1772800120.546877,1073,243.118134,0.226578,0,0,0
1772800120.647055,1045,211.807410,0.202687,0,0,0
1772800120.746844,1057,232.392398,0.219860,0,0,0
1772800120.846949,1053,223.393354,0.212149,0,0,0
1772800120.946943,1034,230.496441,0.222917,0,0,0
1772800121.046818,1058,229.161574,0.216599,0,0,0
1772800121.146937,980,212.033492,0.216361,0,0,0
1772800121.246830,992,218.522889,0.220285,0,0,0
1772800121.346856,1028,225.324662,0.219187,0,0,0
1772800121.446956,1019,224.828663,0.220637,0,0,0
1772800121.546824,973,211.822693,0.217701,0,0,0
1772800121.646800,985,211.434619,0.214654,0,0,0
1772800121.746883,947,203.740910,0.215144,0,0,0
1772800121.846886,973,211.272603,0.217135,0,0,0
1772800121.946936,961,218.877443,0.227760,0,0,0
1772800122.046913,962,207.429214,0.215623,0,0,0
1772800122.146915,967,218.147481,0.225592,0,0,0
1772800122.246944,946,216.064580,0.228398,0,0,0
1772800122.346902,933,202.051805,0.216561,0,0,0
1772800122.446886,936,200.416223,0.214120,0,0,0
1772800122.546921,904,202.434379,0.223932,0,0,0
1772800122.647038,889,188.048067,0.211528,0,0,0
1772800122.746916,874,193.135203,0.220978,0,0,0
1772800122.847533,915,198.312291,0.216735,0,0,0
1772800122.946872,865,186.300975,0.215377,0,0,0
1772800123.046921,877,195.110305,0.222475,0,0,0
1772800123.146887,855,187.829486,0.219684,0,0,0
1772800123.246926,855,190.873016,0.223243,0,0,0
1772800123.346924,866,194.700119,0.224827,0,0,0
1772800123.446919,832,184.768937,0.222078,0,0,0
1772800123.546879,832,188.448409,0.226500,0,0,0
1772800123.646916,816,177.202415,0.217160,0,0,0
1772800123.746930,809,177.359656,0.219233,0,0,0
1772800123.846888,807,187.451383,0.232282,0,0,0
1772800123.946945,809,186.064639,0.229993,0,0,0
1772800124.046873,780,170.527782,0.218625,0,0,0
1772800124.146786,786,174.320334,0.221782,0,0,0
1772800124.246907,786,173.468956,0.220698,0,0,0
1772800124.346889,787,161.310560,0.204969,0,0,0
1772800124.446886,791,168.810955,0.213415,0,0,0
1772800124.546937,820,180.493412,0.220114,0,0,0
1772800124.646950,777,168.607982,0.216999,0,0,0
1772800124.746888,760,156.372173,0.205753,0,0,0
1772800124.846925,780,164.417970,0.210792,0,0,0
1772800124.946782,774,167.117210,0.215914,0,0,0
1772800125.046953,753,150.868188,0.200356,0,0,0
1772800125.146752,728,151.259148,0.207774,0,0,0
1772800125.246953,733,155.530561,0.212184,0,0,0
1772800125.346910,715,139.207854,0.194696,0,0,0
1772800125.446937,727,145.324811,0.199897,0,0,0
1772800125.546890,739,150.761646,0.204008,0,0,0
1772800125.646914,736,152.491102,0.207189,0,0,0
1772800125.746883,731,149.875971,0.205029,0,0,0
1772800125.846855,711,151.119999,0.212546,0,0,0
1772800125.946891,713,148.199685,0.207854,0,0,0
1772800126.046946,746,145.239797,0.194691,0,0,0
1772800126.146843,711,146.237412,0.205678,0,0,0
1772800126.247025,711,148.776071,0.209249,0,0,0
1772800126.346889,689,134.047754,0.194554,0,0,0
1772800126.446857,698,141.685555,0.202988,0,0,0
1772800126.546890,696,142.056128,0.204104,0,0,0
1772800126.646858,709,137.975932,0.194606,0,0,0
1772800126.746798,707,150.596467,0.213008,0,0,0
1772800126.846832,696,138.445425,0.198916,0,0,0
1772800126.946895,698,139.572371,0.199960,0,0,0
1772800127.046851,674,125.349476,0.185978,0,0,0
1772800127.147177,698,130.191114,0.186520,0,0,0
1772800127.246886,720,138.022732,0.191698,0,0,0
1772800127.346854,693,133.234468,0.192258,0,0,0
1772800127.446945,706,121.317040,0.171837,0,0,0
1772800127.546824,676,126.077792,0.186506,0,0,0
1772800127.646917,684,125.112872,0.182914,0,0,0
1772800127.746967,656,132.855314,0.202523,0,0,0
1772800127.846767,686,130.022589,0.189537,0,0,0
1772800127.947526,683,138.218812,0.202370,0,0,0
1772800128.046726,683,124.760333,0.182665,0,0,0
1772800128.146723,681,129.482129,0.190135,0,0,0
1772800128.246835,644,115.383931,0.179168,0,0,0
1772800128.346906,682,124.263534,0.182205,0,0,0
1772800128.446889,645,118.104228,0.183107,0,0,0
1772800128.546883,682,123.893680,0.181662,0,0,0
1772800128.646874,660,116.395802,0.176357,0,0,0
1772800128.746731,655,111.701113,0.170536,0,0,0
1772800128.846828,662,114.781741,0.173386,0,0,0
1772800128.946843,691,127.161623,0.184026,0,0,0
1772800129.046913,667,104.872952,0.157231,0,0,0
1772800129.146816,656,111.735605,0.170329,0,0,0
1772800129.246846,656,106.455812,0.162280,0,0,0
1772800129.346850,676,118.662614,0.175536,0,0,0
1772800129.446891,664,102.492670,0.154356,0,0,0
1772800129.547007,689,112.055178,0.162635,0,0,0
1772800129.646925,691,119.035094,0.172265,0,0,0
1772800129.746801,669,102.298275,0.152912,0,0,0
1772800129.847752,682,107.700037,0.157918,0,0,0
1772800129.946712,669,101.202129,0.151274,0,0,0
1772800130.046806,667,115.956826,0.173848,0,0,0
1772800130.146709,651,99.074084,0.152188,0,0,0
1772800130.246845,631,106.294575,0.168454,0,0,0
1772800130.346847,656,110.408235,0.168305,0,0,0
1772800130.446912,640,104.435960,0.163181,0,0,0
1772800130.546878,675,111.134251,0.164643,0,0,0
1772800130.646885,677,102.100381,0.150813,0,0,0
1772800130.746700,676,114.135094,0.168839,0,0,0
1772800130.846735,671,112.503294,0.167665,0,0,0
1772800130.946865,697,110.582230,0.158655,0,0,0
1772800131.046887,680,109.621097,0.161207,0,0,0
1772800131.146732,671,114.402153,0.170495,0,0,0
1772800131.246862,682,119.660535,0.175455,0,0,0
1772800131.346716,683,114.731514,0.167982,0,0,0
1772800131.446698,693,113.835958,0.164265,0,0,0
1772800131.546781,676,112.690707,0.166702,0,0,0
1772800131.646754,675,115.643223,0.171323,0,0,0
1772800131.746748,664,110.325260,0.166153,0,0,0
1772800131.846830,699,116.812107,0.167113,0,0,0
1772800131.946863,668,112.913323,0.169032,0,0,0
1772800132.046873,670,112.606435,0.168069,0,0,0
1772800132.146801,715,129.649697,0.181328,0,0,0
1772800132.246694,679,111.701247,0.164508,0,0,0
1772800132.346849,704,106.252586,0.150927,0,0,0
1772800132.446844,701,105.187690,0.150054,0,0,0
1772800132.546796,675,98.345205,0.145697,0,0,0
1772800132.646850,714,114.505497,0.160372,0,0,0
1772800132.746766,680,105.549146,0.155219,0,0,0
1772800132.846752,698,109.300799,0.156591,0,0,0
1772800132.946830,684,108.554968,0.158706,0,0,0
1772800133.046687,702,106.265925,0.151376,0,0,0
1772800133.146696,674,91.658328,0.135992,0,0,0
1772800133.246799,705,108.486405,0.153881,0,0,0
1772800133.346788,690,108.506104,0.157255,0,0,0
1772800133.446697,698,109.041640,0.156220,0,0,0
1772800133.546757,700,108.029822,0.154328,0,0,0
1772800133.646817,729,109.358703,0.150012,0,0,0
1772800133.746655,714,115.854443,0.162261,0,0,0
1772800133.846755,705,108.014196,0.153212,0,0,0
1772800133.946750,693,120.344037,0.173657,0,0,0
1772800134.046683,710,104.610359,0.147339,0,0,0
1772800134.146798,700,111.628782,0.159470,0,0,0
1772800134.246855,735,111.539886,0.151755,0,0,0
1772800134.346813,727,110.326255,0.151756,0,0,0
1772800134.446781,711,105.030068,0.147722,0,0,0
1772800134.546724,737,112.346857,0.152438,0,0,0
1772800134.646753,740,116.887526,0.157956,0,0,0
1772800134.746777,720,103.566037,0.143842,0,0,0
1772800134.846786,733,109.718886,0.149685,0,0,1
1772800134.946773,710,103.567161,0.145869,0,0,1
1772800135.046859,716,104.221412,0.145561,0,0,1
1772800135.146691,732,113.349410,0.154849,0,0,1
1772800135.246807,741,117.922513,0.159140,0,0,1
1772800135.346650,743,109.651452,0.147579,0,0,1
1772800135.446722,710,113.800236,0.160282,0,0,0
1772800135.546751,776,103.952652,0.133960,0,0,0
1772800135.646757,780,116.728192,0.149652,0,0,1
1772800135.746709,774,103.891437,0.134227,0,0,1
1772800135.846827,789,120.551280,0.152790,0,0,1
1772800135.946826,801,107.422708,0.134111,0,0,1
1772800136.046852,770,114.005261,0.148059,0,0,1
1772800136.146816,786,96.811275,0.123170,0,0,1
1772800136.246839,817,103.677669,0.126900,0,0,1
1772800136.346682,829,111.668416,0.134703,0,0,1
1772800136.446736,852,111.176969,0.130489,0,0,1
1772800136.546776,811,115.036055,0.141845,0,0,1
1772800136.646815,851,111.030384,0.130470,0,0,1
1772800136.746793,842,108.515322,0.128878,0,0,1
1772800136.846652,844,114.204685,0.135314,0,0,1
1772800136.946827,862,116.847858,0.135554,0,0,1
1772800137.046877,850,121.391934,0.142814,0,0,1
1772800137.146786,880,107.004604,0.121596,0,0,1
1772800137.246675,865,107.450542,0.124220,0,0,1
1772800137.346655,885,114.996445,0.129939,0,0,1
1772800137.446899,875,122.069666,0.139508,0,0,1
1772800137.546800,883,118.462510,0.134159,0,0,1
1772800137.646719,893,117.161300,0.131200,0,0,1
1772800137.746683,875,107.773065,0.123169,0,0,1
1772800137.846807,893,106.976457,0.119794,0,0,1
1772800137.946657,863,105.650161,0.122422,0,0,1
1772800138.047338,898,105.655950,0.117657,0,0,1
1772800138.146795,860,111.585710,0.129751,0,0,1
1772800138.247770,915,117.382280,0.128287,0,0,1
1772800138.346625,902,122.975833,0.136337,0,0,1
1772800138.446890,909,121.621738,0.133797,0,0,1
1772800138.546834,884,108.191304,0.122388,0,0,1
1772800138.646680,906,112.323724,0.123978,0,0,1
1772800138.746629,902,115.621300,0.128183,0,0,1
1772800138.846843,897,109.165414,0.121701,0,0,1
1772800138.946638,906,113.168818,0.124910,0,0,1
1772800139.046906,954,125.904941,0.131976,0,0,1
1772800139.146711,937,111.923628,0.119449,0,0,1
1772800139.246746,951,132.668395,0.139504,0,0,1
1772800139.346656,977,127.108197,0.130101,0,0,1
1772800139.446911,961,127.316624,0.132483,0,0,1
1772800139.546790,1001,126.413341,0.126287,0,0,1
1772800139.646631,1000,141.305536,0.141306,0,0,1
1772800139.746824,984,140.849115,0.143139,0,0,1
1772800139.846674,982,130.997868,0.133399,0,0,1
1772800139.946927,1023,139.162767,0.136034,0,0,1
1772800140.046837,974,138.932650,0.142641,0,0,1
1772800140.147131,1037,145.846984,0.140643,0,0,1
1772800140.246748,1012,140.735739,0.139067,0,0,1
1772800140.346651,1024,157.781672,0.154084,0,0,1
1772800140.446621,1008,160.749554,0.159474,0,0,1
1772800140.546789,1035,149.949313,0.144879,0,0,1
1772800140.646646,1050,172.563760,0.164346,0,0,0
1772800140.746620,1030,149.589256,0.145232,0,0,0
1772800140.846788,1005,162.085665,0.161279,0,0,0
1772800140.946686,1023,155.269200,0.151778,0,0,0
1772800141.046669,1022,164.330440,0.160793,0,0,0
1772800141.146781,1037,161.082227,0.155335,0,0,0
1772800141.246890,1061,173.591211,0.163611,0,0,0
1772800141.346786,1024,156.054922,0.152397,0,0,0
1772800141.446750,1052,173.369316,0.164800,0,0,0
1772800141.546631,1056,163.020545,0.154376,0,0,0
1772800141.646837,1071,169.356687,0.158129,0,0,0
1772800141.746873,1049,163.974588,0.156315,0,0,0
1772800141.846693,1054,176.441276,0.167402,0,0,0
1772800141.946832,1107,180.637266,0.163177,0,0,0
1772800142.046827,1078,167.400223,0.155288,0,0,0
1772800142.146668,1088,171.815214,0.157918,0,0,0
1772800142.246741,1113,188.217316,0.169108,0,0,0
1772800142.346730,1082,193.422156,0.178764,0,0,0
1772800142.446604,1121,188.901908,0.168512,0,0,0
1772800142.546960,1104,197.697242,0.179074,0,0,0
1772800142.646773,1135,188.114550,0.165740,0,0,0
1772800142.746827,1126,192.336076,0.170814,0,0,0
1772800142.846607,1130,178.746734,0.158183,0,0,0
1772800142.946705,1078,180.435004,0.167379,0,0,0
1772800143.046780,1116,179.393413,0.160747,0,0,0
1772800143.146761,1093,175.488950,0.160557,0,0,0
1772800143.246662,1120,184.010572,0.164295,0,0,0
1772800143.346953,1096,181.707455,0.165791,0,0,0
1772800143.446604,1120,186.213389,0.166262,0,0,0
1772800143.546676,1079,168.941387,0.156572,0,0,0
1772800143.646808,1118,189.956343,0.169907,0,0,0
1772800143.746663,1085,177.298548,0.163409,0,0,0
1772800143.846613,1117,192.970489,0.172758,0,0,0
1772800143.946808,1080,181.004707,0.167597,0,0,0
1772800144.046751,1132,190.109970,0.167942,0,0,0
1772800144.146848,1094,180.871258,0.165330,0,0,0
1772800144.246665,1133,185.251948,0.163506,0,0,0
1772800144.346729,1080,182.588610,0.169064,0,0,0
1772800144.446647,1112,184.685215,0.166084,0,0,0
1772800144.546734,1067,180.329804,0.169006,0,0,0
1772800144.646595,1123,186.319320,0.165912,0,0,0
1772800144.746651,1092,178.465457,0.163430,0,0,0
1772800144.847727,1119,195.439949,0.174656,0,0,0
1772800144.946641,1131,194.006298,0.171535,0,0,0
1772800145.046576,1118,211.809651,0.189454,0,0,0
1772800145.146949,1181,197.871870,0.167546,0,0,0
1772800145.246725,1104,191.970836,0.173887,0,0,0
1772800145.346675,1118,175.495824,0.156973,0,0,0
1772800145.448271,1088,194.527984,0.178794,0,0,0
1772800145.548175,1123,180.101175,0.160375,0,0,0
1772800145.646763,1103,176.083925,0.159641,0,0,0
1772800145.746546,1108,178.425021,0.161033,0,0,0
1772800145.846739,1070,180.817658,0.168988,0,0,0
1772800145.946638,1135,185.636651,0.163557,0,0,0
1772800146.046947,1089,187.765062,0.172420,0,0,0
1772800146.146825,1100,185.884432,0.168986,0,0,0
1772800146.246709,1090,194.242176,0.178204,0,0,0
1772800146.346775,1102,203.345643,0.184524,0,0,0
1772800146.446740,1106,188.110926,0.170082,0,0,0
1772800146.546670,1075,192.843325,0.179389,0,0,0
1772800146.646735,1081,186.308705,0.172348,0,0,0
1772800146.746659,1087,185.865353,0.170989,0,0,0
1772800146.846589,1101,203.951372,0.185242,0,0,0
1772800146.946548,1076,193.985273,0.180284,0,0,0
1772800147.046627,1040,197.571343,0.189972,0,0,0
1772800147.146699,1088,194.635877,0.178893,0,0,0
1772800147.246829,1071,195.906560,0.182919,0,0,0
1772800147.346649,1082,199.779685,0.184639,0,0,0
1772800147.446649,1083,190.549666,0.175946,0,0,0
1772800147.546591,1102,201.005624,0.182401,0,0,0
1772800147.646563,1104,197.517687,0.178911,0,0,0
1772800147.746629,1103,203.682879,0.184663,0,0,0
1772800147.846821,1113,200.398739,0.180053,0,0,0
1772800147.946608,1073,193.802265,0.180617,0,0,0
1772800148.046668,1093,194.872485,0.178291,0,0,0
1772800148.146676,1099,214.434400,0.195118,0,0,0
1772800148.247690,1062,191.113760,0.179956,0,0,0
1772800148.347331,1093,208.296519,0.190573,0,0,0
1772800148.447315,1069,192.005576,0.179612,0,0,0
1772800148.546678,1079,199.563126,0.184952,0,0,0
1772800148.646870,1040,197.693908,0.190090,0,0,0
1772800148.746691,1069,214.144619,0.200322,0,0,0
1772800148.846621,1035,183.600473,0.177392,0,0,0
1772800148.946630,1050,198.656589,0.189197,0,0,0
1772800149.046717,1080,207.762277,0.192372,0,0,0
1772800149.146709,1049,210.251018,0.200430,0,0,0
1772800149.246706,1073,206.125884,0.192102,0,0,0
1772800149.346623,1045,203.530638,0.194766,0,0,0
1772800149.446828,1050,198.913712,0.189442,0,0,0
1772800149.546635,1068,210.955662,0.197524,0,0,0
1772800149.646715,1052,206.587540,0.196376,0,0,0
1772800149.747260,1065,201.585134,0.189282,0,0,0
1772800149.846688,1060,200.770445,0.189406,0,0,0
1772800149.946719,1080,206.030511,0.190769,0,0,0
1772800150.046908,1086,208.656373,0.192133,0,0,0
1772800150.146650,1132,214.400896,0.189400,0,0,0
1772800150.246896,1111,212.110183,0.190918,0,0,0
1772800150.346814,1158,236.214495,0.203985,0,0,0
1772800150.446618,1097,205.920855,0.187713,0,0,0
1772800150.546748,1111,217.662981,0.195916,0,0,0
1772800150.646703,1108,218.147978,0.196884,0,0,0
1772800150.746904,1126,216.169575,0.191980,0,0,0
1772800150.846812,1093,206.844808,0.189245,0,0,0
1772800150.946665,1071,209.611432,0.195716,0,0,0
1772800151.046685,1084,208.519502,0.192361,0,0,0
1772800151.146568,1067,210.588276,0.197365,0,0,0
1772800151.246522,1099,218.641951,0.198946,0,0,0
1772800151.346676,1094,211.615176,0.193433,0,0,0
1772800151.446795,1106,225.664310,0.204036,0,0,0
1772800151.546905,1126,214.388283,0.190398,0,0,0
1772800151.646709,1139,237.854274,0.208827,0,0,0
1772800151.746684,1101,220.668012,0.200425,0,0,0
1772800151.846563,1093,210.959378,0.193009,0,0,0
1772800151.946763,1104,225.155949,0.203946,0,0,0
1772800152.046895,1091,223.742479,0.205080,0,0,0
1772800152.146878,1065,214.132318,0.201063,0,0,0
1772800152.246551,1110,208.416317,0.187762,0,0,0
1772800152.346654,1119,225.059412,0.201125,0,0,0
1772800152.446651,1130,217.329722,0.192327,0,0,0
1772800152.546640,1128,212.127719,0.188056,0,0,0
1772800152.646534,1222,239.616885,0.196086,0,0,0
1772800152.746561,1139,213.947921,0.187838,0,0,0
1772800152.846555,1205,228.030577,0.189237,0,0,0
1772800152.947329,1161,224.684603,0.193527,0,0,0
1772800153.047376,1218,232.058621,0.190524,0,0,0
1772800153.146651,1195,220.182056,0.184253,0,0,0
1772800153.246892,1188,224.705484,0.189146,0,0,0
1772800153.346830,1150,214.921389,0.186888,0,0,0
1772800153.446577,1151,208.709991,0.181329,0,0,0
1772800153.546537,1120,216.048963,0.192901,0,0,0
1772800153.646528,1115,200.414726,0.179744,0,0,0
1772800153.746593,1112,218.838737,0.196797,0,0,0
1772800153.846499,1092,193.989860,0.177646,0,0,0
1772800153.946570,1095,190.997489,0.174427,0,0,0
1772800154.046668,1144,194.133692,0.169697,0,0,0
1772800154.146662,1115,191.997002,0.172195,0,0,0
1772800154.246732,1118,193.582454,0.173151,0,0,0
1772800154.346885,1115,190.763470,0.171088,0,0,0
1772800154.446718,1069,184.492562,0.172584,0,0,0
1772800154.547751,1076,180.469176,0.167722,0,0,0
1772800154.646601,1085,185.398746,0.170874,0,0,0
1772800154.746634,1037,172.935829,0.166766,0,0,0
1772800154.846488,1072,193.665408,0.180658,0,0,0
1772800154.946858,1053,181.810414,0.172659,0,0,0
1772800155.046900,1090,189.971044,0.174285,0,0,0
1772800155.147707,1084,171.389061,0.158108,0,0,0
1772800155.246759,1079,173.782785,0.161059,0,0,0
1772800155.346647,1101,173.486285,0.157572,0,0,0
1772800155.446554,1081,183.271080,0.169538,0,0,0
1772800155.546606,1088,168.160385,0.154559,0,0,0
1772800155.646639,1095,184.725739,0.168699,0,0,0
1772800155.746541,1076,172.431813,0.160253,0,0,0
1772800155.846507,1087,185.478895,0.170634,0,0,0
1772800155.946472,1034,161.057096,0.155761,0,0,0
1772800156.046600,1048,177.817567,0.169673,0,0,0
1772800156.146594,1052,165.880034,0.157681,0,0,0
1772800156.246536,1035,169.082906,0.163365,0,0,0
1772800156.346606,1034,175.189549,0.169429,0,0,0
1772800156.446638,1035,175.093562,0.169173,0,0,0
1772800156.546623,1044,169.789690,0.162634,0,0,0
1772800156.646499,1063,166.266162,0.156412,0,0,0
1772800156.747849,1024,151.672726,0.148118,0,0,0
1772800156.846580,1040,169.758858,0.163230,0,0,0
1772800156.946903,1035,167.320431,0.161662,0,0,0
1772800157.046583,1064,155.583888,0.146225,0,0,0
1772800157.149622,1016,164.742435,0.162148,0,0,0
1772800157.247817,1051,154.859631,0.147345,0,0,0
1772800157.346636,1045,175.395099,0.167842,0,0,0
1772800157.446595,1022,157.766545,0.154370,0,0,0
1772800157.546613,1007,163.867826,0.162729,0,0,0
1772800157.646557,1022,158.465820,0.155055,0,0,0
1772800157.746557,1025,158.958002,0.155081,0,0,0
1772800157.846479,1021,162.357884,0.159018,0,0,0
1772800157.947285,1027,163.211952,0.158921,0,0,0
1772800158.046529,1032,172.684722,0.167330,0,0,0
1772800158.146569,1036,169.758935,0.163860,0,0,0
1772800158.247805,1050,178.691281,0.170182,0,0,0
1772800158.346847,1056,167.500034,0.158617,0,0,0
1772800158.446506,1030,177.510262,0.172340,0,0,0
1772800158.546533,1034,167.911366,0.162390,0,0,0
1772800158.646708,1046,179.867259,0.171957,0,0,0
1772800158.746513,969,169.653186,0.175081,0,0,0
1772800158.846554,1007,167.465917,0.166302,0,0,0
1772800158.947792,989,152.078504,0.153770,0,0,0
1772800159.046491,1029,167.781369,0.163053,0,0,0
1772800159.146577,1008,170.677362,0.169323,0,0,0
1772800159.246711,1036,169.296334,0.163413,0,0,0
1772800159.346448,1028,167.216676,0.162662,0,0,0
1772800159.446595,1029,171.323886,0.166496,0,0,0
1772800159.546520,1012,168.141876,0.166148,0,0,0
1772800159.646627,1032,152.481966,0.147754,0,0,0
1772800159.746902,985,155.648886,0.158019,0,0,0
1772800159.846512,987,152.722714,0.154734,0,0,0
1772800159.946629,1001,169.974675,0.169805,0,0,0
1772800160.046686,979,159.078934,0.162491,0,0,0
1772800160.146578,975,161.173216,0.165306,0,0,0
1772800160.246536,977,158.292570,0.162019,0,0,0
1772800160.346629,981,165.505102,0.168711,0,0,0
1772800160.446774,987,164.730229,0.166900,0,0,0
1772800160.546815,982,154.711976,0.157548,0,0,0
1772800160.646539,991,166.697270,0.168211,0,0,0
1772800160.746892,1021,176.715614,0.173081,0,0,0
1772800160.846592,977,157.025966,0.160723,0,0,0
1772800160.946816,986,157.361179,0.159596,0,0,0
1772800161.046827,958,159.326486,0.166312,0,0,0
1772800161.146821,963,167.297656,0.173725,0,0,0
1772800161.246776,963,155.910274,0.161901,0,0,0
1772800161.346530,946,160.483780,0.169645,0,0,0
1772800161.446496,913,148.328026,0.162462,0,0,0
1772800161.546855,948,161.065917,0.169901,0,0,0
1772800161.646528,926,157.230560,0.169795,0,0,0
1772800161.746590,924,151.774445,0.164258,0,0,0
1772800161.846801,887,150.490976,0.169663,0,0,0
1772800161.946831,891,138.764152,0.155740,0,0,0
1772800162.047192,868,141.938211,0.163523,0,0,0
1772800162.146819,877,141.843958,0.161738,0,0,0
1772800162.246786,858,143.532937,0.167288,0,0,0
1772800162.347525,876,147.655666,0.168557,0,0,0
1772800162.446837,884,150.417123,0.170155,0,0,0
1772800162.547755,877,159.032457,0.181337,0,0,0
1772800162.646759,849,135.168865,0.159209,0,0,0
1772800162.746796,830,142.711694,0.171942,0,0,0
1772800162.848067,844,141.613858,0.167789,0,0,0
1772800162.946551,841,137.551920,0.163558,0,0,0
1772800163.046834,838,145.916369,0.174125,0,0,0
1772800163.146694,828,142.660953,0.172296,0,0,0
1772800163.247196,830,136.849476,0.164879,0,0,0
1772800163.347171,841,143.067316,0.170116,0,0,0
1772800163.447104,832,141.628574,0.170227,0,0,0
1772800163.546880,801,132.603950,0.165548,0,0,0
1772800163.646840,819,132.079936,0.161270,0,0,0
1772800163.746869,782,138.456650,0.177055,0,0,0
1772800163.846667,820,142.996087,0.174385,0,0,0
1772800163.946556,791,136.442939,0.172494,0,0,0
1772800164.046634,802,136.214054,0.169843,0,0,0
1772800164.146568,770,133.297361,0.173113,0,0,0
1772800164.247482,784,138.205678,0.176283,0,0,0
1772800164.346766,800,131.657609,0.164572,0,0,0
1772800164.446795,802,134.493491,0.167698,0,0,0
1772800164.546540,813,145.847356,0.179394,0,0,0
1772800164.646801,828,144.492252,0.174508,0,0,0
1772800164.746557,812,138.927894,0.171093,0,0,0
1772800164.847792,821,151.473931,0.184499,0,0,0
1772800164.946470,807,141.866878,0.175795,0,0,0
1772800165.046581,817,157.282021,0.192512,0,0,0
1772800165.146534,814,158.507575,0.194727,0,0,0
1772800165.247280,805,148.505817,0.184479,0,0,0
1772800165.346936,786,136.017991,0.173051,0,0,0
1772800165.446695,799,139.804732,0.174975,0,0,0
1772800165.546570,816,150.816656,0.184824,0,0,0
1772800165.646860,781,140.212701,0.179530,0,0,0
1772800165.746745,766,126.765770,0.165491,0,0,0
1772800165.846915,785,138.063189,0.175877,0,0,0
1772800165.946582,762,126.969697,0.166627,0,0,0
1772800166.046539,759,129.173282,0.170189,0,0,0
1772800166.146697,759,132.880007,0.175072,0,0,0
1772800166.246604,739,111.259516,0.150554,0,0,0
1772800166.346631,755,118.853263,0.157422,0,0,0
1772800166.446725,748,116.408684,0.155627,0,0,0
1772800166.546544,763,129.295566,0.169457,0,0,0
1772800166.646418,743,124.983879,0.168215,0,0,0
1772800166.746552,714,125.061400,0.175156,0,0,0
1772800166.846701,703,124.813044,0.177543,0,0,0
1772800166.946704,729,128.658351,0.176486,0,0,0
1772800167.046512,702,120.518152,0.171678,0,0,0
1772800167.146684,737,132.400336,0.179648,0,0,0
1772800167.246784,741,125.742431,0.169693,0,0,0
1772800167.346498,748,128.324199,0.171556,0,0,0
1772800167.446794,732,119.102109,0.162708,0,0,0
1772800167.546806,724,119.995110,0.165739,0,0,0
1772800167.646735,723,116.701153,0.161412,0,0,0
1772800167.746487,722,119.533313,0.165559,0,0,0
1772800167.847490,736,118.324395,0.160767,0,0,0
1772800167.946743,729,130.816263,0.179446,0,0,0
1772800168.047443,706,107.846739,0.152757,0,0,0
1772800168.147159,672,93.054824,0.138474,0,0,0
1772800168.247332,660,99.589694,0.150893,0,0,0
1772800168.346532,659,97.532468,0.148001,0,0,0
1772800168.447554,687,114.575466,0.166777,0,0,0
1772800168.546786,646,100.760443,0.155976,0,0,0
1772800168.646537,661,107.923412,0.163273,0,0,0
1772800168.746799,649,103.417357,0.159349,0,0,0
1772800168.847108,644,106.276460,0.165026,0,0,0
1772800168.946590,646,105.637823,0.163526,0,0,0
1772800169.046765,647,110.058474,0.170106,0,0,0
1772800169.146759,649,113.717511,0.175220,0,0,0
1772800169.246500,646,116.194181,0.179867,0,0,0
1772800169.346526,648,113.938182,0.175831,0,0,0
1772800169.446510,648,117.320413,0.181050,0,0,0
1772800169.546796,641,115.460491,0.180126,0,0,0
1772800169.646883,646,112.493205,0.174138,0,0,0
1772800169.746613,621,108.915189,0.175387,0,0,0
1772800169.847047,637,107.968626,0.169495,0,0,0
1772800169.947637,645,116.740509,0.180993,0,0,0
1772800170.046922,636,104.025078,0.163561,0,0,0
1772800170.146804,624,105.439334,0.168973,0,0,0
1772800170.246642,633,104.463878,0.165030,0,0,0
1772800170.346604,625,106.486782,0.170379,0,0,0
1772800170.446822,630,116.049668,0.184206,0,0,0
1772800170.547066,627,110.319179,0.175948,0,0,0
1772800170.646598,604,106.817457,0.176850,0,0,0
1772800170.746639,623,104.270753,0.167369,0,0,0
1772800170.846583,602,105.502440,0.175253,0,0,0
1772800170.946541,616,94.354733,0.153173,0,0,0
1772800171.047132,597,105.872088,0.177340,0,0,0
1772800171.146738,600,87.409259,0.145682,0,0,0
1772800171.246785,610,100.940744,0.165477,0,0,0
1772800171.346797,592,92.132602,0.155629,0,0,0
1772800171.446490,574,91.876330,0.160063,0,0,0
1772800171.546429,605,98.512401,0.162830,0,0,0
1772800171.646407,582,96.222575,0.165331,0,0,0
1772800171.746411,616,98.032295,0.159143,0,0,0
1772800171.846643,555,85.613658,0.154259,0,0,0
1772800171.946670,574,84.764861,0.147674,0,0,0
1772800172.046878,544,69.802362,0.128313,0,0,0
1772800172.146814,569,82.099484,0.144287,0,0,1
1772800172.246593,548,78.718274,0.143646,0,0,1
1772800172.347162,591,95.580797,0.161727,0,0,1
1772800172.447095,575,80.924808,0.140739,0,0,1
1772800172.546906,568,74.478537,0.131124,0,0,1
1772800172.646755,602,89.379857,0.148472,0,0,1
1772800172.746713,599,94.582369,0.157900,0,0,1
1772800172.846493,619,97.354116,0.157276,0,0,1
1772800172.947054,590,87.223809,0.147837,0,0,1
1772800173.047219,600,82.049296,0.136749,0,0,1
1772800173.147215,570,76.374333,0.133990,0,0,1
1772800173.247217,532,76.632115,0.144045,0,0,1
1772800173.346624,570,79.178693,0.138910,0,0,1
1772800173.446506,618,100.184703,0.162111,0,0,1
1772800173.547021,596,93.863842,0.157490,0,0,1
1772800173.646663,613,90.358656,0.147404,0,0,1
1772800173.746889,605,95.096241,0.157184,0,0,0
1772800173.846737,602,92.009879,0.152840,0,0,0
1772800173.946903,625,108.809843,0.174096,0,0,0
1772800174.046606,611,97.305994,0.159257,0,0,0
1772800174.147020,631,108.462556,0.171890,0,0,0
1772800174.246755,610,110.798108,0.181636,0,0,0
1772800174.347247,612,104.865676,0.171349,0,0,0
1772800174.447049,601,110.866375,0.184470,0,0,0
1772800174.546548,585,91.080612,0.155693,0,0,0
1772800174.646839,575,107.596585,0.187124,0,0,0
1772800174.746772,574,107.306778,0.186946,0,0,0
1772800174.846918,595,96.796786,0.162684,0,0,0
1772800174.946653,583,106.106021,0.182000,0,0,0
1772800175.046709,576,89.672182,0.155681,0,0,0
1772800175.146823,605,105.155348,0.173810,0,0,0
1772800175.247277,609,98.712024,0.162089,0,0,0
1772800175.346619,656,99.562067,0.151771,0,0,0
1772800175.447000,661,110.209930,0.166732,0,0,0
1772800175.546653,677,113.863502,0.168188,0,0,0
1772800175.646980,678,110.469765,0.162935,0,0,0
1772800175.746694,680,118.911965,0.174871,0,0,0
1772800175.846599,660,107.173725,0.162384,0,0,0
1772800175.946845,639,102.037787,0.159684,0,0,0
1772800176.047073,632,113.609623,0.179762,0,0,0
1772800176.147245,649,105.140870,0.162004,0,0,0
1772800176.246627,639,100.942744,0.157970,0,0,0
1772800176.346597,623,97.216623,0.156046,0,0,0
1772800176.446397,612,91.032217,0.148745,0,0,0
1772800176.546766,615,93.075157,0.151342,0,0,0
1772800176.646690,658,98.107533,0.149100,0,0,0
1772800176.746693,653,94.573382,0.144829,0,0,1
1772800176.847004,644,96.980360,0.150591,0,0,1
1772800176.947096,674,112.128829,0.166363,0,0,0
1772800177.047217,669,117.907228,0.176244,0,0,0
1772800177.146717,690,118.836973,0.172227,0,0,0
1772800177.246853,672,108.004638,0.160721,0,0,0
1772800177.347114,698,120.535929,0.172688,0,0,0
1772800177.446992,677,101.279603,0.149601,0,0,0
1772800177.546845,668,110.515035,0.165442,0,0,0
1772800177.646989,717,115.740670,0.161424,0,0,0
1772800177.746579,698,110.576971,0.158420,0,0,0
1772800177.847188,732,138.296937,0.188930,0,0,0
1772800177.947378,762,137.354004,0.180255,0,0,0
1772800178.046838,753,149.695084,0.198798,0,0,0
1772800178.146632,736,138.976922,0.188827,0,0,0
1772800178.246683,751,153.275388,0.204095,0,0,0
1772800178.346657,739,147.872186,0.200098,0,0,0
1772800178.447762,764,150.361269,0.196808,0,0,0
1772800178.546603,768,147.216969,0.191689,0,0,0
1772800178.647070,727,139.592896,0.192012,0,0,0
1772800178.746894,765,150.821120,0.197152,0,0,0
1772800178.846700,747,154.909865,0.207376,0,0,0
1772800178.947051,761,169.295318,0.222464,0,0,0
1772800179.046710,757,148.886262,0.196679,0,0,0
1772800179.146523,754,150.796305,0.199995,0,0,0
1772800179.248656,779,145.855464,0.187234,0,0,0
1772800179.346970,727,143.951113,0.198007,0,0,0
1772800179.446960,781,150.790717,0.193074,0,0,0
1772800179.546766,792,152.248155,0.192233,0,0,0
1772800179.647077,777,154.231009,0.198496,0,0,0
1772800179.746967,773,154.007897,0.199234,0,0,0
1772800179.846623,764,148.753655,0.194704,0,0,0
1772800179.947047,800,153.585586,0.191982,0,0,0
1772800180.047116,813,148.934353,0.183191,0,0,0
1772800180.146691,779,164.083353,0.210633,0,0,0
1772800180.246612,826,165.629758,0.200520,0,0,0
1772800180.346946,813,160.967359,0.197992,0,0,0
1772800180.446734,810,163.633772,0.202017,0,0,0
1772800180.547081,809,150.323226,0.185814,0,0,0
1772800180.646774,783,150.400553,0.192082,0,0,0
1772800180.746924,820,155.055665,0.189092,0,0,0
1772800180.847077,818,150.461662,0.183938,0,0,0
1772800180.946525,805,152.661345,0.189641,0,0,0
1772800181.046731,829,149.057542,0.179804,0,0,0
1772800181.146862,877,165.376870,0.188571,0,0,0
1772800181.246977,876,167.197555,0.190865,0,0,0
1772800181.346972,858,158.255991,0.184448,0,0,0
1772800181.446681,858,158.716917,0.184985,0,0,0
1772800181.547052,851,149.839272,0.176074,0,0,0
1772800181.646829,867,152.200599,0.175549,0,0,0
1772800181.747067,859,155.584882,0.181123,0,0,0
1772800181.846962,829,149.344239,0.180150,0,0,0
1772800181.946568,903,178.373854,0.197535,0,0,0
1772800182.046688,866,157.167578,0.181487,0,0,0
1772800182.146939,859,152.128660,0.177100,0,0,0
1772800182.248185,889,167.621931,0.188551,0,0,0
1772800182.347204,870,160.819814,0.184850,0,0,0
1772800182.447289,874,159.589632,0.182597,0,0,0
1772800182.547025,898,159.282497,0.177375,0,0,0
1772800182.646619,906,158.904192,0.175391,0,0,0
1772800182.746734,916,168.566443,0.184025,0,0,0
1772800182.847205,918,144.406092,0.157305,0,0,0
1772800182.946986,903,160.085219,0.177282,0,0,0
1772800183.047750,923,164.689110,0.178428,0,0,0
1772800183.146877,897,160.863825,0.179335,0,0,0
1772800183.246642,917,155.762015,0.169860,0,0,0
1772800183.346599,876,154.602448,0.176487,0,0,0
1772800183.446576,903,137.397672,0.152157,0,0,0
1772800183.546570,886,153.111776,0.172812,0,0,0
1772800183.647054,903,156.089552,0.172857,0,0,0
1772800183.747086,909,162.364434,0.178619,0,0,0
1772800183.847211,896,146.743618,0.163776,0,0,0
1772800183.946627,928,160.723429,0.173193,0,0,0
1772800184.046630,966,159.076238,0.164675,0,0,0
1772800184.147088,921,155.646828,0.168998,0,0,0
1772800184.247155,975,153.670238,0.157611,0,0,0
1772800184.346684,953,159.627051,0.167500,0,0,0
1772800184.446694,981,164.348257,0.167531,0,0,0
1772800184.546721,939,171.412078,0.182547,0,0,0
1772800184.647757,920,152.436037,0.165691,0,0,0
1772800184.747058,938,160.504564,0.171114,0,0,0
1772800184.847024,954,161.883099,0.169689,0,0,0
1772800184.947826,959,170.010802,0.177279,0,0,0
1772800185.047030,995,180.810572,0.181719,0,0,0
1772800185.149625,999,186.290584,0.186477,0,0,0
1772800185.247842,1014,186.931116,0.184350,0,0,0
1772800185.347056,983,182.235038,0.185387,0,0,0
1772800185.447839,980,184.140427,0.187898,0,0,0
1772800185.546533,988,178.322694,0.180489,0,0,0
1772800185.647736,987,171.678604,0.173940,0,0,0
1772800185.746694,980,169.020828,0.172470,0,0,0
1772800185.847892,1010,183.985090,0.182163,0,0,0
1772800185.947638,1009,179.187932,0.177590,0,0,0
1772800186.049627,1004,176.392454,0.175690,0,0,0
1772800186.146586,1044,165.218159,0.158255,0,0,0
1772800186.246914,988,176.404638,0.178547,0,0,0
1772800186.346603,977,162.147470,0.165965,0,0,0
1772800186.446505,995,164.253775,0.165079,0,0,0
1772800186.546893,984,146.142285,0.148519,0,0,0
1772800186.646578,1019,164.143097,0.161083,0,0,0
1772800186.746962,1029,146.803032,0.142666,0,0,0
1772800186.847851,1008,168.472115,0.167135,0,0,0
1772800186.946607,1049,162.461871,0.154873,0,0,0
1772800187.046665,1026,165.785339,0.161584,0,0,0
1772800187.147202,1044,155.332164,0.148786,0,0,0
1772800187.246908,1032,161.843830,0.156825,0,0,0
1772800187.347050,1037,153.537633,0.148059,0,0,0
1772800187.446710,996,144.799930,0.145381,0,0,1
1772800187.546963,1069,166.390545,0.155651,0,0,1
1772800187.647137,1057,152.802160,0.144562,0,0,1
1772800187.747015,1053,161.817603,0.153673,0,0,1
1772800187.847072,1069,158.073322,0.147870,0,0,1
1772800187.947067,1042,166.441028,0.159732,0,0,0
1772800188.047325,1063,171.737460,0.161559,0,0,0
1772800188.147002,1063,170.435232,0.160334,0,0,0
1772800188.247006,1073,164.218071,0.153046,0,0,0
1772800188.347587,1055,152.032037,0.144106,0,0,0
1772800188.446573,1074,154.071238,0.143456,0,0,0
1772800188.547576,1068,164.081376,0.153634,0,0,0
1772800188.646979,1055,172.774820,0.163768,0,0,0
1772800188.746542,1052,163.454107,0.155375,0,0,0
1772800188.846893,1030,166.831642,0.161972,0,0,0
1772800188.946768,1006,158.227388,0.157284,0,0,0
1772800189.046900,988,150.967863,0.152801,0,0,0
1772800189.146501,995,154.484442,0.155261,0,0,0
1772800189.247008,990,150.456095,0.151976,0,0,0
1772800189.346803,1029,168.669961,0.163916,0,0,0
1772800189.446794,1049,159.937593,0.152467,0,0,0
1772800189.546622,1001,158.720820,0.158562,0,0,0
1772800189.646608,1026,159.197235,0.155163,0,0,0
1772800189.746637,1017,166.806292,0.164018,0,0,0
1772800189.846498,1010,167.629977,0.165970,0,0,0
1772800189.946910,1035,167.211984,0.161557,0,0,0
1772800190.047016,1013,156.690614,0.154680,0,0,0
1772800190.146932,1038,165.059519,0.159017,0,0,0
1772800190.246893,1026,157.152996,0.153171,0,0,0
1772800190.346780,1048,171.116158,0.163279,0,0,0
1772800190.446916,1062,166.160291,0.156460,0,0,0
1772800190.546786,1076,181.870477,0.169025,0,0,0
1772800190.646491,1121,180.288426,0.160828,0,0,0
1772800190.746764,1114,189.055197,0.169708,0,0,0
1772800190.846490,1116,199.230110,0.178522,0,0,0
1772800190.946987,1099,202.966086,0.184683,0,0,0
1772800191.046827,1112,188.145779,0.169196,0,0,0
1772800191.146919,1090,199.418396,0.182953,0,0,0
1772800191.246513,1100,191.497680,0.174089,0,0,0
1772800191.346630,1100,191.517729,0.174107,0,0,0
1772800191.446867,1093,186.607677,0.170730,0,0,0
1772800191.546849,1088,177.890896,0.163503,0,0,0
1772800191.646754,1132,197.048840,0.174071,0,0,0
1772800191.746870,1135,187.589494,0.165277,0,0,0
1772800191.846529,1092,193.087312,0.176820,0,0,0
1772800191.947883,1126,192.720008,0.171155,0,0,0
1772800192.047012,1101,188.006579,0.170760,0,0,0
1772800192.146597,1091,191.845685,0.175844,0,0,0
1772800192.246511,1095,196.516366,0.179467,0,0,0
1772800192.346856,1094,202.007586,0.184650,0,0,0
1772800192.447105,1067,188.834028,0.176977,0,0,0
1772800192.547633,1049,179.921004,0.171517,0,0,0
1772800192.646951,1088,198.044356,0.182026,0,0,0
1772800192.747016,1090,198.758187,0.182347,0,0,0
1772800192.847282,1092,201.434834,0.184464,0,0,0
1772800192.946737,1097,196.700039,0.179307,0,0,0
1772800193.046854,1133,196.622759,0.173542,0,0,0
1772800193.147031,1117,194.832698,0.174425,0,0,0
1772800193.246728,1151,213.479441,0.185473,0,0,0
1772800193.346846,1108,200.779907,0.181209,0,0,0
1772800193.446903,1122,189.996945,0.169338,0,0,0
1772800193.546649,1069,181.561046,0.169842,0,0,0
1772800193.646918,1109,196.496197,0.177183,0,0,0
1772800193.746691,1099,206.233386,0.187655,0,0,0
1772800193.846870,1099,197.781339,0.179965,0,0,0
1772800193.946723,1083,197.634647,0.182488,0,0,0
1772800194.046855,1065,202.087941,0.189754,0,0,0
1772800194.146498,1072,204.122064,0.190412,0,0,0
1772800194.246887,1071,205.829726,0.192185,0,0,0
1772800194.346748,1098,195.247848,0.177821,0,0,0
1772800194.446570,1104,209.583857,0.189840,0,0,0
1772800194.546516,1109,197.074378,0.177705,0,0,0
1772800194.646832,1119,202.748897,0.181188,0,0,0
1772800194.746805,1109,195.525015,0.176307,0,0,0
1772800194.846920,1086,196.099593,0.180571,0,0,0
1772800194.946860,1065,191.794496,0.180089,0,0,0
1772800195.046811,1129,206.450661,0.182862,0,0,0
1772800195.146889,1107,200.296195,0.180936,0,0,0
1772800195.246819,1154,207.744628,0.180021,0,0,0
1772800195.346608,1134,209.873515,0.185074,0,0,0
1772800195.446989,1177,212.203084,0.180291,0,0,0
1772800195.546808,1170,209.249296,0.178846,0,0,0
1772800195.646892,1168,201.205969,0.172265,0,0,0
1772800195.746724,1161,196.291652,0.169071,0,0,0
1772800195.846834,1146,192.881787,0.168309,0,0,0
1772800195.946936,1151,200.619095,0.174300,0,0,0
1772800196.046466,1152,201.345511,0.174779,0,0,0
1772800196.146829,1123,192.892402,0.171765,0,0,0
1772800196.246806,1127,207.684823,0.184281,0,0,0
1772800196.346927,1135,206.157039,0.181636,0,0,0
1772800196.446482,1157,193.998351,0.167674,0,0,0
1772800196.546829,1150,201.348745,0.175086,0,0,0
1772800196.646885,1158,187.476116,0.161896,0,0,0
1772800196.746478,1141,192.466948,0.168683,0,0,0
1772800196.846912,1147,195.766983,0.170677,0,0,0
1772800196.947847,1178,200.772132,0.170435,0,0,0
1772800197.046846,1156,192.034604,0.166120,0,0,0
1772800197.146905,1156,208.671048,0.180511,0,0,0
1772800197.246562,1136,192.816200,0.169733,0,0,0
1772800197.347841,1139,179.124457,0.157265,0,0,0
1772800197.447191,1107,187.700567,0.169558,0,0,0
1772800197.547069,1153,193.429155,0.167762,0,0,0
1772800197.647052,1139,188.519098,0.165513,0,0,0
1772800197.747155,1157,203.194745,0.175622,0,0,0
1772800197.846789,1185,205.423816,0.173353,0,0,0
1772800197.947157,1186,207.637282,0.175074,0,0,0
1772800198.047027,1174,190.519147,0.162282,0,0,0
1772800198.146962,1143,189.887075,0.166130,0,0,0
1772800198.247838,1172,188.276755,0.160646,0,0,0
1772800198.347138,1135,188.705737,0.166261,0,0,0
1772800198.446908,1174,200.105433,0.170448,0,0,0
1772800198.547518,1134,191.779143,0.169117,0,0,0
1772800198.646951,1120,188.743817,0.168521,0,0,0
1772800198.746794,1123,178.465184,0.158918,0,0,0
1772800198.846637,1163,190.867868,0.164117,0,0,0
1772800198.946874,1141,184.502580,0.161703,0,0,0
1772800199.046382,1122,176.240230,0.157077,0,0,0
1772800199.146828,1128,180.253745,0.159799,0,0,0
1772800199.246772,1151,189.038764,0.164239,0,0,0
1772800199.346824,1143,185.595073,0.162375,0,0,0
1772800199.446709,1141,187.220203,0.164084,0,0,0
1772800199.546585,1154,210.152503,0.182108,0,0,0
1772800199.646772,1172,193.448596,0.165059,0,0,0
1772800199.746829,1150,209.091204,0.181818,0,0,0
1772800199.846776,1170,217.184821,0.185628,0,0,0
1772800199.948658,1161,212.354241,0.182906,0,0,0
1772800200.046831,1181,204.578164,0.173225,0,0,0
1772800200.146966,1151,184.327194,0.160145,0,0,0
1772800200.246875,1160,191.329031,0.164939,0,0,0
1772800200.346780,1170,182.697659,0.156152,0,0,0
1772800200.446928,1180,186.131348,0.157738,0,0,0
1772800200.546394,1177,186.607632,0.158545,0,0,0
1772800200.646475,1161,185.901191,0.160122,0,0,0
1772800200.746781,1185,192.183535,0.162180,0,0,0
1772800200.846920,1164,191.810345,0.164786,0,0,0
1772800200.946910,1179,206.056149,0.174772,0,0,0
1772800201.048798,1147,192.624355,0.167938,0,0,0
1772800201.146899,1199,206.768803,0.172451,0,0,0
1772800201.246705,1222,217.195484,0.177738,0,0,0
1772800201.347212,1209,207.236525,0.171412,0,0,0
1772800201.446790,1206,209.755083,0.173926,0,0,0
1772800201.546430,1188,201.176500,0.169340,0,0,0
1772800201.646705,1197,204.989402,0.171253,0,0,0
1772800201.747354,1198,209.634707,0.174987,0,0,0
1772800201.846981,1203,209.216301,0.173912,0,0,0
1772800201.947806,1224,213.510692,0.174437,0,0,0
1772800202.046975,1197,216.020187,0.180468,0,0,0
1772800202.147761,1187,218.264730,0.183879,0,0,0
1772800202.246442,1186,213.753028,0.180230,0,0,0
1772800202.347000,1202,209.368717,0.174184,0,0,0
1772800202.447850,1158,214.762516,0.185460,0,0,0
1772800202.546852,1169,216.423442,0.185136,0,0,0
1772800202.647145,1159,203.101212,0.175238,0,0,0
1772800202.747162,1172,207.324635,0.176898,0,0,0
1772800202.847934,1177,204.941648,0.174122,0,0,0
1772800202.947041,1214,209.866933,0.172872,0,0,0
1772800203.047133,1207,214.915560,0.178058,0,0,0
1772800203.147077,1196,208.202383,0.174082,0,0,0
1772800203.246976,1198,210.427830,0.175649,0,0,0
1772800203.346227,1195,213.357110,0.178542,0,0,0
1772800203.446925,1185,210.419335,0.177569,0,0,0
1772800203.546742,1189,206.713149,0.173855,0,0,0
1772800203.647941,1206,210.218401,0.174310,0,0,0
1772800203.747884,1187,203.252334,0.171232,0,0,0
1772800203.846841,1212,216.815390,0.178891,0,0,0
1772800203.946888,1147,204.922698,0.178660,0,0,0
1772800204.046606,1232,220.672111,0.179117,0,0,0
1772800204.146855,1160,205.359376,0.177034,0,0,0
1772800204.246778,1168,213.659332,0.182928,0,0,0
1772800204.346589,1178,208.841871,0.177285,0,0,0
1772800204.446757,1195,205.783793,0.172204,0,0,0
1772800204.547908,1183,214.710918,0.181497,0,0,0
1772800204.646805,1225,213.914546,0.174624,0,0,0
1772800204.747019,1200,205.406449,0.171172,0,0,0
1772800204.846539,1193,210.437466,0.176394,0,0,0
1772800204.947824,1214,211.138209,0.173919,0,0,0
1772800205.046732,1206,212.607437,0.176291,0,0,0
1772800205.146810,1215,206.248629,0.169752,0,0,0
1772800205.247442,1208,203.056356,0.168093,0,0,0
1772800205.346395,1231,204.906453,0.166455,0,0,0
1772800205.446905,1214,192.059551,0.158204,0,0,0
1772800205.546788,1232,193.204932,0.156822,0,0,0
1772800205.646832,1201,196.778921,0.163846,0,0,0
1772800205.746786,1212,197.633460,0.163064,0,0,0
1772800205.847790,1203,192.412552,0.159944,0,0,0
1772800205.947772,1161,188.844560,0.162657,0,0,0
1772800206.046401,1162,201.861263,0.173719,0,0,0
1772800206.146595,1146,182.104081,0.158904,0,0,0
1772800206.247815,1188,194.315426,0.163565,0,0,0
1772800206.346713,1128,177.721996,0.157555,0,0,0
1772800206.446794,1160,184.769833,0.159284,0,0,0
1772800206.546728,1169,174.188186,0.149006,0,0,0
1772800206.648995,1171,184.248423,0.157343,0,0,0
1772800206.747842,1183,173.253311,0.146453,0,0,0
1772800206.846529,1162,174.868325,0.150489,0,0,0
1772800206.947842,1199,198.078185,0.165203,0,0,0
1772800207.046852,1180,185.214621,0.156962,0,0,0
1772800207.146744,1167,175.953717,0.150774,0,0,0
1772800207.246571,1201,189.251489,0.157578,0,0,0
1772800207.347742,1174,183.022249,0.155896,0,0,0
1772800207.446868,1194,191.834898,0.160666,0,0,0
1772800207.547819,1180,178.817361,0.151540,0,0,0
1772800207.647766,1142,166.409070,0.145717,0,0,0
1772800207.747039,1176,181.780602,0.154575,0,0,0
1772800207.848656,1200,187.817645,0.156515,0,0,0
1772800207.947872,1183,181.398414,0.153338,0,0,0
1772800208.047091,1222,183.728544,0.150351,0,0,0
1772800208.147011,1208,198.537788,0.164352,0,0,0
1772800208.247025,1185,185.030913,0.156144,0,0,0
1772800208.346358,1174,196.475157,0.167355,0,0,0
1772800208.446796,1166,184.913930,0.158588,0,0,0
1772800208.546956,1151,186.138777,0.161719,0,0,0
1772800208.646804,1133,167.692872,0.148008,0,0,0
1772800208.746716,1121,167.525169,0.149443,0,0,0
1772800208.846816,1105,182.666256,0.165309,0,0,0
1772800208.946453,1138,171.719434,0.150896,0,0,0
1772800209.046642,1089,177.808763,0.163277,0,0,0
1772800209.146948,1111,187.456293,0.168728,0,0,0
1772800209.246804,1084,176.647974,0.162959,0,0,0
1772800209.346835,1075,177.000619,0.164652,0,0,0
1772800209.446834,1106,172.501147,0.155968,0,0,0
1772800209.546935,1042,168.808031,0.162004,0,0,0
1772800209.646869,1057,161.324441,0.152625,0,0,0
1772800209.746886,1079,173.595327,0.160885,0,0,0
1772800209.847775,1072,153.065120,0.142785,0,0,0
1772800209.946766,1052,159.134265,0.151268,0,0,0
1772800210.046499,1073,149.835050,0.139641,0,0,0
1772800210.146716,1068,164.141059,0.153690,0,0,0
1772800210.246611,1098,165.070027,0.150337,0,0,0
1772800210.346698,1103,171.008335,0.155039,0,0,0
1772800210.447721,1072,152.796704,0.142534,0,0,0
1772800210.546747,1052,158.952518,0.151096,0,0,0
1772800210.648710,1056,154.211463,0.146034,0,0,0
1772800210.747658,1022,143.309481,0.140225,0,0,1
1772800210.847736,1020,140.167814,0.137419,0,0,1
1772800210.946793,1022,149.343122,0.146128,0,0,1
1772800211.047732,1014,135.756076,0.133882,0,0,1
1772800211.146758,1000,134.890483,0.134890,0,0,1
1772800211.247057,971,121.914021,0.125555,0,0,1
1772800211.347709,977,127.705776,0.130712,0,0,1
1772800211.447778,1008,139.748999,0.138640,0,0,1
1772800211.547692,993,126.651390,0.127544,0,0,1
1772800211.646805,1026,132.493895,0.129136,0,0,1
1772800211.747721,965,125.045212,0.129581,0,0,1
1772800211.847004,991,132.031881,0.133231,0,0,1
1772800211.948731,994,142.644363,0.143505,0,0,1
1772800212.046375,997,149.203647,0.149653,0,0,1
1772800212.148730,1020,151.799237,0.148823,0,0,1
1772800212.247755,1001,145.666461,0.145521,0,0,1
1772800212.348764,1030,149.978343,0.145610,0,0,1
1772800212.446905,1013,152.354374,0.150399,0,0,1
1772800212.547820,1006,146.192870,0.145321,0,0,1
1772800212.647819,1016,159.041118,0.156537,0,0,1
1772800212.746357,1059,155.622309,0.146952,0,0,1
1772800212.848651,1050,169.032292,0.160983,0,0,0
1772800212.947891,1064,171.175066,0.160879,0,0,0
1772800213.046544,1064,188.157222,0.176839,0,0,0
1772800213.146673,1069,175.783503,0.164437,0,0,0
1772800213.246998,1075,179.913465,0.167361,0,0,0
1772800213.347953,994,161.349801,0.162324,0,0,0
1772800213.447869,1018,166.684141,0.163737,0,0,0
1772800213.547728,968,157.414770,0.162619,0,0,0
1772800213.646316,1019,170.002813,0.166833,0,0,0
1772800213.746881,995,164.986206,0.165815,0,0,0
1772800213.846885,989,154.270493,0.155986,0,0,0
1772800213.947193,997,155.823311,0.156292,0,0,0
1772800214.050624,1002,166.019534,0.165688,0,0,0
1772800214.148730,990,164.378936,0.166039,0,0,0
1772800214.247077,985,157.878119,0.160282,0,0,0
1772800214.346888,1001,154.239608,0.154086,0,0,0
1772800214.446679,983,145.997511,0.148522,0,0,0
1772800214.546628,988,157.211398,0.159121,0,0,0
1772800214.647821,1011,170.314723,0.168462,0,0,0
1772800214.747772,1009,174.526576,0.172970,0,0,0
1772800214.848670,989,178.962344,0.180953,0,0,0
1772800214.946675,975,194.256017,0.199237,0,0,0
1772800215.046809,989,194.836592,0.197004,0,0,0
1772800215.146570,993,173.145139,0.174366,0,0,0
1772800215.246624,1002,199.623128,0.199225,0,0,0
1772800215.347728,988,187.983627,0.190267,0,0,0
1772800215.446898,991,208.947615,0.210845,0,0,0
1772800215.546739,991,206.950887,0.208830,0,0,0
1772800215.647711,968,214.137922,0.221217,0,0,0
1772800215.746439,957,217.934040,0.227726,0,0,0
1772800215.846725,926,214.445858,0.231583,0,0,0
1772800215.947913,920,201.967912,0.219530,0,0,0
1772800216.047763,946,227.919694,0.240930,0,0,0
1772800216.146919,917,201.101593,0.219304,0,0,0
1772800216.246729,917,203.640648,0.222073,0,0,0
1772800216.347739,900,205.315497,0.228128,0,0,0
1772800216.447027,945,214.762522,0.227262,0,0,0
1772800216.547760,915,211.662115,0.231325,0,0,0
1772800216.647720,931,226.531052,0.243320,0,0,0
1772800216.746356,927,207.983121,0.224362,0,0,0
1772800216.846735,942,232.951934,0.247295,0,0,0
1772800216.947686,973,238.245576,0.244857,0,0,0
1772800217.047817,979,243.437414,0.248659,0,0,0
1772800217.147853,968,230.654963,0.238280,0,0,0
1772800217.246798,981,243.671023,0.248390,0,0,0
1772800217.347778,960,230.497961,0.240102,0,0,0
1772800217.447733,943,241.156863,0.255734,0,0,0
1772800217.546608,904,218.121925,0.241285,0,0,0
1772800217.647833,871,196.659945,0.225786,0,0,0
1772800217.747748,862,187.583601,0.217614,0,0,0
1772800217.846889,859,188.775344,0.219762,0,0,0
1772800217.946785,840,172.512514,0.205372,0,0,0
1772800218.047744,867,179.744055,0.207317,0,0,0
1772800218.146906,851,192.998789,0.226791,0,0,0
1772800218.246661,889,191.671961,0.215604,0,0,0
1772800218.346411,887,209.049647,0.235682,0,0,0
1772800218.446787,892,202.101016,0.226571,0,0,0
1772800218.548669,888,211.232851,0.237875,0,0,0
1772800218.646839,912,208.679389,0.228815,0,0,0
1772800218.747758,865,208.428818,0.240958,0,0,0
1772800218.846733,856,200.672276,0.234430,0,0,0
1772800218.947680,841,193.144412,0.229660,0,0,0
1772800219.046863,797,180.053884,0.225915,0,0,0
1772800219.146376,777,170.632438,0.219604,0,0,0
1772800219.246598,802,193.000844,0.240649,0,0,0
1772800219.347698,819,206.857509,0.252573,0,0,0
1772800219.446923,828,212.904938,0.257132,0,0,0
1772800219.547691,807,207.118912,0.256653,0,0,0
1772800219.647676,811,212.036580,0.261451,0,0,0
1772800219.747682,818,205.556419,0.251291,0,0,0
1772800219.846875,811,207.633874,0.256022,0,0,0
1772800219.946884,819,211.688692,0.258472,0,0,0
1772800220.046609,807,215.696448,0.267282,0,0,0
1772800220.146488,824,212.472558,0.257855,0,0,0
1772800220.247698,828,213.177126,0.257460,0,0,0
1772800220.347695,799,211.812987,0.265098,0,0,0
1772800220.447895,784,216.594905,0.276269,0,0,0
1772800220.546282,815,232.188406,0.284894,0,0,0
1772800220.648648,808,239.382187,0.296265,0,0,0
1772800220.747620,782,231.973081,0.296641,0,0,0
1772800220.846623,796,237.762486,0.298697,0,0,0
1772800220.947670,793,241.457075,0.304486,0,0,0
1772800221.047772,785,243.640174,0.310370,0,0,0
1772800221.147650,829,259.607776,0.313158,0,0,0
1772800221.247703,816,255.486169,0.313096,0,0,0
1772800221.346913,831,259.270655,0.311998,0,0,0
1772800221.447762,848,249.971787,0.294778,0,0,0
1772800221.547698,830,252.877290,0.304671,0,0,0
1772800221.646887,804,239.055482,0.297333,0,0,0
1772800221.746698,813,247.763709,0.304752,0,0,0
1772800221.846369,794,241.204628,0.303784,0,0,0
1772800221.947702,825,242.553009,0.294004,0,0,0
1772800222.047604,815,238.154389,0.292214,0,0,0
1772800222.147740,830,235.466487,0.283695,0,0,0
1772800222.247696,810,231.753190,0.286115,0,0,0
1772800222.346813,830,236.766752,0.285261,0,0,0
1772800222.447766,826,240.848770,0.291584,0,0,0
1772800222.547658,803,231.458421,0.288242,0,0,0
1772800222.646877,853,236.504141,0.277262,0,0,0
1772800222.748770,828,237.461401,0.286789,0,0,0
1772800222.846806,830,226.988856,0.273481,0,0,0
1772800222.946996,844,229.863338,0.272350,0,0,0
1772800223.046752,840,227.401734,0.270716,0,0,0
1772800223.148206,841,225.617038,0.268272,0,0,0
1772800223.246375,822,234.905006,0.285773,0,0,0
1772800223.347699,813,235.630443,0.289828,0,0,0
1772800223.448448,809,229.051385,0.283129,0,0,0
1772800223.546813,831,242.855819,0.292245,0,0,0
1772800223.646810,816,225.838909,0.276763,0,0,0
1772800223.747649,834,227.254656,0.272488,0,0,0
1772800223.847718,807,232.039050,0.287533,0,0,0
1772800223.947867,821,226.814151,0.276266,0,0,0
1772800224.046946,840,240.191137,0.285942,0,0,0
1772800224.147760,821,235.130607,0.286395,0,0,0
1772800224.247748,826,241.648903,0.292553,0,0,0
1772800224.347628,845,242.176422,0.286599,0,0,0
1772800224.446897,833,228.191657,0.273940,0,0,0
1772800224.547727,858,244.569227,0.285046,0,0,0
1772800224.646790,862,227.719168,0.264175,0,0,0
1772800224.748654,886,234.933339,0.265162,0,0,0
1772800224.847705,823,224.210924,0.272431,0,0,0
1772800224.947632,861,223.832633,0.259968,0,0,0
1772800225.047688,865,240.982869,0.278593,0,0,0
1772800225.147872,866,250.242939,0.288964,0,0,0
1772800225.247801,868,244.878652,0.282118,0,0,0
1772800225.346286,877,247.939752,0.282714,0,0,0
1772800225.447610,912,259.864410,0.284939,0,0,0
1772800225.547572,913,247.768581,0.271379,0,0,0
1772800225.648250,938,275.950916,0.294191,0,0,0
1772800225.747571,937,266.919194,0.284866,0,0,0
1772800225.847669,929,260.896656,0.280836,0,0,0
1772800225.947843,940,268.909457,0.286074,0,0,0
1772800226.047732,944,257.812458,0.273106,0,0,0
1772800226.147756,977,265.228265,0.271472,0,0,0
1772800226.247684,981,257.240235,0.262222,0,0,0
1772800226.346845,1007,264.365870,0.262528,0,0,0
1772800226.446780,1013,273.922249,0.270407,0,0,0
1772800226.547767,1009,252.876364,0.250621,0,0,0
1772800226.647750,1012,269.475077,0.266280,0,0,0
1772800226.747606,1007,262.441917,0.260618,0,0,0
1772800226.847574,1021,271.283200,0.265703,0,0,0
1772800226.946234,1041,265.346560,0.254896,0,0,0
1772800227.046582,1041,271.473365,0.260781,0,0,0
1772800227.146793,1046,274.625083,0.262548,0,0,0
1772800227.247690,1039,260.836021,0.251045,0,0,0
1772800227.346387,1055,273.820858,0.259546,0,0,0
1772800227.446229,1021,255.553030,0.250297,0,0,0
1772800227.547645,1031,256.590692,0.248876,0,0,0
1772800227.647676,1048,264.060148,0.251966,0,0,0
1772800227.747703,1045,264.509673,0.253119,0,0,0
1772800227.847703,1046,270.626777,0.258725,0,0,0
1772800227.946946,1052,274.342667,0.260782,0,0,0
1772800228.046870,1078,275.248759,0.255333,0,0,0
1772800228.146657,1050,266.146547,0.253473,0,0,0
1772800228.247689,1071,272.050147,0.254015,0,0,0
1772800228.347618,1047,268.028866,0.255997,0,0,0
1772800228.447602,1052,267.973459,0.254728,0,0,0
1772800228.547650,1045,261.627384,0.250361,0,0,0
1772800228.646631,1033,271.379430,0.262710,0,0,0
1772800228.747658,1042,283.240450,0.271824,0,0,0
1772800228.848150,1037,275.302774,0.265480,0,0,0
1772800228.946775,1013,267.948900,0.264510,0,0,0
1772800229.047620,1018,263.082601,0.258431,0,0,0
1772800229.147698,1026,260.378725,0.253780,0,0,0
1772800229.247862,994,263.259584,0.264849,0,0,0
1772800229.347712,1018,279.824093,0.274876,0,0,0
1772800229.447990,993,278.479541,0.280443,0,0,0
1772800229.547536,1038,287.472537,0.276948,0,0,0
1772800229.647870,1030,280.160939,0.272001,0,0,0
1772800229.747657,1028,290.377531,0.282468,0,0,0
1772800229.847571,1010,274.099526,0.271386,0,0,0
1772800229.947648,999,256.575766,0.256833,0,0,0
1772800230.047661,1008,257.078213,0.255038,0,0,0
1772800230.146853,1016,253.981284,0.249982,0,0,0
1772800230.247690,1009,251.540299,0.249297,0,0,0
1772800230.347612,993,245.397388,0.247127,0,0,0
1772800230.446585,1009,255.509249,0.253230,0,0,0
1772800230.547610,972,227.991824,0.234559,0,0,0
1772800230.647648,986,257.335448,0.260989,0,0,0
1772800230.747673,986,242.984545,0.246435,0,0,0
1772800230.847627,954,248.338133,0.260313,0,0,0
1772800230.946738,950,229.220526,0.241285,0,0,0
1772800231.047549,913,226.156463,0.247707,0,0,0
1772800231.147648,887,235.510865,0.265514,0,0,0
1772800231.247629,880,208.670010,0.237125,0,0,0
1772800231.346944,886,225.730892,0.254775,0,0,0
1772800231.447655,854,225.989822,0.264625,0,0,0
1772800231.547601,863,218.456291,0.253136,0,0,0
1772800231.647632,876,227.455612,0.259653,0,0,0
1772800231.746554,860,230.475932,0.267995,0,0,0
1772800231.847700,859,224.219972,0.261024,0,0,0
1772800231.946894,863,229.686128,0.266148,0,0,0
1772800232.046862,848,223.237028,0.263251,0,0,0
1772800232.147593,863,220.187599,0.255142,0,0,0
1772800232.246511,862,227.975692,0.264473,0,0,0
1772800232.347649,875,217.272095,0.248311,0,0,0
1772800232.447501,840,209.958264,0.249950,0,0,0
1772800232.547679,867,211.777496,0.244265,0,0,0
1772800232.647605,811,199.913406,0.246502,0,0,0
1772800232.747554,828,202.366248,0.244404,0,0,0
1772800232.846715,846,206.112245,0.243631,0,0,0
1772800232.947850,827,192.479191,0.232744,0,0,0
1772800233.047654,814,187.758290,0.230661,0,0,0
1772800233.147863,809,179.613163,0.222019,0,0,0
1772800233.246633,833,187.687050,0.225315,0,0,0
1772800233.347581,815,175.041800,0.214775,0,0,0
1772800233.446719,822,188.290594,0.229064,0,0,0
1772800233.547664,790,182.528355,0.231049,0,0,0
1772800233.647745,785,174.716919,0.222569,0,0,0
1772800233.747665,782,175.672561,0.224645,0,0,0
1772800233.847668,800,172.072659,0.215091,0,0,0
1772800233.947811,770,168.990561,0.219468,0,0,0
1772800234.047650,781,169.443373,0.216957,0,0,0
1772800234.147777,761,167.581013,0.220212,0,0,0
1772800234.247783,752,166.408162,0.221287,0,0,0
1772800234.347607,733,179.562581,0.244969,0,0,0
1772800234.447745,741,181.423830,0.244836,0,0,0
1772800234.548756,752,181.756278,0.241697,0,0,0
1772800234.646854,766,184.556338,0.240935,0,0,0
1772800234.747861,744,187.055673,0.251419,0,0,0
1772800234.847733,764,186.100421,0.243587,0,0,0
1772800234.947642,754,175.002734,0.232099,0,0,0
1772800235.047753,725,174.285944,0.240394,0,0,0
1772800235.148277,728,171.517947,0.235602,0,0,0
1772800235.247699,720,179.972133,0.249961,0,0,0
1772800235.347600,707,167.251859,0.236566,0,0,0
1772800235.447635,693,183.277025,0.264469,0,0,0
1772800235.547561,670,169.762123,0.253376,0,0,0
1772800235.648814,689,175.564713,0.254811,0,0,0
1772800235.747550,686,174.795882,0.254804,0,0,0
1772800235.847649,659,179.533812,0.272434,0,0,0
1772800235.947526,675,176.839111,0.261984,0,0,0
1772800236.047823,676,179.045106,0.264860,0,0,0
1772800236.147531,673,176.255570,0.261895,0,0,0
1772800236.247604,695,180.543222,0.259774,0,0,0
1772800236.347733,651,164.241099,0.252290,0,0,0
1772800236.446799,651,165.137597,0.253668,0,0,0
1772800236.547619,656,168.293241,0.256545,0,0,0
1772800236.647639,627,172.574011,0.275238,0,0,0
1772800236.747519,615,159.846906,0.259914,0,0,0
1772800236.847112,580,164.702365,0.283970,0,0,0
1772800236.947514,604,158.767925,0.262861,0,0,0
1772800237.047167,586,156.692515,0.267393,0,0,0
1772800237.147555,597,156.988173,0.262962,0,0,0
1772800237.247467,569,147.081936,0.258492,0,0,0
1772800237.348631,587,152.505463,0.259805,0,0,0
1772800237.447505,573,142.621360,0.248903,0,0,0
1772800237.549090,614,157.925247,0.257207,0,0,0
1772800237.647649,573,143.424340,0.250304,0,0,0
1772800237.746684,582,149.629461,0.257095,0,0,0
1772800237.846649,586,146.831191,0.250565,0,0,0
1772800237.946710,560,139.964143,0.249936,0,0,0
1772800238.046712,572,138.093002,0.241421,0,0,0
1772800238.146809,551,145.434187,0.263946,0,0,0
1772800238.246604,568,142.741859,0.251306,0,0,0
1772800238.347570,551,134.358529,0.243845,0,0,0
1772800238.447500,541,136.492422,0.252297,0,0,0
1772800238.547685,545,135.546371,0.248709,0,0,0
1772800238.647534,525,133.258979,0.253827,0,0,0
1772800238.747599,552,143.575829,0.260101,0,0,0
1772800238.847504,545,144.164050,0.264521,0,0,0
1772800238.947848,553,136.283740,0.246444,0,0,0
1772800239.047624,520,134.336443,0.258339,0,0,0
1772800239.147513,542,128.314297,0.236742,0,0,0
1772800239.247483,517,132.539088,0.256362,0,0,0
1772800239.347592,532,135.314332,0.254350,0,0,0
1772800239.447535,499,130.216392,0.260955,0,0,0
1772800239.547564,501,126.873454,0.253240,0,0,0
1772800239.647691,482,126.473053,0.262392,0,0,0
1772800239.746638,497,132.703470,0.267009,0,0,0
1772800239.847533,466,128.524429,0.275803,0,0,0
1772800239.947486,470,122.817707,0.261314,0,0,0
1772800240.047628,472,119.908665,0.254044,0,0,0
1772800240.146647,470,115.821162,0.246428,0,0,0
1772800240.247457,468,118.317294,0.252815,0,0,0
1772800240.347587,475,122.183466,0.257228,0,0,0
1772800240.447554,477,125.747191,0.263621,0,0,0
1772800240.547759,458,117.346867,0.256216,0,0,0
1772800240.647537,456,127.063040,0.278647,0,0,0
1772800240.747442,454,120.425788,0.265255,0,0,0
1772800240.847462,461,120.198483,0.260734,0,0,0
1772800240.947682,436,113.682766,0.260740,0,0,0
1772800241.047506,444,120.511297,0.271422,0,0,0
1772800241.147565,447,126.361254,0.282687,0,0,0
1772800241.247505,448,120.222320,0.268353,0,0,0
1772800241.347593,429,114.775058,0.267541,0,0,0
1772800241.447894,424,116.857251,0.275607,0,0,0
1772800241.547611,437,117.972467,0.269960,0,0,0
1772800241.647743,449,131.620867,0.293142,0,0,0
1772800241.747605,447,126.152310,0.282220,0,0,0
1772800241.847788,414,121.457683,0.293376,0,0,0
1772800241.947836,432,118.402167,0.274079,0,0,0
1772800242.047632,436,128.470299,0.294657,0,0,0
1772800242.147413,453,131.839448,0.291036,0,0,0
1772800242.247406,436,122.875751,0.281825,0,0,0
1772800242.347733,456,137.821789,0.302241,0,0,0
1772800242.447548,435,130.359789,0.299678,0,0,0
1772800242.547429,429,128.797324,0.300227,0,0,0
1772800242.646649,427,129.424423,0.303102,0,0,0
1772800242.747663,425,130.746977,0.307640,0,0,0
1772800242.846771,442,131.860262,0.298326,0,0,0
1772800242.946779,423,124.087485,0.293351,0,0,0
1772800243.046645,437,129.989029,0.297458,0,0,0
1772800243.147541,458,127.589876,0.278581,0,0,0
1772800243.247666,448,137.155868,0.306151,0,0,0
1772800243.347660,455,136.973902,0.301042,0,0,0
1772800243.447643,442,138.802154,0.314032,0,0,0
1772800243.546689,450,136.890072,0.304200,0,0,0
1772800243.647558,448,133.346421,0.297648,0,0,0
1772800243.747483,458,137.858246,0.301001,0,0,0
1772800243.847641,438,124.767924,0.284858,0,0,0
1772800243.947465,442,131.098375,0.296603,0,0,0
1772800244.047644,451,133.248096,0.295450,0,0,0
1772800244.146643,460,139.824310,0.303966,0,0,0
1772800244.247463,454,141.533991,0.311749,0,0,0
1772800244.347493,470,137.630690,0.292831,0,0,0
1772800244.447490,493,140.542232,0.285076,0,0,0
1772800244.547421,502,131.127623,0.261210,0,0,0
1772800244.647470,498,134.212944,0.269504,0,0,0
1772800244.746625,517,139.474768,0.269777,0,0,0
1772800244.847455,512,134.209543,0.262128,0,0,0
1772800244.947741,535,134.232853,0.250903,0,0,0
1772800245.047531,553,143.437620,0.259381,0,0,0
1772800245.147728,555,153.642307,0.276833,0,0,0
1772800245.247488,532,142.952703,0.268708,0,0,0
1772800245.346756,558,150.176986,0.269134,0,0,0
1772800245.447443,568,153.517909,0.270278,0,0,0
1772800245.547499,595,160.235163,0.269303,0,0,0
1772800245.646638,599,162.882752,0.271924,0,0,0
1772800245.747410,597,163.591957,0.274023,0,0,0
1772800245.847538,612,171.460936,0.280165,0,0,0
1772800245.947695,599,170.731026,0.285027,0,0,0
1772800246.047481,613,170.562608,0.278242,0,0,0
1772800246.147537,598,172.346073,0.288204,0,0,0
1772800246.247424,550,154.591577,0.281076,0,0,0
1772800246.347668,584,153.323181,0.262540,0,0,0
1772800246.447638,565,154.631957,0.273685,0,0,0
1772800246.547484,601,159.091133,0.264711,0,0,0
1772800246.647473,615,172.617138,0.280678,0,0,0
1772800246.747718,615,166.758553,0.271152,0,0,0
1772800246.847514,600,163.564045,0.272607,0,0,0
1772800246.947646,597,153.915220,0.257814,0,0,0
1772800247.047498,606,158.392624,0.261374,0,0,0
1772800247.147558,615,165.255036,0.268707,0,0,0
1772800247.246582,605,165.694563,0.273875,0,0,0
1772800247.347827,583,153.551317,0.263381,0,0,0
1772800247.447689,562,152.060962,0.270571,0,0,0
1772800247.547693,559,140.810626,0.251897,0,0,0
1772800247.647423,567,162.169180,0.286013,0,0,0
1772800247.746763,545,143.726941,0.263719,0,0,0
1772800247.846834,574,159.986270,0.278722,0,0,0
1772800247.946645,589,163.301089,0.277251,0,0,0
1772800248.047054,611,166.869560,0.273109,0,0,0
1772800248.147433,596,165.359359,0.277449,0,0,0
1772800248.246509,615,159.742223,0.259743,0,0,0
1772800248.346374,603,161.828219,0.268372,0,0,0
1772800248.447488,581,155.082818,0.266924,0,0,0
1772800248.547627,587,165.717745,0.282313,0,0,0
1772800248.647727,576,154.649082,0.268488,0,0,0
1772800248.747540,561,150.442985,0.268169,0,0,0
1772800248.846613,583,158.890476,0.272539,0,0,0
1772800248.947563,604,164.842254,0.272918,0,0,0
1772800249.047636,577,162.237611,0.281174,0,0,0
1772800249.147385,585,155.315081,0.265496,0,0,0
1772800249.247388,562,148.341280,0.263952,0,0,0
1772800249.347422,588,152.174986,0.258801,0,0,0
1772800249.447409,581,151.301714,0.260416,0,0,0
1772800249.547449,578,152.266731,0.263437,0,0,0
1772800249.647484,575,148.736371,0.258672,0,0,0
1772800249.747456,575,150.394543,0.261556,0,0,0
1772800249.847581,576,149.167542,0.258971,0,0,0
1772800249.947391,571,145.416136,0.254669,0,0,0
1772800250.047575,566,143.013438,0.252674,0,0,0
1772800250.147595,568,131.699143,0.231865,0,0,0
1772800250.247884,545,117.898985,0.216328,0,0,0
1772800250.347496,559,126.350556,0.226030,0,0,0
1772800250.447478,530,103.907992,0.196053,0,0,0
1772800250.546550,563,123.905993,0.220082,0,0,0
1772800250.647585,562,127.970998,0.227706,0,0,0
1772800250.747593,553,122.413862,0.221363,0,0,0
1772800250.847572,552,130.263133,0.235984,0,0,0
1772800250.948850,567,125.570873,0.221465,0,0,0
1772800251.047601,553,130.676279,0.236304,0,0,0
1772800251.147636,575,132.895721,0.231123,0,0,0
1772800251.247463,564,125.503255,0.222524,0,0,0
1772800251.347421,575,130.660368,0.227235,0,0,0
1772800251.447591,566,128.005236,0.226158,0,0,0
1772800251.547506,590,135.301051,0.229324,0,0,0
1772800251.647741,573,129.877236,0.226662,0,0,0
1772800251.747357,582,135.750783,0.233249,0,0,0
1772800251.848760,561,127.645626,0.227532,0,0,0
1772800251.947638,580,125.005499,0.215527,0,0,0
1772800252.050628,561,125.872693,0.224372,0,0,0
1772800252.147840,586,129.274441,0.220605,0,0,0
1772800252.247434,602,149.225819,0.247883,0,0,0
1772800252.347531,576,130.443901,0.226465,0,0,0
1772800252.447539,593,136.057908,0.229440,0,0,0
1772800252.547636,582,134.338791,0.230823,0,0,0
1772800252.649624,601,138.908153,0.231128,0,0,0
1772800252.746640,606,133.255848,0.219894,0,0,0
1772800252.846710,601,137.893301,0.229440,0,0,0
1772800252.946553,610,138.798449,0.227538,0,0,0
1772800253.047395,600,154.054762,0.256758,0,0,0
1772800253.146437,635,161.785916,0.254781,0,0,0
1772800253.247552,620,151.540059,0.244419,0,0,0
1772800253.347653,623,165.335099,0.265385,0,0,0
1772800253.447395,607,157.127343,0.258859,0,0,0
1772800253.547561,627,169.735669,0.270711,0,0,0
1772800253.647373,609,169.981031,0.279115,0,0,0
1772800253.747489,630,170.002976,0.269846,0,0,0
1772800253.847637,649,168.659748,0.259876,0,0,0
1772800253.947562,660,169.046984,0.256132,0,0,0
1772800254.047786,668,173.808023,0.260192,0,0,0
1772800254.147408,649,169.255739,0.260795,0,0,0
1772800254.247539,662,182.116422,0.275100,0,0,0
1772800254.347569,647,173.996437,0.268928,0,0,0
1772800254.447709,660,179.676672,0.272237,0,0,0
1772800254.547448,662,176.533275,0.266667,0,0,0
1772800254.647673,678,183.284245,0.270331,0,0,0
1772800254.747597,644,174.092328,0.270330,0,0,0
1772800254.847408,671,182.138602,0.271444,0,0,0
1772800254.947446,684,182.185661,0.266353,0,0,0
1772800255.047570,687,181.453932,0.264125,0,0,0
1772800255.147555,677,174.951862,0.258422,0,0,0
1772800255.247649,678,181.810260,0.268157,0,0,0
1772800255.347673,684,176.824033,0.258515,0,0,0
1772800255.447462,695,188.697860,0.271508,0,0,0
1772800255.547610,687,182.994851,0.266368,0,0,0
1772800255.647430,664,176.921860,0.266449,0,0,0
1772800255.747646,698,187.430979,0.268526,0,0,0
1772800255.847461,688,182.404474,0.265123,0,0,0
1772800255.947462,713,185.124951,0.259642,0,0,0
1772800256.047419,663,173.133451,0.261136,0,0,0
1772800256.147357,685,180.276728,0.263178,0,0,0
1772800256.247442,668,186.793242,0.279631,0,0,0
1772800256.347368,684,180.310575,0.263612,0,0,0
1772800256.447547,646,181.454780,0.280890,0,0,0
1772800256.547461,682,183.515259,0.269084,0,0,0
1772800256.647443,669,177.656667,0.265556,0,0,0
1772800256.747581,674,183.058931,0.271601,0,0,0
1772800256.847411,658,184.552767,0.280475,0,0,0
1772800256.946588,667,181.947106,0.272784,0,0,0
1772800257.047383,648,178.301415,0.275157,0,0,0
1772800257.147383,657,173.223466,0.263658,0,0,0
1772800257.246488,662,172.806445,0.261037,0,0,0
1772800257.347576,652,170.225177,0.261082,0,0,0
1772800257.447514,644,172.424589,0.267740,0,0,0
1772800257.546623,641,166.153973,0.259211,0,0,0
1772800257.647668,637,162.187306,0.254611,0,0,0
1772800257.746691,637,165.856545,0.260371,0,0,0
1772800257.846635,610,149.876969,0.245700,0,0,0
1772800257.947295,631,166.628511,0.264071,0,0,0
1772800258.047365,615,152.271836,0.247596,0,0,0
1772800258.147681,631,157.963097,0.250338,0,0,0
1772800258.247623,626,147.927164,0.236305,0,0,0
1772800258.347586,633,156.733397,0.247604,0,0,0
1772800258.447424,602,140.608030,0.233568,0,0,0
1772800258.547291,577,143.285920,0.248329,0,0,0
1772800258.647559,559,128.876203,0.230548,0,0,0
1772800258.747508,576,136.592663,0.237140,0,0,0
1772800258.847411,577,128.183505,0.222155,0,0,0
1772800258.947441,582,130.244166,0.223787,0,0,0
1772800259.047395,586,127.289861,0.217218,0,0,0
1772800259.146477,579,128.996180,0.222791,0,0,0
1772800259.247684,558,126.202015,0.226168,0,0,0
1772800259.347579,578,135.689641,0.234757,0,0,0
1772800259.448187,582,127.337193,0.218792,0,0,0
1772800259.547673,563,131.426729,0.233440,0,0,0
1772800259.647901,617,134.971293,0.218754,0,0,0
1772800259.747935,569,124.384669,0.218602,0,0,0
1772800259.847412,606,134.773585,0.222399,0,0,0
1772800259.947351,572,127.472280,0.222854,0,0,0
1772800260.047397,592,137.217948,0.231787,0,0,0
1772800260.147495,591,121.481485,0.205552,0,0,0
1772800260.247545,603,138.852917,0.230270,0,0,0
1772800260.347680,585,121.331151,0.207404,0,0,0
1772800260.447522,582,125.852852,0.216242,0,0,0
1772800260.547403,570,122.812462,0.215460,0,0,0
1772800260.647487,585,129.207362,0.220867,0,0,0
1772800260.747627,599,134.418029,0.224404,0,0,0
1772800260.847478,570,145.734586,0.255675,0,0,0
1772800260.947289,570,134.418603,0.235822,0,0,0
1772800261.047520,545,132.861768,0.243783,0,0,0
1772800261.147696,541,123.526747,0.228330,0,0,0
1772800261.247585,543,127.280363,0.234402,0,0,0
1772800261.347425,559,133.735399,0.239240,0,0,0
1772800261.447623,551,136.963079,0.248572,0,0,0
1772800261.547523,581,140.579705,0.241962,0,0,0
1772800261.647396,550,126.206988,0.229467,0,0,0
1772800261.747352,562,145.854862,0.259528,0,0,0
1772800261.847493,563,142.898519,0.253816,0,0,0
1772800261.947403,553,132.638171,0.239852,0,0,0
1772800262.047322,549,139.364229,0.253851,0,0,0
1772800262.147542,576,137.452464,0.238633,0,0,0
1772800262.247470,554,137.546103,0.248278,0,0,0
1772800262.347523,576,148.522152,0.257851,0,0,0
1772800262.446495,564,125.645862,0.222776,0,0,0
1772800262.547381,564,136.103537,0.241318,0,0,0
1772800262.647536,580,145.411865,0.250710,0,0,0
1772800262.746586,570,141.024031,0.247411,0,0,0
1772800262.846684,579,134.023623,0.231474,0,0,0
1772800262.946371,584,149.239667,0.255547,0,0,0
1772800263.046861,567,144.829840,0.255432,0,0,0
1772800263.147646,580,139.175440,0.239958,0,0,0
1772800263.247464,582,144.863272,0.248906,0,0,0
1772800263.347595,565,142.900112,0.252921,0,0,0
1772800263.447513,561,138.534129,0.246941,0,0,0
1772800263.547468,544,129.767208,0.238543,0,0,0
1772800263.647489,520,130.865364,0.251664,0,0,0
1772800263.747458,558,137.671756,0.246724,0,0,0
1772800263.847596,554,128.362153,0.231701,0,0,0
1772800263.947540,546,133.098086,0.243769,0,0,0
1772800264.047227,556,121.034231,0.217687,0,0,0
1772800264.147353,544,120.435632,0.221389,0,0,0
1772800264.247541,553,120.787758,0.218423,0,0,0
1772800264.347603,546,125.689981,0.230201,0,0,0
1772800264.447585,559,122.708002,0.219513,0,0,0
1772800264.547604,542,126.959835,0.234243,0,0,0
1772800264.647448,576,124.917057,0.216870,0,0,0
1772800264.747482,557,122.627789,0.220158,0,0,0
1772800264.847547,594,136.580675,0.229934,0,0,0
1772800264.947435,569,128.895725,0.226530,0,0,0
1772800265.047258,591,140.540631,0.237801,0,0,0
1772800265.147310,571,123.947961,0.217072,0,0,0
1772800265.247589,577,131.510895,0.227922,0,0,0
1772800265.347471,580,126.811717,0.218641,0,0,0
1772800265.447469,597,133.317260,0.223312,0,0,0
1772800265.547518,560,116.821964,0.208611,0,0,0
1772800265.647637,565,125.917846,0.222863,0,0,0
1772800265.747513,564,117.501662,0.208336,0,0,0
1772800265.847401,532,124.190054,0.233440,0,0,0
1772800265.947529,527,115.110188,0.218425,0,0,0
1772800266.047634,488,110.760981,0.226969,0,0,0
1772800266.147666,503,106.836667,0.212399,0,0,0
1772800266.247499,491,113.919443,0.232015,0,0,0
1772800266.346724,514,108.050892,0.210216,0,0,0
1772800266.446478,510,112.699597,0.220980,0,0,0
1772800266.547834,503,104.801748,0.208353,0,0,0
1772800266.647253,484,104.158780,0.215204,0,0,0
1772800266.747357,496,108.556207,0.218863,0,0,0
1772800266.847467,495,111.725792,0.225709,0,0,0
1772800266.947487,503,113.152786,0.224956,0,0,0
1772800267.047580,477,106.512933,0.223298,0,0,0
1772800267.147566,487,102.421582,0.210311,0,0,0
1772800267.247433,484,102.098452,0.210947,0,0,0
1772800267.347390,503,111.080827,0.220837,0,0,0
1772800267.447301,491,102.413841,0.208582,0,0,0
1772800267.547456,506,108.692630,0.214808,0,0,0
1772800267.647543,504,105.992112,0.210302,0,0,0
1772800267.747276,489,106.666486,0.218132,0,0,0
1772800267.848722,502,106.222266,0.211598,0,0,0
1772800267.947584,491,104.393668,0.212614,0,0,0
1772800268.047518,495,103.733020,0.209562,0,0,0
1772800268.147445,501,109.534615,0.218632,0,0,0
1772800268.247339,504,104.596742,0.207533,0,0,0
1772800268.347840,496,105.898256,0.213505,0,0,0
1772800268.446522,502,106.601071,0.212353,0,0,0
1772800268.546431,486,105.306787,0.216681,0,0,0
1772800268.647844,486,103.662256,0.213297,0,0,0
1772800268.747323,476,106.282969,0.223284,0,0,0
1772800268.846502,487,108.700365,0.223204,0,0,0
1772800268.946908,495,109.501513,0.221215,0,0,0
1772800269.047395,494,98.140553,0.198665,0,0,0
1772800269.147351,484,99.940726,0.206489,0,0,0
1772800269.247656,507,103.541310,0.204223,0,0,0
1772800269.347798,478,101.157425,0.211626,0,0,0
1772800269.446440,486,101.237353,0.208307,0,0,0
1772800269.547249,470,99.695809,0.212119,0,0,0
1772800269.647623,493,103.113407,0.209155,0,0,0
1772800269.747486,476,100.633285,0.211414,0,0,0
1772800269.847411,522,110.485754,0.211659,0,0,0
1772800269.947356,501,107.105256,0.213783,0,0,0
1772800270.047438,510,112.075343,0.219756,0,0,0
1772800270.147450,528,115.258760,0.218293,0,0,0
1772800270.247648,553,125.643357,0.227203,0,0,0
1772800270.348378,523,108.514264,0.207484,0,0,0
1772800270.447835,552,123.614498,0.223939,0,0,0
1772800270.547522,536,116.034859,0.216483,0,0,0
1772800270.647433,547,127.008792,0.232192,0,0,0
1772800270.747428,536,113.609211,0.211957,0,0,0
1772800270.847446,538,114.383967,0.212610,0,0,0
1772800270.947522,526,102.410648,0.194697,0,0,0
1772800271.047350,494,114.056955,0.230885,0,0,0
1772800271.147289,508,107.520139,0.211654,0,0,0
1772800271.247421,511,108.551694,0.212430,0,0,0
1772800271.347838,511,107.564461,0.210498,0,0,0
1772800271.447428,501,106.481690,0.212538,0,0,0
1772800271.547437,509,110.918554,0.217915,0,0,0
1772800271.647289,499,104.571976,0.209563,0,0,0
1772800271.747653,502,109.949603,0.219023,0,0,0
1772800271.847547,510,116.044288,0.227538,0,0,0
1772800271.947314,505,105.416979,0.208746,0,0,0
1772800272.047407,507,118.978015,0.234671,0,0,0
1772800272.147574,509,111.923681,0.219889,0,0,0
1772800272.247487,520,117.647325,0.226245,0,0,0
1772800272.347321,532,115.672492,0.217429,0,0,0
1772800272.447500,521,115.080552,0.220884,0,0,0
1772800272.547166,557,124.848650,0.224145,0,0,0
1772800272.647409,536,115.358670,0.215221,0,0,0
1772800272.747267,548,116.977608,0.213463,0,0,0
1772800272.847134,538,114.820838,0.213422,0,0,0
1772800272.946502,532,118.041234,0.221882,0,0,0
1772800273.046888,543,121.073233,0.222971,0,0,0
1772800273.147312,553,123.297843,0.222962,0,0,0
1772800273.247230,550,123.107449,0.223832,0,0,0
1772800273.346869,537,116.874398,0.217643,0,0,0
1772800273.447440,547,123.145096,0.225128,0,0,0
1772800273.547381,530,118.431225,0.223455,0,0,0
1772800273.647470,531,114.680479,0.215971,0,0,0
1772800273.747275,529,121.602244,0.229872,0,0,0
1772800273.847345,525,117.706131,0.224202,0,0,0
1772800273.947306,550,124.582398,0.226513,0,0,0
1772800274.047428,536,120.487307,0.224790,0,0,0
1772800274.147382,536,116.526256,0.217400,0,0,0
1772800274.247503,528,111.555869,0.211280,0,0,0
1772800274.347604,543,120.832626,0.222528,0,0,0
1772800274.447427,531,117.862651,0.221964,0,0,0
1772800274.547271,521,116.441793,0.223497,0,0,0
1772800274.647446,528,114.477914,0.216814,0,0,0
1772800274.747304,517,122.506918,0.236957,0,0,0
1772800274.847255,552,126.838968,0.229781,0,0,0
1772800274.947512,532,119.346990,0.224336,0,0,0
1772800275.047395,544,125.205018,0.230156,0,0,0
1772800275.147377,533,108.779188,0.204089,0,0,0
1772800275.247373,539,120.075040,0.222774,0,0,0
1772800275.347531,546,112.836778,0.206661,0,0,0
1772800275.447375,554,122.460675,0.221048,0,0,0
1772800275.547497,525,114.537493,0.218167,0,0,0
1772800275.647362,551,123.805458,0.224692,0,0,0
1772800275.747399,548,118.008887,0.215345,0,0,0
1772800275.847908,546,121.022115,0.221652,0,0,0
1772800275.947377,565,123.628728,0.218812,0,0,0
1772800276.047369,512,120.751616,0.235843,0,0,0
1772800276.145889,526,113.356533,0.215507,0,0,0
1772800276.247456,520,109.162450,0.209928,0,0,0
1772800276.347480,537,111.681748,0.207973,0,0,0
1772800276.447454,547,124.001734,0.226694,0,0,0
1772800276.547482,541,113.083121,0.209026,0,0,0
1772800276.647366,538,125.900693,0.234016,0,0,0
1772800276.747365,539,122.726690,0.227693,0,0,0
1772800276.847382,540,118.475527,0.219399,0,0,0
1772800276.947346,528,113.834943,0.215596,0,0,0
1772800277.046486,504,97.793564,0.194035,0,0,0
1772800277.147480,549,117.417456,0.213875,0,0,0
1772800277.247350,504,113.811423,0.225816,0,0,0
1772800277.347335,464,97.718218,0.210600,0,0,0
1772800277.447509,563,118.900923,0.211192,0,0,0
1772800277.547394,573,125.895569,0.219713,0,0,0
1772800277.647366,557,119.817573,0.215112,0,0,0
1772800277.747475,556,121.195694,0.217978,0,0,0
1772800277.847483,551,114.848397,0.208436,0,0,0
1772800277.947503,552,116.181745,0.210474,0,0,0
1772800278.047527,542,118.014743,0.217739,0,0,0
1772800278.147227,540,117.982402,0.218486,0,0,0
1772800278.247507,549,114.202630,0.208019,0,0,0
1772800278.347520,571,128.670239,0.225342,0,0,0
1772800278.447330,567,127.152149,0.224254,0,0,0
1772800278.547405,554,121.360942,0.219063,0,0,0
1772800278.647383,538,110.702234,0.205766,0,0,0
1772800278.747368,519,119.051195,0.229386,0,0,0
1772800278.847458,520,112.857056,0.217033,0,0,0
1772800278.947228,522,113.887720,0.218176,0,0,0
1772800279.047240,532,116.428436,0.218850,0,0,0
1772800279.147425,513,101.457732,0.197773,0,0,0
1772800279.247340,521,112.112987,0.215188,0,0,0
1772800279.347503,476,105.040311,0.220673,0,0,0
1772800279.447507,473,106.184797,0.224492,0,0,0
1772800279.547409,465,105.194444,0.226225,0,0,0
1772800279.647544,478,103.225009,0.215952,0,0,0
1772800279.747471,442,96.687301,0.218750,0,0,0
1772800279.847775,498,104.411861,0.209662,0,0,0
1772800279.947255,473,100.231388,0.211906,0,0,0
1772800280.047383,496,107.809086,0.217357,0,0,0
1772800280.147340,500,103.324041,0.206648,0,0,0
1772800280.247512,553,121.003543,0.218813,0,0,0
1772800280.347407,535,113.996009,0.213077,0,0,0
1772800280.447305,555,124.122806,0.223645,0,0,0
1772800280.547294,550,111.075727,0.201956,0,0,0
1772800280.647445,557,119.676948,0.214860,0,0,0
1772800280.747401,542,116.848449,0.215588,0,0,0
1772800280.847312,538,118.856426,0.220923,0,0,0
1772800280.947372,556,119.479534,0.214891,0,0,0
1772800281.047301,524,111.625713,0.213026,0,0,0
1772800281.147351,520,109.293202,0.210179,0,0,0
1772800281.247429,527,116.724368,0.221488,0,0,0
1772800281.347451,519,110.972147,0.213819,0,0,0
1772800281.447280,532,124.201441,0.233461,0,0,0
1772800281.547416,544,121.025686,0.222474,0,0,0
1772800281.647485,540,125.828120,0.233015,0,0,0
1772800281.747447,540,120.608686,0.223349,0,0,0
1772800281.847385,562,139.860842,0.248863,0,0,0
1772800281.947391,531,124.357234,0.234194,0,0,0
1772800282.047338,544,139.275062,0.256020,0,0,0
1772800282.147403,538,128.986080,0.239751,0,0,0
1772800282.247407,525,133.805180,0.254867,0,0,0
1772800282.347380,556,138.460058,0.249029,0,0,0
1772800282.447413,554,135.299739,0.244223,0,0,0
1772800282.547482,542,125.640674,0.231809,0,0,0
1772800282.647644,543,135.095231,0.248794,0,0,0
1772800282.747411,541,132.558419,0.245025,0,0,0
1772800282.847346,552,136.283664,0.246891,0,0,0
1772800282.946632,539,120.891383,0.224288,0,0,0
1772800283.047332,560,131.004898,0.233937,0,0,0
