config: /home/jschoi/edit_fastlio2/src/FAST_LIO_ROS2/config/siheung.yaml
log:    /home/jschoi/edit_fastlio2/cpu_logs/cpu_log_course1_top_siheung.txt
[INFO] [launch]: All log files can be found below /home/jschoi/.ros/log/2026-09-14-22-26-58-664662-jschoi-587205
[INFO] [launch]: Default logging verbosity is set to INFO
[INFO] [republish-1]: process started with pid [587220]
[INFO] [fastlio_mapping-2]: process started with pid [587222]
[INFO] [rviz2-3]: process started with pid [587224]
[fastlio_mapping-2] Multi thread started 
[fastlio_mapping-2] [fast_lio] Pinned process to 16 P-core logical CPUs (0-15) for deterministic Eigen reductions.
[fastlio_mapping-2] [WARN] [1789392418.747450092] [laser_mapping]: mapping.lidar_weak_rotation_threshold is unset (<=0): lidar_weak_rotation/combined_risk will be logged as nan. Run once to inspect the r_lambda_min column, then set this parameter explicitly.
[fastlio_mapping-2] [INFO] [1789392418.747528004] [laser_mapping]: p_pre->lidar_type 4
[fastlio_mapping-2] ~~~~/home/jschoi/edit_fastlio2/src/FAST_LIO_ROS2/ file opened
[fastlio_mapping-2] [INFO] [1789392418.750022532] [laser_mapping]: Node init finished.
Node PID: 587222
준비 완료. 다른 터미널에서 bag을 재생하세요. Ctrl+C로 종료.
[rviz2-3] [INFO] [1789392419.109447755] [rviz2]: Stereo is NOT SUPPORTED
[rviz2-3] [INFO] [1789392419.109498979] [rviz2]: OpenGl version: 4.6 (GLSL 4.6)
[rviz2-3] [INFO] [1789392419.211300679] [rviz2]: Stereo is NOT SUPPORTED
[rviz2-3] [WARN] [1789392419.477109336] [rviz2]: Detected jump back in time. Resetting RViz.
[rviz2-3] [WARN] [1789392419.477217930] [tf2_buffer]: Detected jump back in time. Clearing TF buffer.
[fastlio_mapping-2] IMU Initial Done
[fastlio_mapping-2] [WARN] [1789392419.800387076] [laser_mapping]: No point, skip this scan!
[fastlio_mapping-2] 
[fastlio_mapping-2] [INFO] [1789392419.813192510] [laser_mapping]: Initialize the map kdtree
[fastlio_mapping-2] [InitDone] t=1770798620.765687 p=0.000000 0.000000 0.000000 v=0.000000 0.000000 0.000000 bg=0.003674 -0.001016 -0.019972 ba=0.000000 0.000000 0.000000 g=2.872081 -0.038032 -9.379029 |g|=9.809000
[fastlio_mapping-2] No Effective Points!
[fastlio_mapping-2] No Effective Points!
[fastlio_mapping-2] No Effective Points!
[fastlio_mapping-2] No Effective Points!
[fastlio_mapping-2] [INFO] [1789392419.824271329] [laser_mapping]: Degeneracy: frame_bad=1 persistent=0 early_warning=0 plane_drop=0.000
[fastlio_mapping-2] No Effective Points!
[fastlio_mapping-2] No Effective Points!
[fastlio_mapping-2] No Effective Points!
[fastlio_mapping-2] No Effective Points!
[fastlio_mapping-2] lidar loop back, clear buffer
[fastlio_mapping-2] No Effective Points!
[fastlio_mapping-2] No Effective Points!
[fastlio_mapping-2] No Effective Points!
[fastlio_mapping-2] No Effective Points!
[fastlio_mapping-2] No Effective Points!
[fastlio_mapping-2] No Effective Points!
[fastlio_mapping-2] No Effective Points!
[fastlio_mapping-2] No Effective Points!
[fastlio_mapping-2] No Effective Points!
[fastlio_mapping-2] No Effective Points!
[fastlio_mapping-2] No Effective Points!
[fastlio_mapping-2] No Effective Points!
[fastlio_mapping-2] No Effective Points!
[fastlio_mapping-2] No Effective Points!
[fastlio_mapping-2] No Effective Points!
[fastlio_mapping-2] No Effective Points!
[fastlio_mapping-2] No Effective Points!
[fastlio_mapping-2] No Effective Points!
[fastlio_mapping-2] No Effective Points!
[fastlio_mapping-2] No Effective Points!
[fastlio_mapping-2] No Effective Points!
[fastlio_mapping-2] No Effective Points!
[fastlio_mapping-2] No Effective Points!
[fastlio_mapping-2] No Effective Points!
[fastlio_mapping-2] No Effective Points!
[fastlio_mapping-2] No Effective Points!
[fastlio_mapping-2] No Effective Points!
[fastlio_mapping-2] No Effective Points!
[fastlio_mapping-2] No Effective Points!
[fastlio_mapping-2] No Effective Points!
[fastlio_mapping-2] No Effective Points!
[fastlio_mapping-2] No Effective Points!
[fastlio_mapping-2] [INFO] [1789392420.370189786] [laser_mapping]: Degeneracy: frame_bad=0 persistent=1 early_warning=1 plane_drop=0.000
[fastlio_mapping-2] [INFO] [1789392420.868602094] [laser_mapping]: Degeneracy: frame_bad=0 persistent=0 early_warning=0 plane_drop=-0.004
[fastlio_mapping-2] [INFO] [1789392421.409563378] [laser_mapping]: Degeneracy: frame_bad=0 persistent=0 early_warning=0 plane_drop=0.025
[fastlio_mapping-2] [INFO] [1789392421.975920096] [laser_mapping]: Degeneracy: frame_bad=0 persistent=0 early_warning=0 plane_drop=0.013
[fastlio_mapping-2] [INFO] [1789392422.464901187] [laser_mapping]: Degeneracy: frame_bad=0 persistent=0 early_warning=0 plane_drop=-0.025
[fastlio_mapping-2] [INFO] [1789392423.011159631] [laser_mapping]: Degeneracy: frame_bad=0 persistent=0 early_warning=0 plane_drop=0.011
[fastlio_mapping-2] [INFO] [1789392423.557052410] [laser_mapping]: Degeneracy: frame_bad=0 persistent=0 early_warning=0 plane_drop=0.018
[fastlio_mapping-2] [INFO] [1789392424.107516279] [laser_mapping]: Degeneracy: frame_bad=0 persistent=0 early_warning=0 plane_drop=0.035
[fastlio_mapping-2] [INFO] [1789392424.670176668] [laser_mapping]: Degeneracy: frame_bad=0 persistent=0 early_warning=0 plane_drop=-0.004
[fastlio_mapping-2] [INFO] [1789392425.187887435] [laser_mapping]: Degeneracy: frame_bad=0 persistent=0 early_warning=0 plane_drop=-0.002
[fastlio_mapping-2] [INFO] [1789392425.719932093] [laser_mapping]: Degeneracy: frame_bad=0 persistent=0 early_warning=0 plane_drop=-0.004
[fastlio_mapping-2] [INFO] [1789392426.257047238] [laser_mapping]: Degeneracy: frame_bad=0 persistent=0 early_warning=0 plane_drop=-0.001
[fastlio_mapping-2] [INFO] [1789392426.838114432] [laser_mapping]: Degeneracy: frame_bad=0 persistent=0 early_warning=0 plane_drop=0.016
[fastlio_mapping-2] [INFO] [1789392427.342670590] [laser_mapping]: Degeneracy: frame_bad=0 persistent=0 early_warning=0 plane_drop=-0.011
[fastlio_mapping-2] [INFO] [1789392427.866737463] [laser_mapping]: Degeneracy: frame_bad=0 persistent=0 early_warning=0 plane_drop=0.018
[fastlio_mapping-2] [INFO] [1789392428.382686413] [laser_mapping]: Degeneracy: frame_bad=0 persistent=0 early_warning=0 plane_drop=0.017
[fastlio_mapping-2] [INFO] [1789392428.887469056] [laser_mapping]: Degeneracy: frame_bad=0 persistent=0 early_warning=0 plane_drop=-0.033
[fastlio_mapping-2] [INFO] [1789392429.414152752] [laser_mapping]: Degeneracy: frame_bad=0 persistent=0 early_warning=0 plane_drop=-0.016
[fastlio_mapping-2] [INFO] [1789392429.948727913] [laser_mapping]: Degeneracy: frame_bad=0 persistent=0 early_warning=0 plane_drop=-0.002
[fastlio_mapping-2] [INFO] [1789392430.468570870] [laser_mapping]: Degeneracy: frame_bad=0 persistent=0 early_warning=0 plane_drop=0.007
[fastlio_mapping-2] [INFO] [1789392431.057514713] [laser_mapping]: Degeneracy: frame_bad=0 persistent=0 early_warning=0 plane_drop=0.042
[fastlio_mapping-2] [INFO] [1789392431.608680064] [laser_mapping]: Degeneracy: frame_bad=0 persistent=0 early_warning=0 plane_drop=0.038
[fastlio_mapping-2] [INFO] [1789392432.169274894] [laser_mapping]: Degeneracy: frame_bad=0 persistent=0 early_warning=0 plane_drop=0.000
[fastlio_mapping-2] [INFO] [1789392432.665599605] [laser_mapping]: Degeneracy: frame_bad=0 persistent=0 early_warning=0 plane_drop=0.013
[fastlio_mapping-2] [INFO] [1789392433.205905778] [laser_mapping]: Degeneracy: frame_bad=0 persistent=0 early_warning=0 plane_drop=-0.008
[fastlio_mapping-2] [INFO] [1789392433.730705382] [laser_mapping]: Degeneracy: frame_bad=0 persistent=0 early_warning=0 plane_drop=-0.042
[fastlio_mapping-2] [INFO] [1789392434.263901470] [laser_mapping]: Degeneracy: frame_bad=0 persistent=0 early_warning=0 plane_drop=-0.013
[fastlio_mapping-2] [INFO] [1789392434.813191878] [laser_mapping]: Degeneracy: frame_bad=0 persistent=0 early_warning=0 plane_drop=0.024
[fastlio_mapping-2] [INFO] [1789392435.319315294] [laser_mapping]: Degeneracy: frame_bad=0 persistent=0 early_warning=0 plane_drop=0.021
[fastlio_mapping-2] [INFO] [1789392435.856112501] [laser_mapping]: Degeneracy: frame_bad=0 persistent=0 early_warning=0 plane_drop=0.013
[fastlio_mapping-2] [INFO] [1789392436.357347783] [laser_mapping]: Degeneracy: frame_bad=0 persistent=0 early_warning=0 plane_drop=-0.012
[fastlio_mapping-2] [INFO] [1789392436.867531957] [laser_mapping]: Degeneracy: frame_bad=0 persistent=0 early_warning=0 plane_drop=-0.013
[fastlio_mapping-2] [INFO] [1789392437.469892220] [laser_mapping]: Degeneracy: frame_bad=0 persistent=0 early_warning=0 plane_drop=0.006
[fastlio_mapping-2] [INFO] [1789392438.001201024] [laser_mapping]: Degeneracy: frame_bad=0 persistent=0 early_warning=0 plane_drop=0.011
[fastlio_mapping-2] [INFO] [1789392438.536109616] [laser_mapping]: Degeneracy: frame_bad=0 persistent=0 early_warning=0 plane_drop=0.049
[fastlio_mapping-2] [INFO] [1789392439.040428886] [laser_mapping]: Degeneracy: frame_bad=0 persistent=0 early_warning=0 plane_drop=-0.005
[fastlio_mapping-2] [INFO] [1789392439.609074161] [laser_mapping]: Degeneracy: frame_bad=0 persistent=0 early_warning=0 plane_drop=0.040
[fastlio_mapping-2] [INFO] [1789392440.217742317] [laser_mapping]: Degeneracy: frame_bad=0 persistent=0 early_warning=0 plane_drop=0.077
[fastlio_mapping-2] [INFO] [1789392440.760471471] [laser_mapping]: Degeneracy: frame_bad=0 persistent=0 early_warning=0 plane_drop=0.069
[fastlio_mapping-2] [INFO] [1789392441.320153702] [laser_mapping]: Degeneracy: frame_bad=0 persistent=0 early_warning=0 plane_drop=0.090
[fastlio_mapping-2] [INFO] [1789392441.864376852] [laser_mapping]: Degeneracy: frame_bad=0 persistent=0 early_warning=0 plane_drop=-0.004
[fastlio_mapping-2] [INFO] [1789392442.421113879] [laser_mapping]: Degeneracy: frame_bad=0 persistent=0 early_warning=0 plane_drop=0.014
[fastlio_mapping-2] [INFO] [1789392442.907537890] [laser_mapping]: Degeneracy: frame_bad=0 persistent=0 early_warning=0 plane_drop=0.067
[fastlio_mapping-2] [INFO] [1789392443.438558327] [laser_mapping]: Degeneracy: frame_bad=0 persistent=0 early_warning=0 plane_drop=0.078
[fastlio_mapping-2] [INFO] [1789392443.961392295] [laser_mapping]: Degeneracy: frame_bad=0 persistent=0 early_warning=0 plane_drop=0.059
[fastlio_mapping-2] [INFO] [1789392444.544893575] [laser_mapping]: Degeneracy: frame_bad=0 persistent=0 early_warning=0 plane_drop=0.131
[fastlio_mapping-2] [INFO] [1789392445.079111141] [laser_mapping]: Degeneracy: frame_bad=0 persistent=0 early_warning=0 plane_drop=0.079
[fastlio_mapping-2] [INFO] [1789392445.670713317] [laser_mapping]: Degeneracy: frame_bad=0 persistent=0 early_warning=0 plane_drop=0.045
[fastlio_mapping-2] [INFO] [1789392446.210715504] [laser_mapping]: Degeneracy: frame_bad=0 persistent=0 early_warning=0 plane_drop=0.097
[fastlio_mapping-2] [INFO] [1789392446.758675318] [laser_mapping]: Degeneracy: frame_bad=0 persistent=0 early_warning=0 plane_drop=-0.091
[fastlio_mapping-2] [INFO] [1789392447.269133019] [laser_mapping]: Degeneracy: frame_bad=0 persistent=0 early_warning=0 plane_drop=-0.051
[fastlio_mapping-2] [INFO] [1789392447.846013559] [laser_mapping]: Degeneracy: frame_bad=0 persistent=0 early_warning=0 plane_drop=-0.075
[fastlio_mapping-2] [INFO] [1789392448.373014322] [laser_mapping]: Degeneracy: frame_bad=0 persistent=0 early_warning=0 plane_drop=-0.027
[fastlio_mapping-2] [INFO] [1789392448.908896974] [laser_mapping]: Degeneracy: frame_bad=0 persistent=0 early_warning=0 plane_drop=-0.065
[fastlio_mapping-2] [INFO] [1789392449.427595998] [laser_mapping]: Degeneracy: frame_bad=0 persistent=0 early_warning=0 plane_drop=-0.079
[fastlio_mapping-2] [INFO] [1789392449.952893400] [laser_mapping]: Degeneracy: frame_bad=0 persistent=0 early_warning=0 plane_drop=-0.077
[fastlio_mapping-2] [INFO] [1789392450.517915737] [laser_mapping]: Degeneracy: frame_bad=0 persistent=0 early_warning=0 plane_drop=-0.130
[fastlio_mapping-2] [INFO] [1789392451.053756389] [laser_mapping]: Degeneracy: frame_bad=0 persistent=0 early_warning=0 plane_drop=-0.005
[fastlio_mapping-2] [INFO] [1789392451.615226275] [laser_mapping]: Degeneracy: frame_bad=0 persistent=0 early_warning=0 plane_drop=-0.075
[fastlio_mapping-2] [INFO] [1789392452.171980173] [laser_mapping]: Degeneracy: frame_bad=0 persistent=0 early_warning=0 plane_drop=-0.038
[fastlio_mapping-2] [INFO] [1789392452.762202201] [laser_mapping]: Degeneracy: frame_bad=0 persistent=0 early_warning=0 plane_drop=-0.077
[fastlio_mapping-2] [INFO] [1789392453.303687348] [laser_mapping]: Degeneracy: frame_bad=0 persistent=0 early_warning=0 plane_drop=-0.012
[fastlio_mapping-2] [INFO] [1789392453.834100400] [laser_mapping]: Degeneracy: frame_bad=0 persistent=0 early_warning=0 plane_drop=0.006
[fastlio_mapping-2] [INFO] [1789392454.356009758] [laser_mapping]: Degeneracy: frame_bad=0 persistent=0 early_warning=0 plane_drop=0.095
[fastlio_mapping-2] [INFO] [1789392454.912751186] [laser_mapping]: Degeneracy: frame_bad=0 persistent=0 early_warning=0 plane_drop=0.150
[fastlio_mapping-2] [INFO] [1789392455.438310066] [laser_mapping]: Degeneracy: frame_bad=0 persistent=0 early_warning=0 plane_drop=0.187
[fastlio_mapping-2] [INFO] [1789392455.952740737] [laser_mapping]: Degeneracy: frame_bad=0 persistent=0 early_warning=0 plane_drop=-0.030
[fastlio_mapping-2] [INFO] [1789392456.473781607] [laser_mapping]: Degeneracy: frame_bad=0 persistent=0 early_warning=0 plane_drop=0.125
[fastlio_mapping-2] [INFO] [1789392456.992050431] [laser_mapping]: Degeneracy: frame_bad=0 persistent=0 early_warning=0 plane_drop=0.118
[fastlio_mapping-2] [INFO] [1789392457.526727319] [laser_mapping]: Degeneracy: frame_bad=0 persistent=0 early_warning=0 plane_drop=0.073
[fastlio_mapping-2] [INFO] [1789392458.069153935] [laser_mapping]: Degeneracy: frame_bad=0 persistent=0 early_warning=0 plane_drop=0.035
[fastlio_mapping-2] [INFO] [1789392458.578736276] [laser_mapping]: Degeneracy: frame_bad=0 persistent=0 early_warning=0 plane_drop=0.105
[fastlio_mapping-2] [INFO] [1789392459.120985150] [laser_mapping]: Degeneracy: frame_bad=0 persistent=0 early_warning=0 plane_drop=0.099
[fastlio_mapping-2] [INFO] [1789392459.676568792] [laser_mapping]: Degeneracy: frame_bad=0 persistent=0 early_warning=0 plane_drop=0.050
[fastlio_mapping-2] [INFO] [1789392460.198423635] [laser_mapping]: Degeneracy: frame_bad=0 persistent=0 early_warning=0 plane_drop=-0.004
[fastlio_mapping-2] [INFO] [1789392460.764789374] [laser_mapping]: Degeneracy: frame_bad=0 persistent=0 early_warning=0 plane_drop=0.011
[fastlio_mapping-2] [INFO] [1789392461.307847810] [laser_mapping]: Degeneracy: frame_bad=0 persistent=0 early_warning=0 plane_drop=-0.037
[fastlio_mapping-2] [INFO] [1789392461.868156492] [laser_mapping]: Degeneracy: frame_bad=0 persistent=0 early_warning=0 plane_drop=-0.012
[fastlio_mapping-2] [INFO] [1789392462.393229510] [laser_mapping]: Degeneracy: frame_bad=0 persistent=0 early_warning=0 plane_drop=-0.021
[fastlio_mapping-2] [INFO] [1789392462.906177502] [laser_mapping]: Degeneracy: frame_bad=0 persistent=0 early_warning=0 plane_drop=-0.017
[fastlio_mapping-2] [INFO] [1789392463.464087179] [laser_mapping]: Degeneracy: frame_bad=0 persistent=0 early_warning=0 plane_drop=0.002
[fastlio_mapping-2] [INFO] [1789392463.965841296] [laser_mapping]: Degeneracy: frame_bad=0 persistent=0 early_warning=0 plane_drop=0.098
[fastlio_mapping-2] [INFO] [1789392464.514085162] [laser_mapping]: Degeneracy: frame_bad=0 persistent=0 early_warning=0 plane_drop=-0.075
[fastlio_mapping-2] [INFO] [1789392465.053394829] [laser_mapping]: Degeneracy: frame_bad=0 persistent=0 early_warning=0 plane_drop=-0.035
[fastlio_mapping-2] [INFO] [1789392465.557341081] [laser_mapping]: Degeneracy: frame_bad=0 persistent=0 early_warning=0 plane_drop=0.034
[fastlio_mapping-2] [INFO] [1789392466.117960783] [laser_mapping]: Degeneracy: frame_bad=0 persistent=0 early_warning=0 plane_drop=0.012
[fastlio_mapping-2] [INFO] [1789392466.707852231] [laser_mapping]: Degeneracy: frame_bad=0 persistent=0 early_warning=0 plane_drop=-0.121
[fastlio_mapping-2] [INFO] [1789392467.233272329] [laser_mapping]: Degeneracy: frame_bad=0 persistent=0 early_warning=0 plane_drop=-0.033
[fastlio_mapping-2] [INFO] [1789392467.742941447] [laser_mapping]: Degeneracy: frame_bad=0 persistent=0 early_warning=0 plane_drop=-0.104
[fastlio_mapping-2] [INFO] [1789392468.262887400] [laser_mapping]: Degeneracy: frame_bad=0 persistent=0 early_warning=0 plane_drop=-0.074
[fastlio_mapping-2] [INFO] [1789392468.762347556] [laser_mapping]: Degeneracy: frame_bad=0 persistent=0 early_warning=0 plane_drop=-0.110
[fastlio_mapping-2] [INFO] [1789392469.313682927] [laser_mapping]: Degeneracy: frame_bad=0 persistent=0 early_warning=0 plane_drop=-0.082
[fastlio_mapping-2] [INFO] [1789392469.807245188] [laser_mapping]: Degeneracy: frame_bad=0 persistent=0 early_warning=0 plane_drop=-0.050
[fastlio_mapping-2] [INFO] [1789392470.342184968] [laser_mapping]: Degeneracy: frame_bad=0 persistent=0 early_warning=0 plane_drop=-0.073
[fastlio_mapping-2] [INFO] [1789392470.843146042] [laser_mapping]: Degeneracy: frame_bad=0 persistent=0 early_warning=0 plane_drop=-0.046
[fastlio_mapping-2] [INFO] [1789392471.415316137] [laser_mapping]: Degeneracy: frame_bad=0 persistent=0 early_warning=0 plane_drop=-0.022
[fastlio_mapping-2] [INFO] [1789392472.004700285] [laser_mapping]: Degeneracy: frame_bad=0 persistent=0 early_warning=0 plane_drop=-0.047
[fastlio_mapping-2] [INFO] [1789392472.532698271] [laser_mapping]: Degeneracy: frame_bad=0 persistent=0 early_warning=0 plane_drop=-0.051
[fastlio_mapping-2] [INFO] [1789392473.115643784] [laser_mapping]: Degeneracy: frame_bad=0 persistent=0 early_warning=0 plane_drop=-0.012
[fastlio_mapping-2] [INFO] [1789392473.653486194] [laser_mapping]: Degeneracy: frame_bad=0 persistent=0 early_warning=0 plane_drop=0.076
[fastlio_mapping-2] [INFO] [1789392474.153761782] [laser_mapping]: Degeneracy: frame_bad=0 persistent=0 early_warning=0 plane_drop=0.062
[fastlio_mapping-2] [INFO] [1789392474.708771077] [laser_mapping]: Degeneracy: frame_bad=0 persistent=0 early_warning=0 plane_drop=0.075
[fastlio_mapping-2] [INFO] [1789392475.261520838] [laser_mapping]: Degeneracy: frame_bad=0 persistent=0 early_warning=0 plane_drop=0.036
[fastlio_mapping-2] [INFO] [1789392475.805552561] [laser_mapping]: Degeneracy: frame_bad=0 persistent=0 early_warning=0 plane_drop=0.222
[fastlio_mapping-2] [INFO] [1789392476.311815644] [laser_mapping]: Degeneracy: frame_bad=0 persistent=0 early_warning=0 plane_drop=0.061
[fastlio_mapping-2] [INFO] [1789392476.844192312] [laser_mapping]: Degeneracy: frame_bad=0 persistent=0 early_warning=0 plane_drop=0.052
[fastlio_mapping-2] [INFO] [1789392477.374282806] [laser_mapping]: Degeneracy: frame_bad=0 persistent=0 early_warning=0 plane_drop=0.106
[fastlio_mapping-2] [INFO] [1789392477.952693868] [laser_mapping]: Degeneracy: frame_bad=0 persistent=0 early_warning=0 plane_drop=-0.010
[fastlio_mapping-2] [INFO] [1789392478.490970845] [laser_mapping]: Degeneracy: frame_bad=0 persistent=0 early_warning=0 plane_drop=0.061
[fastlio_mapping-2] [INFO] [1789392479.029010276] [laser_mapping]: Degeneracy: frame_bad=0 persistent=0 early_warning=0 plane_drop=0.027
[fastlio_mapping-2] [INFO] [1789392479.538592479] [laser_mapping]: Degeneracy: frame_bad=0 persistent=0 early_warning=0 plane_drop=0.152
[fastlio_mapping-2] [INFO] [1789392480.064772880] [laser_mapping]: Degeneracy: frame_bad=0 persistent=0 early_warning=0 plane_drop=0.073
[fastlio_mapping-2] [INFO] [1789392480.614435676] [laser_mapping]: Degeneracy: frame_bad=0 persistent=0 early_warning=0 plane_drop=0.101
[fastlio_mapping-2] [INFO] [1789392481.105710330] [laser_mapping]: Degeneracy: frame_bad=0 persistent=0 early_warning=0 plane_drop=0.018
[fastlio_mapping-2] [INFO] [1789392481.652832750] [laser_mapping]: Degeneracy: frame_bad=0 persistent=0 early_warning=0 plane_drop=-0.057
[fastlio_mapping-2] [INFO] [1789392482.187029653] [laser_mapping]: Degeneracy: frame_bad=0 persistent=0 early_warning=0 plane_drop=-0.023
[fastlio_mapping-2] [INFO] [1789392482.717451774] [laser_mapping]: Degeneracy: frame_bad=0 persistent=0 early_warning=0 plane_drop=-0.140
[fastlio_mapping-2] [INFO] [1789392483.254616425] [laser_mapping]: Degeneracy: frame_bad=0 persistent=0 early_warning=0 plane_drop=0.002
[fastlio_mapping-2] [INFO] [1789392483.768524290] [laser_mapping]: Degeneracy: frame_bad=0 persistent=0 early_warning=0 plane_drop=-0.041
[fastlio_mapping-2] [INFO] [1789392484.292304929] [laser_mapping]: Degeneracy: frame_bad=0 persistent=0 early_warning=0 plane_drop=-0.114
[fastlio_mapping-2] [INFO] [1789392484.803944205] [laser_mapping]: Degeneracy: frame_bad=0 persistent=0 early_warning=0 plane_drop=0.026
[fastlio_mapping-2] [INFO] [1789392485.302001949] [laser_mapping]: Degeneracy: frame_bad=0 persistent=0 early_warning=0 plane_drop=0.007
[fastlio_mapping-2] [INFO] [1789392485.856578419] [laser_mapping]: Degeneracy: frame_bad=0 persistent=0 early_warning=0 plane_drop=-0.049
[fastlio_mapping-2] [INFO] [1789392486.453712956] [laser_mapping]: Degeneracy: frame_bad=0 persistent=0 early_warning=0 plane_drop=-0.019
[fastlio_mapping-2] [INFO] [1789392486.953231775] [laser_mapping]: Degeneracy: frame_bad=0 persistent=0 early_warning=0 plane_drop=0.002
[fastlio_mapping-2] [INFO] [1789392487.505437509] [laser_mapping]: Degeneracy: frame_bad=0 persistent=0 early_warning=0 plane_drop=0.015
[fastlio_mapping-2] [INFO] [1789392488.032343476] [laser_mapping]: Degeneracy: frame_bad=0 persistent=0 early_warning=0 plane_drop=-0.068
[fastlio_mapping-2] [INFO] [1789392488.616267452] [laser_mapping]: Degeneracy: frame_bad=0 persistent=0 early_warning=0 plane_drop=0.045
[fastlio_mapping-2] [INFO] [1789392489.104532653] [laser_mapping]: Degeneracy: frame_bad=0 persistent=0 early_warning=0 plane_drop=0.004
[fastlio_mapping-2] [INFO] [1789392489.662035772] [laser_mapping]: Degeneracy: frame_bad=0 persistent=0 early_warning=0 plane_drop=0.000
[fastlio_mapping-2] [INFO] [1789392490.211888756] [laser_mapping]: Degeneracy: frame_bad=0 persistent=0 early_warning=0 plane_drop=-0.019
[fastlio_mapping-2] [INFO] [1789392490.722132401] [laser_mapping]: Degeneracy: frame_bad=0 persistent=0 early_warning=0 plane_drop=-0.078
[fastlio_mapping-2] [INFO] [1789392491.255020722] [laser_mapping]: Degeneracy: frame_bad=0 persistent=0 early_warning=0 plane_drop=-0.019
[fastlio_mapping-2] [INFO] [1789392491.813405811] [laser_mapping]: Degeneracy: frame_bad=0 persistent=0 early_warning=0 plane_drop=-0.060
[fastlio_mapping-2] [INFO] [1789392492.321954095] [laser_mapping]: Degeneracy: frame_bad=0 persistent=0 early_warning=0 plane_drop=-0.053
[fastlio_mapping-2] [INFO] [1789392492.853533174] [laser_mapping]: Degeneracy: frame_bad=0 persistent=0 early_warning=0 plane_drop=0.001
[fastlio_mapping-2] [INFO] [1789392493.353043515] [laser_mapping]: Degeneracy: frame_bad=0 persistent=0 early_warning=0 plane_drop=-0.122
[fastlio_mapping-2] [INFO] [1789392493.904819192] [laser_mapping]: Degeneracy: frame_bad=0 persistent=0 early_warning=0 plane_drop=-0.100
[fastlio_mapping-2] [INFO] [1789392494.431567596] [laser_mapping]: Degeneracy: frame_bad=0 persistent=0 early_warning=0 plane_drop=0.014
[fastlio_mapping-2] [INFO] [1789392494.971880714] [laser_mapping]: Degeneracy: frame_bad=0 persistent=0 early_warning=0 plane_drop=-0.027
[fastlio_mapping-2] [INFO] [1789392495.514283021] [laser_mapping]: Degeneracy: frame_bad=0 persistent=0 early_warning=0 plane_drop=0.029
[fastlio_mapping-2] [INFO] [1789392496.053416898] [laser_mapping]: Degeneracy: frame_bad=0 persistent=0 early_warning=0 plane_drop=0.018
[fastlio_mapping-2] [INFO] [1789392496.654365966] [laser_mapping]: Degeneracy: frame_bad=0 persistent=0 early_warning=0 plane_drop=0.038
[fastlio_mapping-2] [INFO] [1789392497.193271004] [laser_mapping]: Degeneracy: frame_bad=0 persistent=0 early_warning=0 plane_drop=0.072
[fastlio_mapping-2] [INFO] [1789392497.702070113] [laser_mapping]: Degeneracy: frame_bad=0 persistent=0 early_warning=0 plane_drop=0.003
[fastlio_mapping-2] [INFO] [1789392498.261469818] [laser_mapping]: Degeneracy: frame_bad=0 persistent=0 early_warning=0 plane_drop=-0.067
[fastlio_mapping-2] [INFO] [1789392498.766651353] [laser_mapping]: Degeneracy: frame_bad=0 persistent=0 early_warning=0 plane_drop=0.108
[fastlio_mapping-2] [INFO] [1789392499.303433053] [laser_mapping]: Degeneracy: frame_bad=0 persistent=0 early_warning=0 plane_drop=0.110
[fastlio_mapping-2] [INFO] [1789392499.854054354] [laser_mapping]: Degeneracy: frame_bad=0 persistent=0 early_warning=0 plane_drop=0.126
[fastlio_mapping-2] [INFO] [1789392500.411786414] [laser_mapping]: Degeneracy: frame_bad=0 persistent=0 early_warning=0 plane_drop=0.131
[fastlio_mapping-2] [INFO] [1789392500.962497374] [laser_mapping]: Degeneracy: frame_bad=0 persistent=0 early_warning=0 plane_drop=0.119
[fastlio_mapping-2] [INFO] [1789392501.455769736] [laser_mapping]: Degeneracy: frame_bad=0 persistent=0 early_warning=0 plane_drop=-0.023
[fastlio_mapping-2] [INFO] [1789392501.993372863] [laser_mapping]: Degeneracy: frame_bad=0 persistent=0 early_warning=0 plane_drop=0.099
[fastlio_mapping-2] [INFO] [1789392502.476536318] [laser_mapping]: Degeneracy: frame_bad=0 persistent=0 early_warning=0 plane_drop=0.008
[fastlio_mapping-2] [INFO] [1789392503.056898870] [laser_mapping]: Degeneracy: frame_bad=0 persistent=0 early_warning=0 plane_drop=-0.073
[fastlio_mapping-2] [INFO] [1789392503.607566585] [laser_mapping]: Degeneracy: frame_bad=0 persistent=0 early_warning=0 plane_drop=0.043
[fastlio_mapping-2] [INFO] [1789392504.146760558] [laser_mapping]: Degeneracy: frame_bad=0 persistent=0 early_warning=0 plane_drop=0.040
[fastlio_mapping-2] [INFO] [1789392504.663885828] [laser_mapping]: Degeneracy: frame_bad=0 persistent=0 early_warning=0 plane_drop=0.022
[fastlio_mapping-2] [INFO] [1789392505.241981938] [laser_mapping]: Degeneracy: frame_bad=0 persistent=0 early_warning=0 plane_drop=-0.021
[fastlio_mapping-2] [INFO] [1789392505.763144392] [laser_mapping]: Degeneracy: frame_bad=0 persistent=0 early_warning=0 plane_drop=-0.027
[fastlio_mapping-2] [INFO] [1789392506.312176073] [laser_mapping]: Degeneracy: frame_bad=0 persistent=0 early_warning=0 plane_drop=0.047
[fastlio_mapping-2] [INFO] [1789392506.852418748] [laser_mapping]: Degeneracy: frame_bad=0 persistent=0 early_warning=0 plane_drop=0.017
[fastlio_mapping-2] [INFO] [1789392507.404954244] [laser_mapping]: Degeneracy: frame_bad=0 persistent=0 early_warning=0 plane_drop=0.109
[fastlio_mapping-2] [INFO] [1789392507.958548592] [laser_mapping]: Degeneracy: frame_bad=0 persistent=0 early_warning=0 plane_drop=0.070
[fastlio_mapping-2] [INFO] [1789392508.542803513] [laser_mapping]: Degeneracy: frame_bad=0 persistent=0 early_warning=0 plane_drop=0.122
[fastlio_mapping-2] [INFO] [1789392509.053169769] [laser_mapping]: Degeneracy: frame_bad=0 persistent=0 early_warning=0 plane_drop=0.024
[fastlio_mapping-2] [INFO] [1789392509.586906948] [laser_mapping]: Degeneracy: frame_bad=0 persistent=0 early_warning=0 plane_drop=0.116
[fastlio_mapping-2] [INFO] [1789392510.105281556] [laser_mapping]: Degeneracy: frame_bad=0 persistent=0 early_warning=0 plane_drop=0.021
[fastlio_mapping-2] [INFO] [1789392510.663161014] [laser_mapping]: Degeneracy: frame_bad=0 persistent=0 early_warning=0 plane_drop=0.069
[fastlio_mapping-2] [INFO] [1789392511.253465629] [laser_mapping]: Degeneracy: frame_bad=0 persistent=0 early_warning=0 plane_drop=-0.053
[fastlio_mapping-2] [INFO] [1789392511.803845004] [laser_mapping]: Degeneracy: frame_bad=0 persistent=0 early_warning=0 plane_drop=0.032
[fastlio_mapping-2] [INFO] [1789392512.323444013] [laser_mapping]: Degeneracy: frame_bad=0 persistent=0 early_warning=0 plane_drop=0.053
[fastlio_mapping-2] [INFO] [1789392512.854852261] [laser_mapping]: Degeneracy: frame_bad=0 persistent=0 early_warning=0 plane_drop=-0.053
[fastlio_mapping-2] [INFO] [1789392513.373291826] [laser_mapping]: Degeneracy: frame_bad=0 persistent=0 early_warning=0 plane_drop=0.093
[fastlio_mapping-2] [INFO] [1789392513.882933524] [laser_mapping]: Degeneracy: frame_bad=0 persistent=0 early_warning=0 plane_drop=-0.066
[fastlio_mapping-2] [INFO] [1789392514.403276503] [laser_mapping]: Degeneracy: frame_bad=0 persistent=0 early_warning=0 plane_drop=-0.032
[fastlio_mapping-2] [INFO] [1789392514.942744590] [laser_mapping]: Degeneracy: frame_bad=0 persistent=0 early_warning=0 plane_drop=-0.053
[fastlio_mapping-2] [INFO] [1789392515.452897478] [laser_mapping]: Degeneracy: frame_bad=0 persistent=0 early_warning=0 plane_drop=-0.044
[fastlio_mapping-2] [INFO] [1789392515.996768031] [laser_mapping]: Degeneracy: frame_bad=0 persistent=0 early_warning=0 plane_drop=-0.029
[fastlio_mapping-2] [INFO] [1789392516.512731525] [laser_mapping]: Degeneracy: frame_bad=0 persistent=0 early_warning=0 plane_drop=0.017
[fastlio_mapping-2] [INFO] [1789392517.034967694] [laser_mapping]: Degeneracy: frame_bad=0 persistent=0 early_warning=0 plane_drop=-0.007
[fastlio_mapping-2] [INFO] [1789392517.562206834] [laser_mapping]: Degeneracy: frame_bad=0 persistent=0 early_warning=0 plane_drop=-0.015
[fastlio_mapping-2] [INFO] [1789392518.112854092] [laser_mapping]: Degeneracy: frame_bad=0 persistent=0 early_warning=0 plane_drop=0.075
[fastlio_mapping-2] [INFO] [1789392518.652789079] [laser_mapping]: Degeneracy: frame_bad=0 persistent=0 early_warning=0 plane_drop=0.016
[fastlio_mapping-2] [INFO] [1789392519.255171709] [laser_mapping]: Degeneracy: frame_bad=0 persistent=0 early_warning=0 plane_drop=-0.006
[fastlio_mapping-2] [INFO] [1789392519.783282402] [laser_mapping]: Degeneracy: frame_bad=0 persistent=0 early_warning=0 plane_drop=0.033
[fastlio_mapping-2] [INFO] [1789392520.352759859] [laser_mapping]: Degeneracy: frame_bad=0 persistent=0 early_warning=0 plane_drop=-0.001
[fastlio_mapping-2] [INFO] [1789392520.902932015] [laser_mapping]: Degeneracy: frame_bad=0 persistent=0 early_warning=0 plane_drop=0.014
[fastlio_mapping-2] [INFO] [1789392521.502688372] [laser_mapping]: Degeneracy: frame_bad=0 persistent=0 early_warning=0 plane_drop=-0.033
[fastlio_mapping-2] [INFO] [1789392522.053655015] [laser_mapping]: Degeneracy: frame_bad=0 persistent=0 early_warning=0 plane_drop=0.152
[fastlio_mapping-2] [INFO] [1789392522.615749840] [laser_mapping]: Degeneracy: frame_bad=0 persistent=0 early_warning=0 plane_drop=-0.031
[fastlio_mapping-2] [INFO] [1789392523.162799213] [laser_mapping]: Degeneracy: frame_bad=0 persistent=0 early_warning=0 plane_drop=0.021
[fastlio_mapping-2] [INFO] [1789392523.753026097] [laser_mapping]: Degeneracy: frame_bad=0 persistent=0 early_warning=0 plane_drop=-0.013
[fastlio_mapping-2] [INFO] [1789392524.293820622] [laser_mapping]: Degeneracy: frame_bad=0 persistent=0 early_warning=0 plane_drop=0.051
[fastlio_mapping-2] [INFO] [1789392524.788683417] [laser_mapping]: Degeneracy: frame_bad=0 persistent=0 early_warning=0 plane_drop=-0.006
[fastlio_mapping-2] [INFO] [1789392525.304823739] [laser_mapping]: Degeneracy: frame_bad=0 persistent=0 early_warning=0 plane_drop=0.073
[fastlio_mapping-2] [INFO] [1789392525.863720280] [laser_mapping]: Degeneracy: frame_bad=0 persistent=0 early_warning=0 plane_drop=0.106
[fastlio_mapping-2] [INFO] [1789392526.415730142] [laser_mapping]: Degeneracy: frame_bad=0 persistent=0 early_warning=0 plane_drop=-0.028
[fastlio_mapping-2] [INFO] [1789392526.943207083] [laser_mapping]: Degeneracy: frame_bad=0 persistent=0 early_warning=0 plane_drop=-0.016
[fastlio_mapping-2] [INFO] [1789392527.463563790] [laser_mapping]: Degeneracy: frame_bad=0 persistent=0 early_warning=0 plane_drop=0.035
[fastlio_mapping-2] [INFO] [1789392527.968321392] [laser_mapping]: Degeneracy: frame_bad=0 persistent=0 early_warning=0 plane_drop=-0.040
[fastlio_mapping-2] [INFO] [1789392528.505521704] [laser_mapping]: Degeneracy: frame_bad=0 persistent=0 early_warning=0 plane_drop=0.034
[fastlio_mapping-2] [INFO] [1789392529.063568322] [laser_mapping]: Degeneracy: frame_bad=0 persistent=0 early_warning=0 plane_drop=-0.060
[fastlio_mapping-2] [INFO] [1789392529.565467589] [laser_mapping]: Degeneracy: frame_bad=0 persistent=0 early_warning=0 plane_drop=-0.039
[fastlio_mapping-2] [INFO] [1789392530.102936846] [laser_mapping]: Degeneracy: frame_bad=0 persistent=0 early_warning=0 plane_drop=-0.054
[fastlio_mapping-2] [INFO] [1789392530.632668544] [laser_mapping]: Degeneracy: frame_bad=0 persistent=0 early_warning=0 plane_drop=-0.063
[fastlio_mapping-2] [INFO] [1789392531.154424671] [laser_mapping]: Degeneracy: frame_bad=0 persistent=0 early_warning=0 plane_drop=0.021
[fastlio_mapping-2] [INFO] [1789392531.704002999] [laser_mapping]: Degeneracy: frame_bad=0 persistent=0 early_warning=0 plane_drop=-0.011
[fastlio_mapping-2] [INFO] [1789392532.292335931] [laser_mapping]: Degeneracy: frame_bad=0 persistent=0 early_warning=0 plane_drop=0.050
[fastlio_mapping-2] [INFO] [1789392532.815121096] [laser_mapping]: Degeneracy: frame_bad=0 persistent=0 early_warning=0 plane_drop=0.008
[fastlio_mapping-2] [INFO] [1789392533.313469110] [laser_mapping]: Degeneracy: frame_bad=0 persistent=0 early_warning=0 plane_drop=0.096
[fastlio_mapping-2] [INFO] [1789392533.853046582] [laser_mapping]: Degeneracy: frame_bad=0 persistent=0 early_warning=0 plane_drop=0.023
[fastlio_mapping-2] [INFO] [1789392534.355493175] [laser_mapping]: Degeneracy: frame_bad=0 persistent=0 early_warning=0 plane_drop=-0.029
[fastlio_mapping-2] [INFO] [1789392534.879812330] [laser_mapping]: Degeneracy: frame_bad=0 persistent=0 early_warning=0 plane_drop=0.088
[fastlio_mapping-2] [INFO] [1789392535.434875252] [laser_mapping]: Degeneracy: frame_bad=0 persistent=0 early_warning=0 plane_drop=-0.023
[fastlio_mapping-2] [INFO] [1789392535.962967806] [laser_mapping]: Degeneracy: frame_bad=0 persistent=0 early_warning=0 plane_drop=0.035
[fastlio_mapping-2] [INFO] [1789392536.512928448] [laser_mapping]: Degeneracy: frame_bad=0 persistent=0 early_warning=0 plane_drop=-0.027
[fastlio_mapping-2] [INFO] [1789392537.062652105] [laser_mapping]: Degeneracy: frame_bad=0 persistent=0 early_warning=0 plane_drop=0.023
[fastlio_mapping-2] [INFO] [1789392537.615509635] [laser_mapping]: Degeneracy: frame_bad=0 persistent=0 early_warning=0 plane_drop=-0.007
[fastlio_mapping-2] [INFO] [1789392538.163109903] [laser_mapping]: Degeneracy: frame_bad=0 persistent=0 early_warning=0 plane_drop=-0.023
[fastlio_mapping-2] [INFO] [1789392538.652651625] [laser_mapping]: Degeneracy: frame_bad=0 persistent=0 early_warning=0 plane_drop=0.043
[fastlio_mapping-2] [INFO] [1789392539.185328798] [laser_mapping]: Degeneracy: frame_bad=0 persistent=0 early_warning=0 plane_drop=-0.263
[fastlio_mapping-2] [INFO] [1789392539.712053920] [laser_mapping]: Degeneracy: frame_bad=0 persistent=0 early_warning=0 plane_drop=0.023
[fastlio_mapping-2] [INFO] [1789392540.273535973] [laser_mapping]: Degeneracy: frame_bad=0 persistent=0 early_warning=0 plane_drop=-0.051
[fastlio_mapping-2] [INFO] [1789392540.815710409] [laser_mapping]: Degeneracy: frame_bad=0 persistent=0 early_warning=0 plane_drop=0.349
[fastlio_mapping-2] [INFO] [1789392541.344757200] [laser_mapping]: Degeneracy: frame_bad=0 persistent=0 early_warning=0 plane_drop=-0.009
[fastlio_mapping-2] [INFO] [1789392541.862604132] [laser_mapping]: Degeneracy: frame_bad=0 persistent=0 early_warning=0 plane_drop=0.067
[fastlio_mapping-2] [INFO] [1789392542.414940830] [laser_mapping]: Degeneracy: frame_bad=0 persistent=0 early_warning=0 plane_drop=0.077
[fastlio_mapping-2] [INFO] [1789392542.914464612] [laser_mapping]: Degeneracy: frame_bad=0 persistent=0 early_warning=0 plane_drop=-0.020
[fastlio_mapping-2] [INFO] [1789392543.462668148] [laser_mapping]: Degeneracy: frame_bad=0 persistent=0 early_warning=0 plane_drop=-0.015
[fastlio_mapping-2] [INFO] [1789392543.967415109] [laser_mapping]: Degeneracy: frame_bad=0 persistent=0 early_warning=0 plane_drop=0.008
[fastlio_mapping-2] [INFO] [1789392544.542707319] [laser_mapping]: Degeneracy: frame_bad=0 persistent=0 early_warning=0 plane_drop=0.005
[fastlio_mapping-2] [INFO] [1789392545.063820434] [laser_mapping]: Degeneracy: frame_bad=0 persistent=0 early_warning=0 plane_drop=0.011
[fastlio_mapping-2] [INFO] [1789392545.554457527] [laser_mapping]: Degeneracy: frame_bad=0 persistent=0 early_warning=0 plane_drop=0.018
[fastlio_mapping-2] [INFO] [1789392546.104054027] [laser_mapping]: Degeneracy: frame_bad=0 persistent=0 early_warning=0 plane_drop=0.058
[fastlio_mapping-2] [INFO] [1789392546.653698635] [laser_mapping]: Degeneracy: frame_bad=0 persistent=0 early_warning=0 plane_drop=-0.031
[fastlio_mapping-2] [INFO] [1789392547.202683730] [laser_mapping]: Degeneracy: frame_bad=0 persistent=0 early_warning=0 plane_drop=0.020
[fastlio_mapping-2] [INFO] [1789392547.763026171] [laser_mapping]: Degeneracy: frame_bad=0 persistent=0 early_warning=0 plane_drop=-0.090
[fastlio_mapping-2] [INFO] [1789392548.312498345] [laser_mapping]: Degeneracy: frame_bad=0 persistent=0 early_warning=0 plane_drop=-0.028
[fastlio_mapping-2] [INFO] [1789392548.862983268] [laser_mapping]: Degeneracy: frame_bad=0 persistent=0 early_warning=0 plane_drop=0.028
[fastlio_mapping-2] [INFO] [1789392549.402418484] [laser_mapping]: Degeneracy: frame_bad=0 persistent=0 early_warning=0 plane_drop=-0.052
[fastlio_mapping-2] [INFO] [1789392549.916451736] [laser_mapping]: Degeneracy: frame_bad=0 persistent=0 early_warning=0 plane_drop=0.072
[fastlio_mapping-2] [INFO] [1789392550.502402361] [laser_mapping]: Degeneracy: frame_bad=0 persistent=0 early_warning=0 plane_drop=-0.050
[fastlio_mapping-2] [INFO] [1789392551.082412629] [laser_mapping]: Degeneracy: frame_bad=0 persistent=0 early_warning=0 plane_drop=0.034
[fastlio_mapping-2] [INFO] [1789392551.612668347] [laser_mapping]: Degeneracy: frame_bad=0 persistent=0 early_warning=0 plane_drop=-0.179
[fastlio_mapping-2] [INFO] [1789392552.142180898] [laser_mapping]: Degeneracy: frame_bad=0 persistent=0 early_warning=0 plane_drop=-0.118
[fastlio_mapping-2] [INFO] [1789392552.641297346] [laser_mapping]: Degeneracy: frame_bad=0 persistent=0 early_warning=0 plane_drop=-0.032
[fastlio_mapping-2] [INFO] [1789392553.205335960] [laser_mapping]: Degeneracy: frame_bad=0 persistent=0 early_warning=0 plane_drop=-0.074
[fastlio_mapping-2] [INFO] [1789392553.761360250] [laser_mapping]: Degeneracy: frame_bad=0 persistent=0 early_warning=0 plane_drop=-0.061
[fastlio_mapping-2] [INFO] [1789392554.321787285] [laser_mapping]: Degeneracy: frame_bad=0 persistent=0 early_warning=0 plane_drop=-0.235
[fastlio_mapping-2] [INFO] [1789392554.802880447] [laser_mapping]: Degeneracy: frame_bad=0 persistent=0 early_warning=0 plane_drop=-0.090
[fastlio_mapping-2] [INFO] [1789392555.350829167] [laser_mapping]: Degeneracy: frame_bad=0 persistent=0 early_warning=0 plane_drop=0.101
[fastlio_mapping-2] [INFO] [1789392555.860791244] [laser_mapping]: Degeneracy: frame_bad=0 persistent=0 early_warning=0 plane_drop=0.052
[fastlio_mapping-2] [INFO] [1789392556.420920105] [laser_mapping]: Degeneracy: frame_bad=0 persistent=0 early_warning=0 plane_drop=0.088
[fastlio_mapping-2] [INFO] [1789392557.001348845] [laser_mapping]: Degeneracy: frame_bad=0 persistent=0 early_warning=0 plane_drop=-0.034
[fastlio_mapping-2] [INFO] [1789392557.560751196] [laser_mapping]: Degeneracy: frame_bad=0 persistent=0 early_warning=0 plane_drop=0.139
[fastlio_mapping-2] [INFO] [1789392558.101228221] [laser_mapping]: Degeneracy: frame_bad=0 persistent=0 early_warning=0 plane_drop=0.057
[fastlio_mapping-2] [INFO] [1789392558.621263683] [laser_mapping]: Degeneracy: frame_bad=0 persistent=0 early_warning=0 plane_drop=0.015
[fastlio_mapping-2] [INFO] [1789392559.161265753] [laser_mapping]: Degeneracy: frame_bad=0 persistent=0 early_warning=0 plane_drop=-0.054
[fastlio_mapping-2] [INFO] [1789392559.671389604] [laser_mapping]: Degeneracy: frame_bad=0 persistent=0 early_warning=0 plane_drop=0.075
[fastlio_mapping-2] [INFO] [1789392560.151948284] [laser_mapping]: Degeneracy: frame_bad=0 persistent=0 early_warning=0 plane_drop=-0.024
[fastlio_mapping-2] [INFO] [1789392560.711496074] [laser_mapping]: Degeneracy: frame_bad=0 persistent=0 early_warning=0 plane_drop=0.047
[fastlio_mapping-2] [INFO] [1789392561.211621066] [laser_mapping]: Degeneracy: frame_bad=0 persistent=0 early_warning=0 plane_drop=0.059
[fastlio_mapping-2] [INFO] [1789392561.713001738] [laser_mapping]: Degeneracy: frame_bad=0 persistent=0 early_warning=0 plane_drop=-0.090
[fastlio_mapping-2] [INFO] [1789392562.292313617] [laser_mapping]: Degeneracy: frame_bad=0 persistent=0 early_warning=0 plane_drop=-0.086
[fastlio_mapping-2] [INFO] [1789392562.811300937] [laser_mapping]: Degeneracy: frame_bad=0 persistent=0 early_warning=0 plane_drop=0.043
[fastlio_mapping-2] [INFO] [1789392563.412660512] [laser_mapping]: Degeneracy: frame_bad=0 persistent=0 early_warning=0 plane_drop=0.066
[fastlio_mapping-2] [INFO] [1789392563.952573380] [laser_mapping]: Degeneracy: frame_bad=0 persistent=0 early_warning=0 plane_drop=-0.118
[fastlio_mapping-2] [INFO] [1789392564.511253697] [laser_mapping]: Degeneracy: frame_bad=0 persistent=0 early_warning=0 plane_drop=-0.025
[fastlio_mapping-2] [INFO] [1789392565.062155287] [laser_mapping]: Degeneracy: frame_bad=0 persistent=0 early_warning=0 plane_drop=0.091
[fastlio_mapping-2] [INFO] [1789392565.561785825] [laser_mapping]: Degeneracy: frame_bad=0 persistent=0 early_warning=0 plane_drop=0.215
[fastlio_mapping-2] [INFO] [1789392566.051986415] [laser_mapping]: Degeneracy: frame_bad=0 persistent=0 early_warning=0 plane_drop=0.076
[fastlio_mapping-2] [INFO] [1789392566.581955519] [laser_mapping]: Degeneracy: frame_bad=0 persistent=0 early_warning=0 plane_drop=0.008
[fastlio_mapping-2] [INFO] [1789392567.102248796] [laser_mapping]: Degeneracy: frame_bad=0 persistent=0 early_warning=0 plane_drop=0.049
[fastlio_mapping-2] [INFO] [1789392567.662358257] [laser_mapping]: Degeneracy: frame_bad=0 persistent=0 early_warning=0 plane_drop=0.020
[fastlio_mapping-2] [INFO] [1789392568.252415229] [laser_mapping]: Degeneracy: frame_bad=0 persistent=0 early_warning=0 plane_drop=0.037
[fastlio_mapping-2] [INFO] [1789392568.812251143] [laser_mapping]: Degeneracy: frame_bad=0 persistent=0 early_warning=0 plane_drop=-0.008
[fastlio_mapping-2] [INFO] [1789392569.352491181] [laser_mapping]: Degeneracy: frame_bad=0 persistent=0 early_warning=0 plane_drop=0.115
[fastlio_mapping-2] [INFO] [1789392569.903779168] [laser_mapping]: Degeneracy: frame_bad=0 persistent=0 early_warning=0 plane_drop=0.028
[fastlio_mapping-2] [INFO] [1789392570.462770132] [laser_mapping]: Degeneracy: frame_bad=0 persistent=0 early_warning=0 plane_drop=-0.002
[fastlio_mapping-2] [INFO] [1789392571.012451834] [laser_mapping]: Degeneracy: frame_bad=0 persistent=0 early_warning=0 plane_drop=0.063
[fastlio_mapping-2] [INFO] [1789392571.532561831] [laser_mapping]: Degeneracy: frame_bad=0 persistent=0 early_warning=0 plane_drop=0.022
[fastlio_mapping-2] [INFO] [1789392572.072628788] [laser_mapping]: Degeneracy: frame_bad=0 persistent=0 early_warning=0 plane_drop=-0.028
[fastlio_mapping-2] [INFO] [1789392572.642828446] [laser_mapping]: Degeneracy: frame_bad=0 persistent=0 early_warning=0 plane_drop=0.033
[fastlio_mapping-2] [INFO] [1789392573.162779823] [laser_mapping]: Degeneracy: frame_bad=0 persistent=0 early_warning=0 plane_drop=0.016
[fastlio_mapping-2] [INFO] [1789392573.702886025] [laser_mapping]: Degeneracy: frame_bad=0 persistent=0 early_warning=0 plane_drop=-0.011
[fastlio_mapping-2] [INFO] [1789392574.262685490] [laser_mapping]: Degeneracy: frame_bad=0 persistent=0 early_warning=0 plane_drop=0.025
[fastlio_mapping-2] [INFO] [1789392574.773593435] [laser_mapping]: Degeneracy: frame_bad=0 persistent=0 early_warning=0 plane_drop=-0.004
[fastlio_mapping-2] [INFO] [1789392575.262595528] [laser_mapping]: Degeneracy: frame_bad=0 persistent=0 early_warning=0 plane_drop=0.028
[fastlio_mapping-2] [INFO] [1789392575.812776632] [laser_mapping]: Degeneracy: frame_bad=0 persistent=0 early_warning=0 plane_drop=0.049
[fastlio_mapping-2] [INFO] [1789392576.352796684] [laser_mapping]: Degeneracy: frame_bad=0 persistent=0 early_warning=0 plane_drop=0.004
[fastlio_mapping-2] [INFO] [1789392576.859541826] [laser_mapping]: Degeneracy: frame_bad=0 persistent=0 early_warning=0 plane_drop=-0.021
[fastlio_mapping-2] [INFO] [1789392577.452637251] [laser_mapping]: Degeneracy: frame_bad=0 persistent=0 early_warning=0 plane_drop=0.024
[fastlio_mapping-2] [INFO] [1789392578.013635040] [laser_mapping]: Degeneracy: frame_bad=0 persistent=0 early_warning=0 plane_drop=-0.015
[fastlio_mapping-2] [INFO] [1789392578.552440232] [laser_mapping]: Degeneracy: frame_bad=0 persistent=0 early_warning=0 plane_drop=0.047
[fastlio_mapping-2] [INFO] [1789392579.102333713] [laser_mapping]: Degeneracy: frame_bad=0 persistent=0 early_warning=0 plane_drop=-0.042
[fastlio_mapping-2] [INFO] [1789392579.612880401] [laser_mapping]: Degeneracy: frame_bad=0 persistent=0 early_warning=0 plane_drop=0.035
[fastlio_mapping-2] [INFO] [1789392580.162614238] [laser_mapping]: Degeneracy: frame_bad=0 persistent=0 early_warning=0 plane_drop=0.001
[fastlio_mapping-2] [INFO] [1789392580.712683992] [laser_mapping]: Degeneracy: frame_bad=0 persistent=0 early_warning=0 plane_drop=-0.051
[fastlio_mapping-2] [INFO] [1789392581.293145549] [laser_mapping]: Degeneracy: frame_bad=0 persistent=0 early_warning=0 plane_drop=-0.043
[fastlio_mapping-2] [INFO] [1789392581.802077834] [laser_mapping]: Degeneracy: frame_bad=0 persistent=0 early_warning=0 plane_drop=0.026
[fastlio_mapping-2] [INFO] [1789392582.312044072] [laser_mapping]: Degeneracy: frame_bad=0 persistent=0 early_warning=0 plane_drop=-0.021
[fastlio_mapping-2] [INFO] [1789392582.811866198] [laser_mapping]: Degeneracy: frame_bad=0 persistent=0 early_warning=0 plane_drop=-0.039
[fastlio_mapping-2] [INFO] [1789392583.353001049] [laser_mapping]: Degeneracy: frame_bad=0 persistent=0 early_warning=0 plane_drop=0.016
[fastlio_mapping-2] [INFO] [1789392583.853935241] [laser_mapping]: Degeneracy: frame_bad=0 persistent=0 early_warning=0 plane_drop=-0.056
[fastlio_mapping-2] [INFO] [1789392584.403093779] [laser_mapping]: Degeneracy: frame_bad=0 persistent=0 early_warning=0 plane_drop=0.005
[fastlio_mapping-2] [INFO] [1789392584.951797173] [laser_mapping]: Degeneracy: frame_bad=0 persistent=0 early_warning=0 plane_drop=0.067
[fastlio_mapping-2] [INFO] [1789392585.541514536] [laser_mapping]: Degeneracy: frame_bad=0 persistent=0 early_warning=0 plane_drop=-0.016
[fastlio_mapping-2] [INFO] [1789392586.061903533] [laser_mapping]: Degeneracy: frame_bad=0 persistent=0 early_warning=0 plane_drop=-0.013
[fastlio_mapping-2] [INFO] [1789392586.561518100] [laser_mapping]: Degeneracy: frame_bad=0 persistent=0 early_warning=0 plane_drop=-0.053
[fastlio_mapping-2] [INFO] [1789392587.121058485] [laser_mapping]: Degeneracy: frame_bad=0 persistent=0 early_warning=0 plane_drop=-0.058
[fastlio_mapping-2] [INFO] [1789392587.601408649] [laser_mapping]: Degeneracy: frame_bad=0 persistent=0 early_warning=0 plane_drop=-0.064
[fastlio_mapping-2] [INFO] [1789392588.111376734] [laser_mapping]: Degeneracy: frame_bad=0 persistent=0 early_warning=0 plane_drop=-0.079
[fastlio_mapping-2] [INFO] [1789392588.651302946] [laser_mapping]: Degeneracy: frame_bad=0 persistent=0 early_warning=0 plane_drop=0.018
[fastlio_mapping-2] [INFO] [1789392589.201228585] [laser_mapping]: Degeneracy: frame_bad=0 persistent=0 early_warning=0 plane_drop=-0.094
[fastlio_mapping-2] [INFO] [1789392589.731270703] [laser_mapping]: Degeneracy: frame_bad=0 persistent=0 early_warning=0 plane_drop=0.011
[fastlio_mapping-2] [INFO] [1789392590.251017812] [laser_mapping]: Degeneracy: frame_bad=0 persistent=0 early_warning=0 plane_drop=-0.095
[fastlio_mapping-2] [INFO] [1789392590.770767915] [laser_mapping]: Degeneracy: frame_bad=0 persistent=0 early_warning=0 plane_drop=-0.058
[fastlio_mapping-2] [INFO] [1789392591.281389577] [laser_mapping]: Degeneracy: frame_bad=0 persistent=0 early_warning=0 plane_drop=0.001
[fastlio_mapping-2] [INFO] [1789392591.781804889] [laser_mapping]: Degeneracy: frame_bad=0 persistent=0 early_warning=0 plane_drop=0.077
[fastlio_mapping-2] [INFO] [1789392592.302689133] [laser_mapping]: Degeneracy: frame_bad=0 persistent=0 early_warning=0 plane_drop=0.047
[fastlio_mapping-2] [INFO] [1789392592.841252741] [laser_mapping]: Degeneracy: frame_bad=0 persistent=0 early_warning=0 plane_drop=0.069
[fastlio_mapping-2] [INFO] [1789392593.361326827] [laser_mapping]: Degeneracy: frame_bad=0 persistent=0 early_warning=0 plane_drop=-0.001
[fastlio_mapping-2] [INFO] [1789392593.884317945] [laser_mapping]: Degeneracy: frame_bad=0 persistent=0 early_warning=0 plane_drop=-0.048
[fastlio_mapping-2] [INFO] [1789392594.411206191] [laser_mapping]: Degeneracy: frame_bad=0 persistent=0 early_warning=0 plane_drop=0.009
[fastlio_mapping-2] [INFO] [1789392594.981150889] [laser_mapping]: Degeneracy: frame_bad=0 persistent=0 early_warning=0 plane_drop=-0.091
[fastlio_mapping-2] [INFO] [1789392595.510708915] [laser_mapping]: Degeneracy: frame_bad=0 persistent=0 early_warning=0 plane_drop=-0.063
[fastlio_mapping-2] [INFO] [1789392596.060934997] [laser_mapping]: Degeneracy: frame_bad=0 persistent=0 early_warning=0 plane_drop=-0.038
[fastlio_mapping-2] [INFO] [1789392596.610862559] [laser_mapping]: Degeneracy: frame_bad=0 persistent=0 early_warning=0 plane_drop=-0.072
[fastlio_mapping-2] [INFO] [1789392597.160857543] [laser_mapping]: Degeneracy: frame_bad=0 persistent=0 early_warning=0 plane_drop=-0.045
[fastlio_mapping-2] [INFO] [1789392597.700511509] [laser_mapping]: Degeneracy: frame_bad=0 persistent=0 early_warning=0 plane_drop=-0.058
[fastlio_mapping-2] [INFO] [1789392598.250475681] [laser_mapping]: Degeneracy: frame_bad=0 persistent=0 early_warning=0 plane_drop=0.010
[fastlio_mapping-2] [INFO] [1789392598.800395555] [laser_mapping]: Degeneracy: frame_bad=0 persistent=0 early_warning=0 plane_drop=-0.041
[fastlio_mapping-2] [INFO] [1789392599.360264663] [laser_mapping]: Degeneracy: frame_bad=0 persistent=0 early_warning=0 plane_drop=0.061
[fastlio_mapping-2] [INFO] [1789392599.880653191] [laser_mapping]: Degeneracy: frame_bad=0 persistent=0 early_warning=0 plane_drop=0.107
[fastlio_mapping-2] [INFO] [1789392600.410441003] [laser_mapping]: Degeneracy: frame_bad=0 persistent=0 early_warning=0 plane_drop=0.014
[fastlio_mapping-2] [INFO] [1789392600.960391376] [laser_mapping]: Degeneracy: frame_bad=0 persistent=0 early_warning=0 plane_drop=0.055
[fastlio_mapping-2] [INFO] [1789392601.500375085] [laser_mapping]: Degeneracy: frame_bad=0 persistent=0 early_warning=0 plane_drop=-0.107
[fastlio_mapping-2] [INFO] [1789392602.011113814] [laser_mapping]: Degeneracy: frame_bad=0 persistent=0 early_warning=0 plane_drop=0.056
[fastlio_mapping-2] [INFO] [1789392602.530374599] [laser_mapping]: Degeneracy: frame_bad=0 persistent=0 early_warning=0 plane_drop=0.000
[fastlio_mapping-2] [INFO] [1789392603.050452282] [laser_mapping]: Degeneracy: frame_bad=0 persistent=0 early_warning=0 plane_drop=-0.007
[fastlio_mapping-2] [INFO] [1789392603.600754027] [laser_mapping]: Degeneracy: frame_bad=0 persistent=0 early_warning=0 plane_drop=0.049
[fastlio_mapping-2] [INFO] [1789392604.200528197] [laser_mapping]: Degeneracy: frame_bad=0 persistent=0 early_warning=0 plane_drop=0.082
[fastlio_mapping-2] [INFO] [1789392604.750636295] [laser_mapping]: Degeneracy: frame_bad=0 persistent=0 early_warning=0 plane_drop=0.146
[fastlio_mapping-2] [INFO] [1789392605.260604144] [laser_mapping]: Degeneracy: frame_bad=0 persistent=0 early_warning=0 plane_drop=-0.018
[fastlio_mapping-2] [INFO] [1789392605.791043655] [laser_mapping]: Degeneracy: frame_bad=0 persistent=0 early_warning=0 plane_drop=0.121
[fastlio_mapping-2] [INFO] [1789392606.310738588] [laser_mapping]: Degeneracy: frame_bad=0 persistent=0 early_warning=0 plane_drop=-0.013
[fastlio_mapping-2] [INFO] [1789392606.861267401] [laser_mapping]: Degeneracy: frame_bad=0 persistent=0 early_warning=0 plane_drop=0.057
[fastlio_mapping-2] [INFO] [1789392607.411122179] [laser_mapping]: Degeneracy: frame_bad=0 persistent=0 early_warning=0 plane_drop=0.191
[fastlio_mapping-2] [INFO] [1789392607.961662344] [laser_mapping]: Degeneracy: frame_bad=0 persistent=0 early_warning=0 plane_drop=0.045
[fastlio_mapping-2] [INFO] [1789392608.461629197] [laser_mapping]: Degeneracy: frame_bad=0 persistent=0 early_warning=0 plane_drop=0.003
[fastlio_mapping-2] [INFO] [1789392609.001437751] [laser_mapping]: Degeneracy: frame_bad=0 persistent=0 early_warning=0 plane_drop=-0.006
[fastlio_mapping-2] [INFO] [1789392609.591490124] [laser_mapping]: Degeneracy: frame_bad=0 persistent=0 early_warning=0 plane_drop=0.035
[fastlio_mapping-2] [INFO] [1789392610.101720022] [laser_mapping]: Degeneracy: frame_bad=0 persistent=0 early_warning=0 plane_drop=0.003
[fastlio_mapping-2] [INFO] [1789392610.651502401] [laser_mapping]: Degeneracy: frame_bad=0 persistent=0 early_warning=0 plane_drop=0.041
[fastlio_mapping-2] [INFO] [1789392611.201846755] [laser_mapping]: Degeneracy: frame_bad=0 persistent=0 early_warning=0 plane_drop=0.073
[fastlio_mapping-2] [INFO] [1789392611.701940509] [laser_mapping]: Degeneracy: frame_bad=0 persistent=0 early_warning=0 plane_drop=0.032
[fastlio_mapping-2] [INFO] [1789392612.271790651] [laser_mapping]: Degeneracy: frame_bad=0 persistent=0 early_warning=0 plane_drop=0.021
[fastlio_mapping-2] [INFO] [1789392612.771922282] [laser_mapping]: Degeneracy: frame_bad=0 persistent=0 early_warning=0 plane_drop=-0.004
[fastlio_mapping-2] [INFO] [1789392613.291756983] [laser_mapping]: Degeneracy: frame_bad=0 persistent=0 early_warning=0 plane_drop=0.079
[fastlio_mapping-2] [INFO] [1789392613.801586962] [laser_mapping]: Degeneracy: frame_bad=0 persistent=0 early_warning=0 plane_drop=-0.084
[fastlio_mapping-2] [INFO] [1789392614.411640299] [laser_mapping]: Degeneracy: frame_bad=0 persistent=0 early_warning=0 plane_drop=0.047
[fastlio_mapping-2] [INFO] [1789392614.961565156] [laser_mapping]: Degeneracy: frame_bad=0 persistent=0 early_warning=0 plane_drop=0.025
[fastlio_mapping-2] [INFO] [1789392615.461395562] [laser_mapping]: Degeneracy: frame_bad=0 persistent=0 early_warning=0 plane_drop=-0.059
[fastlio_mapping-2] [INFO] [1789392616.061481398] [laser_mapping]: Degeneracy: frame_bad=0 persistent=0 early_warning=0 plane_drop=-0.017
[fastlio_mapping-2] [INFO] [1789392616.561471372] [laser_mapping]: Degeneracy: frame_bad=0 persistent=0 early_warning=0 plane_drop=0.044
[fastlio_mapping-2] [INFO] [1789392617.081738100] [laser_mapping]: Degeneracy: frame_bad=0 persistent=0 early_warning=0 plane_drop=0.032
[fastlio_mapping-2] [INFO] [1789392617.641884067] [laser_mapping]: Degeneracy: frame_bad=0 persistent=0 early_warning=0 plane_drop=0.160
[fastlio_mapping-2] [INFO] [1789392618.161935645] [laser_mapping]: Degeneracy: frame_bad=0 persistent=0 early_warning=0 plane_drop=-0.005
[fastlio_mapping-2] [INFO] [1789392618.702281288] [laser_mapping]: Degeneracy: frame_bad=0 persistent=0 early_warning=0 plane_drop=0.091
[fastlio_mapping-2] [INFO] [1789392619.262265287] [laser_mapping]: Degeneracy: frame_bad=0 persistent=0 early_warning=0 plane_drop=0.006
[fastlio_mapping-2] [INFO] [1789392619.762641124] [laser_mapping]: Degeneracy: frame_bad=0 persistent=0 early_warning=0 plane_drop=0.052
[fastlio_mapping-2] [INFO] [1789392620.262441107] [laser_mapping]: Degeneracy: frame_bad=0 persistent=0 early_warning=0 plane_drop=-0.005
[fastlio_mapping-2] [INFO] [1789392620.812402503] [laser_mapping]: Degeneracy: frame_bad=0 persistent=0 early_warning=0 plane_drop=0.056
[fastlio_mapping-2] [INFO] [1789392621.342630889] [laser_mapping]: Degeneracy: frame_bad=0 persistent=0 early_warning=0 plane_drop=0.016
[fastlio_mapping-2] [INFO] [1789392621.862487919] [laser_mapping]: Degeneracy: frame_bad=0 persistent=0 early_warning=0 plane_drop=-0.034
[fastlio_mapping-2] [INFO] [1789392622.402461599] [laser_mapping]: Degeneracy: frame_bad=0 persistent=0 early_warning=0 plane_drop=0.038
[fastlio_mapping-2] [INFO] [1789392622.912433439] [laser_mapping]: Degeneracy: frame_bad=0 persistent=0 early_warning=0 plane_drop=-0.048
[fastlio_mapping-2] [INFO] [1789392623.502544106] [laser_mapping]: Degeneracy: frame_bad=0 persistent=0 early_warning=0 plane_drop=0.041
[fastlio_mapping-2] [INFO] [1789392624.002352663] [laser_mapping]: Degeneracy: frame_bad=0 persistent=0 early_warning=0 plane_drop=0.091
[fastlio_mapping-2] [INFO] [1789392624.593049232] [laser_mapping]: Degeneracy: frame_bad=0 persistent=0 early_warning=0 plane_drop=-0.020
[fastlio_mapping-2] [INFO] [1789392625.113388692] [laser_mapping]: Degeneracy: frame_bad=0 persistent=0 early_warning=0 plane_drop=-0.040
[fastlio_mapping-2] [INFO] [1789392625.612228371] [laser_mapping]: Degeneracy: frame_bad=0 persistent=0 early_warning=0 plane_drop=0.001
[fastlio_mapping-2] [INFO] [1789392626.163380815] [laser_mapping]: Degeneracy: frame_bad=0 persistent=0 early_warning=0 plane_drop=0.094
[fastlio_mapping-2] [INFO] [1789392626.713255605] [laser_mapping]: Degeneracy: frame_bad=0 persistent=0 early_warning=0 plane_drop=0.032
[fastlio_mapping-2] [INFO] [1789392627.263399943] [laser_mapping]: Degeneracy: frame_bad=0 persistent=0 early_warning=0 plane_drop=0.078
[fastlio_mapping-2] [INFO] [1789392627.762958039] [laser_mapping]: Degeneracy: frame_bad=0 persistent=0 early_warning=0 plane_drop=-0.073
[fastlio_mapping-2] [INFO] [1789392628.312685133] [laser_mapping]: Degeneracy: frame_bad=0 persistent=0 early_warning=0 plane_drop=0.014
[fastlio_mapping-2] [INFO] [1789392628.854245892] [laser_mapping]: Degeneracy: frame_bad=0 persistent=0 early_warning=0 plane_drop=-0.047
[fastlio_mapping-2] [INFO] [1789392629.412317670] [laser_mapping]: Degeneracy: frame_bad=0 persistent=0 early_warning=0 plane_drop=0.024
[fastlio_mapping-2] [INFO] [1789392629.912379421] [laser_mapping]: Degeneracy: frame_bad=0 persistent=0 early_warning=0 plane_drop=-0.051
[fastlio_mapping-2] [INFO] [1789392630.412027186] [laser_mapping]: Degeneracy: frame_bad=0 persistent=0 early_warning=0 plane_drop=-0.047
[fastlio_mapping-2] [INFO] [1789392630.961725526] [laser_mapping]: Degeneracy: frame_bad=0 persistent=0 early_warning=0 plane_drop=-0.085
[fastlio_mapping-2] [INFO] [1789392631.511617662] [laser_mapping]: Degeneracy: frame_bad=0 persistent=0 early_warning=0 plane_drop=-0.099
[fastlio_mapping-2] [INFO] [1789392632.031402223] [laser_mapping]: Degeneracy: frame_bad=0 persistent=0 early_warning=0 plane_drop=-0.028
[fastlio_mapping-2] [INFO] [1789392632.551260139] [laser_mapping]: Degeneracy: frame_bad=0 persistent=0 early_warning=0 plane_drop=-0.151
[fastlio_mapping-2] [INFO] [1789392633.050888848] [laser_mapping]: Degeneracy: frame_bad=0 persistent=0 early_warning=0 plane_drop=-0.157
[fastlio_mapping-2] [INFO] [1789392633.660848510] [laser_mapping]: Degeneracy: frame_bad=0 persistent=0 early_warning=0 plane_drop=0.012
[fastlio_mapping-2] [INFO] [1789392634.150790055] [laser_mapping]: Degeneracy: frame_bad=0 persistent=0 early_warning=0 plane_drop=-0.137
[fastlio_mapping-2] [INFO] [1789392634.680488008] [laser_mapping]: Degeneracy: frame_bad=0 persistent=0 early_warning=0 plane_drop=0.050
[fastlio_mapping-2] [INFO] [1789392635.210651980] [laser_mapping]: Degeneracy: frame_bad=0 persistent=0 early_warning=0 plane_drop=0.006
[fastlio_mapping-2] [INFO] [1789392635.701502524] [laser_mapping]: Degeneracy: frame_bad=0 persistent=0 early_warning=0 plane_drop=-0.058
[fastlio_mapping-2] [INFO] [1789392636.250732976] [laser_mapping]: Degeneracy: frame_bad=0 persistent=0 early_warning=0 plane_drop=0.050
[fastlio_mapping-2] [INFO] [1789392636.800676679] [laser_mapping]: Degeneracy: frame_bad=0 persistent=0 early_warning=0 plane_drop=0.018
[fastlio_mapping-2] [INFO] [1789392637.360529950] [laser_mapping]: Degeneracy: frame_bad=0 persistent=0 early_warning=0 plane_drop=0.009
[fastlio_mapping-2] [INFO] [1789392637.940924590] [laser_mapping]: Degeneracy: frame_bad=0 persistent=0 early_warning=0 plane_drop=0.184
[fastlio_mapping-2] [INFO] [1789392638.440642472] [laser_mapping]: Degeneracy: frame_bad=0 persistent=0 early_warning=0 plane_drop=0.080
[fastlio_mapping-2] [INFO] [1789392638.961094736] [laser_mapping]: Degeneracy: frame_bad=0 persistent=0 early_warning=0 plane_drop=0.068
[fastlio_mapping-2] [INFO] [1789392639.461432729] [laser_mapping]: Degeneracy: frame_bad=0 persistent=0 early_warning=0 plane_drop=0.232
[fastlio_mapping-2] [INFO] [1789392639.962005843] [laser_mapping]: Degeneracy: frame_bad=0 persistent=0 early_warning=0 plane_drop=0.369
[fastlio_mapping-2] [INFO] [1789392640.512136864] [laser_mapping]: Degeneracy: frame_bad=0 persistent=0 early_warning=0 plane_drop=0.013
[fastlio_mapping-2] [INFO] [1789392641.001779413] [laser_mapping]: Degeneracy: frame_bad=0 persistent=0 early_warning=0 plane_drop=0.034
[fastlio_mapping-2] [INFO] [1789392641.562123584] [laser_mapping]: Degeneracy: frame_bad=0 persistent=0 early_warning=0 plane_drop=0.010
[fastlio_mapping-2] [INFO] [1789392642.081560803] [laser_mapping]: Degeneracy: frame_bad=0 persistent=0 early_warning=0 plane_drop=-0.021
[fastlio_mapping-2] [INFO] [1789392642.600748995] [laser_mapping]: Degeneracy: frame_bad=0 persistent=0 early_warning=0 plane_drop=-0.211
[fastlio_mapping-2] [INFO] [1789392643.101077597] [laser_mapping]: Degeneracy: frame_bad=0 persistent=0 early_warning=0 plane_drop=-0.063
[fastlio_mapping-2] [INFO] [1789392643.651076886] [laser_mapping]: Degeneracy: frame_bad=0 persistent=0 early_warning=0 plane_drop=-0.046
[fastlio_mapping-2] [INFO] [1789392644.151519644] [laser_mapping]: Degeneracy: frame_bad=0 persistent=0 early_warning=0 plane_drop=-0.029
[fastlio_mapping-2] [INFO] [1789392644.721140963] [laser_mapping]: Degeneracy: frame_bad=0 persistent=0 early_warning=0 plane_drop=0.039
[fastlio_mapping-2] [INFO] [1789392645.261177542] [laser_mapping]: Degeneracy: frame_bad=0 persistent=0 early_warning=0 plane_drop=-0.090
[fastlio_mapping-2] [INFO] [1789392645.800854251] [laser_mapping]: Degeneracy: frame_bad=0 persistent=0 early_warning=0 plane_drop=0.001
[fastlio_mapping-2] [INFO] [1789392646.310709850] [laser_mapping]: Degeneracy: frame_bad=0 persistent=0 early_warning=0 plane_drop=-0.060
[fastlio_mapping-2] [INFO] [1789392646.860907587] [laser_mapping]: Degeneracy: frame_bad=0 persistent=0 early_warning=0 plane_drop=0.020
[fastlio_mapping-2] [INFO] [1789392647.360622589] [laser_mapping]: Degeneracy: frame_bad=0 persistent=0 early_warning=0 plane_drop=-0.024
[fastlio_mapping-2] [INFO] [1789392647.910460077] [laser_mapping]: Degeneracy: frame_bad=0 persistent=0 early_warning=0 plane_drop=-0.011
[fastlio_mapping-2] [INFO] [1789392648.440286335] [laser_mapping]: Degeneracy: frame_bad=0 persistent=0 early_warning=0 plane_drop=-0.062
[fastlio_mapping-2] [INFO] [1789392649.009903192] [laser_mapping]: Degeneracy: frame_bad=0 persistent=0 early_warning=0 plane_drop=-0.166
[fastlio_mapping-2] [INFO] [1789392649.559731198] [laser_mapping]: Degeneracy: frame_bad=0 persistent=0 early_warning=0 plane_drop=-0.017
[fastlio_mapping-2] [INFO] [1789392650.059742805] [laser_mapping]: Degeneracy: frame_bad=0 persistent=0 early_warning=0 plane_drop=-0.114
[fastlio_mapping-2] [INFO] [1789392650.609863465] [laser_mapping]: Degeneracy: frame_bad=0 persistent=0 early_warning=0 plane_drop=0.146
[fastlio_mapping-2] [INFO] [1789392651.110112659] [laser_mapping]: Degeneracy: frame_bad=0 persistent=0 early_warning=0 plane_drop=0.090
[fastlio_mapping-2] [INFO] [1789392651.610220866] [laser_mapping]: Degeneracy: frame_bad=0 persistent=0 early_warning=0 plane_drop=0.085
[fastlio_mapping-2] [INFO] [1789392652.160161111] [laser_mapping]: Degeneracy: frame_bad=0 persistent=0 early_warning=0 plane_drop=0.186
[fastlio_mapping-2] [INFO] [1789392652.710543710] [laser_mapping]: Degeneracy: frame_bad=0 persistent=0 early_warning=0 plane_drop=0.045
[fastlio_mapping-2] [INFO] [1789392653.260633844] [laser_mapping]: Degeneracy: frame_bad=0 persistent=0 early_warning=0 plane_drop=0.082
[fastlio_mapping-2] [INFO] [1789392653.760721737] [laser_mapping]: Degeneracy: frame_bad=0 persistent=0 early_warning=0 plane_drop=0.018
[fastlio_mapping-2] [INFO] [1789392654.320871744] [laser_mapping]: Degeneracy: frame_bad=0 persistent=0 early_warning=0 plane_drop=0.004
[fastlio_mapping-2] [INFO] [1789392654.850786098] [laser_mapping]: Degeneracy: frame_bad=0 persistent=0 early_warning=0 plane_drop=-0.095
[fastlio_mapping-2] [INFO] [1789392655.410917806] [laser_mapping]: Degeneracy: frame_bad=0 persistent=0 early_warning=0 plane_drop=-0.001
[fastlio_mapping-2] [INFO] [1789392655.940593105] [laser_mapping]: Degeneracy: frame_bad=0 persistent=0 early_warning=0 plane_drop=-0.016
[fastlio_mapping-2] [INFO] [1789392656.500668576] [laser_mapping]: Degeneracy: frame_bad=0 persistent=0 early_warning=0 plane_drop=0.057
[fastlio_mapping-2] [INFO] [1789392657.060745554] [laser_mapping]: Degeneracy: frame_bad=0 persistent=0 early_warning=0 plane_drop=-0.020
[fastlio_mapping-2] [INFO] [1789392657.560818825] [laser_mapping]: Degeneracy: frame_bad=0 persistent=0 early_warning=0 plane_drop=0.094
[fastlio_mapping-2] [INFO] [1789392658.051053684] [laser_mapping]: Degeneracy: frame_bad=0 persistent=0 early_warning=0 plane_drop=0.039
[fastlio_mapping-2] [INFO] [1789392658.610767700] [laser_mapping]: Degeneracy: frame_bad=0 persistent=0 early_warning=0 plane_drop=-0.039
[fastlio_mapping-2] [INFO] [1789392659.130651537] [laser_mapping]: Degeneracy: frame_bad=0 persistent=0 early_warning=0 plane_drop=-0.018
[fastlio_mapping-2] [INFO] [1789392659.660607827] [laser_mapping]: Degeneracy: frame_bad=0 persistent=0 early_warning=0 plane_drop=-0.020
[fastlio_mapping-2] [INFO] [1789392660.150775296] [laser_mapping]: Degeneracy: frame_bad=0 persistent=0 early_warning=0 plane_drop=0.018
[fastlio_mapping-2] [INFO] [1789392660.710665054] [laser_mapping]: Degeneracy: frame_bad=0 persistent=0 early_warning=0 plane_drop=0.039
[fastlio_mapping-2] [INFO] [1789392661.260555885] [laser_mapping]: Degeneracy: frame_bad=0 persistent=0 early_warning=0 plane_drop=-0.005
[fastlio_mapping-2] [INFO] [1789392661.830649656] [laser_mapping]: Degeneracy: frame_bad=0 persistent=0 early_warning=0 plane_drop=-0.005
[fastlio_mapping-2] [INFO] [1789392662.360520796] [laser_mapping]: Degeneracy: frame_bad=0 persistent=0 early_warning=0 plane_drop=-0.050
[fastlio_mapping-2] [INFO] [1789392662.910480281] [laser_mapping]: Degeneracy: frame_bad=0 persistent=0 early_warning=0 plane_drop=0.076
[fastlio_mapping-2] [INFO] [1789392663.450501013] [laser_mapping]: Degeneracy: frame_bad=0 persistent=0 early_warning=0 plane_drop=0.018
[fastlio_mapping-2] [INFO] [1789392664.010336873] [laser_mapping]: Degeneracy: frame_bad=0 persistent=0 early_warning=0 plane_drop=-0.072
[fastlio_mapping-2] [INFO] [1789392664.590388180] [laser_mapping]: Degeneracy: frame_bad=0 persistent=0 early_warning=0 plane_drop=0.136
[fastlio_mapping-2] [INFO] [1789392665.160364982] [laser_mapping]: Degeneracy: frame_bad=0 persistent=0 early_warning=0 plane_drop=-0.150
[fastlio_mapping-2] [INFO] [1789392665.679990292] [laser_mapping]: Degeneracy: frame_bad=0 persistent=0 early_warning=0 plane_drop=-0.132
[fastlio_mapping-2] [INFO] [1789392666.210006671] [laser_mapping]: Degeneracy: frame_bad=0 persistent=0 early_warning=0 plane_drop=0.027
[fastlio_mapping-2] [INFO] [1789392666.769903521] [laser_mapping]: Degeneracy: frame_bad=0 persistent=0 early_warning=0 plane_drop=-0.026
[fastlio_mapping-2] [INFO] [1789392667.259908172] [laser_mapping]: Degeneracy: frame_bad=0 persistent=0 early_warning=0 plane_drop=-0.004
[fastlio_mapping-2] [INFO] [1789392667.800038573] [laser_mapping]: Degeneracy: frame_bad=0 persistent=0 early_warning=0 plane_drop=0.015
[fastlio_mapping-2] [INFO] [1789392668.339823996] [laser_mapping]: Degeneracy: frame_bad=0 persistent=0 early_warning=0 plane_drop=0.045
[fastlio_mapping-2] [INFO] [1789392668.859889822] [laser_mapping]: Degeneracy: frame_bad=0 persistent=0 early_warning=0 plane_drop=0.050
[fastlio_mapping-2] [INFO] [1789392669.379645830] [laser_mapping]: Degeneracy: frame_bad=0 persistent=0 early_warning=0 plane_drop=-0.079
[fastlio_mapping-2] [INFO] [1789392669.959914987] [laser_mapping]: Degeneracy: frame_bad=0 persistent=0 early_warning=0 plane_drop=0.051
[fastlio_mapping-2] [INFO] [1789392670.459867837] [laser_mapping]: Degeneracy: frame_bad=0 persistent=0 early_warning=0 plane_drop=0.063
[fastlio_mapping-2] [INFO] [1789392670.960067526] [laser_mapping]: Degeneracy: frame_bad=0 persistent=0 early_warning=0 plane_drop=-0.050
[fastlio_mapping-2] [INFO] [1789392671.500015747] [laser_mapping]: Degeneracy: frame_bad=0 persistent=0 early_warning=0 plane_drop=0.061
[fastlio_mapping-2] [INFO] [1789392672.060148312] [laser_mapping]: Degeneracy: frame_bad=0 persistent=0 early_warning=0 plane_drop=0.078
[fastlio_mapping-2] [INFO] [1789392672.610505341] [laser_mapping]: Degeneracy: frame_bad=0 persistent=0 early_warning=0 plane_drop=0.251
[fastlio_mapping-2] [INFO] [1789392673.100474525] [laser_mapping]: Degeneracy: frame_bad=0 persistent=0 early_warning=0 plane_drop=0.099
[fastlio_mapping-2] [INFO] [1789392673.650682997] [laser_mapping]: Degeneracy: frame_bad=0 persistent=0 early_warning=0 plane_drop=0.113
[fastlio_mapping-2] [INFO] [1789392674.190705180] [laser_mapping]: Degeneracy: frame_bad=0 persistent=0 early_warning=0 plane_drop=-0.005
[fastlio_mapping-2] [INFO] [1789392674.700580355] [laser_mapping]: Degeneracy: frame_bad=0 persistent=0 early_warning=0 plane_drop=-0.012
[fastlio_mapping-2] [INFO] [1789392675.210761489] [laser_mapping]: Degeneracy: frame_bad=0 persistent=0 early_warning=0 plane_drop=0.038
[fastlio_mapping-2] [INFO] [1789392675.750757439] [laser_mapping]: Degeneracy: frame_bad=0 persistent=0 early_warning=0 plane_drop=0.067
[fastlio_mapping-2] [INFO] [1789392676.251077271] [laser_mapping]: Degeneracy: frame_bad=0 persistent=0 early_warning=0 plane_drop=-0.037
[fastlio_mapping-2] [INFO] [1789392676.800747705] [laser_mapping]: Degeneracy: frame_bad=0 persistent=0 early_warning=0 plane_drop=0.006
[fastlio_mapping-2] [INFO] [1789392677.360745495] [laser_mapping]: Degeneracy: frame_bad=0 persistent=0 early_warning=0 plane_drop=0.012
[fastlio_mapping-2] [INFO] [1789392677.900344217] [laser_mapping]: Degeneracy: frame_bad=0 persistent=0 early_warning=0 plane_drop=-0.024
[fastlio_mapping-2] [INFO] [1789392678.410633835] [laser_mapping]: Degeneracy: frame_bad=0 persistent=0 early_warning=0 plane_drop=0.041
[fastlio_mapping-2] [INFO] [1789392678.951021050] [laser_mapping]: Degeneracy: frame_bad=0 persistent=0 early_warning=0 plane_drop=0.025
[fastlio_mapping-2] [INFO] [1789392679.490755265] [laser_mapping]: Degeneracy: frame_bad=0 persistent=0 early_warning=0 plane_drop=0.035
[fastlio_mapping-2] [INFO] [1789392680.011316341] [laser_mapping]: Degeneracy: frame_bad=0 persistent=0 early_warning=0 plane_drop=0.089
[fastlio_mapping-2] [INFO] [1789392680.561236362] [laser_mapping]: Degeneracy: frame_bad=0 persistent=0 early_warning=0 plane_drop=0.120
[fastlio_mapping-2] [INFO] [1789392681.061294661] [laser_mapping]: Degeneracy: frame_bad=0 persistent=0 early_warning=0 plane_drop=0.093
[fastlio_mapping-2] [INFO] [1789392681.611469613] [laser_mapping]: Degeneracy: frame_bad=0 persistent=0 early_warning=0 plane_drop=0.063
[fastlio_mapping-2] [INFO] [1789392682.101347588] [laser_mapping]: Degeneracy: frame_bad=0 persistent=0 early_warning=0 plane_drop=-0.002
[fastlio_mapping-2] [INFO] [1789392682.661412246] [laser_mapping]: Degeneracy: frame_bad=0 persistent=0 early_warning=0 plane_drop=-0.049
[fastlio_mapping-2] [INFO] [1789392683.201270142] [laser_mapping]: Degeneracy: frame_bad=0 persistent=0 early_warning=0 plane_drop=0.010
[fastlio_mapping-2] [INFO] [1789392683.751680790] [laser_mapping]: Degeneracy: frame_bad=0 persistent=0 early_warning=0 plane_drop=0.127
[fastlio_mapping-2] [INFO] [1789392684.301979016] [laser_mapping]: Degeneracy: frame_bad=0 persistent=0 early_warning=0 plane_drop=0.131
[fastlio_mapping-2] [INFO] [1789392684.862703339] [laser_mapping]: Degeneracy: frame_bad=0 persistent=0 early_warning=0 plane_drop=0.012
[fastlio_mapping-2] [INFO] [1789392685.365590119] [laser_mapping]: Degeneracy: frame_bad=0 persistent=0 early_warning=0 plane_drop=-0.009
[fastlio_mapping-2] [INFO] [1789392685.902372679] [laser_mapping]: Degeneracy: frame_bad=0 persistent=0 early_warning=0 plane_drop=0.016
[fastlio_mapping-2] [INFO] [1789392686.452216054] [laser_mapping]: Degeneracy: frame_bad=0 persistent=0 early_warning=0 plane_drop=-0.024
[fastlio_mapping-2] [INFO] [1789392686.992068100] [laser_mapping]: Degeneracy: frame_bad=0 persistent=0 early_warning=0 plane_drop=0.034
[fastlio_mapping-2] [INFO] [1789392687.502380086] [laser_mapping]: Degeneracy: frame_bad=0 persistent=0 early_warning=0 plane_drop=-0.091
[fastlio_mapping-2] [INFO] [1789392688.051682849] [laser_mapping]: Degeneracy: frame_bad=0 persistent=0 early_warning=0 plane_drop=-0.038
[fastlio_mapping-2] [INFO] [1789392688.611474538] [laser_mapping]: Degeneracy: frame_bad=0 persistent=0 early_warning=0 plane_drop=-0.082
[fastlio_mapping-2] [INFO] [1789392689.161144617] [laser_mapping]: Degeneracy: frame_bad=0 persistent=0 early_warning=0 plane_drop=-0.106
[fastlio_mapping-2] [INFO] [1789392689.711319684] [laser_mapping]: Degeneracy: frame_bad=0 persistent=0 early_warning=0 plane_drop=-0.020
[fastlio_mapping-2] [INFO] [1789392690.261114427] [laser_mapping]: Degeneracy: frame_bad=0 persistent=0 early_warning=0 plane_drop=-0.043
[fastlio_mapping-2] [INFO] [1789392690.751017164] [laser_mapping]: Degeneracy: frame_bad=0 persistent=0 early_warning=0 plane_drop=-0.027
[fastlio_mapping-2] [INFO] [1789392691.311406010] [laser_mapping]: Degeneracy: frame_bad=0 persistent=0 early_warning=0 plane_drop=0.033
[fastlio_mapping-2] [INFO] [1789392691.801236009] [laser_mapping]: Degeneracy: frame_bad=0 persistent=0 early_warning=0 plane_drop=0.086
[fastlio_mapping-2] [INFO] [1789392692.362172211] [laser_mapping]: Degeneracy: frame_bad=0 persistent=0 early_warning=0 plane_drop=0.088
[fastlio_mapping-2] [INFO] [1789392692.851299276] [laser_mapping]: Degeneracy: frame_bad=0 persistent=0 early_warning=0 plane_drop=-0.016
[fastlio_mapping-2] [INFO] [1789392693.401459121] [laser_mapping]: Degeneracy: frame_bad=0 persistent=0 early_warning=0 plane_drop=0.092
[fastlio_mapping-2] [INFO] [1789392693.931133576] [laser_mapping]: Degeneracy: frame_bad=0 persistent=0 early_warning=0 plane_drop=-0.016
[fastlio_mapping-2] [INFO] [1789392694.431422586] [laser_mapping]: Degeneracy: frame_bad=0 persistent=0 early_warning=0 plane_drop=0.047
[fastlio_mapping-2] [INFO] [1789392694.951393349] [laser_mapping]: Degeneracy: frame_bad=0 persistent=0 early_warning=0 plane_drop=-0.011
[fastlio_mapping-2] [INFO] [1789392695.451707538] [laser_mapping]: Degeneracy: frame_bad=0 persistent=0 early_warning=0 plane_drop=0.016
[fastlio_mapping-2] [INFO] [1789392695.961373108] [laser_mapping]: Degeneracy: frame_bad=0 persistent=0 early_warning=0 plane_drop=-0.030
[fastlio_mapping-2] [INFO] [1789392696.452000379] [laser_mapping]: Degeneracy: frame_bad=0 persistent=0 early_warning=0 plane_drop=-0.016
[fastlio_mapping-2] [INFO] [1789392696.981174435] [laser_mapping]: Degeneracy: frame_bad=0 persistent=0 early_warning=0 plane_drop=0.021
[fastlio_mapping-2] [INFO] [1789392697.511150839] [laser_mapping]: Degeneracy: frame_bad=0 persistent=0 early_warning=0 plane_drop=-0.043
[fastlio_mapping-2] [INFO] [1789392698.000870959] [laser_mapping]: Degeneracy: frame_bad=0 persistent=0 early_warning=0 plane_drop=-0.002
[fastlio_mapping-2] [INFO] [1789392698.551528955] [laser_mapping]: Degeneracy: frame_bad=0 persistent=0 early_warning=0 plane_drop=-0.042
[fastlio_mapping-2] [INFO] [1789392699.091201951] [laser_mapping]: Degeneracy: frame_bad=0 persistent=0 early_warning=0 plane_drop=0.010
[fastlio_mapping-2] [INFO] [1789392699.661137182] [laser_mapping]: Degeneracy: frame_bad=0 persistent=0 early_warning=0 plane_drop=-0.037
[fastlio_mapping-2] [INFO] [1789392700.851078775] [laser_mapping]: Degeneracy: frame_bad=0 persistent=0 early_warning=0 plane_drop=-0.039
[fastlio_mapping-2] [INFO] [1789392701.411679936] [laser_mapping]: Degeneracy: frame_bad=0 persistent=0 early_warning=1 plane_drop=0.008
[fastlio_mapping-2] [INFO] [1789392701.940731242] [laser_mapping]: Degeneracy: frame_bad=0 persistent=0 early_warning=1 plane_drop=-0.116
[fastlio_mapping-2] [INFO] [1789392702.461291279] [laser_mapping]: Degeneracy: frame_bad=0 persistent=0 early_warning=1 plane_drop=0.029
[fastlio_mapping-2] [INFO] [1789392702.980880800] [laser_mapping]: Degeneracy: frame_bad=0 persistent=0 early_warning=0 plane_drop=0.023
[fastlio_mapping-2] [INFO] [1789392703.500723336] [laser_mapping]: Degeneracy: frame_bad=1 persistent=0 early_warning=1 plane_drop=0.018
[fastlio_mapping-2] [INFO] [1789392704.050755364] [laser_mapping]: Degeneracy: frame_bad=0 persistent=0 early_warning=1 plane_drop=-0.005
[fastlio_mapping-2] [INFO] [1789392704.640715541] [laser_mapping]: Degeneracy: frame_bad=0 persistent=0 early_warning=0 plane_drop=-0.010
[fastlio_mapping-2] [INFO] [1789392705.190768126] [laser_mapping]: Degeneracy: frame_bad=1 persistent=0 early_warning=1 plane_drop=0.058
[fastlio_mapping-2] [INFO] [1789392705.720802988] [laser_mapping]: Degeneracy: frame_bad=0 persistent=0 early_warning=1 plane_drop=0.032
[fastlio_mapping-2] [INFO] [1789392706.201123028] [laser_mapping]: Degeneracy: frame_bad=0 persistent=0 early_warning=1 plane_drop=0.022
[fastlio_mapping-2] [INFO] [1789392706.871110045] [laser_mapping]: Degeneracy: frame_bad=0 persistent=0 early_warning=1 plane_drop=0.135
[fastlio_mapping-2] [INFO] [1789392707.420921012] [laser_mapping]: Degeneracy: frame_bad=0 persistent=0 early_warning=0 plane_drop=0.161
[fastlio_mapping-2] [INFO] [1789392707.940982750] [laser_mapping]: Degeneracy: frame_bad=0 persistent=0 early_warning=0 plane_drop=0.066
[fastlio_mapping-2] [INFO] [1789392708.430946288] [laser_mapping]: Degeneracy: frame_bad=0 persistent=0 early_warning=0 plane_drop=0.085
[fastlio_mapping-2] [INFO] [1789392709.071151838] [laser_mapping]: Degeneracy: frame_bad=0 persistent=0 early_warning=0 plane_drop=0.025
[fastlio_mapping-2] [INFO] [1789392709.621031564] [laser_mapping]: Degeneracy: frame_bad=0 persistent=0 early_warning=1 plane_drop=-0.047
[fastlio_mapping-2] [INFO] [1789392710.141196710] [laser_mapping]: Degeneracy: frame_bad=0 persistent=0 early_warning=1 plane_drop=0.040
[fastlio_mapping-2] [INFO] [1789392710.661013042] [laser_mapping]: Degeneracy: frame_bad=0 persistent=0 early_warning=0 plane_drop=0.034
[fastlio_mapping-2] [INFO] [1789392711.151200469] [laser_mapping]: Degeneracy: frame_bad=0 persistent=0 early_warning=0 plane_drop=0.091
[fastlio_mapping-2] [INFO] [1789392711.711688207] [laser_mapping]: Degeneracy: frame_bad=0 persistent=0 early_warning=0 plane_drop=0.085
[fastlio_mapping-2] [INFO] [1789392712.351400354] [laser_mapping]: Degeneracy: frame_bad=0 persistent=0 early_warning=0 plane_drop=0.203
[fastlio_mapping-2] [INFO] [1789392712.850756421] [laser_mapping]: Degeneracy: frame_bad=0 persistent=0 early_warning=0 plane_drop=0.074
[fastlio_mapping-2] [INFO] [1789392713.361463580] [laser_mapping]: Degeneracy: frame_bad=0 persistent=0 early_warning=0 plane_drop=-0.031
[fastlio_mapping-2] [INFO] [1789392713.883050490] [laser_mapping]: Degeneracy: frame_bad=0 persistent=0 early_warning=0 plane_drop=0.024
[fastlio_mapping-2] [INFO] [1789392714.391300319] [laser_mapping]: Degeneracy: frame_bad=0 persistent=0 early_warning=0 plane_drop=0.122
[fastlio_mapping-2] [INFO] [1789392714.901096988] [laser_mapping]: Degeneracy: frame_bad=0 persistent=0 early_warning=0 plane_drop=-0.133
[fastlio_mapping-2] [INFO] [1789392715.451444947] [laser_mapping]: Degeneracy: frame_bad=0 persistent=0 early_warning=0 plane_drop=-0.074
[fastlio_mapping-2] [INFO] [1789392715.960840199] [laser_mapping]: Degeneracy: frame_bad=0 persistent=0 early_warning=0 plane_drop=-0.051
[fastlio_mapping-2] [INFO] [1789392716.480772249] [laser_mapping]: Degeneracy: frame_bad=0 persistent=0 early_warning=0 plane_drop=-0.030
[fastlio_mapping-2] [INFO] [1789392717.000722645] [laser_mapping]: Degeneracy: frame_bad=0 persistent=0 early_warning=0 plane_drop=-0.011
[fastlio_mapping-2] [INFO] [1789392717.540671317] [laser_mapping]: Degeneracy: frame_bad=0 persistent=0 early_warning=0 plane_drop=-0.062
[fastlio_mapping-2] [INFO] [1789392718.051429161] [laser_mapping]: Degeneracy: frame_bad=0 persistent=0 early_warning=0 plane_drop=0.057
[fastlio_mapping-2] [INFO] [1789392718.620927845] [laser_mapping]: Degeneracy: frame_bad=0 persistent=0 early_warning=0 plane_drop=0.044
[fastlio_mapping-2] [INFO] [1789392719.180692436] [laser_mapping]: Degeneracy: frame_bad=0 persistent=0 early_warning=0 plane_drop=-0.012
[fastlio_mapping-2] [INFO] [1789392719.700835073] [laser_mapping]: Degeneracy: frame_bad=0 persistent=0 early_warning=0 plane_drop=0.249
[fastlio_mapping-2] [INFO] [1789392720.280926048] [laser_mapping]: Degeneracy: frame_bad=0 persistent=0 early_warning=0 plane_drop=0.124
[fastlio_mapping-2] [INFO] [1789392720.800781155] [laser_mapping]: Degeneracy: frame_bad=0 persistent=0 early_warning=0 plane_drop=-0.054
[fastlio_mapping-2] [INFO] [1789392721.500723651] [laser_mapping]: Degeneracy: frame_bad=0 persistent=0 early_warning=0 plane_drop=0.104
[fastlio_mapping-2] [INFO] [1789392722.061060352] [laser_mapping]: Degeneracy: frame_bad=0 persistent=0 early_warning=0 plane_drop=0.005
[fastlio_mapping-2] [INFO] [1789392722.700845506] [laser_mapping]: Degeneracy: frame_bad=0 persistent=0 early_warning=0 plane_drop=-0.003
[fastlio_mapping-2] [INFO] [1789392723.200307256] [laser_mapping]: Degeneracy: frame_bad=0 persistent=0 early_warning=0 plane_drop=-0.018
[fastlio_mapping-2] [INFO] [1789392723.750771060] [laser_mapping]: Degeneracy: frame_bad=0 persistent=0 early_warning=0 plane_drop=0.089
[fastlio_mapping-2] [INFO] [1789392724.260891408] [laser_mapping]: Degeneracy: frame_bad=0 persistent=0 early_warning=0 plane_drop=0.090
[fastlio_mapping-2] [INFO] [1789392724.760821023] [laser_mapping]: Degeneracy: frame_bad=0 persistent=0 early_warning=0 plane_drop=-0.102
[fastlio_mapping-2] [INFO] [1789392725.390880173] [laser_mapping]: Degeneracy: frame_bad=0 persistent=0 early_warning=0 plane_drop=0.204
[fastlio_mapping-2] [INFO] [1789392726.030770061] [laser_mapping]: Degeneracy: frame_bad=0 persistent=0 early_warning=0 plane_drop=0.038
[fastlio_mapping-2] [INFO] [1789392726.570867996] [laser_mapping]: Degeneracy: frame_bad=0 persistent=0 early_warning=0 plane_drop=-0.071
[fastlio_mapping-2] [INFO] [1789392727.050331193] [laser_mapping]: Degeneracy: frame_bad=0 persistent=0 early_warning=0 plane_drop=-0.149
[fastlio_mapping-2] [INFO] [1789392727.591223557] [laser_mapping]: Degeneracy: frame_bad=0 persistent=0 early_warning=0 plane_drop=0.034
[fastlio_mapping-2] [INFO] [1789392728.161096951] [laser_mapping]: Degeneracy: frame_bad=0 persistent=0 early_warning=0 plane_drop=-0.052
[fastlio_mapping-2] [INFO] [1789392728.740943927] [laser_mapping]: Degeneracy: frame_bad=0 persistent=0 early_warning=0 plane_drop=0.033
[fastlio_mapping-2] [INFO] [1789392729.300700255] [laser_mapping]: Degeneracy: frame_bad=0 persistent=0 early_warning=0 plane_drop=-0.083
[fastlio_mapping-2] [INFO] [1789392729.800693442] [laser_mapping]: Degeneracy: frame_bad=0 persistent=0 early_warning=0 plane_drop=-0.062
[fastlio_mapping-2] [INFO] [1789392730.330299087] [laser_mapping]: Degeneracy: frame_bad=0 persistent=0 early_warning=0 plane_drop=-0.111
[fastlio_mapping-2] [INFO] [1789392730.860167350] [laser_mapping]: Degeneracy: frame_bad=0 persistent=0 early_warning=0 plane_drop=-0.078
[fastlio_mapping-2] [INFO] [1789392731.350409797] [laser_mapping]: Degeneracy: frame_bad=0 persistent=0 early_warning=0 plane_drop=0.072
[fastlio_mapping-2] [INFO] [1789392731.919993280] [laser_mapping]: Degeneracy: frame_bad=0 persistent=0 early_warning=0 plane_drop=-0.048
[fastlio_mapping-2] [INFO] [1789392732.409358209] [laser_mapping]: Degeneracy: frame_bad=0 persistent=0 early_warning=1 plane_drop=0.035
[fastlio_mapping-2] [INFO] [1789392732.979802295] [laser_mapping]: Degeneracy: frame_bad=0 persistent=0 early_warning=1 plane_drop=-0.003
[fastlio_mapping-2] [INFO] [1789392733.509309009] [laser_mapping]: Degeneracy: frame_bad=0 persistent=0 early_warning=1 plane_drop=-0.104
[fastlio_mapping-2] [INFO] [1789392734.089881678] [laser_mapping]: Degeneracy: frame_bad=0 persistent=0 early_warning=0 plane_drop=0.045
[fastlio_mapping-2] [INFO] [1789392734.609863378] [laser_mapping]: Degeneracy: frame_bad=0 persistent=0 early_warning=1 plane_drop=-0.035
[fastlio_mapping-2] lidar loop back, clear buffer
[fastlio_mapping-2] [INFO] [1789392735.169798140] [laser_mapping]: Degeneracy: frame_bad=1 persistent=0 early_warning=1 plane_drop=-0.037
[fastlio_mapping-2] [INFO] [1789392735.699847628] [laser_mapping]: Degeneracy: frame_bad=0 persistent=0 early_warning=1 plane_drop=0.057
[fastlio_mapping-2] [INFO] [1789392736.209899488] [laser_mapping]: Degeneracy: frame_bad=0 persistent=0 early_warning=1 plane_drop=0.181
[fastlio_mapping-2] [INFO] [1789392736.709951892] [laser_mapping]: Degeneracy: frame_bad=0 persistent=0 early_warning=0 plane_drop=0.033
[fastlio_mapping-2] [INFO] [1789392737.240023595] [laser_mapping]: Degeneracy: frame_bad=0 persistent=0 early_warning=0 plane_drop=0.076
[fastlio_mapping-2] [INFO] [1789392737.800218909] [laser_mapping]: Degeneracy: frame_bad=0 persistent=0 early_warning=0 plane_drop=0.062
[fastlio_mapping-2] [INFO] [1789392738.311336418] [laser_mapping]: Degeneracy: frame_bad=0 persistent=0 early_warning=0 plane_drop=0.157
[fastlio_mapping-2] [INFO] [1789392738.850641150] [laser_mapping]: Degeneracy: frame_bad=0 persistent=0 early_warning=0 plane_drop=0.095
[fastlio_mapping-2] [INFO] [1789392739.380892451] [laser_mapping]: Degeneracy: frame_bad=0 persistent=0 early_warning=0 plane_drop=0.166
[fastlio_mapping-2] [INFO] [1789392739.900334527] [laser_mapping]: Degeneracy: frame_bad=0 persistent=0 early_warning=0 plane_drop=-0.087
[fastlio_mapping-2] [INFO] [1789392740.531306224] [laser_mapping]: Degeneracy: frame_bad=0 persistent=0 early_warning=0 plane_drop=0.075
[fastlio_mapping-2] [INFO] [1789392741.120875319] [laser_mapping]: Degeneracy: frame_bad=0 persistent=0 early_warning=0 plane_drop=0.030
[fastlio_mapping-2] [INFO] [1789392741.631656339] [laser_mapping]: Degeneracy: frame_bad=0 persistent=0 early_warning=0 plane_drop=0.014
[fastlio_mapping-2] [INFO] [1789392742.200985403] [laser_mapping]: Degeneracy: frame_bad=0 persistent=0 early_warning=0 plane_drop=0.014
[fastlio_mapping-2] [INFO] [1789392742.710544211] [laser_mapping]: Degeneracy: frame_bad=0 persistent=0 early_warning=0 plane_drop=-0.135
[fastlio_mapping-2] [INFO] [1789392743.220590277] [laser_mapping]: Degeneracy: frame_bad=0 persistent=0 early_warning=0 plane_drop=-0.051
[fastlio_mapping-2] [INFO] [1789392743.861331215] [laser_mapping]: Degeneracy: frame_bad=0 persistent=0 early_warning=0 plane_drop=0.003
[fastlio_mapping-2] [INFO] [1789392744.500762973] [laser_mapping]: Degeneracy: frame_bad=0 persistent=0 early_warning=0 plane_drop=0.108
[fastlio_mapping-2] [INFO] [1789392745.190602029] [laser_mapping]: Degeneracy: frame_bad=0 persistent=0 early_warning=0 plane_drop=-0.027
[fastlio_mapping-2] [INFO] [1789392745.830495624] [laser_mapping]: Degeneracy: frame_bad=0 persistent=0 early_warning=0 plane_drop=0.170
[fastlio_mapping-2] [INFO] [1789392746.380666042] [laser_mapping]: Degeneracy: frame_bad=0 persistent=0 early_warning=0 plane_drop=0.461
[fastlio_mapping-2] [INFO] [1789392746.900538801] [laser_mapping]: Degeneracy: frame_bad=0 persistent=0 early_warning=0 plane_drop=0.005
[fastlio_mapping-2] [INFO] [1789392747.409380698] [laser_mapping]: Degeneracy: frame_bad=0 persistent=0 early_warning=0 plane_drop=-0.135
[fastlio_mapping-2] [INFO] [1789392747.930829121] [laser_mapping]: Degeneracy: frame_bad=0 persistent=0 early_warning=0 plane_drop=0.203
[fastlio_mapping-2] [INFO] [1789392748.461142954] [laser_mapping]: Degeneracy: frame_bad=0 persistent=0 early_warning=0 plane_drop=0.123
[fastlio_mapping-2] [INFO] [1789392749.011667614] [laser_mapping]: Degeneracy: frame_bad=0 persistent=0 early_warning=0 plane_drop=0.050
[fastlio_mapping-2] [INFO] [1789392749.500282354] [laser_mapping]: Degeneracy: frame_bad=0 persistent=0 early_warning=0 plane_drop=-0.169
[fastlio_mapping-2] [INFO] [1789392750.032702663] [laser_mapping]: Degeneracy: frame_bad=0 persistent=0 early_warning=0 plane_drop=-0.001
[fastlio_mapping-2] [INFO] [1789392750.561055178] [laser_mapping]: Degeneracy: frame_bad=0 persistent=0 early_warning=0 plane_drop=-0.063
[fastlio_mapping-2] [INFO] [1789392751.061922855] [laser_mapping]: Degeneracy: frame_bad=0 persistent=0 early_warning=0 plane_drop=0.161
[fastlio_mapping-2] [INFO] [1789392751.660935879] [laser_mapping]: Degeneracy: frame_bad=0 persistent=0 early_warning=0 plane_drop=-0.073
[fastlio_mapping-2] [INFO] [1789392752.181131055] [laser_mapping]: Degeneracy: frame_bad=0 persistent=0 early_warning=0 plane_drop=-0.106
[fastlio_mapping-2] [INFO] [1789392752.690930068] [laser_mapping]: Degeneracy: frame_bad=0 persistent=0 early_warning=0 plane_drop=-0.014
[fastlio_mapping-2] [INFO] [1789392753.210901330] [laser_mapping]: Degeneracy: frame_bad=0 persistent=0 early_warning=0 plane_drop=-0.043
[fastlio_mapping-2] [INFO] [1789392753.710990642] [laser_mapping]: Degeneracy: frame_bad=0 persistent=0 early_warning=0 plane_drop=0.046
[fastlio_mapping-2] [INFO] [1789392754.261059750] [laser_mapping]: Degeneracy: frame_bad=0 persistent=0 early_warning=0 plane_drop=0.004
[fastlio_mapping-2] [INFO] [1789392754.751690379] [laser_mapping]: Degeneracy: frame_bad=0 persistent=0 early_warning=0 plane_drop=0.105
[fastlio_mapping-2] [INFO] [1789392755.279752052] [laser_mapping]: Degeneracy: frame_bad=0 persistent=0 early_warning=0 plane_drop=-0.150
[fastlio_mapping-2] [INFO] [1789392755.841071805] [laser_mapping]: Degeneracy: frame_bad=0 persistent=0 early_warning=0 plane_drop=-0.007
[fastlio_mapping-2] [INFO] [1789392756.361430679] [laser_mapping]: Degeneracy: frame_bad=0 persistent=0 early_warning=0 plane_drop=0.097
[fastlio_mapping-2] [INFO] [1789392757.041480043] [laser_mapping]: Degeneracy: frame_bad=0 persistent=0 early_warning=0 plane_drop=0.127
[fastlio_mapping-2] [INFO] [1789392757.652124983] [laser_mapping]: Degeneracy: frame_bad=0 persistent=0 early_warning=0 plane_drop=0.105
[fastlio_mapping-2] [INFO] [1789392758.201903725] [laser_mapping]: Degeneracy: frame_bad=0 persistent=0 early_warning=0 plane_drop=-0.018
[fastlio_mapping-2] [INFO] [1789392758.781938978] [laser_mapping]: Degeneracy: frame_bad=0 persistent=0 early_warning=0 plane_drop=0.033
[fastlio_mapping-2] [INFO] [1789392759.421980362] [laser_mapping]: Degeneracy: frame_bad=0 persistent=0 early_warning=0 plane_drop=0.105
[fastlio_mapping-2] [INFO] [1789392759.912144052] [laser_mapping]: Degeneracy: frame_bad=0 persistent=0 early_warning=0 plane_drop=0.105
[fastlio_mapping-2] [INFO] [1789392760.461591443] [laser_mapping]: Degeneracy: frame_bad=0 persistent=0 early_warning=0 plane_drop=-0.092
[fastlio_mapping-2] [INFO] [1789392761.101541586] [laser_mapping]: Degeneracy: frame_bad=0 persistent=0 early_warning=0 plane_drop=-0.094
[fastlio_mapping-2] [INFO] [1789392761.681055454] [laser_mapping]: Degeneracy: frame_bad=0 persistent=0 early_warning=0 plane_drop=-0.018
[fastlio_mapping-2] [INFO] [1789392762.180132637] [laser_mapping]: Degeneracy: frame_bad=0 persistent=0 early_warning=0 plane_drop=-0.161
[fastlio_mapping-2] [INFO] [1789392762.772029401] [laser_mapping]: Degeneracy: frame_bad=0 persistent=0 early_warning=0 plane_drop=0.028
[fastlio_mapping-2] [INFO] [1789392763.311431017] [laser_mapping]: Degeneracy: frame_bad=0 persistent=0 early_warning=0 plane_drop=-0.003
[fastlio_mapping-2] [INFO] [1789392763.841622120] [laser_mapping]: Degeneracy: frame_bad=0 persistent=0 early_warning=0 plane_drop=0.052
[fastlio_mapping-2] [INFO] [1789392764.371447575] [laser_mapping]: Degeneracy: frame_bad=0 persistent=0 early_warning=0 plane_drop=-0.148
[fastlio_mapping-2] [INFO] [1789392764.951136657] [laser_mapping]: Degeneracy: frame_bad=0 persistent=0 early_warning=0 plane_drop=0.045
[fastlio_mapping-2] [INFO] [1789392765.452020623] [laser_mapping]: Degeneracy: frame_bad=0 persistent=0 early_warning=0 plane_drop=-0.047
[fastlio_mapping-2] [INFO] [1789392765.990812425] [laser_mapping]: Degeneracy: frame_bad=0 persistent=0 early_warning=0 plane_drop=-0.002
[fastlio_mapping-2] [INFO] [1789392766.480674949] [laser_mapping]: Degeneracy: frame_bad=0 persistent=0 early_warning=0 plane_drop=-0.037
[fastlio_mapping-2] [INFO] [1789392767.010831639] [laser_mapping]: Degeneracy: frame_bad=0 persistent=0 early_warning=0 plane_drop=0.048
[fastlio_mapping-2] [INFO] [1789392767.530643257] [laser_mapping]: Degeneracy: frame_bad=0 persistent=0 early_warning=0 plane_drop=0.063
[fastlio_mapping-2] [INFO] [1789392768.030633553] [laser_mapping]: Degeneracy: frame_bad=0 persistent=0 early_warning=0 plane_drop=0.001
[fastlio_mapping-2] [INFO] [1789392768.590621220] [laser_mapping]: Degeneracy: frame_bad=0 persistent=0 early_warning=0 plane_drop=0.030
[fastlio_mapping-2] [INFO] [1789392769.121289915] [laser_mapping]: Degeneracy: frame_bad=0 persistent=0 early_warning=0 plane_drop=0.093
[fastlio_mapping-2] [INFO] [1789392769.760843730] [laser_mapping]: Degeneracy: frame_bad=0 persistent=0 early_warning=0 plane_drop=-0.003
[fastlio_mapping-2] [INFO] [1789392770.300797393] [laser_mapping]: Degeneracy: frame_bad=0 persistent=0 early_warning=0 plane_drop=0.086
[fastlio_mapping-2] [INFO] [1789392770.820807787] [laser_mapping]: Degeneracy: frame_bad=0 persistent=0 early_warning=0 plane_drop=0.103
[fastlio_mapping-2] [INFO] [1789392771.330727202] [laser_mapping]: Degeneracy: frame_bad=0 persistent=0 early_warning=0 plane_drop=-0.017
[fastlio_mapping-2] [INFO] [1789392771.880877170] [laser_mapping]: Degeneracy: frame_bad=0 persistent=0 early_warning=0 plane_drop=0.034
[fastlio_mapping-2] [INFO] [1789392772.400663693] [laser_mapping]: Degeneracy: frame_bad=0 persistent=0 early_warning=0 plane_drop=0.024
[fastlio_mapping-2] [INFO] [1789392772.930746116] [laser_mapping]: Degeneracy: frame_bad=0 persistent=0 early_warning=0 plane_drop=0.031
[fastlio_mapping-2] [INFO] [1789392773.490825175] [laser_mapping]: Degeneracy: frame_bad=0 persistent=0 early_warning=0 plane_drop=-0.012
[fastlio_mapping-2] [INFO] [1789392774.030923510] [laser_mapping]: Degeneracy: frame_bad=0 persistent=0 early_warning=0 plane_drop=-0.020
[fastlio_mapping-2] [INFO] [1789392774.570740098] [laser_mapping]: Degeneracy: frame_bad=0 persistent=0 early_warning=0 plane_drop=0.049
[fastlio_mapping-2] [INFO] [1789392775.070753352] [laser_mapping]: Degeneracy: frame_bad=0 persistent=0 early_warning=0 plane_drop=-0.006
[fastlio_mapping-2] [INFO] [1789392775.640841919] [laser_mapping]: Degeneracy: frame_bad=0 persistent=0 early_warning=0 plane_drop=0.098
[fastlio_mapping-2] [INFO] [1789392776.200876154] [laser_mapping]: Degeneracy: frame_bad=0 persistent=0 early_warning=0 plane_drop=0.120
[fastlio_mapping-2] [INFO] [1789392776.750727069] [laser_mapping]: Degeneracy: frame_bad=0 persistent=0 early_warning=0 plane_drop=-0.027
[fastlio_mapping-2] [INFO] [1789392777.280938736] [laser_mapping]: Degeneracy: frame_bad=0 persistent=0 early_warning=0 plane_drop=0.067
[fastlio_mapping-2] [INFO] [1789392777.870915927] [laser_mapping]: Degeneracy: frame_bad=0 persistent=0 early_warning=0 plane_drop=0.203
[fastlio_mapping-2] [INFO] [1789392778.350868226] [laser_mapping]: Degeneracy: frame_bad=0 persistent=0 early_warning=0 plane_drop=-0.044
[fastlio_mapping-2] [INFO] [1789392778.940944353] [laser_mapping]: Degeneracy: frame_bad=0 persistent=0 early_warning=0 plane_drop=-0.033
[fastlio_mapping-2] [INFO] [1789392779.581054596] [laser_mapping]: Degeneracy: frame_bad=0 persistent=0 early_warning=0 plane_drop=0.225
[fastlio_mapping-2] [INFO] [1789392780.180940766] [laser_mapping]: Degeneracy: frame_bad=0 persistent=0 early_warning=0 plane_drop=0.265
[fastlio_mapping-2] [INFO] [1789392780.731149023] [laser_mapping]: Degeneracy: frame_bad=0 persistent=0 early_warning=0 plane_drop=-0.017
[fastlio_mapping-2] [INFO] [1789392781.371336357] [laser_mapping]: Degeneracy: frame_bad=0 persistent=0 early_warning=0 plane_drop=-0.008
[fastlio_mapping-2] [INFO] [1789392781.870903902] [laser_mapping]: Degeneracy: frame_bad=0 persistent=0 early_warning=0 plane_drop=0.114
[fastlio_mapping-2] [INFO] [1789392782.380586509] [laser_mapping]: Degeneracy: frame_bad=0 persistent=0 early_warning=0 plane_drop=-0.045
[fastlio_mapping-2] [INFO] [1789392782.970719283] [laser_mapping]: Degeneracy: frame_bad=0 persistent=0 early_warning=0 plane_drop=-0.100
[fastlio_mapping-2] [INFO] [1789392783.490290146] [laser_mapping]: Degeneracy: frame_bad=0 persistent=0 early_warning=0 plane_drop=-0.037
[fastlio_mapping-2] [INFO] [1789392784.080067120] [laser_mapping]: Degeneracy: frame_bad=0 persistent=0 early_warning=0 plane_drop=-0.023
[fastlio_mapping-2] [INFO] [1789392784.719879421] [laser_mapping]: Degeneracy: frame_bad=0 persistent=0 early_warning=0 plane_drop=-0.104
[fastlio_mapping-2] [INFO] [1789392785.279768581] [laser_mapping]: Degeneracy: frame_bad=0 persistent=0 early_warning=0 plane_drop=-0.062
[fastlio_mapping-2] [INFO] [1789392785.819700041] [laser_mapping]: Degeneracy: frame_bad=0 persistent=0 early_warning=0 plane_drop=-0.035
[fastlio_mapping-2] [INFO] [1789392786.379674068] [laser_mapping]: Degeneracy: frame_bad=0 persistent=0 early_warning=0 plane_drop=-0.016
[fastlio_mapping-2] [INFO] [1789392786.959423192] [laser_mapping]: Degeneracy: frame_bad=0 persistent=0 early_warning=0 plane_drop=0.036
[fastlio_mapping-2] [INFO] [1789392787.539487747] [laser_mapping]: Degeneracy: frame_bad=0 persistent=0 early_warning=0 plane_drop=0.043
[fastlio_mapping-2] [INFO] [1789392788.089663954] [laser_mapping]: Degeneracy: frame_bad=0 persistent=0 early_warning=0 plane_drop=0.018
[fastlio_mapping-2] [INFO] [1789392788.639753257] [laser_mapping]: Degeneracy: frame_bad=0 persistent=0 early_warning=0 plane_drop=0.041
[fastlio_mapping-2] [INFO] [1789392789.180037035] [laser_mapping]: Degeneracy: frame_bad=0 persistent=0 early_warning=0 plane_drop=0.079
[fastlio_mapping-2] [INFO] [1789392789.700229717] [laser_mapping]: Degeneracy: frame_bad=0 persistent=0 early_warning=0 plane_drop=0.182
[fastlio_mapping-2] [INFO] [1789392790.340740613] [laser_mapping]: Degeneracy: frame_bad=0 persistent=0 early_warning=0 plane_drop=0.103
[fastlio_mapping-2] [INFO] [1789392790.850384200] [laser_mapping]: Degeneracy: frame_bad=0 persistent=0 early_warning=0 plane_drop=0.008
[fastlio_mapping-2] [INFO] [1789392791.500073673] [laser_mapping]: Degeneracy: frame_bad=0 persistent=0 early_warning=0 plane_drop=0.193
[fastlio_mapping-2] [INFO] [1789392792.050182341] [laser_mapping]: Degeneracy: frame_bad=0 persistent=0 early_warning=0 plane_drop=-0.017
[fastlio_mapping-2] [INFO] [1789392792.610114734] [laser_mapping]: Degeneracy: frame_bad=0 persistent=0 early_warning=0 plane_drop=0.086
[fastlio_mapping-2] [INFO] [1789392793.100187397] [laser_mapping]: Degeneracy: frame_bad=0 persistent=0 early_warning=0 plane_drop=-0.031
[fastlio_mapping-2] [INFO] [1789392793.730783903] [laser_mapping]: Degeneracy: frame_bad=0 persistent=0 early_warning=0 plane_drop=0.251
[fastlio_mapping-2] [INFO] [1789392794.230371016] [laser_mapping]: Degeneracy: frame_bad=0 persistent=0 early_warning=0 plane_drop=0.241
[fastlio_mapping-2] [INFO] [1789392794.740523273] [laser_mapping]: Degeneracy: frame_bad=0 persistent=0 early_warning=0 plane_drop=0.017
[fastlio_mapping-2] [INFO] [1789392795.420662825] [laser_mapping]: Degeneracy: frame_bad=0 persistent=0 early_warning=0 plane_drop=0.254
[fastlio_mapping-2] [INFO] [1789392795.900782229] [laser_mapping]: Degeneracy: frame_bad=0 persistent=0 early_warning=0 plane_drop=0.341
[fastlio_mapping-2] [INFO] [1789392796.450979717] [laser_mapping]: Degeneracy: frame_bad=0 persistent=0 early_warning=0 plane_drop=0.080
[fastlio_mapping-2] [INFO] [1789392796.961574259] [laser_mapping]: Degeneracy: frame_bad=0 persistent=0 early_warning=0 plane_drop=0.249
[fastlio_mapping-2] [INFO] [1789392797.481108395] [laser_mapping]: Degeneracy: frame_bad=0 persistent=0 early_warning=0 plane_drop=0.184
[fastlio_mapping-2] [INFO] [1789392798.051125475] [laser_mapping]: Degeneracy: frame_bad=0 persistent=0 early_warning=0 plane_drop=-0.028
[fastlio_mapping-2] [INFO] [1789392798.561655187] [laser_mapping]: Degeneracy: frame_bad=0 persistent=0 early_warning=0 plane_drop=0.120
[fastlio_mapping-2] [INFO] [1789392799.151008023] [laser_mapping]: Degeneracy: frame_bad=0 persistent=0 early_warning=0 plane_drop=-0.136
[fastlio_mapping-2] [INFO] [1789392799.790827142] [laser_mapping]: Degeneracy: frame_bad=0 persistent=0 early_warning=0 plane_drop=-0.042
[fastlio_mapping-2] [INFO] [1789392800.431136917] [laser_mapping]: Degeneracy: frame_bad=0 persistent=0 early_warning=0 plane_drop=0.155
[fastlio_mapping-2] [INFO] [1789392800.931177695] [laser_mapping]: Degeneracy: frame_bad=0 persistent=0 early_warning=0 plane_drop=0.203
[fastlio_mapping-2] [INFO] [1789392801.481603142] [laser_mapping]: Degeneracy: frame_bad=0 persistent=0 early_warning=0 plane_drop=-0.023
[fastlio_mapping-2] [INFO] [1789392802.031074815] [laser_mapping]: Degeneracy: frame_bad=0 persistent=0 early_warning=0 plane_drop=-0.021
[fastlio_mapping-2] [INFO] [1789392802.680819371] [laser_mapping]: Degeneracy: frame_bad=0 persistent=0 early_warning=0 plane_drop=0.004
[fastlio_mapping-2] [INFO] [1789392803.291015824] [laser_mapping]: Degeneracy: frame_bad=0 persistent=0 early_warning=0 plane_drop=-0.038
[fastlio_mapping-2] [INFO] [1789392803.830719071] [laser_mapping]: Degeneracy: frame_bad=0 persistent=0 early_warning=0 plane_drop=0.050
[fastlio_mapping-2] [INFO] [1789392804.350611277] [laser_mapping]: Degeneracy: frame_bad=0 persistent=0 early_warning=0 plane_drop=-0.025
[fastlio_mapping-2] [INFO] [1789392804.960710336] [laser_mapping]: Degeneracy: frame_bad=0 persistent=0 early_warning=0 plane_drop=0.020
[fastlio_mapping-2] [INFO] [1789392805.550696725] [laser_mapping]: Degeneracy: frame_bad=0 persistent=0 early_warning=0 plane_drop=-0.006
[fastlio_mapping-2] [INFO] [1789392806.130514479] [laser_mapping]: Degeneracy: frame_bad=0 persistent=0 early_warning=0 plane_drop=-0.011
[fastlio_mapping-2] [INFO] [1789392806.771288329] [laser_mapping]: Degeneracy: frame_bad=0 persistent=0 early_warning=0 plane_drop=-0.040
[fastlio_mapping-2] [INFO] [1789392807.279750771] [laser_mapping]: Degeneracy: frame_bad=0 persistent=0 early_warning=0 plane_drop=-0.060
[fastlio_mapping-2] [INFO] [1789392807.890284459] [laser_mapping]: Degeneracy: frame_bad=0 persistent=0 early_warning=0 plane_drop=-0.035
[fastlio_mapping-2] [INFO] [1789392808.400308927] [laser_mapping]: Degeneracy: frame_bad=0 persistent=0 early_warning=0 plane_drop=0.023
[fastlio_mapping-2] [INFO] [1789392809.010874022] [laser_mapping]: Degeneracy: frame_bad=0 persistent=0 early_warning=0 plane_drop=-0.036
[fastlio_mapping-2] [INFO] [1789392809.541068892] [laser_mapping]: Degeneracy: frame_bad=0 persistent=0 early_warning=0 plane_drop=0.088
[fastlio_mapping-2] [INFO] [1789392810.181479134] [laser_mapping]: Degeneracy: frame_bad=0 persistent=0 early_warning=0 plane_drop=0.064
[fastlio_mapping-2] [INFO] [1789392810.831635988] [laser_mapping]: Degeneracy: frame_bad=0 persistent=0 early_warning=0 plane_drop=0.054
[fastlio_mapping-2] [INFO] [1789392811.351367507] [laser_mapping]: Degeneracy: frame_bad=0 persistent=0 early_warning=0 plane_drop=0.112
[fastlio_mapping-2] [INFO] [1789392811.851538041] [laser_mapping]: Degeneracy: frame_bad=0 persistent=0 early_warning=0 plane_drop=0.037
[fastlio_mapping-2] [INFO] [1789392812.461062512] [laser_mapping]: Degeneracy: frame_bad=0 persistent=0 early_warning=0 plane_drop=0.011
[fastlio_mapping-2] [INFO] [1789392812.951145239] [laser_mapping]: Degeneracy: frame_bad=0 persistent=0 early_warning=0 plane_drop=0.086
[fastlio_mapping-2] [INFO] [1789392813.450964941] [laser_mapping]: Degeneracy: frame_bad=0 persistent=0 early_warning=0 plane_drop=-0.050
[fastlio_mapping-2] [INFO] [1789392814.040700124] [laser_mapping]: Degeneracy: frame_bad=0 persistent=0 early_warning=0 plane_drop=-0.014
[fastlio_mapping-2] [INFO] [1789392814.560605440] [laser_mapping]: Degeneracy: frame_bad=0 persistent=0 early_warning=0 plane_drop=-0.140
[fastlio_mapping-2] [INFO] [1789392815.050125746] [laser_mapping]: Degeneracy: frame_bad=0 persistent=0 early_warning=0 plane_drop=-0.142
[fastlio_mapping-2] [INFO] [1789392815.660508686] [laser_mapping]: Degeneracy: frame_bad=0 persistent=0 early_warning=0 plane_drop=-0.019
[fastlio_mapping-2] [INFO] [1789392816.150200785] [laser_mapping]: Degeneracy: frame_bad=0 persistent=0 early_warning=0 plane_drop=0.027
[fastlio_mapping-2] [INFO] [1789392816.670186902] [laser_mapping]: Degeneracy: frame_bad=0 persistent=0 early_warning=0 plane_drop=-0.030
[fastlio_mapping-2] [INFO] [1789392817.300173723] [laser_mapping]: Degeneracy: frame_bad=0 persistent=0 early_warning=0 plane_drop=0.048
[fastlio_mapping-2] [INFO] [1789392817.869999374] [laser_mapping]: Degeneracy: frame_bad=0 persistent=0 early_warning=0 plane_drop=-0.042
[fastlio_mapping-2] [INFO] [1789392818.559913581] [laser_mapping]: Degeneracy: frame_bad=0 persistent=0 early_warning=0 plane_drop=0.152
[fastlio_mapping-2] [INFO] [1789392819.200007305] [laser_mapping]: Degeneracy: frame_bad=0 persistent=0 early_warning=0 plane_drop=0.284
[fastlio_mapping-2] [INFO] [1789392819.769996424] [laser_mapping]: Degeneracy: frame_bad=0 persistent=0 early_warning=0 plane_drop=0.370
[fastlio_mapping-2] [INFO] [1789392820.309956275] [laser_mapping]: Degeneracy: frame_bad=0 persistent=0 early_warning=0 plane_drop=0.141
[fastlio_mapping-2] [INFO] [1789392820.829903865] [laser_mapping]: Degeneracy: frame_bad=0 persistent=0 early_warning=0 plane_drop=0.198
[fastlio_mapping-2] [INFO] [1789392821.370001036] [laser_mapping]: Degeneracy: frame_bad=0 persistent=0 early_warning=0 plane_drop=-0.029
[fastlio_mapping-2] [INFO] [1789392821.939970848] [laser_mapping]: Degeneracy: frame_bad=0 persistent=0 early_warning=0 plane_drop=-0.032
[fastlio_mapping-2] lidar loop back, clear buffer
[fastlio_mapping-2] lidar loop back, clear buffer
[fastlio_mapping-2] [INFO] [1789392822.919767437] [laser_mapping]: Degeneracy: frame_bad=0 persistent=0 early_warning=0 plane_drop=-0.158
[fastlio_mapping-2] [INFO] [1789392823.559726059] [laser_mapping]: Degeneracy: frame_bad=0 persistent=0 early_warning=0 plane_drop=0.012
[fastlio_mapping-2] [INFO] [1789392824.079647503] [laser_mapping]: Degeneracy: frame_bad=0 persistent=0 early_warning=0 plane_drop=0.481
[fastlio_mapping-2] [INFO] [1789392824.630318234] [laser_mapping]: Degeneracy: frame_bad=0 persistent=0 early_warning=0 plane_drop=0.113
[fastlio_mapping-2] [INFO] [1789392825.189700435] [laser_mapping]: Degeneracy: frame_bad=0 persistent=0 early_warning=0 plane_drop=0.021
[fastlio_mapping-2] [INFO] [1789392825.739727621] [laser_mapping]: Degeneracy: frame_bad=0 persistent=0 early_warning=0 plane_drop=0.154
[fastlio_mapping-2] [INFO] [1789392826.309860973] [laser_mapping]: Degeneracy: frame_bad=0 persistent=0 early_warning=0 plane_drop=-0.001
[fastlio_mapping-2] [INFO] [1789392826.829702284] [laser_mapping]: Degeneracy: frame_bad=0 persistent=0 early_warning=0 plane_drop=-0.057
[fastlio_mapping-2] [INFO] [1789392827.379981004] [laser_mapping]: Degeneracy: frame_bad=0 persistent=0 early_warning=0 plane_drop=0.069
[fastlio_mapping-2] [INFO] [1789392827.959845988] [laser_mapping]: Degeneracy: frame_bad=0 persistent=0 early_warning=0 plane_drop=0.059
[fastlio_mapping-2] [INFO] [1789392828.490065337] [laser_mapping]: Degeneracy: frame_bad=0 persistent=0 early_warning=0 plane_drop=0.124
[fastlio_mapping-2] [INFO] [1789392829.090036873] [laser_mapping]: Degeneracy: frame_bad=0 persistent=0 early_warning=0 plane_drop=0.035
[fastlio_mapping-2] [INFO] [1789392829.600171144] [laser_mapping]: Degeneracy: frame_bad=0 persistent=0 early_warning=0 plane_drop=0.178
[fastlio_mapping-2] [INFO] [1789392830.140168962] [laser_mapping]: Degeneracy: frame_bad=0 persistent=0 early_warning=0 plane_drop=0.005
[fastlio_mapping-2] [INFO] [1789392830.660149712] [laser_mapping]: Degeneracy: frame_bad=0 persistent=0 early_warning=0 plane_drop=0.026
[fastlio_mapping-2] [INFO] [1789392831.210129040] [laser_mapping]: Degeneracy: frame_bad=0 persistent=0 early_warning=0 plane_drop=0.169
[fastlio_mapping-2] [INFO] [1789392831.762350654] [laser_mapping]: Degeneracy: frame_bad=0 persistent=0 early_warning=0 plane_drop=-0.042
[fastlio_mapping-2] [INFO] [1789392832.300077421] [laser_mapping]: Degeneracy: frame_bad=0 persistent=0 early_warning=0 plane_drop=0.034
[fastlio_mapping-2] [INFO] [1789392832.850099330] [laser_mapping]: Degeneracy: frame_bad=0 persistent=0 early_warning=0 plane_drop=0.255
[fastlio_mapping-2] [INFO] [1789392833.430086827] [laser_mapping]: Degeneracy: frame_bad=0 persistent=0 early_warning=0 plane_drop=0.053
[fastlio_mapping-2] [INFO] [1789392834.010266660] [laser_mapping]: Degeneracy: frame_bad=0 persistent=0 early_warning=0 plane_drop=-0.004
[fastlio_mapping-2] [INFO] [1789392834.560598360] [laser_mapping]: Degeneracy: frame_bad=0 persistent=0 early_warning=0 plane_drop=0.006
[fastlio_mapping-2] [INFO] [1789392835.110148402] [laser_mapping]: Degeneracy: frame_bad=0 persistent=0 early_warning=0 plane_drop=-0.024
[fastlio_mapping-2] [INFO] [1789392835.630271153] [laser_mapping]: Degeneracy: frame_bad=0 persistent=0 early_warning=0 plane_drop=0.024
[fastlio_mapping-2] [INFO] [1789392836.130336811] [laser_mapping]: Degeneracy: frame_bad=0 persistent=0 early_warning=0 plane_drop=0.025
[fastlio_mapping-2] [INFO] [1789392836.690399438] [laser_mapping]: Degeneracy: frame_bad=0 persistent=0 early_warning=0 plane_drop=-0.027
[fastlio_mapping-2] [INFO] [1789392837.210308699] [laser_mapping]: Degeneracy: frame_bad=0 persistent=0 early_warning=0 plane_drop=0.191
[fastlio_mapping-2] [INFO] [1789392837.901586375] [laser_mapping]: Degeneracy: frame_bad=0 persistent=0 early_warning=0 plane_drop=0.114
[fastlio_mapping-2] [INFO] [1789392838.460817098] [laser_mapping]: Degeneracy: frame_bad=0 persistent=0 early_warning=0 plane_drop=0.262
[fastlio_mapping-2] [INFO] [1789392838.980897392] [laser_mapping]: Degeneracy: frame_bad=0 persistent=0 early_warning=0 plane_drop=0.011
[fastlio_mapping-2] [INFO] [1789392839.501157261] [laser_mapping]: Degeneracy: frame_bad=0 persistent=0 early_warning=0 plane_drop=0.003
[fastlio_mapping-2] [INFO] [1789392840.101349092] [laser_mapping]: Degeneracy: frame_bad=0 persistent=0 early_warning=0 plane_drop=-0.049
[fastlio_mapping-2] [INFO] [1789392840.610904058] [laser_mapping]: Degeneracy: frame_bad=0 persistent=0 early_warning=0 plane_drop=-0.008
[fastlio_mapping-2] [INFO] [1789392841.180971390] [laser_mapping]: Degeneracy: frame_bad=0 persistent=0 early_warning=0 plane_drop=0.051
[fastlio_mapping-2] [INFO] [1789392841.730806617] [laser_mapping]: Degeneracy: frame_bad=0 persistent=0 early_warning=0 plane_drop=0.042
[fastlio_mapping-2] [INFO] [1789392842.331164873] [laser_mapping]: Degeneracy: frame_bad=0 persistent=0 early_warning=0 plane_drop=0.096
[fastlio_mapping-2] [INFO] [1789392842.991048484] [laser_mapping]: Degeneracy: frame_bad=0 persistent=0 early_warning=0 plane_drop=0.317
[fastlio_mapping-2] [INFO] [1789392843.630734003] [laser_mapping]: Degeneracy: frame_bad=0 persistent=0 early_warning=0 plane_drop=-0.046
[fastlio_mapping-2] [INFO] [1789392844.190715984] [laser_mapping]: Degeneracy: frame_bad=0 persistent=0 early_warning=0 plane_drop=0.128
[fastlio_mapping-2] [INFO] [1789392844.760927348] [laser_mapping]: Degeneracy: frame_bad=0 persistent=0 early_warning=0 plane_drop=0.030
[fastlio_mapping-2] [INFO] [1789392845.301578849] [laser_mapping]: Degeneracy: frame_bad=0 persistent=0 early_warning=0 plane_drop=0.194
[fastlio_mapping-2] [INFO] [1789392845.861864895] [laser_mapping]: Degeneracy: frame_bad=0 persistent=0 early_warning=0 plane_drop=0.187
[fastlio_mapping-2] [INFO] [1789392846.381896459] [laser_mapping]: Degeneracy: frame_bad=0 persistent=0 early_warning=0 plane_drop=-0.100
[fastlio_mapping-2] [INFO] [1789392847.011821152] [laser_mapping]: Degeneracy: frame_bad=0 persistent=0 early_warning=0 plane_drop=0.057
[fastlio_mapping-2] [INFO] [1789392847.652728949] [laser_mapping]: Degeneracy: frame_bad=0 persistent=0 early_warning=0 plane_drop=-0.031
[fastlio_mapping-2] [INFO] [1789392848.201634059] [laser_mapping]: Degeneracy: frame_bad=0 persistent=0 early_warning=0 plane_drop=0.095
[fastlio_mapping-2] [INFO] [1789392848.771206558] [laser_mapping]: Degeneracy: frame_bad=0 persistent=0 early_warning=0 plane_drop=0.093
[fastlio_mapping-2] [INFO] [1789392849.291095637] [laser_mapping]: Degeneracy: frame_bad=0 persistent=0 early_warning=0 plane_drop=-0.121
[fastlio_mapping-2] [INFO] [1789392849.790937820] [laser_mapping]: Degeneracy: frame_bad=0 persistent=0 early_warning=1 plane_drop=-0.091
[fastlio_mapping-2] [INFO] [1789392850.321620017] [laser_mapping]: Degeneracy: frame_bad=0 persistent=0 early_warning=1 plane_drop=0.027
[fastlio_mapping-2] [INFO] [1789392850.991633306] [laser_mapping]: Degeneracy: frame_bad=0 persistent=0 early_warning=1 plane_drop=0.173
[fastlio_mapping-2] [INFO] [1789392851.700717453] [laser_mapping]: Degeneracy: frame_bad=0 persistent=0 early_warning=1 plane_drop=0.148
[fastlio_mapping-2] [INFO] [1789392852.340824255] [laser_mapping]: Degeneracy: frame_bad=0 persistent=0 early_warning=0 plane_drop=0.148
[fastlio_mapping-2] [INFO] [1789392852.880615603] [laser_mapping]: Degeneracy: frame_bad=0 persistent=0 early_warning=1 plane_drop=0.110
[fastlio_mapping-2] [INFO] [1789392853.400655604] [laser_mapping]: Degeneracy: frame_bad=0 persistent=0 early_warning=1 plane_drop=0.117
[fastlio_mapping-2] [INFO] [1789392854.000513245] [laser_mapping]: Degeneracy: frame_bad=0 persistent=0 early_warning=0 plane_drop=-0.044
[fastlio_mapping-2] [INFO] [1789392854.570652326] [laser_mapping]: Degeneracy: frame_bad=0 persistent=0 early_warning=0 plane_drop=-0.052
[fastlio_mapping-2] [INFO] [1789392855.050750373] [laser_mapping]: Degeneracy: frame_bad=0 persistent=0 early_warning=0 plane_drop=0.082
[fastlio_mapping-2] [INFO] [1789392855.610729169] [laser_mapping]: Degeneracy: frame_bad=0 persistent=0 early_warning=1 plane_drop=0.022
[fastlio_mapping-2] [INFO] [1789392856.130285744] [laser_mapping]: Degeneracy: frame_bad=0 persistent=0 early_warning=0 plane_drop=-0.168
[fastlio_mapping-2] [INFO] [1789392856.790367883] [laser_mapping]: Degeneracy: frame_bad=0 persistent=0 early_warning=0 plane_drop=-0.079
[fastlio_mapping-2] [INFO] [1789392857.430924899] [laser_mapping]: Degeneracy: frame_bad=0 persistent=0 early_warning=0 plane_drop=0.194
[fastlio_mapping-2] [INFO] [1789392857.960139393] [laser_mapping]: Degeneracy: frame_bad=0 persistent=0 early_warning=0 plane_drop=-0.069
[fastlio_mapping-2] [INFO] [1789392858.501653846] [laser_mapping]: Degeneracy: frame_bad=0 persistent=0 early_warning=0 plane_drop=-0.027
[fastlio_mapping-2] [INFO] [1789392859.060396750] [laser_mapping]: Degeneracy: frame_bad=0 persistent=0 early_warning=0 plane_drop=0.040
[fastlio_mapping-2] [INFO] [1789392859.579738514] [laser_mapping]: Degeneracy: frame_bad=0 persistent=0 early_warning=0 plane_drop=0.034
[fastlio_mapping-2] [INFO] [1789392860.120588008] [laser_mapping]: Degeneracy: frame_bad=0 persistent=0 early_warning=0 plane_drop=0.073
[fastlio_mapping-2] [INFO] [1789392860.700631122] [laser_mapping]: Degeneracy: frame_bad=0 persistent=0 early_warning=0 plane_drop=0.071
[fastlio_mapping-2] [INFO] [1789392861.250789474] [laser_mapping]: Degeneracy: frame_bad=0 persistent=0 early_warning=0 plane_drop=0.043
[fastlio_mapping-2] [INFO] [1789392861.890689166] [laser_mapping]: Degeneracy: frame_bad=0 persistent=0 early_warning=0 plane_drop=0.063
[fastlio_mapping-2] [INFO] [1789392862.530794785] [laser_mapping]: Degeneracy: frame_bad=0 persistent=0 early_warning=0 plane_drop=0.046
[fastlio_mapping-2] [INFO] [1789392863.070857701] [laser_mapping]: Degeneracy: frame_bad=0 persistent=0 early_warning=0 plane_drop=0.065
[fastlio_mapping-2] [INFO] [1789392863.641412715] [laser_mapping]: Degeneracy: frame_bad=0 persistent=0 early_warning=0 plane_drop=0.079
[fastlio_mapping-2] [INFO] [1789392864.162524451] [laser_mapping]: Degeneracy: frame_bad=0 persistent=0 early_warning=0 plane_drop=-0.069
[fastlio_mapping-2] [INFO] [1789392864.781522372] [laser_mapping]: Degeneracy: frame_bad=0 persistent=0 early_warning=0 plane_drop=0.065
[fastlio_mapping-2] [INFO] [1789392865.311451996] [laser_mapping]: Degeneracy: frame_bad=0 persistent=0 early_warning=0 plane_drop=0.041
[fastlio_mapping-2] [INFO] [1789392865.940654958] [laser_mapping]: Degeneracy: frame_bad=0 persistent=0 early_warning=0 plane_drop=-0.106
[fastlio_mapping-2] [INFO] [1789392866.610576286] [laser_mapping]: Degeneracy: frame_bad=0 persistent=0 early_warning=0 plane_drop=0.058
[fastlio_mapping-2] [INFO] [1789392867.210452646] [laser_mapping]: Degeneracy: frame_bad=0 persistent=0 early_warning=0 plane_drop=-0.018
[fastlio_mapping-2] [INFO] [1789392867.800373389] [laser_mapping]: Degeneracy: frame_bad=0 persistent=0 early_warning=0 plane_drop=-0.006
[fastlio_mapping-2] [INFO] [1789392868.310211429] [laser_mapping]: Degeneracy: frame_bad=0 persistent=0 early_warning=0 plane_drop=-0.117
[fastlio_mapping-2] [INFO] [1789392868.800241857] [laser_mapping]: Degeneracy: frame_bad=0 persistent=0 early_warning=0 plane_drop=-0.042
[fastlio_mapping-2] [INFO] [1789392869.400293786] [laser_mapping]: Degeneracy: frame_bad=0 persistent=0 early_warning=0 plane_drop=-0.029
[fastlio_mapping-2] [INFO] [1789392869.990716678] [laser_mapping]: Degeneracy: frame_bad=0 persistent=0 early_warning=0 plane_drop=0.160
[fastlio_mapping-2] [INFO] [1789392870.500666992] [laser_mapping]: Degeneracy: frame_bad=0 persistent=0 early_warning=0 plane_drop=0.172
[fastlio_mapping-2] [INFO] [1789392871.171186319] [laser_mapping]: Degeneracy: frame_bad=0 persistent=0 early_warning=0 plane_drop=0.196
[fastlio_mapping-2] [INFO] [1789392871.731425235] [laser_mapping]: Degeneracy: frame_bad=0 persistent=0 early_warning=0 plane_drop=0.111
[fastlio_mapping-2] [INFO] [1789392872.332053248] [laser_mapping]: Degeneracy: frame_bad=0 persistent=0 early_warning=0 plane_drop=0.216
[fastlio_mapping-2] [INFO] [1789392872.891983009] [laser_mapping]: Degeneracy: frame_bad=0 persistent=0 early_warning=0 plane_drop=0.228
[fastlio_mapping-2] [INFO] [1789392873.442028221] [laser_mapping]: Degeneracy: frame_bad=0 persistent=0 early_warning=0 plane_drop=0.041
[fastlio_mapping-2] [INFO] [1789392874.211444949] [laser_mapping]: Degeneracy: frame_bad=0 persistent=0 early_warning=0 plane_drop=-0.112
[fastlio_mapping-2] [INFO] [1789392874.720956633] [laser_mapping]: Degeneracy: frame_bad=0 persistent=0 early_warning=0 plane_drop=0.004
[fastlio_mapping-2] [INFO] [1789392875.240703191] [laser_mapping]: Degeneracy: frame_bad=0 persistent=0 early_warning=0 plane_drop=-0.134
[fastlio_mapping-2] [INFO] [1789392875.730694125] [laser_mapping]: Degeneracy: frame_bad=0 persistent=0 early_warning=0 plane_drop=-0.147
[fastlio_mapping-2] [INFO] [1789392876.370467830] [laser_mapping]: Degeneracy: frame_bad=0 persistent=0 early_warning=0 plane_drop=-0.067
[fastlio_mapping-2] [INFO] [1789392876.850249515] [laser_mapping]: Degeneracy: frame_bad=0 persistent=0 early_warning=0 plane_drop=-0.085
[fastlio_mapping-2] [INFO] [1789392877.490284637] [laser_mapping]: Degeneracy: frame_bad=0 persistent=0 early_warning=0 plane_drop=0.001
[fastlio_mapping-2] [INFO] [1789392878.130867916] [laser_mapping]: Degeneracy: frame_bad=0 persistent=0 early_warning=0 plane_drop=-0.009
[fastlio_mapping-2] [INFO] [1789392878.660365859] [laser_mapping]: Degeneracy: frame_bad=0 persistent=0 early_warning=0 plane_drop=0.153
[fastlio_mapping-2] [INFO] [1789392879.210264654] [laser_mapping]: Degeneracy: frame_bad=0 persistent=0 early_warning=0 plane_drop=0.031
[fastlio_mapping-2] [INFO] [1789392879.740495022] [laser_mapping]: Degeneracy: frame_bad=0 persistent=0 early_warning=0 plane_drop=0.056
[fastlio_mapping-2] [INFO] [1789392880.290594788] [laser_mapping]: Degeneracy: frame_bad=0 persistent=0 early_warning=0 plane_drop=0.133
[fastlio_mapping-2] [INFO] [1789392880.810743297] [laser_mapping]: Degeneracy: frame_bad=0 persistent=0 early_warning=0 plane_drop=0.042
[fastlio_mapping-2] [INFO] [1789392881.320785132] [laser_mapping]: Degeneracy: frame_bad=0 persistent=0 early_warning=0 plane_drop=0.057
[fastlio_mapping-2] [INFO] [1789392881.960923884] [laser_mapping]: Degeneracy: frame_bad=0 persistent=0 early_warning=0 plane_drop=0.045
[fastlio_mapping-2] [INFO] [1789392882.482394353] [laser_mapping]: Degeneracy: frame_bad=0 persistent=0 early_warning=0 plane_drop=0.310
[fastlio_mapping-2] [INFO] [1789392883.031471411] [laser_mapping]: Degeneracy: frame_bad=0 persistent=0 early_warning=0 plane_drop=0.048
[fastlio_mapping-2] [INFO] [1789392883.551533020] [laser_mapping]: Degeneracy: frame_bad=0 persistent=0 early_warning=0 plane_drop=0.055
[fastlio_mapping-2] [INFO] [1789392884.231908790] [laser_mapping]: Degeneracy: frame_bad=0 persistent=0 early_warning=0 plane_drop=0.045
[fastlio_mapping-2] [INFO] [1789392884.763918106] [laser_mapping]: Degeneracy: frame_bad=0 persistent=0 early_warning=0 plane_drop=0.186
[fastlio_mapping-2] [INFO] [1789392885.302195058] [laser_mapping]: Degeneracy: frame_bad=0 persistent=0 early_warning=0 plane_drop=-0.050
[fastlio_mapping-2] [INFO] [1789392885.872116632] [laser_mapping]: Degeneracy: frame_bad=0 persistent=0 early_warning=0 plane_drop=0.326
[fastlio_mapping-2] [INFO] [1789392886.382369925] [laser_mapping]: Degeneracy: frame_bad=0 persistent=0 early_warning=0 plane_drop=0.294
[fastlio_mapping-2] [INFO] [1789392887.001595475] [laser_mapping]: Degeneracy: frame_bad=0 persistent=0 early_warning=0 plane_drop=-0.078
[fastlio_mapping-2] [INFO] [1789392887.551656599] [laser_mapping]: Degeneracy: frame_bad=0 persistent=0 early_warning=0 plane_drop=-0.074
[fastlio_mapping-2] [INFO] [1789392888.121717694] [laser_mapping]: Degeneracy: frame_bad=0 persistent=0 early_warning=0 plane_drop=-0.044
[fastlio_mapping-2] [INFO] [1789392888.601334458] [laser_mapping]: Degeneracy: frame_bad=0 persistent=0 early_warning=0 plane_drop=0.014
[fastlio_mapping-2] [INFO] [1789392889.181447568] [laser_mapping]: Degeneracy: frame_bad=0 persistent=0 early_warning=0 plane_drop=0.031
[fastlio_mapping-2] [INFO] [1789392889.731578907] [laser_mapping]: Degeneracy: frame_bad=0 persistent=0 early_warning=0 plane_drop=0.093
[fastlio_mapping-2] [INFO] [1789392890.251616380] [laser_mapping]: Degeneracy: frame_bad=0 persistent=0 early_warning=0 plane_drop=0.282
[fastlio_mapping-2] [INFO] [1789392890.766790148] [laser_mapping]: Degeneracy: frame_bad=0 persistent=0 early_warning=0 plane_drop=0.132
[fastlio_mapping-2] lidar loop back, clear buffer
[fastlio_mapping-2] lidar loop back, clear buffer
[fastlio_mapping-2] [INFO] [1789392891.551906967] [laser_mapping]: Degeneracy: frame_bad=0 persistent=0 early_warning=0 plane_drop=0.002
[fastlio_mapping-2] [INFO] [1789392892.081456225] [laser_mapping]: Degeneracy: frame_bad=0 persistent=0 early_warning=0 plane_drop=-0.015
[fastlio_mapping-2] [INFO] [1789392892.671527093] [laser_mapping]: Degeneracy: frame_bad=0 persistent=0 early_warning=0 plane_drop=0.036
[fastlio_mapping-2] [INFO] [1789392893.270932396] [laser_mapping]: Degeneracy: frame_bad=0 persistent=0 early_warning=0 plane_drop=-0.034
[fastlio_mapping-2] [INFO] [1789392893.811476965] [laser_mapping]: Degeneracy: frame_bad=0 persistent=0 early_warning=0 plane_drop=0.079
[fastlio_mapping-2] [INFO] [1789392894.361809989] [laser_mapping]: Degeneracy: frame_bad=0 persistent=0 early_warning=0 plane_drop=-0.023
[fastlio_mapping-2] [INFO] [1789392894.891434403] [laser_mapping]: Degeneracy: frame_bad=0 persistent=0 early_warning=0 plane_drop=0.030
[fastlio_mapping-2] [INFO] [1789392895.411833087] [laser_mapping]: Degeneracy: frame_bad=0 persistent=0 early_warning=0 plane_drop=0.206
[fastlio_mapping-2] [INFO] [1789392895.902668951] [laser_mapping]: Degeneracy: frame_bad=0 persistent=0 early_warning=1 plane_drop=0.066
[fastlio_mapping-2] [INFO] [1789392896.432254594] [laser_mapping]: Degeneracy: frame_bad=0 persistent=0 early_warning=1 plane_drop=-0.029
[fastlio_mapping-2] [INFO] [1789392896.972170417] [laser_mapping]: Degeneracy: frame_bad=0 persistent=0 early_warning=1 plane_drop=0.019
[fastlio_mapping-2] [INFO] [1789392897.502134481] [laser_mapping]: Degeneracy: frame_bad=0 persistent=0 early_warning=1 plane_drop=0.170
[fastlio_mapping-2] [INFO] [1789392898.031936122] [laser_mapping]: Degeneracy: frame_bad=0 persistent=0 early_warning=1 plane_drop=-0.024
[fastlio_mapping-2] [INFO] [1789392898.592138859] [laser_mapping]: Degeneracy: frame_bad=0 persistent=0 early_warning=0 plane_drop=0.035
[fastlio_mapping-2] [INFO] [1789392899.272883959] [laser_mapping]: Degeneracy: frame_bad=0 persistent=0 early_warning=0 plane_drop=-0.045
[fastlio_mapping-2] [INFO] [1789392899.792050821] [laser_mapping]: Degeneracy: frame_bad=0 persistent=0 early_warning=0 plane_drop=0.059
[fastlio_mapping-2] [INFO] [1789392900.301391537] [laser_mapping]: Degeneracy: frame_bad=0 persistent=0 early_warning=0 plane_drop=-0.176
[fastlio_mapping-2] lidar loop back, clear buffer
[fastlio_mapping-2] lidar loop back, clear buffer
[fastlio_mapping-2] [INFO] [1789392900.841662572] [laser_mapping]: Degeneracy: frame_bad=0 persistent=0 early_warning=0 plane_drop=-0.184
[fastlio_mapping-2] [INFO] [1789392901.351015528] [laser_mapping]: Degeneracy: frame_bad=0 persistent=0 early_warning=0 plane_drop=-0.147
[fastlio_mapping-2] [INFO] [1789392901.870803342] [laser_mapping]: Degeneracy: frame_bad=0 persistent=0 early_warning=0 plane_drop=-0.099
[fastlio_mapping-2] [INFO] [1789392902.410896879] [laser_mapping]: Degeneracy: frame_bad=0 persistent=0 early_warning=0 plane_drop=-0.207
[fastlio_mapping-2] [INFO] [1789392902.960356961] [laser_mapping]: Degeneracy: frame_bad=0 persistent=0 early_warning=0 plane_drop=-0.043
[fastlio_mapping-2] [INFO] [1789392903.600357044] [laser_mapping]: Degeneracy: frame_bad=0 persistent=0 early_warning=0 plane_drop=-0.055
[fastlio_mapping-2] [INFO] [1789392904.160083953] [laser_mapping]: Degeneracy: frame_bad=0 persistent=0 early_warning=0 plane_drop=-0.088
[fastlio_mapping-2] [INFO] [1789392904.730089400] [laser_mapping]: Degeneracy: frame_bad=0 persistent=0 early_warning=0 plane_drop=-0.039
[fastlio_mapping-2] [INFO] [1789392905.259980189] [laser_mapping]: Degeneracy: frame_bad=0 persistent=0 early_warning=0 plane_drop=0.010
[fastlio_mapping-2] [INFO] [1789392905.850197076] [laser_mapping]: Degeneracy: frame_bad=0 persistent=0 early_warning=0 plane_drop=0.041
[fastlio_mapping-2] [INFO] [1789392906.540281722] [laser_mapping]: Degeneracy: frame_bad=0 persistent=0 early_warning=0 plane_drop=0.163
[fastlio_mapping-2] [INFO] [1789392907.040087208] [laser_mapping]: Degeneracy: frame_bad=0 persistent=0 early_warning=0 plane_drop=0.039
[fastlio_mapping-2] [INFO] [1789392907.700231328] [laser_mapping]: Degeneracy: frame_bad=0 persistent=0 early_warning=0 plane_drop=0.116
[fastlio_mapping-2] [INFO] [1789392908.340208713] [laser_mapping]: Degeneracy: frame_bad=0 persistent=0 early_warning=0 plane_drop=-0.009
[fastlio_mapping-2] [INFO] [1789392908.860313118] [laser_mapping]: Degeneracy: frame_bad=0 persistent=0 early_warning=0 plane_drop=0.435
[fastlio_mapping-2] [INFO] [1789392909.410266876] [laser_mapping]: Degeneracy: frame_bad=0 persistent=0 early_warning=0 plane_drop=0.019
[fastlio_mapping-2] [INFO] [1789392909.940279997] [laser_mapping]: Degeneracy: frame_bad=0 persistent=0 early_warning=0 plane_drop=0.007
[fastlio_mapping-2] [INFO] [1789392910.570297299] [laser_mapping]: Degeneracy: frame_bad=0 persistent=0 early_warning=0 plane_drop=0.044
[fastlio_mapping-2] [INFO] [1789392911.250399285] [laser_mapping]: Degeneracy: frame_bad=0 persistent=0 early_warning=0 plane_drop=0.054
[rviz2-3] [INFO] [1789392911.557282612] [rviz2]: Stereo is NOT SUPPORTED
[fastlio_mapping-2] [INFO] [1789392911.800244022] [laser_mapping]: Degeneracy: frame_bad=0 persistent=0 early_warning=0 plane_drop=0.245
[fastlio_mapping-2] [INFO] [1789392912.530469114] [laser_mapping]: Degeneracy: frame_bad=0 persistent=0 early_warning=0 plane_drop=0.018
[fastlio_mapping-2] [INFO] [1789392913.170247594] [laser_mapping]: Degeneracy: frame_bad=0 persistent=0 early_warning=0 plane_drop=-0.017
[fastlio_mapping-2] [INFO] [1789392913.810268973] [laser_mapping]: Degeneracy: frame_bad=0 persistent=0 early_warning=0 plane_drop=0.236
[fastlio_mapping-2] [INFO] [1789392914.470196216] [laser_mapping]: Degeneracy: frame_bad=0 persistent=0 early_warning=0 plane_drop=0.120
[fastlio_mapping-2] [INFO] [1789392914.990401910] [laser_mapping]: Degeneracy: frame_bad=0 persistent=0 early_warning=0 plane_drop=0.000
[fastlio_mapping-2] [INFO] [1789392915.520207693] [laser_mapping]: Degeneracy: frame_bad=0 persistent=0 early_warning=0 plane_drop=0.038
[fastlio_mapping-2] [INFO] [1789392916.060338577] [laser_mapping]: Degeneracy: frame_bad=0 persistent=0 early_warning=0 plane_drop=0.074
[fastlio_mapping-2] [INFO] [1789392916.710308822] [laser_mapping]: Degeneracy: frame_bad=0 persistent=0 early_warning=0 plane_drop=-0.004
[fastlio_mapping-2] [INFO] [1789392917.440387632] [laser_mapping]: Degeneracy: frame_bad=0 persistent=0 early_warning=0 plane_drop=-0.016
[fastlio_mapping-2] [INFO] [1789392918.020298188] [laser_mapping]: Degeneracy: frame_bad=0 persistent=0 early_warning=0 plane_drop=-0.030
[fastlio_mapping-2] [INFO] [1789392918.660294492] [laser_mapping]: Degeneracy: frame_bad=0 persistent=0 early_warning=0 plane_drop=0.101
[fastlio_mapping-2] [INFO] [1789392919.250274371] [laser_mapping]: Degeneracy: frame_bad=0 persistent=0 early_warning=0 plane_drop=0.309
[fastlio_mapping-2] [INFO] [1789392919.780318778] [laser_mapping]: Degeneracy: frame_bad=0 persistent=0 early_warning=0 plane_drop=-0.022
[fastlio_mapping-2] [INFO] [1789392920.300244025] [laser_mapping]: Degeneracy: frame_bad=0 persistent=0 early_warning=0 plane_drop=0.005
[fastlio_mapping-2] [INFO] [1789392920.850274378] [laser_mapping]: Degeneracy: frame_bad=0 persistent=0 early_warning=0 plane_drop=0.033
[fastlio_mapping-2] [INFO] [1789392921.410493795] [laser_mapping]: Degeneracy: frame_bad=0 persistent=0 early_warning=0 plane_drop=0.038
[fastlio_mapping-2] [INFO] [1789392921.980575959] [laser_mapping]: Degeneracy: frame_bad=0 persistent=0 early_warning=0 plane_drop=-0.047
[fastlio_mapping-2] [INFO] [1789392922.500329817] [laser_mapping]: Degeneracy: frame_bad=0 persistent=0 early_warning=0 plane_drop=0.036
[fastlio_mapping-2] [INFO] [1789392923.010472115] [laser_mapping]: Degeneracy: frame_bad=0 persistent=0 early_warning=0 plane_drop=0.009
[fastlio_mapping-2] [INFO] [1789392923.570106904] [laser_mapping]: Degeneracy: frame_bad=0 persistent=0 early_warning=0 plane_drop=-0.047
[fastlio_mapping-2] [INFO] [1789392924.140060976] [laser_mapping]: Degeneracy: frame_bad=0 persistent=0 early_warning=0 plane_drop=0.020
[fastlio_mapping-2] [INFO] [1789392924.650414778] [laser_mapping]: Degeneracy: frame_bad=0 persistent=0 early_warning=0 plane_drop=0.185
[fastlio_mapping-2] [INFO] [1789392925.200154187] [laser_mapping]: Degeneracy: frame_bad=0 persistent=0 early_warning=0 plane_drop=0.109
[fastlio_mapping-2] [INFO] [1789392925.763280192] [laser_mapping]: Degeneracy: frame_bad=0 persistent=0 early_warning=0 plane_drop=0.187
[fastlio_mapping-2] [INFO] [1789392926.270124165] [laser_mapping]: Degeneracy: frame_bad=0 persistent=0 early_warning=0 plane_drop=0.092
[fastlio_mapping-2] [INFO] [1789392926.850100939] [laser_mapping]: Degeneracy: frame_bad=0 persistent=0 early_warning=0 plane_drop=-0.058
[fastlio_mapping-2] [INFO] [1789392927.490239022] [laser_mapping]: Degeneracy: frame_bad=0 persistent=0 early_warning=0 plane_drop=0.077
[fastlio_mapping-2] [INFO] [1789392928.120258346] [laser_mapping]: Degeneracy: frame_bad=0 persistent=0 early_warning=0 plane_drop=0.204
[fastlio_mapping-2] [INFO] [1789392928.650162866] [laser_mapping]: Degeneracy: frame_bad=0 persistent=0 early_warning=0 plane_drop=0.100
[fastlio_mapping-2] [INFO] [1789392929.170125442] [laser_mapping]: Degeneracy: frame_bad=0 persistent=0 early_warning=0 plane_drop=-0.001
[fastlio_mapping-2] [INFO] [1789392929.721215817] [laser_mapping]: Degeneracy: frame_bad=0 persistent=0 early_warning=0 plane_drop=-0.001
[fastlio_mapping-2] [INFO] [1789392930.240205274] [laser_mapping]: Degeneracy: frame_bad=0 persistent=0 early_warning=0 plane_drop=0.063
[fastlio_mapping-2] [INFO] [1789392930.780243039] [laser_mapping]: Degeneracy: frame_bad=0 persistent=0 early_warning=0 plane_drop=0.039
[fastlio_mapping-2] [INFO] [1789392931.290224181] [laser_mapping]: Degeneracy: frame_bad=0 persistent=0 early_warning=0 plane_drop=0.000
[fastlio_mapping-2] [INFO] [1789392931.920233207] [laser_mapping]: Degeneracy: frame_bad=0 persistent=0 early_warning=0 plane_drop=0.017
[fastlio_mapping-2] [INFO] [1789392932.410242243] [laser_mapping]: Degeneracy: frame_bad=0 persistent=0 early_warning=0 plane_drop=0.167
[fastlio_mapping-2] [INFO] [1789392932.949760376] [laser_mapping]: Degeneracy: frame_bad=0 persistent=0 early_warning=0 plane_drop=-0.052
[fastlio_mapping-2] [INFO] [1789392933.430303914] [laser_mapping]: Degeneracy: frame_bad=0 persistent=0 early_warning=0 plane_drop=0.161
/home/jschoi/edit_fastlio2/run_with_pidstat.sh: line 99: 587205 Killed                  ros2 launch fast_lio mapping.launch.py config_file:="$CONFIG_PATH" use_sim_time:=true
stopping...
/home/jschoi/edit_fastlio2/run_with_pidstat.sh: line 84: 587297 Killed                  pidstat -p "$PID" -u -r "$INTERVAL" -h > "$LOG_FILE"
log saved: /home/jschoi/edit_fastlio2/cpu_logs/cpu_log_course1_top_siheung.txt
