relative_time,raw_point_count,blind_rejected,front_rejected,front_raw_count,back_raw_count,feats_undistort_size,feats_down_size,eff_feat_num_first,eff_feat_num_last,front_effL,back_effL,front_undist,back_undist,front_down,back_down,front_range_med,back_range_med,t_lambda_min,r_lambda_min,imu_dt_max_ms,imu_count,imu_degraded,lidar_weak_rotation,combined_risk,near_wall,total_time,match_time,solve_time,map_incre_time,kf_update_time,deskew_enable,current_voxel_size
0.000000000,19968,2977,0,11961,8007,nan,nan,nan,nan,nan,nan,nan,nan,nan,nan,nan,nan,nan,nan,nan,nan,nan,nan,nan,nan,0.004139962,nan,nan,nan,nan,0,nan
0.099001169,20064,3216,0,12088,7976,0,nan,nan,nan,nan,nan,nan,nan,nan,nan,nan,nan,nan,nan,6.266117096,18,0.000000000,nan,nan,nan,0.169721025,nan,nan,nan,nan,0,nan
0.199111462,19968,3044,0,12000,7968,16920,730,nan,nan,nan,nan,9021,7899,464,266,2.475963039,1.887692803,nan,nan,8.145332336,21,0.000000000,nan,nan,0.000000000,7.083526987,nan,nan,nan,nan,0,0.400000000
0.299040556,20064,3261,0,12148,7916,16799,734,539,535,327,208,8947,7852,460,274,2.483530569,1.803204944,149.991388512,544.132988258,7.922887802,19,0.000000000,nan,nan,0.000000000,18.110912992,9.087387007,0.236731023,1.077438996,10.192390007,0,0.400000000
0.399035692,19968,3188,0,12000,7968,16776,735,481,484,305,179,8877,7899,461,274,2.475144609,1.864219349,125.828089609,622.211161596,7.870197296,22,0.000000000,nan,nan,0.000000000,12.192691036,2.275698993,0.053430907,0.224689022,2.539032954,0,0.400000000
0.499911547,20064,3227,0,11983,8081,16833,734,452,453,283,170,8823,8010,458,276,2.491915301,1.792369272,121.191646230,537.957268138,7.315158844,18,0.000000000,nan,nan,0.000000000,17.227100034,8.632351935,0.163163000,0.588055002,9.463557974,0,0.400000000
0.599087477,19968,3275,0,12018,7950,16689,720,427,428,276,152,8811,7878,450,270,2.479140737,1.833312286,108.635847681,511.827042806,9.237766266,22,0.000000000,nan,nan,0.000000000,6.316200015,2.878105966,0.069624046,0.319051032,3.222942993,0,0.400000000
0.699386597,20064,3306,0,12043,8021,16754,733,442,443,285,158,8811,7943,460,273,2.481367583,1.825072917,112.526155549,552.527324584,7.504940033,18,0.000000000,nan,nan,0.000000000,9.096625028,2.599828062,0.047124922,0.139597047,2.820486028,0,0.400000000
0.799233675,19968,3348,0,12085,7883,16616,730,423,424,266,158,8801,7815,459,271,2.484101891,1.818750468,98.218287030,552.976360377,7.988452911,22,0.000000000,nan,nan,0.000000000,16.626772995,8.144758991,0.124062004,0.597755017,8.840933035,0,0.400000000
0.898989677,19968,3214,0,12049,7919,16750,748,422,425,271,154,8907,7843,476,272,2.490995087,1.776614988,98.319412687,538.785872178,5.773305893,20,0.000000000,nan,nan,0.000000000,17.814489023,8.552027983,0.176017988,0.318546023,9.394320950,0,0.400000000
1.001548529,19680,3322,0,11986,7694,16354,735,427,425,265,160,8727,7627,465,270,2.531835316,1.767251755,93.947885080,546.554652639,5.585670471,6,0.000000000,nan,nan,0.000000000,17.395283969,9.131530009,0.183384051,0.380970014,9.979731985,0,0.400000000
1.099423885,20448,3191,0,12469,7979,17253,739,411,410,255,155,9346,7907,467,272,2.435314155,1.792143376,96.142735483,497.268094310,8.004426956,33,0.000000000,nan,nan,0.000000000,17.707577965,7.606113970,0.137169030,0.205457036,8.289966034,0,0.400000000
1.200621128,20064,3469,0,12273,7791,16591,743,437,434,281,153,8872,7719,473,270,2.505903453,1.754862119,108.105522001,537.400166290,6.994009018,18,0.000000000,nan,nan,0.000000000,15.895477030,7.638412935,0.139487907,0.251576013,8.332346973,0,0.400000000
1.298993111,19776,2827,0,11873,7903,16945,745,408,409,269,140,9113,7832,478,267,2.469233221,1.778414776,99.629111301,479.936077717,6.553649902,21,0.000000000,nan,nan,0.000000000,16.201318009,8.633219986,0.151672924,0.237195985,9.336083021,0,0.400000000
1.399050474,20256,3460,0,12437,7819,16792,730,409,406,272,134,9043,7749,468,262,2.469922279,1.777145215,100.569864319,483.789601225,7.626533508,14,0.000000000,nan,nan,0.000000000,13.329288980,6.323668058,0.138783944,0.245380041,7.005429012,0,0.400000000
1.500370502,19488,2734,0,11628,7860,16750,737,421,419,279,140,8961,7789,474,263,2.503177757,1.787060719,101.506540462,490.356935233,7.523536682,27,0.000000000,nan,nan,0.000000000,8.338788000,2.083905914,0.044078042,0.097529963,2.290186996,0,0.400000000
1.598991871,20160,3453,0,12585,7575,16703,723,404,408,261,147,9198,7505,460,263,2.443454931,1.777331419,98.378127131,502.696118504,7.610082626,15,0.000000000,nan,nan,0.000000000,8.211650013,4.993334936,0.121843070,0.293502992,5.524630018,0,0.400000000
1.700262785,19680,3259,0,11825,7855,16417,719,415,415,267,148,8632,7785,454,265,2.567088181,1.774155824,108.011729956,441.189417585,6.127834320,11,0.000000000,nan,nan,0.000000000,15.664053033,8.986976056,0.172998989,0.280582986,9.872597002,0,0.400000000
1.799850464,19872,3513,0,12390,7482,16355,733,426,428,270,158,8938,7417,470,263,2.487974052,1.752524507,110.852904943,498.962042772,8.502483368,17,0.000000000,nan,nan,0.000000000,16.497871024,8.567447949,0.150214997,0.229314028,9.254041011,0,0.400000000
1.899638653,20352,3303,0,12226,8126,17045,730,415,416,256,160,8991,8054,461,269,2.472474258,1.712506374,104.263042352,487.139800237,7.600069046,31,0.000000000,nan,nan,0.000000000,14.219877019,6.226836995,0.121796038,0.234532054,6.792104046,0,0.400000000
1.999054193,20064,3627,0,12475,7589,16433,728,407,406,254,152,8919,7514,462,266,2.465557639,1.762405107,97.360069412,488.402566187,6.958484650,25,0.000000000,nan,nan,0.000000000,18.133854028,10.076578066,0.200459035,0.342537998,11.011636991,0,0.400000000
2.098958969,19968,3481,0,12214,7754,16483,726,415,413,254,159,8804,7679,456,270,2.486936889,1.754104592,104.294781301,503.451081571,6.593465805,22,0.000000000,nan,nan,0.000000000,15.418316994,6.764330901,0.106067921,0.079320977,7.301919977,0,0.400000000
2.198969126,20064,3696,0,12620,7444,16364,720,410,411,263,148,8989,7375,458,262,2.451054592,1.783892687,105.648372625,455.847278826,8.603096008,18,0.000000000,nan,nan,0.000000000,16.540298006,8.995000040,0.183410011,0.142635021,9.821263957,0,0.400000000
2.299130678,20064,3484,0,12406,7658,16576,718,413,416,260,156,8989,7587,459,259,2.491492068,1.754239120,101.764641191,476.625663217,6.128072739,20,0.000000000,nan,nan,0.000000000,8.872623031,2.065530978,0.044353947,0.061259023,2.275177976,0,0.400000000
2.399926662,19968,3615,0,12491,7477,16349,744,410,414,259,155,8935,7414,475,269,2.483169433,1.810095037,102.282093576,443.964283714,9.230852127,22,0.000000000,nan,nan,0.000000000,17.208932026,9.256216988,0.177354028,0.160258031,10.127360001,0,0.400000000
2.498964787,19872,3586,0,12303,7569,16282,733,428,427,269,158,8783,7499,474,259,2.468300837,1.797403678,104.312508762,487.784611272,nan,1,nan,nan,nan,0.000000000,8.791822998,5.118663947,0.115273113,0.061207975,5.601871992,0,0.400000000
2.600621223,19968,3653,0,12515,7453,16311,718,417,414,260,154,8919,7392,457,261,2.467588866,1.866799131,102.205193770,443.783729432,7.814884186,39,0.000000000,nan,nan,0.000000000,14.984475973,6.929755036,0.129588065,0.041079998,7.556655968,0,0.400000000
2.700191736,20352,3880,0,12700,7652,16468,721,412,404,252,152,8935,7533,463,258,2.455351970,1.823272056,101.771727611,446.225110454,8.062601089,13,0.000000000,nan,nan,0.000000000,15.953786031,8.307343989,0.159407035,0.202090014,9.011478978,0,0.400000000
2.798982382,19872,3913,0,12494,7378,15955,708,413,414,261,153,8795,7160,455,253,2.485248683,1.921570278,104.425503446,442.568824534,8.623600006,17,0.000000000,nan,nan,0.000000000,10.002009047,3.329885018,0.048570975,0.074739044,3.551922971,0,0.400000000
2.899056673,20064,3903,0,12651,7413,16157,726,403,407,256,151,8953,7204,471,255,2.430873327,1.850736435,104.865879345,455.764923241,8.236885071,28,0.000000000,nan,nan,0.000000000,17.577600025,9.270016977,0.189688988,0.136213028,10.174734984,0,0.400000000
2.998996973,19488,3774,0,12360,7128,15710,712,424,424,265,159,8742,6968,454,258,2.466232651,1.837042997,104.751524719,471.880591517,7.907390594,16,0.000000000,nan,nan,0.000000000,15.111043002,9.216769016,0.190547958,0.243312039,10.148353991,0,0.400000000
3.097003222,20544,3921,0,12972,7572,16619,717,405,406,258,148,9212,7407,471,246,2.414851917,1.812493910,103.460156556,457.053496581,8.210659027,15,0.000000000,nan,nan,0.000000000,15.493939980,9.544380009,0.194102060,0.186023011,10.522416967,0,0.400000000
3.199042320,19968,3985,0,12633,7335,15979,712,409,412,253,159,8799,7180,457,255,2.482607119,1.744979453,110.875260386,442.472646750,9.222030640,30,0.000000000,nan,nan,0.000000000,19.330163952,9.550108982,0.189199985,0.207787030,10.483369988,0,0.400000000
3.299065351,19968,3938,0,12779,7189,16026,718,403,404,250,154,9050,6976,472,246,2.443060865,1.766114500,103.660774625,457.230996688,6.145238876,20,0.000000000,nan,nan,0.000000000,4.539057962,2.528833982,0.081609061,0.132490008,2.893098979,0,0.400000000
3.399028063,19968,4089,0,12771,7197,15875,726,415,414,260,154,8843,7032,466,260,2.479663853,1.676391993,108.997833112,472.563355474,8.183240891,20,0.000000000,nan,nan,0.000000000,8.485257044,4.021209956,0.084066996,0.071541988,4.392695031,0,0.400000000
3.498941660,20064,3974,0,12807,7257,16086,719,422,420,258,162,9002,7084,470,249,2.437364645,1.728182134,105.042154228,485.600243687,8.662700653,19,0.000000000,nan,nan,0.000000000,16.565198952,8.780123957,0.202401076,0.141185010,9.640073986,0,0.400000000
3.599128962,19968,4185,0,12755,7213,15779,720,425,418,254,164,8770,7009,461,259,2.453674059,1.734106702,104.545509110,482.778591364,10.844707489,21,0.000000000,nan,nan,0.000000000,16.871170024,9.302298946,0.186225981,0.226069009,10.322874994,0,0.400000000
3.699120522,20064,4210,0,12809,7255,15850,716,416,414,259,155,8863,6987,470,246,2.430933345,1.811420707,103.450386235,480.350177729,7.737159729,10,0.000000000,nan,nan,0.000000000,8.691001043,2.038663952,0.045302964,0.054995005,2.258003980,0,0.400000000
3.799034595,19968,4152,0,12786,7182,15812,711,415,413,259,154,8814,6998,462,249,2.446043022,1.685970228,106.472570613,458.378494968,7.047176361,30,0.000000000,nan,nan,0.000000000,17.550146964,7.989706006,0.153519039,0.179302006,8.779217023,0,0.400000000
3.898948669,20064,4100,0,12861,7203,15960,713,398,397,249,148,8918,7042,467,246,2.439403468,1.727325415,102.129927561,425.227296729,6.110668182,19,0.000000000,nan,nan,0.000000000,16.459167004,9.034949006,0.186858000,0.176074973,9.888654982,0,0.400000000
3.999069691,19968,4040,0,12811,7157,15924,729,417,417,257,160,8896,7028,472,257,2.443582990,1.687739190,105.058833300,483.318827046,5.846500397,21,0.000000000,nan,nan,0.000000000,16.553999973,9.147747012,0.177447917,0.204082986,9.987498983,0,0.400000000
4.099004030,19968,4100,0,12843,7125,15864,736,419,417,256,161,8889,6975,474,262,2.453183660,1.734153716,111.493061590,451.282345337,8.304595947,20,0.000000000,nan,nan,0.000000000,17.162392032,9.675695968,0.192352978,0.188649981,10.578754998,0,0.400000000
4.199064016,20064,4120,0,12966,7098,15940,727,405,404,252,152,9007,6933,467,260,2.469164060,1.737553708,100.162415797,457.479755212,6.703138351,18,0.000000000,nan,nan,0.000000000,16.889291001,9.388411010,0.196274952,0.204212032,10.236861010,0,0.400000000
4.299070120,19968,4192,0,12872,7096,15772,725,399,396,244,152,8878,6894,456,269,2.450926029,1.812315751,95.550537824,449.535315546,7.095336914,22,0.000000000,nan,nan,0.000000000,16.098893015,8.683106978,0.161488075,0.152170018,9.496168990,0,0.400000000
4.399075270,19968,4177,0,12761,7207,15787,724,408,407,255,152,8845,6942,460,264,2.437023570,1.784359133,102.311717140,455.860704286,6.210088730,20,0.000000000,nan,nan,0.000000000,8.564465970,3.584609018,0.068981957,0.091938011,3.927861981,0,0.400000000
4.498916864,19968,4389,0,12812,7156,15575,740,412,410,253,157,8749,6826,461,279,2.463364563,1.875628933,101.016007811,471.524554839,7.880449295,20,0.000000000,nan,nan,0.000000000,17.180134018,7.956408954,0.197665941,0.226798991,8.857019013,0,0.400000000
4.598991394,19968,4403,0,12880,7088,15561,741,397,397,245,152,8936,6625,472,269,2.434091678,1.806556117,102.316572435,440.874963732,6.756067276,20,0.000000000,nan,nan,0.000000000,11.224394024,4.113037023,0.045222056,0.047416019,4.343301989,0,0.400000000
4.699025154,20064,4823,0,12960,7104,15237,725,398,398,248,150,8752,6485,458,267,2.469091328,1.833231262,103.863825460,454.002790678,11.867761612,19,0.000000000,nan,nan,0.000000000,13.045392989,6.008312048,0.118508993,0.148580992,6.564588984,0,0.400000000
4.799088955,20064,4982,0,13293,6771,15078,727,393,397,253,144,9039,6039,473,254,2.440284888,1.978965401,101.025823401,445.404225090,6.488561630,20,0.000000000,nan,nan,0.000000000,17.506711010,9.777676023,0.178621965,0.189930026,10.645225993,0,0.400000000
4.898924589,19968,5229,0,13299,6669,14735,694,380,382,249,133,8821,5914,465,229,2.462199976,1.835524472,100.840344322,434.279362059,8.986711502,21,0.000000000,nan,nan,0.000000000,11.959902011,5.452564044,0.041603984,0.046777015,5.673738022,0,0.400000000
4.998962402,19968,4972,0,13173,6795,14992,703,390,386,251,135,9050,5942,473,230,2.432077635,2.003311276,95.106667409,450.042779367,6.000041962,20,0.000000000,nan,nan,0.000000000,9.384205972,3.065639059,0.042268017,0.042553002,3.274539020,0,0.400000000
5.099062920,19584,5305,0,13034,6550,14275,685,385,386,258,128,8557,5718,466,219,2.527556524,1.805454594,100.725426251,431.610903151,5.832910538,8,0.000000000,nan,nan,0.000000000,8.221811964,2.500265022,0.042878033,0.051193987,2.711617970,0,0.400000000
5.200217009,20448,5161,0,13649,6799,15283,701,388,386,252,134,9406,5877,473,228,2.455976246,2.073728276,97.512305518,436.854800370,6.366252899,24,0.000000000,nan,nan,0.000000000,9.206435003,2.075961966,0.042492989,0.047042966,2.289642987,0,0.400000000
5.299213171,19968,5419,0,13407,6561,14545,682,385,384,242,142,8864,5681,449,233,2.475300041,1.893528121,100.709555224,429.731454705,7.241487503,29,0.000000000,nan,nan,0.000000000,10.436555021,3.326459904,0.041433086,0.042691012,3.534590011,0,0.400000000
5.398952723,19968,5262,0,13262,6706,14702,691,386,381,249,132,8916,5786,469,222,2.469003486,1.930669514,97.096393658,456.569908856,6.367206573,20,0.000000000,nan,nan,0.000000000,12.935256993,7.600191922,0.166252023,0.154423004,8.403033018,0,0.400000000
5.499122620,20064,5491,0,13379,6685,14569,687,382,381,249,132,8814,5755,455,232,2.496233855,1.789370823,101.154894521,433.802153172,6.461858749,18,0.000000000,nan,nan,0.000000000,8.663984016,5.004750972,0.091481954,0.111046014,5.443031958,0,0.400000000
5.598937988,19968,5264,0,13269,6699,14700,678,377,375,245,130,8857,5843,449,229,2.488820812,1.918306796,97.997445254,432.467453591,7.471799850,22,0.000000000,nan,nan,0.000000000,17.307155998,8.947487979,0.222647970,0.271114986,10.210031003,0,0.400000000
5.699219704,19776,5282,0,13259,6517,14490,683,381,380,247,133,8823,5667,455,228,2.486144263,1.810372387,100.603198881,418.067646166,6.986379623,4,0.000000000,nan,nan,0.000000000,9.932263987,4.660658946,0.086819986,0.084019965,5.066691025,0,0.400000000
5.798339844,20256,5397,0,13360,6896,14855,691,375,375,243,132,8824,6031,454,237,2.494620141,1.979529263,92.050624831,456.409543973,6.597518921,22,0.000000000,nan,nan,0.000000000,8.938688959,2.641730011,0.043211097,0.052377000,2.840740024,0,0.400000000
5.899635792,20160,5321,0,13551,6609,14835,713,389,394,260,134,9091,5744,482,231,2.463528597,1.833968658,102.854383586,456.042055306,10.338544846,30,0.000000000,nan,nan,0.000000000,11.279873957,5.034387985,0.094297924,0.072464987,5.466411007,0,0.400000000
5.999858856,19872,5343,0,13302,6570,14525,698,386,388,254,134,8761,5764,462,236,2.516102166,1.857842715,101.198227137,478.075971759,7.629871368,6,0.000000000,nan,nan,0.000000000,11.271838041,5.531230010,0.113571004,0.113311980,6.056177022,0,0.400000000
6.099060059,19872,4805,0,13059,6813,15063,689,368,368,237,131,8999,6064,452,237,2.488537951,1.796359957,96.000786861,404.709063835,6.280899048,20,0.000000000,nan,nan,0.000000000,14.079174027,8.168974950,0.157824019,0.094608986,8.974772005,0,0.400000000
6.197872639,20256,4962,0,13319,6937,15290,725,395,396,263,133,8985,6305,475,250,2.491994366,1.752429392,102.312691779,467.537432481,6.924867630,33,0.000000000,nan,nan,0.000000000,17.034127959,9.198348969,0.182393997,0.104197999,10.036023974,0,0.400000000
6.299335957,20064,4454,0,12990,7074,15606,735,397,395,260,135,9137,6469,481,254,2.460294568,1.786708968,100.284322997,446.745043656,8.389472961,22,0.000000000,nan,nan,0.000000000,17.052435025,9.487496980,0.167885970,0.125190010,10.365504015,0,0.400000000
6.399934769,19872,4196,0,12736,7136,15672,734,400,401,265,136,9030,6642,475,259,2.478742849,1.731797160,105.290009458,458.752543974,6.341218948,20,0.000000000,nan,nan,0.000000000,16.311706044,9.140463022,0.177392038,0.086979999,9.969917999,0,0.400000000
6.499093771,19968,3820,0,12567,7401,16144,732,383,383,246,137,9089,7055,474,258,2.478416383,1.718448705,92.669380391,418.964709676,6.459712982,15,0.000000000,nan,nan,0.000000000,16.508258996,9.142317926,0.174221932,0.123344013,9.933649038,0,0.400000000
6.599364996,19872,3916,0,12705,7167,15952,741,403,401,254,147,9070,6882,482,259,2.466905568,1.713432210,104.226990659,480.974816670,9.537696838,22,0.000000000,nan,nan,0.000000000,16.270797001,8.556562942,0.176210015,0.100766018,9.341111989,0,0.400000000
6.698963881,19872,3813,0,12358,7514,16055,738,396,395,256,139,8771,7284,477,261,2.544819369,1.711015301,96.021699680,441.353367557,6.972551346,20,0.000000000,nan,nan,0.000000000,16.428021016,8.839196002,0.167136954,0.272670004,9.616420022,0,0.400000000
6.798939705,20160,4177,0,12909,7251,15979,730,415,415,252,163,8957,7022,461,269,2.489432272,1.760736017,107.742804027,490.579874207,7.499456406,15,0.000000000,nan,nan,0.000000000,16.747991031,9.129968006,0.147979939,0.131384004,9.859626996,0,0.400000000
6.899063349,19872,3803,0,12441,7431,16065,720,394,396,241,155,8829,7236,457,263,2.494230276,1.766621006,94.707646169,441.439153161,6.277799606,12,0.000000000,nan,nan,0.000000000,15.812606027,7.853506075,0.153633940,0.090600981,8.555256005,0,0.400000000
6.998879910,20160,4044,0,12834,7326,16112,722,405,404,246,158,9001,7111,460,262,2.455036254,1.841735593,109.388583091,449.231186421,10.805606842,35,0.000000000,nan,nan,0.000000000,9.902521037,2.960761019,0.044338987,0.047996000,3.168631985,0,0.400000000
7.098974466,19872,3816,0,12429,7443,16052,727,403,402,243,159,8787,7265,456,271,2.498061988,1.755044452,99.659893583,459.663841312,6.106138229,6,0.000000000,nan,nan,0.000000000,12.795821007,6.162001926,0.122528058,0.101622019,6.716030999,0,0.400000000
7.198867083,19968,3983,0,12741,7227,15981,721,389,386,237,149,8930,7051,460,261,2.466876164,1.759433458,97.359652502,443.945082907,7.477760315,38,0.000000000,nan,nan,0.000000000,16.664203955,8.860603964,0.168752973,0.158825016,9.667867038,0,0.400000000
7.299465179,19968,3851,0,12575,7393,16113,720,389,387,243,144,8880,7233,462,258,2.479154908,1.724192553,93.747602561,476.355129743,7.642507553,20,0.000000000,nan,nan,0.000000000,16.829053988,9.238647996,0.176912057,0.319552026,10.053495003,0,0.400000000
7.399830580,20160,3975,0,12929,7231,16181,714,385,385,239,146,9119,7062,465,249,2.493356168,1.741338017,101.377298746,417.873662532,6.108522415,16,0.000000000,nan,nan,0.000000000,12.321826012,6.008901051,0.127150968,0.135198992,6.619523978,0,0.400000000
7.498941183,19776,4019,0,12498,7278,15753,710,388,387,242,145,8660,7093,462,248,2.475671916,1.734104328,91.373370179,457.366976619,6.410837173,7,0.000000000,nan,nan,0.000000000,8.208393992,2.000826993,0.043414941,0.038993021,2.213119995,0,0.400000000
7.600578547,20160,3882,0,12726,7434,16274,713,386,385,241,144,9025,7249,457,256,2.463462294,1.702235550,100.476796224,403.794336636,8.359670639,34,0.000000000,nan,nan,0.000000000,15.926790016,7.997789013,0.149055908,0.096937991,8.703815984,0,0.400000000
7.699079990,19776,3961,0,12579,7197,15811,722,383,380,242,138,8804,7007,468,254,2.458855441,1.681985116,97.403528903,453.271791221,5.672693253,6,0.000000000,nan,nan,0.000000000,13.720380026,8.647136041,0.168219965,0.158771989,9.434473002,0,0.400000000
7.798999548,20160,3928,0,12577,7583,16228,711,396,396,247,149,8814,7414,454,257,2.481694154,1.674611055,99.505336701,455.798037060,7.691621780,33,0.000000000,nan,nan,0.000000000,7.068589039,4.056755919,0.095843978,0.093260023,4.505046993,0,0.400000000
7.898937225,20064,3928,0,12717,7347,16132,727,378,378,238,140,8917,7215,469,258,2.438851240,1.715894194,98.573123600,413.972678390,8.092880249,23,0.000000000,nan,nan,0.000000000,13.398752955,7.680212031,0.146100938,0.084341038,8.370210009,0,0.400000000
7.999024630,19872,3814,0,12477,7395,16054,711,385,392,243,149,8731,7323,452,259,2.467653343,1.746612119,96.040898718,432.143396599,6.773471832,10,0.000000000,nan,nan,0.000000000,16.889586987,9.211261058,0.184145931,0.148596009,10.095099977,0,0.400000000
8.098902225,20160,3638,0,12689,7471,16518,726,385,385,232,153,9117,7401,469,257,2.425224766,1.797127481,102.489992122,440.390610530,7.022142410,15,0.000000000,nan,nan,0.000000000,16.353721963,8.826773905,0.224132906,0.187892991,9.728173958,0,0.400000000
8.199022532,19872,3524,0,12158,7714,16344,726,389,391,239,152,8698,7646,460,266,2.474695840,1.686265716,98.223374716,444.888871413,7.585048676,17,0.000000000,nan,nan,0.000000000,15.564317990,6.715550961,0.112350099,0.072565046,7.261588995,0,0.400000000
8.298956156,20064,3409,0,12500,7564,16651,743,404,405,246,159,9156,7495,478,265,2.428209194,1.747384343,103.069612637,460.559086495,7.634878159,36,0.000000000,nan,nan,0.000000000,8.941002015,2.142068930,0.045500114,0.031894015,2.374979958,0,0.400000000
8.398890495,19968,3484,0,12242,7726,16480,742,409,411,253,158,8823,7657,472,270,2.486250467,1.665002416,107.349385278,472.803795901,7.184743881,22,0.000000000,nan,nan,0.000000000,16.250443005,8.560085029,0.163040997,0.134866976,9.318665951,0,0.400000000
8.498993158,19968,3367,0,12339,7629,16597,737,406,408,244,164,9036,7561,470,267,2.444342414,1.729167777,100.517115021,453.813098688,8.848667145,20,0.000000000,nan,nan,0.000000000,12.711617979,5.113409017,0.097415061,0.060732011,5.546897009,0,0.400000000
8.598869801,19968,3395,0,12213,7755,16569,726,400,403,243,160,8885,7684,462,264,2.461375183,1.647832677,103.476274765,457.040432097,6.938934326,20,0.000000000,nan,nan,0.000000000,9.129839018,2.285646973,0.042396015,0.031366013,2.488936996,0,0.400000000
8.698894262,19776,3367,0,12108,7668,16405,730,398,399,243,156,8807,7598,472,258,2.422740787,1.710816888,98.556334900,450.429457856,7.579565048,18,0.000000000,nan,nan,0.000000000,12.625119998,5.272622046,0.044050976,0.109853980,5.498805025,0,0.400000000
8.800690889,20256,3552,0,12370,7886,16700,733,412,413,256,157,8883,7817,469,264,2.460124272,1.695336215,110.255780587,469.156336966,7.136106491,17,0.000000000,nan,nan,0.000000000,11.679165007,4.480512987,0.085652980,0.078016019,5.009576969,0,0.400000000
8.899878263,20064,3558,0,12310,7754,16502,723,404,406,247,159,8827,7675,465,258,2.435023258,1.742350720,100.389739661,460.234382919,8.488893509,24,0.000000000,nan,nan,0.000000000,16.310179955,9.506397007,0.195169938,0.130507979,10.364749003,0,0.400000000
8.998919010,19968,3426,0,12194,7774,16538,729,406,408,248,160,8839,7699,466,263,2.451426624,1.691040519,106.612581021,458.292525866,7.491111755,21,0.000000000,nan,nan,0.000000000,17.513168044,9.031832975,0.174979097,0.139754033,9.897382988,0,0.400000000
9.099044323,19968,3518,0,12353,7615,16446,736,401,398,249,149,8904,7542,474,262,2.443078685,1.703384417,98.388219694,442.904323635,9.276151657,20,0.000000000,nan,nan,0.000000000,15.712440014,6.941287022,0.128508022,0.090744987,7.514527999,0,0.400000000
9.198947906,20064,3479,0,12412,7652,16581,741,409,404,249,155,8996,7585,475,266,2.450110812,1.668557765,104.679696228,459.962282175,6.921291351,18,0.000000000,nan,nan,0.000000000,15.682420984,8.300075948,0.148142863,0.132313988,8.999012993,0,0.400000000
9.299807787,19968,3547,0,12380,7588,16417,735,378,381,233,148,8901,7516,458,277,2.461132075,1.690449893,95.377933654,420.748803022,7.740974426,22,0.000000000,nan,nan,0.000000000,6.903211994,3.645565012,0.069736969,0.068788999,3.981588990,0,0.400000000
9.401479721,20064,3475,0,12429,7635,16585,729,386,388,248,140,9020,7565,458,271,2.462149883,1.682382253,100.701783669,431.905436898,7.845401764,19,0.000000000,nan,nan,0.000000000,17.354063981,9.804375062,0.193889020,0.139142969,10.700277984,0,0.400000000
9.499339581,19968,3577,0,12294,7674,16387,728,390,391,243,148,8786,7601,455,273,2.459800159,1.679702622,94.816231182,453.070269099,7.401704788,21,0.000000000,nan,nan,0.000000000,13.843277993,8.143154962,0.167708960,0.105748011,8.952698961,0,0.400000000
9.599498510,20064,3433,0,12287,7777,16627,739,389,391,243,148,8920,7707,468,271,2.431897321,1.702257615,100.256184617,454.183111508,7.667541504,19,0.000000000,nan,nan,0.000000000,15.453948989,8.325647970,0.170666957,0.110342982,9.115103981,0,0.400000000
9.699097872,19680,3480,0,12185,7495,16196,726,394,392,246,146,8772,7424,450,276,2.470394244,1.694380858,96.553219633,451.622987696,6.098270416,7,0.000000000,nan,nan,0.000000000,8.229782979,4.369973030,0.072751020,0.052129966,4.736589966,0,0.400000000
9.800565004,20256,3278,0,12238,8018,16974,737,387,390,242,148,9032,7942,465,272,2.434951672,1.707422919,98.460710940,434.397256179,7.383584976,31,0.000000000,nan,nan,0.000000000,12.098323030,4.991632013,0.087401946,0.059137004,5.400536000,0,0.400000000
9.898872137,20064,3544,0,12249,7815,16516,725,386,389,243,146,8770,7746,458,267,2.479296622,1.674151989,96.235977619,457.809968282,6.513834000,9,0.000000000,nan,nan,0.000000000,16.963089001,9.571705945,0.202940952,0.142903998,10.500711040,0,0.400000000
9.999012232,19968,3199,0,12201,7767,16765,744,397,396,248,148,9064,7701,476,268,2.436571289,1.742007141,94.503098447,462.202088489,8.877038956,35,0.000000000,nan,nan,0.000000000,9.769876953,3.622511984,0.086740067,0.092917995,4.028281022,0,0.400000000
10.098988771,19968,3387,0,12178,7790,16577,741,398,400,249,151,8852,7725,466,275,2.467831852,1.654812629,95.796977827,444.603293251,7.243871689,19,0.000000000,nan,nan,0.000000000,10.637862026,2.525135060,0.043914944,0.039921026,2.732677036,0,0.400000000
10.198917627,19968,3239,0,12213,7755,16725,728,393,387,247,140,9037,7688,463,265,2.470235209,1.750052006,90.278156689,409.495714382,8.349895477,21,0.000000000,nan,nan,0.000000000,9.382802004,2.382534032,0.047779002,0.032251002,2.614235971,0,0.400000000
10.299041986,20064,3478,0,12369,7695,16582,730,387,391,234,157,8950,7632,459,271,2.517955418,1.643717642,93.410575722,460.393986477,6.370544434,18,0.000000000,nan,nan,0.000000000,17.659260018,9.937695984,0.202560972,0.172319997,10.883189971,0,0.400000000
10.398827791,20064,3321,0,12266,7798,16739,736,392,396,245,151,9007,7732,464,272,2.457853053,1.714656969,97.875019545,472.360642651,8.813619614,20,0.000000000,nan,nan,0.000000000,13.474571984,7.135179010,0.159498071,0.125211023,7.832575997,0,0.400000000
10.499006510,19872,3434,0,12196,7676,16434,722,382,381,231,150,8826,7608,452,270,2.495135798,1.646707580,92.204782355,442.790315830,5.256414413,3,0.000000000,nan,nan,0.000000000,15.352003044,9.717619978,0.225641008,0.124371029,10.668389034,0,0.400000000
10.599184036,19776,3428,0,12139,7637,16344,731,387,390,246,144,8779,7565,463,268,2.491469837,1.717832044,95.410667703,459.267672341,8.167266846,22,0.000000000,nan,nan,0.000000000,14.075235988,7.937182090,0.156868075,0.087652006,8.651865006,0,0.400000000
10.700200558,20448,3512,0,12330,8118,16932,736,396,396,246,150,8884,8048,466,270,2.472572256,1.641860816,96.753814887,474.384113487,8.863687515,28,0.000000000,nan,nan,0.000000000,9.458160028,5.151144054,0.102565042,0.083705003,5.624033976,0,0.400000000
10.799016714,20064,3491,0,12341,7723,16569,726,380,381,236,145,8918,7651,453,273,2.467595095,1.721313749,94.777162315,470.673470534,10.087966919,27,0.000000000,nan,nan,0.000000000,17.822341993,9.992352047,0.197886955,0.137804018,10.917439999,0,0.400000000
10.899854422,19968,3396,0,12257,7711,16568,749,391,394,241,153,8927,7641,471,278,2.494326829,1.674663508,98.526785389,451.012578348,6.463527679,22,0.000000000,nan,nan,0.000000000,14.704018016,6.589317985,0.108886044,0.113734975,7.119713002,0,0.400000000
10.998995304,19968,3507,0,12306,7662,16457,742,395,397,242,155,8863,7594,465,277,2.494349095,1.688368869,98.246068105,475.866295001,7.396459579,20,0.000000000,nan,nan,0.000000000,13.264904032,7.110451988,0.135435024,0.088367960,7.757014013,0,0.400000000
11.099436760,19968,3270,0,12228,7740,16694,728,390,388,238,150,9026,7668,461,267,2.490823826,1.685575792,97.418572607,426.035724867,5.989313126,20,0.000000000,nan,nan,0.000000000,16.242037003,9.165582014,0.205325021,0.089693989,10.015584005,0,0.400000000
11.199412107,20064,3471,0,12301,7763,16589,746,401,401,251,150,8896,7693,474,272,2.505987323,1.682714810,98.857607354,474.463527606,5.932569504,18,0.000000000,nan,nan,0.000000000,12.033751991,5.550524918,0.105246960,0.067880959,6.035603990,0,0.400000000
11.300737858,19968,3028,0,12106,7862,16936,744,393,395,240,155,9150,7786,462,282,2.458209174,1.693422878,97.374526562,440.010121409,6.161928177,19,0.000000000,nan,nan,0.000000000,13.966818980,8.998945996,0.175709953,0.102980994,9.824629000,0,0.400000000
11.399325132,19776,3034,0,11966,7810,16738,746,396,399,254,145,9002,7736,477,269,2.486051385,1.679760701,96.926495577,471.090656484,7.251977921,22,0.000000000,nan,nan,0.000000000,15.382412006,7.631045068,0.174877117,0.052738993,8.512674016,0,0.400000000
11.498891115,19776,3014,0,11833,7943,16758,734,390,393,250,143,8889,7869,471,263,2.514881009,1.675500205,96.228071026,433.792682046,2.660989761,2,0.000000000,nan,nan,0.000000000,6.463536003,3.795443976,0.087128021,0.078888028,4.206354031,0,0.400000000
11.599028111,20064,3415,0,12531,7533,16645,750,406,408,254,154,9189,7456,480,270,2.449896524,1.708299596,101.928026973,470.455865304,7.610321045,37,0.000000000,nan,nan,0.000000000,16.772221017,8.837622008,0.165162026,0.119859993,9.623655991,0,0.400000000
11.699877501,19872,3142,0,11833,8039,16726,752,400,400,245,155,8751,7975,474,278,2.535840830,1.693305906,99.141231143,439.952090923,5.890846252,4,0.000000000,nan,nan,0.000000000,8.432586037,4.677091027,0.100262929,0.045464025,5.140517023,0,0.400000000
11.798831463,20160,3307,0,12375,7785,16849,749,403,402,235,167,9117,7732,464,285,2.444998579,1.727149869,103.142592004,466.271933967,7.418394089,34,0.000000000,nan,nan,0.000000000,18.027707993,9.555039927,0.174864021,0.432738976,10.389828996,0,0.400000000
11.898949862,19872,3042,0,11819,8053,16826,758,411,408,236,172,8826,8000,462,296,2.488616532,1.760109098,109.054311392,471.930595187,6.411790848,5,0.000000000,nan,nan,0.000000000,13.956909999,8.335977967,0.142646022,0.189326005,9.002800041,0,0.400000000
11.999018192,20160,3256,0,12157,8003,16900,748,397,396,226,170,8936,7964,455,293,2.454201326,1.821708842,104.256930426,434.904480748,9.461164474,36,0.000000000,nan,nan,0.000000000,13.098336989,7.805712987,0.131590932,0.333920005,8.429137000,0,0.400000000
12.098972082,19584,2919,0,11716,7868,16661,746,379,381,231,150,8827,7834,460,286,2.488276173,1.825334340,97.273027208,479.052879354,5.827665329,9,0.000000000,nan,nan,0.000000000,6.468927022,3.901284013,0.073581061,0.169212988,4.262869013,0,0.400000000
12.200552225,20256,3083,0,11976,8280,17169,758,391,390,227,163,8919,8250,459,299,2.455030175,1.851977165,104.388299376,453.142796503,7.504701614,29,0.000000000,nan,nan,0.000000000,15.158387017,6.013214996,0.109316083,0.189857034,6.537975976,0,0.400000000
12.298821926,20064,2862,0,11711,8353,17198,747,376,378,232,146,8854,8344,452,295,2.460365881,1.891004877,94.552990807,482.742261635,6.398200989,11,0.000000000,nan,nan,0.000000000,13.243520050,5.855942029,0.104021106,0.234370993,6.333267025,0,0.400000000
12.399034977,19968,2917,0,11909,8059,17047,783,386,389,231,158,8988,8059,471,312,2.463776409,1.954699671,102.681832404,463.610367926,8.378744125,18,0.000000000,nan,nan,0.000000000,12.628829048,7.384768978,0.139401003,0.333700969,8.019272995,0,0.400000000
12.498817921,20064,2812,0,11833,8231,17248,783,392,394,240,154,9017,8231,482,301,2.491920750,1.873605647,106.532568165,473.889011817,9.171962738,34,0.000000000,nan,nan,0.000000000,14.561456977,8.088475035,0.143859012,0.307822949,8.750364999,0,0.400000000
12.598908424,19968,2728,0,11715,8253,17236,769,389,407,239,168,8983,8253,456,313,2.517348797,2.021101472,104.667918095,462.729798109,8.293390274,21,0.000000000,nan,nan,0.000000000,8.460470999,3.525636974,0.042606029,0.110102003,3.737537016,0,0.400000000
12.698940754,20064,2811,0,11842,8222,17249,799,407,412,243,169,9027,8222,480,319,2.496366998,2.009073911,97.843021961,487.158251664,7.943153381,19,0.000000000,nan,nan,0.000000000,16.598820046,8.589729026,0.147590006,0.302642991,9.261158993,0,0.400000000
12.798926830,19872,2658,0,11444,8428,17210,797,384,398,219,179,8782,8428,451,346,2.551708879,2.060735559,107.480334617,455.010048470,6.970167160,3,0.000000000,nan,nan,0.000000000,6.335927988,3.108111967,0.055772078,0.100047037,3.376270004,0,0.400000000
12.898838997,20064,2661,0,11671,8393,17399,799,355,375,212,163,9006,8393,469,330,2.453439266,2.059220465,94.591871683,454.605553217,9.500503540,37,0.000000000,nan,nan,0.000000000,11.650340981,6.805087032,0.128271000,0.245061994,7.438061992,0,0.400000000
12.999149799,19872,2539,0,11317,8555,17329,814,374,429,258,171,8778,8551,483,331,2.536596459,2.061184385,108.236705809,504.320690150,5.876779556,3,0.000000000,nan,nan,0.000000000,8.967597038,5.528337962,0.109260902,0.099090044,6.028798991,0,0.400000000
13.099600315,19872,2556,0,11579,8293,17312,799,365,372,217,155,9023,8289,463,336,2.456581858,2.145190936,92.005392257,485.298804027,7.724285126,20,0.000000000,nan,nan,0.000000000,16.816848016,8.727812907,0.179828901,0.219739974,9.553782002,0,0.400000000
13.201567411,19872,2472,0,11244,8628,17396,777,374,370,220,150,8772,8624,455,322,2.545599498,2.073854049,93.681817554,420.760968796,8.650779724,21,0.000000000,nan,nan,0.000000000,18.077404005,9.737767046,0.159430085,0.187519996,10.515331989,0,0.400000000
13.299515963,19872,2470,0,11461,8411,17398,817,397,397,236,161,8991,8407,480,337,2.436048621,2.173635177,104.092253569,507.395344598,10.905027390,39,0.000000000,nan,nan,0.000000000,12.553000008,7.856507029,0.147409039,0.149871979,8.545488992,0,0.400000000
13.399403811,20064,2630,0,11281,8783,17430,796,380,394,230,164,8651,8779,459,337,2.533173554,2.123463670,108.482358364,477.538051090,9.866237640,17,0.000000000,nan,nan,0.000000000,11.496764026,6.459716009,0.104659062,0.162078009,6.952770986,0,0.400000000
13.498843193,19968,2497,0,11376,8592,17467,827,386,406,247,159,8879,8588,484,343,2.435608532,2.238609520,107.948426537,519.986734456,8.241176605,21,0.000000000,nan,nan,0.000000000,16.942878021,8.935526945,0.139180978,0.145538012,9.595369978,0,0.400000000
13.598868847,19968,2549,0,11188,8780,17415,823,393,399,242,157,8639,8776,467,356,2.504326002,2.231672115,105.999494026,484.675763779,7.947683334,20,0.000000000,nan,nan,0.000000000,14.111178985,6.726133055,0.111023022,0.165189966,7.248204027,0,0.400000000
13.703073025,20064,2495,0,11440,8624,17565,825,388,389,229,160,8945,8620,466,359,2.512126107,2.275773578,102.955827898,484.549357668,6.160736084,19,0.000000000,nan,nan,0.000000000,6.748548010,3.363544005,0.068640104,0.181660987,3.678779001,0,0.400000000
13.800795555,20064,2544,0,11350,8714,17516,855,427,425,255,170,8802,8714,487,368,2.519201837,2.233787136,102.360225495,513.152705489,7.642745972,20,0.000000000,nan,nan,0.000000000,17.235735955,9.572980111,0.153879111,0.242482987,10.319666006,0,0.400000000
13.899035454,19872,2444,0,11214,8658,17424,832,411,408,238,170,8766,8658,462,370,2.583064406,2.253614557,107.737877450,533.453413153,5.195140839,3,0.000000000,nan,nan,0.000000000,6.850644015,3.432127007,0.066592067,0.209457998,3.711997997,0,0.400000000
13.998825788,20064,2527,0,11365,8699,17533,848,360,408,207,201,8834,8699,436,412,2.612037936,2.276262326,116.483187836,434.667779978,9.711503983,36,0.000000000,nan,nan,0.000000000,17.786811979,9.443961957,0.154895999,0.313524972,10.209674016,0,0.400000000
14.098804712,19968,2410,0,11131,8837,17554,831,399,407,194,213,8717,8837,410,421,2.557291856,2.311108222,115.746009046,466.216081445,7.822751999,22,0.000000000,nan,nan,0.000000000,15.230649966,6.911895005,0.138060015,0.175733003,7.540312014,0,0.400000000
14.198983431,20064,2516,0,11166,8898,17544,889,445,443,204,239,8650,8894,421,468,2.478635715,2.333827463,133.254182238,481.523611437,7.666826248,18,0.000000000,nan,nan,0.000000000,10.074067977,3.074375039,0.049275986,0.081008999,3.297662013,0,0.400000000
14.298974991,19968,2394,0,11005,8963,17570,866,374,383,185,198,8611,8959,414,452,2.445418547,2.338591835,102.401155996,429.561906607,6.899356842,22,0.000000000,nan,nan,0.000000000,14.915466018,7.501370041,0.112793932,0.266585033,8.048389980,0,0.400000000
14.398874998,19872,2503,0,11111,8761,17365,876,344,394,167,227,8608,8757,391,485,2.321004105,2.389660622,108.142152052,529.322170854,4.933595657,2,0.000000000,nan,nan,0.000000000,9.934186994,5.795972014,0.080104044,0.166841957,6.197192008,0,0.400000000
14.500553608,20160,2424,0,10965,9195,17732,869,341,394,140,254,8541,9191,377,492,2.299640069,2.420649711,114.176482831,445.813999919,8.472681046,36,0.000000000,nan,nan,0.000000000,9.145735006,3.926718957,0.038834056,0.100043020,4.116418015,0,0.400000000
14.598951817,19968,2472,0,11056,8912,17492,842,334,378,132,246,8580,8912,359,483,2.210756520,2.517692272,100.398748483,469.003093277,6.511211395,23,0.000000000,nan,nan,0.000000000,13.499772991,5.958367023,0.038104947,0.097976997,6.148686982,0,0.400000000
14.698859453,20064,2485,0,10922,9142,17575,813,358,366,130,236,8433,9142,340,473,2.212671006,2.505896720,89.283915465,444.848550158,7.401704788,20,0.000000000,nan,nan,0.000000000,13.950657973,6.816589972,0.115559029,0.172455970,7.369218976,0,0.400000000
14.798928738,19488,2358,0,10594,8894,17126,797,379,377,122,255,8232,8894,321,476,2.150223579,2.648376008,91.074880109,468.678569900,6.782770157,8,0.000000000,nan,nan,0.000000000,12.100691034,5.588280037,0.085042964,0.121250981,5.999487999,0,0.400000000
14.899879932,20160,2777,0,11101,9059,17379,786,362,361,118,243,8323,9056,315,471,2.206279428,2.631928425,84.868289016,460.484847629,7.992982864,14,0.000000000,nan,nan,0.000000000,15.958436008,8.611984027,0.133619003,0.133571972,9.268503985,0,0.400000000
14.998606920,20256,2452,0,11262,8994,17800,788,369,372,120,252,8806,8994,296,492,2.088232891,2.703773381,92.971064436,394.689114457,7.760524750,32,0.000000000,nan,nan,0.000000000,12.051318015,4.770723055,0.075724907,0.098017976,5.135279032,0,0.400000000
15.098927498,20160,2886,0,10913,9247,17270,809,375,381,123,258,8027,9243,296,513,2.158493017,2.669642741,87.526816628,458.210468535,10.543584824,22,0.000000000,nan,nan,0.000000000,9.307472035,2.295702056,0.041030988,0.086077023,2.511317958,0,0.400000000
15.198872566,19488,2537,0,10825,8663,16947,776,366,361,117,244,8288,8659,290,486,2.073670509,2.755568553,85.229099129,405.895225062,7.492780685,12,0.000000000,nan,nan,0.000000000,14.319236041,9.126531950,0.158176059,0.227108016,9.892011993,0,0.400000000
15.299567223,20544,2920,0,11030,9514,17620,810,374,367,114,253,8106,9514,301,509,2.112363845,2.722139985,90.407875293,412.165190910,11.348009109,21,0.000000000,nan,nan,0.000000000,18.027499027,9.766461037,0.171770924,0.213794003,10.589828016,0,0.400000000
15.399688959,19872,2600,0,10801,9071,17268,781,364,359,106,253,8197,9071,289,492,2.049080078,2.786290221,80.635635543,386.917655285,6.494045258,13,0.000000000,nan,nan,0.000000000,8.061453002,4.972188966,0.091907976,0.124937971,5.407936056,0,0.400000000
15.498810053,20160,2944,0,11173,8987,17212,801,360,358,100,258,8225,8987,289,512,2.074789906,2.786848610,87.926350938,381.492874768,9.457588196,34,0.000000000,nan,nan,0.000000000,8.302178991,2.218912065,0.040543964,0.054706004,2.408060012,0,0.400000000
15.598975658,19872,2735,0,10725,9147,17133,810,371,366,101,265,7986,9147,285,525,2.039607203,2.823358465,92.782645078,354.501051144,6.761074066,5,0.000000000,nan,nan,0.000000000,9.806449001,3.413779952,0.041651016,0.071918999,3.616461996,0,0.400000000
15.699406862,20160,3030,0,11037,9123,17126,829,352,380,106,274,8003,9123,282,547,2.008438713,2.837036005,94.855539024,377.200563826,7.753133774,35,0.000000000,nan,nan,0.000000000,16.619271017,8.618214924,0.131315086,0.127515988,9.265699016,0,0.400000000
15.798994541,20064,2873,0,10640,9424,17187,819,362,373,98,275,7764,9423,266,553,2.004349652,2.865423961,91.568540290,379.225416569,6.706714630,22,0.000000000,nan,nan,0.000000000,13.999624993,6.515875983,0.104379957,0.135765993,7.018463977,0,0.400000000
15.899159670,20160,3045,0,10677,9483,17111,812,342,348,103,245,7632,9479,269,543,1.971558639,2.856515566,90.028489358,342.415895381,9.048461914,19,0.000000000,nan,nan,0.000000000,8.533157001,2.296263992,0.039738021,0.077650009,2.491454012,0,0.400000000
16.004499912,19680,3078,0,10556,9124,16598,812,343,352,99,253,7478,9120,252,560,1.977399424,2.924772654,94.481253669,347.103043259,7.191896439,9,0.000000000,nan,nan,0.000000000,8.232533990,4.657167941,0.078619982,0.219761976,5.042926001,0,0.400000000
16.099596262,20544,3269,0,10943,9601,17271,850,369,381,106,275,7673,9598,255,595,1.931813867,2.904860990,110.348302726,378.978763434,6.977796555,23,0.000000000,nan,nan,0.000000000,12.919038010,5.043403944,0.057596073,0.296313025,5.356405978,0,0.400000000
16.198917627,19872,3059,0,10467,9405,16809,839,364,361,98,263,7404,9405,250,589,1.963297734,2.910630215,95.830357801,371.565701840,6.172418594,12,0.000000000,nan,nan,0.000000000,14.219126955,6.347513990,0.099832017,0.189875020,6.810605002,0,0.400000000
16.300571680,20256,3385,0,10779,9477,16867,847,357,354,103,251,7390,9477,265,582,1.984351523,2.885570390,92.224201456,311.423632257,9.785890579,34,0.000000000,nan,nan,0.000000000,16.012261040,8.242518990,0.122327066,0.152755005,8.817251015,0,0.400000000
16.400564671,19968,3251,0,10502,9466,16713,758,285,301,99,202,7248,9465,258,500,1.987685193,2.877293605,67.088885809,295.200592377,6.551027298,18,0.000000000,nan,nan,0.000000000,11.599690013,5.127916054,0.068577996,0.107423984,5.493378034,0,0.400000000
16.499790907,19488,3250,0,10270,9218,16234,732,292,301,87,214,7017,9217,246,486,2.069037678,2.894903884,63.626318372,278.394110564,8.970022202,28,0.000000000,nan,nan,0.000000000,16.959845030,9.101262956,0.127511041,0.153645989,9.752653015,0,0.400000000
16.599009037,20448,3762,0,11030,9418,16682,756,312,305,97,208,7264,9418,254,502,1.944699050,2.893697115,66.046990298,287.224386361,8.656263351,10,0.000000000,nan,nan,0.000000000,16.260591976,8.685641980,0.122954079,0.237951986,9.361001023,0,0.400000000
16.699659348,19776,3901,0,10670,9106,15871,739,315,306,96,210,6768,9103,252,487,2.143648039,2.882208634,64.230872188,284.843641170,5.762100220,12,0.000000000,nan,nan,0.000000000,17.194442975,9.827138972,0.142393925,0.156817958,10.565600998,0,0.400000000
16.799002647,20064,3890,0,10870,9194,16170,750,307,305,93,212,6979,9191,255,495,1.995202489,2.885530550,74.772461627,295.179285168,7.535457611,35,0.000000000,nan,nan,0.000000000,18.541964004,10.210871988,0.148807070,0.212679035,10.976159014,0,0.400000000
16.899179220,20064,4084,0,10773,9291,15976,770,324,327,102,225,6689,9287,251,519,2.110788753,2.848998678,71.678425090,316.359093060,8.332729340,20,0.000000000,nan,nan,0.000000000,12.712384982,7.468430966,0.124568993,0.324357999,8.095589001,0,0.400000000
16.998888969,19968,4199,0,11045,8923,15765,775,307,309,88,221,6846,8919,254,521,2.005373502,2.875044037,74.873299917,294.920955925,8.245944977,22,0.000000000,nan,nan,0.000000000,16.538817028,9.402493015,0.131662993,0.188198988,10.088279028,0,0.400000000
17.098782301,20064,4445,0,11230,8834,15615,768,320,319,94,225,6784,8831,243,525,2.147661284,2.876924327,76.210331392,289.403891050,6.760835648,18,0.000000000,nan,nan,0.000000000,16.405965027,9.174036968,0.131879933,0.115542032,9.844476008,0,0.400000000
17.199951887,20160,4421,0,11488,8672,15735,728,301,306,96,210,7086,8649,244,484,1.945441820,2.881018172,74.721873704,270.680622346,7.098674774,18,0.000000000,nan,nan,0.000000000,8.130287984,4.602133005,0.081230944,0.034858007,5.038592033,0,0.400000000
17.299316406,19872,4531,0,11251,8621,15337,720,295,295,86,209,6767,8570,239,481,2.022197857,2.867628295,72.158554906,260.889704568,6.959438324,5,0.000000000,nan,nan,0.000000000,8.285918972,3.913301043,0.054767064,0.057018013,4.206676036,0,0.400000000
17.398880720,19968,4598,0,11403,8565,15366,705,281,287,90,197,6898,8468,235,470,1.951437883,2.868107391,72.948222943,237.919152848,7.972478867,39,0.000000000,nan,nan,0.000000000,16.519764031,9.159953974,0.133381051,0.181924959,9.887355031,0,0.400000000
17.500116825,20064,4681,0,11437,8627,15379,732,292,295,89,206,6890,8489,245,487,1.960687070,2.871141115,74.449193303,261.760657056,6.244659424,18,0.000000000,nan,nan,0.000000000,8.709235000,3.425458039,0.037191960,0.053270021,3.631804953,0,0.400000000
17.598808289,19968,4605,0,11352,8616,15359,701,293,295,88,207,6912,8447,234,467,1.965951147,2.874847209,79.311855715,262.218719078,8.435487747,21,0.000000000,nan,nan,0.000000000,13.618333964,8.554035972,0.142394972,0.146964972,9.283192980,0,0.400000000
17.698962927,20064,4777,0,11478,8586,15283,689,281,279,87,192,6892,8391,231,458,1.957670447,2.867362735,72.399366060,248.895923220,8.164644241,19,0.000000000,nan,nan,0.000000000,7.935657981,4.118885961,0.066946901,0.128637010,4.484731995,0,0.400000000
17.798915148,19968,4809,0,11411,8557,15155,682,275,278,81,197,6835,8320,240,442,1.985643945,2.851068761,72.130109694,251.218203374,7.205724716,22,0.000000000,nan,nan,0.000000000,12.682949018,5.897180934,0.064886000,0.072963012,6.245461991,0,0.400000000
17.899330616,19488,4822,0,11544,7944,14662,654,262,261,77,184,6966,7696,225,429,1.897102916,2.872980115,69.061439348,225.330958371,6.272077560,9,0.000000000,nan,nan,0.000000000,6.964154018,4.086352012,0.045633060,0.045261986,4.349259019,0,0.400000000
17.997328520,20544,5126,0,11779,8765,15414,699,294,297,84,213,6948,8466,239,460,1.982926619,2.893938437,74.361575671,260.716645728,7.191896439,20,0.000000000,nan,nan,0.000000000,13.338727003,7.222151966,0.116077077,0.190879044,7.865548017,0,0.400000000
18.099793911,19872,5003,0,11733,8139,14865,691,285,288,85,203,7034,7831,231,460,1.888923289,2.892659759,68.678688352,267.114288784,7.750988007,12,0.000000000,nan,nan,0.000000000,8.988888992,5.565121945,0.086353102,0.159219024,6.018904038,0,0.400000000
18.198823929,20160,5366,0,11996,8164,14790,696,279,283,93,190,6983,7807,239,457,1.953251697,2.884294172,69.877757057,256.081262470,8.333683014,35,0.000000000,nan,nan,0.000000000,9.120856004,2.630531031,0.031415082,0.049230992,2.821589005,0,0.400000000
18.299277067,19872,5205,0,11900,7972,14663,693,273,275,85,190,7060,7603,238,455,1.872849591,2.874833697,69.527671686,237.409306035,6.244659424,5,0.000000000,nan,nan,0.000000000,15.764676966,9.123863070,0.123500940,0.161513977,9.808311996,0,0.400000000
18.398894548,20064,5554,0,12087,7977,14506,688,270,271,83,188,6921,7585,227,461,1.854012191,2.884269579,65.913754395,231.553810204,7.609844208,37,0.000000000,nan,nan,0.000000000,14.136304031,6.706108048,0.083121064,0.123506004,7.154368970,0,0.400000000
18.499305487,20064,5409,0,12053,8011,14651,682,271,270,80,190,7046,7605,227,455,1.830840897,2.866764361,65.403197569,242.459866820,7.065773010,14,0.000000000,nan,nan,0.000000000,14.907533012,8.400499995,0.092539936,0.184181030,8.919974964,0,0.400000000
18.599992752,19872,5639,0,12019,7853,14229,688,281,283,90,193,6774,7455,235,453,1.880481803,2.786138135,70.870334775,226.312217744,5.951404572,9,0.000000000,nan,nan,0.000000000,7.123625022,3.833266033,0.043465931,0.066471985,4.066803027,0,0.400000000
18.699005604,20160,5499,0,12184,7976,14657,673,271,271,89,182,7102,7555,237,436,1.816346727,2.787312166,65.725211985,258.657429412,6.385326385,35,0.000000000,nan,nan,0.000000000,10.702295986,5.946519959,0.089900044,0.180210045,6.445138017,0,0.400000000
18.799724817,19872,5728,0,12190,7682,14140,649,267,261,83,178,6850,7290,223,426,1.853499778,2.732369615,66.367494163,249.032133328,6.263971329,5,0.000000000,nan,nan,0.000000000,7.035729999,3.470414842,0.041580060,0.038793019,3.705361974,0,0.400000000
18.898887873,19968,5551,0,12210,7758,14413,647,258,268,93,175,7074,7339,232,415,1.825629764,2.727691225,66.013448132,240.327079916,10.372638702,38,0.000000000,nan,nan,0.000000000,16.278760973,8.706250985,0.086489017,0.096416974,9.255844983,0,0.400000000
18.998822212,19584,5835,0,12303,7281,13745,629,259,254,90,164,6834,6911,229,400,1.846941597,2.620371482,66.781256872,262.911007567,5.617856979,7,0.000000000,nan,nan,0.000000000,8.518880000,4.153527960,0.056848046,0.067614019,4.476765986,0,0.400000000
19.099360943,20448,5809,0,12673,7775,14635,652,258,263,96,167,7207,7428,238,414,1.959556601,2.730083187,65.971387784,305.963576563,8.231163025,35,0.000000000,nan,nan,0.000000000,8.335052989,4.524043004,0.051641895,0.046737958,4.817446985,0,0.400000000
19.198858500,20064,6063,0,12694,7370,13997,626,254,254,91,163,6842,7155,231,395,1.869754281,2.639945069,66.334461927,279.727125394,8.150577545,16,0.000000000,nan,nan,0.000000000,14.211999020,7.877651020,0.116601994,0.135893992,8.522490971,0,0.400000000
19.298909426,19968,5774,0,12432,7536,14190,641,279,260,84,176,6817,7373,236,405,1.875467663,2.565253033,65.084017855,312.696251784,7.444620132,22,0.000000000,nan,nan,0.000000000,15.545349044,8.713649993,0.136256975,0.152355991,9.431395971,0,0.400000000
19.398845911,19968,5854,0,12579,7389,14110,629,257,266,97,169,6801,7309,247,382,1.873808198,2.546026852,64.893277547,299.970752921,7.975816727,15,0.000000000,nan,nan,0.000000000,14.033541956,7.384494063,0.101447047,0.127399981,7.954360975,0,0.400000000
19.499008894,20064,5798,0,12417,7647,14262,643,244,242,90,152,6667,7595,255,388,2.060437392,2.435084583,53.890007546,310.924388558,7.224798203,24,0.000000000,nan,nan,0.000000000,16.095870000,8.542453987,0.113349000,0.166100042,9.195086022,0,0.400000000
19.599901438,19968,5801,0,12533,7435,14163,654,254,254,103,151,6751,7412,276,378,2.058668008,2.427495361,62.176237042,315.378006247,7.517337799,22,0.000000000,nan,nan,0.000000000,14.478027995,7.867294946,0.102435995,0.177043956,8.436092001,0,0.400000000
19.698813438,19872,5823,0,12363,7509,14045,634,260,248,107,141,6540,7505,281,353,2.287305017,2.325304553,59.077875519,279.226398934,nan,1,nan,nan,nan,0.000000000,8.941905980,4.880967026,0.064504973,0.111954985,5.239542981,0,0.400000000
19.800148726,20160,5858,0,12746,7414,14298,628,276,263,124,139,6929,7369,295,333,2.312779328,2.367286269,68.765743561,347.429810760,8.608818054,36,0.000000000,nan,nan,0.000000000,15.232115984,8.189407992,0.135446957,0.187781989,8.920158027,0,0.400000000
19.898902178,19968,5910,0,12566,7402,14054,614,243,244,111,133,6734,7320,288,326,2.395235681,2.263717693,58.754482010,312.894965637,7.090091705,23,0.000000000,nan,nan,0.000000000,8.845167002,5.448304000,0.082968967,0.154379988,5.944987992,0,0.400000000
20.002405643,20160,5729,0,13057,7103,14427,614,239,245,116,129,7440,6987,306,308,2.270877488,2.304759780,63.982622682,337.020306436,7.745027542,17,0.000000000,nan,nan,0.000000000,14.846420963,8.218184114,0.109874003,0.142536010,8.862356015,0,0.400000000
20.099636316,19296,6017,0,12524,6772,13275,619,235,244,125,119,6630,6645,307,312,2.446395420,2.271034581,63.317209633,297.760220888,8.398056030,15,0.000000000,nan,nan,0.000000000,14.743326989,9.128365025,0.186904974,0.151619955,10.236500995,0,0.400000000
20.199958086,20448,5799,0,13523,6925,14645,589,227,226,117,109,7850,6795,297,292,2.276712862,2.311659781,55.689432035,299.714611431,7.186174393,19,0.000000000,nan,nan,0.000000000,9.076956019,5.586459942,0.080694037,0.131451001,6.054067984,0,0.400000000
20.299140453,20064,5986,0,13269,6795,14074,587,232,236,125,111,7390,6684,301,286,2.294436498,2.265206866,54.801074322,312.344191253,8.443832397,28,0.000000000,nan,nan,0.000000000,3.995687992,1.998195017,0.026846013,0.053951982,2.165462007,0,0.400000000
20.398849964,20064,5747,0,13251,6813,14313,589,248,250,131,119,7629,6684,303,286,2.287022624,2.266255448,65.605625827,332.004322980,6.113767624,14,0.000000000,nan,nan,0.000000000,10.672251985,5.054338020,0.071572023,0.122906000,5.458817002,0,0.400000000
20.498782635,19968,5778,0,13225,6743,14186,594,222,229,124,105,7536,6650,307,287,2.252955170,2.268041848,55.487506933,301.595881203,6.725788116,18,0.000000000,nan,nan,0.000000000,14.939466026,8.036650019,0.101520971,0.145902974,8.649839030,0,0.400000000
20.598833799,19968,5630,0,13240,6728,14334,587,244,241,127,114,7704,6630,303,284,2.221895313,2.306668433,53.582054636,306.897986947,7.772445679,29,0.000000000,nan,nan,0.000000000,9.253247990,4.175150942,0.067772984,0.197503017,4.561379028,0,0.400000000
20.698992968,19968,5629,0,13306,6662,14335,596,243,248,138,110,7749,6586,315,281,2.170150496,2.286136741,58.794871789,308.553168872,6.350755692,20,0.000000000,nan,nan,0.000000000,7.121909002,3.367403930,0.026044028,0.049149967,3.518768994,0,0.400000000
20.799276114,20160,5492,0,13297,6863,14664,571,237,239,127,112,7877,6787,300,271,2.166353039,2.269016124,55.738597038,261.292669461,6.550073624,16,0.000000000,nan,nan,0.000000000,14.049486024,7.564200030,0.106510066,0.146707986,8.207908017,0,0.400000000
20.900738955,19968,5371,0,13401,6567,14593,568,241,238,130,108,8083,6510,303,265,2.034210710,2.252554346,56.053459866,273.408887191,6.654262543,24,0.000000000,nan,nan,0.000000000,14.973815996,8.055977058,0.122428988,0.242308015,8.760411991,0,0.400000000
20.998897791,19680,5346,0,13033,6647,14330,567,242,246,124,122,7748,6582,295,272,2.130866871,1.894472977,54.043304561,332.994324735,5.832433701,5,0.000000000,nan,nan,0.000000000,11.869034963,8.223735960,0.131512992,0.241190020,8.983445994,0,0.400000000
21.100205183,19968,5083,0,13326,6642,14881,563,221,222,128,94,8322,6559,307,256,1.969520694,2.080454008,57.017259291,246.359892981,7.795333862,35,0.000000000,nan,nan,0.000000000,14.532767003,7.021037978,0.089129957,0.175019028,7.561925973,0,0.400000000
21.201046705,20448,5526,0,13769,6679,14918,567,216,215,117,98,8311,6607,301,266,1.878283580,1.913146109,53.880775032,275.401724476,nan,1,nan,nan,nan,0.000000000,12.388357020,7.639083022,0.124074926,0.305835973,8.338748012,0,0.400000000
21.299221516,19968,4856,0,13190,6778,15108,580,231,231,129,102,8434,6674,303,277,1.876492804,1.855969070,60.160788648,291.859281719,7.270336151,20,0.000000000,nan,nan,0.000000000,10.454147996,5.007483007,0.066084962,0.110070047,5.394804000,0,0.400000000
21.400471926,19680,4638,0,13011,6669,15038,555,206,202,115,87,8456,6582,290,265,1.806928107,1.830273211,48.613373809,238.326649103,8.087158203,40,0.000000000,nan,nan,0.000000000,8.453930030,1.747769013,0.024649024,0.045070017,1.888155995,0,0.400000000
21.498965025,19872,4796,0,13087,6785,15072,549,201,199,115,84,8377,6695,291,258,1.867320513,1.843827773,51.406734446,196.325320971,6.728649139,18,0.000000000,nan,nan,0.000000000,7.443136012,3.526152985,0.038049009,0.111758010,3.773902019,0,0.400000000
21.598007202,20448,5059,0,13721,6727,15385,561,208,210,114,96,8689,6696,287,274,1.712815224,1.671235903,48.954330428,262.201594577,5.712270737,11,0.000000000,nan,nan,0.000000000,11.663767975,5.334394053,0.069012982,0.112303009,5.746898998,0,0.400000000
21.699836969,19488,4685,0,12896,6592,14799,553,218,214,114,100,8215,6584,280,273,1.844719433,1.760230327,55.401703941,236.653019611,6.509542465,19,0.000000000,nan,nan,0.000000000,10.690751020,4.699081939,0.059703947,0.102145947,5.066782003,0,0.400000000
21.799216747,20256,4729,0,13320,6936,15523,553,196,193,105,88,8587,6936,284,269,1.710467420,1.594044871,49.969839656,271.430779996,9.025096893,26,0.000000000,nan,nan,0.000000000,7.882461010,1.631267020,0.021076994,0.029871997,1.771226991,0,0.400000000
21.898849249,19872,4752,0,13080,6792,15116,553,203,206,109,97,8328,6788,293,260,1.707417926,1.552139929,50.948128911,250.020171633,5.475997925,6,0.000000000,nan,nan,0.000000000,9.722286020,3.955065971,0.052704941,0.100415957,4.278982989,0,0.400000000
21.998807669,19680,4443,0,12997,6683,15233,536,190,190,110,80,8554,6679,274,262,1.685911109,1.629260298,51.036683121,249.757541055,8.374691010,24,0.000000000,nan,nan,0.000000000,11.098614021,4.176763992,0.050798990,0.090265996,4.508369020,0,0.400000000
22.099009991,20352,4481,0,12933,7419,15867,554,185,185,102,83,8449,7418,283,271,1.652974280,1.470711403,45.496741890,233.898728648,7.945299149,21,0.000000000,nan,nan,0.000000000,9.078105038,2.960879938,0.020414009,0.053216994,3.108073957,0,0.400000000
22.198692560,19968,4378,0,12974,6994,15586,559,176,177,97,80,8595,6991,291,268,1.642585145,1.492768262,47.456184342,265.812830275,8.291244507,33,0.000000000,nan,nan,0.000000000,12.859216018,6.181265984,0.066835026,0.154824986,6.659478997,0,0.400000000
22.298875332,19968,4271,0,12830,7138,15693,552,195,195,103,92,8555,7138,282,270,1.568655768,1.408939701,52.922951096,347.979716443,7.506847382,21,0.000000000,nan,nan,0.000000000,8.177412034,1.866534993,0.020817970,0.058965990,2.002403024,0,0.400000000
22.398801088,19968,4229,0,12803,7165,15735,547,195,194,101,93,8570,7165,277,270,1.592113179,1.457678600,53.289752094,354.886698881,7.164239883,19,0.000000000,nan,nan,0.000000000,9.029440000,3.133267979,0.021413027,0.054842036,3.271302034,0,0.400000000
22.499093533,19584,3941,0,12301,7283,15639,526,188,189,103,86,8356,7283,266,260,1.514419109,1.390249622,53.933886839,316.676038764,6.471395493,7,0.000000000,nan,nan,0.000000000,6.541969022,3.541017999,0.051145966,0.145182014,3.870861023,0,0.400000000
22.599569798,20352,4055,0,12844,7508,16293,534,188,186,90,96,8788,7505,263,271,1.542453045,1.437306505,45.194780964,305.953036112,8.157491684,26,0.000000000,nan,nan,0.000000000,8.774575021,1.577119052,0.021061976,0.042063009,1.733666984,0,0.400000000
22.698711395,19680,3674,0,12089,7591,16002,533,200,202,107,95,8411,7591,266,267,1.461245409,1.390341305,61.735883486,318.057322474,9.015321732,13,0.000000000,nan,nan,0.000000000,13.768279983,7.053476933,0.091725029,0.128464017,7.627115992,0,0.400000000
22.800565004,20448,3798,0,12563,7885,16646,536,196,198,94,104,8761,7885,266,270,1.510655812,1.377924948,55.328259025,338.844063571,8.246660233,26,0.000000000,nan,nan,0.000000000,13.692058972,7.270578004,0.095324009,0.206223980,7.875392039,0,0.400000000
22.899191618,19776,3364,0,12003,7773,16408,546,193,188,94,94,8639,7769,270,276,1.498889646,1.369914609,53.768469515,305.493982384,10.443925858,12,0.000000000,nan,nan,0.000000000,13.649613014,6.863385963,0.093321025,0.147281971,7.453793020,0,0.400000000
22.999078989,19872,3598,0,11903,7969,16270,542,196,192,90,102,8305,7965,265,277,1.600654212,1.336097254,49.499747550,289.308161379,8.828401566,18,0.000000000,nan,nan,0.000000000,14.140617044,7.013880066,0.078505080,0.149482046,7.535127981,0,0.400000000
23.099031210,20160,3420,0,12074,8086,16736,560,210,204,108,96,8654,8082,297,263,1.522822541,1.305014754,51.039431083,328.397816449,6.350517273,36,0.000000000,nan,nan,0.000000000,14.490983973,6.855618965,0.087707012,0.134608999,7.378721028,0,0.400000000
23.200350523,19776,3373,0,11657,8119,16399,569,208,213,104,109,8283,8116,296,273,1.666381156,1.255332027,57.823211020,378.629455918,6.149053574,6,0.000000000,nan,nan,0.000000000,8.576235035,5.451266072,0.090350979,0.133380992,5.938310991,0,0.400000000
23.302071333,19872,3261,0,11787,8085,16607,533,195,190,99,91,8525,8082,282,251,1.587426237,1.259514198,43.950642016,287.632120746,8.947134018,30,0.000000000,nan,nan,0.000000000,14.556427021,6.750576023,0.084838015,0.093367998,7.294707000,0,0.400000000
23.399649858,19968,3296,0,11524,8444,16668,537,199,197,111,86,8227,8441,287,250,1.614970541,1.261179614,50.455093278,328.390536498,7.177352905,26,0.000000000,nan,nan,0.000000000,12.463576975,7.191920013,0.094263058,0.133471040,7.789265015,0,0.400000000
23.501359224,19968,3259,0,11761,8207,16705,553,203,205,115,90,8502,8203,295,258,1.569063660,1.305603301,52.707163909,344.071058394,7.941246033,21,0.000000000,nan,nan,0.000000000,9.732188017,1.827812986,0.023499073,0.039917009,1.986197021,0,0.400000000
23.599219322,19968,3120,0,11400,8568,16844,539,196,193,97,96,8280,8564,279,260,1.529871700,1.284070449,49.094753568,282.544418733,8.681058884,19,0.000000000,nan,nan,0.000000000,15.147021972,7.646321028,0.094532967,0.098884979,8.258178015,0,0.400000000
23.698807716,19968,3220,0,11687,8281,16744,551,192,198,102,96,8467,8277,285,266,1.517574423,1.336610639,51.584333513,306.874617527,8.995294571,20,0.000000000,nan,nan,0.000000000,15.306543966,7.906835934,0.100360019,0.113579037,8.565803000,0,0.400000000
23.800534010,19776,3027,0,11318,8458,16745,572,199,199,98,101,8287,8458,289,283,1.437423379,1.308907541,49.596721507,338.106626955,5.690813065,4,0.000000000,nan,nan,0.000000000,9.096303023,2.737011062,0.021423039,0.045279972,2.884028014,0,0.400000000
23.899399281,20448,3362,0,12158,8290,17082,574,207,210,104,106,8796,8286,290,284,1.560172066,1.387581318,56.240640772,429.505648000,7.842302322,28,0.000000000,nan,nan,0.000000000,15.207818011,7.429553021,0.086148037,0.094728020,7.952879998,0,0.400000000
23.999372721,19872,2903,0,11337,8535,16965,572,208,210,108,102,8430,8535,289,283,1.397406656,1.351418122,52.805920388,370.372567312,9.033679962,25,0.000000000,nan,nan,0.000000000,8.676067984,1.726540970,0.023365079,0.040582032,1.866508974,0,0.400000000
24.099842548,19968,3264,0,11601,8367,16700,565,204,206,106,100,8334,8366,282,283,1.446539162,1.454915609,53.265840075,392.270818049,6.783485413,23,0.000000000,nan,nan,0.000000000,6.056423998,2.940077975,0.042091939,0.103389961,3.200534033,0,0.400000000
24.198940992,19488,2891,0,11058,8430,16593,562,204,203,111,92,8167,8426,282,280,1.401018966,1.412459409,53.776470263,424.276305130,6.718397141,10,0.000000000,nan,nan,0.000000000,15.654471004,7.222041953,0.085604028,0.147166022,7.773338992,0,0.400000000
24.300225019,20544,3333,0,11851,8693,17207,546,195,202,105,97,8514,8693,266,280,1.457296495,1.482745388,54.138625513,411.977888557,7.025241852,20,0.000000000,nan,nan,0.000000000,14.183385996,5.379130016,0.068260997,0.139491982,5.821936007,0,0.400000000
24.399148464,18720,2854,0,10783,7937,15862,550,198,198,108,90,7929,7933,272,278,1.423905552,1.497289231,50.972828372,390.967262712,6.633758545,13,0.000000000,nan,nan,0.000000000,13.873516000,7.371965097,0.102603051,0.163970981,8.036584011,0,0.400000000
24.497910261,21504,3403,0,12368,9136,18097,562,210,207,103,104,8965,9132,266,296,1.364030479,1.511712615,52.887256946,418.978386613,8.973121643,30,0.000000000,nan,nan,0.000000000,15.631193004,7.310664922,0.090507034,0.092106988,7.867568987,0,0.400000000
24.599598169,19872,2989,0,11436,8436,16879,552,212,206,106,100,8443,8436,258,294,1.325157725,1.530721901,57.505001481,386.295064653,6.145477295,9,0.000000000,nan,nan,0.000000000,12.423485983,5.626138067,0.066631939,0.104085018,6.036225008,0,0.400000000
24.699419975,19968,3173,0,11386,8582,16791,542,188,189,94,95,8209,8582,252,290,1.386149033,1.574043793,49.423889627,325.104571660,6.890296936,38,0.000000000,nan,nan,0.000000000,14.546941966,6.607042917,0.073175004,0.115290983,7.087682025,0,0.400000000
24.798840284,20064,3028,0,11699,8365,17032,549,203,203,105,98,8667,8365,262,287,1.232150125,1.590927697,56.179570880,381.822136407,8.564949036,19,0.000000000,nan,nan,0.000000000,10.828095023,5.603311001,0.080286991,0.103131984,6.110934017,0,0.400000000
24.899538279,19872,3159,0,11255,8617,16709,536,197,201,94,107,8094,8615,252,284,1.328961776,1.577148741,50.421465099,291.266772927,5.749225616,3,0.000000000,nan,nan,0.000000000,14.488936984,7.313535898,0.089548936,0.126037979,7.891918009,0,0.400000000
25.000907898,20256,3186,0,11655,8601,17066,556,190,191,105,86,8465,8601,261,295,1.252186093,1.601784968,53.359205830,305.863421220,8.580684662,34,0.000000000,nan,nan,0.000000000,8.039420005,1.729506068,0.021298009,0.035486999,1.869598986,0,0.400000000
25.099463701,19968,2953,0,11178,8790,17011,572,199,202,103,99,8225,8786,271,301,1.278084071,1.601023429,53.132418757,309.745526226,7.586717606,24,0.000000000,nan,nan,0.000000000,16.429527022,7.649186009,0.090504007,0.260589994,8.266773017,0,0.400000000
25.199391603,20064,3209,0,11668,8396,16851,557,167,165,87,78,8459,8392,257,300,1.238145028,1.646497053,50.558448050,211.517529746,6.594657898,19,0.000000000,nan,nan,0.000000000,15.095470008,7.562940998,0.078771962,0.127798994,8.110634983,0,0.400000000
25.299727440,19968,2973,0,11298,8670,16991,570,189,187,97,90,8321,8670,270,300,1.239336150,1.626154068,51.933925275,330.566711310,7.960319519,22,0.000000000,nan,nan,0.000000000,12.938575994,3.816456010,0.040087907,0.078411016,4.080310988,0,0.400000000
25.399740696,20064,3216,0,11710,8354,16844,563,184,184,95,89,8490,8354,264,299,1.253677587,1.681905169,51.127210718,258.090952730,7.677555084,18,0.000000000,nan,nan,0.000000000,15.921871993,7.921362005,0.076372991,0.155762013,8.509499021,0,0.400000000
25.499786377,19968,2938,0,11337,8631,17026,564,182,187,91,96,8395,8631,257,307,1.200780111,1.649964227,56.188642992,266.077316847,7.749319077,21,0.000000000,nan,nan,0.000000000,14.303811011,6.644172012,0.066692068,0.096370000,7.085717050,0,0.400000000
25.600011110,20064,3270,0,11675,8389,16790,568,182,181,86,95,8401,8389,249,319,1.202970548,1.684093239,49.195792711,255.305820457,6.433486938,19,0.000000000,nan,nan,0.000000000,5.412329978,2.998302982,0.037253019,0.068944006,3.247393994,0,0.400000000
25.699541092,19872,2889,0,11211,8661,16979,575,196,198,93,105,8322,8657,253,322,1.196091551,1.673167911,53.179387297,301.241485847,5.772113800,3,0.000000000,nan,nan,0.000000000,10.569615988,5.982882984,0.068467925,0.125532970,6.422107981,0,0.400000000
25.799598217,19296,3250,0,10934,8362,16042,574,199,196,90,106,7682,8360,243,331,1.214811312,1.728258153,57.846982663,273.278796798,7.387876511,32,0.000000000,nan,nan,0.000000000,9.288082016,4.146860971,0.044745975,0.083439983,4.432057962,0,0.400000000
25.896553040,20832,2984,0,11807,9025,17844,574,200,198,92,106,8822,9022,243,331,1.168000576,1.661886713,56.368738375,267.542357958,5.740165710,10,0.000000000,nan,nan,0.000000000,11.732041952,4.690272035,0.053108961,0.070695009,5.040537973,0,0.400000000
25.999675274,20160,3399,0,11520,8640,16757,592,214,206,93,113,8119,8638,248,344,1.199406927,1.749485660,54.173115651,289.517800299,9.945869446,34,0.000000000,nan,nan,0.000000000,13.115032983,5.280579964,0.057924073,0.097539974,5.649643950,0,0.400000000
26.100276470,19776,2815,0,11209,8567,16957,587,217,222,94,128,8390,8567,236,351,1.151545883,1.722814558,61.663020174,274.221033813,7.140159607,6,0.000000000,nan,nan,0.000000000,14.228457003,7.994464017,0.098821009,0.091199006,8.588950965,0,0.400000000
26.199626923,19872,2820,0,11149,8723,17048,588,208,206,84,122,8327,8721,238,350,1.153469994,1.704711355,50.755395795,258.555701018,7.089376450,25,0.000000000,nan,nan,0.000000000,3.925030003,1.881576027,0.024955953,0.038688013,2.037344035,0,0.400000000
26.299713850,19392,2505,0,10843,8549,16883,586,219,214,92,122,8347,8536,243,343,1.166076362,1.704455032,57.952605368,265.230417783,7.165908813,29,0.000000000,nan,nan,0.000000000,15.468714002,8.017654996,0.098602904,0.110891997,8.624362003,0,0.400000000
26.398960352,19968,3175,0,11576,8392,16789,571,202,210,89,121,8425,8364,226,345,1.130191551,1.732595179,54.139629025,269.034400110,8.174896240,23,0.000000000,nan,nan,0.000000000,9.101868025,5.431109981,0.072925934,0.133020978,5.895780982,0,0.400000000
26.502564430,20256,3301,0,11357,8899,16951,573,228,223,103,120,8082,8869,234,339,1.185398593,1.675224185,60.912888956,296.224355707,7.483243942,15,0.000000000,nan,nan,0.000000000,8.494431968,3.676071006,0.051378971,0.068913039,3.968341975,0,0.400000000
26.599580526,19968,3213,0,11558,8410,16751,569,219,216,99,117,8375,8376,233,336,1.113973977,1.741851596,54.889181767,265.375598820,8.334636688,25,0.000000000,nan,nan,0.000000000,9.543448978,2.357890015,0.024595007,0.043972977,2.516412991,0,0.400000000
26.701062202,19968,3345,0,11308,8660,16619,592,230,228,108,120,8001,8618,237,355,1.161456854,1.718712177,66.410107280,248.246683445,6.078243256,20,0.000000000,nan,nan,0.000000000,5.420899019,2.872967918,0.041385007,0.086112996,3.122611030,0,0.400000000
26.799328566,19968,3367,0,11660,8308,16597,579,227,226,100,126,8324,8273,230,349,1.134829745,1.754886010,62.040022531,310.966373537,7.480144501,20,0.000000000,nan,nan,0.000000000,13.746954035,6.001535105,0.073597068,0.097394979,6.457491952,0,0.400000000
26.898763657,20160,3311,0,11554,8606,16845,596,231,231,109,122,8269,8576,245,351,1.197484439,1.690020310,65.132086269,312.344884521,6.402015686,16,0.000000000,nan,nan,0.000000000,9.190140991,2.725373022,0.024483947,0.039230974,2.874304017,0,0.400000000
26.999587774,20064,3492,0,11763,8301,16568,567,204,199,87,112,8301,8267,230,337,1.141247608,1.742832256,51.334340770,241.317346331,9.158611298,21,0.000000000,nan,nan,0.000000000,14.417909028,7.451043988,0.085300009,0.080406957,7.998251996,0,0.400000000
27.099553585,19968,3341,0,11339,8629,16623,575,198,203,91,112,8031,8592,227,348,1.141429354,1.673719466,50.608295852,221.805197141,8.545398712,23,0.000000000,nan,nan,0.000000000,16.389879980,7.708713994,0.087722088,0.229560013,8.295910025,0,0.400000000
27.199256659,19968,3556,0,11502,8466,16408,562,208,212,94,118,7979,8429,216,346,1.198726397,1.718465920,50.357463121,222.174004426,7.695198059,20,0.000000000,nan,nan,0.000000000,9.169122961,2.391030022,0.024769979,0.046694011,2.555326966,0,0.400000000
27.298656940,19968,3488,0,11336,8632,16476,544,189,196,86,110,7883,8593,210,334,1.161481857,1.678939008,44.914744943,236.998930706,6.253004074,20,0.000000000,nan,nan,0.000000000,16.215363983,7.721137954,0.098272052,0.132005021,8.340431028,0,0.400000000
27.400953531,20448,3809,0,11687,8761,16635,578,211,210,100,110,7906,8729,219,359,1.214571099,1.736385313,51.212349817,242.218333415,5.824327469,11,0.000000000,nan,nan,0.000000000,8.134647971,3.658531990,0.035466044,0.063734013,3.892940993,0,0.400000000
27.499509811,19488,3532,0,11158,8330,15952,557,214,214,95,119,7646,8306,210,347,1.192703823,1.719534520,56.490463101,248.964479080,8.152723312,20,0.000000000,nan,nan,0.000000000,7.491768047,3.511977033,0.041037973,0.039516017,3.771231044,0,0.400000000
27.599718571,20064,3901,0,11532,8532,16159,578,216,211,94,117,7644,8515,219,359,1.209477175,1.747305410,46.426077287,244.444193371,8.505105972,27,0.000000000,nan,nan,0.000000000,8.406256035,1.739410975,0.022621942,0.060594000,1.882289012,0,0.400000000
27.698789597,20736,3827,0,11985,8751,16905,581,218,218,97,121,8164,8741,224,357,1.186378535,1.667387496,53.485058973,255.139131123,6.041765213,7,0.000000000,nan,nan,0.000000000,8.413153002,1.774402044,0.023156928,0.044073968,1.922572032,0,0.400000000
27.799828291,19968,3959,0,11465,8503,16005,580,213,207,92,115,7506,8499,222,358,1.229538345,1.702149803,51.527956661,224.029057759,7.924318314,35,0.000000000,nan,nan,0.000000000,11.158976995,5.065097124,0.065260974,0.104330014,5.477264989,0,0.400000000
27.900992632,19872,3900,0,11458,8414,15968,563,194,190,82,108,7558,8410,208,355,1.220352146,1.685690466,44.505935397,193.700926212,5.385398865,2,0.000000000,nan,nan,0.000000000,7.461144996,4.365738016,0.055050070,0.111998990,4.726518004,0,0.400000000
27.999255896,20160,4132,0,11424,8736,16024,570,199,202,94,108,7292,8732,213,357,1.227235664,1.674880136,46.975540400,249.620656695,8.448123932,34,0.000000000,nan,nan,0.000000000,8.799671021,1.868111896,0.021664950,0.051598996,2.007584961,0,0.400000000
28.099606276,19872,4006,0,11485,8387,15862,554,187,185,82,103,7477,8385,205,349,1.204198479,1.690807265,42.631051521,199.813097802,6.123304367,5,0.000000000,nan,nan,0.000000000,8.601614041,2.536284039,0.020739972,0.033317017,2.687470987,0,0.400000000
28.198894978,20160,4219,0,11622,8538,15937,567,203,207,94,113,7403,8534,211,356,1.277350797,1.680982897,52.352538199,298.650226650,8.509159088,35,0.000000000,nan,nan,0.000000000,13.150710962,5.368898041,0.063633022,0.100043020,5.775464990,0,0.400000000
28.299480915,19872,4068,0,11455,8417,15800,572,215,217,98,119,7383,8417,214,358,1.202185532,1.700349689,52.951665578,316.838478855,9.212493896,5,0.000000000,nan,nan,0.000000000,11.826967995,5.516587000,0.065470929,0.112169015,5.921629956,0,0.400000000
28.399747372,19968,4218,0,11356,8612,15746,556,227,221,104,117,7134,8612,204,352,1.283716533,1.697079893,52.208638937,344.918405385,9.663820267,38,0.000000000,nan,nan,0.000000000,15.212196973,8.210089989,0.108278007,0.178707996,8.841748000,0,0.400000000
28.498864889,20064,4150,0,11601,8463,15910,563,220,219,100,119,7447,8463,202,361,1.149685993,1.724583469,52.106838289,281.642396308,10.014533997,18,0.000000000,nan,nan,0.000000000,13.531857985,6.952263007,0.087153050,0.118513010,7.516503974,0,0.400000000
28.598868132,20064,4335,0,11312,8752,15725,569,219,221,91,130,6973,8752,191,378,1.214958841,1.709255836,46.849040469,322.536532673,7.195234299,21,0.000000000,nan,nan,0.000000000,14.038261026,7.106124074,0.098962977,0.189028040,7.700216025,0,0.400000000
28.699826479,20160,4257,0,11465,8695,15899,576,237,234,93,141,7208,8691,193,383,1.210088052,1.758073996,53.675133668,208.731939893,7.895469666,18,0.000000000,nan,nan,0.000000000,15.008360031,8.234290988,0.111043104,0.135621987,8.879384026,0,0.400000000
28.799284458,19872,4253,0,11304,8568,15615,561,233,236,90,146,7048,8567,201,360,1.272122102,1.675507358,55.228774038,304.045429435,5.603790283,5,0.000000000,nan,nan,0.000000000,14.592610009,7.660062984,0.113008951,0.224676041,8.314726991,0,0.400000000
28.898795843,20160,4570,0,11673,8487,15586,579,239,236,101,135,7100,8486,207,372,1.272294388,1.741086138,55.603411302,246.310247029,7.225513458,22,0.000000000,nan,nan,0.000000000,16.179198981,8.890669036,0.106285908,0.130173983,9.508488991,0,0.400000000
28.999738693,20064,4419,0,11634,8430,15641,551,228,227,99,128,7211,8430,208,343,1.390234460,1.672930236,51.115462905,282.641301623,7.731676102,35,0.000000000,nan,nan,0.000000000,14.606595971,7.643253019,0.104410050,0.115241972,8.266109973,0,0.400000000
29.099832296,19968,4626,0,11687,8281,15338,582,232,224,89,135,7060,8278,204,378,1.369411374,1.723109355,54.885087661,218.911613689,6.192922592,21,0.000000000,nan,nan,0.000000000,10.408658010,6.212697946,0.091613969,0.346257992,6.726742024,0,0.400000000
29.199679375,19968,4646,0,11694,8274,15318,549,217,212,80,132,7053,8265,198,351,1.338747196,1.685506198,46.119555609,301.315310350,10.362386703,20,0.000000000,nan,nan,0.000000000,14.131358999,6.782178010,0.084835046,0.108478009,7.313008013,0,0.400000000
29.299790859,20064,4755,0,11754,8310,15305,566,204,205,75,130,7029,8276,200,366,1.419908067,1.681961214,42.607433016,226.308329472,6.542921066,19,0.000000000,nan,nan,0.000000000,13.596333971,7.091967971,0.089068024,0.110146997,7.629348023,0,0.400000000
29.399780989,19968,4795,0,11809,8159,15169,561,211,212,77,135,7114,8055,205,356,1.431164086,1.718290711,49.935398544,271.706498394,8.012771606,22,0.000000000,nan,nan,0.000000000,5.127404991,2.785050950,0.038184109,0.063444022,3.023975005,0,0.400000000
29.499645233,19968,4781,0,11738,8230,15183,570,210,211,85,126,7094,8089,208,362,1.513885753,1.761820033,46.023742800,293.502352018,9.148120880,20,0.000000000,nan,nan,0.000000000,15.176644956,8.273164975,0.108811946,0.189881015,8.950246964,0,0.400000000
29.599277258,20064,4896,0,11914,8150,15164,568,210,212,87,125,7189,7975,208,360,1.468233294,1.748323202,48.411260831,258.919188332,7.939577103,18,0.000000000,nan,nan,0.000000000,4.343002976,1.690038946,0.022675027,0.073300966,1.854086004,0,0.400000000
29.699871540,20064,4952,0,11923,8141,15108,567,198,199,93,106,7161,7947,215,352,1.630303652,1.745013786,40.619675341,312.786158842,7.598638535,6,0.000000000,nan,nan,0.000000000,7.535575016,3.312370041,0.038205937,0.057916972,3.562143014,0,0.400000000
29.803554296,19200,4862,0,11827,7373,14334,555,205,202,89,113,7157,7177,212,343,1.560623290,1.840030997,37.083311727,252.516763108,7.384777069,30,0.000000000,nan,nan,0.000000000,15.428414976,8.555958048,0.134408008,0.080844038,9.489066026,0,0.400000000
29.899038315,20736,5121,0,12177,8559,15611,565,211,210,96,114,7280,8331,219,346,1.738070594,1.688117005,38.630718650,351.373767432,6.204366684,12,0.000000000,nan,nan,0.000000000,8.524801000,4.410778056,0.062408042,0.048743037,4.792284046,0,0.400000000
29.999784708,19968,5115,0,12264,7704,14849,545,191,191,79,112,7357,7492,202,343,1.553598681,1.755164340,40.671668711,229.518043612,7.491827011,33,0.000000000,nan,nan,0.000000000,14.263960009,5.824334978,0.070781040,0.076768978,6.295342988,0,0.400000000
30.099763632,20064,5225,0,12069,7995,14835,575,206,208,92,116,7083,7752,213,362,1.703474984,1.698032970,50.873919846,283.962806795,7.001161575,19,0.000000000,nan,nan,0.000000000,3.303878009,1.800631057,0.023897912,0.050069008,1.972758037,0,0.400000000
30.199698448,19776,5208,0,12102,7674,14564,554,191,188,83,105,7130,7434,212,342,1.720270249,1.736408212,44.334618846,237.760569865,7.708311081,20,0.000000000,nan,nan,0.000000000,3.115464991,1.650577993,0.020397070,0.039730046,1.785616972,0,0.400000000
30.300395250,20160,5415,0,12133,8027,14741,551,204,202,91,111,6979,7762,211,340,1.750041441,1.617821291,45.947860771,297.072691080,6.886005402,15,0.000000000,nan,nan,0.000000000,3.105212993,1.650293067,0.022503024,0.049413997,1.793391013,0,0.400000000
30.399403334,20064,5451,0,12303,7761,14609,544,197,197,100,97,7102,7507,219,325,1.774960655,1.710992987,45.136136279,326.289059330,8.331060410,25,0.000000000,nan,nan,0.000000000,6.245184981,3.502646985,0.049972965,0.129242020,3.819783044,0,0.400000000
30.504014969,19776,5519,0,12180,7596,14253,551,209,207,96,111,6893,7360,215,336,1.849539692,1.572420516,48.020968660,295.513764123,6.965160370,6,0.000000000,nan,nan,0.000000000,7.229184965,3.568479908,0.048959104,0.082261977,3.863468010,0,0.400000000
30.598865271,20160,5595,0,12443,7717,14561,550,200,211,110,101,7075,7486,226,324,1.856294412,1.672942138,49.542195181,304.747536101,7.903575897,32,0.000000000,nan,nan,0.000000000,11.550497962,5.197765946,0.068076944,0.170210958,5.619356001,0,0.400000000
30.699578285,19680,5486,0,12322,7358,14190,537,212,210,99,111,7021,7169,227,310,1.939311454,1.498077476,51.484052715,279.115621435,6.162405014,9,0.000000000,nan,nan,0.000000000,5.320035038,3.037386981,0.043692009,0.130572007,3.304379992,0,0.400000000
30.800541878,20352,5591,0,12623,7729,14757,532,200,192,100,92,7228,7529,221,311,2.008920369,1.584000598,37.284130528,336.652791715,8.724212646,28,0.000000000,nan,nan,0.000000000,14.104295988,7.457425934,0.101599027,0.158149982,8.094281016,0,0.400000000
30.899632215,19872,5660,0,12487,7385,14208,522,202,204,108,96,7017,7191,227,295,2.071720540,1.523726062,42.975826871,299.558597354,5.774974823,9,0.000000000,nan,nan,0.000000000,4.366652982,2.075111028,0.028665061,0.057010970,2.259857021,0,0.400000000
31.000958681,20064,5609,0,12643,7421,14451,541,207,202,102,100,7222,7229,226,315,2.148747662,1.505870159,41.654945001,335.633066164,8.785486221,36,0.000000000,nan,nan,0.000000000,7.038913027,3.467386996,0.050375063,0.100226025,3.792471020,0,0.400000000
31.099494457,20064,5787,0,12783,7281,14273,529,200,199,106,93,7188,7085,217,312,2.227816633,1.539944780,42.339946692,280.172100130,7.649898529,20,0.000000000,nan,nan,0.000000000,7.860429003,3.819181933,0.048969989,0.094612013,4.123280989,0,0.400000000
31.199811935,19968,5642,0,12500,7468,14322,534,198,199,99,100,7075,7247,220,314,2.292714697,1.444896211,41.271093040,319.032336484,5.816936493,5,0.000000000,nan,nan,0.000000000,7.979461981,2.882357046,0.021676999,0.027889968,3.033565998,0,0.400000000
31.300569534,19968,5547,0,12628,7340,14417,575,211,215,115,100,7272,7145,239,336,2.287537046,1.459491030,46.733703649,315.229933437,7.289171219,37,0.000000000,nan,nan,0.000000000,11.820364976,5.449118034,0.068639929,0.102709979,5.849195004,0,0.400000000
31.399086952,19680,5325,0,12324,7356,14351,568,210,208,111,97,7171,7180,238,330,2.293396526,1.415242553,42.895481909,324.861818033,6.244897842,21,0.000000000,nan,nan,0.000000000,9.956624010,4.542695009,0.054172007,0.067410991,4.894101003,0,0.400000000
31.499033928,20160,5659,0,12818,7342,14497,567,200,202,110,92,7268,7229,236,331,2.297866633,1.397550004,41.262163779,297.669445123,8.915424347,17,0.000000000,nan,nan,0.000000000,3.653193999,2.092035953,0.029232062,0.064362015,2.283998998,0,0.400000000
31.599054813,20160,5796,0,12835,7325,14360,556,195,194,108,86,7133,7227,224,332,2.304188610,1.394419540,39.724964867,306.639330894,7.101297379,12,0.000000000,nan,nan,0.000000000,12.791333022,7.146765012,0.084131083,0.111673027,7.709356025,0,0.400000000
31.699236155,20064,5629,0,12584,7480,14431,565,201,196,110,86,7029,7402,231,334,2.324234504,1.420833843,44.882287687,303.202997919,8.540391922,28,0.000000000,nan,nan,0.000000000,14.628322970,8.059179003,0.103923958,0.177384005,8.792092034,0,0.400000000
31.799406767,19968,5824,0,12793,7175,14140,552,204,196,108,88,7039,7101,229,323,2.300480212,1.452008925,44.263048558,319.617362131,6.117820740,8,0.000000000,nan,nan,0.000000000,10.026989039,4.862213973,0.061878993,0.066948007,5.232305964,0,0.400000000
31.899756432,20064,5702,0,12721,7343,14358,559,204,205,112,93,7081,7277,234,325,2.345606504,1.408092717,47.970451094,303.924307090,7.598161697,32,0.000000000,nan,nan,0.000000000,3.366590012,1.703762042,0.022880908,0.036675017,1.859722019,0,0.400000000
31.999706745,19776,5780,0,12557,7219,13992,534,201,199,107,92,6830,7162,219,315,2.300403596,1.414578182,51.371787150,294.240554938,5.789995193,6,0.000000000,nan,nan,0.000000000,10.756965959,4.987216962,0.061576953,0.530743040,5.374794011,0,0.400000000
32.098939419,20160,5695,0,12733,7427,14461,560,204,204,111,93,7091,7370,229,331,2.345331227,1.379938762,51.584044028,295.781706680,9.146690369,32,0.000000000,nan,nan,0.000000000,13.474721985,6.285846932,0.080864062,0.068147026,6.853442988,0,0.400000000
32.199519873,19872,5777,0,12607,7265,14091,573,210,221,133,88,6868,7223,243,330,2.337421868,1.370014910,56.534284973,342.777236248,7.950782776,25,0.000000000,nan,nan,0.000000000,10.762279970,4.620403051,0.062947976,0.115306000,5.007055996,0,0.400000000
32.298755646,19872,5761,0,12475,7397,14091,573,219,211,129,82,6868,7223,243,330,2.337421868,1.370014910,50.977727615,341.481364608,nan,nan,nan,nan,nan,0.000000000,8.365365036,6.042418012,0.096552947,0.191917003,6.656822981,0,0.400000000
32.399877548,20256,5955,0,13000,7256,14297,565,213,213,136,77,7074,7223,255,310,2.355535890,1.280395230,51.346658012,339.463288261,6.790637970,34,0.000000000,nan,nan,0.000000000,3.080594994,1.588555984,0.023256056,0.043524022,1.729853975,0,0.400000000
32.499122858,19968,5834,0,12656,7312,14130,543,195,201,123,78,6866,7264,261,282,2.411823649,1.231552060,46.866661078,311.873714698,6.661415100,24,0.000000000,nan,nan,0.000000000,12.902140967,4.949380993,0.061063969,0.100067991,5.343840981,0,0.400000000
32.599148512,19968,5783,0,12769,7199,14181,537,192,193,124,69,7037,7144,244,293,2.390168668,1.204068751,42.846675052,289.365201660,6.367206573,21,0.000000000,nan,nan,0.000000000,7.185416005,3.174288024,0.039655075,0.069745991,3.435219987,0,0.400000000
32.699559689,19968,5933,0,12772,7196,14031,541,199,199,118,81,6897,7134,259,282,2.425453474,1.207035992,49.523960010,298.437711822,8.129835129,20,0.000000000,nan,nan,0.000000000,4.196667986,2.306133974,0.031466014,0.076371012,2.509253041,0,0.400000000
32.799258709,19968,5766,0,12622,7346,14198,566,200,198,126,72,6911,7287,259,307,2.375815621,1.243865710,48.991877657,280.610335861,6.797552109,20,0.000000000,nan,nan,0.000000000,3.062409989,1.623061020,0.022061984,0.037328980,1.770386007,0,0.400000000
32.899264097,19968,5855,0,12675,7293,14109,550,203,199,125,74,6896,7213,255,295,2.392178353,1.236245100,48.346443483,317.062097263,8.211135864,20,0.000000000,nan,nan,0.000000000,10.231778026,3.243884014,0.021914952,0.049558992,3.403661947,0,0.400000000
32.999185085,19968,5736,0,12465,7503,14228,546,190,186,124,62,6827,7401,256,290,2.385215069,1.235936437,44.181118648,297.749979910,8.129596710,6,0.000000000,nan,nan,0.000000000,12.369564967,7.559910999,0.093718001,0.177868002,8.170085959,0,0.400000000
33.099110842,19872,5865,0,12602,7270,14003,537,187,190,128,62,6905,7098,253,284,2.351383782,1.261680398,43.601966690,313.759194595,6.065368652,15,0.000000000,nan,nan,0.000000000,12.967140006,6.467813975,0.074932002,0.124298967,6.960597006,0,0.400000000
33.198853970,20160,5844,0,12647,7513,14312,526,168,176,119,57,7039,7273,245,281,2.432280808,1.260648646,46.704115695,270.097370563,7.472276688,35,0.000000000,nan,nan,0.000000000,8.001886017,4.337330989,0.055984012,0.043342996,4.721865000,0,0.400000000
33.299473763,19392,5804,0,12218,7174,13584,538,191,185,126,59,6700,6884,250,288,2.297338978,1.261614812,46.290709420,308.746346353,7.842302322,14,0.000000000,nan,nan,0.000000000,3.520825994,1.824698003,0.023445988,0.059054990,1.986074029,0,0.400000000
33.399220943,20448,5917,0,12646,7802,14527,534,179,178,120,58,7107,7420,251,283,2.423454165,1.284510222,43.354818016,267.977097497,7.583856583,21,0.000000000,nan,nan,0.000000000,8.893862017,3.774165059,0.042606960,0.076935044,4.064482986,0,0.400000000
33.499094486,19968,5795,0,12463,7505,14169,541,193,192,132,60,7078,7091,257,284,2.294100586,1.275718204,51.826311111,280.949988817,7.341861725,28,0.000000000,nan,nan,0.000000000,8.508442959,3.409428929,0.041667023,0.124323007,3.685590986,0,0.400000000
33.599190950,20256,5896,0,12376,7880,14356,542,186,191,122,69,6918,7438,256,286,2.332253223,1.280325910,48.647676840,274.985541967,6.462574005,15,0.000000000,nan,nan,0.000000000,13.988875959,6.899973901,0.080985948,0.089699053,7.444152958,0,0.400000000
33.699580908,20064,5807,0,12380,7684,14253,537,197,194,129,65,7093,7160,252,285,2.278741066,1.328321701,50.227612437,260.363928851,7.005214691,24,0.000000000,nan,nan,0.000000000,4.284986004,2.259858942,0.030430965,0.058000966,2.456707007,0,0.400000000
33.802588224,19968,5688,0,12078,7890,14276,545,183,191,118,73,6932,7344,253,292,2.314009831,1.312032601,46.482931894,271.875063835,6.123065948,22,0.000000000,nan,nan,0.000000000,15.112367983,7.755237049,0.098216115,0.158399984,8.430368034,0,0.400000000
33.901897907,19872,5817,0,12268,7604,14051,541,187,186,124,62,7083,6968,255,286,2.261568670,1.322372483,47.166257055,252.808706364,5.818367004,2,0.000000000,nan,nan,0.000000000,10.715293000,5.394473963,0.070274051,0.170788961,5.879034987,0,0.400000000
33.998908758,20160,5836,0,12459,7701,14320,517,179,168,111,57,7230,7090,251,266,2.387225856,1.317354831,45.117034026,211.775394951,7.984161377,33,0.000000000,nan,nan,0.000000000,7.301209029,3.989134042,0.049932045,0.026192982,4.315170983,0,0.400000000
34.101190090,19584,5833,0,12081,7503,13747,546,193,195,128,67,6896,6851,260,286,2.201199960,1.324157509,48.300411936,324.254297763,6.113290787,12,0.000000000,nan,nan,0.000000000,9.200838977,4.306230054,0.053543015,0.082282990,4.652137985,0,0.400000000
34.200559616,20352,6092,0,12977,7375,14256,535,184,186,125,61,7550,6706,264,271,2.370347292,1.335322824,50.144908536,233.104825519,9.105443954,26,0.000000000,nan,nan,0.000000000,11.791229015,5.307063926,0.062813982,0.091497961,5.715228035,0,0.400000000
34.299136639,19968,5924,0,12577,7391,14040,557,189,199,130,69,7354,6686,286,271,2.257061686,1.294132304,50.816893597,295.668020169,8.838891983,26,0.000000000,nan,nan,0.000000000,8.766385028,5.062427022,0.073611038,0.125377032,5.547124019,0,0.400000000
34.400209904,20160,6042,0,12821,7339,14114,549,175,167,109,58,7484,6630,293,256,2.278066447,1.241220367,44.765817291,200.763061845,3.808021545,2,0.000000000,nan,nan,0.000000000,10.549281957,6.229784980,0.075447082,0.131073000,6.784749974,0,0.400000000
34.499641180,19872,5817,0,12689,7183,14114,549,170,173,112,61,7484,6630,293,256,2.278066447,1.241220367,43.252073350,222.040618219,nan,nan,nan,nan,nan,0.000000000,8.991463983,6.521512987,0.075304008,0.111837988,7.037012023,0,0.400000000
34.600354910,19872,5858,0,12968,6904,14114,549,174,175,113,62,7484,6630,293,256,2.278066447,1.241220367,45.028951042,225.337400057,nan,nan,nan,nan,nan,0.000000000,5.120478978,3.378803958,0.029114017,0.073092000,3.589959000,0,0.400000000
34.699654341,20256,5667,0,12803,7453,14114,549,175,176,114,62,7484,6630,293,256,2.278066447,1.241220367,43.702964273,225.540456861,nan,nan,nan,nan,nan,0.000000000,5.108258047,3.705118084,0.046061992,0.074108015,4.015153972,0,0.400000000
34.799804449,19968,5545,0,12980,6988,14114,549,175,175,114,61,7484,6630,293,256,2.278066447,1.241220367,45.874771654,223.894950083,nan,nan,nan,nan,nan,0.000000000,5.890345958,4.277291941,0.039031031,0.105230953,4.570889985,0,0.400000000
34.899640083,19776,5509,0,12605,7171,14114,549,175,176,115,61,7484,6630,293,256,2.278066447,1.241220367,46.078377820,223.961370207,nan,nan,nan,nan,nan,0.000000000,6.564384967,4.173575027,0.041582040,0.082658022,4.438850970,0,0.400000000
34.998645544,19584,5234,0,12843,6741,14114,549,176,175,115,60,7484,6630,293,256,2.278066447,1.241220367,46.070255569,223.608869786,nan,nan,nan,nan,nan,0.000000000,4.625578993,3.363008029,0.034278026,0.099092955,3.594809968,0,0.400000000
35.098823786,20640,5284,0,13148,7492,14114,549,177,177,115,62,7484,6630,293,256,2.278066447,1.241220367,46.301790140,224.220325706,nan,nan,nan,nan,nan,0.000000000,10.180933983,7.230107032,0.059417973,0.170246989,7.649191015,0,0.400000000
35.199542999,19872,4966,0,12756,7116,14114,549,177,177,115,62,7484,6630,293,256,2.278066447,1.241220367,46.330192626,224.217966514,nan,nan,nan,nan,nan,0.000000000,9.569268033,6.616292987,0.058793987,0.130066008,7.008059998,0,0.400000000
35.299359560,19872,5017,0,12647,7225,14114,549,177,177,115,62,7484,6630,293,256,2.278066447,1.241220367,46.331154984,224.208620450,nan,nan,nan,nan,nan,0.000000000,5.206669972,3.341949952,0.028808019,0.075890974,3.547436965,0,0.400000000
35.400102377,20064,4932,0,12947,7117,15128,553,129,135,70,65,8649,6479,282,271,2.076712018,1.353778026,49.179841912,246.421002878,7.450580597,22,0.000000000,nan,nan,0.000000000,8.337088977,3.903446952,0.032042095,0.335555989,4.155103990,0,0.400000000
35.503149509,20256,4961,0,12913,7343,15291,547,158,169,100,69,8523,6768,276,271,2.103260564,1.381506949,42.829710339,260.745086980,6.016254425,11,0.000000000,nan,nan,0.000000000,10.569796024,4.472663044,0.044782995,0.288342999,4.780429008,0,0.400000000
35.599818945,19968,4731,0,12831,7137,15233,544,170,170,104,66,8632,6601,269,275,2.064023620,1.421903310,38.323629110,201.363792049,7.767915726,30,0.000000000,nan,nan,0.000000000,13.630552043,6.473531015,0.061652972,0.296908023,6.931973039,0,0.400000000
35.699591398,19968,4671,0,12901,7067,15293,570,181,172,101,71,8676,6617,277,293,2.057536864,1.502064223,36.433902404,263.845059100,9.307861328,20,0.000000000,nan,nan,0.000000000,4.883405985,1.700384892,0.019911036,0.120857032,1.831705973,0,0.400000000
35.799124718,19968,4451,0,12803,7165,15513,568,174,171,102,69,8775,6738,277,291,2.036083750,1.459846282,33.224686089,129.535272631,7.814168930,20,0.000000000,nan,nan,0.000000000,7.548679016,2.927587077,0.031155010,0.124779996,3.143909969,0,0.400000000
35.899238110,20064,4375,0,13029,7035,15685,567,174,168,95,73,8987,6698,276,291,2.049877325,1.492710965,39.441748772,193.474600414,6.988525391,18,0.000000000,nan,nan,0.000000000,5.407327961,2.515520086,0.026181981,0.098277989,2.698927012,0,0.400000000
35.999705791,19968,4177,0,12781,7187,15787,577,174,166,94,72,8871,6916,273,304,2.005957433,1.478625157,36.586142325,194.544953874,7.795333862,22,0.000000000,nan,nan,0.000000000,12.569321028,7.542527979,0.076775032,0.359733996,8.078989980,0,0.400000000
36.099410057,19968,3884,0,12728,7240,16080,592,185,180,98,82,9065,7015,281,311,1.988863259,1.454334905,39.143655196,126.928570644,9.012699127,20,0.000000000,nan,nan,0.000000000,12.004158983,5.086734949,0.054853968,0.135994982,5.467760027,0,0.400000000
36.200738192,20064,3768,0,12689,7375,16292,615,179,178,100,78,9066,7226,283,332,2.002610644,1.406624672,39.730604721,216.933118629,8.717060089,19,0.000000000,nan,nan,0.000000000,12.190834037,4.518818983,0.042238040,0.113393005,4.805809993,0,0.400000000
36.299159527,19776,3182,0,12312,7464,16590,600,171,165,93,72,9210,7380,281,319,2.007339786,1.330841576,39.262490498,140.907818712,8.318901062,21,0.000000000,nan,nan,0.000000000,9.438926005,1.964039984,0.018508930,0.043597014,2.093330026,0,0.400000000
36.398905277,19968,3246,0,12406,7562,16718,598,153,148,90,58,9194,7524,275,323,2.028948112,1.305931491,31.738183610,157.988495124,6.791353226,20,0.000000000,nan,nan,0.000000000,4.757777031,2.659861930,0.025961956,0.056055025,2.878086991,0,0.400000000
36.499481201,19584,3136,0,12023,7561,16444,598,164,164,96,68,8885,7559,283,315,2.133613029,1.273163376,35.081315157,189.791929850,5.994796753,4,0.000000000,nan,nan,0.000000000,3.296021954,1.747119066,0.017815037,0.037383987,1.877968956,0,0.400000000
36.598990440,20064,3266,0,12636,7428,16794,634,173,178,100,78,9366,7428,312,322,2.084270130,1.299337699,44.140984736,276.891671614,7.115840912,34,0.000000000,nan,nan,0.000000000,16.080714995,8.427410969,0.085088075,0.210562022,8.998022007,0,0.400000000
36.698873281,19968,3402,0,12361,7607,16562,610,168,158,88,70,8955,7607,305,305,2.237946858,1.294428033,33.950083201,181.627582834,8.093118668,22,0.000000000,nan,nan,0.000000000,15.074666007,8.585611999,0.081908016,0.295003003,9.157188993,0,0.400000000
36.799152374,19584,3184,0,12047,7537,16396,619,161,171,100,71,8859,7537,349,270,2.185807623,1.310469374,40.944184746,220.724330481,5.795717239,7,0.000000000,nan,nan,0.000000000,4.048126983,1.960457070,0.018739956,0.056993973,2.102953033,0,0.400000000
36.900172710,20352,3238,0,12533,7819,17110,578,144,150,93,57,9291,7819,324,254,2.457184918,1.312489641,35.838118073,160.336194760,6.326913834,26,0.000000000,nan,nan,0.000000000,9.770174976,4.337814986,0.038284983,0.068666006,4.626040987,0,0.400000000
36.999417305,19680,3069,0,11960,7720,16607,577,142,144,91,53,8887,7720,340,237,2.427313166,1.311182073,34.033871756,136.348058709,7.931470871,12,0.000000000,nan,nan,0.000000000,8.134215022,4.179528973,0.035948935,0.028330949,4.452991008,0,0.400000000
37.099091053,19584,2922,0,11556,8028,16658,596,148,146,92,54,8630,8028,344,252,2.418049782,1.321184328,30.119054436,155.142550015,7.103681564,22,0.000000000,nan,nan,0.000000000,8.904458024,2.743161982,0.015833008,0.033315970,2.864192997,0,0.400000000
37.200560331,20352,3101,0,12502,7850,17247,580,128,133,83,50,9401,7846,337,243,2.417881620,1.334747521,30.556734430,148.608563349,9.920120239,24,0.000000000,nan,nan,0.000000000,7.403598982,3.314974951,0.024570967,0.027823029,3.520505968,0,0.400000000
37.299247742,19776,2948,0,11702,8074,16824,585,136,140,87,53,8750,8074,331,254,2.422471661,1.339125054,34.260211554,169.054516495,6.879806519,11,0.000000000,nan,nan,0.000000000,8.904063958,2.596207079,0.015394937,0.031094998,2.721552970,0,0.400000000
37.399347067,20160,2995,0,12078,8082,17161,566,126,128,80,48,9079,8082,313,253,2.380334548,1.354344087,30.797610824,107.083758560,83.328247070,5,1.000000000,nan,nan,0.000000000,13.206840958,6.295037980,0.047096983,0.092294998,6.689884001,0,0.400000000
37.499336243,19968,2889,0,11711,8257,17075,566,134,139,89,50,8821,8254,308,258,2.383773671,1.333627087,37.140764629,137.614456516,55.392742157,3,1.000000000,nan,nan,0.000000000,10.905075003,6.278662011,0.056387973,0.104753010,6.728384004,0,0.400000000
37.599278212,20064,2893,0,11745,8319,17075,566,141,138,92,46,8821,8254,308,258,2.383773671,1.333627087,37.186257035,138.471778684,nan,nan,nan,nan,nan,0.000000000,5.262366030,3.247287939,0.027454982,0.043020991,3.455986036,0,0.400000000
37.699929476,19968,2750,0,11631,8337,17075,566,138,138,92,46,8821,8254,308,258,2.383773671,1.333627087,37.252478271,140.117522629,nan,nan,nan,nan,nan,0.000000000,5.402997020,3.842759994,0.028211041,0.091310008,4.076661018,0,0.400000000
37.800339460,19968,2879,0,11726,8242,17075,566,138,139,93,46,8821,8254,308,258,2.383773671,1.333627087,37.260491088,140.793040083,nan,nan,nan,nan,nan,0.000000000,8.176636009,5.742028996,0.052076997,0.068066001,6.137218967,0,0.400000000
37.900698900,19968,2786,0,11837,8131,17178,560,142,133,85,48,9047,8131,291,269,2.329008607,1.444919727,36.686881389,105.609076419,nan,1,nan,nan,nan,0.000000000,7.771739969,4.233641026,0.042917964,0.163333956,4.552611965,0,0.400000000
37.999687910,19968,2831,0,11730,8238,17178,560,134,135,88,47,9047,8131,291,269,2.329008607,1.444919727,33.960733627,104.055404513,nan,nan,nan,nan,nan,0.000000000,7.594069990,4.928574024,0.043177046,0.032311014,5.298710021,0,0.400000000
38.099490404,19776,2778,0,11704,8072,17178,560,134,135,87,48,9047,8131,291,269,2.329008607,1.444919727,34.877641124,103.783410579,nan,nan,nan,nan,nan,0.000000000,10.244524048,7.088553975,0.067223038,0.096883974,7.551918970,0,0.400000000
38.198662281,19776,2789,0,11469,8307,16983,593,135,135,82,53,8676,8307,297,296,2.286957309,1.500366895,36.117110111,130.797591002,36.288738251,9,1.000000000,nan,nan,0.000000000,8.958262973,3.798421996,0.028961978,0.077723991,4.029149946,0,0.400000000
38.299050331,20448,2696,0,12233,8215,17748,611,150,155,92,63,9533,8215,309,302,2.263866123,1.549051632,40.574728480,168.408779317,nan,1,nan,nan,nan,0.000000000,11.274227989,5.724667979,0.060988008,0.237582950,6.171735993,0,0.400000000
38.399372578,19392,2706,0,11110,8282,16682,595,143,142,83,59,8403,8279,292,303,2.268225352,1.528956179,34.247210296,123.803350159,4.103660583,2,0.000000000,nan,nan,0.000000000,14.398688974,7.289490954,0.061445986,0.133037975,7.742973976,0,0.400000000
38.499305487,20352,2743,0,12080,8272,17605,610,145,143,87,56,9333,8272,301,309,2.230554635,1.614852106,34.641526437,114.850698854,6.373405457,12,0.000000000,nan,nan,0.000000000,9.093377972,3.675108077,0.029573042,0.086416025,3.904459998,0,0.400000000
38.601277828,19968,2649,0,11405,8563,17605,610,144,144,88,56,9333,8272,301,309,2.230554635,1.614852106,33.779885461,119.265307223,nan,nan,nan,nan,nan,0.000000000,3.523154010,2.457966912,0.020950043,0.046055997,2.615176025,0,0.400000000
38.799772978,19872,2472,0,11309,8563,17396,605,145,147,76,71,8833,8563,288,317,2.214095958,1.627455050,37.796382818,133.181225890,53.882122040,2,1.000000000,nan,nan,0.000000000,13.996586960,7.279075100,0.067754008,0.140107004,7.772698998,0,0.400000000
38.899589300,19968,2806,0,11819,8149,17396,605,150,148,77,71,8833,8563,288,317,2.214095958,1.627455050,34.407804555,134.506178691,nan,nan,nan,nan,nan,0.000000000,9.402402036,7.162058959,0.068922003,0.168681960,7.686435012,0,0.400000000
39.000136375,20064,2492,0,11595,8469,17396,605,146,144,73,71,8833,8563,288,317,2.214095958,1.627455050,33.490617359,136.017920100,nan,nan,nan,nan,nan,0.000000000,9.461073030,6.509205967,0.055007986,0.101468002,6.926412985,0,0.400000000
39.099313259,20064,2883,0,11860,8204,17396,605,144,145,74,71,8833,8563,288,317,2.214095958,1.627455050,33.882347504,139.662020589,nan,nan,nan,nan,nan,0.000000000,6.993813033,4.531748011,0.036193000,0.066061970,4.801754025,0,0.400000000
39.199042797,19776,2531,0,11410,8366,17396,605,145,146,74,72,8833,8563,288,317,2.214095958,1.627455050,34.758570678,141.334928591,nan,nan,nan,nan,nan,0.000000000,4.628730007,3.313688037,0.027478149,0.046545989,3.520992002,0,0.400000000
39.302328348,20256,2768,0,11629,8627,17484,606,142,144,73,71,8857,8627,295,311,2.161015767,1.755571094,43.129773947,123.514889785,89.820384979,4,1.000000000,nan,nan,0.000000000,7.760084991,3.421244037,0.015276019,0.047241047,3.539386962,0,0.400000000
39.399634123,19872,2453,0,11418,8454,17415,606,153,153,73,80,8965,8450,276,330,2.131063084,1.749940442,37.386662118,129.139731531,5.548715591,8,0.000000000,nan,nan,0.000000000,8.974172990,3.282872087,0.016613980,0.052771007,3.401336959,0,0.400000000
39.499272823,19872,2627,0,11419,8453,17241,597,146,142,74,68,8792,8449,280,317,2.147379249,1.752279352,34.055474388,125.140418004,9.590864182,19,0.000000000,nan,nan,0.000000000,15.536730003,8.244098048,0.073421048,0.187800964,8.815479989,0,0.400000000
39.599396706,20160,2441,0,11569,8591,17241,597,143,144,76,68,8792,8449,280,317,2.147379249,1.752279352,33.094747341,121.898601905,nan,nan,nan,nan,nan,0.000000000,6.900569017,4.548015073,0.036504993,0.110343972,4.818647983,0,0.400000000
39.699546337,19872,2611,0,11327,8545,17241,597,142,142,74,68,8792,8449,280,317,2.147379249,1.752279352,33.204375359,124.345045534,nan,nan,nan,nan,nan,0.000000000,5.222839012,3.539437021,0.027946022,0.065056025,3.750287986,0,0.400000000
39.799553156,19776,2399,0,11339,8437,17373,579,141,147,75,72,8936,8437,260,319,2.097978180,1.784316421,36.950124716,129.834283043,44.450759888,5,1.000000000,nan,nan,0.000000000,9.494203958,3.537928977,0.028948940,0.124562008,3.758501960,0,0.400000000
39.899299860,20448,2569,0,11758,8690,17875,598,144,146,77,69,9185,8690,260,338,2.118764484,1.775259447,34.865853729,139.700151286,29.634475708,4,1.000000000,nan,nan,0.000000000,14.579548966,7.259575010,0.057504047,0.143600046,7.692325977,0,0.400000000
39.999686956,19968,2427,0,11397,8571,17537,606,150,150,78,72,8970,8567,264,342,2.093112869,1.793925892,34.521053252,133.310274264,3.826856613,2,0.000000000,nan,nan,0.000000000,10.832227010,4.272840975,0.042759988,0.114191032,4.673240997,0,0.400000000
40.099895716,20064,2464,0,11119,8945,17596,604,165,159,85,74,8655,8941,261,343,2.111172126,1.779195871,42.034631953,185.835200870,5.270004272,3,0.000000000,nan,nan,0.000000000,14.303795004,7.076863025,0.067916873,0.111702015,7.550664013,0,0.400000000
40.199787378,19968,2499,0,11379,8589,17465,614,169,166,86,80,8880,8585,270,344,2.088575677,1.811523102,40.513628414,166.738026105,nan,1,nan,nan,nan,0.000000000,12.893788982,7.697591966,0.077968987,0.160639989,8.242014970,0,0.400000000
40.299665928,19968,2351,0,11059,8909,17465,614,167,164,80,84,8880,8585,270,344,2.088575677,1.811523102,40.768653603,201.105611034,nan,nan,nan,nan,nan,0.000000000,6.711085036,4.472566128,0.040123006,0.082265004,4.750663997,0,0.400000000
40.399461031,20064,2582,0,11543,8521,17465,614,165,165,81,84,8880,8585,270,344,2.088575677,1.811523102,41.647524215,202.009312046,nan,nan,nan,nan,nan,0.000000000,3.462122986,2.253591025,0.016073056,0.048592978,2.373652009,0,0.400000000
40.499762297,19968,2289,0,11133,8835,17465,614,163,164,80,84,8880,8585,270,344,2.088575677,1.811523102,40.923894959,202.370057962,nan,nan,nan,nan,nan,0.000000000,4.956851015,3.597595030,0.038643018,0.096553005,3.867273044,0,0.400000000
40.599344969,20064,2642,0,11558,8506,17465,614,164,165,81,84,8880,8585,270,344,2.088575677,1.811523102,41.389699661,202.410778935,nan,nan,nan,nan,nan,0.000000000,12.049890996,8.587901015,0.084042083,0.172589964,9.181952977,0,0.400000000
40.699646235,19968,2331,0,11230,8738,17633,633,175,176,97,79,8895,8738,323,310,2.112766921,1.804017067,46.492262124,197.310142646,6.125450134,5,0.000000000,nan,nan,0.000000000,13.050149020,4.849194025,0.018991064,0.072192983,4.979139951,0,0.400000000
40.800620317,20064,2650,0,11375,8689,17633,633,176,175,91,84,8895,8738,323,310,2.112766921,1.804017067,44.736946800,171.339182140,nan,nan,nan,nan,nan,0.000000000,5.588423985,4.465344886,0.041596999,0.090786023,4.747461004,0,0.400000000
40.899533987,19776,2307,0,11182,8594,17633,633,176,174,91,83,8895,8738,323,310,2.112766921,1.804017067,47.934655233,171.910409826,nan,nan,nan,nan,nan,0.000000000,4.828088044,3.438290965,0.029824034,0.100367004,3.644104989,0,0.400000000
41.002211571,20256,2604,0,11349,8907,17648,658,185,191,103,88,8745,8903,380,278,2.218881271,1.773846431,51.622759211,185.967361161,5.605220795,2,0.000000000,nan,nan,0.000000000,10.105253023,6.051183969,0.065101020,0.213277002,6.482114026,0,0.400000000
41.099416494,19776,2001,0,11133,8643,17771,647,155,163,97,66,9132,8639,377,270,2.226891426,1.761775546,38.435725348,177.698072351,nan,1,nan,nan,nan,0.000000000,6.428506982,3.316729038,0.030609954,0.129877997,3.538993013,0,0.400000000
41.199592590,19584,1809,0,10900,8684,17771,659,172,184,108,76,9087,8684,410,249,2.247069332,1.734622018,44.061768192,196.619239491,91.174840927,7,1.000000000,nan,nan,0.000000000,14.661414956,7.494986989,0.063793093,0.170189014,7.934038003,0,0.400000000
41.299286842,19872,2138,0,11321,8551,17771,659,173,175,101,74,9087,8684,410,249,2.247069332,1.734622018,40.982698728,178.838841693,nan,nan,nan,nan,nan,0.000000000,7.038792013,5.126013944,0.055460085,0.134278031,5.496283993,0,0.400000000
41.399272680,20064,2322,0,11412,8652,17738,615,165,166,94,72,9089,8649,373,242,2.249446375,1.756546619,34.574681548,186.752300912,19.668340683,9,1.000000000,nan,nan,0.000000000,10.232392000,4.661668034,0.040840940,0.110925990,4.955487966,0,0.400000000
41.499247074,19584,2424,0,11153,8431,17738,615,157,157,89,68,9089,8649,373,242,2.249446375,1.756546619,33.804825711,167.543819851,nan,nan,nan,nan,nan,0.000000000,4.355787009,2.982600941,0.026260037,0.053273980,3.172262979,0,0.400000000
41.598947763,20352,2326,0,11532,8820,18022,601,162,155,92,63,9202,8820,367,234,2.227423583,1.768867274,34.576087746,178.968526573,nan,1,nan,nan,nan,0.000000000,7.438176021,3.386708093,0.029766990,0.046838017,3.603576974,0,0.400000000
41.699254036,19584,2311,0,11155,8429,18022,601,157,156,93,63,9202,8820,367,234,2.227423583,1.768867274,35.314685571,178.718307604,nan,nan,nan,nan,nan,0.000000000,4.953610012,3.401782014,0.027392001,0.072842988,3.611469001,0,0.400000000
41.797340155,20448,2320,0,11425,9023,18022,601,161,162,95,67,9202,8820,367,234,2.227423583,1.768867274,39.235803710,192.179078743,nan,nan,nan,nan,nan,0.000000000,7.412757026,4.519781971,0.032542914,0.068421999,4.758366034,0,0.400000000
41.899333715,19968,2304,0,11193,8775,17660,617,174,168,93,75,8885,8775,375,242,2.247448616,1.803482162,35.857552058,184.196084154,4.658222198,2,0.000000000,nan,nan,0.000000000,5.735083017,3.428073018,0.036185025,0.118349970,3.680137044,0,0.400000000
41.999194145,19968,2251,0,11391,8577,17713,631,158,167,94,73,9136,8577,389,242,2.212603163,1.804715476,36.014237350,194.808041325,nan,1,nan,nan,nan,0.000000000,16.743151995,7.424244017,0.060419028,0.130255998,7.864732004,0,0.400000000
42.099492073,20064,2237,0,11229,8835,17713,631,172,169,93,76,9136,8577,389,242,2.212603163,1.804715476,39.615267198,201.652385019,nan,nan,nan,nan,nan,0.000000000,6.227459002,4.112477996,0.040268991,0.074893003,4.376586992,0,0.400000000
42.199484110,19968,2332,0,11358,8610,17632,611,180,176,103,73,9022,8610,376,235,2.202178833,1.812487637,40.260135745,198.787021606,23.379564285,2,1.000000000,nan,nan,0.000000000,12.199181016,7.503782981,0.078032026,0.172384025,8.024951967,0,0.400000000
42.300655127,19968,2255,0,11143,8825,17632,611,172,173,99,74,9022,8610,376,235,2.202178833,1.812487637,39.294065102,205.945333400,nan,nan,nan,nan,nan,0.000000000,8.626104973,6.286139891,0.072178023,0.131767010,6.788260012,0,0.400000000
42.399233580,19968,2349,0,11293,8675,17615,619,163,168,92,76,8944,8671,373,246,2.207248037,1.808800986,36.440432954,186.351375007,34.080028534,9,1.000000000,nan,nan,0.000000000,15.583085013,8.116645913,0.071496994,0.186602992,8.622973983,0,0.400000000
42.499197006,19392,2188,0,10676,8716,17200,633,172,171,93,78,8488,8712,376,257,2.199088045,1.800677756,32.511726130,201.319908802,29.787063599,3,1.000000000,nan,nan,0.000000000,13.481892995,6.437872071,0.056580931,0.072478957,6.816065987,0,0.400000000
42.598919153,20640,2433,0,11649,8991,18203,647,169,167,89,78,9212,8991,375,272,2.164862961,1.829052435,31.080696681,156.593799948,5.544662476,2,0.000000000,nan,nan,0.000000000,10.163040948,4.624579975,0.038254017,0.074222975,4.890081997,0,0.400000000
42.700434685,19968,2242,0,11122,8846,17722,644,170,169,91,78,8877,8845,371,273,2.134843555,1.828780447,31.335288685,190.674764278,25.830507278,2,1.000000000,nan,nan,0.000000000,14.702997985,8.962458000,0.087851950,0.149746018,9.579899954,0,0.400000000
42.799573183,19872,2390,0,11160,8712,17478,626,157,158,81,77,8770,8708,354,272,2.124042583,1.859404735,34.052587267,178.512948928,nan,1,nan,nan,nan,0.000000000,7.334561960,4.133703012,0.034230005,0.028698996,4.385823966,0,0.400000000
42.898672342,19872,2196,0,11121,8751,17672,639,177,174,96,78,8925,8747,375,264,2.082721776,1.860119880,38.144310930,188.225344564,33.860206604,3,1.000000000,nan,nan,0.000000000,15.838925028,8.460320940,0.078402983,0.096423028,8.994625008,0,0.400000000
42.999620438,20064,2440,0,11212,8852,17620,642,163,163,85,78,8772,8848,361,281,2.100748443,1.903743439,32.395025709,155.880264003,70.755958557,4,1.000000000,nan,nan,0.000000000,15.917868004,8.579368005,0.070992042,0.125318009,9.124816977,0,0.400000000
43.099145174,20160,2156,0,11421,8739,17620,642,163,161,83,78,8772,8848,361,281,2.100748443,1.903743439,31.001256020,158.247989804,nan,nan,nan,nan,nan,0.000000000,9.198110958,6.689987029,0.060430029,0.069998961,7.118679001,0,0.400000000
43.199212551,20064,2416,0,11182,8882,17620,642,163,164,85,79,8772,8848,361,281,2.100748443,1.903743439,31.421468628,160.725662911,nan,nan,nan,nan,nan,0.000000000,8.425952983,5.792780081,0.053321070,0.056335994,6.154502975,0,0.400000000
43.302555323,19776,2158,0,11086,8690,17614,653,191,176,89,87,8928,8686,368,285,1.991069827,1.952187873,34.003197639,176.631724531,2.825498581,2,0.000000000,nan,nan,0.000000000,13.782383001,7.048016996,0.050480943,0.075795979,7.471719990,0,0.400000000
43.402565002,20256,2405,0,10997,9259,17614,653,174,171,86,85,8928,8686,368,285,1.991069827,1.952187873,30.436516493,185.108568270,nan,nan,nan,nan,nan,0.000000000,3.185848997,2.175123023,0.020693988,0.034013006,2.321853011,0,0.400000000
43.501932383,19584,2097,0,11032,8552,17483,652,196,180,87,93,8935,8548,350,302,1.945818592,1.980215492,36.304643482,178.923611523,nan,1,nan,nan,nan,0.000000000,7.976393972,4.612635996,0.046745932,0.080414989,4.897734965,0,0.400000000
43.598751068,20064,2376,0,10901,9163,17684,665,193,187,91,96,8525,9159,348,317,1.973962804,2.001002934,34.963362905,174.540011338,33.416748047,2,1.000000000,nan,nan,0.000000000,6.468867010,3.102611983,0.027956965,0.051342009,3.287476022,0,0.400000000
43.698971510,20064,2113,0,10954,9110,17947,645,195,184,82,102,8841,9106,329,316,1.921264921,2.046166935,36.924478161,174.857744029,66.176652908,3,1.000000000,nan,nan,0.000000000,9.073171997,4.155916977,0.037665013,0.080507947,4.404630046,0,0.400000000
43.800166845,20064,2245,0,10941,9123,17815,638,185,185,76,109,8696,9119,319,319,1.954639240,2.056298382,34.330955901,161.551805100,23.120403290,5,1.000000000,nan,nan,0.000000000,15.706604987,8.542883967,0.082639977,0.113930029,9.075167996,0,0.400000000
43.898932695,20064,2212,0,11162,8902,17848,640,179,182,75,107,8946,8902,320,320,1.908494189,2.082700521,34.121824901,148.620391709,nan,1,nan,nan,nan,0.000000000,8.093343000,4.306301998,0.043948996,0.068659021,4.600129032,0,0.400000000
43.999263287,20064,2276,0,10996,9068,17784,648,184,190,80,110,8716,9068,316,332,1.914560047,2.092385623,37.394814441,181.687811886,31.483411789,6,1.000000000,nan,nan,0.000000000,14.133293997,7.013887924,0.061241037,0.100332021,7.414855005,0,0.400000000
44.100632191,19776,2283,0,10846,8930,17784,648,186,188,81,107,8716,9068,316,332,1.914560047,2.092385623,37.285267369,185.970464108,nan,nan,nan,nan,nan,0.000000000,4.941732972,3.324017918,0.034535013,0.139537966,3.553055984,0,0.400000000
44.198950052,20064,2252,0,10887,9177,17808,642,186,190,81,109,8631,9177,304,338,1.856616834,2.121658088,41.976373878,195.640520265,nan,1,nan,nan,nan,0.000000000,9.873230010,4.461094970,0.039956009,0.090497022,4.715021991,0,0.400000000
44.300077677,20064,2394,0,10916,9148,17666,634,200,196,80,116,8522,9144,295,339,1.852129501,2.150132896,41.296822005,182.444554903,5.572319031,2,0.000000000,nan,nan,0.000000000,13.126306003,6.053933932,0.061886909,0.094787043,6.431896007,0,0.400000000
44.401796103,19968,2241,0,10853,9115,17666,634,197,193,79,114,8522,9144,295,339,1.852129501,2.150132896,38.927143860,181.440753786,nan,nan,nan,nan,nan,0.000000000,7.037175994,5.164412083,0.062149949,0.099768979,5.557333992,0,0.400000000
44.499188662,19968,2459,0,10943,9025,17505,645,190,189,71,118,8484,9021,297,348,1.835217556,2.200022763,37.447250256,150.208129950,5.985021591,2,0.000000000,nan,nan,0.000000000,9.554574033,5.182398076,0.054541917,0.105770014,5.537941004,0,0.400000000
44.599563599,20064,2193,0,11031,9033,17505,645,190,187,70,117,8484,9021,297,348,1.835217556,2.200022763,38.797027609,182.740376476,nan,nan,nan,nan,nan,0.000000000,8.023194969,5.309358996,0.046313042,0.057798985,5.615493981,0,0.400000000
44.699702501,20064,2506,0,11073,8991,17554,647,201,191,66,125,8563,8991,297,350,1.789798817,2.228267517,36.898099148,166.811895802,5.283594131,2,0.000000000,nan,nan,0.000000000,5.804095010,2.951184986,0.030420022,0.042479020,3.142285044,0,0.400000000
44.800029993,19392,2158,0,10568,8824,17230,627,183,183,63,120,8406,8824,283,344,1.758631148,2.254717297,29.249971855,172.997060291,19.957304001,5,1.000000000,nan,nan,0.000000000,7.093793014,3.481805965,0.037669961,0.103476981,3.735752020,0,0.400000000
44.899358034,20256,2585,0,11045,9211,17667,662,196,205,80,125,8460,9207,295,367,1.764549945,2.243781141,36.334519827,231.644379346,99.864244461,2,1.000000000,nan,nan,0.000000000,10.534016998,6.219061033,0.067808025,0.135793001,6.643301982,0,0.400000000
45.000602722,20064,2191,0,11022,9042,17869,664,196,184,69,115,8827,9042,303,361,1.711427773,2.253227756,39.362980548,181.440882091,10.304927826,4,0.000000000,nan,nan,0.000000000,6.880197965,3.275735013,0.032412005,0.060340972,3.484109999,0,0.400000000
45.099542856,20352,2605,0,10880,9472,17743,648,197,196,73,123,8271,9472,292,356,1.757873130,2.226390353,41.261035424,226.943789174,10.078430176,3,0.000000000,nan,nan,0.000000000,13.550063013,6.241893978,0.080352882,0.186205027,6.707603985,0,0.400000000
45.199895144,19872,2339,0,10851,9021,17743,648,199,203,73,130,8271,9472,292,356,1.757873130,2.226390353,39.755852046,188.730898478,nan,nan,nan,nan,nan,0.000000000,9.730152960,6.018312997,0.062734005,0.113790040,6.406068977,0,0.400000000
45.299769640,19968,2556,0,10661,9307,17408,641,192,205,79,126,8105,9303,293,348,1.745820446,2.258831769,36.156400297,237.529548762,6.303310394,28,0.000000000,nan,nan,0.000000000,9.822391032,6.227492006,0.067399000,0.112688984,6.644762994,0,0.400000000
45.398925066,20064,2477,0,10893,9171,17583,657,194,188,78,110,8416,9167,297,360,1.712692769,2.282849422,34.775839407,211.628831760,6.298303604,14,0.000000000,nan,nan,0.000000000,8.730663045,2.265534073,0.021248998,0.037632999,2.399487013,0,0.400000000
45.499251842,20064,2499,0,10847,9217,17561,662,203,199,86,113,8344,9217,308,354,1.717685115,2.298274308,35.009644006,163.106799889,50.876617432,6,1.000000000,nan,nan,0.000000000,5.462550034,2.680633974,0.028269016,0.049665978,2.857809013,0,0.400000000
45.599512339,19776,2552,0,10716,9060,17561,662,199,198,84,114,8344,9217,308,354,1.717685115,2.298274308,33.965744220,194.452414670,nan,nan,nan,nan,nan,0.000000000,6.896685984,4.842418013,0.044487009,0.041519001,5.139569985,0,0.400000000
45.700555325,20064,2483,0,10828,9236,17577,666,193,194,79,115,8341,9236,299,367,1.673215426,2.327072650,35.006547405,207.023749640,7.362604141,31,0.000000000,nan,nan,0.000000000,6.080594030,2.940453007,0.027620059,0.050437986,3.122088965,0,0.400000000
45.799008608,20064,2637,0,10997,9067,17423,663,193,184,67,117,8356,9067,299,364,1.650096689,2.362715841,27.749453291,179.920924208,6.151437759,20,0.000000000,nan,nan,0.000000000,5.603890982,3.374277963,0.036318961,0.058614009,3.609291976,0,0.400000000
45.899310589,20160,2404,0,10654,9506,17752,672,183,187,67,120,8246,9506,294,378,1.671106802,2.357686693,30.133063512,173.302461577,6.168365479,18,0.000000000,nan,nan,0.000000000,7.275449985,3.837906988,0.036180951,0.067315006,4.082595988,0,0.400000000
46.000619888,19968,2551,0,10719,9249,17413,672,190,189,69,120,8168,9245,290,382,1.650156034,2.395603258,29.296575979,228.142107940,8.999586105,24,0.000000000,nan,nan,0.000000000,3.987326985,2.051262010,0.020786014,0.040668005,2.196431975,0,0.400000000
46.099463701,19872,2153,0,10584,9288,17715,671,180,185,65,120,8430,9285,291,380,1.628103500,2.406535430,31.581726651,221.222128411,nan,1,nan,nan,nan,0.000000000,3.767017974,2.058791986,0.019850966,0.060226012,2.193073975,0,0.400000000
46.199444294,19776,2151,0,10469,9307,17621,670,168,172,52,120,8317,9304,288,382,1.593844423,2.406497402,34.436477892,185.211435151,7.938623428,23,0.000000000,nan,nan,0.000000000,5.382443022,2.748410043,0.022799009,0.064002990,2.942898020,0,0.400000000
46.299492359,19776,2159,0,10591,9185,17613,678,176,176,57,119,8428,9185,293,385,1.585484793,2.444001597,34.483559851,214.899601640,7.738590240,31,0.000000000,nan,nan,0.000000000,3.809713991,2.041894943,0.019170053,0.043036009,2.172230976,0,0.400000000
46.399080276,19584,2377,0,10427,9157,17203,666,161,166,56,110,8050,9153,286,380,1.597333841,2.459114766,33.748747890,219.239674503,19.905328751,6,1.000000000,nan,nan,0.000000000,11.153276952,6.622478017,0.058546080,0.137839001,7.036487048,0,0.400000000
46.501504183,20352,2629,0,10918,9434,17719,666,185,186,65,121,8285,9434,290,376,1.564478198,2.426386178,30.532323816,239.743592015,79.984188080,6,1.000000000,nan,nan,0.000000000,8.187342959,5.141592002,0.059533049,0.156977971,5.528417008,0,0.400000000
46.599328756,19968,2528,0,10679,9289,17436,670,176,182,57,125,8150,9286,280,390,1.540615991,2.489619167,32.063126355,214.561586525,nan,1,nan,nan,nan,0.000000000,18.403131049,9.598089964,0.090261048,0.163237972,10.208486987,0,0.400000000
46.699043751,20064,2682,0,10626,9438,17436,670,182,181,58,123,8150,9286,280,390,1.540615991,2.489619167,30.876752329,222.322950378,nan,nan,nan,nan,nan,0.000000000,11.921432975,8.648094954,0.081692007,0.141135009,9.194830956,0,0.400000000
46.799137354,19968,2674,0,10738,9230,17290,695,192,185,69,116,8064,9226,298,397,1.509110824,2.477009371,34.664639250,213.494257180,49.959421158,6,1.000000000,nan,nan,0.000000000,7.100507035,4.774199100,0.044316985,0.124429003,5.062581971,0,0.400000000
46.899072170,19872,2714,0,10529,9343,17154,704,210,213,80,133,7813,9341,310,394,1.544125332,2.415720411,42.033468656,290.168167893,6.492614746,3,0.000000000,nan,nan,0.000000000,5.255110038,3.230538045,0.033371907,0.064934022,3.433799022,0,0.400000000
47.099327087,19968,2899,0,10568,9400,17065,733,185,201,77,124,7665,9400,342,391,1.509130173,2.387496897,31.597648801,282.055129240,6.050348282,5,0.000000000,nan,nan,0.000000000,9.325010004,4.808206984,0.045476016,0.153756991,5.106222990,0,0.400000000
47.199103117,20064,2987,0,10858,9206,17065,733,202,201,76,125,7665,9400,342,391,1.509130173,2.387496897,34.721329359,295.943410215,nan,nan,nan,nan,nan,0.000000000,8.472474990,5.913733039,0.062389008,0.597152044,6.317628955,0,0.400000000
47.299650908,20064,3020,0,10550,9514,17040,751,191,199,83,116,7530,9510,340,411,1.504684495,2.375862553,37.026478241,266.162464970,nan,1,nan,nan,nan,0.000000000,9.809125040,3.367285011,0.021108019,0.070523005,3.510980983,0,0.400000000
47.399390221,20160,3111,0,10782,9378,17045,738,174,185,74,111,7671,9374,341,397,1.434442370,2.405241143,32.077133715,220.982259024,nan,1,nan,nan,nan,0.000000000,14.372535981,6.955023040,0.051414070,0.124251004,7.307174033,0,0.400000000
47.499185085,19968,3176,0,10704,9264,17045,738,185,185,72,113,7671,9374,341,397,1.434442370,2.405241143,34.007275385,226.089716633,nan,nan,nan,nan,nan,0.000000000,5.970778991,4.387776018,0.041394087,0.119759992,4.683329025,0,0.400000000
47.599425316,20448,3315,0,11397,9051,17045,738,183,185,74,111,7671,9374,341,397,1.434442370,2.405241143,34.688346918,228.773285130,nan,nan,nan,nan,nan,0.000000000,6.928264047,5.058705981,0.049937982,0.130431028,5.388230027,0,0.400000000
47.700854778,19776,3170,0,10648,9128,16602,723,168,185,83,102,7474,9128,340,383,1.460765424,2.416155055,36.394444802,299.217399173,14.251947403,2,0.000000000,nan,nan,0.000000000,6.945624016,3.978007007,0.042079017,0.109430985,4.266674980,0,0.400000000
47.798869371,20256,3372,0,10979,9277,16880,711,160,163,66,97,7603,9277,331,380,1.333330376,2.432242294,28.408844227,176.441073415,25.570869446,4,1.000000000,nan,nan,0.000000000,11.925812054,7.969991013,0.065802014,0.181935029,8.442451013,0,0.400000000
47.900631666,20064,3443,0,10864,9200,16617,727,183,189,87,102,7421,9196,343,384,1.287104082,2.453232496,30.795211130,199.060830102,nan,1,nan,nan,nan,0.000000000,13.547501003,6.929263996,0.056096003,0.138265954,7.295952004,0,0.400000000
48.000645399,19680,3495,0,10823,8857,16617,727,193,195,90,105,7421,9196,343,384,1.287104082,2.453232496,34.249068033,199.727128272,nan,nan,nan,nan,nan,0.000000000,5.467779003,4.072207958,0.037682010,0.045934983,4.313857993,0,0.400000000
48.100558758,19680,3606,0,10915,8765,16070,704,193,196,95,101,7309,8761,327,377,1.198050475,2.484937069,32.627112333,193.354696245,nan,1,nan,nan,nan,0.000000000,10.783839040,7.340784010,0.072998053,0.146125036,7.811389980,0,0.400000000
48.200026035,20448,3720,0,10898,9550,16724,716,191,200,86,114,7178,9546,325,391,1.186205916,2.489269016,33.080169491,194.993958373,6.080150604,6,0.000000000,nan,nan,0.000000000,14.363654016,7.086995000,0.061476021,0.095752010,7.485448034,0,0.400000000
48.298875332,20160,3774,0,11299,8861,16382,689,193,188,86,102,7521,8861,311,378,1.180579906,2.498560087,30.798537294,188.217062468,5.716323853,2,0.000000000,nan,nan,0.000000000,12.368000986,7.866446045,0.075547025,0.095809984,8.348626958,0,0.400000000
48.399040937,19872,3818,0,10860,9012,16050,696,183,189,85,104,7038,9012,320,376,1.146659276,2.499250535,28.482669014,192.776096098,nan,1,nan,nan,nan,0.000000000,14.671467012,7.958709029,0.063829997,0.111347006,8.398129023,0,0.400000000
48.498497009,20256,3926,0,11275,8981,16326,677,177,184,91,93,7345,8981,313,364,1.104770552,2.515151437,31.273077606,188.867423091,6.085634232,13,0.000000000,nan,nan,0.000000000,9.360841999,4.398596007,0.038786908,0.107825035,4.667745961,0,0.400000000
48.600530624,19968,4005,0,10862,9106,15959,676,192,183,79,104,6857,9102,300,376,1.120519999,2.502133441,29.536177566,183.043661555,nan,1,nan,nan,nan,0.000000000,15.108679014,8.575138985,0.077594887,0.144045043,9.094761976,0,0.400000000
48.699447632,20064,3968,0,11031,9033,16092,657,180,172,83,89,7063,9029,302,355,1.098209909,2.525550662,28.502421002,176.202958642,nan,1,nan,nan,nan,0.000000000,15.687325969,9.192356956,0.082948012,0.176172995,9.750243975,0,0.400000000
48.799282789,20064,4182,0,10921,9143,16092,657,168,172,81,91,7063,9029,302,355,1.098209909,2.525550662,29.354252313,184.837579851,nan,nan,nan,nan,nan,0.000000000,6.373916985,4.359792976,0.037692022,0.051784969,4.608193005,0,0.400000000
48.900515318,19968,4353,0,11154,8814,15611,668,165,175,88,87,6797,8814,308,360,1.114072692,2.525219397,25.698101958,152.041922142,14.350175858,2,0.000000000,nan,nan,0.000000000,7.599624048,5.021735036,0.047060021,0.120770012,5.345977028,0,0.400000000
48.999650240,19488,4597,0,10889,8599,14887,662,169,174,81,93,6288,8599,302,360,1.084943091,2.505090209,32.481120768,153.571580395,nan,1,nan,nan,nan,0.000000000,13.806039002,7.657200040,0.060953025,0.111943984,8.086493996,0,0.400000000
49.099404812,20544,4934,0,11567,8977,15606,678,168,171,78,93,6633,8973,312,366,1.163383435,2.545024594,26.314512260,134.317961893,79.997301102,6,1.000000000,nan,nan,0.000000000,13.935344003,7.512215991,0.056260906,0.103892002,7.908176980,0,0.400000000
49.200035572,19776,4998,0,11013,8763,14774,682,179,171,89,82,6011,8763,312,370,1.173995264,2.529317864,29.124066904,142.235476035,nan,1,nan,nan,nan,0.000000000,6.626929971,3.529610985,0.029665011,0.058282982,3.728021984,0,0.400000000
49.300291538,20160,5283,0,11519,8641,14873,670,176,179,92,87,6232,8641,314,356,1.138556656,2.542403170,29.966980355,150.717746806,149.819850922,4,1.000000000,nan,nan,0.000000000,14.533122012,8.044228016,0.070618000,0.128637999,8.508626022,0,0.400000000
49.398917437,20064,5524,0,11327,8737,14536,656,178,181,93,88,5810,8726,311,345,1.207252048,2.513017365,32.253609751,159.557002393,nan,1,nan,nan,nan,0.000000000,14.240254008,7.414651045,0.056669931,0.219618028,7.794812962,0,0.400000000
49.499732494,19776,5483,0,11269,8507,14536,656,182,183,95,88,5810,8726,311,345,1.207252048,2.513017365,32.313986182,164.443960828,nan,nan,nan,nan,nan,0.000000000,4.986793967,3.488043963,0.036298996,0.077071018,3.730403027,0,0.400000000
49.598885775,19776,5758,0,11452,8324,14536,656,183,183,95,88,5810,8726,311,345,1.207252048,2.513017365,32.509367654,164.489240827,nan,nan,nan,nan,nan,0.000000000,8.033664024,6.098746962,0.058242003,0.114203955,6.457192008,0,0.400000000
49.699092150,19872,5765,0,11477,8395,14103,654,170,188,100,88,5810,8293,329,325,1.262088524,2.538942088,26.576979132,171.426808236,35.645008087,7,1.000000000,nan,nan,0.000000000,9.024159983,4.073464952,0.035967969,0.048048038,4.315926984,0,0.400000000
49.797864914,20256,6095,0,11830,8426,14103,654,180,174,94,80,5810,8293,329,325,1.262088524,2.538942088,26.016618950,148.847908372,nan,nan,nan,nan,nan,0.000000000,8.068151015,6.777873030,0.073282921,0.204733980,7.256831974,0,0.400000000
49.899616718,20064,5976,0,11642,8422,14084,668,171,161,86,75,5879,8205,337,331,1.339449901,2.557974743,23.014942811,112.648011084,124.923467636,3,1.000000000,nan,nan,0.000000000,5.123495997,3.289063985,0.030515017,0.075044984,3.502331965,0,0.400000000
49.999307394,20256,6174,0,12318,7938,14084,668,167,168,89,79,5879,8205,337,331,1.339449901,2.557974743,29.141877059,113.095319889,nan,nan,nan,nan,nan,0.000000000,6.599274988,4.831505008,0.039456005,0.057487050,5.107311998,0,0.400000000
50.099473000,19968,6206,0,12039,7929,13758,614,157,158,90,68,6160,7598,328,286,1.405251295,2.530556763,31.861683223,117.540446124,nan,1,nan,nan,nan,0.000000000,13.605344982,8.223128971,0.060972990,0.140840013,8.648466028,0,0.400000000
50.200882435,20064,6359,0,12289,7775,13701,630,147,155,80,75,6274,7427,348,282,1.366112162,2.534241905,20.331056959,115.950899704,nan,1,nan,nan,nan,0.000000000,10.302707960,4.854842962,0.026718073,0.041694031,5.059658026,0,0.400000000
50.300486088,19968,6490,0,12065,7903,13474,615,149,161,87,74,5978,7496,335,280,1.407460838,2.519253277,27.219564448,102.255989562,49.426317215,5,1.000000000,nan,nan,0.000000000,13.380674005,8.478485048,0.075026997,0.179972034,9.033270995,0,0.400000000
50.399012804,19680,6205,0,11944,7736,13471,600,157,157,93,64,6078,7393,340,260,1.268517012,2.535986003,28.826191069,96.173371513,6.031751633,2,0.000000000,nan,nan,0.000000000,8.863280003,2.896734979,0.017412996,0.050576986,3.023473022,0,0.400000000
50.497346878,20352,6833,0,12270,8082,13471,600,154,154,93,61,6078,7393,340,260,1.268517012,2.535986003,28.087464356,95.337361749,nan,nan,nan,nan,nan,0.000000000,6.208756007,4.367867950,0.035219011,0.075760996,4.629261966,0,0.400000000
50.599274635,18816,6230,0,11461,7355,13471,600,154,153,94,59,6078,7393,340,260,1.268517012,2.535986003,27.191155281,94.756639780,nan,nan,nan,nan,nan,0.000000000,6.514186971,4.824034986,0.043057953,0.086145999,5.145622999,0,0.400000000
50.699923038,20640,6933,0,12559,8081,13703,593,157,153,90,63,6000,7703,344,249,1.393751224,2.535932673,24.028767579,105.888492705,4.225015640,2,0.000000000,nan,nan,0.000000000,6.061067979,3.394840984,0.030720024,0.090525020,3.615794994,0,0.400000000
50.799612761,20544,6891,0,12214,8330,13703,593,150,153,88,65,6000,7703,344,249,1.393751224,2.535932673,24.246301900,108.592709354,nan,nan,nan,nan,nan,0.000000000,11.820968008,8.781223965,0.080991944,0.150809996,9.363764024,0,0.400000000
50.899570227,19680,6928,0,12028,7652,12748,556,116,136,75,61,5506,7242,311,245,1.293494199,2.546396514,20.265603810,106.997292946,nan,1,nan,nan,nan,0.000000000,7.364825986,4.627809976,0.037119957,0.165887992,4.942897009,0,0.400000000
50.998935938,20256,6894,0,12273,7983,13358,568,146,144,82,62,5843,7515,320,248,1.360178626,2.568018993,24.785216048,90.416905628,26.051521301,3,1.000000000,nan,nan,0.000000000,5.399090995,3.105271026,0.028265989,0.107741973,3.317622992,0,0.400000000
51.099281073,20064,7021,0,12224,7840,13039,556,144,139,79,60,5672,7367,309,247,1.276870568,2.562798639,16.893842383,107.803949662,nan,1,nan,nan,nan,0.000000000,11.050014000,5.316812079,0.042556028,0.089397014,5.646757956,0,0.400000000
51.199024200,19968,6956,0,12062,7906,13008,579,143,142,87,55,5558,7450,322,257,1.298921006,2.557452607,26.701290516,94.363827821,70.018053055,2,1.000000000,nan,nan,0.000000000,5.700242007,3.134811006,0.025955960,0.038744009,3.335620975,0,0.400000000
51.299666882,19968,6992,0,12102,7866,13008,579,137,130,79,51,5558,7450,322,257,1.298921006,2.557452607,21.923213337,94.181364290,nan,nan,nan,nan,nan,0.000000000,5.332571047,3.918600036,0.044562039,0.023066998,4.280421010,0,0.400000000
51.398901463,19968,7084,0,12178,7790,13008,579,130,133,79,54,5558,7450,322,257,1.298921006,2.557452607,23.226882664,96.553895285,nan,nan,nan,nan,nan,0.000000000,7.501800021,5.630818021,0.048558926,0.093401002,6.027477037,0,0.400000000
51.498864412,19104,6787,0,11524,7580,12313,574,150,138,88,50,5253,7060,324,250,1.313097486,2.543694245,22.757816755,107.499317563,3.890275955,2,0.000000000,nan,nan,0.000000000,10.493288981,4.551233025,0.040506013,0.055808981,4.843655974,0,0.400000000
51.600515842,20928,7776,0,13047,7881,13148,603,154,153,91,62,5728,7420,346,257,1.365568201,2.586257014,20.946538302,130.239835589,nan,1,nan,nan,nan,0.000000000,3.079098999,1.846807951,0.017486978,0.046907051,1.978431013,0,0.400000000
51.698906183,20064,7439,0,12221,7843,12621,590,143,135,84,51,5321,7300,333,257,1.452863713,2.550150447,20.219805518,94.546359459,34.552335739,28,1.000000000,nan,nan,0.000000000,13.118239993,8.332078927,0.067882065,0.099613972,8.855965978,0,0.400000000
51.799504757,19968,7596,0,12523,7445,12368,613,146,150,88,62,5449,6919,346,267,1.464385547,2.615097938,22.747408395,114.786433309,5.594015121,5,0.000000000,nan,nan,0.000000000,13.865305053,8.670639014,0.069871952,0.139426964,9.195990977,0,0.400000000
51.900618076,20064,7748,0,12598,7466,12368,613,150,151,87,64,5449,6919,346,267,1.464385547,2.615097938,23.620880209,122.196429833,nan,nan,nan,nan,nan,0.000000000,9.152885992,6.742715079,0.048511021,0.059490034,7.102670032,0,0.400000000
51.999801636,19872,7739,0,12625,7247,12368,613,151,150,87,63,5449,6919,346,267,1.464385547,2.615097938,23.071298897,122.930878034,nan,nan,nan,nan,nan,0.000000000,6.411516981,5.015294009,0.047866022,0.084633008,5.368961021,0,0.400000000
52.098842382,20064,7960,0,12742,7322,12368,613,149,150,87,63,5449,6919,346,267,1.464385547,2.615097938,23.071298898,122.817318424,nan,nan,nan,nan,nan,0.000000000,10.557037021,8.344869071,0.057851896,0.114517985,8.788088977,0,0.400000000
52.199299574,19488,7872,0,12412,7076,11612,589,145,145,85,60,5255,6357,329,260,1.348025188,2.610418663,18.520703124,102.179592033,nan,1,nan,nan,nan,0.000000000,12.477024982,7.985920063,0.069801928,0.088614004,8.493049012,0,0.400000000
52.298787117,20544,8346,0,13168,7376,12194,595,143,152,87,65,5565,6629,339,256,1.597200673,2.607223247,21.666865511,95.196926263,25.613069534,6,1.000000000,nan,nan,0.000000000,8.941570006,4.381577077,0.016595004,0.030927011,4.510488012,0,0.400000000
52.399619818,19968,8281,0,12819,7149,11683,578,150,148,87,61,5337,6346,318,260,1.481323688,2.599278339,22.929941109,86.639642685,nan,1,nan,nan,nan,0.000000000,4.613990954,2.562406939,0.021978864,0.034450029,2.725184022,0,0.400000000
52.498970985,19872,8288,0,12741,7131,11580,554,145,132,78,54,5203,6377,312,242,1.577227008,2.576615881,23.291236679,68.449228510,54.456233978,9,1.000000000,nan,nan,0.000000000,13.517075975,8.016718028,0.070656999,0.122847967,8.589811041,0,0.400000000
52.599380493,20160,8505,0,12911,7249,11580,554,138,139,84,55,5203,6377,312,242,1.577227008,2.576615881,22.966556014,76.311394472,nan,nan,nan,nan,nan,0.000000000,6.038488995,4.133089911,0.031539006,0.059651036,4.399916041,0,0.400000000
52.699494600,19968,8448,0,12873,7095,11516,555,136,145,87,58,5239,6277,307,248,1.621415727,2.592378685,28.073351430,83.607834433,nan,1,nan,nan,nan,0.000000000,5.076616013,3.403283074,0.032084004,0.065516972,3.645478981,0,0.400000000
52.799068689,20064,8528,0,12939,7125,11532,607,157,157,97,60,5264,6268,352,255,1.680042675,2.614426944,28.360586555,102.650617869,74.469089508,3,1.000000000,nan,nan,0.000000000,13.630924979,8.804150973,0.080839032,0.187222962,9.384896024,0,0.400000000
52.899848461,20064,8625,0,13164,6900,11532,607,157,154,93,61,5264,6268,352,255,1.680042675,2.614426944,23.166737050,99.570762281,nan,nan,nan,nan,nan,0.000000000,6.756625022,4.933254968,0.039387902,0.067201967,5.219032988,0,0.400000000
53.001924038,19584,8427,0,12740,6844,11153,583,159,151,87,64,5164,5989,330,253,1.812501948,2.562173153,27.487261035,111.780899287,60.178518295,5,1.000000000,nan,nan,0.000000000,3.727279021,2.227014047,0.021347951,0.044799992,2.384550986,0,0.400000000
53.100556374,20352,8729,0,13433,6919,11619,565,159,156,86,70,5598,6021,322,243,1.689119407,2.572303533,26.046020679,119.798947234,14.480590820,5,0.000000000,nan,nan,0.000000000,11.998149974,7.762762019,0.076330034,0.184229983,8.303203969,0,0.400000000
53.199552298,19968,8522,0,13050,6918,11442,575,149,153,83,70,5432,6010,328,247,1.733729106,2.495718085,24.898342886,92.633412494,nan,1,nan,nan,nan,0.000000000,7.551495044,3.516379045,0.030644995,0.079590012,3.742675995,0,0.400000000
53.300050497,20064,8705,0,13317,6747,11442,575,155,154,85,69,5432,6010,328,247,1.733729106,2.495718085,25.358953255,94.521052149,nan,nan,nan,nan,nan,0.000000000,7.248061011,5.706625932,0.056876976,0.110536988,6.127088971,0,0.400000000
53.400548935,19872,8482,0,13072,6800,11442,575,155,155,85,70,5432,6010,328,247,1.733729106,2.495718085,26.239798653,94.891608289,nan,nan,nan,nan,nan,0.000000000,7.862620987,6.121938932,0.036009063,0.026067020,6.399565027,0,0.400000000
53.498980045,20064,8607,0,13290,6774,11453,580,155,150,87,63,5590,5863,333,247,1.800030568,2.189983296,23.654909791,92.758729416,nan,1,nan,nan,nan,0.000000000,8.456199954,5.391214974,0.054193952,0.043591950,5.773365032,0,0.400000000
53.599434853,19680,8371,0,13013,6667,11453,580,147,148,88,60,5590,5863,333,247,1.800030568,2.189983296,22.558307546,106.893718742,nan,nan,nan,nan,nan,0.000000000,9.978946007,7.757593994,0.044606044,0.049539958,8.182758989,0,0.400000000
53.701451063,20064,8585,0,13330,6734,11475,589,158,143,78,65,5610,5865,338,251,1.853747727,1.784641720,17.232570474,90.797927213,76.016902924,3,1.000000000,nan,nan,0.000000000,8.643302019,4.469298990,0.016631966,0.042483967,4.596479004,0,0.400000000
53.801144123,20064,8411,0,13091,6973,11649,605,156,159,86,73,5484,6165,334,271,2.299862873,1.767876959,23.105203560,95.361908118,nan,1,nan,nan,nan,0.000000000,13.686571969,8.548093028,0.075254997,0.124626036,9.100543044,0,0.400000000
53.901006460,20160,8717,0,13387,6773,11649,605,159,162,87,75,5484,6165,334,271,2.299862873,1.767876959,25.347854936,101.084510337,nan,nan,nan,nan,nan,0.000000000,6.752483023,4.634175042,0.040910032,0.062453968,4.912777978,0,0.400000000
53.999114752,20064,8538,0,13262,6802,11522,604,161,168,92,76,5549,5973,339,265,2.778242759,1.686126004,27.808110233,94.629467094,15.541076660,3,1.000000000,nan,nan,0.000000000,5.336423987,3.193687007,0.025652058,0.053026015,3.387456993,0,0.400000000
54.099763393,19968,8582,0,13291,6677,11382,631,167,172,99,73,5567,5815,365,266,2.617434033,1.714450991,26.349355163,107.253317487,nan,1,nan,nan,nan,0.000000000,8.758342999,5.283205013,0.051381940,0.035078963,5.635176960,0,0.400000000
54.199111462,19968,8683,0,13307,6661,11281,599,168,163,92,71,5498,5783,356,243,2.705324890,1.623135842,20.684037380,114.844809484,4.683971405,2,0.000000000,nan,nan,0.000000000,12.190081994,7.050996122,0.061750005,0.119169999,7.482881949,0,0.400000000
54.299099207,20064,8875,0,13490,6574,11185,617,171,170,98,72,5627,5558,371,246,2.743617659,1.633307605,23.479464891,121.752426402,24.273157120,14,1.000000000,nan,nan,0.000000000,10.082879977,5.210155912,0.048001995,0.069621019,5.544757005,0,0.400000000
54.399158001,19776,8597,0,13403,6373,11175,614,173,179,98,81,5733,5442,380,234,2.701240676,1.563245438,24.705580044,144.736858084,19.872188568,3,1.000000000,nan,nan,0.000000000,8.056471008,4.051564960,0.038221944,0.068162975,4.311834986,0,0.400000000
54.501569271,20256,8813,0,13530,6726,11439,604,156,165,101,64,5847,5592,391,213,2.709048834,1.433978500,21.775079161,106.201250039,3.836870193,2,0.000000000,nan,nan,0.000000000,7.367305981,4.065062967,0.036252954,0.061061000,4.322028952,0,0.400000000
54.600734234,19968,8674,0,13524,6444,11439,604,164,162,100,62,5847,5592,391,213,2.709048834,1.433978500,22.847250159,98.946075617,nan,nan,nan,nan,nan,0.000000000,4.616573977,3.557494958,0.035527046,0.067165995,3.807583998,0,0.400000000
54.699612856,19776,8502,0,13312,6464,11439,604,163,165,101,64,5847,5592,391,213,2.709048834,1.433978500,23.716839219,102.266259881,nan,nan,nan,nan,nan,0.000000000,7.755528030,5.994157051,0.062001927,0.086850021,6.416222022,0,0.400000000
54.800056934,20160,8644,0,13620,6540,11512,599,170,157,89,68,5944,5568,371,228,2.747791781,1.351236692,19.339522247,128.246525156,60.010671616,3,1.000000000,nan,nan,0.000000000,10.482406011,7.331083936,0.076953962,0.130578002,7.876987045,0,0.400000000
54.898928165,20064,8553,0,13555,6509,11512,599,154,157,85,72,5944,5568,371,228,2.747791781,1.351236692,20.219932883,131.368263084,nan,nan,nan,nan,nan,0.000000000,8.196251001,6.216009031,0.048957008,0.028187991,6.576325046,0,0.400000000
54.999275446,19872,8509,0,13532,6340,11359,611,164,165,87,78,5981,5378,386,225,2.758496161,1.268439389,24.213493798,139.079520728,5.722761154,2,0.000000000,nan,nan,0.000000000,13.228152995,8.740909980,0.114109018,0.105503015,9.741773945,0,0.400000000
55.098822832,20064,8441,0,13580,6484,11619,625,144,148,82,66,6132,5487,400,225,2.817305871,1.221509735,16.652002120,98.996545681,74.414730072,5,1.000000000,nan,nan,0.000000000,6.228916987,4.157203948,0.039545994,0.120510056,4.456355004,0,0.400000000
55.199048996,19776,8342,0,13397,6379,11619,625,151,152,86,66,6132,5487,400,225,2.817305871,1.221509735,19.599130399,100.809618809,nan,nan,nan,nan,nan,0.000000000,9.820939973,7.291036018,0.058209000,0.172745960,7.747083029,0,0.400000000
55.299701452,20256,8546,0,13777,6479,11706,623,168,172,96,76,6194,5512,399,224,2.826108813,1.182485946,24.498044751,112.772150484,nan,1,nan,nan,nan,0.000000000,12.733401032,8.610402991,0.082664017,0.127140025,9.182462993,0,0.400000000
55.399651766,19968,8166,0,13470,6498,11798,623,154,155,95,60,6282,5516,405,218,2.770734885,1.158283635,19.480763253,92.836148493,nan,1,nan,nan,nan,0.000000000,8.499110991,3.272042959,0.016626087,0.036174024,3.395401989,0,0.400000000
55.499407530,20064,8162,0,13405,6659,11898,621,159,162,92,70,6106,5792,396,225,2.855297276,1.135725714,21.461116398,108.967435038,nan,1,nan,nan,nan,0.000000000,11.761790025,8.414726937,0.081911974,0.123363978,8.991217997,0,0.400000000
55.599298239,19872,8011,0,13414,6458,11857,622,149,151,95,56,6311,5546,405,217,2.807915590,1.133619877,20.558136684,96.359395604,25.486230850,8,1.000000000,nan,nan,0.000000000,11.127946957,6.183873047,0.045703026,0.079707999,6.519154005,0,0.400000000
55.698925734,20064,8090,0,13421,6643,11970,646,167,174,105,69,6151,5819,406,240,2.905736853,1.148572618,26.447763711,123.137037315,21.425485611,21,1.000000000,nan,nan,0.000000000,8.256543020,4.341578984,0.036696962,0.079135003,4.602338013,0,0.400000000
55.799521208,19968,7923,0,13394,6574,12041,626,162,160,96,64,6366,5675,399,227,2.871686453,1.137390862,22.560186307,112.588377648,nan,1,nan,nan,nan,0.000000000,6.676292978,3.626316960,0.029744988,0.055733020,3.837572003,0,0.400000000
55.899406910,20064,8022,0,13605,6459,12038,639,165,170,97,73,6363,5675,410,229,2.933338877,1.120391929,23.830124696,147.710039372,nan,1,nan,nan,nan,0.000000000,7.204499969,3.891726083,0.028010982,0.029471004,4.101258004,0,0.400000000
55.999405146,19776,7702,0,13264,6512,12038,639,174,173,99,74,6363,5675,410,229,2.933338877,1.120391929,23.786929775,147.312835515,nan,nan,nan,nan,nan,0.000000000,4.600467975,3.395116946,0.031181029,0.038026948,3.602434997,0,0.400000000
56.199293137,19392,7081,0,12881,6511,12307,617,165,162,100,62,6567,5740,409,208,2.940614622,1.058121191,19.843129154,127.023307550,60.634613037,7,1.000000000,nan,nan,0.000000000,13.616190990,8.554826025,0.078537036,0.092133996,9.089769039,0,0.400000000
56.296300173,20640,7973,0,14007,6633,12663,643,177,181,112,69,6842,5821,423,220,2.896073447,1.075971216,19.174965937,162.164743981,95.216751099,4,1.000000000,nan,nan,0.000000000,9.899449011,5.076445057,0.045412977,0.064620050,5.381850991,0,0.400000000
56.399497032,19776,7240,0,13296,6480,12532,641,179,177,110,67,6821,5711,427,214,2.938749365,1.049825681,20.572229697,151.764546613,7.317304611,3,0.000000000,nan,nan,0.000000000,7.592672016,5.926837912,0.068283000,0.098144985,6.389767048,0,0.400000000
56.499019861,20352,7652,0,13801,6551,12532,641,173,176,109,67,6821,5711,427,214,2.938749365,1.049825681,20.677607608,153.950358979,nan,nan,nan,nan,nan,0.000000000,11.925726023,9.290251066,0.089064008,0.108470966,9.890806046,0,0.400000000
56.600538731,19968,7356,0,13555,6413,12608,647,169,174,111,63,6921,5687,433,214,2.952303204,1.044873680,20.853251065,124.561255927,nan,1,nan,nan,nan,0.000000000,9.497482970,4.254257947,0.018268998,0.039039995,4.383029998,0,0.400000000
56.699548483,19872,7301,0,13376,6496,12567,651,168,168,100,68,6869,5698,436,215,2.930432737,1.038251883,18.988773115,149.594504362,nan,1,nan,nan,nan,0.000000000,6.599780987,4.409487010,0.046550937,0.122724043,4.735319002,0,0.400000000
56.799000025,19776,7263,0,13611,6165,12509,660,173,174,107,67,6995,5514,442,218,2.933409769,1.032296494,23.128817803,124.779736019,nan,1,nan,nan,nan,0.000000000,14.714655001,8.947956958,0.080474943,0.083621009,9.498576983,0,0.400000000
56.901372910,20256,7230,0,13497,6759,13022,661,181,178,111,67,6975,6047,435,226,2.920454336,1.065546350,21.874915430,138.314117259,44.808387756,4,1.000000000,nan,nan,0.000000000,14.398114989,8.697510988,0.084740925,0.151912973,9.277481004,0,0.400000000
56.999554634,19968,7093,0,13562,6406,12871,670,174,177,109,68,7135,5736,441,229,2.902637707,1.039971623,26.701360814,161.997811459,64.255237579,4,1.000000000,nan,nan,0.000000000,14.097289997,8.284182928,0.071388960,0.090716989,8.760548022,0,0.400000000
57.099465132,19968,6994,0,13406,6562,12970,669,179,184,110,74,7050,5920,435,234,2.909801558,1.051793455,22.981884712,173.421492641,6.462574005,4,0.000000000,nan,nan,0.000000000,9.768773976,6.061662978,0.053951109,0.077004952,6.405815016,0,0.400000000
57.198864698,20064,6845,0,13567,6497,13215,687,197,188,114,74,7372,5843,441,246,2.900817105,1.064707955,23.073531711,172.042233806,30.031204224,8,1.000000000,nan,nan,0.000000000,8.768394997,4.930414085,0.052750926,0.092421018,5.271378031,0,0.400000000
57.299538851,19968,6732,0,13251,6717,13232,680,190,192,115,77,7128,6104,431,249,2.912226282,1.080971290,26.418681170,166.215710328,nan,1,nan,nan,nan,0.000000000,6.206231017,4.518202972,0.052173040,0.063478015,4.861826019,0,0.400000000
57.398969412,20064,6788,0,13373,6691,13272,693,180,188,110,78,7227,6045,440,253,2.893418206,1.109393072,26.444690672,173.949659053,nan,1,nan,nan,nan,0.000000000,14.383653004,8.787392930,0.075725024,0.109998975,9.282340994,0,0.400000000
57.499142647,19968,6574,0,13099,6869,13390,675,190,188,110,78,7123,6267,427,248,2.932089756,1.113359815,27.628895316,173.690246032,38.840532303,9,1.000000000,nan,nan,0.000000000,7.640562020,4.107329994,0.046389934,0.083248015,4.405395011,0,0.400000000
57.598942280,19872,6536,0,13097,6775,13332,667,195,196,115,81,7157,6175,427,240,2.908006465,1.160596854,29.287467530,214.709311546,6.721019745,7,0.000000000,nan,nan,0.000000000,12.375196966,8.014540072,0.078335113,0.094458985,8.519685012,0,0.400000000
57.701205492,20160,6503,0,13136,7024,13653,664,196,201,111,90,7164,6489,420,244,2.932304083,1.114436614,29.289570367,205.840481110,9.431123734,25,0.000000000,nan,nan,0.000000000,14.778680983,9.154351021,0.094662129,0.091183989,9.784221009,0,0.400000000
57.799088001,19968,6437,0,13043,6925,13527,672,190,183,107,76,7182,6345,436,236,2.918135136,1.146900994,24.368627223,187.857045115,76.033830643,8,1.000000000,nan,nan,0.000000000,13.930267014,9.656093025,0.093189010,0.109022018,10.242125019,0,0.400000000
57.899325609,19488,6296,0,13006,6482,13527,672,174,173,104,69,7182,6345,436,236,2.918135136,1.146900994,20.829932981,180.701665535,nan,nan,nan,nan,nan,0.000000000,7.244463020,5.459773820,0.047139940,0.054769975,5.783456028,0,0.400000000
57.998840332,20544,6355,0,13188,7356,14185,699,183,193,116,77,7347,6838,458,241,2.928833533,1.128434711,23.740310350,206.974289733,nan,1,nan,nan,nan,0.000000000,7.622622012,4.918234015,0.050635019,0.326557027,5.244048021,0,0.400000000
58.099097013,19968,6201,0,13085,6883,13763,715,181,197,117,80,7368,6395,458,257,2.934493683,1.146490299,27.456775061,232.631675337,4.710912704,2,0.000000000,nan,nan,0.000000000,15.157252026,10.057263891,0.098756980,0.201960036,10.721914994,0,0.400000000
58.199685097,19776,6028,0,12714,7062,13763,715,195,196,115,81,7368,6395,458,257,2.934493683,1.146490299,27.187991368,223.308980861,nan,nan,nan,nan,nan,0.000000000,7.798675972,5.155510036,0.021009007,0.027836009,5.298484990,0,0.400000000
58.299621820,20160,5989,0,13247,6913,14167,694,180,191,108,83,7690,6477,446,248,2.946082411,1.125798419,26.338867012,244.299628351,2.836227417,2,0.000000000,nan,nan,0.000000000,7.695679029,4.521665047,0.045830966,0.072547002,4.821756040,0,0.400000000
58.398983479,19488,5904,0,12360,7128,13580,692,186,183,107,76,6898,6682,443,249,2.889732277,1.134004831,24.968781892,205.840629837,nan,1,nan,nan,nan,0.000000000,6.103440013,3.650184022,0.034791010,0.065335014,3.880460979,0,0.400000000
58.496501684,20544,5737,0,13402,7142,14803,693,201,196,113,83,8075,6728,443,250,2.916447521,1.117550699,31.730814609,213.107541196,26.479482651,10,1.000000000,nan,nan,0.000000000,6.555347994,4.183134995,0.047390989,0.067910994,4.482087039,0,0.400000000
58.599113226,20064,5693,0,12740,7324,14367,711,185,189,111,78,7458,6909,461,250,2.929812827,1.148272205,29.850358446,212.669378421,55.745363235,3,1.000000000,nan,nan,0.000000000,6.517723028,3.468693991,0.030947034,0.049933034,3.671887971,0,0.400000000
58.701643467,19968,5421,0,12719,7249,14543,723,206,197,119,78,7712,6831,458,265,2.915274966,1.171261705,29.278224690,245.998517357,48.052549362,3,1.000000000,nan,nan,0.000000000,10.507582978,4.748750071,0.022099994,0.034659985,4.890493001,0,0.400000000
58.799515724,19968,5317,0,12560,7408,14647,731,201,200,118,82,7642,7005,466,265,2.920506729,1.195894201,31.274093010,249.476086967,12.287855148,7,0.000000000,nan,nan,0.000000000,10.455515992,5.591657013,0.067541958,0.113963033,6.063496985,0,0.400000000
58.899601460,19968,5231,0,12627,7341,14647,731,198,198,116,82,7642,7005,466,265,2.920506729,1.195894201,31.282442777,241.744253672,nan,nan,nan,nan,nan,0.000000000,11.292441981,8.859477995,0.087429944,0.148613995,9.422175004,0,0.400000000
58.999726295,19968,5148,0,12635,7333,14647,731,198,198,116,82,7642,7005,466,265,2.920506729,1.195894201,31.174945157,247.081575001,nan,nan,nan,nan,nan,0.000000000,11.517036997,8.678890939,0.084824977,0.090357033,9.215869999,0,0.400000000
59.099057436,20160,5250,0,12943,7217,14906,743,188,193,121,72,8087,6819,473,270,2.929932558,1.209301065,31.315317209,212.569819072,nan,1,nan,nan,nan,0.000000000,14.854708978,8.972315001,0.094036048,0.134297006,9.541278996,0,0.400000000
59.200428724,19872,5123,0,12619,7253,14906,743,188,191,116,75,8087,6819,473,270,2.929932558,1.209301065,30.908724685,236.444248435,nan,nan,nan,nan,nan,0.000000000,8.298948000,6.311427103,0.061491039,0.090815010,6.709924957,0,0.400000000
59.298909426,20064,5129,0,12838,7226,14931,745,199,191,112,79,8075,6856,466,279,2.873109890,1.247345725,33.199530365,209.130387487,129.432439804,2,1.000000000,nan,nan,0.000000000,8.405542991,4.558179935,0.041107996,0.102726975,4.818509973,0,0.400000000
59.402603388,20064,5063,0,12731,7333,14931,745,191,193,114,79,8075,6856,466,279,2.873109890,1.247345725,29.884978414,216.595637357,nan,nan,nan,nan,nan,0.000000000,11.671907967,9.222929075,0.091390975,0.087287044,9.821300977,0,0.400000000
59.500440598,19968,4918,0,12672,7296,14931,745,193,193,114,79,8075,6856,466,279,2.873109890,1.247345725,30.873185259,216.386258588,nan,nan,nan,nan,nan,0.000000000,7.065924990,4.840760957,0.032523996,0.040750019,5.059562973,0,0.400000000
59.599056959,19968,4893,0,12730,7238,14931,745,193,193,114,79,8075,6856,466,279,2.873109890,1.247345725,30.873184798,216.359553498,nan,nan,nan,nan,nan,0.000000000,3.638747032,2.641503990,0.018179009,0.024963985,2.763744968,0,0.400000000
59.699019432,20064,4702,0,12599,7465,15358,751,206,178,109,69,8193,7165,480,271,2.866232680,1.328755817,25.988092736,235.119428681,nan,1,nan,nan,nan,0.000000000,7.007353997,3.172210010,0.029327057,0.039819977,3.360358998,0,0.400000000
59.800396204,20064,4622,0,12902,7162,15358,751,191,188,113,75,8193,7165,480,271,2.866232680,1.328755817,28.911745672,280.730244711,nan,nan,nan,nan,nan,0.000000000,3.940185998,3.003446094,0.027142058,0.033181044,3.178967978,0,0.400000000
59.900404692,19968,4420,0,12642,7326,15544,756,190,193,123,70,8480,7064,482,274,2.858431946,1.307402932,26.287733464,238.875501695,20.973443985,7,1.000000000,nan,nan,0.000000000,9.781708999,6.601736008,0.067650049,0.351664028,7.045593986,0,0.400000000
60.001163244,19872,4283,0,12787,7085,15544,756,199,193,124,69,8480,7064,482,274,2.858431946,1.307402932,26.131048491,237.282387368,nan,nan,nan,nan,nan,0.000000000,11.469025980,8.620516048,0.085921085,0.119152013,9.175655025,0,0.400000000
60.099303722,19776,4141,0,12555,7221,15631,746,186,185,112,73,8636,6995,488,258,2.875200307,1.284351164,28.750401046,246.445042912,6.099939346,2,0.000000000,nan,nan,0.000000000,7.165645016,3.682695038,0.032714976,0.066120003,3.904102952,0,0.400000000
60.201021671,20064,4093,0,13058,7006,15967,762,193,211,129,82,9126,6841,483,279,2.825608440,1.290188001,34.079570636,272.726617108,115.689516068,4,1.000000000,nan,nan,0.000000000,8.234317007,4.240011913,0.044847897,0.095605967,4.522739036,0,0.400000000
60.298543453,20256,3952,0,12980,7276,15967,762,203,209,126,83,9126,6841,483,279,2.825608440,1.290188001,37.380087922,256.490253865,nan,nan,nan,nan,nan,0.000000000,14.448519039,10.531388922,0.110770052,0.182984979,11.222385045,0,0.400000000
60.399598360,19968,3825,0,12685,7283,16139,776,199,205,130,75,8911,7228,521,255,2.875211509,1.256354056,32.931090258,265.290593092,6.607532501,2,0.000000000,nan,nan,0.000000000,9.470126999,3.104965959,0.021387998,0.039319973,3.246293985,0,0.400000000
60.499397993,19968,3762,0,12504,7464,16202,767,192,203,115,88,8763,7439,505,262,2.885870034,1.301844068,35.113785401,264.052649080,26.665449142,3,1.000000000,nan,nan,0.000000000,7.469117001,4.766533035,0.052503950,0.128004991,5.103875999,0,0.400000000
60.601030827,19872,3602,0,12442,7430,16202,767,199,198,113,85,8763,7439,505,262,2.885870034,1.301844068,31.862296077,256.176658092,nan,nan,nan,nan,nan,0.000000000,12.127502006,9.297407873,0.093117007,0.169135048,9.891125024,0,0.400000000
60.698939085,20160,3556,0,12319,7841,16600,787,183,182,103,79,8761,7839,509,278,2.893347354,1.376414181,33.463461042,225.593642653,35.713434219,3,1.000000000,nan,nan,0.000000000,13.964575948,7.343164936,0.050065981,0.083307968,7.768438023,0,0.400000000
60.799239874,19968,3428,0,12235,7733,16600,787,198,201,111,90,8761,7839,509,278,2.893347354,1.376414181,34.689005153,219.732643592,nan,nan,nan,nan,nan,0.000000000,3.412642051,2.344548935,0.022805994,0.028995040,2.491468971,0,0.400000000
60.899306774,19680,3326,0,12092,7588,16600,787,200,203,112,91,8761,7839,509,278,2.893347354,1.376414181,34.911043199,223.951633300,nan,nan,nan,nan,nan,0.000000000,3.319294949,2.434157010,0.025207992,0.047444017,2.593165031,0,0.400000000
61.002495289,20352,3261,0,12249,8103,17087,795,195,200,113,87,8988,8099,521,274,2.880078167,1.533973612,34.854790052,225.417501892,1.698732376,2,0.000000000,nan,nan,0.000000000,7.424119976,3.721531015,0.040298968,0.032199023,3.972614999,0,0.400000000
61.099626064,20064,3099,0,12043,8021,16961,779,199,196,105,91,8940,8021,511,268,2.893122018,1.583884460,44.954686106,218.671722247,nan,1,nan,nan,nan,0.000000000,16.882657015,10.038174980,0.085824053,0.107858970,10.583992989,0,0.400000000
61.199588299,19968,2906,0,11733,8235,17058,793,203,209,115,94,8823,8235,526,267,2.879288380,1.643903653,43.676539392,254.981421459,29.934644699,2,1.000000000,nan,nan,0.000000000,8.423271007,4.065802961,0.036745041,0.050035014,4.296670028,0,0.400000000
61.299257994,19584,2295,0,11258,8326,17058,793,210,211,118,93,8823,8235,526,267,2.879288380,1.643903653,42.667955015,257.340468024,nan,nan,nan,nan,nan,0.000000000,8.696575009,6.656807964,0.081684964,0.163486984,7.128212950,0,0.400000000
61.401577950,20160,2834,0,11792,8368,17322,793,206,213,125,88,8954,8368,513,280,2.866696864,1.734768964,42.308627795,278.636944422,34.339427948,9,1.000000000,nan,nan,0.000000000,9.685631027,5.204569024,0.055168930,0.094265968,5.546510045,0,0.400000000
61.499431372,19872,2550,0,11420,8452,17318,803,197,199,115,84,8866,8452,525,278,2.864946077,1.755298115,39.736257958,232.052680830,45.469045639,5,1.000000000,nan,nan,0.000000000,13.386907987,5.597672018,0.047267007,0.070210022,5.868692999,0,0.400000000
61.600461006,19872,2716,0,11566,8306,17318,803,196,199,114,85,8866,8452,525,278,2.864946077,1.755298115,40.081251796,241.831695431,nan,nan,nan,nan,nan,0.000000000,6.062011991,4.502757976,0.041113002,0.050292001,4.761001037,0,0.400000000
61.699536562,19392,2642,0,11003,8389,16746,784,189,195,122,73,8357,8389,506,278,2.905553426,1.792656945,39.429179389,211.565650767,73.857545853,3,1.000000000,nan,nan,0.000000000,7.789465017,4.482144956,0.035312085,0.032725977,4.716588010,0,0.400000000
61.800293446,20352,2529,0,11765,8587,17819,812,210,204,113,91,9236,8583,528,284,2.846444664,1.852378481,42.328076611,239.193429419,66.236495972,2,1.000000000,nan,nan,0.000000000,15.161196992,9.928039974,0.089363020,0.095640018,10.487355001,0,0.400000000
61.901511431,20160,2411,0,11364,8796,17745,810,194,193,113,80,8949,8796,524,286,2.885681593,1.839680564,41.964835767,216.750366801,69.872856140,3,1.000000000,nan,nan,0.000000000,12.523807003,6.934177945,0.064760970,0.054906996,7.390345039,0,0.400000000
61.999608755,19968,2322,0,11323,8645,17745,810,192,191,112,79,8949,8796,524,286,2.885681593,1.839680564,40.091980911,206.858546311,nan,nan,nan,nan,nan,0.000000000,3.680808004,2.499773924,0.021902961,0.030996976,2.638786973,0,0.400000000
62.100120068,19968,2265,0,10985,8983,17745,810,190,190,111,79,8949,8796,524,286,2.885681593,1.839680564,39.962810136,206.788768819,nan,nan,nan,nan,nan,0.000000000,3.957181005,3.007925930,0.029390969,0.041224994,3.201971005,0,0.400000000
62.200395107,19872,2149,0,11166,8706,17745,810,190,191,111,80,8949,8796,524,286,2.885681593,1.839680564,40.026617453,210.606218116,nan,nan,nan,nan,nan,0.000000000,7.585512009,5.726427014,0.028847076,0.027036003,5.930857034,0,0.400000000
62.300849915,19872,2130,0,10865,9007,17738,838,212,225,130,95,8735,9003,525,313,2.882089746,1.900068947,49.800115093,268.045101082,8.308649063,11,0.000000000,nan,nan,0.000000000,13.294134988,6.271826045,0.055780052,0.076110999,6.621584995,0,0.400000000
62.400438309,19872,2191,0,11158,8714,17677,836,200,200,113,87,8967,8710,525,311,2.863393536,1.932863749,38.558808657,244.274630185,4.089593887,3,0.000000000,nan,nan,0.000000000,13.865954999,6.785813021,0.029096904,0.086432963,6.969809998,0,0.400000000
62.499332428,20160,2282,0,10997,9163,17874,843,210,198,120,78,8715,9159,512,331,2.891635278,1.921969275,38.152163445,277.652836409,25.494575500,4,1.000000000,nan,nan,0.000000000,16.560224991,9.723727882,0.089713954,0.117070042,10.282818985,0,0.400000000
62.600397825,19776,2197,0,11132,8644,17874,843,197,199,121,78,8715,9159,512,331,2.891635278,1.921969275,37.591649522,246.034535422,nan,nan,nan,nan,nan,0.000000000,8.804708021,6.266390032,0.042103929,0.044186017,6.560614973,0,0.400000000
62.699227095,20160,2428,0,11075,9085,17728,833,203,205,109,96,8647,9081,482,351,2.875846456,1.972891776,41.488638202,233.434034942,71.776628494,6,1.000000000,nan,nan,0.000000000,6.124915963,2.427387983,0.022827939,0.034264987,2.577918989,0,0.400000000
62.799767256,19872,2291,0,11019,8853,17728,833,197,198,105,93,8647,9081,482,351,2.875846456,1.972891776,40.164684830,221.367648970,nan,nan,nan,nan,nan,0.000000000,5.543746054,4.381366074,0.043282053,0.064383028,4.665731976,0,0.400000000
62.899428368,20064,2458,0,11226,8838,17602,881,197,222,120,102,8767,8835,495,386,2.840378570,2.033926730,48.272275763,276.394622674,80.182790756,3,1.000000000,nan,nan,0.000000000,17.260399007,9.659720934,0.077939010,0.093355018,10.137912992,0,0.400000000
62.999346972,19968,2253,0,10928,9040,17711,865,217,215,93,122,8671,9040,465,400,2.781102737,2.046299605,47.347232305,226.968640557,40.217876434,3,1.000000000,nan,nan,0.000000000,10.193685011,6.812048960,0.070199894,0.139632961,7.245782996,0,0.400000000
63.099183798,20064,2502,0,11250,8814,17558,890,211,210,104,106,8744,8814,474,416,2.710130344,2.096138075,44.013892398,281.649238768,14.525413513,2,0.000000000,nan,nan,0.000000000,9.186153009,4.789653001,0.037964957,0.077830977,5.021976016,0,0.400000000
63.199138880,19968,2226,0,10746,9222,17738,860,200,205,92,113,8516,9222,441,419,2.695533869,2.102272514,46.155830606,260.746817006,54.154872894,3,1.000000000,nan,nan,0.000000000,9.423687006,5.012550973,0.043271051,0.099901983,5.287201959,0,0.400000000
63.299190760,19968,2391,0,10978,8990,17573,865,204,199,94,105,8585,8988,437,428,2.600187265,2.180959175,34.407146974,248.455934990,nan,1,nan,nan,nan,0.000000000,10.132251016,3.498624079,0.022623048,0.047605019,3.647065023,0,0.400000000
63.400300026,20160,2381,0,10709,9451,17573,865,203,205,99,106,8585,8988,437,428,2.600187265,2.180959175,34.266565905,264.110816876,nan,nan,nan,nan,nan,0.000000000,5.935349967,4.893643956,0.041634019,0.072395022,5.155048042,0,0.400000000
63.500381947,19392,2245,0,10740,8652,17143,850,211,221,107,114,8493,8650,397,453,2.527026888,2.214522959,43.248487945,258.438770450,4.764795303,2,0.000000000,nan,nan,0.000000000,10.212182009,4.842654045,0.042384956,0.058052014,5.123101000,0,0.400000000
63.597280741,20544,2566,0,10900,9644,17974,865,219,224,105,119,8330,9644,400,465,2.581586523,2.313144718,47.934655562,278.653046761,3.272294998,2,0.000000000,nan,nan,0.000000000,10.756617005,5.354379013,0.045837020,0.075356977,5.649290048,0,0.400000000
63.699630976,19872,2239,0,10830,9042,17629,857,220,218,96,122,8587,9042,382,475,2.481151757,2.327242702,45.410747020,256.986938944,19.987821579,2,1.000000000,nan,nan,0.000000000,8.826837991,5.726687028,0.048930000,0.031433010,6.001846981,0,0.400000000
63.799081326,20160,2504,0,11012,9148,17629,857,219,220,98,122,8587,9042,382,475,2.481151757,2.327242702,45.794514770,262.122505010,nan,nan,nan,nan,nan,0.000000000,5.270471040,4.322234017,0.035446021,0.059155049,4.542688956,0,0.400000000
63.899793863,19872,2207,0,10744,9128,17661,838,214,216,91,125,8533,9128,364,474,2.424446446,2.377007453,43.900346720,282.808852049,4.260301590,2,0.000000000,nan,nan,0.000000000,8.853931969,4.629032046,0.039909966,0.054937031,4.872416961,0,0.400000000
63.999035358,19968,2585,0,10859,9109,17379,847,216,211,93,118,8270,9109,372,475,2.431613759,2.371410431,44.357747072,264.444021784,19.428253174,4,1.000000000,nan,nan,0.000000000,10.486525018,5.681388953,0.052300980,0.104899053,6.007000979,0,0.400000000
64.098940134,20064,2266,0,10832,9232,17794,832,215,218,90,128,8562,9232,357,475,2.387168137,2.429358208,42.969139374,294.664818534,30.034065247,7,1.000000000,nan,nan,0.000000000,12.432834017,5.923602032,0.048630929,0.059087004,6.217498973,0,0.400000000
64.199193001,20160,2610,0,10803,9357,17546,834,210,212,89,123,8193,9353,359,475,2.387002562,2.479249043,45.851336771,273.414435798,16.118526459,3,1.000000000,nan,nan,0.000000000,8.667277987,2.453782945,0.022994005,0.067093992,2.601850952,0,0.400000000
64.300542831,19968,2307,0,10628,9340,17657,801,200,202,84,118,8321,9336,344,457,2.347184823,2.437925352,40.949254245,305.443069749,5.600929260,4,0.000000000,nan,nan,0.000000000,9.401104006,4.669663031,0.039364968,0.055126962,4.921476997,0,0.400000000
64.400391340,20064,2602,0,10872,9192,17458,797,191,201,75,126,8270,9188,338,459,2.340124179,2.556217810,41.470109324,271.480389366,20.569086075,2,1.000000000,nan,nan,0.000000000,7.585642976,4.212971020,0.039045932,0.057197001,4.459859978,0,0.400000000
64.499262571,19872,2295,0,10613,9259,17458,797,200,200,73,127,8270,9188,338,459,2.340124179,2.556217810,40.577462484,273.080976648,nan,nan,nan,nan,nan,0.000000000,7.025463972,5.299943965,0.048140006,0.062554958,5.619238014,0,0.400000000
64.599444151,20064,2691,0,11015,9049,17369,793,198,193,71,122,8320,9049,339,454,2.301130572,2.576460824,32.167184511,299.763776549,nan,1,nan,nan,nan,0.000000000,8.272524981,3.959286958,0.033709046,0.049115974,4.180097021,0,0.400000000
64.698862553,19968,2351,0,10722,9246,17369,793,188,188,69,119,8320,9049,339,454,2.301130572,2.576460824,31.020053161,261.602470336,nan,nan,nan,nan,nan,0.000000000,8.015115978,6.203863944,0.043703010,0.106278982,6.497726019,0,0.400000000
64.800402880,19968,2587,0,10936,9032,17369,793,189,188,69,119,8320,9049,339,454,2.301130572,2.576460824,31.026686375,261.591432902,nan,nan,nan,nan,nan,0.000000000,13.840085943,10.214039066,0.064667023,0.141406024,10.671884986,0,0.400000000
64.901961803,20064,2484,0,10778,9286,17576,812,204,205,83,122,8290,9286,340,472,2.242615547,2.601492985,41.685092249,301.363023787,17.283678055,3,1.000000000,nan,nan,0.000000000,9.131352999,6.447441061,0.057402998,0.087980006,6.788619969,0,0.400000000
64.999943733,19776,2480,0,10760,9016,17576,812,207,207,81,126,8290,9286,340,472,2.242615547,2.601492985,43.160682959,316.360785008,nan,nan,nan,nan,nan,0.000000000,7.931000029,6.170125096,0.045266002,0.035816978,6.454743037,0,0.400000000
65.099171638,20160,2644,0,10767,9393,17576,812,207,206,80,126,8290,9286,340,472,2.242615547,2.601492985,42.309230340,315.002227161,nan,nan,nan,nan,nan,0.000000000,8.553181018,5.660271971,0.022251043,0.031907985,5.800999003,0,0.400000000
65.199653864,20064,2500,0,10894,9170,17576,812,206,206,80,126,8290,9286,340,472,2.242615547,2.601492985,42.309052548,315.016712019,nan,nan,nan,nan,nan,0.000000000,5.355743051,4.240601033,0.021475018,0.057448982,4.387310008,0,0.400000000
65.300310850,20160,2751,0,10818,9342,17405,785,154,184,61,123,8067,9338,299,486,2.173893574,2.671467211,44.183168446,288.093670168,49.451589584,3,1.000000000,nan,nan,0.000000000,8.669328003,4.220800998,0.029905990,0.091065012,4.434881033,0,0.400000000
65.400392294,19872,2466,0,10829,9043,17402,777,186,191,62,129,8359,9043,291,486,2.017901427,2.738251013,36.022398730,300.399849452,nan,1,nan,nan,nan,0.000000000,5.195826001,3.304348036,0.030493946,0.061129977,3.511231975,0,0.400000000
65.499218941,20160,2787,0,11074,9086,17369,806,207,206,80,126,8283,9086,307,499,2.139116835,2.713215276,44.197639595,315.037366965,54.688215256,3,1.000000000,nan,nan,0.000000000,8.236353984,3.721927933,0.022800057,0.036092999,3.867761057,0,0.400000000
65.600625515,19872,2463,0,10807,9065,17405,803,210,204,67,137,8340,9065,303,500,2.081823636,2.742949298,40.441831892,310.138431095,5.494117737,2,0.000000000,nan,nan,0.000000000,9.214254038,6.323362002,0.062014034,0.088330999,6.702954997,0,0.400000000
65.699169159,19872,2750,0,10802,9070,17118,809,203,204,68,136,8048,9070,298,511,2.093869118,2.742119751,44.526469592,328.089110707,28.509378433,7,1.000000000,nan,nan,0.000000000,11.713402986,8.020556939,0.076310011,0.097895041,8.522644988,0,0.400000000
65.798894167,19584,2513,0,10542,9042,17067,811,201,195,63,132,8025,9042,303,508,2.080311548,2.761007624,41.720412651,295.429467527,55.748462677,6,1.000000000,nan,nan,0.000000000,8.693298034,4.059288942,0.032911077,0.028061040,4.266203032,0,0.400000000
65.897975922,20640,2895,0,11455,9185,17741,828,187,195,62,133,8557,9184,287,541,2.034400105,2.800320286,42.363232869,293.336754587,30.098676682,13,1.000000000,nan,nan,0.000000000,15.444552002,6.661361025,0.046558969,0.062184990,6.968516973,0,0.400000000
65.999485493,19488,2294,0,10491,8997,17741,828,195,199,63,136,8557,9184,287,541,2.034400105,2.800320286,42.993582815,293.662577698,nan,nan,nan,nan,nan,0.000000000,5.092567008,3.709839017,0.031486037,0.039488950,3.906339989,0,0.400000000
66.099230766,20256,2743,0,11091,9165,17741,828,200,199,63,136,8557,9184,287,541,2.034400105,2.800320286,44.316850928,295.353977007,nan,nan,nan,nan,nan,0.000000000,4.054943041,2.990222012,0.029948016,0.038752041,3.179274965,0,0.400000000
66.199290752,19584,2230,0,10532,9052,17350,770,182,188,62,126,8300,9050,272,498,1.987732407,2.813788263,42.085037393,271.147060775,nan,1,nan,nan,nan,0.000000000,7.525441004,4.710189998,0.043155975,0.069970032,4.993572016,0,0.400000000
66.298868656,19968,2679,0,10939,9029,17350,770,195,196,64,132,8300,9050,272,498,1.987732407,2.813788263,43.340168916,276.409412448,nan,nan,nan,nan,nan,0.000000000,13.741444040,10.483650025,0.103458995,0.111342990,11.096353002,0,0.400000000
66.398801327,20160,2796,0,11060,9100,17350,770,197,195,63,132,8300,9050,272,498,1.987732407,2.813788263,43.295772393,276.170081404,nan,nan,nan,nan,nan,0.000000000,8.854657994,5.976053013,0.043418084,0.028017035,6.261084985,0,0.400000000
66.500352859,19200,2769,0,10289,8911,17350,770,195,195,63,132,8300,9050,272,498,1.987732407,2.813788263,43.294998370,276.858424928,nan,nan,nan,nan,nan,0.000000000,4.864532035,3.251156944,0.021389977,0.035180943,3.394562053,0,0.400000000
66.598575354,19680,2786,0,10893,8787,16890,763,178,175,46,129,8106,8784,271,492,1.915207407,2.857273510,30.339532818,221.006689447,5.169630051,2,0.000000000,nan,nan,0.000000000,6.575245003,3.628737992,0.032266020,0.049739028,3.847116022,0,0.400000000
66.694444656,21120,3103,0,11362,9758,18013,752,181,176,51,125,8259,9754,244,508,1.898260526,2.822413872,33.382188168,230.958008617,25.716304779,4,1.000000000,nan,nan,0.000000000,9.583042003,2.509255020,0.019489089,0.039801991,2.639051003,0,0.400000000
66.799489260,20064,2890,0,10963,9101,17170,750,184,182,49,133,8073,9097,232,518,1.839231876,2.879021672,39.276612581,267.232793342,85.712909698,3,1.000000000,nan,nan,0.000000000,14.794857008,8.392428048,0.063837040,0.082917977,8.818878036,0,0.400000000
66.900285006,20160,3213,0,11074,9086,16943,732,179,187,53,134,7857,9086,222,510,1.885705435,2.854613637,34.075599808,253.253416303,38.546562195,4,1.000000000,nan,nan,0.000000000,13.633921044,8.363016997,0.070881040,0.114052033,8.839693968,0,0.400000000
67.000377893,19968,2994,0,10920,9048,16970,732,183,185,58,127,7922,9048,225,507,1.846884670,2.863706120,37.300060192,260.667376114,51.007986069,6,1.000000000,nan,nan,0.000000000,13.568095048,6.703465013,0.054815027,0.088180008,7.063778990,0,0.400000000
67.099074602,20256,3332,0,10936,9320,16920,723,182,179,53,126,7600,9320,239,484,1.870659510,2.857103511,37.990546618,237.112118572,39.935112000,3,1.000000000,nan,nan,0.000000000,15.832453035,8.879309986,0.079608988,0.100529986,9.403687960,0,0.400000000
67.200365305,20064,3178,0,10915,9149,16882,701,174,185,49,136,7737,9145,232,469,1.836080872,2.849422114,32.796677119,239.245484383,5.005598068,2,0.000000000,nan,nan,0.000000000,16.090593999,9.355530085,0.078243029,0.119869015,9.895386000,0,0.400000000
67.300474167,20256,3490,0,11093,9163,16882,701,190,190,50,140,7737,9145,232,469,1.836080872,2.849422114,35.195108678,251.928382211,nan,nan,nan,nan,nan,0.000000000,7.556828030,5.401721050,0.047467009,0.053875032,5.737171043,0,0.400000000
67.400472164,19968,3350,0,11011,8957,16614,708,181,180,45,135,7657,8957,223,485,1.825562124,2.855117888,33.526559140,203.500089369,nan,1,nan,nan,nan,0.000000000,13.066736981,6.760377961,0.056778023,0.062785984,7.139049994,0,0.400000000
67.499665260,19776,3632,0,10814,8962,16140,697,174,172,38,134,7178,8962,205,492,1.827115165,2.848723402,33.232337804,202.240131086,5.616903305,2,0.000000000,nan,nan,0.000000000,8.708495006,2.575045917,0.019888976,0.028341019,2.718360978,0,0.400000000
67.600514650,20256,3543,0,11348,8908,16709,687,151,162,46,116,7801,8908,209,478,1.812307708,2.862193905,31.357522660,164.585587433,5.508661270,2,0.000000000,nan,nan,0.000000000,6.144665997,3.431243938,0.032188022,0.054696982,3.658663016,0,0.400000000
67.699332952,20064,3763,0,11101,8963,16297,691,175,172,39,133,7334,8963,201,490,1.809193721,2.861992446,37.515609884,212.871659249,6.596088409,3,0.000000000,nan,nan,0.000000000,7.269410999,3.759258951,0.034942001,0.063953979,3.994102997,0,0.400000000
67.800007820,20064,3752,0,11163,8901,16308,693,160,163,47,116,7411,8897,212,481,1.793196606,2.872659666,33.274488402,193.572115761,99.182367325,3,1.000000000,nan,nan,0.000000000,6.327245035,3.343079006,0.029805989,0.054607983,3.563256003,0,0.400000000
67.900454521,19968,3758,0,11217,8751,16206,679,153,162,42,120,7462,8744,204,475,1.768085508,2.863623098,33.657132463,202.198380905,29.829025269,2,1.000000000,nan,nan,0.000000000,8.595439955,2.547306940,0.017529936,0.026425987,2.674739982,0,0.400000000
67.999044180,19968,3776,0,11197,8771,16206,679,164,165,42,123,7462,8744,204,475,1.768085508,2.863623098,34.027933637,243.207481919,nan,nan,nan,nan,nan,0.000000000,3.533463983,2.400990052,0.022022985,0.031204021,2.558471984,0,0.400000000
68.100529671,20160,3939,0,11618,8542,16206,679,163,162,42,120,7462,8744,204,475,1.768085508,2.863623098,34.494212666,206.885985837,nan,nan,nan,nan,nan,0.000000000,4.738288000,3.218163969,0.025629997,0.032543961,3.398399975,0,0.400000000
68.200399399,19968,4003,0,11449,8519,15961,723,175,166,50,116,7519,8442,235,488,1.793286665,2.856474018,35.494987293,190.937643285,59.128522873,6,1.000000000,nan,nan,0.000000000,16.553965979,9.960435913,0.078283018,0.156517024,10.493040027,0,0.400000000
68.301699877,19680,3964,0,11354,8326,15961,723,167,167,47,120,7519,8442,235,488,1.793286665,2.856474018,39.818711217,169.198204807,nan,nan,nan,nan,nan,0.000000000,8.200206968,5.405922013,0.039969047,0.060571998,5.703139992,0,0.400000000
68.399359465,20160,4204,0,11866,8294,15952,749,186,185,59,126,7712,8240,265,484,1.872309371,2.729991898,44.388641164,211.914014956,nan,1,nan,nan,nan,0.000000000,8.035784995,4.499829956,0.019816973,0.038006983,4.633010016,0,0.400000000
68.498829365,20160,4122,0,11970,8190,16034,712,172,174,61,113,7883,8151,263,449,1.762614209,2.648327172,42.493116624,195.786030598,2.649545670,2,0.000000000,nan,nan,0.000000000,8.199196018,4.335830105,0.019558938,0.036776997,4.475058988,0,0.400000000
68.601121902,19968,4311,0,11741,8227,16034,712,173,176,63,113,7883,8151,263,449,1.762614209,2.648327172,42.387703033,199.552756916,nan,nan,nan,nan,nan,0.000000000,9.044953971,7.003930048,0.047754031,0.083715946,7.320633973,0,0.400000000
68.700265169,19968,4152,0,11810,8158,15812,737,143,159,61,98,7669,8143,291,446,1.840250272,2.539528515,37.630643628,156.050242266,4.970073700,2,0.000000000,nan,nan,0.000000000,7.880921999,3.942788055,0.025781046,0.047621026,4.138871038,0,0.400000000
68.799585104,19968,4273,0,11586,8382,15691,771,183,170,68,102,7314,8377,315,456,1.992109517,2.378535947,38.199323261,180.127940761,nan,1,nan,nan,nan,0.000000000,8.589324018,4.646093992,0.018852996,0.046750996,4.774328030,0,0.400000000
68.899623871,20064,4228,0,11720,8344,15832,712,173,175,63,112,7490,8342,287,425,1.981796995,2.372965709,36.114168870,172.379929970,nan,1,nan,nan,nan,0.000000000,5.273552029,2.738549956,0.024021021,0.054000993,2.911483985,0,0.400000000
68.999973297,19968,4325,0,11597,8371,15639,724,169,160,61,99,7268,8371,285,439,2.083105807,2.306019560,30.447332826,192.211741773,34.250974655,6,1.000000000,nan,nan,0.000000000,13.016153011,6.535981956,0.044928049,0.078356999,6.850651989,0,0.400000000
69.099482298,20160,4407,0,11991,8169,15749,728,183,174,70,104,7580,8169,290,438,2.106387199,2.354672374,36.848187288,170.800139904,nan,1,nan,nan,nan,0.000000000,9.287066991,4.689621972,0.036848942,0.059925020,4.946294997,0,0.400000000
69.201418161,20064,4539,0,11808,8256,15521,713,166,167,60,107,7265,8256,276,437,2.057464725,2.335224207,34.073739965,162.042443667,25.565624237,3,1.000000000,nan,nan,0.000000000,9.194368031,5.012616981,0.040432962,0.094726973,5.295509007,0,0.400000000
69.300423861,19968,4516,0,11751,8217,15448,722,177,179,64,115,7235,8213,289,433,2.044540649,2.320131458,39.752502380,168.688841418,9.969472885,3,0.000000000,nan,nan,0.000000000,9.331537993,3.459094965,0.019942992,0.035257020,3.601734992,0,0.400000000
69.401113033,19968,4611,0,11732,8236,15353,708,181,180,68,112,7121,8232,279,429,2.062588938,2.284516427,40.891503735,177.068811324,5.601644516,2,0.000000000,nan,nan,0.000000000,10.482402053,6.788844999,0.055146986,0.088673027,7.148970966,0,0.400000000
69.500377178,19968,4478,0,11727,8241,15486,708,171,172,74,98,7248,8238,292,416,2.081477102,2.284656540,36.840663479,228.431458355,40.187597275,6,1.000000000,nan,nan,0.000000000,6.756586023,3.586215025,0.030645111,0.040852989,3.798085963,0,0.400000000
69.601641655,19680,4539,0,11797,7883,15137,712,182,185,78,107,7258,7879,295,417,2.081685629,2.240930805,39.444138905,217.010578358,nan,1,nan,nan,nan,0.000000000,14.846255013,8.430233924,0.070243957,0.109709974,8.906320960,0,0.400000000
69.699324608,19968,4566,0,11723,8245,15398,718,175,179,77,102,7157,8241,298,420,2.101844001,2.179399237,43.688499654,235.221710658,20.091295242,2,1.000000000,nan,nan,0.000000000,5.693129962,3.712923033,0.036070007,0.071364979,3.955919005,0,0.400000000
69.798166513,20352,4624,0,11883,8469,15398,718,176,174,74,100,7157,8241,298,420,2.101844001,2.179399237,42.470773451,193.161116348,nan,nan,nan,nan,nan,0.000000000,11.644180981,8.929100004,0.081591075,0.115394010,9.494300000,0,0.400000000
69.901707172,19968,4641,0,11800,8168,15398,718,175,177,78,99,7157,8241,298,420,2.101844001,2.179399237,43.944909939,195.804329168,nan,nan,nan,nan,nan,0.000000000,7.677957998,5.322921032,0.040920975,0.058276986,5.598655029,0,0.400000000
69.998957157,19872,4572,0,11881,7991,15398,718,174,175,76,99,7157,8241,298,420,2.101844001,2.179399237,43.523389138,195.763309953,nan,nan,nan,nan,nan,0.000000000,4.524121992,3.029075044,0.015946978,0.034790952,3.138008004,0,0.400000000
70.099856853,20160,4553,0,12067,8093,15398,718,175,176,77,99,7157,8241,298,420,2.101844001,2.179399237,43.534964392,195.762277038,nan,nan,nan,nan,nan,0.000000000,4.495845002,3.453965008,0.026539958,0.069750007,3.636438982,0,0.400000000
70.200633287,19584,4503,0,11753,7831,15398,718,175,175,76,99,7157,8241,298,420,2.101844001,2.179399237,42.998172763,193.370026660,nan,nan,nan,nan,nan,0.000000000,8.985896013,7.131746970,0.023698958,0.042166968,7.318487042,0,0.400000000
70.298967123,20352,4655,0,12337,8015,15693,650,148,149,73,76,7678,8015,290,360,2.096598903,2.060178140,26.715746988,191.090109430,34.513235092,2,1.000000000,nan,nan,0.000000000,9.829796967,4.705799045,0.040200946,0.061802042,4.991132009,0,0.400000000
70.399184704,20160,4510,0,12250,7910,15646,628,137,145,74,71,7736,7910,281,347,2.011845929,2.093729313,26.261143229,188.981503740,nan,1,nan,nan,nan,0.000000000,4.701628990,2.488964004,0.020078965,0.036689045,2.644103952,0,0.400000000
70.502517223,19968,4601,0,12080,7888,15363,654,159,154,80,74,7479,7884,295,359,2.123587790,2.081391141,31.377477594,196.870473234,65.234422684,3,1.000000000,nan,nan,0.000000000,10.941662011,6.038955995,0.046210946,0.059521000,6.371998985,0,0.400000000
70.600307941,19968,4577,0,12413,7555,15387,631,150,150,74,76,7838,7549,281,350,2.033914852,2.125106067,30.198081854,182.434921002,4.948139191,2,0.000000000,nan,nan,0.000000000,13.495558989,7.982360956,0.063778076,0.094679010,8.446466993,0,0.400000000
70.703766584,19968,4609,0,12323,7645,15355,653,152,152,69,83,7716,7639,279,374,2.069369755,2.114311715,30.206133763,198.918072031,nan,1,nan,nan,nan,0.000000000,10.302979033,6.469270040,0.049130002,0.078738027,6.830969010,0,0.400000000
70.800283670,19968,4571,0,12526,7442,15393,638,160,166,78,88,7954,7439,285,353,2.043838308,2.137957442,38.025230719,250.976879533,29.938220978,5,1.000000000,nan,nan,0.000000000,4.455185961,2.646701003,0.025962014,0.048193033,2.830498968,0,0.400000000
70.899016142,20160,4582,0,12720,7440,15393,638,168,169,78,91,7954,7439,285,353,2.043838308,2.137957442,38.411853392,246.713771246,nan,nan,nan,nan,nan,0.000000000,5.862282997,3.968928941,0.034863013,0.054463977,4.217163019,0,0.400000000
71.000465155,19968,4530,0,12607,7361,15434,603,139,138,66,72,8073,7361,267,336,1.992922961,2.149197778,32.460797299,164.915428344,45.013189316,5,1.000000000,nan,nan,0.000000000,8.189826971,4.035475024,0.037104939,0.082467974,4.320189008,0,0.400000000
71.101853609,19680,4201,0,12261,7419,15475,609,145,142,68,74,8058,7417,281,328,1.961865157,2.061496939,31.631092021,192.216330244,nan,1,nan,nan,nan,0.000000000,6.615274993,3.473527962,0.029284914,0.057719008,3.702401009,0,0.400000000
71.198807716,20256,4341,0,12652,7604,15911,619,140,142,71,71,8308,7603,283,336,1.941031148,2.049167049,33.380065329,197.015546882,9.152889252,2,0.000000000,nan,nan,0.000000000,10.862754018,4.779576033,0.035903999,0.064038031,5.054627021,0,0.400000000
71.299491167,19968,4041,0,12464,7504,15911,619,140,141,67,74,8308,7603,283,336,1.941031148,2.049167049,32.157692592,193.490196483,nan,nan,nan,nan,nan,0.000000000,6.564000039,4.856511019,0.045548019,0.088952016,5.211851036,0,0.400000000
71.404390574,19776,3795,0,12206,7570,15911,619,139,140,68,72,8308,7603,283,336,1.941031148,2.049167049,31.970722859,189.851542651,nan,nan,nan,nan,nan,0.000000000,10.426959023,7.673915068,0.049408001,0.083805004,8.072001045,0,0.400000000
71.499050856,19968,4050,0,12560,7408,15914,613,150,144,76,68,8506,7408,282,331,1.841407599,2.205442138,28.992661860,198.034993100,35.667181015,2,1.000000000,nan,nan,0.000000000,6.524869998,3.749124939,0.034813944,0.028670009,3.999970970,0,0.400000000
71.600418329,19968,4082,0,12568,7400,15882,616,147,141,79,62,8482,7400,284,332,1.799551434,2.227177575,31.496361168,185.439646809,5.798816681,2,0.000000000,nan,nan,0.000000000,14.471695002,8.296101994,0.067020941,0.080880011,8.806672005,0,0.400000000
71.699043274,19584,3978,0,11946,7638,15602,621,151,154,73,81,7964,7638,268,353,1.963497905,1.921208891,30.061887908,192.989062294,5.440950394,2,0.000000000,nan,nan,0.000000000,11.283817992,5.007146043,0.038962055,0.072879018,5.303960002,0,0.400000000
71.799089909,20352,3988,0,12834,7518,16360,632,133,136,66,70,8842,7518,280,352,1.619491608,1.949487100,29.340266830,189.838321926,81.260681152,2,1.000000000,nan,nan,0.000000000,12.594141008,6.523387041,0.051084033,0.084378000,6.929964002,0,0.400000000
71.901813507,19968,3888,0,12113,7855,16076,605,145,158,85,73,8225,7851,265,340,1.774877196,1.762901345,35.504449454,221.012177579,nan,1,nan,nan,nan,0.000000000,12.712291966,6.323482026,0.049473951,0.071503979,6.696071010,0,0.400000000
72.000375509,19968,3700,0,12288,7680,16264,607,130,142,72,70,8588,7676,268,339,1.620053733,1.949026764,30.921367001,184.328713052,nan,1,nan,nan,nan,0.000000000,9.708134050,6.227468024,0.057675992,0.142392993,6.679168961,0,0.400000000
72.100839376,19968,3723,0,11958,8010,16241,603,144,148,72,76,8235,8006,270,333,1.708190239,1.705453415,31.587236451,203.846682259,29.857397079,3,1.000000000,nan,nan,0.000000000,3.582708014,1.991773024,0.020005973,0.022586959,2.154868038,0,0.400000000
72.199387312,19968,3628,0,12170,7798,16336,596,129,132,67,65,8542,7794,259,337,1.580944109,1.937354760,28.121441123,189.213414633,49.653053284,3,1.000000000,nan,nan,0.000000000,5.694953026,2.789304010,0.020894979,0.032868993,2.959572012,0,0.400000000
72.299293041,19392,3524,0,11676,7716,16336,596,134,136,70,66,8542,7794,259,337,1.580944109,1.937354760,28.080687009,191.808249512,nan,nan,nan,nan,nan,0.000000000,5.920288037,4.404887033,0.038629980,0.057000027,4.715720017,0,0.400000000
72.398571014,20736,3635,0,12394,8342,17097,604,136,135,68,67,8755,8342,260,344,1.499328513,1.784545163,28.036739611,204.016398020,nan,1,nan,nan,nan,0.000000000,8.169013949,2.600372012,0.014910067,0.022986962,2.724860038,0,0.400000000
72.500315189,19776,3338,0,11549,8227,17097,604,132,132,66,66,8755,8342,260,344,1.499328513,1.784545163,28.475400268,201.551484348,nan,nan,nan,nan,nan,0.000000000,3.016555042,2.046761976,0.011400029,0.023887027,2.144859987,0,0.400000000
72.600556374,19968,3444,0,11957,8011,17097,604,132,131,66,65,8755,8342,260,344,1.499328513,1.784545163,28.463999738,200.230650527,nan,nan,nan,nan,nan,0.000000000,5.442894006,3.977996064,0.027115981,0.056904973,4.189976957,0,0.400000000
72.700215578,19584,3180,0,11482,8102,17097,604,131,131,66,65,8755,8342,260,344,1.499328513,1.784545163,28.463999738,200.216336964,nan,nan,nan,nan,nan,0.000000000,6.605249015,4.276523076,0.024395005,0.043302018,4.481508979,0,0.400000000
72.799827576,20064,3486,0,11922,8142,16574,577,139,135,67,68,8435,8139,251,326,1.455351802,1.650575969,31.259080499,188.249228128,30.002832413,4,1.000000000,nan,nan,0.000000000,5.792363023,2.883584064,0.024583016,0.051644980,3.075641987,0,0.400000000
72.900690317,20064,3246,0,11933,8131,16814,574,123,124,58,66,8683,8131,245,329,1.409844691,1.643464980,29.573988127,206.257604638,nan,1,nan,nan,nan,0.000000000,7.533933036,1.884842000,0.013949000,0.035025005,2.004593960,0,0.400000000
72.999661922,20064,3520,0,11985,8079,16540,578,124,130,50,80,8461,8079,239,339,1.401997902,1.626079342,29.496964490,193.345553302,43.850660324,3,1.000000000,nan,nan,0.000000000,10.041936010,6.145462045,0.052215881,0.103792001,6.569899037,0,0.400000000
73.101692438,19872,3116,0,11746,8126,16752,561,137,146,55,91,8626,8126,234,327,1.329870651,1.601965021,28.893905565,228.582672394,74.217081070,4,1.000000000,nan,nan,0.000000000,7.421468035,3.451725061,0.033476972,0.028728973,3.713650047,0,0.400000000
73.198687077,20160,3470,0,11797,8363,16686,583,138,138,50,88,8323,8363,236,347,1.362155966,1.607360887,29.895521424,215.488581701,14.700174332,3,0.000000000,nan,nan,0.000000000,12.329482008,7.441983966,0.062111940,0.184951990,7.942394004,0,0.400000000
73.299218416,19584,2993,0,11540,8044,16686,583,138,140,53,87,8323,8363,236,347,1.362155966,1.607360887,29.530411804,210.454924403,nan,nan,nan,nan,nan,0.000000000,6.160855002,3.940559982,0.031015021,0.048097048,4.181884986,0,0.400000000
73.398747206,20160,3380,0,11746,8414,16776,591,154,155,65,90,8362,8414,246,345,1.313327672,1.646378771,33.616197849,348.160273132,35.428762436,4,1.000000000,nan,nan,0.000000000,7.310674991,3.131409991,0.027015049,0.035531004,3.338760987,0,0.400000000
73.498808146,20160,3015,0,11696,8464,17141,576,140,139,57,82,8680,8461,242,334,1.225222238,1.713692251,28.910285284,290.544270114,39.556264877,4,1.000000000,nan,nan,0.000000000,13.016387005,5.255717959,0.042042055,0.060332997,5.585759995,0,0.400000000
73.600301266,20064,3244,0,11539,8525,16816,595,148,165,69,96,8295,8521,247,348,1.245491493,1.669032008,37.348034858,346.244213460,30.087947845,3,1.000000000,nan,nan,0.000000000,7.015946030,3.432368045,0.030327996,0.042898988,3.657754045,0,0.400000000
73.700416565,19584,2966,0,11524,8060,16816,595,161,162,66,96,8295,8521,247,348,1.245491493,1.669032008,32.352292317,336.477037695,nan,nan,nan,nan,nan,0.000000000,3.853428003,2.664340020,0.024403969,0.031889009,2.839046996,0,0.400000000
73.801369667,20352,3110,0,11572,8780,16816,595,164,164,68,96,8295,8521,247,348,1.245491493,1.669032008,33.221685155,338.339220425,nan,nan,nan,nan,nan,0.000000000,2.472224005,1.721817942,0.017217011,0.026458001,1.845814986,0,0.400000000
73.900212765,19296,2954,0,11223,8073,16816,595,164,167,68,99,8295,8521,247,348,1.245491493,1.669032008,33.290340798,339.266062182,nan,nan,nan,nan,nan,0.000000000,7.150736055,4.671750066,0.037046091,0.102457008,4.933826975,0,0.400000000
73.999001741,20544,2983,0,11599,8945,17557,584,145,161,62,99,8616,8941,250,334,1.186103053,1.677361039,32.911377311,268.058525613,20.008802414,5,1.000000000,nan,nan,0.000000000,5.333317968,2.929852984,0.026523019,0.053188007,3.127269971,0,0.400000000
74.098953009,20064,3142,0,11712,8352,17557,584,168,169,68,101,8616,8941,250,334,1.186103053,1.677361039,32.711986955,280.406415673,nan,nan,nan,nan,nan,0.000000000,5.952310981,4.275459971,0.048813003,0.112971000,4.654149991,0,0.400000000
74.200475216,19968,2803,0,11179,8789,17161,581,155,148,63,85,8374,8787,252,329,1.127485482,1.714375648,31.305645101,270.265067570,74.326276779,3,1.000000000,nan,nan,0.000000000,12.922391004,6.499455019,0.055044016,0.091191032,6.903719041,0,0.400000000
74.298894882,20160,3204,0,11528,8632,16952,577,153,157,71,86,8324,8628,253,324,1.153051592,1.740910493,33.370514051,318.271562408,9.980678558,3,0.000000000,nan,nan,0.000000000,4.873601953,2.872092882,0.030490046,0.050373026,3.100975009,0,0.400000000
74.399394989,19968,2810,0,11224,8744,17154,572,145,146,62,84,8414,8740,246,326,1.105115807,1.746864620,29.033773880,298.239932892,15.434741974,2,1.000000000,nan,nan,0.000000000,8.348113974,3.451090073,0.022851978,0.028102018,3.623668978,0,0.400000000
74.500290871,20256,3237,0,11769,8487,17015,574,147,151,59,92,8532,8483,245,329,1.140021527,1.778501290,30.413239053,291.416210509,24.602174759,3,1.000000000,nan,nan,0.000000000,4.466142971,2.276405052,0.020083971,0.030896044,2.425623010,0,0.400000000
74.600585699,19680,2759,0,11015,8665,17015,574,151,151,58,93,8532,8483,245,329,1.140021527,1.778501290,31.005677964,294.645261414,nan,nan,nan,nan,nan,0.000000000,4.510545987,2.956768032,0.026124937,0.038792961,3.154670005,0,0.400000000
74.701483727,20160,3145,0,11651,8509,17011,591,152,157,69,88,8502,8509,254,337,1.118021002,1.816232582,34.580997766,324.092179676,46.262979507,3,1.000000000,nan,nan,0.000000000,13.380346005,6.837141933,0.066760986,0.222484989,7.321856974,0,0.400000000
74.799350023,19680,2865,0,11094,8586,16811,571,158,148,55,93,8225,8586,247,324,1.076567237,1.767018093,29.408000112,314.802081138,29.211759567,3,1.000000000,nan,nan,0.000000000,10.570014012,4.716391908,0.044099987,0.049096998,5.034170987,0,0.400000000
74.899602652,20352,3143,0,11666,8686,17205,584,139,143,57,86,8519,8686,246,338,1.121110187,1.704360847,33.339513573,210.389927627,75.612068176,7,1.000000000,nan,nan,0.000000000,8.276063018,3.183463996,0.029415009,0.035714009,3.411645012,0,0.400000000
75.000272036,19872,2954,0,11379,8493,17205,584,143,140,51,89,8519,8686,246,338,1.121110187,1.704360847,31.257061200,211.072817186,nan,nan,nan,nan,nan,0.000000000,3.263499995,2.111574053,0.017701997,0.049250957,2.248815028,0,0.400000000
75.199396372,20064,3051,0,11507,8557,17009,608,146,179,69,110,8456,8553,263,345,1.152609838,1.693054364,36.363587804,428.961931601,6.040096283,5,0.000000000,nan,nan,0.000000000,7.556846947,3.558336990,0.030263967,0.078482961,3.776222002,0,0.400000000
75.300738811,19488,3089,0,11242,8246,17009,608,169,168,68,100,8456,8553,263,345,1.152609838,1.693054364,35.239134534,378.109945898,nan,nan,nan,nan,nan,0.000000000,5.200133019,3.569586959,0.033013988,0.062306004,3.800233011,0,0.400000000
75.399556160,20448,3169,0,11666,8782,17009,608,164,165,65,100,8456,8553,263,345,1.152609838,1.693054364,33.436265786,374.559357350,nan,nan,nan,nan,nan,0.000000000,6.162877951,4.487922997,0.046748028,0.105608022,4.817767011,0,0.400000000
75.499520302,20064,3161,0,11363,8701,16899,578,118,146,56,90,8198,8701,232,346,1.183336100,1.590218539,36.191016013,209.442908925,nan,1,nan,nan,nan,0.000000000,11.174732004,4.220883013,0.028878043,0.153219036,4.460319993,0,0.400000000
75.600327730,19488,3246,0,11096,8392,16899,578,144,146,55,91,8198,8701,232,346,1.183336100,1.590218539,34.672639831,211.268930059,nan,nan,nan,nan,nan,0.000000000,12.533856032,8.598391025,0.073033036,0.123300997,9.173899016,0,0.400000000
75.698076963,20544,3197,0,11694,8850,17343,584,144,146,55,91,8497,8846,234,350,1.142495944,1.597198969,30.685175649,231.596637720,20.054817200,2,1.000000000,nan,nan,0.000000000,13.957853953,6.983882107,0.064038031,0.090154994,7.409220038,0,0.400000000
75.800332785,20064,3371,0,11419,8645,17343,584,147,148,57,91,8497,8846,234,350,1.142495944,1.597198969,33.673942664,215.279841302,nan,nan,nan,nan,nan,0.000000000,5.927335995,3.750517964,0.035771052,0.077979988,4.023226036,0,0.400000000
75.900324106,19872,3158,0,11152,8720,17343,584,148,148,57,91,8497,8846,234,350,1.142495944,1.597198969,35.684796801,215.314254124,nan,nan,nan,nan,nan,0.000000000,6.940954016,5.013408896,0.038046914,0.100034988,5.301014986,0,0.400000000
75.999215603,20064,3474,0,11457,8607,16586,608,158,160,68,92,7985,8601,241,367,1.171204911,1.695965556,41.961354640,266.972847125,125.513315201,9,1.000000000,nan,nan,0.000000000,10.454360046,4.647757916,0.040323008,0.078722020,4.935261968,0,0.400000000
76.099190950,19872,2952,0,11190,8682,16916,596,157,157,62,95,8249,8667,234,362,1.160889718,1.605673661,32.228692547,267.492797509,8.433818817,4,0.000000000,nan,nan,0.000000000,4.648763977,2.261171001,0.021077984,0.043510052,2.421632002,0,0.400000000
76.200381994,19680,2829,0,10977,8703,16847,621,158,153,57,96,8156,8691,239,382,1.164834939,1.631525616,26.449305759,246.282961661,95.753669739,10,1.000000000,nan,nan,0.000000000,11.880614969,5.264813022,0.044887012,0.089305977,5.589180044,0,0.400000000
76.299347878,19200,3017,0,10774,8426,16179,635,171,162,62,100,7761,8418,231,404,1.191387819,1.622351223,34.765973736,271.528144409,5.198240280,2,0.000000000,nan,nan,0.000000000,9.850826988,4.622629029,0.040371029,0.052677991,4.905143986,0,0.400000000
76.397812843,20448,3492,0,11909,8539,16952,639,156,158,63,95,8432,8520,257,382,1.196115731,1.627704800,36.039243308,262.187105839,54.373502731,3,1.000000000,nan,nan,0.000000000,4.535546002,2.433619113,0.022184919,0.072126975,2.595153986,0,0.400000000
76.499109983,20352,3557,0,11485,8867,16791,646,177,168,60,108,7926,8865,252,394,1.249969386,1.594401488,37.173586186,264.029164055,64.426660538,4,1.000000000,nan,nan,0.000000000,13.841893990,6.488460931,0.058069068,0.093693961,6.885687995,0,0.400000000
76.599665165,20064,3513,0,11589,8475,16547,602,160,156,56,100,8086,8461,234,368,1.199251218,1.615156084,33.196601251,217.437365703,44.621229172,8,1.000000000,nan,nan,0.000000000,14.642234019,7.694952015,0.071140996,0.085439999,8.187232015,0,0.400000000
76.700184345,20064,3655,0,11633,8431,16405,602,155,154,55,99,7979,8426,237,365,1.290225550,1.625247978,31.098331110,238.647923588,5.008935928,3,0.000000000,nan,nan,0.000000000,7.163750008,3.318094066,0.029062969,0.039863982,3.533330979,0,0.400000000
76.799332619,20160,3621,0,11909,8251,16405,602,153,153,55,98,7979,8426,237,365,1.290225550,1.625247978,31.076814321,233.778915237,nan,nan,nan,nan,nan,0.000000000,9.243202046,6.949162052,0.051539100,0.136790040,7.483171008,0,0.400000000
76.899311781,19776,3559,0,11251,8525,16213,595,153,148,56,92,7694,8519,236,359,1.263009604,1.575405385,31.041924518,212.760774668,28.997898102,4,1.000000000,nan,nan,0.000000000,5.847964028,2.725766913,0.023561995,0.034441007,2.899540006,0,0.400000000
77.001986265,19776,3717,0,11615,8161,16213,595,157,154,55,99,7694,8519,236,359,1.263009604,1.575405385,32.542486621,236.868124891,nan,nan,nan,nan,nan,0.000000000,6.337252038,4.630253010,0.044743007,0.072862022,4.956983030,0,0.400000000
77.099016666,20064,3663,0,11556,8508,16397,595,162,147,57,90,7897,8500,247,348,1.249996050,1.558344006,32.879477819,188.595779202,nan,1,nan,nan,nan,0.000000000,9.593157039,4.643485998,0.042191998,0.053587020,4.946885980,0,0.400000000
77.200118780,20448,3814,0,11846,8602,16630,589,153,152,56,96,8034,8596,236,353,1.195094760,1.567678717,29.741495712,213.073891337,30.090808868,3,1.000000000,nan,nan,0.000000000,6.209681043,2.923155902,0.025384070,0.033574004,3.115008003,0,0.400000000
77.298878431,19776,3794,0,11439,8337,15978,591,163,163,67,96,7646,8332,238,353,1.239402996,1.556537009,33.907584011,229.525393336,4.465818405,2,0.000000000,nan,nan,0.000000000,5.562020000,3.169755975,0.032809970,0.061284052,3.406686999,0,0.400000000
77.399630070,20352,3915,0,11839,8513,16433,598,155,158,65,93,7924,8509,246,352,1.252740188,1.593955102,29.582077582,258.837670798,90.502023697,6,1.000000000,nan,nan,0.000000000,6.600236986,3.245547938,0.028777926,0.046054949,3.454383987,0,0.400000000
77.500190735,20064,3911,0,11668,8396,16149,586,151,148,61,87,7754,8395,236,350,1.285225063,1.572089406,26.545617612,191.936889693,8.737325668,25,0.000000000,nan,nan,0.000000000,3.311375971,1.699676039,0.015885977,0.026609981,1.816153992,0,0.400000000
77.602025032,20064,4121,0,11883,8181,15939,587,147,150,65,85,7758,8181,235,352,1.267751813,1.606102375,21.630619031,194.984151280,29.287815094,4,1.000000000,nan,nan,0.000000000,10.550521954,4.750065040,0.039804901,0.052689982,5.040744960,0,0.400000000
77.700295687,20064,4053,0,11620,8444,15939,587,153,151,64,87,7758,8181,235,352,1.267751813,1.606102375,22.157168709,196.899845781,nan,nan,nan,nan,nan,0.000000000,4.616552964,2.983982034,0.020260981,0.029107032,3.142606001,0,0.400000000
77.800263882,19296,4143,0,11248,8048,15149,573,134,144,54,90,7105,8044,218,355,1.374010499,1.625779497,23.716587339,161.396600600,9.949922562,3,0.000000000,nan,nan,0.000000000,6.758454023,4.831228056,0.035548001,0.032039010,5.107513978,0,0.400000000
77.900028944,20640,4110,0,12055,8585,16526,560,124,126,46,80,7941,8585,213,347,1.371816679,1.591561778,21.902579075,165.527417972,5.799293518,2,0.000000000,nan,nan,0.000000000,8.789393003,3.873129899,0.031124044,0.060822000,4.124275001,0,0.400000000
78.000253201,19872,4294,0,11752,8120,16526,560,125,123,44,79,7941,8585,213,347,1.371816679,1.591561778,21.679384924,152.264693836,nan,nan,nan,nan,nan,0.000000000,3.646541969,2.400510013,0.019566040,0.030218973,2.567283984,0,0.400000000
78.098809481,20160,4132,0,11694,8466,16024,562,134,128,50,78,7562,8462,213,349,1.419845749,1.573083294,26.235377006,200.449110078,3.287792206,2,0.000000000,nan,nan,0.000000000,8.106204972,4.771384003,0.041630934,0.062305015,5.102436000,0,0.400000000
78.199300289,19680,4305,0,11698,7982,15371,581,134,135,47,88,7389,7982,219,362,1.494382192,1.626154816,29.456664270,232.100548331,nan,1,nan,nan,nan,0.000000000,8.561569965,3.330684965,0.021285086,0.025393965,3.513261036,0,0.400000000
78.298898697,20448,4306,0,12081,8367,16138,563,135,130,44,86,7775,8363,213,350,1.492313677,1.574099728,22.097834978,212.690438090,69.795131683,4,1.000000000,nan,nan,0.000000000,11.385021033,5.294762028,0.043062028,0.054199016,5.632471002,0,0.400000000
78.400232553,19968,4444,0,11716,8252,15520,560,134,132,52,80,7268,8252,206,354,1.457846681,1.562594679,24.969627117,229.294471804,nan,1,nan,nan,nan,0.000000000,8.135121025,1.734057965,0.014825957,0.029009010,1.850927016,0,0.400000000
78.500729084,20064,4365,0,11780,8284,15695,558,130,128,39,89,7411,8284,204,354,1.344381994,1.553809106,26.206516709,207.052688799,5.272388458,2,0.000000000,nan,nan,0.000000000,10.834699031,4.862032016,0.037059013,0.046930043,5.166035029,0,0.400000000
78.603747129,19680,4313,0,11283,8397,15363,556,138,135,45,90,6970,8393,205,351,1.436757459,1.551172413,26.786199098,186.305949711,nan,1,nan,nan,nan,0.000000000,8.802103985,3.010319022,0.014716934,0.036735961,3.131012025,0,0.400000000
78.700628519,20256,4445,0,11684,8572,15807,566,129,121,50,71,7235,8572,210,356,1.286592780,1.616514746,22.706873902,205.673636452,79.558610916,3,1.000000000,nan,nan,0.000000000,8.030469005,4.168625979,0.036442012,0.083817984,4.459092976,0,0.400000000
78.800186872,20064,4484,0,11423,8641,15807,566,126,125,49,76,7235,8572,210,356,1.286592780,1.616514746,25.616721459,203.702470069,nan,nan,nan,nan,nan,0.000000000,7.424503972,4.822847084,0.039851002,0.022904016,5.165272043,0,0.400000000
78.900281668,19968,4529,0,11671,8297,15807,566,126,126,48,78,7235,8572,210,356,1.286592780,1.616514746,25.833956423,203.605210407,nan,nan,nan,nan,nan,0.000000000,6.470041000,4.274093953,0.030672003,0.045465014,4.530755978,0,0.400000000
78.999572039,19968,4747,0,11603,8365,15807,566,123,123,46,77,7235,8572,210,356,1.286592780,1.616514746,25.658034566,196.911843472,nan,nan,nan,nan,nan,0.000000000,3.506116976,2.473326051,0.025621965,0.039811013,2.659896039,0,0.400000000
79.099084616,20160,4785,0,12078,8082,15807,566,123,123,46,77,7235,8572,210,356,1.286592780,1.616514746,25.733747385,196.574990434,nan,nan,nan,nan,nan,0.000000000,8.231455984,6.095118937,0.040380983,0.086852990,6.445929001,0,0.400000000
79.200371742,19872,4809,0,11687,8185,15059,556,138,141,58,83,6955,8104,203,353,1.494722737,1.450544683,28.237876110,244.953079321,nan,1,nan,nan,nan,0.000000000,9.132857027,4.768957966,0.040445011,0.052321004,5.078207003,0,0.400000000
79.299236059,20064,4915,0,12092,7972,15145,556,120,133,53,80,7322,7823,206,350,1.465322444,1.486233453,19.476859532,218.142785635,88.614940643,3,1.000000000,nan,nan,0.000000000,4.073325952,1.889241103,0.013721932,0.026867026,2.002198016,0,0.400000000
79.400243998,20064,4914,0,11870,8194,15145,556,131,130,52,78,7322,7823,206,350,1.465322444,1.486233453,18.746421520,213.846885169,nan,nan,nan,nan,nan,0.000000000,3.417679982,2.510153048,0.023015949,0.044027052,2.715579001,0,0.400000000
79.501250744,19296,4940,0,11582,7714,14352,544,117,129,47,82,6853,7499,202,342,1.639773455,1.484347014,19.676336370,182.220059168,15.437364578,5,1.000000000,nan,nan,0.000000000,7.903102029,2.590763965,0.013486948,0.026736991,2.705974039,0,0.400000000
79.596365452,20448,5113,0,12458,7990,15331,553,110,111,48,63,7575,7756,216,337,1.575572648,1.365155288,20.909800077,209.602800144,20.293474197,2,1.000000000,nan,nan,0.000000000,12.464447995,6.456544972,0.041096006,0.105675019,6.826229976,0,0.400000000
79.698980808,20256,5177,0,12162,8094,15075,562,119,129,58,71,7245,7830,211,351,1.672930397,1.369893763,19.909634051,260.119103606,nan,1,nan,nan,nan,0.000000000,7.848985028,3.203082015,0.013441022,0.028069015,3.316904011,0,0.400000000
79.800174713,19968,5242,0,12295,7673,15075,562,129,129,51,78,7245,7830,211,351,1.672930397,1.369893763,20.301926072,254.551674341,nan,nan,nan,nan,nan,0.000000000,3.460542997,2.562810027,0.022699940,0.033826975,2.746045997,0,0.400000000
79.900202990,19392,5144,0,12065,7327,14244,531,124,126,56,70,7164,7080,210,321,1.755093197,1.369609263,22.302382008,220.447941020,36.730051041,4,1.000000000,nan,nan,0.000000000,10.972641991,5.400794034,0.051561045,0.025601999,5.816521007,0,0.400000000
79.998865843,20640,5413,0,12719,7921,15223,554,110,105,39,66,7583,7640,220,334,1.790748793,1.338978251,20.522990871,138.013297021,nan,1,nan,nan,nan,0.000000000,7.328217966,4.478998075,0.034233963,0.077513978,4.783654993,0,0.400000000
80.100319147,19968,5357,0,12262,7706,15223,554,107,108,37,71,7583,7640,220,334,1.790748793,1.338978251,20.857990358,139.047668502,nan,nan,nan,nan,nan,0.000000000,10.590600024,7.701519993,0.053915952,0.083047024,8.177281008,0,0.400000000
80.201314211,19776,5450,0,12338,7438,15223,554,115,114,39,75,7583,7640,220,334,1.790748793,1.338978251,24.990867417,159.248396904,nan,nan,nan,nan,nan,0.000000000,5.201260967,3.204161068,0.024196983,0.020615000,3.397600027,0,0.400000000
80.300913095,20160,5480,0,12441,7719,15223,554,113,111,38,73,7583,7640,220,334,1.790748793,1.338978251,22.417178113,164.523463513,nan,nan,nan,nan,nan,0.000000000,6.891749043,4.959519953,0.035746023,0.055801996,5.268957000,0,0.400000000
80.403100491,19968,5544,0,12538,7430,15223,554,109,109,37,72,7583,7640,220,334,1.790748793,1.338978251,21.047743616,148.283407558,nan,nan,nan,nan,nan,0.000000000,7.337908028,5.358566996,0.037376012,0.058273959,5.701999995,0,0.400000000
80.498659134,20064,5464,0,12247,7817,15223,554,110,111,39,72,7583,7640,220,334,1.790748793,1.338978251,23.578943699,155.366982707,nan,nan,nan,nan,nan,0.000000000,9.278724960,6.360612984,0.039069913,0.064052001,6.709815003,0,0.400000000
80.600174427,20064,5622,0,12584,7480,14438,556,121,127,60,67,7275,7163,232,324,1.999985515,1.446230269,25.593631134,225.717108700,105.609893799,2,1.000000000,nan,nan,0.000000000,7.614900998,3.928838996,0.025129993,0.062654028,4.099682032,0,0.400000000
80.700898170,20064,5498,0,12302,7762,14562,543,108,113,49,64,7167,7395,230,313,2.047201683,1.362062384,20.848807238,207.464544769,74.356794357,5,1.000000000,nan,nan,0.000000000,3.104034986,1.646247052,0.012451026,0.043138978,1.759912993,0,0.400000000
80.800213337,19968,5623,0,12617,7351,14341,545,108,123,59,64,7329,7012,230,315,2.123915307,1.456104886,22.210429976,264.550113537,30.359029770,14,1.000000000,nan,nan,0.000000000,12.518749980,6.668424932,0.050943985,0.107945001,7.108473976,0,0.400000000
80.900134087,19968,5459,0,12382,7586,14505,547,102,111,54,57,7300,7205,234,313,2.281590021,1.410281506,22.599448435,220.520491316,8.369684219,4,0.000000000,nan,nan,0.000000000,8.820253017,5.591472087,0.046096044,0.208759971,6.004513998,0,0.400000000
81.000433445,19968,5513,0,12584,7384,14451,560,113,113,56,57,7466,6985,236,324,2.253722293,1.460229048,20.114255698,211.246392904,9.660482407,3,0.000000000,nan,nan,0.000000000,5.754992017,3.732718062,0.026722031,0.073588977,3.969781974,0,0.400000000
81.102740526,20064,5515,0,12633,7431,14545,527,110,112,53,59,7525,7020,229,298,2.260799308,1.390406056,18.240371923,243.611495905,36.023855209,10,1.000000000,nan,nan,0.000000000,8.175628027,3.842756967,0.026500027,0.065820001,4.071129952,0,0.400000000
81.200168133,19968,5368,0,12506,7462,14596,547,124,120,63,57,7535,7061,238,309,2.264396421,1.329445346,22.101909009,199.829617886,44.073820114,12,1.000000000,nan,nan,0.000000000,13.477492030,7.435413019,0.057033903,0.110303983,7.894645038,0,0.400000000
81.302168131,19968,5392,0,12627,7341,14572,553,127,119,57,62,7604,6968,244,309,2.254542851,1.279369591,24.149889076,222.342767623,6.875753403,9,0.000000000,nan,nan,0.000000000,13.841040956,8.272198029,0.066219945,0.149225991,8.819192008,0,0.400000000
81.400138378,20064,5458,0,12728,7336,14572,553,127,126,56,70,7604,6968,244,309,2.254542851,1.279369591,24.467851692,235.358759957,nan,nan,nan,nan,nan,0.000000000,4.785817000,3.892923007,0.034599914,0.049231050,4.173346970,0,0.400000000
81.500145435,19968,5411,0,12801,7167,14572,553,125,125,55,70,7604,6968,244,309,2.254542851,1.279369591,22.781022063,232.171114392,nan,nan,nan,nan,nan,0.000000000,3.928923048,2.822341921,0.022823981,0.042898988,3.012505011,0,0.400000000
81.600290060,19968,5493,0,12786,7182,14572,553,124,123,55,68,7604,6968,244,309,2.254542851,1.279369591,22.421782420,230.674395266,nan,nan,nan,nan,nan,0.000000000,8.589153993,6.442483980,0.050305971,0.079835008,6.849861005,0,0.400000000
81.700265646,19968,5469,0,12765,7203,14572,553,121,122,55,67,7604,6968,244,309,2.254542851,1.279369591,22.309529935,228.493309850,nan,nan,nan,nan,nan,0.000000000,5.790308001,4.194068024,0.034403987,0.056267949,4.484387988,0,0.400000000
81.800177336,19200,5406,0,12507,6693,13790,549,124,129,71,58,7313,6477,268,281,2.310469385,1.142020153,30.277881447,269.818749271,44.420719147,4,1.000000000,nan,nan,0.000000000,6.866514974,4.308824020,0.035290024,0.292434008,4.604226968,0,0.400000000
81.899545670,20736,5689,0,13236,7500,13790,549,129,125,68,57,7313,6477,268,281,2.310469385,1.142020153,24.926757644,271.652085885,nan,nan,nan,nan,nan,0.000000000,7.679767965,5.252011062,0.038061000,0.031037023,5.552991002,0,0.400000000
81.998974085,20064,5499,0,13012,7052,14561,554,133,129,69,60,7704,6857,269,285,2.301432221,1.119873682,26.085824823,279.639959643,64.287662506,6,1.000000000,nan,nan,0.000000000,8.313977043,3.669913916,0.015925034,0.032572949,3.798665013,0,0.400000000
82.100237608,20064,5362,0,12848,7216,14561,554,123,119,65,54,7704,6857,269,285,2.301432221,1.119873682,22.423679251,173.554562043,nan,nan,nan,nan,nan,0.000000000,7.104068995,4.794071021,0.033679011,0.061975035,5.071500025,0,0.400000000
82.200191498,19776,5310,0,12643,7133,14561,554,124,124,67,57,7704,6857,269,285,2.301432221,1.119873682,25.481963845,194.503915672,nan,nan,nan,nan,nan,0.000000000,4.611442040,3.143878072,0.022238994,0.028398994,3.326620965,0,0.400000000
82.299023867,20064,5138,0,12664,7400,14922,558,119,115,62,53,7617,7305,264,294,2.336353623,1.111868255,21.490061152,188.997077513,nan,1,nan,nan,nan,0.000000000,6.943223008,3.424509894,0.023968925,0.036981946,3.631995001,0,0.400000000
82.401916027,19872,5165,0,12635,7237,14703,562,118,113,58,55,7529,7174,266,296,2.299330723,1.112113754,24.338446282,234.704596528,nan,1,nan,nan,nan,0.000000000,7.967631973,3.408642078,0.025621033,0.025103975,3.627809987,0,0.400000000
82.499185085,20064,5092,0,12549,7515,14968,535,99,108,58,50,7514,7454,263,272,2.302891105,1.116278395,23.707099428,148.112937098,75.020074844,6,1.000000000,nan,nan,0.000000000,4.226983001,2.418553922,0.018690072,0.037255988,2.589680953,0,0.400000000
82.599562407,19968,5247,0,12671,7297,14968,535,110,109,60,49,7514,7454,263,272,2.302891105,1.116278395,23.600160749,159.719999645,nan,nan,nan,nan,nan,0.000000000,7.459942019,5.482161010,0.033123069,0.018660969,5.771224038,0,0.400000000
82.702006340,19968,5156,0,12367,7601,14808,520,98,103,61,42,7338,7470,253,267,2.329140217,1.128667996,20.281789975,112.433723125,4.776000977,2,0.000000000,nan,nan,0.000000000,7.062090968,4.158473923,0.030081021,0.027925998,4.439377983,0,0.400000000
82.800269604,19680,4999,0,12295,7385,14808,520,106,105,64,41,7338,7470,253,267,2.329140217,1.128667996,21.587341142,108.240485618,nan,nan,nan,nan,nan,0.000000000,2.385649015,1.608957013,0.012005970,0.024801993,1.717426989,0,0.400000000
82.898262739,20352,5159,0,12370,7982,14808,520,105,104,65,39,7338,7470,253,267,2.329140217,1.128667996,20.075340241,120.256135341,nan,nan,nan,nan,nan,0.000000000,2.882048953,1.945217955,0.014079036,0.023832021,2.076702018,0,0.400000000
83.000144720,20064,5097,0,12373,7691,14808,520,106,104,65,39,7338,7470,253,267,2.329140217,1.128667996,20.499844260,137.650000207,nan,nan,nan,nan,nan,0.000000000,7.298604003,5.312750931,0.041860971,0.077552977,5.686597957,0,0.400000000
83.100366116,19680,4972,0,12108,7572,14808,520,102,102,63,39,7338,7470,253,267,2.329140217,1.128667996,19.995121844,145.229890274,nan,nan,nan,nan,nan,0.000000000,10.551836982,7.275769080,0.049778027,0.071347982,7.732657017,0,0.400000000
83.198800802,20256,5018,0,12325,7931,15234,525,103,104,59,45,7592,7642,250,275,2.275477287,1.236092816,24.710681818,190.564822463,8.559226990,2,0.000000000,nan,nan,0.000000000,6.591762009,3.122398106,0.023378001,0.049770984,3.312824992,0,0.400000000
83.300211191,20064,4982,0,12397,7667,15078,525,116,112,66,46,7701,7377,255,270,2.274614042,1.212437649,22.413717070,184.353873231,4.503011703,2,0.000000000,nan,nan,0.000000000,9.051098023,3.745877068,0.013566052,0.030839990,3.878274991,0,0.400000000
83.400503635,19968,4825,0,12162,7806,15139,557,117,116,74,42,7654,7485,270,287,2.243410660,1.221420863,21.529114633,123.291571998,7.608652115,2,0.000000000,nan,nan,0.000000000,13.872111042,7.443083043,0.052729971,0.100732024,7.895546965,0,0.400000000
83.500097752,20064,4828,0,12392,7672,15139,557,114,116,75,41,7654,7485,270,287,2.243410660,1.221420863,22.978665795,117.669732097,nan,nan,nan,nan,nan,0.000000000,8.554055006,6.387418951,0.050537987,0.070490001,6.836073007,0,0.400000000
83.600695372,19296,4627,0,11471,7825,14665,529,99,101,56,45,7212,7453,247,282,2.204711297,1.186774198,19.946440253,152.254908285,nan,1,nan,nan,nan,0.000000000,12.725033972,6.763565005,0.042754982,0.090444984,7.160420995,0,0.400000000
83.698589325,20736,4927,0,12930,7806,15805,547,113,114,58,56,8374,7431,255,292,2.198639762,1.202615475,20.350546200,206.052150921,30.303001404,2,1.000000000,nan,nan,0.000000000,7.474759012,1.683618000,0.012508011,0.024967012,1.795188000,0,0.400000000
83.800375462,19968,4716,0,12116,7852,15248,541,97,102,55,47,7787,7461,254,287,2.201257201,1.193368803,16.673585637,109.385513464,65.062522888,4,1.000000000,nan,nan,0.000000000,6.220179959,2.952139999,0.017773942,0.028683979,3.121489019,0,0.400000000
83.900178671,20064,4608,0,12257,7807,15452,546,114,112,59,53,8038,7414,257,289,2.153658479,1.226271156,21.029597712,168.279460567,5.899429321,3,0.000000000,nan,nan,0.000000000,7.692263986,4.670683003,0.038798025,0.078666024,5.005257030,0,0.400000000
84.000250816,19968,4743,0,12201,7767,15221,553,107,112,62,50,7858,7363,269,284,2.193308781,1.211483786,19.393233383,134.527883680,16.466617584,5,1.000000000,nan,nan,0.000000000,8.142305014,3.863528022,0.025549030,0.043515989,4.093338037,0,0.400000000
84.100363970,20064,4690,0,12440,7624,15370,547,111,109,61,48,8154,7216,261,286,2.163448891,1.224303269,16.583696882,152.328542221,11.687278748,3,0.000000000,nan,nan,0.000000000,10.255070985,5.453776917,0.042550033,0.086922024,5.833612988,0,0.400000000
84.203303337,19680,4843,0,11990,7690,15370,547,110,108,61,47,8154,7216,261,286,2.163448891,1.224303269,17.169460802,154.323073705,nan,nan,nan,nan,nan,0.000000000,9.555193014,7.142012008,0.043326872,0.125002989,7.535337005,0,0.400000000
84.300201416,20256,4684,0,12583,7673,15568,546,112,111,57,54,8293,7275,258,288,2.143595866,1.269529474,17.176643209,123.892663603,7.495641708,19,0.000000000,nan,nan,0.000000000,8.281021961,3.855874063,0.027212023,0.041268009,4.091530980,0,0.400000000
84.398989916,19872,4827,0,12259,7613,15568,546,118,117,61,56,8293,7275,258,288,2.143595866,1.269529474,20.381562489,151.250163663,nan,nan,nan,nan,nan,0.000000000,2.721661003,1.826592023,0.019810977,0.053284981,2.006166033,0,0.400000000
84.501965523,20064,4692,0,12280,7784,15368,569,123,120,61,59,7947,7421,256,313,2.093223793,1.344316946,22.038280937,99.543839781,119.784832001,4,1.000000000,nan,nan,0.000000000,9.337130003,5.486232054,0.040287967,0.083633990,5.820659047,0,0.400000000
84.600279570,20160,4771,0,12284,7876,15368,569,115,112,56,56,7947,7421,256,313,2.093223793,1.344316946,20.090638627,88.527663143,nan,nan,nan,nan,nan,0.000000000,6.055316015,4.438584961,0.035831006,0.091760943,4.753397021,0,0.400000000
84.700395346,19968,4612,0,12227,7741,15368,569,113,112,57,55,7947,7421,256,313,2.093223793,1.344316946,19.832544758,90.184808672,nan,nan,nan,nan,nan,0.000000000,6.481259014,4.640262981,0.026835012,0.141614000,4.888745025,0,0.400000000
84.800246716,20064,4710,0,12478,7586,15350,573,123,123,60,63,8070,7280,257,316,2.098413780,1.670248745,23.410911661,160.242722940,nan,1,nan,nan,nan,0.000000000,6.557517976,3.372903040,0.018488034,0.036448997,3.536029020,0,0.400000000
84.900092602,19968,4508,0,12332,7636,15456,567,124,116,52,64,8092,7364,250,317,2.089718123,1.652470116,20.793761021,138.156125125,20.046472549,4,1.000000000,nan,nan,0.000000000,13.693924993,7.282742008,0.053717871,0.077857985,7.697442023,0,0.400000000
85.000385046,19776,4544,0,12342,7434,15456,567,113,112,51,61,8092,7364,250,317,2.089718123,1.652470116,20.882842211,133.995426486,nan,nan,nan,nan,nan,0.000000000,5.919655028,4.000550020,0.026064052,0.042957021,4.229723010,0,0.400000000
85.100625515,19872,4472,0,12279,7593,15456,567,115,115,53,62,8092,7364,250,317,2.089718123,1.652470116,20.030952991,111.745933150,nan,nan,nan,nan,nan,0.000000000,4.494894005,3.213335935,0.023633998,0.043960987,3.419089015,0,0.400000000
85.202130556,20448,4429,0,13029,7419,16015,562,109,115,46,69,8813,7202,235,327,1.991275696,1.844209069,20.031306262,159.157674082,nan,1,nan,nan,nan,0.000000000,5.935647991,2.823524992,0.018667022,0.048507995,2.993335016,0,0.400000000
85.300240993,19488,4265,0,11817,7671,16015,562,118,118,53,65,8813,7202,235,327,1.991275696,1.844209069,21.664647733,156.832122631,nan,nan,nan,nan,nan,0.000000000,5.820233957,4.268117016,0.032971031,0.060261984,4.548938014,0,0.400000000
85.399482727,20256,4104,0,12750,7506,16148,556,121,117,51,66,8860,7288,233,323,1.925168999,1.871716558,21.604872963,123.255944149,4.913091660,2,0.000000000,nan,nan,0.000000000,8.008525998,3.756907012,0.026166032,0.039083010,3.977297980,0,0.400000000
85.498855591,20256,4266,0,12268,7988,15986,558,113,110,47,63,8265,7721,232,326,1.974008601,1.727497859,22.617524453,121.327199084,21.485567093,8,1.000000000,nan,nan,0.000000000,8.675925026,1.918027992,0.013180019,0.021727988,2.038987994,0,0.400000000
85.600329161,19968,3950,0,12326,7642,16014,566,118,116,47,69,8578,7436,233,333,1.911891736,1.905708944,20.358979814,111.064266207,nan,1,nan,nan,nan,0.000000000,8.579921967,3.932208056,0.027234026,0.079974998,4.171626002,0,0.400000000
85.700207472,19968,3929,0,12157,7811,16014,566,114,113,47,66,8578,7436,233,333,1.911891736,1.905708944,20.216060166,112.694126359,nan,nan,nan,nan,nan,0.000000000,4.743213998,2.875634935,0.019921048,0.055318000,3.036278009,0,0.400000000
85.800207615,19680,3736,0,12227,7453,16014,566,114,115,48,67,8578,7436,233,333,1.911891736,1.905708944,20.298950917,112.899162938,nan,nan,nan,nan,nan,0.000000000,5.141683039,3.800355073,0.030612049,0.080464990,4.057132988,0,0.400000000
85.900404453,20352,3720,0,12374,7978,16628,595,117,115,48,67,8761,7867,236,359,1.916071799,1.839546143,25.171805609,157.469352577,nan,1,nan,nan,nan,0.000000000,7.352858956,3.447811003,0.021846034,0.050620001,3.642771975,0,0.400000000
86.000265837,19872,3593,0,12276,7596,16628,595,114,116,50,66,8761,7867,236,359,1.916071799,1.839546143,24.212762016,148.439614442,nan,nan,nan,nan,nan,0.000000000,5.285483028,3.949672042,0.030656985,0.079619000,4.214291985,0,0.400000000
86.098928690,20160,3335,0,12469,7691,16628,595,116,116,50,66,8761,7867,236,359,1.916071799,1.839546143,24.023746647,148.967920983,nan,nan,nan,nan,nan,0.000000000,7.781608030,5.451352976,0.038065016,0.095308002,5.783869012,0,0.400000000
86.200999022,19872,3092,0,12088,7784,16628,595,116,116,50,66,8761,7867,236,359,1.916071799,1.839546143,24.627076253,150.405798128,nan,nan,nan,nan,nan,0.000000000,5.722171045,3.794868942,0.019480998,0.044952962,3.971997998,0,0.400000000
86.299094915,19488,2632,0,11763,7725,16852,600,127,127,56,71,9127,7725,261,339,1.909931207,1.533205160,27.300457261,118.892506484,64.498186111,8,1.000000000,nan,nan,0.000000000,5.190846976,2.559951914,0.017190876,0.052864954,2.703408012,0,0.400000000
86.398880243,19872,3045,0,12033,7839,16823,583,123,122,49,73,8987,7836,251,332,1.921659149,1.549825296,25.750751215,110.288853315,38.458347321,6,1.000000000,nan,nan,0.000000000,3.448715026,1.779459009,0.013814017,0.026655965,1.892712025,0,0.400000000
86.498955011,19680,3239,0,12055,7625,16437,599,122,120,52,68,8816,7621,258,341,1.925865745,1.553088820,22.135718729,132.730259876,nan,1,nan,nan,nan,0.000000000,9.829087998,4.003953945,0.026496011,0.024922017,4.226151970,0,0.400000000
86.600928068,20256,3100,0,12182,8074,16437,599,123,124,55,69,8816,7621,258,341,1.925865745,1.553088820,23.476440706,147.479960950,nan,nan,nan,nan,nan,0.000000000,3.329055966,2.462094941,0.020831998,0.034769997,2.636753023,0,0.400000000
86.700164318,19872,3135,0,11931,7941,16437,599,123,125,55,70,8816,7621,258,341,1.925865745,1.553088820,24.151459156,150.361054999,nan,nan,nan,nan,nan,0.000000000,6.427860004,4.697497061,0.027454982,0.025877962,4.950416973,0,0.400000000
86.800114393,19776,2856,0,11957,7819,16916,598,133,115,44,71,9097,7819,247,351,1.854366484,1.600721710,27.469663491,118.243243763,nan,1,nan,nan,nan,0.000000000,5.045601982,2.725756960,0.020932988,0.043342996,2.891487035,0,0.400000000
86.899088621,20064,3129,0,11894,8170,16931,600,110,112,42,70,8764,8167,242,358,1.896360850,1.605767791,25.015937929,102.492624358,90.743780136,3,1.000000000,nan,nan,0.000000000,12.192055001,5.245288077,0.031559961,0.061105005,5.526134977,0,0.400000000
87.000216246,19968,2926,0,12000,7968,17038,585,110,112,52,60,9070,7968,240,345,1.846683494,1.631215328,26.863434420,95.906031048,nan,1,nan,nan,nan,0.000000000,4.651103984,2.227637975,0.015453028,0.025170040,2.359709993,0,0.400000000
87.100220442,19968,3022,0,11789,8179,16942,585,112,116,47,69,8763,8179,230,355,1.875738228,1.615097886,25.233664438,114.916375132,nan,1,nan,nan,nan,0.000000000,11.655759998,5.302379956,0.033864984,0.049549039,5.593249982,0,0.400000000
87.200246811,19968,2887,0,11906,8062,16942,585,116,117,50,67,8763,8179,230,355,1.875738228,1.615097886,27.131870982,122.738591557,nan,nan,nan,nan,nan,0.000000000,4.237123008,2.825323027,0.020105042,0.032879994,2.997549018,0,0.400000000
87.300065279,20064,2887,0,11684,8380,16942,585,115,115,49,66,8763,8179,230,355,1.875738228,1.615097886,26.128664362,115.850883853,nan,nan,nan,nan,nan,0.000000000,4.469108011,3.182647983,0.017847982,0.046549016,3.346126003,0,0.400000000
87.400115490,19968,2885,0,11781,8187,16942,585,115,116,49,67,8763,8179,230,355,1.875738228,1.615097886,26.890191540,116.072330196,nan,nan,nan,nan,nan,0.000000000,5.646966980,3.740468994,0.019575993,0.047159032,3.915727953,0,0.400000000
87.500588417,19872,2775,0,11437,8435,17093,606,101,112,52,60,8661,8432,229,377,1.831741538,1.649001356,25.128309658,133.202676348,5.770683289,6,0.000000000,nan,nan,0.000000000,12.440962018,5.523795029,0.032274984,0.070897979,5.812932039,0,0.400000000
87.598852158,20160,2916,0,11663,8497,17240,614,121,112,43,69,8747,8493,236,378,1.795164848,1.653478182,21.935089969,98.315937837,40.032625198,3,1.000000000,nan,nan,0.000000000,10.325135023,5.823789979,0.039958977,0.069152971,6.161835976,0,0.400000000
87.700148582,19872,2700,0,11344,8528,17168,606,107,107,43,64,8644,8524,229,377,1.809640599,1.660284470,23.220675197,126.133945040,40.116548538,4,1.000000000,nan,nan,0.000000000,5.109794030,3.082591982,0.021573971,0.058764010,3.286599007,0,0.400000000
87.800311089,20064,2899,0,11513,8551,17161,620,111,107,43,64,8614,8547,234,386,1.801430392,1.705933161,21.426193771,86.168891880,5.952835083,2,0.000000000,nan,nan,0.000000000,6.884375005,4.208726052,0.029330025,0.143791025,4.513738968,0,0.400000000
87.900222778,19776,2752,0,11344,8432,17161,620,104,103,41,62,8614,8547,234,386,1.801430392,1.705933161,21.580666573,88.562848621,nan,nan,nan,nan,nan,0.000000000,11.560894956,8.432217990,0.047804031,0.109091983,8.950082003,0,0.400000000
87.999724150,20064,2926,0,11632,8432,17134,612,123,115,48,67,8706,8428,229,383,1.814266797,1.717330449,30.003179055,108.865469391,89.978694916,7,1.000000000,nan,nan,0.000000000,7.041089004,1.902071061,0.014161924,0.032943964,2.023659996,0,0.400000000
88.102544069,19968,2794,0,11499,8469,17170,620,122,119,52,67,8701,8469,228,392,1.775302785,1.722746045,31.715231006,119.918988023,21.311998367,11,1.000000000,nan,nan,0.000000000,13.070091023,6.167368032,0.040041981,0.091023976,6.507381971,0,0.400000000
88.200130939,20064,2971,0,11695,8369,17089,614,120,114,50,64,8720,8369,223,391,1.756167860,1.718929028,25.737342962,111.920511163,89.456081390,2,1.000000000,nan,nan,0.000000000,8.195387025,3.738892032,0.024143956,0.056571036,3.953006992,0,0.400000000
88.300309420,19968,2856,0,11516,8452,17108,622,120,112,49,63,8656,8452,219,403,1.729635212,1.730838981,30.490674061,104.793340812,65.906763077,4,1.000000000,nan,nan,0.000000000,8.105929999,4.021177068,0.031171076,0.037805003,4.275583022,0,0.400000000
88.400104523,19872,2928,0,11418,8454,16940,615,105,105,45,60,8487,8453,214,401,1.767697381,1.728908897,23.976837789,115.671088006,nan,1,nan,nan,nan,0.000000000,7.022331993,3.039119940,0.017856946,0.044090964,3.206422960,0,0.400000000
88.500208616,20064,2871,0,11571,8493,16940,615,113,108,47,61,8487,8453,214,401,1.767697381,1.728908897,25.528003915,114.477790679,nan,nan,nan,nan,nan,0.000000000,5.206533999,3.627950966,0.022539985,0.037710997,3.820242011,0,0.400000000
88.600283384,19776,2908,0,11326,8450,16940,615,109,105,44,61,8487,8453,214,401,1.767697381,1.728908897,24.066128817,112.062140216,nan,nan,nan,nan,nan,0.000000000,7.022769016,5.224856955,0.037629914,0.089248992,5.582162004,0,0.400000000
88.699119806,19968,2732,0,11509,8459,17232,630,119,123,46,77,8777,8455,216,414,1.623555681,1.783503279,34.343540778,116.854511804,46.903133392,4,1.000000000,nan,nan,0.000000000,9.008766036,4.626017006,0.033518008,0.090893009,4.900191037,0,0.400000000
88.798900366,20160,2921,0,11385,8775,17235,616,116,112,43,69,8464,8771,212,404,1.750980462,1.784800808,26.345199527,118.655473399,33.698558807,6,1.000000000,nan,nan,0.000000000,13.352288981,6.593555969,0.041775929,0.102045015,6.940970023,0,0.400000000
88.900501251,19488,2908,0,11444,8044,16576,625,114,123,47,76,8532,8044,215,410,1.606703707,1.777533689,32.129851845,113.339010215,3.860950470,2,0.000000000,nan,nan,0.000000000,5.080436997,2.954930940,0.022540044,0.050140021,3.146916977,0,0.400000000
89.000638247,20064,2934,0,11248,8816,17126,622,114,112,46,66,8314,8812,208,414,1.732590527,1.785429901,23.970132099,134.321472533,115.732431412,5,1.000000000,nan,nan,0.000000000,10.352039011,5.994554027,0.041884021,0.143832993,6.353666016,0,0.400000000
89.099479675,20352,3002,0,12004,8348,17126,622,107,105,43,62,8314,8812,208,414,1.732590527,1.785429901,23.068870160,125.941278616,nan,nan,nan,nan,nan,0.000000000,7.976118010,5.748044990,0.029694987,0.027019996,6.015143008,0,0.400000000
89.199267387,19968,2857,0,11354,8614,17107,637,114,123,45,78,8493,8614,217,420,1.737468569,1.742746566,27.564020638,146.544594003,59.218406677,4,1.000000000,nan,nan,0.000000000,9.005552973,4.030950950,0.025449030,0.094218005,4.248886951,0,0.400000000
89.299170494,20160,3045,0,11554,8606,17111,636,123,119,51,68,8507,8604,230,406,1.881561561,1.767751511,29.472165379,122.396205080,nan,1,nan,nan,nan,0.000000000,5.262308987,2.761407115,0.017926970,0.058133970,2.912745986,0,0.400000000
89.400793552,19872,2763,0,11237,8635,17111,636,128,129,54,75,8507,8604,230,406,1.881561561,1.767751511,30.647735823,128.964512725,nan,nan,nan,nan,nan,0.000000000,4.951530020,3.678701993,0.029461051,0.076722004,3.920942952,0,0.400000000
89.500262499,20160,3068,0,11527,8633,17088,604,121,125,43,82,8458,8630,213,391,1.960345593,1.759542810,29.836260705,130.077883794,69.713354111,6,1.000000000,nan,nan,0.000000000,15.783384966,8.535469009,0.059186073,0.114794006,9.022168000,0,0.400000000
89.600115299,19872,2672,0,11225,8647,17196,598,123,127,40,87,8549,8647,208,390,1.919990352,1.739583827,31.054826904,96.746290474,74.701786041,3,1.000000000,nan,nan,0.000000000,12.642629037,5.859670986,0.040889019,0.068060996,6.187200022,0,0.400000000
89.703919649,20256,3019,0,11791,8465,17196,598,124,124,39,85,8549,8647,208,390,1.919990352,1.739583827,30.645923097,97.980276388,nan,nan,nan,nan,nan,0.000000000,7.064128004,5.281850928,0.046232948,0.094230985,5.634717993,0,0.400000000
89.800199509,19776,2572,0,11082,8694,17196,598,124,123,38,85,8549,8647,208,390,1.919990352,1.739583827,29.966018929,97.338805118,nan,nan,nan,nan,nan,0.000000000,10.550898034,7.967922022,0.071885006,0.094760966,8.482083038,0,0.400000000
89.900168657,20064,2903,0,11487,8577,17196,598,124,125,41,84,8549,8647,208,390,1.919990352,1.739583827,31.051670578,99.667911128,nan,nan,nan,nan,nan,0.000000000,8.283657022,5.836421973,0.031091971,0.051798008,6.099535967,0,0.400000000
90.000079632,19968,2554,0,11211,8757,17410,613,124,127,46,81,8653,8757,207,406,1.834379716,1.759738018,28.224384283,110.593373481,nan,1,nan,nan,nan,0.000000000,8.326757001,4.272271064,0.031412987,0.025900954,4.523007956,0,0.400000000
90.100200891,20064,2819,0,11189,8875,17241,611,112,123,48,75,8369,8872,199,412,1.895238989,1.756298385,28.017334432,102.387824163,40.087461472,3,1.000000000,nan,nan,0.000000000,8.328782045,4.727991996,0.030602969,0.089027046,4.982760001,0,0.400000000
90.200191498,19872,2519,0,11211,8661,17241,611,127,123,47,76,8369,8872,199,412,1.895238989,1.756298385,25.853333826,110.321859808,nan,nan,nan,nan,nan,0.000000000,6.779377989,4.984378058,0.041890074,0.087734952,5.317883042,0,0.400000000
90.300056934,20160,2722,0,11062,9098,17434,609,117,119,42,77,8340,9094,197,412,1.867944232,1.769096341,28.323853970,118.805824948,55.544137955,4,1.000000000,nan,nan,0.000000000,8.791091968,3.037821967,0.015188009,0.038005994,3.164833004,0,0.400000000
90.400210142,19968,2602,0,11340,8628,17434,609,114,119,40,79,8340,9094,197,412,1.867944232,1.769096341,29.144927503,120.018761392,nan,nan,nan,nan,nan,0.000000000,7.043113990,5.998695968,0.038118917,0.032550015,6.274541025,0,0.400000000
90.500173092,19968,2697,0,11056,8912,17434,609,120,121,41,80,8340,9094,197,412,1.867944232,1.769096341,29.068816000,128.449710504,nan,nan,nan,nan,nan,0.000000000,8.911682002,6.538718008,0.045745925,0.081674021,6.917742023,0,0.400000000
90.600049973,20064,2771,0,11382,8682,17289,591,123,135,49,86,8607,8682,196,395,1.798780183,1.805395706,30.951255392,148.453046331,4.494667053,2,0.000000000,nan,nan,0.000000000,8.993530006,4.106464039,0.030206982,0.082598010,4.346191010,0,0.400000000
90.699022293,19872,2613,0,10794,9078,17289,591,128,130,44,86,8607,8682,196,395,1.798780183,1.805395706,31.031438473,132.406446606,nan,nan,nan,nan,nan,0.000000000,3.447157971,2.424905950,0.016911014,0.030471012,2.559344983,0,0.400000000
90.798865318,20160,2925,0,11327,8833,17231,605,146,141,49,92,8398,8833,198,407,1.785136113,1.814032826,31.649008776,123.725108950,65.857648849,5,1.000000000,nan,nan,0.000000000,8.755987976,4.495064088,0.015700934,0.028027978,4.614270001,0,0.400000000
90.900094032,19968,2668,0,10700,9268,17296,606,127,136,49,87,8032,9264,200,406,1.835083615,1.795658083,34.770650788,113.351146450,35.302877426,3,1.000000000,nan,nan,0.000000000,8.646970033,3.936226014,0.028667971,0.080926984,4.169864987,0,0.400000000
91.000104189,20064,2860,0,10981,9083,17296,606,136,133,45,88,8032,9264,200,406,1.835083615,1.795658083,33.769768683,114.166563899,nan,nan,nan,nan,nan,0.000000000,5.074349989,3.713554004,0.033165037,0.080578960,3.971999977,0,0.400000000
91.098979712,19488,2125,0,10218,9270,17296,606,131,131,46,85,8032,9264,200,406,1.835083615,1.795658083,30.354505979,110.874829276,nan,nan,nan,nan,nan,0.000000000,7.206417969,4.495691042,0.013747951,0.030288007,4.610384000,0,0.400000000
91.199311972,20160,2846,0,10861,9299,17296,606,130,130,45,85,8032,9264,200,406,1.835083615,1.795658083,30.220592151,106.982340751,nan,nan,nan,nan,nan,0.000000000,8.169896959,5.270231981,0.028973969,0.071150018,5.511332012,0,0.400000000
91.299284458,19968,2821,0,10743,9225,17143,592,126,139,47,92,7918,9225,180,412,1.814005366,1.836064771,27.281189705,136.513962273,nan,1,nan,nan,nan,0.000000000,4.739102966,2.447986917,0.019607076,0.061005994,2.603158006,0,0.400000000
91.400080919,19776,3003,0,10707,9069,16769,595,164,140,43,97,7700,9069,171,424,1.817373634,1.856994863,27.597503598,148.445979406,3.823995590,2,0.000000000,nan,nan,0.000000000,8.047704003,4.417908029,0.038480968,0.032768992,4.687132023,0,0.400000000
91.500593901,20544,3264,0,11063,9481,16769,595,135,134,38,96,7700,9069,171,424,1.817373634,1.856994863,26.771539803,122.989024957,nan,nan,nan,nan,nan,0.000000000,8.160818019,5.973120977,0.040045998,0.036103011,6.257558009,0,0.400000000
91.600145102,20256,3495,0,11117,9139,16757,610,147,143,37,106,7618,9139,172,438,1.848625431,1.859313820,31.464518541,120.942670608,15.249490738,4,1.000000000,nan,nan,0.000000000,3.458373016,1.856772054,0.015742029,0.041174004,1.977229957,0,0.400000000
91.700486898,19584,3266,0,10558,9026,16757,610,130,131,30,101,7618,9139,172,438,1.848625431,1.859313820,28.788206203,112.721551869,nan,nan,nan,nan,nan,0.000000000,5.269210960,3.884811013,0.029734976,0.069528003,4.120511992,0,0.400000000
91.798919916,20448,3744,0,11261,9187,16757,610,132,135,31,104,7618,9139,172,438,1.848625431,1.859313820,29.246416213,115.785362296,nan,nan,nan,nan,nan,0.000000000,6.733588001,5.100486975,0.039379054,0.084274972,5.409625010,0,0.400000000
91.900177240,19872,3518,0,10885,8987,16350,609,166,148,38,110,7367,8983,190,419,1.875247746,1.856517694,26.619777474,125.295297833,nan,1,nan,nan,nan,0.000000000,10.757593962,5.013738933,0.044378045,0.087203982,5.325531994,0,0.400000000
91.998940468,20064,3733,0,11088,8976,16327,588,140,131,28,103,7355,8972,184,404,1.855501359,1.857621759,21.850527710,109.459070358,75.650453568,4,1.000000000,nan,nan,0.000000000,8.509996987,2.895886020,0.015088008,0.027031987,3.014264046,0,0.400000000
92.100015402,19680,3666,0,10866,8814,16010,601,129,125,34,91,7200,8810,185,416,1.861505057,1.870746245,22.296978589,102.250548445,nan,1,nan,nan,nan,0.000000000,8.500574972,3.839162935,0.027103059,0.061649014,4.070607014,0,0.400000000
92.198512316,20256,3781,0,11106,9150,16471,601,125,131,29,102,7325,9146,185,416,1.826095589,1.872690297,21.539281165,116.737703710,60.438871384,5,1.000000000,nan,nan,0.000000000,4.412117007,2.071902039,0.015804952,0.021706976,2.198385017,0,0.400000000
92.301578045,20064,3800,0,11032,9032,16260,596,133,128,28,100,7232,9028,177,419,1.865397519,1.881729659,21.531126602,102.662674816,nan,1,nan,nan,nan,0.000000000,10.002364987,5.167393014,0.036885962,0.065825996,5.462337984,0,0.400000000
92.400635481,20256,3996,0,11487,8769,16260,596,128,124,27,97,7232,9028,177,419,1.865397519,1.881729659,22.335019164,101.675948217,nan,nan,nan,nan,nan,0.000000000,3.794626973,2.532112994,0.018692983,0.026445021,2.685509040,0,0.400000000
92.500160694,20064,4099,0,10979,9085,15961,588,123,124,29,95,6876,9085,175,413,1.828593024,1.893791456,21.642547257,87.842542618,nan,1,nan,nan,nan,0.000000000,8.326691051,3.772996017,0.027515052,0.055384007,4.001933034,0,0.400000000
92.600186586,19968,4201,0,11157,8811,15763,595,127,127,31,96,6955,8808,183,412,1.807255906,1.920845536,20.203263939,100.886004158,5.827903748,4,0.000000000,nan,nan,0.000000000,4.051739001,2.151892986,0.016563048,0.068725029,2.290464996,0,0.400000000
92.700107098,19680,4412,0,11007,8673,15264,596,130,135,34,101,6595,8669,175,421,1.829431850,1.908283753,23.863859250,122.839721274,4.124879837,2,0.000000000,nan,nan,0.000000000,11.646637984,6.870970014,0.047794019,0.089348003,7.249330985,0,0.400000000
92.799123526,20256,4502,0,11214,9042,15750,604,130,130,29,101,6710,9040,178,426,1.807620378,1.945265673,25.992454251,89.617805719,34.714460373,7,1.000000000,nan,nan,0.000000000,3.716323001,1.857755939,0.014323043,0.041161955,1.977631007,0,0.400000000
92.904971361,20064,4725,0,11112,8952,15335,602,141,137,38,99,6387,8948,174,428,1.821018669,1.930647191,28.332451228,130.272501650,6.892681122,2,0.000000000,nan,nan,0.000000000,7.877380005,2.976893098,0.015904021,0.046183995,3.098494024,0,0.400000000
93.000057697,19776,4781,0,11245,8531,15335,602,147,150,45,105,6387,8948,174,428,1.821018669,1.930647191,31.846671312,153.770950629,nan,nan,nan,nan,nan,0.000000000,2.858394000,1.989634009,0.016698032,0.036368030,2.116252959,0,0.400000000
93.098964930,20160,4925,0,11352,8808,15231,582,137,158,46,112,6428,8803,170,412,1.820062885,1.947445758,36.088354780,154.309540745,6.331205368,2,0.000000000,nan,nan,0.000000000,9.027747961,3.699871013,0.016149948,0.025565969,3.831006994,0,0.400000000
93.200814247,19968,5040,0,11375,8593,15231,582,149,148,43,105,6428,8803,170,412,1.820062885,1.947445758,31.890041053,147.956010341,nan,nan,nan,nan,nan,0.000000000,4.147764004,3.308878047,0.029657036,0.038451981,3.530235030,0,0.400000000
93.300057650,19776,5039,0,11162,8614,15231,582,150,152,43,109,6428,8803,170,412,1.820062885,1.947445758,34.202035006,157.157297565,nan,nan,nan,nan,nan,0.000000000,4.460356024,3.264371015,0.031798030,0.045399996,3.495642974,0,0.400000000
93.403373003,20352,5262,0,11730,8622,15086,628,165,153,45,108,6495,8591,179,449,1.781871224,2.034635598,27.410943437,139.327010703,9.428024292,4,0.000000000,nan,nan,0.000000000,8.491248009,5.556582008,0.054906937,0.117557007,5.949062004,0,0.400000000
93.500796795,19968,5159,0,11385,8583,14805,619,165,162,48,114,6279,8526,184,435,1.762466977,2.011705024,30.508168534,152.361048442,19.809722900,3,1.000000000,nan,nan,0.000000000,5.155754974,2.714180970,0.025941932,0.046678004,2.911883988,0,0.400000000
93.600072622,19968,5308,0,11348,8620,14656,637,162,157,50,107,6117,8539,179,458,1.789579263,2.061899671,32.457023463,151.392902458,20.358562469,3,1.000000000,nan,nan,0.000000000,7.053569017,3.623638011,0.029831019,0.037743011,3.831536975,0,0.400000000
93.700108051,19968,5170,0,11435,8533,14794,636,175,180,56,124,6363,8431,188,448,1.742890450,2.058338245,32.068166351,167.357568429,79.493284225,3,1.000000000,nan,nan,0.000000000,6.557662971,3.840053047,0.040376966,0.035937002,4.170178960,0,0.400000000
93.800072193,20064,5292,0,11310,8754,14768,660,170,175,66,109,6144,8624,189,471,1.781240403,2.112675740,34.251051218,164.018682854,5.095243454,2,0.000000000,nan,nan,0.000000000,8.712530020,4.441705998,0.039642968,0.067459012,4.713030998,0,0.400000000
93.900014162,19968,5162,0,11524,8444,14802,676,183,183,56,127,6512,8290,205,471,1.740760328,2.114310043,34.156553396,181.276320961,8.445978165,2,0.000000000,nan,nan,0.000000000,8.535665984,2.975406009,0.019641011,0.036785961,3.121035988,0,0.400000000
94.000134230,19968,5285,0,11435,8533,14679,670,186,177,63,114,6333,8346,199,471,1.793423037,2.117087771,29.154457626,176.228504815,4.459857941,2,0.000000000,nan,nan,0.000000000,5.872627022,3.156426072,0.029006042,0.044177053,3.351039020,0,0.400000000
94.100023508,20064,5224,0,11760,8304,14836,692,171,174,61,113,6751,8085,216,476,1.720992772,2.140627421,30.706112746,158.120463723,29.501438141,6,1.000000000,nan,nan,0.000000000,7.468961005,3.795023018,0.027297006,0.030895986,3.993728955,0,0.400000000
94.200063467,19968,5230,0,11511,8457,14734,688,191,188,71,117,6531,8203,219,469,1.794192069,2.150196687,30.667215205,159.730502838,60.184001923,3,1.000000000,nan,nan,0.000000000,7.644612982,3.043165023,0.022212102,0.023813976,3.193755052,0,0.400000000
94.300673008,19872,5125,0,11580,8292,14734,688,190,187,69,118,6531,8203,219,469,1.794192069,2.150196687,31.267123974,163.251227529,nan,nan,nan,nan,nan,0.000000000,6.441913021,5.033792986,0.055093027,0.090911984,5.391556013,0,0.400000000
94.399453402,20064,5410,0,11695,8369,14650,686,208,204,78,126,6616,8034,217,469,1.803170836,2.203262955,36.786799206,167.527520981,nan,1,nan,nan,nan,0.000000000,8.368598996,3.440332017,0.023031025,0.026399968,3.595516959,0,0.400000000
94.500035048,19296,4914,0,11067,8229,14650,686,204,203,79,124,6616,8034,217,469,1.803170836,2.203262955,36.292127324,157.390180175,nan,nan,nan,nan,nan,0.000000000,7.435012958,5.317880947,0.050438044,0.051320007,5.618005991,0,0.400000000
94.599776983,20736,5380,0,12237,8499,14650,686,203,203,80,123,6616,8034,217,469,1.803170836,2.203262955,36.040436572,158.857927397,nan,nan,nan,nan,nan,0.000000000,6.020095025,4.679230042,0.046976900,0.056947989,4.979221034,0,0.400000000
94.700192690,19488,4787,0,11489,7999,14697,696,175,176,77,99,7118,7579,227,469,1.785695242,2.232146303,30.159486482,131.373849136,5.526542664,2,0.000000000,nan,nan,0.000000000,7.673764019,5.193040124,0.035436009,0.043121981,5.435312982,0,0.400000000
94.800300121,20544,5210,0,11886,8658,15330,699,194,199,79,120,7167,8163,229,470,1.787876118,2.312144199,31.891148140,152.655341522,14.360427856,5,0.000000000,nan,nan,0.000000000,6.295692991,3.219281964,0.030592026,0.049231981,3.416579973,0,0.400000000
94.899984837,20064,4911,0,11852,8212,15149,706,190,176,77,99,7446,7703,223,483,1.824962896,2.264272228,25.993752641,114.789774129,49.821853638,6,1.000000000,nan,nan,0.000000000,14.723968983,8.422173967,0.069778936,0.099172990,8.898287022,0,0.400000000
95.002569437,19872,4871,0,11808,8064,14997,695,205,200,85,115,7435,7562,233,462,1.779165252,2.347597067,28.447528888,139.400664382,nan,1,nan,nan,nan,0.000000000,7.501960965,3.898522933,0.035591074,0.072727038,4.123855033,0,0.400000000
95.098888159,19968,4811,0,11784,8184,14997,695,205,204,88,116,7435,7562,233,462,1.779165252,2.347597067,30.160867160,133.216544915,nan,nan,nan,nan,nan,0.000000000,5.764756992,4.424107901,0.051267038,0.092850998,4.741818993,0,0.400000000
95.198991060,20160,4657,0,12120,8040,14997,695,205,204,88,116,7435,7562,233,462,1.779165252,2.347597067,31.425838833,132.448667380,nan,nan,nan,nan,nan,0.000000000,12.183489976,9.093804052,0.087375927,0.095489027,9.642088029,0,0.400000000
95.300085545,19392,4759,0,11225,8167,14629,750,212,218,88,130,7038,7591,236,514,1.833221326,2.367809097,45.194855140,136.617908309,4.603624344,2,0.000000000,nan,nan,0.000000000,7.823847991,4.224067030,0.039216946,0.072131981,4.467419989,0,0.400000000
95.399657488,20544,4691,0,12414,8130,15849,745,219,226,100,126,8288,7561,263,482,1.685147737,2.383050680,43.830518299,162.129142709,30.350208282,3,1.000000000,nan,nan,0.000000000,11.558764032,5.857426091,0.056669989,0.092372007,6.193067005,0,0.400000000
95.500016212,20064,4764,0,11608,8456,15296,761,222,216,89,127,7382,7914,248,513,1.777148251,2.358418381,41.329344124,143.384882167,97.957134247,5,1.000000000,nan,nan,0.000000000,9.805833979,3.827934037,0.025521033,0.062234001,3.980787005,0,0.400000000
95.600284100,19584,4376,0,11572,8012,15296,761,220,222,92,130,7382,7914,248,513,1.777148251,2.358418381,37.775156177,155.696460515,nan,nan,nan,nan,nan,0.000000000,3.985607997,3.083444026,0.035939971,0.061090977,3.299225005,0,0.400000000
95.699279785,19872,4726,0,11522,8350,15142,784,245,224,93,131,7217,7925,238,546,1.811950893,2.344373907,41.351852936,146.359510833,nan,1,nan,nan,nan,0.000000000,6.875577965,3.748848976,0.038446975,0.063320971,3.976495005,0,0.400000000
95.798920155,20160,4647,0,11575,8585,15142,784,235,236,96,140,7217,7925,238,546,1.811950893,2.344373907,39.185070550,153.018945800,nan,nan,nan,nan,nan,0.000000000,4.069672024,3.137778025,0.030275958,0.083033985,3.317989002,0,0.400000000
95.899160624,19968,4793,0,11369,8599,15142,784,236,236,96,140,7217,7925,238,546,1.811950893,2.344373907,39.879316130,154.975405988,nan,nan,nan,nan,nan,0.000000000,9.203618974,6.954193988,0.053700991,0.109831046,7.271043025,0,0.400000000
96.000012636,20352,4710,0,11523,8829,15142,784,236,236,96,140,7217,7925,238,546,1.811950893,2.344373907,39.879906723,154.979584019,nan,nan,nan,nan,nan,0.000000000,5.065095029,3.651860054,0.028982933,0.080998987,3.827232984,0,0.400000000
96.101601362,19680,4539,0,11200,8480,15137,755,230,235,100,135,6935,8202,225,530,1.762386998,2.381415052,40.615412470,117.626877614,60.116767883,2,1.000000000,nan,nan,0.000000000,4.064671986,2.345647954,0.025296002,0.103066966,2.496215980,0,0.400000000
96.200628757,20352,5068,0,11736,8616,15280,769,226,229,82,147,7009,8271,232,537,1.757912956,2.377636775,29.928440047,136.646126513,47.389745712,5,1.000000000,nan,nan,0.000000000,13.266084017,9.088189108,0.107706117,0.223810028,9.717513982,0,0.400000000
96.300123930,20064,4834,0,11560,8504,15280,769,222,224,80,144,7009,8271,232,537,1.757912956,2.377636775,30.526350349,143.600188191,nan,nan,nan,nan,nan,0.000000000,7.914763002,5.908875028,0.060042017,0.104143051,6.294206018,0,0.400000000
96.400134087,19776,4659,0,11279,8497,15113,771,233,228,87,141,7052,8061,239,532,1.748677524,2.406432341,36.102611032,165.580792424,5.084037781,2,0.000000000,nan,nan,0.000000000,13.050938025,7.728695928,0.048490008,0.364660984,8.029355027,0,0.400000000
96.499080420,20160,5098,0,11708,8452,15058,774,219,224,89,135,7122,7936,244,530,1.732886453,2.452051072,36.030014452,179.105914400,5.707263947,2,0.000000000,nan,nan,0.000000000,5.997191009,3.122032096,0.030313968,0.079213001,3.306940023,0,0.400000000
96.599977732,19968,5188,0,11761,8207,14776,781,238,233,99,134,7151,7625,254,527,1.732171792,2.481615960,41.952498081,204.391736623,60.415029526,3,1.000000000,nan,nan,0.000000000,7.806894020,3.914991976,0.042176049,0.058448000,4.166176019,0,0.400000000
96.700123787,20064,5427,0,11702,8362,14633,773,215,218,93,125,6957,7676,251,522,1.741421830,2.522807536,36.849382262,179.383975139,4.487514496,2,0.000000000,nan,nan,0.000000000,13.740557013,8.698038000,0.081389968,0.138332020,9.189315024,0,0.400000000
96.800659657,19968,5483,0,11922,8046,14481,804,226,222,96,126,7127,7354,256,548,1.690333070,2.588051202,44.792651402,161.520473401,5.942106247,2,0.000000000,nan,nan,0.000000000,6.395363016,3.837010998,0.034433033,0.080917031,4.046669987,0,0.400000000
96.900063038,19872,5612,0,11809,8063,14481,804,241,240,101,139,7127,7354,256,548,1.690333070,2.588051202,54.741192315,193.043581780,nan,nan,nan,nan,nan,0.000000000,8.620794048,6.403646083,0.075124961,0.044454006,6.860619003,0,0.400000000
96.998728037,20160,5802,0,12194,7966,14354,782,241,245,102,143,7116,7238,239,543,1.654911445,2.625982802,51.037580059,218.538644063,40.037155151,2,1.000000000,nan,nan,0.000000000,14.476725948,8.504560974,0.088755100,0.245469972,9.030411020,0,0.400000000
97.100059509,19968,5889,0,11973,7995,14075,793,236,238,99,139,6792,7283,238,555,1.645031276,2.650023942,51.297291352,213.524512375,nan,1,nan,nan,nan,0.000000000,14.310672006,10.037006054,0.109175046,0.465877005,10.667201015,0,0.400000000
97.200318336,20064,5951,0,12203,7861,14075,793,238,242,106,136,6792,7283,238,555,1.645031276,2.650023942,54.769998908,193.170118175,nan,nan,nan,nan,nan,0.000000000,7.280689024,5.010369001,0.041166903,0.044660992,5.252957984,0,0.400000000
97.300237894,19872,6058,0,11945,7927,14075,793,247,245,107,138,6792,7283,238,555,1.645031276,2.650023942,55.664597587,197.990391773,nan,nan,nan,nan,nan,0.000000000,3.895542992,2.989631030,0.036928046,0.069364032,3.205633024,0,0.400000000
97.401596785,19968,6172,0,12243,7725,13792,779,226,249,110,139,6681,7111,227,552,1.686305451,2.655760110,54.294223528,219.751169388,64.918994904,6,1.000000000,nan,nan,0.000000000,10.244200996,6.744203914,0.079455029,0.364676991,7.206693990,0,0.400000000
97.499596357,20064,6404,0,12300,7764,13656,698,219,235,96,139,6467,7189,205,493,1.669342638,2.594125216,47.923826827,212.381616478,4.891157150,2,0.000000000,nan,nan,0.000000000,8.595082036,4.014870035,0.024259032,0.066534034,4.164934973,0,0.400000000
97.600654364,20064,6460,0,12428,7636,13656,698,217,222,97,125,6467,7189,205,493,1.669342638,2.594125216,48.611993626,210.622118781,nan,nan,nan,nan,nan,0.000000000,5.415233958,4.358656995,0.044547021,0.075365009,4.628732975,0,0.400000000
97.700823545,20064,6549,0,12463,7601,13511,636,218,194,88,106,6574,6937,198,438,1.702774932,2.550021343,42.346968186,185.853746390,6.729125977,2,0.000000000,nan,nan,0.000000000,12.923642993,8.084588975,0.097327982,0.235804997,8.664629015,0,0.400000000
97.801692486,19872,6733,0,12626,7246,13135,620,191,191,90,101,6644,6491,204,416,1.764311454,2.580809396,40.596291548,189.697798121,16.118049622,5,1.000000000,nan,nan,0.000000000,6.497232011,3.322963952,0.034384953,0.089476991,3.550589026,0,0.400000000
97.900049686,20064,6866,0,12733,7331,13194,636,220,206,98,108,6609,6585,201,435,1.802186987,2.577358349,44.552166626,199.844142428,49.688577652,7,1.000000000,nan,nan,0.000000000,7.108233985,3.499797022,0.038328057,0.072624010,3.738603031,0,0.400000000
98.000018597,19872,6965,0,12751,7121,12903,643,207,208,103,105,6538,6365,209,434,1.996949651,2.559713064,42.792046274,201.036575049,6.132841110,2,0.000000000,nan,nan,0.000000000,11.286412016,7.578266086,0.086834014,0.322854030,8.123977983,0,0.400000000
98.098996162,20064,7064,0,13033,7031,12903,643,207,204,102,102,6538,6365,209,434,1.996949651,2.559713064,42.317346595,198.074034952,nan,nan,nan,nan,nan,0.000000000,10.570265003,8.035792096,0.100672012,0.199934992,8.660992025,0,0.400000000
98.200040817,20064,7191,0,13102,6962,12869,616,198,204,106,98,6615,6254,211,405,2.845689267,2.503426654,43.759544325,233.680475683,56.049585342,2,1.000000000,nan,nan,0.000000000,6.432364986,3.355353954,0.041593099,0.065175002,3.590253997,0,0.400000000
98.300064802,19968,7153,0,13122,6846,12811,600,192,199,103,96,6638,6173,208,392,2.883588543,2.493879317,44.301843448,197.935291519,39.745569229,4,1.000000000,nan,nan,0.000000000,7.803182001,5.033930996,0.064531981,0.153123052,5.448842014,0,0.400000000
98.400067806,19968,7307,0,13072,6896,12811,600,203,196,104,92,6638,6173,208,392,2.883588543,2.493879317,44.276508255,200.921079548,nan,nan,nan,nan,nan,0.000000000,10.951208009,8.189762011,0.090544054,0.137360010,8.769014035,0,0.400000000
98.499923944,19968,7245,0,13175,6793,12719,610,189,200,112,88,6580,6139,219,391,2.907332339,2.380605974,46.401527746,199.088748873,61.082601547,4,1.000000000,nan,nan,0.000000000,4.671316012,2.601541986,0.029496034,0.076223980,2.793891006,0,0.400000000
98.599976778,20064,7396,0,13133,6931,12719,610,191,192,108,84,6580,6139,219,391,2.907332339,2.380605974,46.233794408,188.841356749,nan,nan,nan,nan,nan,0.000000000,4.867270996,3.704987001,0.045629044,0.091522990,4.001252993,0,0.400000000
98.700639009,19968,7165,0,13155,6813,12799,574,177,188,111,77,6602,6197,224,350,3.016181199,2.125025161,44.412017308,181.978447348,30.748367310,12,1.000000000,nan,nan,0.000000000,10.334216990,5.143752962,0.052520016,0.130467990,5.489749019,0,0.400000000
98.800114870,20064,7330,0,13195,6869,12799,574,190,189,113,76,6602,6197,224,350,3.016181199,2.125025161,44.903507443,191.194193895,nan,nan,nan,nan,nan,0.000000000,4.040375003,2.725083032,0.033802935,0.168547966,2.934716002,0,0.400000000
98.903211355,19872,7125,0,13189,6683,12799,574,189,189,113,76,6602,6197,224,350,3.016181199,2.125025161,45.630864167,191.304343790,nan,nan,nan,nan,nan,0.000000000,6.895073981,4.981609993,0.050075992,0.203097006,5.345904967,0,0.400000000
98.999048948,20160,7467,0,13486,6674,12689,574,179,187,107,80,6518,6171,234,340,3.103684333,1.945350311,42.924410759,192.691547237,nan,1,nan,nan,nan,0.000000000,5.980407994,3.241280967,0.034729019,0.105776999,3.472566023,0,0.400000000
99.100132704,19968,7261,0,13409,6559,12703,570,180,179,112,67,6649,6054,246,324,3.110876984,1.722168214,42.351760500,190.030224493,115.723848343,5,1.000000000,nan,nan,0.000000000,7.831162016,4.503124917,0.048582035,0.064080989,4.843594041,0,0.400000000
99.200882435,19968,7346,0,13431,6537,12618,582,200,196,122,74,6534,6084,261,321,3.135209508,1.507594589,47.777274831,211.467183253,5.866527557,10,0.000000000,nan,nan,0.000000000,4.225782002,2.279979002,0.026276975,0.071113987,2.450725995,0,0.400000000
99.300005674,19584,7296,0,13088,6496,12284,576,190,193,114,79,6234,6050,262,314,3.091376108,1.446268861,50.242037907,170.292222760,5.188703537,2,0.000000000,nan,nan,0.000000000,4.913311976,2.902791952,0.038673053,0.092917995,3.154611972,0,0.400000000
99.400567532,20448,7301,0,13812,6636,12284,576,192,195,117,78,6234,6050,262,314,3.091376108,1.446268861,50.477392275,173.444817206,nan,nan,nan,nan,nan,0.000000000,8.401920029,6.374118966,0.060645980,0.061872997,6.786413025,0,0.400000000
99.499976635,19968,7234,0,13366,6602,12730,556,181,178,99,79,6513,6217,243,313,3.129434129,1.204635622,47.222322380,171.101054034,nan,1,nan,nan,nan,0.000000000,4.279633053,2.609264047,0.050784962,0.086612999,2.836817002,0,0.400000000
99.600033760,20064,7189,0,13490,6574,12871,553,185,190,107,83,6675,6196,236,317,3.127434364,1.189217544,43.766564590,175.595532729,4.456996918,3,0.000000000,nan,nan,0.000000000,9.040196950,4.433018970,0.049840950,0.124234997,4.746182007,0,0.400000000
99.700075865,19968,7132,0,13361,6607,12871,553,197,195,110,85,6675,6196,236,317,3.127434364,1.189217544,46.709120181,212.844865823,nan,nan,nan,nan,nan,0.000000000,4.664623993,2.181069052,0.026532973,0.057802012,2.357643971,0,0.400000000
99.800131083,19968,7118,0,13464,6504,12871,553,195,196,110,86,6675,6196,236,317,3.127434364,1.189217544,46.722161791,214.872895163,nan,nan,nan,nan,nan,0.000000000,8.289113990,6.216968992,0.091126014,0.186048041,6.770831998,0,0.400000000
99.900111675,19680,6924,0,13182,6498,12871,553,195,195,110,85,6675,6196,236,317,3.127434364,1.189217544,46.466136410,214.905890193,nan,nan,nan,nan,nan,0.000000000,9.569392947,6.713766954,0.055542041,0.104132982,7.085097022,0,0.400000000
100.000579119,20352,7228,0,13673,6679,13120,539,173,169,102,67,6858,6262,223,316,3.125580227,1.199901244,38.305593134,196.903198663,2.774715424,2,0.000000000,nan,nan,0.000000000,7.325507991,3.511401941,0.037844002,0.415114977,3.770493029,0,0.400000000
100.100170612,19968,6930,0,13239,6729,13034,535,176,163,97,66,6680,6354,221,314,3.167769940,1.208450792,36.857907450,219.540655350,13.256072998,6,0.000000000,nan,nan,0.000000000,4.011454992,2.091425995,0.024303910,0.059160986,2.255984989,0,0.400000000
100.200034857,20064,6739,0,13360,6704,13321,529,174,175,110,65,7026,6295,231,298,3.123461973,1.230182493,45.316576467,197.403812883,47.039508820,5,1.000000000,nan,nan,0.000000000,10.665114969,6.634072983,0.079418998,0.168813975,7.170826953,0,0.400000000
100.300054550,19968,6831,0,13101,6867,13133,532,184,178,101,77,6685,6448,224,308,3.174811224,1.246215279,43.528307097,197.086590085,nan,1,nan,nan,nan,0.000000000,5.896387971,3.052515909,0.036752957,0.063660962,3.299786011,0,0.400000000
100.400595903,20064,6571,0,13120,6944,13489,552,190,184,111,73,6996,6493,237,315,3.119583563,1.247112245,49.763892294,214.384990765,nan,1,nan,nan,nan,0.000000000,6.827545003,4.200317082,0.053839933,0.164047990,4.555504012,0,0.400000000
100.500250578,19872,6567,0,12859,7013,13301,556,184,185,107,78,6754,6547,235,321,3.184744859,1.278189699,40.879471932,202.439605731,nan,1,nan,nan,nan,0.000000000,5.290463974,2.795037988,0.034484023,0.098999008,3.028267005,0,0.400000000
100.599921703,20064,6288,0,12925,7139,13301,556,181,182,106,76,6754,6547,235,321,3.184744859,1.278189699,39.279774149,188.666216366,nan,nan,nan,nan,nan,0.000000000,10.103707027,7.447264041,0.092744012,0.187919009,8.075546997,0,0.400000000
100.699954271,19200,6241,0,12301,6899,13301,556,182,182,106,76,6754,6547,235,321,3.184744859,1.278189699,40.524970771,188.641563431,nan,nan,nan,nan,nan,0.000000000,6.837405963,4.457787029,0.014736957,0.044334971,4.561242997,0,0.400000000
100.797773600,20736,6199,0,13270,7466,14533,565,214,201,123,78,7622,6911,252,313,3.099140583,1.326044879,45.695603745,199.972388634,nan,1,nan,nan,nan,0.000000000,4.504499026,2.518947993,0.035354984,0.132168992,2.735027985,0,0.400000000
100.899403095,20064,6188,0,12748,7316,13872,554,197,196,123,73,7164,6708,251,303,3.150980148,1.300501998,45.878846817,203.169595903,13.922929764,3,0.000000000,nan,nan,0.000000000,5.220617983,2.591929049,0.031665026,0.076596043,2.795691020,0,0.400000000
101.001746655,19968,5863,0,12788,7180,14101,542,206,206,128,78,7510,6591,248,294,3.110812747,1.345421160,47.934491931,225.318542485,nan,1,nan,nan,nan,0.000000000,10.185787978,4.562869028,0.064218999,0.259909953,4.967753019,0,0.400000000
101.099924564,20064,5558,0,12599,7465,14502,578,206,203,130,73,7703,6799,265,313,3.101226451,1.323765057,50.574673459,198.410103375,nan,1,nan,nan,nan,0.000000000,6.333715981,3.141321940,0.036783982,0.088121975,3.374958993,0,0.400000000
101.200048447,19872,5269,0,12381,7491,14502,578,207,205,132,73,7703,6799,265,313,3.101226451,1.323765057,51.877067260,226.656144551,nan,nan,nan,nan,nan,0.000000000,3.124359995,2.326149028,0.026306021,0.039695995,2.500377013,0,0.400000000
101.300922632,20064,5197,0,12572,7492,14502,578,200,199,126,73,7703,6799,265,313,3.101226451,1.323765057,49.266622437,217.001659888,nan,nan,nan,nan,nan,0.000000000,4.692155984,3.050431958,0.036035024,0.058771984,3.281830985,0,0.400000000
101.400142431,19584,4685,0,12057,7527,14895,574,222,236,149,87,8088,6807,281,293,3.071286711,1.367190185,66.574600176,215.301973310,nan,1,nan,nan,nan,0.000000000,3.218010010,1.775785058,0.025422953,0.067050045,1.925365010,0,0.400000000
101.498008490,20256,5071,0,12859,7397,15181,586,226,218,145,73,8536,6645,288,298,3.036288036,1.389719764,60.918006564,236.007923945,61.676025391,9,1.000000000,nan,nan,0.000000000,9.059578995,3.341290983,0.023700006,0.071912014,3.502779000,0,0.400000000
101.598945141,19968,4777,0,12498,7470,15187,555,217,219,140,79,8496,6691,269,286,3.034091505,1.407820346,59.541850869,216.530088638,75.270891190,3,1.000000000,nan,nan,0.000000000,7.264535991,2.724395017,0.035167963,0.100474979,2.939286001,0,0.400000000
101.699025869,20064,4786,0,12549,7515,15274,545,200,204,130,74,8495,6779,249,296,3.026091592,1.411497436,51.017030817,207.513467141,25.876998901,4,1.000000000,nan,nan,0.000000000,7.024214021,3.262484039,0.038470025,0.090910005,3.507500049,0,0.400000000
101.799963713,20064,4538,0,12495,7569,15274,545,202,202,131,71,8495,6779,249,296,3.026091592,1.411497436,48.181506834,217.403269952,nan,nan,nan,nan,nan,0.000000000,3.678340989,2.655593969,0.028451032,0.078552985,2.847392054,0,0.400000000
101.900194168,19968,4513,0,12399,7569,15274,545,202,202,131,71,8495,6779,249,296,3.026091592,1.411497436,48.178984885,217.837890687,nan,nan,nan,nan,nan,0.000000000,9.659470001,7.065062993,0.071646005,0.141042983,7.506143011,0,0.400000000
101.999930143,19968,4397,0,12409,7559,15567,585,214,210,127,83,8775,6792,265,320,2.969388828,1.535874815,54.440957564,257.270186055,4.638910294,2,0.000000000,nan,nan,0.000000000,7.837153971,3.489143972,0.039314968,0.078301004,3.726656956,0,0.400000000
102.099073887,19968,4329,0,12127,7841,15635,593,201,208,128,80,8492,7143,267,326,2.976349525,1.545582385,51.211691519,212.844266927,9.283065796,2,0.000000000,nan,nan,0.000000000,8.099158003,4.045041976,0.046640926,0.078372017,4.327235976,0,0.400000000
102.198859215,20064,4100,0,12315,7749,15960,608,196,205,123,82,8832,7128,262,346,2.905983473,1.669261957,48.983155347,208.925947579,nan,1,nan,nan,nan,0.000000000,6.259907037,2.947013010,0.031880045,0.096470991,3.150645993,0,0.400000000
102.304448843,19968,4109,0,11875,8093,15960,608,206,205,119,86,8832,7128,262,346,2.905983473,1.669261957,49.143802089,202.630500857,nan,nan,nan,nan,nan,0.000000000,6.905169983,4.967237939,0.067520014,0.224899035,5.386810983,0,0.400000000
102.399935722,19584,3929,0,11595,7989,15960,608,206,206,120,86,8832,7128,262,346,2.905983473,1.669261957,49.682726694,204.668460359,nan,nan,nan,nan,nan,0.000000000,11.763630959,8.265307057,0.078624929,0.080591999,8.793661022,0,0.400000000
102.501714230,19392,3943,0,11522,7870,15960,608,206,205,119,86,8832,7128,262,346,2.905983473,1.669261957,49.687253052,204.588709539,nan,nan,nan,nan,nan,0.000000000,2.498897025,1.722639019,0.016882026,0.070363982,1.831312955,0,0.400000000
102.599133253,21024,4163,0,12293,8731,16857,652,169,195,110,85,8542,8315,261,391,2.813289070,2.010583233,61.258555375,206.100318871,4.396200180,2,0.000000000,nan,nan,0.000000000,13.117835973,7.412082981,0.075944990,0.578659994,7.942752040,0,0.400000000
102.699983835,19968,3870,0,11501,8467,16094,648,177,187,92,95,8065,8029,252,396,2.809296311,2.000996003,46.916266035,195.282887804,49.830436707,6,1.000000000,nan,nan,0.000000000,6.689373055,4.048878036,0.043190026,0.238269975,4.344632034,0,0.400000000
102.799981356,19872,3847,0,11710,8162,16021,629,199,192,89,103,8316,7705,261,368,2.750201415,2.044102238,39.175565129,205.490089340,nan,1,nan,nan,nan,0.000000000,7.906358980,4.844315059,0.055138080,0.126963947,5.191606004,0,0.400000000
102.901582003,20160,3811,0,11562,8598,16345,638,214,211,102,109,8263,8082,251,387,2.714999879,1.989093786,51.049566824,206.093147703,23.622512817,7,1.000000000,nan,nan,0.000000000,8.220702002,3.759535030,0.022849068,0.044232002,3.921205003,0,0.400000000
103.000045538,19968,3672,0,11649,8319,16292,653,228,212,96,116,8425,7867,253,400,2.656032631,2.126759722,50.629239277,231.755588327,4.780292511,2,0.000000000,nan,nan,0.000000000,16.148176976,9.017642995,0.112493872,0.231674989,9.699470014,0,0.400000000
103.100736856,19968,3786,0,11546,8422,16178,672,215,208,88,120,8225,7953,251,421,2.673889359,2.076829110,50.133764361,221.019697047,69.303035736,3,1.000000000,nan,nan,0.000000000,14.124509005,8.926693990,0.120411045,0.169207982,9.657057002,0,0.400000000
103.199883461,19968,3595,0,11552,8416,16369,683,211,211,94,117,8320,8049,253,430,2.579916019,2.100785851,61.192758933,211.266514692,5.656719208,2,0.000000000,nan,nan,0.000000000,4.331107950,2.376409888,0.027487113,0.060653023,2.552169026,0,0.400000000
103.300274611,19968,3640,0,11514,8454,16324,679,225,212,95,117,8226,8098,250,429,2.608053224,2.147767874,66.620668561,217.296461601,14.361858368,6,0.000000000,nan,nan,0.000000000,14.061758993,7.171345933,0.079607009,0.199572998,7.650037005,0,0.400000000
103.400014639,19968,3516,0,11391,8577,16448,692,221,207,92,115,8164,8284,247,445,2.559131280,2.131689806,56.386716230,236.742988102,4.683732986,2,0.000000000,nan,nan,0.000000000,5.546239030,2.738390118,0.032468000,0.075045042,2.924519009,0,0.400000000
103.499962807,20064,3518,0,11482,8582,16542,688,204,204,90,114,8247,8295,234,454,2.522821423,2.215697835,54.417745880,197.767539273,4.146814346,2,0.000000000,nan,nan,0.000000000,13.710470987,7.166036987,0.073857082,0.120349985,7.630122011,0,0.400000000
103.599896431,19968,3463,0,11267,8701,16501,681,203,204,89,115,8056,8445,233,448,2.478520932,2.231298344,49.562602995,190.905005793,nan,1,nan,nan,nan,0.000000000,7.603251026,4.693516006,0.055128010,0.117578020,5.043060984,0,0.400000000
103.702112675,19392,3442,0,10951,8441,16501,681,199,201,89,112,8056,8445,233,448,2.478520932,2.231298344,49.549911361,198.565974102,nan,nan,nan,nan,nan,0.000000000,7.444877003,4.847293952,0.046543078,0.107144995,5.140717956,0,0.400000000
103.800586224,20640,3461,0,11839,8801,16501,681,200,203,89,114,8056,8445,233,448,2.478520932,2.231298344,49.877968916,192.188799072,nan,nan,nan,nan,nan,0.000000000,2.995651041,2.015236998,0.021318032,0.059662038,2.152254980,0,0.400000000
103.900029898,20064,3370,0,11627,8437,16501,681,202,203,89,114,8056,8445,233,448,2.478520932,2.231298344,50.183359547,193.593539057,nan,nan,nan,nan,nan,0.000000000,5.318313022,3.858412965,0.046811998,0.116029056,4.153904971,0,0.400000000
103.999934196,19968,3354,0,11323,8645,16610,703,190,200,69,131,8140,8470,221,482,2.271960754,2.723482785,52.281740890,235.974249592,9.809494019,3,0.000000000,nan,nan,0.000000000,3.765358997,2.049185045,0.020849984,0.146656006,2.182872035,0,0.400000000
104.099931717,19872,3064,0,11453,8419,16610,703,193,187,86,101,8140,8470,221,482,2.271960754,2.723482785,44.100402725,205.882960707,nan,nan,nan,nan,nan,0.000000000,6.961376988,5.031434936,0.055813987,0.223889016,5.404552037,0,0.400000000
104.199603558,20064,3267,0,11497,8567,16793,693,177,198,89,109,8402,8391,226,467,2.224612920,2.717155816,46.537091219,146.051572503,44.281244278,12,1.000000000,nan,nan,0.000000000,10.639795975,6.404782995,0.066193985,0.242381007,6.846789969,0,0.400000000
104.300002098,20160,3186,0,11829,8331,16970,675,208,209,82,127,8845,8125,221,454,2.212421449,2.778191269,46.726182833,236.234567363,3.986358643,2,0.000000000,nan,nan,0.000000000,10.188322980,4.894793907,0.047639012,0.101141981,5.196089041,0,0.400000000
104.400023460,19872,3427,0,11543,8329,16441,670,219,217,82,135,8369,8072,226,444,2.198133257,2.754534376,49.019949007,217.098188098,nan,1,nan,nan,nan,0.000000000,7.017044001,4.244033946,0.038702099,0.038387021,4.480184987,0,0.400000000
104.500061989,20064,3385,0,11801,8263,16675,632,192,193,79,114,8734,7941,223,409,2.171576736,2.783017510,46.890187675,127.028123400,5.342245102,2,0.000000000,nan,nan,0.000000000,5.627118982,3.459298052,0.040722894,0.052995980,3.691321006,0,0.400000000
104.600060463,19584,3519,0,11466,8118,16061,604,188,195,79,116,8303,7758,212,392,2.092203124,2.776915988,46.804441821,223.679977790,nan,1,nan,nan,nan,0.000000000,5.297755997,1.791574061,0.021039974,0.043424952,1.927912992,0,0.400000000
104.698911428,20352,3559,0,12026,8326,16789,585,177,172,68,104,8885,7904,208,377,2.134871684,2.795582576,39.808007010,181.315712486,59.826135635,4,1.000000000,nan,nan,0.000000000,4.585115996,2.429724031,0.026830938,0.060656981,2.614131954,0,0.400000000
104.799506426,20160,3717,0,11918,8242,16439,578,174,179,75,104,8618,7821,209,369,2.066164537,2.791605261,46.662017265,197.263510213,30.354022980,3,1.000000000,nan,nan,0.000000000,5.466089991,3.235863987,0.040610030,0.120081007,3.514947020,0,0.400000000
104.899968386,19872,3702,0,11906,7966,16166,538,155,157,66,91,8600,7566,204,334,2.020483032,2.785236572,37.171341194,172.127570322,4.178762436,2,0.000000000,nan,nan,0.000000000,5.136805004,2.399165067,0.025913992,0.056181976,2.592565026,0,0.400000000
104.998753071,20064,3787,0,12053,8011,16273,514,156,159,61,98,8690,7583,192,322,1.942935602,2.797152199,40.491894194,180.187373149,5.046367645,2,0.000000000,nan,nan,0.000000000,6.167241023,2.805567987,0.029118906,0.057846017,3.019200987,0,0.400000000
105.100041151,19968,3721,0,11942,8026,16243,491,157,154,62,92,8578,7665,192,299,1.998402315,2.726262338,41.303507293,177.307915611,nan,1,nan,nan,nan,0.000000000,5.252340052,2.292762918,0.025003043,0.039965031,2.473041997,0,0.400000000
105.199919224,20064,3753,0,12141,7923,16243,491,158,158,65,93,8578,7665,192,299,1.998402315,2.726262338,43.363727836,187.808380109,nan,nan,nan,nan,nan,0.000000000,3.771673015,2.450470056,0.027465983,0.048103975,2.647178015,0,0.400000000
105.299861670,19392,3693,0,11465,7927,16243,491,158,158,65,93,8578,7665,192,299,1.998402315,2.726262338,42.299427693,187.682464853,nan,nan,nan,nan,nan,0.000000000,2.886320988,1.807964058,0.020638981,0.025439949,1.959923015,0,0.400000000
105.396359921,20640,3870,0,12603,8037,16243,491,158,158,65,93,8578,7665,192,299,1.998402315,2.726262338,42.807742724,181.130947957,nan,nan,nan,nan,nan,0.000000000,2.121024008,1.388776989,0.012469012,0.025535992,1.488454989,0,0.400000000
105.500138998,20064,3891,0,11881,8183,16169,455,152,146,61,85,8272,7897,184,271,1.987383327,2.109527449,39.071925211,123.427628759,52.776575089,4,1.000000000,nan,nan,0.000000000,6.143061968,4.247751029,0.055586919,0.065011962,4.703191982,0,0.400000000
105.600066185,19968,3810,0,12084,7884,16154,441,125,129,58,71,8493,7661,186,255,1.938259789,2.191806564,39.028077808,91.236839314,nan,1,nan,nan,nan,0.000000000,4.367361020,1.970520942,0.020948937,0.056307996,2.147036954,0,0.400000000
105.699964762,19968,3812,0,11817,8151,16152,421,136,135,53,82,8204,7948,167,254,1.953895349,1.812373986,40.234936309,87.573546414,18.734216690,3,1.000000000,nan,nan,0.000000000,5.062785989,2.698128053,0.033055025,0.065328029,2.964806976,0,0.400000000
105.799938440,19680,3743,0,11949,7731,16152,421,136,135,53,82,8204,7948,167,254,1.953895349,1.812373986,40.417931012,91.133852934,nan,nan,nan,nan,nan,0.000000000,9.098695999,6.043958943,0.072279945,0.143459009,6.602904003,0,0.400000000
105.899210930,20064,3795,0,11787,8277,16265,393,130,127,53,74,8137,8128,158,235,1.797165840,1.930999571,38.557216255,66.268754785,69.002389908,5,1.000000000,nan,nan,0.000000000,9.275039018,2.596622973,0.014436082,0.020886015,2.710011031,0,0.400000000
105.999649763,20160,3728,0,11971,8189,16428,380,119,117,41,76,8338,8090,138,242,1.538548058,2.043021966,34.745607459,46.709208133,45.563220978,3,1.000000000,nan,nan,0.000000000,10.002256953,5.124058982,0.061522995,0.065974018,5.640615011,0,0.400000000
106.100524426,20160,3684,0,11960,8200,16472,384,124,123,49,74,8382,8090,151,233,1.475093527,2.259119915,37.811618146,75.712261945,nan,1,nan,nan,nan,0.000000000,2.502203977,1.118122076,0.013376994,0.019345025,1.230638009,0,0.400000000
106.199989319,19968,3461,0,11633,8335,16503,382,110,124,44,80,8253,8250,149,233,1.413195276,2.360662639,35.413940076,68.191494388,43.210744858,5,1.000000000,nan,nan,0.000000000,6.616792001,2.501790994,0.031409028,0.065531989,2.749896958,0,0.400000000
106.301078320,19680,3215,0,11402,8278,16503,382,126,122,44,78,8253,8250,149,233,1.413195276,2.360662639,32.644877021,64.685693535,nan,nan,nan,nan,nan,0.000000000,2.284073969,1.344107965,0.016790989,0.031617004,1.484375040,0,0.400000000
106.398980379,19488,3475,0,11348,8140,16009,376,116,137,51,86,7927,8082,140,236,1.384927456,2.444273095,44.204078865,87.318873463,30.127286911,2,1.000000000,nan,nan,0.000000000,3.588726977,1.530665962,0.018916966,0.048078015,1.688649994,0,0.400000000
106.498737097,20256,3923,0,11812,8444,16009,376,133,133,50,83,7927,8082,140,236,1.384927456,2.444273095,42.290814820,82.121254579,nan,nan,nan,nan,nan,0.000000000,5.308977037,3.455095983,0.048587041,0.084156985,3.842564998,0,0.400000000
106.599231482,20064,3908,0,11851,8213,16009,376,133,133,50,83,7927,8082,140,236,1.384927456,2.444273095,42.287273390,82.106123628,nan,nan,nan,nan,nan,0.000000000,3.645123972,2.420193981,0.026244961,0.050967967,2.619273961,0,0.400000000
106.699843407,19776,3920,0,11534,8242,16009,376,133,134,50,84,7927,8082,140,236,1.384927456,2.444273095,42.842271710,82.128551043,nan,nan,nan,nan,nan,0.000000000,1.858870964,1.155022008,0.015622994,0.028214999,1.277572999,0,0.400000000
106.803977489,19488,3902,0,11566,7922,15582,376,130,128,46,82,7664,7918,128,248,1.346129012,2.407409945,39.561862972,75.091571625,49.868106842,4,1.000000000,nan,nan,0.000000000,7.568696048,2.846024989,0.034881057,0.059608021,3.131043981,0,0.400000000
106.898558855,20832,4224,0,12145,8687,16604,388,130,127,47,80,7950,8654,130,258,1.304841540,2.141455959,38.885895099,76.225468732,nan,1,nan,nan,nan,0.000000000,4.520818009,2.029041993,0.030759082,0.046613044,2.251469996,0,0.400000000
107.000966787,19872,4040,0,11709,8163,15828,378,129,130,47,83,7696,8132,127,251,1.296325174,2.303598867,39.888247102,88.298129901,nan,1,nan,nan,nan,0.000000000,5.446009978,2.737296920,0.037256919,0.089506968,3.036774055,0,0.400000000
107.099846125,20160,4084,0,11431,8729,15828,378,130,128,47,81,7696,8132,127,251,1.296325174,2.303598867,39.098461979,88.020342165,nan,nan,nan,nan,nan,0.000000000,5.600818957,3.280533943,0.039712060,0.065770000,3.602019977,0,0.400000000
107.200070620,19968,4168,0,11703,8265,15796,364,129,126,40,86,7598,8198,116,248,1.254896031,2.270126952,35.271028194,104.136967085,5.754709244,4,0.000000000,nan,nan,0.000000000,6.369278010,3.103486961,0.040369981,0.101846992,3.434338956,0,0.400000000
107.299923658,20064,4265,0,11513,8551,15796,364,124,124,40,84,7598,8198,116,248,1.254896031,2.270126952,32.888001844,97.751154620,nan,nan,nan,nan,nan,0.000000000,7.482474030,3.925255034,0.065523898,0.030037016,4.461132979,0,0.400000000
107.400745869,19968,4334,0,11816,8152,15630,353,117,121,38,83,7589,8041,112,241,1.214653828,2.115898809,33.665851486,94.243642129,nan,1,nan,nan,nan,0.000000000,5.044640042,2.423566009,0.030244992,0.067111978,2.690988011,0,0.400000000
107.500100613,19968,4382,0,11620,8348,15630,353,118,118,38,80,7589,8041,112,241,1.214653828,2.115898809,31.529828672,93.115981490,nan,nan,nan,nan,nan,0.000000000,4.291840014,2.614458033,0.030561001,0.044271001,2.877246006,0,0.400000000
107.599949121,19680,4411,0,11640,8040,15265,347,118,117,35,82,7375,7890,104,243,1.204304395,2.105142515,34.908674793,73.711444038,nan,1,nan,nan,nan,0.000000000,7.817442995,2.538256929,0.025937043,0.024346984,2.762038959,0,0.400000000
107.702570677,20352,4656,0,12028,8324,15692,335,120,118,30,88,7534,8158,102,233,1.191017211,1.728356461,34.611908572,71.167269451,29.901266098,2,1.000000000,nan,nan,0.000000000,6.183399004,2.228800033,0.027388975,0.044186017,2.459726995,0,0.400000000
107.799847126,20064,4582,0,11884,8180,15478,341,113,116,33,83,7475,8003,102,239,1.196397114,1.894131470,34.221131865,69.818779185,4.117250443,2,0.000000000,nan,nan,0.000000000,4.145601997,1.425219991,0.012589036,0.019548985,1.533771981,0,0.400000000
107.900060654,20064,4771,0,11674,8390,15289,342,123,121,31,90,7055,8234,95,247,1.174952399,1.837298324,36.476260750,76.678080220,63.932418823,3,1.000000000,nan,nan,0.000000000,4.639442952,2.226375975,0.031018106,0.043727981,2.486457000,0,0.400000000
108.000028372,19968,4840,0,11694,8274,15124,338,118,122,29,93,7046,8078,92,246,1.165830392,1.768827177,35.604945595,97.640613766,59.448480606,5,1.000000000,nan,nan,0.000000000,10.896141990,4.760024021,0.063248037,0.090200978,5.295100971,0,0.400000000
108.099957228,20064,4859,0,11708,8356,15201,345,123,124,34,90,6966,8235,96,249,1.160833526,1.589232831,37.698283005,82.275020333,45.058012009,7,1.000000000,nan,nan,0.000000000,7.566690969,3.172340046,0.041672960,0.069173984,3.497591009,0,0.400000000
108.200746059,19968,4900,0,11649,8319,15064,339,131,125,32,93,6903,8161,90,249,1.155852498,1.546194732,37.378701095,78.166953588,nan,1,nan,nan,nan,0.000000000,5.237977952,2.058600017,0.027680013,0.066251028,2.289036987,0,0.400000000
108.299840450,19872,5009,0,11778,8094,15064,339,129,129,34,95,6903,8161,90,249,1.155852498,1.546194732,38.406346825,81.889439516,nan,nan,nan,nan,nan,0.000000000,3.610414977,2.337212907,0.032819982,0.068929978,2.604172972,0,0.400000000
108.401578188,19872,4944,0,11583,8289,15064,339,129,128,33,95,6903,8161,90,249,1.155852498,1.546194732,37.868359921,77.953411702,nan,nan,nan,nan,nan,0.000000000,7.151187980,4.062580061,0.051207899,0.090315007,4.478415009,0,0.400000000
108.499643326,20352,5358,0,12316,8036,14990,342,125,130,36,94,7041,7949,94,248,1.222189032,1.454902742,40.111338579,73.402417558,80.167770386,6,1.000000000,nan,nan,0.000000000,10.915512976,4.580610024,0.060893013,0.089724024,5.065364996,0,0.400000000
108.599871397,19968,4971,0,11602,8366,14993,339,123,126,33,93,6737,8256,94,245,1.204087196,1.379409832,36.136888853,79.632008347,9.982585907,3,0.000000000,nan,nan,0.000000000,9.155270003,3.357927955,0.043326931,0.062213978,3.712298989,0,0.400000000
108.699834824,19968,5153,0,11853,8115,14811,354,127,129,36,93,6770,8041,103,251,1.205015542,1.423601758,37.509742059,70.843117391,nan,1,nan,nan,nan,0.000000000,4.152362002,2.042546985,0.027570000,0.056353980,2.267224016,0,0.400000000
108.799840450,20256,5247,0,11621,8635,15005,368,143,140,39,101,6469,8536,100,268,1.252039953,1.398386030,36.602618595,75.885891113,3.990173340,2,0.000000000,nan,nan,0.000000000,2.478951006,1.137829036,0.016729056,0.041998981,1.261573983,0,0.400000000
108.900932312,19872,5245,0,11826,8046,15005,368,138,139,40,99,6469,8536,100,268,1.252039953,1.398386030,36.058257235,76.039234585,nan,nan,nan,nan,nan,0.000000000,4.757983959,3.068324062,0.042263942,0.078286976,3.397359978,0,0.400000000
108.999851942,20064,5510,0,11807,8257,14550,332,120,124,42,82,6363,8187,89,243,1.347831553,1.334725098,37.103994975,64.833102690,30.134916306,8,1.000000000,nan,nan,0.000000000,7.714795007,2.219815040,0.014019955,0.029187999,2.337274025,0,0.400000000
109.099925995,19872,5413,0,11900,7972,14550,332,134,133,42,91,6363,8187,89,243,1.347831553,1.334725098,40.634723647,68.104616002,nan,nan,nan,nan,nan,0.000000000,4.249255988,2.409989014,0.035060919,0.057439029,2.671869996,0,0.400000000
109.202459812,19968,5623,0,11893,8075,14550,332,133,132,42,90,6363,8187,89,243,1.347831553,1.334725098,40.161969092,71.520514350,nan,nan,nan,nan,nan,0.000000000,3.724887036,2.368164132,0.036099984,0.058773963,2.648608992,0,0.400000000
109.298864603,20160,5633,0,12334,7826,14523,310,128,135,44,91,6910,7613,90,220,1.293757327,1.399203343,40.098838667,75.487428547,106.199979782,5,1.000000000,nan,nan,0.000000000,2.228411031,0.944625004,0.014204998,0.045422988,1.058463997,0,0.400000000
109.399971962,19776,5877,0,11907,7869,14523,310,128,128,42,86,6910,7613,90,220,1.293757327,1.399203343,36.888808791,71.935325006,nan,nan,nan,nan,nan,0.000000000,1.521730039,0.917765021,0.013516925,0.022277993,1.030782994,0,0.400000000
109.499881268,20256,5801,0,12324,7932,14451,309,129,124,40,84,6882,7569,87,222,1.259403636,1.463106630,35.660880989,76.014907685,70.100307465,5,1.000000000,nan,nan,0.000000000,3.761653963,1.747523958,0.036209996,0.036936020,1.974690997,0,0.400000000
109.599836588,20064,6112,0,12197,7867,13948,305,127,129,37,92,6459,7489,88,217,1.243887423,1.499465893,35.941405185,63.714291679,46.498060226,3,1.000000000,nan,nan,0.000000000,8.951483003,3.456080041,0.048659043,0.046361005,3.852965019,0,0.400000000
109.699882269,19872,5999,0,12108,7764,13869,304,115,118,34,84,6617,7252,84,220,1.218582017,1.490366687,34.336735350,51.410602430,6.188392639,2,0.000000000,nan,nan,0.000000000,2.448709973,1.060465002,0.014963967,0.038061989,1.189711038,0,0.400000000
109.799921036,20160,6358,0,12346,7814,13798,306,122,122,35,87,6557,7241,84,222,1.209940925,1.512035420,36.608354841,61.437860748,nan,1,nan,nan,nan,0.000000000,4.647002032,2.185895049,0.031306932,0.060065999,2.447740000,0,0.400000000
109.899925232,19872,6177,0,12159,7713,13798,306,124,122,36,86,6557,7241,84,222,1.209940925,1.512035420,36.048953164,60.944798949,nan,nan,nan,nan,nan,0.000000000,4.518350994,2.245056967,0.030984986,0.035990961,2.511050960,0,0.400000000
109.998769760,19392,6298,0,12317,7075,13090,292,127,120,35,85,6623,6467,82,210,1.173640453,1.665598937,35.290468428,56.946169377,49.717903137,3,1.000000000,nan,nan,0.000000000,6.438166020,2.357973019,0.034791999,0.044054992,2.647251997,0,0.400000000
110.099869490,20736,6510,0,12705,8031,14222,300,114,119,38,81,6919,7303,81,219,1.154645370,1.617599743,35.889435406,52.194251826,14.253377914,3,0.000000000,nan,nan,0.000000000,5.255417025,1.816491946,0.025803049,0.039189996,2.037730999,0,0.400000000
110.200034857,19968,6579,0,12584,7384,13385,296,118,119,35,84,6711,6674,79,217,1.138822194,1.726750405,35.461071547,75.844659815,nan,1,nan,nan,nan,0.000000000,6.267744000,2.159594034,0.033357064,0.016439008,2.437132993,0,0.400000000
110.299978733,19776,6429,0,12216,7560,13343,295,114,120,39,81,6507,6836,79,216,1.124172177,1.708209286,35.558885127,58.833982849,5.843639374,2,0.000000000,nan,nan,0.000000000,4.730727000,2.144336002,0.031566946,0.037452963,2.412741014,0,0.400000000
110.398934126,20160,6902,0,12893,7267,13254,295,117,116,34,82,6739,6515,75,220,1.110939639,1.877256811,33.667306141,52.434920093,nan,1,nan,nan,nan,0.000000000,5.122775037,2.376015997,0.039272069,0.088045024,2.771569008,0,0.400000000
110.499949455,20064,6737,0,12538,7526,13323,300,123,122,38,84,6517,6806,72,228,1.103700639,1.734735687,36.628667743,61.430258725,nan,1,nan,nan,nan,0.000000000,9.279860009,3.886599967,0.053752970,0.065445027,4.340655985,0,0.400000000
110.599880219,20064,6880,0,12731,7333,13323,300,120,121,38,83,6517,6806,72,228,1.103700639,1.734735687,37.135356324,62.197154489,nan,nan,nan,nan,nan,0.000000000,3.817262012,2.163798956,0.023909030,0.047401991,2.373720985,0,0.400000000
110.699918270,19968,6857,0,12577,7391,13323,300,121,121,38,83,6517,6806,72,228,1.103700639,1.734735687,37.132657099,62.194250827,nan,nan,nan,nan,nan,0.000000000,1.689986966,1.049334998,0.012427976,0.023014960,1.160960004,0,0.400000000
110.802090406,19968,7071,0,12769,7199,12893,291,121,122,29,93,6403,6490,59,232,1.051053302,1.927365281,36.793242884,53.506923841,nan,1,nan,nan,nan,0.000000000,9.222172026,3.808149952,0.059300859,0.079931051,4.300571978,0,0.400000000
110.899875164,20064,7111,0,12771,7293,12949,292,114,127,33,94,6264,6685,60,232,1.042809179,1.828240163,36.899273659,57.228624803,5.730628967,2,0.000000000,nan,nan,0.000000000,2.996592957,1.361565955,0.019779021,0.024535984,1.529255009,0,0.400000000
110.999963999,19872,7006,0,12622,7250,12949,292,124,124,31,93,6264,6685,60,232,1.042809179,1.828240163,34.282062021,50.366520292,nan,nan,nan,nan,nan,0.000000000,2.867899020,1.641856972,0.023654022,0.020492997,1.836178999,0,0.400000000
111.099869013,20064,7285,0,12734,7330,12775,293,130,125,32,93,6061,6714,59,234,1.012978258,1.850837000,37.994175015,60.446324326,15.840530396,4,1.000000000,nan,nan,0.000000000,7.865375024,3.869526030,0.062023115,0.085749954,4.351571028,0,0.400000000
111.199932814,19968,7119,0,12523,7445,12845,279,114,111,29,82,5953,6892,57,222,1.007296360,1.792282216,32.106795386,43.894528961,80.518007278,3,1.000000000,nan,nan,0.000000000,9.008409979,3.910592000,0.068228052,0.086743035,4.406444961,0,0.400000000
111.299807072,19968,7253,0,12556,7412,12711,291,124,124,36,88,5851,6860,62,229,0.991339024,1.824658540,38.342624308,58.214743751,3.928184509,3,0.000000000,nan,nan,1.000000000,3.550627036,1.466727990,0.021739106,0.023089000,1.651617989,0,0.400000000
111.400623560,20064,7328,0,12552,7512,12732,283,113,113,31,82,5665,7067,58,225,0.998909921,1.782647701,31.432020025,47.765543926,nan,1,nan,nan,nan,1.000000000,3.809193964,1.522982959,0.020047999,0.032840006,1.698142965,0,0.400000000
111.499834299,20064,7388,0,12592,7472,12672,279,110,116,32,84,5580,7092,59,220,0.976698251,1.789751612,33.462935165,56.795664906,53.977012634,5,1.000000000,nan,nan,1.000000000,9.156711982,3.959537018,0.058185076,0.126742991,4.449472006,0,0.400000000
111.599987745,19968,7391,0,12522,7446,12573,291,124,120,32,88,5426,7147,61,230,0.977488357,1.785787774,31.006750019,73.423195977,5.553007126,2,0.000000000,nan,nan,1.000000000,5.791185016,2.776243899,0.047274982,0.058353005,3.179009014,0,0.400000000
111.699867725,19872,7536,0,12448,7424,12332,275,111,114,34,80,5190,7142,63,212,0.972359258,1.795997241,30.201137117,72.386845168,nan,1,nan,nan,nan,1.000000000,2.056921017,0.929342990,0.012858945,0.013211975,1.042377960,0,0.400000000
111.799929380,20064,7509,0,12533,7531,12551,282,108,114,31,83,5229,7322,60,222,0.947625443,1.806770727,29.052961591,63.182176954,45.032739639,5,1.000000000,nan,nan,1.000000000,3.701888025,1.493686985,0.020191947,0.023452973,1.672789978,0,0.400000000
111.899823904,20064,7635,0,12448,7616,12425,275,110,114,26,88,5053,7372,58,217,0.940262191,1.715243674,27.536135663,42.467789370,19.974470139,2,1.000000000,nan,nan,1.000000000,5.785766989,2.148453961,0.031475036,0.030277006,2.414936025,0,0.400000000
112.000354528,19584,7602,0,12409,7175,12425,275,112,112,27,85,5053,7372,58,217,0.940262191,1.715243674,25.658115721,43.691829788,nan,nan,nan,nan,nan,1.000000000,1.845200954,1.054997963,0.015521946,0.010586984,1.189861970,0,0.400000000
112.099085331,20448,7853,0,12570,7878,12425,275,112,113,27,86,5053,7372,58,217,0.940262191,1.715243674,26.644613416,44.391267743,nan,nan,nan,nan,nan,1.000000000,3.824062995,2.328636998,0.037421065,0.029994990,2.641762025,0,0.400000000
112.200988531,19968,7912,0,12456,7512,12052,280,116,111,31,80,4768,7284,52,228,0.875977446,1.785263254,24.212607473,45.666791441,24.438381195,4,1.000000000,nan,nan,1.000000000,5.940189993,2.835314954,0.043345965,0.094369985,3.210453026,0,0.400000000
112.299789429,19968,7917,0,12286,7682,12052,280,113,115,30,85,4768,7284,52,228,0.875977446,1.785263254,26.107765652,47.878687610,nan,nan,nan,nan,nan,1.000000000,6.092911004,3.640184004,0.050314993,0.055345998,4.065751971,0,0.400000000
112.400031567,19968,8428,0,12452,7516,12052,280,114,114,30,84,4768,7284,52,228,0.875977446,1.785263254,26.109995959,47.817133439,nan,nan,nan,nan,nan,1.000000000,2.735371992,1.595908077,0.022616994,0.029211980,1.796238008,0,0.400000000
112.499935627,19776,8334,0,12128,7648,11438,287,117,111,25,86,4102,7336,46,241,0.874495864,1.763014878,27.980711818,46.634659762,20.199060440,7,1.000000000,nan,nan,1.000000000,2.722189005,1.290950924,0.014458026,0.025924004,1.447090006,0,0.400000000
112.598532200,20256,9000,0,12600,7656,11252,277,113,111,24,87,4042,7210,44,233,0.851984463,1.823909169,26.262119117,43.429762559,4.097700119,2,0.000000000,nan,nan,1.000000000,2.096340992,0.925370026,0.013375946,0.014639983,1.040840987,0,0.400000000
112.699908018,19968,8782,0,12263,7705,11182,291,120,112,26,86,3967,7215,44,247,0.842750234,1.866570413,26.009128566,69.782895409,24.246931076,12,1.000000000,nan,nan,1.000000000,7.587420987,3.737389052,0.050619012,0.075530028,4.171467968,0,0.400000000
112.799821615,19968,9301,0,12356,7612,10663,270,120,119,20,99,3675,6988,38,232,0.818833945,1.980143895,33.863532979,65.667557759,19.522905350,3,1.000000000,nan,nan,1.000000000,5.398251000,2.708768065,0.045438996,0.043649983,3.093224019,0,0.400000000
112.900119543,20064,9506,0,12414,7650,10554,275,115,119,20,99,3608,6946,38,237,0.801518514,1.908242534,27.039547163,63.893653652,5.405187607,3,0.000000000,nan,nan,1.000000000,4.954873992,2.045184025,0.029327988,0.029315997,2.290318022,0,0.400000000
112.999833584,20064,9972,0,12550,7514,10554,275,119,119,20,99,3608,6946,38,237,0.801518514,1.908242534,26.187876228,64.201576253,nan,nan,nan,nan,nan,1.000000000,2.290051954,1.517484023,0.023780041,0.027845963,1.707803051,0,0.400000000
113.100343227,19968,9974,0,12598,7370,10554,275,120,119,20,99,3608,6946,38,237,0.801518514,1.908242534,26.586756232,62.694005729,nan,nan,nan,nan,nan,1.000000000,6.476018985,4.338373954,0.049925060,0.094785995,4.775831010,0,0.400000000
113.199781179,19968,10172,0,12529,7439,10554,275,119,119,20,99,3608,6946,38,237,0.801518514,1.908242534,26.551514868,62.793038790,nan,nan,nan,nan,nan,1.000000000,4.092258983,2.441164979,0.036332116,0.040219049,2.745020029,0,0.400000000
113.299939394,20064,10344,0,12758,7306,9716,267,102,118,15,103,3451,6265,33,234,0.729351056,2.163958736,26.189127906,65.794356763,79.845190048,6,1.000000000,nan,nan,1.000000000,2.207829035,0.991274894,0.014235964,0.029788993,1.120340021,0,0.400000000
113.399949789,19872,10555,0,12565,7307,9716,267,120,120,16,104,3451,6265,33,234,0.729351056,2.163958736,27.204526821,66.613727807,nan,nan,nan,nan,nan,1.000000000,2.316890983,1.487946080,0.024725043,0.019083032,1.692480000,0,0.400000000
113.499990463,20064,10939,0,12831,7233,9121,265,110,116,15,101,3046,6075,32,233,0.712666434,2.400836655,24.617691988,53.323391621,5.714178085,2,0.000000000,nan,nan,1.000000000,5.178860971,2.260163019,0.033299031,0.035460049,2.548674005,0,0.400000000
113.599871159,19680,11145,0,12517,7163,9121,265,115,117,16,101,3046,6075,32,233,0.712666434,2.400836655,24.197123212,53.962571520,nan,nan,nan,nan,nan,1.000000000,1.594816975,0.999698008,0.015645986,0.015310012,1.131658966,0,0.400000000
113.698912382,20352,11588,0,12926,7426,9121,265,116,117,16,101,3046,6075,32,233,0.712666434,2.400836655,24.401364460,54.332022109,nan,nan,nan,nan,nan,1.000000000,3.928286955,2.597855986,0.043996028,0.042453001,2.979235956,0,0.400000000
113.801249504,19968,11840,0,12843,7125,9121,265,116,117,16,101,3046,6075,32,233,0.712666434,2.400836655,24.401368229,54.332866330,nan,nan,nan,nan,nan,1.000000000,4.625057045,2.845291980,0.043643988,0.042599975,3.233409952,0,0.400000000
113.902562380,19680,12085,0,12873,6807,7591,260,112,116,14,102,2144,5447,33,227,0.754156464,2.787188830,27.782579432,54.533358057,nan,1,nan,nan,nan,1.000000000,1.599873998,0.807688048,0.012795965,0.016742037,0.922993000,0,0.400000000
113.999540567,20352,12676,0,13231,7121,7672,267,110,119,15,104,1960,5712,32,235,0.770265527,2.789320739,28.400985631,48.646449886,45.335769653,3,1.000000000,nan,nan,1.000000000,6.230661005,3.474922036,0.055313052,0.109780987,3.951444000,0,0.400000000
114.099838972,19968,12693,0,13088,6880,7271,249,117,115,12,103,1840,5431,33,216,0.787489921,2.865664092,26.159819091,43.626960233,9.856700897,3,0.000000000,nan,nan,1.000000000,2.757276001,1.179977960,0.019057945,0.032847980,1.348547987,0,0.400000000
114.199999571,19776,12486,0,12856,6920,7286,263,106,104,11,93,1755,5531,33,230,0.798345761,2.810895113,21.838948545,48.795319954,nan,1,nan,nan,nan,1.000000000,2.474565001,1.207947033,0.011386001,0.009737967,1.311091008,0,0.400000000
114.300427198,20160,12879,0,13314,6846,7277,256,111,109,10,99,1869,5408,31,225,0.787279480,2.886062693,24.760155418,38.426130814,44.324636459,4,1.000000000,nan,nan,1.000000000,3.453157959,1.834867988,0.028336013,0.054753968,2.096560958,0,0.400000000
114.401612997,20064,12838,0,13154,6910,7277,256,115,114,11,103,1869,5408,31,225,0.787279480,2.886062693,27.896604399,41.941267719,nan,nan,nan,nan,nan,1.000000000,4.750114982,2.905199013,0.037467980,0.062876032,3.242632956,0,0.400000000
114.499745131,19968,13039,0,13073,6895,7277,256,113,112,10,102,1869,5408,31,225,0.787279480,2.886062693,26.224110940,38.924195777,nan,nan,nan,nan,nan,1.000000000,2.175414003,1.339505950,0.020566920,0.027421978,1.519679034,0,0.400000000
114.599819183,20064,13171,0,13084,6980,6889,271,133,127,15,112,1372,5517,27,244,0.893345729,2.909540622,29.989428594,55.997461117,20.395278931,5,1.000000000,nan,nan,1.000000000,4.098224977,1.998511958,0.035583973,0.069310016,2.274491999,0,0.400000000
114.700067282,19200,12936,0,12658,6542,6260,250,115,119,12,107,1186,5074,25,225,0.893068836,2.925985451,24.205131344,40.663671838,14.223337173,3,0.000000000,nan,nan,1.000000000,4.079981009,2.008695039,0.032370037,0.059406040,2.282590023,0,0.400000000
114.799578905,20832,13781,0,13562,7270,6260,250,126,124,12,112,1186,5074,25,225,0.893068836,2.925985451,27.844153278,38.355049990,nan,nan,nan,nan,nan,1.000000000,1.765656983,1.066550962,0.019284955,0.039545004,1.225045999,0,0.400000000
114.899851084,19968,13278,0,13114,6854,6686,257,118,116,11,105,1276,5410,25,232,0.898124148,2.938893394,25.827989129,38.977646604,nan,1,nan,nan,nan,1.000000000,4.962239997,2.434573020,0.037681020,0.036291021,2.744423982,0,0.400000000
114.999907970,19584,12987,0,12890,6694,6593,249,124,121,13,108,1271,5322,26,223,0.893014552,2.968957294,26.832283053,47.403044071,5.932331085,3,0.000000000,nan,nan,1.000000000,3.019388998,1.646361954,0.030781026,0.025966961,1.891674998,0,0.400000000
115.099004984,20064,13281,0,13089,6975,6779,255,124,128,13,115,1283,5496,26,229,0.899346973,2.927297284,29.521113571,41.287469591,129.842281342,4,1.000000000,nan,nan,1.000000000,3.375819011,1.737893035,0.029922987,0.055970042,1.989281969,0,0.400000000
115.199058056,20352,13712,0,13523,6829,6779,255,122,122,13,109,1283,5496,26,229,0.899346973,2.927297284,28.656719979,41.023720249,nan,nan,nan,nan,nan,1.000000000,1.249908993,0.839526008,0.010607007,0.017198967,0.949489011,0,0.400000000
115.299797773,19968,13168,0,13089,6879,6796,257,121,120,12,108,1312,5484,26,231,0.893643938,2.925815015,26.894611746,45.658164685,20.216226578,5,1.000000000,nan,nan,1.000000000,3.400944988,1.639710041,0.027159986,0.034406956,1.866078994,0,0.400000000
115.399912834,19968,13314,0,13146,6822,6650,253,114,111,13,98,1283,5367,26,227,0.891919825,2.967539762,22.160224093,45.650749332,4.462480545,2,0.000000000,nan,nan,1.000000000,4.767899984,2.624663000,0.045488996,0.117322023,3.018140036,0,0.400000000
115.499871969,19872,13113,0,13000,6872,6755,259,122,126,12,114,1259,5496,25,234,0.916722983,2.933998132,29.256681316,50.757764957,19.146442413,6,1.000000000,nan,nan,1.000000000,5.127437005,2.654579002,0.045237073,0.046087021,3.020467004,0,0.400000000
115.602025986,19872,13212,0,13052,6820,6755,259,126,127,12,115,1259,5496,25,234,0.916722983,2.933998132,30.521905191,51.618142588,nan,nan,nan,nan,nan,1.000000000,1.943006006,1.240045996,0.021776010,0.014672987,1.422793954,0,0.400000000
115.700326920,20352,13355,0,13184,7168,6993,264,121,121,12,109,1266,5727,25,239,0.910934003,2.901243389,25.191153673,52.815573306,65.571308136,7,1.000000000,nan,nan,1.000000000,2.499683003,1.226666034,0.020248990,0.019293977,1.393090002,0,0.400000000
115.800088882,19968,13321,0,13100,6868,6643,255,116,116,12,104,1269,5374,26,229,0.901721138,2.972485711,22.423558765,40.347535718,nan,1,nan,nan,nan,1.000000000,2.413356968,1.128758013,0.016712060,0.013015990,1.275432005,0,0.400000000
115.899760962,19968,13166,0,13068,6900,6798,256,114,114,12,102,1292,5506,25,231,0.907087034,2.919104764,23.112752202,45.205629188,5.996942520,14,0.000000000,nan,nan,1.000000000,1.617395959,0.779369089,0.012601959,0.008992967,0.892164011,0,0.400000000
115.999952555,20064,13325,0,13166,6898,6735,259,117,117,12,105,1315,5420,26,233,0.868298327,2.965277522,22.550648038,40.234674068,34.012317657,11,1.000000000,nan,nan,1.000000000,4.241242015,1.984733972,0.031692034,0.032290991,2.252279024,0,0.400000000
116.100040913,19872,12991,0,12860,7012,6735,259,117,117,12,105,1315,5420,26,233,0.868298327,2.965277522,22.547418286,40.072250160,nan,nan,nan,nan,nan,1.000000000,1.229911984,0.783498981,0.012976001,0.017051003,0.894583995,0,0.400000000
116.199798584,20064,13042,0,12989,7075,7018,256,116,117,13,104,1421,5597,25,231,0.838465883,2.936077780,26.977019937,43.366677398,69.710731506,3,1.000000000,nan,nan,1.000000000,3.508383001,1.721660141,0.028802955,0.017473008,1.968221972,0,0.400000000
116.300435543,20064,13025,0,12997,7067,7035,255,109,111,11,100,1459,5576,24,231,0.828829276,2.907266348,21.391936765,46.734194582,44.441699982,4,1.000000000,nan,nan,1.000000000,6.539665977,3.479269973,0.056337914,0.049735012,3.974649007,0,0.400000000
116.399874210,19776,12516,0,12649,7127,7256,254,117,119,10,109,1578,5678,24,230,0.800603676,2.907618226,25.240854959,38.447118095,5.872488022,8,0.000000000,nan,nan,1.000000000,5.065461039,2.373885014,0.036885031,0.039009028,2.686417021,0,0.400000000
116.500254393,20160,12806,0,13028,7132,7350,251,112,115,11,104,1668,5682,24,227,0.778972957,2.895034929,26.255419548,44.622659937,3.899812698,2,0.000000000,nan,nan,1.000000000,4.421296995,2.423585916,0.055506011,0.029772986,2.797552035,0,0.400000000
116.599739790,20064,12433,0,12905,7159,7627,247,114,114,12,102,1865,5762,24,223,0.749711265,2.877063101,24.233733186,39.036497198,nan,1,nan,nan,nan,1.000000000,2.807546000,1.345185039,0.022224034,0.013748009,1.530184993,0,0.400000000
116.703115463,19968,12085,0,12743,7225,7879,246,108,109,11,98,1996,5883,26,220,0.721206965,2.875240716,23.820521615,40.756763781,4.415750504,2,0.000000000,nan,nan,1.000000000,1.694674022,0.864556991,0.014243065,0.016384001,0.986241968,0,0.400000000
116.799788475,19968,11848,0,12796,7172,8116,262,109,113,12,101,2205,5911,34,228,0.704628276,2.838653356,23.339589240,40.047690462,30.086755753,5,1.000000000,nan,nan,1.000000000,2.875976032,1.408266078,0.021099055,0.019480998,1.598606992,0,0.400000000
116.899713755,19776,11453,0,12633,7143,8116,262,112,111,12,99,2205,5911,34,228,0.704628276,2.838653356,21.302672012,38.592297986,nan,nan,nan,nan,nan,1.000000000,3.455965023,2.283782989,0.038280967,0.034280994,2.603052999,0,0.400000000
117.099837065,19104,10229,0,12098,7006,8871,257,107,109,13,96,2835,6036,33,224,0.696081178,2.740843545,25.655065541,55.471866881,99.966764450,5,1.000000000,nan,nan,1.000000000,4.344802990,1.861835015,0.029213028,0.025251007,2.120507997,0,0.400000000
117.194687843,20448,10687,0,12851,7597,8871,257,108,109,12,97,2835,6036,33,224,0.696081178,2.740843545,25.800810814,54.921477017,nan,nan,nan,nan,nan,1.000000000,2.784624987,1.842477999,0.029366929,0.030359020,2.104548970,0,0.400000000
117.299554825,20448,10111,0,12699,7749,10333,261,97,112,12,100,3513,6820,30,231,0.724108420,2.155520343,25.456352412,47.918021096,60.620069504,4,1.000000000,nan,nan,1.000000000,4.908846982,1.995692030,0.027250964,0.030219962,2.247944009,0,0.400000000
117.401130199,20064,9870,0,12586,7478,10190,262,105,114,15,99,3506,6684,32,230,0.764767594,2.158114159,28.389716166,51.093193329,5.583524704,4,0.000000000,nan,nan,1.000000000,4.297233012,1.718450978,0.025868008,0.022986031,1.955896034,0,0.400000000
117.500027657,19968,9328,0,12177,7791,10636,273,102,105,14,91,3600,7036,32,241,0.786276353,2.049396809,23.221801146,39.739216310,nan,1,nan,nan,nan,1.000000000,4.726966028,2.020530053,0.026737980,0.027118018,2.262916998,0,0.400000000
117.600071907,19488,9000,0,11857,7631,10484,261,100,113,15,98,3466,7018,31,230,0.817490980,2.037205414,29.963658359,50.950565784,50.028800964,2,1.000000000,nan,nan,1.000000000,4.088860005,1.830993977,0.025679008,0.041855965,2.065385983,0,0.400000000
117.799803019,19776,8820,0,12052,7724,10952,279,71,79,13,66,3763,7189,36,243,0.839720183,1.831903156,27.028484406,30.861087532,nan,1,nan,nan,nan,1.000000000,6.597815023,3.152590070,0.033424934,0.319943996,3.529770009,0,0.400000000
117.898908138,20352,8613,0,12491,7861,11735,273,82,79,17,62,4335,7400,40,233,0.878392836,1.989390216,19.592151621,35.941970779,4.671335220,2,0.000000000,nan,nan,1.000000000,5.180893990,2.528256038,0.029488932,0.055923010,2.833305974,0,0.400000000
117.999736309,19488,8339,0,12168,7320,11145,269,78,74,15,59,4376,6769,39,230,0.847346445,1.775584927,17.715564754,26.957183428,6.459236145,8,0.000000000,nan,nan,1.000000000,5.040482967,2.000222041,0.022183987,0.043059001,2.230398008,0,0.400000000
118.099325418,20544,8030,0,12539,8005,12510,274,74,72,14,58,4965,7545,41,233,0.880333437,1.929637254,18.079041271,30.920650956,4.480123520,2,0.000000000,nan,nan,1.000000000,3.617722949,1.726305054,0.017357932,0.031205011,1.917862974,0,0.400000000
118.199979782,19968,7907,0,12410,7558,12057,277,74,72,17,55,5038,7019,43,234,0.881295628,1.887869442,19.296648436,28.982303765,30.413866043,5,1.000000000,nan,nan,1.000000000,5.846395972,2.921405016,0.030057912,0.058898993,3.273091977,0,0.400000000
118.300740719,19968,7776,0,12661,7307,12188,284,72,76,18,58,5352,6836,43,241,0.896764197,1.887226668,15.546275495,33.475567035,nan,1,nan,nan,nan,1.000000000,3.694231971,1.708430995,0.018716964,0.039680977,1.913562010,0,0.400000000
118.399883986,20064,7639,0,12602,7462,12188,284,75,76,17,59,5352,6836,43,241,0.896764197,1.887226668,16.295718241,35.801969863,nan,nan,nan,nan,nan,1.000000000,3.321489028,1.888922066,0.018691062,0.026614987,2.115243988,0,0.400000000
118.500859976,19968,7482,0,12695,7273,12482,291,84,88,24,64,5682,6800,57,234,0.934969243,1.851754563,19.933369925,37.631123239,45.902967453,3,1.000000000,nan,nan,1.000000000,6.828317011,2.524206997,0.027631002,0.044112967,2.805862052,0,0.400000000
118.599853754,19968,7159,0,12492,7476,12805,298,86,91,29,62,5825,6980,61,237,0.955198952,1.804722663,19.539526097,30.768958287,nan,1,nan,nan,nan,1.000000000,7.460527995,2.788006037,0.029727060,0.037540973,3.084836993,0,0.400000000
118.699724197,20064,7190,0,12644,7420,12870,289,84,84,22,62,5926,6944,59,230,0.959537910,1.877309065,17.520758477,26.544544190,6.133794785,2,0.000000000,nan,nan,1.000000000,2.609155024,1.070248021,0.011045020,0.016447972,1.185815956,0,0.400000000
118.799720287,19680,7072,0,12499,7181,12604,291,79,80,24,56,5957,6647,57,234,0.976760440,1.760248560,15.258997403,29.368723351,4.000425339,2,0.000000000,nan,nan,1.000000000,4.496506997,1.763312030,0.017761951,0.031126954,1.955317974,0,0.400000000
118.899404287,20352,7093,0,12737,7615,13255,302,82,79,21,58,6182,7073,55,247,0.990924548,2.019239956,18.637920052,32.847530321,64.277887344,3,1.000000000,nan,nan,1.000000000,4.859037988,2.343392000,0.024667010,0.041108986,2.616629004,0,0.400000000
118.999706030,20064,7200,0,12749,7315,13255,302,82,80,21,59,6182,7073,55,247,0.990924548,2.019239956,18.666331049,34.933622820,nan,nan,nan,nan,nan,1.000000000,5.136598018,2.769536979,0.026742055,0.016195991,3.070446022,0,0.400000000
119.099896669,19968,6979,0,12768,7200,13255,302,82,82,21,61,6182,7073,55,247,0.990924548,2.019239956,19.000567414,35.075104210,nan,nan,nan,nan,nan,1.000000000,3.853713977,2.197263006,0.021790969,0.034141005,2.425834013,0,0.400000000
119.200042486,20064,7003,0,12721,7343,13057,309,77,84,22,62,6383,6674,60,249,1.054163702,1.805919715,16.978022555,44.729085497,4.352807999,2,0.000000000,nan,nan,0.000000000,4.006077012,1.926392957,0.019147061,0.039059028,2.131204004,0,0.400000000
119.299855471,19968,6950,0,12697,7271,13057,309,83,84,23,61,6383,6674,60,249,1.054163702,1.805919715,15.943998801,41.548225525,nan,nan,nan,nan,nan,0.000000000,6.835839013,4.315080994,0.044570945,0.014134042,4.727123014,0,0.400000000
119.399738789,20064,6967,0,12599,7465,13057,309,81,82,22,60,6383,6674,60,249,1.054163702,1.805919715,15.664308351,40.224927414,nan,nan,nan,nan,nan,0.000000000,4.177767027,2.577528008,0.021345040,0.029822986,2.794012020,0,0.400000000
119.499835253,19584,6729,0,12161,7423,12851,308,74,85,22,63,6223,6628,60,248,1.113701881,1.835445166,17.351981816,37.445923145,25.511503220,3,1.000000000,nan,nan,0.000000000,7.222919026,2.646923007,0.023674045,0.049694965,2.908715978,0,0.400000000
119.600527525,20160,6919,0,12630,7530,13237,296,75,76,23,53,6436,6801,61,235,1.150498827,1.796198803,13.493960428,35.410104698,65.368890762,5,1.000000000,nan,nan,0.000000000,3.938904963,1.907589030,0.018885068,0.033344026,2.115160984,0,0.400000000
119.799790859,19968,6651,0,12298,7670,13313,302,78,83,24,59,6296,7017,62,240,1.192911798,1.707056570,19.887323885,61.582736152,66.998958588,5,1.000000000,nan,nan,0.000000000,2.631260024,1.240466023,0.012415985,0.024828012,1.378044020,0,0.400000000
119.899791956,19968,6196,0,12005,7963,13313,302,83,81,23,58,6296,7017,62,240,1.192911798,1.707056570,19.468121908,62.053623590,nan,nan,nan,nan,nan,0.000000000,2.572699974,1.554984017,0.015027064,0.015319034,1.713139005,0,0.400000000
119.999887943,20064,6392,0,12320,7744,13313,302,81,80,23,57,6296,7017,62,240,1.192911798,1.707056570,19.461419202,61.160704855,nan,nan,nan,nan,nan,0.000000000,2.065544017,1.279034943,0.012100092,0.013589975,1.412444981,0,0.400000000
120.099742651,19968,5984,0,11866,8102,13980,309,85,88,32,56,6422,7558,75,234,1.259609493,1.562073095,17.613600834,46.793868529,35.357952118,5,1.000000000,nan,nan,0.000000000,7.043097983,3.289076034,0.034782046,0.082765997,3.643822973,0,0.400000000
120.199874640,19968,6125,0,12076,7892,13980,309,93,92,33,59,6422,7558,75,234,1.259609493,1.562073095,19.249275914,47.026121856,nan,nan,nan,nan,nan,0.000000000,2.183141012,0.918163045,0.010148098,0.014401972,1.021129952,0,0.400000000
120.300560236,19680,5871,0,11454,8226,13980,309,93,92,33,59,6422,7558,75,234,1.259609493,1.562073095,19.250493270,47.031642752,nan,nan,nan,nan,nan,0.000000000,1.525672036,0.917201978,0.010040065,0.017712999,1.014665992,0,0.400000000
120.400726318,20352,6127,0,12401,7951,13980,309,93,92,33,59,6422,7558,75,234,1.259609493,1.562073095,19.250880808,47.034301175,nan,nan,nan,nan,nan,0.000000000,7.347755018,4.393078038,0.049398979,0.069450994,4.865869996,0,0.400000000
120.501242161,20064,5795,0,11661,8403,13980,309,93,92,33,59,6422,7558,75,234,1.259609493,1.562073095,19.251074186,47.035851445,nan,nan,nan,nan,nan,0.000000000,6.007322983,3.339927993,0.034894969,0.042083033,3.672825987,0,0.400000000
120.600785255,19968,5804,0,11953,8015,14160,326,88,80,29,51,6601,7559,80,246,1.361635391,1.630183696,15.723641395,35.913143460,nan,1,nan,nan,nan,0.000000000,2.378299017,1.063990989,0.011227035,0.019020983,1.172413002,0,0.400000000
120.700604916,19968,5608,0,11660,8308,14356,336,90,86,29,57,6474,7882,90,246,1.397672010,1.524879001,21.187475750,49.091276416,nan,1,nan,nan,nan,0.000000000,7.410459046,2.932589967,0.028452894,0.050638977,3.208131006,0,0.400000000
120.799708128,20064,5551,0,11858,8206,14509,342,92,94,27,67,6774,7735,86,256,1.349841454,1.598007817,21.279004973,45.762362056,4.147529602,2,0.000000000,nan,nan,0.000000000,3.465110029,1.428631018,0.013870071,0.017913990,1.566827996,0,0.400000000
120.899880886,19968,5440,0,11726,8242,14524,345,106,105,30,75,6632,7892,90,255,1.422942755,1.592475401,24.492405858,66.156931948,nan,1,nan,nan,nan,0.000000000,3.938871028,1.611419022,0.017316022,0.022306980,1.766489993,0,0.400000000
120.999892473,20064,5228,0,11847,8217,14832,332,89,91,27,64,7043,7789,86,246,1.323500677,1.650493878,20.294832692,40.454449032,54.536104202,4,1.000000000,nan,nan,0.000000000,3.447502968,1.364186930,0.013573037,0.020699983,1.496987010,0,0.400000000
121.099801302,19488,4643,0,11184,8304,14832,332,90,90,27,63,7043,7789,86,246,1.323500677,1.650493878,20.316797062,41.022376292,nan,nan,nan,nan,nan,0.000000000,3.099896014,1.995134051,0.020419131,0.026150024,2.207673970,0,0.400000000
121.200860262,20352,5084,0,11762,8590,15264,315,86,79,27,52,7023,8241,85,230,1.352342042,1.607169840,20.236004666,43.749403646,44.500589371,2,1.000000000,nan,nan,0.000000000,7.559098012,3.227484995,0.033552933,0.033484015,3.495538025,0,0.400000000
121.298957348,19392,4064,0,10915,8477,15264,315,80,79,28,51,7023,8241,85,230,1.352342042,1.607169840,19.946259279,45.841798548,nan,nan,nan,nan,nan,0.000000000,2.435890026,1.385075040,0.013651967,0.023076020,1.526962034,0,0.400000000
121.399646759,20160,4878,0,11448,8712,15278,319,89,84,31,53,6829,8449,91,228,1.408967321,1.697295499,19.761255778,46.898893446,19.056320190,12,1.000000000,nan,nan,0.000000000,4.529674014,1.649376005,0.016179052,0.032734999,1.814344025,0,0.400000000
121.499927998,19968,4551,0,11435,8533,15413,347,82,75,27,48,7089,8324,97,250,1.378054415,1.823501314,14.252272813,40.057003702,36.279201508,2,1.000000000,nan,nan,0.000000000,6.821603980,2.847332973,0.023759028,0.030272000,3.103531024,0,0.400000000
121.599728107,20064,4629,0,11553,8511,15413,347,77,77,28,49,7089,8324,97,250,1.378054415,1.823501314,13.753990094,42.295356344,nan,nan,nan,nan,nan,0.000000000,2.319022955,1.414358965,0.008864095,0.018281979,1.522020029,0,0.400000000
121.699925423,19968,4359,0,11388,8580,15413,347,77,78,29,49,7089,8324,97,250,1.378054415,1.823501314,13.827398940,42.549669712,nan,nan,nan,nan,nan,0.000000000,2.914036973,1.462302054,0.012516044,0.019364001,1.596924034,0,0.400000000
121.799673319,19968,4405,0,11452,8516,15559,349,89,93,40,53,7116,8443,113,236,1.445265812,2.019322874,18.200890110,52.571698994,5.949020386,2,0.000000000,nan,nan,0.000000000,2.783369971,1.184650988,0.011250027,0.026458001,1.300870965,0,0.400000000
121.899676800,20160,4282,0,11443,8717,15559,349,94,95,40,55,7116,8443,113,236,1.445265812,2.019322874,20.818995915,59.496821868,nan,nan,nan,nan,nan,0.000000000,5.134843988,3.353219014,0.036631071,0.052850053,3.713843005,0,0.400000000
122.003015280,19296,4046,0,10868,8428,15246,350,97,88,37,51,6826,8420,115,235,1.500970033,2.297067292,18.374745962,53.126506906,nan,1,nan,nan,nan,0.000000000,5.601266981,2.196315094,0.020365987,0.049206952,2.391048998,0,0.400000000
122.100353956,20640,4108,0,11724,8916,15246,350,92,92,41,51,6826,8420,115,235,1.500970033,2.297067292,19.429794615,49.842495302,nan,nan,nan,nan,nan,0.000000000,1.951762009,1.243060047,0.016692968,0.030533003,1.376300992,0,0.400000000
122.200067759,19968,4016,0,11438,8530,15948,362,92,85,40,45,7422,8526,126,236,1.452550336,2.394813889,16.320634429,48.041913174,nan,1,nan,nan,nan,0.000000000,3.154423961,1.271352987,0.012525008,0.016773993,1.394515974,0,0.400000000
122.299671888,20064,3757,0,11181,8883,15948,362,90,88,40,48,7422,8526,126,236,1.452550336,2.394813889,15.763319295,48.226531594,nan,nan,nan,nan,nan,0.000000000,3.227365029,1.975803985,0.018279941,0.024270033,2.158027026,0,0.400000000
122.399788141,20064,3858,0,11603,8461,15948,362,91,89,41,48,7422,8526,126,236,1.452550336,2.394813889,16.804770400,50.464509328,nan,nan,nan,nan,nan,0.000000000,1.704931026,1.075075939,0.010730990,0.020805979,1.183830027,0,0.400000000
122.501057148,19968,3784,0,11432,8536,16180,373,89,92,37,55,7644,8536,134,239,1.548297604,2.304549409,23.900887469,67.128791238,75.694561005,5,1.000000000,nan,nan,0.000000000,5.467135983,2.146235027,0.020378910,0.034373952,2.335586993,0,0.400000000
122.599807978,19968,3725,0,11689,8279,16239,366,87,93,44,49,7961,8278,134,232,1.505436126,2.375776604,24.227136291,57.891337447,10.314941406,2,0.000000000,nan,nan,0.000000000,5.896859977,2.941386017,0.027586997,0.049231981,3.216409008,0,0.400000000
122.699683428,19872,3847,0,11464,8408,16239,366,85,84,40,44,7961,8278,134,232,1.505436126,2.375776604,18.756833816,47.973793120,nan,nan,nan,nan,nan,0.000000000,4.699546960,2.634114993,0.021630025,0.033292978,2.872418961,0,0.400000000
122.801131725,19872,3710,0,11643,8229,16158,385,88,95,45,50,8048,8110,141,244,1.566192152,2.467690234,25.907717094,64.054289788,44.357776642,5,1.000000000,nan,nan,0.000000000,4.155196017,1.678657020,0.014053076,0.050245028,1.827405009,0,0.400000000
122.898848057,20352,3924,0,11998,8354,16424,395,101,97,41,56,8243,8181,138,257,1.696406191,2.506222822,28.487597155,51.554302213,9.966373444,2,0.000000000,nan,nan,0.000000000,9.217410989,3.718774940,0.033770048,0.050044036,4.039596010,0,0.400000000
122.999732494,20064,3718,0,11703,8361,16424,395,94,92,40,52,8243,8181,138,257,1.696406191,2.506222822,26.093900472,48.484304660,nan,nan,nan,nan,nan,0.000000000,3.651371051,2.153889043,0.018085004,0.022471999,2.335569006,0,0.400000000
123.099744320,19968,3948,0,11707,8261,16016,429,107,97,43,54,8073,7943,143,286,1.624992672,2.641046208,27.364717867,68.446757206,34.146785736,5,1.000000000,nan,nan,0.000000000,5.407207005,2.420577977,0.016130100,0.027089962,2.621292020,0,0.400000000
123.200568199,20064,3805,0,11756,8308,16255,446,124,115,44,71,8334,7921,152,294,1.608571399,2.629448190,32.715381792,77.727611230,2.584218979,2,0.000000000,nan,nan,0.000000000,4.712413996,2.024211048,0.019953994,0.027185015,2.193326014,0,0.400000000
123.299764156,19968,3940,0,11840,8128,16024,466,125,117,52,65,8334,7690,160,306,1.651856277,2.697173254,30.734390862,75.255086026,35.705804825,2,1.000000000,nan,nan,0.000000000,7.016681950,3.037179005,0.026605034,0.038826023,3.260276979,0,0.400000000
123.399764776,20064,3890,0,11906,8158,16024,466,114,116,52,64,8334,7690,160,306,1.651856277,2.697173254,30.364540943,71.181015622,nan,nan,nan,nan,nan,0.000000000,2.326663001,1.503984910,0.013812038,0.019831001,1.618732000,0,0.400000000
123.499765873,19584,3835,0,11485,8099,15745,471,125,122,56,66,8116,7629,162,309,1.641239520,2.727218485,35.211043741,87.080229715,nan,1,nan,nan,nan,0.000000000,7.604946964,3.584031016,0.025632035,0.031201984,3.795689030,0,0.400000000
123.600681543,20064,3915,0,11850,8214,15745,471,127,123,56,67,8116,7629,162,309,1.641239520,2.727218485,33.956205033,89.537011019,nan,nan,nan,nan,nan,0.000000000,2.607827017,1.658680034,0.015429978,0.017377955,1.784929016,0,0.400000000
123.700395823,19872,3894,0,11775,8097,15745,471,124,125,55,70,8116,7629,162,309,1.641239520,2.727218485,34.182832377,86.826425920,nan,nan,nan,nan,nan,0.000000000,4.941089021,3.479662933,0.036798010,0.049793976,3.779936000,0,0.400000000
123.798954725,20544,3946,0,12082,8462,16594,481,135,123,51,72,8609,7985,159,322,1.757114086,2.738122352,35.088893686,82.865833599,1.603364944,2,0.000000000,nan,nan,0.000000000,3.004597034,1.473418903,0.014501973,0.021100976,1.593293971,0,0.400000000
123.899719954,19968,3855,0,11797,8171,16109,482,121,126,53,73,8418,7691,163,319,1.635123235,2.748665221,37.673151471,85.239983388,115.674495697,6,1.000000000,nan,nan,0.000000000,3.342544020,1.710273034,0.016142963,0.030983996,1.844385988,0,0.400000000
123.999637365,19680,3970,0,11661,8019,15706,480,118,122,50,72,8155,7551,159,321,1.682798232,2.678147403,34.268434221,68.906048803,7.404088974,3,0.000000000,nan,nan,0.000000000,5.489767995,2.493896056,0.021309883,0.034024997,2.675546973,0,0.400000000
124.098917007,20352,3920,0,11938,8414,16428,470,127,125,54,71,8501,7927,162,308,1.631792309,2.748056383,37.060734398,90.311480242,24.492502213,7,1.000000000,nan,nan,0.000000000,8.677955018,4.074459022,0.035691017,0.042286003,4.370894050,0,0.400000000
124.199656725,19968,3985,0,11748,8220,15979,480,118,119,53,66,8222,7757,159,321,1.686274248,2.701590794,33.685631757,74.138139106,nan,1,nan,nan,nan,0.000000000,6.945906032,3.802994965,0.036209065,0.058633974,4.111157963,0,0.400000000
124.299654961,20064,3921,0,12004,8060,15979,480,115,114,48,66,8222,7757,159,321,1.686274248,2.701590794,33.392266831,82.032285836,nan,nan,nan,nan,nan,0.000000000,5.560546997,3.892810957,0.034616969,0.040634011,4.185473023,0,0.400000000
124.399798155,19488,4050,0,11419,8069,15434,466,117,119,53,66,7837,7597,159,307,1.708489946,2.723293192,33.535241746,83.144942954,4.079580307,2,0.000000000,nan,nan,0.000000000,3.450739023,1.633581065,0.014329969,0.020158011,1.758883998,0,0.400000000
124.500767946,20544,3879,0,12362,8182,16661,459,124,122,52,70,8977,7684,160,299,1.692324396,2.722484955,34.765113024,78.097281083,5.074024200,2,0.000000000,nan,nan,0.000000000,3.108843986,1.643763972,0.016835984,0.021468033,1.789274975,0,0.400000000
124.600121021,20064,4014,0,11810,8254,16046,478,121,120,59,61,8268,7778,167,311,1.764240875,2.757439866,34.657576330,86.373363564,19.900083542,16,1.000000000,nan,nan,0.000000000,2.943484986,1.424074930,0.012939039,0.027859991,1.542186947,0,0.400000000
124.699817896,19968,3871,0,11834,8134,16093,490,116,122,57,65,8447,7646,186,304,1.777364911,2.721382015,32.547075381,86.452831661,23.957252502,14,1.000000000,nan,nan,0.000000000,3.670786042,1.801148988,0.017018057,0.042211032,1.939406968,0,0.400000000
124.799837828,19968,4009,0,11865,8103,15955,512,114,119,56,63,8315,7640,180,332,1.915228203,2.711802489,33.687557207,92.796848947,7.137298584,20,0.000000000,nan,nan,0.000000000,3.710393969,1.771781011,0.014837948,0.073553994,1.904123987,0,0.400000000
124.899647951,19968,3822,0,11785,8183,16142,511,136,127,58,69,8416,7726,176,335,1.940518700,2.668227998,36.789651960,90.990285846,6.189107895,15,0.000000000,nan,nan,0.000000000,5.609316984,2.404465980,0.024309033,0.024024048,2.575020015,0,0.400000000
125.000214338,20064,3975,0,12005,8059,16142,511,136,141,59,82,8416,7726,176,335,1.940518700,2.668227998,38.548507848,106.235442562,nan,nan,nan,nan,nan,0.000000000,4.087764013,2.792868880,0.030705938,0.066667970,3.025482991,0,0.400000000
125.099647760,19968,3843,0,11855,8113,16121,533,145,149,71,78,8459,7662,201,332,2.078241821,2.483246736,43.411829216,119.125011946,64.327478409,5,1.000000000,nan,nan,0.000000000,4.755357979,1.555447059,0.015764032,0.036374026,1.676676970,0,0.400000000
125.199662685,20160,3992,0,12241,7919,16164,558,154,159,80,79,8662,7502,215,343,2.132942107,2.302408432,48.027377989,111.785531943,16.102075577,4,1.000000000,nan,nan,0.000000000,8.730028989,4.027171060,0.038014026,0.108823995,4.301828041,0,0.400000000
125.299981833,19872,3828,0,11626,8246,16040,572,158,158,74,84,8172,7868,210,362,2.276620938,1.879790432,47.799532023,119.677053925,7.457256317,3,0.000000000,nan,nan,0.000000000,12.645351002,6.426547014,0.059365004,0.146856997,6.858796987,0,0.400000000
125.399677992,20064,3987,0,11897,8167,16073,597,151,166,84,82,8192,7881,216,381,2.342574984,1.780934838,47.603360006,118.933372244,15.560865402,3,1.000000000,nan,nan,0.000000000,5.172439967,2.741286997,0.025306945,0.064387976,2.925696957,0,0.400000000
125.499793530,19968,3801,0,11303,8665,16163,590,169,161,83,78,7636,8527,212,378,2.481287993,1.600033426,47.970793932,111.559919693,8.442401886,2,0.000000000,nan,nan,0.000000000,7.133037958,4.127354012,0.042477041,0.106325024,4.429602996,0,0.400000000
125.599636793,19968,3889,0,11390,8578,16163,590,164,164,79,85,7636,8527,212,378,2.481287993,1.600033426,47.676475822,111.803020045,nan,nan,nan,nan,nan,0.000000000,7.986950979,5.582104088,0.050636008,0.058359990,5.933356995,0,0.400000000
125.699623346,20064,3862,0,11093,8971,16163,590,164,167,79,88,7636,8527,212,378,2.481287993,1.600033426,47.756464923,113.132337765,nan,nan,nan,nan,nan,0.000000000,4.048375005,2.728559019,0.024838024,0.029447023,2.903083980,0,0.400000000
125.799712896,19968,3882,0,11319,8649,16082,521,120,121,47,74,7470,8612,192,329,2.704680717,1.628572308,33.818446513,136.225660407,55.625915527,3,1.000000000,nan,nan,0.000000000,4.274983949,2.370386967,0.020629959,0.213659951,2.552427992,0,0.400000000
125.899654865,19968,3846,0,11105,8863,16118,526,101,93,40,53,7288,8830,191,335,2.727564561,1.608604340,23.117286242,82.831206294,39.882898331,7,1.000000000,nan,nan,0.000000000,11.237294006,4.877491971,0.030038995,0.517375011,5.161984998,0,0.400000000
125.999620199,20064,3835,0,11382,8682,16225,512,96,110,45,65,7582,8643,188,324,2.684427023,1.628520234,29.815817861,73.583007092,29.738664627,4,1.000000000,nan,nan,0.000000000,8.230736014,2.959362988,0.021947955,0.051522977,3.143105947,0,0.400000000
126.099632740,19968,3781,0,11229,8739,16183,521,99,107,47,60,7481,8702,191,330,2.694391573,1.611618872,29.768410879,70.355013949,nan,1,nan,nan,nan,0.000000000,7.099253999,3.128753044,0.021695043,0.074487005,3.330626991,0,0.400000000
126.199635983,19488,3130,0,10598,8890,16354,509,111,110,60,50,7497,8857,185,324,2.696186293,1.612428625,32.539614641,74.786333140,24.355649948,3,1.000000000,nan,nan,0.000000000,10.521535005,4.525033000,0.034864061,0.067608955,4.850979021,0,0.400000000
126.301173925,20352,3974,0,11517,8835,16374,522,101,116,56,60,7573,8801,191,331,2.682428937,1.614457240,32.486224206,78.029066969,nan,1,nan,nan,nan,0.000000000,4.027097020,1.883315039,0.014388061,0.040457991,2.014512022,0,0.400000000
126.398873806,19872,3593,0,10985,8887,16275,518,105,106,50,56,7415,8860,187,331,2.716987593,1.611145844,25.559359467,73.239546352,70.022821426,5,1.000000000,nan,nan,0.000000000,4.318146035,2.384518913,0.019512023,0.059574959,2.564655035,0,0.400000000
126.499768972,19776,3793,0,11103,8673,15979,521,112,112,54,58,7344,8635,189,332,2.718244450,1.620670547,28.139528302,74.023588526,5.680084229,6,0.000000000,nan,nan,0.000000000,3.525938955,1.968986995,0.016325095,0.043567969,2.126291976,0,0.400000000
126.599167585,19872,3892,0,11191,8681,15976,508,94,96,52,44,7323,8653,188,320,2.725122719,1.620716166,22.821766303,66.755513847,10.306119919,3,0.000000000,nan,nan,0.000000000,5.776345031,2.634462027,0.017256010,0.041611027,2.804243995,0,0.400000000
126.699752331,20352,3983,0,11616,8736,16365,511,119,116,60,56,7657,8708,188,323,2.664588914,1.613421191,28.567840530,88.611580401,25.904178619,2,1.000000000,nan,nan,0.000000000,7.834664022,4.474179936,0.040985935,0.071484013,4.830727994,0,0.400000000
126.799784422,19968,4016,0,11317,8651,16365,511,117,117,60,57,7657,8708,188,323,2.664588914,1.613421191,29.734609835,82.742984140,nan,nan,nan,nan,nan,0.000000000,5.116423010,3.333946981,0.026085996,0.058436999,3.556951007,0,0.400000000
126.901296616,20064,3923,0,11083,8981,16365,511,118,115,59,56,7657,8708,188,323,2.664588914,1.613421191,29.824955123,83.603371865,nan,nan,nan,nan,nan,0.000000000,2.177759015,1.456180064,0.009962008,0.032973010,1.544428000,0,0.400000000
126.999738216,19776,4176,0,11221,8555,16365,511,116,114,59,55,7657,8708,188,323,2.664588914,1.613421191,28.660582885,83.910185642,nan,nan,nan,nan,nan,0.000000000,4.301025998,3.070033970,0.025996997,0.051619019,3.294878989,0,0.400000000
127.099393845,20352,4039,0,10946,9406,16365,511,114,113,59,54,7657,8708,188,323,2.664588914,1.613421191,29.560861525,81.543192662,nan,nan,nan,nan,nan,0.000000000,4.737065989,3.049688006,0.012849981,0.047545996,3.177070001,0,0.400000000
127.199815035,19968,4372,0,11167,8801,16365,511,114,114,59,55,7657,8708,188,323,2.664588914,1.613421191,29.698061957,84.009504075,nan,nan,nan,nan,nan,0.000000000,2.083479951,1.398077002,0.006322050,0.020109001,1.462628017,0,0.400000000
127.299731970,19968,4255,0,10900,9068,15709,514,103,110,52,58,6662,9047,163,351,2.682526075,1.736414142,28.383322876,77.877127860,6.046772003,5,0.000000000,nan,nan,0.000000000,4.731102032,2.556042047,0.020180945,0.054689997,2.747139020,0,0.400000000
127.400262356,20064,4715,0,11309,8755,15345,506,100,104,47,57,6631,8714,156,350,2.646110529,1.828013517,26.827327748,63.724841901,37.575006485,7,1.000000000,nan,nan,0.000000000,5.172042991,2.468714025,0.015256053,0.031577016,2.648578957,0,0.400000000
127.499588490,19968,4607,0,10885,9083,15357,507,89,98,46,52,6342,9015,155,352,2.682402524,1.800117228,26.605086795,56.478301697,69.223165512,4,1.000000000,nan,nan,0.000000000,5.764550995,3.340110939,0.025583955,0.071236980,3.585665021,0,0.400000000
127.599823952,20064,5034,0,11278,8786,15026,512,101,104,46,58,6335,8691,156,356,2.665965286,1.880179488,27.275312270,69.859929942,78.946590424,4,1.000000000,nan,nan,0.000000000,8.565741999,4.922966997,0.028828974,0.030929048,5.201068008,0,0.400000000
127.699688673,19008,4822,0,10338,8670,14182,510,98,96,47,49,5649,8533,158,352,2.711764938,1.848137703,29.988635601,58.230480335,nan,1,nan,nan,nan,0.000000000,7.095283014,3.270030022,0.023076951,0.068409019,3.481027961,0,0.400000000
127.795391321,21024,5380,0,11668,9356,15640,492,101,97,47,50,6479,9161,156,336,2.647478221,1.907554673,24.674712456,54.127853864,14.568090439,3,0.000000000,nan,nan,0.000000000,8.637677995,4.770202097,0.027236005,0.091051043,5.069290986,0,0.400000000
127.900657177,19968,5299,0,10910,9058,14665,481,87,88,39,49,5805,8860,147,334,2.679415991,1.889205494,24.331823196,53.199482734,nan,1,nan,nan,nan,0.000000000,4.149151035,1.908357081,0.010752934,0.030953030,2.017873048,0,0.400000000
127.999634504,19968,5464,0,11076,8892,14500,482,103,99,37,62,5850,8650,141,341,2.658542266,1.916334751,23.878687571,52.059245961,4.210233688,2,0.000000000,nan,nan,0.000000000,3.485639987,1.697162923,0.012336066,0.027081987,1.811625960,0,0.400000000
128.099578142,20064,5749,0,11076,8988,14500,482,96,98,38,60,5850,8650,141,341,2.658542266,1.916334751,24.110568477,56.428123831,nan,nan,nan,nan,nan,0.000000000,2.635605983,1.904228993,0.014615012,0.034962024,2.042968990,0,0.400000000
128.199645281,19968,5887,0,11200,8768,14077,460,87,89,31,58,5646,8431,126,334,2.626420975,1.950510409,20.591396946,47.054550786,nan,1,nan,nan,nan,0.000000000,5.708760989,2.814305015,0.019729021,0.069711008,3.011199005,0,0.400000000
128.299619198,20064,6118,0,11410,8654,13942,455,89,87,30,57,5654,8288,114,341,2.648613070,1.983302521,19.206187042,44.181982655,51.035404205,3,1.000000000,nan,nan,0.000000000,10.190695990,4.863853974,0.033171033,0.136454997,5.187831994,0,0.400000000
128.400089979,19776,6277,0,11189,8587,13942,455,87,86,31,55,5654,8288,114,341,2.648613070,1.983302521,16.931120135,45.767251574,nan,nan,nan,nan,nan,0.000000000,4.110412963,2.702143916,0.017160957,0.040696992,2.886949980,0,0.400000000
128.599668741,20064,6618,0,11470,8594,13442,435,87,86,33,53,5401,8041,116,319,2.556990598,1.985074267,18.878547372,52.121199920,79.653978348,6,1.000000000,nan,nan,0.000000000,2.763204975,1.336313959,0.009571086,0.024026958,1.436700986,0,0.400000000
128.699769258,19968,6834,0,11728,8240,13442,435,83,87,31,56,5401,8041,116,319,2.556990598,1.985074267,18.652743857,60.382717151,nan,nan,nan,nan,nan,0.000000000,5.024801998,3.558769939,0.029087008,0.061056984,3.857976990,0,0.400000000
128.799717426,19968,6952,0,11650,8318,13012,417,79,83,28,55,5383,7629,112,305,2.513181808,1.997381739,15.138118164,61.921952370,39.892911911,8,1.000000000,nan,nan,0.000000000,3.249906003,1.716359053,0.011482916,0.031037023,1.846260973,0,0.400000000
128.899641275,19584,7119,0,11863,7721,13012,417,84,83,27,56,5383,7629,112,305,2.513181808,1.997381739,15.644044075,54.068939306,nan,nan,nan,nan,nan,0.000000000,3.284325998,2.296213002,0.016292965,0.029053015,2.467950981,0,0.400000000
128.999760151,20448,7264,0,11899,8549,13180,409,79,80,30,50,5464,7716,113,296,2.504430272,2.096914041,12.118704017,47.826166735,nan,1,nan,nan,nan,0.000000000,8.354623977,3.722497029,0.024303969,0.041936000,3.994964994,0,0.400000000
129.099637508,19968,7369,0,12102,7866,12595,395,86,85,34,51,5591,7004,117,278,2.440347997,2.064191060,14.523007447,55.042159126,nan,1,nan,nan,nan,0.000000000,5.359678995,2.988048014,0.024397043,0.051312032,3.236804972,0,0.400000000
129.199637890,20064,7518,0,12129,7935,12595,395,89,91,35,56,5591,7004,117,278,2.440347997,2.064191060,16.132394084,62.256175465,nan,nan,nan,nan,nan,0.000000000,7.854625990,5.414538027,0.048491987,0.076689001,5.921019998,0,0.400000000
129.299756527,19968,7611,0,12225,7743,12595,395,91,91,35,56,5591,7004,117,278,2.440347997,2.064191060,15.212766128,62.260751422,nan,nan,nan,nan,nan,0.000000000,8.177360054,5.608913023,0.035987003,0.076508033,5.981033959,0,0.400000000
129.399693489,20064,7758,0,12140,7924,12595,395,90,90,35,55,5591,7004,117,278,2.440347997,2.064191060,15.631191005,62.565091280,nan,nan,nan,nan,nan,0.000000000,7.440607995,4.986249027,0.030401978,0.072149036,5.296661984,0,0.400000000
129.499685764,19584,7620,0,11976,7608,12595,395,91,93,36,57,5591,7004,117,278,2.440347997,2.064191060,15.232577939,63.626300324,nan,nan,nan,nan,nan,0.000000000,3.550250025,2.285605005,0.018717954,0.032190001,2.470659965,0,0.400000000
129.598928452,20352,8186,0,12445,7907,12162,349,70,69,36,33,5449,6713,117,232,2.376137631,2.280353735,10.143318472,49.739838314,19.880533218,2,1.000000000,nan,nan,0.000000000,7.533420983,3.644455108,0.025573070,0.091822003,3.940377035,0,0.400000000
129.700884104,19968,7919,0,12273,7695,12162,349,70,69,35,34,5449,6713,117,232,2.376137631,2.280353735,10.484898822,52.667987588,nan,nan,nan,nan,nan,0.000000000,2.834978048,1.846633037,0.010298972,0.038645987,1.969392004,0,0.400000000
129.801679134,20064,8077,0,12345,7719,11983,344,74,73,36,37,5505,6478,125,219,2.341855232,2.339173974,10.098096873,57.923493062,7.792234421,2,0.000000000,nan,nan,0.000000000,2.663255960,1.226764987,0.008982024,0.023452973,1.329185965,0,0.400000000
129.899747610,19968,8151,0,12386,7582,11813,351,73,74,40,34,5489,6324,128,223,2.302871939,2.426093777,12.189116750,44.123857431,nan,1,nan,nan,nan,0.000000000,2.117685974,1.082910981,0.008653034,0.020870008,1.177602971,0,0.400000000
129.999851465,20064,8236,0,12563,7501,11824,336,58,61,33,28,5598,6226,125,211,2.265251490,2.470613852,11.076467480,37.354788604,153.894662857,2,1.000000000,nan,nan,0.000000000,4.392771050,2.419347002,0.015679980,0.094902003,2.624784946,0,0.400000000
130.099658251,19968,8212,0,12456,7512,11752,335,56,54,27,27,5489,6263,115,220,2.234153533,2.479387271,8.913725908,32.089867991,26.802778244,5,1.000000000,nan,nan,0.000000000,2.046401962,1.020797004,0.006438000,0.019557017,1.110580983,0,0.400000000
130.199734211,19968,8209,0,12516,7452,11755,322,53,50,20,30,5606,6149,107,215,2.177951678,2.496763185,7.301826858,30.470560542,17.283916473,18,1.000000000,nan,nan,0.000000000,3.381275979,1.651920029,0.011089956,0.029667979,1.807663008,0,0.400000000
130.299662352,19584,8152,0,12096,7488,11428,325,55,53,25,28,5206,6222,98,227,2.219984921,2.529921893,10.840414055,36.358681782,nan,1,nan,nan,nan,0.000000000,3.966134973,1.783862012,0.011381984,0.044328975,1.939474023,0,0.400000000
130.397464275,20448,8556,0,13044,7404,11888,310,50,54,22,32,5797,6091,97,213,2.088715942,2.560317671,8.867995710,34.757907347,74.061155319,2,1.000000000,nan,nan,0.000000000,5.270243040,2.168294974,0.014142075,0.057695957,2.371658047,0,0.400000000
130.499614239,19872,8385,0,12479,7393,11888,310,52,52,23,29,5797,6091,97,213,2.088715942,2.560317671,10.714501944,32.058214205,nan,nan,nan,nan,nan,0.000000000,2.414022980,1.579439966,0.010134012,0.036133977,1.727712981,0,0.400000000
130.599598408,20064,8452,0,12655,7409,11888,310,53,53,24,29,5797,6091,97,213,2.088715942,2.560317671,10.637230362,32.547684634,nan,nan,nan,nan,nan,0.000000000,6.717840035,4.443405021,0.028573035,0.064909982,4.861032008,0,0.400000000
130.699669361,20064,8540,0,12554,7510,11888,310,54,53,24,29,5797,6091,97,213,2.088715942,2.560317671,10.727379922,30.313605911,nan,nan,nan,nan,nan,0.000000000,3.044579993,0.935924880,0.006387010,0.038261001,1.029503997,0,0.400000000
130.799633980,19776,8372,0,12578,7198,11888,310,52,52,24,28,5797,6091,97,213,2.088715942,2.560317671,10.618710822,30.288539362,nan,nan,nan,nan,nan,0.000000000,3.298502008,2.019667067,0.009518000,0.027515984,2.171786036,0,0.400000000
130.899802446,19680,8443,0,12374,7306,11233,308,46,51,20,31,5290,5943,91,217,1.984560394,2.657906929,10.616154989,29.432623598,15.910387039,3,1.000000000,nan,nan,0.000000000,3.026013961,1.534442010,0.009684998,0.045872002,1.677102002,0,0.400000000
130.999183893,20160,8634,0,12726,7434,11233,308,53,53,23,30,5290,5943,91,217,1.984560394,2.657906929,11.565064186,34.689255456,nan,nan,nan,nan,nan,0.000000000,6.448636996,4.397037032,0.030373980,0.068915018,4.863730981,0,0.400000000
131.101419210,20160,8716,0,12727,7433,11233,308,55,55,23,32,5290,5943,91,217,1.984560394,2.657906929,12.669340780,38.211098149,nan,nan,nan,nan,nan,0.000000000,6.694537005,4.401541024,0.028950046,0.068482012,4.813396023,0,0.400000000
131.198941708,20160,8809,0,12804,7356,11347,306,48,53,25,28,5436,5911,93,213,1.876093550,2.703986973,11.827306345,32.940006568,12.391805649,2,0.000000000,nan,nan,0.000000000,4.674436990,2.027234004,0.011938915,0.041554973,2.208642021,0,0.400000000
131.299663544,20064,8723,0,12715,7349,11347,306,57,54,24,30,5436,5911,93,213,1.876093550,2.703986973,12.369348412,42.216609428,nan,nan,nan,nan,nan,0.000000000,2.347659029,1.547821041,0.011091994,0.018743973,1.696160005,0,0.400000000
131.399810076,19968,8768,0,12675,7293,11196,290,53,52,22,30,5347,5849,94,196,1.829133678,2.721165890,11.055032833,36.424841989,9.896039963,3,0.000000000,nan,nan,0.000000000,3.605072037,1.595453999,0.010806078,0.038155005,1.763080014,0,0.400000000
131.500167370,19584,8541,0,12312,7272,11039,290,48,51,24,27,5254,5785,93,197,1.814872722,2.734857359,12.244595851,36.307041295,39.597988129,4,1.000000000,nan,nan,0.000000000,4.665253044,2.014648053,0.012664008,0.031132018,2.198607021,0,0.400000000
131.600406647,20448,9180,0,13222,7226,11039,290,52,51,24,27,5254,5785,93,197,1.814872722,2.734857359,12.619622193,34.125993549,nan,nan,nan,nan,nan,0.000000000,1.414570026,0.861126056,0.006085087,0.020197011,0.951853988,0,0.400000000
131.699625015,19968,8935,0,12756,7212,11029,295,49,51,26,25,5272,5757,96,199,1.755040992,2.745115123,7.973795977,31.120324075,35.606861115,3,1.000000000,nan,nan,0.000000000,3.685283998,1.925314951,0.012393983,0.047401991,2.115563024,0,0.400000000
131.800979137,19968,8902,0,12784,7184,11062,301,54,54,27,27,5318,5744,102,199,1.719308436,2.752946767,7.854988392,39.439333180,65.858840942,6,1.000000000,nan,nan,0.000000000,4.971247981,2.449100954,0.015928992,0.044487999,2.693241986,0,0.400000000
131.899731398,20064,9031,0,12829,7235,11062,301,52,52,25,27,5318,5744,102,199,1.719308436,2.752946767,9.334082688,33.857412368,nan,nan,nan,nan,nan,0.000000000,1.627410005,1.022360928,0.006475078,0.018475053,1.118419983,0,0.400000000
131.999820471,19968,8963,0,12851,7117,11062,301,50,50,23,27,5318,5744,102,199,1.719308436,2.752946767,8.471251032,30.152451363,nan,nan,nan,nan,nan,0.000000000,1.408579003,0.910719973,0.004509988,0.016317004,0.985458028,0,0.400000000
132.099571228,20064,9120,0,12959,7105,10940,287,39,45,18,27,5272,5668,85,202,1.644767162,2.762002035,7.456792076,30.055493972,9.557008743,2,0.000000000,nan,nan,0.000000000,4.335439007,1.866794890,0.008658040,0.022966007,2.030435018,0,0.400000000
132.199746847,19776,8827,0,12763,7013,10945,298,52,52,21,31,5382,5563,82,216,1.595903464,2.783707393,7.697096743,32.620811500,5.547523499,2,0.000000000,nan,nan,0.000000000,2.178950992,0.960132922,0.006133923,0.014149002,1.053841028,0,0.400000000
132.300850153,19392,8686,0,12643,6749,10945,298,49,51,20,31,5382,5563,82,216,1.595903464,2.783707393,7.675461300,32.577639164,nan,nan,nan,nan,nan,0.000000000,3.663162002,2.182586002,0.013743062,0.034357014,2.386628010,0,0.400000000
132.399087667,20736,9387,0,13410,7326,11345,295,48,52,18,34,5591,5754,68,227,1.496046450,2.774358975,9.080481318,33.441340243,9.779930115,2,0.000000000,nan,nan,0.000000000,4.315440019,1.829394954,0.011683034,0.026130001,2.004380978,0,0.400000000
132.499570370,20064,9211,0,13009,7055,11345,295,47,46,16,30,5591,5754,68,227,1.496046450,2.774358975,7.590088767,29.591289157,nan,nan,nan,nan,nan,0.000000000,1.722697983,1.116225962,0.007158087,0.013629033,1.228196023,0,0.400000000
132.599599838,19968,9095,0,12958,7010,11345,295,46,46,16,30,5591,5754,68,227,1.496046450,2.774358975,7.590087675,29.613701965,nan,nan,nan,nan,nan,0.000000000,4.995388968,3.311705019,0.022027991,0.043730019,3.652450978,0,0.400000000
132.699608803,19584,8915,0,12595,6989,11345,295,46,46,16,30,5591,5754,68,227,1.496046450,2.774358975,7.594245097,29.879175430,nan,nan,nan,nan,nan,0.000000000,5.264186009,3.179746971,0.017493032,0.039842038,3.468689974,0,0.400000000
132.799181938,20448,9507,0,13234,7214,11345,295,47,47,16,31,5591,5754,68,227,1.496046450,2.774358975,7.638126056,29.953611617,nan,nan,nan,nan,nan,0.000000000,2.237237990,1.353116997,0.006661983,0.021718966,1.461804030,0,0.400000000
132.899711609,19968,9492,0,12890,7078,10472,274,53,52,14,38,4904,5568,57,217,1.388965976,2.793318465,8.750717911,33.775358814,20.177841187,4,1.000000000,nan,nan,0.000000000,5.764333997,2.777451009,0.020980020,0.047896989,3.072535037,0,0.400000000
132.999738932,19968,9472,0,12911,7057,10492,285,57,53,18,35,4937,5555,60,225,1.372233210,2.799948741,11.449273639,29.419530483,nan,1,nan,nan,nan,0.000000000,5.274188006,2.249673940,0.017039012,0.038544007,2.482455980,0,0.400000000
133.099586010,19968,9733,0,12930,7038,10231,288,53,48,16,32,4708,5523,58,230,1.351770322,2.795195504,9.469663453,24.592620331,15.526533127,5,1.000000000,nan,nan,0.000000000,1.805977023,0.869979966,0.006256974,0.013491954,0.957922020,0,0.400000000
133.199776649,19968,9750,0,12993,6975,10231,288,50,48,13,35,4708,5523,58,230,1.351770322,2.795195504,10.876804575,27.746740411,nan,nan,nan,nan,nan,0.000000000,2.966466011,1.981251989,0.015148951,0.033661025,2.210098028,0,0.400000000
133.301395178,19968,9861,0,13001,6967,10103,284,49,51,12,39,4665,5438,58,226,1.312878871,2.802858422,11.079027832,28.365325514,6.191492081,2,0.000000000,nan,nan,0.000000000,3.239899001,1.555523952,0.010184012,0.027283968,1.708726049,0,0.400000000
133.399714947,20064,10068,0,13133,6931,9992,278,49,58,16,42,4569,5423,59,219,1.290158931,2.793737593,12.470972941,44.252561998,19.996643066,3,1.000000000,nan,nan,0.000000000,3.045535006,1.367158024,0.009953917,0.026869995,1.506400004,0,0.400000000
133.499657154,19968,10086,0,13058,6910,9878,279,43,45,10,35,4494,5384,58,221,1.272087056,2.818726186,8.232476313,27.013710155,24.281740189,3,1.000000000,nan,nan,0.000000000,4.045610025,2.100989979,0.013821002,0.039180974,2.328886010,0,0.400000000
133.601096630,19968,10168,0,13041,6927,9878,279,48,48,13,35,4494,5384,58,221,1.272087056,2.818726186,9.039725908,26.912862281,nan,nan,nan,nan,nan,0.000000000,6.279788970,4.045235983,0.025594956,0.067385030,4.443065962,0,0.400000000
133.699701071,20064,10210,0,12995,7069,9850,283,51,46,10,36,4299,5551,58,225,1.217294528,2.834034661,8.957250271,26.065525918,5.665540695,3,0.000000000,nan,nan,0.000000000,4.916663049,2.086931025,0.013280078,0.044703018,2.287429001,0,0.400000000
133.799608231,20064,10228,0,12939,7125,9832,276,49,46,14,32,4181,5651,60,216,1.203336628,2.838293985,7.750573265,26.766803854,14.210700989,4,0.000000000,nan,nan,0.000000000,4.578185966,2.096310956,0.013607962,0.031387026,2.309760952,0,0.400000000
133.899817705,19968,10342,0,13003,6965,9832,276,45,44,14,30,4181,5651,60,216,1.203336628,2.838293985,8.356549387,23.822736154,nan,nan,nan,nan,nan,0.000000000,2.071133000,1.311061962,0.007843017,0.023094995,1.441990025,0,0.400000000
133.999561548,20064,10503,0,13053,7011,9832,276,46,45,14,31,4181,5651,60,216,1.203336628,2.838293985,8.362871859,27.339585896,nan,nan,nan,nan,nan,0.000000000,1.340943971,0.839378103,0.005455979,0.020004984,0.928351015,0,0.400000000
134.099681616,19968,10737,0,13096,6872,9227,296,52,48,15,33,3828,5399,73,223,1.171432240,2.840204713,8.569097135,27.451523609,nan,1,nan,nan,nan,0.000000000,6.728334003,3.524269967,0.022247958,0.067743997,3.846335982,0,0.400000000
134.199577332,19968,10777,0,12997,6971,9227,296,50,55,17,38,3828,5399,73,223,1.171432240,2.840204713,9.876649176,24.252658662,nan,nan,nan,nan,nan,0.000000000,5.003553000,3.343149030,0.022900058,0.065760047,3.670766018,0,0.400000000
134.299684286,20064,11219,0,13165,6899,8841,290,43,44,14,30,3424,5417,59,231,1.174900906,2.852090397,6.496142330,20.976248492,5.828142166,4,0.000000000,nan,nan,0.000000000,3.575434035,1.711000048,0.009629061,0.026875001,1.870793989,0,0.400000000
134.399657249,19968,11431,0,12984,6984,8533,277,50,47,9,38,2980,5553,46,231,1.201260156,2.841048606,5.749477919,30.097486523,5.920171738,3,0.000000000,nan,nan,0.000000000,3.615538997,1.728839998,0.011601951,0.032593030,1.903255994,0,0.400000000
134.499579430,20064,11830,0,13047,7017,8230,269,46,48,13,35,2758,5472,45,224,1.217021356,2.866963840,6.888442702,29.916814233,5.765914917,3,0.000000000,nan,nan,0.000000000,6.258725014,2.660897968,0.021028041,0.014297024,2.972215996,0,0.400000000
134.599650383,19968,11883,0,12894,7074,8081,273,51,50,8,42,2444,5637,43,230,1.272314504,2.858287851,8.023139382,33.947814914,15.637159348,4,1.000000000,nan,nan,0.000000000,6.539263995,3.018699994,0.019376050,0.042775006,3.312261018,0,0.400000000
134.699648619,19968,12131,0,12946,7022,7833,265,52,56,11,45,2277,5556,40,225,1.324278669,2.873327159,7.853673533,33.726408143,10.408163071,2,0.000000000,nan,nan,0.000000000,3.402706003,1.890706015,0.014111924,0.040801009,2.092798997,0,0.400000000
134.799581289,20064,12362,0,12912,7152,7833,265,56,57,10,47,2277,5556,40,225,1.324278669,2.873327159,7.526378267,31.949689308,nan,nan,nan,nan,nan,0.000000000,4.559063993,2.897982020,0.021945918,0.044745975,3.221708990,0,0.400000000
134.899695873,19968,12557,0,12946,7022,7833,265,59,59,12,47,2277,5556,40,225,1.324278669,2.873327159,7.778912632,31.825173440,nan,nan,nan,nan,nan,0.000000000,1.962559007,1.229114947,0.009639072,0.018496008,1.360483991,0,0.400000000
135.001302719,19968,12789,0,12974,6994,7175,255,51,52,8,44,1615,5560,30,225,1.439118114,2.886324469,8.116651949,30.598130380,89.964866638,2,1.000000000,nan,nan,0.000000000,2.171872009,1.058443973,0.008380041,0.018249964,1.173662022,0,0.400000000
135.099558353,19968,12920,0,13014,6954,7044,256,52,52,10,42,1523,5521,33,223,1.379903623,2.897786446,7.788682460,31.832581898,nan,1,nan,nan,nan,0.000000000,4.155116971,2.361426945,0.017690996,0.039787032,2.624757006,0,0.400000000
135.200507641,20064,13181,0,13151,6913,7044,256,51,52,10,42,1523,5521,33,223,1.379903623,2.897786446,8.472834393,31.639045612,nan,nan,nan,nan,nan,0.000000000,3.775071993,1.386246004,0.008394010,0.029475021,1.556459989,0,0.400000000
135.300053358,19968,13250,0,13027,6941,6714,250,58,52,10,42,1225,5489,30,220,1.520492399,2.901263386,6.319596984,26.215408175,4.289865494,2,0.000000000,nan,nan,0.000000000,6.365867972,3.632155072,0.030835101,0.082437997,4.059627943,0,0.400000000
135.399674892,19968,13326,0,13081,6887,6714,250,54,54,11,43,1225,5489,30,220,1.520492399,2.901263386,7.266052412,28.272629055,nan,nan,nan,nan,nan,0.000000000,2.241800015,1.476064092,0.012871926,0.027428032,1.645790006,0,0.400000000
135.499497890,20064,13386,0,13050,7014,6714,250,55,55,11,44,1225,5489,30,220,1.520492399,2.901263386,7.263019993,31.912861007,nan,nan,nan,nan,nan,0.000000000,2.119182027,1.442093984,0.009330979,0.031507981,1.587901032,0,0.400000000
135.599600315,19968,13245,0,13036,6932,6719,250,48,45,9,36,1206,5513,30,220,1.636657578,2.894172534,6.282250096,21.046440191,6.102561951,3,0.000000000,nan,nan,0.000000000,4.663613974,2.588795091,0.019438972,0.060087012,2.875522012,0,0.400000000
135.699494362,20064,13257,0,12962,7102,6719,250,50,48,9,39,1206,5513,30,220,1.636657578,2.894172534,7.607448158,25.961446045,nan,nan,nan,nan,nan,0.000000000,3.022097982,2.002747962,0.014143006,0.028976006,2.218573994,0,0.400000000
135.800749302,19968,13209,0,12999,6969,6755,249,49,48,10,38,1229,5526,30,219,1.621288987,2.892831782,6.273350267,31.248713985,nan,1,nan,nan,nan,0.000000000,2.458838979,1.295299910,0.009206997,0.023234985,1.426906965,0,0.400000000
135.899648190,20064,13420,0,13085,6979,6755,249,52,51,10,41,1229,5526,30,219,1.621288987,2.892831782,6.103666609,32.441628887,nan,nan,nan,nan,nan,0.000000000,2.155184047,1.456562022,0.011613010,0.023066008,1.634960005,0,0.400000000
135.999746323,19872,13129,0,12920,6952,6739,246,51,50,10,40,1254,5485,30,216,1.566134195,2.898220351,8.241929495,30.364012642,39.939641953,10,1.000000000,nan,nan,0.000000000,1.527799992,0.778829039,0.005948998,0.010373013,0.866544025,0,0.400000000
136.101289988,20064,13345,0,12986,7078,6715,249,51,49,10,39,1183,5532,29,220,1.555872109,2.890356383,6.001461199,33.259876943,50.118207932,3,1.000000000,nan,nan,0.000000000,2.963530016,1.540429017,0.011105905,0.031524978,1.705997973,0,0.400000000
136.199598074,19968,12987,0,12861,7107,6977,254,51,50,10,40,1345,5632,32,222,1.492378633,2.893589718,7.430253461,37.751988586,50.502538681,2,1.000000000,nan,nan,0.000000000,1.771806041,0.999661046,0.007596042,0.026878028,1.114989980,0,0.400000000
136.299577713,19968,13141,0,12855,7113,6823,247,48,45,9,36,1277,5546,30,217,1.521117014,2.889298703,5.087112708,27.607110384,59.965610504,4,1.000000000,nan,nan,0.000000000,1.984484028,1.012052991,0.007177005,0.012745964,1.124073984,0,0.400000000
136.399610043,20064,12992,0,12970,7094,6823,247,44,47,9,38,1277,5546,30,217,1.521117014,2.889298703,5.881949720,32.589115585,nan,nan,nan,nan,nan,0.000000000,2.601553977,1.823103987,0.012707955,0.028148002,2.027125040,0,0.400000000
136.499762058,19968,13036,0,12939,7029,6823,247,49,49,10,39,1277,5546,30,217,1.521117014,2.889298703,6.250257076,32.932215616,nan,nan,nan,nan,nan,0.000000000,1.272530993,0.885789981,0.006067974,0.009519979,0.996081042,0,0.400000000
136.599777460,20064,12912,0,13032,7032,7148,250,45,49,8,41,1613,5535,32,218,1.361489600,2.899184825,6.453938346,24.983724689,105.988264084,2,1.000000000,nan,nan,0.000000000,2.382918959,1.212842995,0.008300005,0.023490982,1.342274016,0,0.400000000
136.699677944,19968,12684,0,12899,7069,7148,250,52,49,9,40,1613,5535,32,218,1.361489600,2.899184825,6.092381301,21.694291870,nan,nan,nan,nan,nan,0.000000000,2.466392005,1.724799979,0.013849989,0.028215989,1.923385018,0,0.400000000
136.799651146,19968,12505,0,12884,7084,7459,258,47,51,8,43,1836,5623,33,225,1.324214293,2.887463991,8.444690444,20.471537550,nan,1,nan,nan,nan,0.000000000,2.581048990,1.382236020,0.009837968,0.032186974,1.526907028,0,0.400000000
136.899664640,19968,12287,0,12897,7071,7459,258,53,53,9,44,1836,5623,33,225,1.324214293,2.887463991,9.503200225,24.651351989,nan,nan,nan,nan,nan,0.000000000,3.483503999,2.266954922,0.016434991,0.031329982,2.559215005,0,0.400000000
136.999505997,20064,12225,0,12990,7074,7459,258,54,52,9,43,1836,5623,33,225,1.324214293,2.887463991,8.932029549,26.648205110,nan,nan,nan,nan,nan,0.000000000,1.357940026,0.885249057,0.006929971,0.011457014,0.976854993,0,0.400000000
137.099513292,19968,11829,0,12924,7044,8135,273,43,54,12,42,2514,5621,43,230,1.303396644,2.870328295,8.793416259,38.928010301,nan,1,nan,nan,nan,0.000000000,3.239187994,1.823512954,0.011680066,0.039632025,2.009001968,0,0.400000000
137.199611902,20064,11612,0,13095,6969,8135,273,56,55,12,43,2514,5621,43,230,1.303396644,2.870328295,10.471080684,24.591330901,nan,nan,nan,nan,nan,0.000000000,2.840824018,1.881400938,0.013076002,0.019260973,2.059495018,0,0.400000000
137.299783945,19968,11001,0,12929,7039,8963,286,39,50,11,39,3331,5632,53,233,1.192712454,2.860269166,9.579004161,31.964057523,37.413835526,4,1.000000000,nan,nan,0.000000000,5.328696978,2.499632945,0.013398007,0.055559038,2.732264053,0,0.400000000
137.399581194,19776,10633,0,12803,6973,8963,286,46,50,9,41,3331,5632,53,233,1.192712454,2.860269166,8.062615230,27.920024202,nan,nan,nan,nan,nan,0.000000000,1.699158980,1.126932038,0.006824965,0.020484964,1.229949994,0,0.400000000
137.501109123,20256,10614,0,13229,7027,9638,284,52,45,10,35,3999,5639,68,216,1.189437284,2.845862998,8.566631108,24.977311239,54.590702057,6,1.000000000,nan,nan,0.000000000,3.339464020,1.777003054,0.011531927,0.046734989,1.950995997,0,0.400000000
137.599751234,19968,10260,0,12978,6990,9704,291,53,54,10,44,4158,5546,67,224,1.209371119,2.839432799,10.268724835,32.530023374,5.682229996,2,0.000000000,nan,nan,0.000000000,2.013874007,0.988260959,0.006574090,0.015521015,1.080400019,0,0.400000000
137.699597597,19968,10028,0,12903,7065,9704,291,55,54,10,44,4158,5546,67,224,1.209371119,2.839432799,10.443318465,31.958782373,nan,nan,nan,nan,nan,0.000000000,3.004144004,1.990246004,0.014130084,0.025084999,2.202539996,0,0.400000000
137.799502373,19968,9965,0,12947,7021,9999,273,55,47,11,36,4445,5554,57,216,1.249592355,2.826699789,9.465392766,24.911028435,59.778451920,2,1.000000000,nan,nan,0.000000000,8.135651995,4.218938004,0.032279000,0.084313971,4.636529018,0,0.400000000
137.899607658,19968,9947,0,12901,7067,10017,274,47,49,12,37,4420,5597,58,216,1.283676160,2.814197981,9.997359162,23.651237211,25.056600571,6,1.000000000,nan,nan,0.000000000,4.698300036,2.106649976,0.012826931,0.030689989,2.301418048,0,0.400000000
137.999554634,19968,9932,0,12924,7044,10032,274,53,52,12,40,4486,5546,61,213,1.297211995,2.809428207,11.215948752,30.634267260,6.888866425,2,0.000000000,nan,nan,0.000000000,2.043303975,0.998344040,0.007012975,0.015550002,1.102768991,0,0.400000000
138.100066185,19584,9911,0,12920,6664,9669,275,43,51,13,38,4513,5156,59,216,1.329731557,2.774505707,8.722438774,32.096779910,5.588769913,4,0.000000000,nan,nan,0.000000000,5.765467999,3.124001960,0.021176995,0.064624997,3.458059975,0,0.400000000
138.197350979,20064,9770,0,12914,7150,10290,276,47,50,11,39,4663,5627,59,217,1.335557134,2.801141232,9.148728035,31.414422677,6.821155548,31,0.000000000,nan,nan,0.000000000,8.389463008,3.300659999,0.018183026,0.062234001,3.570748959,0,0.400000000
138.297959089,20352,9691,0,13121,7231,10657,282,38,35,10,25,4968,5689,60,222,1.372166738,2.802631613,5.951015484,22.353822218,6.494760513,4,0.000000000,nan,nan,0.000000000,8.501679986,4.233622923,0.022497028,0.066445966,4.627976974,0,0.400000000
138.399492741,20064,9620,0,13114,6950,10440,298,45,52,12,40,5023,5417,64,234,1.388952509,2.772693446,8.335993629,34.109510916,nan,1,nan,nan,nan,0.000000000,6.966983026,3.962253977,0.022467982,0.074015989,4.295139981,0,0.400000000
138.499597073,20064,9587,0,13166,6898,10473,283,57,50,13,37,5170,5303,63,220,1.411506797,2.773154289,9.677471376,40.285912316,nan,1,nan,nan,nan,0.000000000,7.104876975,3.123935021,0.020044972,0.034972036,3.409364028,0,0.400000000
138.600467205,19872,9412,0,12948,6924,10456,290,53,55,13,42,5072,5384,66,224,1.445112251,2.775171266,9.698703030,32.871915111,5.681753159,2,0.000000000,nan,nan,0.000000000,2.526585013,1.367025019,0.008711067,0.011709984,1.497638994,0,0.400000000
138.703435183,20064,9372,0,12995,7069,10688,284,59,42,8,34,5201,5487,61,223,1.448248974,2.779459689,6.032246626,20.459597905,79.738140106,5,1.000000000,nan,nan,0.000000000,8.583542018,4.376031982,0.031043019,0.054428005,4.795606015,0,0.400000000
138.799499273,20064,9389,0,12942,7122,10671,297,58,55,11,44,5088,5583,70,227,1.516290026,2.774986341,11.804941160,34.807290397,5.735874176,2,0.000000000,nan,nan,0.000000000,5.915002024,3.267855034,0.024176028,0.050419010,3.602086043,0,0.400000000
138.899594069,20064,9279,0,12995,7069,10781,302,50,49,16,33,5267,5514,80,222,1.525069811,2.758240498,7.470081774,21.620972332,nan,1,nan,nan,nan,0.000000000,5.599214986,3.065522993,0.019365980,0.054729986,3.361157025,0,0.400000000
138.999643564,19392,9375,0,12926,6466,10781,302,54,49,17,32,5267,5514,80,222,1.525069811,2.758240498,8.208682634,22.405612961,nan,nan,nan,nan,nan,0.000000000,5.233679956,3.186220070,0.018457009,0.053327007,3.460685024,0,0.400000000
139.099873304,20352,9180,0,12954,7398,11168,304,39,48,17,31,5282,5886,89,215,1.606120790,2.775548528,7.650591299,22.049589624,nan,1,nan,nan,nan,0.000000000,3.558936995,1.619376999,0.008209026,0.031360018,1.759629988,0,0.400000000
139.199612856,19968,9305,0,12982,6986,11168,304,54,55,20,35,5282,5886,89,215,1.606120790,2.775548528,11.225960198,23.501563155,nan,nan,nan,nan,nan,0.000000000,2.798809961,1.881895994,0.012192992,0.028828974,2.061764011,0,0.400000000
139.299407244,19872,9084,0,12866,7006,11168,304,57,58,19,39,5282,5886,89,215,1.606120790,2.775548528,11.709771927,26.233296179,nan,nan,nan,nan,nan,0.000000000,4.784094985,2.992771042,0.018905033,0.039673992,3.247428976,0,0.400000000
139.400369644,20352,9316,0,13303,7049,11032,299,39,43,16,27,5451,5581,83,216,1.755749641,2.699972361,8.333245219,27.712338219,7.090091705,3,0.000000000,nan,nan,0.000000000,7.506735972,4.113834002,0.021472049,0.030963973,4.469977983,0,0.400000000
139.501565218,19968,9070,0,12853,7115,11032,299,53,51,17,34,5451,5581,83,216,1.755749641,2.699972361,11.272512494,35.913980121,nan,nan,nan,nan,nan,0.000000000,3.119063971,2.026164031,0.012077973,0.037387013,2.199397015,0,0.400000000
139.599456787,19776,9000,0,12709,7067,10772,299,41,47,12,35,5116,5656,81,218,1.817555123,2.714027394,10.089293378,29.938209344,nan,1,nan,nan,nan,0.000000000,4.752937995,2.142862999,0.011511031,0.027336006,2.325483016,0,0.400000000
139.697904587,20256,9063,0,12825,7431,10772,299,53,57,21,36,5116,5656,81,218,1.817555123,2.714027394,13.643148806,35.267412200,nan,nan,nan,nan,nan,0.000000000,1.575871953,0.988372019,0.006590970,0.009702984,1.081993978,0,0.400000000
139.799548149,19392,8593,0,12439,6953,10795,296,48,51,22,29,5203,5592,84,212,1.905137532,2.716699665,7.335905512,27.204579938,5.534887314,6,0.000000000,nan,nan,0.000000000,1.916924957,0.937170989,0.005671929,0.016228994,1.023570017,0,0.400000000
139.896140337,20640,9286,0,12995,7645,11350,311,55,56,21,35,5284,6066,84,227,1.949290868,2.631949576,9.985621785,31.946720229,6.448030472,8,0.000000000,nan,nan,0.000000000,3.630113963,1.593807014,0.009889016,0.019697996,1.728813048,0,0.400000000
139.999649048,19968,8798,0,12701,7267,11166,309,53,51,18,33,5291,5875,84,225,1.976848053,2.666380639,8.718261005,29.614595424,nan,1,nan,nan,nan,0.000000000,3.990017984,2.160333039,0.014349935,0.064491993,2.367489971,0,0.400000000
140.099510193,19968,8714,0,12644,7324,11250,313,58,46,17,29,5294,5956,87,226,2.022062187,2.638187961,10.630362718,25.735528907,34.298896790,13,1.000000000,nan,nan,0.000000000,2.701846999,1.325696008,0.008415082,0.022683991,1.446979004,0,0.400000000
140.199451208,19968,8502,0,12618,7350,11250,313,50,56,22,34,5294,5956,87,226,2.022062187,2.638187961,13.346319106,31.719136184,nan,nan,nan,nan,nan,0.000000000,3.544413019,2.295294020,0.014755002,0.044640969,2.512870007,0,0.400000000
140.299446821,20064,8608,0,12674,7390,11452,322,63,65,31,34,5399,6053,96,226,2.086620699,2.558785052,14.422419996,39.626541353,nan,1,nan,nan,nan,0.000000000,3.762837034,1.894755929,0.012803008,0.031771022,2.059075981,0,0.400000000
140.399591446,20064,8528,0,12666,7398,11532,322,65,59,26,33,5499,6033,101,221,2.133024804,2.548741473,11.156824590,31.381461634,7.032871246,2,0.000000000,nan,nan,0.000000000,8.173632959,3.970424936,0.019333034,0.041969004,4.316481005,0,0.400000000
140.500210524,19968,8499,0,12458,7510,11532,322,57,57,25,32,5499,6033,101,221,2.133024804,2.548741473,11.096348306,28.093231043,nan,nan,nan,nan,nan,0.000000000,2.029599971,1.335153996,0.008059025,0.018371968,1.447486982,0,0.400000000
140.599602699,19968,8268,0,12497,7471,11532,322,57,56,25,31,5499,6033,101,221,2.133024804,2.548741473,11.050285530,28.015240048,nan,nan,nan,nan,nan,0.000000000,2.936351986,1.994074963,0.012113014,0.028790033,2.158896008,0,0.400000000
140.699531078,19968,8173,0,12351,7617,11791,331,57,76,35,41,5442,6349,118,213,2.282075831,2.338908537,12.956836263,38.077274615,85.042953491,7,1.000000000,nan,nan,0.000000000,6.420486025,3.539163037,0.024208042,0.110236986,3.851120011,0,0.400000000
140.799485207,20064,8061,0,12367,7697,11999,328,75,70,33,37,5574,6425,114,214,2.296996949,2.292290603,12.089431871,33.869558162,5.702495575,5,0.000000000,nan,nan,0.000000000,5.292685993,2.572301019,0.019679079,0.031116011,2.793870983,0,0.400000000
140.899554729,19968,8026,0,12281,7687,11938,331,60,68,33,35,5472,6466,115,216,2.350366706,2.238550954,12.964128658,29.550827732,nan,1,nan,nan,nan,0.000000000,3.770103038,1.729718060,0.011569995,0.026875990,1.880872995,0,0.400000000
140.999544859,19968,7796,0,12240,7728,12168,320,56,60,30,30,5643,6525,108,212,2.359926024,2.219636494,10.454585497,31.294056174,5.445241928,2,0.000000000,nan,nan,0.000000000,4.713230010,2.220264985,0.013750046,0.042355037,2.400781959,0,0.400000000
141.099593639,20064,7714,0,12188,7876,12346,330,54,57,27,30,5630,6716,112,218,2.376881798,2.133604870,10.860231527,31.816117860,20.378589630,2,1.000000000,nan,nan,0.000000000,4.512290994,1.781344996,0.009568001,0.019329018,1.916153007,0,0.400000000
141.199654341,19968,7385,0,11931,8037,12346,330,60,60,25,35,5630,6716,112,218,2.376881798,2.133604870,11.236249294,28.594246099,nan,nan,nan,nan,nan,0.000000000,1.558792021,1.029333973,0.007012975,0.011552998,1.124255999,0,0.400000000
141.299691439,19968,7316,0,11912,8056,12648,332,57,57,31,26,5625,7023,112,220,2.439339837,2.094619788,8.951767478,30.587944251,75.521945953,6,1.000000000,nan,nan,0.000000000,5.018915981,2.701200021,0.017561950,0.062876963,2.946289955,0,0.400000000
141.399456501,20064,7225,0,11849,8215,12835,321,58,56,31,25,5573,7262,109,212,2.496309243,2.090359415,9.169563144,31.061256150,10.088205338,3,0.000000000,nan,nan,0.000000000,4.565679992,1.882100012,0.012045959,0.026683032,2.041169035,0,0.400000000
141.499550819,19872,6971,0,11699,8173,12835,321,55,55,32,23,5573,7262,109,212,2.496309243,2.090359415,9.568934444,30.456197338,nan,nan,nan,nan,nan,0.000000000,3.394908039,2.269879973,0.014232006,0.037983002,2.481938049,0,0.400000000
141.599589348,20064,7050,0,11791,8273,13010,335,63,65,31,34,5514,7496,110,225,2.551433180,2.059486589,14.445097351,38.875872872,6.307840347,2,0.000000000,nan,nan,0.000000000,2.419858007,1.097128028,0.007311057,0.020670996,1.199274033,0,0.400000000
141.699427366,19968,6771,0,11574,8394,13193,358,63,62,35,27,5518,7675,118,240,2.588954039,2.076053177,12.669235429,31.007985360,nan,1,nan,nan,nan,0.000000000,7.231393014,2.919359074,0.017064041,0.032729004,3.147069016,0,0.400000000
141.799559355,20064,6579,0,11507,8557,13193,358,62,61,33,28,5518,7675,118,240,2.588954039,2.076053177,10.683299303,35.947151532,nan,nan,nan,nan,nan,0.000000000,2.349499031,1.498862985,0.010708056,0.020071981,1.616491005,0,0.400000000
141.899554729,20064,6342,0,11312,8752,13193,358,61,63,33,30,5518,7675,118,240,2.588954039,2.076053177,10.751145293,33.016549201,nan,nan,nan,nan,nan,0.000000000,3.001918027,1.981896989,0.014115998,0.027543050,2.162310993,0,0.400000000
141.999589443,19872,6108,0,11350,8522,13760,403,70,63,37,26,5735,8025,133,270,2.609826642,2.026519397,15.033187898,37.064311513,4.675626755,2,0.000000000,nan,nan,0.000000000,4.370826005,2.046996960,0.012766977,0.029836956,2.200895979,0,0.400000000
142.099410534,19776,5799,0,11085,8691,13973,404,67,69,41,28,5716,8257,131,273,2.654854389,2.017343980,15.519012354,40.923971464,45.177221298,3,1.000000000,nan,nan,0.000000000,7.164352981,4.163105914,0.023288070,0.020917971,4.445326980,0,0.400000000
142.201306820,20352,5767,0,11449,8903,14581,418,64,65,44,21,6033,8548,139,279,2.603528572,1.964544233,13.291928631,33.775689309,4.283189774,2,0.000000000,nan,nan,0.000000000,2.560358029,1.296136004,0.007156050,0.051500974,1.394504972,0,0.400000000
142.301583290,19968,5249,0,10974,8994,14715,442,70,84,52,32,6013,8702,147,295,2.655058566,1.945029543,18.380276433,37.637765009,5.979537964,3,0.000000000,nan,nan,0.000000000,2.725642989,1.377928013,0.008559960,0.023550005,1.475789992,0,0.400000000
142.400817871,19872,5234,0,11090,8782,14634,448,93,95,54,41,6074,8560,145,303,2.641346488,1.971934371,23.575222441,64.830025542,nan,1,nan,nan,nan,0.000000000,6.454665971,2.935318975,0.015990052,0.025757996,3.100212023,0,0.400000000
142.499479294,20064,4926,0,10986,9078,15134,452,65,88,55,33,6211,8923,147,305,2.671878734,1.903571617,18.914569380,67.877299561,89.870214462,3,1.000000000,nan,nan,0.000000000,3.611055028,1.705969975,0.009456009,0.033718999,1.817167038,0,0.400000000
142.599600554,19872,4835,0,11024,8848,15033,456,90,95,48,47,6262,8771,143,313,2.646130563,1.953281672,26.243123308,51.281582378,5.923986435,2,0.000000000,nan,nan,0.000000000,4.905730952,1.427609008,0.010278018,0.015948957,1.533248986,0,0.400000000
142.699416876,19872,4516,0,10735,9137,15352,461,89,98,54,44,6249,9103,149,312,2.673746906,1.875879774,25.375640949,60.834208566,5.531311035,4,0.000000000,nan,nan,0.000000000,3.118022985,1.450050098,0.010134012,0.019264990,1.552962000,0,0.400000000
142.799300432,20160,4877,0,11156,9004,15279,465,94,99,48,51,6311,8968,146,319,2.640431871,1.955453620,27.404488671,56.012572455,nan,1,nan,nan,nan,0.000000000,7.673013955,3.357552050,0.023561995,0.034545956,3.590870008,0,0.400000000
142.899452209,20064,4590,0,10816,9248,15470,457,91,86,43,43,6257,9213,143,314,2.665252532,1.876353366,22.463695250,47.806702815,3.857135773,2,0.000000000,nan,nan,0.000000000,9.108915983,3.776950005,0.025077956,0.056373014,4.024141002,0,0.400000000
142.999666452,19968,4728,0,10983,8985,15236,461,90,92,48,44,6284,8952,147,314,2.605543907,1.887630007,20.347830761,65.318035257,52.486181259,4,1.000000000,nan,nan,0.000000000,8.414916985,3.984562994,0.026229885,0.050314993,4.249994992,0,0.400000000
143.102550507,19968,4666,0,10865,9103,15298,469,98,98,49,49,6230,9068,147,322,2.615580560,1.880647465,25.053991057,60.769467164,54.607629776,3,1.000000000,nan,nan,0.000000000,4.220445000,2.345209010,0.017879996,0.031406002,2.519044036,0,0.400000000
143.199477196,19968,4729,0,10942,9026,15235,463,99,105,53,52,6248,8987,146,317,2.599543566,1.901389713,24.986898612,60.291739342,10.184526443,4,0.000000000,nan,nan,0.000000000,7.630378997,2.846477961,0.015817001,0.017218001,3.005766019,0,0.400000000
143.299500465,20064,4809,0,11108,8956,15235,463,102,102,51,51,6248,8987,146,317,2.599543566,1.901389713,24.674892258,58.021609496,nan,nan,nan,nan,nan,0.000000000,3.372239997,2.447266015,0.014906924,0.029057031,2.595023019,0,0.400000000
143.399477482,19968,4673,0,10957,9011,15235,463,102,101,51,50,6248,8987,146,317,2.599543566,1.901389713,24.649687303,58.050495863,nan,nan,nan,nan,nan,0.000000000,8.148916997,5.772672012,0.045844994,0.065657019,6.214644003,0,0.400000000
143.499443293,20064,4796,0,11128,8936,15264,468,99,102,51,51,6365,8899,145,323,2.621973496,1.876013028,25.752658463,55.589989275,nan,1,nan,nan,nan,0.000000000,3.788240952,1.825380023,0.013336015,0.020836014,1.948805992,0,0.400000000
143.599502087,19968,4708,0,10906,9062,15256,460,99,93,52,41,6237,9019,142,318,2.623439915,1.863447301,19.739738197,53.834577608,24.674415588,5,1.000000000,nan,nan,0.000000000,5.032012006,2.821958042,0.020902022,0.030694995,3.026494000,0,0.400000000
143.699396610,19680,5005,0,10803,8877,15256,460,93,90,47,43,6237,9019,142,318,2.623439915,1.863447301,21.334096320,45.738566982,nan,nan,nan,nan,nan,0.000000000,6.381026993,4.481277952,0.030583004,0.037678052,4.776280955,0,0.400000000
143.799149275,19968,5017,0,10906,9062,14947,458,85,93,49,44,6043,8904,146,312,2.609595014,1.871236611,22.179822861,51.762937289,50.549983978,6,1.000000000,nan,nan,0.000000000,5.231895018,2.446594008,0.016633014,0.023676024,2.611876989,0,0.400000000
143.900653601,20064,5346,0,11175,8889,14714,456,98,100,49,51,6038,8676,147,309,2.590674592,1.948424334,28.716951731,55.672243792,4.498958588,2,0.000000000,nan,nan,0.000000000,3.907656996,2.201090101,0.018056075,0.029969029,2.368021989,0,0.400000000
143.997783899,20352,5366,0,10901,9451,14982,437,85,82,45,37,5798,9184,140,297,2.581146097,1.950032712,19.630384705,39.017191721,5.571126938,2,0.000000000,nan,nan,0.000000000,4.394187010,2.422748948,0.017712940,0.050733972,2.609051007,0,0.400000000
144.099579811,20064,5470,0,11304,8760,14590,449,84,83,46,37,6090,8500,142,307,2.617347341,1.938211081,21.393112149,45.390392540,5.721092224,2,0.000000000,nan,nan,0.000000000,3.351473017,1.910216000,0.013865996,0.058962964,2.048368973,0,0.400000000
144.199604034,19584,5273,0,10657,8927,14307,444,81,79,42,37,5639,8668,143,301,2.550803879,1.890273286,19.325525501,52.313971583,5.609035492,2,0.000000000,nan,nan,0.000000000,8.629868040,5.064586992,0.032787037,0.053918979,5.410054000,0,0.400000000
144.299422264,20352,5387,0,11501,8851,14961,446,89,87,46,41,6354,8607,144,302,2.649546316,1.980298263,21.646151087,55.054656110,30.320167542,5,1.000000000,nan,nan,0.000000000,8.619727974,4.389215028,0.022374035,0.027894974,4.623281013,0,0.400000000
144.399461985,20064,5396,0,11070,8994,14664,439,86,83,43,40,5919,8745,142,297,2.604084405,1.926618861,21.053851379,51.843720865,19.520282745,3,1.000000000,nan,nan,0.000000000,2.625404042,1.364037045,0.009401003,0.014530029,1.463250956,0,0.400000000
144.499516487,19968,5449,0,11163,8805,14515,440,81,82,44,38,5972,8543,142,298,2.604203958,1.978555296,21.524818872,45.356141618,35.843610764,3,1.000000000,nan,nan,0.000000000,7.368023042,4.242475086,0.029581017,0.065117958,4.553868959,0,0.400000000
144.599423409,19968,5322,0,10949,9019,14642,441,80,83,44,39,5870,8772,142,299,2.629536990,1.960242294,20.939446041,52.921672939,nan,1,nan,nan,nan,0.000000000,8.629353950,4.596627026,0.029805000,0.051870011,4.918966035,0,0.400000000
144.699641466,19296,5053,0,10606,8690,14239,435,88,87,47,40,5745,8494,142,293,2.664200887,1.954048094,21.746892951,47.699582139,nan,1,nan,nan,nan,0.000000000,6.861351023,3.110496968,0.021126005,0.030630035,3.324268968,0,0.400000000
144.798009634,20736,5529,0,11461,9275,15203,455,95,97,47,50,6171,9032,144,311,2.634967540,1.953404697,26.336311290,52.937133876,nan,1,nan,nan,nan,0.000000000,3.060896997,1.619922055,0.012456963,0.028832001,1.743401051,0,0.400000000
144.899448156,19968,5147,0,11014,8954,14817,439,88,87,40,47,6057,8760,142,297,2.642092689,1.946170315,24.635892859,58.256610508,4.179239273,2,0.000000000,nan,nan,0.000000000,6.652548036,3.139459062,0.021253014,0.026964000,3.348874976,0,0.400000000
144.999512911,19968,5049,0,10999,8969,14915,455,91,98,44,54,6107,8808,144,311,2.663126336,1.967113373,26.054607960,54.789014366,49.830198288,5,1.000000000,nan,nan,0.000000000,2.835299005,1.437265018,0.010831049,0.019826984,1.543485967,0,0.400000000
145.099416018,20064,4927,0,11055,9009,15133,450,86,91,42,49,6248,8885,145,305,2.644435265,1.956563795,24.232331418,63.992353420,4.845857620,2,0.000000000,nan,nan,0.000000000,5.533426011,3.006296058,0.020759937,0.041910971,3.222948988,0,0.400000000
145.199577808,19968,4880,0,11078,8890,15133,450,85,86,41,45,6248,8885,145,305,2.644435265,1.956563795,24.281527968,68.529705805,nan,nan,nan,nan,nan,0.000000000,6.725825951,4.801002913,0.034666096,0.057373021,5.154734012,0,0.400000000
145.299415350,19968,4595,0,10857,9111,15133,450,86,87,42,45,6248,8885,145,305,2.644435265,1.956563795,24.454027961,70.747508964,nan,nan,nan,nan,nan,0.000000000,3.528287983,2.358873026,0.012454053,0.023497036,2.491882013,0,0.400000000
145.401638269,20064,4733,0,11164,8900,15133,450,87,87,42,45,6248,8885,145,305,2.644435265,1.956563795,24.454002243,70.759538291,nan,nan,nan,nan,nan,0.000000000,2.073477954,1.391189056,0.007472001,0.016493024,1.474971999,0,0.400000000
145.499414206,20064,4267,0,10762,9302,15133,450,87,87,42,45,6248,8885,145,305,2.644435265,1.956563795,24.453988245,70.767785543,nan,nan,nan,nan,nan,0.000000000,2.128780005,1.504301967,0.008275965,0.016423990,1.593295019,0,0.400000000
145.599555492,19872,4337,0,11018,8854,15531,472,108,103,45,58,6681,8850,157,315,2.681373476,1.885504165,27.460881789,73.984169764,5.784749985,2,0.000000000,nan,nan,0.000000000,7.799423009,3.785701992,0.027673028,0.050004979,4.041755979,0,0.400000000
145.700026751,20064,3996,0,10754,9310,16064,478,97,108,47,61,6758,9306,166,312,2.707373665,1.798595995,31.607650022,83.632912002,60.142278671,2,1.000000000,nan,nan,0.000000000,6.180383964,3.592806985,0.028305047,0.052132003,3.862317011,0,0.400000000
145.799572945,20064,4145,0,11144,8920,15915,466,93,99,51,48,7001,8914,167,299,2.703627404,1.809036445,27.665749535,61.523135622,5.714893341,11,0.000000000,nan,nan,0.000000000,8.264817006,3.299693984,0.025283021,0.014537014,3.536604985,0,0.400000000
145.900876284,19584,3787,0,10829,8755,15793,467,99,103,45,58,7053,8740,170,297,2.745358385,1.790113797,29.378244932,64.319242116,6.657600403,9,0.000000000,nan,nan,0.000000000,3.517416015,1.652908977,0.011821045,0.016296981,1.762564003,0,0.400000000
145.999053478,20448,3992,0,11336,9112,16452,467,95,99,53,46,7386,9066,173,294,2.718228192,1.735224498,28.558163756,75.866064752,49.778699875,11,1.000000000,nan,nan,0.000000000,6.927829992,2.878282045,0.019801955,0.065406028,3.065742028,0,0.400000000
146.099521160,19968,3672,0,11005,8963,16292,483,108,108,53,55,7367,8925,174,309,2.724100219,1.751859052,30.793195742,79.259348885,14.501810074,6,0.000000000,nan,nan,0.000000000,9.620046010,4.254305037,0.025982095,0.021478976,4.492937995,0,0.400000000
146.199701071,20064,3646,0,11015,9049,16414,474,106,102,47,55,7400,9014,178,296,2.711757210,1.742916121,28.470976487,63.490511355,nan,1,nan,nan,nan,0.000000000,6.514334003,3.722190100,0.031355012,0.051459006,4.017492000,0,0.400000000
146.299939632,19584,3257,0,10603,8981,16323,490,105,108,54,54,7383,8940,178,312,2.715995155,1.749939946,30.202542114,72.864348782,nan,1,nan,nan,nan,0.000000000,3.712159989,1.776490011,0.013274024,0.021665008,1.899843977,0,0.400000000
146.399501562,19968,3745,0,10966,9002,16219,478,102,99,50,49,7250,8969,180,298,2.730670069,1.739743960,28.569738626,55.938598526,41.678905487,3,1.000000000,nan,nan,0.000000000,3.070191015,1.442755049,0.011548982,0.020997017,1.548632979,0,0.400000000
146.499483109,20064,3926,0,11274,8790,16219,478,97,95,50,45,7250,8969,180,298,2.730670069,1.739743960,27.793384561,59.272408722,nan,nan,nan,nan,nan,0.000000000,5.088466045,3.563036968,0.028742943,0.050914998,3.843186947,0,0.400000000
146.599529028,19968,3933,0,11142,8826,16219,478,96,95,49,46,7250,8969,180,298,2.730670069,1.739743960,28.309884400,65.523895420,nan,nan,nan,nan,nan,0.000000000,5.312968045,3.360233968,0.023025030,0.034571975,3.582048987,0,0.400000000
146.699520826,19968,3885,0,11139,8829,16219,478,95,93,48,45,7250,8969,180,298,2.730670069,1.739743960,27.185273475,65.255527594,nan,nan,nan,nan,nan,0.000000000,2.245543990,1.425473019,0.010346004,0.016869046,1.532647992,0,0.400000000
146.799461365,20064,4078,0,11272,8792,16219,478,97,95,49,46,7250,8969,180,298,2.730670069,1.739743960,28.097035017,69.225844541,nan,nan,nan,nan,nan,0.000000000,3.591272980,2.520470938,0.020321982,0.032937969,2.708812011,0,0.400000000
146.899456501,19968,3842,0,11005,8963,16122,478,108,102,51,51,7193,8929,178,300,2.745400056,1.755144674,29.994990261,96.619549386,75.532913208,2,1.000000000,nan,nan,0.000000000,8.109870949,4.729324079,0.039366016,0.070528011,5.077263981,0,0.400000000
146.999621868,19968,4008,0,11179,8789,15956,473,94,97,51,46,7202,8754,180,293,2.747780424,1.777398492,25.523853993,52.649530138,4.169225693,2,0.000000000,nan,nan,0.000000000,4.846735974,2.196628950,0.015922997,0.022439985,2.361121005,0,0.400000000
147.102398157,20064,3809,0,10964,9100,15956,473,94,98,56,42,7202,8754,180,293,2.747780424,1.777398492,24.611013021,60.541423767,nan,nan,nan,nan,nan,0.000000000,2.912933007,2.022120985,0.016317004,0.030396972,2.176097012,0,0.400000000
147.199473858,19968,3980,0,11204,8764,15956,473,99,101,56,45,7202,8754,180,293,2.747780424,1.777398492,24.488494444,64.405694143,nan,nan,nan,nan,nan,0.000000000,7.190675009,5.159240973,0.027866045,0.023067987,5.430630990,0,0.400000000
147.299574375,19968,3725,0,10874,9094,16239,506,97,107,58,49,7185,9054,177,329,2.801154642,1.719918620,20.898993182,82.620671390,9.203910828,7,0.000000000,nan,nan,0.000000000,3.491030016,1.735028927,0.012386998,0.031102973,1.851308974,0,0.400000000
147.399403095,19680,3971,0,11210,8470,15705,482,114,108,62,46,7281,8424,179,303,2.813423015,1.821326297,31.092220406,68.886725391,5.742311478,2,0.000000000,nan,nan,0.000000000,4.583063012,2.116439922,0.018391991,0.042084022,2.269869030,0,0.400000000
147.499673605,20352,3807,0,11059,9293,16541,516,118,116,63,53,7281,9260,212,304,2.845017816,1.714181730,31.615681768,80.232313157,35.345077515,5,1.000000000,nan,nan,0.000000000,3.987665987,2.182184020,0.018652063,0.039401988,2.341384010,0,0.400000000
147.599377155,19968,4015,0,11347,8621,15949,507,107,115,54,61,7371,8578,216,291,2.846300711,1.750063423,25.636211587,79.159821092,50.121307373,10,1.000000000,nan,nan,0.000000000,4.104826017,1.879866992,0.014908961,0.035610981,2.009777992,0,0.400000000
147.699387074,19488,3825,0,10702,8786,15659,523,106,108,58,50,6908,8751,234,289,2.891269836,1.637807416,30.660552277,64.127430315,nan,1,nan,nan,nan,0.000000000,4.856417014,2.302748966,0.016827020,0.047963986,2.452543995,0,0.400000000
147.899370670,20064,3862,0,11237,8827,16198,549,103,113,58,55,7407,8791,283,266,2.858720244,1.580539492,28.087643176,82.787687450,nan,1,nan,nan,nan,0.000000000,5.684609991,2.632674063,0.017797109,0.044027984,2.798952977,0,0.400000000
148.000936985,19968,4008,0,11546,8422,16198,549,122,111,56,55,7407,8791,283,266,2.858720244,1.580539492,29.909377041,70.703101731,nan,nan,nan,nan,nan,0.000000000,4.375146993,3.170068027,0.025210029,0.055279990,3.388534009,0,0.400000000
148.099464893,19968,3954,0,11348,8620,16010,559,119,113,36,77,7435,8575,279,280,2.699881684,1.588274558,30.175765830,81.514547716,64.373731613,3,1.000000000,nan,nan,0.000000000,14.951771009,7.872447954,0.060691906,0.236599008,8.386216999,0,0.400000000
148.199457645,19968,4104,0,11474,8494,15860,535,114,124,45,79,7418,8442,272,263,2.580749917,1.708417247,32.108190411,89.280346876,41.108846664,3,1.000000000,nan,nan,0.000000000,9.138622961,5.094308988,0.039959035,0.165913953,5.442154012,0,0.400000000
148.299348354,20064,3910,0,11292,8772,16150,541,118,123,43,80,7423,8727,271,270,2.501219763,1.921444550,30.477899302,107.629535457,1.612663269,2,0.000000000,nan,nan,0.000000000,3.602619981,1.771866053,0.012962904,0.034289027,1.884598983,0,0.400000000
148.399397135,19968,4060,0,11283,8685,15904,518,117,102,48,54,7233,8671,321,197,2.591172933,1.952742466,28.375820845,98.930833345,5.537748337,3,0.000000000,nan,nan,0.000000000,3.221780004,1.664938987,0.013029028,0.027792004,1.780616993,0,0.400000000
148.501923084,19872,3811,0,10910,8962,15904,518,107,107,50,57,7233,8671,321,197,2.591172933,1.952742466,30.014007360,99.299886823,nan,nan,nan,nan,nan,0.000000000,5.808829039,4.282166017,0.032966025,0.077919976,4.584149050,0,0.400000000
148.602885485,20256,4047,0,11417,8839,16205,497,108,101,53,48,7374,8831,281,216,2.418972191,2.144530526,28.747857489,85.724158439,110.426187515,3,1.000000000,nan,nan,0.000000000,6.016456988,2.732945024,0.020682055,0.066459004,2.916935016,0,0.400000000
148.699532032,19968,3864,0,11086,8882,16205,497,102,100,48,52,7374,8831,281,216,2.418972191,2.144530526,25.910233948,87.580099036,nan,nan,nan,nan,nan,0.000000000,4.615052021,3.178346960,0.022703025,0.064396008,3.399041016,0,0.400000000
148.799454212,19968,4062,0,11071,8897,16205,497,97,97,47,50,7374,8831,281,216,2.418972191,2.144530526,25.914945565,79.913350911,nan,nan,nan,nan,nan,0.000000000,2.262397029,1.482293010,0.010425050,0.029956980,1.586190017,0,0.400000000
148.899356127,20064,3830,0,11049,9015,16230,485,86,117,65,52,7231,8999,280,205,2.226146086,2.175408487,31.144042793,91.634007649,49.991846085,5,1.000000000,nan,nan,0.000000000,3.118086024,1.590390923,0.011473137,0.062823994,1.701464003,0,0.400000000
148.999416828,20064,3963,0,10964,9100,16097,480,103,95,46,49,7013,9084,273,207,2.292560529,2.156634019,28.790958313,79.179736589,31.984329224,5,1.000000000,nan,nan,0.000000000,3.081000003,1.449366973,0.011276046,0.031589996,1.554590999,0,0.400000000
149.099618912,19968,3906,0,11151,8817,16058,481,97,106,54,52,7255,8803,276,205,2.214235071,2.173353655,32.268777399,99.154872707,29.710531235,2,1.000000000,nan,nan,0.000000000,3.456669045,1.619271061,0.011560915,0.026187045,1.732298988,0,0.400000000
149.199465513,19584,3982,0,10939,8645,15598,483,98,103,52,51,6965,8633,277,206,2.307051864,2.130106097,30.909369371,94.004923234,3.612279892,2,0.000000000,nan,nan,0.000000000,6.015957042,2.721063036,0.018352992,0.035716046,2.902548993,0,0.400000000
149.301175833,20448,3977,0,11434,9014,16467,507,121,116,61,55,7473,8994,299,208,2.337013077,2.238927704,33.110762108,95.475630812,3.388881683,2,0.000000000,nan,nan,0.000000000,3.466146998,1.621306932,0.013326004,0.038932019,1.739428029,0,0.400000000
149.399444103,19776,3898,0,10736,9040,16467,507,112,112,58,54,7473,8994,299,208,2.337013077,2.238927704,30.764968672,87.680567333,nan,nan,nan,nan,nan,0.000000000,3.925694036,2.615085046,0.018991006,0.031810952,2.781111980,0,0.400000000
149.500571012,20160,3973,0,11376,8784,16183,524,114,115,68,47,7456,8727,312,212,2.316544697,2.215030684,29.233150878,94.095594775,84.984302521,6,1.000000000,nan,nan,0.000000000,3.798934980,2.244066040,0.016170030,0.049230992,2.385319967,0,0.400000000
149.599342108,20064,3860,0,10957,9107,16200,540,111,117,64,53,7171,9029,324,216,2.393777888,2.199696425,31.134467306,82.542093932,5.831003189,2,0.000000000,nan,nan,0.000000000,7.008560991,3.211155941,0.021847023,0.032776035,3.404042975,0,0.400000000
149.699440002,19968,4045,0,11103,8865,15919,558,122,127,78,49,7166,8753,340,218,2.427041495,2.244124360,35.658997829,86.131660791,nan,1,nan,nan,nan,0.000000000,3.267680993,1.816820004,0.015329977,0.025176036,1.937732974,0,0.400000000
149.800588846,19968,3826,0,10894,9074,16138,556,129,122,70,52,7196,8942,338,218,2.427567509,2.246460572,33.014671430,102.329897519,5.874395370,2,0.000000000,nan,nan,0.000000000,6.577618013,3.096314962,0.025463058,0.037367980,3.296954965,0,0.400000000
149.899447203,20064,3970,0,11004,9060,16090,584,125,132,74,58,7196,8894,361,223,2.528214946,2.296496841,40.060627481,108.488753066,13.304710388,3,0.000000000,nan,nan,0.000000000,5.114001047,3.029232088,0.025732035,0.065827044,3.236457007,0,0.400000000
149.999607325,19968,3885,0,10935,9033,16090,584,128,128,72,56,7196,8894,361,223,2.528214946,2.296496841,38.647809474,103.112736158,nan,nan,nan,nan,nan,0.000000000,7.492812001,5.323772086,0.037154008,0.051231007,5.640594987,0,0.400000000
150.099359035,20064,4252,0,11214,8850,15808,575,119,115,55,60,7245,8563,356,219,2.683163538,2.301552908,31.976868959,106.095787880,5.301713943,2,0.000000000,nan,nan,0.000000000,3.489473020,1.817315933,0.014363031,0.024890993,1.931858016,0,0.400000000
150.199426174,19968,4094,0,11233,8735,15870,565,108,105,52,53,7477,8393,355,210,2.480768042,2.321977969,29.478552924,82.520860234,54.694175720,3,1.000000000,nan,nan,0.000000000,3.733254969,1.847112086,0.012470002,0.025968999,1.958842971,0,0.400000000
150.299366713,20064,4278,0,11415,8649,15870,565,103,104,51,53,7477,8393,355,210,2.480768042,2.321977969,28.005241601,86.252437061,nan,nan,nan,nan,nan,0.000000000,5.972567946,4.206568992,0.029605988,0.053295051,4.481310025,0,0.400000000
150.399497509,19968,4236,0,11489,8479,15728,559,120,107,54,53,7728,8000,355,204,2.332694842,2.374161744,25.592993866,92.884307372,30.133008957,3,1.000000000,nan,nan,0.000000000,14.354592015,8.253655978,0.067714951,0.123895996,8.825740952,0,0.400000000
150.499682665,20064,4431,0,11549,8515,15629,552,131,123,65,58,7630,7999,342,210,2.483912027,2.379450603,31.164641367,131.015644371,nan,1,nan,nan,nan,0.000000000,8.419250953,4.151367932,0.032199954,0.046294997,4.414554976,0,0.400000000
150.599426746,19968,4386,0,11655,8313,15578,528,100,100,48,52,7842,7736,326,202,2.289406967,2.424142832,28.840017667,110.610838922,nan,1,nan,nan,nan,0.000000000,4.824256990,2.846255957,0.019789906,0.050586998,3.043561999,0,0.400000000
150.699563265,19968,4441,0,11472,8496,15578,528,99,100,47,53,7842,7736,326,202,2.289406967,2.424142832,28.354441593,101.567244915,nan,nan,nan,nan,nan,0.000000000,5.833729985,4.213181033,0.028042996,0.046595000,4.480954027,0,0.400000000
150.799445391,19968,4482,0,11790,8178,15482,521,110,107,50,57,7972,7510,316,205,2.275920966,2.459500776,31.415176198,124.227280922,42.423009872,5,1.000000000,nan,nan,0.000000000,11.553196993,6.142730010,0.041336985,0.080038037,6.517666974,0,0.400000000
150.901557207,20064,4480,0,11507,8557,15580,502,109,116,57,59,7720,7860,290,212,2.411675264,2.441104365,33.644672410,126.709782637,nan,1,nan,nan,nan,0.000000000,2.909770992,1.515176031,0.012262084,0.018429011,1.622797048,0,0.400000000
150.999368668,20064,4692,0,11993,8071,15368,493,96,97,46,51,8017,7351,282,211,2.226771871,2.503181489,27.765733339,111.495293307,6.563663483,2,0.000000000,nan,nan,0.000000000,6.251697021,2.894642996,0.019002007,0.039066013,3.083894029,0,0.400000000
151.099391460,19776,4119,0,11485,8291,15368,493,99,98,48,50,8017,7351,282,211,2.226771871,2.503181489,28.157044989,116.723297347,nan,nan,nan,nan,nan,0.000000000,2.237338980,1.512477989,0.010865973,0.021662971,1.616670983,0,0.400000000
151.200467110,20160,4583,0,11921,8239,15573,503,102,98,43,55,8060,7513,295,208,2.159984335,2.529471455,27.584485217,103.239712834,3.968000412,2,0.000000000,nan,nan,0.000000000,5.780097039,3.232043004,0.025034067,0.056363002,3.469953022,0,0.400000000
151.299542189,19872,4275,0,11669,8203,15593,488,87,92,39,53,8203,7390,274,214,2.066833612,2.553930096,26.434621706,73.584685660,121.203899384,3,1.000000000,nan,nan,0.000000000,3.076096997,1.673582941,0.011245022,0.028319017,1.786302018,0,0.400000000
151.398824453,20064,4502,0,11882,8182,15558,488,98,92,45,47,8126,7432,282,206,2.054652360,2.595467891,25.547017898,86.652306125,117.661952972,2,1.000000000,nan,nan,0.000000000,7.067090017,4.090316012,0.028965005,0.094874005,4.379529972,0,0.400000000
151.499368906,19968,4739,0,12039,7929,15225,503,104,117,55,62,8103,7122,281,222,2.011148179,2.655877146,30.422020644,129.720482664,5.505561829,2,0.000000000,nan,nan,0.000000000,7.524320041,4.411820963,0.034585886,0.075049000,4.732702044,0,0.400000000
151.599640131,20064,4640,0,12030,8034,15420,502,98,102,50,52,8147,7273,280,222,1.904626217,2.650593487,28.034878466,94.207406706,30.115365982,3,1.000000000,nan,nan,0.000000000,3.040012962,1.585961028,0.011807075,0.031224976,1.699686982,0,0.400000000
151.699495792,19968,4760,0,11992,7976,15204,515,98,108,48,60,7935,7269,276,239,2.044986330,2.645071365,27.931522966,104.240808026,nan,1,nan,nan,nan,0.000000000,7.029303000,2.849816869,0.020499981,0.034857017,3.043322009,0,0.400000000
151.799491405,19872,4630,0,11862,8010,15204,515,110,108,48,60,7935,7269,276,239,2.044986330,2.645071365,25.423356769,108.918077173,nan,nan,nan,nan,nan,0.000000000,2.611490025,1.756248937,0.014106976,0.029880030,1.880294993,0,0.400000000
151.900090456,20064,4821,0,11974,8090,15239,501,110,102,42,60,7832,7407,281,220,2.206095347,2.601827444,23.034828478,78.663653092,84.206342697,4,1.000000000,nan,nan,0.000000000,11.170358979,5.233127915,0.037698948,0.125243969,5.565808970,0,0.400000000
151.999644756,20064,4599,0,11949,8115,15461,506,107,113,54,59,8080,7381,279,227,2.106434002,2.621857456,25.466447221,83.952340692,nan,1,nan,nan,nan,0.000000000,5.065726989,2.444430953,0.017445942,0.052582996,2.599917003,0,0.400000000
152.100782871,19872,4868,0,12027,7845,15000,504,105,100,45,55,7860,7140,275,229,2.280126187,2.636656018,20.890929859,72.900460611,nan,1,nan,nan,nan,0.000000000,8.811566047,4.969781963,0.035380945,0.073777977,5.287700973,0,0.400000000
152.199327469,19872,4579,0,12019,7853,15289,495,108,114,57,57,8159,7130,267,228,2.109110037,2.657336953,19.491753095,82.827505687,5.296468735,3,0.000000000,nan,nan,0.000000000,5.209765979,3.092593979,0.026222959,0.067604007,3.316973976,0,0.400000000
152.298234224,19776,4873,0,12046,7730,14899,476,89,92,39,53,7884,7015,251,225,2.243992517,2.610618586,17.084447187,129.158691182,5.385160446,2,0.000000000,nan,nan,0.000000000,2.998070035,1.521707978,0.010827905,0.048176968,1.637491980,0,0.400000000
152.399856567,20352,4751,0,12282,8070,15597,472,101,105,48,57,8271,7326,247,225,2.052233402,2.688692659,21.802250252,127.504600118,nan,1,nan,nan,nan,0.000000000,6.453956012,3.810932045,0.030591036,0.091356982,4.091373004,0,0.400000000
152.499394417,19968,4723,0,12073,7895,15241,486,105,103,48,55,7957,7284,262,224,2.284742687,2.252016760,23.279440163,92.502672810,58.216094971,2,1.000000000,nan,nan,0.000000000,4.545863019,2.097384015,0.014989986,0.030455994,2.239953028,0,0.400000000
152.599347830,19200,4289,0,11860,7340,14907,471,103,109,54,55,8064,6843,264,207,2.232362835,2.194001356,17.624398421,93.101969592,20.762205124,4,1.000000000,nan,nan,0.000000000,4.422498983,2.592255943,0.021737011,0.066733977,2.799818991,0,0.400000000
152.698845863,20736,4681,0,12288,8448,14907,471,111,111,55,56,8064,6843,264,207,2.232362835,2.194001356,16.910267528,85.831563025,nan,nan,nan,nan,nan,0.000000000,5.523498985,3.906886966,0.031797914,0.052803021,4.194403999,0,0.400000000
152.799494982,19968,4513,0,12162,7806,15451,468,119,102,40,62,8124,7327,228,240,2.232187267,2.178198693,21.344810920,119.919701112,24.698019028,2,1.000000000,nan,nan,0.000000000,2.987291955,1.625787991,0.014234975,0.036887010,1.753919001,0,0.400000000
152.899389744,20064,4483,0,11987,8077,15577,483,100,105,35,70,7971,7606,217,266,2.122771966,2.036383614,19.155821406,69.801423082,nan,1,nan,nan,nan,0.000000000,3.103548021,1.505010005,0.011218945,0.036926009,1.612079039,0,0.400000000
152.999352455,19872,4590,0,12076,7796,15278,475,108,103,39,64,7966,7312,210,265,2.127880112,2.230401795,22.138826299,121.905492829,nan,1,nan,nan,nan,0.000000000,7.627869956,3.747868992,0.030021009,0.048118993,4.011094978,0,0.400000000
153.099642277,20160,4413,0,11882,8278,15743,481,104,100,38,62,7962,7781,195,286,2.000408686,2.073742840,21.636474127,93.046584293,nan,1,nan,nan,nan,0.000000000,7.305744977,3.381796123,0.018847990,0.034173019,3.607558028,0,0.400000000
153.199367762,20064,4577,0,12088,7976,15483,471,100,104,36,68,7972,7511,181,290,2.068780314,2.537240579,26.406209449,103.313808869,6.036043167,2,0.000000000,nan,nan,0.000000000,7.443845971,3.204040055,0.025548041,0.026830006,3.439257038,0,0.400000000
153.299464941,19968,4348,0,11908,8060,15616,456,95,109,40,69,8024,7592,185,271,1.829251256,2.254010517,23.331644996,140.335820543,3.673076630,2,0.000000000,nan,nan,0.000000000,7.176006038,3.231131006,0.025578949,0.036765996,3.471679986,0,0.400000000
153.399481058,19968,4501,0,12127,7841,15463,466,96,101,35,66,8064,7399,189,277,2.178384760,2.275480712,21.892951459,112.433720611,8.382081985,2,0.000000000,nan,nan,0.000000000,6.333932979,3.032991022,0.023329980,0.067491026,3.258654033,0,0.400000000
153.502593756,20064,4187,0,12016,8048,15873,449,95,105,38,67,8279,7594,180,269,1.988181300,2.277562652,23.694829711,130.703227560,24.510622025,3,1.000000000,nan,nan,0.000000000,6.954317039,2.968780056,0.022377993,0.054106989,3.187663970,0,0.400000000
153.600337029,19776,4400,0,11901,7875,15873,449,101,105,39,66,8279,7594,180,269,1.988181300,2.277562652,22.339629740,124.616804170,nan,nan,nan,nan,nan,0.000000000,2.184300974,1.429318974,0.011649972,0.020587991,1.538785989,0,0.400000000
153.699090004,20256,4238,0,12195,8061,16014,461,106,108,38,70,8388,7626,185,276,1.969754926,2.098523022,26.418837264,146.476785238,5.194664001,2,0.000000000,nan,nan,0.000000000,5.438704975,3.062343050,0.026430003,0.053044001,3.305175982,0,0.400000000
153.799433708,19968,4414,0,12034,7934,15550,451,94,91,27,64,7978,7572,183,268,2.122941009,2.016141839,23.260381220,142.573240934,nan,1,nan,nan,nan,0.000000000,4.375218996,1.903848897,0.013885030,0.030122988,2.044086054,0,0.400000000
153.899437666,20064,4163,0,11929,8135,15897,444,89,87,24,63,8178,7719,183,261,1.904232449,2.195602205,21.510658165,128.010843773,74.470520020,4,1.000000000,nan,nan,0.000000000,3.665852011,1.341072086,0.010003045,0.019831001,1.444066991,0,0.400000000
153.999397039,19968,4252,0,11861,8107,15712,434,92,93,26,67,7952,7760,178,256,2.158445991,2.023771228,23.423901802,131.439664664,39.998531342,4,1.000000000,nan,nan,0.000000000,8.709497983,4.400239035,0.031306932,0.067954999,4.718473996,0,0.400000000
154.099520445,20064,4138,0,12001,8063,15712,434,95,95,26,69,7952,7760,178,256,2.158445991,2.023771228,22.845148554,116.088866298,nan,nan,nan,nan,nan,0.000000000,3.883161000,2.506571065,0.017966959,0.040412997,2.686813998,0,0.400000000
154.201428413,19968,4098,0,11847,8121,15866,440,101,96,24,72,8057,7809,172,268,2.206773115,1.924568728,20.436742026,133.693946135,75.707674026,4,1.000000000,nan,nan,0.000000000,6.875858991,3.086483048,0.025125046,0.038585975,3.324235033,0,0.400000000
154.299319983,20064,4052,0,12147,7917,16008,425,92,87,26,61,8405,7603,170,255,2.166023946,2.072305774,18.106893481,85.782007877,nan,1,nan,nan,nan,0.000000000,2.658894984,1.289577980,0.009941985,0.026113994,1.391081023,0,0.400000000
154.399394751,20064,3977,0,11896,8168,16083,415,86,87,29,58,8189,7894,165,250,2.162503309,1.930392453,19.410722383,84.957901873,14.339447021,3,0.000000000,nan,nan,0.000000000,7.041662990,2.765538055,0.020759006,0.033101998,2.975479001,0,0.400000000
154.499466181,19872,4041,0,11930,7942,15827,409,88,83,27,56,8171,7656,166,243,2.088843050,2.054323529,20.661136464,63.593543738,nan,1,nan,nan,nan,0.000000000,4.213034990,1.835708914,0.013463898,0.021632994,1.989377954,0,0.400000000
154.599504471,20064,3792,0,11771,8293,16268,405,90,87,32,55,8249,8019,161,244,2.085407636,1.910082222,19.777184793,67.551839409,6.814241409,2,0.000000000,nan,nan,0.000000000,7.258932979,3.498554928,0.032596989,0.017728016,3.816298035,0,0.400000000
154.699344635,20064,3956,0,11906,8158,16104,400,86,79,24,55,8200,7904,164,236,2.176815201,1.991039205,20.843811138,60.391738056,nan,1,nan,nan,nan,0.000000000,3.541050944,1.731647993,0.013293931,0.034875004,1.874652051,0,0.400000000
154.799442530,19392,3557,0,11384,8008,16104,400,82,82,26,56,8200,7904,164,236,2.176815201,1.991039205,19.949827941,60.406303957,nan,nan,nan,nan,nan,0.000000000,6.684697000,4.518481030,0.034841010,0.063756015,4.898998945,0,0.400000000
154.896071434,19968,3920,0,11943,8025,16044,405,83,82,23,59,8261,7783,164,241,2.158588865,2.068314253,19.974347779,70.104680170,75.362682343,6,1.000000000,nan,nan,0.000000000,5.906603998,2.515074972,0.017769984,0.037351972,2.708734013,0,0.400000000
154.998541117,20544,3565,0,11850,8694,16044,405,85,85,25,60,8261,7783,164,241,2.158588865,2.068314253,21.131672049,70.836725884,nan,nan,nan,nan,nan,0.000000000,1.888572006,1.245568972,0.009290990,0.019403989,1.344983000,0,0.400000000
155.098713875,20160,3859,0,12025,8135,16297,404,89,89,26,63,8362,7935,167,237,2.195300456,1.991887004,26.094062614,63.155175376,15.653133392,10,1.000000000,nan,nan,0.000000000,4.416616983,2.270890982,0.018426974,0.033616030,2.465847007,0,0.400000000
155.199438095,19872,3413,0,11597,8275,16297,404,90,96,29,67,8362,7935,167,237,2.195300456,1.991887004,26.992953651,72.070625605,nan,nan,nan,nan,nan,0.000000000,5.407817021,3.205982968,0.024858979,0.047756010,3.459741012,0,0.400000000
155.300560713,20064,3681,0,11924,8140,16379,404,88,91,26,65,8383,7996,167,237,2.171852051,2.006544166,24.865714535,64.219456532,34.313678741,8,1.000000000,nan,nan,0.000000000,3.683303017,1.675621024,0.013111043,0.042154978,1.803572988,0,0.400000000
155.399539232,20064,3404,0,11846,8218,16656,402,89,87,27,60,8597,8059,167,235,2.090299070,2.003076081,23.453885348,54.916652705,30.329942703,4,1.000000000,nan,nan,0.000000000,10.563960997,5.306568928,0.050024071,0.063988031,5.750873010,0,0.400000000
155.499455929,19968,3583,0,11735,8233,16656,402,89,90,29,61,8597,8059,167,235,2.090299070,2.003076081,23.179154837,55.012107037,nan,nan,nan,nan,nan,0.000000000,5.673002976,3.702963062,0.028179958,0.036867976,3.982703958,0,0.400000000
155.599452734,19968,3295,0,11690,8278,16669,401,88,91,29,62,8483,8186,168,233,2.110041746,1.996029814,23.726637198,66.387914970,6.029129028,3,0.000000000,nan,nan,0.000000000,3.945166012,1.650988997,0.012635952,0.027277041,1.779676997,0,0.400000000
155.702661514,19872,3422,0,11602,8270,16669,401,96,91,29,62,8483,8186,168,233,2.110041746,1.996029814,24.720518085,60.031308603,nan,nan,nan,nan,nan,0.000000000,4.367348971,2.906069043,0.025867019,0.049750961,3.175806021,0,0.400000000
155.799319267,19584,3308,0,11536,8048,16272,409,90,101,37,64,8270,8002,171,238,2.118701373,2.088957478,27.810942839,58.616528127,53.858995438,3,1.000000000,nan,nan,0.000000000,3.724362003,1.591677021,0.013101031,0.024209032,1.718529034,0,0.400000000
155.899110079,20544,3263,0,11753,8791,17277,428,106,102,34,68,8520,8757,177,251,2.086103939,1.794891668,29.356553217,61.464819001,80.004453659,5,1.000000000,nan,nan,0.000000000,5.715270992,2.633203112,0.023804954,0.077737030,2.856986015,0,0.400000000
155.999369860,20064,3519,0,11965,8099,16541,416,94,94,31,63,8446,8095,172,244,2.098335415,1.995937392,24.896088708,68.897245671,45.215129852,2,1.000000000,nan,nan,0.000000000,3.354311979,1.447487040,0.011359109,0.025079004,1.566552965,0,0.400000000
156.099395752,19968,2832,0,11462,8506,17132,415,94,94,26,68,8651,8481,174,241,2.057416638,1.847841191,24.928466661,61.938497544,5.263805389,3,0.000000000,nan,nan,0.000000000,2.685789950,1.244612038,0.010147982,0.024474983,1.345860015,0,0.400000000
156.199317217,19968,3100,0,11617,8351,16864,413,102,99,34,65,8516,8348,174,239,2.081710243,1.896145820,27.769424618,63.755774335,3.971576691,2,0.000000000,nan,nan,0.000000000,2.837329987,1.305594982,0.012094970,0.043065986,1.424516959,0,0.400000000
156.299701214,19584,2454,0,11112,8472,17126,421,108,95,27,68,8668,8458,170,251,2.032719820,1.883926590,27.460002284,56.324519295,10.216712952,3,0.000000000,nan,nan,0.000000000,4.757434013,2.467693994,0.021132000,0.032289012,2.662026032,0,0.400000000
156.399335861,20160,3383,0,11794,8366,16773,417,110,107,35,72,8413,8360,171,246,2.065240194,1.895632449,26.656357102,80.203214882,4.179239273,2,0.000000000,nan,nan,0.000000000,3.303400998,1.695667976,0.016901991,0.036131009,1.850201981,0,0.400000000
156.499451876,19968,3179,0,11743,8225,16785,429,116,114,43,71,8568,8217,173,256,2.036633002,1.962410304,27.853054746,60.696403215,4.322528839,2,0.000000000,nan,nan,0.000000000,3.489297000,1.444796158,0.013793993,0.034906960,1.562202000,0,0.400000000
156.599410057,19968,3055,0,11649,8319,16909,414,104,109,39,70,8597,8312,167,247,2.026895364,1.911732160,27.254085596,65.741864762,116.537809372,3,1.000000000,nan,nan,0.000000000,7.905756007,3.324675024,0.029524963,0.077855017,3.599381016,0,0.400000000
156.699460983,19872,3256,0,11706,8166,16909,414,104,102,34,68,8597,8312,167,247,2.026895364,1.911732160,21.827935525,58.779216935,nan,nan,nan,nan,nan,0.000000000,2.789782011,1.682241098,0.014862046,0.037471007,1.822903985,0,0.400000000
156.799297810,20160,2976,0,11821,8339,16909,414,101,102,34,68,8597,8312,167,247,2.026895364,1.911732160,21.655818943,66.830561978,nan,nan,nan,nan,nan,0.000000000,1.950045000,1.230095979,0.011094089,0.029904011,1.336702029,0,0.400000000
156.899431467,19872,3249,0,11715,8157,16619,415,106,108,36,72,8462,8157,168,247,2.002283834,1.984207860,26.886368027,76.793591363,4.272460938,2,0.000000000,nan,nan,0.000000000,2.721827012,1.274192007,0.013427984,0.045715016,1.395765983,0,0.400000000
156.999271631,20064,2927,0,11692,8372,17133,414,116,105,39,66,8761,8372,166,248,1.955445192,1.887088101,29.266935016,51.432536190,43.956041336,3,1.000000000,nan,nan,0.000000000,7.619506971,3.214325057,0.030104071,0.037324033,3.472167009,0,0.400000000
157.099395275,19968,3206,0,11729,8239,17133,414,104,104,40,64,8761,8372,166,248,1.955445192,1.887088101,29.061060695,52.868671175,nan,nan,nan,nan,nan,0.000000000,2.383450978,1.456523081,0.013063021,0.027334027,1.575591043,0,0.400000000
157.199405432,19776,2860,0,11630,8146,16912,428,121,121,50,71,8770,8142,175,253,1.939455060,1.946247670,33.299237864,68.401645946,5.648136139,3,0.000000000,nan,nan,0.000000000,5.211359006,2.704190032,0.027658942,0.071718998,2.941151964,0,0.400000000
157.301631451,20160,3138,0,11636,8524,17018,430,119,119,38,81,8498,8520,173,257,1.960918520,1.861653945,34.022272879,86.551309856,89.759588242,4,1.000000000,nan,nan,0.000000000,3.581441997,1.587759936,0.014840974,0.035653007,1.714969985,0,0.400000000
157.399367094,20064,2848,0,11684,8380,17212,421,113,116,41,75,8836,8376,176,245,1.919230930,1.940628788,28.943114873,80.659993825,63.741445541,3,1.000000000,nan,nan,0.000000000,3.224588989,1.671377977,0.016235979,0.037709018,1.814402000,0,0.400000000
157.501593113,19968,2993,0,11566,8402,17212,421,124,125,47,78,8836,8376,176,245,1.919230930,1.940628788,33.201073551,87.862866299,nan,nan,nan,nan,nan,0.000000000,5.954865017,4.074702971,0.047550013,0.055868994,4.441285972,0,0.400000000
157.599292994,19968,2828,0,11770,8198,17136,431,122,121,50,71,8941,8195,182,249,1.890690048,1.934573381,33.936634668,79.087815827,50.008535385,11,1.000000000,nan,nan,0.000000000,4.114886979,1.978365937,0.020529027,0.028691022,2.146893996,0,0.400000000
157.699348450,20064,2814,0,11621,8443,17136,431,114,114,44,70,8941,8195,182,249,1.890690048,1.934573381,29.525940665,67.512700281,nan,nan,nan,nan,nan,0.000000000,2.072278992,1.323140925,0.012484961,0.018107006,1.433241996,0,0.400000000
157.799338102,19968,2837,0,11790,8178,17127,440,123,122,47,75,8949,8178,185,255,1.873203093,1.896094587,29.396496043,91.585122867,10.781764984,7,0.000000000,nan,nan,0.000000000,3.742919012,1.932530955,0.019144965,0.055378012,2.105112013,0,0.400000000
157.899282217,20064,2704,0,11604,8460,17356,434,127,122,48,74,8896,8460,182,252,1.862298449,1.825185219,28.593674577,89.162010618,49.433231354,3,1.000000000,nan,nan,0.000000000,7.091448002,2.415847091,0.024980982,0.052107032,2.620086016,0,0.400000000
158.000701189,19488,2741,0,11260,8228,17356,434,119,121,48,73,8896,8460,182,252,1.862298449,1.825185219,29.971501661,85.100984142,nan,nan,nan,nan,nan,0.000000000,3.044814977,1.990327961,0.013910001,0.054271019,2.112745016,0,0.400000000
158.099366903,19968,2592,0,11504,8464,17372,439,114,116,44,72,8908,8464,177,262,1.833917005,1.854936888,30.836203385,68.243204847,7.863759995,5,0.000000000,nan,nan,0.000000000,3.244658001,1.385682030,0.012842938,0.021765009,1.500098035,0,0.400000000
158.199871063,20544,2705,0,11943,8601,17372,439,114,114,43,71,8908,8464,177,262,1.833917005,1.854936888,28.240965108,73.536442454,nan,nan,nan,nan,nan,0.000000000,4.803657008,3.399022098,0.032874057,0.061788014,3.691784979,0,0.400000000
158.299399137,19872,2488,0,11347,8525,17380,430,109,116,46,70,8859,8521,168,262,1.788204682,1.920123644,28.457566865,66.375488839,nan,1,nan,nan,nan,0.000000000,5.195460981,2.087556000,0.018528954,0.040688028,2.254393010,0,0.400000000
158.399283886,19968,2596,0,11440,8528,17368,432,99,101,39,62,8844,8524,167,265,1.785329958,2.006051349,22.972491319,49.263012215,nan,1,nan,nan,nan,0.000000000,7.902236015,2.895500918,0.011252996,0.036204001,3.002303944,0,0.400000000
158.499245882,19584,2304,0,11234,8350,17368,432,102,106,41,65,8844,8524,167,265,1.785329958,2.006051349,25.786966617,52.674421475,nan,nan,nan,nan,nan,0.000000000,3.320114978,2.049120958,0.017653976,0.070836977,2.212786989,0,0.400000000
158.599190712,20352,2520,0,11371,8981,17368,432,107,105,41,64,8844,8524,167,265,1.785329958,2.006051349,24.689141623,53.357629734,nan,nan,nan,nan,nan,0.000000000,2.703001956,1.745289948,0.016091974,0.055244018,1.897923998,0,0.400000000
158.699393749,19776,2226,0,11191,8585,17546,410,97,116,35,81,8961,8585,168,242,1.765983309,1.836139432,30.700528278,73.625896739,10.138750076,3,0.000000000,nan,nan,0.000000000,4.739827011,2.305506030,0.021610060,0.083855994,2.535537002,0,0.400000000
158.799300909,19776,2672,0,11415,8361,17546,410,115,114,34,80,8961,8585,168,242,1.765983309,1.836139432,26.392655125,64.002755345,nan,nan,nan,nan,nan,0.000000000,5.832853960,3.777695994,0.037180027,0.048665970,4.114675976,0,0.400000000
158.901864767,20256,2414,0,11607,8649,17838,450,92,112,37,75,9193,8645,187,263,1.826410956,1.852693422,26.872854544,54.157604653,65.846443176,5,1.000000000,nan,nan,0.000000000,8.476780960,3.180196974,0.024450070,0.077812001,3.413153987,0,0.400000000
158.999433756,20064,2643,0,11497,8567,17838,450,120,118,40,78,9193,8645,187,263,1.826410956,1.852693422,30.820570761,56.533304961,nan,nan,nan,nan,nan,0.000000000,2.648764988,1.637306996,0.015484053,0.027485017,1.768504968,0,0.400000000
159.099304676,19872,2479,0,11418,8454,17389,465,123,148,63,85,8935,8454,202,263,1.847863687,1.654425590,42.622226056,81.301893387,5.680084229,2,0.000000000,nan,nan,0.000000000,4.026025010,2.121102880,0.023144006,0.076656986,2.304380992,0,0.400000000
159.199234247,20064,2572,0,11315,8749,17488,450,124,126,50,76,8739,8749,197,253,1.889387702,1.566635278,31.935824790,70.988692883,34.192562103,6,1.000000000,nan,nan,0.000000000,4.776979040,2.123066050,0.022145978,0.039779989,2.306554001,0,0.400000000
159.299247503,19872,2585,0,11460,8412,17488,450,127,123,49,74,8739,8749,197,253,1.889387702,1.566635278,31.672421222,58.758526018,nan,nan,nan,nan,nan,0.000000000,2.518107998,1.691784943,0.017647049,0.038959959,1.843326027,0,0.400000000
159.399302721,20160,2466,0,11139,9021,17690,461,128,134,54,80,8673,9017,200,261,1.875932271,1.587292693,36.985442244,64.319743167,15.421867371,5,1.000000000,nan,nan,0.000000000,2.905547037,1.362818992,0.014010060,0.021914020,1.476471021,0,0.400000000
159.499383688,19968,2622,0,11468,8500,17342,455,132,135,52,83,8846,8496,193,262,1.853177133,1.723266056,36.781165279,85.210267449,55.693149567,11,1.000000000,nan,nan,0.000000000,11.249108007,4.847640987,0.050942996,0.107019965,5.244717991,0,0.400000000
159.599398136,20064,2502,0,11224,8840,17558,448,129,136,52,84,8722,8836,191,257,1.856094821,1.648157295,36.689013786,75.829060163,7.895469666,10,0.000000000,nan,nan,0.000000000,9.625410021,4.541191971,0.045712979,0.063918997,4.914425022,0,0.400000000
159.699316025,19968,2646,0,11506,8462,17558,448,132,129,46,83,8722,8836,191,257,1.856094821,1.648157295,33.235119611,68.780158341,nan,nan,nan,nan,nan,0.000000000,4.369336995,2.652901108,0.026785012,0.034109049,2.875623002,0,0.400000000
159.799397469,19968,2493,0,11217,8751,17558,448,129,128,45,83,8722,8836,191,257,1.856094821,1.648157295,33.138544859,65.608682759,nan,nan,nan,nan,nan,0.000000000,2.022183966,1.318014052,0.013565936,0.019213010,1.432264980,0,0.400000000
159.899208784,20064,2666,0,11486,8578,17394,453,122,116,40,76,8816,8578,194,259,1.798681039,1.735728410,29.131189024,69.088262056,4.531383514,2,0.000000000,nan,nan,0.000000000,3.912308952,1.875968010,0.018635008,0.074932002,2.033536031,0,0.400000000
160.000503063,19968,2475,0,11178,8790,17394,453,125,126,43,83,8816,8578,194,259,1.798681039,1.735728410,30.967199795,80.191682729,nan,nan,nan,nan,nan,0.000000000,7.221664011,4.983094055,0.050442119,0.112237001,5.393703002,0,0.400000000
160.099256039,20064,2687,0,11318,8746,17373,462,147,129,48,81,8627,8746,194,268,1.806466446,1.684474677,32.455731017,80.299029760,47.927141190,3,1.000000000,nan,nan,0.000000000,7.633736008,3.215855977,0.034268014,0.054639997,3.475212958,0,0.400000000
160.201035500,19968,2514,0,11079,8889,17450,460,143,135,49,86,8565,8885,199,261,1.797003265,1.616640963,33.991420667,91.334983142,7.099390030,16,0.000000000,nan,nan,0.000000000,4.865524999,2.074391989,0.018097984,0.031173986,2.247371012,0,0.400000000
160.299329519,20064,2751,0,11163,8901,17309,468,141,143,51,92,8412,8897,192,276,1.803086389,1.744640673,35.657306290,110.754601525,8.543491364,18,0.000000000,nan,nan,0.000000000,3.397570981,1.638850081,0.017993094,0.031070958,1.783513988,0,0.400000000
160.400322914,19776,2590,0,11100,8676,17182,451,138,134,53,81,8510,8672,191,260,1.775169681,1.634671540,31.152965600,80.537136524,7.390022278,6,0.000000000,nan,nan,0.000000000,4.940961022,2.313787001,0.025516958,0.034025987,2.516851993,0,0.400000000
160.501569748,19776,2801,0,11077,8699,16971,457,144,143,59,84,8276,8695,187,270,1.784496394,1.707060060,31.459061655,94.755798488,6.163597107,20,0.000000000,nan,nan,0.000000000,6.911898032,2.823561954,0.029550924,0.045932014,3.048375016,0,0.400000000
160.597818375,20448,2742,0,11294,9154,17702,445,138,142,60,82,8552,9150,184,261,1.752525403,1.677741470,33.995314571,89.701855436,5.556821823,3,0.000000000,nan,nan,0.000000000,3.416182008,1.308303967,0.015213038,0.029859017,1.423827955,0,0.400000000
160.699212551,20064,2844,0,11117,8947,17216,448,136,133,54,79,8269,8947,181,267,1.742049592,1.675106247,29.329596404,90.924650151,92.652320862,6,1.000000000,nan,nan,0.000000000,12.261811004,6.046184979,0.063241983,0.107943022,6.535727996,0,0.400000000
160.799410105,19968,2839,0,11195,8773,17125,451,131,124,53,71,8352,8773,182,269,1.688029448,1.749379571,29.755825790,67.116907778,9.202957153,17,0.000000000,nan,nan,0.000000000,8.556531975,3.621878044,0.034609984,0.059814018,3.902425990,0,0.400000000
160.899233103,20064,2895,0,10963,9101,17165,460,132,134,53,81,8064,9101,174,286,1.700483735,1.692537481,31.258198272,105.893601741,nan,1,nan,nan,nan,0.000000000,4.314202990,1.894515008,0.019024999,0.043270993,2.046039037,0,0.400000000
161.000885725,19584,2311,0,10481,9103,17165,460,133,135,51,84,8064,9101,174,286,1.700483735,1.692537481,32.063727400,107.601299955,nan,nan,nan,nan,nan,0.000000000,4.313884012,2.981162979,0.034986937,0.052187010,3.252876981,0,0.400000000
161.098815441,19776,2487,0,10605,9171,17165,460,135,134,50,84,8064,9101,174,286,1.700483735,1.692537481,31.996012278,103.892512673,nan,nan,nan,nan,nan,0.000000000,6.573329971,4.270673962,0.045761990,0.084144005,4.630491021,0,0.400000000
161.199431181,19872,2865,0,10642,9230,17003,458,132,125,50,75,7773,9230,178,280,1.649184333,1.716113599,35.431069259,71.807370933,14.411211014,5,0.000000000,nan,nan,0.000000000,5.009131972,2.118195058,0.021722110,0.058972975,2.285466995,0,0.400000000
161.301225901,19968,3099,0,11015,8953,16865,454,123,116,45,71,7912,8953,176,278,1.599441948,1.770411528,28.746344607,73.013386870,41.369915009,11,1.000000000,nan,nan,0.000000000,9.691890969,4.188568972,0.039719103,0.092105009,4.544448981,0,0.400000000
161.399214506,20064,3160,0,10889,9175,16900,450,125,126,51,75,7725,9175,172,278,1.580370226,1.751009402,29.349517140,76.071679284,nan,1,nan,nan,nan,0.000000000,3.953423002,1.768426038,0.017330982,0.032287033,1.914597000,0,0.400000000
161.499520063,19968,3305,0,10965,9003,16659,456,125,122,50,72,7659,9000,169,287,1.542433471,1.791143920,26.722639494,79.518575670,nan,1,nan,nan,nan,0.000000000,5.363864999,1.805151056,0.016841979,0.040763000,1.950431033,0,0.400000000
161.599270821,20064,3390,0,10891,9173,16670,460,139,136,62,74,7503,9167,166,294,1.531313809,1.787494591,32.499058849,93.116198819,9.496688843,3,0.000000000,nan,nan,0.000000000,4.820669012,2.470591979,0.027403061,0.066499982,2.681992017,0,0.400000000
161.699240208,19968,3313,0,10859,9109,16651,461,137,135,61,74,7566,9085,164,297,1.513385083,1.811504599,30.612045096,85.562714626,104.913949966,3,1.000000000,nan,nan,0.000000000,3.801985004,1.753186109,0.017662009,0.025136978,1.893830020,0,0.400000000
161.799682140,20064,3336,0,10900,9164,16651,461,132,129,57,72,7566,9085,164,297,1.513385083,1.811504599,27.369577875,88.596708344,nan,nan,nan,nan,nan,0.000000000,2.039502026,1.358075067,0.014324905,0.020317966,1.475901983,0,0.400000000
161.899356842,20064,3394,0,11005,9059,16666,473,147,149,66,83,7790,8876,165,308,1.458104084,1.884268419,35.340695684,91.527266634,6.158828735,2,0.000000000,nan,nan,0.000000000,2.787814999,1.406344993,0.015982019,0.025191985,1.525588043,0,0.400000000
161.999476910,19584,3299,0,11026,8558,16666,473,144,140,63,77,7790,8876,165,308,1.458104084,1.884268419,30.582828887,80.840744104,nan,nan,nan,nan,nan,0.000000000,2.375960001,1.662597992,0.018133025,0.028193987,1.799758989,0,0.400000000
162.099977970,20448,3534,0,11301,9147,16910,472,151,151,67,84,8008,8902,167,305,1.445205847,1.995210800,30.220650471,95.899719073,nan,1,nan,nan,nan,0.000000000,4.991909023,2.236390021,0.024601002,0.042217027,2.416753967,0,0.400000000
162.199443579,19968,3391,0,11299,8669,16573,456,140,144,60,84,8135,8438,166,290,1.361606779,2.112560956,28.417116479,89.266672312,5.689859390,2,0.000000000,nan,nan,0.000000000,6.966533023,2.878067084,0.031252042,0.058039033,3.117687011,0,0.400000000
162.299238443,20160,3638,0,11402,8758,16573,456,150,148,61,87,8135,8438,166,290,1.361606779,2.112560956,30.829351359,96.963234886,nan,nan,nan,nan,nan,0.000000000,4.293815990,2.992678026,0.036571990,0.065807020,3.259086981,0,0.400000000
162.399380922,19968,3499,0,11357,8611,16465,456,154,152,61,91,8134,8331,159,297,1.326040744,2.130675209,30.047501024,104.565563018,29.788255692,4,1.000000000,nan,nan,0.000000000,12.300054019,6.272144965,0.076435041,0.143913960,6.818920025,0,0.400000000
162.499402761,19968,3614,0,11145,8823,16350,457,152,150,65,85,7804,8546,158,299,1.337237201,2.012022567,27.775152635,104.325732952,29.796600342,8,1.000000000,nan,nan,0.000000000,7.201004017,3.849441069,0.049562019,0.092953036,4.212546977,0,0.400000000
162.599229574,20064,3555,0,11445,8619,16505,462,154,159,69,90,8164,8341,164,298,1.283311953,2.214156267,30.959170237,96.197894059,45.586109161,4,1.000000000,nan,nan,0.000000000,2.851660014,1.399518922,0.016532023,0.035993988,1.522006001,0,0.400000000
162.699324369,20064,3623,0,11191,8873,16437,457,145,140,56,84,7849,8588,163,294,1.290634365,2.199868167,27.635919215,111.786366065,85.970878601,3,1.000000000,nan,nan,0.000000000,2.943956992,1.392187027,0.015471946,0.027375994,1.514227013,0,0.400000000
162.799362898,19968,3554,0,11503,8465,16410,464,157,153,62,91,8225,8185,161,303,1.240930699,2.231564788,30.633094073,113.817856253,5.624532700,2,0.000000000,nan,nan,0.000000000,6.874809973,3.718669061,0.037573976,0.034080003,3.990219033,0,0.400000000
162.899373293,19872,3651,0,11277,8595,16410,464,152,151,61,90,8225,8185,161,303,1.240930699,2.231564788,29.555204206,107.103797571,nan,nan,nan,nan,nan,0.000000000,6.949295988,4.651952069,0.036715006,0.017809973,4.938026017,0,0.400000000
163.099317789,20256,3760,0,11614,8642,16410,464,151,151,61,90,8225,8185,161,303,1.240930699,2.231564788,30.398138197,107.068847631,nan,nan,nan,nan,nan,0.000000000,2.875243023,1.868494030,0.015537953,0.025727961,1.989954035,0,0.400000000
163.199550390,19968,3549,0,11442,8526,16415,485,139,144,59,85,8235,8180,161,324,1.161331575,2.273404474,28.834029351,118.097576969,nan,1,nan,nan,nan,0.000000000,4.996621981,2.342167951,0.022694061,0.050531002,2.518894034,0,0.400000000
163.299335003,19968,3518,0,11363,8605,16446,485,140,158,58,100,8213,8233,159,326,1.138327289,2.268727866,33.009598519,146.043950471,nan,1,nan,nan,nan,0.000000000,7.513826014,3.554282943,0.039984006,0.045501976,3.848058986,0,0.400000000
163.399210453,20064,3546,0,11312,8752,16514,487,143,134,51,83,8134,8380,154,333,1.133841902,2.273490032,24.907038004,133.710486945,nan,1,nan,nan,nan,0.000000000,5.651853979,2.648143971,0.020628970,0.031801988,2.803965996,0,0.400000000
163.499461412,20064,3660,0,11449,8615,16514,487,130,127,46,81,8134,8380,154,333,1.133841902,2.273490032,25.585172290,104.427477819,nan,nan,nan,nan,nan,0.000000000,2.733231988,1.935903972,0.019069877,0.032131036,2.089513990,0,0.400000000
163.599439859,20064,3898,0,11398,8666,16162,495,130,131,50,81,7841,8321,158,337,1.095329658,2.197811997,22.755077720,98.241325794,3.679275513,2,0.000000000,nan,nan,0.000000000,3.937227011,2.177527989,0.020999054,0.049342983,2.345226007,0,0.400000000
163.699298859,19968,3957,0,11340,8628,16007,488,149,150,51,99,7675,8332,154,334,1.078066322,2.228184193,31.685613125,129.824969961,20.205259323,4,1.000000000,nan,nan,0.000000000,3.822268976,1.703423040,0.017879996,0.034880009,1.840195968,0,0.400000000
163.800703049,19392,3838,0,10651,8741,15550,492,144,137,48,89,7110,8440,153,339,1.031747551,2.196231708,29.519428335,123.957923388,39.895534515,4,1.000000000,nan,nan,0.000000000,5.952252017,2.732256020,0.026430003,0.037129968,2.935276018,0,0.400000000
163.898415565,20736,4375,0,11750,8986,16357,490,147,149,56,93,7657,8700,151,339,1.038165207,2.250256764,33.734065039,139.430871322,nan,1,nan,nan,nan,0.000000000,3.281679004,1.579758071,0.016211998,0.028164999,1.703884045,0,0.400000000
163.999224663,20064,4083,0,10994,9070,15977,499,143,153,62,91,7160,8817,158,341,1.020650442,2.207063357,27.100744922,145.287802604,4.386901855,2,0.000000000,nan,nan,0.000000000,3.482847998,1.706446987,0.017424056,0.038977945,1.842270023,0,0.400000000
164.100777388,20064,4375,0,11333,8731,15685,493,155,153,65,88,7158,8527,154,339,1.024200399,2.256689556,36.299171822,137.220165762,44.661283493,3,1.000000000,nan,nan,0.000000000,7.619726995,3.309876949,0.030277006,0.027792004,3.531713970,0,0.400000000
164.199315548,19968,4289,0,11044,8924,15685,493,151,151,67,84,7158,8527,154,339,1.024200399,2.256689556,37.258666417,141.228129734,nan,nan,nan,nan,nan,0.000000000,2.278239990,1.515595010,0.015923986,0.024451001,1.636016998,0,0.400000000
164.299487114,19968,4495,0,11323,8645,15469,487,148,152,64,88,7042,8427,149,338,0.990859233,2.265733237,37.962715584,140.830667823,3.570556641,2,0.000000000,nan,nan,1.000000000,9.704930009,5.543897045,0.061567989,0.109840999,5.999046029,0,0.400000000
164.399327517,19488,4406,0,10576,8912,15469,487,151,152,65,87,7042,8427,149,338,0.990859233,2.265733237,36.276548076,150.890909591,nan,nan,nan,nan,nan,1.000000000,4.973094037,3.234538017,0.034276978,0.035314006,3.500266990,0,0.400000000
164.498969555,19968,4715,0,11163,8805,15249,485,128,143,64,79,6679,8570,150,335,1.001345604,2.283590068,32.527191533,132.364080034,89.693307877,2,1.000000000,nan,nan,0.000000000,5.262251012,2.514005988,0.023923989,0.041861960,2.709831984,0,0.400000000
164.599562407,20544,5016,0,11529,9015,15524,497,154,157,64,93,6719,8805,150,347,1.004363493,2.211510557,39.596867491,167.753897912,6.531715393,2,0.000000000,nan,nan,0.000000000,7.577067998,3.531678987,0.029021059,0.036793994,3.674422042,0,0.400000000
164.699243069,19968,5197,0,11091,8877,14767,501,141,149,58,91,6106,8661,151,350,1.068206880,2.235364295,37.920782956,144.436166502,6.022691727,6,0.000000000,nan,nan,0.000000000,4.542612995,2.934245043,0.036032929,0.087931985,3.211485979,0,0.400000000
164.799212456,20064,5377,0,10994,9070,14767,501,147,150,58,92,6106,8661,151,350,1.068206880,2.235364295,39.360739649,130.631241376,nan,nan,nan,nan,nan,0.000000000,7.366575999,4.982499930,0.046306988,0.021576008,5.362253985,0,0.400000000
164.899519920,19968,5512,0,11092,8876,14767,501,150,148,57,91,6106,8661,151,350,1.068206880,2.235364295,39.049796609,130.287937332,nan,nan,nan,nan,nan,0.000000000,6.276817003,4.201725940,0.043831009,0.042103056,4.512491985,0,0.400000000
164.999225140,19968,5789,0,11061,8907,14175,484,137,142,61,81,5398,8777,163,321,1.466964554,2.165235049,37.442645457,159.561575746,nan,1,nan,nan,nan,0.000000000,6.214423047,3.535157011,0.038098951,0.111914007,3.827033972,0,0.400000000
165.099352837,20064,5800,0,11198,8866,14260,480,153,151,58,93,5505,8755,167,313,1.565845520,2.178537481,34.810261177,149.313221613,25.714635849,3,1.000000000,nan,nan,0.000000000,2.945405955,1.554837974,0.017389946,0.027959002,1.684191986,0,0.400000000
165.202583313,19968,6195,0,11168,8800,13769,475,147,149,63,86,5026,8743,161,314,1.650108519,2.179706617,40.675058763,172.235891454,nan,1,nan,nan,nan,0.000000000,6.223082019,3.677224042,0.044642074,0.140113989,4.004761984,0,0.400000000
165.302040100,19872,6211,0,11082,8790,13769,475,145,145,60,85,5026,8743,161,314,1.650108519,2.179706617,38.001048327,164.180658291,nan,nan,nan,nan,nan,0.000000000,5.947001046,4.003636888,0.040339073,0.056168006,4.297717998,0,0.400000000
165.400299788,19872,6587,0,11149,8723,13281,499,163,169,77,92,4560,8721,160,339,1.835433424,2.240867270,41.785393523,189.302655654,35.958051682,5,1.000000000,nan,nan,0.000000000,4.212254949,2.141411009,0.023906992,0.065786007,2.315651975,0,0.400000000
165.499757528,20256,6895,0,11444,8812,13357,510,145,153,60,93,4545,8812,152,358,1.857333835,2.236708626,38.347034578,163.236983228,59.719562531,8,1.000000000,nan,nan,0.000000000,8.054998994,4.372444993,0.045551045,0.036059995,4.676427983,0,0.400000000
165.599196672,19968,7079,0,11293,8675,12885,500,161,160,67,93,4210,8675,150,350,1.975643318,2.264964761,39.424057399,163.455628847,39.957046509,6,1.000000000,nan,nan,0.000000000,4.545558011,2.728011983,0.033154967,0.154020032,2.971020993,0,0.400000000
165.699339628,20064,7042,0,11094,8970,13018,502,132,152,70,82,4051,8967,154,348,2.020023264,2.191373527,37.057600964,180.946692084,30.100584030,4,1.000000000,nan,nan,0.000000000,4.003185953,1.973805949,0.019225990,0.038920029,2.117928001,0,0.400000000
165.799318790,19968,7391,0,11400,8568,13018,502,156,156,68,88,4051,8967,154,348,2.020023264,2.191373527,39.029658650,185.488139107,nan,nan,nan,nan,nan,0.000000000,2.163494006,1.487209985,0.016585924,0.023995002,1.610857027,0,0.400000000
165.899413586,20064,7370,0,11246,8818,12690,514,148,152,69,83,3942,8748,165,349,2.098426819,2.217982982,40.072976389,172.920403955,5.453824997,2,0.000000000,nan,nan,0.000000000,2.741258009,1.512840041,0.016017992,0.043804990,1.630975981,0,0.400000000
165.999338865,19968,7576,0,11521,8447,12388,527,168,172,78,94,4116,8272,185,342,2.105564038,2.301180128,44.055859737,220.692322153,nan,1,nan,nan,nan,0.000000000,5.358505005,2.981111058,0.032708049,0.074471987,3.204671026,0,0.400000000
166.099291325,19968,7565,0,11583,8385,12399,507,138,138,76,62,4244,8155,184,323,2.105821910,2.243779396,32.743835915,221.555767813,60.095071793,3,1.000000000,nan,nan,0.000000000,6.930425996,4.336671962,0.044035958,0.136715011,4.681437975,0,0.400000000
166.199209690,20064,7709,0,11712,8352,12399,507,134,137,75,62,4244,8155,184,323,2.105821910,2.243779396,33.548222910,235.937770089,nan,nan,nan,nan,nan,0.000000000,7.777831051,5.619179050,0.042803062,0.033438031,5.958847003,0,0.400000000
166.299251556,19968,7753,0,11861,8107,12211,532,155,169,97,72,4589,7622,221,311,2.132327600,2.244190268,46.032983795,203.569403411,nan,1,nan,nan,nan,0.000000000,4.054749967,2.230314945,0.022495922,0.056179997,2.390954993,0,0.400000000
166.399327993,19968,7782,0,11970,7998,12182,532,157,156,89,67,4828,7354,230,302,2.152596364,2.271104883,45.157915894,175.501571861,72.966575623,3,1.000000000,nan,nan,0.000000000,7.795054000,5.259947036,0.047137961,0.112278969,5.625833990,0,0.400000000
166.499265671,20064,8085,0,12358,7706,11975,492,162,143,86,57,5015,6960,224,268,2.153405209,2.262803840,35.939567681,196.314165097,65.570831299,2,1.000000000,nan,nan,0.000000000,6.797545997,3.771421034,0.041928957,0.063350017,4.065121000,0,0.400000000
166.599216223,19968,8285,0,12316,7652,11679,469,145,140,80,60,4776,6903,218,251,2.221760519,2.287296202,37.980390625,173.534704294,5.711078644,2,0.000000000,nan,nan,0.000000000,5.444171955,3.341134056,0.038031023,0.073217030,3.629065002,0,0.400000000
166.700644493,19968,8145,0,12244,7724,11819,492,144,147,90,57,4945,6874,232,260,2.170821457,2.302935290,40.619611347,183.940483913,nan,1,nan,nan,nan,0.000000000,2.612349053,1.490007038,0.016323931,0.035314995,1.614530978,0,0.400000000
166.799682140,19968,8451,0,12313,7655,11513,482,138,144,89,55,4674,6839,225,257,2.215291496,2.360804542,39.638409434,174.041943872,5.660057068,6,0.000000000,nan,nan,0.000000000,10.090127005,5.240587983,0.048377959,0.125132967,5.606892984,0,0.400000000
166.903207302,19488,7826,0,11841,7647,11658,491,148,149,95,54,4806,6852,230,261,2.180449328,2.360112752,39.600371448,169.827582230,nan,1,nan,nan,nan,0.000000000,6.425279018,3.214131983,0.032284064,0.043820008,3.466799972,0,0.400000000
166.999774694,20544,8953,0,12707,7837,11658,491,148,147,94,53,4806,6852,230,261,2.180449328,2.360112752,39.192685428,167.292606055,nan,nan,nan,nan,nan,0.000000000,2.302719979,1.543540973,0.013284909,0.027620990,1.652956998,0,0.400000000
167.099804640,19968,8405,0,12283,7685,11559,489,157,160,98,62,4773,6786,226,263,2.208870718,2.408353058,42.935551621,184.607608601,nan,1,nan,nan,nan,0.000000000,5.272216047,2.797873924,0.030967058,0.043756037,3.013345995,0,0.400000000
167.199185610,19968,8686,0,12529,7439,11278,464,140,141,91,50,4766,6512,218,246,2.194618738,2.428419005,37.280214490,184.609432042,4.450798035,2,0.000000000,nan,nan,0.000000000,2.474839042,1.385213051,0.015000987,0.031815958,1.505015010,0,0.400000000
167.299305677,20064,8520,0,12574,7490,11540,494,144,145,89,56,5056,6484,237,257,2.237206598,2.419161733,38.054480800,192.141067502,16.519546509,3,1.000000000,nan,nan,0.000000000,7.324263977,4.623166926,0.055111945,0.193963991,5.038169969,0,0.400000000
167.400700331,19968,8727,0,12825,7143,11237,447,128,134,92,42,5150,6087,221,226,2.242741832,2.461761575,33.811088296,201.250415525,49.745798111,13,1.000000000,nan,nan,0.000000000,5.947575963,3.193846031,0.032037962,0.059743994,3.454246966,0,0.400000000
167.499370098,20064,8668,0,12847,7217,11392,460,134,134,84,50,5319,6073,231,229,2.267136758,2.400052932,36.777973494,154.167364593,20.557165146,7,1.000000000,nan,nan,0.000000000,4.554934043,2.660038066,0.026427035,0.057325000,2.875437029,0,0.400000000
167.599409580,20064,8870,0,13109,6955,11190,462,130,130,85,45,5465,5725,247,215,2.220338245,2.453331607,39.121037355,174.934122607,56.314229965,4,1.000000000,nan,nan,0.000000000,5.447183968,3.300798882,0.033608987,0.074365002,3.571246983,0,0.400000000
167.699312925,19488,8456,0,12443,7045,11190,462,133,133,89,44,5465,5725,247,215,2.220338245,2.453331607,37.125283263,191.764691876,nan,nan,nan,nan,nan,0.000000000,6.171554967,4.242043942,0.037497957,0.048440997,4.543752992,0,0.400000000
167.800364971,20448,9011,0,13404,7044,11433,480,133,146,101,45,5752,5681,252,228,2.215306584,2.473044503,39.519433742,199.465774418,65.433025360,2,1.000000000,nan,nan,0.000000000,7.570729009,4.071846022,0.047251000,0.039467996,4.429175984,0,0.400000000
167.899247646,19968,8746,0,12874,7094,11218,458,120,129,87,42,5375,5843,237,221,2.376720618,2.395725555,29.952652390,171.486413793,nan,1,nan,nan,nan,0.000000000,8.576371998,5.334564950,0.044064946,0.060852035,5.726796982,0,0.400000000
167.999221087,19968,8542,0,12825,7143,11218,458,127,126,85,41,5375,5843,237,221,2.376720618,2.395725555,29.231957499,159.012861070,nan,nan,nan,nan,nan,0.000000000,3.186358023,2.482605982,0.020316977,0.055539946,2.662076964,0,0.400000000
168.099217653,20064,8771,0,12863,7201,11218,458,127,129,86,43,5375,5843,237,221,2.376720618,2.395725555,30.352772249,161.665103359,nan,nan,nan,nan,nan,0.000000000,1.994010992,1.386579999,0.013849000,0.019149971,1.501222025,0,0.400000000
168.199245691,19968,8579,0,12843,7125,11218,458,128,127,84,43,5375,5843,237,221,2.376720618,2.395725555,29.593908262,160.629585343,nan,nan,nan,nan,nan,0.000000000,3.425530973,2.523229981,0.026352995,0.051297015,2.760381030,0,0.400000000
168.299196482,19872,8838,0,12890,6982,11218,458,128,127,83,44,5375,5843,237,221,2.376720618,2.395725555,30.061093036,161.737951357,nan,nan,nan,nan,nan,0.000000000,4.405169981,3.066357982,0.028502953,0.056294026,3.304067999,0,0.400000000
168.400233269,20160,8617,0,13060,7100,11539,478,128,135,87,48,5769,5770,242,236,2.441697973,2.522770702,27.346289145,202.694531969,104.311466217,2,1.000000000,nan,nan,0.000000000,4.943220993,2.641058003,0.024809968,0.050307019,2.839483030,0,0.400000000
168.499851227,19968,8943,0,12982,6986,11539,478,136,133,86,47,5769,5770,242,236,2.441697973,2.522770702,33.842524277,192.165474406,nan,nan,nan,nan,nan,0.000000000,2.108490968,1.521169965,0.016128004,0.031139993,1.646607998,0,0.400000000
168.599398613,19968,8642,0,12816,7152,11322,478,152,137,89,48,5497,5825,239,239,2.499989139,2.536435657,33.097665374,228.752442110,nan,1,nan,nan,nan,0.000000000,7.112274994,3.770937037,0.038685976,0.036204001,4.051170021,0,0.400000000
168.699113131,20064,8983,0,13123,6941,11077,472,144,143,98,45,5446,5631,242,230,2.595978936,2.559675451,36.696936459,257.849963652,44.736862183,6,1.000000000,nan,nan,0.000000000,2.513030020,1.469990995,0.015458092,0.037363032,1.589148014,0,0.400000000
168.799224138,19968,8579,0,12917,7051,11385,504,156,150,97,53,5702,5683,255,249,2.573884208,2.551188926,34.350680237,263.676635636,19.532680511,4,1.000000000,nan,nan,0.000000000,5.024569982,2.758666989,0.026499038,0.060170016,2.954694035,0,0.400000000
168.899988413,20064,8701,0,13054,7010,11359,517,160,156,104,52,5731,5628,266,251,2.621079805,2.598229839,32.862695484,228.308274360,nan,1,nan,nan,nan,0.000000000,5.826829991,3.086555982,0.031576026,0.071167015,3.313042049,0,0.400000000
168.999301195,19968,8427,0,12992,6976,11537,534,166,167,114,53,6007,5530,285,249,2.623866414,2.569667234,38.847941335,243.570744246,30.469179153,9,1.000000000,nan,nan,0.000000000,8.246126992,4.647990922,0.048328016,0.100802979,4.983739986,0,0.400000000
169.099262953,19584,8562,0,13247,6337,11018,522,169,176,123,53,6146,4872,291,231,2.624919950,2.511898120,44.377909562,264.283061152,6.136178970,4,0.000000000,nan,nan,0.000000000,9.228830982,4.895943974,0.053407042,0.092745991,5.257913959,0,0.400000000
169.197065353,20352,8487,0,13426,6926,11018,522,174,175,127,48,6146,4872,291,231,2.624919950,2.511898120,41.767058406,274.081695244,nan,nan,nan,nan,nan,0.000000000,3.795157012,2.706466999,0.029963965,0.056716031,2.911881020,0,0.400000000
169.299246073,19584,8309,0,13314,6270,11018,522,175,176,127,49,6146,4872,291,231,2.624919950,2.511898120,41.834245444,278.309473647,nan,nan,nan,nan,nan,0.000000000,4.554330022,3.563681035,0.039597915,0.089371984,3.837258031,0,0.400000000
169.399355173,20448,8374,0,13936,6512,11018,522,176,174,128,46,6146,4872,291,231,2.624919950,2.511898120,42.207820390,275.313633554,nan,nan,nan,nan,nan,0.000000000,4.866107018,3.436621977,0.038707047,0.069282018,3.703043971,0,0.400000000
169.499205112,20064,8183,0,13834,6230,11877,546,122,124,103,21,7536,4341,352,194,2.615027279,2.418030234,54.213859719,242.640702280,65.345764160,6,1.000000000,nan,nan,0.000000000,2.802122035,1.617973961,0.013304933,0.124190992,1.729434996,0,0.400000000
169.599730253,19968,8216,0,13706,6262,11748,537,127,137,116,21,7338,4410,347,190,2.698558332,2.331125250,37.285652314,206.385012365,nan,1,nan,nan,nan,0.000000000,3.064237011,1.659955946,0.014327059,0.058940030,1.777172962,0,0.400000000
169.699167728,19968,7962,0,13679,6289,12002,541,123,125,112,13,7598,4404,347,194,2.602612851,2.404291603,28.457695249,120.564949314,nan,1,nan,nan,nan,0.000000000,2.783159027,1.616295078,0.014265883,0.051693001,1.745838032,0,0.400000000
169.799156904,19968,7953,0,13656,6312,12002,541,127,125,111,14,7598,4404,347,194,2.602612851,2.404291603,20.941689003,121.069108002,nan,nan,nan,nan,nan,0.000000000,5.368040991,3.979968023,0.037106045,0.126325991,4.277042055,0,0.400000000
169.899129391,20064,7584,0,13574,6490,12002,541,125,127,113,14,7598,4404,347,194,2.602612851,2.404291603,21.732341256,128.239432086,nan,nan,nan,nan,nan,0.000000000,4.057170008,2.897274971,0.023301982,0.041438034,3.084509051,0,0.400000000
169.999297380,19776,7586,0,13599,6177,12002,541,126,130,112,18,7598,4404,347,194,2.602612851,2.404291603,24.782958903,124.324266516,nan,nan,nan,nan,nan,0.000000000,2.154321002,1.525490021,0.014351041,0.027592992,1.647156023,0,0.400000000
170.199270487,19872,7290,0,13640,6232,12578,553,160,149,112,37,7951,4627,345,208,2.595146859,2.362062833,37.193270983,217.598141026,48.538446426,8,1.000000000,nan,nan,0.000000000,2.851176017,1.627860009,0.017184066,0.043475011,1.751960954,0,0.400000000
170.299110174,19968,6931,0,13657,6311,13033,553,145,134,107,27,8353,4680,359,194,2.598798618,2.345776127,32.805620883,176.640783804,60.019731522,7,1.000000000,nan,nan,0.000000000,3.527724009,1.807966910,0.017078011,0.041826977,1.939578040,0,0.400000000
170.399224758,20064,6926,0,13922,6142,13033,553,142,136,113,23,8353,4680,359,194,2.598798618,2.345776127,35.280767778,167.629977078,nan,nan,nan,nan,nan,0.000000000,4.013433994,3.003844002,0.029749004,0.060689985,3.228356014,0,0.400000000
170.499086380,20064,6641,0,13868,6196,13033,553,139,138,115,23,8353,4680,359,194,2.598798618,2.345776127,35.058048077,169.642251799,nan,nan,nan,nan,nan,0.000000000,6.309513992,4.404766951,0.036696962,0.071404967,4.681970982,0,0.400000000
170.599380970,19968,6541,0,13949,6019,13423,567,151,154,133,21,8788,4635,428,139,2.639897010,2.102611154,38.807262310,190.004253908,39.749860764,3,1.000000000,nan,nan,0.000000000,4.024697002,2.049417060,0.019711966,0.061912986,2.210284001,0,0.400000000
170.699233532,19872,6340,0,13901,5971,13528,557,141,143,126,17,8791,4737,431,126,2.676584404,1.754229740,37.007556616,169.769576310,6.113290787,2,0.000000000,nan,nan,0.000000000,3.160969994,1.742461987,0.016568112,0.041814987,1.869612024,0,0.400000000
170.799329519,20160,6362,0,14093,6067,13794,559,160,156,136,20,9043,4751,447,112,2.649017960,1.507250800,37.996961026,195.938411543,4.940271378,2,0.000000000,nan,nan,0.000000000,3.073552041,1.689461991,0.017340004,0.039765029,1.814764983,0,0.400000000
170.899193764,19968,6124,0,13963,6005,13840,563,151,157,131,26,8896,4944,452,111,2.745410949,1.242896484,37.739835397,182.494213797,84.556579590,4,1.000000000,nan,nan,0.000000000,6.249614991,3.517377074,0.034171971,0.042119995,3.773214004,0,0.400000000
170.999127150,19968,5764,0,13811,6157,14200,532,152,161,141,20,9086,5114,433,99,2.736279476,1.063369614,41.081075805,186.480499808,20.348548889,6,1.000000000,nan,nan,0.000000000,2.856609994,1.588204992,0.016750011,0.025601010,1.708160038,0,0.400000000
171.099112988,20064,5385,0,13717,6347,14675,518,155,150,129,21,9154,5521,420,98,2.712632232,1.036998090,35.138422047,168.337398638,5.077600479,2,0.000000000,nan,nan,0.000000000,6.190807966,3.012991103,0.029364950,0.032717013,3.222390951,0,0.400000000
171.199202538,19968,5123,0,13533,6435,14841,516,142,149,126,23,9092,5749,414,102,2.713015396,1.012614906,34.428821955,166.129598056,4.806995392,2,0.000000000,nan,nan,0.000000000,2.854467020,1.549547946,0.015971018,0.031783013,1.674285042,0,0.400000000
171.299181700,19968,4784,0,13381,6587,14841,516,148,149,125,24,9092,5749,414,102,2.713015396,1.012614906,32.458805888,165.303013752,nan,nan,nan,nan,nan,0.000000000,5.977636029,4.390772025,0.051179959,0.066190958,4.754188994,0,0.400000000
171.399132967,20064,4570,0,13311,6753,15490,507,159,147,124,23,9045,6445,400,107,2.687743015,0.994397302,30.659833680,165.037203898,74.677705765,8,1.000000000,nan,nan,1.000000000,3.736849991,1.831384900,0.018324004,0.029415009,1.966566022,0,0.400000000
171.499405622,19872,4184,0,13031,6841,15490,507,144,139,115,24,9045,6445,400,107,2.687743015,0.994397302,29.236785006,142.932124704,nan,nan,nan,nan,nan,1.000000000,4.139141995,3.015980008,0.034834084,0.034187979,3.254299983,0,0.400000000
171.601097822,19872,4280,0,12983,6889,15490,507,139,141,117,24,9045,6445,400,107,2.687743015,0.994397302,30.550224734,145.433248041,nan,nan,nan,nan,nan,1.000000000,7.656375004,5.512679985,0.053050986,0.051882002,5.910424981,0,0.400000000
171.699252844,19968,3948,0,12869,7099,16016,496,149,134,111,23,8917,7099,382,114,2.623392130,1.026806211,27.701187013,125.375710545,140.007495880,7,1.000000000,nan,nan,0.000000000,5.257818033,2.829228004,0.030389056,0.079707999,3.082751005,0,0.400000000
171.802561522,19584,4010,0,12390,7194,15570,495,132,129,107,22,8376,7194,381,114,2.692914879,1.040417213,28.022059224,140.108176916,nan,1,nan,nan,nan,0.000000000,4.702366015,2.269032993,0.020997948,0.028326001,2.435898990,0,0.400000000
171.900777817,20160,3793,0,12815,7345,16363,483,133,130,105,25,9018,7345,374,109,2.594521154,1.063775385,30.617017930,121.408091318,48.445701599,6,1.000000000,nan,nan,0.000000000,4.726140993,2.135358984,0.017427956,0.026250025,2.297295025,0,0.400000000
171.999438047,19968,3688,0,12500,7468,16276,463,131,127,98,29,8808,7468,351,112,2.630051612,1.079658039,30.885415015,134.395491890,6.289958954,2,0.000000000,nan,nan,0.000000000,4.119868972,2.194901055,0.022736960,0.040852989,2.378073987,0,0.400000000
172.099070549,19968,3624,0,12378,7590,16340,469,145,141,111,30,8750,7590,350,119,2.614224376,1.103279888,37.585553969,139.610722886,77.068328857,3,1.000000000,nan,nan,0.000000000,7.520162966,3.528368019,0.037201971,0.046667992,3.812859009,0,0.400000000
172.199141502,19968,3432,0,12256,7712,16340,469,131,133,109,24,8750,7590,350,119,2.614224376,1.103279888,33.292633161,138.861999818,nan,nan,nan,nan,nan,0.000000000,2.730852982,1.755301957,0.019229017,0.034619006,1.905602985,0,0.400000000
172.299103022,19968,3461,0,12108,7860,16503,439,122,133,99,34,8643,7860,322,117,2.541165678,1.141858102,31.881156931,135.410831650,40.118217468,5,1.000000000,nan,nan,0.000000000,9.029262001,3.608164028,0.034397002,0.068694004,3.903154982,0,0.400000000
172.399112463,19872,3217,0,12031,7841,16503,439,126,124,89,35,8643,7860,322,117,2.541165678,1.141858102,30.542966284,115.327670390,nan,nan,nan,nan,nan,0.000000000,3.348801984,2.107082983,0.019657018,0.033725984,2.267825999,0,0.400000000
172.499193907,19872,3208,0,11732,8140,16503,439,126,128,92,36,8643,7860,322,117,2.541165678,1.141858102,30.838385248,125.354557159,nan,nan,nan,nan,nan,0.000000000,3.592016001,2.441946010,0.026037975,0.042486994,2.654051990,0,0.400000000
172.602363110,19872,3027,0,11754,8118,16841,411,93,105,72,33,8724,8117,292,119,2.118634329,1.194648493,22.341504791,78.424939032,nan,1,nan,nan,nan,0.000000000,7.453284983,2.689753019,0.018669991,0.203778036,2.879320004,0,0.400000000
172.699563980,19968,3091,0,11420,8548,16873,397,107,103,67,36,8335,8538,277,120,2.091910175,1.198628791,20.785720160,79.638455818,99.020957947,4,1.000000000,nan,nan,0.000000000,5.802320025,2.932250965,0.029435963,0.052928983,3.199387982,0,0.400000000
172.799212456,19968,3095,0,11741,8227,16873,397,103,96,65,31,8335,8538,277,120,2.091910175,1.198628791,19.512089288,73.980195713,nan,nan,nan,nan,nan,0.000000000,7.365152996,4.577342013,0.039886974,0.065152999,4.953575961,0,0.400000000
172.899198294,19968,3088,0,11398,8570,16876,380,92,93,63,30,8458,8418,264,116,2.017789622,1.167584692,14.132762539,59.751534105,39.654493332,9,1.000000000,nan,nan,0.000000000,6.836879009,2.556121908,0.022038002,0.063215964,2.770874009,0,0.400000000
172.999185085,19968,3051,0,11673,8295,16913,367,87,93,67,26,8777,8136,265,102,1.937785316,1.208889170,17.359862215,50.708647674,24.209737778,4,1.000000000,nan,nan,0.000000000,4.999484052,1.995971950,0.016569044,0.020872976,2.165731043,0,0.400000000
173.099199533,19968,3128,0,11461,8507,16836,364,101,103,76,27,8489,8347,263,101,1.984032745,1.202072402,20.449302261,59.080846717,3.907442093,2,0.000000000,nan,nan,0.000000000,3.078898008,1.240653975,0.012004981,0.013520010,1.356515044,0,0.400000000
173.199181318,19968,3155,0,11804,8164,16836,364,100,99,73,26,8489,8347,263,101,1.984032745,1.202072402,20.585142683,62.701848819,nan,nan,nan,nan,nan,0.000000000,3.826224012,2.481718024,0.026607013,0.031115953,2.731405024,0,0.400000000
173.299764872,19584,3080,0,11376,8208,16836,364,99,99,73,26,8489,8347,263,101,1.984032745,1.202072402,20.585136970,62.691381842,nan,nan,nan,nan,nan,0.000000000,5.855309020,3.012294066,0.021572981,0.029797025,3.229244030,0,0.400000000
173.397198915,20448,3240,0,12091,8357,16836,364,99,99,73,26,8489,8347,263,101,1.984032745,1.202072402,21.411723392,63.368520655,nan,nan,nan,nan,nan,0.000000000,1.808133966,1.137819083,0.011025986,0.012292003,1.247313980,0,0.400000000
173.499080181,19968,3261,0,11689,8279,16703,365,71,78,55,23,8614,8089,251,114,1.904628463,1.244674281,12.459471637,32.343324917,74.851512909,3,1.000000000,nan,nan,0.000000000,4.936125013,1.817918965,0.013073033,0.024154957,1.969109988,0,0.400000000
173.599134922,20160,3629,0,11843,8317,16527,365,89,87,61,26,8423,8104,251,114,1.942113501,1.276803226,15.107397236,44.821127269,24.311304092,4,1.000000000,nan,nan,0.000000000,2.616532031,1.122272981,0.009710027,0.021016051,1.221421990,0,0.400000000
173.699187756,19968,3475,0,11683,8285,16489,358,92,88,63,25,8394,8095,244,114,1.920062333,1.286621180,13.889176101,45.974022636,5.750656128,2,0.000000000,nan,nan,0.000000000,5.935519992,2.216811001,0.019046012,0.031870964,2.411164984,0,0.400000000
173.799226046,19968,3591,0,11581,8387,16373,348,83,79,57,22,8168,8205,240,108,1.964331184,1.310287379,12.589926687,32.743785285,25.675535202,3,1.000000000,nan,nan,0.000000000,3.842952021,1.866731036,0.016425038,0.027219008,2.037591999,0,0.400000000
173.899202824,20160,3640,0,11884,8276,16516,339,76,84,56,28,8408,8108,230,109,1.970620682,1.332441355,12.462326096,44.365504463,nan,1,nan,nan,nan,0.000000000,8.343132038,3.179072984,0.025237037,0.040412007,3.453331010,0,0.400000000
173.999281645,20064,3653,0,11652,8412,16407,338,76,77,56,21,8156,8251,229,109,2.002003729,1.339347225,14.821395867,30.719871113,18.534660339,2,1.000000000,nan,nan,0.000000000,2.498534042,1.046762976,0.008556992,0.016188016,1.143077970,0,0.400000000
174.099078894,20064,3717,0,11756,8308,16343,330,76,79,57,22,8182,8161,220,110,1.909957449,1.372283108,11.693167246,45.352151358,4.739522934,2,0.000000000,nan,nan,0.000000000,5.349566985,2.041808970,0.017048966,0.037338003,2.242927963,0,0.400000000
174.199227810,19968,3534,0,11326,8642,16430,323,76,75,51,24,7939,8491,214,109,1.917728346,1.368435976,18.622525256,27.798043372,36.967515945,4,1.000000000,nan,nan,0.000000000,5.442084046,1.936410030,0.016457052,0.034491997,2.119323006,0,0.400000000
174.299565792,20064,3719,0,11672,8392,16341,323,69,73,53,20,8099,8242,212,111,1.928081178,1.373053543,12.809828312,35.994188458,35.164356232,6,1.000000000,nan,nan,0.000000000,2.479867020,1.010295062,0.008392031,0.021246029,1.108051045,0,0.400000000
174.399150848,19872,3433,0,11248,8624,16341,323,78,78,57,21,8099,8242,212,111,1.928081178,1.373053543,14.152263771,39.233271904,nan,nan,nan,nan,nan,0.000000000,4.391033028,2.791967068,0.025412999,0.034397992,3.078391950,0,0.400000000
174.499070406,20256,3794,0,11813,8443,16458,324,75,75,54,21,8166,8292,214,110,1.975643580,1.392356120,14.060138735,37.096460992,129.898548126,2,1.000000000,nan,nan,0.000000000,3.077753994,1.161355991,0.009580981,0.018493040,1.273066038,0,0.400000000
174.599189758,19776,3299,0,11064,8712,16458,324,81,78,55,23,8166,8292,214,110,1.975643580,1.392356120,17.263551439,38.657875141,nan,nan,nan,nan,nan,0.000000000,1.806244021,1.023558958,0.009115960,0.012586999,1.130553021,0,0.400000000
174.700309753,20256,3930,0,12043,8213,16322,324,75,77,51,26,8265,8057,215,109,1.969869789,1.393160432,15.610613284,36.930140578,40.343046188,4,1.000000000,nan,nan,0.000000000,3.486247966,1.575231028,0.013731013,0.025193032,1.731169003,0,0.400000000
174.799063206,19776,3226,0,11031,8745,16322,324,79,77,52,25,8265,8057,215,109,1.969869789,1.393160432,14.544213437,51.451969079,nan,nan,nan,nan,nan,0.000000000,4.856341984,3.090113110,0.028567971,0.042744039,3.401855996,0,0.400000000
174.899036169,19776,3808,0,11511,8265,15964,317,82,79,54,25,7858,8106,208,109,1.928203062,1.408101577,14.706732344,38.375588555,25.834798813,4,1.000000000,nan,nan,0.000000000,5.359503964,1.924701035,0.018212944,0.030723982,2.114853007,0,0.400000000
174.999736309,20256,3397,0,11497,8759,15964,317,80,79,56,23,7858,8106,208,109,1.928203062,1.408101577,13.639939052,39.301229011,nan,nan,nan,nan,nan,0.000000000,1.694312028,0.954818039,0.009005948,0.013741956,1.054542023,0,0.400000000
175.100866079,20256,3806,0,11486,8770,16446,343,80,77,52,25,7854,8592,205,138,1.641723905,1.419934490,10.620005877,43.079626612,nan,1,nan,nan,nan,0.000000000,6.236068963,3.112582024,0.026040012,0.045328983,3.419367014,0,0.400000000
175.199235201,19776,3359,0,11146,8630,16446,343,75,78,52,26,7854,8592,205,138,1.641723905,1.419934490,11.921778774,29.726883572,nan,nan,nan,nan,nan,0.000000000,7.253930031,4.260437971,0.028233975,0.040297979,4.570904013,0,0.400000000
175.300565481,20160,3728,0,11373,8787,16428,354,83,79,47,32,7784,8644,192,162,1.411846834,1.521396698,13.759624941,31.852381310,60.234069824,4,1.000000000,nan,nan,0.000000000,5.363450968,2.617950027,0.022539054,0.053429045,2.857927990,0,0.400000000
175.399105072,19968,3430,0,11215,8753,16428,354,87,87,54,33,7784,8644,192,162,1.411846834,1.521396698,17.027371236,34.855154304,nan,nan,nan,nan,nan,0.000000000,2.849312034,1.680904068,0.014420017,0.022388005,1.830783032,0,0.400000000
175.499380350,20160,3728,0,11462,8698,16428,364,70,78,45,33,7881,8547,180,184,1.310917616,1.626708988,17.591557762,41.976259803,20.590305328,3,1.000000000,nan,nan,0.000000000,4.148965992,2.218413923,0.015162048,0.043121050,2.388235007,0,0.400000000
175.599370956,19392,3352,0,10829,8563,16036,356,90,80,45,35,7583,8453,164,192,1.313730935,1.637096842,18.417239240,37.132307462,5.299568176,2,0.000000000,nan,nan,0.000000000,4.423082049,1.797409961,0.015979982,0.030370022,1.957496977,0,0.400000000
175.699751139,20448,3644,0,11451,8997,16800,350,75,81,44,37,7888,8912,158,192,1.283180786,1.698706435,18.244674038,30.368447187,11.544466019,3,0.000000000,nan,nan,0.000000000,4.484168021,2.166827035,0.018257066,0.037994992,2.364633023,0,0.400000000
175.799105406,19968,3529,0,11270,8698,16435,337,80,83,51,32,7829,8606,149,188,1.287133675,1.686038569,21.340685564,30.598662142,15.136480331,3,1.000000000,nan,nan,0.000000000,6.797065027,3.268286993,0.028458133,0.061253028,3.576499003,0,0.400000000
175.899232388,20160,3461,0,11124,9036,16435,337,84,82,49,33,7829,8606,149,188,1.287133675,1.686038569,22.698796822,37.670631115,nan,nan,nan,nan,nan,0.000000000,3.481693042,2.020043030,0.017681916,0.019511033,2.205219993,0,0.400000000
175.999941587,19584,2905,0,10711,8873,16675,343,87,86,48,38,7903,8772,153,190,1.281135021,1.669276663,21.782834372,35.153727184,nan,1,nan,nan,nan,0.000000000,3.822505008,1.471755968,0.013023964,0.022820022,1.608196006,0,0.400000000
176.100237846,19776,2942,0,10789,8987,16675,343,83,84,47,37,7903,8772,153,190,1.281135021,1.669276663,20.747573339,34.207496599,nan,nan,nan,nan,nan,0.000000000,1.787960995,1.110814046,0.010490883,0.021873973,1.223757979,0,0.400000000
176.199155569,19968,3256,0,10935,9033,16675,343,86,87,50,37,7903,8772,153,190,1.281135021,1.669276663,23.278545297,34.127861374,nan,nan,nan,nan,nan,0.000000000,3.382003983,2.060715982,0.020266976,0.046889996,2.278840984,0,0.400000000
176.299945354,19872,3405,0,11179,8693,16675,343,86,86,50,36,7903,8772,153,190,1.281135021,1.669276663,22.442466668,33.988941093,nan,nan,nan,nan,nan,0.000000000,2.024434041,1.166789094,0.010815973,0.021959946,1.282146026,0,0.400000000
176.399196148,19872,3333,0,10908,8964,16675,343,85,86,50,36,7903,8772,153,190,1.281135021,1.669276663,22.442585502,33.986745797,nan,nan,nan,nan,nan,0.000000000,1.703458955,1.036992064,0.009272015,0.015931029,1.137443993,0,0.400000000
176.502707481,19776,3471,0,11049,8727,16301,357,86,78,48,30,7677,8624,163,194,1.304068265,1.677529437,15.226053342,26.979289634,nan,1,nan,nan,nan,0.000000000,3.969700017,1.709819946,0.013719953,0.026196009,1.861953002,0,0.400000000
176.597439289,20160,3470,0,11255,8905,16686,344,85,83,46,37,7926,8760,151,193,1.267100448,1.661748269,14.118019933,39.638579258,55.172681808,6,1.000000000,nan,nan,0.000000000,2.957561985,1.050285005,0.009222073,0.013520999,1.149205025,0,0.400000000
176.699496031,20160,3798,0,11301,8859,16358,341,86,87,51,36,7668,8690,149,192,1.280295658,1.673849819,16.982596835,33.328942513,nan,1,nan,nan,nan,0.000000000,4.567216965,1.808461035,0.015887956,0.022256980,1.979888999,0,0.400000000
176.799143791,19968,3456,0,10913,9055,16508,336,85,76,45,31,7598,8910,143,193,1.253033124,1.652737067,12.291344940,34.344717458,19.837856293,4,1.000000000,nan,nan,0.000000000,8.355939994,3.296822018,0.029369956,0.030266005,3.595062997,0,0.400000000
177.000513792,19968,3656,0,11067,8901,16308,321,77,75,45,30,7537,8771,132,189,1.213908120,1.671735083,14.419309753,35.345148662,134.308099747,4,1.000000000,nan,nan,0.000000000,2.548432967,1.047521073,0.009379000,0.020097999,1.163142035,0,0.400000000
177.099198341,20160,4058,0,11348,8812,16098,332,68,67,42,25,7421,8677,135,197,1.212518502,1.692847917,13.057870078,38.379581713,5.457878113,2,0.000000000,nan,nan,0.000000000,8.529548999,4.117151024,0.029336952,0.045287015,4.539337009,0,0.400000000
177.202581882,20064,3892,0,11213,8851,16168,323,58,61,37,24,7431,8737,128,195,1.188927192,1.683474081,11.982231246,26.222671210,8.935928345,4,0.000000000,nan,nan,0.000000000,2.339617989,0.974777038,0.006839982,0.013768033,1.067373960,0,0.400000000
177.299244642,19680,4171,0,10844,8836,15505,311,62,61,32,29,6787,8718,120,191,1.229246153,1.699436380,10.913871526,32.074148094,nan,1,nan,nan,nan,0.000000000,3.414616978,1.549618959,0.011866970,0.030792027,1.701849047,0,0.400000000
177.400384188,20352,4327,0,11286,9066,16021,309,66,70,38,32,7079,8942,117,192,1.189008808,1.680337919,19.131399661,38.109415280,nan,1,nan,nan,nan,0.000000000,2.334318997,0.981329998,0.007862982,0.026432972,1.077352033,0,0.400000000
177.499112129,19968,4565,0,10941,9027,15399,299,68,71,40,31,6484,8915,113,186,1.199453185,1.718604699,17.876090553,30.587651381,4.992008209,2,0.000000000,nan,nan,0.000000000,4.730167042,2.186355006,0.021843007,0.117975986,2.408890985,0,0.400000000
177.599287987,20064,4787,0,11110,8954,15273,303,67,70,35,35,6423,8850,106,197,1.198394311,1.766027479,19.580147116,41.223557265,6.405115128,2,0.000000000,nan,nan,0.000000000,3.680370981,1.390688936,0.010965043,0.027800968,1.524336985,0,0.400000000
177.699201107,20160,5191,0,11142,9018,14965,305,66,71,35,36,6040,8925,102,203,1.185406389,1.734695923,16.909101861,32.319085567,34.462690353,3,1.000000000,nan,nan,0.000000000,5.604436970,2.111482027,0.016637903,0.033859047,2.308833005,0,0.400000000
177.800167799,19968,5322,0,11172,8796,14642,304,68,58,26,32,5920,8722,96,208,1.189388273,1.779050605,14.764149013,33.698829961,51.045179367,5,1.000000000,nan,nan,0.000000000,3.937467991,1.543972059,0.012795092,0.022154010,1.698272012,0,0.400000000
177.899066210,20064,5448,0,11064,9000,14612,305,59,60,27,33,5657,8955,90,215,1.183468256,1.761572868,12.914862309,25.816438663,nan,1,nan,nan,nan,0.000000000,2.154003014,0.921959931,0.007019087,0.024567998,1.013578963,0,0.400000000
177.999153614,19680,5782,0,10953,8727,13894,310,71,63,25,38,5185,8709,91,219,1.168949115,1.817557974,15.716717572,25.846982036,4.420042038,2,0.000000000,nan,nan,0.000000000,2.318114042,1.064403041,0.009175041,0.016459962,1.177015016,0,0.400000000
178.099287271,20352,5819,0,11209,9143,14529,305,58,60,28,32,5393,9136,83,222,1.190926524,1.785228561,14.903801472,26.461455531,74.864387512,5,1.000000000,nan,nan,0.000000000,3.013291978,1.165807946,0.008434930,0.016706006,1.277761010,0,0.400000000
178.200234413,20064,6299,0,11261,8803,13761,291,56,62,27,35,4986,8775,79,212,1.159791501,1.901015493,16.548803380,22.767366217,56.590557098,4,1.000000000,nan,nan,0.000000000,5.927523016,2.464215970,0.016477949,0.047015026,2.681631013,0,0.400000000
178.299121857,19968,6188,0,11138,8830,13776,302,44,44,18,26,5060,8716,74,228,1.151771241,1.896589495,8.912925444,16.920711848,5.794763565,2,0.000000000,nan,nan,0.000000000,2.241340000,0.941756996,0.005292008,0.029126008,1.031792024,0,0.400000000
178.399017572,20064,6581,0,11519,8545,13479,292,50,50,20,30,5121,8358,76,216,1.157266651,1.978674182,11.014349611,20.261120680,44.250726700,8,1.000000000,nan,nan,0.000000000,3.488224989,1.362463052,0.008458912,0.035417965,1.492849027,0,0.400000000
178.499039173,20064,6307,0,11463,8601,13753,293,52,57,20,37,5472,8281,74,219,1.172109188,1.988526314,14.590073582,23.892445557,9.932994843,3,0.000000000,nan,nan,0.000000000,3.366715973,1.590179105,0.010687974,0.044770015,1.757177000,0,0.400000000
178.599379778,19968,6820,0,11686,8282,13144,284,57,55,14,41,5251,7893,63,221,1.127489715,2.060782647,13.786351419,20.841372600,5.172252655,2,0.000000000,nan,nan,0.000000000,5.490282027,2.465710044,0.018688908,0.042703003,2.732286986,0,0.400000000
178.699005365,20064,6681,0,11627,8437,13379,270,51,49,10,39,5423,7956,61,209,1.125451889,2.070742869,13.432580005,15.122200700,9.812116623,3,0.000000000,nan,nan,0.000000000,5.643306009,2.618215978,0.019673957,0.067905989,2.919115010,0,0.400000000
178.800227880,19968,7007,0,11678,8290,12957,260,48,45,9,36,5139,7818,61,199,1.088450259,2.084770967,10.524506376,26.356620204,40.234565735,4,1.000000000,nan,nan,0.000000000,2.119997051,0.800633978,0.005601963,0.014833000,0.884930952,0,0.400000000
178.902436495,19872,6839,0,11526,8346,12957,260,42,44,8,36,5139,7818,61,199,1.088450259,2.084770967,9.051308133,23.827177166,nan,nan,nan,nan,nan,0.000000000,1.770343981,0.998719886,0.007204944,0.011076045,1.116283995,0,0.400000000
178.998841763,20160,7264,0,11739,8421,12892,256,42,49,11,38,4990,7902,60,196,1.041040800,2.158075267,9.873792065,24.774565202,33.438205719,8,1.000000000,nan,nan,0.000000000,1.969179022,0.777584035,0.005362032,0.021629967,0.864422007,0,0.400000000
179.099028826,19968,7219,0,11697,8271,12745,251,47,49,9,40,5035,7710,58,193,1.006930473,2.165647730,10.565213723,22.983364729,34.356832504,6,1.000000000,nan,nan,0.000000000,2.026342030,0.791892991,0.005679030,0.018234015,0.884914014,0,0.400000000
179.199008465,20064,7705,0,11825,8239,12355,251,51,50,10,40,4706,7649,56,195,0.981814529,2.136350851,11.741824090,27.094970221,44.268131256,9,1.000000000,nan,nan,1.000000000,2.342688967,1.018351119,0.007764029,0.027405971,1.141246001,0,0.400000000
179.299162149,19968,7752,0,11903,8065,12212,249,44,40,6,34,4750,7462,53,196,0.960457975,2.187298711,9.367235331,16.745551531,7.196664810,22,0.000000000,nan,nan,1.000000000,3.979765985,1.382287941,0.008857984,0.045518042,1.526165986,0,0.400000000
179.399228334,19968,7769,0,11750,8218,12195,244,49,47,8,39,4562,7633,50,194,0.975415951,2.141123493,10.419481824,22.658335762,40.593147278,5,1.000000000,nan,nan,1.000000000,4.516092013,1.683042094,0.011675060,0.047712005,1.862675999,0,0.400000000
179.498998404,20064,7830,0,12014,8050,12230,245,45,47,9,38,4759,7471,51,194,0.939304524,2.189663129,10.350384581,24.328624681,34.770965576,4,1.000000000,nan,nan,1.000000000,5.291295005,2.524202049,0.019068015,0.072241994,2.836590051,0,0.400000000
179.598998785,19968,7671,0,11692,8276,12230,245,48,47,10,37,4759,7471,51,194,0.939304524,2.189663129,10.370064378,23.541587203,nan,nan,nan,nan,nan,1.000000000,2.691610018,1.556835079,0.010690012,0.040816027,1.721487963,0,0.400000000
179.699034929,19968,7845,0,11846,8122,12230,245,48,47,10,37,4759,7471,51,194,0.939304524,2.189663129,10.291858329,26.406522239,nan,nan,nan,nan,nan,1.000000000,1.341119991,0.766662066,0.006196904,0.018141000,0.858122949,0,0.400000000
179.799043655,20064,7594,0,11610,8454,12466,247,49,45,7,38,4602,7864,51,196,0.988362228,2.132773290,9.366511946,19.493622545,nan,1,nan,nan,nan,1.000000000,4.343190987,1.623132965,0.011226046,0.018005958,1.796427998,0,0.400000000
179.899058104,19968,7871,0,11829,8139,12466,247,46,45,6,39,4602,7864,51,196,0.988362228,2.132773290,9.431260154,19.140147120,nan,nan,nan,nan,nan,1.000000000,1.378686051,0.768653001,0.005303067,0.009082025,0.859406020,0,0.400000000
179.999028444,19872,7610,0,11607,8265,12466,247,46,46,6,40,4602,7864,51,196,0.988362228,2.132773290,9.511436684,19.291523807,nan,nan,nan,nan,nan,1.000000000,2.229379024,1.355772081,0.007337017,0.014752033,1.477851998,0,0.400000000
180.099098444,20160,7999,0,11856,8304,12157,246,47,49,10,39,4490,7667,51,195,0.978884927,2.190043372,12.008301048,25.174883543,nan,1,nan,nan,nan,1.000000000,1.773813972,0.755093060,0.005525013,0.009033014,0.840946974,0,0.400000000
180.199175119,19968,7677,0,11683,8285,12287,250,46,46,6,40,4624,7663,52,198,0.972061459,2.161053641,11.041552758,20.153885998,nan,1,nan,nan,nan,1.000000000,8.791511005,2.947622968,0.015277124,0.027914008,3.263052029,0,0.400000000
180.299042702,20064,8030,0,11943,8121,12030,246,52,47,9,38,4486,7544,53,193,0.978114006,2.184171909,10.604940326,22.379514436,nan,1,nan,nan,nan,1.000000000,2.498274960,1.131351979,0.009331037,0.011749973,1.264513994,0,0.400000000
180.399324656,19968,7601,0,11679,8289,12363,248,50,49,5,44,4701,7662,51,197,0.961271563,2.178222188,11.571203741,25.618483305,126.137971878,2,1.000000000,nan,nan,1.000000000,3.849808010,1.506536966,0.010891003,0.019843981,1.668027020,0,0.400000000
180.499089003,19488,7503,0,11419,8069,11981,252,48,50,10,40,4445,7536,52,200,0.988218626,2.184969783,12.026971482,21.982969714,5.759239197,3,0.000000000,nan,nan,1.000000000,3.611238964,1.473666984,0.011282973,0.027658010,1.632206026,0,0.400000000
180.600318432,20544,8014,0,12270,8274,12526,245,46,47,8,39,4913,7613,50,195,0.954463180,2.184799725,11.829603754,20.013480315,117.092847824,4,1.000000000,nan,nan,1.000000000,6.116200995,1.989582088,0.016102917,0.023177010,2.217032015,0,0.400000000
180.699178219,19776,7768,0,11649,8127,12526,245,46,47,8,39,4913,7613,50,195,0.954463180,2.184799725,11.954972547,19.827269445,nan,nan,nan,nan,nan,1.000000000,2.005068993,1.118455024,0.008178002,0.012425007,1.253062976,0,0.400000000
180.799074650,20160,7552,0,11848,8312,12604,246,48,46,7,39,4878,7726,52,194,0.987781958,2.169894428,10.761451196,22.401355754,nan,1,nan,nan,nan,1.000000000,4.840265028,2.267927048,0.016290986,0.025094021,2.515373984,0,0.400000000
180.898980856,20064,7593,0,11610,8454,12467,251,47,49,7,42,4628,7839,52,199,0.992348709,2.164178466,11.562038789,23.623783568,nan,1,nan,nan,nan,1.000000000,5.882536003,2.573120000,0.018157996,0.030766998,2.842464019,0,0.400000000
180.999095678,19968,7356,0,11736,8232,12608,248,45,48,9,39,4938,7670,53,195,0.989684541,2.187254574,11.234913642,26.638575057,nan,1,nan,nan,nan,1.000000000,3.365628014,1.353827014,0.009778945,0.020389038,1.510506961,0,0.400000000
181.099137068,19968,7079,0,11527,8441,12885,251,49,46,7,39,5018,7867,57,194,1.004417466,2.141174142,9.998447009,19.639063456,nan,1,nan,nan,nan,0.000000000,1.826495980,0.770120998,0.005507958,0.009529002,0.854621001,0,0.400000000
181.199005127,20064,7149,0,11727,8337,12885,251,48,49,7,42,5018,7867,57,194,1.004417466,2.141174142,11.088557022,22.908815447,nan,nan,nan,nan,nan,0.000000000,2.422748017,1.501078019,0.011349970,0.019546016,1.673879975,0,0.400000000
181.299118042,19200,6513,0,11069,8131,12683,251,53,47,9,38,5094,7589,57,194,1.029734168,2.169155886,10.812349755,22.181942573,nan,1,nan,nan,nan,0.000000000,4.370383976,1.717519015,0.012804929,0.017846993,1.905623998,0,0.400000000
181.397602797,20736,7216,0,11956,8780,12683,251,48,48,9,39,5094,7589,57,194,1.029734168,2.169155886,10.738611082,24.353235200,nan,nan,nan,nan,nan,0.000000000,1.367716002,0.796709966,0.004282978,0.009369978,0.871518976,0,0.400000000
181.499007463,20064,6931,0,11779,8285,13129,258,54,51,10,41,5350,7779,59,199,1.074111736,2.161461782,13.717315152,27.778263615,40.222167969,3,1.000000000,nan,nan,0.000000000,2.387357003,0.801326940,0.006424903,0.010568998,0.894293014,0,0.400000000
181.599148035,19968,6615,0,11580,8388,13349,268,54,55,14,41,5391,7958,63,205,1.137299445,2.100208401,12.044266338,32.516517903,5.027055740,2,0.000000000,nan,nan,0.000000000,2.925092005,1.338447037,0.010661024,0.016547972,1.490803028,0,0.400000000
181.699300289,19968,6633,0,11687,8281,13331,275,62,61,14,47,5454,7877,66,209,1.178049645,2.135309356,15.799933526,42.865930829,30.083179474,3,1.000000000,nan,nan,0.000000000,4.118125013,1.874400070,0.016538019,0.047382957,2.089907008,0,0.400000000
181.798986435,19968,6225,0,11445,8523,13739,279,58,55,16,39,5611,8128,67,212,1.219563850,2.065763468,12.863472401,22.381274277,5.665063858,4,0.000000000,nan,nan,0.000000000,6.530512008,1.764397020,0.007543014,0.013624958,1.869875996,0,0.400000000
181.899104118,19872,6331,0,11534,8338,13739,279,51,46,13,33,5611,8128,67,212,1.219563850,2.065763468,11.530375867,21.895519967,nan,nan,nan,nan,nan,0.000000000,2.762561955,1.599957992,0.011259981,0.017921964,1.754284021,0,0.400000000
181.999022245,19968,5808,0,11345,8623,14156,283,59,60,21,39,5896,8260,72,211,1.271521868,2.035566138,15.638134806,28.561803532,99.520683289,3,1.000000000,nan,nan,0.000000000,4.100381979,1.430373988,0.011412019,0.020709995,1.576614974,0,0.400000000
182.102560520,19968,5856,0,11436,8532,14108,287,59,56,19,37,5856,8252,78,209,1.288002143,2.028084155,15.205880714,29.268951840,19.602298737,3,1.000000000,nan,nan,0.000000000,4.047589959,1.604568097,0.011971046,0.029717979,1.753156015,0,0.400000000
182.199074984,19968,5334,0,11234,8734,14630,286,63,60,18,42,6184,8446,77,209,1.275674333,1.991024997,13.905256863,30.540511111,4.246950150,2,0.000000000,nan,nan,0.000000000,2.311413991,0.900099927,0.007535971,0.009895011,0.994930975,0,0.400000000
182.299096823,19968,5464,0,11305,8663,14500,287,61,55,18,37,6054,8446,82,205,1.316869558,1.994275298,12.765623116,34.110793192,29.594898224,5,1.000000000,nan,nan,0.000000000,5.263569998,2.011025907,0.014840974,0.026173017,2.210117993,0,0.400000000
182.399055243,19776,5115,0,11172,8604,14657,286,50,50,20,30,6285,8372,87,199,1.314251089,1.951749776,11.101885721,20.115458479,nan,1,nan,nan,nan,0.000000000,3.547199012,1.386533084,0.008274976,0.027977978,1.519037993,0,0.400000000
182.498053074,20160,5127,0,11136,9024,15029,287,53,54,18,36,6170,8859,87,200,1.340955992,1.958851470,13.325927931,24.100122351,nan,1,nan,nan,nan,0.000000000,2.875579055,1.296599046,0.009631040,0.025640999,1.434942998,0,0.400000000
182.599023104,19968,4768,0,11183,8785,15029,287,55,54,19,35,6170,8859,87,200,1.340955992,1.958851470,12.654697825,23.986749951,nan,nan,nan,nan,nan,0.000000000,5.035293987,3.218852915,0.022388936,0.031371950,3.532266011,0,0.400000000
182.699025154,20064,4860,0,11158,8906,15029,287,54,54,19,35,6170,8859,87,200,1.340955992,1.958851470,12.658605256,24.028204139,nan,nan,nan,nan,nan,0.000000000,2.802974021,1.591171080,0.010428077,0.016898033,1.747842005,0,0.400000000
182.799114943,19392,4515,0,11026,8366,14873,294,49,49,17,32,6596,8277,97,197,1.350625769,1.848031676,10.066319853,16.923440441,4.128217697,2,0.000000000,nan,nan,0.000000000,2.308572002,0.936452998,0.006094866,0.010429998,1.025981037,0,0.400000000
182.896474838,20544,4389,0,11266,9278,16151,310,58,51,17,34,6938,9213,104,206,1.403830280,1.895927766,10.254876023,15.241903330,30.245780945,5,1.000000000,nan,nan,0.000000000,6.394580007,1.030411979,0.007716997,0.020653999,1.134100021,0,0.400000000
183.000437737,20064,4375,0,11367,8697,15685,313,59,50,23,27,7027,8658,108,205,1.372481337,1.863368587,8.106982352,20.197693902,29.444456100,2,1.000000000,nan,nan,0.000000000,5.700090958,2.271302918,0.013503013,0.021125015,2.464878024,0,0.400000000
183.103608370,19968,4055,0,10961,9007,15909,318,63,61,28,33,6925,8984,113,205,1.407486072,1.812110940,13.138113878,18.077255867,4.314899445,2,0.000000000,nan,nan,0.000000000,5.428133009,2.348892041,0.015829050,0.027347007,2.558226988,0,0.400000000
183.199605227,20064,4220,0,11175,8889,15909,318,64,64,26,38,6925,8984,113,205,1.407486072,1.812110940,15.130563422,20.602243799,nan,nan,nan,nan,nan,0.000000000,4.338282975,2.598997962,0.018956896,0.029165996,2.842501970,0,0.400000000
183.299237251,19968,3747,0,10908,9060,16217,321,69,74,36,38,7173,9044,119,202,1.427200814,1.810199905,19.190045631,34.862984187,4.511356354,2,0.000000000,nan,nan,0.000000000,3.566421976,1.392775914,0.010442047,0.014676014,1.516660966,0,0.400000000
183.399016380,20064,3913,0,11146,8918,16217,321,78,77,38,39,7173,9044,119,202,1.427200814,1.810199905,19.755066774,32.555833004,nan,nan,nan,nan,nan,0.000000000,1.793101022,1.099458954,0.009483017,0.020203006,1.207499008,0,0.400000000
183.499105453,19968,3431,0,10935,9033,16217,321,77,77,38,39,7173,9044,119,202,1.427200814,1.810199905,20.409565177,33.949702222,nan,nan,nan,nan,nan,0.000000000,4.007564043,2.465028025,0.015146041,0.032911950,2.642804990,0,0.400000000
183.599434376,19584,3628,0,11077,8507,15952,333,76,71,43,28,7445,8507,129,204,1.473226099,1.719860991,15.586453539,34.220413334,5.599498749,2,0.000000000,nan,nan,0.000000000,2.472764987,1.093919971,0.008550007,0.028335024,1.197932987,0,0.400000000
183.699591398,19776,3252,0,10901,8875,16520,338,73,82,38,44,7649,8871,134,204,1.484748191,1.716780152,22.849750492,38.784314947,11.308431625,2,0.000000000,nan,nan,0.000000000,4.709246045,1.887016988,0.014227873,0.019525003,2.051165968,0,0.400000000
183.795751810,20640,3565,0,11500,9140,17071,346,70,69,32,37,7935,9136,138,208,1.546887851,1.827038324,13.031700501,39.487864975,9.923458099,2,0.000000000,nan,nan,0.000000000,2.543579030,1.108267053,0.010867021,0.017118000,1.208344998,0,0.400000000
183.899074554,19968,3196,0,11132,8836,17071,346,74,73,33,40,7935,9136,138,208,1.546887851,1.827038324,16.082410056,40.199651975,nan,nan,nan,nan,nan,0.000000000,3.152730002,1.889550069,0.014528050,0.023889996,2.053447999,0,0.400000000
183.999299288,20064,3337,0,11091,8973,16723,347,54,51,30,21,7750,8973,143,204,1.561025621,1.727187263,10.309932692,23.491184065,nan,1,nan,nan,nan,0.000000000,2.557592990,1.115505002,0.006076880,0.017369981,1.258236007,0,0.400000000
184.099083662,19968,3127,0,11130,8838,16837,360,66,70,35,35,8003,8834,149,211,1.555096461,1.788497422,14.723265972,35.424916040,nan,1,nan,nan,nan,0.000000000,6.026015966,2.894366917,0.018696010,0.034497003,3.121508984,0,0.400000000
184.199107885,19968,3193,0,10970,8998,16771,370,76,80,43,37,7777,8994,148,222,1.596452684,1.754903991,19.182402269,46.387599824,nan,1,nan,nan,nan,0.000000000,12.197331991,6.193252048,0.037507969,0.126899977,6.631702010,0,0.400000000
184.298943281,20064,3048,0,11188,8876,17012,374,89,81,46,35,8140,8872,154,220,1.600098275,1.805380147,20.911861165,44.528173493,2.490997314,2,0.000000000,nan,nan,0.000000000,2.745650010,1.324544020,0.010859978,0.025429996,1.441584027,0,0.400000000
184.399258852,19872,2957,0,10869,9003,17012,374,82,85,50,35,8140,8872,154,220,1.600098275,1.805380147,24.377771524,49.606788595,nan,nan,nan,nan,nan,0.000000000,5.447570002,3.676943015,0.030625961,0.064096006,4.000518005,0,0.400000000
184.500969410,19968,2970,0,11151,8817,16994,385,71,73,48,25,8181,8813,159,226,1.638654689,1.802102626,19.255519048,30.753446712,5.451917648,7,0.000000000,nan,nan,0.000000000,5.800506042,2.479070972,0.015348021,0.060810999,2.663878957,0,0.400000000
184.598965168,19968,2720,0,10853,9115,16994,385,77,75,51,24,8181,8813,159,226,1.638654689,1.802102626,20.997094784,32.195147649,nan,nan,nan,nan,nan,0.000000000,1.890574000,1.204895030,0.008466013,0.015282014,1.301801996,0,0.400000000
184.699078083,20064,2997,0,11381,8683,16994,385,74,72,49,23,8181,8813,159,226,1.638654689,1.802102626,20.763057960,29.994643638,nan,nan,nan,nan,nan,0.000000000,2.288739022,1.544491970,0.010683958,0.018690014,1.664626005,0,0.400000000
184.799066067,19872,2616,0,10831,9041,16994,385,73,73,50,23,8181,8813,159,226,1.638654689,1.802102626,20.909756603,30.033380494,nan,nan,nan,nan,nan,0.000000000,5.674374988,3.791291034,0.024385983,0.046129047,4.068568000,0,0.400000000
184.898998260,20160,2916,0,11446,8714,17240,424,76,80,58,22,8526,8714,193,231,1.731655563,1.827462010,19.619828459,41.930002801,19.968509674,6,1.000000000,nan,nan,0.000000000,3.391064995,1.419037988,0.009016949,0.022827007,1.521668979,0,0.400000000
184.999134541,19872,2484,0,10872,9000,17240,424,80,81,63,18,8526,8714,193,231,1.731655563,1.827462010,19.241318781,43.505478641,nan,nan,nan,nan,nan,0.000000000,2.245258016,1.365331002,0.009388954,0.018351013,1.469765033,0,0.400000000
185.099021912,20064,2821,0,11262,8802,17239,430,104,96,69,27,8437,8802,198,232,1.768271781,1.785223369,19.659461718,72.790278132,5.643367767,4,0.000000000,nan,nan,0.000000000,3.501901985,1.877905976,0.012351957,0.018446997,1.999449043,0,0.400000000
185.199129105,19872,2360,0,10920,8952,17239,430,92,95,68,27,8437,8802,198,232,1.768271781,1.785223369,21.542656620,59.070355949,nan,nan,nan,nan,nan,0.000000000,2.103117004,1.366405981,0.010985066,0.018710969,1.478733029,0,0.400000000
185.299136877,20160,2720,0,11167,8993,17436,435,105,107,73,34,8447,8989,204,231,1.804058514,1.749368763,24.774670085,71.385574384,nan,1,nan,nan,nan,0.000000000,3.018249990,1.454861951,0.012697012,0.023227010,1.568648964,0,0.400000000
185.400608540,19872,2399,0,10984,8888,17436,435,101,103,69,34,8447,8989,204,231,1.804058514,1.749368763,23.897018279,71.994274861,nan,nan,nan,nan,nan,0.000000000,4.972189025,3.420433961,0.030366937,0.045619032,3.710288962,0,0.400000000
185.499757290,20064,2658,0,11143,8921,17402,430,88,90,60,30,8485,8917,211,219,1.850220759,1.763004516,16.070486291,72.298325961,120.189189911,3,1.000000000,nan,nan,0.000000000,2.899198036,1.381648064,0.010094023,0.018418999,1.485289016,0,0.400000000
185.598923683,19968,2403,0,11184,8784,17561,454,101,106,74,32,8777,8784,242,212,1.860365517,1.708096996,24.357530919,77.379036015,34.461259842,6,1.000000000,nan,nan,0.000000000,3.749648982,1.776995952,0.013446959,0.023039989,1.899837982,0,0.400000000
185.699028254,20064,2617,0,11306,8758,17443,433,99,96,64,32,8685,8758,227,206,1.886393601,1.673995839,23.178283838,73.021598337,64.300537109,3,1.000000000,nan,nan,0.000000000,3.764965979,1.679375011,0.012231991,0.016695994,1.799716032,0,0.400000000
185.798988819,19872,2312,0,11187,8685,17443,433,98,99,65,34,8685,8758,227,206,1.886393601,1.673995839,22.772244175,68.677367398,nan,nan,nan,nan,nan,0.000000000,3.098946007,2.108156972,0.017918006,0.058527978,2.276788990,0,0.400000000
185.900144815,20064,2332,0,11150,8914,17728,439,87,92,61,31,8814,8914,247,192,1.931367277,1.553317260,18.744830654,58.252159337,60.276746750,5,1.000000000,nan,nan,0.000000000,5.550795991,2.414349059,0.016996986,0.031041040,2.586374991,0,0.400000000
185.998876095,19104,1515,0,10450,8654,17728,439,92,92,61,31,8814,8914,247,192,1.931367277,1.553317260,20.102656349,65.374238976,nan,nan,nan,nan,nan,0.000000000,2.096074983,1.382753078,0.010103977,0.017922022,1.486346009,0,0.400000000
186.100251436,20160,2305,0,11275,8885,17728,439,92,91,60,31,8814,8914,247,192,1.931367277,1.553317260,20.147386280,70.188656804,nan,nan,nan,nan,nan,0.000000000,4.339049046,2.910815994,0.021794054,0.045998022,3.137235006,0,0.400000000
186.198968410,19968,2498,0,11094,8874,17466,485,100,97,72,25,8596,8870,289,196,2.043523514,1.467095102,27.142979418,84.720886426,34.266471863,9,1.000000000,nan,nan,0.000000000,12.057012995,5.305570026,0.038044003,0.078624988,5.655471992,0,0.400000000
186.298926830,20064,2524,0,11645,8419,17536,496,100,106,76,30,9119,8417,302,194,2.028200674,1.448388787,27.789038379,82.421611927,33.352375031,4,1.000000000,nan,nan,0.000000000,3.068821970,1.583827951,0.012412027,0.029753020,1.697945001,0,0.400000000
186.399075747,19968,2516,0,11208,8760,17536,496,104,102,73,29,9119,8417,302,194,2.028200674,1.448388787,24.535735038,78.901495641,nan,nan,nan,nan,nan,0.000000000,5.197366991,3.619057999,0.025642046,0.043197011,3.854640003,0,0.400000000
186.499007463,19968,2535,0,11543,8425,17429,502,108,98,78,20,9004,8425,309,193,2.035934188,1.424310007,20.520302763,86.286338769,80.492496490,6,1.000000000,nan,nan,0.000000000,9.309606045,4.010911041,0.030138995,0.041519990,4.285998992,0,0.400000000
186.599014282,19968,2485,0,11255,8713,17479,509,116,124,95,29,8766,8713,308,201,2.059479479,1.405021651,30.041087752,108.616801812,4.068136215,2,0.000000000,nan,nan,0.000000000,3.150706994,1.553540991,0.012631004,0.032454962,1.663998002,0,0.400000000
186.698948622,19968,2597,0,11546,8422,17367,515,115,110,81,29,8945,8422,312,203,2.040459132,1.416505360,23.507834473,90.398577727,nan,1,nan,nan,nan,0.000000000,7.744743023,4.519835988,0.031555013,0.020592997,4.786024976,0,0.400000000
186.798924208,19968,2515,0,11305,8663,17367,515,112,111,82,29,8945,8422,312,203,2.040459132,1.416505360,24.439066994,88.047384392,nan,nan,nan,nan,nan,0.000000000,3.756598977,2.443878970,0.017906947,0.029421994,2.604254987,0,0.400000000
186.898894072,20064,2616,0,11489,8575,17444,523,114,113,86,27,8873,8571,327,196,2.089149561,1.301421525,31.478091904,100.929324372,8.458852768,13,0.000000000,nan,nan,0.000000000,3.146493982,1.582957979,0.012656965,0.019198982,1.696014020,0,0.400000000
186.999066830,19968,2527,0,11360,8608,17437,513,116,114,88,26,8832,8605,330,183,2.130483279,1.253220232,32.091732490,105.415962573,7.408618927,21,0.000000000,nan,nan,0.000000000,4.867142008,2.491948952,0.021360989,0.045417983,2.675349009,0,0.400000000
187.098971367,19968,2644,0,11503,8465,17320,528,103,109,90,19,8858,8462,358,170,2.201058126,1.230309916,27.964854559,104.879257298,6.319046021,8,0.000000000,nan,nan,0.000000000,8.369825955,3.377995978,0.021031941,0.030780968,3.572439949,0,0.400000000
187.200153351,19968,2586,0,11534,8434,17378,505,108,110,92,18,8948,8430,372,133,2.217810310,1.190722432,34.534524807,93.587706653,65.579891205,2,1.000000000,nan,nan,0.000000000,6.771278975,2.932280011,0.021310057,0.047551002,3.121095011,0,0.400000000
187.299096346,20064,2735,0,11718,8346,17378,505,113,112,95,17,8948,8430,372,133,2.217810310,1.190722432,31.965979454,93.405836514,nan,nan,nan,nan,nan,0.000000000,2.328914008,1.523005019,0.012340024,0.027541013,1.630457002,0,0.400000000
187.399059057,19968,2647,0,11799,8169,17317,518,103,107,87,20,9148,8169,408,110,2.322991660,1.148936872,30.286355273,85.355761909,5.673885345,2,0.000000000,nan,nan,0.000000000,3.249111993,1.672665065,0.011513068,0.049450027,1.784469991,0,0.400000000
187.499595642,19968,2650,0,11572,8396,17317,518,92,93,74,19,9148,8169,408,110,2.322991660,1.148936872,21.665892000,57.918817617,nan,nan,nan,nan,nan,0.000000000,3.543799045,2.509048034,0.017474988,0.045503024,2.680219011,0,0.400000000
187.599082708,19872,2728,0,11802,8070,17317,518,97,95,77,18,9148,8169,408,110,2.322991660,1.148936872,22.455480097,59.368900425,nan,nan,nan,nan,nan,0.000000000,5.051543005,3.340419033,0.020711042,0.036828045,3.550462017,0,0.400000000
187.701393366,19488,2621,0,11078,8410,16863,525,100,107,81,26,8453,8410,403,122,2.197840250,1.171296315,26.703676392,89.301455710,5.759000778,3,0.000000000,nan,nan,0.000000000,3.048088984,1.593210967,0.010848045,0.031109026,1.693051017,0,0.400000000
187.798198223,20256,2753,0,12103,8153,17499,560,115,114,71,43,9350,8149,386,174,2.202296521,1.223765085,31.718363567,75.014171273,73.843240738,5,1.000000000,nan,nan,0.000000000,3.455989994,1.881183009,0.013258948,0.066610985,2.000388980,0,0.400000000
187.896820545,20256,2563,0,11508,8748,17499,560,103,107,65,42,9350,8149,386,174,2.202296521,1.223765085,31.241894312,72.088775624,nan,nan,nan,nan,nan,0.000000000,5.605024984,4.043850000,0.028960989,0.081950973,4.310310993,0,0.400000000
187.999025345,20064,2780,0,11641,8423,17280,562,93,97,68,29,8861,8419,399,163,2.206811506,1.284751322,24.958718361,73.713318295,nan,1,nan,nan,nan,0.000000000,6.177380972,3.716102045,0.023935921,0.072495954,3.953748965,0,0.400000000
188.098942757,19968,2643,0,11278,8690,17280,562,97,101,70,31,8861,8419,399,163,2.206811506,1.284751322,27.156778715,69.441555168,nan,nan,nan,nan,nan,0.000000000,5.380696035,3.696442931,0.021601038,0.042864005,3.903891018,0,0.400000000
188.198952198,20064,2745,0,11609,8455,17315,503,80,90,65,25,8863,8452,338,165,2.075131033,1.358893785,25.506957947,67.860868091,5.677223206,2,0.000000000,nan,nan,0.000000000,3.102694987,1.537929929,0.009012001,0.067204004,1.636079978,0,0.400000000
188.299117565,19968,2572,0,11323,8645,17392,503,95,90,67,23,8747,8645,337,166,2.058256345,1.357745919,19.201412815,64.911195315,5.780458450,2,0.000000000,nan,nan,0.000000000,4.859559005,2.175481990,0.014343997,0.056675985,2.317064966,0,0.400000000
188.398970842,19872,2663,0,11290,8582,17205,503,91,96,68,28,8623,8582,340,163,2.044541258,1.389552243,21.517004523,65.956287379,5.732536316,2,0.000000000,nan,nan,0.000000000,3.043673991,1.537841978,0.010266958,0.028644979,1.639281982,0,0.400000000
188.501219034,20160,2579,0,11530,8630,17577,510,81,86,61,25,8947,8630,340,170,2.085147974,1.416175848,16.135315044,49.127002870,16.186952591,2,1.000000000,nan,nan,0.000000000,3.002862970,1.558123971,0.008972071,0.028546026,1.663089963,0,0.400000000
188.602044106,20064,2664,0,11227,8837,17396,490,88,84,51,33,8560,8836,327,163,2.024175370,1.441500965,17.770305490,45.336324340,nan,1,nan,nan,nan,0.000000000,3.150655015,1.651419967,0.009918003,0.020091014,1.755718025,0,0.400000000
188.699448347,20064,2827,0,11341,8723,17396,490,88,90,56,34,8560,8836,327,163,2.024175370,1.441500965,18.610299478,46.872288096,nan,nan,nan,nan,nan,0.000000000,3.181934007,2.194081026,0.015159952,0.033388962,2.347891976,0,0.400000000
188.799043894,19968,2649,0,11112,8856,17396,490,90,89,55,34,8560,8836,327,163,2.024175370,1.441500965,18.564547024,46.019375716,nan,nan,nan,nan,nan,0.000000000,4.564811999,2.960732032,0.018494960,0.034352997,3.151853045,0,0.400000000
188.899192333,20064,2873,0,11391,8673,17396,490,91,91,57,34,8560,8836,327,163,2.024175370,1.441500965,18.595942130,47.668249234,nan,nan,nan,nan,nan,0.000000000,2.271723002,1.501114049,0.007502967,0.023005006,1.587291015,0,0.400000000
188.999152422,19968,2639,0,11107,8861,17325,486,93,98,65,33,8464,8861,321,165,1.976779289,1.482622725,23.258445340,57.578196403,30.243635178,6,1.000000000,nan,nan,0.000000000,7.597949007,4.316760052,0.031861011,0.040499959,4.608208023,0,0.400000000
189.098997355,20064,2956,0,11482,8582,17104,475,81,87,55,32,8522,8582,306,169,2.031017704,1.561062947,22.290126789,66.139117185,5.454063416,4,0.000000000,nan,nan,0.000000000,3.351493971,1.538974931,0.010149961,0.019042986,1.646570046,0,0.400000000
189.199127436,19776,2675,0,10842,8934,17104,475,86,90,57,33,8522,8582,306,169,2.031017704,1.561062947,23.314757857,55.598403798,nan,nan,nan,nan,nan,0.000000000,3.959424968,2.703061968,0.019319006,0.040207000,2.908135997,0,0.400000000
189.301557064,20256,2897,0,11499,8757,17355,472,86,98,61,37,8598,8757,300,172,2.033809272,1.616450780,24.312409057,61.386591778,75.766801834,4,1.000000000,nan,nan,0.000000000,5.416006956,2.462897974,0.016036036,0.039221020,2.625420981,0,0.400000000
189.399116278,19968,2691,0,10803,9165,17273,474,100,97,59,38,8112,9161,303,171,2.001214489,1.596125940,23.408130311,62.410986007,5.612373352,2,0.000000000,nan,nan,0.000000000,5.878282012,2.544706978,0.017830927,0.040770043,2.719465003,0,0.400000000
189.499253988,19968,2911,0,11188,8780,17273,474,95,92,58,34,8112,9161,303,171,2.001214489,1.596125940,20.852079654,56.916585953,nan,nan,nan,nan,nan,0.000000000,2.178810013,1.456834958,0.010228076,0.016997976,1.558705990,0,0.400000000
189.598981142,20064,2708,0,10736,9328,17352,474,99,101,61,40,8028,9324,295,179,2.001623900,1.596227094,26.489662532,71.663207982,5.542278290,4,0.000000000,nan,nan,0.000000000,6.324550952,3.540028061,0.026981987,0.051223033,3.789064998,0,0.400000000
189.699059725,19872,2768,0,11074,8798,17352,474,92,95,56,39,8028,9324,295,179,2.001623900,1.596227094,21.505470700,61.143290644,nan,nan,nan,nan,nan,0.000000000,5.480086023,3.408688935,0.018204038,0.034152006,3.588207008,0,0.400000000
189.799832821,20160,2753,0,10970,9190,17403,471,93,96,57,39,8216,9187,288,183,1.907970625,1.666475652,22.535855237,68.151325612,8.779287338,3,0.000000000,nan,nan,0.000000000,9.529402014,3.940950905,0.026591995,0.063977961,4.198079987,0,0.400000000
189.899042606,19584,2709,0,10718,8866,16871,469,98,96,59,37,8005,8866,293,176,1.966134256,1.716459018,18.432390314,54.718161611,9.841203690,2,0.000000000,nan,nan,0.000000000,7.752032019,2.732420980,0.011013006,0.018120976,2.839162014,0,0.400000000
189.998955727,20544,2935,0,11283,9261,17605,472,93,92,55,37,8347,9258,286,186,1.906240622,1.709321786,23.581757669,69.824547228,36.657810211,3,1.000000000,nan,nan,0.000000000,3.039844043,1.474889985,0.010263931,0.018953986,1.575747039,0,0.400000000
190.099038839,19392,2747,0,10319,9073,16641,471,107,107,69,38,7572,9069,285,186,1.970390125,1.731231089,27.373411931,63.987500102,5.493640900,2,0.000000000,nan,nan,0.000000000,3.430885961,1.555628027,0.011774013,0.027190952,1.662930998,0,0.400000000
190.196564674,20448,3178,0,11237,9211,16641,471,102,101,66,35,7572,9069,285,186,1.970390125,1.731231089,21.921907754,54.824652426,nan,nan,nan,nan,nan,0.000000000,2.650136012,1.864321006,0.015258964,0.024489011,2.001833986,0,0.400000000
190.299113274,20352,3050,0,10799,9553,16641,471,100,104,64,40,7572,9069,285,186,1.970390125,1.731231089,25.515134897,69.020323729,nan,nan,nan,nan,nan,0.000000000,7.720382011,5.550094007,0.042778964,0.063939020,5.956368987,0,0.400000000
190.399149656,20160,3411,0,11118,9042,16745,470,103,93,55,38,7795,8950,279,191,1.916203812,1.789106226,22.104719558,63.154587810,19.561290741,4,1.000000000,nan,nan,0.000000000,4.159660020,2.200924035,0.017153157,0.049460039,2.364857995,0,0.400000000
190.498989582,19968,3413,0,10801,9167,16551,456,110,93,58,35,7478,9073,267,189,2.063218605,1.792780501,25.608341198,68.720212082,75.226783752,4,1.000000000,nan,nan,0.000000000,3.908680985,1.778436999,0.013971992,0.026616035,1.911425963,0,0.400000000
190.599009752,20064,3875,0,11067,8997,16551,456,94,103,61,42,7478,9073,267,189,2.063218605,1.792780501,29.461907655,78.948085583,nan,nan,nan,nan,nan,0.000000000,2.578798041,1.695133979,0.013370998,0.031256001,1.825304003,0,0.400000000
190.699027538,20064,4128,0,10821,9243,15932,464,111,103,63,40,6810,9122,276,188,2.226184860,1.822158098,24.994941535,74.431123060,nan,1,nan,nan,nan,0.000000000,4.316698003,2.366891014,0.019578962,0.042107014,2.545809024,0,0.400000000
190.799064636,19968,4391,0,11123,8845,15932,464,109,111,65,46,6810,9122,276,188,2.226184860,1.822158098,28.224499924,83.303012221,nan,nan,nan,nan,nan,0.000000000,6.103151012,4.381071893,0.035223900,0.051928044,4.702919046,0,0.400000000
190.899053097,19968,4633,0,11160,8808,15932,464,111,111,65,46,6810,9122,276,188,2.226184860,1.822158098,29.556959063,83.881015905,nan,nan,nan,nan,nan,0.000000000,3.799496044,2.462180040,0.015189988,0.024676032,2.604367968,0,0.400000000
190.999000072,19968,4635,0,11531,8437,15932,464,111,111,65,46,6810,9122,276,188,2.226184860,1.822158098,29.556959066,83.875084364,nan,nan,nan,nan,nan,0.000000000,2.095075033,1.427811978,0.009056996,0.016550010,1.513207040,0,0.400000000
191.100453615,20064,4831,0,11679,8385,15229,448,94,98,60,38,7504,7725,259,189,1.854050665,1.977035438,23.414567668,77.750990707,79.352378845,5,1.000000000,nan,nan,0.000000000,4.549291043,2.240812872,0.016320904,0.037009013,2.398977987,0,0.400000000
191.199717999,19968,4603,0,11648,8320,15361,457,98,91,53,38,7644,7717,258,199,1.802488095,2.008754086,22.419772226,64.484091142,3.439426422,2,0.000000000,nan,nan,0.000000000,4.914528981,2.451831882,0.015584985,0.033750955,2.607702976,0,0.400000000
191.298976898,20064,4516,0,11795,8269,15544,456,99,91,53,38,7762,7782,260,196,1.768528637,2.006409254,19.170555572,79.238813260,77.390670776,2,1.000000000,nan,nan,0.000000000,4.389004025,2.099328907,0.015336089,0.018488965,2.242963004,0,0.400000000
191.399036407,19872,4198,0,11698,8174,15544,456,92,93,57,36,7762,7782,260,196,1.768528637,2.006409254,22.715317812,71.006027959,nan,nan,nan,nan,nan,0.000000000,2.026068978,1.404652954,0.010087970,0.014582998,1.512932999,0,0.400000000
191.498980045,19968,4214,0,12137,7831,15544,456,95,95,58,37,7762,7782,260,196,1.768528637,2.006409254,23.649772407,74.561587169,nan,nan,nan,nan,nan,0.000000000,4.443702986,3.197125974,0.024959969,0.041245949,3.450120974,0,0.400000000
191.598931789,19968,4320,0,12022,7946,15644,461,63,81,59,22,8313,7331,266,195,1.694245579,2.130127185,22.434056192,55.521642826,14.345645905,4,0.000000000,nan,nan,0.000000000,4.525822995,2.480357944,0.013708021,0.040151994,2.646123990,0,0.400000000
191.699782133,19968,4117,0,12128,7840,15847,452,92,93,56,37,8661,7186,251,201,1.638746196,2.198115335,26.088537438,59.888142424,49.994945526,5,1.000000000,nan,nan,0.000000000,5.307150015,2.674643998,0.019636995,0.032212993,2.872339974,0,0.400000000
191.798864603,19872,3972,0,11829,8043,15896,459,100,98,64,34,8389,7507,256,203,1.646725836,2.168668965,27.362748901,66.636723496,5.681276321,2,0.000000000,nan,nan,0.000000000,6.687526009,3.784933011,0.030221941,0.056811026,4.090938019,0,0.400000000
191.898931742,19968,3565,0,11854,8114,16399,455,100,100,63,37,8695,7704,254,201,1.608149900,2.135032763,25.159529089,72.182070653,84.025859833,4,1.000000000,nan,nan,0.000000000,5.164847011,2.854070044,0.022827939,0.043439039,3.056542017,0,0.400000000
191.999075890,19968,3473,0,11797,8171,16491,469,100,93,59,34,8554,7937,260,209,1.598114647,2.122627795,21.373744010,64.522747322,nan,1,nan,nan,nan,0.000000000,3.040883981,1.492426032,0.011681987,0.020639971,1.605173980,0,0.400000000
192.098861933,19968,3076,0,11621,8347,16491,469,93,95,58,37,8554,7937,260,209,1.598114647,2.122627795,22.083140034,55.085322954,nan,nan,nan,nan,nan,0.000000000,4.176592047,2.951680042,0.022040040,0.043381006,3.169873031,0,0.400000000
192.198887587,20064,3246,0,11677,8387,16491,469,96,96,59,37,8554,7937,260,209,1.598114647,2.122627795,22.953981827,56.224116556,nan,nan,nan,nan,nan,0.000000000,2.684574050,1.788766065,0.009624055,0.021253014,1.883691992,0,0.400000000
192.300194025,19968,3019,0,11493,8475,16945,467,100,104,68,36,8594,8351,263,204,1.535303247,2.102892119,22.420610720,75.450922404,80.079793930,5,1.000000000,nan,nan,0.000000000,6.551522005,2.915782039,0.020885083,0.042844971,3.108970006,0,0.400000000
192.399698734,19776,3126,0,11641,8135,16646,460,105,113,74,39,8603,8043,262,198,1.518266764,2.101015043,24.802611669,91.392559228,6.697177887,2,0.000000000,nan,nan,0.000000000,2.832574944,1.429328928,0.011986005,0.020531006,1.536213036,0,0.400000000
192.500578165,19968,3079,0,11522,8446,16885,477,92,101,67,34,8522,8363,273,204,1.525559847,2.108126157,19.995327746,80.470022461,9.017705917,16,0.000000000,nan,nan,0.000000000,6.283896975,3.464972076,0.026053051,0.061466009,3.705738985,0,0.400000000
192.698851585,19968,3148,0,11643,8325,16816,467,98,106,61,45,8535,8281,268,199,1.474002390,2.107270762,28.692882693,82.201001114,105.071544647,19,1.000000000,nan,nan,0.000000000,6.013741018,2.802093979,0.019804051,0.033770979,2.988667984,0,0.400000000
192.799346924,20064,2924,0,11864,8200,17136,461,91,94,59,35,8959,8177,266,195,1.385242567,2.132545499,21.346300096,66.755142146,7.774829865,17,0.000000000,nan,nan,0.000000000,6.634454010,3.579589014,0.027214002,0.048757007,3.853349015,0,0.400000000
192.898932219,19968,3297,0,11743,8225,16667,477,90,95,63,32,8469,8198,278,199,1.505725392,2.100274582,23.946447455,87.685468214,6.808757782,22,0.000000000,nan,nan,0.000000000,6.928787974,3.021607059,0.014927937,0.025025976,3.206044028,0,0.400000000
192.998865128,20064,3020,0,11886,8178,17040,471,91,98,68,30,8884,8156,269,202,1.434100036,2.088640667,24.723342460,75.162290967,7.477998734,19,0.000000000,nan,nan,0.000000000,3.057877999,1.512103016,0.010919000,0.020132051,1.617047004,0,0.400000000
193.098911762,19968,3247,0,11594,8374,16717,470,83,97,60,37,8344,8373,261,209,1.506581071,2.049472335,24.286617947,70.210245905,5.881071091,3,0.000000000,nan,nan,0.000000000,4.501882999,2.057489008,0.012967037,0.040148967,2.191796026,0,0.400000000
193.198890686,20064,2979,0,11517,8547,17081,468,95,96,64,32,8538,8543,266,202,1.393945109,2.038275180,24.117295109,65.388903412,4.474639893,2,0.000000000,nan,nan,0.000000000,5.438857013,2.945362008,0.022034976,0.054901000,3.161069995,0,0.400000000
193.300563812,19968,3168,0,11452,8516,16796,450,81,92,64,28,8284,8512,250,200,1.564312463,1.957112396,22.376987547,61.454372960,7.425785065,4,0.000000000,nan,nan,0.000000000,5.617882998,3.147980955,0.021404063,0.063166022,3.378514026,0,0.400000000
193.398923397,20064,2840,0,11368,8696,16796,450,104,105,71,34,8284,8512,250,200,1.564312463,1.957112396,26.912460877,67.803187818,nan,nan,nan,nan,nan,0.000000000,6.542680960,4.162894038,0.031618983,0.050004979,4.453699978,0,0.400000000
193.499122858,19968,3127,0,11500,8468,16837,449,97,101,71,30,8372,8465,249,200,1.530227075,1.963583160,25.541167871,67.058368291,54.347753525,2,1.000000000,nan,nan,0.000000000,4.746963037,2.196690009,0.014605001,0.035603007,2.334819001,0,0.400000000
193.599560976,19968,2857,0,11370,8598,16837,449,106,109,75,34,8372,8465,249,200,1.530227075,1.963583160,28.911296645,62.679744765,nan,nan,nan,nan,nan,0.000000000,3.893824993,2.482801967,0.019469007,0.033284014,2.661999955,0,0.400000000
193.698846817,19872,3071,0,11497,8375,16837,449,105,105,75,30,8372,8465,249,200,1.530227075,1.963583160,26.928967244,62.153157432,nan,nan,nan,nan,nan,0.000000000,2.101716003,1.377192966,0.008945877,0.021594984,1.468182018,0,0.400000000
193.799303532,20160,2794,0,11569,8591,17362,455,105,92,71,21,8771,8591,257,198,1.654841705,1.933037543,22.102686866,66.149035467,77.198982239,3,1.000000000,nan,nan,0.000000000,3.004620958,1.445312984,0.011212018,0.030282012,1.553681039,0,0.400000000
193.898880482,19968,3086,0,11654,8314,16878,462,99,94,73,21,8564,8314,258,204,1.635732272,2.007608427,24.688655817,57.090994127,nan,1,nan,nan,nan,0.000000000,2.918335027,1.490323979,0.011216966,0.029083982,1.600862015,0,0.400000000
193.998832226,20064,3041,0,11447,8617,17019,465,92,104,71,33,8402,8617,261,204,1.642075100,1.989924859,27.314298950,76.380349364,6.345510483,12,0.000000000,nan,nan,0.000000000,5.086704041,2.794999979,0.020930020,0.044982007,2.998687967,0,0.400000000
194.098870754,19872,3175,0,11686,8186,17019,465,95,92,65,27,8402,8617,261,204,1.642075100,1.989924859,20.517007874,67.464546903,nan,nan,nan,nan,nan,0.000000000,3.337155038,2.162883000,0.014536083,0.028535025,2.307155984,0,0.400000000
194.201491833,20160,3203,0,11536,8624,16953,464,95,97,72,25,8333,8620,259,205,1.650407788,2.001527528,24.051356638,73.317518921,80.741167068,8,1.000000000,nan,nan,0.000000000,3.138793982,1.608313120,0.011714001,0.024736975,1.723418012,0,0.400000000
194.299281597,20064,3177,0,11774,8290,16883,473,93,95,71,24,8597,8286,267,206,1.592422934,2.014202808,25.602684930,73.248394504,25.582551956,6,1.000000000,nan,nan,0.000000000,6.493054971,2.879270003,0.018363993,0.028787006,3.060055024,0,0.400000000
194.399333477,19968,3178,0,11585,8383,16786,463,96,97,67,30,8403,8383,256,207,1.634133369,1.980469338,24.526088423,77.068772524,15.346288681,6,1.000000000,nan,nan,0.000000000,8.088195988,4.123929015,0.027541944,0.052160991,4.387794994,0,0.400000000
194.498995066,20064,3041,0,11858,8206,16786,463,93,96,65,31,8403,8383,256,207,1.634133369,1.980469338,24.609896625,68.193296397,nan,nan,nan,nan,nan,0.000000000,3.442535002,2.276509942,0.015843078,0.024300010,2.424341976,0,0.400000000
194.598863363,19968,3149,0,11596,8372,16815,446,88,89,61,28,8443,8372,241,205,1.642424142,1.984570307,21.038670070,62.781376090,4.869461060,2,0.000000000,nan,nan,0.000000000,3.737933992,1.793642936,0.013020937,0.026595022,1.931195962,0,0.400000000
194.699052334,20064,3046,0,11842,8222,16815,446,92,90,62,28,8443,8372,241,205,1.642424142,1.984570307,20.704721030,63.031337332,nan,nan,nan,nan,nan,0.000000000,4.082727013,2.877835010,0.019684026,0.030598021,3.059335984,0,0.400000000
194.799737930,19968,3171,0,11607,8361,16793,462,93,91,56,35,8435,8358,257,205,1.617666858,1.969700584,21.931524488,66.499632295,54.034471512,4,1.000000000,nan,nan,0.000000000,4.881030007,2.578788961,0.018518069,0.047952984,2.764435019,0,0.400000000
194.898893356,20064,3018,0,11650,8414,17042,465,87,88,51,37,8632,8410,261,204,1.613041005,2.028896381,22.490956463,53.970450374,nan,1,nan,nan,nan,0.000000000,6.729136978,3.472508979,0.022378925,0.048264978,3.697709006,0,0.400000000
195.001971722,19968,3295,0,11724,8244,17042,465,91,93,57,36,8632,8410,261,204,1.613041005,2.028896381,22.362876610,59.105962192,nan,nan,nan,nan,nan,0.000000000,2.834503015,1.803567051,0.011698052,0.020665000,1.929111022,0,0.400000000
195.099424362,19968,3079,0,11596,8372,16885,456,85,83,58,25,8516,8369,262,194,1.723949239,1.932652357,21.052277978,58.022877512,5.497932434,3,0.000000000,nan,nan,0.000000000,7.456035004,3.039136995,0.019271101,0.043424021,3.240688005,0,0.400000000
195.299496889,19776,3071,0,11468,8308,16701,441,77,84,61,23,8393,8308,259,182,1.763239594,1.950716670,19.911769742,56.354689671,5.525588989,3,0.000000000,nan,nan,0.000000000,4.031452991,2.138732991,0.013643003,0.040643034,2.288863005,0,0.400000000
195.398903370,20160,3167,0,11930,8230,16701,441,84,81,64,17,8393,8308,259,182,1.763239594,1.950716670,18.045322198,62.999192107,nan,nan,nan,nan,nan,0.000000000,4.713948001,3.163806978,0.020437932,0.060260005,3.381712013,0,0.400000000
195.498952150,19968,3001,0,11581,8387,16701,441,84,87,66,21,8393,8308,259,182,1.763239594,1.950716670,21.674559767,68.057030510,nan,nan,nan,nan,nan,0.000000000,2.206030011,1.436807972,0.009300013,0.024865032,1.537640986,0,0.400000000
195.598940849,20064,3055,0,11773,8291,17005,444,85,84,66,18,8714,8291,255,189,1.738928425,1.930841774,21.867251838,87.137112039,nan,1,nan,nan,nan,0.000000000,3.296288021,1.458194922,0.009707932,0.036468962,1.570530992,0,0.400000000
195.699318886,19968,2977,0,11488,8480,17005,444,79,79,63,16,8714,8291,255,189,1.738928425,1.930841774,19.728032426,68.676011648,nan,nan,nan,nan,nan,0.000000000,2.046471986,1.363680989,0.008733885,0.024979992,1.462508983,0,0.400000000
195.798856974,19488,2958,0,11183,8305,17005,444,80,80,63,17,8714,8291,255,189,1.738928425,1.930841774,19.065731388,66.854477150,nan,nan,nan,nan,nan,0.000000000,4.651644966,3.310839995,0.022480031,0.051469018,3.548051987,0,0.400000000
195.901812077,20544,3064,0,11822,8722,17005,444,80,82,63,19,8714,8291,255,189,1.738928425,1.930841774,20.489166483,68.859487584,nan,nan,nan,nan,nan,0.000000000,3.701312002,2.383547078,0.018324063,0.073362957,2.607561997,0,0.400000000
195.998974323,20064,2681,0,11408,8656,17379,452,73,83,63,20,8726,8653,259,193,1.727726811,1.834590649,24.184256728,68.929006140,60.085296631,9,1.000000000,nan,nan,0.000000000,3.538488003,1.534443058,0.008893025,0.037134974,1.637281966,0,0.400000000
196.099268436,19872,2542,0,11203,8669,17326,451,87,89,64,25,8657,8669,255,196,1.742374815,1.720486878,24.013286200,72.992404293,34.301042557,3,1.000000000,nan,nan,0.000000000,2.970168018,1.410488971,0.009902054,0.027734961,1.517811965,0,0.400000000
196.201451540,19488,2087,0,10779,8709,17397,444,88,90,62,28,8688,8709,246,198,1.728448869,1.428126734,24.869997448,81.972301535,69.743633270,7,1.000000000,nan,nan,0.000000000,6.471825996,3.260866040,0.022460939,0.052964955,3.490258998,0,0.400000000
196.299437523,19872,2834,0,11448,8424,17397,444,91,92,63,29,8688,8709,246,198,1.728448869,1.428126734,20.528984749,89.710459841,nan,nan,nan,nan,nan,0.000000000,2.572008991,1.667400997,0.011605036,0.020025996,1.785385015,0,0.400000000
196.399029016,20064,2922,0,11238,8826,17138,436,79,86,62,24,8312,8826,240,196,1.781895642,1.454120238,20.184143396,74.642501293,nan,1,nan,nan,nan,0.000000000,5.737816973,2.494430053,0.016731035,0.032143027,2.674802963,0,0.400000000
196.499066114,19968,2836,0,11372,8596,17128,435,76,77,54,23,8536,8592,240,195,1.710991112,1.803201784,20.898130440,53.898047929,nan,1,nan,nan,nan,0.000000000,7.757229032,4.075278935,0.026022026,0.023611006,4.365121014,0,0.400000000
196.600827217,20064,2869,0,11157,8907,17128,435,74,73,52,21,8536,8592,240,195,1.710991112,1.803201784,18.886246371,55.084236476,nan,nan,nan,nan,nan,0.000000000,9.574386000,6.506584003,0.038452970,0.087730004,6.949917995,0,0.400000000
196.699169636,19968,2789,0,11260,8708,17128,435,75,77,54,23,8536,8592,240,195,1.710991112,1.803201784,18.965842964,55.910395726,nan,nan,nan,nan,nan,0.000000000,6.255517015,3.931092098,0.022176013,0.049451017,4.187230021,0,0.400000000
196.798993587,19968,2813,0,11113,8855,17151,434,67,71,55,16,8300,8851,235,199,1.748018155,1.457736947,16.105090497,42.131801057,5.332946777,2,0.000000000,nan,nan,0.000000000,3.095592023,1.625996956,0.010065967,0.045826018,1.749942021,0,0.400000000
196.898966312,19872,2768,0,11151,8721,17151,434,71,70,53,17,8300,8851,235,199,1.748018155,1.457736947,15.276597141,53.018049895,nan,nan,nan,nan,nan,0.000000000,6.871119025,4.505550081,0.026540016,0.071299030,4.803018004,0,0.400000000
196.998879194,19872,2800,0,11083,8789,17068,437,70,76,61,15,8283,8785,244,193,1.760233554,1.519496306,18.408060009,65.425395839,6.479740143,2,0.000000000,nan,nan,0.000000000,6.921100023,3.411744954,0.019658939,0.089611043,3.668489051,0,0.400000000
197.099721670,19968,2776,0,11105,8863,17188,436,77,75,51,24,8329,8859,251,185,1.722310701,1.492968569,19.813310206,68.555917282,10.141849518,2,0.000000000,nan,nan,0.000000000,5.109929014,2.281362948,0.013306038,0.037626014,2.429503016,0,0.400000000
197.199017048,20064,2833,0,11256,8808,17227,437,81,73,52,21,8423,8804,249,188,1.703747678,1.538651567,16.649427067,64.750064712,nan,1,nan,nan,nan,0.000000000,3.096258966,1.426485018,0.010040996,0.027693983,1.535355987,0,0.400000000
197.299411058,19968,2867,0,11183,8785,17227,437,78,77,54,23,8423,8804,249,188,1.703747678,1.538651567,18.313271904,72.145024114,nan,nan,nan,nan,nan,0.000000000,3.208832000,2.216128982,0.014916935,0.027112023,2.380874008,0,0.400000000
197.403208494,19968,2806,0,11230,8738,17158,440,80,75,55,20,8423,8735,250,190,1.695188487,1.547399754,16.595701016,69.483533189,14.171838760,12,0.000000000,nan,nan,0.000000000,7.989806007,3.268442990,0.019438972,0.053902972,3.486753965,0,0.400000000
197.498893738,20064,2820,0,11260,8804,17240,440,80,78,53,25,8436,8804,248,192,1.766463091,1.503602896,16.026253803,90.497590874,nan,1,nan,nan,nan,0.000000000,7.970602950,3.567660984,0.022920896,0.059031008,3.814216994,0,0.400000000
197.599496841,19968,2773,0,11297,8671,17240,440,77,78,53,25,8436,8804,248,192,1.766463091,1.503602896,16.878084545,86.449217864,nan,nan,nan,nan,nan,0.000000000,3.146809991,1.985196024,0.011925993,0.019021973,2.118106000,0,0.400000000
197.698938131,19968,2857,0,11047,8921,17107,465,73,77,51,26,8195,8912,256,209,1.771145966,1.534468778,15.813595776,68.174352353,50.026178360,4,1.000000000,nan,nan,0.000000000,9.298218007,4.575237050,0.024202978,0.052628980,4.851503007,0,0.400000000
197.798811197,19968,2804,0,11318,8650,17160,470,81,81,58,23,8524,8636,265,205,1.703235015,1.628240484,21.079867773,75.114113469,4.094123840,2,0.000000000,nan,nan,0.000000000,3.502278007,1.920666953,0.012180128,0.047675974,2.052176977,0,0.400000000
197.899090528,20064,2820,0,11020,9044,17240,474,76,81,55,26,8213,9027,261,213,1.793903340,1.567305364,20.817339385,84.423206555,34.531116486,4,1.000000000,nan,nan,0.000000000,4.864083021,2.615311940,0.015288999,0.051442010,2.786827972,0,0.400000000
197.999400139,19584,2818,0,11346,8238,16762,487,90,97,66,31,8547,8215,280,207,1.721076983,1.543342421,26.430597569,134.360399522,nan,1,nan,nan,nan,0.000000000,3.591450979,1.985025068,0.013822981,0.034816039,2.123855986,0,0.400000000
198.100342274,20064,2711,0,10992,9072,16762,487,96,96,65,31,8547,8215,280,207,1.721076983,1.543342421,26.925851444,109.205319950,nan,nan,nan,nan,nan,0.000000000,5.874761031,4.206018988,0.027692062,0.046660949,4.478753021,0,0.400000000
198.199876547,20544,2885,0,11721,8823,16762,487,97,95,65,30,8547,8215,280,207,1.721076983,1.543342421,28.127011934,109.716034087,nan,nan,nan,nan,nan,0.000000000,3.039557021,1.996234991,0.013792072,0.024200999,2.127055952,0,0.400000000
198.299899101,19872,2768,0,11089,8783,17100,504,83,91,66,25,8431,8669,285,219,1.835289882,1.641903752,24.974357013,116.356054928,5.674839020,4,0.000000000,nan,nan,0.000000000,4.107087036,1.887856983,0.010974065,0.025963003,2.009659947,0,0.400000000
198.398885727,20064,2730,0,11394,8670,17100,504,88,90,62,28,8431,8669,285,219,1.835289882,1.641903752,19.256170914,118.224245912,nan,nan,nan,nan,nan,0.000000000,2.486871032,1.638220972,0.011125987,0.024534005,1.754006022,0,0.400000000
198.498938560,19968,2780,0,11120,8848,17184,524,96,101,69,32,8499,8685,302,222,1.847696084,1.674785017,23.606954476,160.284486480,nan,1,nan,nan,nan,0.000000000,3.595860966,1.715352933,0.012285076,0.030860014,1.820773992,0,0.400000000
198.598836660,20064,2842,0,11241,8823,17184,524,92,93,70,23,8499,8685,302,222,1.847696084,1.674785017,20.226461722,137.519820804,nan,nan,nan,nan,nan,0.000000000,3.353488981,2.380762948,0.015357044,0.031806005,2.534281986,0,0.400000000
198.700578213,20064,2964,0,11192,8872,17096,543,106,112,81,31,8400,8696,319,224,1.928508076,1.681393912,25.451217036,123.946999429,39.930582047,8,1.000000000,nan,nan,0.000000000,7.049847976,3.255174088,0.019539963,0.034264987,3.430371988,0,0.400000000
198.798923969,20064,3137,0,11414,8650,16923,554,110,108,81,27,8426,8497,330,224,1.985943623,1.689844928,26.413177217,108.075173093,5.938053131,6,0.000000000,nan,nan,0.000000000,3.355912981,1.734331017,0.011923083,0.029760005,1.841720019,0,0.400000000
198.898862123,20064,3189,0,11374,8690,16871,575,94,102,84,18,8354,8517,351,224,1.999232475,1.746323604,18.188731321,89.386628080,10.325431824,9,0.000000000,nan,nan,0.000000000,5.496844999,3.187880968,0.019437983,0.053186959,3.382408002,0,0.400000000
198.998885870,20352,3333,0,11501,8851,16871,575,104,102,84,18,8354,8517,351,224,1.999232475,1.746323604,20.319910554,85.983762845,nan,nan,nan,nan,nan,0.000000000,9.171808022,6.851892045,0.040355022,0.061367988,7.224073983,0,0.400000000
199.099900961,19968,3345,0,11233,8735,16619,618,137,119,96,23,8045,8574,379,239,1.992166907,1.883261010,18.439323287,94.859807721,5.704641342,2,0.000000000,nan,nan,0.000000000,6.195118011,3.510299895,0.025110901,0.072680006,3.717772022,0,0.400000000
199.198946238,20064,3443,0,11127,8937,16617,637,132,130,104,26,7833,8784,383,254,1.966146972,2.252062733,22.645173683,117.413201773,nan,1,nan,nan,nan,0.000000000,4.096267978,2.527526987,0.018720049,0.047150999,2.678343968,0,0.400000000
199.298902988,19968,3477,0,11225,8743,16487,667,127,127,91,36,7883,8604,401,266,1.711047023,2.551775505,24.662994773,122.343680490,nan,1,nan,nan,nan,0.000000000,8.096671954,2.251707949,0.014218036,0.038232014,2.375172975,0,0.400000000
199.398815155,20256,3550,0,11250,9006,16487,667,137,136,96,40,7883,8604,401,266,1.711047023,2.551775505,27.090810908,124.630328464,nan,nan,nan,nan,nan,0.000000000,3.358393966,2.294342965,0.015793077,0.036040961,2.422359015,0,0.400000000
199.499440193,19776,3677,0,11108,8668,16487,667,139,138,96,42,7883,8604,401,266,1.711047023,2.551775505,28.712425757,125.550536402,nan,nan,nan,nan,nan,0.000000000,2.994901035,2.174435940,0.016432023,0.045502966,2.302655019,0,0.400000000
199.598908186,20160,3821,0,11206,8954,16335,640,97,115,80,35,7529,8806,375,265,1.666188806,2.406127042,26.402263244,94.904315189,4.304170609,2,0.000000000,nan,nan,0.000000000,3.580445016,1.972615952,0.011792989,0.035545963,2.083058003,0,0.400000000
199.699053526,19872,4024,0,11279,8593,16335,640,122,122,83,39,7529,8806,375,265,1.666188806,2.406127042,25.721431160,104.895328091,nan,nan,nan,nan,nan,0.000000000,3.612788976,2.695069008,0.019282103,0.036093988,2.856361971,0,0.400000000
199.801639080,20064,4027,0,11057,9007,16033,634,130,122,81,41,7169,8864,360,274,1.672906472,2.642559390,21.830503341,113.809520300,24.591207504,3,1.000000000,nan,nan,0.000000000,7.955901034,4.346096946,0.034212077,0.045720022,4.608705989,0,0.400000000
199.898908138,19296,4154,0,10869,8427,15138,635,112,123,88,35,6851,8287,360,275,1.538333213,2.693052806,19.521716505,109.347350145,5.721330643,2,0.000000000,nan,nan,0.000000000,3.999941982,2.147152030,0.013215933,0.037421007,2.261834976,0,0.400000000
199.999894857,20736,4370,0,11552,9184,16362,668,142,142,92,50,7314,9048,387,281,1.718878696,2.725211697,25.610517807,115.915235689,5.107879639,2,0.000000000,nan,nan,0.000000000,8.558242000,3.793620039,0.024679990,0.036985963,3.984541981,0,0.400000000
200.098984718,19968,4575,0,11300,8668,15389,658,135,144,98,46,6842,8547,379,279,1.666963676,2.717854704,22.984693099,115.842651838,55.638551712,6,1.000000000,nan,nan,0.000000000,8.814497967,5.374814908,0.036127982,0.048036047,5.695418979,0,0.400000000
200.198888540,20064,4835,0,11275,8789,15389,658,146,146,101,45,6842,8547,379,279,1.666963676,2.717854704,25.674369011,112.659373216,nan,nan,nan,nan,nan,0.000000000,4.522531002,3.575876995,0.024974986,0.035397010,3.797369020,0,0.400000000
200.299029827,20160,5051,0,11564,8596,15105,653,130,133,90,43,6593,8512,374,279,1.924795276,2.785968294,22.323966188,94.661738736,nan,1,nan,nan,nan,0.000000000,5.761887005,3.028641921,0.021704996,0.069089001,3.208431008,0,0.400000000
200.399408817,19776,5077,0,11043,8733,15105,653,139,141,91,50,6593,8512,374,279,1.924795276,2.785968294,25.301465455,99.666961427,nan,nan,nan,nan,nan,0.000000000,2.701379999,1.971655991,0.015016063,0.026253983,2.088723995,0,0.400000000
200.498871803,19968,5383,0,11324,8644,14581,670,133,137,78,59,5991,8590,370,300,1.859815614,2.856147589,23.492000427,117.637987060,39.302110672,7,1.000000000,nan,nan,0.000000000,3.822277999,2.370944014,0.017045008,0.040205021,2.510380989,0,0.400000000
200.599040508,20256,5612,0,11378,8878,14640,688,151,152,90,62,5805,8835,390,298,1.860800362,2.835037073,31.179672629,114.764243252,nan,1,nan,nan,nan,0.000000000,5.939432012,3.261036007,0.024343957,0.055544020,3.441879991,0,0.400000000
200.699805021,19872,5598,0,11096,8776,14270,676,145,150,89,61,5534,8736,380,296,1.773222195,2.901669864,29.157621877,96.061567578,5.440473557,2,0.000000000,nan,nan,0.000000000,5.269405956,3.424991970,0.028378039,0.074479962,3.657364985,0,0.400000000
200.799237728,19872,5737,0,11198,8674,14131,719,142,148,86,62,5508,8623,391,328,1.746008615,2.913786993,30.171545127,105.276574026,5.403280258,2,0.000000000,nan,nan,0.000000000,9.492151032,5.287648877,0.033152057,0.075290969,5.542336963,0,0.400000000
200.898901939,20064,5669,0,11131,8933,14391,720,147,158,98,60,5564,8827,402,318,1.790872585,2.912419120,31.113636270,111.876390690,59.928894043,8,1.000000000,nan,nan,0.000000000,7.436187996,3.974645049,0.027192000,0.062956999,4.177139024,0,0.400000000
200.998927832,20160,5959,0,11493,8667,14197,754,151,149,88,61,5731,8466,435,319,1.721119693,2.924013627,34.163198560,104.791037523,nan,1,nan,nan,nan,0.000000000,14.106781047,8.342505957,0.048649963,0.080990023,8.702147985,0,0.400000000
201.099338293,19872,5665,0,11333,8539,14197,754,149,155,95,60,5731,8466,435,319,1.721119693,2.924013627,34.538091903,102.595155195,nan,nan,nan,nan,nan,0.000000000,4.825268988,3.506525012,0.022468099,0.038056984,3.681425005,0,0.400000000
201.198987484,20064,5950,0,11557,8507,14197,754,158,161,99,62,5731,8466,435,319,1.721119693,2.924013627,36.380989659,113.907153506,nan,nan,nan,nan,nan,0.000000000,3.001920995,2.287356008,0.017342973,0.027585018,2.409071021,0,0.400000000
201.299495697,19296,5717,0,11365,7931,13575,688,154,138,86,52,5921,7654,415,273,1.857896390,2.960908562,22.722310180,95.018465412,nan,1,nan,nan,nan,0.000000000,8.730250993,5.411182006,0.039100007,0.052115007,5.689641985,0,0.400000000
201.398125172,20256,6293,0,11736,8520,13959,693,142,143,89,54,5788,8171,419,274,2.119293559,2.876320786,27.292413352,90.385863796,19.689083099,3,1.000000000,nan,nan,0.000000000,7.356880989,3.918788047,0.027106027,0.027819013,4.121067992,0,0.400000000
201.499042988,20448,6719,0,12457,7991,13725,700,154,148,96,52,6045,7680,432,268,2.060014780,2.949776916,25.148272146,114.254682969,nan,1,nan,nan,nan,0.000000000,5.990653008,3.899912001,0.032261072,0.069741975,4.138156015,0,0.400000000
201.599801302,19872,6489,0,11875,7997,13379,698,148,151,97,54,5697,7682,427,271,2.372358787,2.901916517,27.583256539,94.900092473,23.410081863,8,1.000000000,nan,nan,0.000000000,3.449691983,2.162691031,0.016327889,0.039851002,2.287283016,0,0.400000000
201.699379444,20064,6961,0,12362,7702,13099,719,149,152,98,54,5747,7352,441,278,2.417392172,2.932977617,24.363215419,120.732172449,49.906969070,2,1.000000000,nan,nan,0.000000000,5.737714004,3.460648877,0.022001972,0.042148982,3.625619982,0,0.400000000
201.798904419,19968,6819,0,12117,7851,13145,682,145,143,97,46,5643,7502,417,265,2.507557538,2.886934913,21.505317602,99.457251109,4.914760590,2,0.000000000,nan,nan,0.000000000,4.674447991,3.090354032,0.023676024,0.058232981,3.270147019,0,0.400000000
201.898818016,20064,7109,0,12371,7693,12951,705,143,135,90,45,5653,7298,447,258,2.570310385,2.901059447,22.977667906,99.629473608,39.939641953,3,1.000000000,nan,nan,0.000000000,3.474620054,2.198839968,0.015388010,0.037941034,2.315249003,0,0.400000000
201.999429464,20064,7036,0,12286,7778,13024,694,134,133,86,47,5595,7429,439,255,2.638467688,2.832930754,24.187939160,116.442658557,70.306539536,4,1.000000000,nan,nan,0.000000000,3.939216956,2.372162999,0.015218975,0.032760028,2.493502980,0,0.400000000
202.099378824,19776,7205,0,12410,7366,13024,694,127,126,82,44,5595,7429,439,255,2.638467688,2.832930754,23.203676909,98.130328822,nan,nan,nan,nan,nan,0.000000000,3.744708025,2.904355002,0.019825995,0.064126973,3.072349005,0,0.400000000
202.201576471,20064,7223,0,12446,7618,13024,694,130,132,86,46,5595,7429,439,255,2.638467688,2.832930754,25.526369778,100.007329011,nan,nan,nan,nan,nan,0.000000000,7.565613021,5.924585916,0.038835977,0.064906955,6.225396006,0,0.400000000
202.298781395,19968,7316,0,12478,7490,12648,713,137,137,93,44,5557,7091,453,260,2.721209417,2.771691655,24.467739527,107.814342795,nan,1,nan,nan,nan,0.000000000,5.233937991,3.107670986,0.019263010,0.047123001,3.263071005,0,0.400000000
202.401568174,20064,7472,0,12698,7366,12648,713,134,132,86,46,5557,7091,453,260,2.721209417,2.771691655,23.719115020,108.058352091,nan,nan,nan,nan,nan,0.000000000,2.820148016,2.170307969,0.014221005,0.030600000,2.284384973,0,0.400000000
202.498817444,19968,7356,0,12586,7382,12648,713,133,134,88,46,5557,7091,453,260,2.721209417,2.771691655,24.140444605,109.459306496,nan,nan,nan,nan,nan,0.000000000,3.953714971,3.152116085,0.016830047,0.055356999,3.287553962,0,0.400000000
202.598753452,19968,7476,0,12772,7196,12488,726,134,139,101,38,5672,6816,479,247,2.830370901,2.716322909,28.591489612,95.348452219,5.617141724,2,0.000000000,nan,nan,0.000000000,8.471346984,6.027800962,0.040359038,0.121367979,6.346316950,0,0.400000000
202.701126099,20064,7548,0,12840,7224,12488,726,151,151,105,46,5672,6816,479,247,2.830370901,2.716322909,30.956488408,105.922835203,nan,nan,nan,nan,nan,0.000000000,5.202736997,3.912127984,0.025212998,0.048342976,4.102425999,0,0.400000000
202.798887491,20064,7686,0,12999,7065,12488,726,152,154,107,47,5672,6816,479,247,2.830370901,2.716322909,32.675954504,103.454727598,nan,nan,nan,nan,nan,0.000000000,3.251012007,2.572061960,0.014394987,0.023638015,2.681521990,0,0.400000000
202.902358294,19872,7493,0,12786,7086,12375,738,171,156,118,38,5746,6629,496,242,2.851560377,2.317186654,29.126878526,134.567822612,nan,1,nan,nan,nan,0.000000000,8.428028028,6.030614080,0.047064968,0.109989021,6.362622022,0,0.400000000
202.998731852,20064,7559,0,13036,7028,12501,738,162,146,103,43,5967,6534,502,236,2.798374033,2.625643373,26.004745204,132.687272367,63.853263855,5,1.000000000,nan,nan,0.000000000,6.442972983,4.389626964,0.034218945,0.065072032,4.659194965,0,0.400000000
203.098869324,20160,7602,0,12950,7210,12554,747,171,162,127,35,5898,6656,516,231,2.872421508,1.960194017,29.950727437,149.692815586,19.887208939,4,1.000000000,nan,nan,0.000000000,5.251592025,3.670400125,0.032158976,0.078645011,3.893955029,0,0.400000000
203.199273825,19776,7594,0,13069,6707,12178,746,137,138,100,38,6094,6084,516,230,2.829160092,2.238146480,29.169159219,135.618840685,nan,1,nan,nan,nan,0.000000000,5.138876964,3.456509090,0.018029008,0.049474998,3.608555009,0,0.400000000
203.298828125,20256,7708,0,13301,6955,12544,741,150,152,114,38,6255,6289,510,231,2.886798360,1.882566284,26.018288550,131.154174983,19.896507263,3,1.000000000,nan,nan,0.000000000,4.000564048,2.492043015,0.017446000,0.035513018,2.624535991,0,0.400000000
203.399572849,19968,7521,0,13194,6774,12544,741,160,159,119,40,6255,6289,510,231,2.886798360,1.882566284,27.970148393,144.814333176,nan,nan,nan,nan,nan,0.000000000,4.519570968,3.600896045,0.028999115,0.056051998,3.811308998,0,0.400000000
203.499253750,19968,7523,0,13146,6822,12544,741,158,157,118,39,6255,6289,510,231,2.886798360,1.882566284,27.966691747,147.531937268,nan,nan,nan,nan,nan,0.000000000,7.902170997,6.228181941,0.035339035,0.029445975,6.487651030,0,0.400000000
203.599490404,19872,7415,0,13121,6751,12453,753,154,154,116,38,6543,5910,533,220,2.801583853,1.766853596,32.252523495,127.836957083,5.780696869,3,0.000000000,nan,nan,0.000000000,3.848603985,2.445516060,0.019934028,0.036882004,2.585111011,0,0.400000000
203.698838711,20160,7677,0,13439,6721,12479,763,149,163,128,35,6611,5868,547,216,2.845388153,1.642318262,29.630721116,131.005760962,4.700899124,2,0.000000000,nan,nan,0.000000000,7.927152968,5.410536949,0.039405888,0.044544984,5.681535986,0,0.400000000
203.799220085,19968,7320,0,13199,6769,12644,765,148,149,112,37,6780,5864,549,216,2.799785450,1.662255336,27.874891406,149.671721281,5.370616913,4,0.000000000,nan,nan,0.000000000,5.489767995,3.836683987,0.027324015,0.055600016,4.033531004,0,0.400000000
203.899361134,19872,7280,0,13279,6593,12588,758,171,168,129,39,6910,5678,542,216,2.840736707,1.594278987,30.235196690,149.733102653,4.962682724,2,0.000000000,nan,nan,0.000000000,6.824757031,4.225361976,0.029104005,0.064360036,4.437052005,0,0.400000000
203.998918056,19680,7079,0,13151,6529,12588,758,168,166,126,40,6910,5678,542,216,2.840736707,1.594278987,30.957837597,142.361134400,nan,nan,nan,nan,nan,0.000000000,5.449332995,4.412794020,0.034536992,0.064711960,4.656291974,0,0.400000000
204.099113464,20448,7200,0,13481,6967,12588,758,166,167,127,40,6910,5678,542,216,2.840736707,1.594278987,31.634222897,142.587666642,nan,nan,nan,nan,nan,0.000000000,3.216320009,2.444063022,0.017921964,0.028320996,2.569763979,0,0.400000000
204.200009584,19968,6910,0,13231,6737,13054,794,182,167,132,35,7196,5858,564,230,2.795325452,1.695671656,24.366295510,158.347742630,55.931806564,6,1.000000000,nan,nan,0.000000000,4.597593041,2.786130994,0.019888976,0.037060992,2.922233019,0,0.400000000
204.299039841,20064,6736,0,13453,6611,13324,825,178,178,132,46,7558,5766,586,239,2.802189000,1.918521432,36.450118195,167.986284133,14.783382416,3,0.000000000,nan,nan,0.000000000,10.365852038,5.840191094,0.040934014,0.065195025,6.114638003,0,0.400000000
204.399259329,19968,6584,0,13121,6847,13380,823,163,162,127,35,7352,6028,580,243,2.767059746,1.805797269,27.789627886,134.935143948,6.051778793,9,0.000000000,nan,nan,0.000000000,6.218362018,4.204394994,0.028190960,0.086607994,4.404206004,0,0.400000000
204.499568462,19872,6370,0,13132,6740,13380,823,170,160,124,36,7352,6028,580,243,2.767059746,1.805797269,26.291763931,138.522589147,nan,nan,nan,nan,nan,0.000000000,5.933395005,4.767621052,0.034294964,0.077361008,5.003475002,0,0.400000000
204.599027395,20160,6427,0,13136,7024,13729,794,175,164,124,40,7470,6259,547,247,2.766555943,1.953433872,28.750772726,168.129701971,29.696702957,3,1.000000000,nan,nan,0.000000000,6.253793952,3.806838999,0.026129943,0.041303982,3.987342992,0,0.400000000
204.699373245,19776,5864,0,12957,6819,13729,794,170,170,127,43,7470,6259,547,247,2.766555943,1.953433872,28.194768220,171.725284741,nan,nan,nan,nan,nan,0.000000000,6.104952015,4.952764080,0.039847044,0.080941012,5.229820032,0,0.400000000
204.800633907,20064,5922,0,12858,7206,14138,800,154,158,122,36,7617,6521,533,267,2.727012290,1.967028680,25.732407726,181.731104348,31.847715378,8,1.000000000,nan,nan,0.000000000,3.951373976,2.460959950,0.016930047,0.040099025,2.586880000,0,0.400000000
204.898807049,19968,5558,0,12882,7086,14406,816,140,153,113,40,7928,6478,543,273,2.665113584,2.139112246,23.606832768,150.813826295,nan,1,nan,nan,nan,0.000000000,9.016569005,4.656599951,0.015759084,0.033785996,4.776541027,0,0.400000000
205.000559568,20160,5473,0,12781,7379,14406,816,150,152,110,42,7928,6478,543,273,2.665113584,2.139112246,23.686739969,136.367301308,nan,nan,nan,nan,nan,0.000000000,3.894744033,3.047819948,0.018588966,0.041830004,3.186213027,0,0.400000000
205.099706173,19872,5278,0,12784,7088,14406,816,152,151,110,41,7928,6478,543,273,2.665113584,2.139112246,23.984632713,140.634961798,nan,nan,nan,nan,nan,0.000000000,3.951131017,3.030338965,0.021071988,0.061416999,3.190018993,0,0.400000000
205.198879480,19584,5181,0,12703,6881,14406,816,151,152,110,42,7928,6478,543,273,2.665113584,2.139112246,24.761126034,141.882548164,nan,nan,nan,nan,nan,0.000000000,7.862032973,6.077023048,0.036391895,0.040601997,6.355174002,0,0.400000000
205.300734997,20544,5196,0,13023,7521,15344,830,163,167,125,42,8393,6951,550,280,2.666068741,2.060268170,30.622693387,163.866988166,90.062618256,3,1.000000000,nan,nan,0.000000000,4.299606953,2.752620901,0.019497937,0.048444956,2.892894961,0,0.400000000
205.399372101,19776,5031,0,12634,7142,15344,830,155,156,114,42,8393,6951,550,280,2.666068741,2.060268170,27.404181250,154.527675646,nan,nan,nan,nan,nan,0.000000000,8.093385026,6.349945033,0.033958931,0.043075997,6.603955990,0,0.400000000
205.500608683,20064,4960,0,12823,7241,15100,798,151,149,114,35,8437,6663,531,267,2.630382817,2.059881057,25.583894706,153.177914614,nan,1,nan,nan,nan,0.000000000,4.859437991,2.902715991,0.018488034,0.042488973,3.036792972,0,0.400000000
205.598944426,20064,4854,0,12929,7135,15206,790,138,136,99,37,8584,6622,516,274,2.580834190,2.024300735,25.307439163,136.127746160,5.462646484,2,0.000000000,nan,nan,0.000000000,4.305340000,2.706457046,0.016724982,0.045868044,2.844678005,0,0.400000000
205.699213505,19776,4731,0,12490,7286,15041,801,164,168,128,40,8263,6778,531,270,2.624886273,2.043211881,28.001925180,189.793278458,11.032819748,3,0.000000000,nan,nan,0.000000000,7.450499979,4.978228069,0.034158933,0.067810994,5.227955000,0,0.400000000
205.799105883,20256,4731,0,12984,7272,15521,789,144,130,98,32,8753,6768,517,272,2.553100304,1.987017964,26.155711096,136.101362872,3.058671951,2,0.000000000,nan,nan,0.000000000,8.477799012,5.149105971,0.015517988,0.037581020,5.270509981,0,0.400000000
205.899002075,19968,4497,0,12478,7490,15467,806,162,165,127,38,8385,7082,529,277,2.641522402,1.910430463,26.777104756,188.278182269,5.746603012,2,0.000000000,nan,nan,0.000000000,5.506039015,3.680503985,0.028172915,0.080680009,3.880406031,0,0.400000000
206.000546217,19872,4015,0,12390,7482,15853,797,146,130,99,31,8780,7073,518,279,2.562551451,1.874315866,21.379992549,147.968591145,2.144098282,2,0.000000000,nan,nan,0.000000000,4.610668984,3.002663027,0.019740954,0.051672978,3.159225977,0,0.400000000
206.098926067,20160,4071,0,12506,7654,16085,810,163,158,118,40,8742,7343,528,282,2.581489819,1.776103932,21.847382366,184.944324643,5.574464798,2,0.000000000,nan,nan,0.000000000,5.501477048,3.596427036,0.024208042,0.060791965,3.780469997,0,0.400000000
206.198856831,20064,3855,0,12314,7750,16205,820,143,149,112,37,8789,7416,540,280,2.543844673,1.664810706,25.113332070,134.565561047,10.157823563,3,0.000000000,nan,nan,0.000000000,5.899065989,3.282990016,0.020179024,0.040529005,3.434213984,0,0.400000000
206.300683737,19680,3606,0,12046,7634,16070,829,164,164,123,41,8696,7374,536,293,2.589876195,1.584266917,23.793637771,200.554216491,nan,1,nan,nan,nan,0.000000000,4.306507995,2.727464016,0.019487983,0.055045995,2.870381984,0,0.400000000
206.399049520,20064,3934,0,12111,7953,16070,829,163,167,124,43,8696,7374,536,293,2.589876195,1.584266917,23.739309973,203.127904326,nan,nan,nan,nan,nan,0.000000000,6.809238985,5.266258086,0.028717972,0.035604986,5.472114019,0,0.400000000
206.499258995,19872,3836,0,12227,7645,16070,829,168,168,125,43,8696,7374,536,293,2.589876195,1.584266917,23.961975683,206.535196139,nan,nan,nan,nan,nan,0.000000000,3.380573995,2.515294997,0.013695972,0.040171959,2.617480000,0,0.400000000
206.598818302,19968,3845,0,12213,7755,16119,844,184,181,134,47,8536,7583,577,267,2.623326144,1.317683192,28.343914502,180.023620633,71.983098984,4,1.000000000,nan,nan,0.000000000,4.757347982,3.202129039,0.025901012,0.076024968,3.370922001,0,0.400000000
206.699537754,19968,3758,0,12298,7670,16206,820,174,185,132,53,8701,7505,565,255,2.618479147,1.321977670,33.112672894,190.932152815,29.951572418,4,1.000000000,nan,nan,0.000000000,4.470828979,2.641994972,0.019236060,0.037857972,2.772626991,0,0.400000000
206.798812628,19968,3653,0,12167,7801,16311,796,162,161,119,42,8616,7695,553,243,2.615265330,1.310133170,26.269801669,176.168341529,10.002136230,4,0.000000000,nan,nan,0.000000000,5.583030987,3.232262039,0.021975953,0.038297032,3.385816002,0,0.400000000
206.898815155,19968,3592,0,12140,7828,16372,801,168,160,120,40,8636,7736,555,246,2.610085375,1.313573729,26.048120101,170.569983431,70.059299469,5,1.000000000,nan,nan,0.000000000,5.967781006,3.945803968,0.031029980,0.098602963,4.166528000,0,0.400000000
207.001008987,19872,3438,0,11941,7931,16430,785,151,160,123,37,8551,7879,528,257,2.589997213,1.307153766,24.249196106,196.862055800,2.290487289,2,0.000000000,nan,nan,0.000000000,8.240559953,4.268292047,0.025729998,0.042230007,4.463874036,0,0.400000000
207.098659754,19968,3405,0,11976,7992,16430,785,156,160,122,38,8551,7879,528,257,2.589997213,1.307153766,25.312161951,192.920985113,nan,nan,nan,nan,nan,0.000000000,3.288429987,2.458318893,0.018050079,0.040501996,2.586963994,0,0.400000000
207.198913097,20256,3299,0,12140,8116,16430,785,158,156,120,36,8551,7879,528,257,2.589997213,1.307153766,25.820509497,184.480919647,nan,nan,nan,nan,nan,0.000000000,3.509105998,2.720579912,0.020382984,0.040844025,2.871011966,0,0.400000000
207.299346685,19968,3337,0,11839,8129,16627,758,149,135,100,35,8499,8128,497,261,2.570469454,1.308796219,21.723666498,109.991771840,nan,1,nan,nan,nan,0.000000000,6.994535972,3.648463869,0.025546993,0.053143012,3.841072030,0,0.400000000
207.399236917,19872,3087,0,11784,8088,16781,754,147,160,121,39,8697,8084,492,262,2.545536674,1.330766652,31.277108410,167.099978896,5.563259125,2,0.000000000,nan,nan,0.000000000,3.968068981,2.413539973,0.017138955,0.030222989,2.546937962,0,0.400000000
207.501399994,20064,3130,0,11607,8457,16930,767,149,155,115,40,8477,8453,508,259,2.527617964,1.327913759,29.648876126,128.745521461,54.412603378,7,1.000000000,nan,nan,0.000000000,8.604541013,5.194568017,0.025495014,0.063496002,5.428678996,0,0.400000000
207.602268219,19872,2940,0,11656,8216,16930,767,149,155,116,39,8477,8453,508,259,2.527617964,1.327913759,28.095184045,142.198144713,nan,nan,nan,nan,nan,0.000000000,3.203517001,2.360730956,0.016231032,0.030864030,2.479721967,0,0.400000000
207.699644327,19680,2960,0,11463,8217,16716,761,153,154,126,28,8502,8214,511,250,2.514424761,1.334891518,27.582464675,184.939200135,30.928850174,10,1.000000000,nan,nan,0.000000000,4.839583999,3.028012929,0.023237022,0.052577991,3.199273953,0,0.400000000
207.799848080,19488,2813,0,11347,8141,16671,776,164,165,129,36,8534,8137,513,263,2.507780348,1.367492958,27.453924753,180.939984473,8.003234863,24,0.000000000,nan,nan,0.000000000,4.668871989,2.608624985,0.018343970,0.047944952,2.738715033,0,0.400000000
207.900527239,20544,3021,0,11673,8871,17519,744,159,163,119,44,8648,8871,482,262,2.522141175,1.342018315,31.342707286,174.472291857,30.090570450,4,1.000000000,nan,nan,0.000000000,5.618377996,2.937897982,0.021301967,0.036810990,3.093337000,0,0.400000000
207.999550819,19872,3002,0,11667,8205,17519,744,151,149,112,37,8648,8871,482,262,2.522141175,1.342018315,28.512334159,146.510828345,nan,nan,nan,nan,nan,0.000000000,3.067900951,2.264412993,0.016236037,0.026659982,2.383626008,0,0.400000000
208.098826408,19776,2794,0,11247,8529,17519,744,153,153,117,36,8648,8871,482,262,2.522141175,1.342018315,28.965934414,154.832482521,nan,nan,nan,nan,nan,0.000000000,6.360261992,4.883417976,0.034949975,0.053983997,5.149264995,0,0.400000000
208.199445248,20160,3012,0,11695,8465,17144,747,139,137,102,35,8682,8462,487,260,2.469190364,1.412898110,21.376872201,133.070789429,144.050598145,3,1.000000000,nan,nan,0.000000000,5.870888010,3.719568020,0.025146990,0.086401997,3.912711050,0,0.400000000
208.299537182,19968,2713,0,11236,8732,17251,742,150,151,110,41,8519,8732,474,268,2.521360685,1.380754709,28.464795388,148.878616276,nan,1,nan,nan,nan,0.000000000,6.565065007,4.273271072,0.032688957,0.085441978,4.528099031,0,0.400000000
208.398804426,20256,3067,0,11831,8425,17251,742,150,149,108,41,8519,8732,474,268,2.521360685,1.380754709,28.010559069,148.463702261,nan,nan,nan,nan,nan,0.000000000,9.989793005,7.650927000,0.047911075,0.086390995,8.015520987,0,0.400000000
208.499312639,19200,2656,0,10517,8683,16540,745,172,169,119,50,7860,8680,480,265,2.464177602,1.416697568,35.764495798,175.053035165,5.805492401,2,0.000000000,nan,nan,0.000000000,7.634538983,4.089470021,0.030605996,0.054725038,4.297756997,0,0.400000000
208.599371195,20832,3137,0,12059,8773,17691,764,164,162,117,45,8922,8769,494,270,2.475069637,1.510160944,31.410898575,158.604693867,6.252527237,4,0.000000000,nan,nan,0.000000000,10.163297993,6.340990949,0.047985057,0.108247972,6.684114982,0,0.400000000
208.700543404,19872,2795,0,11107,8765,17073,736,165,151,96,55,8312,8761,474,262,2.487783200,1.491907220,22.414591125,150.441702778,64.145565033,8,1.000000000,nan,nan,0.000000000,3.846206004,2.304028021,0.017754966,0.034595025,2.430518973,0,0.400000000
208.799311161,19872,2925,0,11278,8594,16943,758,160,158,104,54,8353,8590,490,268,2.438748376,1.538962470,25.515164902,174.644963339,5.875825882,2,0.000000000,nan,nan,0.000000000,4.288732016,2.737662930,0.020902022,0.034231052,2.886803006,0,0.400000000
208.899368763,20160,2843,0,11213,8947,17313,740,151,147,102,45,8369,8944,482,258,2.475493738,1.579573648,24.928323574,132.415385068,nan,1,nan,nan,nan,0.000000000,4.694743024,2.536968968,0.017009035,0.030179974,2.666585962,0,0.400000000
208.999247789,19872,2983,0,11298,8574,16885,755,149,150,100,50,8311,8574,487,268,2.434142625,1.599058340,20.454046169,180.633625848,19.833087921,7,1.000000000,nan,nan,0.000000000,7.197938976,4.531649931,0.032663986,0.036671001,4.774764006,0,0.400000000
209.098830700,19968,2841,0,11253,8715,17123,739,149,151,103,48,8408,8715,478,261,2.443101780,1.636443144,21.658399023,146.232877804,36.035060883,4,1.000000000,nan,nan,0.000000000,4.208088038,2.516825974,0.019163999,0.058851030,2.669331036,0,0.400000000
209.198836803,20256,2930,0,11533,8723,17322,733,144,145,98,47,8599,8723,466,267,2.412393134,1.671987136,16.972434241,150.357733565,6.496667862,2,0.000000000,nan,nan,0.000000000,3.913577995,2.297253057,0.015687896,0.035170990,2.422029967,0,0.400000000
209.299196720,19776,2810,0,11074,8702,16962,745,145,147,101,46,8264,8698,467,278,2.386818576,1.702332574,16.896134207,115.346962380,4.417657852,2,0.000000000,nan,nan,0.000000000,4.355440964,2.755100955,0.015964964,0.035738980,2.882563975,0,0.400000000
209.399109602,20064,2811,0,11102,8962,17249,729,146,147,103,44,8287,8962,458,271,2.401164095,1.726057359,21.620721458,154.668913949,29.737234116,3,1.000000000,nan,nan,0.000000000,5.694145046,3.643530014,0.027528906,0.084464031,3.877023992,0,0.400000000
209.498830080,20160,2867,0,11203,8957,17249,729,147,143,101,42,8287,8962,458,271,2.401164095,1.726057359,19.633734520,130.878296147,nan,nan,nan,nan,nan,0.000000000,5.019405973,3.535329946,0.024034001,0.044315006,3.746369039,0,0.400000000
209.599440575,19968,2679,0,10892,9076,17285,709,142,145,99,46,8213,9072,430,279,2.391404593,1.776521855,22.368711532,156.577645373,5.395889282,3,0.000000000,nan,nan,0.000000000,3.769081959,2.208178048,0.015385973,0.029788003,2.325712005,0,0.400000000
209.699259043,20064,2907,0,11294,8770,17153,720,141,147,99,48,8387,8766,433,287,2.353208028,1.815215642,23.060652113,151.750033767,nan,1,nan,nan,nan,0.000000000,4.534136038,2.509575046,0.016421953,0.035208010,2.635862969,0,0.400000000
209.800568342,19776,2671,0,10724,9052,17153,720,149,154,105,49,8387,8766,433,287,2.353208028,1.815215642,27.990293306,154.566766064,nan,nan,nan,nan,nan,0.000000000,3.057680035,2.246875025,0.016584061,0.028932001,2.371847979,0,0.400000000
209.898882627,20256,2999,0,11609,8647,17253,738,166,157,109,48,8606,8647,453,285,2.322439635,1.837164652,30.566048558,154.939037276,nan,1,nan,nan,nan,0.000000000,4.004315007,2.327605034,0.017411017,0.035956968,2.455333015,0,0.400000000
209.999297380,19968,2709,0,10907,9061,17255,712,163,161,109,52,8194,9061,430,282,2.375337083,1.813387464,33.985734087,173.855464503,9.459018707,3,0.000000000,nan,nan,0.000000000,3.856297000,2.242544026,0.017969985,0.027889037,2.369522001,0,0.400000000
210.100247383,19680,2869,0,10939,8741,17255,712,158,160,111,49,8194,9061,430,282,2.375337083,1.813387464,33.838832302,162.700277316,nan,nan,nan,nan,nan,0.000000000,3.809964983,2.778863010,0.022241031,0.042658998,2.948218025,0,0.400000000
210.197521210,20256,2855,0,11126,9130,17397,711,159,151,102,49,8267,9130,433,278,2.319833402,1.855392822,29.580505131,146.594551654,70.402383804,2,1.000000000,nan,nan,0.000000000,7.109715021,3.433904960,0.020537991,0.042037980,3.611769003,0,0.400000000
210.298817396,20160,2913,0,11082,9078,17397,711,152,153,102,51,8267,9130,433,278,2.319833402,1.855392822,32.578527091,152.609921558,nan,nan,nan,nan,nan,0.000000000,3.015541995,2.205469995,0.016437029,0.034562952,2.327050024,0,0.400000000
210.399421930,19776,2801,0,10865,8911,17397,711,154,153,104,49,8267,9130,433,278,2.319833402,1.855392822,31.707250556,152.581448416,nan,nan,nan,nan,nan,0.000000000,6.092271011,4.607333976,0.036456913,0.070766022,4.871388024,0,0.400000000
210.499873400,20256,2781,0,11032,9224,17471,695,158,162,109,53,8251,9220,419,276,2.254837225,1.947931341,31.973043762,162.821482224,29.644727707,4,1.000000000,nan,nan,0.000000000,3.864040016,2.177182934,0.017238024,0.034719007,2.302409965,0,0.400000000
210.599776983,20064,2856,0,11061,9003,17204,692,149,149,96,53,8201,9003,427,265,2.261010616,1.943238807,27.577267469,160.094332705,6.848096848,23,0.000000000,nan,nan,0.000000000,7.449370984,4.677924037,0.037838996,0.125455961,4.960793012,0,0.400000000
210.702292442,19776,2697,0,10769,9007,17075,687,144,140,87,53,8068,9007,407,280,2.235272365,1.993005026,21.808801732,157.534282752,6.465911865,7,0.000000000,nan,nan,0.000000000,9.619891003,5.251412978,0.033791002,0.062473991,5.521916028,0,0.400000000
210.798809767,20160,2793,0,11168,8992,17363,692,142,143,90,53,8371,8992,418,274,2.152199111,2.015837075,25.049480478,135.297669972,8.950948715,34,0.000000000,nan,nan,0.000000000,5.435228988,2.611790900,0.016859965,0.036673970,2.744553960,0,0.400000000
210.902544975,19296,2187,0,10167,9129,17105,689,154,147,102,45,7976,9129,411,278,2.238109751,2.025280448,26.286104623,143.040389829,6.329536438,12,0.000000000,nan,nan,0.000000000,4.456055001,2.665491076,0.021112035,0.044094981,2.830509038,0,0.400000000
210.998749018,20064,2625,0,10848,9216,17435,696,144,144,89,55,8219,9216,400,296,2.157168012,2.065329511,20.041676133,150.327277862,19.933462143,7,1.000000000,nan,nan,0.000000000,3.770399024,2.192824031,0.015327940,0.032540993,2.312274009,0,0.400000000
211.099191427,19968,2512,0,10692,9276,17452,696,161,157,99,58,8179,9273,397,299,2.133399203,2.085007618,27.541487150,172.992495072,9.926557541,5,0.000000000,nan,nan,0.000000000,6.604883994,3.278969030,0.023825967,0.045180030,3.457186045,0,0.400000000
211.198821306,20160,2830,0,11020,9140,17326,699,144,145,92,53,8186,9140,399,300,2.108881067,2.135472827,21.776153313,155.284176730,9.991884232,4,0.000000000,nan,nan,0.000000000,3.899691044,2.221457020,0.015775964,0.037717982,2.340439998,0,0.400000000
211.300022125,19968,2970,0,11058,8910,16994,690,151,150,90,60,8084,8910,390,300,1.975717619,2.192774343,28.991197331,174.866423842,30.043601990,3,1.000000000,nan,nan,0.000000000,5.659941002,3.574703995,0.029063027,0.082258019,3.794072021,0,0.400000000
211.400213957,20256,3028,0,10949,9307,17224,697,148,153,93,60,7917,9307,387,310,1.946387412,2.163223068,29.299047399,154.276509045,nan,1,nan,nan,nan,0.000000000,9.286727000,4.969067930,0.032363110,0.054200995,5.214940000,0,0.400000000
211.499124765,19968,2995,0,10968,9000,16969,674,154,153,99,54,7973,8996,384,290,1.856296039,2.240727585,29.999375879,169.849527835,50.751924515,4,1.000000000,nan,nan,0.000000000,8.471174049,5.261607002,0.032193027,0.040323997,5.500693980,0,0.400000000
211.598816395,20064,3016,0,10709,9355,17044,690,137,140,93,47,7693,9351,392,298,1.808752597,2.211343699,28.896529334,132.409925784,nan,1,nan,nan,nan,0.000000000,4.819969996,2.628756978,0.020434032,0.042447995,2.763097000,0,0.400000000
211.700145006,19872,3033,0,10975,8897,17044,690,141,142,94,48,7693,9351,392,298,1.808752597,2.211343699,28.551335527,133.069676549,nan,nan,nan,nan,nan,0.000000000,2.907393035,2.143663005,0.015468046,0.033799966,2.260377980,0,0.400000000
211.801419973,20256,3205,0,11000,9256,17047,690,140,141,89,52,7795,9252,381,309,1.786100255,2.282526578,25.705939926,138.159135176,110.528469086,4,1.000000000,nan,nan,0.000000000,6.649063958,3.487323993,0.023296976,0.042008993,3.664467018,0,0.400000000
211.899232626,20160,3259,0,11316,8844,17047,690,140,140,88,52,7795,9252,381,309,1.786100255,2.282526578,25.669753716,143.325889411,nan,nan,nan,nan,nan,0.000000000,4.047474009,3.152620979,0.025675050,0.056347984,3.351540014,0,0.400000000
211.999277592,20064,3344,0,11022,9042,17047,690,139,140,88,52,7795,9252,381,309,1.786100255,2.282526578,25.666629539,143.363159681,nan,nan,nan,nan,nan,0.000000000,6.579322973,4.928326001,0.036711048,0.090640038,5.207392969,0,0.400000000
212.099435329,20064,3419,0,11143,8921,17047,690,140,139,88,51,7795,9252,381,309,1.786100255,2.282526578,25.652077463,140.356973759,nan,nan,nan,nan,nan,0.000000000,9.372280037,6.865800009,0.041755964,0.080004975,7.195378013,0,0.400000000
212.199795485,19488,3247,0,10819,8669,17047,690,139,139,88,51,7795,9252,381,309,1.786100255,2.282526578,25.652177629,140.345372491,nan,nan,nan,nan,nan,0.000000000,4.719612945,3.352484026,0.016396050,0.035618024,3.484187997,0,0.400000000
212.298858404,20448,3607,0,11408,9040,16837,650,141,150,85,65,7798,9039,350,300,1.563772700,2.288133969,27.190398584,207.889174168,5.981922150,2,0.000000000,nan,nan,0.000000000,3.764705034,2.076942008,0.015578931,0.037395046,2.194611996,0,0.400000000
212.399031639,20064,3444,0,11182,8882,16616,660,151,136,83,53,7738,8878,361,299,1.645126478,2.344282508,20.763608849,131.735080584,85.026979446,4,1.000000000,nan,nan,0.000000000,7.507453032,4.770625965,0.034376106,0.041711028,5.023211997,0,0.400000000
212.499210358,19872,3557,0,11213,8659,16311,677,134,139,87,52,7654,8657,374,303,1.585450873,2.339194340,22.218834789,154.085362186,nan,1,nan,nan,nan,0.000000000,5.523075990,2.999001066,0.019247062,0.035943987,3.149700002,0,0.400000000
212.598860741,20160,3608,0,11561,8599,16548,671,136,141,83,58,7952,8596,364,307,1.556618498,2.346352699,22.735207038,114.910670028,90.821504593,6,1.000000000,nan,nan,0.000000000,5.611856992,2.560384048,0.021059997,0.104231003,2.739859978,0,0.400000000
212.699461937,19968,3669,0,11265,8703,16548,671,140,139,85,54,7952,8596,364,307,1.556618498,2.346352699,23.518171367,147.512263597,nan,nan,nan,nan,nan,0.000000000,2.942293009,2.106886997,0.015287020,0.035442994,2.228022029,0,0.400000000
212.800803185,19776,3732,0,11182,8594,16040,655,138,147,81,66,7446,8594,336,319,1.398632066,2.378477761,20.438517623,139.475336073,nan,1,nan,nan,nan,0.000000000,4.198462004,2.544032061,0.019941013,0.050243048,2.695501025,0,0.400000000
212.899102926,20256,3860,0,11478,8778,16392,688,119,124,78,46,7614,8778,360,328,1.376491492,2.375862255,14.672891529,123.790470802,54.102182388,3,1.000000000,nan,nan,0.000000000,6.990269001,4.510887025,0.028627052,0.095660973,4.759325995,0,0.400000000
212.999123335,20064,3879,0,11345,8719,16181,665,122,128,77,51,7465,8716,347,318,1.361346404,2.387347227,23.199249620,137.351274836,26.047229767,4,1.000000000,nan,nan,0.000000000,5.913513014,3.306222032,0.024384004,0.062412000,3.497213009,0,0.400000000
213.099130154,19968,3908,0,11145,8823,16056,649,121,119,74,45,7237,8819,342,307,1.366836171,2.392689310,18.609197745,149.192557398,2.789974213,2,0.000000000,nan,nan,0.000000000,4.526760022,2.724702004,0.018804974,0.044541957,2.880686021,0,0.400000000
213.199119329,19872,3986,0,11340,8532,15882,643,124,122,79,43,7354,8528,338,305,1.332925080,2.422050490,18.068463088,129.744273631,nan,1,nan,nan,nan,0.000000000,5.199294013,2.775000001,0.017220969,0.027306029,2.932364994,0,0.400000000
213.301611900,19488,3987,0,11060,8428,15882,643,120,123,81,42,7354,8528,338,305,1.332925080,2.422050490,18.794328854,132.395944993,nan,nan,nan,nan,nan,0.000000000,2.669757989,1.953054045,0.013159937,0.024091976,2.063673979,0,0.400000000
213.398606777,20544,4266,0,11506,9038,16274,652,130,125,82,43,7237,9037,349,303,1.301227510,2.474249189,21.901947528,135.053872970,nan,1,nan,nan,nan,0.000000000,6.095767021,3.120650072,0.020351959,0.036618963,3.292954993,0,0.400000000
213.498877287,20256,4348,0,11628,8628,16274,652,119,117,80,37,7237,9037,349,303,1.301227510,2.474249189,18.643097610,128.269258656,nan,nan,nan,nan,nan,0.000000000,3.844043997,2.948704991,0.013270939,0.024895999,3.071526007,0,0.400000000
213.600486994,19968,4431,0,11425,8543,16274,652,118,118,81,37,7237,9037,349,303,1.301227510,2.474249189,18.772727687,128.047750749,nan,nan,nan,nan,nan,0.000000000,3.460970998,2.565498988,0.017847051,0.036010984,2.716554969,0,0.400000000
213.699170589,20064,4746,0,11472,8592,15314,632,112,121,79,42,6735,8579,339,293,1.256806248,2.453925854,18.612393395,99.097260193,29.487848282,4,1.000000000,nan,nan,0.000000000,3.447520023,1.992548991,0.012856035,0.037427992,2.108348010,0,0.400000000
213.800497532,19968,4607,0,11360,8608,15357,633,125,132,85,47,6781,8576,332,301,1.261082045,2.504660285,18.295424095,118.882694020,4.479408264,2,0.000000000,nan,nan,0.000000000,3.558216034,2.026754140,0.014062971,0.028330018,2.139412973,0,0.400000000
213.899733543,19968,4840,0,11385,8583,15124,630,132,133,83,50,6579,8545,330,300,1.233100602,2.494052468,24.563477010,123.249061704,nan,1,nan,nan,nan,0.000000000,6.775991991,3.710574936,0.024907989,0.041196006,3.908977029,0,0.400000000
213.999290705,19872,4866,0,11412,8460,15124,630,138,137,86,51,6579,8545,330,300,1.233100602,2.494052468,22.233527243,127.095836701,nan,nan,nan,nan,nan,0.000000000,3.131486999,2.185181074,0.014968973,0.023151981,2.301453962,0,0.400000000
214.102234125,20064,5168,0,11504,8560,14892,643,146,129,80,49,6401,8491,334,309,1.230991084,2.531937006,21.210513816,126.750021039,65.773248672,4,1.000000000,nan,nan,0.000000000,5.930985033,3.850417095,0.030961004,0.065186992,4.085802997,0,0.400000000
214.198874950,20064,5136,0,11550,8514,14924,665,131,124,80,44,6496,8428,337,328,1.252854159,2.553584953,22.340615960,113.885971844,11.380195618,5,0.000000000,nan,nan,0.000000000,3.421735018,2.109099005,0.014440040,0.031054020,2.233599022,0,0.400000000
214.299079418,19872,5409,0,11609,8263,14459,648,115,116,68,48,6280,8179,330,318,1.227512700,2.552154179,18.267426425,108.406399842,15.749454498,2,1.000000000,nan,nan,0.000000000,4.635159974,2.851165016,0.018756022,0.039225037,3.016100964,0,0.400000000
214.398730040,20160,5419,0,11740,8420,14737,655,108,115,70,45,6428,8309,340,315,1.246625445,2.561626674,19.686089443,107.235882161,5.180358887,3,0.000000000,nan,nan,0.000000000,4.574108985,2.499331953,0.013885030,0.035482983,2.625251014,0,0.400000000
214.499321222,19776,5656,0,11571,8205,14737,655,117,119,71,48,6428,8309,340,315,1.246625445,2.561626674,22.801272817,115.021925712,nan,nan,nan,nan,nan,0.000000000,2.744823985,2.013457997,0.013386074,0.036526995,2.124951978,0,0.400000000
214.599171162,20160,5805,0,11823,8337,14351,639,111,108,67,41,6157,8194,330,309,1.223036809,2.581005394,17.916876950,103.152059405,20.817279816,3,1.000000000,nan,nan,0.000000000,4.813786014,2.979638928,0.018721039,0.085414969,3.148454998,0,0.400000000
214.699049473,19968,5912,0,11775,8193,14351,639,105,110,67,43,6157,8194,330,309,1.223036809,2.581005394,14.400766657,95.385858083,nan,nan,nan,nan,nan,0.000000000,5.405578995,4.170206026,0.025198038,0.051259995,4.394679971,0,0.400000000
214.798754930,19968,5982,0,11624,8344,14351,639,107,106,64,42,6157,8194,330,309,1.223036809,2.581005394,14.405281431,82.599621033,nan,nan,nan,nan,nan,0.000000000,3.010372980,2.313582983,0.014712103,0.044035027,2.447339997,0,0.400000000
214.900316715,19584,5806,0,11497,8087,13774,621,111,118,69,49,5842,7932,325,296,1.240415658,2.620726874,22.098103683,57.694669421,6.057977676,2,0.000000000,nan,nan,0.000000000,3.272340982,1.946597011,0.012458011,0.029065995,2.060052007,0,0.400000000
215.001563311,20352,6478,0,11869,8483,13774,621,113,114,68,46,5842,7932,325,296,1.240415658,2.620726874,19.194434257,55.738859704,nan,nan,nan,nan,nan,0.000000000,4.528598976,3.512356954,0.027340022,0.042832980,3.724681970,0,0.400000000
215.099103451,20256,6276,0,11824,8432,13976,630,115,107,54,53,5762,8214,330,300,1.185513993,2.637254227,15.732188481,53.115167015,79.512834549,3,1.000000000,nan,nan,0.000000000,5.522707012,2.938691992,0.017881976,0.047067995,3.093307023,0,0.400000000
215.200657845,19968,6518,0,11731,8237,13446,630,104,112,66,46,5428,8018,325,305,1.229328801,2.637603163,17.447932247,74.591165781,14.422655106,2,0.000000000,nan,nan,0.000000000,3.340309951,2.010605938,0.011942931,0.034174998,2.129061031,0,0.400000000
215.299212933,19968,6533,0,11806,8162,13431,622,118,131,77,54,5523,7908,327,295,1.224812610,2.647895410,20.311929877,91.113880554,nan,1,nan,nan,nan,0.000000000,4.996787990,3.040419950,0.016245060,0.075999997,3.195049998,0,0.400000000
215.399142504,19776,6699,0,11615,8161,13431,622,132,133,77,56,5523,7908,327,295,1.224812610,2.647895410,20.652025849,94.240032985,nan,nan,nan,nan,nan,0.000000000,3.308864019,2.487733029,0.016415026,0.023743021,2.613054996,0,0.400000000
215.499294281,20256,6858,0,12066,8190,13394,618,115,108,63,45,5511,7883,323,295,1.210235537,2.643592421,16.365732030,80.894945993,20.211696625,4,1.000000000,nan,nan,0.000000000,5.747456977,3.728085023,0.025173998,0.065648986,3.949985025,0,0.400000000
215.599150896,19968,6944,0,11899,8069,13394,618,112,108,62,46,5511,7883,323,295,1.210235537,2.643592421,16.939687449,80.108105032,nan,nan,nan,nan,nan,0.000000000,5.134476000,3.632225038,0.022234046,0.061522005,3.833095019,0,0.400000000
215.699759245,20064,7011,0,11906,8158,13049,600,117,115,66,49,5240,7809,304,296,1.240389437,2.641080965,15.846850883,81.042864725,nan,1,nan,nan,nan,0.000000000,3.094170999,1.864549995,0.012640026,0.030462048,1.975591993,0,0.400000000
215.799193621,19776,7019,0,11945,7831,13049,600,117,117,68,49,5240,7809,304,296,1.240389437,2.641080965,17.219826941,82.711205749,nan,nan,nan,nan,nan,0.000000000,3.651664010,2.807183948,0.019802072,0.042557018,2.982062986,0,0.400000000
215.900706530,19968,7122,0,11995,7973,12842,615,113,122,72,50,5228,7614,320,295,1.377520605,2.659306380,16.942665446,99.837047097,9.453773499,5,0.000000000,nan,nan,0.000000000,6.721961021,3.986667958,0.027922972,0.077990000,4.244462994,0,0.400000000
215.999818325,20160,7290,0,12196,7964,12842,615,120,124,74,50,5228,7614,320,295,1.377520605,2.659306380,17.538735563,99.812211916,nan,nan,nan,nan,nan,0.000000000,5.907438986,4.364684981,0.027299044,0.052041025,4.594995989,0,0.400000000
216.099334478,19872,7209,0,12087,7785,12842,615,126,124,75,49,5228,7614,320,295,1.377520605,2.659306380,17.867568232,87.156213304,nan,nan,nan,nan,nan,0.000000000,2.521676011,1.904734003,0.013585959,0.028691022,2.015192993,0,0.400000000
216.198793411,20160,7467,0,12229,7931,12842,615,124,125,75,50,5228,7614,320,295,1.377520605,2.659306380,18.846917768,87.324496272,nan,nan,nan,nan,nan,0.000000000,5.835539021,4.591363075,0.035976002,0.067749002,4.889994976,0,0.400000000
216.299078703,19968,7511,0,12285,7683,12842,615,125,124,75,49,5228,7614,320,295,1.377520605,2.659306380,18.739638645,86.627835886,nan,nan,nan,nan,nan,0.000000000,3.477234044,2.576765954,0.017289945,0.032282027,2.725663013,0,0.400000000
216.399076223,20064,7682,0,12393,7671,12378,634,86,106,56,50,5314,7064,337,297,1.469857082,2.684392450,14.662938185,47.771169159,37.618160248,3,1.000000000,nan,nan,0.000000000,3.416833992,2.058462007,0.010211021,0.044407963,2.162351040,0,0.400000000
216.499118805,19872,7855,0,12424,7448,12378,634,131,138,81,57,5314,7064,337,297,1.469857082,2.684392450,24.875904359,75.929432106,nan,nan,nan,nan,nan,0.000000000,2.564410970,1.962510985,0.014427002,0.022988999,2.076856967,0,0.400000000
216.602643251,19872,8067,0,12410,7462,11801,620,123,125,80,45,4962,6839,325,295,1.520345843,2.678068241,18.992079867,78.282753100,94.326972961,4,1.000000000,nan,nan,0.000000000,4.803249962,2.810128964,0.017964048,0.035492005,2.962588973,0,0.400000000
216.703432798,20064,8192,0,12675,7389,11868,633,130,135,81,54,5167,6701,337,296,1.461702411,2.707569260,20.689336365,77.205085702,10.226488113,2,0.000000000,nan,nan,0.000000000,4.123441002,2.469217987,0.016626029,0.033195014,2.602057008,0,0.400000000
216.799391031,20160,8503,0,12689,7471,11653,633,122,124,77,47,4904,6749,347,286,1.537981279,2.666540984,18.084174078,78.335112793,35.741090775,4,1.000000000,nan,nan,0.000000000,7.243288041,5.029981025,0.036815996,0.079728023,5.335178983,0,0.400000000
216.899060488,20064,8317,0,12579,7485,11743,640,123,124,77,47,4988,6755,343,297,1.520094414,2.667771309,17.959952925,76.340898204,3.770828247,2,0.000000000,nan,nan,0.000000000,6.698224985,4.518805945,0.033311080,0.059488986,4.802021023,0,0.400000000
217.001628399,19776,8427,0,12603,7173,11345,620,121,119,76,43,4871,6474,334,286,1.626589710,2.677010771,16.996892402,81.230923324,nan,1,nan,nan,nan,0.000000000,9.218183986,6.015060993,0.031054951,0.035836012,6.273607025,0,0.400000000
217.098853588,20160,8469,0,12688,7472,11687,614,128,118,75,43,4968,6719,323,291,1.615557003,2.679549404,18.810097072,87.849370400,nan,1,nan,nan,nan,0.000000000,4.361445957,2.553580038,0.017809100,0.036592013,2.700501995,0,0.400000000
217.199251413,19968,8631,0,12751,7217,11687,614,124,123,78,45,4968,6719,323,291,1.615557003,2.679549404,17.785149999,76.776917930,nan,nan,nan,nan,nan,0.000000000,2.603803994,2.026328002,0.012143981,0.038399012,2.133813046,0,0.400000000
217.299101114,19872,8631,0,12803,7069,11687,614,124,123,77,46,4968,6719,323,291,1.615557003,2.679549404,17.230237471,80.748495548,nan,nan,nan,nan,nan,0.000000000,6.870365993,5.415966094,0.035906036,0.055572949,5.714358005,0,0.400000000
217.402094603,19776,8649,0,12814,6962,11687,614,123,122,77,45,4968,6719,323,291,1.615557003,2.679549404,18.304323275,83.011805356,nan,nan,nan,nan,nan,0.000000000,3.455050988,2.590313030,0.013550918,0.031484000,2.718739968,0,0.400000000
217.501130104,20448,8850,0,13365,7083,11687,614,123,123,77,46,4968,6719,323,291,1.615557003,2.679549404,18.348545068,83.417976534,nan,nan,nan,nan,nan,0.000000000,2.396454045,1.823922037,0.009762938,0.025019050,1.910378982,0,0.400000000
217.599231005,19968,8817,0,13062,6906,11687,614,123,123,77,46,4968,6719,323,291,1.615557003,2.679549404,18.348545068,83.412361393,nan,nan,nan,nan,nan,0.000000000,5.507840018,4.338466970,0.017527025,0.083770021,4.506651021,0,0.400000000
217.699194431,19968,8793,0,13058,6910,11171,592,132,121,77,44,5058,6113,330,262,2.065426602,2.647227413,19.699329066,92.736545436,40.021181107,2,1.000000000,nan,nan,0.000000000,3.796699981,2.331156982,0.016616017,0.044087996,2.467348007,0,0.400000000
217.800277472,20064,8928,0,13144,6920,11132,597,127,109,69,40,5071,6061,328,269,2.149218798,2.619081612,13.462194545,77.207706560,5.769729614,2,0.000000000,nan,nan,0.000000000,5.954445980,3.808683017,0.025212998,0.040836981,4.020911991,0,0.400000000
217.899607182,19968,8764,0,13009,6959,11200,617,131,127,79,48,5074,6126,348,269,2.549926586,2.593254044,16.476332277,46.909876728,19.582033157,5,1.000000000,nan,nan,0.000000000,3.020135977,1.947743003,0.013976067,0.036476005,2.068690024,0,0.400000000
217.999229193,19776,8845,0,13158,6618,11200,617,126,120,75,45,5074,6126,348,269,2.549926586,2.593254044,18.064974284,47.460560156,nan,nan,nan,nan,nan,0.000000000,3.086161043,2.433796937,0.017665967,0.039751991,2.580547996,0,0.400000000
218.098618031,19968,8884,0,13182,6786,11080,626,111,121,76,45,5236,5844,355,271,2.714833571,2.562593063,16.399255719,77.715282382,10.018348694,5,0.000000000,nan,nan,0.000000000,5.347106024,3.156129969,0.018745952,0.056357007,3.321372031,0,0.400000000
218.199369907,20256,8933,0,13395,6861,11319,604,117,105,72,33,5495,5824,347,257,2.655613306,2.689484982,16.172868046,90.325705357,nan,1,nan,nan,nan,0.000000000,3.926058998,2.496380010,0.016260019,0.040634011,2.644741035,0,0.400000000
218.299260378,19968,8912,0,13419,6549,11052,581,109,116,76,40,5574,5478,347,234,2.689105209,2.592071174,18.339119563,56.518264969,nan,1,nan,nan,nan,0.000000000,7.990979007,3.816158918,0.012444041,0.047107984,3.925063007,0,0.400000000
218.499022722,20160,8884,0,13578,6582,11272,579,128,129,84,45,5886,5386,350,229,2.805089851,2.595009620,21.141885065,54.768284830,129.678010941,3,1.000000000,nan,nan,0.000000000,2.994714014,1.824865059,0.014045916,0.024890003,1.939587994,0,0.400000000
218.599324703,19680,8716,0,13079,6601,11272,579,121,116,77,39,5886,5386,350,229,2.805089851,2.595009620,18.272402299,52.638853802,nan,nan,nan,nan,nan,0.000000000,4.347921000,3.368364996,0.024219975,0.051109004,3.575197945,0,0.400000000
218.698763847,19968,8813,0,13416,6552,11151,574,114,115,74,41,5777,5374,353,221,2.827758172,2.619169503,19.944441183,61.383214814,nan,1,nan,nan,nan,0.000000000,2.884053974,1.863520942,0.012699922,0.024355017,1.973804028,0,0.400000000
218.798720598,19776,8727,0,13177,6599,11151,574,111,104,70,34,5777,5374,353,221,2.827758172,2.619169503,17.092459260,60.474990803,nan,nan,nan,nan,nan,0.000000000,2.448274987,1.834846043,0.012672914,0.021153013,1.949709957,0,0.400000000
218.898990393,19968,8892,0,13442,6526,11151,574,102,106,76,30,5777,5374,353,221,2.827758172,2.619169503,14.074165902,54.983081168,nan,nan,nan,nan,nan,0.000000000,4.672612005,3.703561961,0.025054964,0.049408991,3.935198009,0,0.400000000
218.999594212,20640,9203,0,13650,6990,11151,574,107,107,76,31,5777,5374,353,221,2.827758172,2.619169503,14.522788053,57.407652022,nan,nan,nan,nan,nan,0.000000000,4.119958961,3.156197025,0.018726045,0.029264018,3.323187993,0,0.400000000
219.100424528,19776,8883,0,13334,6442,10889,587,112,122,77,45,5578,5311,365,222,2.807609920,1.971106499,16.947886029,94.878245454,nan,1,nan,nan,nan,0.000000000,2.948043984,1.871288056,0.012787001,0.025539019,1.979711989,0,0.400000000
219.198947668,20160,8876,0,13390,6770,11280,582,134,124,78,46,5679,5601,366,216,2.802583378,1.828950744,16.470388592,87.914649142,16.040802002,5,1.000000000,nan,nan,0.000000000,6.962515996,4.335249076,0.025239948,0.032284006,4.545265983,0,0.400000000
219.299078941,20064,8860,0,13572,6492,11200,586,118,116,80,36,5822,5378,366,220,2.871954323,1.851621574,15.508019869,105.760196118,4.505872726,2,0.000000000,nan,nan,0.000000000,3.437111969,2.308043011,0.017081969,0.034022029,2.456996997,0,0.400000000
219.399095058,19584,8676,0,12933,6651,10904,587,105,109,72,37,5378,5526,362,225,2.799402563,1.804217202,14.768661457,106.042094712,6.524085999,5,0.000000000,nan,nan,0.000000000,2.896375023,1.864314021,0.011628028,0.022410008,1.968422031,0,0.400000000
219.498654842,20160,8762,0,13637,6523,11394,596,122,123,87,36,5953,5441,368,228,2.860019006,1.782276422,13.486349574,116.809418578,6.139278412,3,0.000000000,nan,nan,0.000000000,6.100708037,3.936172987,0.026035996,0.047898968,4.153980990,0,0.400000000
219.599529028,20160,8869,0,13546,6614,11287,588,126,115,73,42,5785,5502,360,228,2.853471229,1.668505914,16.457590988,114.421028415,25.824785233,7,1.000000000,nan,nan,0.000000000,4.814790969,2.901259984,0.020085019,0.031203032,3.064940975,0,0.400000000
219.699144363,19872,8611,0,13359,6513,11257,600,117,111,75,36,5813,5444,378,222,2.851950354,1.679788561,11.548119946,100.483375589,nan,1,nan,nan,nan,0.000000000,3.211844014,1.870170003,0.012614008,0.022807042,1.982384012,0,0.400000000
219.800583124,20160,8865,0,13386,6774,11291,596,122,114,73,41,5680,5611,372,224,2.902322096,1.546746301,14.504288049,98.508011600,120.048522949,4,1.000000000,nan,nan,0.000000000,6.241276977,3.587014042,0.024126028,0.053344993,3.794229007,0,0.400000000
219.899013519,19776,8522,0,13284,6492,11250,603,118,116,77,39,5811,5439,380,223,2.875374462,1.601019930,12.533640308,103.143977182,5.448818207,2,0.000000000,nan,nan,0.000000000,3.005285980,1.897749957,0.012785022,0.026464986,2.010945987,0,0.400000000
219.999595404,20256,8654,0,13326,6930,11598,620,128,128,84,44,5727,5871,383,237,2.966314440,1.501427648,15.290237078,102.547857221,5.662202835,2,0.000000000,nan,nan,0.000000000,3.109877987,1.949649071,0.013486948,0.029033981,2.061603009,0,0.400000000
220.099131823,19968,8464,0,13329,6639,11500,630,132,129,87,42,5930,5570,397,233,2.897852783,1.510859168,18.013143770,104.995790384,84.145069122,2,1.000000000,nan,nan,0.000000000,5.187958013,3.119621950,0.020514010,0.031681033,3.291765985,0,0.400000000
220.199447155,19872,8546,0,13272,6600,11500,630,126,127,84,43,5930,5570,397,233,2.897852783,1.510859168,18.303468069,106.967357768,nan,nan,nan,nan,nan,0.000000000,4.204187950,3.310589935,0.022974971,0.040063984,3.493500990,0,0.400000000
220.299623489,20160,8410,0,13530,6630,11746,598,121,127,82,45,6173,5573,373,225,2.919258309,1.495014999,19.223933335,115.313857212,6.566286087,12,0.000000000,nan,nan,0.000000000,7.725402014,4.771407985,0.030657975,0.047422014,5.026936007,0,0.400000000
220.399087906,20064,8500,0,13470,6594,11560,622,134,138,89,49,5961,5599,384,238,2.993733779,1.518086296,18.829261740,134.748978843,7.805824280,22,0.000000000,nan,nan,0.000000000,5.692248000,3.440149070,0.023437024,0.033129996,3.629058017,0,0.400000000
220.500547886,19392,8226,0,12846,6546,11162,595,120,122,83,39,5668,5494,367,228,2.970925820,1.481910585,17.199280792,113.648173428,6.506681442,10,0.000000000,nan,nan,0.000000000,3.015863011,1.871401910,0.013143115,0.024885987,1.981883019,0,0.400000000
220.599473953,20448,8566,0,13824,6624,11878,620,135,137,93,44,6234,5644,387,233,2.986058867,1.528996399,21.476011358,131.093926869,33.931970596,15,1.000000000,nan,nan,0.000000000,3.180194995,1.949217985,0.014736957,0.025023008,2.067513007,0,0.400000000
220.699766636,20160,8475,0,13442,6718,11878,620,132,132,91,41,6234,5644,387,233,2.986058867,1.528996399,21.079529283,137.920758056,nan,nan,nan,nan,nan,0.000000000,2.621516993,2.007257950,0.014294987,0.029285031,2.133597038,0,0.400000000
220.800565243,19968,8352,0,13434,6534,11612,635,140,141,91,50,6073,5539,402,233,2.986607647,1.468159767,24.492604808,142.894733303,54.229259491,4,1.000000000,nan,nan,0.000000000,3.485199995,2.078714082,0.015484984,0.030960015,2.195361012,0,0.400000000
220.900508165,19968,8138,0,13315,6653,11826,620,122,137,91,46,6205,5621,389,231,3.012236022,1.452819717,22.065684826,141.159889724,65.726518631,2,1.000000000,nan,nan,0.000000000,7.035170041,3.809301939,0.025074929,0.035907025,4.008452001,0,0.400000000
220.999387503,19968,8053,0,13338,6630,11911,622,111,114,76,38,6370,5541,399,223,2.979676124,1.447431522,12.636973361,111.490366483,14.892816544,2,0.000000000,nan,nan,0.000000000,4.005891969,2.271885052,0.013412966,0.030586962,2.390341018,0,0.400000000
221.099334002,19968,8010,0,13399,6569,11954,617,117,118,76,42,6383,5571,397,220,3.005351332,1.432501973,17.247583135,115.648123215,3.527164459,2,0.000000000,nan,nan,0.000000000,4.553025006,2.897915954,0.019058993,0.049543974,3.059206007,0,0.400000000
221.199011803,20064,7886,0,13294,6770,11954,617,119,121,77,44,6383,5571,397,220,3.005351332,1.432501973,18.267672293,115.138729928,nan,nan,nan,nan,nan,0.000000000,5.000095000,3.926862031,0.028986018,0.065287983,4.174670961,0,0.400000000
221.299727440,19968,7897,0,13336,6632,12067,652,129,133,95,38,6371,5696,416,236,3.018622997,1.411181272,20.250338084,143.984924421,nan,1,nan,nan,nan,0.000000000,3.425713046,2.123605052,0.014093006,0.032807002,2.244449977,0,0.400000000
221.399038553,19968,7811,0,13115,6853,12153,668,131,131,91,40,6267,5886,422,246,3.013852623,1.399545768,15.605594166,135.682934315,84.313631058,2,1.000000000,nan,nan,0.000000000,3.592360008,2.166107995,0.013910001,0.030754949,2.279942040,0,0.400000000
221.499006510,19872,7924,0,13174,6698,11944,664,125,130,84,46,6112,5832,408,256,3.041660131,1.433665950,20.567760137,128.950045653,34.506797791,3,1.000000000,nan,nan,0.000000000,3.245009982,2.100425947,0.013955985,0.028875016,2.221047005,0,0.400000000
221.699147224,19776,7737,0,12937,6839,12035,675,135,123,84,39,6106,5929,418,257,3.048064526,1.450947304,20.321190144,142.160737956,55.848836899,8,1.000000000,nan,nan,0.000000000,3.574642993,2.135802060,0.014046964,0.034703000,2.252010047,0,0.400000000
221.798994780,20256,8035,0,13275,6981,12217,663,123,129,82,47,6141,6076,408,255,3.075174355,1.424665195,21.727965469,132.281767861,50.196647644,4,1.000000000,nan,nan,0.000000000,3.291770001,2.104750951,0.014005054,0.033966964,2.222987008,0,0.400000000
221.899006605,19968,7724,0,12961,7007,12240,665,139,136,90,46,6166,6074,409,256,3.045915869,1.428614201,24.750339962,156.919924518,4.936933517,2,0.000000000,nan,nan,0.000000000,3.916102985,2.315464953,0.015733996,0.044703949,2.441559045,0,0.400000000
222.001207352,20064,7692,0,12896,7168,12368,655,136,137,89,48,6050,6318,402,253,3.078946302,1.459583952,24.392355696,160.494958599,4.200220108,2,0.000000000,nan,nan,0.000000000,4.459461954,2.696781070,0.018068007,0.037566002,2.840442001,0,0.400000000
222.099631786,19968,7625,0,12860,7108,12339,658,140,131,79,52,6141,6198,402,256,3.059890636,1.488225353,18.350067284,168.307289110,56.874275208,3,1.000000000,nan,nan,0.000000000,7.991874008,5.277286982,0.038420025,0.064114982,5.571135029,0,0.400000000
222.199428797,19968,7635,0,12860,7108,12329,650,125,120,73,47,6059,6270,389,261,3.085295165,1.529927867,22.923910269,137.331616454,nan,1,nan,nan,nan,0.000000000,6.122664956,3.490174073,0.021520071,0.049503986,3.669778991,0,0.400000000
222.299098969,19392,7384,0,12672,6720,12004,649,134,135,80,55,6098,5906,389,260,3.057882829,1.650518088,23.562122005,185.980874196,55.853843689,2,1.000000000,nan,nan,0.000000000,5.265775020,3.062984033,0.020203064,0.042276981,3.223807958,0,0.400000000
222.399569511,20640,7786,0,13174,7466,12004,649,136,138,81,57,6098,5906,389,260,3.057882829,1.650518088,25.953544481,190.947210585,nan,nan,nan,nan,nan,0.000000000,3.884845006,3.055998939,0.024639070,0.045577006,3.243751999,0,0.400000000
222.499158382,19584,7473,0,12585,6999,12004,649,137,135,79,56,6098,5906,389,260,3.057882829,1.650518088,25.475408156,191.101313025,nan,nan,nan,nan,nan,0.000000000,8.054627979,6.303702015,0.047171954,0.067926012,6.659824983,0,0.400000000
222.599133730,20448,7631,0,13349,7099,12813,694,146,151,82,69,6540,6273,425,269,3.071147452,1.623968585,18.729287218,252.588381199,14.579296112,2,0.000000000,nan,nan,0.000000000,6.646060967,3.845876083,0.027327973,0.046357978,4.047706025,0,0.400000000
222.699503660,19968,7491,0,12839,7129,12813,694,146,139,79,60,6540,6273,425,269,3.071147452,1.623968585,19.087564708,224.501954083,nan,nan,nan,nan,nan,0.000000000,2.901187981,2.199102077,0.015984988,0.033899967,2.321241016,0,0.400000000
222.799248934,19776,7324,0,12753,7023,12448,674,136,126,67,59,6251,6197,401,273,3.053721995,1.649163707,17.063016750,165.220212563,97.451925278,4,1.000000000,nan,nan,0.000000000,3.586954961,2.138918964,0.014277059,0.027177040,2.253990038,0,0.400000000
222.898988008,20064,7473,0,12844,7220,12587,671,140,131,74,57,6231,6356,405,266,3.038301805,1.593330324,19.579609861,220.497607020,5.266189575,4,0.000000000,nan,nan,0.000000000,6.261398958,3.601551987,0.023557048,0.041394029,3.790636023,0,0.400000000
222.998825073,20160,7368,0,12859,7301,12788,692,133,133,62,71,6350,6438,408,284,3.032661327,1.631933070,26.043282090,208.990433867,nan,1,nan,nan,nan,0.000000000,3.783238993,2.231246966,0.015077065,0.039937033,2.351812029,0,0.400000000
223.100344419,19968,7176,0,12654,7314,12788,692,132,130,61,69,6350,6438,408,284,3.032661327,1.631933070,22.859275895,202.200678957,nan,nan,nan,nan,nan,0.000000000,2.887560986,2.134151000,0.014451041,0.026718946,2.247781958,0,0.400000000
223.199195862,19968,7212,0,12779,7189,12752,698,138,138,69,69,6432,6320,411,287,3.025880102,1.672906996,26.992480550,245.852172445,nan,1,nan,nan,nan,0.000000000,8.479957993,4.404378007,0.030745927,0.042816973,4.641545995,0,0.400000000
223.299018621,20064,7112,0,12792,7272,12752,698,139,138,72,66,6432,6320,411,287,3.025880102,1.672906996,22.583162516,208.423404685,nan,nan,nan,nan,nan,0.000000000,3.019166994,2.345927991,0.015735044,0.024888024,2.467590035,0,0.400000000
223.399062872,19776,7057,0,12596,7180,12752,698,140,137,71,66,6432,6320,411,287,3.025880102,1.672906996,22.507303964,207.767198094,nan,nan,nan,nan,nan,0.000000000,3.366686986,2.629875031,0.020416046,0.035509001,2.779495029,0,0.400000000
223.498787642,20256,7065,0,13022,7234,13187,716,154,146,75,71,6825,6362,424,292,3.030625420,1.639566503,25.553294352,186.252183923,29.855489731,3,1.000000000,nan,nan,0.000000000,8.352467965,5.247843976,0.049152935,0.068175956,5.622981989,0,0.400000000
223.599248171,19776,7008,0,12602,7174,12764,709,133,129,68,61,6517,6247,432,277,3.036388402,1.664255141,17.267074649,195.920745836,48.334121704,5,1.000000000,nan,nan,0.000000000,3.402567992,2.183835022,0.014651974,0.053950993,2.299415006,0,0.400000000
223.702356339,20160,7187,0,12988,7172,12764,709,127,123,63,60,6517,6247,432,277,3.036388402,1.664255141,19.064487314,180.735971192,nan,nan,nan,nan,nan,0.000000000,4.567976051,3.436245024,0.020441017,0.041341002,3.611032967,0,0.400000000
223.799123049,20064,7101,0,12864,7200,12764,709,123,123,63,60,6517,6247,432,277,3.036388402,1.664255141,19.044061709,182.608409816,nan,nan,nan,nan,nan,0.000000000,3.073695989,2.314748999,0.013421930,0.032722019,2.428491018,0,0.400000000
223.899059772,19776,6837,0,12726,7050,12935,711,147,145,76,69,6775,6160,434,277,3.025514965,1.700092750,25.688716695,203.297405351,nan,1,nan,nan,nan,0.000000000,3.495252982,2.174485999,0.015860016,0.041799038,2.295252983,0,0.400000000
223.998806715,20160,6835,0,12798,7362,12935,711,147,147,84,63,6775,6160,434,277,3.025514965,1.700092750,21.867608435,204.844458769,nan,nan,nan,nan,nan,0.000000000,2.912017982,2.237546025,0.016082078,0.045038993,2.362377010,0,0.400000000
224.099174500,20064,6791,0,12905,7159,13269,713,168,145,85,60,6975,6294,428,285,2.967157078,1.743831263,20.576152831,207.872842632,94.321727753,3,1.000000000,nan,nan,0.000000000,3.744799993,2.262865950,0.017208979,0.033089018,2.387764980,0,0.400000000
224.199312925,19680,6679,0,12772,6908,13269,713,141,141,83,58,6975,6294,428,285,2.967157078,1.743831263,20.611141230,208.939112985,nan,nan,nan,nan,nan,0.000000000,2.864635026,2.163900004,0.015185971,0.036650978,2.286984993,0,0.400000000
224.299116850,20064,6618,0,12979,7085,13269,713,141,142,82,60,6975,6294,428,285,2.967157078,1.743831263,23.148987920,205.394972686,nan,nan,nan,nan,nan,0.000000000,5.180842010,4.082925036,0.031213916,0.057673024,4.327376024,0,0.400000000
224.399980783,20064,6440,0,12930,7134,13620,698,116,133,71,62,7368,6252,416,282,2.930166464,1.733005925,20.423385795,230.349867336,nan,1,nan,nan,nan,0.000000000,5.907868035,3.433127073,0.020636013,0.068738998,3.612500965,0,0.400000000
224.499031782,20160,6306,0,13203,6957,13620,698,138,138,77,61,7368,6252,416,282,2.930166464,1.733005925,21.680442425,257.892003933,nan,nan,nan,nan,nan,0.000000000,2.785639022,2.077454003,0.014651974,0.042868021,2.196830988,0,0.400000000
224.599110365,20064,6321,0,12863,7201,13620,698,135,133,73,60,7368,6252,416,282,2.930166464,1.733005925,20.700811071,248.289960572,nan,nan,nan,nan,nan,0.000000000,2.804295975,2.101258957,0.014405989,0.034855970,2.219635004,0,0.400000000
224.699285507,19872,5949,0,12904,6968,13919,699,105,123,70,53,7791,6128,417,282,2.844021981,1.937517606,21.505867005,186.193542075,24.180650711,4,1.000000000,nan,nan,0.000000000,6.377230980,3.391770006,0.018490071,0.053129974,3.554403957,0,0.400000000
224.799106836,20160,5865,0,12731,7429,13919,699,131,129,72,57,7791,6128,417,282,2.844021981,1.937517606,22.586509917,218.349387230,nan,nan,nan,nan,nan,0.000000000,2.852548962,2.103556937,0.013918092,0.036301964,2.217984002,0,0.400000000
224.900456905,19968,5700,0,12887,7081,14264,688,128,134,73,61,8075,6189,421,267,2.784571046,1.888397713,23.115683666,212.761431245,20.020723343,14,1.000000000,nan,nan,0.000000000,8.052688965,5.144335970,0.035312027,0.067993999,5.423974013,0,0.400000000
225.000412703,19968,5488,0,12701,7267,14264,688,139,136,75,61,8075,6189,421,267,2.784571046,1.888397713,23.354051902,186.150066986,nan,nan,nan,nan,nan,0.000000000,3.680341993,2.774605062,0.019042054,0.030384981,2.925216046,0,0.400000000
225.100359678,19776,5367,0,12821,6955,14405,725,148,155,86,69,8350,6055,447,278,2.683395625,1.994397153,32.250702047,268.336496080,6.084680557,2,0.000000000,nan,nan,0.000000000,3.875742026,2.475824032,0.019418949,0.045955006,2.621919033,0,0.400000000
225.199572325,20160,5182,0,12843,7317,14974,736,143,147,84,63,8534,6440,445,291,2.715936810,1.911944773,32.717368610,266.459617180,47.824382782,5,1.000000000,nan,nan,0.000000000,5.906847015,3.344710974,0.021435961,0.035732985,3.514059994,0,0.400000000
225.299327612,19680,5051,0,12690,6990,14974,736,143,145,84,61,8534,6440,445,291,2.715936810,1.911944773,33.012391139,251.302764881,nan,nan,nan,nan,nan,0.000000000,3.073316999,2.293935977,0.018014107,0.039701990,2.420087054,0,0.400000000
225.400533199,20160,4833,0,12928,7232,15323,731,135,138,74,64,8958,6365,439,292,2.504299844,1.950723750,30.389399174,244.626081626,89.878082275,6,1.000000000,nan,nan,0.000000000,6.597517000,4.221674055,0.029234972,0.072832976,4.457209026,0,0.400000000
225.500661612,20160,4663,0,12986,7174,15493,773,152,152,80,72,9246,6247,464,309,2.448993783,2.004280165,32.083002871,260.160755825,54.504871368,7,1.000000000,nan,nan,0.000000000,3.824116022,2.340408973,0.016084057,0.038956990,2.464655030,0,0.400000000
225.600550890,20064,4529,0,12944,7120,15531,770,153,152,85,67,9267,6264,449,321,2.367456640,2.008277132,33.621437959,254.026344656,74.413061142,2,1.000000000,nan,nan,0.000000000,9.195117047,5.287905922,0.033184071,0.059582002,5.532342009,0,0.400000000
225.699111462,19968,4437,0,12643,7325,15527,777,146,148,83,65,9110,6417,456,321,2.396070385,2.025223481,31.251254376,257.691455683,4.907369614,2,0.000000000,nan,nan,0.000000000,3.860127006,2.346833004,0.016234990,0.043579028,2.466907026,0,0.400000000
225.799256563,19968,4345,0,12742,7226,15619,779,144,148,84,64,9198,6421,448,331,2.381906943,2.029448756,31.268498688,264.306626626,nan,1,nan,nan,nan,0.000000000,5.508039962,3.475683043,0.025162008,0.073041010,3.665800032,0,0.400000000
225.899088621,20064,4126,0,12528,7536,15619,779,147,146,82,64,9198,6421,448,331,2.381906943,2.029448756,29.496384616,263.553119534,nan,nan,nan,nan,nan,0.000000000,8.120416023,5.974066968,0.036470068,0.067086017,6.252799998,0,0.400000000
225.999408722,19968,3809,0,12450,7518,16155,782,157,152,83,69,9362,6793,450,332,2.364693804,1.964013007,32.305756972,232.652605039,29.681921005,5,1.000000000,nan,nan,0.000000000,4.122529994,2.369657042,0.017141982,0.053654017,2.495469002,0,0.400000000
226.098950386,19680,3282,0,12109,7571,16394,783,148,137,84,53,9410,6984,452,331,2.337335793,1.959859110,22.861259552,211.792493504,10.126113892,4,0.000000000,nan,nan,0.000000000,6.349921983,3.495320969,0.020944979,0.062190986,3.658964997,0,0.400000000
226.201578379,20256,3684,0,12455,7801,16394,783,141,145,84,61,9410,6984,452,331,2.337335793,1.959859110,29.653224343,236.699612792,nan,nan,nan,nan,nan,0.000000000,3.144974995,2.352439042,0.015721016,0.033829012,2.479517017,0,0.400000000
226.298748016,19968,3241,0,12178,7790,16723,781,153,149,79,70,9407,7316,448,333,2.322928714,1.877097595,32.408484430,253.385727052,60.077428818,6,1.000000000,nan,nan,0.000000000,5.023216014,3.106412012,0.021056039,0.054376957,3.258415964,0,0.400000000
226.400444269,19584,3459,0,12010,7574,16723,781,142,137,75,62,9407,7316,448,333,2.322928714,1.877097595,25.682462770,214.604879449,nan,nan,nan,nan,nan,0.000000000,3.325753030,2.364501008,0.015909027,0.033777033,2.496925998,0,0.400000000
226.498827696,20160,3258,0,12246,7914,16898,768,143,157,90,67,9357,7541,450,318,2.309083344,1.906954102,28.337471462,222.499899554,87.861061096,3,1.000000000,nan,nan,0.000000000,4.056800972,2.321167034,0.016057980,0.047579000,2.441029996,0,0.400000000
226.599009752,20064,3262,0,12128,7936,16798,752,134,132,71,61,9187,7611,435,317,2.351238200,1.769418264,23.452615029,180.672585746,4.855394363,2,0.000000000,nan,nan,0.000000000,4.457330971,2.424542967,0.014913967,0.037354010,2.543423965,0,0.400000000
226.700309277,19872,3097,0,12012,7860,16798,752,132,134,71,63,9187,7611,435,317,2.351238200,1.769418264,24.573341062,191.107626440,nan,nan,nan,nan,nan,0.000000000,3.548413049,2.658554993,0.018302992,0.044425018,2.801551018,0,0.400000000
226.798975706,19968,3040,0,11941,8027,16924,757,141,147,79,68,9132,7792,436,321,2.361883000,1.744134701,28.996069452,185.709536675,45.010328293,2,1.000000000,nan,nan,0.000000000,3.916981979,2.365880006,0.015961996,0.036747952,2.493138018,0,0.400000000
226.901569605,19296,2875,0,11661,7635,16417,766,153,152,83,69,8989,7428,439,327,2.388020275,1.794056318,25.285670440,187.721514364,nan,1,nan,nan,nan,0.000000000,7.014772971,3.974671999,0.025842979,0.066636014,4.164476006,0,0.400000000
226.999858379,20448,2839,0,11969,8479,17605,769,146,147,78,69,9288,8317,432,337,2.337635072,1.726075573,25.912576478,190.415617991,nan,1,nan,nan,nan,0.000000000,4.018937005,2.307899995,0.016123056,0.040836981,2.433318994,0,0.400000000
227.100572348,20256,2811,0,12169,8087,17441,766,141,145,75,70,9494,7947,439,327,2.382211401,1.790553590,26.416105650,188.536020728,4.507541656,2,0.000000000,nan,nan,0.000000000,4.087432986,2.300027001,0.015775091,0.047073991,2.423213038,0,0.400000000
227.198910475,20064,2605,0,11765,8299,17441,766,153,153,78,75,9494,7947,439,327,2.382211401,1.790553590,30.290159848,265.394883016,nan,nan,nan,nan,nan,0.000000000,3.590599983,2.639306011,0.017642044,0.036967976,2.768363978,0,0.400000000
227.299687386,19968,2620,0,11678,8290,17441,766,149,150,77,73,9494,7947,439,327,2.382211401,1.790553590,30.963755234,264.297150736,nan,nan,nan,nan,nan,0.000000000,3.058997972,2.236245025,0.012102013,0.033767021,2.331341035,0,0.400000000
227.399144411,19776,2333,0,11525,8251,17439,817,153,161,82,79,9222,8217,440,377,2.291528798,1.765784269,28.695416085,246.148560041,nan,1,nan,nan,nan,0.000000000,4.363016982,2.479143965,0.017764047,0.048524991,2.609689021,0,0.400000000
227.499027491,19968,2552,0,11650,8318,17412,839,161,148,74,74,9105,8307,460,379,2.252062447,1.839349895,24.416933148,201.599171891,173.544883728,3,1.000000000,nan,nan,0.000000000,4.751808010,2.593818062,0.017160026,0.042737985,2.718909993,0,0.400000000
227.598913908,19872,2226,0,11489,8383,17412,839,149,156,74,82,9105,8307,460,379,2.252062447,1.839349895,25.179120539,223.876571255,nan,nan,nan,nan,nan,0.000000000,3.521276987,2.631207986,0.017830054,0.046067988,2.764197998,0,0.400000000
227.701330662,19776,2390,0,11456,8320,17382,798,149,160,80,80,9066,8316,416,382,2.220817535,2.043568707,30.753382012,284.162637104,4.483699799,2,0.000000000,nan,nan,0.000000000,4.787557991,2.990078006,0.021769956,0.083066989,3.162536013,0,0.400000000
227.801599741,20064,2196,0,11420,8644,17864,803,173,154,83,71,9224,8640,421,382,2.182357901,1.974627311,28.744444044,217.601909170,90.424060822,4,1.000000000,nan,nan,0.000000000,5.297336960,2.836622065,0.020832988,0.042713014,2.986903011,0,0.400000000
227.903576374,20064,2492,0,11420,8644,17568,818,156,157,79,78,8928,8640,438,380,2.218255463,2.060431191,24.383364802,247.781846644,3.946065903,2,0.000000000,nan,nan,0.000000000,4.646016052,2.590801916,0.017198035,0.056671037,2.718263015,0,0.400000000
227.999365568,19872,2160,0,11410,8462,17568,818,165,161,81,80,8928,8640,438,380,2.218255463,2.060431191,27.450547587,284.605604870,nan,nan,nan,nan,nan,0.000000000,3.269011038,2.439575968,0.017877028,0.043040025,2.566806041,0,0.400000000
228.098992109,20160,2334,0,11376,8784,17822,826,162,158,81,77,9042,8780,432,394,2.302388553,2.068413556,24.622929381,300.173073036,39.974212646,3,1.000000000,nan,nan,0.000000000,7.780712971,4.252470040,0.028604991,0.074932002,4.455198010,0,0.400000000
228.201744318,19584,2070,0,11113,8471,17822,826,162,158,80,78,9042,8780,432,394,2.302388553,2.068413556,21.061629301,302.328441038,nan,nan,nan,nan,nan,0.000000000,3.387402976,2.524490992,0.017717946,0.036928977,2.653100993,0,0.400000000
228.299111366,20256,2193,0,11315,8941,18059,858,148,154,78,76,9122,8937,445,413,2.621327274,2.066272539,24.029174590,221.226751497,72.182178497,3,1.000000000,nan,nan,0.000000000,5.830702954,3.097373934,0.017935992,0.043314009,3.231081995,0,0.400000000
228.399062395,19968,2115,0,11309,8659,18059,858,158,158,80,78,9122,8937,445,413,2.621327274,2.066272539,24.007281956,230.602461054,nan,nan,nan,nan,nan,0.000000000,3.671951999,2.789866005,0.019507017,0.066978973,2.929057984,0,0.400000000
228.499076843,20064,1989,0,11127,8937,18059,858,157,158,82,76,9122,8937,445,413,2.621327274,2.066272539,24.159358294,232.792708077,nan,nan,nan,nan,nan,0.000000000,3.869496984,2.734104055,0.017534010,0.050199975,2.871194971,0,0.400000000
228.601992369,19392,2241,0,10776,8616,18059,858,156,154,79,75,9122,8937,445,413,2.621327274,2.066272539,24.061627548,226.510482166,nan,nan,nan,nan,nan,0.000000000,3.374619002,2.535790030,0.016573002,0.040829007,2.656949975,0,0.400000000
228.700235128,20448,1915,0,11362,9086,18529,889,195,168,83,85,9443,9086,459,430,2.671431325,1.997409472,30.475130789,243.587380838,nan,1,nan,nan,nan,0.000000000,4.350387026,2.677012060,0.020920997,0.067182002,2.812198945,0,0.400000000
228.798946857,20160,2273,0,11217,8943,17883,860,152,153,80,73,8943,8940,449,411,2.598998953,2.020525674,26.140621346,248.547236626,4.388809204,2,0.000000000,nan,nan,0.000000000,4.284663009,2.517587971,0.016487029,0.042862957,2.644241031,0,0.400000000
228.900316954,19776,1923,0,10888,8888,17849,878,162,168,84,84,8965,8884,458,420,2.654804277,1.953596167,28.244684122,262.836408656,4.279375076,2,0.000000000,nan,nan,0.000000000,10.825691978,5.935307068,0.034981000,0.092887029,6.185370032,0,0.400000000
228.999199152,19968,2313,0,11224,8744,17651,853,144,150,83,67,8911,8740,453,400,2.676182016,2.034172573,23.483003259,179.783274317,59.615373611,5,1.000000000,nan,nan,0.000000000,5.200783955,2.911569085,0.017667946,0.041760039,3.048838989,0,0.400000000
229.098940372,20064,1885,0,10951,9113,18175,872,164,164,87,77,9066,9109,462,410,2.687600494,1.985458463,31.183696992,295.901577811,10.959625244,2,0.000000000,nan,nan,0.000000000,4.330502998,2.620615065,0.017653976,0.065076048,2.748700033,0,0.400000000
229.198970795,20160,2259,0,11485,8675,18175,872,165,165,89,76,9066,9109,462,410,2.687600494,1.985458463,30.387974502,290.737589811,nan,nan,nan,nan,nan,0.000000000,5.536862998,4.217626993,0.029390038,0.064604043,4.436430987,0,0.400000000
229.299473286,19872,1907,0,10956,8916,17961,855,165,161,93,68,9045,8916,453,402,2.731011900,1.974967616,30.897100459,273.222666331,nan,1,nan,nan,nan,0.000000000,4.706754989,2.679310914,0.018048042,0.043637992,2.807084005,0,0.400000000
229.400455713,20064,2261,0,11301,8763,17799,852,159,150,82,68,9036,8763,456,396,2.749034504,1.969660613,31.815407044,259.865196784,nan,1,nan,nan,nan,0.000000000,7.567664026,4.280637018,0.031653035,0.045138004,4.511464969,0,0.400000000
229.499530792,19968,1940,0,11019,8949,18024,858,165,161,85,76,9079,8945,456,402,2.761129090,1.970287255,31.198512656,278.179739807,5.914449692,14,0.000000000,nan,nan,0.000000000,5.132603983,2.815517015,0.017992978,0.054090982,2.946224995,0,0.400000000
229.600309134,19776,2079,0,10939,8837,18024,858,162,161,83,78,9079,8945,456,402,2.761129090,1.970287255,34.451155686,303.140826853,nan,nan,nan,nan,nan,0.000000000,3.499953018,2.626724017,0.018649036,0.050584029,2.765357029,0,0.400000000
229.700447083,20160,1935,0,11054,9106,18024,858,158,157,80,77,9079,8945,456,402,2.761129090,1.970287255,33.053540961,302.145160403,nan,nan,nan,nan,nan,0.000000000,4.110214999,2.983502985,0.021037995,0.049210968,3.121328016,0,0.400000000
229.798954725,20064,2070,0,10916,9148,18024,858,158,158,81,77,9079,8945,456,402,2.761129090,1.970287255,33.065208007,302.312316866,nan,nan,nan,nan,nan,0.000000000,3.344964003,2.530961996,0.016723061,0.056246005,2.653422009,0,0.400000000
229.900362015,19968,1979,0,11115,8853,17985,853,156,158,87,71,9136,8849,459,394,2.816014443,1.976100662,25.497302537,265.059839057,nan,1,nan,nan,nan,0.000000000,8.297619992,4.720116965,0.028305047,0.065407017,4.918545019,0,0.400000000
229.998970747,19968,1928,0,10909,9059,17985,853,156,158,91,67,9136,8849,459,394,2.816014443,1.976100662,27.445268178,283.568512600,nan,nan,nan,nan,nan,0.000000000,3.489630006,2.578712010,0.016873993,0.057985017,2.702079015,0,0.400000000
230.099573851,20064,2016,0,11245,8819,17985,853,159,160,94,66,9136,8849,459,394,2.816014443,1.976100662,27.876162152,278.874779501,nan,nan,nan,nan,nan,0.000000000,4.005855008,3.079180082,0.022777007,0.074676005,3.240827995,0,0.400000000
230.199037790,19968,1781,0,10825,9143,18183,881,131,154,81,73,9040,9143,468,413,2.892630376,1.938302286,28.312188020,316.028474726,39.652109146,7,1.000000000,nan,nan,0.000000000,4.466851999,2.792807994,0.015362981,0.053852040,2.909897012,0,0.400000000
230.300333500,20064,2087,0,11157,8907,17973,875,166,172,88,84,9066,8907,465,410,2.903204346,1.966441443,35.015762350,346.635306837,nan,1,nan,nan,nan,0.000000000,4.427943961,2.624256944,0.018154038,0.051526993,2.755002002,0,0.400000000
230.399558783,19968,1759,0,10746,9222,18205,908,179,164,94,70,8987,9218,483,425,2.941608125,1.933131422,31.796480106,342.517407347,23.669242859,2,1.000000000,nan,nan,0.000000000,6.599506014,4.239130998,0.023934001,0.070400012,4.417470016,0,0.400000000
230.500287056,19872,2038,0,10975,8897,18205,908,173,172,101,71,8987,9218,483,425,2.941608125,1.933131422,32.290263653,361.580643622,nan,nan,nan,nan,nan,0.000000000,3.565629013,2.665547945,0.018636056,0.042525993,2.793569001,0,0.400000000
230.600053787,19968,1718,0,10713,9255,18246,948,187,181,105,76,8995,9251,488,460,2.997176861,1.999417408,38.027528833,362.741518331,104.507207870,4,1.000000000,nan,nan,0.000000000,4.905904992,3.156860010,0.022684981,0.085760024,3.316115006,0,0.400000000
230.699237585,20256,2047,0,11025,9231,18205,970,177,176,94,82,8977,9228,476,494,2.990026264,2.021300717,32.502033670,365.037424948,4.251956940,2,0.000000000,nan,nan,0.000000000,5.655455985,3.208743001,0.020084030,0.063476968,3.343218006,0,0.400000000
230.798901558,19872,1531,0,10701,9171,18337,1003,170,166,87,79,9166,9171,498,505,2.997252616,2.052354266,35.493517508,333.650207589,nan,1,nan,nan,nan,0.000000000,4.891794000,3.122406022,0.019023020,0.095169002,3.256902040,0,0.400000000
230.899048805,19104,1072,0,10127,8977,18028,955,161,176,101,75,9051,8977,482,473,3.005195113,2.040982579,39.143520261,297.373001574,nan,1,nan,nan,nan,0.000000000,4.671654955,2.837467939,0.018026971,0.070548034,2.963364008,0,0.400000000
230.999253988,20448,1904,0,11124,9324,18028,955,169,165,94,71,9051,8977,482,473,3.005195113,2.040982579,35.097588579,295.543359303,nan,nan,nan,nan,nan,0.000000000,4.907736962,3.852558963,0.026469992,0.067098998,4.035877006,0,0.400000000
231.099252701,19584,1585,0,10654,8930,18028,955,165,163,90,73,9051,8977,482,473,3.005195113,2.040982579,34.501380998,275.601663446,nan,nan,nan,nan,nan,0.000000000,5.373882013,3.890372987,0.022380962,0.049238966,4.049198993,0,0.400000000
231.199465036,20352,1819,0,10736,9616,18529,938,156,148,82,66,8917,9612,451,487,3.044075728,2.118840936,30.240950745,341.671492103,nan,1,nan,nan,nan,0.000000000,4.735116963,2.805995988,0.016717939,0.075892021,2.930157993,0,0.400000000
231.299142122,19968,1798,0,10967,9001,18529,938,150,151,78,73,8917,9612,451,487,3.044075728,2.118840936,24.849765089,323.246888561,nan,nan,nan,nan,nan,0.000000000,3.787834954,2.838905028,0.016177015,0.051070005,2.959793026,0,0.400000000
231.399053335,19968,1762,0,10725,9243,18202,947,181,154,76,78,8959,9243,462,485,3.078527560,2.108617343,25.756176527,302.400135218,nan,1,nan,nan,nan,0.000000000,4.562354996,2.807347977,0.018882973,0.066587992,2.940509003,0,0.400000000
231.499042273,19968,1755,0,10953,9015,18209,966,183,178,79,99,9194,9015,481,485,3.062045363,2.116396516,36.347914095,362.922827914,10.087490082,4,0.000000000,nan,nan,0.000000000,6.028736010,3.509889939,0.024306879,0.064652995,3.665213997,0,0.400000000
231.599028111,20064,1742,0,10796,9268,18318,961,156,157,74,83,9050,9268,485,476,3.085090386,2.101728053,30.787964274,308.618185049,nan,1,nan,nan,nan,0.000000000,4.537158005,2.831490943,0.016943028,0.049361028,2.955775009,0,0.400000000
231.701823235,19968,1786,0,10926,9042,18178,956,153,159,77,82,9136,9042,482,474,3.078171311,2.124808156,35.001250964,301.125720211,20.057916641,3,1.000000000,nan,nan,0.000000000,6.437169039,4.059099010,0.018732040,0.062359031,4.227905010,0,0.400000000
231.802593708,19968,1695,0,10598,9370,18269,945,171,169,75,94,8901,9368,471,474,3.107129545,2.067906864,31.379452937,387.185887714,6.378889084,3,0.000000000,nan,nan,0.000000000,5.849490000,3.228288027,0.021327985,0.052065996,3.378700989,0,0.400000000
231.899112463,19968,1763,0,10818,9150,18201,936,203,184,87,97,9054,9147,477,459,3.098197043,2.112061568,42.622409379,375.204502026,84.457635880,3,1.000000000,nan,nan,0.000000000,10.869421996,7.148308970,0.059151032,0.154313981,7.511566975,0,0.400000000
231.999037266,19968,1647,0,10614,9354,18317,985,168,177,89,88,8967,9350,483,502,3.109732774,2.112072351,34.860505228,391.541188175,6.077051163,2,0.000000000,nan,nan,0.000000000,4.750804976,2.959637030,0.018103048,0.085553038,3.089369042,0,0.400000000
232.099024773,20064,1861,0,10818,9246,18199,955,182,186,89,97,8957,9242,481,474,3.088208158,2.168835470,39.100552502,404.061536483,nan,1,nan,nan,nan,0.000000000,4.682230006,2.922631975,0.019997999,0.069726957,3.059256007,0,0.400000000
232.198965073,20064,1635,0,10729,9335,18425,971,183,187,83,104,9094,9331,480,491,3.090642745,2.163510826,39.160804579,448.949455491,6.060123444,9,0.000000000,nan,nan,0.000000000,6.546133955,3.743411973,0.024309964,0.067777990,3.907845996,0,0.400000000
232.300959349,19968,1813,0,10844,9124,18151,949,164,158,64,94,9027,9124,479,470,3.082446566,2.234496369,27.168949078,321.137229124,8.245229721,22,0.000000000,nan,nan,0.000000000,4.539534973,2.762109041,0.017173996,0.086810032,2.884842979,0,0.400000000
232.398991108,19872,1639,0,10644,9228,18229,952,169,178,74,104,9001,9228,469,483,3.055477998,2.203303083,33.202362960,480.881940304,5.882501602,2,0.000000000,nan,nan,0.000000000,6.219102012,4.188716994,0.033228018,0.097062031,4.399273952,0,0.400000000
232.498952150,20160,1857,0,11029,9131,18299,932,157,163,72,91,9168,9131,454,478,3.099564112,2.254766687,31.019718333,347.257668401,85.433006287,10,1.000000000,nan,nan,0.000000000,4.892911995,2.808141988,0.018503983,0.058202015,2.936342033,0,0.400000000
232.598986864,19872,1614,0,10650,9222,18254,943,190,177,82,95,9032,9222,459,484,3.052440263,2.229254792,36.114837796,377.059963952,4.582405090,2,0.000000000,nan,nan,0.000000000,4.692004994,2.806550008,0.022144988,0.059172977,2.956860990,0,0.400000000
232.699792147,20160,1831,0,10803,9357,18325,961,193,189,87,102,8968,9357,474,487,3.069730523,2.227031677,38.192591758,452.594974095,nan,1,nan,nan,nan,0.000000000,13.848095958,6.532824016,0.038453960,0.150703010,6.788700994,0,0.400000000
232.801488638,19872,1598,0,10658,9214,18270,963,176,176,75,101,9060,9210,475,488,3.057804311,2.223709709,29.657803675,305.397495131,80.116510391,3,1.000000000,nan,nan,0.000000000,4.524775024,2.817895904,0.019455038,0.059184036,2.956135955,0,0.400000000
232.900434732,20160,1876,0,10699,9461,18270,963,173,176,79,97,9060,9210,475,488,3.057804311,2.223709709,30.441041533,380.836252372,nan,nan,nan,nan,nan,0.000000000,3.806052031,2.803555923,0.019316038,0.045326015,2.939559985,0,0.400000000
233.000399113,19872,1644,0,10703,9169,18224,977,199,187,79,108,9059,9165,487,490,3.069261892,2.267469952,37.675194514,415.308899717,6.009340286,2,0.000000000,nan,nan,0.000000000,4.793881031,2.861536050,0.021489919,0.051213952,3.003134043,0,0.400000000
233.099038601,19968,1781,0,10546,9422,18183,1003,205,194,87,107,8765,9418,497,506,3.128306962,2.321592563,41.359751952,406.872663169,9.925603867,38,0.000000000,nan,nan,0.000000000,9.569137008,4.951419018,0.023852976,0.059164013,5.095675006,0,0.400000000
233.198994398,20064,1678,0,10870,9194,18382,971,193,186,82,104,9188,9194,479,492,3.076119976,2.334487511,37.217572199,440.804181570,20.177602768,4,1.000000000,nan,nan,0.000000000,4.551847000,2.840711968,0.020212959,0.059542013,2.975740004,0,0.400000000
233.298982620,20064,1776,0,10698,9366,18284,1005,192,204,95,109,8918,9366,495,510,3.100087248,2.328778776,46.002883713,473.089852535,6.256103516,3,0.000000000,nan,nan,0.000000000,4.619614978,2.932284959,0.021309010,0.056412013,3.067518002,0,0.400000000
233.400990963,20064,1819,0,10844,9220,18241,965,171,173,79,94,9021,9220,473,492,3.073522813,2.331642033,33.313488960,403.190147775,3.929615021,2,0.000000000,nan,nan,0.000000000,4.631612042,2.883266017,0.019306957,0.066050969,3.023466968,0,0.400000000
233.500945330,19680,1660,0,10291,9389,18016,1002,198,194,85,109,8631,9385,482,520,3.133368610,2.282437503,40.363246334,389.460672659,nan,1,nan,nan,nan,0.000000000,6.029884971,4.175508104,0.036317972,0.091498019,4.389769048,0,0.400000000
233.601458549,20256,1900,0,10817,9439,18352,982,202,188,82,106,8913,9439,472,510,3.084357043,2.355893265,37.241131201,485.983927301,39.878368378,2,1.000000000,nan,nan,0.000000000,9.207031981,5.063079007,0.032418990,0.115795992,5.274385039,0,0.400000000
233.699114084,19968,1663,0,10407,9561,18352,982,190,188,81,107,8913,9439,472,510,3.084357043,2.355893265,38.629326698,476.353949200,nan,nan,nan,nan,nan,0.000000000,3.928493999,2.895582991,0.020143983,0.063654035,3.027282015,0,0.400000000
233.800250053,20064,1906,0,10626,9438,18154,980,179,177,73,104,8720,9434,472,508,3.094312529,2.402623143,38.223501057,412.311115587,nan,1,nan,nan,nan,0.000000000,4.716353025,2.902984968,0.019795960,0.065710046,3.034587018,0,0.400000000
233.899051905,19968,1751,0,10480,9488,18154,980,166,166,69,97,8720,9434,472,508,3.094312529,2.402623143,34.417644374,353.216431607,nan,nan,nan,nan,nan,0.000000000,3.743703011,2.870158060,0.017871964,0.056250021,2.994439041,0,0.400000000
233.999028444,20064,1909,0,10776,9288,18151,963,176,173,73,100,8866,9285,462,501,3.069718966,2.351432298,35.174746913,456.240432850,3.840923309,2,0.000000000,nan,nan,0.000000000,4.544462019,2.835762047,0.018522027,0.058419013,2.963931009,0,0.400000000
234.098948956,19872,1762,0,10569,9303,18151,963,179,177,76,101,8866,9285,462,501,3.069718966,2.351432298,34.243926496,468.078866548,nan,nan,nan,nan,nan,0.000000000,5.369019986,3.961071023,0.026797992,0.046328991,4.136004020,0,0.400000000
234.198925018,20160,1955,0,10971,9189,18201,950,196,181,76,105,9065,9136,454,496,3.056017170,2.381060560,36.346005215,450.295933783,62.537193298,6,1.000000000,nan,nan,0.000000000,4.571355996,2.860051056,0.020566978,0.058390957,2.998632961,0,0.400000000
234.299641132,19968,1884,0,10879,9089,18080,937,202,191,73,118,9044,9036,443,494,3.021111801,2.398415103,30.314201982,423.683888110,8.506774902,4,0.000000000,nan,nan,0.000000000,4.725678009,2.995832998,0.023945991,0.092706003,3.151048033,0,0.400000000
234.399014711,20064,1988,0,10784,9280,18072,966,208,201,86,115,8847,9225,459,507,3.030571189,2.392517927,40.697593624,469.425717731,39.950847626,3,1.000000000,nan,nan,0.000000000,4.812233965,2.940946957,0.023418979,0.057863013,3.088379977,0,0.400000000
234.498902082,19872,1922,0,10956,8916,18072,966,203,204,88,116,8847,9225,459,507,3.030571189,2.392517927,44.350819217,530.394787754,nan,nan,nan,nan,nan,0.000000000,7.453861006,5.802279047,0.039010949,0.044878980,6.051643984,0,0.400000000
234.599265814,20064,1967,0,10810,9254,18093,945,180,183,71,112,8891,9202,450,495,3.013123818,2.492115595,32.828170346,493.563307179,40.121078491,20,1.000000000,nan,nan,0.000000000,7.712110993,4.114695941,0.025611022,0.057358004,4.289430974,0,0.400000000
234.699699640,20352,1922,0,11306,9046,18426,916,184,191,78,113,9417,9009,435,481,3.005392687,2.542649970,35.069601824,460.830552012,19.265174866,3,1.000000000,nan,nan,0.000000000,4.635086982,2.842937945,0.020225008,0.048852002,2.975822019,0,0.400000000
234.800248146,20064,1914,0,11008,9056,18146,952,168,186,66,120,9124,9022,453,499,3.034795997,2.502249390,34.876176702,503.048211616,11.155843735,9,0.000000000,nan,nan,0.000000000,8.878569002,5.470042059,0.039005012,0.053219963,5.733511003,0,0.400000000
234.899043560,19872,1882,0,10993,8879,17986,913,187,193,82,111,9129,8857,435,478,2.974669339,2.569214681,33.642328060,466.614263233,7.873535156,2,0.000000000,nan,nan,0.000000000,7.344295038,4.052555945,0.025909045,0.044765999,4.223925003,0,0.400000000
235.001005411,20256,1983,0,11121,9135,17986,913,191,192,81,111,9129,8857,435,478,2.974669339,2.569214681,32.353945032,452.869552694,nan,nan,nan,nan,nan,0.000000000,3.683074960,2.720082062,0.020367908,0.041998981,2.855886007,0,0.400000000
235.103458166,20160,1884,0,11054,9106,18272,933,199,181,77,104,9176,9096,444,489,2.963839739,2.590112507,31.672050922,421.671007969,3.356695175,2,0.000000000,nan,nan,0.000000000,7.679464004,4.738218908,0.029649062,0.073787989,4.957597004,0,0.400000000
235.200225830,19968,1849,0,10978,8990,18115,944,178,179,74,105,9129,8986,450,494,2.996837166,2.581457975,32.847552845,391.933184222,43.765306473,4,1.000000000,nan,nan,0.000000000,12.899564987,8.214408008,0.054953096,0.109976972,8.581088041,0,0.400000000
235.300340652,19968,1912,0,11103,8865,18052,945,188,188,73,115,9187,8865,450,495,2.965681314,2.625381747,35.178563043,394.758125691,6.315946579,2,0.000000000,nan,nan,0.000000000,5.327017978,3.244902007,0.023523986,0.067907968,3.408948018,0,0.400000000
235.399629116,20064,1819,0,11145,8919,18241,942,204,197,75,122,9322,8919,430,512,2.963512665,2.626774543,38.688095402,437.239891225,30.022621155,3,1.000000000,nan,nan,0.000000000,9.099954972,5.384155083,0.043252949,0.077184988,5.665189994,0,0.400000000
235.499487877,19968,1896,0,11064,8904,18241,942,203,200,79,121,9322,8919,430,512,2.963512665,2.626774543,41.529809355,447.950806698,nan,nan,nan,nan,nan,0.000000000,5.634149013,4.632529977,0.038550003,0.058047997,4.870365025,0,0.400000000
235.598910809,20064,1869,0,11209,8855,18191,931,199,199,75,124,9336,8855,426,505,2.925677501,2.666708496,41.200410399,467.892693708,5.574464798,2,0.000000000,nan,nan,0.000000000,8.606353018,5.829476984,0.047848909,0.108250009,6.143810984,0,0.400000000
235.700229168,19776,1893,0,10859,8917,17879,948,202,210,81,129,8962,8917,426,522,2.950160018,2.686752327,42.160514268,547.693013698,6.460189819,2,0.000000000,nan,nan,0.000000000,14.000720985,8.871183032,0.057232915,0.123118982,9.233717981,0,0.400000000
235.906076431,19872,1881,0,10954,8918,17987,932,195,204,74,130,9073,8914,406,526,2.957167829,2.720084091,47.574360614,427.889985587,4.447460175,2,0.000000000,nan,nan,0.000000000,4.700832011,2.814147971,0.022016000,0.059472979,2.958709025,0,0.400000000
236.001558781,19776,1444,0,10819,8957,18328,913,227,203,76,127,9374,8954,401,512,2.905715334,2.718885413,43.534460146,383.673974512,130.130529404,5,1.000000000,nan,nan,0.000000000,4.626473004,2.759988944,0.023728993,0.050048984,2.905477013,0,0.400000000
236.098896265,19872,1571,0,10914,8958,18297,929,208,205,78,127,9339,8958,417,512,2.916852056,2.718750960,50.489846354,486.133272253,54.325342178,5,1.000000000,nan,nan,0.000000000,4.490146996,2.811459999,0.022185035,0.068027992,2.951584989,0,0.400000000
236.199129343,19968,1624,0,11006,8962,18340,941,225,222,87,135,9378,8962,400,541,2.877092805,2.735512188,56.390787464,424.741137303,nan,1,nan,nan,nan,0.000000000,9.196439991,5.532025010,0.051009993,0.064292050,5.818751000,0,0.400000000
236.298880339,19968,1713,0,11057,8911,18251,905,199,197,68,129,9342,8909,395,510,2.895756864,2.678370036,51.268380677,469.071521969,19.898414612,4,1.000000000,nan,nan,0.000000000,7.230691961,4.834392981,0.030260999,0.076810946,5.030765024,0,0.400000000
236.400223255,19968,1862,0,10922,9046,18251,905,198,200,66,134,9342,8909,395,510,2.895756864,2.678370036,54.424884070,499.190922790,nan,nan,nan,nan,nan,0.000000000,12.569429004,9.683146083,0.078487094,0.118028023,10.134172044,0,0.400000000
236.498890877,19680,1660,0,10970,8710,18251,905,201,202,67,135,9342,8909,395,510,2.895756864,2.678370036,54.642147612,501.556697061,nan,nan,nan,nan,nan,0.000000000,7.951715030,5.911312008,0.047983951,0.076802971,6.211648986,0,0.400000000
236.601608753,19680,1844,0,10693,8987,17832,916,228,216,81,135,8845,8987,378,538,2.870889991,2.747378909,57.625131087,515.975560357,nan,1,nan,nan,nan,0.000000000,8.693228010,5.974119005,0.053122989,0.180463016,6.285723008,0,0.400000000
236.701452017,20448,1719,0,11257,9191,18725,932,211,204,78,126,9534,9191,393,539,2.795377341,2.779795798,52.743223591,358.211744004,nan,1,nan,nan,nan,0.000000000,6.380751031,3.592128051,0.026600028,0.060353021,3.758937994,0,0.400000000
236.798879862,19968,1730,0,10795,9173,18725,932,205,203,72,131,9534,9191,393,539,2.795377341,2.779795798,51.795156660,471.554611942,nan,nan,nan,nan,nan,0.000000000,3.796015983,2.832039027,0.022834982,0.091472000,2.979280020,0,0.400000000
236.898923874,20064,1779,0,10952,9112,18725,932,201,202,72,130,9534,9191,393,539,2.795377341,2.779795798,50.709486760,465.397640295,nan,nan,nan,nan,nan,0.000000000,4.344104964,3.380527953,0.029000046,0.061266008,3.562083992,0,0.400000000
237.000221491,19776,1719,0,10786,8990,18725,932,202,202,73,129,9534,9191,393,539,2.795377341,2.779795798,50.827387787,464.988461874,nan,nan,nan,nan,nan,0.000000000,6.127592002,4.328106996,0.030962983,0.060788996,4.525755998,0,0.400000000
237.098954678,19968,1874,0,10916,9052,18090,942,205,224,67,157,9042,9048,337,605,2.653314759,2.932947388,62.745268416,482.007593505,94.472169876,3,1.000000000,nan,nan,0.000000000,8.036896994,4.151469970,0.033992983,0.082388986,4.363686021,0,0.400000000
237.199149847,19968,1704,0,10746,9222,18260,902,208,196,51,145,9042,9218,304,598,2.658045169,2.906835081,53.617297194,332.025680838,19.333124161,3,1.000000000,nan,nan,0.000000000,4.583704984,2.725308004,0.022897031,0.074841955,2.865115006,0,0.400000000
237.298930407,19680,1942,0,10829,8851,18260,902,207,213,58,155,9042,9218,304,598,2.658045169,2.906835081,58.371797821,449.145996005,nan,nan,nan,nan,nan,0.000000000,3.568598011,2.689477056,0.023386034,0.059726008,2.834567975,0,0.400000000
237.400643587,20352,1731,0,11043,9309,18617,854,176,195,54,141,9312,9305,295,559,2.633192174,2.934070371,52.286845267,342.760778221,30.139923096,5,1.000000000,nan,nan,0.000000000,7.867188018,5.100233015,0.040243031,0.108100998,5.370881991,0,0.400000000
237.499003172,20064,1982,0,11028,9036,18078,884,211,212,58,154,9042,9036,296,588,2.631553536,2.959184517,54.242719702,376.742156475,56.143522263,6,1.000000000,nan,nan,0.000000000,6.634884980,3.618371033,0.030365016,0.057347002,3.807290981,0,0.400000000
237.598965645,19872,1761,0,10724,9148,18078,884,215,215,58,157,9042,9036,296,588,2.631553536,2.959184517,53.297079796,438.510750124,nan,nan,nan,nan,nan,0.000000000,3.456802981,2.582484041,0.023116940,0.043727981,2.726965002,0,0.400000000
237.798873186,20064,1897,0,10807,9257,18163,882,253,210,56,154,8910,9253,298,584,2.578926775,2.974049558,49.865650212,451.314816184,1.752614975,2,0.000000000,nan,nan,0.000000000,4.321852000,2.636717982,0.026371970,0.080478028,2.788117970,0,0.400000000
237.900258064,20064,2295,0,10854,9210,17765,904,223,213,59,154,8559,9206,296,608,2.599583576,2.993859260,54.668078220,426.757511927,nan,1,nan,nan,nan,0.000000000,7.311574009,4.023987975,0.034136057,0.060579972,4.228621023,0,0.400000000
237.998960733,20064,2120,0,11077,8987,17765,904,216,214,56,158,8559,9206,296,608,2.599583576,2.993859260,51.587365644,454.614604322,nan,nan,nan,nan,nan,0.000000000,3.531127004,2.664534957,0.024229055,0.031517004,2.813072002,0,0.400000000
238.098838329,20160,2412,0,11115,9045,17765,904,214,214,56,158,8559,9206,296,608,2.599583576,2.993859260,51.601056752,447.846361835,nan,nan,nan,nan,nan,0.000000000,3.759933985,2.885448048,0.019315048,0.038150989,3.013566020,0,0.400000000
238.201567650,19968,2291,0,11024,8944,17765,904,214,214,56,158,8559,9206,296,608,2.599583576,2.993859260,51.601056719,447.873874091,nan,nan,nan,nan,nan,0.000000000,5.515932979,4.223619006,0.029773975,0.059341022,4.413668998,0,0.400000000
238.300001860,19968,2504,0,10810,9158,17460,881,217,208,49,159,8303,9157,270,611,2.576419816,2.989199374,50.842825394,366.906429811,4.190921783,2,0.000000000,nan,nan,0.000000000,4.240296024,2.608636976,0.023201050,0.045722001,2.750454994,0,0.400000000
238.399089575,20352,2532,0,10977,9375,17816,873,206,209,45,164,8442,9374,278,595,2.547294566,2.997396185,51.123157739,379.073099244,nan,1,nan,nan,nan,0.000000000,4.367205023,2.541608061,0.022129039,0.063458981,2.682132006,0,0.400000000
238.498829365,20064,2413,0,10872,9192,17647,857,197,201,45,156,8459,9188,266,591,2.547663443,2.981166942,47.357676822,344.652807181,nan,1,nan,nan,nan,0.000000000,4.146257997,2.536563959,0.021327927,0.035305973,2.674410003,0,0.400000000
238.599040508,19968,2582,0,11011,8957,17382,848,209,201,44,157,8425,8957,266,582,2.552265223,3.004286887,51.380691732,362.172708242,19.779682159,6,1.000000000,nan,nan,0.000000000,4.178770992,2.542597009,0.022495049,0.037034974,2.686555032,0,0.400000000
238.698831797,20064,2503,0,10910,9154,17382,848,202,201,44,157,8425,8957,266,582,2.552265223,3.004286887,50.807467836,355.760253955,nan,nan,nan,nan,nan,0.000000000,3.853057045,2.968087036,0.027626054,0.050756964,3.144870978,0,0.400000000
238.799098730,19968,2726,0,11054,8914,17238,840,187,196,39,157,8324,8914,264,576,2.517851685,2.987286309,47.385348066,364.922470156,40.295839310,7,1.000000000,nan,nan,0.000000000,5.696029984,3.719812026,0.032460957,0.087515975,3.930278996,0,0.400000000
238.898843527,20064,2696,0,10760,9304,17364,849,193,195,41,154,8061,9303,266,583,2.526566657,2.955160489,49.614469298,369.755506889,4.516363144,2,0.000000000,nan,nan,0.000000000,4.229446989,2.513881947,0.022177061,0.044219021,2.654394018,0,0.400000000
239.002596617,19680,2900,0,10868,8812,17364,849,195,196,43,153,8061,9303,266,583,2.526566657,2.955160489,49.629243817,355.037890709,nan,nan,nan,nan,nan,0.000000000,3.487550013,2.511266968,0.021105981,0.040468003,2.662312007,0,0.400000000
239.100495338,20448,3004,0,10843,9605,17364,849,197,196,43,153,8061,9303,266,583,2.526566657,2.955160489,49.669991756,359.301381007,nan,nan,nan,nan,nan,0.000000000,7.178262982,5.508484028,0.046543952,0.081781996,5.805530003,0,0.400000000
239.202935934,20064,3231,0,11102,8962,16829,840,187,192,36,156,7871,8958,249,591,2.528935532,2.960484850,47.550441865,336.286708366,99.840164185,2,1.000000000,nan,nan,0.000000000,5.812184012,3.211762989,0.025158981,0.140819000,3.381534014,0,0.400000000
239.300288439,19872,3222,0,10862,9010,16829,840,188,190,33,157,7871,8958,249,591,2.528935532,2.960484850,43.600715701,317.666560863,nan,nan,nan,nan,nan,0.000000000,3.301506978,2.452188055,0.020659994,0.044644985,2.590417978,0,0.400000000
239.400186062,20064,3337,0,11049,9015,16829,840,189,188,33,155,7871,8958,249,591,2.528935532,2.960484850,43.820043323,319.227555855,nan,nan,nan,nan,nan,0.000000000,3.251783026,2.445063030,0.020368025,0.035068020,2.580221044,0,0.400000000
239.500192642,19872,3397,0,10900,8972,16829,840,188,188,33,155,7871,8958,249,591,2.528935532,2.960484850,43.806672124,319.107158121,nan,nan,nan,nan,nan,0.000000000,3.251952992,2.432321955,0.015603960,0.039072009,2.538277011,0,0.400000000
239.600932837,20160,3637,0,11056,9104,16519,807,194,182,41,141,7415,9104,253,554,2.497183705,2.924227409,45.239162183,347.225259895,nan,1,nan,nan,nan,0.000000000,4.326445982,2.574182989,0.023204018,0.043726992,2.737667004,0,0.400000000
239.700204372,19872,3595,0,10961,8911,16273,793,171,175,37,138,7366,8907,245,548,2.449666228,2.939335430,36.465837505,296.369168071,nan,1,nan,nan,nan,0.000000000,3.893773013,2.313312027,0.018168008,0.044212036,2.443081001,0,0.400000000
239.799024820,20064,3667,0,10740,9324,16273,793,176,178,37,141,7366,8907,245,548,2.449666228,2.939335430,37.269530420,309.618688700,nan,nan,nan,nan,nan,0.000000000,3.350674990,2.467056038,0.020935957,0.044221990,2.617731981,0,0.400000000
239.900157452,19968,3806,0,10931,9037,16158,806,177,185,42,143,7125,9033,245,561,2.417791991,2.957303824,33.278123858,246.462212588,38.472652435,4,1.000000000,nan,nan,0.000000000,6.134333962,3.956726985,0.037629099,0.099921017,4.182170029,0,0.400000000
239.998927116,19968,3793,0,10651,9317,16171,802,197,190,41,149,6858,9313,245,557,2.427036006,2.892921851,41.152581488,338.492021675,14.990329742,3,0.000000000,nan,nan,0.000000000,3.802624997,2.351255971,0.021341955,0.040759973,2.487248974,0,0.400000000
240.099901199,19968,4045,0,10943,9025,15919,800,198,200,36,164,6897,9022,235,565,2.430922501,2.948403732,40.803259806,385.594474254,5.133867264,2,0.000000000,nan,nan,0.000000000,7.374546025,4.506955040,0.038819038,0.068410998,4.754762049,0,0.400000000
240.198987246,20064,3962,0,10652,9412,16098,801,192,184,34,150,6690,9408,231,570,2.423327241,2.874048405,40.290199155,307.261001769,49.486160278,8,1.000000000,nan,nan,0.000000000,3.812502022,2.340505889,0.020108011,0.046590983,2.478029055,0,0.400000000
240.299456358,19968,4251,0,11042,8926,16098,801,182,184,35,149,6690,9408,231,570,2.423327241,2.874048405,39.301787476,303.417422298,nan,nan,nan,nan,nan,0.000000000,5.209719995,4.097535973,0.035326986,0.054573989,4.334108031,0,0.400000000
240.399083853,20160,4172,0,10911,9249,15984,788,183,187,30,157,6735,9249,222,566,2.383665477,2.863622550,39.508880736,328.707668087,nan,1,nan,nan,nan,0.000000000,6.102540996,3.361105046,0.027670932,0.048974005,3.552157024,0,0.400000000
240.500230074,19872,4390,0,10951,8921,15478,801,197,196,34,162,6557,8921,225,576,2.405612814,2.920702824,35.602286217,360.087078509,nan,1,nan,nan,nan,0.000000000,6.972622010,4.197748960,0.038035912,0.053906988,4.427292035,0,0.400000000
240.599082470,19968,4375,0,10797,9171,15478,801,194,194,30,164,6557,8921,225,576,2.405612814,2.920702824,36.931745646,345.983648498,nan,nan,nan,nan,nan,0.000000000,3.313577035,2.399886027,0.020831998,0.040340994,2.538895002,0,0.400000000
240.698789835,20064,4712,0,11146,8918,15478,801,191,194,30,164,6557,8921,225,576,2.405612814,2.920702824,36.932937707,345.482422497,nan,nan,nan,nan,nan,0.000000000,3.108989040,2.348694019,0.020640902,0.036455982,2.483731019,0,0.400000000
240.798951864,20160,4509,0,10872,9288,15478,801,191,193,29,164,6557,8921,225,576,2.405612814,2.920702824,35.939462043,344.477385389,nan,nan,nan,nan,nan,0.000000000,6.983631989,5.493810982,0.047162990,0.081564998,5.801995983,0,0.400000000
240.900285959,19968,4634,0,11018,8950,15478,801,192,192,28,164,6557,8921,225,576,2.405612814,2.920702824,35.890804134,343.720949449,nan,nan,nan,nan,nan,0.000000000,4.184946010,3.007082967,0.019957020,0.045383989,3.149968979,0,0.400000000
241.000262737,19968,4453,0,10964,9004,15511,741,187,171,27,144,6670,8841,215,526,2.342250264,2.917321037,33.473201021,294.581636481,nan,1,nan,nan,nan,0.000000000,3.742231987,2.241996932,0.020004984,0.039794017,2.377113036,0,0.400000000
241.100271463,19872,4449,0,10945,8927,15511,741,172,172,22,150,6670,8841,215,526,2.342250264,2.917321037,33.253090776,302.646236413,nan,nan,nan,nan,nan,0.000000000,3.014269983,2.311487973,0.020487001,0.035533973,2.455869981,0,0.400000000
241.198983431,20160,4644,0,11177,8983,15512,758,177,174,30,144,6789,8723,215,543,2.306909800,2.947753549,39.358173280,283.083536257,nan,1,nan,nan,nan,0.000000000,4.200929019,2.635070996,0.022910943,0.055962999,2.791645005,0,0.400000000
241.300229549,19872,4497,0,10943,8929,15371,755,185,180,30,150,6706,8665,206,549,2.267503374,2.911380539,35.761305315,255.305516183,nan,1,nan,nan,nan,0.000000000,6.144006969,3.983377945,0.037696038,0.096312026,4.244585987,0,0.400000000
241.398894787,19968,4793,0,11075,8893,15171,761,193,188,32,156,6559,8612,196,565,2.286080011,2.938553548,41.304363428,359.075839731,54.802894592,4,1.000000000,nan,nan,0.000000000,5.255770986,3.259694960,0.031109899,0.060883001,3.461829037,0,0.400000000
241.502572060,19968,4859,0,11194,8774,15105,765,186,179,31,148,6588,8517,200,565,2.226065290,2.929243129,36.669900218,244.466760243,34.482240677,5,1.000000000,nan,nan,0.000000000,3.628912033,2.247460943,0.019957894,0.053508964,2.380890015,0,0.400000000
241.598817825,19968,4896,0,10978,8990,15105,765,180,179,23,156,6588,8517,200,565,2.226065290,2.929243129,33.366936453,271.949867258,nan,nan,nan,nan,nan,0.000000000,2.974425966,2.250242978,0.019297062,0.033064978,2.378783014,0,0.400000000
241.701572895,20160,5202,0,11381,8779,14954,716,170,178,28,150,6523,8431,167,549,2.179639658,2.961629386,39.066914057,288.020661366,nan,1,nan,nan,nan,0.000000000,3.501016006,2.164862992,0.019249041,0.039450999,2.299228974,0,0.400000000
241.800135612,19968,5255,0,11154,8814,14709,715,176,184,26,158,6348,8361,179,536,2.208534234,2.933097716,43.807915705,299.407056648,nan,1,nan,nan,nan,0.000000000,5.784229026,3.520823899,0.030146039,0.069326954,3.728404001,0,0.400000000
241.901340485,20064,5330,0,11328,8736,14730,705,167,171,25,146,6553,8177,173,532,2.169905288,2.981841610,38.536262780,274.738222633,5.580902100,2,0.000000000,nan,nan,0.000000000,3.642231983,2.151310036,0.018850958,0.046104018,2.287423995,0,0.400000000
242.000201225,19968,5543,0,11377,8591,14730,705,176,177,26,151,6553,8177,173,532,2.169905288,2.981841610,41.160719065,277.252240145,nan,nan,nan,nan,nan,0.000000000,4.186349979,3.175449034,0.030459021,0.043896027,3.381923947,0,0.400000000
242.100189924,19872,5591,0,11499,8373,14730,705,177,178,27,151,6553,8177,173,532,2.169905288,2.981841610,41.831698548,276.313757508,nan,nan,nan,nan,nan,0.000000000,6.261558970,4.522971925,0.037804944,0.048434013,4.776566988,0,0.400000000
242.199043751,19968,5886,0,11635,8333,14078,662,189,175,27,148,6534,7544,173,489,2.134597607,3.018027106,36.414039957,238.012750148,84.499597549,4,1.000000000,nan,nan,0.000000000,3.718963999,2.102102968,0.021637999,0.049484952,2.238707035,0,0.400000000
242.301222324,20064,5871,0,11695,8369,14189,665,172,176,33,143,6727,7462,178,487,2.095013593,3.066584063,40.188302670,273.139595201,nan,1,nan,nan,nan,0.000000000,3.868440981,2.196562942,0.019429019,0.037976017,2.332403965,0,0.400000000
242.400190830,19872,6078,0,11800,8072,13790,649,178,176,34,142,6637,7153,177,472,2.087775893,3.047458968,42.264578032,228.631328071,nan,1,nan,nan,nan,0.000000000,5.150125013,2.925353998,0.026611029,0.033743971,3.108217963,0,0.400000000
242.499645710,19968,6150,0,11960,8008,13814,659,173,167,32,135,6819,6995,180,479,2.075788729,3.075398321,40.964360592,247.233418019,59.893846512,2,1.000000000,nan,nan,0.000000000,3.248897032,1.987579977,0.018214982,0.037475023,2.113130002,0,0.400000000
242.600803137,20160,6282,0,12287,7873,13874,647,168,170,39,131,7028,6846,179,468,2.054494231,3.078048851,41.018577518,224.854128249,5.315780640,2,0.000000000,nan,nan,0.000000000,3.340447962,2.033279918,0.019115978,0.032668991,2.164979989,0,0.400000000
242.700433016,19968,6398,0,12179,7789,13566,669,187,180,36,144,6853,6713,178,491,2.039647746,3.079642603,38.636217636,277.062647901,64.528703690,5,1.000000000,nan,nan,0.000000000,3.484906978,2.119839075,0.020252075,0.027064991,2.253187995,0,0.400000000
242.798906565,20064,6617,0,12320,7744,13443,642,166,172,43,129,6778,6665,174,468,2.013794968,3.082020395,35.952787048,229.521757283,nan,1,nan,nan,nan,0.000000000,3.276051022,1.939271053,0.018140941,0.040615967,2.069015987,0,0.400000000
242.899063349,19776,6428,0,11980,7796,13443,642,162,159,40,119,6778,6665,174,468,2.013794968,3.082020395,33.725757375,241.979299601,nan,nan,nan,nan,nan,0.000000000,2.705769031,1.955134037,0.017468003,0.030031020,2.083993983,0,0.400000000
242.998439789,20256,6791,0,12281,7975,13461,622,142,152,30,122,6627,6834,162,460,1.969394001,3.057780967,30.591510576,177.542783018,3.895282745,2,0.000000000,nan,nan,0.000000000,4.203281016,2.269547025,0.018876919,0.033476972,2.409022010,0,0.400000000
243.101613283,20064,6746,0,12130,7934,13314,618,150,151,28,123,6499,6815,159,459,1.983172727,3.051817739,32.290872195,181.266068780,44.290304184,6,1.000000000,nan,nan,0.000000000,6.751374982,3.764824069,0.030723982,0.051925017,3.991704027,0,0.400000000
243.200374365,19872,6650,0,12168,7704,13218,607,151,152,29,123,6654,6564,157,450,1.936222353,3.053250572,32.841142305,195.681622261,nan,1,nan,nan,nan,0.000000000,3.130228957,1.898904971,0.017083017,0.037707970,2.023780951,0,0.400000000
243.298835754,20160,6836,0,12364,7796,13320,580,147,156,28,128,6699,6621,150,430,1.951997467,3.034394226,38.886857320,156.958438825,32.094955444,3,1.000000000,nan,nan,0.000000000,8.142094011,5.264067033,0.049705035,0.151586020,5.637052993,0,0.400000000
243.400294781,19968,6717,0,12240,7728,13247,557,132,138,23,115,6763,6484,140,417,1.914254392,3.079698909,32.345401222,139.079034941,nan,1,nan,nan,nan,0.000000000,5.074527988,2.966955013,0.024339010,0.059369951,3.162876994,0,0.400000000
243.500260115,19968,6917,0,12275,7693,13247,557,134,133,25,108,6763,6484,140,417,1.914254392,3.079698909,30.864523831,136.386292896,nan,nan,nan,nan,nan,0.000000000,2.320455038,1.695572981,0.014774036,0.027923030,1.811878989,0,0.400000000
243.600165606,19968,6723,0,12236,7732,13241,553,134,129,24,105,6806,6435,137,416,1.880950258,3.102201063,32.091081178,98.683500800,28.090953827,3,1.000000000,nan,nan,0.000000000,2.907181974,1.664112904,0.014420017,0.021547952,1.782594016,0,0.400000000
243.700603008,19776,6911,0,12089,7687,13241,553,128,128,23,105,6806,6435,137,416,1.880950258,3.102201063,32.434566963,96.183462505,nan,nan,nan,nan,nan,0.000000000,4.096297955,3.086079028,0.024825975,0.028537004,3.293640038,0,0.400000000
243.801592588,20352,6705,0,12335,8017,13643,542,121,135,27,108,6934,6709,140,402,1.851150162,3.075346148,32.587951115,111.197599241,30.301570892,5,1.000000000,nan,nan,0.000000000,2.943978994,1.700669003,0.013721001,0.023010012,1.812767005,0,0.400000000
243.900274992,19872,6776,0,12120,7752,13092,542,129,129,25,104,6572,6520,139,403,1.855382313,3.087952803,29.573685500,93.142041225,nan,1,nan,nan,nan,0.000000000,2.841459995,1.621783013,0.013627985,0.046928995,1.734850986,0,0.400000000
244.000181437,19968,6567,0,12047,7921,13397,554,118,129,24,105,6742,6655,137,417,1.826446127,3.095792972,30.917709347,84.186715759,74.267148972,5,1.000000000,nan,nan,0.000000000,2.968551998,1.675064967,0.013272977,0.043323962,1.786370005,0,0.400000000
244.099130154,20064,6579,0,12089,7975,13481,559,128,131,26,105,6662,6819,132,427,1.824787924,3.080039103,29.036560541,97.999340645,nan,1,nan,nan,nan,0.000000000,2.979958022,1.701258007,0.014242949,0.024321023,1.815858996,0,0.400000000
244.199193954,19968,6407,0,12096,7872,13481,559,129,130,27,103,6662,6819,132,427,1.824787924,3.080039103,28.614307100,92.526123180,nan,nan,nan,nan,nan,0.000000000,3.872878035,2.877303050,0.025295012,0.038148020,3.089680977,0,0.400000000
244.300132275,19968,6348,0,12154,7814,13616,550,126,129,24,105,6888,6728,130,420,1.802449028,3.069446343,29.651612243,92.664742142,nan,1,nan,nan,nan,0.000000000,6.948884984,3.695901949,0.029887015,0.061600003,3.929444996,0,0.400000000
244.398836851,20064,6286,0,12201,7863,13774,553,130,131,23,108,6987,6787,125,428,1.786962826,3.031715735,30.719536686,77.237193695,55.901527405,6,1.000000000,nan,nan,0.000000000,7.368388004,3.993605089,0.032090989,0.055239943,4.248316982,0,0.400000000
244.500186205,19776,6158,0,11949,7827,13774,553,131,132,20,112,6987,6787,125,428,1.786962826,3.031715735,31.044641924,81.813809564,nan,nan,nan,nan,nan,0.000000000,3.008459986,2.141116012,0.018891937,0.030327996,2.277369960,0,0.400000000
244.602715731,19776,6221,0,11913,7863,13551,552,132,130,20,110,6720,6831,128,424,1.773265333,2.970629863,31.006747497,80.819239461,nan,1,nan,nan,nan,0.000000000,4.098479985,2.105203981,0.016928010,0.039902981,2.241512993,0,0.400000000
244.699289083,20352,6220,0,12481,7871,13551,552,124,124,18,106,6720,6831,128,424,1.773265333,2.970629863,25.084772532,69.423899175,nan,nan,nan,nan,nan,0.000000000,2.267187985,1.653438085,0.013096025,0.021729036,1.764652028,0,0.400000000
244.799023628,20064,6308,0,12095,7969,13752,540,119,121,22,99,6856,6896,131,409,1.743216722,2.900862836,30.538961693,76.861797061,nan,1,nan,nan,nan,0.000000000,3.015559982,1.696654013,0.013338984,0.041491003,1.811245980,0,0.400000000
244.900269508,20064,5917,0,11991,8073,13752,540,119,121,19,102,6856,6896,131,409,1.743216722,2.900862836,30.471069430,80.659631674,nan,nan,nan,nan,nan,0.000000000,5.034942995,3.626868944,0.027264992,0.057915982,3.854323004,0,0.400000000
245.000224829,19680,6047,0,11962,7718,13752,540,123,123,20,103,6856,6896,131,409,1.743216722,2.900862836,32.170225488,83.278005191,nan,nan,nan,nan,nan,0.000000000,2.557341009,1.740487001,0.013363082,0.024956011,1.872153953,0,0.400000000
245.100047588,20256,5885,0,11973,8283,14367,585,121,122,24,98,7073,7294,132,453,1.695738479,2.919539642,27.142002139,61.154930611,13.913631439,2,0.000000000,nan,nan,0.000000000,4.857697000,2.638221020,0.018221966,0.043787993,2.794715983,0,0.400000000
245.200125694,19776,6095,0,12002,7774,13677,568,147,143,26,117,6866,6811,131,437,1.699762644,2.903003179,34.232236029,82.815569849,nan,1,nan,nan,nan,0.000000000,5.089974962,3.063520999,0.026620051,0.049700961,3.266071028,0,0.400000000
245.298279762,19968,5836,0,11926,8042,14128,553,129,124,26,98,7093,7035,123,430,1.660924191,2.874437659,30.597886682,79.746049112,91.657161713,5,1.000000000,nan,nan,0.000000000,2.902995970,1.661118004,0.014027988,0.030348951,1.772372983,0,0.400000000
245.401361704,19584,6044,0,11966,7618,13536,541,135,135,22,113,6858,6678,117,424,1.656565810,2.843239728,33.979934037,80.776358150,5.699872971,2,0.000000000,nan,nan,0.000000000,2.940561972,1.742515946,0.015254947,0.026207999,1.859437034,0,0.400000000
245.499593496,20640,5891,0,12280,8360,14745,534,117,114,23,91,7413,7332,115,419,1.625174790,2.869494726,30.601080860,82.716169633,nan,1,nan,nan,nan,0.000000000,2.997362986,1.598706993,0.012554985,0.025197049,1.707159972,0,0.400000000
245.598844528,19968,6148,0,12086,7882,14745,534,123,122,25,97,7413,7332,115,419,1.625174790,2.869494726,33.001591302,90.847466157,nan,nan,nan,nan,nan,0.000000000,2.280924993,1.611802028,0.013409939,0.020758016,1.723230002,0,0.400000000
245.700197697,20160,6137,0,12074,8086,14019,519,119,112,21,91,6979,7040,109,410,1.593710433,2.838802077,31.989397889,70.906110822,4.308938980,2,0.000000000,nan,nan,0.000000000,3.100265982,1.607611077,0.013715937,0.037076010,1.725498005,0,0.400000000
245.800110579,19872,5989,0,11914,7958,13879,518,116,111,13,98,6846,7033,108,410,1.579232279,2.833927392,28.596809409,67.919498400,56.002616882,10,1.000000000,nan,nan,0.000000000,7.480389031,3.403230046,0.026245078,0.042678963,3.634940018,0,0.400000000
245.898897648,20064,6031,0,11997,8067,14029,521,114,118,20,98,6900,7129,107,414,1.552910507,2.810635795,30.482985270,80.577409294,nan,1,nan,nan,nan,0.000000000,2.780773037,1.571641013,0.012457022,0.024159031,1.682756003,0,0.400000000
246.000103951,20064,5762,0,11821,8243,14029,521,116,119,21,98,6900,7129,107,414,1.552910507,2.810635795,32.440009526,83.339791010,nan,nan,nan,nan,nan,0.000000000,3.160092980,2.328404982,0.018924125,0.039042032,2.492900006,0,0.400000000
246.100280762,19392,5349,0,11452,7940,14039,521,107,126,25,101,6990,7049,104,417,1.478751985,2.765784897,34.476166545,101.363375867,6.193399429,2,0.000000000,nan,nan,0.000000000,3.470166994,1.997937914,0.015604019,0.039039005,2.138384036,0,0.400000000
246.199533939,20448,6094,0,12148,8300,14039,521,122,121,24,97,6990,7049,104,417,1.478751985,2.765784897,33.499851063,97.124127072,nan,nan,nan,nan,nan,0.000000000,5.101702001,3.559740959,0.028053066,0.043648004,3.799003025,0,0.400000000
246.298850536,20256,5924,0,12109,8147,14328,524,122,126,21,105,7022,7306,93,431,1.418659208,2.739010559,34.001728865,90.410515204,7.810115814,3,0.000000000,nan,nan,0.000000000,4.128865025,2.007833973,0.015982951,0.023393019,2.143585007,0,0.400000000
246.400595427,19872,5789,0,11698,8174,14328,524,124,126,21,105,7022,7306,93,431,1.418659208,2.739010559,32.758721503,91.348993722,nan,nan,nan,nan,nan,0.000000000,2.262946044,1.581400051,0.013536017,0.017729006,1.698427019,0,0.400000000
246.500135422,19872,5754,0,11794,8078,14114,523,130,117,20,97,6860,7254,93,430,1.361906388,2.738468994,28.917982831,87.762454095,nan,1,nan,nan,nan,0.000000000,4.496976966,2.512272913,0.021727057,0.207222009,2.688733977,0,0.400000000
246.600485086,19968,6070,0,11906,8062,13894,504,123,116,15,101,6687,7207,88,416,1.336310605,2.691199910,32.909567745,67.363772638,24.222850800,3,1.000000000,nan,nan,0.000000000,6.840250047,4.693354014,0.044547953,0.024062989,5.059319024,0,0.400000000
246.699725866,19968,5835,0,11888,8080,14129,512,120,124,15,109,6879,7250,90,422,1.301052644,2.704638828,32.711222797,95.669415188,40.550231934,3,1.000000000,nan,nan,0.000000000,2.819463960,1.472624950,0.012999924,0.030232011,1.581404009,0,0.400000000
246.799343586,19584,6101,0,11513,8071,14129,512,117,118,14,104,6879,7250,90,422,1.301052644,2.704638828,30.706647059,78.778718067,nan,nan,nan,nan,nan,0.000000000,2.234190993,1.580138982,0.013730954,0.025699032,1.702953014,0,0.400000000
246.898832083,19776,5885,0,11779,7997,13887,533,114,122,13,109,6735,7152,97,436,1.266617534,2.716694915,30.335348771,85.289793701,5.185365677,2,0.000000000,nan,nan,0.000000000,2.727069019,1.540405967,0.012514996,0.024702982,1.652750012,0,0.400000000
247.098871231,19680,5684,0,11584,8096,13992,543,123,130,14,116,6740,7252,99,444,1.204392185,2.693152338,34.340978076,80.006954018,99.970817566,7,1.000000000,nan,nan,0.000000000,3.447062976,1.677993045,0.013876008,0.026752998,1.800635015,0,0.400000000
247.199441433,20352,6555,0,12141,8211,13793,517,107,113,13,100,6490,7303,97,420,1.209975379,2.686572605,32.168390841,73.998988647,nan,1,nan,nan,nan,0.000000000,2.958610014,1.520088001,0.011656026,0.026891008,1.628061989,0,0.400000000
247.300080299,20064,6016,0,11786,8278,14044,528,106,121,13,108,6655,7389,91,437,1.151209777,2.703127248,31.507353717,91.253631064,nan,1,nan,nan,nan,0.000000000,2.763398981,1.540958940,0.012130011,0.022957975,1.648448990,0,0.400000000
247.400202036,19872,6189,0,11887,7985,14044,528,126,126,11,115,6655,7389,91,437,1.151209777,2.703127248,29.467356668,91.134442997,nan,nan,nan,nan,nan,0.000000000,2.129897999,1.529451052,0.013250916,0.019919011,1.642019022,0,0.400000000
247.500685930,19680,6198,0,11889,7791,14044,528,126,126,11,115,6655,7389,91,437,1.151209777,2.703127248,29.467052136,91.137473241,nan,nan,nan,nan,nan,0.000000000,4.306518007,3.226128058,0.022490975,0.043526001,3.419674002,0,0.400000000
247.599952936,19968,6387,0,12040,7928,13577,557,128,144,12,132,6555,7022,104,453,1.142952302,2.711237552,36.614733938,116.406966746,nan,1,nan,nan,nan,0.000000000,3.877614974,2.121313009,0.017629936,0.056374003,2.262980037,0,0.400000000
247.800236940,19968,6620,0,12149,7819,13344,529,124,138,10,128,6454,6890,99,430,1.104327416,2.709331415,36.498475948,80.677494006,89.696884155,4,1.000000000,nan,nan,0.000000000,3.068083024,1.641524897,0.014859950,0.025471032,1.766519970,0,0.400000000
247.900113344,19680,6698,0,11830,7850,13344,529,131,131,8,123,6454,6890,99,430,1.104327416,2.709331415,32.643190934,87.248654930,nan,nan,nan,nan,nan,0.000000000,2.122829028,1.540951082,0.013861049,0.018866034,1.653646992,0,0.400000000
248.099776506,20064,6785,0,12129,7935,13275,545,131,112,9,103,6242,7033,100,445,1.068070218,2.670789216,30.659908559,77.335111585,nan,1,nan,nan,nan,0.000000000,3.044425976,1.661994087,0.014110992,0.031834003,1.777741010,0,0.400000000
248.200100422,20160,6780,0,12084,8076,13275,545,116,115,12,103,6242,7033,100,445,1.068070218,2.670789216,30.017638985,78.747426285,nan,nan,nan,nan,nan,0.000000000,2.269232005,1.613442029,0.012640958,0.024378998,1.737490995,0,0.400000000
248.300122023,19872,6790,0,12121,7751,13078,548,142,120,13,107,6274,6804,111,437,1.046416968,2.666314057,33.329437629,73.580262900,nan,1,nan,nan,nan,0.000000000,3.337869013,1.814126037,0.016244070,0.030914962,1.942645991,0,0.400000000
248.398837328,19872,6722,0,12164,7708,13146,573,137,134,14,120,6440,6706,111,462,1.047167860,2.681251108,32.961486645,94.733319797,59.832572937,3,1.000000000,nan,nan,0.000000000,3.089645994,1.756873040,0.015504018,0.041770982,1.881523000,0,0.400000000
248.499660492,19296,6674,0,11998,7298,12618,575,124,133,16,117,6304,6314,121,454,1.051167203,2.704218858,37.687018309,81.958725489,44.277429581,7,1.000000000,nan,nan,0.000000000,2.854546008,1.669041056,0.013758021,0.032292970,1.782142965,0,0.400000000
248.596923590,20928,7041,0,12731,8197,13883,584,145,131,15,116,6793,7090,120,464,1.055976331,2.644418871,32.393888963,77.134768376,nan,1,nan,nan,nan,0.000000000,4.985172010,2.999783959,0.027527043,0.107794011,3.212137963,0,0.400000000
248.699483871,19776,6853,0,12227,7549,12919,580,142,143,16,127,6421,6498,132,448,1.067107307,2.622108430,41.746908145,80.117186219,5.552530289,2,0.000000000,nan,nan,0.000000000,2.881809021,1.695695100,0.015893020,0.038744009,1.816822973,0,0.400000000
248.798229694,20448,7096,0,12854,7594,12919,580,142,141,16,125,6421,6498,132,448,1.067107307,2.622108430,41.759319620,80.878893067,nan,nan,nan,nan,nan,0.000000000,2.344720007,1.764090033,0.015631027,0.023712986,1.882818004,0,0.400000000
248.900298357,19872,6973,0,12577,7295,12895,583,125,123,20,103,6641,6254,167,416,1.272982688,2.512694532,37.373627882,97.736516734,nan,1,nan,nan,nan,0.000000000,5.727688025,2.779575065,0.013394980,0.042377040,2.893806028,0,0.400000000
248.998923779,20160,6844,0,12673,7487,13312,577,129,130,22,108,6852,6460,187,390,1.361685353,2.360532754,38.471392776,86.954800845,nan,1,nan,nan,nan,0.000000000,7.882225967,4.901569977,0.041119056,0.124027021,5.226886016,0,0.400000000
249.100353956,19776,7106,0,12892,6884,13312,577,131,126,17,109,6852,6460,187,390,1.361685353,2.360532754,32.691183133,83.747467612,nan,nan,nan,nan,nan,0.000000000,3.897164017,2.764037985,0.023515080,0.066225999,2.937479992,0,0.400000000
249.198872328,20256,6836,0,13127,7129,13416,537,115,103,20,83,7141,6275,260,277,1.496244960,2.112597718,24.907907377,62.271274333,nan,1,nan,nan,nan,0.000000000,3.527441004,1.910668972,0.016016013,0.046589004,2.056744008,0,0.400000000
249.300401688,19968,6865,0,13077,6891,13099,521,115,110,33,77,6902,6197,246,275,1.487590807,2.033601965,32.573102553,71.050131279,4.963874817,2,0.000000000,nan,nan,0.000000000,2.736008959,1.525898930,0.012400036,0.031250005,1.634181011,0,0.400000000
249.400075436,19872,6566,0,12856,7016,13099,521,105,105,33,72,6902,6197,246,275,1.487590807,2.033601965,31.995149104,68.554141776,nan,nan,nan,nan,nan,0.000000000,2.670013986,1.981537032,0.011943921,0.034927041,2.094227995,0,0.400000000
249.498852015,19968,6584,0,13010,6958,13380,529,128,117,34,83,6864,6516,257,272,1.466054509,2.016762942,31.293480237,84.733937216,44.619798660,6,1.000000000,nan,nan,0.000000000,5.273411982,2.989061060,0.022816006,0.034819008,3.195706988,0,0.400000000
249.598842144,20256,6522,0,13087,7169,13730,548,104,105,31,74,6959,6771,266,282,1.464239729,1.962333871,27.828101127,60.508896937,4.227161407,2,0.000000000,nan,nan,0.000000000,2.945035987,1.658170891,0.011861033,0.032079988,1.776870980,0,0.400000000
249.700231075,19776,6288,0,12906,6870,13484,574,126,121,33,88,6958,6526,294,280,1.490796022,1.994791702,35.451885181,95.271702386,nan,1,nan,nan,nan,0.000000000,3.269541019,1.786114997,0.015174970,0.030192023,1.912318985,0,0.400000000
249.798839331,19776,6085,0,12757,7019,13687,524,110,104,32,72,6869,6818,283,241,1.559168065,1.916261493,29.141820390,69.710281927,31.883716583,12,1.000000000,nan,nan,0.000000000,6.035404978,3.225641034,0.024718000,0.055326964,3.447731957,0,0.400000000
249.899064779,20352,6116,0,13167,7185,13687,524,105,106,37,69,6869,6818,283,241,1.559168065,1.916261493,30.990485657,80.250530183,nan,nan,nan,nan,nan,0.000000000,2.385635977,1.615964982,0.012097997,0.039834995,1.726020011,0,0.400000000
250.000209332,19680,5847,0,12854,6826,13687,524,108,110,40,70,6869,6818,283,241,1.559168065,1.916261493,31.825451654,81.211545087,nan,nan,nan,nan,nan,0.000000000,2.093447023,1.471523021,0.011789962,0.025080983,1.575640985,0,0.400000000
250.098233700,20352,5799,0,13262,7090,14549,554,93,110,55,55,7663,6886,352,202,1.691238059,1.791804489,27.877180139,113.934048575,5.766391754,2,0.000000000,nan,nan,0.000000000,6.852907012,2.684967068,0.017090992,0.078827958,2.851950994,0,0.400000000
250.200037003,19584,5751,0,12926,6658,13829,499,121,111,74,37,7399,6430,332,167,1.718301726,1.801782052,28.499162682,71.050646620,24.256229401,3,1.000000000,nan,nan,0.000000000,2.677808050,1.455662015,0.012808014,0.029354997,1.569353975,0,0.400000000
250.299001455,20448,5518,0,13323,7125,14926,529,109,101,63,38,8036,6890,341,188,1.676137509,1.769743350,26.970268852,100.859318440,95.408916473,4,1.000000000,nan,nan,0.000000000,2.857450047,1.522937964,0.011483033,0.036028039,1.631319989,0,0.400000000
250.401167393,19968,5719,0,13020,6948,14245,515,99,102,59,43,7523,6722,342,173,1.708539405,1.811414335,26.305097735,60.703029684,1.619815826,2,0.000000000,nan,nan,0.000000000,4.870806995,2.476450929,0.016784063,0.051317969,2.648033027,0,0.400000000
250.500134468,19776,5369,0,12611,7165,14245,515,98,101,59,42,7523,6722,342,173,1.708539405,1.811414335,26.549509659,58.324776783,nan,nan,nan,nan,nan,0.000000000,2.099953010,1.453344070,0.010723015,0.025163987,1.557821990,0,0.400000000
250.598832130,20064,5549,0,12873,7191,14511,531,116,110,59,51,7537,6974,325,206,1.655004791,1.817270210,25.122819630,71.783843864,59.942007065,5,1.000000000,nan,nan,0.000000000,5.949251994,3.044067998,0.022620021,0.044113025,3.250565962,0,0.400000000
250.699158192,20160,5454,0,12669,7491,14511,531,109,111,59,52,7537,6974,325,206,1.655004791,1.817270210,23.759245679,73.235671582,nan,nan,nan,nan,nan,0.000000000,3.339569026,2.375964948,0.014186022,0.031456002,2.537104010,0,0.400000000
250.800158501,19872,5213,0,12400,7472,14655,550,142,132,68,64,7368,7287,323,227,1.657814252,1.804319586,32.629044863,110.805888426,nan,1,nan,nan,nan,0.000000000,3.247746965,1.685873023,0.016493024,0.031740987,1.807728026,0,0.400000000
250.901328802,20064,5193,0,12353,7711,14655,550,134,134,70,64,7368,7287,323,227,1.657814252,1.804319586,36.386381908,110.150097189,nan,nan,nan,nan,nan,0.000000000,2.270773053,1.593867957,0.014094054,0.027536997,1.708786003,0,0.400000000
251.002563000,19872,4769,0,12105,7767,15099,571,128,126,55,71,7534,7565,322,249,1.639072178,1.794052672,30.800894930,121.707115394,54.163932800,5,1.000000000,nan,nan,0.000000000,3.054414992,1.683377952,0.014297024,0.032017997,1.798350015,0,0.400000000
251.098760128,20160,4994,0,12267,7893,15099,571,124,128,62,66,7534,7565,322,249,1.639072178,1.794052672,30.366940664,124.847832386,nan,nan,nan,nan,nan,0.000000000,2.265551011,1.653561078,0.013294979,0.028931012,1.764102955,0,0.400000000
251.200205803,19872,4683,0,11971,7901,15185,564,114,113,54,59,7480,7705,315,249,1.601930867,1.815259248,25.913086051,84.496588474,49.400091171,4,1.000000000,nan,nan,0.000000000,3.752562974,1.881828997,0.013537996,0.032496988,2.002893947,0,0.400000000
251.298815250,20160,4861,0,12180,7980,15295,528,111,123,64,59,7456,7839,288,240,1.587056223,1.797141292,28.783731145,142.247253492,69.534778595,6,1.000000000,nan,nan,0.000000000,6.285757991,2.937394020,0.024585985,0.061225961,3.142002039,0,0.400000000
251.400183916,19776,4707,0,11771,8005,15295,528,123,125,62,63,7456,7839,288,240,1.587056223,1.797141292,29.216282986,143.473851949,nan,nan,nan,nan,nan,0.000000000,2.264607989,1.531040936,0.013256969,0.028241950,1.641879033,0,0.400000000
251.499080896,20064,5047,0,12420,7644,15013,509,105,109,54,55,7476,7537,274,235,1.549300163,1.906875458,22.679777517,96.409614271,19.455671310,2,1.000000000,nan,nan,0.000000000,5.986042030,2.853167069,0.022181019,0.053030031,3.043482953,0,0.400000000
251.600439548,20064,4903,0,12071,7993,15157,535,98,103,46,57,7296,7861,289,246,1.555852877,1.886538143,24.983297154,94.360676901,13.606548309,9,0.000000000,nan,nan,0.000000000,2.832983970,1.553085982,0.010866032,0.027542992,1.656827983,0,0.400000000
251.700053453,19680,4988,0,11983,7697,14688,517,111,121,52,69,7111,7577,274,243,1.440201719,1.936535847,23.704825076,109.614042785,6.921291351,7,0.000000000,nan,nan,0.000000000,5.889077962,3.365730983,0.029374030,0.066579960,3.631277999,0,0.400000000
251.800333261,20352,5206,0,12295,8057,15142,542,111,114,54,60,7235,7907,287,255,1.480285066,1.905657359,26.145492856,117.086883889,8.150577545,15,0.000000000,nan,nan,0.000000000,5.393484025,3.070196020,0.024973939,0.073592004,3.289432963,0,0.400000000
251.900593996,19872,5050,0,12112,7760,14818,522,112,118,55,63,7188,7630,278,244,1.446801085,1.962848182,24.150509557,98.235571871,nan,1,nan,nan,nan,0.000000000,4.130772955,2.313640027,0.019107014,0.042547006,2.478972019,0,0.400000000
251.998882532,20160,5283,0,11889,8271,14873,560,120,121,59,62,6719,8154,301,259,1.504230684,1.828126361,24.869064907,121.478706100,nan,1,nan,nan,nan,0.000000000,5.661990028,3.082052979,0.019023952,0.041200023,3.259247984,0,0.400000000
252.101811647,19968,5355,0,12091,7877,14609,544,119,114,52,62,6842,7767,280,264,1.464708652,1.961722690,24.228940002,124.948020313,3.361463547,2,0.000000000,nan,nan,0.000000000,4.147096945,2.436964074,0.014541030,0.032860960,2.589335025,0,0.400000000
252.200094461,19968,5517,0,11951,8017,14447,546,123,121,57,64,6525,7922,280,266,1.498879885,1.973751856,25.013445904,119.738429321,39.429664612,5,1.000000000,nan,nan,0.000000000,2.926599991,1.626709010,0.013310928,0.030808966,1.736588019,0,0.400000000
252.300054789,19968,5676,0,12058,7910,14288,520,110,110,47,63,6459,7829,264,256,1.517495922,1.905347266,20.113048031,99.916710244,nan,1,nan,nan,nan,0.000000000,5.226125009,2.608134993,0.019714062,0.042356027,2.783178992,0,0.400000000
252.400053978,19872,5814,0,12157,7715,14288,520,116,116,48,68,6459,7829,264,256,1.517495922,1.905347266,24.187889176,100.674320747,nan,nan,nan,nan,nan,0.000000000,2.146069019,1.514029049,0.012354925,0.022564025,1.622047974,0,0.400000000
252.502454042,20160,5911,0,12392,7768,14245,543,112,119,59,60,6526,7719,296,247,1.618834151,1.618929007,27.381304842,132.820370656,127.977371216,4,1.000000000,nan,nan,0.000000000,2.852877020,1.599055948,0.012272969,0.044668035,1.705744013,0,0.400000000
252.599221706,19968,6084,0,12463,7505,14245,543,116,114,57,57,6526,7719,296,247,1.618834151,1.618929007,26.467196726,107.907920478,nan,nan,nan,nan,nan,0.000000000,2.195200999,1.577038958,0.012400968,0.031647971,1.684476971,0,0.400000000
252.701210976,19968,6008,0,12389,7579,13956,546,121,123,70,53,6399,7557,331,215,1.780246388,1.407541141,27.170939270,117.471981415,nan,1,nan,nan,nan,0.000000000,3.062624019,1.676886983,0.013282057,0.073219009,1.789549948,0,0.400000000
252.799160957,19488,5934,0,12175,7313,13956,546,105,104,58,46,6399,7557,331,215,1.780246388,1.407541141,22.293332127,101.458964042,nan,nan,nan,nan,nan,0.000000000,4.261691007,3.011133987,0.019874016,0.084127008,3.196310019,0,0.400000000
252.896993160,20544,6387,0,12936,7608,14153,573,111,130,78,52,6545,7608,400,173,1.968724955,1.191402066,29.122740314,146.346057611,nan,1,nan,nan,nan,0.000000000,3.374736989,1.832181937,0.013387005,0.054059026,1.948812976,0,0.400000000
253.000056744,19968,6164,0,12505,7463,13800,574,120,122,88,34,6342,7458,440,134,2.037185577,1.136739850,28.614713261,126.956975381,95.309257507,4,1.000000000,nan,nan,0.000000000,4.842438968,2.978103003,0.022314081,0.085614971,3.168012016,0,0.400000000
253.101325274,20064,6280,0,12302,7762,13780,613,149,149,125,24,6022,7758,485,128,2.359106665,1.126775954,30.062303978,162.957974310,nan,1,nan,nan,nan,0.000000000,3.124115989,1.880049997,0.016363978,0.047480979,2.004721959,0,0.400000000
253.200105906,19872,6206,0,12380,7492,13780,613,148,150,120,30,6022,7758,485,128,2.359106665,1.126775954,27.187333882,182.701737954,nan,nan,nan,nan,nan,0.000000000,5.470683973,4.077068996,0.033857999,0.065946020,4.337819002,0,0.400000000
253.298683167,20064,6262,0,12035,8029,13798,559,138,133,106,27,5773,8025,438,121,2.530254660,1.143149156,26.643960251,132.203416105,94.589233398,3,1.000000000,nan,nan,0.000000000,4.226901976,2.314281010,0.019812083,0.046935980,2.467765997,0,0.400000000
253.400181770,20160,6332,0,12353,7807,13798,559,126,123,100,23,5773,8025,438,121,2.530254660,1.143149156,20.972592514,119.197560870,nan,nan,nan,nan,nan,0.000000000,2.551720012,1.695931947,0.013651967,0.019208994,1.812099013,0,0.400000000
253.501294851,19872,6324,0,11765,8107,13798,559,124,122,99,23,5773,8025,438,121,2.530254660,1.143149156,20.862912890,120.232396461,nan,nan,nan,nan,nan,0.000000000,2.446468978,1.778297999,0.016923994,0.021326996,1.906313002,0,0.400000000
253.601740360,20064,6611,0,12025,8039,13449,539,125,140,115,25,5419,8030,419,120,2.690599556,1.155886610,26.460563000,143.101551817,nan,1,nan,nan,nan,0.000000000,4.747145053,2.511904982,0.020218024,0.027748989,2.678718010,0,0.400000000
253.699278116,19968,6619,0,11773,8195,13345,524,121,126,97,29,5190,8155,405,119,2.789353984,1.167075859,29.710788593,119.833703205,66.119432449,4,1.000000000,nan,nan,0.000000000,5.397456000,2.892249031,0.023289118,0.035764999,3.088340978,0,0.400000000
253.799397945,20064,6833,0,11972,8092,13227,516,133,138,108,30,5237,7990,398,118,2.765996021,1.184616836,32.473181092,132.438009014,4.380226135,2,0.000000000,nan,nan,0.000000000,2.797569963,1.563624013,0.014584977,0.101020967,1.679689041,0,0.400000000
253.900029898,20064,6772,0,11791,8273,13288,542,129,129,97,32,5192,8096,424,118,2.772908418,1.187967106,25.185069517,121.756324263,nan,1,nan,nan,nan,0.000000000,2.868897980,1.585382968,0.013799989,0.034070981,1.699301996,0,0.400000000
254.000163078,19872,6879,0,11877,7995,13288,542,129,126,94,32,5192,8096,424,118,2.772908418,1.187967106,22.540007982,117.346665331,nan,nan,nan,nan,nan,0.000000000,4.807894991,3.359809984,0.026758004,0.064386986,3.588947002,0,0.400000000
254.103153229,19968,6994,0,12026,7942,12970,545,133,130,103,27,5390,7580,432,113,2.761556356,1.210875522,26.163495485,166.603424932,4.579305649,2,0.000000000,nan,nan,0.000000000,2.781115996,1.635874971,0.014628982,0.034183962,1.749824965,0,0.400000000
254.200020552,19968,7060,0,12096,7872,12904,538,126,120,97,23,5464,7440,429,109,2.774412757,1.233207823,19.837698926,164.499314244,6.029605865,2,0.000000000,nan,nan,0.000000000,3.778027953,2.270778990,0.019691011,0.046789006,2.433696005,0,0.400000000
254.302570820,19968,7168,0,12397,7571,12796,564,156,145,117,28,5734,7062,463,101,2.767326148,1.219404975,31.836419312,177.965755227,5.959749222,2,0.000000000,nan,nan,0.000000000,3.511547984,2.152145025,0.020366046,0.045894005,2.306752023,0,0.400000000
254.398737192,20160,7236,0,12518,7642,12920,569,124,140,114,26,5886,7034,472,97,2.801130335,1.229136914,26.441014668,149.619064121,4.327774048,2,0.000000000,nan,nan,0.000000000,5.177764979,2.849195036,0.022986089,0.063624000,3.032406035,0,0.400000000
254.500059366,19680,7137,0,12311,7369,12920,569,142,143,122,21,5886,7034,472,97,2.801130335,1.229136914,25.254585101,163.051736808,nan,nan,nan,nan,nan,0.000000000,2.302332025,1.690019970,0.015435857,0.023988017,1.806101005,0,0.400000000
254.599179268,20256,7392,0,12773,7483,12920,569,144,143,120,23,5886,7034,472,97,2.801130335,1.229136914,25.074117624,169.526987603,nan,nan,nan,nan,nan,0.000000000,2.249462006,1.660591050,0.015402038,0.020979962,1.774322998,0,0.400000000
254.701881409,19872,7261,0,12592,7280,12920,569,142,144,121,23,5886,7034,472,97,2.801130335,1.229136914,25.073793662,170.055112372,nan,nan,nan,nan,nan,0.000000000,4.386342014,3.316930903,0.029584975,0.037512975,3.544148989,0,0.400000000
254.900007010,19584,7083,0,12465,7119,12497,537,138,137,118,19,6049,6448,434,103,2.770111180,1.287932805,22.859481746,180.646233500,60.403108597,6,1.000000000,nan,nan,0.000000000,3.969963000,2.191684966,0.019012019,0.027435017,2.340684005,0,0.400000000
255.001162052,19776,7210,0,12188,7588,12562,541,141,134,114,20,5750,6812,435,106,2.800450562,1.298176575,24.683418628,155.619107966,nan,1,nan,nan,nan,0.000000000,3.912465007,2.181276039,0.018869061,0.029796967,2.328781993,0,0.400000000
255.099162102,20544,7872,0,13137,7407,12668,551,135,138,117,21,6045,6623,452,99,2.775090284,1.308080681,23.070713924,163.721662058,6.531000137,3,0.000000000,nan,nan,0.000000000,7.273791998,3.743831941,0.035512028,0.055143028,3.995198000,0,0.400000000
255.200172424,19872,7448,0,12372,7500,12420,549,150,151,132,19,5719,6701,444,105,2.805696178,1.328703480,26.216245013,204.159967264,6.328582764,3,0.000000000,nan,nan,0.000000000,4.715037998,2.918718092,0.029415009,0.049175986,3.136654035,0,0.400000000
255.301867485,20064,7782,0,12836,7228,12278,566,135,146,126,20,5909,6369,464,102,2.806073996,1.348962928,29.068267575,194.114246328,55.482387543,6,1.000000000,nan,nan,0.000000000,3.482879023,2.162516001,0.018908002,0.048930990,2.310691983,0,0.400000000
255.400594473,19968,7659,0,12745,7223,12305,580,147,146,132,14,5986,6319,482,98,2.779116687,1.359663128,29.200000715,178.081879373,90.665340424,2,1.000000000,nan,nan,0.000000000,2.862175985,1.752712997,0.015875034,0.038557977,1.870955981,0,0.400000000
255.600070715,20064,7699,0,13053,7011,12361,553,162,146,126,20,6287,6074,460,93,2.771675763,1.392805043,30.366200643,181.651747427,60.320854187,5,1.000000000,nan,nan,0.000000000,2.874537022,1.705012051,0.016743958,0.041869993,1.825961983,0,0.400000000
255.700205326,19968,7719,0,12875,7093,12361,553,144,141,124,17,6287,6074,460,93,2.771675763,1.392805043,27.353707289,183.588238930,nan,nan,nan,nan,nan,0.000000000,3.152728023,2.362454019,0.022099004,0.043252017,2.536953019,0,0.400000000
255.800050259,19872,7690,0,12887,6985,12361,553,140,141,123,18,6287,6074,460,93,2.771675763,1.392805043,28.284259819,182.304263407,nan,nan,nan,nan,nan,0.000000000,2.463355951,1.793350093,0.015696976,0.028109003,1.914754976,0,0.400000000
255.900658369,19872,7410,0,12543,7329,12361,553,141,143,125,18,6287,6074,460,93,2.771675763,1.392805043,28.694837619,179.174204346,nan,nan,nan,nan,nan,0.000000000,2.342385997,1.737291983,0.015814032,0.030376017,1.860288030,0,0.400000000
256.100116253,19776,7084,0,12408,7368,12361,553,146,143,125,18,6287,6074,460,93,2.771675763,1.392805043,27.765177814,178.097621508,nan,nan,nan,nan,nan,0.000000000,2.440082026,1.832242066,0.017607992,0.028762035,1.966440002,0,0.400000000
256.198859215,19968,7329,0,12728,7240,12635,569,136,142,118,24,6295,6340,458,111,2.822711755,1.481875139,23.325217278,197.482267460,14.012336731,3,0.000000000,nan,nan,0.000000000,3.532577015,1.922995027,0.017023995,0.043348002,2.062369022,0,0.400000000
256.500047445,19776,7604,0,12809,6967,12168,602,152,152,125,27,6109,6059,471,131,2.810840710,1.618060559,27.471158303,197.369782314,79.980134964,4,1.000000000,nan,nan,0.000000000,3.091692983,1.881414966,0.017218990,0.033260963,2.010245982,0,0.400000000
256.699798822,19872,7611,0,12832,7040,12257,590,155,149,122,27,6164,6093,462,128,2.789255336,1.661905224,23.895268032,164.078290414,54.069995880,4,1.000000000,nan,nan,0.000000000,5.198575964,2.994057024,0.026450027,0.041063002,3.183753986,0,0.400000000
256.900125265,19872,7571,0,12795,7077,12297,610,154,150,130,20,6166,6131,486,124,2.787255990,1.697546812,24.640834789,190.703163875,114.430904388,4,1.000000000,nan,nan,0.000000000,3.447251976,2.154142014,0.019467960,0.042911037,2.308399999,0,0.400000000
256.998867750,20160,7639,0,12591,7569,12517,585,145,148,122,26,5923,6594,464,121,2.835702096,1.644268207,26.097144433,180.807485456,40.681362152,7,1.000000000,nan,nan,0.000000000,4.794995009,2.636081073,0.021095970,0.039431034,2.798689005,0,0.400000000
257.100278139,19968,7526,0,12719,7249,12438,598,152,155,131,24,6153,6285,479,119,2.789254853,1.689644618,26.357954829,218.164372189,5.944490433,2,0.000000000,nan,nan,0.000000000,2.931615978,1.808439149,0.016691920,0.029427989,1.928538026,0,0.400000000
257.200101852,19872,7372,0,12466,7406,12438,598,153,153,130,23,6153,6285,479,119,2.789254853,1.689644618,25.495599035,214.078771640,nan,nan,nan,nan,nan,0.000000000,3.590270993,2.687230939,0.023063971,0.037354010,2.857813030,0,0.400000000
257.299093723,20064,7474,0,12660,7404,12586,579,126,142,116,26,6111,6475,461,118,2.797562672,1.723479361,23.576180043,201.996763754,5.581140518,2,0.000000000,nan,nan,0.000000000,3.728628042,2.506754128,0.016984995,0.046810019,2.722736972,0,0.400000000
257.400081158,19104,6915,0,12158,6946,12185,597,152,140,119,21,6068,6117,479,118,2.808556754,1.720843064,24.633828413,186.754065238,25.789260864,5,1.000000000,nan,nan,0.000000000,3.024555976,1.888865954,0.016440114,0.033752003,2.011817007,0,0.400000000
257.495608330,20832,7874,0,13185,7647,12185,597,142,144,124,20,6068,6117,479,118,2.808556754,1.720843064,27.585466064,195.737621054,nan,nan,nan,nan,nan,0.000000000,5.570463021,4.190477077,0.035851030,0.071078015,4.465357983,0,0.400000000
257.598707438,19584,7448,0,12543,7041,12185,597,144,140,122,18,6068,6117,479,118,2.808556754,1.720843064,28.746582973,187.680195314,nan,nan,nan,nan,nan,0.000000000,5.153485981,3.786901012,0.029756979,0.059416983,4.022406007,0,0.400000000
257.699832678,20448,7467,0,13031,7417,12977,603,159,143,124,19,6495,6482,487,116,2.784760504,1.782652224,29.956236071,185.843650298,43.694972992,6,1.000000000,nan,nan,0.000000000,4.207939957,2.691988018,0.024477078,0.049740949,2.874315018,0,0.400000000
257.799512148,20160,7748,0,12980,7180,12977,603,143,145,123,22,6495,6482,487,116,2.784760504,1.782652224,26.093019705,195.961773067,nan,nan,nan,nan,nan,0.000000000,3.437354055,2.484318917,0.020125997,0.043165986,2.634471981,0,0.400000000
257.899971008,19392,6967,0,12131,7261,12421,620,148,152,129,23,6004,6417,491,129,2.787219170,1.743805661,30.978670450,206.834105264,49.728631973,5,1.000000000,nan,nan,0.000000000,4.522871051,2.598571009,0.020842999,0.042597007,2.762823016,0,0.400000000
257.999008179,20544,7935,0,13288,7256,12605,647,167,167,138,29,6360,6245,510,137,2.770638781,1.805409121,25.600040344,234.218469172,7.771253586,4,0.000000000,nan,nan,0.000000000,3.185450973,2.003615140,0.017634011,0.027558010,2.137492003,0,0.400000000
258.100044012,19968,7326,0,12561,7407,12638,634,149,150,124,26,6105,6533,489,145,2.841525132,1.746689141,24.629719557,196.419939109,109.721183777,7,1.000000000,nan,nan,0.000000000,3.145034018,1.951231097,0.016067002,0.036987010,2.070915012,0,0.400000000
258.200160742,20064,7486,0,12841,7223,12574,637,154,152,122,30,6256,6318,491,146,2.798280364,1.798586448,26.069229956,205.304185946,6.611347198,2,0.000000000,nan,nan,0.000000000,3.109127982,1.943323063,0.016634993,0.036860991,2.064692031,0,0.400000000
258.300140858,19968,7423,0,12645,7323,12541,644,162,161,131,30,6117,6424,490,154,2.899020822,1.738948055,25.921548730,204.381638579,8.755683899,4,0.000000000,nan,nan,0.000000000,3.158462001,1.983820985,0.017467013,0.029426010,2.110773989,0,0.400000000
258.501891851,19872,7512,0,12695,7177,12356,660,159,159,129,30,6133,6223,501,159,2.914405788,1.759432537,25.528795004,231.791159906,nan,1,nan,nan,nan,0.000000000,3.226001048,2.075546945,0.017972023,0.042997999,2.206931007,0,0.400000000
258.598586559,20160,7588,0,13151,7009,12568,655,155,158,128,30,6567,6001,494,161,2.870104806,1.779079523,27.944951352,225.099549836,nan,1,nan,nan,nan,0.000000000,3.685238014,2.407685039,0.021152024,0.052132993,2.563605027,0,0.400000000
258.700057268,20064,7639,0,12905,7159,12568,655,162,161,128,33,6567,6001,494,161,2.870104806,1.779079523,30.139442109,228.847814280,nan,nan,nan,nan,nan,0.000000000,5.378296017,4.151339992,0.033500022,0.053197029,4.397393961,0,0.400000000
258.799962282,19872,7412,0,12782,7090,12456,655,158,162,134,28,6376,6080,495,160,2.918157933,1.767580729,29.050257979,233.657325417,15.674591064,2,1.000000000,nan,nan,0.000000000,3.292216978,2.033561061,0.017824990,0.041877036,2.167026978,0,0.400000000
258.899138689,20064,7612,0,12881,7183,12456,655,161,164,132,32,6376,6080,495,160,2.918157933,1.767580729,29.800979824,243.562791276,nan,nan,nan,nan,nan,0.000000000,4.572610022,3.556674987,0.033124001,0.049363996,3.796402016,0,0.400000000
259.000673771,19968,7406,0,12772,7196,12558,657,153,149,122,27,6378,6180,502,155,2.890249411,1.779142595,27.946203155,191.367026091,50.924301147,6,1.000000000,nan,nan,0.000000000,4.436155024,2.568581025,0.020446023,0.052857969,2.714450005,0,0.400000000
259.099965811,19968,7406,0,12776,7192,12558,658,160,163,133,30,6367,6191,499,159,2.925167673,1.815186500,28.663453094,220.893598526,6.108760834,6,0.000000000,nan,nan,0.000000000,3.692260012,2.135555027,0.020296953,0.042758009,2.272190002,0,0.400000000
259.199949503,19968,7292,0,12673,7295,12672,660,155,159,134,25,6367,6305,507,153,2.969198743,1.807932232,30.511265826,224.742061158,39.746284485,3,1.000000000,nan,nan,0.000000000,3.182798973,2.006378025,0.016720966,0.031384989,2.128232038,0,0.400000000
259.400014400,19968,7201,0,12627,7341,12763,666,162,168,139,29,6413,6350,513,153,2.999318884,1.827632721,27.346364764,236.385848621,nan,1,nan,nan,nan,0.000000000,3.370438004,2.109571011,0.018149032,0.038704020,2.241153037,0,0.400000000
259.500366926,20064,7352,0,12850,7214,12763,666,167,171,143,28,6413,6350,513,153,2.999318884,1.827632721,29.474010109,255.822100996,nan,nan,nan,nan,nan,0.000000000,2.758483985,2.142303099,0.019474945,0.025945017,2.278239001,0,0.400000000
259.600093365,19968,7264,0,12584,7384,12763,666,172,169,141,28,6413,6350,513,153,2.999318884,1.827632721,29.061289837,248.204021507,nan,nan,nan,nan,nan,0.000000000,4.590584023,3.475129954,0.028662034,0.033782970,3.673831990,0,0.400000000
259.700015783,19968,7124,0,12681,7287,12840,686,175,168,145,23,6543,6297,532,154,2.992728860,1.902636063,36.345437179,201.592184681,5.912780762,5,0.000000000,nan,nan,0.000000000,6.042702997,3.630979045,0.018915918,0.040550018,3.759687999,0,0.400000000
259.800046682,19872,7130,0,12507,7365,12840,686,168,170,152,18,6543,6297,532,154,2.992728860,1.902636063,35.923744052,209.677906262,nan,nan,nan,nan,nan,0.000000000,5.590173008,4.242714960,0.034805038,0.053237018,4.485386016,0,0.400000000
259.899482250,20160,7152,0,12789,7371,13004,667,159,165,144,21,6572,6432,509,158,3.004364157,1.947257293,34.082521128,258.177035385,nan,1,nan,nan,nan,0.000000000,6.468479987,3.833705036,0.031296979,0.056140998,4.062490014,0,0.400000000
260.000034094,19872,7058,0,12443,7429,13004,667,176,176,152,24,6572,6432,509,158,3.004364157,1.947257293,36.729460905,257.996396783,nan,nan,nan,nan,nan,0.000000000,2.753412002,2.044106950,0.018446008,0.031127012,2.170028980,0,0.400000000
260.099090099,19968,7110,0,12701,7267,12854,683,175,180,152,28,6539,6315,520,163,3.030132934,1.994239234,37.171012199,270.840551091,4.987955093,2,0.000000000,nan,nan,0.000000000,3.557566029,2.349437913,0.022797030,0.049030001,2.502811025,0,0.400000000
260.400029898,20160,7200,0,12823,7337,12956,712,184,178,148,30,6578,6378,538,174,3.141468569,2.064572961,32.650787441,269.075600823,111.077547073,3,1.000000000,nan,nan,0.000000000,3.586355015,2.364766086,0.020321109,0.035503006,2.502772026,0,0.400000000
260.500064850,19776,7181,0,12471,7305,12591,714,181,178,148,30,6264,6327,532,182,3.131269318,2.078388357,32.207171585,288.276019698,10.222434998,3,0.000000000,nan,nan,0.000000000,5.036014016,3.412175924,0.032019976,0.058079022,3.630902967,0,0.400000000
260.600568771,19776,7141,0,12527,7249,12631,727,184,179,148,31,6341,6290,537,190,3.138861844,2.100281164,29.411193866,281.276306057,19.662618637,3,1.000000000,nan,nan,0.000000000,10.744811967,6.743106060,0.050522038,0.060129038,7.081930002,0,0.400000000
260.801118851,20160,7115,0,12742,7418,13041,701,188,173,147,26,6592,6449,513,188,3.170289720,2.148593000,31.225543040,257.123882922,50.126314163,3,1.000000000,nan,nan,0.000000000,3.391051025,2.153235080,0.019652012,0.025108980,2.287090989,0,0.400000000
260.900061131,19680,6999,0,12415,7265,13041,701,177,176,148,28,6592,6449,513,188,3.170289720,2.148593000,33.233833975,270.310808824,nan,nan,nan,nan,nan,0.000000000,3.710511024,2.912326076,0.027558999,0.035870995,3.092597006,0,0.400000000
261.099947453,20064,6849,0,12600,7464,13211,716,160,167,136,31,6714,6497,527,189,3.202681831,2.190848346,37.639852252,240.937503596,110.505819321,4,1.000000000,nan,nan,0.000000000,6.406433997,3.891603032,0.030675030,0.044708955,4.101489962,0,0.400000000
261.200039625,19872,6545,0,12470,7402,13211,716,172,174,140,34,6714,6497,527,189,3.202681831,2.190848346,37.430975066,240.714558705,nan,nan,nan,nan,nan,0.000000000,2.865869028,2.189604042,0.018501887,0.032501004,2.319333958,0,0.400000000
261.299200058,19872,6653,0,12466,7406,13211,716,175,173,140,33,6714,6497,527,189,3.202681831,2.190848346,37.839406093,247.948215159,nan,nan,nan,nan,nan,0.000000000,2.861575980,2.195070032,0.018708990,0.026473019,2.321913023,0,0.400000000
261.400215149,19968,6841,0,12579,7389,13123,693,158,175,149,26,6649,6474,520,173,3.240968048,2.235864851,35.558227613,276.270679653,nan,1,nan,nan,nan,0.000000000,3.369502025,2.184323967,0.018675055,0.025869987,2.322454995,0,0.400000000
261.600567818,19680,6669,0,12373,7307,13007,678,153,162,133,29,6619,6388,504,174,3.232934683,2.274155117,36.007844364,213.545287289,79.772472382,2,1.000000000,nan,nan,0.000000000,3.601063974,2.207618032,0.017851999,0.030726951,2.336070989,0,0.400000000
261.699292660,20544,6482,0,13146,7398,14058,723,175,173,145,28,7596,6462,548,175,3.192054682,2.267162677,35.466309489,242.598535460,5.893468857,4,0.000000000,nan,nan,0.000000000,4.775754991,2.846161020,0.022183929,0.033144024,3.002648009,0,0.400000000
261.800092697,19968,6471,0,12440,7528,13493,692,174,176,148,28,6885,6608,519,173,3.233022590,2.276822497,39.735293577,262.672106111,6.452083588,4,0.000000000,nan,nan,0.000000000,5.706919997,3.786893038,0.032690994,0.046036032,4.010401957,0,0.400000000
262.000079155,19968,6263,0,12403,7565,13701,716,191,188,158,30,7085,6616,538,178,3.191251639,2.292779780,42.511188894,317.787975838,99.894046783,8,1.000000000,nan,nan,0.000000000,3.606697952,2.231384919,0.020188047,0.030406984,2.367602021,0,0.400000000
262.099916935,20064,6040,0,12465,7599,13701,716,184,183,152,31,7085,6616,538,178,3.191251639,2.292779780,43.001471187,309.129506304,nan,nan,nan,nan,nan,0.000000000,4.091284005,3.206653055,0.031334057,0.047953974,3.412598977,0,0.400000000
262.201551676,19872,5904,0,12280,7592,13701,716,183,183,153,30,7085,6616,538,178,3.191251639,2.292779780,42.321603740,312.022419942,nan,nan,nan,nan,nan,0.000000000,6.710806978,3.522215993,0.029501971,0.035452016,3.725333023,0,0.400000000
262.299922228,20064,5744,0,12318,7746,14316,765,192,190,150,40,7441,6875,552,213,3.148194890,2.342131215,44.672438751,273.103830417,9.959936142,2,0.000000000,nan,nan,0.000000000,3.677746048,2.347729052,0.020458072,0.050606031,2.482428972,0,0.400000000
262.399960279,19968,5658,0,12300,7668,14306,765,170,168,138,30,7457,6849,557,208,3.148474171,2.355154686,38.627716590,237.353058523,70.150852203,2,1.000000000,nan,nan,0.000000000,3.967227996,2.419220051,0.018377032,0.052935968,2.547076030,0,0.400000000
262.503287315,19680,5521,0,12167,7513,14306,765,183,181,147,34,7457,6849,557,208,3.148474171,2.355154686,42.097875851,260.100631448,nan,nan,nan,nan,nan,0.000000000,3.080017981,2.334770048,0.019711966,0.034836004,2.465415047,0,0.400000000
262.700049639,19968,5216,0,12336,7632,14748,759,170,176,144,32,7862,6886,540,219,3.077979164,2.380528499,45.729435693,285.492033014,150.289058685,7,1.000000000,nan,nan,0.000000000,3.950668033,2.402785991,0.019339030,0.053448020,2.542129019,0,0.400000000
262.800064087,20064,5196,0,12383,7681,14864,786,184,182,149,33,8024,6840,564,222,3.045506429,2.408357402,46.532822893,291.721808134,40.145874023,3,1.000000000,nan,nan,0.000000000,8.202594006,4.946973932,0.036250975,0.064224994,5.187098985,0,0.400000000
262.900893211,19968,4840,0,12289,7679,14864,786,184,180,148,32,8024,6840,564,222,3.045506429,2.408357402,42.348075274,281.635861784,nan,nan,nan,nan,nan,0.000000000,3.423941031,2.544830961,0.019666913,0.042586005,2.674232994,0,0.400000000
263.000581503,19968,4663,0,12383,7585,14864,786,179,179,149,30,8024,6840,564,222,3.045506429,2.408357402,42.648676176,288.955056588,nan,nan,nan,nan,nan,0.000000000,3.277091018,2.498220012,0.020274019,0.034576980,2.636098012,0,0.400000000
263.100043774,19872,4553,0,12301,7571,14864,786,179,179,149,30,8024,6840,564,222,3.045506429,2.408357402,42.105911783,294.333268390,nan,nan,nan,nan,nan,0.000000000,6.927011011,5.429315963,0.036640035,0.038901984,5.668574013,0,0.400000000
263.300086260,19584,4369,0,12288,7296,15211,789,193,177,147,30,8685,6526,556,233,2.705015811,2.463032367,42.311276964,268.005093955,45.752525330,3,1.000000000,nan,nan,0.000000000,4.392987990,2.544409945,0.020260981,0.064863008,2.683301049,0,0.400000000
263.498868227,20160,4211,0,12505,7655,15945,793,175,188,145,43,9088,6857,548,245,2.711908174,2.523203034,44.171733763,282.338102942,60.034513474,2,1.000000000,nan,nan,0.000000000,4.106563982,2.484158962,0.019187981,0.040792977,2.616206999,0,0.400000000
263.600015163,19584,4128,0,12119,7465,15452,777,170,176,138,38,8773,6679,523,254,2.409756443,2.560783754,40.331476933,262.263203905,9.902715683,2,0.000000000,nan,nan,0.000000000,6.324175047,4.271093931,0.035019999,0.085428008,4.509575956,0,0.400000000
263.698514223,19968,4033,0,12225,7743,15931,787,170,185,139,46,8947,6984,518,269,2.626059076,2.530830519,41.828316115,326.665051326,49.418926239,5,1.000000000,nan,nan,0.000000000,3.927360987,2.437010990,0.019029016,0.037937018,2.567091025,0,0.400000000
263.799799204,20448,4256,0,12796,7652,16188,777,177,175,134,41,9297,6891,504,273,2.513058660,2.556282554,41.261377158,292.745125431,nan,1,nan,nan,nan,0.000000000,5.201011023,2.809107944,0.020480016,0.062573992,2.949140966,0,0.400000000
263.899924278,19968,3909,0,12066,7902,16188,777,173,174,133,41,9297,6891,504,273,2.513058660,2.556282554,40.751960411,284.501665972,nan,nan,nan,nan,nan,0.000000000,3.650349041,2.769323997,0.023538945,0.039064966,2.925333974,0,0.400000000
264.000046015,19968,3949,0,12098,7870,16015,767,190,180,136,44,8823,7192,489,278,2.560494639,2.561855241,46.139390006,294.506776459,nan,1,nan,nan,nan,0.000000000,3.884347971,2.377358964,0.020381995,0.043666980,2.513547020,0,0.400000000
264.100003719,19872,3796,0,11947,7925,16072,800,179,174,129,45,8773,7299,512,288,2.572059659,2.521833215,44.294241125,302.973220219,nan,1,nan,nan,nan,0.000000000,4.838912981,2.758555056,0.019544037,0.052617979,2.896788996,0,0.400000000
264.198713064,20160,3776,0,12027,8133,16380,791,173,173,130,43,8862,7518,480,311,2.486095661,2.609085859,37.813971146,296.836743491,nan,1,nan,nan,nan,0.000000000,3.904390032,2.404145955,0.018103048,0.036826998,2.531959035,0,0.400000000
264.299892664,19968,3646,0,11930,8038,16380,791,169,170,126,44,8862,7518,480,311,2.486095661,2.609085859,36.283633752,296.935051549,nan,nan,nan,nan,nan,0.000000000,4.255653999,3.185382055,0.024397043,0.053735042,3.362275020,0,0.400000000
264.400051832,19584,3560,0,11588,7996,16380,791,170,171,127,44,8862,7518,480,311,2.486095661,2.609085859,36.285496582,297.202484637,nan,nan,nan,nan,nan,0.000000000,3.269098990,2.450045024,0.019209052,0.030265015,2.586103976,0,0.400000000
264.502206802,20448,3446,0,12127,8321,16380,791,170,171,127,44,8862,7518,480,311,2.486095661,2.609085859,36.285496582,297.222444251,nan,nan,nan,nan,nan,0.000000000,3.162758017,2.387380984,0.018136983,0.031907985,2.513055981,0,0.400000000
264.600053310,19968,3345,0,11619,8349,16619,804,191,190,137,53,8724,7895,484,320,2.427057229,2.436720940,47.728559785,278.741850504,14.474868774,4,0.000000000,nan,nan,0.000000000,4.482846998,2.555796003,0.020484091,0.036884041,2.693166025,0,0.400000000
264.700048923,19968,3151,0,11546,8422,16813,842,166,171,124,47,8791,8022,507,335,2.367875188,2.413429215,37.164094991,280.074609537,nan,1,nan,nan,nan,0.000000000,4.458987969,2.894737117,0.020577980,0.051517971,3.040050040,0,0.400000000
264.799904585,19968,3170,0,11379,8589,16794,823,180,186,140,46,8558,8236,491,332,2.523467475,2.389201580,48.418246421,281.145753922,20.024061203,4,1.000000000,nan,nan,0.000000000,7.107860991,4.306347982,0.029503950,0.032006006,4.507876001,0,0.400000000
264.900034666,20064,3026,0,11477,8587,17034,815,173,177,123,54,8769,8265,483,332,2.383517323,2.419969870,44.776524644,234.229783238,nan,1,nan,nan,nan,0.000000000,4.116430995,2.468387014,0.019049970,0.041858992,2.599262982,0,0.400000000
264.999940634,19872,2965,0,11191,8681,16903,824,179,180,126,54,8439,8464,480,344,2.515058250,2.375634652,41.215852933,299.638814609,nan,1,nan,nan,nan,0.000000000,5.061125965,3.025726008,0.019811967,0.039344013,3.157321014,0,0.400000000
265.102437258,20064,2830,0,11348,8716,17230,834,182,198,136,62,8691,8539,488,346,2.280794138,2.442106306,54.500341980,286.161560184,95.035791397,3,1.000000000,nan,nan,0.000000000,4.340683983,2.652723982,0.021191954,0.059310987,2.801220049,0,0.400000000
265.199978113,19872,2827,0,10999,8873,17041,849,193,197,137,60,8299,8742,468,381,2.408349135,2.416594070,51.851085582,347.415050253,nan,1,nan,nan,nan,0.000000000,7.914857008,4.484927049,0.032229058,0.071897986,4.690767964,0,0.400000000
265.400050402,20064,2836,0,11216,8848,17224,847,185,190,124,66,8416,8808,426,421,2.196865396,2.554736299,49.803139836,313.711770345,56.258201599,5,1.000000000,nan,nan,0.000000000,5.973857013,3.268816916,0.024278997,0.055479992,3.432226018,0,0.400000000
265.500014544,19968,2727,0,11141,8827,17237,848,188,194,129,65,8425,8812,419,429,2.108888827,2.560490616,53.581279475,287.425749172,5.689620972,2,0.000000000,nan,nan,0.000000000,8.471564041,4.583295027,0.020758074,0.053494005,4.720833967,0,0.400000000
265.600570440,19776,2758,0,10859,8917,17237,848,199,202,124,78,8425,8812,419,429,2.108888827,2.560490616,55.271034808,287.257478760,nan,nan,nan,nan,nan,0.000000000,5.429680983,4.306155082,0.039873936,0.086488028,4.561186011,0,0.400000000
265.699043751,19680,2720,0,10746,8934,16956,864,204,208,122,86,8023,8933,393,471,2.124239669,2.546651758,50.625172043,327.068710346,8.747577667,3,0.000000000,nan,nan,0.000000000,4.345871974,2.715441049,0.022971944,0.064957014,2.874665020,0,0.400000000
265.900025129,19968,2696,0,10838,9130,16956,864,213,211,122,89,8023,8933,393,471,2.124239669,2.546651758,50.588727409,316.717749681,nan,nan,nan,nan,nan,0.000000000,5.545030988,4.379263031,0.038042082,0.061920029,4.615306039,0,0.400000000
266.000039339,19872,2410,0,10775,9097,16956,864,210,211,122,89,8023,8933,393,471,2.124239669,2.546651758,48.130939682,328.184654125,nan,nan,nan,nan,nan,0.000000000,3.481194959,2.613528923,0.022205000,0.039396051,2.755435009,0,0.400000000
266.099115133,19488,2042,0,10376,9112,17442,840,214,201,118,83,8334,9108,350,490,2.044814975,2.522538760,54.632574591,288.928775818,4.685401917,2,0.000000000,nan,nan,0.000000000,4.213478998,2.532529004,0.022870954,0.049545022,2.674376010,0,0.400000000
266.199002028,19872,2559,0,10685,9187,17309,830,184,185,94,91,8128,9181,332,498,2.041327345,2.550473488,46.011510757,247.559103030,65.894365311,5,1.000000000,nan,nan,0.000000000,4.369637987,2.576925966,0.020052015,0.044704997,2.711426001,0,0.400000000
266.299605131,20352,2495,0,10962,9390,17853,822,205,200,96,104,8493,9360,323,499,1.996613359,2.480103064,51.795124671,292.698456631,nan,1,nan,nan,nan,0.000000000,7.471283025,4.092333023,0.032632030,0.062927022,4.299133027,0,0.400000000
266.400579691,20064,2643,0,10748,9316,17417,807,174,181,95,86,8177,9240,341,466,2.061350324,2.460243076,50.379675740,258.771542894,nan,1,nan,nan,nan,0.000000000,5.510604009,2.957749006,0.021715125,0.054474978,3.106179007,0,0.400000000
266.500015020,19776,2420,0,10858,8918,17352,781,183,179,97,82,8549,8803,338,443,2.013138395,2.444058301,48.981563140,269.882522044,nan,1,nan,nan,nan,0.000000000,4.113780975,2.466891019,0.020142004,0.040276966,2.609263000,0,0.400000000
266.699906826,19872,2336,0,10949,8923,17532,746,169,169,101,68,8793,8739,342,404,2.008663534,2.419836558,43.340031366,255.577734814,nan,1,nan,nan,nan,0.000000000,4.165875027,2.361403953,0.018720923,0.052602030,2.501769050,0,0.400000000
266.808497429,19872,2535,0,10877,8995,17532,746,166,166,97,69,8793,8739,342,404,2.008663534,2.419836558,42.116240352,266.989572712,nan,nan,nan,nan,nan,0.000000000,5.158810993,3.793159034,0.030452968,0.059477985,4.009683966,0,0.400000000
266.900334358,20064,2437,0,11231,8833,17623,727,161,159,96,63,9067,8556,348,379,2.030211053,2.390986269,46.195245200,233.998347347,114.130496979,3,1.000000000,nan,nan,0.000000000,3.879633034,2.168859006,0.017586921,0.036997022,2.291761048,0,0.400000000
267.000722647,20064,2514,0,11163,8901,17546,716,157,152,104,48,8934,8612,353,363,2.150860383,2.356332008,44.043342210,184.199632392,85.544824600,2,1.000000000,nan,nan,0.000000000,3.891196044,2.226955025,0.016717997,0.036444049,2.352663956,0,0.400000000
267.099898577,19968,2512,0,11288,8680,17546,716,148,152,104,48,8934,8612,353,363,2.150860383,2.356332008,40.935399363,188.864747080,nan,nan,nan,nan,nan,0.000000000,3.008813015,2.198237111,0.017549028,0.032978016,2.326979011,0,0.400000000
267.200153112,19872,2412,0,11005,8867,17546,716,156,156,108,48,8934,8612,353,363,2.150860383,2.356332008,42.543013524,188.529269901,nan,nan,nan,nan,nan,0.000000000,4.301029025,3.135561943,0.022580032,0.036971003,3.301538003,0,0.400000000
267.300024748,19968,2551,0,11272,8696,17546,716,156,153,105,48,8934,8612,353,363,2.150860383,2.356332008,42.453773562,186.361282991,nan,nan,nan,nan,nan,0.000000000,2.920828003,2.135362884,0.016625971,0.026882044,2.257604967,0,0.400000000
267.399950027,19776,2359,0,10918,8858,17546,716,152,152,105,47,8934,8612,353,363,2.150860383,2.356332008,41.922450944,186.089515897,nan,nan,nan,nan,nan,0.000000000,3.065711004,2.166251943,0.016439997,0.025231973,2.290143049,0,0.400000000
267.499972105,19680,2644,0,11007,8673,17032,691,150,150,97,53,8667,8365,341,350,2.032473105,2.336837332,42.545457688,187.736654261,70.919036865,4,1.000000000,nan,nan,0.000000000,4.655694007,2.448389016,0.019150088,0.049549039,2.584622998,0,0.400000000
267.700798273,20160,2735,0,11296,8864,17421,723,155,157,89,68,8844,8577,346,377,2.052187504,2.350354995,41.585208409,201.548200314,84.399938583,3,1.000000000,nan,nan,0.000000000,3.781391017,2.164128993,0.016843027,0.035428966,2.288741001,0,0.400000000
267.800032854,19872,2295,0,11049,8823,17421,723,162,167,97,70,8844,8577,346,377,2.052187504,2.350354995,43.606390647,243.012075547,nan,nan,nan,nan,nan,0.000000000,2.956370998,2.133426024,0.017553975,0.029092014,2.257041982,0,0.400000000
267.899967194,19776,2706,0,11198,8578,17421,723,166,168,97,71,8844,8577,346,377,2.052187504,2.350354995,44.003989529,229.479188101,nan,nan,nan,nan,nan,0.000000000,3.047393984,2.083980013,0.013662037,0.029488001,2.185612975,0,0.400000000
267.999119043,20160,2222,0,11075,9085,17934,772,184,185,98,87,9042,8892,346,426,1.986636969,2.359174555,48.293765460,241.227464955,9.708404541,9,0.000000000,nan,nan,0.000000000,3.962193034,2.334096003,0.019695959,0.043312961,2.467344981,0,0.400000000
268.099877596,20160,2647,0,11305,8855,17509,786,173,163,88,75,8795,8714,352,434,2.047885733,2.407195854,42.284724322,221.650918430,nan,1,nan,nan,nan,0.000000000,4.257457971,2.408945991,0.017932034,0.059065002,2.540451998,0,0.400000000
268.199933529,19872,2078,0,11090,8782,17509,786,163,165,88,77,8795,8714,352,434,2.047885733,2.407195854,40.994277978,207.132106671,nan,nan,nan,nan,nan,0.000000000,3.193216980,2.342494961,0.018035003,0.040637970,2.472407999,0,0.400000000
268.299914122,20064,2582,0,11349,8715,17478,827,190,184,93,91,8833,8645,343,484,2.037397647,2.405986075,44.197599569,227.701991696,84.467172623,3,1.000000000,nan,nan,0.000000000,4.614290025,2.747288963,0.021926942,0.044432993,2.892185003,0,0.400000000
268.405023336,19968,2133,0,11228,8740,17831,825,199,195,97,98,9139,8692,327,498,1.896438221,2.390152089,49.605755542,275.571961248,nan,1,nan,nan,nan,0.000000000,4.084763990,2.486584999,0.021153013,0.036041019,2.623300010,0,0.400000000
268.500051260,20064,2511,0,11189,8875,17549,841,203,204,99,105,8706,8843,326,515,1.936680462,2.398936645,51.192866988,273.193370945,nan,1,nan,nan,nan,0.000000000,4.207957012,2.551628044,0.022066990,0.034930010,2.689214016,0,0.400000000
268.599952221,19968,2188,0,11123,8845,17549,841,205,202,94,108,8706,8843,326,515,1.936680462,2.398936645,49.432153026,252.430611451,nan,nan,nan,nan,nan,0.000000000,4.143053957,3.199983970,0.031438074,0.060930965,3.392629966,0,0.400000000
268.699954987,19968,2332,0,10949,9019,17632,873,183,191,94,97,8617,9015,314,559,1.959763236,2.397426553,47.465314410,259.143415501,39.754867554,4,1.000000000,nan,nan,0.000000000,6.704806001,4.323086992,0.032267999,0.068142021,4.536268010,0,0.400000000
268.799921989,19968,2353,0,11152,8816,17611,853,179,184,96,88,8799,8812,317,536,1.909032446,2.464334370,40.270844747,283.778713596,89.483976364,2,1.000000000,nan,nan,0.000000000,4.327955015,2.608547045,0.019631989,0.040073006,2.743738994,0,0.400000000
268.899938822,19680,2284,0,10907,8773,17611,853,186,178,92,86,8799,8812,317,536,1.909032446,2.464334370,38.180759332,273.540619565,nan,nan,nan,nan,nan,0.000000000,5.492489028,4.231542000,0.032054028,0.062678009,4.449044995,0,0.400000000
269.000237703,20064,2429,0,11094,8970,17631,808,173,183,91,92,8665,8966,300,508,1.929234592,2.465670704,42.421300178,255.696561765,84.503412247,3,1.000000000,nan,nan,0.000000000,4.166537023,2.505538054,0.019980012,0.039981969,2.641776984,0,0.400000000
269.100094557,20160,2195,0,10919,9241,17631,808,179,178,88,90,8665,8966,300,508,1.929234592,2.465670704,41.535307325,250.905513916,nan,nan,nan,nan,nan,0.000000000,3.571634996,2.619689971,0.019605039,0.035582983,2.758382005,0,0.400000000
269.199966192,19968,2589,0,11162,8806,17375,796,170,162,81,81,8569,8806,292,504,1.978001547,2.490307243,36.938090689,234.622925008,6.280899048,4,0.000000000,nan,nan,0.000000000,5.163185007,2.852176956,0.020292937,0.035873032,3.000170982,0,0.400000000
269.298864126,20160,2199,0,11106,9054,17957,818,167,176,89,87,8903,9054,299,519,1.888403573,2.441669627,44.493667690,230.510885986,4.787921906,2,0.000000000,nan,nan,0.000000000,4.233120009,2.529475023,0.018603983,0.042255968,2.660302969,0,0.400000000
269.402464628,20160,2599,0,11087,9073,17557,804,160,162,83,79,8484,9073,292,512,1.904488307,2.495334486,35.789546932,256.561744791,16.204118729,6,1.000000000,nan,nan,0.000000000,4.204994999,2.539651992,0.018472027,0.066213019,2.680763020,0,0.400000000
269.499980211,19488,2126,0,10669,8819,17557,804,168,169,84,85,8484,9073,292,512,1.904488307,2.495334486,38.894512223,260.654938244,nan,nan,nan,nan,nan,0.000000000,5.848361994,4.441177996,0.016945007,0.046320027,4.570204997,0,0.400000000
269.599246025,20448,2586,0,11181,9267,17858,828,151,158,73,85,8591,9267,280,548,1.860359360,2.516395063,35.175240410,228.029365317,60.091257095,5,1.000000000,nan,nan,0.000000000,4.435715964,2.768435981,0.019419997,0.050352013,2.916458994,0,0.400000000
269.700976610,19488,2177,0,10895,8593,17307,833,174,177,85,92,8718,8589,284,549,1.822707968,2.501945861,41.113240528,294.188255739,10.401964188,4,0.000000000,nan,nan,0.000000000,4.165822000,2.557993925,0.019092986,0.049887982,2.696938056,0,0.400000000
269.798801661,20544,2586,0,11068,9476,17307,833,180,175,86,89,8718,8589,284,549,1.822707968,2.501945861,40.167765242,284.201314083,nan,nan,nan,nan,nan,0.000000000,3.348845989,2.525119984,0.019283034,0.035053003,2.655891003,0,0.400000000
269.899963379,19680,2244,0,10931,8749,17432,800,173,170,86,84,8683,8749,276,524,1.789021565,2.509902565,41.979279618,265.897137329,29.911518097,3,1.000000000,nan,nan,0.000000000,7.887765008,5.032104033,0.031616946,0.035721983,5.246840010,0,0.400000000
269.999378681,20352,2485,0,11227,9125,17863,844,185,176,79,97,8742,9121,274,570,1.918211377,2.563594774,43.806687806,208.236389702,6.601810455,3,0.000000000,nan,nan,0.000000000,4.134957038,2.539273002,0.019688043,0.037510996,2.672897012,0,0.400000000
270.099951029,19584,2339,0,10805,8779,17241,807,164,166,76,90,8462,8779,272,535,1.777191186,2.546357016,40.506850814,249.096933009,nan,1,nan,nan,nan,0.000000000,5.819733953,3.182375920,0.022487948,0.050050963,3.346700978,0,0.400000000
270.299830198,19968,2466,0,11103,8865,17498,814,174,167,74,93,8633,8865,275,539,1.808748780,2.557211401,41.645375834,263.834677703,50.172328949,10,1.000000000,nan,nan,0.000000000,4.493304004,2.637527010,0.020674022,0.060298014,2.788671991,0,0.400000000
270.400933027,19680,2408,0,10681,8999,17498,814,167,168,76,92,8633,8865,275,539,1.808748780,2.557211401,41.659685035,257.080993717,nan,nan,nan,nan,nan,0.000000000,6.504230027,4.777441034,0.034630008,0.064564985,5.035424023,0,0.400000000
270.499339104,20352,2598,0,11232,9120,17750,832,178,173,79,94,8630,9120,274,558,1.795660334,2.584277384,41.654842557,251.435761679,6.489276886,2,0.000000000,nan,nan,0.000000000,4.182374978,2.552707039,0.019640895,0.035924953,2.696376992,0,0.400000000
270.600972414,19680,2455,0,10797,8883,17750,832,177,178,79,99,8630,9120,274,558,1.795660334,2.584277384,42.204425038,254.675048495,nan,nan,nan,nan,nan,0.000000000,6.086243025,4.630922049,0.034091005,0.051735027,4.865366034,0,0.400000000
270.698361158,20448,2690,0,11188,9260,17754,855,176,187,76,111,8498,9256,273,582,1.874810797,2.625376476,48.982903521,218.388795745,nan,1,nan,nan,nan,0.000000000,4.228290985,2.600448963,0.019285944,0.059437996,2.730990003,0,0.400000000
270.799957037,19776,2230,0,10691,9085,17754,855,188,189,77,112,8498,9256,273,582,1.874810797,2.625376476,47.698959880,229.653794191,nan,nan,nan,nan,nan,0.000000000,5.557889002,4.151321016,0.029778923,0.047862006,4.351416952,0,0.400000000
270.900017023,19776,2310,0,10688,9088,17462,834,176,186,80,106,8374,9088,262,572,1.860894811,2.628982157,48.094737637,243.928854041,75.618743896,3,1.000000000,nan,nan,0.000000000,4.487049999,2.575688006,0.018969935,0.033599033,2.708422020,0,0.400000000
270.999817848,19872,2250,0,10742,9130,17462,834,197,196,86,110,8374,9088,262,572,1.860894811,2.628982157,52.330491423,243.590557591,nan,nan,nan,nan,nan,0.000000000,5.968850048,4.636946018,0.038001046,0.054575969,4.878432956,0,0.400000000
271.100127459,19872,2439,0,10693,9179,17429,844,194,186,80,106,8254,9175,258,586,1.879999116,2.612307946,50.435621210,215.898998220,6.623744965,2,0.000000000,nan,nan,0.000000000,6.569319987,3.657241061,0.026795024,0.059660000,3.847284010,0,0.400000000
271.200259209,19872,2632,0,10832,9040,17236,877,173,172,77,95,8200,9036,260,617,1.974263750,2.587092653,46.061727983,211.492047178,39.989233017,6,1.000000000,nan,nan,0.000000000,6.776213006,3.852953960,0.024406996,0.049918017,4.020456981,0,0.400000000
271.298864841,20256,2657,0,11000,9256,17595,846,170,176,79,97,8343,9252,265,581,1.959029634,2.588771050,46.404032401,219.868663894,80.077409744,2,1.000000000,nan,nan,0.000000000,4.365066998,2.628468035,0.018463994,0.049699971,2.759033989,0,0.400000000
271.399929523,19968,2659,0,10914,9054,17305,833,155,161,76,85,8251,9054,274,559,2.083367193,2.558091406,43.959943260,209.322626646,nan,1,nan,nan,nan,0.000000000,4.959042999,2.859356871,0.018595019,0.052610005,2.990342036,0,0.400000000
271.499975443,19680,2605,0,10729,8951,17305,833,159,158,74,84,8251,9054,274,559,2.083367193,2.558091406,42.250095920,199.621867359,nan,nan,nan,nan,nan,0.000000000,3.319175972,2.503731987,0.017060083,0.043469016,2.627478971,0,0.400000000
271.598495722,20256,2747,0,11335,8921,17505,837,178,171,79,92,8584,8921,306,531,2.289993654,2.506202963,48.956056677,204.723589296,20.242452621,3,1.000000000,nan,nan,0.000000000,4.216106958,2.528074954,0.018967025,0.051670999,2.657225006,0,0.400000000
271.700820446,19680,2650,0,10989,8691,17026,748,162,157,80,77,8335,8691,302,446,2.236212230,2.497503011,32.401191907,232.617021589,5.106449127,2,0.000000000,nan,nan,0.000000000,4.060512001,2.320334956,0.020057021,0.056541990,2.466003003,0,0.400000000
271.798093081,20064,2802,0,11217,8847,17258,756,156,158,79,79,8411,8847,301,455,2.346457218,2.491093652,38.698648645,225.765109312,4.461526871,2,0.000000000,nan,nan,0.000000000,5.340288975,2.911124029,0.020194973,0.041594030,3.060929012,0,0.400000000
271.999920845,19968,2855,0,11072,8896,17109,774,151,153,72,81,8216,8893,305,469,2.276839403,2.502886510,37.362035463,232.159859465,79.842567444,3,1.000000000,nan,nan,0.000000000,4.352055024,2.451812034,0.017039012,0.051052019,2.582250978,0,0.400000000
272.099840164,19968,2768,0,11309,8659,17196,754,145,136,67,69,8541,8655,284,470,2.140572732,2.512857781,34.160983788,156.035887427,63.040971756,4,1.000000000,nan,nan,0.000000000,5.542194995,2.990656008,0.020258012,0.039043953,3.137736989,0,0.400000000
272.200027943,19488,2820,0,11071,8417,17196,754,144,148,67,81,8541,8655,284,470,2.140572732,2.512857781,38.217584815,161.011763045,nan,nan,nan,nan,nan,0.000000000,3.090484010,2.278581029,0.015475031,0.032931974,2.395366027,0,0.400000000
272.399948359,20064,2933,0,11384,8680,17127,759,156,153,69,84,8447,8680,281,478,2.257365546,2.521686263,37.111544004,174.265258206,39.837598801,5,1.000000000,nan,nan,0.000000000,4.902954970,2.671187918,0.018328021,0.040987041,2.814324980,0,0.400000000
272.499797821,20064,2903,0,11545,8519,17157,725,147,153,66,87,8638,8519,267,458,2.078421233,2.542730832,37.109946999,219.529454474,23.869514465,3,1.000000000,nan,nan,0.000000000,4.027323972,2.244485950,0.016586040,0.035056029,2.364038024,0,0.400000000
272.600109816,19968,2947,0,11344,8624,17017,728,155,150,71,79,8393,8624,254,474,2.198404178,2.539823415,34.224732000,178.166859680,nan,1,nan,nan,nan,0.000000000,3.805370012,2.245175070,0.016995938,0.032082957,2.367881010,0,0.400000000
272.700048923,20064,2919,0,11327,8737,17017,728,153,151,73,78,8393,8624,254,474,2.198404178,2.539823415,32.302183538,177.861497915,nan,nan,nan,nan,nan,0.000000000,3.243062005,2.339012979,0.017063925,0.034960045,2.481453004,0,0.400000000
272.800141096,19968,2931,0,11251,8717,17017,728,150,150,73,77,8393,8624,254,474,2.198404178,2.539823415,32.778496750,180.830923123,nan,nan,nan,nan,nan,0.000000000,3.243520972,2.330237010,0.016059959,0.028442999,2.457702998,0,0.400000000
272.899834394,19968,2959,0,11301,8667,17017,728,151,152,73,79,8393,8624,254,474,2.198404178,2.539823415,33.444298044,188.994254183,nan,nan,nan,nan,nan,0.000000000,2.943639003,2.177838935,0.012207020,0.026733964,2.272308979,0,0.400000000
272.999823570,20064,3028,0,11331,8733,17032,753,164,155,74,81,8303,8729,257,496,2.167727101,2.604318318,33.194041760,224.531068538,54.754734039,4,1.000000000,nan,nan,0.000000000,4.792800988,2.557643980,0.018583029,0.048237969,2.689084038,0,0.400000000
273.099908829,19968,2912,0,11268,8700,17052,750,169,163,73,90,8352,8700,260,490,2.172634938,2.524798441,39.912638408,215.736942171,nan,1,nan,nan,nan,0.000000000,3.860275028,2.301959088,0.018141931,0.045688008,2.427066967,0,0.400000000
273.300011873,19872,2759,0,10990,8882,17109,762,176,172,70,102,8227,8882,251,511,2.103372036,2.298214791,42.226900518,213.309372032,nan,1,nan,nan,nan,0.000000000,3.939162008,2.351954987,0.018845953,0.057667959,2.482315002,0,0.400000000
273.700111628,19968,2725,0,10854,9114,17239,775,147,162,66,96,8129,9110,244,531,2.112152671,2.196576376,40.086367295,223.889115678,132.606744766,10,1.000000000,nan,nan,0.000000000,3.998737026,2.380681981,0.016642036,0.042958010,2.505624958,0,0.400000000
273.799971819,19968,2967,0,11206,8762,17239,775,170,163,73,90,8129,9110,244,531,2.112152671,2.196576376,37.853329611,200.770285307,nan,nan,nan,nan,nan,0.000000000,6.951295014,5.288085900,0.040722953,0.091541035,5.588572996,0,0.400000000
273.899786472,20064,2837,0,11113,8951,17223,755,171,162,66,96,8272,8951,230,525,2.152054955,2.099114826,37.458739471,184.587214833,38.338184357,5,1.000000000,nan,nan,0.000000000,6.428916997,3.932712018,0.027590082,0.073720003,4.124271043,0,0.400000000
273.999967813,19968,2908,0,11203,8765,17223,755,161,159,67,92,8272,8951,230,525,2.152054955,2.099114826,36.365204371,183.995507191,nan,nan,nan,nan,nan,0.000000000,3.352430998,2.444587066,0.018772029,0.034314988,2.590644988,0,0.400000000
274.099797487,19776,2978,0,10853,8923,17223,755,159,158,67,91,8272,8951,230,525,2.152054955,2.099114826,35.364627373,183.802019026,nan,nan,nan,nan,nan,0.000000000,6.927418988,5.464416929,0.031506061,0.031304022,5.690525984,0,0.400000000
274.198050022,20064,2878,0,11220,8844,17182,699,141,140,57,83,8338,8844,216,483,2.037013124,2.181554942,27.699795918,209.645401701,6.064414978,2,0.000000000,nan,nan,0.000000000,8.887281991,5.343103025,0.035635952,0.072945957,5.611215020,0,0.400000000
274.400883675,20064,2904,0,11030,9034,17156,682,133,135,58,77,8126,9030,219,463,2.073892266,2.126874829,32.337412698,158.619866233,70.439815521,4,1.000000000,nan,nan,0.000000000,3.770004958,2.137664997,0.015586964,0.044549000,2.266354975,0,0.400000000
274.499839067,19968,3075,0,11028,8940,16889,715,162,154,54,100,7953,8936,213,502,2.095355325,2.138161559,38.996610713,179.405834281,5.878448486,4,0.000000000,nan,nan,0.000000000,3.797420999,2.208078979,0.016970909,0.035866979,2.333634999,0,0.400000000
274.599818468,20064,3051,0,11012,9052,17009,728,151,150,57,93,7961,9048,217,511,2.081040672,2.163302817,35.619382698,177.823057957,nan,1,nan,nan,nan,0.000000000,6.453859038,4.121085978,0.030642957,0.062158040,4.355758021,0,0.400000000
274.699857235,20064,3165,0,11268,8796,16895,709,145,149,58,91,8100,8795,209,500,2.110142327,2.151337105,37.021291663,167.395378622,10.123252869,4,0.000000000,nan,nan,0.000000000,3.903897014,2.356937970,0.017817947,0.035503006,2.490416984,0,0.400000000
274.800369263,19680,3108,0,10810,8870,16895,709,147,150,58,92,8100,8795,209,500,2.110142327,2.151337105,36.980191619,184.846559465,nan,nan,nan,nan,nan,0.000000000,5.660407012,4.132043978,0.027489034,0.059121987,4.343523004,0,0.400000000
274.898697853,20448,3237,0,11684,8764,17207,704,145,144,59,85,8454,8753,206,498,2.059005386,2.171152856,35.232153943,163.692252659,nan,1,nan,nan,nan,0.000000000,6.077327009,3.494447970,0.023352972,0.053040974,3.669589001,0,0.400000000
274.999897480,19968,3126,0,10949,9019,16838,695,152,148,59,89,7838,9000,205,490,2.103064142,2.124802948,36.685370364,187.045257688,29.508113861,2,1.000000000,nan,nan,0.000000000,4.385917971,2.263439994,0.016429054,0.039320032,2.388434019,0,0.400000000
275.100616932,20064,3234,0,11228,8836,16838,695,149,150,60,90,7838,9000,205,490,2.103064142,2.124802948,39.435513194,178.154811723,nan,nan,nan,nan,nan,0.000000000,2.938414982,2.152580069,0.016052043,0.042976986,2.272808983,0,0.400000000
275.199765444,20064,3216,0,10968,9096,16844,667,154,152,65,87,7787,9057,199,468,2.080454002,2.182529218,36.841940892,202.030573668,4.401922226,2,0.000000000,nan,nan,0.000000000,3.748304036,2.163552039,0.017251004,0.030166004,2.291534969,0,0.400000000
275.299938679,20064,3266,0,11207,8857,16844,667,156,157,66,91,7787,9057,199,468,2.080454002,2.182529218,39.165075195,212.210018159,nan,nan,nan,nan,nan,0.000000000,2.940735023,2.126107051,0.017257989,0.027983973,2.252727048,0,0.400000000
275.400155067,19968,3237,0,11059,8909,16727,682,175,156,62,94,7865,8862,204,478,2.061601501,2.179511275,35.424306540,191.615091730,7.701873779,4,0.000000000,nan,nan,0.000000000,6.562465976,3.477231949,0.026695954,0.055926968,3.666459001,0,0.400000000
275.499812126,19968,3155,0,11181,8787,16727,682,158,159,66,93,7865,8862,204,478,2.061601501,2.179511275,36.470110907,195.398946100,nan,nan,nan,nan,nan,0.000000000,4.322375986,3.225477063,0.019506086,0.033963006,3.386164026,0,0.400000000
275.598834991,20160,3420,0,11309,8851,16736,671,145,155,65,90,7921,8815,199,472,2.092381127,2.216570597,37.255789101,194.535581801,nan,1,nan,nan,nan,0.000000000,5.596582021,3.047731996,0.022838998,0.036527985,3.219967009,0,0.400000000
275.699911594,19968,3288,0,11124,8844,16676,675,142,147,63,84,7911,8765,202,473,2.028155988,2.250203768,34.821186124,197.161547577,5.789756775,2,0.000000000,nan,nan,0.000000000,3.680821974,2.098124009,0.015788071,0.028728973,2.219004033,0,0.400000000
275.799572706,20064,3590,0,11130,8934,16470,669,132,134,53,81,7608,8862,192,477,2.096111762,2.261491746,32.597007114,152.472436018,4.318475723,2,0.000000000,nan,nan,0.000000000,3.626674006,2.083798056,0.014759949,0.040586980,2.202729986,0,0.400000000
275.899800301,19872,3182,0,10882,8990,16686,682,142,139,55,84,7790,8896,198,484,2.067634003,2.249890895,32.796063760,131.837578512,56.099176407,9,1.000000000,nan,nan,0.000000000,3.580100019,2.114478033,0.015426078,0.035167963,2.235168009,0,0.400000000
275.998965740,19680,2976,0,10632,9048,16700,662,145,142,54,88,7741,8959,189,473,2.060430355,2.267834399,32.273657191,174.892198217,8.674383163,19,0.000000000,nan,nan,0.000000000,3.638010996,2.048611990,0.015454076,0.026952010,2.167212020,0,0.400000000
276.098811865,19968,3356,0,10964,9004,16608,677,132,130,44,86,7707,8901,190,487,2.077553886,2.293743439,30.315085681,144.971992580,10.544538498,20,0.000000000,nan,nan,0.000000000,5.061187956,3.117815999,0.021203014,0.031976961,3.283969010,0,0.400000000
276.199227571,19872,3394,0,10966,8906,16474,664,150,139,55,84,7672,8802,186,478,2.079467485,2.340811928,33.270069998,165.973643949,49.303054810,8,1.000000000,nan,nan,0.000000000,3.485537018,2.041278058,0.015493017,0.029294984,2.160942007,0,0.400000000
276.298949718,19968,3704,0,11130,8838,16260,647,145,140,44,96,7484,8776,179,468,2.155130497,2.334453551,33.399575571,170.380211977,nan,1,nan,nan,nan,0.000000000,3.702351009,2.067006018,0.015494064,0.031589996,2.187478007,0,0.400000000
276.398815632,19968,3761,0,11084,8884,16260,647,145,144,46,98,7484,8776,179,468,2.155130497,2.334453551,32.858527853,180.735065057,nan,nan,nan,nan,nan,0.000000000,2.728644002,2.032900928,0.015427067,0.023482018,2.151307010,0,0.400000000
276.500629902,20160,3993,0,11209,8951,16260,647,145,145,46,99,7484,8776,179,468,2.155130497,2.334453551,32.874447480,180.980706615,nan,nan,nan,nan,nan,0.000000000,3.128987970,2.256075037,0.016309030,0.022477005,2.379914979,0,0.400000000
276.599768639,19968,3804,0,10955,9013,16160,628,134,130,46,84,7226,8934,174,454,2.241574508,2.311558260,31.703530044,132.940891496,5.997419357,3,0.000000000,nan,nan,0.000000000,4.909704963,3.030016960,0.023394008,0.033674005,3.214285010,0,0.400000000
276.799927473,19968,4113,0,11119,8849,15851,622,125,131,47,84,7102,8749,163,459,2.272225301,2.322431016,28.981555759,178.415011268,4.243612289,2,0.000000000,nan,nan,0.000000000,3.391153004,1.890010026,0.014179037,0.027224014,2.005203976,0,0.400000000
276.899935246,20064,4126,0,11366,8698,15934,619,138,142,57,85,7337,8597,167,452,2.257856696,2.408361573,36.506927818,154.206460229,40.379762650,3,1.000000000,nan,nan,0.000000000,3.860411991,2.012738958,0.015150988,0.038417988,2.133027010,0,0.400000000
276.999859810,19872,4296,0,11068,8804,15572,620,139,136,51,85,6870,8702,164,456,2.248419220,2.341441212,32.270238291,136.211549323,nan,1,nan,nan,nan,0.000000000,3.416894993,1.989126962,0.015306985,0.024233945,2.111133013,0,0.400000000
277.099200487,20160,4457,0,11437,8723,15572,620,138,137,53,84,6870,8702,164,456,2.248419220,2.341441212,32.302480848,138.610131448,nan,nan,nan,nan,nan,0.000000000,2.693584014,1.965055009,0.015000987,0.023272005,2.080992970,0,0.400000000
277.200463533,20160,4612,0,11187,8973,15544,621,142,143,54,89,6685,8859,166,455,2.229306810,2.285109594,35.204517459,137.372883001,54.095983505,9,1.000000000,nan,nan,0.000000000,3.752137010,2.003100060,0.015644997,0.035730016,2.122370992,0,0.400000000
277.299898148,19968,4515,0,11174,8794,15449,606,135,132,49,83,6796,8653,163,443,2.194832764,2.367885569,30.744555184,114.639982541,20.897150040,7,1.000000000,nan,nan,0.000000000,4.696529009,2.622763044,0.020190957,0.029815012,2.775939996,0,0.400000000
277.399748325,20064,4775,0,11185,8879,15449,606,132,131,48,83,6796,8653,163,443,2.194832764,2.367885569,30.083100146,113.556493860,nan,nan,nan,nan,nan,0.000000000,2.511085011,1.854609989,0.014053017,0.029843999,1.969463017,0,0.400000000
277.499733686,19968,4731,0,11254,8714,15233,607,125,122,51,71,6701,8532,165,442,2.178709327,2.399992709,27.014244831,119.191881975,21.698474884,2,1.000000000,nan,nan,0.000000000,3.213013988,1.866676030,0.013350975,0.044521003,1.982666028,0,0.400000000
277.599982500,20064,4982,0,11465,8599,15233,607,138,138,56,82,6701,8532,165,442,2.178709327,2.399992709,32.748007145,130.107391844,nan,nan,nan,nan,nan,0.000000000,2.514998021,1.855746028,0.014694990,0.029561983,1.973041974,0,0.400000000
277.700541019,19872,4965,0,11308,8564,15233,607,137,140,57,83,6701,8532,165,442,2.178709327,2.399992709,32.827812494,134.063922938,nan,nan,nan,nan,nan,0.000000000,3.266680054,2.399588062,0.019420055,0.033638964,2.546445001,0,0.400000000
277.799230337,19872,5130,0,11409,8463,14738,600,130,140,56,84,6530,8208,158,442,2.144477072,2.546981189,30.354663611,161.824502088,6.105899811,6,0.000000000,nan,nan,0.000000000,3.252415976,1.849624037,0.014295976,0.027870003,1.963586954,0,0.400000000
277.901026487,20448,5332,0,11882,8566,15112,604,138,143,56,87,6854,8258,167,437,2.125121269,2.350562863,30.954163410,186.672543456,6.040811539,6,0.000000000,nan,nan,0.000000000,3.544232051,2.114710980,0.017409038,0.034339959,2.247430035,0,0.400000000
278.001124859,19872,5259,0,11682,8190,15112,604,138,138,57,81,6854,8258,167,437,2.125121269,2.350562863,27.038357816,148.069118150,nan,nan,nan,nan,nan,0.000000000,4.827834025,3.477987018,0.022572989,0.035732985,3.658786998,0,0.400000000
278.099803209,20064,5265,0,11616,8448,14795,621,134,144,57,87,6752,8043,171,450,2.099051244,2.536687006,33.212168638,156.175491197,1.750946045,2,0.000000000,nan,nan,0.000000000,3.213835997,1.918132883,0.014978054,0.037299993,2.037963015,0,0.400000000
278.199888468,19968,5339,0,11800,8168,14625,598,129,134,48,86,6848,7777,160,438,2.070180241,2.697256717,31.198054403,126.545189644,59.963226318,2,1.000000000,nan,nan,0.000000000,3.197549027,1.882690005,0.014172052,0.043154985,1.996032021,0,0.400000000
278.299897671,19968,5419,0,11740,8228,14545,593,135,138,47,91,6766,7779,157,436,2.069699861,2.635251201,31.839978266,151.327430108,4.016399384,2,0.000000000,nan,nan,0.000000000,3.146932984,1.861919940,0.014679972,0.042817031,1.979199995,0,0.400000000
278.399789333,19584,5307,0,11821,7763,14545,593,137,137,43,94,6766,7779,157,436,2.069699861,2.635251201,31.860147603,145.952514737,nan,nan,nan,nan,nan,0.000000000,3.405730007,2.538443077,0.020555046,0.033763004,2.708512009,0,0.400000000
278.499564409,20352,5452,0,11994,8358,14896,586,140,128,44,84,7025,7871,152,434,2.044526550,2.743914958,31.205157060,122.757219215,50.534725189,10,1.000000000,nan,nan,0.000000000,3.831848036,2.040924970,0.015153084,0.027080998,2.159947995,0,0.400000000
278.699947119,19968,5620,0,12013,7955,14344,585,137,138,44,94,6905,7439,148,437,1.996215913,2.658834641,33.949524399,135.672905872,39.782524109,13,1.000000000,nan,nan,0.000000000,3.136612999,1.803233870,0.014788064,0.039175968,1.920684997,0,0.400000000
278.800687075,19968,5546,0,12110,7858,14418,585,136,131,41,90,7108,7310,148,437,1.961214409,2.769690629,31.636838809,140.557232692,19.923686981,3,1.000000000,nan,nan,0.000000000,3.937353962,2.447497973,0.020419946,0.076726952,2.611947013,0,0.400000000
278.899730921,19968,5575,0,12077,7891,14389,583,130,130,39,91,7040,7349,149,434,1.954285916,2.672727167,31.417468746,138.460372048,40.045022964,2,1.000000000,nan,nan,0.000000000,3.295245988,1.807848050,0.013728975,0.031356991,1.925207966,0,0.400000000
278.999841213,20064,5469,0,12072,7992,14591,581,136,128,48,80,7200,7391,153,428,1.934292985,2.796259297,29.163207565,138.195467904,3.342628479,2,0.000000000,nan,nan,0.000000000,4.955158976,2.863217029,0.022814958,0.070538023,3.047332983,0,0.400000000
279.099831820,19296,5337,0,11815,7481,14591,581,129,130,47,83,7200,7391,153,428,1.934292985,2.796259297,30.573540032,145.269457877,nan,nan,nan,nan,nan,0.000000000,2.390916983,1.751673990,0.014330028,0.035883975,1.862950972,0,0.400000000
279.199690819,20256,5688,0,12374,7882,14564,563,134,131,42,89,7262,7302,147,416,1.906570632,2.746461561,31.106736377,121.840784065,nan,1,nan,nan,nan,0.000000000,3.364249016,2.032553952,0.017983955,0.053138996,2.172383014,0,0.400000000
279.299257040,19104,5441,0,11485,7619,14564,563,133,132,48,84,7262,7302,147,416,1.906570632,2.746461561,29.777769248,123.872614777,nan,nan,nan,nan,nan,0.000000000,3.111945989,2.190102066,0.016899954,0.069673988,2.325154026,0,0.400000000
279.499749422,20064,5689,0,12349,7715,14371,544,125,131,47,84,7146,7225,143,401,1.860183065,2.725501062,37.722959173,119.392973493,90.000391006,5,1.000000000,nan,nan,0.000000000,2.934896969,1.655473956,0.013762969,0.030507974,1.771083043,0,0.400000000
279.599896908,19968,5645,0,12155,7813,14319,562,132,130,52,78,6999,7320,152,410,1.864975371,2.707234857,30.261046499,114.270459442,5.049705505,2,0.000000000,nan,nan,0.000000000,3.048470011,1.720485045,0.014083111,0.030373980,1.836414973,0,0.400000000
279.699928999,19968,5746,0,12259,7709,14218,551,144,138,51,87,6964,7254,146,405,1.833176727,2.672476697,36.597241899,106.201597849,5.856990814,2,0.000000000,nan,nan,0.000000000,3.223513952,1.738784020,0.015326019,0.027914997,1.855389972,0,0.400000000
279.799815416,20064,5706,0,12156,7908,14218,551,139,139,52,87,6964,7254,146,405,1.833176727,2.672476697,35.424939067,106.245865745,nan,nan,nan,nan,nan,0.000000000,2.418236982,1.753389952,0.014888006,0.021593005,1.869520987,0,0.400000000
279.901232243,19968,5629,0,12232,7736,14335,578,138,131,50,81,7012,7323,145,433,1.829463058,2.707586617,32.948694001,114.775731421,60.171604156,5,1.000000000,nan,nan,0.000000000,5.083822994,2.762929944,0.023355009,0.050957024,2.952349954,0,0.400000000
280.000750542,19968,5679,0,12101,7867,14335,578,136,137,57,80,7012,7323,145,433,1.829463058,2.707586617,32.297181404,128.055147413,nan,nan,nan,nan,nan,0.000000000,2.373249969,1.735722995,0.014821067,0.019741012,1.850096975,0,0.400000000
280.099788904,19776,5480,0,12167,7609,14335,578,138,137,57,80,7012,7323,145,433,1.829463058,2.707586617,31.724627987,126.017535899,nan,nan,nan,nan,nan,0.000000000,2.335268015,1.723140012,0.014717982,0.019786996,1.836677024,0,0.400000000
280.200028181,20160,5727,0,12067,8093,14429,576,156,143,52,91,6715,7714,150,426,1.821806245,2.586650786,38.457091371,117.264209977,39.725542068,6,1.000000000,nan,nan,0.000000000,3.094125015,1.781360072,0.016722945,0.026452995,1.904947974,0,0.400000000
280.299821377,20064,5526,0,12244,7820,14429,576,134,137,47,90,6715,7714,150,426,1.821806245,2.586650786,37.254502083,122.626512793,nan,nan,nan,nan,nan,0.000000000,4.752020992,3.524199012,0.028608076,0.042357016,3.735538980,0,0.400000000
280.399872780,20064,5675,0,12210,7854,14385,552,145,138,44,94,6879,7506,134,418,1.791433245,2.540241577,36.882843753,123.603362375,19.947528839,7,1.000000000,nan,nan,0.000000000,4.367580987,2.296736988,0.020271982,0.030936964,2.452059998,0,0.400000000
281.399681330,19968,5092,0,12088,7880,14872,536,65,116,25,91,7225,7647,123,413,1.642646990,2.577020266,45.377532747,230.480840021,319.960594177,14,1.000000000,nan,nan,0.000000000,6.307215022,3.661412047,0.019997009,0.154090987,3.878623014,0,0.400000000
281.499724388,19968,4876,0,12081,7887,14872,536,159,151,39,112,7225,7647,123,413,1.642646990,2.577020266,32.626835109,134.693438974,nan,nan,nan,nan,nan,0.000000000,6.785344041,4.823235970,0.066186069,0.097467972,5.397317000,0,0.400000000
281.599858284,20064,4978,0,12189,7875,14872,536,148,145,40,105,7225,7647,123,413,1.642646990,2.577020266,32.214447918,127.130212760,nan,nan,nan,nan,nan,0.000000000,3.240527003,2.197369060,0.021305983,0.044634973,2.350318013,0,0.400000000
281.699744701,19968,4819,0,12167,7801,15145,524,147,139,42,97,7619,7526,118,406,1.577122699,2.567223128,27.609086358,116.339640103,29.756546021,7,1.000000000,nan,nan,0.000000000,2.990555018,1.626389974,0.015532016,0.048099027,1.744628011,0,0.400000000
281.799691916,20064,4853,0,12102,7962,15207,535,131,132,45,87,7525,7682,122,413,1.571829822,2.541963663,28.889718542,127.450254272,40.494441986,2,1.000000000,nan,nan,0.000000000,3.056004003,1.651079976,0.014219026,0.030340045,1.767907001,0,0.400000000
281.902030945,19872,4790,0,12122,7750,15207,535,126,123,35,88,7525,7682,122,413,1.571829822,2.541963663,27.378359379,110.100876934,nan,nan,nan,nan,nan,0.000000000,4.941686988,3.630165011,0.032319978,0.100705016,3.892657987,0,0.400000000
281.999382734,19680,4613,0,11683,7997,15063,536,141,129,43,86,7325,7738,124,412,1.559298550,2.382196332,29.596140271,107.132691195,80.487251282,4,1.000000000,nan,nan,0.000000000,6.197648006,3.664916963,0.036996964,0.076346041,3.971205966,0,0.400000000
282.098756790,20448,5027,0,12448,8000,15063,536,127,126,43,83,7325,7738,124,412,1.559298550,2.382196332,26.800295931,106.417555503,nan,nan,nan,nan,nan,0.000000000,3.561250051,1.710801036,0.014492951,0.026901020,1.832312963,0,0.400000000
282.199712992,19584,4493,0,11822,7762,15063,536,124,125,43,82,7325,7738,124,412,1.559298550,2.382196332,28.094085081,103.309872025,nan,nan,nan,nan,nan,0.000000000,2.356904035,1.662685012,0.013409939,0.031730975,1.775445999,0,0.400000000
282.300212860,20352,4897,0,12213,8139,15063,536,126,128,45,83,7325,7738,124,412,1.559298550,2.382196332,27.754267639,106.047737051,nan,nan,nan,nan,nan,0.000000000,4.838374036,3.516350989,0.030833064,0.068437017,3.766451962,0,0.400000000
282.399677277,19968,4771,0,11992,7976,15193,507,115,129,45,84,7525,7668,114,393,1.478042293,2.344647850,31.922300164,110.459543209,4.092216492,2,0.000000000,nan,nan,0.000000000,2.982670034,1.661583083,0.013203011,0.024246983,1.775264973,0,0.400000000
282.499846697,19872,4796,0,12086,7786,15072,517,123,119,35,84,7621,7451,109,408,1.458605801,2.430496845,27.866014794,105.820424778,nan,1,nan,nan,nan,0.000000000,3.488756018,2.057733072,0.016810023,0.070276961,2.197636990,0,0.400000000
282.602581501,19872,4907,0,11987,7885,15072,517,121,124,40,84,7621,7451,109,408,1.458605801,2.430496845,28.898499212,112.864265115,nan,nan,nan,nan,nan,0.000000000,3.894280992,2.723504091,0.021096959,0.046418980,2.898195991,0,0.400000000
282.704632044,19680,4936,0,12082,7598,14740,522,148,131,42,89,7497,7243,102,420,1.429160238,2.291036894,33.790123415,123.650609935,34.028053284,3,1.000000000,nan,nan,0.000000000,3.375236003,1.980629109,0.019262021,0.058773032,2.124907973,0,0.400000000
282.899949074,19968,5021,0,12128,7840,14943,515,116,119,42,77,7423,7520,103,412,1.408420389,2.358142980,30.105494959,104.447113780,nan,1,nan,nan,nan,0.000000000,2.967234992,1.593052002,0.012424949,0.035186997,1.701295027,0,0.400000000
282.999685764,20064,5008,0,12167,7897,15052,517,137,143,51,92,7478,7574,105,412,1.384852163,2.263695378,32.874333839,141.045348052,6.286382675,2,0.000000000,nan,nan,0.000000000,3.012800007,1.617261965,0.015138998,0.038272992,1.736178994,0,0.400000000
283.099841595,19968,5031,0,11899,8069,14933,520,125,126,51,75,7161,7772,107,413,1.381151305,2.237844931,30.241270908,143.131810582,22.994279861,5,1.000000000,nan,nan,0.000000000,2.910320007,1.583867008,0.013570010,0.039044011,1.694589038,0,0.400000000
283.201361179,19872,4878,0,11872,8000,14933,520,131,132,50,82,7161,7772,107,413,1.381151305,2.237844931,31.070197438,132.079095077,nan,nan,nan,nan,nan,0.000000000,3.061854979,2.218897978,0.021585962,0.051277981,2.385500004,0,0.400000000
283.299720287,20064,4986,0,11791,8273,15074,502,128,133,51,82,7081,7993,106,396,1.353183245,2.242697023,34.665841866,128.732082409,64.559459686,8,1.000000000,nan,nan,0.000000000,3.067565965,1.599446987,0.014816003,0.041004969,1.722901012,0,0.400000000
283.399695873,20064,4726,0,11803,8261,15334,505,138,142,54,88,7361,7973,111,394,1.325913251,2.303309409,33.520326310,116.808360625,29.584884644,7,1.000000000,nan,nan,0.000000000,3.890724969,1.576946001,0.015196041,0.045705005,1.695549989,0,0.400000000
283.502964973,19968,4797,0,11626,8342,15167,506,140,138,46,92,7093,8074,107,399,1.322002249,2.202589882,36.941055060,110.290340794,6.275653839,6,0.000000000,nan,nan,0.000000000,3.969042038,2.268329961,0.022427004,0.052818039,2.441527962,0,0.400000000
283.599713087,20064,4761,0,11946,8118,15299,513,139,138,47,91,7436,7863,112,401,1.304174463,2.209184024,36.547419871,105.056449049,3.301858902,2,0.000000000,nan,nan,0.000000000,4.328645999,2.465558937,0.023846980,0.062111008,2.648154041,0,0.400000000
283.700075388,20064,4857,0,11739,8325,15203,527,146,137,41,96,7112,8091,111,416,1.292956875,2.139219973,34.334817508,116.386971304,14.761924744,2,0.000000000,nan,nan,0.000000000,3.044301004,1.646957011,0.015323982,0.023403030,1.764012035,0,0.400000000
283.800056696,19968,4856,0,11901,8067,15203,527,137,139,42,97,7112,8091,111,416,1.292956875,2.139219973,32.650315532,112.157015491,nan,nan,nan,nan,nan,0.000000000,2.345522982,1.655100903,0.016166945,0.022417982,1.774764969,0,0.400000000
283.901327610,20064,4785,0,11617,8447,15275,535,162,149,48,101,7060,8215,117,418,1.251428567,2.041219508,34.987912217,102.790142762,20.111560822,10,1.000000000,nan,nan,0.000000000,3.311434994,1.803704945,0.018297986,0.042572967,1.933805004,0,0.400000000
283.999844551,19968,4821,0,11724,8244,15143,525,157,149,52,97,7113,8030,110,415,1.228166904,2.196617701,36.450625608,106.032565151,5.767583847,2,0.000000000,nan,nan,0.000000000,3.080191032,1.655739965,0.016526959,0.037540973,1.776008052,0,0.400000000
284.099704266,19872,4986,0,11493,8379,14882,531,147,147,50,97,6743,8139,105,426,1.222124359,2.089542750,35.597443726,108.193315130,14.298915863,3,0.000000000,nan,nan,0.000000000,3.096412984,1.668671030,0.015714963,0.027036993,1.788792026,0,0.400000000
284.202625036,20064,4879,0,11679,8385,15181,516,142,136,55,81,7038,8143,111,405,1.201075980,2.235447843,28.908828447,97.151051576,10.000228882,8,0.000000000,nan,nan,0.000000000,3.233754018,1.637385925,0.015425088,0.040273007,1.754751022,0,0.400000000
284.301226854,19680,5065,0,11545,8135,15181,516,140,141,54,87,7038,8143,111,405,1.201075980,2.235447843,31.219732725,97.538546799,nan,nan,nan,nan,nan,0.000000000,2.303501999,1.601224008,0.014967984,0.028381008,1.720374974,0,0.400000000
284.400550604,20544,4973,0,11999,8545,15181,516,140,141,54,87,7038,8143,111,405,1.201075980,2.235447843,31.220544901,97.503529393,nan,nan,nan,nan,nan,0.000000000,2.483261982,1.796865952,0.017323997,0.039967999,1.928083017,0,0.400000000
284.499756098,19968,5090,0,11835,8133,15181,516,140,141,54,87,7038,8143,111,405,1.201075980,2.235447843,31.252639610,98.046523035,nan,nan,nan,nan,nan,0.000000000,3.693229984,2.574409009,0.019682047,0.067794987,2.731631044,0,0.400000000
284.599774122,19968,4930,0,11891,8077,15034,492,129,136,53,83,7370,7664,109,383,1.137482731,2.307897406,30.159828807,80.079320167,25.596380234,2,1.000000000,nan,nan,0.000000000,3.988706041,2.037953062,0.018058054,0.052237010,2.177922986,0,0.400000000
284.699816942,20064,5044,0,12104,7960,15016,495,147,142,52,90,7481,7535,110,385,1.114636265,2.322165026,36.434693700,96.116459873,25.722742081,4,1.000000000,nan,nan,0.000000000,2.895038051,1.557764015,0.015662110,0.039679988,1.676461019,0,0.400000000
284.799818516,19488,4772,0,11431,8057,15016,495,142,142,50,92,7481,7535,110,385,1.114636265,2.322165026,33.887545126,104.538534976,nan,nan,nan,nan,nan,0.000000000,2.223430958,1.544910949,0.015217985,0.028787006,1.664301963,0,0.400000000
284.897795916,20544,5253,0,12674,7870,15287,508,139,154,45,109,8001,7286,109,399,1.077397777,2.352861966,35.836290306,126.755309319,90.368986130,3,1.000000000,nan,nan,0.000000000,3.097677021,1.710438926,0.017104961,0.040935003,1.840696030,0,0.400000000
284.999666929,19584,4717,0,11856,7728,14863,544,141,132,39,93,7634,7229,109,435,1.143241601,2.363347109,32.843711903,106.348335151,nan,1,nan,nan,nan,0.000000000,3.130076046,1.763037057,0.015090918,0.035837002,1.879154006,0,0.400000000
285.098798990,20352,5307,0,12555,7797,15041,549,149,151,44,107,7979,7062,114,435,1.131145420,2.402289321,33.105003329,136.217853455,10.036230087,5,0.000000000,nan,nan,0.000000000,3.184180008,1.799812948,0.016478065,0.062940002,1.924760989,0,0.400000000
285.199729443,20064,4965,0,12240,7824,15041,549,144,146,43,103,7979,7062,114,435,1.131145420,2.402289321,37.713975801,118.182758909,nan,nan,nan,nan,nan,0.000000000,2.618216036,1.862473029,0.017260958,0.041802006,1.992280944,0,0.400000000
285.299801111,19968,5026,0,12512,7456,14938,518,122,129,45,84,8204,6734,131,387,1.183249346,2.016677464,29.410594711,104.354302456,4.638910294,2,0.000000000,nan,nan,0.000000000,3.273195995,1.745751011,0.014075893,0.043319014,1.863072976,0,0.400000000
285.399673223,19968,5087,0,12322,7646,14877,529,119,120,41,79,7851,7026,132,397,1.206167876,1.863735745,20.497094168,100.978530183,nan,1,nan,nan,nan,0.000000000,3.670667007,1.850011002,0.013271987,0.058461970,1.968258002,0,0.400000000
285.499698639,19968,5106,0,12428,7540,14877,529,125,125,40,85,7851,7026,132,397,1.206167876,1.863735745,27.166625611,126.832354910,nan,nan,nan,nan,nan,0.000000000,2.363074978,1.709202945,0.014013145,0.035077974,1.827075030,0,0.400000000
285.698902369,20064,5185,0,12377,7687,14877,529,123,123,41,82,7851,7026,132,397,1.206167876,1.863735745,26.055739696,119.926928614,nan,nan,nan,nan,nan,0.000000000,2.256787964,1.601881988,0.013142009,0.029906980,1.714120037,0,0.400000000
285.799904108,20064,5487,0,12249,7815,14877,529,123,124,41,83,7851,7026,132,397,1.206167876,1.863735745,27.750931469,120.862568066,nan,nan,nan,nan,nan,0.000000000,2.282435016,1.603327983,0.010566087,0.036617974,1.696306979,0,0.400000000
285.899824619,19968,5091,0,12104,7864,14873,538,140,135,42,93,7540,7333,131,407,1.167657643,1.845880886,33.200164973,167.924605105,4.741907120,2,0.000000000,nan,nan,0.000000000,7.671809988,3.899251053,0.033983029,0.133205031,4.143214959,0,0.400000000
286.199973583,19776,4952,0,11878,7898,14820,568,118,140,44,96,7321,7499,167,401,1.427176962,1.609068692,39.407508767,130.482426190,110.994100571,8,1.000000000,nan,nan,0.000000000,3.315817972,1.914467022,0.015205995,0.120123033,2.041083993,0,0.400000000
286.300051928,20064,5461,0,12355,7709,14599,572,145,145,52,93,7196,7403,174,398,1.454122914,1.537369889,34.734181075,161.536604007,34.561872482,5,1.000000000,nan,nan,0.000000000,3.051242966,1.742193999,0.015401107,0.079123012,1.859663986,0,0.400000000
286.399635553,20064,5160,0,12109,7955,14900,584,148,157,53,104,7259,7641,187,397,1.467108082,1.453630665,41.170777321,204.811040811,23.997545242,5,1.000000000,nan,nan,0.000000000,5.620690994,3.445377050,0.031838077,0.177150010,3.676388005,0,0.400000000
286.500433683,19968,5417,0,12484,7484,14900,584,147,142,54,88,7259,7641,187,397,1.467108082,1.453630665,35.506259612,177.733709830,nan,nan,nan,nan,nan,0.000000000,8.319371962,6.241518015,0.049345021,0.148719992,6.618889049,0,0.400000000
286.599704027,19872,5243,0,12418,7454,14900,584,140,136,56,80,7259,7641,187,397,1.467108082,1.453630665,33.805709516,158.492952757,nan,nan,nan,nan,nan,0.000000000,5.183119967,3.757672035,0.028930954,0.070213981,3.981475020,0,0.400000000
286.700444460,19968,5216,0,12714,7254,14748,547,121,120,63,57,7616,7132,254,293,1.594144136,1.349086728,29.320547938,172.035475888,30.348539352,11,1.000000000,nan,nan,0.000000000,3.181432956,1.685326977,0.013148063,0.211936014,1.794996031,0,0.400000000
286.799714804,20064,5292,0,12884,7180,14768,484,87,113,61,52,7638,7130,257,227,1.691998810,1.327406914,27.085473693,107.340660348,4.530429840,2,0.000000000,nan,nan,0.000000000,3.015339025,1.588228974,0.011597935,0.045415014,1.699060958,0,0.400000000
286.899701118,19968,5063,0,12807,7161,14768,484,107,103,56,47,7638,7130,257,227,1.691998810,1.327406914,28.032878520,108.331374858,nan,nan,nan,nan,nan,0.000000000,3.820650047,2.528236946,0.020094099,0.056165038,2.728117979,0,0.400000000
287.000218153,19968,5272,0,12724,7244,14768,484,102,102,57,45,7638,7130,257,227,1.691998810,1.327406914,28.044296698,104.871748743,nan,nan,nan,nan,nan,0.000000000,3.981660004,2.612714015,0.018625986,0.039985985,2.794214000,0,0.400000000
287.099657536,20064,5175,0,12852,7212,14885,489,106,111,66,45,7673,7212,260,229,1.639992074,1.333459023,23.754966625,155.797415064,26.274442673,4,1.000000000,nan,nan,0.000000000,3.291771980,1.818692021,0.014521996,0.044380024,1.948445977,0,0.400000000
287.199779510,20064,5426,0,12677,7387,14634,495,113,117,64,53,7249,7385,260,235,1.675191619,1.341496940,29.826653586,111.805179492,29.850006104,8,1.000000000,nan,nan,0.000000000,3.287967993,1.621891046,0.015968981,0.083180028,1.760729996,0,0.400000000
287.299835682,19968,5134,0,12608,7360,14830,502,125,122,65,57,7474,7356,256,246,1.605188094,1.348131878,28.491311279,162.925144688,30.270099640,7,1.000000000,nan,nan,0.000000000,2.874504018,1.533734961,0.013261975,0.023139000,1.644260017,0,0.400000000
287.400575876,20064,5553,0,12647,7417,14507,490,109,112,63,49,7097,7410,242,248,1.669428016,1.357796569,32.233141793,141.011320641,4.128932953,2,0.000000000,nan,nan,0.000000000,2.769443032,1.531741989,0.012109987,0.028887007,1.641919021,0,0.400000000
287.499801397,19968,5216,0,12473,7495,14748,485,94,91,53,38,7265,7483,238,247,1.595095008,1.361766879,25.484513237,109.908222808,37.948131561,3,1.000000000,nan,nan,0.000000000,4.412065027,2.402000013,0.017488026,0.054993958,2.571305959,0,0.400000000
287.599702358,19968,5588,0,12587,7381,14376,484,103,100,60,40,7018,7358,240,244,1.681263621,1.372324124,28.125611682,97.460162143,54.795503616,4,1.000000000,nan,nan,0.000000000,3.412613994,1.782723004,0.013131998,0.041956024,1.905246987,0,0.400000000
287.699776649,20064,5321,0,12582,7482,14739,482,94,95,59,36,7285,7454,230,252,1.629410009,1.369475824,22.013160440,101.442383186,4.525899887,2,0.000000000,nan,nan,0.000000000,6.545242970,3.201314015,0.020182051,0.053262978,3.398520988,0,0.400000000
287.799808025,19968,5527,0,12527,7441,14437,475,100,90,56,34,7029,7408,227,248,1.673589227,1.375926220,24.050337054,133.257657862,5.855560303,2,0.000000000,nan,nan,0.000000000,2.817291999,1.471189957,0.010931049,0.029755058,1.573953021,0,0.400000000
287.899691343,20064,5356,0,12460,7604,14437,475,95,91,56,35,7029,7408,227,248,1.673589227,1.375926220,20.919614846,125.454128518,nan,nan,nan,nan,nan,0.000000000,3.200185020,2.224062046,0.016230100,0.039039995,2.386912005,0,0.400000000
287.999839783,20064,5572,0,12432,7632,14437,475,93,94,56,38,7029,7408,227,248,1.673589227,1.375926220,23.804235135,130.017616164,nan,nan,nan,nan,nan,0.000000000,2.081584011,1.436151913,0.010152056,0.024606008,1.537509030,0,0.400000000
288.099751234,19872,5341,0,12131,7741,14437,475,94,94,57,37,7029,7408,227,248,1.673589227,1.375926220,24.638483497,138.277662025,nan,nan,nan,nan,nan,0.000000000,2.140188008,1.459855994,0.011973956,0.020909007,1.569526969,0,0.400000000
288.202578783,20064,5588,0,12358,7706,14472,513,102,106,58,48,6855,7617,232,281,1.633957430,1.441027768,26.761655436,130.001998216,nan,1,nan,nan,nan,0.000000000,2.912605996,1.601412951,0.011280063,0.036382000,1.704181952,0,0.400000000
288.299635649,19968,5446,0,12081,7887,14472,513,106,104,60,44,6855,7617,232,281,1.633957430,1.441027768,25.682964934,125.972781753,nan,nan,nan,nan,nan,0.000000000,2.216487017,1.567821018,0.011197000,0.022681023,1.669617021,0,0.400000000
288.399690866,19776,5419,0,12202,7574,14472,513,106,106,62,44,6855,7617,232,281,1.633957430,1.441027768,25.774051564,130.454718808,nan,nan,nan,nan,nan,0.000000000,3.782207030,2.664858941,0.019981933,0.037161983,2.845605020,0,0.400000000
288.600339174,20064,5502,0,12394,7670,14558,529,118,115,55,60,7025,7533,228,301,1.590230812,1.464582835,31.621992836,125.832514802,64.732789993,14,1.000000000,nan,nan,0.000000000,5.614652997,3.109375946,0.023409026,0.054982956,3.280303034,0,0.400000000
288.699781656,19968,5583,0,12038,7930,14381,508,103,96,56,40,6610,7771,218,290,1.614717279,1.458010332,24.219417179,113.141308474,9.449720383,6,0.000000000,nan,nan,0.000000000,3.525030043,1.972995989,0.014427933,0.044594985,2.106378030,0,0.400000000
288.799738169,19968,5780,0,12388,7580,14184,509,104,95,52,43,6783,7401,220,289,1.532742322,1.472936179,24.606789732,87.107109787,nan,1,nan,nan,nan,0.000000000,3.257921024,1.850030094,0.013319019,0.051838986,1.970319019,0,0.400000000
288.899707079,20064,5733,0,12046,8018,14327,513,98,106,55,51,6499,7828,225,288,1.590814230,1.453499868,29.107636079,104.871703309,49.991369247,4,1.000000000,nan,nan,0.000000000,4.565112991,2.267530013,0.014956051,0.043419015,2.410674002,0,0.400000000
288.999964237,19968,5880,0,12314,7654,14084,472,91,98,53,45,6650,7434,194,278,1.525741303,1.490426540,22.401743961,94.547279388,25.949716568,3,1.000000000,nan,nan,0.000000000,2.797055000,1.479618018,0.010480930,0.029510993,1.586328028,0,0.400000000
289.099638224,19872,6041,0,12140,7732,13827,494,108,106,49,57,6322,7505,202,292,1.620581049,1.520366780,26.009559792,95.805106933,35.365343094,2,1.000000000,nan,nan,0.000000000,2.948260983,1.618266047,0.012252014,0.048559974,1.731001015,0,0.400000000
289.299645662,19968,6228,0,12302,7666,13736,497,115,111,50,61,6324,7412,197,300,1.634069387,1.555715921,32.157699132,104.645228463,70.368766785,2,1.000000000,nan,nan,0.000000000,2.780491021,1.546221029,0.012832053,0.035710982,1.655374013,0,0.400000000
289.399713278,19968,6167,0,12407,7561,13797,494,99,100,52,48,6529,7268,207,287,1.544119844,1.545402077,30.624533724,101.851039670,24.563550949,4,1.000000000,nan,nan,0.000000000,2.754194022,1.531639951,0.010934076,0.033707009,1.635077002,0,0.400000000
289.500249386,20064,6336,0,12525,7539,13797,494,100,99,53,46,6529,7268,207,287,1.544119844,1.545402077,29.204211513,115.560224045,nan,nan,nan,nan,nan,0.000000000,2.171171014,1.529386092,0.010873016,0.025979010,1.634971006,0,0.400000000
289.599665642,20064,6340,0,12425,7639,13797,494,102,103,53,50,6529,7268,207,287,1.544119844,1.545402077,30.076614777,126.809045595,nan,nan,nan,nan,nan,0.000000000,3.648562997,2.620875021,0.017992046,0.031570031,2.796115004,0,0.400000000
289.700338125,19968,6530,0,12476,7492,13434,486,107,114,52,62,6248,7186,191,295,1.563791384,1.636385704,30.514477292,84.682797436,5.017757416,2,0.000000000,nan,nan,0.000000000,2.818893001,1.543477993,0.012260978,0.039625971,1.656587003,0,0.400000000
289.801327467,20064,6316,0,12222,7842,13434,486,113,113,49,64,6248,7186,191,295,1.563791384,1.636385704,32.319811805,84.857478460,nan,nan,nan,nan,nan,0.000000000,2.179295989,1.537235046,0.012849923,0.023734057,1.654791005,0,0.400000000
289.899748325,19872,6440,0,12399,7473,13428,483,101,103,48,55,6265,7163,183,300,1.540776456,1.702267918,28.592614361,90.429016789,4.587173462,2,0.000000000,nan,nan,0.000000000,2.688987995,1.498431084,0.011081924,0.023355999,1.602512028,0,0.400000000
289.999626160,20064,6321,0,12086,7978,13739,482,89,100,41,59,6119,7620,174,308,1.521503531,1.665946111,27.675184859,92.480044070,88.552474976,7,1.000000000,nan,nan,0.000000000,4.126862972,2.415515948,0.017951999,0.056608988,2.586082031,0,0.400000000
290.102336168,19968,6461,0,12373,7595,13503,480,94,102,41,61,6253,7250,164,316,1.492157185,1.733108169,28.355113354,92.618857665,9.973049164,5,0.000000000,nan,nan,0.000000000,2.795461041,1.491201983,0.012329954,0.032217009,1.601533033,0,0.400000000
290.201384068,20064,6439,0,12122,7942,13621,491,99,101,37,64,6061,7560,168,323,1.502929424,1.712098108,28.547368224,107.236804120,50.001621246,3,1.000000000,nan,nan,0.000000000,4.584490031,2.381246071,0.016258040,0.033441000,2.539451991,0,0.400000000
290.299752712,19872,6575,0,12291,7581,13621,491,97,96,37,59,6061,7560,168,323,1.502929424,1.712098108,25.646400965,96.847022537,nan,nan,nan,nan,nan,0.000000000,2.173236979,1.515006996,0.010455959,0.041463005,1.621044998,0,0.400000000
290.400173903,20064,6596,0,12212,7852,13464,472,95,96,40,56,6032,7432,163,309,1.405937713,1.732655695,24.246814433,74.837763679,69.181919098,6,1.000000000,nan,nan,0.000000000,5.070863001,2.928454021,0.022314023,0.059267972,3.147312033,0,0.400000000
290.499734879,19584,6777,0,12085,7499,13464,472,97,97,42,55,6032,7432,163,309,1.405937713,1.732655695,25.867588663,73.643626762,nan,nan,nan,nan,nan,0.000000000,4.832952982,3.331897024,0.021633052,0.045782013,3.546078980,0,0.400000000
290.600331306,19680,6870,0,12130,7550,12806,490,108,103,43,60,5712,7094,177,313,1.426181108,1.785788182,28.586725990,67.186999600,nan,1,nan,nan,nan,0.000000000,4.241321993,2.547714044,0.020494044,0.053622003,2.737117000,0,0.400000000
290.700047731,20832,7246,0,12917,7915,12806,490,99,99,37,62,5712,7094,177,313,1.426181108,1.785788182,25.082758218,64.920214784,nan,nan,nan,nan,nan,0.000000000,4.007628013,2.762803924,0.017914048,0.062134000,2.940248000,0,0.400000000
290.799827576,19968,7310,0,12359,7609,12654,505,123,106,41,65,5657,6997,200,305,1.445152202,1.770167832,29.796617195,79.168071271,nan,1,nan,nan,nan,0.000000000,2.690669033,1.567450992,0.012617034,0.032373995,1.676111948,0,0.400000000
290.899757862,19776,6956,0,12176,7600,12654,505,109,108,42,66,5657,6997,200,305,1.445152202,1.770167832,31.709949002,75.424853100,nan,nan,nan,nan,nan,0.000000000,2.372071031,1.704411989,0.012412027,0.020702020,1.819464029,0,0.400000000
290.999069452,20256,7600,0,12881,7375,12654,505,113,109,44,65,5657,6997,200,305,1.445152202,1.770167832,31.996019889,75.103418293,nan,nan,nan,nan,nan,0.000000000,2.719276003,2.059549966,0.016683945,0.026838970,2.202776028,0,0.400000000
291.099720478,19968,7275,0,12632,7336,12654,505,110,110,45,65,5657,6997,200,305,1.445152202,1.770167832,31.998633061,75.918413598,nan,nan,nan,nan,nan,0.000000000,2.395828022,1.739836996,0.018090999,0.018369989,1.861741010,0,0.400000000
291.199670315,19968,7362,0,12847,7121,12602,502,102,98,51,47,6457,6145,271,231,1.488507342,1.780034037,28.127861119,75.626208791,10.076284409,4,0.000000000,nan,nan,0.000000000,3.241989994,1.986965886,0.014544989,0.054750999,2.123820013,0,0.400000000
291.301045418,19968,7304,0,12922,7046,12660,519,114,118,59,59,6638,6022,290,229,1.549687018,1.763561862,35.870620006,79.221159398,16.041278839,2,1.000000000,nan,nan,0.000000000,3.476139042,2.073609096,0.016640988,0.063933025,2.226975979,0,0.400000000
291.399627686,19680,7346,0,13026,6654,12660,519,118,116,60,56,6638,6022,290,229,1.549687018,1.763561862,37.404823497,73.657720519,nan,nan,nan,nan,nan,0.000000000,2.221196017,1.626427053,0.013754005,0.031604024,1.738736988,0,0.400000000
291.497836113,19968,7474,0,13486,6482,12490,515,108,122,76,46,7094,5396,359,156,1.585466947,1.693297937,34.335170919,87.189196807,15.414953232,4,1.000000000,nan,nan,0.000000000,4.202657030,2.553025028,0.018021034,0.077677018,2.754733956,0,0.400000000
291.599724531,20352,7337,0,13763,6589,13011,522,103,113,68,45,7599,5412,384,138,1.659630428,1.552345481,30.675267141,85.627332258,5.835771561,2,0.000000000,nan,nan,0.000000000,2.920654020,1.677947992,0.012363947,0.045669032,1.790851995,0,0.400000000
291.699688196,20064,7408,0,14019,6045,12652,516,96,94,64,30,7758,4894,402,114,1.714969960,1.435509822,27.290566134,68.215899599,50.120830536,7,1.000000000,nan,nan,0.000000000,7.320270000,4.298241984,0.025500020,0.085229985,4.545918026,0,0.400000000
291.799630642,19776,7245,0,13700,6076,12652,516,98,99,65,34,7758,4894,402,114,1.714969960,1.435509822,29.166109099,64.915975946,nan,nan,nan,nan,nan,0.000000000,3.738701984,2.772334963,0.020365056,0.055493030,2.975340991,0,0.400000000
291.898630619,20160,7217,0,14198,5962,12939,497,81,84,62,22,8021,4918,403,94,1.861433896,1.235527649,25.656674731,59.121923056,29.783010483,7,1.000000000,nan,nan,0.000000000,3.215994046,1.828210952,0.011170981,0.087571039,1.944828022,0,0.400000000
291.999672413,20064,7220,0,13847,6217,12939,497,85,88,65,23,8021,4918,403,94,1.861433896,1.235527649,26.536039830,55.222773556,nan,nan,nan,nan,nan,0.000000000,3.392561979,2.462967066,0.014959020,0.071053975,2.618561033,0,0.400000000
292.099827528,19968,6963,0,13791,6177,13001,492,69,80,52,28,7623,5378,389,103,2.007038957,1.171254862,24.334375246,80.718481901,66.705226898,4,1.000000000,nan,nan,0.000000000,5.451655015,2.723126963,0.014070945,0.110399968,2.886699978,0,0.400000000
292.201582432,19968,7023,0,13651,6317,12941,491,87,93,63,30,7256,5685,388,103,2.108715441,1.174990163,27.694682793,83.848380294,5.681753159,3,0.000000000,nan,nan,0.000000000,4.438187985,2.513425017,0.015906990,0.055501994,2.692359965,0,0.400000000
292.300431728,19968,6873,0,13546,6422,13091,470,82,84,52,32,7257,5834,367,103,2.053226962,1.163833536,23.755447118,70.912016252,60.262441635,2,1.000000000,nan,nan,0.000000000,3.797824960,2.266912081,0.014921010,0.053354015,2.423571015,0,0.400000000
292.401185989,20064,6970,0,13572,6492,13090,462,90,83,55,28,7033,6057,359,103,2.214768833,1.174489674,21.559192614,59.221722790,nan,1,nan,nan,nan,0.000000000,3.675082990,2.191950043,0.015054015,0.061711995,2.348843031,0,0.400000000
292.500582695,19872,6849,0,13270,6602,13019,442,86,88,61,27,6811,6208,347,95,2.132845473,1.137933218,23.548085187,67.293128355,5.830049515,2,0.000000000,nan,nan,0.000000000,2.724174992,1.443301036,0.010049029,0.025101996,1.555458002,0,0.400000000
292.602746487,19968,6960,0,13415,6553,13004,461,84,94,64,30,6651,6353,360,101,2.370802594,1.140129808,21.585556699,59.115623740,nan,1,nan,nan,nan,0.000000000,2.909668954,1.574565074,0.010038959,0.022778986,1.677929016,0,0.400000000
292.699607372,19968,6681,0,13135,6833,13283,445,93,89,59,30,6500,6783,344,101,2.296531333,1.107201898,19.137292686,64.592179870,40.100097656,4,1.000000000,nan,nan,0.000000000,2.925604989,1.497890044,0.010304968,0.030850002,1.600551012,0,0.400000000
292.801138878,19872,7014,0,13147,6725,13283,445,86,88,60,28,6500,6783,344,101,2.296531333,1.107201898,19.127388389,69.764344335,nan,nan,nan,nan,nan,0.000000000,2.019133011,1.378940011,0.009440002,0.026805967,1.481337997,0,0.400000000
292.901573181,20256,7114,0,13266,6990,13283,445,86,87,59,28,6500,6783,344,101,2.296531333,1.107201898,19.056511430,66.878149729,nan,nan,nan,nan,nan,0.000000000,2.081670042,1.453948964,0.010467076,0.023092027,1.563124009,0,0.400000000
292.999703169,19968,7269,0,12969,6999,12695,458,89,90,60,30,5700,6995,347,111,2.837217887,1.070207970,19.351432526,62.650449134,nan,1,nan,nan,nan,0.000000000,2.713616996,1.485388959,0.010008982,0.030920957,1.589014020,0,0.400000000
293.099575281,19968,7258,0,12692,7276,12695,458,90,91,60,31,5700,6995,347,111,2.837217887,1.070207970,20.340751306,61.515921121,nan,nan,nan,nan,nan,0.000000000,1.991533965,1.432342047,0.010162999,0.021499989,1.533904055,0,0.400000000
293.200678110,20064,7516,0,12778,7286,12695,458,90,91,60,31,5700,6995,347,111,2.837217887,1.070207970,20.289322172,61.625272004,nan,nan,nan,nan,nan,0.000000000,3.415556974,2.526308002,0.018305087,0.045362976,2.709418011,0,0.400000000
293.299694777,19968,7503,0,12451,7517,12695,458,91,91,59,32,5700,6995,347,111,2.837217887,1.070207970,20.338422868,62.617019228,nan,nan,nan,nan,nan,0.000000000,1.954113017,1.403867034,0.009687908,0.021777989,1.502197993,0,0.400000000
293.400260925,19968,7556,0,12426,7542,12408,461,75,84,52,32,4868,7540,351,110,3.012702555,1.041480433,23.817877705,58.255189905,6.062269211,2,0.000000000,nan,nan,0.000000000,2.807651006,1.476221019,0.008826028,0.032140000,1.576552982,0,0.400000000
293.499776602,19968,7586,0,12335,7633,12378,465,94,90,65,25,4770,7608,353,112,2.993900345,0.999154599,22.289434658,63.364934927,85.738420486,6,1.000000000,nan,nan,1.000000000,2.611225005,1.461550011,0.010260905,0.035018020,1.562321035,0,0.400000000
293.599696159,19872,7633,0,12363,7509,12378,465,83,83,61,22,4770,7608,353,112,2.993900345,0.999154599,23.506530006,60.501145222,nan,nan,nan,nan,nan,1.000000000,2.184302022,1.568751002,0.009428011,0.038877013,1.674448024,0,0.400000000
293.699028015,20256,7763,0,12728,7528,12489,457,81,73,50,23,5208,7281,354,103,2.967244985,0.967815084,21.069427677,54.084034566,59.573411942,6,1.000000000,nan,nan,1.000000000,4.557498032,2.625763009,0.016192032,0.061849016,2.801658004,0,0.400000000
293.799661636,19776,7666,0,12471,7305,12106,450,81,77,55,22,5162,6944,353,97,2.960091542,0.962328176,16.824578695,38.507633754,51.036357880,3,1.000000000,nan,nan,1.000000000,3.728349984,1.821769984,0.013424025,0.080208003,1.961986010,0,0.400000000
293.900265932,19872,7777,0,12586,7286,12091,459,76,73,56,17,5303,6788,359,100,2.896066414,0.951193467,18.221748679,53.392248395,70.054292679,2,1.000000000,nan,nan,1.000000000,2.648800961,1.450567914,0.008988951,0.028686016,1.546590996,0,0.400000000
294.099852800,19968,7870,0,12817,7151,12094,414,51,59,43,16,5668,6426,337,77,2.822486748,0.948306923,14.195297441,42.968987423,7.882595062,2,0.000000000,nan,nan,1.000000000,5.103863019,2.574208018,0.011624012,0.095279014,2.737373987,0,0.400000000
294.199692965,20064,7754,0,12757,7307,12306,421,61,57,48,9,5781,6525,345,76,2.802597408,0.977804192,13.238929420,41.652195244,69.968461990,2,1.000000000,nan,nan,1.000000000,2.666393004,1.367864956,0.007627998,0.038487022,1.462566957,0,0.400000000
294.299752712,19584,7869,0,12732,6852,12306,421,65,69,54,15,5781,6525,345,76,2.802597408,0.977804192,18.130565689,52.698765279,nan,nan,nan,nan,nan,1.000000000,1.852034009,1.325913996,0.007548020,0.025146001,1.418419008,0,0.400000000
294.397988081,20352,7688,0,12726,7626,12306,421,70,69,55,14,5781,6525,345,76,2.802597408,0.977804192,16.739283719,50.034232226,nan,nan,nan,nan,nan,1.000000000,1.901554002,1.392445993,0.008147093,0.020197011,1.488710986,0,0.400000000
294.499714851,19584,7995,0,12593,6991,12306,421,70,70,56,14,5781,6525,345,76,2.802597408,0.977804192,16.448238833,52.438373316,nan,nan,nan,nan,nan,1.000000000,2.378268982,1.603354001,0.010387972,0.036226003,1.718909014,0,0.400000000
294.699727297,19872,8063,0,12888,6984,12306,421,74,76,59,17,5781,6525,345,76,2.802597408,0.977804192,19.430899488,52.333704424,nan,nan,nan,nan,nan,1.000000000,1.939929032,1.350627979,0.008904957,0.028067036,1.446918002,0,0.400000000
294.799677610,20064,7939,0,12762,7302,12121,422,55,60,48,12,5873,6248,335,87,2.785455179,1.093403182,16.285450827,49.738378471,110.502481461,4,1.000000000,nan,nan,0.000000000,2.527565986,1.335570007,0.006524962,0.054256991,1.425174996,0,0.400000000
294.899532080,19968,8131,0,13093,6875,12121,422,63,61,46,15,5873,6248,335,87,2.785455179,1.093403182,16.958449453,45.434481433,nan,nan,nan,nan,nan,0.000000000,3.392118029,2.434363996,0.014199992,0.046891975,2.606186958,0,0.400000000
294.999658108,20064,7840,0,12870,7194,12220,442,72,60,47,13,6152,6068,361,81,2.759633779,1.094185753,13.333530677,44.846704726,34.796476364,3,1.000000000,nan,nan,0.000000000,3.546947963,1.802283979,0.009702053,0.058227044,1.916009001,0,0.400000000
295.299616098,20064,8034,0,13281,6783,12026,437,70,77,59,18,6373,5653,350,87,2.725449635,1.172232044,20.885016760,57.048750727,69.769382477,8,1.000000000,nan,nan,0.000000000,2.625847002,1.438674924,0.008277013,0.035492005,1.536553027,0,0.400000000
295.399845600,19968,7891,0,12965,7003,12073,439,70,76,58,18,6210,5863,356,83,2.773213583,1.173573592,19.871312048,52.696473454,41.126012802,2,1.000000000,nan,nan,0.000000000,2.897821018,1.511529961,0.008756993,0.028078037,1.614584005,0,0.400000000
295.499813318,19968,7932,0,13133,6835,12073,439,72,72,54,18,6210,5863,356,83,2.773213583,1.173573592,20.109464271,49.629541237,nan,nan,nan,nan,nan,0.000000000,2.033820958,1.439918007,0.008191972,0.026079011,1.541103993,0,0.400000000
295.599566221,19968,7868,0,12948,7020,12096,438,74,75,58,17,6203,5893,353,85,2.791014655,1.231216055,21.517699453,45.601315660,50.265789032,4,1.000000000,nan,nan,0.000000000,3.142206988,1.870359993,0.011986063,0.042141008,2.004828944,0,0.400000000
295.699650049,20064,7927,0,13064,7000,12133,429,69,66,49,17,6366,5767,343,86,2.725763258,1.304993915,17.909805673,49.040323582,nan,1,nan,nan,nan,0.000000000,2.468784980,1.391301048,0.008420961,0.018565042,1.486563007,0,0.400000000
295.799560308,20064,8057,0,12950,7114,12133,429,66,69,46,23,6366,5767,343,86,2.725763258,1.304993915,15.407866986,47.744265507,nan,nan,nan,nan,nan,0.000000000,2.025613037,1.390661055,0.008150004,0.026897993,1.494612021,0,0.400000000
295.899799347,19968,7608,0,12661,7307,12133,429,71,76,49,27,6366,5767,343,86,2.725763258,1.304993915,18.702454993,55.944732106,nan,nan,nan,nan,nan,0.000000000,3.186810995,2.201531956,0.012410979,0.033014978,2.336631005,0,0.400000000
295.999601364,20064,7735,0,12804,7260,12325,446,80,73,54,19,6295,6030,350,96,2.781714912,1.415494804,15.864847074,79.341058391,nan,1,nan,nan,nan,0.000000000,4.059945000,2.283984039,0.014777994,0.052803021,2.445307036,0,0.400000000
296.099803209,19968,7560,0,12581,7387,12404,454,57,60,43,17,6221,6183,356,98,2.770083594,1.435564741,12.949818830,43.390552813,7.148504257,10,0.000000000,nan,nan,0.000000000,4.681803053,2.409428998,0.010769058,0.087482971,2.554733015,0,0.400000000
296.199622154,19968,7551,0,12631,7337,12413,448,73,73,52,21,6295,6118,354,94,2.775727886,1.507405813,15.327269281,36.826456557,6.494045258,7,0.000000000,nan,nan,0.000000000,2.501458977,1.415939012,0.008055998,0.042711035,1.509649039,0,0.400000000
296.299584627,19968,7661,0,12559,7409,12303,453,70,79,54,25,6073,6230,351,102,2.801471632,1.537231584,21.460469716,92.852962216,7.176637650,33,0.000000000,nan,nan,0.000000000,3.821360995,2.199560055,0.012648117,0.059651036,2.365177032,0,0.400000000
296.399736881,19968,7619,0,12594,7374,12345,458,75,74,54,20,6195,6150,358,100,2.764942251,1.557914339,18.974608378,48.991682233,10.277509689,20,0.000000000,nan,nan,0.000000000,2.882495988,1.513184980,0.008904026,0.030080962,1.610681997,0,0.400000000
296.499574900,19968,7892,0,12891,7077,12072,457,74,75,52,23,6118,5954,354,103,2.794009819,1.621623445,16.974950498,55.148910759,7.076263428,19,0.000000000,nan,nan,0.000000000,2.590610995,1.434779086,0.008617993,0.041839958,1.532586000,0,0.400000000
296.599570990,20064,7641,0,12699,7365,12419,476,79,79,54,25,6208,6211,364,112,2.765337736,1.616115766,16.887535365,56.272411364,7.672548294,18,0.000000000,nan,nan,0.000000000,2.956459008,1.569471962,0.009105017,0.036495971,1.675368985,0,0.400000000
296.699563742,19968,7875,0,12892,7076,12089,486,78,78,57,21,6133,5956,373,113,2.791452939,1.660615954,16.854908127,66.577772096,35.492420197,3,1.000000000,nan,nan,0.000000000,2.630110015,1.516467019,0.008451985,0.036301033,1.615350950,0,0.400000000
296.800637722,20064,7796,0,12723,7341,12264,473,79,84,58,26,6054,6210,351,122,2.775088682,1.661177780,18.008971881,72.239992297,16.658544540,2,1.000000000,nan,nan,0.000000000,4.644070985,2.772935026,0.017594954,0.069810019,2.967701992,0,0.400000000
296.899594784,19968,7950,0,12847,7121,12014,506,83,79,51,28,6028,5986,376,130,2.804978671,1.698617060,19.804047554,84.768499392,nan,1,nan,nan,nan,0.000000000,2.740588039,1.593756955,0.009009033,0.022443011,1.692507998,0,0.400000000
296.999545813,19968,7857,0,12566,7402,12107,472,76,81,52,29,5823,6284,342,130,2.837233927,1.713104746,18.655021098,67.855181489,nan,1,nan,nan,nan,0.000000000,2.924670000,1.609686995,0.009234005,0.034836004,1.717013016,0,0.400000000
297.100210428,20064,7980,0,12733,7331,12107,472,73,73,46,27,5823,6284,342,130,2.837233927,1.713104746,18.649960162,65.074253312,nan,nan,nan,nan,nan,0.000000000,2.063241031,1.489905932,0.007850991,0.027686008,1.583306002,0,0.400000000
297.199612617,19968,7925,0,12553,7415,12107,472,75,75,46,29,5823,6284,342,130,2.837233927,1.713104746,18.668973990,64.989013380,nan,nan,nan,nan,nan,0.000000000,1.975999039,1.452627999,0.006706978,0.020446023,1.527709013,0,0.400000000
297.299579144,19584,7771,0,12528,7056,11809,480,72,84,59,25,5838,5971,340,140,2.895506641,1.802206712,21.233965555,74.051948887,nan,1,nan,nan,nan,0.000000000,2.564452006,1.510853064,0.008893025,0.035250967,1.607785001,0,0.400000000
297.499530792,20064,7976,0,12688,7376,12084,470,90,76,52,24,5860,6224,330,140,2.883049902,1.811188987,18.035996045,67.451634605,80.023765564,7,1.000000000,nan,nan,0.000000000,4.168047977,2.484249999,0.015582016,0.059693004,2.648173948,0,0.400000000
297.599980831,19968,8124,0,12658,7310,11840,489,81,84,61,23,5603,6237,346,143,3.006660720,1.798443254,24.042837791,66.251347576,nan,1,nan,nan,nan,0.000000000,2.607796981,1.542427111,0.009883952,0.030841038,1.647291007,0,0.400000000
297.699616432,19872,8079,0,12549,7323,11840,489,76,81,58,23,5603,6237,346,143,3.006660720,1.798443254,21.856545563,61.017412237,nan,nan,nan,nan,nan,0.000000000,2.036155027,1.514479052,0.008521951,0.023856992,1.607929997,0,0.400000000
297.799404621,19776,8217,0,12538,7238,11555,478,88,78,47,31,5401,6154,334,144,2.971966675,1.817065204,20.198263158,62.917247494,8.491277695,6,0.000000000,nan,nan,0.000000000,2.663623018,1.511054987,0.009415089,0.023590983,1.609853993,0,0.400000000
297.898349524,20352,8391,0,13119,7233,11555,478,77,78,46,32,5401,6154,334,144,2.971966675,1.817065204,21.815574356,66.076896789,nan,nan,nan,nan,nan,0.000000000,2.029135998,1.497962046,0.008817995,0.023233006,1.593452995,0,0.400000000
297.999545813,19584,8202,0,12544,7040,11378,479,82,82,49,33,5481,5897,341,138,2.903246446,1.825708058,20.808063114,65.980943017,6.998062134,6,0.000000000,nan,nan,0.000000000,3.538518038,2.049130038,0.011786004,0.024423993,2.181891003,0,0.400000000
298.099266529,20448,8589,0,13089,7359,11855,491,82,77,46,31,5742,6113,349,142,3.031112985,1.820901106,18.153127324,61.717415411,100.149631500,4,1.000000000,nan,nan,0.000000000,2.652944997,1.564483042,0.009079056,0.034641009,1.663276984,0,0.400000000
298.199662447,19968,8626,0,13027,6941,11338,482,82,89,54,35,5576,5762,346,136,3.003799336,1.827746305,21.957663371,77.428161697,75.513839722,4,1.000000000,nan,nan,0.000000000,2.888975025,1.620543946,0.009858049,0.045337016,1.725909999,0,0.400000000
298.299679518,19680,8373,0,12709,6971,11303,484,98,91,54,37,5540,5763,340,144,3.056076287,1.815226945,23.184521018,75.873076313,48.966646194,2,1.000000000,nan,nan,0.000000000,2.839207009,1.610554988,0.010740012,0.042353990,1.720406988,0,0.400000000
298.499566793,19968,8541,0,12935,7033,11423,474,79,81,49,32,5627,5796,337,137,3.079593206,1.834152813,25.500013006,90.830284785,nan,1,nan,nan,nan,0.000000000,2.492478990,1.494060969,0.008739065,0.035486999,1.593830995,0,0.400000000
298.599522829,19968,8638,0,13113,6855,11326,500,86,85,55,30,5725,5601,364,136,3.060039770,1.852072615,24.409162605,73.160338698,70.983409882,5,1.000000000,nan,nan,0.000000000,2.753176028,1.619010000,0.010053045,0.028176000,1.727310009,0,0.400000000
298.699673414,19296,8612,0,12601,6695,11326,500,83,82,55,27,5725,5601,364,136,3.060039770,1.852072615,22.267155383,61.278315072,nan,nan,nan,nan,nan,0.000000000,3.847690998,2.947900095,0.018242048,0.039051985,3.148594988,0,0.400000000
298.798898697,20160,8674,0,13110,7050,11326,500,82,79,50,29,5725,5601,364,136,3.060039770,1.852072615,19.886465952,54.589225210,nan,nan,nan,nan,nan,0.000000000,2.908141003,2.135310031,0.011358992,0.022744003,2.261159010,0,0.400000000
298.898820400,20544,8848,0,13552,6992,11692,519,78,81,53,28,5995,5697,375,144,3.120268231,1.867537905,20.305180921,59.432172863,35.385131836,4,1.000000000,nan,nan,0.000000000,2.871184028,1.712599013,0.009038951,0.034494034,1.819722995,0,0.400000000
299.000202179,20064,8625,0,13019,7045,11435,515,70,71,44,27,5727,5708,372,143,3.008982987,1.884954357,18.864680935,50.217313401,nan,1,nan,nan,nan,0.000000000,3.681674018,2.022933040,0.010520977,0.048765040,2.154915011,0,0.400000000
299.099622488,19968,8592,0,12943,7025,11435,515,70,68,41,27,5727,5708,372,143,3.008982987,1.884954357,18.671729715,47.201110491,nan,nan,nan,nan,nan,0.000000000,2.232316008,1.633258071,0.008397968,0.022797030,1.733737008,0,0.400000000
299.199576139,20064,8688,0,13030,7034,11435,515,73,74,47,27,5727,5708,372,143,3.008982987,1.884954357,19.467878446,50.375891605,nan,nan,nan,nan,nan,0.000000000,2.282769012,1.718860003,0.008915958,0.030137016,1.824375009,0,0.400000000
299.299687862,19968,8649,0,13047,6921,11435,515,74,76,49,27,5727,5708,372,143,3.008982987,1.884954357,19.585497179,52.673508381,nan,nan,nan,nan,nan,0.000000000,2.842289046,1.874353969,0.009973010,0.030741037,1.992271049,0,0.400000000
299.400653362,20064,8637,0,13104,6960,11423,496,65,69,47,22,5819,5604,352,144,3.104014194,1.929075204,20.242039326,60.298540456,24.871349335,7,1.000000000,nan,nan,0.000000000,2.944128006,1.667209028,0.008150004,0.113884045,1.765587018,0,0.400000000
299.499608040,19968,8649,0,13063,6905,11315,492,56,58,48,10,5668,5647,346,146,3.128312469,1.953398319,15.086485463,56.747088275,60.174703598,6,1.000000000,nan,nan,0.000000000,2.573860053,1.528341963,0.006684044,0.050928968,1.616859983,0,0.400000000
299.599571466,19968,8565,0,12918,7050,11399,503,53,52,40,12,5711,5688,355,148,3.130061381,1.928206292,11.915118452,44.851481330,4.708528519,2,0.000000000,nan,nan,0.000000000,2.704057028,1.574854017,0.006167975,0.052156043,1.667898963,0,0.400000000
299.699587107,20064,8761,0,13138,6926,11399,503,57,64,50,14,5711,5688,355,148,3.130061381,1.928206292,19.650320801,63.424150754,nan,nan,nan,nan,nan,0.000000000,2.380645019,1.759909966,0.008014962,0.041580002,1.866754028,0,0.400000000
299.801959991,19872,8452,0,12810,7062,11416,512,62,66,51,15,5662,5754,356,156,3.118145577,1.965781554,15.789053495,67.309473600,6.047010422,2,0.000000000,nan,nan,0.000000000,4.782805976,2.840430010,0.013206038,0.046702975,3.002170997,0,0.400000000
299.899554014,19680,8372,0,12795,6885,11416,512,54,59,45,14,5662,5754,356,156,3.118145577,1.965781554,13.343692185,62.067298910,nan,nan,nan,nan,nan,0.000000000,3.715027007,2.696548996,0.010341988,0.035859004,2.842434973,0,0.400000000
300.000213623,20352,8776,0,13102,7250,11572,516,78,68,47,21,5681,5891,355,161,3.117832910,1.959438727,18.152908866,57.067519187,63.957691193,5,1.000000000,nan,nan,0.000000000,2.630725037,1.596110931,0.008534989,0.025976973,1.692216960,0,0.400000000
300.099558353,20064,8521,0,13039,7025,11539,528,69,65,47,18,5776,5763,374,154,3.101592113,2.049012957,17.928250997,47.559325730,43.948411942,5,1.000000000,nan,nan,0.000000000,2.793115971,1.643179974,0.007730036,0.029656978,1.737641986,0,0.400000000
300.199654102,19968,8250,0,12760,7208,11714,533,74,69,48,21,5760,5954,371,162,3.099433197,2.000352958,20.598418988,70.287748406,70.185899734,2,1.000000000,nan,nan,0.000000000,2.756962029,1.657200046,0.008050003,0.025523012,1.752779004,0,0.400000000
300.299764872,20064,8532,0,13094,6970,11714,533,72,73,49,24,5760,5954,371,162,3.099433197,2.000352958,20.768183236,67.016176084,nan,nan,nan,nan,nan,0.000000000,2.184354002,1.635522000,0.008344010,0.026463007,1.728039002,0,0.400000000
300.399611712,19968,8211,0,12848,7120,11714,533,74,74,53,21,5760,5954,371,162,3.099433197,2.000352958,20.737448611,62.039581865,nan,nan,nan,nan,nan,0.000000000,2.232694998,1.650019956,0.008089002,0.023358036,1.747375005,0,0.400000000
300.499551058,19968,8199,0,12893,7075,11714,533,75,75,53,22,5760,5954,371,162,3.099433197,2.000352958,21.325942049,63.924025037,nan,nan,nan,nan,nan,0.000000000,2.219350950,1.639168942,0.008080038,0.026204041,1.736896054,0,0.400000000
300.599549770,19968,8206,0,12873,7095,11758,534,82,80,57,23,5872,5886,373,161,3.093572796,2.055907837,19.272927752,85.878545270,6.464004517,2,0.000000000,nan,nan,0.000000000,2.776178007,1.705188944,0.009495066,0.048541988,1.807180000,0,0.400000000
300.699623108,19968,8220,0,12802,7166,11744,550,89,85,57,28,5960,5784,386,164,3.069335866,2.113896014,21.093129457,80.527990834,39.589405060,5,1.000000000,nan,nan,0.000000000,2.765764017,1.686923963,0.009669980,0.028679962,1.789022994,0,0.400000000
300.802257776,19872,8187,0,12702,7170,11681,562,83,85,52,33,5835,5846,384,178,3.092375687,2.090131920,20.098764934,83.064699216,26.524305344,3,1.000000000,nan,nan,0.000000000,3.400319954,2.019720036,0.010155956,0.035589037,2.128511958,0,0.400000000
300.999552250,19968,7924,0,12704,7264,12040,585,90,77,47,30,6119,5921,409,176,3.066947898,2.124097912,19.096324195,72.208943716,13.309240341,2,0.000000000,nan,nan,0.000000000,5.156030005,3.098314977,0.014599995,0.040215033,3.257228003,0,0.400000000
301.099471092,20064,8008,0,12769,7295,12040,585,75,74,50,24,6119,5921,409,176,3.066947898,2.124097912,19.418447940,72.701203672,nan,nan,nan,nan,nan,0.000000000,2.310965036,1.794808020,0.006230955,0.027998001,1.870106033,0,0.400000000
301.200280666,19968,7776,0,12695,7273,12188,558,81,81,54,27,6258,5930,393,165,3.063918419,2.158040667,23.349758464,61.671052884,6.671190262,2,0.000000000,nan,nan,0.000000000,4.217754991,2.508723992,0.012900040,0.067445042,2.649761969,0,0.400000000
301.299757481,19872,7896,0,12748,7124,12188,558,78,83,57,26,6258,5930,393,165,3.063918419,2.158040667,21.946885583,62.811263007,nan,nan,nan,nan,nan,0.000000000,2.352621988,1.739546016,0.008957984,0.037151971,1.837426971,0,0.400000000
301.402565479,20064,7714,0,12716,7348,12346,555,88,70,52,18,6338,6008,383,172,3.030861860,2.177720087,17.235467383,69.169788140,56.013822556,2,1.000000000,nan,nan,0.000000000,2.921646985,1.768533955,0.009554904,0.036127982,1.869481988,0,0.400000000
301.499636173,19776,7707,0,12823,6953,12346,555,77,75,53,22,6338,6008,383,172,3.030861860,2.177720087,19.577308864,66.119465370,nan,nan,nan,nan,nan,0.000000000,2.265989955,1.704111986,0.008435978,0.026051013,1.800364000,0,0.400000000
301.699492931,19968,7403,0,12903,7065,12561,541,69,72,50,22,6758,5803,371,170,2.991357130,2.247420539,23.160426145,76.924888565,98.907709122,8,1.000000000,nan,nan,0.000000000,2.874922007,1.685980067,0.008249946,0.035632984,1.780688006,0,0.400000000
301.799565315,20064,7444,0,12869,7195,12616,567,69,65,46,19,6705,5911,390,177,2.975788655,2.238237012,18.401866762,58.475455493,nan,1,nan,nan,nan,0.000000000,2.853894024,1.764391083,0.008078059,0.029353017,1.861043973,0,0.400000000
301.899604797,19968,7343,0,12832,7136,12621,561,72,77,54,23,6795,5826,387,174,2.971997535,2.275313444,19.972852036,60.474956003,9.623050690,2,0.000000000,nan,nan,0.000000000,3.252497001,2.031003009,0.010452059,0.036190962,2.146758954,0,0.400000000
301.999622345,20064,7383,0,12743,7321,12677,563,89,89,60,29,6701,5976,391,172,2.987891455,2.265547173,24.876814327,81.748771675,5.431652069,2,0.000000000,nan,nan,0.000000000,3.437592997,1.930722035,0.010516960,0.032670971,2.040894004,0,0.400000000
302.099616051,19488,6759,0,12407,7081,12725,585,81,77,47,30,6868,5857,408,177,2.965361448,2.308629450,22.894378220,62.329260835,4.590749741,2,0.000000000,nan,nan,0.000000000,2.971125999,1.819432015,0.008680916,0.026606023,1.918743015,0,0.400000000
302.200595379,20064,7237,0,12824,7240,12823,581,90,89,61,28,6817,6006,407,174,2.995552470,2.297347411,24.483331871,71.386703402,90.159654617,6,1.000000000,nan,nan,0.000000000,3.030015039,1.827211061,0.009828014,0.034032972,1.931037987,0,0.400000000
302.299381733,19776,6768,0,12516,7260,13004,588,81,77,50,27,7036,5968,416,172,2.969396041,2.316752313,20.284535652,59.887781170,43.348550797,2,1.000000000,nan,nan,0.000000000,4.220127012,2.911572927,0.011024997,0.058355043,3.060035000,0,0.400000000
302.399271250,20160,7163,0,12789,7371,12993,584,80,79,47,32,6892,6101,407,177,2.986333341,2.297263953,20.336944126,74.615105653,3.790378571,2,0.000000000,nan,nan,0.000000000,3.226544010,1.855630951,0.009211013,0.043408014,1.958834007,0,0.400000000
302.498816729,20352,6780,0,12670,7682,13568,606,92,86,52,34,7172,6396,423,183,2.974980488,2.346393283,20.575870782,73.242952446,nan,1,nan,nan,nan,0.000000000,3.923979006,2.244285948,0.010911026,0.034117955,2.356922021,0,0.400000000
302.600972176,20064,6741,0,12791,7273,13319,593,78,80,47,33,7220,6099,417,176,3.005694157,2.332416972,20.248011440,60.116504133,4.286050797,2,0.000000000,nan,nan,0.000000000,4.426652042,2.789635968,0.011462951,0.046643021,2.936799021,0,0.400000000
302.699472666,19968,6449,0,12566,7402,13515,629,83,79,47,32,7338,6177,444,185,3.009149664,2.355920623,21.575951675,79.652464223,69.466590881,2,1.000000000,nan,nan,0.000000000,6.164424005,4.054792982,0.022803957,0.069210015,4.268574005,0,0.400000000
302.799487114,20064,6495,0,12729,7335,13515,629,87,88,53,35,7338,6177,444,185,3.009149664,2.355920623,23.227255280,79.153008598,nan,nan,nan,nan,nan,0.000000000,3.169848002,2.372429008,0.011162017,0.031199015,2.483921009,0,0.400000000
302.899666786,19968,6339,0,12584,7384,13625,660,97,91,54,37,7442,6183,452,208,3.019243059,2.367274156,24.092662727,77.881422383,40.740013123,6,1.000000000,nan,nan,0.000000000,6.497635972,3.724301117,0.015232014,0.056619989,3.905303951,0,0.400000000
302.999454498,19584,6094,0,12345,7239,13486,655,91,94,58,36,7355,6131,451,204,3.028634403,2.366610710,24.359841097,73.674251191,8.407115936,2,0.000000000,nan,nan,0.000000000,3.322231001,2.024447022,0.010269054,0.039150997,2.127462998,0,0.400000000
303.100966692,20448,6160,0,12792,7656,14284,649,92,93,58,35,7822,6462,451,198,3.043209172,2.350660282,27.942028682,98.170087775,nan,1,nan,nan,nan,0.000000000,5.928663944,3.788524016,0.016674923,0.053951982,3.969506011,0,0.400000000
303.199615002,19968,5870,0,12574,7394,14094,650,96,95,57,38,7793,6301,451,199,3.050568616,2.388299464,25.954919072,88.207149699,54.476737976,2,1.000000000,nan,nan,0.000000000,4.774502013,3.037375980,0.014282938,0.048102986,3.213935008,0,0.400000000
303.299549103,20064,5651,0,12444,7620,14094,650,94,94,56,38,7793,6301,451,199,3.050568616,2.388299464,25.193246675,82.290891582,nan,nan,nan,nan,nan,0.000000000,2.858513966,2.108893124,0.012156030,0.031110016,2.228425001,0,0.400000000
303.399585009,19872,5452,0,12558,7314,14094,650,93,92,53,39,7793,6301,451,199,3.050568616,2.388299464,25.591887787,83.029183532,nan,nan,nan,nan,nan,0.000000000,3.862132959,2.941312967,0.014204939,0.039593026,3.086448007,0,0.400000000
303.499466181,20064,5361,0,12605,7459,14094,650,91,90,52,38,7793,6301,451,199,3.050568616,2.388299464,24.993853603,73.849908462,nan,nan,nan,nan,nan,0.000000000,2.642199979,1.975152991,0.009851006,0.029076997,2.077888988,0,0.400000000
303.599473476,19968,5103,0,12663,7305,14861,673,100,99,61,38,8590,6271,475,198,3.048007832,2.367556745,28.225087557,127.148906811,39.740085602,3,1.000000000,nan,nan,0.000000000,4.388285975,2.832697006,0.014820020,0.055112003,2.974785981,0,0.400000000
303.699477673,19872,5022,0,12418,7454,14846,695,106,104,62,42,8412,6434,500,195,3.077806461,2.402980967,26.060300373,114.961111063,nan,1,nan,nan,nan,0.000000000,5.770733987,3.606386017,0.013787008,0.063187035,3.774126992,0,0.400000000
303.900891781,19584,4668,0,12154,7430,14912,739,97,109,71,38,8476,6436,533,206,3.080867937,2.414756682,30.004151418,121.629418098,6.220817566,2,0.000000000,nan,nan,0.000000000,5.127620010,2.910343988,0.012889970,0.040141982,3.031306958,0,0.400000000
304.100060701,20160,4385,0,12444,7716,15771,801,127,116,83,33,9046,6725,595,206,3.096413182,2.401426861,29.964866969,177.722469609,55.747747421,13,1.000000000,nan,nan,0.000000000,4.612605029,2.970357076,0.016159087,0.055317010,3.117111977,0,0.400000000
304.199450731,19968,4177,0,12399,7569,15787,803,115,120,83,37,9221,6566,589,214,3.086735591,2.406067282,31.420124944,149.240172600,80.141305923,2,1.000000000,nan,nan,0.000000000,4.078428959,2.553582017,0.012747012,0.045460998,2.664759988,0,0.400000000
304.299423456,19968,4064,0,12383,7585,15900,810,135,134,86,48,9233,6667,589,221,3.086653047,2.441590103,32.925164903,174.158675735,15.823841095,5,1.000000000,nan,nan,0.000000000,4.534166947,2.981409023,0.016634003,0.044006039,3.114882973,0,0.400000000
304.399970531,20064,3943,0,12395,7669,16117,806,128,131,85,46,9368,6749,581,225,3.066154119,2.419033148,29.568887087,168.333269840,nan,1,nan,nan,nan,0.000000000,4.297139007,2.683940053,0.015260011,0.047054957,2.809606027,0,0.400000000
304.499440193,19968,3792,0,12312,7656,16172,817,147,140,85,55,9318,6854,587,230,3.077771566,2.464019353,34.183217341,186.886485797,19.950628281,5,1.000000000,nan,nan,0.000000000,5.852909002,3.459157015,0.021737011,0.051048992,3.626980993,0,0.400000000
304.599553347,19680,3623,0,11832,7848,16053,823,129,131,72,59,8963,7090,576,247,3.073898684,2.408035826,31.303808997,222.181515893,nan,1,nan,nan,nan,0.000000000,4.171031993,2.672692994,0.014777004,0.041141990,2.797288005,0,0.400000000
304.800761461,20064,3309,0,12037,8027,16053,823,137,139,76,63,8963,7090,576,247,3.073898684,2.408035826,32.609487801,259.743597978,nan,nan,nan,nan,nan,0.000000000,3.454053018,2.626975998,0.015020079,0.033451011,2.745056991,0,0.400000000
304.899568319,20064,3283,0,12067,7997,16777,869,155,151,89,62,9312,7465,594,275,3.055598055,2.431758189,38.400877624,165.647699096,nan,1,nan,nan,nan,0.000000000,4.417128977,2.717613010,0.016668986,0.079116027,2.839253983,0,0.400000000
304.999439955,19680,2902,0,11610,8070,16777,869,148,149,81,68,9312,7465,594,275,3.055598055,2.431758189,41.834239245,141.546732335,nan,nan,nan,nan,nan,0.000000000,3.950130020,2.885095950,0.016535050,0.036407961,3.008508997,0,0.400000000
305.104898930,19488,2882,0,11438,8050,16602,886,158,146,85,61,8935,7667,610,276,3.055250697,2.397231291,42.795116600,184.335808964,3.918409348,2,0.000000000,nan,nan,0.000000000,4.478375951,2.810545033,0.017644954,0.037452031,2.938806021,0,0.400000000
305.195490122,20736,2945,0,12115,8621,16602,886,140,143,83,60,8935,7667,610,276,3.055250697,2.397231291,39.291022542,194.185722732,nan,nan,nan,nan,nan,0.000000000,3.507201967,2.691993897,0.015385041,0.037345977,2.808029007,0,0.400000000
305.304298162,20064,2679,0,11753,8311,17381,889,170,159,102,57,9377,8004,616,273,3.085844548,2.304605071,39.128895783,200.136108046,4.251718521,2,0.000000000,nan,nan,0.000000000,4.366804962,2.770274004,0.018130988,0.053864031,2.898767998,0,0.400000000
305.399521112,19968,2642,0,11539,8429,17322,853,150,153,102,51,9155,8167,597,256,3.106229003,2.292589344,35.576670150,201.005230167,45.535802841,7,1.000000000,nan,nan,0.000000000,4.374921962,2.671681927,0.016493956,0.061934988,2.793354972,0,0.400000000
305.500146627,20064,2516,0,11736,8328,17544,872,153,152,100,52,9460,8084,615,257,3.107957439,2.288946041,38.950020247,241.006328102,4.076004028,2,0.000000000,nan,nan,0.000000000,7.629701984,5.076687085,0.031798962,0.076145981,5.311362969,0,0.400000000
305.599586487,19968,2476,0,11473,8495,17488,849,143,144,89,55,9182,8306,587,262,3.113636672,2.290908780,38.838369222,189.573743923,30.080556870,2,1.000000000,nan,nan,0.000000000,4.251164035,2.651827934,0.015649013,0.050927978,2.773776010,0,0.400000000
305.699593544,19968,2339,0,11466,8502,17625,878,144,138,87,51,9306,8319,609,269,3.113328649,2.286060810,33.405826956,243.057349580,nan,1,nan,nan,nan,0.000000000,5.228324968,3.498318896,0.020860985,0.077283010,3.659585025,0,0.400000000
305.799476862,20064,2253,0,11377,8687,17807,888,152,152,95,57,9258,8549,603,285,3.109486960,2.294535553,40.038274726,169.660430449,2.784013748,2,0.000000000,nan,nan,0.000000000,5.193108984,3.054619010,0.016848033,0.046767993,3.181558975,0,0.400000000
305.899504185,19968,2096,0,11163,8805,17868,914,151,149,91,58,9166,8702,621,293,3.126563697,2.278860151,35.708797126,168.100392420,nan,1,nan,nan,nan,0.000000000,7.198021980,4.780432035,0.027107075,0.077822013,4.979230987,0,0.400000000
306.098810434,20064,1891,0,11128,8936,17868,914,149,151,93,58,9166,8702,621,293,3.126563697,2.278860151,40.114195146,172.825787712,nan,nan,nan,nan,nan,0.000000000,4.002678965,2.926232992,0.016306003,0.037964957,3.051626030,0,0.400000000
306.199494839,19776,1618,0,10934,8842,18154,962,170,169,110,59,9314,8840,676,286,3.121387558,2.301329730,38.497313615,219.142710104,nan,1,nan,nan,nan,0.000000000,4.738945980,2.973019960,0.017942977,0.061437022,3.098827961,0,0.400000000
306.299499989,19968,1901,0,10987,8981,18063,981,167,172,117,55,9086,8977,697,284,3.129763190,2.309427873,43.320812904,289.965233498,61.039924622,2,1.000000000,nan,nan,0.000000000,8.008528966,5.466726958,0.038525031,0.052377000,5.704713985,0,0.400000000
306.401593208,19968,1989,0,11035,8933,17975,979,177,190,119,71,9044,8931,689,290,3.134166346,2.349259055,50.645941535,215.959703849,4.388093948,2,0.000000000,nan,nan,0.000000000,4.829201964,3.061828029,0.020219013,0.057520985,3.196373000,0,0.400000000
306.499406815,20064,1895,0,11000,9064,18165,1020,193,192,135,57,9105,9060,718,302,3.117079670,2.338283055,49.475491319,279.321072186,nan,1,nan,nan,nan,0.000000000,6.076986028,4.090874922,0.027246017,0.064383959,4.272300983,0,0.400000000
306.599548101,19968,1969,0,10954,9014,18165,1020,191,190,132,58,9105,9060,718,302,3.117079670,2.338283055,45.811773353,275.011920591,nan,nan,nan,nan,nan,0.000000000,4.075247969,3.141843015,0.020325067,0.048229995,3.279692028,0,0.400000000
306.699964285,20064,1886,0,11162,8902,18174,1046,181,180,118,62,9272,8902,725,321,3.093128383,2.446727086,43.462390071,213.850800463,9.955406189,4,0.000000000,nan,nan,0.000000000,8.039830020,5.621991062,0.033628952,0.050577044,5.843552004,0,0.400000000
306.799639225,19872,1964,0,10787,9085,18174,1046,184,183,119,64,9272,8902,725,321,3.093128383,2.446727086,40.681167738,224.991130620,nan,nan,nan,nan,nan,0.000000000,4.216698988,3.245988977,0.019881001,0.039488950,3.378558962,0,0.400000000
306.901038170,20064,1855,0,11013,9051,18205,1016,190,179,115,64,9154,9051,661,355,3.039996048,2.564773108,39.962487814,248.338951613,40.025949478,4,1.000000000,nan,nan,0.000000000,4.869072989,3.159601998,0.020287058,0.092863047,3.294417984,0,0.400000000
306.999572039,20064,1968,0,10846,9218,18092,958,174,170,111,59,8874,9218,610,348,3.051498602,2.554126180,41.621070731,261.283051143,9.500026703,2,0.000000000,nan,nan,0.000000000,4.796641995,3.074506007,0.019016967,0.098532997,3.203704022,0,0.400000000
307.099529982,19968,1823,0,10918,9050,18141,979,164,169,108,61,9091,9050,618,361,3.008472449,2.578521442,40.033803112,215.114074117,69.287538528,6,1.000000000,nan,nan,0.000000000,4.899753956,3.100625065,0.017989951,0.049622031,3.228095011,0,0.400000000
307.199497700,19200,1912,0,10209,8991,17284,949,163,155,105,50,8294,8990,603,346,3.016334334,2.526030794,41.303412941,174.833077242,nan,1,nan,nan,nan,0.000000000,7.555902994,4.909244075,0.022983004,0.041492982,5.079474999,0,0.400000000
307.299720049,20736,1926,0,11538,9198,17284,949,162,163,108,55,8294,8990,603,346,3.016334334,2.526030794,43.103441208,181.142138273,nan,nan,nan,nan,nan,0.000000000,3.967840050,2.995274030,0.017221028,0.036248006,3.120819980,0,0.400000000
307.399400234,20064,1920,0,10829,9235,17284,949,168,169,112,57,8294,8990,603,346,3.016334334,2.526030794,44.854150991,215.484244275,nan,nan,nan,nan,nan,0.000000000,3.897538001,3.023319878,0.018719002,0.032155018,3.150484001,0,0.400000000
307.499466419,19968,1915,0,11007,8961,18049,971,221,185,117,68,9092,8957,625,346,3.015786891,2.510317532,47.149840669,191.419523892,3.465175629,2,0.000000000,nan,nan,0.000000000,5.036337010,3.277173964,0.024364039,0.073414005,3.438892018,0,0.400000000
307.699409246,20064,1955,0,11199,8865,18105,984,183,180,120,60,9244,8861,651,333,3.023600504,2.508369553,45.659054793,221.750541743,6.919860840,9,0.000000000,nan,nan,0.000000000,5.062005017,3.322947072,0.020905980,0.060565013,3.459758998,0,0.400000000
307.800873280,19968,1965,0,11128,8840,17999,984,195,178,121,57,9159,8840,644,340,3.046198693,2.526998620,44.853054415,256.620449554,nan,1,nan,nan,nan,0.000000000,6.695579970,4.757346993,0.033208053,0.047226029,5.003036000,0,0.400000000
307.899377346,19968,1998,0,11178,8790,17999,984,172,175,117,58,9159,8840,644,340,3.046198693,2.526998620,42.741375357,233.864458241,nan,nan,nan,nan,nan,0.000000000,3.932166030,3.072863037,0.018714985,0.036679034,3.204477951,0,0.400000000
307.999423742,20064,1903,0,11234,8830,18157,965,180,176,119,57,9327,8830,631,334,3.043790334,2.519622053,39.931514554,223.948112973,9.931564331,2,0.000000000,nan,nan,0.000000000,4.812897998,3.094454005,0.019465981,0.042675005,3.226598026,0,0.400000000
308.099470377,19968,1993,0,11165,8803,17971,969,166,157,98,59,9168,8803,639,330,3.021183037,2.524339618,38.947709298,206.548075165,19.884586334,4,1.000000000,nan,nan,0.000000000,5.065428966,3.147976007,0.018053106,0.036180019,3.281039011,0,0.400000000
308.199445248,20064,1835,0,11056,9008,18225,969,188,188,122,66,9221,9004,648,321,3.035166731,2.535598418,47.408903962,292.306206602,6.038904190,19,0.000000000,nan,nan,0.000000000,4.825469980,3.071723972,0.020467036,0.047028996,3.214471973,0,0.400000000
308.299454212,19776,1911,0,11021,8755,17861,956,178,164,96,68,9110,8751,630,326,3.040060907,2.535868392,42.704666649,230.474155321,12.794017792,3,0.000000000,nan,nan,0.000000000,5.761770997,3.700814967,0.020374951,0.045907043,3.841616039,0,0.400000000
308.405590057,20256,1790,0,11093,9163,18462,949,186,188,112,76,9303,9159,626,323,3.035506423,2.594177699,46.550580002,298.046545497,132.567167282,2,1.000000000,nan,nan,0.000000000,4.757211020,3.024188045,0.020204985,0.044154993,3.161792003,0,0.400000000
308.499556065,19584,1864,0,10967,8617,17716,918,163,175,109,66,9103,8613,605,313,3.034483091,2.517650543,44.533423429,246.382036344,5.690813065,2,0.000000000,nan,nan,0.000000000,4.604778951,2.936973004,0.018281979,0.044156972,3.066260018,0,0.400000000
308.599417210,20448,1776,0,11323,9125,18668,960,183,182,107,75,9546,9122,630,330,3.001371528,2.602241938,44.034396096,292.838927881,4.961013794,2,0.000000000,nan,nan,0.000000000,5.035570008,3.112100996,0.019582047,0.054348959,3.245944972,0,0.400000000
308.699509382,19872,1801,0,10891,8981,18668,960,182,185,113,72,9546,9122,630,330,3.001371528,2.602241938,43.593478480,282.105627326,nan,nan,nan,nan,nan,0.000000000,3.916135000,3.005204897,0.019616040,0.035546953,3.134468978,0,0.400000000
308.799375534,20064,1669,0,11198,8866,18391,968,201,180,105,75,9525,8866,633,335,3.009451486,2.613965665,44.611067794,194.746627852,109.478712082,4,1.000000000,nan,nan,0.000000000,5.469091993,3.280853969,0.020567095,0.046573987,3.416784981,0,0.400000000
308.903543472,19584,1601,0,10412,9172,17979,961,193,190,111,79,8807,9172,622,339,3.002194582,2.592189255,38.786484425,286.139649357,5.573749542,2,0.000000000,nan,nan,0.000000000,4.928844981,3.197959973,0.021898071,0.060781022,3.344241995,0,0.400000000
308.998610258,20448,1609,0,11388,9060,17979,961,190,195,114,81,8807,9172,622,339,3.002194582,2.592189255,44.933425183,269.603722207,nan,nan,nan,nan,nan,0.000000000,5.365376011,3.941120056,0.024601934,0.050742994,4.108673020,0,0.400000000
309.199539900,19968,1538,0,10816,9152,18426,982,212,193,120,73,9278,9148,635,347,2.977686116,2.599777153,46.268046221,300.957123638,nan,1,nan,nan,nan,0.000000000,7.777029008,5.202721048,0.042716041,0.083403022,5.459908978,0,0.400000000
309.299598217,19968,1398,0,10593,9375,18566,980,187,195,120,75,9195,9371,632,348,2.980481398,2.586490676,39.820677238,276.521465592,10.229825974,2,0.000000000,nan,nan,0.000000000,5.421990005,3.276255913,0.022622000,0.044094981,3.431544988,0,0.400000000
309.399557590,19968,1565,0,10742,9226,18399,987,182,182,105,77,9177,9222,634,353,2.977832397,2.617521473,41.514041318,253.855109571,14.565229416,7,0.000000000,nan,nan,0.000000000,7.389036007,4.205860023,0.025138957,0.044726010,4.385012959,0,0.400000000
309.499473333,19872,1342,0,10571,9301,18399,987,186,185,106,79,9177,9222,634,353,2.977832397,2.617521473,42.927913167,254.949517861,nan,nan,nan,nan,nan,0.000000000,3.971597005,3.101803944,0.020104053,0.039412000,3.235319979,0,0.400000000
309.599580765,20064,1527,0,10737,9327,18533,961,161,180,104,76,9210,9323,611,350,2.978730967,2.630550853,45.020500937,268.623914759,14.637470245,9,0.000000000,nan,nan,0.000000000,8.875799016,5.725389987,0.035035016,0.045989000,5.971241975,0,0.400000000
309.701218128,19872,1320,0,10561,9311,18548,980,191,191,118,73,9237,9311,633,347,2.977805529,2.574214162,41.693593624,334.954131116,6.919145584,3,0.000000000,nan,nan,0.000000000,4.921654006,3.184981004,0.020878040,0.044827990,3.335455956,0,0.400000000
309.799527884,19968,1564,0,10805,9163,18400,956,180,172,102,70,9237,9163,606,350,2.975634793,2.593021049,39.474619208,297.625972606,51.203012466,6,1.000000000,nan,nan,0.000000000,5.057797011,3.330708016,0.023924047,0.051498006,3.497303987,0,0.400000000
309.899473906,19872,1330,0,10599,9273,18400,956,177,179,106,73,9237,9163,606,350,2.975634793,2.593021049,40.376721614,302.505034106,nan,nan,nan,nan,nan,0.000000000,5.566222011,4.431807029,0.029962976,0.071619987,4.635810037,0,0.400000000
310.099447250,19968,1343,0,10747,9221,18621,983,178,179,109,70,9400,9221,632,351,2.959161874,2.642599678,44.966397589,284.973274707,46.387672424,3,1.000000000,nan,nan,0.000000000,5.297966010,3.217869031,0.019158062,0.051988987,3.349784005,0,0.400000000
310.199615717,20064,1496,0,10798,9266,18621,983,180,183,114,69,9400,9221,632,351,2.959161874,2.642599678,44.762325220,315.922639453,nan,nan,nan,nan,nan,0.000000000,4.047074995,3.075503046,0.019425992,0.039812003,3.207139962,0,0.400000000
310.299507618,19584,1318,0,10375,9209,18621,983,182,184,115,69,9400,9221,632,351,2.959161874,2.642599678,45.679399979,305.895792673,nan,nan,nan,nan,nan,0.000000000,4.023931979,3.091133025,0.019844971,0.037161983,3.226470028,0,0.400000000
310.399260759,20064,1398,0,10691,9373,18662,1030,207,191,119,72,9289,9373,655,375,2.963218076,2.691366061,47.499964252,314.954501657,nan,1,nan,nan,nan,0.000000000,5.097263027,3.292865062,0.023718923,0.066392997,3.452396020,0,0.400000000
310.599400282,20064,1309,0,10420,9644,18751,1060,190,197,115,82,9111,9640,624,436,2.935623569,2.762350735,46.311043767,297.096147887,21.461248398,5,1.000000000,nan,nan,0.000000000,8.112584008,5.138579058,0.026265974,0.058428966,5.311192013,0,0.400000000
310.699831247,20064,1336,0,10618,9446,18724,1079,181,180,106,74,9282,9442,627,452,2.868737106,2.804095457,41.881961658,246.996713775,9.979724884,4,0.000000000,nan,nan,0.000000000,5.173637008,3.416255990,0.020182983,0.058676000,3.552937997,0,0.400000000
310.799953222,19776,907,0,10321,9455,18865,1089,222,227,133,94,9411,9454,623,466,2.809131690,2.853752173,52.780936268,329.955117112,4.375219345,2,0.000000000,nan,nan,0.000000000,6.031494995,3.913240042,0.025663059,0.062784995,4.073892022,0,0.400000000
310.899335146,19968,1123,0,10431,9537,18841,1055,171,177,88,89,9306,9535,599,456,2.774461532,2.864732835,40.369723658,250.014817369,70.128440857,5,1.000000000,nan,nan,0.000000000,5.206738017,3.326823993,0.018671970,0.056419987,3.459412022,0,0.400000000
311.000397444,19680,968,0,10333,9347,18841,1055,187,185,91,94,9306,9535,599,456,2.774461532,2.864732835,43.672177828,253.812095601,nan,nan,nan,nan,nan,0.000000000,4.565926967,3.490640025,0.021503889,0.045192020,3.640053037,0,0.400000000
311.099364519,20064,1323,0,10463,9601,18737,974,202,190,97,93,9140,9597,507,467,2.664216658,2.895711067,46.987276139,251.726700139,5.535602570,2,0.000000000,nan,nan,0.000000000,7.000645972,4.817180044,0.033563003,0.130417000,5.035751034,0,0.400000000
311.199478626,19968,1334,0,10511,9457,18630,981,215,202,106,96,9177,9453,522,459,2.662992758,2.933480432,44.115184558,301.854782218,nan,1,nan,nan,nan,0.000000000,5.029888998,3.245720989,0.023951929,0.076783996,3.399368958,0,0.400000000
311.299410820,19776,1259,0,10413,9363,18513,975,160,167,75,92,9153,9360,518,457,2.626524183,2.935712534,41.434870657,307.284926146,5.924701691,4,0.000000000,nan,nan,0.000000000,4.886907001,3.116685082,0.017910032,0.049875991,3.243252984,0,0.400000000
311.499470711,20064,1300,0,10624,9440,18513,975,163,163,77,86,9153,9360,518,457,2.626524183,2.935712534,39.594409033,275.997629087,nan,nan,nan,nan,nan,0.000000000,6.176135968,4.424145038,0.021521002,0.049929018,4.577129032,0,0.400000000
311.600903511,19968,1363,0,10548,9420,18601,986,150,175,96,79,9181,9420,533,453,2.594987623,2.956108840,39.424020962,233.587507986,59.845685959,3,1.000000000,nan,nan,0.000000000,6.844992982,4.794527951,0.026621099,0.069561007,5.000965961,0,0.400000000
311.699342728,19680,1227,0,10237,9443,18449,975,168,179,97,82,9006,9443,545,430,2.598720138,2.948895540,38.543543530,257.245184744,nan,1,nan,nan,nan,0.000000000,4.889114993,3.158392967,0.020541076,0.045477005,3.295227012,0,0.400000000
311.900884867,19776,1199,0,10393,9383,18573,974,174,188,104,84,9190,9383,543,431,2.534867474,2.955134343,43.309274849,275.859938014,89.980602264,5,1.000000000,nan,nan,0.000000000,5.126708013,3.212317009,0.021913031,0.058817968,3.360175004,0,0.400000000
312.099462748,19776,1264,0,10549,9227,18508,962,177,175,92,83,9285,9223,536,426,2.517034148,2.970196957,38.769510484,278.051878838,9.829521179,4,0.000000000,nan,nan,0.000000000,4.920071980,3.181427019,0.019790023,0.044111046,3.321710043,0,0.400000000
312.299534082,19872,1300,0,10543,9329,18568,943,153,158,85,73,9243,9325,520,423,2.502584975,2.979825842,31.062831376,269.393794535,40.262460709,6,1.000000000,nan,nan,0.000000000,12.053115992,6.683880056,0.031917065,0.068207039,6.918935978,0,0.400000000
312.399485111,20064,1357,0,10438,9626,18703,943,168,174,99,75,9081,9622,519,424,2.537967327,2.949890112,33.914264698,267.174023867,12.667894363,4,0.000000000,nan,nan,0.000000000,4.849933961,3.128385986,0.020222971,0.044089975,3.264111991,0,0.400000000
312.499569893,20064,1410,0,10745,9319,18650,927,171,174,100,74,9331,9319,521,406,2.512479511,2.987230544,33.369326847,278.242056510,19.768953323,2,1.000000000,nan,nan,0.000000000,4.649354029,2.965407039,0.018710969,0.043033971,3.097240988,0,0.400000000
312.599424124,19968,1269,0,10445,9523,18695,933,184,169,88,81,9172,9523,512,421,2.514214927,2.947338020,34.410882828,277.003287780,nan,1,nan,nan,nan,0.000000000,4.851887992,3.063455981,0.019308063,0.034404977,3.195249999,0,0.400000000
312.699437380,20064,1483,0,10744,9320,18695,933,163,165,88,77,9172,9523,512,421,2.514214927,2.947338020,35.879215498,241.338594683,nan,nan,nan,nan,nan,0.000000000,3.827121982,2.937829006,0.018024992,0.031217991,3.065199999,0,0.400000000
312.799504519,19872,1245,0,10362,9510,18695,933,169,166,90,76,9172,9523,512,421,2.514214927,2.947338020,35.455131668,250.434266141,nan,nan,nan,nan,nan,0.000000000,4.166235973,3.230545030,0.020726118,0.038482016,3.372156003,0,0.400000000
312.899494886,20064,1459,0,10539,9525,18695,933,168,163,88,75,9172,9523,512,421,2.514214927,2.947338020,35.251998921,248.538957536,nan,nan,nan,nan,nan,0.000000000,5.226075999,3.790101968,0.021035958,0.040156010,3.941639967,0,0.400000000
312.999323368,19968,1283,0,10375,9593,18681,955,197,192,90,102,9092,9589,507,448,2.437168738,2.998370446,48.665214486,316.201468724,65.695762634,4,1.000000000,nan,nan,0.000000000,6.463247992,4.160027020,0.030946045,0.065361033,4.350478994,0,0.400000000
313.099521160,20064,1432,0,10482,9582,18628,968,216,193,105,88,9050,9578,515,453,2.461323853,2.987861664,43.513206612,343.306884647,3.952264786,2,0.000000000,nan,nan,0.000000000,4.879388027,3.160307067,0.022468914,0.049194961,3.299029951,0,0.400000000
313.204599380,19776,1314,0,10408,9368,18458,974,184,183,95,88,9094,9364,518,456,2.415952953,3.023175573,39.912130315,309.627342065,8.535861969,2,0.000000000,nan,nan,0.000000000,4.882915004,3.134533006,0.019520056,0.040472951,3.269187000,0,0.400000000
313.300932646,20160,1456,0,10594,9566,18700,975,190,187,95,92,9138,9562,518,457,2.438599214,2.975405325,38.439276333,359.130378688,30.922412872,5,1.000000000,nan,nan,0.000000000,5.283515959,3.251327958,0.021913904,0.052718970,3.412041988,0,0.400000000
313.400629759,19968,1297,0,10530,9438,18667,971,180,173,84,89,9229,9438,516,455,2.414842621,3.013513957,38.839720012,287.692022716,70.065021515,4,1.000000000,nan,nan,0.000000000,6.092405005,4.208818020,0.027993985,0.060272985,4.399833968,0,0.400000000
313.499686241,20064,1481,0,10708,9356,18579,987,193,185,96,89,9223,9356,532,455,2.472384117,3.002124383,40.287232735,339.001851721,35.536766052,2,1.000000000,nan,nan,0.000000000,5.269129004,3.220045008,0.021415064,0.062864972,3.370385966,0,0.400000000
313.599416494,19872,1282,0,10487,9385,18579,987,183,184,96,88,9223,9356,532,455,2.472384117,3.002124383,40.149159528,337.306751466,nan,nan,nan,nan,nan,0.000000000,4.297507985,3.369381011,0.022730965,0.058678037,3.524255008,0,0.400000000
313.699393272,20160,1455,0,10646,9514,18701,973,198,192,108,84,9187,9514,526,447,2.425920186,2.966924400,40.231295199,322.712523012,18.943548203,4,1.000000000,nan,nan,0.000000000,5.331613997,3.579789947,0.024862005,0.056384015,3.755878948,0,0.400000000
313.799450874,19872,1290,0,10546,9326,18701,973,192,198,111,87,9187,9514,526,447,2.425920186,2.966924400,41.454126552,315.599439802,nan,nan,nan,nan,nan,0.000000000,3.972286999,3.072741965,0.021080021,0.042258995,3.212802985,0,0.400000000
313.899486303,20064,1461,0,10444,9620,18599,967,189,200,106,94,8983,9616,529,438,2.415533299,2.952285246,45.766282460,345.100087020,39.676904678,4,1.000000000,nan,nan,0.000000000,5.966118013,3.850420995,0.028721988,0.090098998,4.041392996,0,0.400000000
313.999684572,19872,1386,0,10566,9306,18599,967,197,197,108,89,8983,9616,529,438,2.415533299,2.952285246,42.386071576,352.268211943,nan,nan,nan,nan,nan,0.000000000,8.417108038,6.652714976,0.044480024,0.082004000,6.939326006,0,0.400000000
314.099323750,20064,1437,0,10442,9622,18599,967,200,200,107,93,8983,9616,529,438,2.415533299,2.952285246,44.175665472,352.823791027,nan,nan,nan,nan,nan,0.000000000,4.538531008,3.379175032,0.017343031,0.035666977,3.492324962,0,0.400000000
314.199340582,20064,1428,0,10684,9380,18599,967,198,199,108,91,8983,9616,529,438,2.415533299,2.952285246,43.957031329,353.024423392,nan,nan,nan,nan,nan,0.000000000,3.840719990,2.990521956,0.016708975,0.044034969,3.100930015,0,0.400000000
314.299493074,19584,1396,0,10286,9298,18599,967,197,196,106,90,8983,9616,529,438,2.415533299,2.952285246,42.753404730,344.194605399,nan,nan,nan,nan,nan,0.000000000,4.500867042,3.411168989,0.021845975,0.040594023,3.556425974,0,0.400000000
314.399886131,20448,1505,0,10970,9478,18599,967,198,198,107,91,8983,9616,529,438,2.415533299,2.952285246,43.439639229,344.736490527,nan,nan,nan,nan,nan,0.000000000,4.243543022,3.268888977,0.011354976,0.040651008,3.353051026,0,0.400000000
314.499445438,19968,1383,0,10502,9466,18581,924,168,211,121,90,9115,9466,506,418,2.393250541,2.966073797,36.927369392,384.364939329,96.187114716,5,1.000000000,nan,nan,0.000000000,4.752832989,2.999601013,0.019441009,0.060784048,3.134882019,0,0.400000000
314.599422932,20064,1500,0,10617,9447,18560,893,186,181,102,79,9113,9447,493,400,2.401761873,2.965911003,37.463686993,286.811241980,5.478382111,2,0.000000000,nan,nan,0.000000000,4.565935989,2.868570969,0.019910047,0.042225001,3.000054043,0,0.400000000
314.699467182,19872,1360,0,10413,9459,18560,893,181,187,105,82,9113,9447,493,400,2.401761873,2.965911003,35.675920435,309.298460537,nan,nan,nan,nan,nan,0.000000000,4.487099999,3.534926043,0.025881047,0.057151017,3.706148011,0,0.400000000
314.799311399,20064,1479,0,10515,9549,18581,919,169,162,92,70,9036,9545,494,425,2.386288095,2.977331299,32.472747675,300.624658501,60.390710831,4,1.000000000,nan,nan,0.000000000,7.564561034,5.045454949,0.033760036,0.048536051,5.270129011,0,0.400000000
314.899469852,19968,1383,0,10448,9520,18581,913,168,172,91,81,9065,9516,492,421,2.365047353,2.992399212,35.285353503,327.257154143,19.922971725,3,1.000000000,nan,nan,0.000000000,5.025559047,3.167350951,0.021217042,0.052889984,3.318081959,0,0.400000000
314.999395847,20064,1521,0,10532,9532,18581,913,170,169,89,80,9065,9516,492,421,2.365047353,2.992399212,33.739800521,309.498292892,nan,nan,nan,nan,nan,0.000000000,3.884701000,2.917756035,0.017987040,0.033693039,3.047635022,0,0.400000000
315.099759340,19968,1342,0,10588,9380,18622,943,183,187,101,86,9246,9376,508,435,2.312091085,3.013543320,40.699786662,341.291701724,49.153089523,6,1.000000000,nan,nan,0.000000000,4.729644977,3.004887025,0.019935018,0.045157038,3.138641012,0,0.400000000
315.199857950,20064,1577,0,10694,9370,18483,958,177,171,97,74,9113,9370,499,459,2.319421500,3.005770120,35.057042838,299.062504498,66.253662109,7,1.000000000,nan,nan,0.000000000,4.999127996,3.140558023,0.019079016,0.047376030,3.276514006,0,0.400000000
315.299310923,19872,1300,0,10489,9383,18568,947,177,173,95,78,9185,9383,495,452,2.301415684,3.024379628,40.707342983,294.937796546,nan,1,nan,nan,nan,0.000000000,4.824050004,3.012690926,0.018957013,0.047651993,3.146699048,0,0.400000000
315.502566576,19968,1351,0,10576,9392,18568,947,179,174,95,79,9185,9383,495,452,2.301415684,3.024379628,38.956047948,293.241320639,nan,nan,nan,nan,nan,0.000000000,3.942082985,3.051115957,0.019391940,0.045457971,3.182001994,0,0.400000000
315.599401236,20064,1555,0,10413,9651,18568,947,178,177,97,80,9185,9383,495,452,2.301415684,3.024379628,37.903977008,295.547350819,nan,nan,nan,nan,nan,0.000000000,3.896195965,3.007095016,0.018863997,0.046872010,3.134934057,0,0.400000000
315.701291323,20064,1350,0,10513,9551,18710,944,147,162,79,83,9163,9547,501,443,2.297380266,2.993908647,30.207064055,260.680600501,5.450963974,2,0.000000000,nan,nan,0.000000000,5.103309988,3.126468044,0.017999031,0.074971002,3.259753983,0,0.400000000
315.800346851,19680,1074,0,10274,9406,18710,944,173,174,94,80,9163,9547,501,443,2.297380266,2.993908647,31.660836102,286.588527277,nan,nan,nan,nan,nan,0.000000000,4.296010011,3.283553058,0.019684958,0.071296003,3.423880029,0,0.400000000
315.899554253,19968,1226,0,10399,9569,18738,938,210,162,85,77,9172,9566,491,447,2.293512097,2.967664287,26.531648213,262.737035829,8.927583694,2,0.000000000,nan,nan,0.000000000,4.901120032,3.062375064,0.020409934,0.057975005,3.197850019,0,0.400000000
315.999373198,19776,1259,0,10430,9346,18513,904,158,153,82,71,9170,9343,454,450,2.240217619,2.967864008,28.423629900,266.096004345,nan,1,nan,nan,nan,0.000000000,6.874024984,4.571140977,0.026766036,0.074284966,4.772349028,0,0.400000000
316.099396944,19968,1487,0,10482,9486,18477,910,156,175,99,76,8995,9482,467,443,2.314437091,2.920686924,33.795974169,342.964334266,59.973239899,6,1.000000000,nan,nan,0.000000000,4.661689978,2.955771051,0.017791986,0.048713991,3.082119976,0,0.400000000
316.199369192,19584,1493,0,10421,9163,18087,907,168,163,85,78,8928,9159,461,446,2.255851647,2.943727063,34.213023374,293.358497482,nan,1,nan,nan,nan,0.000000000,4.604909976,2.985415980,0.019031984,0.048533024,3.117977991,0,0.400000000
316.399446964,19776,1515,0,10535,9241,18257,899,171,165,87,78,9020,9237,455,444,2.248691274,2.864353472,29.995965509,213.948687893,69.857835770,9,1.000000000,nan,nan,0.000000000,4.628385010,2.901802072,0.018366030,0.044766988,3.032065986,0,0.400000000
316.501113415,20160,1582,0,10601,9559,18574,899,189,191,97,94,9019,9555,454,445,2.233865929,2.868843002,38.726135003,294.056962994,83.370923996,4,1.000000000,nan,nan,0.000000000,4.875060986,3.056632995,0.021882995,0.074640964,3.204641980,0,0.400000000
316.599482536,20064,1576,0,10737,9327,18574,899,189,188,92,96,9019,9555,454,445,2.233865929,2.868843002,33.255046663,310.056372594,nan,nan,nan,nan,nan,0.000000000,3.859896970,2.922168002,0.021056971,0.036704994,3.060824994,0,0.400000000
316.699452400,19968,1606,0,10653,9315,18358,910,149,154,76,78,9043,9315,470,440,2.248251272,2.837520757,31.279253578,245.062667343,5.163669586,2,0.000000000,nan,nan,0.000000000,6.051687000,3.995339037,0.022491964,0.049560971,4.166124971,0,0.400000000
316.799422026,19968,1624,0,10670,9298,18340,905,148,158,71,87,9042,9298,459,446,2.274397732,2.829463173,36.307085193,244.935572003,nan,1,nan,nan,nan,0.000000000,4.558363056,2.892938035,0.016335980,0.042781990,3.020828008,0,0.400000000
316.899375200,19968,1634,0,10702,9266,18330,900,159,166,83,83,9064,9266,462,438,2.243636537,2.815477562,34.717594813,271.615781413,nan,1,nan,nan,nan,0.000000000,4.795881978,2.924752014,0.017618993,0.041256018,3.048218030,0,0.400000000
316.999325275,20064,1672,0,10584,9480,18330,900,155,155,82,73,9064,9266,462,438,2.243636537,2.815477562,29.690648245,252.834018852,nan,nan,nan,nan,nan,0.000000000,3.818407014,2.947635017,0.017348968,0.033763994,3.082957002,0,0.400000000
317.099377394,19968,1639,0,10671,9297,18325,899,152,151,74,77,9032,9293,450,449,2.222105125,2.813800364,30.335298291,275.353153315,26.093482971,4,1.000000000,nan,nan,0.000000000,6.937035010,4.480783944,0.023178931,0.032510026,4.654002027,0,0.400000000
317.199944973,19872,1700,0,10542,9330,18168,910,167,168,86,82,8842,9326,454,456,2.276623610,2.791119451,32.847701429,268.666219406,20.262241364,3,1.000000000,nan,nan,0.000000000,6.377236045,3.799787955,0.022861932,0.060023973,3.961932031,0,0.400000000
317.302154303,19872,1582,0,10657,9215,18168,910,171,171,87,84,8842,9326,454,456,2.276623610,2.791119451,32.278367540,289.218684424,nan,nan,nan,nan,nan,0.000000000,4.003400973,2.979545970,0.018734019,0.037703023,3.106963006,0,0.400000000
317.398820639,20256,1729,0,10572,9684,18523,910,177,173,92,81,8843,9680,463,447,2.256239807,2.774861773,32.057773606,268.605253814,29.797077179,6,1.000000000,nan,nan,0.000000000,4.624512047,2.907801943,0.018891005,0.044342014,3.039753006,0,0.400000000
317.499389887,19872,1613,0,10619,9253,18255,893,174,170,87,83,9002,9253,449,444,2.196516100,2.773008080,33.708008962,268.976082804,4.040002823,2,0.000000000,nan,nan,0.000000000,4.691471055,2.948203997,0.019505096,0.049728027,3.098448971,0,0.400000000
317.599274635,20064,1726,0,10717,9347,18334,914,173,182,93,89,8987,9347,462,452,2.224713055,2.737866584,37.223357254,299.672440428,78.412294388,5,1.000000000,nan,nan,0.000000000,4.696213990,3.009114007,0.019877916,0.052845979,3.142939997,0,0.400000000
317.699338198,19968,1689,0,10715,9253,18275,907,167,164,88,76,9022,9253,459,448,2.254885552,2.727935028,30.799245002,286.061731775,nan,1,nan,nan,nan,0.000000000,4.788588034,2.975246985,0.018635008,0.042940956,3.104851989,0,0.400000000
317.799437761,19776,1810,0,10482,9294,18275,907,170,173,91,82,9022,9253,459,448,2.254885552,2.727935028,33.353916991,291.657184434,nan,nan,nan,nan,nan,0.000000000,3.816267010,2.910898998,0.018300023,0.034917030,3.037397983,0,0.400000000
317.898266792,20160,1732,0,10848,9312,18424,866,130,148,79,69,9112,9312,450,416,2.265093977,2.662886683,27.387296065,249.602759193,4.156351089,2,0.000000000,nan,nan,0.000000000,5.386068020,3.599432006,0.019534084,0.058636011,3.752847027,0,0.400000000
317.999298096,19680,1804,0,10410,9270,18424,866,153,159,86,73,9112,9312,450,416,2.265093977,2.662886683,28.855156675,278.864610304,nan,nan,nan,nan,nan,0.000000000,3.634106950,2.780741139,0.016829988,0.034652010,2.902666980,0,0.400000000
318.098730564,20256,1766,0,10709,9547,18486,864,159,157,79,78,8939,9547,445,419,2.234810274,2.616938137,30.598868426,234.562560905,nan,1,nan,nan,nan,0.000000000,6.187997002,3.440257977,0.020926062,0.040433020,3.581957018,0,0.400000000
318.200074434,20064,1867,0,10607,9457,18193,884,167,166,85,81,8740,9453,452,432,2.226255691,2.603961312,26.665486352,306.270794241,40.123462677,2,1.000000000,nan,nan,0.000000000,4.512357991,2.862752008,0.018103921,0.032238022,2.990982030,0,0.400000000
318.299303055,19968,1847,0,10602,9366,18193,884,160,159,78,81,8740,9453,452,432,2.226255691,2.603961312,27.452198387,297.624427300,nan,nan,nan,nan,nan,0.000000000,3.655653039,2.864087990,0.017297978,0.028652023,2.989894012,0,0.400000000
318.399288654,19968,1857,0,10778,9190,18193,884,162,166,83,83,8740,9453,452,432,2.226255691,2.603961312,29.692965659,305.585656297,nan,nan,nan,nan,nan,0.000000000,6.512779975,5.233050964,0.032532029,0.055492041,5.467679002,0,0.400000000
318.499488831,20064,1956,0,10816,9248,18104,851,144,146,75,71,8856,9248,433,418,2.243626008,2.354861070,26.451010937,250.018884258,20.046949387,3,1.000000000,nan,nan,0.000000000,6.704258965,4.525102035,0.026046939,0.061226950,4.735888971,0,0.400000000
318.599453211,19776,1832,0,10613,9163,18104,851,157,159,83,76,8856,9248,433,418,2.243626008,2.354861070,32.493953262,259.387009633,nan,nan,nan,nan,nan,0.000000000,3.666525998,2.726567036,0.017125974,0.042596017,2.851326950,0,0.400000000
318.799472094,19968,1841,0,10742,9226,18123,833,190,169,90,79,8898,9225,418,415,2.131828443,2.383491960,36.168134340,296.514015101,95.569372177,2,1.000000000,nan,nan,0.000000000,4.472286033,2.791806997,0.020600040,0.055618002,2.928656992,0,0.400000000
318.899311781,20064,1991,0,10561,9503,18069,851,161,146,74,72,8570,9499,432,419,2.273092342,2.435276345,30.202355638,227.439026199,15.707969666,3,1.000000000,nan,nan,0.000000000,4.510648025,2.780699055,0.017471961,0.044376997,2.916209982,0,0.400000000
318.999405384,19872,1869,0,10702,9170,17999,837,162,151,78,73,8833,9166,419,418,2.148326141,2.361658015,30.468464753,299.738996281,9.870529175,2,0.000000000,nan,nan,0.000000000,4.463795049,2.748711966,0.017213053,0.042548985,2.874212980,0,0.400000000
319.299616098,19968,2064,0,10643,9325,17900,833,164,156,83,73,8575,9325,403,430,2.193239863,2.344271568,35.074349008,266.480420993,20.860910416,4,1.000000000,nan,nan,0.000000000,4.608384974,2.805459953,0.018196006,0.047361013,2.948203997,0,0.400000000
319.399275780,19968,1803,0,10665,9303,18161,836,163,157,83,74,8858,9303,410,426,2.213918018,2.348123448,30.034347687,269.908074159,nan,1,nan,nan,nan,0.000000000,4.435774987,2.739544085,0.017307932,0.036493992,2.864667040,0,0.400000000
319.499403954,19968,2096,0,10625,9343,17868,849,171,168,83,85,8525,9343,411,438,2.203839627,2.382162650,34.090198303,317.763635460,6.140708923,3,0.000000000,nan,nan,0.000000000,7.339350996,4.497581976,0.025184010,0.039460021,4.669405986,0,0.400000000
319.600938320,20064,1881,0,10686,9378,17868,849,160,161,81,80,8525,9343,411,438,2.203839627,2.382162650,34.064414282,292.037825621,nan,nan,nan,nan,nan,0.000000000,3.504763008,2.658281941,0.013280020,0.038871018,2.759372990,0,0.400000000
319.699347734,20064,2153,0,10567,9497,17868,849,161,160,80,80,8525,9343,411,438,2.203839627,2.382162650,33.450126442,290.871828123,nan,nan,nan,nan,nan,0.000000000,3.536670993,2.700690995,0.017133076,0.033934019,2.821954025,0,0.400000000
319.799375534,20064,2040,0,10563,9501,18020,854,179,173,94,79,8523,9497,417,437,2.207923452,2.396944073,34.331811745,264.226241282,nan,1,nan,nan,nan,0.000000000,4.521223018,2.886867966,0.019787927,0.037651043,3.026035964,0,0.400000000
319.899405479,19200,2096,0,10218,8982,17100,837,159,163,83,80,8122,8978,415,422,2.115704104,2.398624986,31.579669506,274.557876799,4.720211029,2,0.000000000,nan,nan,0.000000000,6.312070007,4.239522968,0.027193048,0.082030019,4.452770983,0,0.400000000
319.997558355,20832,2122,0,10937,9895,17100,837,162,163,84,79,8122,8978,415,422,2.115704104,2.398624986,29.849170011,272.084073109,nan,nan,nan,nan,nan,0.000000000,3.808786045,2.909608942,0.020095031,0.042781001,3.055045032,0,0.400000000
320.099349737,19968,2081,0,10635,9333,17883,849,151,168,85,83,8550,9333,415,434,2.100400772,2.379155136,34.463513620,327.106751041,95.180511475,3,1.000000000,nan,nan,0.000000000,4.377065983,2.739824995,0.017025974,0.042308006,2.863453992,0,0.400000000
320.199306250,20064,2207,0,10677,9387,17853,843,172,179,90,89,8466,9387,414,429,2.126910064,2.322117336,38.959565704,291.694463905,nan,1,nan,nan,nan,0.000000000,4.434169969,2.732843976,0.019093975,0.029877992,2.860706998,0,0.400000000
320.299728155,19968,2147,0,10671,9297,17817,834,161,162,81,81,8520,9297,409,425,2.084824440,2.364606910,28.975787913,273.737215712,85.001230240,3,1.000000000,nan,nan,0.000000000,4.452977970,2.809161029,0.019313942,0.037761987,2.945391985,0,0.400000000
320.399462223,20160,2307,0,10616,9544,17849,814,177,158,94,64,8305,9544,404,410,2.163356847,2.273845039,34.112813732,251.772214803,nan,1,nan,nan,nan,0.000000000,4.424578976,2.651184099,0.018496939,0.031607982,2.778124996,0,0.400000000
320.501203060,19872,2096,0,10580,9292,17849,814,153,154,88,66,8305,9544,404,410,2.163356847,2.273845039,31.170178233,261.343417737,nan,nan,nan,nan,nan,0.000000000,3.537672979,2.626473957,0.016570964,0.026719994,2.747741004,0,0.400000000
320.599282742,20160,2328,0,10471,9689,17828,804,178,171,93,78,8143,9685,393,411,2.116912787,2.291354614,32.823156096,284.512429982,24.738550186,2,1.000000000,nan,nan,0.000000000,4.230708000,2.611539967,0.019055966,0.028170994,2.742598997,0,0.400000000
320.699354172,19872,2004,0,10425,9447,17828,804,165,165,90,75,8143,9685,393,411,2.116912787,2.291354614,32.227233973,276.696795751,nan,nan,nan,nan,nan,0.000000000,3.457614977,2.583334048,0.017304032,0.026589027,2.708335000,0,0.400000000
320.799388170,19296,1609,0,9959,9337,17683,789,160,157,85,72,8349,9334,382,407,2.000523204,2.309278683,27.836882673,272.902263496,6.732940674,2,0.000000000,nan,nan,0.000000000,4.251384002,2.554322069,0.017276034,0.037703023,2.677250945,0,0.400000000
320.899878025,20448,2311,0,10711,9737,18133,810,162,152,73,79,8396,9737,388,422,2.065045278,2.274009084,30.162286219,279.314489824,61.480522156,3,1.000000000,nan,nan,0.000000000,7.168272976,4.260283953,0.023899018,0.030185969,4.441484052,0,0.400000000
320.999491692,19776,2094,0,10329,9447,18133,810,155,155,78,77,8396,9737,388,422,2.065045278,2.274009084,30.057524382,268.229790767,nan,nan,nan,nan,nan,0.000000000,3.508246969,2.603176050,0.016400940,0.026007998,2.724987979,0,0.400000000
321.099270582,19776,2373,0,10393,9383,17399,818,158,160,81,79,8020,9379,376,442,2.104540590,2.346538066,30.053719900,230.674313811,nan,1,nan,nan,nan,0.000000000,4.284165974,2.671740018,0.016897975,0.032741984,2.800234011,0,0.400000000
321.198675394,20256,2599,0,10429,9827,17653,807,157,153,79,74,7830,9823,373,434,2.022343421,2.300550565,34.088945321,249.815069986,nan,1,nan,nan,nan,0.000000000,5.676559987,3.797918034,0.024465029,0.047295005,3.979468020,0,0.400000000
321.300965548,20256,2618,0,10579,9677,17634,811,165,162,84,78,7961,9673,366,445,1.926936722,2.286871636,30.558917789,245.477378500,59.829235077,3,1.000000000,nan,nan,0.000000000,4.395049007,2.747822960,0.018507999,0.032501004,2.881507040,0,0.400000000
321.399286270,20160,2755,0,10628,9532,17634,811,164,166,84,82,7961,9673,366,445,1.926936722,2.286871636,31.137887178,259.549090080,nan,nan,nan,nan,nan,0.000000000,3.660765011,2.838128072,0.020665000,0.037292019,2.976573014,0,0.400000000
321.699420214,19584,2977,0,10453,9131,16603,805,166,149,73,76,7476,9127,374,431,1.948532623,2.360334419,29.944290572,208.777494043,66.074132919,4,1.000000000,nan,nan,0.000000000,5.228865019,3.404759977,0.021640037,0.036688987,3.554767987,0,0.400000000
321.798690796,20544,3157,0,10551,9993,16603,805,154,154,75,79,7476,9127,374,431,1.948532623,2.360334419,32.924723174,214.739372494,nan,nan,nan,nan,nan,0.000000000,3.667854995,2.759939991,0.018469989,0.036426994,2.903276007,0,0.400000000
321.899297476,19680,3077,0,10274,9406,16599,792,137,145,70,75,7193,9406,371,421,2.031727627,2.370508808,28.625918105,200.349777736,nan,1,nan,nan,nan,0.000000000,8.605987008,5.663265998,0.032062002,0.060955004,5.907321989,0,0.400000000
322.000429869,20352,3326,0,10785,9567,17022,798,165,166,75,91,7457,9565,377,421,2.154340233,2.319637244,34.650241020,259.650550514,79.937458038,3,1.000000000,nan,nan,0.000000000,4.228146980,2.614455007,0.017694954,0.037694001,2.740124008,0,0.400000000
322.099383831,20064,3408,0,10687,9377,16652,783,165,163,79,84,7282,9370,365,418,2.121209906,2.327500163,34.748457567,259.047982707,65.078735352,3,1.000000000,nan,nan,0.000000000,4.227201978,2.550526056,0.017815910,0.072311959,2.679323021,0,0.400000000
322.199271441,19968,3396,0,10518,9450,16568,792,161,146,64,82,7182,9386,375,417,2.572270780,2.259758022,32.699132573,188.032697927,nan,1,nan,nan,nan,0.000000000,8.304199029,4.755172005,0.031659089,0.057749974,4.987737979,0,0.400000000
322.299263954,19872,3521,0,10841,9031,16568,792,145,142,64,78,7182,9386,375,417,2.572270780,2.259758022,28.914154162,189.743651353,nan,nan,nan,nan,nan,0.000000000,3.610521031,2.694414929,0.015969039,0.037224963,2.817819011,0,0.400000000
322.499453306,19968,3599,0,11186,8782,16365,788,149,157,84,73,7823,8542,402,386,2.751336151,2.230081233,33.318943532,251.439012940,57.492971420,4,1.000000000,nan,nan,0.000000000,4.099357990,2.536041953,0.016727019,0.046397967,2.671660041,0,0.400000000
322.599216461,19872,3684,0,11245,8627,16365,788,154,158,84,74,7823,8542,402,386,2.751336151,2.230081233,31.517997307,256.468946615,nan,nan,nan,nan,nan,0.000000000,3.998093016,3.007230000,0.019158004,0.035927980,3.167922026,0,0.400000000
322.699209690,20160,3727,0,11740,8420,16365,788,155,156,84,72,7823,8542,402,386,2.751336151,2.230081233,30.893015700,258.496697744,nan,nan,nan,nan,nan,0.000000000,4.239402013,3.157352039,0.019414001,0.032835989,3.300989047,0,0.400000000
322.801601887,19872,3699,0,11618,8254,16365,788,155,155,83,72,7823,8542,402,386,2.751336151,2.230081233,31.195771563,256.795223112,nan,nan,nan,nan,nan,0.000000000,3.277676005,2.501985058,0.016670034,0.032636046,2.625148045,0,0.400000000
322.899459839,20064,3681,0,12025,8039,16379,859,195,172,89,83,8558,7821,475,384,2.599533674,2.172107782,33.816639990,256.298221554,9.821176529,2,0.000000000,nan,nan,0.000000000,4.250645987,2.734037000,0.020286883,0.039342965,2.867131960,0,0.400000000
322.999358892,20064,3628,0,12134,7930,16432,853,161,163,98,65,8682,7750,470,383,2.725602930,2.152933782,35.740751430,200.122371028,nan,1,nan,nan,nan,0.000000000,4.330625990,2.774494991,0.017701997,0.044523971,2.900047053,0,0.400000000
323.099398851,19968,3639,0,12116,7852,16432,853,163,164,93,71,8682,7750,470,383,2.725602930,2.152933782,36.671043585,233.719003432,nan,nan,nan,nan,nan,0.000000000,3.489046998,2.702358004,0.017601997,0.036037003,2.827206976,0,0.400000000
323.199402332,19968,3450,0,12046,7922,16514,842,146,157,88,69,8640,7874,484,358,2.689287140,2.048231703,36.006951976,228.885299071,5.804300308,13,0.000000000,nan,nan,0.000000000,5.602834048,3.276692005,0.018267077,0.059498998,3.415705985,0,0.400000000
323.299271345,20064,3488,0,12033,8031,16572,847,148,144,83,61,8551,8021,496,351,2.739776256,1.928511378,31.254796402,217.278586962,20.254611969,6,1.000000000,nan,nan,0.000000000,5.222352978,3.106136981,0.016900944,0.048491987,3.230753005,0,0.400000000
323.399371147,19968,3381,0,12089,7879,16583,811,138,145,83,62,8706,7877,482,329,2.826888547,1.855181089,29.122294150,244.717126355,nan,1,nan,nan,nan,0.000000000,4.262996954,2.633026976,0.015883939,0.041396008,2.753885987,0,0.400000000
323.499379158,19776,3430,0,11885,7891,16583,811,145,144,85,59,8706,7877,482,329,2.826888547,1.855181089,27.807181964,258.326743686,nan,nan,nan,nan,nan,0.000000000,3.535673954,2.614577999,0.015983998,0.030266005,2.735447022,0,0.400000000
323.599060535,20160,3284,0,12121,8039,16872,811,146,148,86,62,8834,8038,480,331,2.852078720,1.852362812,28.242309667,231.771364846,5.769491196,3,0.000000000,nan,nan,0.000000000,10.252995999,6.709944981,0.041974999,0.112487003,7.023267972,0,0.400000000
323.699302435,20064,3423,0,12006,8058,16637,809,158,145,98,47,8579,8058,488,321,2.857289961,1.856439458,25.938111179,220.171360731,89.514017105,4,1.000000000,nan,nan,0.000000000,4.082820029,2.573269012,0.016621081,0.041686988,2.696366049,0,0.400000000
323.799373865,19968,3128,0,12001,7967,16637,809,146,149,99,50,8579,8058,488,321,2.857289961,1.856439458,24.921794907,184.426940772,nan,nan,nan,nan,nan,0.000000000,5.638215982,4.476625007,0.029171992,0.070117996,4.689518013,0,0.400000000
323.899328947,19488,3370,0,11448,8040,16637,809,148,149,99,50,8579,8058,488,321,2.857289961,1.856439458,24.923113462,184.446150405,nan,nan,nan,nan,nan,0.000000000,6.799758994,5.389658967,0.029913033,0.029038987,5.613605957,0,0.400000000
324.100009918,20064,3359,0,11837,8227,16701,840,160,164,103,61,8478,8223,519,321,2.876772737,1.695696067,31.833275757,293.714810782,184.941530228,5,1.000000000,nan,nan,0.000000000,4.330110969,2.699328936,0.018017890,0.048621034,2.829773002,0,0.400000000
324.199733734,19968,3248,0,12018,7950,16716,838,157,151,96,55,8770,7946,532,306,2.888650853,1.626301766,34.003778278,214.917897491,19.751787186,4,1.000000000,nan,nan,0.000000000,4.250127997,2.630623057,0.020803011,0.040306011,2.757264010,0,0.400000000
324.299324512,19680,3296,0,11811,7869,16716,838,151,155,98,57,8770,7946,532,306,2.888650853,1.626301766,33.690183590,216.866989898,nan,nan,nan,nan,nan,0.000000000,3.488062008,2.612675016,0.016509031,0.033304037,2.738326031,0,0.400000000
324.499231100,19872,3163,0,11735,8137,16705,836,137,138,88,50,8572,8133,508,328,2.849422272,1.838864317,25.744678483,184.885121575,20.182371140,26,1.000000000,nan,nan,0.000000000,4.424530023,2.723809972,0.014927995,0.069277012,2.842373971,0,0.400000000
324.700480700,20064,3056,0,11845,8219,17004,789,147,131,87,44,8785,8219,484,305,2.824944100,1.870595950,22.185160588,174.939760033,40.100336075,26,1.000000000,nan,nan,0.000000000,4.895616032,3.165466944,0.019211962,0.058337988,3.309282009,0,0.400000000
324.799303532,19968,3141,0,11725,8243,16823,792,126,124,82,42,8580,8243,481,311,2.831878248,1.886172060,18.365557259,207.382732541,5.491018295,2,0.000000000,nan,nan,0.000000000,6.242939970,3.734260972,0.019176980,0.078117999,3.893370973,0,0.400000000
324.899354696,19968,2907,0,11645,8323,17057,799,122,120,74,46,8734,8323,485,314,2.831273259,1.857535227,16.118655413,143.903847892,nan,1,nan,nan,nan,0.000000000,4.443468002,2.896177990,0.014888006,0.052634976,3.024637001,0,0.400000000
324.999288082,19968,2876,0,11515,8453,17088,794,144,141,85,56,8635,8453,483,311,2.827700778,1.857926806,26.627293613,206.095125874,nan,1,nan,nan,nan,0.000000000,4.073908029,2.517185989,0.015590980,0.046488014,2.639633953,0,0.400000000
325.099241018,20064,2761,0,11534,8530,17088,794,144,143,89,54,8635,8453,483,311,2.827700778,1.857926806,27.778631390,213.673315416,nan,nan,nan,nan,nan,0.000000000,4.395762982,3.214637982,0.018743973,0.032140000,3.358871967,0,0.400000000
325.199473619,19968,2660,0,11346,8622,17304,846,147,149,86,63,8686,8618,525,321,2.821546075,1.842068821,25.823788590,233.342693601,nan,1,nan,nan,nan,0.000000000,4.258839006,2.671743976,0.015861006,0.035489968,2.793645021,0,0.400000000
325.299353361,19872,2616,0,11519,8353,17304,846,149,143,78,65,8686,8618,525,321,2.821546075,1.842068821,25.662067105,205.050549720,nan,nan,nan,nan,nan,0.000000000,3.484242014,2.639481972,0.015474972,0.037323975,2.756248985,0,0.400000000
325.399295092,19872,2579,0,11264,8608,17289,859,131,122,72,50,8685,8604,520,339,2.784040383,1.881793520,21.159736977,181.252471068,nan,1,nan,nan,nan,0.000000000,4.369983973,2.800085989,0.014260993,0.043350970,2.921020030,0,0.400000000
325.904165506,20064,2287,0,11242,8822,17773,839,81,87,54,33,8951,8822,473,366,2.676990256,1.983408914,21.671813716,210.144611734,239.997863770,10,1.000000000,nan,nan,0.000000000,4.526495002,2.778855967,0.009247102,0.089971989,2.877682040,0,0.400000000
326.399393797,19968,2641,0,11411,8557,17323,834,56,48,33,15,8845,8478,465,369,2.577063523,2.209582579,12.084753625,199.182841543,100.309371948,3,1.000000000,nan,nan,0.000000000,4.725593026,2.813830040,0.006624032,0.291065022,2.904044988,0,0.400000000
326.499165058,19488,2586,0,11330,8158,16898,801,126,115,62,53,8813,8085,452,349,2.534023080,2.233682830,15.726982030,190.524635127,3.606319427,2,0.000000000,nan,nan,0.000000000,5.198760948,2.988198015,0.013443932,0.187149970,3.104886971,0,0.400000000
326.701975822,19872,2724,0,11620,8252,17144,797,120,107,57,50,8982,8162,452,345,2.491588026,2.612847852,19.189082032,188.749443011,36.856889725,3,1.000000000,nan,nan,0.000000000,5.099586968,3.248160006,0.016072998,0.169432955,3.393366002,0,0.400000000
326.999293566,20064,2866,0,11979,8085,17194,809,87,80,46,34,9199,7995,451,358,2.584360660,2.670783613,16.215062619,172.952334027,94.111204147,6,1.000000000,nan,nan,0.000000000,4.654663033,2.730660955,0.009543961,0.166310987,2.842516988,0,0.400000000
327.099268198,18720,2568,0,11129,7591,16148,810,86,88,47,41,8599,7549,457,353,2.425968846,2.694980670,21.931827315,153.106815104,2.617835999,2,0.000000000,nan,nan,0.000000000,4.282434005,2.691627014,0.009445997,0.109986984,2.790729981,0,0.400000000
327.299291611,19968,2389,0,11607,8361,17575,818,83,65,35,30,9226,8349,463,355,2.416250690,2.664204329,16.904397105,66.687088457,104.561090469,13,1.000000000,nan,nan,0.000000000,6.258836016,3.416381020,0.009812007,0.098034041,3.529362031,0,0.400000000
327.498821497,20160,2249,0,11507,8653,17907,860,75,84,55,29,9254,8653,463,397,2.410046974,2.589311082,23.680635611,94.219476290,62.379837036,4,1.000000000,nan,nan,0.000000000,4.591608013,2.873084974,0.009556999,0.095623021,2.980042016,0,0.400000000
327.599283457,19872,2234,0,11238,8634,17634,855,79,82,51,31,9004,8630,456,399,2.432163723,2.604079715,18.862679077,67.125496514,10.051488876,2,0.000000000,nan,nan,0.000000000,4.454419017,2.806002041,0.009473064,0.087967026,2.911093005,0,0.400000000
327.699278831,19872,2070,0,11265,8607,17634,855,74,80,47,33,9004,8630,456,399,2.432163723,2.604079715,18.310899520,69.790612960,nan,nan,nan,nan,nan,0.000000000,4.745531012,3.781490086,0.011632976,0.071907998,3.913660010,0,0.400000000
327.799318790,19872,2051,0,11100,8772,17634,855,79,75,49,26,9004,8630,456,399,2.432163723,2.604079715,17.571585298,65.564865301,nan,nan,nan,nan,nan,0.000000000,3.577793017,2.734846959,0.008896983,0.059476006,2.832402010,0,0.400000000
327.899183273,19776,1840,0,10983,8793,17634,855,80,78,49,29,9004,8630,456,399,2.432163723,2.604079715,18.256383208,72.328102022,nan,nan,nan,nan,nan,0.000000000,3.604080994,2.732229070,0.008854084,0.048552989,2.832268015,0,0.400000000
327.999416113,19584,1992,0,10806,8778,17588,845,84,83,42,41,8814,8774,450,395,2.396484698,2.507285991,22.149028482,111.178574389,5.004167557,3,0.000000000,nan,nan,0.000000000,9.188504016,6.109081034,0.021966989,0.087731052,6.344210997,0,0.400000000
328.199302435,19968,2051,0,11027,8941,17913,842,115,93,40,53,8976,8937,452,390,2.424261925,2.514155245,25.387665477,148.982208119,45.804023743,14,1.000000000,nan,nan,0.000000000,4.421924998,2.721178054,0.011778029,0.050096016,2.831972030,0,0.400000000
328.299260616,20064,2086,0,11119,8945,17913,842,98,99,49,50,8976,8937,452,390,2.424261925,2.514155245,27.303873181,118.722170382,nan,nan,nan,nan,nan,0.000000000,3.829269030,2.807846002,0.011325988,0.048732967,2.922973013,0,0.400000000
328.399434328,19968,2109,0,11198,8770,17855,804,105,100,47,53,9085,8770,421,383,2.385354124,2.419081784,24.952363107,153.956277368,5.616426468,4,0.000000000,nan,nan,0.000000000,5.784513021,3.104837961,0.013770070,0.035524019,3.228820045,0,0.400000000
328.499244928,19968,2063,0,11084,8884,17901,803,79,75,39,36,9017,8884,428,375,2.562963488,2.356680218,19.258828986,90.102849360,5.370378494,2,0.000000000,nan,nan,0.000000000,4.695651005,2.708384942,0.009100011,0.046093017,2.810176986,0,0.400000000
328.599219322,19968,2088,0,11239,8729,17901,803,89,90,43,47,9017,8884,428,375,2.562963488,2.356680218,21.512060452,118.491115482,nan,nan,nan,nan,nan,0.000000000,3.413947008,2.565901959,0.010381977,0.031774980,2.672292001,0,0.400000000
328.699174881,20064,2095,0,11133,8931,17965,791,75,81,36,45,9034,8931,412,379,2.645048183,2.299281210,19.741022156,106.404926549,6.187200546,4,0.000000000,nan,nan,0.000000000,5.920558993,3.639530041,0.011506025,0.039756007,3.769550007,0,0.400000000
328.799218416,19872,2008,0,11082,8790,17860,806,93,94,49,45,9071,8789,431,375,2.459941857,2.303932317,26.017117914,129.431320937,nan,1,nan,nan,nan,0.000000000,4.521402007,2.775496978,0.011618016,0.039622013,2.899258980,0,0.400000000
328.899274349,20064,2058,0,10866,9198,18002,826,95,98,52,46,8805,9197,441,385,2.629004749,2.210155880,28.312446339,152.965174665,104.413270950,9,1.000000000,nan,nan,0.000000000,4.249147954,2.645258035,0.010519929,0.035394041,2.749871986,0,0.400000000
328.999182701,19968,1859,0,10983,8985,18002,826,98,99,51,48,8805,9197,441,385,2.629004749,2.210155880,25.052485526,146.862010286,nan,nan,nan,nan,nan,0.000000000,4.438334028,3.479967010,0.014160993,0.045201974,3.616391041,0,0.400000000
329.101693392,20064,2009,0,10757,9307,18002,826,102,106,54,52,8805,9197,441,385,2.629004749,2.210155880,26.366714087,171.358755975,nan,nan,nan,nan,nan,0.000000000,3.478479048,2.638518985,0.012027973,0.035301025,2.748183964,0,0.400000000
329.199224234,19968,1862,0,10907,9061,18102,851,120,113,74,39,9045,9057,460,391,2.680373401,2.264537626,31.024555356,152.640461274,nan,1,nan,nan,nan,0.000000000,4.429780995,2.755005029,0.012748002,0.044511980,2.866415016,0,0.400000000
329.299221992,19680,1937,0,10624,9056,18102,851,115,108,67,41,9045,9057,460,391,2.680373401,2.264537626,27.959997742,158.058511953,nan,nan,nan,nan,nan,0.000000000,3.635075002,2.726931009,0.012316974,0.031194999,2.837574983,0,0.400000000
329.399239540,20352,1900,0,11156,9196,18102,851,108,110,69,41,9045,9057,460,391,2.680373401,2.264537626,29.524106842,159.842112218,nan,nan,nan,nan,nan,0.000000000,3.607696039,2.788087993,0.012329081,0.037354999,2.903428976,0,0.400000000
329.501367807,20064,1849,0,10796,9268,18211,817,105,107,64,43,8943,9268,436,381,2.872316395,2.177991845,28.388116381,175.551700493,29.681921005,3,1.000000000,nan,nan,0.000000000,6.145348016,3.475720994,0.014290970,0.045316992,3.609626961,0,0.400000000
329.599276781,19968,1814,0,10790,9178,18211,817,99,99,57,42,8943,9268,436,381,2.872316395,2.177991845,26.368689061,134.549634136,nan,nan,nan,nan,nan,0.000000000,4.061576037,2.931120980,0.011067954,0.048367016,3.035775037,0,0.400000000
329.699275970,19968,1846,0,10683,9285,18118,803,116,94,52,42,8837,9281,423,380,2.857023839,2.234710055,25.758193626,148.174881983,6.514072418,2,0.000000000,nan,nan,0.000000000,4.163657024,2.554329985,0.012437988,0.031193020,2.661717008,0,0.400000000
329.799182415,20064,1837,0,10669,9395,18223,842,98,93,54,39,8832,9391,435,407,2.866336111,2.252040361,20.094810580,156.466368521,41.132688522,11,1.000000000,nan,nan,0.000000000,4.415898991,2.667263965,0.010980992,0.044488988,2.787552017,0,0.400000000
329.899475813,19968,1842,0,10681,9287,18122,836,94,99,48,51,8839,9283,433,403,2.852838050,2.302572074,22.704781934,147.141674895,6.387948990,21,0.000000000,nan,nan,0.000000000,4.952493007,2.792879066,0.011163938,0.040375046,2.903101966,0,0.400000000
330.000434399,20064,1792,0,10591,9473,18268,848,84,87,41,46,8799,9469,430,418,2.860255050,2.331951485,19.560628004,99.339808639,7.376432419,19,0.000000000,nan,nan,0.000000000,4.361134022,2.680872043,0.009752053,0.034434022,2.799906011,0,0.400000000
330.100041151,19488,1817,0,10687,8801,17667,843,94,93,44,49,8866,8801,436,407,2.833164197,2.377218140,18.700554098,120.933219512,6.551980972,10,0.000000000,nan,nan,0.000000000,4.139264987,2.576488943,0.010274060,0.037243008,2.677501994,0,0.400000000
330.198723078,20448,1759,0,10638,9810,18685,854,103,97,54,43,8879,9806,425,429,2.836422753,2.348957855,23.884617336,127.386755569,11.133432388,16,0.000000000,nan,nan,0.000000000,4.507125996,2.781424962,0.012057950,0.040090992,2.906884998,0,0.400000000
330.299173832,19968,1790,0,10737,9231,18685,854,97,94,52,42,8879,9806,425,429,2.836422753,2.348957855,21.156802414,124.049563103,nan,nan,nan,nan,nan,0.000000000,3.780640021,2.907889022,0.011494965,0.037215999,3.024238977,0,0.400000000
330.399147272,20064,1860,0,10632,9432,18685,854,92,94,51,43,8879,9806,425,429,2.836422753,2.348957855,20.378777220,119.754139760,nan,nan,nan,nan,nan,0.000000000,3.464679001,2.663059044,0.010318006,0.030138995,2.765598998,0,0.400000000
330.499128580,19968,1672,0,10678,9290,18292,904,94,100,52,48,9002,9290,440,464,2.789123225,2.470941477,25.657876775,136.925117845,5.257844925,2,0.000000000,nan,nan,0.000000000,4.472437024,2.860940993,0.010429940,0.039791048,2.965299005,0,0.400000000
330.701603889,19680,1449,0,10346,9334,18227,901,104,107,50,57,8897,9330,417,484,2.779207332,2.571935061,23.812276604,140.786592998,41.299104691,6,1.000000000,nan,nan,0.000000000,4.497240006,2.831023943,0.011492928,0.038589002,2.939504979,0,0.400000000
330.803593636,19872,1423,0,10298,9574,18445,947,135,121,64,57,8874,9571,430,517,2.744983405,2.544860554,30.696147856,199.240544975,29.090404510,11,1.000000000,nan,nan,0.000000000,5.042259989,3.126015945,0.014385034,0.051442010,3.246325999,0,0.400000000
330.900286674,19872,1477,0,10328,9544,18391,946,111,109,48,61,8848,9543,407,539,2.759921365,2.582399259,27.882289887,139.073676707,4.594087601,2,0.000000000,nan,nan,0.000000000,4.755456990,2.943911008,0.012349046,0.043508015,3.061895026,0,0.400000000
331.000684023,19968,1673,0,10531,9437,18291,961,107,112,45,67,8854,9437,399,562,2.710110746,2.620956688,30.448468704,130.345111676,24.554729462,17,1.000000000,nan,nan,0.000000000,4.926462949,3.033150977,0.012207020,0.053530035,3.149840981,0,0.400000000
331.099123478,20064,1787,0,10370,9694,18273,890,96,98,40,58,8583,9690,376,514,2.785223264,2.570284600,26.439090144,131.004142092,6.546497345,5,0.000000000,nan,nan,0.000000000,4.803544958,2.975886979,0.011760043,0.048670976,3.091417952,0,0.400000000
331.199602604,19968,1779,0,10466,9502,18273,890,101,101,41,60,8583,9690,376,514,2.785223264,2.570284600,27.181561016,116.309486879,nan,nan,nan,nan,nan,0.000000000,3.646832018,2.743888064,0.010744960,0.037101971,2.849823970,0,0.400000000
331.299140930,19968,1810,0,10413,9555,18154,889,101,92,36,56,8603,9551,358,531,2.559350945,2.637121771,21.190002830,94.120284698,3.592014313,2,0.000000000,nan,nan,0.000000000,4.818218993,3.195086960,0.012766977,0.053448952,3.316943010,0,0.400000000
331.399225950,19968,1844,0,10405,9563,18154,889,102,97,37,60,8603,9551,358,531,2.559350945,2.637121771,23.268822454,117.295176517,nan,nan,nan,nan,nan,0.000000000,3.629387007,2.783009899,0.011264929,0.042976986,2.891728014,0,0.400000000
331.499114513,20064,1843,0,10482,9582,18217,893,122,96,35,61,8639,9578,343,550,2.344089154,2.695403484,23.788780076,129.448514562,19.855260849,2,1.000000000,nan,nan,0.000000000,4.749751999,2.990981971,0.013736018,0.071751012,3.116283973,0,0.400000000
331.600046635,19968,1867,0,10413,9555,18217,893,102,106,38,68,8639,9578,343,550,2.344089154,2.695403484,25.453097220,149.477237702,nan,nan,nan,nan,nan,0.000000000,3.622693999,2.774216002,0.011324009,0.046447967,2.880177984,0,0.400000000
331.699218512,20064,1863,0,10542,9522,18217,893,102,99,33,66,8639,9578,343,550,2.344089154,2.695403484,22.677781621,140.746172340,nan,nan,nan,nan,nan,0.000000000,3.573280002,2.754592046,0.010906952,0.034709054,2.859170025,0,0.400000000
331.799373388,19968,1939,0,10373,9595,18217,893,99,101,36,65,8639,9578,343,550,2.344089154,2.695403484,22.574870016,150.957441247,nan,nan,nan,nan,nan,0.000000000,3.557983029,2.745852980,0.010762073,0.029033981,2.852355014,0,0.400000000
331.899264097,19968,1874,0,10442,9526,18090,868,86,100,31,69,8564,9526,312,556,1.684443339,2.775195178,24.355602808,111.990945063,5.743265152,4,0.000000000,nan,nan,0.000000000,4.414225987,2.757760871,0.010345131,0.052012969,2.861784014,0,0.400000000
331.999233007,20160,2115,0,10306,9854,18090,868,92,97,36,61,8564,9526,312,556,1.684443339,2.775195178,23.712655629,85.007506718,nan,nan,nan,nan,nan,0.000000000,3.514787008,2.713167982,0.010472955,0.037254009,2.817319008,0,0.400000000
332.099282980,19872,1937,0,10348,9524,17931,881,89,103,40,63,8411,9520,315,566,1.413651316,2.801946832,27.965780976,105.008504784,nan,1,nan,nan,nan,0.000000000,5.576400959,3.247701039,0.011655095,0.041963998,3.364501987,0,0.400000000
332.199361086,20160,2236,0,10232,9928,17920,876,106,106,47,59,7996,9924,317,559,1.477542293,2.783492070,23.897146901,109.502656668,50.164699554,14,1.000000000,nan,nan,0.000000000,5.594384973,3.172241035,0.016841921,0.073620991,3.314397996,0,0.400000000
332.299305677,19968,2101,0,10315,9653,17863,910,113,105,46,59,8214,9649,343,567,1.302674740,2.823707744,21.684429618,83.399170818,74.398279190,5,1.000000000,nan,nan,0.000000000,4.645415989,2.896679973,0.011893921,0.065767032,3.008009982,0,0.400000000
332.399381161,20160,2434,0,10516,9644,17722,921,109,106,46,60,8081,9641,330,591,1.276450180,2.796073336,24.104482125,111.087292322,12.663841248,3,0.000000000,nan,nan,0.000000000,5.242057028,3.354195040,0.012853998,0.049187976,3.471081960,0,0.400000000
332.499200344,20064,2270,0,10624,9440,17722,921,115,114,52,62,8081,9641,330,591,1.276450180,2.796073336,26.777224830,107.499433606,nan,nan,nan,nan,nan,0.000000000,3.698471002,2.852221020,0.012221979,0.056252000,2.960902988,0,0.400000000
332.599152088,20256,2501,0,10475,9781,17722,921,129,127,47,80,8081,9641,330,591,1.276450180,2.796073336,34.487997166,129.867045023,nan,nan,nan,nan,nan,0.000000000,3.661893948,2.829690988,0.013717974,0.043217035,2.943728003,0,0.400000000
332.699389935,20064,2454,0,10500,9564,17722,921,129,124,45,79,8081,9641,330,591,1.276450180,2.796073336,32.067368757,149.929641199,nan,nan,nan,nan,nan,0.000000000,3.879418015,2.985209983,0.015119964,0.046294997,3.116108011,0,0.400000000
332.800061703,19968,2634,0,10510,9458,17330,923,120,110,45,65,7876,9454,386,537,2.765630015,2.628883891,20.057257946,118.323170796,46.180486679,3,1.000000000,nan,nan,0.000000000,6.344659021,4.196887021,0.019203057,0.110640016,4.366794950,0,0.400000000
332.901292086,19968,2604,0,10695,9273,17360,915,114,107,49,58,8091,9269,418,497,2.868130010,2.559667327,27.636377421,122.845920430,5.772829056,2,0.000000000,nan,nan,0.000000000,4.471020016,2.891061013,0.012895034,0.040355022,3.001120000,0,0.400000000
333.000651360,20160,2674,0,10927,9233,17482,840,91,94,53,41,8249,9233,387,453,2.869453934,2.548405243,25.712711372,97.843363202,4.095077515,2,0.000000000,nan,nan,0.000000000,4.403415951,2.827306977,0.010581920,0.046321948,2.932769014,0,0.400000000
333.099175930,20064,2695,0,10905,9159,17365,840,79,86,44,42,8206,9159,398,442,2.968905990,2.540023297,25.147227920,123.636020759,nan,1,nan,nan,nan,0.000000000,4.244907992,2.672641072,0.009084062,0.041333027,2.769596002,0,0.400000000
333.199319124,20064,2661,0,10731,9333,17399,832,83,87,46,41,8066,9333,385,447,2.904698297,2.578055956,19.684155730,107.273976569,nan,1,nan,nan,nan,0.000000000,4.498052003,2.826732991,0.011256954,0.054490985,2.951282018,0,0.400000000
333.299280643,20064,2684,0,10669,9395,17376,838,112,98,52,46,7985,9391,395,443,2.969843345,2.566500036,24.136474699,140.828069733,4.245519638,2,0.000000000,nan,nan,0.000000000,4.707520013,2.925641020,0.012542005,0.039627950,3.047160048,0,0.400000000
333.399982452,19968,2756,0,10718,9250,17208,816,89,87,47,40,7962,9246,381,435,2.959633657,2.584480929,23.156200434,138.105169477,nan,1,nan,nan,nan,0.000000000,4.894677957,2.905352914,0.010150019,0.039097038,3.012134985,0,0.400000000
333.500367403,19968,2839,0,10699,9269,17125,828,94,91,40,51,7859,9266,377,451,2.990241743,2.540998961,22.323266696,105.004707297,nan,1,nan,nan,nan,0.000000000,4.567319003,2.800847928,0.011524011,0.038287020,2.937819983,0,0.400000000
333.599610329,19968,2808,0,10810,9158,17156,824,92,90,43,47,7998,9158,386,438,2.949248176,2.572188568,19.622334859,111.592544459,5.969047546,14,0.000000000,nan,nan,0.000000000,4.439897020,2.757499926,0.010733842,0.039873004,2.860929002,0,0.400000000
333.700988293,19488,2747,0,10519,8969,16737,825,103,100,50,50,7768,8969,383,442,2.999275686,2.527077434,22.873026186,111.314146925,nan,1,nan,nan,nan,0.000000000,4.861800000,3.199746017,0.012694974,0.047376030,3.335713991,0,0.400000000
333.899080038,20064,2883,0,10857,9207,17177,830,94,100,50,50,7970,9207,385,445,2.979652333,2.549233049,24.879911444,132.350284962,5.387544632,2,0.000000000,nan,nan,0.000000000,4.427339009,2.775696979,0.010967895,0.059716986,2.886465983,0,0.400000000
333.999385595,19968,2812,0,10820,9148,17177,830,101,91,44,47,7970,9207,385,445,2.979652333,2.549233049,21.102273886,136.288108306,nan,nan,nan,nan,nan,0.000000000,3.441973007,2.647109039,0.010374992,0.033786986,2.748733037,0,0.400000000
334.099176407,20064,3085,0,10720,9344,16975,838,84,85,40,45,7635,9340,390,448,2.965865729,2.574598400,22.832048784,70.661833600,4.307508469,2,0.000000000,nan,nan,0.000000000,4.240143986,2.688640088,0.009284937,0.059696962,2.792254032,0,0.400000000
334.199135780,19968,3031,0,10833,9135,16975,838,94,99,47,52,7635,9340,390,448,2.965865729,2.574598400,26.820090693,120.417017126,nan,nan,nan,nan,nan,0.000000000,3.426988027,2.652262046,0.010466028,0.049440016,2.756070986,0,0.400000000
334.299262762,19968,3319,0,10897,9071,16645,826,99,89,41,48,7716,8929,372,454,2.966745232,2.597434541,24.762039439,87.751002033,nan,1,nan,nan,nan,0.000000000,6.542927003,4.043625027,0.013189972,0.056393968,4.220582952,0,0.400000000
334.399758101,20064,3229,0,10926,9138,16645,826,96,102,48,54,7716,8929,372,454,2.966745232,2.597434541,27.673779737,88.943264639,nan,nan,nan,nan,nan,0.000000000,3.418221022,2.623304026,0.010738091,0.036979036,2.726491017,0,0.400000000
334.499345779,19968,3349,0,10982,8986,16615,807,93,87,36,51,7780,8835,351,456,2.976290834,2.591834987,24.635296803,96.461766392,5.923509598,2,0.000000000,nan,nan,0.000000000,4.148240958,2.636742021,0.010103045,0.049302995,2.738642972,0,0.400000000
334.599293232,19584,3146,0,10746,8838,16434,813,90,88,46,42,7727,8707,372,441,3.020734607,2.603286876,22.669034566,117.461895884,0.681638718,2,0.000000000,nan,nan,0.000000000,4.238853988,2.646202047,0.010017073,0.049014983,2.750321000,0,0.400000000
334.697302103,20448,3451,0,11280,9168,16993,803,84,93,45,48,7994,8999,358,445,2.985012533,2.593846495,27.883067995,95.032164875,nan,1,nan,nan,nan,0.000000000,4.267673998,2.635034965,0.010157004,0.053924974,2.738217998,0,0.400000000
334.799196720,19968,3229,0,10916,9052,16735,821,96,96,43,53,7826,8909,380,441,3.025227976,2.596956863,22.344693947,138.505809513,39.978027344,8,1.000000000,nan,nan,0.000000000,4.260229005,2.699865028,0.010292977,0.046556990,2.803780022,0,0.400000000
334.899060965,20064,3293,0,11022,9042,16767,795,87,90,45,45,7877,8890,374,421,3.010306011,2.602081093,21.230877940,88.171445788,69.273471832,4,1.000000000,nan,nan,0.000000000,4.341249005,2.627284965,0.010105083,0.041756022,2.731957997,0,0.400000000
334.999206781,19968,3225,0,10823,9145,16739,819,93,96,46,50,7733,9006,372,447,3.009990176,2.594351121,22.502538746,179.410491268,5.883693695,10,0.000000000,nan,nan,0.000000000,4.262307019,2.663076040,0.010382035,0.038892031,2.767405007,0,0.400000000
335.099128485,20064,3221,0,10931,9133,16839,818,87,89,44,45,7843,8996,381,437,2.984056994,2.597190500,23.182611545,118.146074255,5.784273148,2,0.000000000,nan,nan,0.000000000,4.206323007,2.698441036,0.009751995,0.039951003,2.801784023,0,0.400000000
335.199265480,19968,3127,0,10813,9155,16837,836,105,106,58,48,7815,9022,384,452,3.006107840,2.581159209,27.301045422,139.941070571,104.429006577,2,1.000000000,nan,nan,0.000000000,4.296973988,2.769241983,0.011526921,0.038811006,2.877267019,0,0.400000000
335.299839258,19968,3088,0,10895,9073,16876,836,96,95,57,38,7922,8954,387,449,2.987058249,2.609719224,23.324602394,118.473605851,49.355030060,6,1.000000000,nan,nan,0.000000000,4.382346990,2.760230971,0.010787975,0.042313011,2.863665984,0,0.400000000
335.399136305,19968,3047,0,10743,9225,16917,843,101,95,52,43,7784,9133,391,452,3.003045164,2.562917501,22.403295002,126.176944576,19.284248352,5,1.000000000,nan,nan,0.000000000,4.307194962,2.747581922,0.010906020,0.034541998,2.850427001,0,0.400000000
335.499094486,20064,2969,0,10979,9085,17091,839,92,93,49,44,8071,9020,389,450,2.986706762,2.579110283,21.765494434,110.588060788,40.055990219,5,1.000000000,nan,nan,0.000000000,4.424762039,2.727788000,0.010264979,0.041116029,2.830884012,0,0.400000000
335.599224806,19968,3010,0,10781,9187,16954,831,94,84,38,46,7775,9179,382,449,3.017859478,2.548077958,17.455416614,98.418534782,nan,1,nan,nan,nan,0.000000000,5.522073014,3.215092001,0.011017022,0.036209007,3.328307997,0,0.400000000
335.699063540,19968,2745,0,10906,9062,17219,830,106,111,50,61,8157,9062,387,443,2.990650679,2.572238802,29.233593254,113.543217671,76.111555099,8,1.000000000,nan,nan,0.000000000,6.070244010,3.650092927,0.014403020,0.052654999,3.782531014,0,0.400000000
335.799092054,20064,2819,0,10912,9152,17241,844,98,96,44,52,8089,9152,405,439,2.978158004,2.554170461,23.052274185,97.332077549,nan,1,nan,nan,nan,0.000000000,4.324648005,2.798858972,0.011107011,0.045995985,2.914259967,0,0.400000000
335.899086952,20064,2570,0,10841,9223,17490,841,97,100,46,54,8267,9223,392,449,2.984614951,2.548399303,26.256584029,88.009389525,nan,1,nan,nan,nan,0.000000000,4.515317967,2.760663047,0.010806019,0.050928036,2.864556969,0,0.400000000
335.999301672,19968,2538,0,10765,9203,17426,847,88,91,43,48,8226,9200,397,450,2.922580289,2.548683713,24.848828744,111.374257236,5.716085434,7,0.000000000,nan,nan,0.000000000,4.456728988,2.753412002,0.009879004,0.049882976,2.855066035,0,0.400000000
336.099247694,19680,2377,0,10592,9088,17426,847,96,102,52,50,8226,9200,397,450,2.922580289,2.548683713,27.100763940,148.293067654,nan,nan,nan,nan,nan,0.000000000,3.787911031,2.786752942,0.010937976,0.035338046,2.893008990,0,0.400000000
336.199187040,19968,2539,0,10862,9106,17426,847,101,102,48,54,8226,9200,397,450,2.922580289,2.548683713,27.971956645,149.612840236,nan,nan,nan,nan,nan,0.000000000,3.801979998,2.814227017,0.011469005,0.050739036,2.924467030,0,0.400000000
336.299075127,20160,2734,0,10884,9276,17426,847,99,100,50,50,8226,9200,397,450,2.922580289,2.548683713,26.782768266,153.006556051,nan,nan,nan,nan,nan,0.000000000,3.603533958,2.745296049,0.010931923,0.041457999,2.849084034,0,0.400000000
336.399238348,19872,2665,0,10810,9062,17203,837,90,98,46,52,8145,9058,401,436,2.945715759,2.586805884,26.732436614,114.832578822,nan,1,nan,nan,nan,0.000000000,5.027709994,3.059795010,0.010975054,0.045771012,3.169285017,0,0.400000000
336.500110388,20064,2631,0,10779,9285,17429,823,94,93,43,50,8148,9281,393,430,2.897979515,2.579570870,22.980499971,95.996131377,37.957191467,3,1.000000000,nan,nan,0.000000000,4.550965969,2.829978010,0.010260905,0.043489970,2.934530028,0,0.400000000
336.599347830,19872,2605,0,10783,9089,17429,823,93,92,40,52,8148,9281,393,430,2.897979515,2.579570870,24.371961842,90.255606329,nan,nan,nan,nan,nan,0.000000000,3.472313983,2.690538066,0.010439893,0.047110952,2.793709049,0,0.400000000
336.699107170,19968,2538,0,10800,9168,17426,806,92,99,43,56,8262,9164,396,410,2.867376746,2.618092609,28.716965655,102.867367401,129.636526108,3,1.000000000,nan,nan,0.000000000,4.272293008,2.643006097,0.010615971,0.034753990,2.747834020,0,0.400000000
336.799053669,20064,2576,0,10826,9238,17484,804,91,98,47,51,8250,9234,404,400,2.859705694,2.619313341,24.466348341,105.246488871,5.249261856,2,0.000000000,nan,nan,0.000000000,4.255727981,2.639040933,0.010703981,0.045705994,2.742419951,0,0.400000000
336.899681568,19872,2340,0,10793,9079,17484,804,93,93,45,48,8250,9234,404,400,2.859705694,2.619313341,25.329046884,79.634819549,nan,nan,nan,nan,nan,0.000000000,3.530219023,2.661530918,0.010395015,0.046428991,2.769927029,0,0.400000000
336.999188423,20064,2502,0,10947,9117,17558,812,106,99,52,47,8445,9113,400,412,2.822059437,2.619133127,26.957170014,96.769649349,nan,1,nan,nan,nan,0.000000000,4.232064995,2.634775010,0.011425000,0.052138988,2.743277000,0,0.400000000
337.099043131,19968,2243,0,10918,9050,17721,822,102,103,56,47,8671,9050,408,414,2.761296153,2.644784630,20.125638533,125.284134209,89.921712875,2,1.000000000,nan,nan,0.000000000,4.335410951,2.719862969,0.011363998,0.038417988,2.827573975,0,0.400000000
337.199063540,19968,2286,0,10778,9190,17678,812,108,106,52,54,8488,9190,393,419,2.830270512,2.591130334,25.018166122,108.457092283,29.842853546,2,1.000000000,nan,nan,0.000000000,4.436169984,2.810439968,0.011952012,0.040390994,2.923379012,0,0.400000000
337.299046755,19680,2156,0,10635,9045,17520,820,106,109,61,48,8475,9045,409,411,2.758958756,2.621987238,26.565218717,108.459966565,nan,1,nan,nan,nan,0.000000000,4.292062018,2.686244959,0.011782045,0.037605001,2.792184008,0,0.400000000
337.397355795,20352,2235,0,11117,9235,18113,823,113,106,50,56,8878,9235,403,420,2.822777067,2.585024899,22.311378166,106.971126005,nan,1,nan,nan,nan,0.000000000,5.806513014,3.556167008,0.014961930,0.056607008,3.690505982,0,0.400000000
337.499152899,19968,2107,0,10824,9144,18113,823,105,108,52,56,8878,9235,403,420,2.822777067,2.585024899,25.943604458,120.348652299,nan,nan,nan,nan,nan,0.000000000,3.707181022,2.784675977,0.012633973,0.035199977,2.903644985,0,0.400000000
337.599166632,19776,2185,0,10635,9141,18113,823,108,104,50,54,8878,9235,403,420,2.822777067,2.585024899,23.989300974,120.783105075,nan,nan,nan,nan,nan,0.000000000,3.416923981,2.636190038,0.011533033,0.032898039,2.739662013,0,0.400000000
337.697888136,20064,2026,0,10796,9268,18034,848,83,90,43,47,8766,9268,421,427,2.646729032,2.577193923,27.887032066,104.437545562,nan,1,nan,nan,nan,0.000000000,4.586106981,2.914440003,0.010179006,0.060866005,3.029835992,0,0.400000000
337.799140930,19968,2146,0,10692,9276,17818,844,87,84,36,48,8546,9272,413,431,2.652540169,2.549401212,22.749711885,109.366158703,nan,1,nan,nan,nan,0.000000000,4.768521001,3.131631005,0.011508004,0.058562960,3.248762980,0,0.400000000
337.899037838,19872,1981,0,10736,9136,17818,844,90,91,39,52,8546,9272,413,431,2.652540169,2.549401212,22.688837996,107.806170937,nan,nan,nan,nan,nan,0.000000000,3.564296989,2.761882031,0.010002928,0.047581969,2.872349985,0,0.400000000
337.999073982,19872,2035,0,10693,9179,17833,850,110,109,53,56,8658,9175,404,446,2.581286510,2.532284953,24.935969061,132.300251442,3.385543823,2,0.000000000,nan,nan,0.000000000,4.878046981,2.909128030,0.012105971,0.042168016,3.018895979,0,0.400000000
338.099045515,19968,1973,0,10726,9242,17991,829,100,112,53,59,8753,9238,400,429,2.597636120,2.553462029,26.948303809,140.575918012,70.207118988,6,1.000000000,nan,nan,0.000000000,4.327223985,2.736875962,0.011696946,0.041564985,2.844724979,0,0.400000000
338.199187756,19968,2140,0,10795,9173,17824,817,96,91,48,43,8655,9169,403,414,2.567297892,2.557646752,25.929623753,71.121505657,4.277467728,2,0.000000000,nan,nan,0.000000000,4.211905994,2.648013935,0.010300078,0.051000970,2.752595989,0,0.400000000
338.299491644,19968,2036,0,10781,9187,17824,817,89,89,46,43,8655,9169,403,414,2.567297892,2.557646752,23.677310218,64.191594302,nan,nan,nan,nan,nan,0.000000000,3.381135000,2.623240987,0.009812997,0.036331010,2.722801000,0,0.400000000
338.399092197,20064,2347,0,11071,8993,17713,832,97,97,46,51,8722,8991,404,428,2.511635877,2.523260008,24.292588930,106.764779047,3.414869308,2,0.000000000,nan,nan,0.000000000,4.384561966,2.691522997,0.010423013,0.043263950,2.799695008,0,0.400000000
338.499179125,19680,2045,0,10608,9072,17631,824,105,107,54,53,8559,9072,400,424,2.564819068,2.528165486,26.075110263,116.330942763,nan,1,nan,nan,nan,0.000000000,5.295137991,3.156623046,0.013871060,0.060358958,3.291252011,0,0.400000000
338.598825455,20256,2328,0,11384,8872,17924,823,89,91,51,40,9052,8872,410,413,2.496784857,2.541315420,23.599975870,78.903507499,19.993066788,2,1.000000000,nan,nan,0.000000000,4.590625991,2.724411024,0.010189950,0.045052031,2.830087033,0,0.400000000
338.699108839,20064,2233,0,10991,9073,17827,818,87,92,48,44,8754,9073,409,409,2.572685948,2.536710076,22.204442663,78.557892565,5.630016327,2,0.000000000,nan,nan,0.000000000,4.385989974,2.765538055,0.010219985,0.042953994,2.874052967,0,0.400000000
338.799183130,19968,2340,0,11083,8885,17827,818,97,97,49,48,8754,9073,409,409,2.572685948,2.536710076,22.321460965,84.047887264,nan,nan,nan,nan,nan,0.000000000,3.841423022,2.828599012,0.010724994,0.043576991,2.936572011,0,0.400000000
338.899154186,19968,2310,0,10911,9057,17654,829,102,92,51,41,8601,9053,429,400,2.493278997,2.512049711,23.901146615,86.963985103,nan,1,nan,nan,nan,0.000000000,4.448127991,2.750392945,0.010675925,0.038551982,2.857601969,0,0.400000000
338.999157429,19968,2273,0,11126,8842,17691,816,86,93,53,40,8853,8838,426,390,2.349274249,2.558671033,21.124323329,80.831693799,nan,1,nan,nan,nan,0.000000000,4.289313045,2.650146955,0.009881973,0.035497011,2.753749024,0,0.400000000
339.099130869,20064,2394,0,10989,9075,17666,820,94,93,48,45,8595,9071,423,397,2.496235778,2.530121311,24.493743573,96.210579147,79.979658127,3,1.000000000,nan,nan,0.000000000,5.991921003,3.492034040,0.012099044,0.039970037,3.617406997,0,0.400000000
339.199105024,19392,2169,0,11044,8348,17666,820,86,87,46,41,8595,9071,423,397,2.496235778,2.530121311,23.754223004,84.193201321,nan,nan,nan,nan,nan,0.000000000,3.616474976,2.685501997,0.009593030,0.044575019,2.792616957,0,0.400000000
339.399045229,19584,2298,0,11005,8579,17282,854,98,105,49,56,8703,8579,442,412,2.466898681,2.527779345,24.348934207,107.908545375,50.667285919,11,1.000000000,nan,nan,0.000000000,4.408592999,2.800464048,0.011100026,0.038061000,2.905944013,0,0.400000000
339.498728037,20544,2488,0,11645,8899,18052,869,99,90,50,40,9157,8895,452,417,2.478578534,2.512129359,22.562781927,104.494061920,nan,1,nan,nan,nan,0.000000000,4.599053005,2.951432019,0.010882097,0.033486984,3.070511040,0,0.400000000
339.599161625,19968,2443,0,11361,8607,17521,817,104,99,53,46,8914,8607,426,391,2.413542595,2.512434707,26.030915044,139.038467445,nan,1,nan,nan,nan,0.000000000,4.305259965,2.700722020,0.011259981,0.035189965,2.808119985,0,0.400000000
339.699079990,20064,2444,0,11163,8901,17616,810,103,102,52,50,8719,8897,424,386,2.475172154,2.422145763,25.966792244,118.111396519,16.260862350,4,1.000000000,nan,nan,0.000000000,4.950719012,2.872943005,0.011787051,0.037775026,2.987326006,0,0.400000000
339.799179077,19968,2532,0,11377,8591,17432,812,98,97,48,49,8845,8587,423,389,2.482558909,2.469570078,25.426238359,110.710467262,20.619153976,2,1.000000000,nan,nan,0.000000000,5.549055990,3.538835968,0.013406971,0.033284945,3.672886989,0,0.400000000
339.899809837,20064,2574,0,11353,8711,17432,812,105,103,49,54,8845,8587,423,389,2.482558909,2.469570078,26.391189854,114.336823519,nan,nan,nan,nan,nan,0.000000000,5.194234953,3.960801987,0.014863035,0.045721012,4.134091956,0,0.400000000
339.999134302,19968,2642,0,11447,8521,17432,812,104,103,49,54,8845,8587,423,389,2.482558909,2.469570078,26.692831005,109.286462029,nan,nan,nan,nan,nan,0.000000000,3.413430997,2.638481034,0.011341937,0.029490970,2.743086021,0,0.400000000
340.099008322,19392,2607,0,11423,7969,17432,812,103,101,48,53,8845,8587,423,389,2.482558909,2.469570078,25.906231874,109.773956815,nan,nan,nan,nan,nan,0.000000000,3.472001990,2.687875996,0.011820928,0.036725018,2.795456967,0,0.400000000
340.198812485,20736,2805,0,11905,8831,17927,802,105,109,55,54,9099,8828,442,360,2.452629044,2.364223272,25.424307433,133.887536662,nan,1,nan,nan,nan,0.000000000,7.502365974,4.712379945,0.020529958,0.063918997,4.897999985,0,0.400000000
340.300254583,19968,2653,0,11637,8331,17311,806,93,89,52,37,8980,8331,450,356,2.488565685,2.379936735,20.166599577,92.963666008,77.080726624,2,1.000000000,nan,nan,0.000000000,4.480769043,2.769104030,0.010527961,0.035991019,2.875756007,0,0.400000000
340.499275208,19968,2670,0,11700,8268,17294,801,95,90,49,41,9030,8264,457,344,2.483399337,2.352909464,22.900119245,96.942107484,74.514865875,4,1.000000000,nan,nan,0.000000000,5.777905986,3.913685970,0.015946978,0.074368028,4.074371012,0,0.400000000
340.600206137,20256,2966,0,11711,8545,17294,801,90,91,52,39,9030,8264,457,344,2.483399337,2.352909464,22.304503699,96.418279732,nan,nan,nan,nan,nan,0.000000000,3.626403981,2.681557904,0.010197051,0.035342004,2.788278041,0,0.400000000
340.699204445,19968,2705,0,11877,8091,17259,800,88,82,51,31,9172,8087,468,332,2.487930967,2.318202148,19.752023708,94.376087325,55.439949036,4,1.000000000,nan,nan,0.000000000,6.022518966,3.547106986,0.011891068,0.056584016,3.672129998,0,0.400000000
340.799161673,19968,2756,0,11811,8157,17259,800,86,86,51,35,9172,8087,468,332,2.487930967,2.318202148,22.122508681,87.919264638,nan,nan,nan,nan,nan,0.000000000,3.530084970,2.713528986,0.009896059,0.037972990,2.829395991,0,0.400000000
340.898618460,20160,2806,0,11942,8218,17350,802,75,73,43,30,9160,8190,468,334,2.508667945,2.277802963,14.423171681,90.012221865,49.794197083,3,1.000000000,nan,nan,0.000000000,4.273343016,2.693668008,0.008361007,0.037660997,2.792714979,0,0.400000000
340.999487877,20256,3201,0,12303,7953,17051,782,73,81,45,36,9148,7903,455,327,2.509282202,2.217883949,17.266389181,84.767443138,39.128303528,3,1.000000000,nan,nan,0.000000000,4.970112990,2.819932939,0.008756004,0.039053964,2.922757994,0,0.400000000
341.100124598,19488,2558,0,11495,7993,16926,778,90,94,53,41,8990,7936,479,299,2.549712876,2.176277558,23.445696731,83.309286370,20.159959793,3,1.000000000,nan,nan,0.000000000,4.446553008,2.740552998,0.010888965,0.044610992,2.868302981,0,0.400000000
341.199023485,20160,3489,0,12572,7588,16926,778,89,85,47,38,8990,7936,479,299,2.549712876,2.176277558,20.766979036,83.182559271,nan,nan,nan,nan,nan,0.000000000,3.417671018,2.602463937,0.009886979,0.032879994,2.703342994,0,0.400000000
341.299100399,19968,3367,0,12149,7819,16926,778,84,84,45,39,8990,7936,479,299,2.549712876,2.176277558,20.314334221,80.022827724,nan,nan,nan,nan,nan,0.000000000,3.374065971,2.560093941,0.009024981,0.031750009,2.658782003,0,0.400000000
341.399313450,20064,3680,0,12494,7570,16380,739,89,84,49,35,8883,7497,450,289,2.573687830,2.076339079,18.963091656,109.622365217,4.537343979,2,0.000000000,nan,nan,0.000000000,3.965632990,2.490241954,0.009928015,0.043630018,2.591946977,0,0.400000000
341.498985767,20064,3653,0,12374,7690,16407,744,91,96,56,40,8796,7611,451,293,2.552620860,2.073210546,21.684534404,98.112805911,60.933828354,4,1.000000000,nan,nan,0.000000000,4.033808014,2.503788972,0.010684947,0.035904988,2.608734998,0,0.400000000
341.599154949,19968,3640,0,12432,7536,16324,756,98,101,65,36,8864,7460,472,284,2.544708315,2.104107035,22.204462596,121.297794606,60.283422470,4,1.000000000,nan,nan,0.000000000,4.594072001,2.931722964,0.011423021,0.032464974,3.043217002,0,0.400000000
341.699242115,20064,3722,0,12550,7514,16338,756,88,84,51,33,8901,7437,470,286,2.524670476,2.060672505,20.774491905,89.779744894,24.133443832,3,1.000000000,nan,nan,0.000000000,4.027100047,2.554185980,0.009816024,0.045955996,2.658119949,0,0.400000000
341.799269438,19968,3631,0,12452,7516,16333,758,92,97,57,40,8886,7447,464,294,2.535997952,2.088251186,21.635606115,127.670658837,nan,1,nan,nan,nan,0.000000000,8.644004993,4.929409828,0.018023013,0.055496988,5.109039019,0,0.400000000
341.899287939,19968,3765,0,12603,7365,16199,760,99,96,59,37,8902,7297,473,287,2.534254699,2.099060293,18.676558781,117.279203445,nan,1,nan,nan,nan,0.000000000,4.253895022,2.636873978,0.010881922,0.032128009,2.742611978,0,0.400000000
341.999137163,20064,3686,0,12574,7490,16374,746,93,90,54,36,8951,7423,459,287,2.589016970,2.140598342,17.399319163,89.783603707,4.544019699,2,0.000000000,nan,nan,0.000000000,5.870000983,3.336061083,0.013436016,0.039470964,3.464880050,0,0.400000000
342.099081039,20064,3825,0,12756,7308,16374,746,87,87,55,32,8951,7423,459,287,2.589016970,2.140598342,17.174080219,87.611170073,nan,nan,nan,nan,nan,0.000000000,3.247804998,2.503032039,0.009359908,0.042236992,2.603596018,0,0.400000000
342.199087381,19488,3698,0,12083,7405,15786,742,83,81,56,25,8450,7336,458,284,2.542962238,2.193256119,18.342338782,94.720031642,7.669210434,8,0.000000000,nan,nan,0.000000000,4.119950987,2.498297021,0.009074982,0.048397982,2.596400969,0,0.400000000
342.300471306,20544,3869,0,13116,7428,16671,756,80,83,56,27,9314,7357,477,279,2.525727656,1.867300475,18.324777206,98.261507721,59.324741364,3,1.000000000,nan,nan,0.000000000,4.495039000,2.616438956,0.009233016,0.052598014,2.720001969,0,0.400000000
342.399148941,19680,3756,0,12441,7239,15920,735,78,74,54,20,8756,7164,456,279,2.555501913,1.793122684,15.727657442,60.127389883,32.667160034,6,1.000000000,nan,nan,0.000000000,4.148982989,2.511226048,0.009004027,0.056792982,2.612014010,0,0.400000000
342.498031616,20352,3999,0,12928,7424,15920,735,74,73,50,23,8756,7164,456,279,2.555501913,1.793122684,13.778842395,73.607980601,nan,nan,nan,nan,nan,0.000000000,3.265060019,2.467441023,0.008466013,0.035935023,2.562167996,0,0.400000000
342.599099398,19872,3771,0,12464,7408,15920,735,75,74,50,24,8756,7164,456,279,2.555501913,1.793122684,14.054565148,79.815845243,nan,nan,nan,nan,nan,0.000000000,3.360471979,2.542616101,0.008910021,0.035510981,2.648469992,0,0.400000000
342.699084759,20064,3791,0,12829,7235,15920,735,73,73,50,23,8756,7164,456,279,2.555501913,1.793122684,14.012860777,79.753833683,nan,nan,nan,nan,nan,0.000000000,3.878456948,2.950349008,0.009871961,0.047567999,3.078637994,0,0.400000000
342.799131393,19968,3851,0,12664,7304,16113,734,80,74,50,24,8884,7229,455,279,2.524562478,1.678815377,11.011553001,100.075141308,151.749849319,6,1.000000000,nan,nan,0.000000000,3.969457000,2.496163012,0.008967065,0.044021988,2.594991995,0,0.400000000
342.899101496,19968,3843,0,12636,7332,16121,741,83,72,54,18,8952,7169,472,269,2.506954522,1.713421709,18.255983439,88.310901644,nan,1,nan,nan,nan,0.000000000,4.170032975,2.585178998,0.009118987,0.052902964,2.689611982,0,0.400000000
342.999141932,19968,3719,0,12554,7414,16245,718,66,68,46,22,8914,7331,467,251,2.533256171,1.659569470,13.945246239,88.840694981,36.161184311,4,1.000000000,nan,nan,0.000000000,4.097152036,2.491606050,0.008197094,0.040451006,2.592712990,0,0.400000000
343.099163532,20064,3878,0,12750,7314,16182,706,72,72,52,20,8943,7239,473,233,2.515720448,1.657165614,13.375019555,119.668609690,20.024299622,3,1.000000000,nan,nan,0.000000000,3.984025039,2.453168039,0.008706993,0.057429017,2.556620049,0,0.400000000
343.199105978,19968,3802,0,12549,7419,16162,702,82,77,47,30,8812,7350,459,243,2.509300471,1.665291286,15.204798586,97.433415673,34.453868866,3,1.000000000,nan,nan,0.000000000,3.792209027,2.356075973,0.009042036,0.042686006,2.460430027,0,0.400000000
343.299166203,19968,3938,0,12668,7300,16026,702,87,85,57,28,8799,7227,461,241,2.496523236,1.683679254,15.758655109,87.656438999,1.796483994,2,0.000000000,nan,nan,0.000000000,4.018915992,2.425768937,0.010248099,0.037907041,2.536484972,0,0.400000000
343.399076223,19968,3769,0,12515,7453,16195,716,78,91,60,31,8816,7379,475,241,2.492228040,1.675139702,16.497938810,100.933325977,4.181861877,2,0.000000000,nan,nan,0.000000000,4.031435994,2.445149061,0.009770098,0.034257013,2.562300011,0,0.400000000
343.499055624,20064,4062,0,12766,7298,15998,696,77,81,60,21,8779,7219,459,237,2.503073529,1.700171179,16.969856614,124.231497694,24.308681488,2,1.000000000,nan,nan,0.000000000,4.016011022,2.458602074,0.009539945,0.034941942,2.565732982,0,0.400000000
343.599103451,20064,3762,0,12702,7362,16298,695,76,77,54,23,9016,7282,467,228,2.491908089,1.685055905,14.741875279,97.300487726,120.373010635,5,1.000000000,nan,nan,0.000000000,3.899450006,2.332728007,0.009150070,0.031543022,2.431697969,0,0.400000000
343.699113846,19488,3883,0,12413,7075,15601,703,101,97,68,29,8607,6994,468,235,2.515183878,1.695386034,17.762653535,135.493678806,6.318807602,2,0.000000000,nan,nan,0.000000000,3.865398001,2.355333010,0.010956021,0.032369979,2.461417986,0,0.400000000
343.799083710,20064,3803,0,12692,7372,16257,695,71,90,61,29,8965,7292,463,232,2.483077321,1.735516438,16.457918670,80.268563744,nan,1,nan,nan,nan,0.000000000,3.908417013,2.334791934,0.009330979,0.032257987,2.437015006,0,0.400000000
343.900647640,20256,3900,0,12900,7356,16352,689,97,88,60,28,9070,7282,458,231,2.536978169,1.739238960,18.672104594,109.575655542,29.666900635,4,1.000000000,nan,nan,0.000000000,3.848640015,2.332328993,0.010637043,0.041003979,2.435711038,0,0.400000000
343.998987436,20064,3651,0,12764,7300,16409,695,72,76,53,23,9193,7216,468,227,2.508933922,1.785909197,17.256842294,87.434857528,nan,1,nan,nan,nan,0.000000000,5.435783009,3.164056048,0.010435993,0.043754990,3.288514970,0,0.400000000
344.099157333,19584,3750,0,12145,7439,16409,695,87,87,58,29,9193,7216,468,227,2.508933922,1.785909197,17.893795428,80.689558249,nan,nan,nan,nan,nan,0.000000000,5.161069043,4.043339926,0.018366962,0.056299032,4.238991998,0,0.400000000
344.199509382,20448,3687,0,12911,7537,16757,715,85,91,58,33,9296,7461,479,236,2.545261975,1.771481045,16.112693868,98.242964873,65.304994583,8,1.000000000,nan,nan,0.000000000,3.912954999,2.378870966,0.009486044,0.032868993,2.479796007,0,0.400000000
344.299137115,19968,3733,0,12447,7521,16231,699,79,78,58,20,8791,7440,462,237,2.523217125,1.750703281,17.978052307,60.309257094,66.414594650,3,1.000000000,nan,nan,0.000000000,3.991857986,2.344748005,0.008688017,0.038387021,2.442746016,0,0.400000000
344.399082422,19872,3576,0,12458,7414,16292,706,94,95,61,34,8962,7330,467,239,2.503558480,1.777493602,19.087371815,103.826585704,5.713462830,2,0.000000000,nan,nan,0.000000000,4.333910008,2.345721005,0.010335993,0.038883998,2.454625966,0,0.400000000
344.499116421,20064,3946,0,12645,7419,16114,697,91,90,55,35,8771,7343,458,239,2.516934913,1.682207185,23.042562125,96.505071928,6.236553192,3,0.000000000,nan,nan,0.000000000,4.036675964,2.394169918,0.011080992,0.057468016,2.509350015,0,0.400000000
344.600362301,20064,3740,0,12676,7388,16114,697,89,83,52,31,8771,7343,458,239,2.516934913,1.682207185,20.086579574,82.585911128,nan,nan,nan,nan,nan,0.000000000,3.069830011,2.273967024,0.009602925,0.043762033,2.372151008,0,0.400000000
344.699080944,19968,3802,0,12613,7355,16162,692,86,92,59,33,8877,7285,446,246,2.511410380,1.667378228,22.645651019,123.885813917,100.085735321,6,1.000000000,nan,nan,0.000000000,3.862968006,2.345199056,0.010352989,0.037960010,2.461305005,0,0.400000000
344.799097061,19968,3825,0,12717,7251,16139,698,81,92,66,26,8958,7181,462,236,2.518748411,1.674979715,19.899124773,123.871907852,5.417346954,5,0.000000000,nan,nan,0.000000000,3.788754984,2.290081000,0.009591982,0.041768013,2.392094990,0,0.400000000
344.899068594,20064,4042,0,12940,7124,16139,698,89,92,64,28,8958,7181,462,236,2.518748411,1.674979715,19.898009235,108.086049029,nan,nan,nan,nan,nan,0.000000000,3.056871996,2.263600996,0.010651012,0.036019017,2.368893998,0,0.400000000
344.999070406,19968,3988,0,12831,7137,15976,719,79,86,58,28,8903,7073,466,253,2.541746384,1.609356721,17.611901401,88.201141329,5.905389786,2,0.000000000,nan,nan,0.000000000,3.842044040,2.377099881,0.009492040,0.061004015,2.478348033,0,0.400000000
345.098969698,20064,3911,0,12738,7326,16149,702,99,102,63,39,8891,7258,455,247,2.522322130,1.563106511,23.308288746,133.671458391,4.187822342,2,0.000000000,nan,nan,0.000000000,3.878003976,2.333345008,0.010986871,0.065939035,2.437631018,0,0.400000000
345.199001312,19488,3949,0,12383,7105,16149,702,95,96,57,39,8891,7258,455,247,2.522322130,1.563106511,24.436733635,118.650305155,nan,nan,nan,nan,nan,0.000000000,3.142561007,2.300441032,0.010405027,0.031645002,2.401663980,0,0.400000000
345.299158335,20544,3813,0,12929,7615,16149,702,98,96,58,38,8891,7258,455,247,2.522322130,1.563106511,22.768164338,115.993813755,nan,nan,nan,nan,nan,0.000000000,3.113501007,2.355788019,0.011012948,0.028501032,2.469512983,0,0.400000000
345.402294874,19968,4049,0,12726,7242,15915,717,90,89,60,29,8749,7166,463,254,2.576137158,1.590028151,18.051505596,103.798953359,7.001161575,3,0.000000000,nan,nan,0.000000000,3.912387008,2.364428015,0.009787967,0.043330016,2.466676000,0,0.400000000
345.498986721,20064,3687,0,12688,7376,15915,717,85,84,53,31,8749,7166,463,254,2.576137158,1.590028151,14.340211010,108.652523397,nan,nan,nan,nan,nan,0.000000000,3.135389998,2.372686984,0.009123061,0.039317994,2.472388034,0,0.400000000
345.699107647,20064,3550,0,12703,7361,16510,708,82,79,50,29,9226,7284,467,241,2.513136710,1.614961622,18.331537543,82.904026292,100.283861160,8,1.000000000,nan,nan,0.000000000,3.831609967,2.322356973,0.009326031,0.038518978,2.421519021,0,0.400000000
345.799082041,20064,3906,0,12752,7312,16154,725,84,83,50,33,8915,7239,465,260,2.563519048,1.567517118,18.232561498,87.650182380,3.787040710,2,0.000000000,nan,nan,0.000000000,3.807022003,2.375271986,0.009374053,0.040007988,2.475500980,0,0.400000000
345.899213076,19968,3427,0,12431,7537,16537,740,86,90,51,39,9076,7461,470,270,2.543253357,1.612654360,20.509216868,101.307705487,4.140853882,2,0.000000000,nan,nan,0.000000000,4.038023995,2.447205072,0.009594951,0.039801991,2.550124016,0,0.400000000
346.001225471,19968,3683,0,12734,7234,16537,740,85,87,50,37,9076,7461,470,270,2.543253357,1.612654360,19.459022467,109.653470836,nan,nan,nan,nan,nan,0.000000000,3.378744994,2.470995008,0.009877956,0.034875993,2.582392015,0,0.400000000
346.099061012,19872,3427,0,12442,7430,16441,745,89,87,55,32,9088,7353,467,278,2.540437236,1.665987672,20.087933517,111.739529539,29.926538467,3,1.000000000,nan,nan,0.000000000,3.966210992,2.483767981,0.009601994,0.031617004,2.585438022,0,0.400000000
346.200873613,19968,3885,0,12885,7083,16441,745,87,88,56,32,9088,7353,467,278,2.540437236,1.665987672,19.934950715,104.219883764,nan,nan,nan,nan,nan,0.000000000,3.643802018,2.843906987,0.011743978,0.039106002,2.967807988,0,0.400000000
346.299397230,20064,3865,0,12617,7447,16195,739,90,93,58,35,8828,7367,450,289,2.581800528,1.791129789,23.400612289,103.299328082,60.165166855,5,1.000000000,nan,nan,0.000000000,3.972798004,2.479622955,0.010205957,0.037816004,2.582165005,0,0.400000000
346.499015093,20064,4374,0,12843,7221,15686,723,75,77,51,26,8792,6894,451,272,2.550273174,1.858998673,19.369047845,80.131691381,nan,1,nan,nan,nan,0.000000000,3.877946001,2.460663090,0.009419047,0.028097013,2.572930011,0,0.400000000
346.599097729,20064,4679,0,13144,6920,15381,727,85,81,53,28,8936,6445,468,259,2.525847370,1.947275542,19.817206323,110.921183938,6.605625153,2,0.000000000,nan,nan,0.000000000,3.849177971,2.470134001,0.009663054,0.050442002,2.575944993,0,0.400000000
346.699062109,19968,4984,0,13294,6674,14980,711,91,90,55,35,8844,6136,464,247,2.535625136,1.788665124,23.746511075,94.650528623,nan,1,nan,nan,nan,0.000000000,3.968220961,2.342816035,0.010030111,0.030926021,2.446348022,0,0.400000000
346.800535679,19968,5164,0,13450,6518,14800,704,78,88,51,37,8912,5888,467,237,2.532981544,1.801851880,20.100375586,110.614362559,49.992084503,9,1.000000000,nan,nan,0.000000000,3.763829998,2.303297049,0.009382959,0.028205977,2.408446977,0,0.400000000
346.898968458,20064,5476,0,13708,6356,14584,692,86,96,65,31,8990,5594,471,221,2.555925512,1.789142487,24.793905552,97.201959584,6.526231766,18,0.000000000,nan,nan,0.000000000,5.223942979,3.415754996,0.016289006,0.080530997,3.577474039,0,0.400000000
346.999076843,19968,5530,0,13501,6467,14434,695,82,83,53,30,8883,5551,467,228,2.554093592,1.861060717,18.950279805,103.529740564,7.638216019,22,0.000000000,nan,nan,0.000000000,3.831191978,2.294356003,0.011019933,0.039593026,2.403519000,0,0.400000000
347.099097013,20064,5696,0,13705,6359,14364,697,89,94,57,37,8989,5375,472,225,2.518615094,1.773344909,22.293356335,101.225397774,9.724378586,18,0.000000000,nan,nan,0.000000000,3.638071008,2.212824009,0.009967131,0.029163028,2.313995967,0,0.400000000
347.199084759,19872,5680,0,13431,6441,14188,684,90,89,58,31,8783,5405,465,219,2.561794927,1.940355947,19.955288851,104.462687232,6.219625473,12,0.000000000,nan,nan,0.000000000,3.728708019,2.246649994,0.009870913,0.030314026,2.349736984,0,0.400000000
347.399084806,19968,5759,0,13446,6522,14205,689,93,86,56,30,8767,5438,464,225,2.549052550,1.904547336,17.732186348,106.407794500,80.003261566,11,1.000000000,nan,nan,0.000000000,3.709446988,2.241494018,0.010051008,0.030725030,2.343891014,0,0.400000000
347.499041319,19968,5734,0,13593,6375,14205,689,87,88,53,35,8767,5438,464,225,2.549052550,1.904547336,18.890757498,102.010385124,nan,nan,nan,nan,nan,0.000000000,2.954322961,2.217647037,0.009675976,0.026558992,2.317623002,0,0.400000000
347.599454641,19968,5789,0,13457,6511,14175,690,99,93,55,38,8775,5400,460,230,2.522746584,1.892186148,19.547535650,77.719686466,41.553497314,9,1.000000000,nan,nan,0.000000000,3.865697014,2.324333065,0.010917895,0.040546001,2.434246999,0,0.400000000
347.699433088,19968,5758,0,13606,6362,14206,684,93,90,60,30,9030,5176,465,219,2.495245870,1.953422675,20.279224841,106.852695719,nan,1,nan,nan,nan,0.000000000,4.580692970,2.994860930,0.014625955,0.071083021,3.140743996,0,0.400000000
347.798916578,20064,5808,0,13673,6391,14252,683,95,99,60,39,8978,5274,453,230,2.501898024,1.881290528,22.011865153,107.609290268,15.874385834,30,1.000000000,nan,nan,0.000000000,4.145839019,2.355011937,0.011121039,0.028496026,2.470812993,0,0.400000000
347.898959637,20064,5824,0,13708,6356,14236,692,80,86,57,29,9065,5171,471,221,2.525889446,1.966939299,22.215557875,80.476681764,6.419420242,20,0.000000000,nan,nan,0.000000000,3.614942019,2.205862955,0.009358919,0.031925039,2.303274989,0,0.400000000
347.999108553,19968,5834,0,13608,6360,14130,698,83,82,51,31,8886,5244,465,233,2.531399209,1.896109817,18.937415347,93.080319330,8.169174194,22,0.000000000,nan,nan,0.000000000,3.563706996,2.207014011,0.008905947,0.026643975,2.302467998,0,0.400000000
348.099148273,19872,5912,0,13543,6329,13956,693,92,90,52,38,8841,5115,466,227,2.497364547,1.974558442,21.324779588,94.281510571,6.318569183,2,0.000000000,nan,nan,0.000000000,3.622844000,2.211457060,0.009825046,0.027410046,2.310138021,0,0.400000000
348.201547623,19872,5861,0,13497,6375,14007,693,89,89,56,33,8802,5205,464,229,2.506674391,1.829444179,21.611792932,96.250095428,7.939338684,20,0.000000000,nan,nan,0.000000000,3.677948960,2.243453986,0.009674055,0.046480971,2.345920948,0,0.400000000
348.299602747,19872,5968,0,13557,6315,13900,682,97,93,62,31,8813,5087,463,219,2.489186853,1.926861411,22.697447715,122.177719241,6.268501282,13,0.000000000,nan,nan,0.000000000,3.617733018,2.240148897,0.023953035,0.025839021,2.359805047,0,0.400000000
348.399316788,20352,6202,0,13802,6550,13900,682,98,100,65,35,8813,5087,463,219,2.489186853,1.926861411,25.349527093,124.887649184,nan,nan,nan,nan,nan,0.000000000,3.582742997,2.813032013,0.015648024,0.036975020,2.955442993,0,0.400000000
348.498950958,19968,6081,0,13639,6329,13883,693,86,87,54,33,8765,5118,460,233,2.501926155,1.972537211,18.216514906,96.779968770,nan,1,nan,nan,nan,0.000000000,3.565779014,2.260714944,0.009407056,0.028157956,2.361535968,0,0.400000000
348.598923206,20064,5862,0,13644,6420,14198,696,92,79,43,36,8997,5201,473,223,2.493137410,1.898713492,19.058463901,82.822567273,18.918275833,3,1.000000000,nan,nan,0.000000000,3.578069038,2.248909092,0.009938958,0.032707001,2.349097980,0,0.400000000
348.699164152,19968,6052,0,13692,6276,14198,696,83,82,51,31,8997,5201,473,223,2.493137410,1.898713492,18.781709364,81.192920836,nan,nan,nan,nan,nan,0.000000000,3.533649025,2.627993003,0.010106945,0.029526011,2.736846975,0,0.400000000
348.799262047,20064,5840,0,13746,6318,14220,679,91,89,52,37,9102,5118,459,220,2.524660145,1.954342985,20.106512084,92.426091002,127.101659775,2,1.000000000,nan,nan,0.000000000,3.497564991,2.206137986,0.009883021,0.030056981,2.306943003,0,0.400000000
348.899184227,19968,6036,0,13714,6254,14220,679,88,87,50,37,9102,5118,459,220,2.524660145,1.954342985,18.612259217,77.538883056,nan,nan,nan,nan,nan,0.000000000,2.869302989,2.190550964,0.009712938,0.035481993,2.295033948,0,0.400000000
348.999093533,19200,5738,0,13025,6175,13458,696,90,88,53,35,8494,4964,469,227,2.421197668,1.877817924,20.397030449,111.971140082,19.725322723,9,1.000000000,nan,nan,0.000000000,3.581201017,2.276575018,0.009751995,0.038274040,2.380398044,0,0.400000000
349.199407578,20064,5970,0,13651,6413,14090,695,83,87,51,36,8972,5118,474,221,2.483696284,1.961302034,20.853805914,106.491969400,nan,1,nan,nan,nan,0.000000000,3.630250983,2.253889979,0.009481970,0.026658003,2.358056023,0,0.400000000
349.299263000,19968,5949,0,13569,6399,14015,687,83,84,54,30,8793,5222,462,225,2.524532658,1.857390569,22.549364165,86.026818712,39.823293686,8,1.000000000,nan,nan,0.000000000,3.611083026,2.220350027,0.009501935,0.031856005,2.320925007,0,0.400000000
349.400649071,20064,5916,0,13649,6415,14015,687,88,85,56,29,8793,5222,462,225,2.524532658,1.857390569,21.421741236,76.355061001,nan,nan,nan,nan,nan,0.000000000,3.174754034,2.426208928,0.011410972,0.040807005,2.547495998,0,0.400000000
349.498957396,19680,5795,0,13393,6287,13881,673,80,79,52,27,8764,5117,450,223,2.515756527,1.830993489,21.336514865,61.936342089,nan,1,nan,nan,nan,0.000000000,3.403258976,2.173837041,0.009012991,0.027525006,2.270994999,0,0.400000000
349.699054718,19968,5905,0,13614,6354,13881,673,85,86,55,31,8764,5117,450,223,2.515756527,1.830993489,22.795422583,74.861620755,nan,nan,nan,nan,nan,0.000000000,3.676564025,2.687101951,0.011293974,0.026866968,2.812777006,0,0.400000000
349.799106836,19968,5851,0,13602,6366,14113,679,92,86,55,31,8945,5168,459,220,2.551903988,1.977715971,22.988350681,97.896946983,6.093502045,6,0.000000000,nan,nan,0.000000000,3.502435982,2.222253941,0.010293035,0.032423995,2.324963978,0,0.400000000
349.901040316,19968,6010,0,13728,6240,13954,675,86,86,55,31,8878,5076,447,228,2.570125208,1.879022267,20.595566971,99.575424684,7.486581802,20,0.000000000,nan,nan,0.000000000,3.579819982,2.156493021,0.009357987,0.033451011,2.254573978,0,0.400000000
349.998902321,19968,5954,0,13662,6306,14010,679,98,95,60,35,8895,5115,455,224,2.535486944,1.949928472,22.766397478,123.241195667,6.134986877,14,0.000000000,nan,nan,0.000000000,3.612486005,2.238088055,0.010575983,0.034046010,2.345343994,0,0.400000000
350.099002123,20064,5989,0,13694,6370,14071,677,78,79,46,33,8896,5175,457,220,2.521207110,1.817406358,16.039137442,82.042684924,39.690256119,2,1.000000000,nan,nan,0.000000000,3.499809012,2.207822923,0.008703093,0.030994997,2.306743991,0,0.400000000
350.198959112,19968,6089,0,13678,6290,14071,677,85,87,54,33,8896,5175,457,220,2.521207110,1.817406358,17.757586449,92.175341068,nan,nan,nan,nan,nan,0.000000000,2.889928990,2.208895981,0.009591982,0.027139031,2.311507997,0,0.400000000
350.299716234,20064,5901,0,13611,6453,14071,677,86,86,53,33,8896,5175,457,220,2.521207110,1.817406358,17.163902299,89.710422222,nan,nan,nan,nan,nan,0.000000000,2.989245986,2.210428007,0.009411015,0.025237969,2.315755002,0,0.400000000
350.398970842,19968,6146,0,13703,6265,13818,695,82,86,54,32,8748,5070,461,234,2.577077253,1.939515109,20.829401396,81.259439230,nan,1,nan,nan,nan,0.000000000,3.749936994,2.452747955,0.010575051,0.040134008,2.569343022,0,0.400000000
350.499005318,20064,5780,0,13631,6433,13818,695,93,100,65,35,8748,5070,461,234,2.577077253,1.939515109,23.934019828,106.670843545,nan,nan,nan,nan,nan,0.000000000,3.081889008,2.324422938,0.010848045,0.029076997,2.432386973,0,0.400000000
350.599029064,19968,6162,0,13781,6187,13818,695,95,91,58,33,8748,5070,461,234,2.577077253,1.939515109,23.048704951,78.553397725,nan,nan,nan,nan,nan,0.000000000,2.884904039,2.241895010,0.010029064,0.023453031,2.343556960,0,0.400000000
350.699473381,20064,5673,0,13674,6390,14387,690,94,97,65,32,9235,5152,473,217,2.511765120,1.962205206,24.772459247,144.572132334,15.414476395,3,1.000000000,nan,nan,0.000000000,3.665017022,2.350380004,0.010881049,0.028863025,2.458169009,0,0.400000000
350.799144745,19968,5993,0,13677,6291,13971,692,87,79,43,36,8889,5082,467,225,2.576165776,1.908182236,18.027231944,68.442796052,5.769729614,5,0.000000000,nan,nan,0.000000000,3.621587006,2.291220997,0.009436044,0.027514994,2.399678982,0,0.400000000
350.899091244,20064,5575,0,13472,6592,14485,697,82,87,56,31,9125,5360,473,224,2.536114780,1.960473885,18.540945112,105.438029337,40.161609650,4,1.000000000,nan,nan,0.000000000,3.635423025,2.268243989,0.009587035,0.028488052,2.376029966,0,0.400000000
350.999036789,19584,5379,0,13197,6387,14485,697,83,86,57,29,9125,5360,473,224,2.536114780,1.960473885,18.782397659,107.091586915,nan,nan,nan,nan,nan,0.000000000,3.127636039,2.372323012,0.009852054,0.024594017,2.478379000,0,0.400000000
351.100484610,20448,5877,0,13831,6617,14567,688,87,79,50,29,9145,5422,465,223,2.526066191,1.978183785,17.577892897,119.756452042,46.734333038,10,1.000000000,nan,nan,0.000000000,3.655273002,2.270388999,0.009250070,0.028643990,2.372034010,0,0.400000000
351.199014664,19872,5689,0,13529,6343,14179,680,84,78,49,29,9065,5114,454,226,2.535559901,1.980113612,19.545901499,95.808024334,6.619215012,21,0.000000000,nan,nan,0.000000000,3.730100987,2.209032944,0.009036972,0.032912998,2.309106989,0,0.400000000
351.299067736,19968,5801,0,13416,6552,14163,688,82,84,55,29,8845,5318,457,231,2.581053304,2.082396934,19.959745827,100.266625111,9.145975113,18,0.000000000,nan,nan,0.000000000,3.558199969,2.210499952,0.009367010,0.028151029,2.309759031,0,0.400000000
351.398959875,20064,6019,0,13615,6449,14041,696,88,88,54,34,8893,5148,461,235,2.563334353,2.278012048,21.612270680,105.305185811,39.987802505,7,1.000000000,nan,nan,0.000000000,7.088609971,4.748328007,0.020031934,0.056764984,4.963143030,0,0.400000000
351.499062300,19968,5999,0,13529,6439,13965,679,74,76,47,29,8820,5145,455,224,2.551745675,2.186940339,18.234094493,98.398307100,nan,1,nan,nan,nan,0.000000000,3.839668003,2.301186032,0.008643023,0.038297963,2.404603001,0,0.400000000
351.598888636,20064,6061,0,13702,6362,13999,688,78,76,47,29,8948,5051,470,218,2.527040864,2.214971769,15.281553301,84.590847018,69.645881653,4,1.000000000,nan,nan,0.000000000,3.528162022,2.238015993,0.008785049,0.028782000,2.338508959,0,0.400000000
351.698975801,19968,6054,0,13663,6305,13910,687,79,80,51,29,8868,5042,467,220,2.534997757,1.917437987,18.882604863,96.900731685,nan,1,nan,nan,nan,0.000000000,3.603593970,2.239951980,0.009109965,0.027285016,2.338045975,0,0.400000000
351.798969030,19968,6037,0,13698,6270,13927,676,79,83,53,30,8923,5004,460,216,2.532384297,2.064230039,18.718221063,108.535517838,99.864721298,4,1.000000000,nan,nan,0.000000000,3.519897989,2.223900985,0.008986972,0.025546993,2.325634006,0,0.400000000
351.898931742,20064,6063,0,13753,6311,13997,669,74,74,51,23,8967,5030,471,198,2.563551197,1.969872483,16.282741677,72.666729016,nan,1,nan,nan,nan,0.000000000,3.435501014,2.191687992,0.008200004,0.025822024,2.287223993,0,0.400000000
351.999038696,19968,5964,0,13625,6343,14000,667,78,83,59,24,8897,5103,463,204,2.556232089,2.159982391,19.519901396,106.769355498,50.623655319,6,1.000000000,nan,nan,0.000000000,3.558431985,2.206576930,0.009206124,0.038551050,2.309458971,0,0.400000000
352.099021196,19968,6045,0,13691,6277,13919,678,86,87,60,27,8923,4996,472,206,2.527132088,2.040724704,21.118560127,104.851598565,31.893014908,3,1.000000000,nan,nan,0.000000000,3.551836009,2.254629973,0.009693962,0.028216979,2.357216028,0,0.400000000
352.199096680,20064,6031,0,13561,6503,14029,658,75,73,52,21,8806,5223,456,202,2.554391331,2.055817411,17.956369024,91.267711711,nan,1,nan,nan,nan,0.000000000,3.550754976,2.140408964,0.008353090,0.025161018,2.240956004,0,0.400000000
352.299062967,19968,5982,0,13689,6279,14029,658,79,80,56,24,8806,5223,456,202,2.554391331,2.055817411,19.842367025,110.943254801,nan,nan,nan,nan,nan,0.000000000,2.963109000,2.130980021,0.008784002,0.022464024,2.228280006,0,0.400000000
352.398960590,20064,6036,0,13570,6494,14024,672,90,88,58,30,8746,5278,455,217,2.541327946,2.184568799,22.507289385,93.438805890,6.004095078,4,0.000000000,nan,nan,0.000000000,3.644360986,2.231088991,0.009940006,0.029438001,2.333153971,0,0.400000000
352.500706911,19968,5925,0,13743,6225,14039,663,78,73,48,25,9006,5033,456,207,2.481617943,2.277260784,18.842870939,65.296268162,nan,1,nan,nan,nan,0.000000000,3.694428015,2.286409028,0.009092968,0.035485020,2.392389986,0,0.400000000
352.598923206,19968,6018,0,13600,6368,14039,663,78,76,52,24,9006,5033,456,207,2.481617943,2.277260784,20.520461568,71.214234182,nan,nan,nan,nan,nan,0.000000000,2.927061985,2.171594941,0.008486037,0.024095003,2.269332996,0,0.400000000
352.698945284,19872,5923,0,13652,6220,13945,670,75,82,53,29,8946,4999,466,204,2.480861072,2.271662895,16.586049092,64.459510159,3.084897995,2,0.000000000,nan,nan,0.000000000,3.564863990,2.190085070,0.008665025,0.028824026,2.288619988,0,0.400000000
352.801572561,20160,6039,0,13904,6256,13945,670,84,88,60,28,8946,4999,466,204,2.480861072,2.271662895,21.411008889,77.140541785,nan,nan,nan,nan,nan,0.000000000,5.090412975,3.945134988,0.019935018,0.062881969,4.162957019,0,0.400000000
352.899747372,19968,6034,0,13812,6156,13945,670,89,88,61,27,8946,4999,466,204,2.480861072,2.271662895,21.052958589,78.189297654,nan,nan,nan,nan,nan,0.000000000,4.376536002,3.185981011,0.013092940,0.036826008,3.321152995,0,0.400000000
352.998886824,19968,6142,0,13914,6054,13822,676,80,78,51,27,8892,4930,463,213,2.525303636,2.267520604,17.738373629,86.455810431,nan,1,nan,nan,nan,0.000000000,3.507180023,2.163299010,0.010062009,0.034413009,2.317442035,0,0.400000000
353.099492311,20064,6608,0,14411,5653,13452,653,92,83,54,29,8954,4498,456,197,2.506235223,2.277736358,20.823749374,101.811980361,5.093812943,2,0.000000000,nan,nan,0.000000000,3.430257959,2.150640008,0.009761075,0.027418020,2.251521044,0,0.400000000
353.198974848,19968,7002,0,14567,5401,12962,632,82,74,61,13,8821,4141,469,163,2.497632951,1.988371507,20.495537191,70.297313190,nan,1,nan,nan,nan,0.000000000,3.421268018,2.202156000,0.009268930,0.036414014,2.307131013,0,0.400000000
353.300260305,20064,7245,0,14637,5427,12962,632,72,69,57,12,8821,4141,469,163,2.497632951,1.988371507,17.915468770,76.255302299,nan,nan,nan,nan,nan,0.000000000,2.713781956,2.059318998,0.008124975,0.033166027,2.153747948,0,0.400000000
353.399032116,19968,6994,0,14464,5504,12970,624,59,74,57,17,8800,4170,474,150,2.486091055,1.936162294,19.512834156,73.289237196,59.578657150,13,1.000000000,nan,nan,0.000000000,3.437459003,2.071302908,0.007894065,0.022722990,2.170904016,0,0.400000000
353.498931885,19968,6922,0,14527,5441,13042,618,84,78,60,18,8787,4255,464,154,2.497788771,2.269381687,17.753280751,71.348511946,nan,1,nan,nan,nan,0.000000000,3.332064021,2.144421975,0.009551994,0.025336980,2.250230988,0,0.400000000
353.598874569,19968,6628,0,14295,5673,13042,618,82,82,60,22,8787,4255,464,154,2.497788771,2.269381687,16.256452343,89.112896686,nan,nan,nan,nan,nan,0.000000000,2.978758013,2.243531053,0.010097981,0.023584988,2.357292979,0,0.400000000
353.898873806,19968,6865,0,14418,5550,13099,618,73,70,54,16,8850,4249,467,151,2.532049792,2.000417213,18.642619151,41.731578858,174.304485321,5,1.000000000,nan,nan,0.000000000,3.510873008,2.224093012,0.008872070,0.036266982,2.331332013,0,0.400000000
353.998926163,19968,6614,0,14356,5612,13099,618,66,68,53,15,8850,4249,467,151,2.532049792,2.000417213,15.039532646,49.126536182,nan,nan,nan,nan,nan,0.000000000,2.611273027,2.014209982,0.007813040,0.025333022,2.108899993,0,0.400000000
354.099034786,20064,6853,0,14315,5749,13099,618,68,66,52,14,8850,4249,467,151,2.532049792,2.000417213,14.345680043,42.943927686,nan,nan,nan,nan,nan,0.000000000,2.633054974,2.056572994,0.008123985,0.027376984,2.154443006,0,0.400000000
354.198945761,20064,6574,0,14264,5800,13099,618,66,66,52,14,8850,4249,467,151,2.532049792,2.000417213,14.911056690,45.372091241,nan,nan,nan,nan,nan,0.000000000,2.608684998,2.002768975,0.006282935,0.031891977,2.091930015,0,0.400000000
354.299015522,19968,6605,0,14234,5734,13359,642,55,69,54,15,8780,4579,462,180,2.517219381,2.024177149,17.512128935,68.395504479,39.408445358,7,1.000000000,nan,nan,0.000000000,3.381483024,2.105668013,0.006712973,0.041377032,2.196719986,0,0.400000000
354.399154663,19488,5836,0,13632,5856,13648,661,70,74,57,17,8977,4671,462,199,2.496967288,2.301335537,18.397922185,70.009244936,19.919157028,2,1.000000000,nan,nan,0.000000000,3.454665013,2.203062002,0.008151052,0.037837017,2.299154003,0,0.400000000
354.499486446,20256,6789,0,14072,6184,13463,666,89,87,65,22,8765,4698,457,209,2.517484792,1.815664021,16.915692724,108.519294569,8.090734482,19,0.000000000,nan,nan,0.000000000,3.484473971,2.193054999,0.009538955,0.035567966,2.291008946,0,0.400000000
354.600084305,20256,6250,0,13946,6310,14002,690,65,72,58,14,9097,4905,470,220,2.495065134,2.054139676,15.941609578,70.652902830,6.495714188,6,0.000000000,nan,nan,0.000000000,3.822078987,2.424240985,0.007948081,0.041734020,2.525126969,0,0.400000000
354.699658632,19872,5550,0,13358,6514,14318,704,78,76,50,26,8776,5542,459,245,2.542225599,1.934138672,11.328626358,91.835917914,5.490779877,2,0.000000000,nan,nan,0.000000000,3.796163015,2.419674012,0.009285985,0.036081998,2.523439005,0,0.400000000
354.799137115,19968,5141,0,13312,6656,14823,700,76,80,56,24,8948,5875,456,244,2.514508889,2.011001224,14.913282907,96.920371793,35.198211670,6,1.000000000,nan,nan,0.000000000,4.218932998,2.760617004,0.010437041,0.037168968,2.879881009,0,0.400000000
354.899001598,19680,4843,0,12857,6823,14823,700,87,81,55,26,8948,5875,456,244,2.514508889,2.011001224,14.780726343,69.800025282,nan,nan,nan,nan,nan,0.000000000,3.017493000,2.314940968,0.009432959,0.027210044,2.413737006,0,0.400000000
354.999049902,20352,4603,0,13378,6974,14823,700,83,81,55,26,8948,5875,456,244,2.514508889,2.011001224,14.698116845,68.772663783,nan,nan,nan,nan,nan,0.000000000,2.960026031,2.288258984,0.009143958,0.024823006,2.387792978,0,0.400000000
355.098933458,19968,4349,0,12872,7096,15615,736,82,85,55,30,8852,6763,455,281,2.529829516,1.728001708,15.087714074,77.433940998,8.495092392,26,0.000000000,nan,nan,0.000000000,5.283843959,3.430223966,0.013577985,0.053288008,3.585619037,0,0.400000000
355.199105024,20064,4413,0,12924,7140,15647,738,90,83,52,31,8784,6863,456,282,2.555457132,1.700762530,14.980148161,99.318253940,7.824659348,19,0.000000000,nan,nan,0.000000000,5.871052039,3.682565992,0.011548982,0.044845976,3.839859040,0,0.400000000
355.301022530,19872,4089,0,12753,7119,15779,740,97,93,61,32,8865,6914,468,272,2.538756655,1.676950324,18.338080553,94.443657064,6.381988525,4,0.000000000,nan,nan,0.000000000,3.933437984,2.401376027,0.010238029,0.033140008,2.501095005,0,0.400000000
355.398883581,20160,4128,0,12725,7435,16028,742,94,97,62,35,8752,7276,465,277,2.573571758,1.665617596,20.027848613,106.284513451,8.422613144,26,0.000000000,nan,nan,0.000000000,4.618767998,3.017240961,0.013101962,0.038629980,3.145474999,0,0.400000000
355.499158144,20064,3714,0,12611,7453,16346,742,96,92,57,35,9017,7329,476,266,2.536730351,1.669264784,20.058352857,87.767255799,5.840301514,4,0.000000000,nan,nan,0.000000000,4.070514988,2.475069952,0.010412943,0.045950001,2.580095024,0,0.400000000
355.598916292,19968,3963,0,12662,7306,16001,737,94,96,62,34,8787,7214,463,274,2.577200349,1.621687094,23.541597347,89.531804723,20.111799240,4,1.000000000,nan,nan,0.000000000,3.910008003,2.450624888,0.010429008,0.028596958,2.553943952,0,0.400000000
355.698883772,19968,3509,0,12585,7383,16455,738,87,92,66,26,9149,7306,474,264,2.516995136,1.609600244,20.391885855,98.301124432,39.683818817,5,1.000000000,nan,nan,0.000000000,4.098456004,2.462750010,0.009864918,0.034945959,2.566476003,0,0.400000000
355.798821449,20064,3791,0,12678,7386,16269,746,90,99,68,31,8954,7315,469,277,2.558071798,1.555272975,24.895425211,131.335637631,40.424585342,9,1.000000000,nan,nan,0.000000000,3.980553010,2.474053006,0.010389078,0.031781965,2.579075983,0,0.400000000
355.898972273,19680,3099,0,12057,7623,16269,746,94,93,62,31,8954,7315,469,277,2.558071798,1.555272975,23.830938966,118.628014958,nan,nan,nan,nan,nan,0.000000000,3.192047996,2.442517027,0.010242977,0.027585018,2.543554991,0,0.400000000
356.001606226,19488,3196,0,12188,7300,16288,716,86,85,56,29,9062,7226,460,256,2.538550994,1.553912164,17.587406204,121.814802547,5.076646805,2,0.000000000,nan,nan,0.000000000,3.868706990,2.408270026,0.009513053,0.036266982,2.512428036,0,0.400000000
356.098802805,20448,3679,0,12585,7863,16765,739,99,91,64,27,8977,7788,470,269,2.552756110,1.599117591,20.618347364,104.688902111,nan,1,nan,nan,nan,0.000000000,4.145333951,2.536520013,0.010985998,0.039904029,2.649002010,0,0.400000000
356.198917150,20064,3755,0,12795,7269,16305,709,94,93,58,35,9107,7198,454,255,2.517163790,1.582567701,18.446238734,109.187095156,75.176239014,4,1.000000000,nan,nan,0.000000000,3.911641019,2.374169067,0.010291988,0.027448987,2.476816007,0,0.400000000
356.298945189,19872,3518,0,12241,7631,16305,709,91,89,58,31,9107,7198,454,255,2.517163790,1.582567701,18.013269073,110.829378409,nan,nan,nan,nan,nan,0.000000000,3.356757981,2.406650048,0.011478958,0.028589973,2.512837003,0,0.400000000
356.398906708,20160,3808,0,12798,7362,16348,740,92,91,60,31,9052,7296,468,272,2.540678171,1.564289087,19.472099812,101.863532116,36.712169647,7,1.000000000,nan,nan,0.000000000,4.086215980,2.458660048,0.010046002,0.053141965,2.562829002,0,0.400000000
356.498999357,19968,3683,0,12419,7549,16281,723,81,87,61,26,8807,7474,453,270,2.559509792,1.559107095,20.277882822,93.395743290,5.553722382,2,0.000000000,nan,nan,0.000000000,4.113921023,2.541856957,0.010608986,0.037327001,2.655041986,0,0.400000000
356.600341320,20064,3839,0,12647,7417,16221,727,95,102,66,36,8870,7351,456,271,2.541497472,1.583991422,21.836779011,117.729948734,5.518913269,2,0.000000000,nan,nan,0.000000000,4.197068978,2.485216013,0.011439028,0.036202022,2.606177004,0,0.400000000
356.698978424,19968,3762,0,12493,7475,16221,727,102,101,65,36,8870,7351,456,271,2.541497472,1.583991422,21.627442624,122.373825476,nan,nan,nan,nan,nan,0.000000000,3.376576002,2.483066986,0.012306031,0.043109991,2.601185988,0,0.400000000
356.798927307,19968,3762,0,12547,7421,16202,736,102,93,59,34,8859,7343,461,275,2.543379695,1.583918484,19.839851738,109.380271893,nan,1,nan,nan,nan,0.000000000,4.313311016,2.484223049,0.010711025,0.034713012,2.589509997,0,0.400000000
356.902203083,20160,3830,0,12728,7432,16202,736,91,89,55,34,8859,7343,461,275,2.543379695,1.583918484,18.281034218,94.275081782,nan,nan,nan,nan,nan,0.000000000,3.377933986,2.515025029,0.010708987,0.040116021,2.621230960,0,0.400000000
356.999130726,19872,3741,0,12491,7381,16202,736,92,89,55,34,8859,7343,461,275,2.543379695,1.583918484,18.434833916,92.894029220,nan,nan,nan,nan,nan,0.000000000,3.213627031,2.408490982,0.010273012,0.033423014,2.510704973,0,0.400000000
357.099105835,20064,3805,0,12761,7303,16255,727,86,90,62,28,9023,7232,463,264,2.537776510,1.574340323,17.682310237,128.396384438,79.274654388,3,1.000000000,nan,nan,0.000000000,4.050378979,2.522487077,0.009982963,0.035123026,2.626186993,0,0.400000000
357.198859692,19968,3690,0,12487,7481,16255,727,91,92,66,26,9023,7232,463,264,2.537776510,1.574340323,20.063272811,127.454873720,nan,nan,nan,nan,nan,0.000000000,3.313747991,2.460753953,0.010790012,0.035475998,2.571124001,0,0.400000000
357.299638271,20064,3733,0,12742,7322,16327,726,86,88,62,26,9077,7250,467,259,2.500321830,1.568367778,16.389747564,121.547007981,nan,1,nan,nan,nan,0.000000000,3.908239014,2.412155969,0.009583018,0.031850999,2.518586989,0,0.400000000
357.398868322,19872,3637,0,12329,7543,16327,726,85,83,58,25,9077,7250,467,259,2.500321830,1.568367778,16.885420595,95.583104465,nan,nan,nan,nan,nan,0.000000000,3.289459040,2.436331997,0.009355950,0.027499977,2.540881978,0,0.400000000
357.498879671,20064,3641,0,12590,7474,16419,724,91,86,61,25,9021,7398,465,259,2.484213030,1.568903719,13.138181444,100.711364434,39.938211441,6,1.000000000,nan,nan,0.000000000,3.898050985,2.408793021,0.009874057,0.034392986,2.512063948,0,0.400000000
357.599023342,19968,3720,0,12398,7570,16244,734,78,80,56,24,8747,7497,465,269,2.526169264,1.557125876,16.068627154,103.349378785,20.489692688,7,1.000000000,nan,nan,0.000000000,4.062765976,2.440087032,0.008839008,0.047662004,2.541420981,0,0.400000000
357.699225903,19968,3568,0,12461,7507,16396,740,92,94,66,28,8964,7432,472,268,2.486337407,1.573516277,18.473741138,98.615407773,51.718473434,4,1.000000000,nan,nan,0.000000000,3.971420985,2.480973082,0.010250951,0.041520980,2.586211020,0,0.400000000
357.798835993,19680,3664,0,12399,7281,16396,740,94,95,66,29,8964,7432,472,268,2.486337407,1.573516277,18.376863695,99.359399433,nan,nan,nan,nan,nan