1768847388.005444050 -0.007057 0.012007 -0.007073 -0.001213 0.087547 -0.002162 0.996157
1768847388.104011774 -0.007226 0.011690 -0.006422 -0.000990 0.087621 -0.002119 0.996151
1768847388.204580545 -0.007149 0.011848 -0.006911 -0.000983 0.087580 -0.002354 0.996154
1768847388.304505110 -0.007293 0.011246 -0.006744 -0.000943 0.087568 -0.002181 0.996156
1768847388.404781103 -0.007481 0.011283 -0.006681 -0.001074 0.087655 -0.002309 0.996148
1768847388.504653215 -0.007805 0.011144 -0.006680 -0.000889 0.087788 -0.002188 0.996136
1768847388.603113651 -0.007955 0.011058 -0.006605 -0.000991 0.087697 -0.002100 0.996145
1768847388.704711199 -0.008098 0.010995 -0.006429 -0.000879 0.087775 -0.002224 0.996137
1768847388.804442883 -0.008085 0.011096 -0.006450 -0.001044 0.087666 -0.002243 0.996147
1768847388.904557943 -0.008189 0.011199 -0.006477 -0.000953 0.087727 -0.002149 0.996142
1768847389.004851818 -0.008145 0.011200 -0.006514 -0.001084 0.087657 -0.002158 0.996148
1768847389.104682922 -0.008231 0.011013 -0.006371 -0.000982 0.087749 -0.002181 0.996140
1768847389.204627037 -0.008055 0.011064 -0.006306 -0.001017 0.087740 -0.002132 0.996141
1768847389.304542780 -0.007929 0.010995 -0.006259 -0.000990 0.087792 -0.002092 0.996136
1768847389.404617310 -0.007878 0.011016 -0.006274 -0.000983 0.087784 -0.002187 0.996137
1768847389.504451513 -0.007669 0.010761 -0.006355 -0.000971 0.087763 -0.002161 0.996139
1768847389.604568481 -0.007855 0.010671 -0.006330 -0.001020 0.087661 -0.002244 0.996147
1768847389.704534292 -0.008050 0.010671 -0.006364 -0.000977 0.087752 -0.002110 0.996140
1768847389.804738998 -0.007906 0.010796 -0.006285 -0.000950 0.087806 -0.002119 0.996135
1768847389.904561996 -0.007619 0.010840 -0.006483 -0.000995 0.087739 -0.002213 0.996141
1768847390.008066177 -0.007893 0.010755 -0.006509 -0.000962 0.087691 -0.002266 0.996145
1768847390.104585886 -0.008125 0.010756 -0.006483 -0.001028 0.087648 -0.002144 0.996149
1768847390.206049681 -0.008179 0.010769 -0.006472 -0.000927 0.087758 -0.002153 0.996139
1768847390.306805849 -0.008180 0.010787 -0.006391 -0.001096 0.087547 -0.002194 0.996157
1768847390.404652834 -0.008122 0.010842 -0.006449 -0.000960 0.087578 -0.002245 0.996155
1768847390.502662420 -0.008111 0.010851 -0.006499 -0.001201 0.087324 -0.002209 0.996177
1768847390.607193708 -0.008346 0.010788 -0.006674 -0.000950 0.087642 -0.002169 0.996149
1768847390.704741955 -0.008385 0.010744 -0.006449 -0.001071 0.087562 -0.002097 0.996156
1768847390.806369066 -0.008215 0.010791 -0.006509 -0.000977 0.087699 -0.002189 0.996144
1768847390.903876305 -0.008237 0.010770 -0.006573 -0.001070 0.087614 -0.002251 0.996151
1768847391.005146980 -0.008485 0.010632 -0.006541 -0.001044 0.087608 -0.002299 0.996152
1768847391.104767084 -0.008388 0.010675 -0.006690 -0.001063 0.087613 -0.002316 0.996151
1768847391.205015421 -0.008430 0.010572 -0.006574 -0.001062 0.087515 -0.002163 0.996160
1768847391.303801775 -0.008483 0.010746 -0.006594 -0.001047 0.087351 -0.002195 0.996175
1768847391.404611588 -0.008455 0.010707 -0.006614 -0.001120 0.087143 -0.002163 0.996193
1768847391.504792452 -0.008471 0.010807 -0.006631 -0.001041 0.087390 -0.001471 0.996173
1768847391.605357170 -0.008611 0.010847 -0.006524 -0.001114 0.087076 -0.001910 0.996199
1768847391.704610825 -0.008635 0.011091 -0.006524 -0.001064 0.087039 -0.002099 0.996202
1768847391.804987431 -0.008405 0.011220 -0.006575 -0.001187 0.086944 -0.002449 0.996209
1768847391.905471325 -0.008457 0.011072 -0.006350 -0.001019 0.087097 -0.001872 0.996198
1768847392.003691912 -0.008520 0.010919 -0.006494 -0.001084 0.087223 -0.001773 0.996187
1768847392.104776382 -0.008193 0.010931 -0.006422 -0.001109 0.086917 -0.002298 0.996212
1768847392.203518391 -0.007534 0.010845 -0.006862 -0.001175 0.086620 -0.002944 0.996236
1768847392.303716898 -0.007889 0.010669 -0.006592 -0.001260 0.086774 -0.002674 0.996224
1768847392.403546810 -0.008027 0.010797 -0.006594 -0.001129 0.087047 -0.002520 0.996200
1768847392.503724575 -0.007838 0.010823 -0.006492 -0.001141 0.087329 -0.002428 0.996176
1768847392.603733778 -0.007844 0.010645 -0.006502 -0.001013 0.087393 -0.002329 0.996171
1768847392.704788923 -0.007728 0.010585 -0.006543 -0.001111 0.087303 -0.002320 0.996179
1768847392.804791927 -0.007836 0.010646 -0.006607 -0.001027 0.087389 -0.002385 0.996171
1768847392.904141665 -0.008174 0.010668 -0.006488 -0.000949 0.087512 -0.002227 0.996160
1768847393.004776001 -0.008062 0.010768 -0.006526 -0.001046 0.087429 -0.002236 0.996168
1768847393.106548309 -0.007826 0.010589 -0.006569 -0.000996 0.087445 -0.002201 0.996166
1768847393.204680443 -0.007820 0.010864 -0.006599 -0.001055 0.087338 -0.002236 0.996176
1768847393.304820299 -0.007806 0.010779 -0.006586 -0.001002 0.087411 -0.002243 0.996169
1768847393.404711485 -0.007863 0.010914 -0.006595 -0.001106 0.087330 -0.002277 0.996176
1768847393.504877090 -0.007788 0.010963 -0.006504 -0.001009 0.087433 -0.002328 0.996167
1768847393.604840755 -0.007629 0.011005 -0.006578 -0.001118 0.087325 -0.002344 0.996176
1768847393.705272675 -0.007609 0.010941 -0.006577 -0.000947 0.087440 -0.002388 0.996166
1768847393.803804159 -0.007639 0.010929 -0.006751 -0.001088 0.087300 -0.002342 0.996179
1768847393.904871225 -0.007651 0.010813 -0.006735 -0.001034 0.087356 -0.002326 0.996174
1768847394.004270077 -0.007558 0.010891 -0.006682 -0.001170 0.087264 -0.002319 0.996182
1768847394.106262445 -0.007656 0.010870 -0.006801 -0.000959 0.087335 -0.002370 0.996176
1768847394.204835415 -0.007655 0.010980 -0.006704 -0.001132 0.087355 -0.002416 0.996174
1768847394.304758310 -0.007911 0.011133 -0.006462 -0.001018 0.087474 -0.002397 0.996163
1768847394.405513763 -0.007876 0.011126 -0.006382 -0.000994 0.087410 -0.002313 0.996169
1768847394.503444910 -0.007726 0.011010 -0.006522 -0.000956 0.087393 -0.002377 0.996171
1768847394.605208158 -0.007937 0.010934 -0.006514 -0.001152 0.087354 -0.002454 0.996174
1768847394.704807520 -0.007979 0.010808 -0.006592 -0.001145 0.087390 -0.002309 0.996171
1768847394.804912806 -0.007975 0.010897 -0.006517 -0.001141 0.087313 -0.002340 0.996178
1768847394.904783249 -0.007872 0.010964 -0.006652 -0.001069 0.087301 -0.002341 0.996179
1768847395.004870415 -0.007905 0.010901 -0.006578 -0.001078 0.087336 -0.002333 0.996176
1768847395.103740931 -0.007993 0.010911 -0.006607 -0.001119 0.087320 -0.002334 0.996177
1768847395.203918457 -0.008088 0.010946 -0.006474 -0.001036 0.087366 -0.002337 0.996173
1768847395.305602789 -0.008011 0.010832 -0.006488 -0.001197 0.087334 -0.002367 0.996176
1768847395.403831244 -0.008140 0.010799 -0.006715 -0.001009 0.087379 -0.002442 0.996172
1768847395.503862143 -0.008355 0.010747 -0.006469 -0.001265 0.087335 -0.002251 0.996176
1768847395.602854013 -0.008311 0.010811 -0.006518 -0.001080 0.087367 -0.002443 0.996173
1768847395.705250263 -0.008119 0.010911 -0.006393 -0.001207 0.087283 -0.002395 0.996180
1768847395.804744244 -0.008273 0.010979 -0.006473 -0.001120 0.087404 -0.002343 0.996170
1768847395.906287432 -0.008175 0.010896 -0.006442 -0.001180 0.087337 -0.002362 0.996175
1768847396.004053831 -0.008037 0.010827 -0.006617 -0.001150 0.087385 -0.002467 0.996171
1768847396.104773283 -0.008079 0.010987 -0.006511 -0.001240 0.087324 -0.002317 0.996177
1768847396.204946280 -0.007952 0.010921 -0.006545 -0.001117 0.087391 -0.002380 0.996171
1768847396.305549622 -0.007830 0.011049 -0.006597 -0.001218 0.087326 -0.002456 0.996176
1768847396.405071735 -0.008026 0.011043 -0.006327 -0.001225 0.087364 -0.002274 0.996173
1768847396.508428335 -0.008081 0.010966 -0.006391 -0.001100 0.087370 -0.002349 0.996173
1768847396.605567694 -0.007948 0.010956 -0.006383 -0.001154 0.087274 -0.002433 0.996181
1768847396.703027248 -0.007935 0.011107 -0.006434 -0.001124 0.087423 -0.002406 0.996168
1768847396.804787397 -0.007818 0.011054 -0.006340 -0.001180 0.087341 -0.002323 0.996175
1768847396.904558659 -0.007654 0.010995 -0.006282 -0.001033 0.087393 -0.002527 0.996170
1768847397.004874468 -0.007687 0.010975 -0.006420 -0.001108 0.087322 -0.002339 0.996177
1768847397.104887962 -0.007767 0.010900 -0.006601 -0.001171 0.087295 -0.002538 0.996179
1768847397.204809666 -0.007800 0.010692 -0.006743 -0.001107 0.087291 -0.002438 0.996179
1768847397.304801702 -0.007735 0.010756 -0.006573 -0.001221 0.087320 -0.002410 0.996177
1768847397.407391548 -0.007838 0.010915 -0.006682 -0.001102 0.087371 -0.002306 0.996173
1768847397.505061388 -0.007601 0.010917 -0.006651 -0.001179 0.087390 -0.002334 0.996171
1768847397.604963064 -0.007730 0.010953 -0.006830 -0.001200 0.087386 -0.002355 0.996171
1768847397.702703714 -0.007705 0.011026 -0.006671 -0.001241 0.087343 -0.002318 0.996175
1768847397.804947853 -0.007617 0.011113 -0.006674 -0.001129 0.087385 -0.002311 0.996171
1768847397.904911041 -0.007574 0.011379 -0.006650 -0.001158 0.087295 -0.002392 0.996179
1768847398.004942894 -0.007748 0.011620 -0.006845 -0.001169 0.087218 -0.002225 0.996186
1768847398.104835510 -0.007215 0.011361 -0.006798 -0.001150 0.085957 -0.002624 0.996295
1768847398.205008507 0.005516 0.010623 -0.007066 -0.001017 0.086814 -0.006279 0.996204
1768847398.307432652 0.026055 0.010294 -0.006265 -0.000544 0.086696 -0.007274 0.996208
1768847398.404885769 0.045591 0.009899 -0.006470 -0.000373 0.087184 -0.007768 0.996162
1768847398.504928589 0.064883 0.009284 -0.006083 -0.000448 0.086384 -0.007247 0.996235
1768847398.604219198 0.084335 0.008922 -0.006098 -0.000079 0.086788 -0.007024 0.996202
1768847398.703738213 0.102867 0.008231 -0.006183 -0.000243 0.086519 -0.009750 0.996202
1768847398.804945946 0.122449 0.006877 -0.006062 0.001399 0.086061 -0.021136 0.996065
1768847398.905063629 0.140885 0.004983 -0.005658 0.003467 0.085896 -0.039740 0.995505
1768847399.003591776 0.157531 0.002327 -0.005042 0.005294 0.085240 -0.061660 0.994437
1768847399.105046034 0.173924 -0.001170 -0.005080 0.008136 0.084956 -0.089896 0.992288
1768847399.204998255 0.188129 -0.005255 -0.004700 0.011239 0.084310 -0.121774 0.988907
1768847399.304918289 0.200742 -0.010216 -0.005192 0.015154 0.083684 -0.158513 0.983687
1768847399.406047821 0.212009 -0.016118 -0.004645 0.019339 0.082578 -0.200423 0.976032
1768847399.503679514 0.221328 -0.022218 -0.004699 0.023050 0.081426 -0.244307 0.965998
1768847399.605059147 0.229012 -0.028631 -0.004850 0.027571 0.079684 -0.293371 0.952273
1768847399.704994440 0.235667 -0.035595 -0.005243 0.032768 0.078656 -0.343368 0.935328
1768847399.805960655 0.241242 -0.043634 -0.005186 0.037068 0.076818 -0.392848 0.915639
1768847399.903612614 0.245865 -0.051815 -0.005262 0.041967 0.075698 -0.439607 0.894010
1768847400.004843950 0.249913 -0.060450 -0.005228 0.045986 0.073106 -0.487413 0.868890
1768847400.103862524 0.253465 -0.070755 -0.005210 0.050647 0.070913 -0.531064 0.842839
1768847400.203870296 0.259410 -0.085166 -0.005148 0.052448 0.069571 -0.544844 0.833999
1768847400.303486347 0.266328 -0.102348 -0.005046 0.051728 0.070133 -0.545018 0.833883
1768847400.404307365 0.273276 -0.120097 -0.005242 0.052821 0.069477 -0.545841 0.833331
1768847400.506108046 0.280296 -0.138319 -0.004880 0.052727 0.068547 -0.553315 0.828471
1768847400.604165077 0.286669 -0.156189 -0.005226 0.053522 0.067564 -0.567151 0.819091
1768847400.709241152 0.292297 -0.174604 -0.004932 0.055513 0.066480 -0.584630 0.806664
1768847400.805035591 0.295976 -0.189996 -0.005007 0.057266 0.065758 -0.604029 0.792178
1768847400.903999805 0.298477 -0.205030 -0.005308 0.059477 0.064315 -0.627584 0.773605
1768847401.007250309 0.299886 -0.219849 -0.005736 0.062144 0.062241 -0.654905 0.750576
1768847401.105398417 0.299782 -0.232648 -0.005327 0.064858 0.059937 -0.683768 0.724336
1768847401.205172062 0.298479 -0.244690 -0.004907 0.068048 0.057651 -0.714787 0.693632
1768847401.307632923 0.296116 -0.255790 -0.004929 0.071716 0.055631 -0.748005 0.657458
1768847401.405579805 0.293252 -0.264920 -0.005387 0.074457 0.052141 -0.780430 0.618600
1768847401.504210472 0.288745 -0.274221 -0.005361 0.078140 0.049091 -0.810423 0.578532
1768847401.603784800 0.282980 -0.287740 -0.005518 0.079173 0.047558 -0.821641 0.562473
1768847401.703653336 0.275572 -0.305681 -0.006080 0.078484 0.049083 -0.821780 0.562235
1768847401.803616285 0.268346 -0.324230 -0.006164 0.078553 0.048833 -0.818161 0.567500
1768847401.904090166 0.261999 -0.342802 -0.006308 0.077809 0.049754 -0.809651 0.579600
1768847402.005048037 0.256557 -0.360765 -0.005878 0.076571 0.051079 -0.797507 0.596247
1768847402.103102684 0.252927 -0.377103 -0.006072 0.075028 0.052414 -0.782439 0.615964
1768847402.204434395 0.250814 -0.393266 -0.006601 0.073277 0.054865 -0.763803 0.638925
1768847402.303963184 0.249794 -0.407338 -0.006016 0.070902 0.056368 -0.741814 0.664460
1768847402.405036211 0.249677 -0.419700 -0.005899 0.068078 0.058826 -0.717283 0.690949
1768847402.505076885 0.248988 -0.436934 -0.006311 0.066455 0.059844 -0.710184 0.698313
1768847402.605178118 0.248202 -0.456892 -0.005960 0.066725 0.059175 -0.709681 0.698855
1768847402.704577208 0.247683 -0.476169 -0.005832 0.065919 0.059794 -0.709377 0.699188
1768847402.803628683 0.246876 -0.495308 -0.005807 0.066178 0.059295 -0.708701 0.699891
1768847402.905039787 0.246352 -0.514684 -0.006158 0.065127 0.059691 -0.708601 0.700057
1768847403.006456614 0.245783 -0.534114 -0.005842 0.065054 0.059358 -0.708648 0.700044
1768847403.106125116 0.245471 -0.553337 -0.006029 0.064694 0.059260 -0.709074 0.699655
1768847403.204902172 0.244793 -0.572606 -0.005871 0.064860 0.059396 -0.709106 0.699596
1768847403.304271460 0.244420 -0.591632 -0.005942 0.064596 0.058957 -0.709212 0.699549
1768847403.404259920 0.243969 -0.611218 -0.005782 0.064229 0.059050 -0.709153 0.699635
1768847403.505216122 0.243674 -0.630803 -0.005786 0.064358 0.058351 -0.709182 0.699653
1768847403.604276896 0.243353 -0.650185 -0.005815 0.063893 0.059049 -0.709123 0.699697
1768847403.705627918 0.242957 -0.669892 -0.005622 0.064929 0.058578 -0.708712 0.700057
1768847403.803801775 0.242866 -0.689026 -0.005645 0.063608 0.059345 -0.708526 0.700302
1768847403.905185938 0.242732 -0.708766 -0.005113 0.064424 0.058887 -0.707241 0.701564
1768847404.005101204 0.243163 -0.728229 -0.005093 0.063213 0.059548 -0.702880 0.705988
1768847404.104494333 0.243747 -0.746913 -0.005173 0.061898 0.060658 -0.694087 0.714655
1768847404.204357147 0.244233 -0.765610 -0.004910 0.061483 0.060541 -0.690348 0.718313
1768847404.303713322 0.245056 -0.784676 -0.005318 0.061338 0.060818 -0.689994 0.718643
1768847404.403633118 0.245302 -0.804031 -0.005100 0.061116 0.060178 -0.689837 0.718866
1768847404.503756046 0.245767 -0.823289 -0.005214 0.061100 0.060788 -0.689746 0.718903
1768847404.605070353 0.246192 -0.843079 -0.005048 0.060572 0.060043 -0.689401 0.719342
1768847404.703680038 0.246648 -0.862415 -0.005206 0.061113 0.060818 -0.689051 0.719566
1768847404.804208755 0.247404 -0.881604 -0.004227 0.060793 0.060874 -0.688408 0.720203
1768847404.904374599 0.247934 -0.901032 -0.004290 0.061288 0.061233 -0.688368 0.720169
1768847405.003871202 0.247973 -0.919587 -0.004270 0.060965 0.061401 -0.688866 0.719706
1768847405.103206158 0.247712 -0.938856 -0.004828 0.061671 0.060159 -0.693749 0.715046
1768847405.204334021 0.247287 -0.958365 -0.003722 0.062827 0.059365 -0.705254 0.703665
1768847405.304359198 0.245761 -0.976789 -0.003498 0.064095 0.057729 -0.719636 0.688972
1768847405.404442072 0.243466 -0.994491 -0.003544 0.065332 0.056152 -0.736342 0.671103
1768847405.505136013 0.241356 -1.012544 -0.003722 0.065435 0.056327 -0.741080 0.665843
1768847405.605209112 0.238932 -1.031567 -0.003620 0.065723 0.055237 -0.741766 0.665141
1768847405.705113649 0.236511 -1.050836 -0.003533 0.065652 0.055947 -0.741795 0.665056
1768847405.804243088 0.233826 -1.069988 -0.003343 0.065895 0.055121 -0.741835 0.665057
1768847405.905173302 0.231282 -1.090079 -0.003200 0.065674 0.055756 -0.741810 0.665053
1768847406.004682302 0.229411 -1.109884 -0.002595 0.066279 0.055061 -0.741602 0.665284
1768847406.104463577 0.227257 -1.129432 -0.002503 0.065371 0.054928 -0.741963 0.664981
1768847406.203835964 0.224834 -1.148697 -0.002385 0.066169 0.055082 -0.742257 0.664561
1768847406.304459572 0.222458 -1.167837 -0.001901 0.065232 0.054752 -0.742397 0.664525
1768847406.403656721 0.219838 -1.186685 -0.002201 0.065723 0.055081 -0.742548 0.664281
1768847406.503852367 0.217534 -1.205623 -0.001790 0.065504 0.054254 -0.742667 0.664238
1768847406.605242968 0.214872 -1.225200 -0.002169 0.066059 0.054771 -0.742905 0.663874
1768847406.705564499 0.212369 -1.244584 -0.001667 0.065920 0.053871 -0.743066 0.663781
1768847406.803910494 0.210273 -1.263544 -0.002102 0.066204 0.054443 -0.743092 0.663678
1768847406.903902292 0.208031 -1.282814 -0.001467 0.066514 0.053695 -0.743079 0.663721
1768847407.005233288 0.205777 -1.302418 -0.001827 0.066765 0.054441 -0.742747 0.664007
1768847407.104028702 0.203386 -1.321185 -0.001582 0.067487 0.054032 -0.742687 0.664034
1768847407.203795195 0.200924 -1.340374 -0.001906 0.067308 0.054458 -0.742993 0.663676
1768847407.304467916 0.198097 -1.359536 -0.002254 0.068047 0.054397 -0.743053 0.663538
1768847407.404959202 0.195326 -1.378955 -0.001726 0.067378 0.054647 -0.743922 0.662611
1768847407.504547596 0.191872 -1.397972 -0.001832 0.068363 0.054271 -0.748393 0.657487
1768847407.603893042 0.187948 -1.416782 -0.001980 0.070320 0.053265 -0.757981 0.646284
1768847407.706276655 0.183333 -1.435704 -0.001905 0.071715 0.051421 -0.771227 0.630414
1768847407.804510593 0.178725 -1.451970 -0.001653 0.073079 0.050651 -0.786877 0.610671
1768847407.903778315 0.173292 -1.467192 -0.001837 0.074877 0.048849 -0.804320 0.587432
1768847408.004356384 0.167177 -1.480713 -0.001825 0.076875 0.046431 -0.823659 0.559928
1768847408.105410576 0.160641 -1.492185 -0.001317 0.079823 0.044070 -0.844953 0.527011
1768847408.204471827 0.153618 -1.502395 -0.000792 -0.081784 -0.041165 0.866592 -0.490545
1768847408.304603577 0.145503 -1.511569 -0.000733 -0.083866 -0.037506 0.888634 -0.449321
1768847408.403932095 0.136470 -1.521409 -0.001063 -0.085016 -0.034470 0.905538 -0.414228
1768847408.503693342 0.124330 -1.534258 -0.001428 -0.086244 -0.034632 0.908039 -0.408445
1768847408.604542494 0.111187 -1.548997 -0.001738 -0.085916 -0.034272 0.908099 -0.408411
1768847408.704588175 0.098073 -1.563749 -0.001476 -0.085796 -0.035049 0.907939 -0.408727
1768847408.804358959 0.085019 -1.578441 -0.001328 -0.085796 -0.034376 0.908004 -0.408640
1768847408.904431820 0.071703 -1.593026 -0.001324 -0.085755 -0.035184 0.908012 -0.408562
1768847409.004298449 0.058195 -1.607382 -0.002068 -0.086217 -0.034662 0.908382 -0.407686
1768847409.105895519 0.044559 -1.621813 -0.002426 -0.085829 -0.035564 0.908668 -0.407051
1768847409.201515198 0.031628 -1.635015 -0.002615 -0.086238 -0.034924 0.909771 -0.404550
1768847409.304094315 0.017272 -1.648684 -0.002578 -0.086530 -0.033864 0.914037 -0.394845
1768847409.405309439 0.002814 -1.661734 -0.003251 -0.086953 -0.032503 0.921512 -0.377091
1768847409.505305290 -0.011164 -1.672974 -0.003950 -0.088095 -0.030863 0.929830 -0.355952
1768847409.603709698 -0.024252 -1.683056 -0.004431 -0.088675 -0.029254 0.939310 -0.330118
1768847409.705518723 -0.037593 -1.691746 -0.004630 -0.089768 -0.026826 0.949444 -0.299629
1768847409.805300951 -0.051614 -1.701815 -0.005288 -0.089969 -0.026991 0.952938 -0.288248
1768847409.904383421 -0.067368 -1.712274 -0.005634 -0.091012 -0.026108 0.953135 -0.287347
1768847410.007110596 -0.083810 -1.723283 -0.005986 -0.090910 -0.027174 0.953076 -0.287478
1768847410.104150295 -0.099235 -1.733667 -0.006374 -0.091500 -0.026193 0.953015 -0.287584
1768847410.204370975 -0.115292 -1.744499 -0.006836 -0.091083 -0.026936 0.953047 -0.287541
1768847410.304321289 -0.131387 -1.755062 -0.006928 -0.091855 -0.026272 0.953032 -0.287407
1768847410.406473637 -0.148004 -1.766040 -0.007166 -0.091607 -0.026832 0.953157 -0.287018
1768847410.505696058 -0.164109 -1.776365 -0.007779 -0.092549 -0.026624 0.953201 -0.286591
1768847410.604521036 -0.179909 -1.787034 -0.008288 -0.092295 -0.026580 0.953349 -0.286182
1768847410.703785181 -0.196254 -1.797277 -0.008954 -0.092810 -0.026613 0.953426 -0.285756
1768847410.804762363 -0.212840 -1.807378 -0.008347 -0.092330 -0.026012 0.954727 -0.281594
1768847410.904342175 -0.229605 -1.817205 -0.008482 -0.092895 -0.025087 0.957803 -0.270839
1768847411.003758669 -0.246417 -1.826108 -0.008576 -0.093526 -0.023707 0.962644 -0.252996
1768847411.103864908 -0.262479 -1.833635 -0.008449 -0.093113 -0.021767 0.968388 -0.230391
1768847411.204078674 -0.278564 -1.840154 -0.008183 -0.093190 -0.019712 0.974545 -0.202949
1768847411.303964853 -0.295019 -1.846120 -0.007710 -0.093453 -0.017539 0.978173 -0.184758
1768847411.403520107 -0.313386 -1.852762 -0.007158 -0.093965 -0.016262 0.978457 -0.183107
1768847411.504504919 -0.331191 -1.859588 -0.006585 -0.093893 -0.017318 0.978475 -0.182951
1768847411.604273558 -0.349099 -1.866200 -0.006336 -0.094266 -0.015914 0.978547 -0.182500
1768847411.704656601 -0.367258 -1.873024 -0.006536 -0.093779 -0.016948 0.978689 -0.181896
1768847411.803841591 -0.385256 -1.879690 -0.006648 -0.094291 -0.016286 0.978773 -0.181236
1768847411.905207634 -0.403794 -1.886735 -0.007538 -0.093716 -0.016572 0.978988 -0.180348
1768847412.004122496 -0.421610 -1.893266 -0.007808 -0.094185 -0.016249 0.979012 -0.180000
1768847412.102275372 -0.438991 -1.899958 -0.007908 -0.093641 -0.016323 0.979175 -0.179391
1768847412.203893661 -0.457371 -1.905978 -0.008419 -0.094550 -0.016165 0.980093 -0.173830
1768847412.303816795 -0.475466 -1.911443 -0.007671 -0.094463 -0.014661 0.982609 -0.159191
1768847412.404072285 -0.493241 -1.916002 -0.007624 -0.094916 -0.012785 0.985628 -0.139156
1768847412.505324841 -0.510229 -1.919250 -0.008339 -0.095429 -0.010425 0.988925 -0.113192
1768847412.604260206 -0.526188 -1.921395 -0.008789 -0.094966 -0.008669 0.991901 -0.083896
1768847412.703972578 -0.541375 -1.922195 -0.009287 -0.095655 -0.005605 0.994120 -0.050434
1768847412.804287672 -0.556196 -1.921643 -0.009644 -0.095804 -0.002879 0.995291 -0.014453
1768847412.905330658 -0.574364 -1.921829 -0.009961 -0.095719 -0.002379 0.995391 -0.005341
1768847413.003979683 -0.593369 -1.921674 -0.010215 -0.096109 -0.001785 0.995359 -0.004483
1768847413.104553938 -0.613306 -1.921671 -0.009891 -0.095733 -0.001883 0.995396 -0.004406
1768847413.204876184 -0.632939 -1.921371 -0.010467 -0.096263 -0.001686 0.995347 -0.003994
1768847413.303659678 -0.652198 -1.921279 -0.010032 -0.095888 -0.001625 0.995385 -0.003374
1768847413.404080868 -0.671626 -1.920827 -0.010715 -0.096476 -0.001460 0.995329 -0.003321
1768847413.504334450 -0.691066 -1.920635 -0.010886 -0.096290 -0.001916 0.995345 -0.003541
1768847413.603813171 -0.710597 -1.920555 -0.011886 -0.096707 -0.002054 0.995305 -0.003457
1768847413.704554081 -0.730224 -1.920906 -0.012046 -0.096027 -0.001951 0.995365 -0.004806
1768847413.804799795 -0.749850 -1.921668 -0.012410 -0.096017 -0.003110 0.995295 -0.012572
1768847413.906447649 -0.769421 -1.922722 -0.012544 -0.095992 -0.004174 0.995084 -0.023986
1768847414.006896734 -0.788853 -1.923451 -0.012670 -0.095887 -0.003661 0.995060 -0.025442
1768847414.104638815 -0.807807 -1.924106 -0.013042 -0.096295 -0.004133 0.995022 -0.025331
1768847414.203979969 -0.827253 -1.924642 -0.013242 -0.096263 -0.003470 0.995012 -0.025916
1768847414.305421591 -0.847187 -1.926250 -0.013193 -0.095876 -0.004554 0.994953 -0.029264
1768847414.403883219 -0.865796 -1.928235 -0.013132 -0.095637 -0.004864 0.994598 -0.040065
1768847414.504687548 -0.884680 -1.929841 -0.013916 -0.095580 -0.005568 0.994067 -0.051613
1768847414.604043484 -0.903835 -1.931407 -0.014064 -0.095275 -0.006669 0.994002 -0.053283
1768847414.704239130 -0.923070 -1.933034 -0.014232 -0.095307 -0.006092 0.993970 -0.053877
1768847414.803988695 -0.942312 -1.934479 -0.014204 -0.095243 -0.006126 0.993965 -0.054083
1768847414.904923677 -0.961944 -1.936057 -0.014379 -0.094701 -0.006929 0.994008 -0.054151
1768847415.004027843 -0.981126 -1.937743 -0.014846 -0.094871 -0.006152 0.993992 -0.054227
1768847415.104046583 -1.000503 -1.939471 -0.015275 -0.094241 -0.006838 0.994026 -0.054631
1768847415.205536842 -1.019854 -1.940824 -0.015618 -0.094263 -0.006073 0.994025 -0.054706
1768847415.303431749 -1.038566 -1.942814 -0.016385 -0.093659 -0.007110 0.994078 -0.054647
1768847415.404498577 -1.057822 -1.944844 -0.016283 -0.093747 -0.006230 0.994055 -0.055015
1768847415.503750563 -1.076618 -1.947060 -0.016388 -0.093161 -0.007249 0.994078 -0.055480
1768847415.603926182 -1.095961 -1.949050 -0.016104 -0.092927 -0.006474 0.994070 -0.056101
1768847415.704664230 -1.115104 -1.951235 -0.016434 -0.092678 -0.007220 0.994073 -0.056373
1768847415.803736687 -1.134009 -1.953212 -0.016112 -0.092182 -0.006763 0.994085 -0.057017
1768847415.904854298 -1.153258 -1.955324 -0.016379 -0.092150 -0.006871 0.994092 -0.056948
1768847416.004085541 -1.172234 -1.957145 -0.015824 -0.091435 -0.006761 0.994163 -0.056866
1768847416.104010344 -1.191391 -1.959029 -0.016250 -0.091742 -0.006667 0.994145 -0.056699
1768847416.204207897 -1.210447 -1.960857 -0.016271 -0.091303 -0.006933 0.994177 -0.056817
1768847416.303628445 -1.229235 -1.962775 -0.016510 -0.091353 -0.006798 0.994184 -0.056622
1768847416.404471874 -1.248546 -1.964747 -0.016717 -0.091122 -0.007001 0.994198 -0.056729
1768847416.504085064 -1.268238 -1.966739 -0.016842 -0.091196 -0.006528 0.994182 -0.056943
1768847416.604352474 -1.287985 -1.968829 -0.016918 -0.090981 -0.007312 0.994186 -0.057117
1768847416.704546213 -1.308367 -1.970664 -0.016691 -0.091453 -0.006606 0.994117 -0.057654
1768847416.805392027 -1.328475 -1.972738 -0.016760 -0.091367 -0.007474 0.994104 -0.057904
1768847416.903670311 -1.348020 -1.974603 -0.016734 -0.091499 -0.006710 0.994092 -0.058008
1768847417.003660202 -1.367795 -1.976582 -0.016794 -0.091614 -0.007842 0.994100 -0.057533
1768847417.104629517 -1.387649 -1.978675 -0.016957 -0.091556 -0.006622 0.994104 -0.057715
1768847417.205227375 -1.407347 -1.980890 -0.017208 -0.091705 -0.007400 0.994096 -0.057524
1768847417.304230928 -1.426578 -1.982889 -0.017584 -0.091751 -0.006648 0.994093 -0.057586
1768847417.403661966 -1.445631 -1.984846 -0.017571 -0.091778 -0.007141 0.994094 -0.057475
1768847417.504335880 -1.464923 -1.986750 -0.017671 -0.091793 -0.006645 0.994071 -0.057903
1768847417.603721142 -1.483857 -1.988827 -0.018516 -0.092120 -0.006853 0.994015 -0.058320
1768847417.702805281 -1.502826 -1.990918 -0.018834 -0.092138 -0.006912 0.993955 -0.059306
1768847417.803817511 -1.522457 -1.993119 -0.019690 -0.092513 -0.006804 0.993889 -0.059828
1768847417.904105425 -1.541867 -1.994964 -0.019312 -0.092225 -0.007351 0.993903 -0.059975
1768847418.003726959 -1.561311 -1.997011 -0.019797 -0.092632 -0.006721 0.993874 -0.059910
1768847418.104541302 -1.580610 -1.999275 -0.019945 -0.092461 -0.007375 0.993902 -0.059625
1768847418.203866720 -1.599682 -2.001476 -0.020442 -0.093054 -0.006308 0.993856 -0.059601
1768847418.303667545 -1.618817 -2.003746 -0.021143 -0.093121 -0.006964 0.993845 -0.059603
1768847418.403689861 -1.638155 -2.005662 -0.020638 -0.093032 -0.005874 0.993843 -0.059896
1768847418.503666639 -1.657172 -2.008243 -0.020113 -0.092820 -0.006311 0.993864 -0.059830
1768847418.603655338 -1.676307 -2.010123 -0.020002 -0.092755 -0.005843 0.993847 -0.060260
1768847418.704192400 -1.695998 -2.012883 -0.021229 -0.093119 -0.006081 0.993772 -0.060903
1768847418.803632975 -1.715572 -2.015135 -0.021245 -0.092756 -0.005994 0.993763 -0.061605
1768847418.903655529 -1.735344 -2.017280 -0.021683 -0.093137 -0.005806 0.993711 -0.061897
1768847419.003657341 -1.754497 -2.019434 -0.021764 -0.092840 -0.006138 0.993794 -0.060966
1768847419.103766680 -1.773765 -2.020535 -0.022325 -0.093215 -0.005198 0.994235 -0.052741
1768847419.203904629 -1.792781 -2.021250 -0.023315 -0.093835 -0.003635 0.994886 -0.037194
1768847419.303729296 -1.810992 -2.021034 -0.023757 -0.093668 -0.001914 0.995470 -0.016183
1768847419.403664589 -1.829315 -2.020937 -0.023996 -0.093448 -0.000625 0.995624 -0.000300
1768847419.503715277 -1.848246 -2.020955 -0.023898 -0.093382 -0.000489 0.995630 0.000819
1768847419.603593111 -1.867290 -2.020601 -0.023801 -0.093738 0.000061 0.995596 0.001179
1768847419.703644991 -1.886139 -2.020550 -0.023937 -0.093442 -0.000464 0.995624 0.000968
1768847419.803717136 -1.905446 -2.020281 -0.024065 -0.094178 0.000169 0.995555 0.000937
1768847419.903926373 -1.924948 -2.020121 -0.024406 -0.093456 -0.001000 0.995623 0.000571
1768847420.003695250 -1.944549 -2.020027 -0.024386 -0.094070 0.000314 0.995565 0.000510
1768847420.103742599 -1.963957 -2.019832 -0.024655 -0.093595 -0.000402 0.995610 0.000330
1768847420.203677177 -1.983230 -2.019741 -0.024547 -0.093824 0.000586 0.995589 0.000233
1768847420.303773642 -2.002512 -2.019889 -0.024608 -0.093768 -0.000097 0.995594 0.000393
1768847420.407332182 -2.022472 -2.019717 -0.024379 -0.093708 0.000577 0.995600 0.000214
1768847420.503755808 -2.040864 -2.019776 -0.024832 -0.094069 0.000445 0.995565 0.000437
1768847420.604264736 -2.059807 -2.019284 -0.024988 -0.093984 0.000834 0.995573 0.000440
1768847420.702819109 -2.078442 -2.019098 -0.025874 -0.094705 0.000342 0.995505 0.000205
1768847420.803839445 -2.097641 -2.018079 -0.026580 -0.094411 0.000149 0.995532 0.001309
1768847420.903797150 -2.116594 -2.017060 -0.026874 -0.094416 0.000817 0.995505 0.007467
1768847421.003734112 -2.135780 -2.015362 -0.027071 -0.095501 0.002342 0.995165 0.022839
1768847421.103740931 -2.153488 -2.013027 -0.027609 -0.095391 0.003755 0.994483 0.043477
1768847421.203918934 -2.170042 -2.010146 -0.027872 -0.095408 0.005293 0.993044 0.068797
1768847421.306477308 -2.185679 -2.006439 -0.028120 -0.095521 0.008269 0.990380 0.099774
1768847421.403765202 -2.199427 -2.002561 -0.028894 -0.095274 0.010149 0.986416 0.133426
1768847421.504470348 -2.212785 -1.997274 -0.029906 -0.095215 0.013259 0.980737 0.170039
1768847421.603556156 -2.228604 -1.991549 -0.029193 -0.095327 0.014480 0.978860 0.180377
1768847421.703869104 -2.246565 -1.985011 -0.029244 -0.095574 0.014246 0.978770 0.180753
1768847421.803759575 -2.264356 -1.977943 -0.029280 -0.096410 0.014747 0.978519 0.181628
1768847421.903898954 -2.282564 -1.970802 -0.028876 -0.096390 0.014534 0.978396 0.182317
1768847422.003841877 -2.300446 -1.963568 -0.029770 -0.096900 0.014135 0.978245 0.182887
1768847422.104107141 -2.318746 -1.956529 -0.029488 -0.096128 0.014149 0.978224 0.183404
1768847422.203720093 -2.336851 -1.949312 -0.030160 -0.096741 0.013901 0.978167 0.183407
1768847422.304170847 -2.354819 -1.942141 -0.030182 -0.095802 0.013999 0.978305 0.183155
1768847422.403836966 -2.372995 -1.934784 -0.030890 -0.096039 0.013487 0.978345 0.182855
1768847422.503749847 -2.390971 -1.927233 -0.031170 -0.095767 0.013804 0.978366 0.182861
1768847422.603905201 -2.409390 -1.919697 -0.031698 -0.095931 0.013115 0.978338 0.182973
1768847422.705111265 -2.427535 -1.912108 -0.032504 -0.096043 0.013681 0.977701 0.186252
1768847422.803829908 -2.444905 -1.904189 -0.032604 -0.096053 0.014813 0.975733 0.196213
1768847422.904674053 -2.462507 -1.895282 -0.032562 -0.095501 0.016076 0.972024 0.213989
1768847423.003823519 -2.478231 -1.886880 -0.032641 -0.095139 0.018343 0.966712 0.236812
1768847423.103710175 -2.492382 -1.878286 -0.032544 -0.093983 0.020423 0.959777 0.263776
1768847423.206444502 -2.505006 -1.868876 -0.032816 -0.092937 0.023426 0.950200 0.296538
1768847423.304545641 -2.516234 -1.859649 -0.033279 -0.091502 0.024896 0.940975 0.324923
1768847423.403922319 -2.529500 -1.848360 -0.033881 -0.092037 0.025825 0.938721 0.331156
1768847423.503727674 -2.544382 -1.836518 -0.033865 -0.091904 0.025678 0.938575 0.331618
1768847423.604090214 -2.559148 -1.824232 -0.034744 -0.092528 0.025442 0.938387 0.331997
1768847423.703905821 -2.573795 -1.812255 -0.034698 -0.091546 0.025558 0.938462 0.332046
1768847423.805131912 -2.588784 -1.799555 -0.035343 -0.092416 0.025543 0.938347 0.332132
1768847423.903889418 -2.603260 -1.787144 -0.035710 -0.091952 0.026032 0.938208 0.332614
1768847424.003746986 -2.617983 -1.774711 -0.036432 -0.092543 0.025503 0.938027 0.333002
1768847424.103503942 -2.632425 -1.762299 -0.036721 -0.092289 0.026381 0.937898 0.333368
1768847424.203885078 -2.647357 -1.750099 -0.037058 -0.092806 0.025922 0.937868 0.333346
1768847424.303833723 -2.662011 -1.737666 -0.037422 -0.093236 0.026953 0.937684 0.333661
1768847424.405301809 -2.677343 -1.725252 -0.037335 -0.092546 0.025791 0.937582 0.334232
1768847424.503923416 -2.691821 -1.712908 -0.037988 -0.092743 0.026506 0.937468 0.334440
1768847424.603918791 -2.706918 -1.700704 -0.037838 -0.092393 0.025544 0.937460 0.334634
1768847424.703763485 -2.722179 -1.688412 -0.038152 -0.092750 0.026075 0.937506 0.334364
1768847424.803757668 -2.737448 -1.675560 -0.038195 -0.092409 0.025670 0.937485 0.334550
1768847424.904709816 -2.752741 -1.662182 -0.038700 -0.092937 0.025631 0.937277 0.334989
1768847425.003916979 -2.767598 -1.649542 -0.038064 -0.092141 0.025965 0.937252 0.335253
1768847425.103833675 -2.782760 -1.637139 -0.038297 -0.092340 0.025796 0.937042 0.335797
1768847425.204021692 -2.797776 -1.623990 -0.038616 -0.091656 0.026399 0.937055 0.335903
1768847425.305464268 -2.813343 -1.610923 -0.039033 -0.091851 0.025909 0.936986 0.336080
1768847425.403879642 -2.827953 -1.598177 -0.039267 -0.091332 0.026762 0.936824 0.336606
1768847425.503844976 -2.843389 -1.585393 -0.039114 -0.091818 0.026063 0.936709 0.336848
1768847425.604045630 -2.858428 -1.572557 -0.039231 -0.091790 0.027049 0.936615 0.337039
1768847425.703783035 -2.873864 -1.559793 -0.039110 -0.091680 0.026069 0.936657 0.337031
1768847425.804194450 -2.889233 -1.546544 -0.039530 -0.092200 0.026869 0.936658 0.336823
1768847425.903926373 -2.904437 -1.533539 -0.039495 -0.091751 0.026535 0.936590 0.337160
1768847426.003922701 -2.919848 -1.520705 -0.039878 -0.092393 0.026461 0.936402 0.337513
1768847426.103593349 -2.935064 -1.508022 -0.039841 -0.091631 0.026814 0.936359 0.337811
1768847426.207370043 -2.950524 -1.494773 -0.040198 -0.092278 0.026299 0.936217 0.338068
1768847426.303951979 -2.964482 -1.482821 -0.039901 -0.091521 0.027055 0.936147 0.338408
1768847426.404133081 -2.979186 -1.470292 -0.040417 -0.092078 0.026617 0.935953 0.338830
1768847426.503956079 -2.993810 -1.457808 -0.040233 -0.091387 0.027264 0.935880 0.339168
1768847426.603906155 -3.008677 -1.445278 -0.040902 -0.091575 0.026327 0.935726 0.339615
1768847426.703836203 -3.023185 -1.432721 -0.040742 -0.090994 0.027018 0.935801 0.339508
1768847426.804206133 -3.037855 -1.419994 -0.040725 -0.090851 0.025919 0.935792 0.339658
1768847426.904025316 -3.052203 -1.407105 -0.041007 -0.091216 0.026855 0.935727 0.339666
1768847427.004066944 -3.067199 -1.394497 -0.041236 -0.090879 0.025792 0.935664 0.340013
1768847427.105488300 -3.081858 -1.381590 -0.041777 -0.091260 0.026079 0.935533 0.340249
1768847427.204189539 -3.096408 -1.369198 -0.041522 -0.090743 0.025704 0.935496 0.340517
1768847427.304074049 -3.111249 -1.356515 -0.042397 -0.091025 0.025919 0.935457 0.340534
1768847427.404161453 -3.125835 -1.343796 -0.042171 -0.090168 0.025531 0.935466 0.340765
1768847427.503879070 -3.140431 -1.331013 -0.042755 -0.090493 0.025642 0.935266 0.341221
1768847427.603897572 -3.154836 -1.318527 -0.042750 -0.089723 0.025243 0.935355 0.341210
1768847427.703928709 -3.169546 -1.305753 -0.043388 -0.090266 0.025027 0.935248 0.341374
1768847427.804005146 -3.184369 -1.292962 -0.043736 -0.089748 0.025054 0.935317 0.341320
1768847427.907449961 -3.199859 -1.279599 -0.044036 -0.090115 0.024537 0.935239 0.341476
1768847428.004198074 -3.214003 -1.267457 -0.044452 -0.089493 0.025127 0.935179 0.341761
1768847428.104093790 -3.228138 -1.254833 -0.044737 -0.089835 0.024633 0.934311 0.344073
1768847428.204006433 -3.241949 -1.241983 -0.045252 -0.089374 0.025244 0.930772 0.353609
1768847428.303964853 -3.255368 -1.228545 -0.046078 -0.088711 0.026943 0.923974 0.371047
1768847428.404167175 -3.267482 -1.215527 -0.045896 -0.087084 0.028728 0.915109 0.392641
1768847428.503952503 -3.277794 -1.202926 -0.045774 -0.085967 0.031060 0.903973 0.417704
1768847428.604096413 -3.286964 -1.190288 -0.045576 -0.084394 0.033991 0.890369 0.446056
1768847428.704260111 -3.295262 -1.177571 -0.044933 -0.082702 0.036421 0.874201 0.477082
1768847428.804065943 -3.303300 -1.164611 -0.044959 -0.080468 0.038157 0.860487 0.501629
1768847428.904089928 -3.312480 -1.148075 -0.045762 -0.081566 0.038866 0.858859 0.504180
1768847429.004487514 -3.321550 -1.131587 -0.045417 -0.081292 0.038508 0.858619 0.504661
1768847429.104098320 -3.331068 -1.114566 -0.044424 -0.081238 0.038788 0.858486 0.504874
1768847429.206285238 -3.340863 -1.097068 -0.044232 -0.081379 0.038819 0.858525 0.504782
1768847429.304209232 -3.349975 -1.079952 -0.043696 -0.081128 0.038976 0.858481 0.504885
1768847429.403885603 -3.358865 -1.062778 -0.043854 -0.081161 0.038851 0.855495 0.509933
1768847429.504001856 -3.367134 -1.045283 -0.043766 -0.080755 0.040793 0.848488 0.521424
1768847429.607928276 -3.374707 -1.027750 -0.043749 -0.079919 0.041937 0.837348 0.539169
1768847429.704008818 -3.380617 -1.012718 -0.043273 -0.078515 0.043283 0.824817 0.558246
1768847429.804052591 -3.385390 -0.997783 -0.042824 -0.077033 0.045279 0.808635 0.581486
1768847429.904016972 -3.388936 -0.983177 -0.042743 -0.075181 0.047754 0.789112 0.607758
1768847430.003985882 -3.391467 -0.968288 -0.042835 -0.073201 0.050379 0.767314 0.635085
1768847430.104252100 -3.394678 -0.951374 -0.042929 -0.072572 0.050324 0.761333 0.642319
1768847430.202814579 -3.397624 -0.933777 -0.043010 -0.072443 0.050499 0.760982 0.642736
1768847430.304122686 -3.400804 -0.914741 -0.042821 -0.072584 0.050575 0.760670 0.643082
1768847430.404088020 -3.404043 -0.896050 -0.042648 -0.072671 0.050825 0.760544 0.643201
1768847430.503321171 -3.407233 -0.877392 -0.042574 -0.073002 0.050465 0.760482 0.643266
1768847430.604104996 -3.410638 -0.856526 -0.040446 -0.072979 0.051218 0.760414 0.643289
1768847430.704181194 -3.414151 -0.837284 -0.039688 -0.072730 0.050775 0.760520 0.643227
1768847430.804379463 -3.417501 -0.817640 -0.040056 -0.074007 0.051679 0.760093 0.643515
1768847430.904288054 -3.420714 -0.799019 -0.040024 -0.073459 0.051296 0.760148 0.643543
1768847431.004163504 -3.423928 -0.780293 -0.040626 -0.074785 0.051986 0.759837 0.643702
1768847431.103999376 -3.427271 -0.761359 -0.040561 -0.074298 0.051812 0.761182 0.642181
1768847431.204133511 -3.431288 -0.742263 -0.040891 -0.075265 0.050842 0.766517 0.635769
1768847431.304354906 -3.435582 -0.724089 -0.041239 -0.076787 0.049671 0.777263 0.622493
1768847431.404007196 -3.440291 -0.706902 -0.041397 -0.078056 0.048119 0.790621 0.605401
1768847431.504122734 -3.445537 -0.691618 -0.041162 -0.079019 0.046279 0.806733 0.583777
1768847431.604332209 -3.451035 -0.677707 -0.041492 -0.079664 0.043683 0.822149 0.561976
1768847431.704174757 -3.457534 -0.661017 -0.041575 -0.080547 0.043525 0.825368 0.557123
1768847431.804000139 -3.465029 -0.642327 -0.041640 -0.081133 0.042799 0.825527 0.556858
1768847431.904027462 -3.472019 -0.624167 -0.041309 -0.081182 0.042934 0.825344 0.557112
1768847432.004073620 -3.479641 -0.605438 -0.040983 -0.081061 0.042052 0.826486 0.555501
1768847432.104208231 -3.487619 -0.587707 -0.040716 -0.081760 0.041438 0.832852 0.545854
1768847432.207424641 -3.496355 -0.570371 -0.040628 -0.082682 0.039739 0.843326 0.529515
1768847432.304297924 -3.504290 -0.555981 -0.040653 -0.083572 0.038252 0.855442 0.509677
1768847432.404117823 -3.513210 -0.542604 -0.041192 -0.085112 0.036113 0.869247 0.485656
1768847432.505165577 -3.521840 -0.530436 -0.040927 -0.086006 0.034120 0.884682 0.456920
1768847432.604107618 -3.530812 -0.520443 -0.041324 -0.088033 0.031287 0.900878 0.423900
1768847432.704316854 -3.539360 -0.512284 -0.041686 -0.088972 0.027842 0.915974 0.390257
1768847432.804226398 -3.551286 -0.499072 -0.041029 -0.088798 0.027404 0.919000 0.383149
1768847432.904201746 -3.564922 -0.484638 -0.041918 -0.089066 0.027776 0.918956 0.383165
1768847433.004563570 -3.578814 -0.470547 -0.041687 -0.088320 0.027737 0.918888 0.383504
1768847433.104169130 -3.592561 -0.456180 -0.041786 -0.088806 0.027970 0.919389 0.382171
1768847433.204160452 -3.606722 -0.442487 -0.040882 -0.088624 0.027502 0.922247 0.375299
1768847433.304113626 -3.620685 -0.429285 -0.041204 -0.089165 0.026453 0.927506 0.362054
1768847433.404058456 -3.635014 -0.417416 -0.041406 -0.089654 0.024673 0.934416 0.343833
1768847433.504191637 -3.648836 -0.407348 -0.041466 -0.090710 0.022663 0.942880 0.319742
1768847433.604230404 -3.661763 -0.399014 -0.041707 -0.091328 0.020179 0.952122 0.291059
1768847433.704189777 -3.674511 -0.392340 -0.042116 -0.092624 0.017587 0.961556 0.257919
1768847433.804235935 -3.686423 -0.386963 -0.042344 -0.093363 0.014547 0.970978 0.219713
1768847433.904254675 -3.696848 -0.383402 -0.042399 -0.094217 0.010932 0.979287 0.178888
1768847434.007262230 -3.709359 -0.378837 -0.042772 -0.094575 0.008320 0.983975 0.150929
1768847434.104212284 -3.727927 -0.372238 -0.042611 -0.094138 0.008981 0.984243 0.149412
1768847434.204176188 -3.746951 -0.365897 -0.043032 -0.094238 0.008274 0.984271 0.149199
1768847434.304126501 -3.765890 -0.359574 -0.042649 -0.093805 0.009254 0.984375 0.148729
1768847434.404076815 -3.785103 -0.353405 -0.043136 -0.093399 0.008232 0.984466 0.148443
1768847434.504156828 -3.804164 -0.347097 -0.042822 -0.093350 0.009592 0.984528 0.147978
1768847434.604365587 -3.823184 -0.341354 -0.042812 -0.093569 0.008328 0.985253 0.143008
1768847434.704247475 -3.842071 -0.336312 -0.042413 -0.093447 0.007595 0.987232 0.128775
1768847434.804236174 -3.859992 -0.332347 -0.042868 -0.093752 0.005967 0.989647 0.108504
1768847434.904281616 -3.876810 -0.328830 -0.043351 -0.093978 0.003933 0.991753 0.087061
1768847435.004281282 -3.896161 -0.325254 -0.042814 -0.093543 0.004599 0.991993 0.084730
1768847435.104987144 -3.916227 -0.321568 -0.043663 -0.093588 0.003799 0.991983 0.084833
1768847435.204267979 -3.936186 -0.317620 -0.043842 -0.093338 0.004785 0.991992 0.084953
1768847435.304168224 -3.956089 -0.314057 -0.044137 -0.093128 0.003964 0.992037 0.084698
1768847435.404255629 -3.975569 -0.310248 -0.045014 -0.093320 0.004794 0.992044 0.084361
1768847435.504126549 -3.995108 -0.307028 -0.045505 -0.092833 0.004669 0.992091 0.084349
1768847435.604254723 -4.014605 -0.303559 -0.045552 -0.093367 0.005004 0.992042 0.084325
1768847435.704143286 -4.033229 -0.299943 -0.045040 -0.092829 0.005160 0.992072 0.084550
1768847435.804940939 -4.052097 -0.296174 -0.045373 -0.093454 0.004865 0.992003 0.084689
1768847435.903648376 -4.071048 -0.292656 -0.045558 -0.093407 0.005513 0.991970 0.085094
1768847436.005671978 -4.090737 -0.288963 -0.046248 -0.093576 0.004602 0.991960 0.085075
1768847436.104335785 -4.109486 -0.285439 -0.046447 -0.093869 0.005930 0.991905 0.085310
1768847436.204267979 -4.128954 -0.282224 -0.046722 -0.093787 0.004650 0.992129 0.082842
1768847436.304166555 -4.148148 -0.279831 -0.046873 -0.094121 0.004130 0.992909 0.072496
1768847436.404808521 -4.167074 -0.277602 -0.047363 -0.094366 0.003024 0.993995 0.055321
1768847436.504356146 -4.183890 -0.276091 -0.047763 -0.094960 0.001054 0.994960 0.032203
1768847436.604212284 -4.200926 -0.275569 -0.047898 -0.095014 0.000691 0.995329 0.017099
1768847436.704179525 -4.220223 -0.274748 -0.048199 -0.094424 0.000425 0.995406 0.015830
1768847436.804166317 -4.240051 -0.273753 -0.048291 -0.095210 0.001379 0.995326 0.016101
1768847436.905515432 -4.260040 -0.272777 -0.048339 -0.094710 0.000924 0.995375 0.016027
1768847437.004496098 -4.279729 -0.271640 -0.048847 -0.095340 0.001117 0.995316 0.015972
1768847437.104274035 -4.299063 -0.270767 -0.048761 -0.095164 0.001236 0.995333 0.015936
1768847437.204368830 -4.318892 -0.269537 -0.049339 -0.095468 0.001103 0.995309 0.015633
1768847437.304500580 -4.338533 -0.268709 -0.049902 -0.095674 0.001100 0.995288 0.015712
1768847437.404384851 -4.358193 -0.267608 -0.050216 -0.096044 0.001587 0.995256 0.015442
1768847437.504369020 -4.377556 -0.266869 -0.050982 -0.096132 0.001470 0.995244 0.015661
1768847437.604443550 -4.396854 -0.265820 -0.051218 -0.096183 0.002076 0.995239 0.015602
1768847437.703769207 -4.415910 -0.264906 -0.051894 -0.096424 0.002095 0.995213 0.015777
1768847437.804359436 -4.435257 -0.263718 -0.051944 -0.096255 0.002862 0.995225 0.015930
1768847437.904527187 -4.454728 -0.262579 -0.052343 -0.096581 0.002705 0.995188 0.016271
1768847438.004340649 -4.474172 -0.261501 -0.052109 -0.096247 0.002847 0.995222 0.016191
1768847438.107413292 -4.494448 -0.260518 -0.053046 -0.096737 0.003127 0.995172 0.016265
1768847438.205621004 -4.513500 -0.259667 -0.053049 -0.096232 0.003083 0.995220 0.016316
1768847438.304832697 -4.533521 -0.258827 -0.053249 -0.096860 0.003477 0.995161 0.016175
1768847438.403930902 -4.553205 -0.258190 -0.054022 -0.095936 0.003020 0.995246 0.016535
1768847438.504380941 -4.572878 -0.257017 -0.053920 -0.096697 0.004154 0.995169 0.016481
1768847438.604393482 -4.591956 -0.256204 -0.054337 -0.096276 0.003914 0.995204 0.016846
1768847438.704250574 -4.611091 -0.254960 -0.054227 -0.096609 0.004712 0.995171 0.016687
1768847438.804416656 -4.630562 -0.253869 -0.054278 -0.096470 0.004621 0.995177 0.017196
1768847438.905082464 -4.650149 -0.252826 -0.053524 -0.095752 0.005195 0.995244 0.017156
1768847439.004406214 -4.669597 -0.251955 -0.054172 -0.096314 0.005212 0.995187 0.017284
1768847439.104401112 -4.688986 -0.250994 -0.054527 -0.095369 0.005347 0.995279 0.017197
1768847439.205328941 -4.708786 -0.249894 -0.055280 -0.096201 0.005513 0.995200 0.017073
1768847439.304422617 -4.727935 -0.249301 -0.055259 -0.095267 0.005470 0.995291 0.017026
1768847439.404477358 -4.747503 -0.248443 -0.055807 -0.096082 0.005803 0.995213 0.016921
1768847439.504487991 -4.766450 -0.247488 -0.055674 -0.095691 0.005608 0.995254 0.016763
1768847439.606104851 -4.786197 -0.246725 -0.056100 -0.095902 0.006100 0.995232 0.016687
1768847439.704376698 -4.804801 -0.246037 -0.056344 -0.095680 0.005769 0.995255 0.016703
1768847439.804301500 -4.824050 -0.245172 -0.056765 -0.095775 0.006681 0.995227 0.017465
1768847439.904427528 -4.842818 -0.243734 -0.057456 -0.096041 0.006447 0.995094 0.022868
1768847440.004995584 -4.861948 -0.241671 -0.058104 -0.096295 0.007668 0.994638 0.036926
1768847440.104421854 -4.880359 -0.239435 -0.058254 -0.096676 0.009522 0.993644 0.056870
1768847440.204532623 -4.897461 -0.236566 -0.058339 -0.096497 0.011479 0.991911 0.081663
1768847440.304675102 -4.913047 -0.232772 -0.058490 -0.097085 0.014092 0.989012 0.110596
1768847440.404125452 -4.926737 -0.228410 -0.058282 -0.096869 0.016485 0.984773 0.143412
1768847440.504449606 -4.938861 -0.223104 -0.058223 -0.096503 0.019908 0.978465 0.181375
1768847440.604675531 -4.950313 -0.217482 -0.057972 -0.096212 0.023273 0.969914 0.222413
1768847440.703970432 -4.962203 -0.210208 -0.057913 -0.095471 0.025948 0.962042 0.254335
1768847440.804978848 -4.978206 -0.200852 -0.058182 -0.096058 0.025608 0.960974 0.258159
1768847440.904341698 -4.994936 -0.190775 -0.058184 -0.095642 0.026035 0.961089 0.257844
1768847441.004347324 -5.011815 -0.181399 -0.058898 -0.096050 0.025425 0.961115 0.257656
1768847441.105031967 -5.028560 -0.171471 -0.059259 -0.095862 0.025390 0.961170 0.257522
1768847441.204397202 -5.044886 -0.161917 -0.059444 -0.095926 0.025521 0.960950 0.258306
1768847441.304500818 -5.061509 -0.152019 -0.059657 -0.095725 0.025214 0.960897 0.258608
1768847441.406930685 -5.078284 -0.141881 -0.059903 -0.095550 0.025876 0.960611 0.259666
1768847441.504393339 -5.093637 -0.132188 -0.060423 -0.095779 0.025451 0.958968 0.265628
1768847441.604385138 -5.109649 -0.121418 -0.060972 -0.094618 0.026508 0.955137 0.279390
1768847441.707914829 -5.124876 -0.110050 -0.060936 -0.093932 0.027944 0.949000 0.299659
1768847441.804898739 -5.137970 -0.099090 -0.060851 -0.093596 0.029591 0.941388 0.322726
1768847441.904413700 -5.149577 -0.088150 -0.060626 -0.092747 0.031842 0.931407 0.350520
1768847442.004390001 -5.159829 -0.077377 -0.060829 -0.092225 0.034119 0.919031 0.381722
1768847442.104442596 -5.167884 -0.067231 -0.061491 -0.091151 0.036514 0.903842 0.416447
1768847442.204487801 -5.175144 -0.056148 -0.061908 -0.089079 0.038832 0.886005 0.453378
1768847442.304507971 -5.184837 -0.042655 -0.062125 -0.089415 0.039590 0.880644 0.463577
1768847442.404493093 -5.195447 -0.026958 -0.062830 -0.089762 0.039891 0.880792 0.463204
1768847442.504585505 -5.206472 -0.011403 -0.063079 -0.088785 0.039402 0.881017 0.463005
1768847442.604885578 -5.217205 0.004508 -0.063457 -0.089123 0.039181 0.881000 0.462992
1768847442.704373837 -5.227517 0.019959 -0.063565 -0.088303 0.039378 0.880677 0.463745
1768847442.805395365 -5.237967 0.036344 -0.064733 -0.088647 0.039407 0.877944 0.468832
1768847442.904513597 -5.247389 0.052601 -0.064910 -0.088015 0.040079 0.871027 0.481622
1768847443.005351067 -5.256459 0.069099 -0.065499 -0.086911 0.041548 0.860941 0.499501
1768847443.104558945 -5.263801 0.084964 -0.066021 -0.085599 0.043786 0.848357 0.520621
1768847443.204408407 -5.270073 0.100340 -0.065959 -0.083518 0.045259 0.832592 0.545680
1768847443.303039789 -5.276234 0.116190 -0.065275 -0.081582 0.046697 0.821732 0.562068
1768847443.404584885 -5.283368 0.134632 -0.065402 -0.082184 0.047072 0.821059 0.562932
1768847443.506055593 -5.290169 0.153162 -0.065039 -0.081436 0.046542 0.821059 0.563084
1768847443.604565144 -5.297076 0.171031 -0.065313 -0.081794 0.046741 0.821062 0.563011
1768847443.704573393 -5.303661 0.189204 -0.065303 -0.081181 0.046563 0.819279 0.565707
1768847443.804514408 -5.309715 0.207504 -0.065403 -0.080413 0.048004 0.812326 0.575635
1768847443.904429913 -5.314911 0.225638 -0.065592 -0.079498 0.049677 0.801163 0.591059
1768847444.004555702 -5.319021 0.242863 -0.065209 -0.077999 0.050693 0.786419 0.610649
1768847444.104604959 -5.321905 0.259546 -0.065298 -0.076147 0.052310 0.769501 0.631928
1768847444.204484940 -5.324996 0.276585 -0.065392 -0.075449 0.052243 0.762710 0.640196
1768847444.304490805 -5.327602 0.295044 -0.065409 -0.075301 0.052970 0.762198 0.640763
1768847444.405822754 -5.330826 0.313743 -0.065508 -0.075747 0.051984 0.762131 0.640872
1768847444.504747868 -5.333518 0.332357 -0.065697 -0.075600 0.052610 0.761598 0.641472
1768847444.604578733 -5.336674 0.351119 -0.065611 -0.075523 0.051443 0.761580 0.641597
1768847444.704560757 -5.339668 0.370501 -0.066109 -0.076099 0.051412 0.761488 0.641640
1768847444.804605484 -5.342706 0.389532 -0.065899 -0.075499 0.051067 0.761837 0.641324
1768847444.904561996 -5.345698 0.409107 -0.065943 -0.075991 0.050484 0.762021 0.641094
1768847445.005227089 -5.349013 0.428872 -0.065444 -0.075156 0.050980 0.761955 0.641231
1768847445.107477903 -5.352182 0.448608 -0.065177 -0.075787 0.050021 0.762041 0.641130
1768847445.205446720 -5.355076 0.467761 -0.065104 -0.074409 0.050767 0.761772 0.641552
1768847445.304604530 -5.357828 0.486989 -0.064610 -0.074092 0.049792 0.759368 0.644509
1768847445.405520439 -5.360215 0.505903 -0.064755 -0.073378 0.050322 0.751660 0.653522
1768847445.504525661 -5.361889 0.525321 -0.064604 -0.071966 0.051065 0.740538 0.666196
1768847445.604695082 -5.363908 0.544787 -0.064236 -0.071332 0.052135 0.738392 0.668558
1768847445.705447197 -5.365950 0.564424 -0.063845 -0.071776 0.051547 0.737944 0.669051
1768847445.804032803 -5.367366 0.583459 -0.063480 -0.071323 0.051674 0.737845 0.669199
1768847445.904571295 -5.369453 0.603103 -0.063623 -0.071638 0.051637 0.737662 0.669370
1768847446.004734755 -5.371266 0.622918 -0.063709 -0.071537 0.051616 0.737861 0.669163
1768847446.103789091 -5.373245 0.642219 -0.063723 -0.071568 0.052358 0.737606 0.669383
1768847446.203677654 -5.375253 0.662013 -0.063496 -0.071529 0.051909 0.737707 0.669311
1768847446.304554939 -5.377333 0.681415 -0.063351 -0.071420 0.052906 0.737699 0.669254
1768847446.404497623 -5.379145 0.700699 -0.063569 -0.071633 0.052491 0.737526 0.669454
1768847446.504650116 -5.380774 0.720573 -0.063235 -0.071673 0.053492 0.737672 0.669210
1768847446.604639292 -5.382710 0.740509 -0.062714 -0.071896 0.052830 0.737520 0.669406
1768847446.704733133 -5.384606 0.760150 -0.062703 -0.071798 0.053841 0.737639 0.669205
1768847446.804394007 -5.386615 0.779135 -0.063154 -0.072592 0.053409 0.737692 0.669095
1768847446.904684544 -5.388458 0.798454 -0.063194 -0.072353 0.054400 0.736467 0.670390
1768847447.004632235 -5.389957 0.818075 -0.062886 -0.071801 0.054187 0.730081 0.677415
1768847447.103282690 -5.390665 0.837874 -0.063342 -0.071318 0.055241 0.718997 0.689134
1768847447.204212904 -5.391383 0.857111 -0.064065 -0.072144 0.056845 0.714994 0.693071
1768847447.304823637 -5.391812 0.876391 -0.064100 -0.071430 0.056522 0.714629 0.693548
1768847447.404706478 -5.392089 0.895897 -0.065277 -0.072524 0.057236 0.714382 0.693630
1768847447.504624605 -5.392246 0.915202 -0.064532 -0.072027 0.056876 0.714182 0.693918
1768847447.604690552 -5.392446 0.934901 -0.064745 -0.072863 0.057474 0.714045 0.693922
1768847447.704718590 -5.392541 0.953676 -0.064052 -0.072460 0.056980 0.713998 0.694053
1768847447.803997993 -5.392692 0.973808 -0.064573 -0.073325 0.057208 0.713675 0.694275
1768847447.904041529 -5.392735 0.993546 -0.064541 -0.072688 0.057073 0.713639 0.694390
1768847448.004550695 -5.392628 1.013711 -0.064764 -0.073506 0.057213 0.713665 0.694266
1768847448.104945183 -5.392621 1.033738 -0.065043 -0.073157 0.056943 0.713523 0.694472
1768847448.203239441 -5.392445 1.052629 -0.064934 -0.073656 0.057554 0.713894 0.693987
1768847448.304852486 -5.392495 1.071765 -0.065574 -0.073507 0.057603 0.713712 0.694186
1768847448.405470371 -5.392613 1.091056 -0.065751 -0.073229 0.057757 0.713769 0.694144
1768847448.504365206 -5.392770 1.110347 -0.066839 -0.073316 0.058027 0.713522 0.694366
1768847448.606449604 -5.392717 1.130422 -0.066663 -0.072340 0.057635 0.713330 0.694698
1768847448.705580235 -5.392723 1.149393 -0.066927 -0.073151 0.058224 0.713059 0.694842
1768847448.804683924 -5.393148 1.168475 -0.066419 -0.071997 0.058035 0.712921 0.695121
1768847448.904736042 -5.393953 1.188064 -0.066802 -0.072932 0.058324 0.715044 0.692814
1768847449.004591227 -5.394979 1.206750 -0.066169 -0.073216 0.057334 0.722241 0.685362
1768847449.105329275 -5.395873 1.226440 -0.066158 -0.073500 0.056557 0.723791 0.683759
1768847449.203473330 -5.396731 1.246099 -0.066283 -0.072907 0.056869 0.723977 0.683599
1768847449.304643631 -5.397793 1.265688 -0.066522 -0.073291 0.056297 0.724426 0.683130
1768847449.402773380 -5.398710 1.285053 -0.066460 -0.072658 0.057080 0.724492 0.683062
1768847449.504740477 -5.399751 1.304567 -0.066973 -0.073289 0.056922 0.724645 0.682846
1768847449.604819775 -5.400638 1.324251 -0.066657 -0.072190 0.057635 0.724463 0.683096
1768847449.704391718 -5.401634 1.343268 -0.067265 -0.072624 0.057563 0.724344 0.683182
1768847449.804803133 -5.402432 1.362607 -0.066956 -0.071973 0.057888 0.724458 0.683103
1768847449.903767586 -5.403357 1.382065 -0.067601 -0.072631 0.058235 0.724231 0.683244
1768847450.003255129 -5.404296 1.401425 -0.067257 -0.072573 0.058236 0.724438 0.683031
1768847450.104802132 -5.405446 1.421707 -0.067883 -0.072501 0.058911 0.724027 0.683416
1768847450.204736948 -5.406416 1.441126 -0.067657 -0.073080 0.058176 0.724569 0.682843
1768847450.304702044 -5.407094 1.460848 -0.067664 -0.072726 0.059088 0.724579 0.682792
1768847450.404797316 -5.407587 1.480290 -0.067458 -0.072807 0.057995 0.724901 0.682535
1768847450.506175518 -5.408134 1.500308 -0.067211 -0.072417 0.057886 0.724895 0.682593
1768847450.604946375 -5.409069 1.519746 -0.066969 -0.072463 0.056699 0.724841 0.682745
1768847450.704799175 -5.410029 1.539619 -0.066556 -0.072110 0.056860 0.725181 0.682408
1768847450.804769278 -5.411233 1.559153 -0.066300 -0.072046 0.055845 0.725046 0.682641
1768847450.905477762 -5.412187 1.578269 -0.066210 -0.071409 0.055413 0.725377 0.682391
1768847451.004831791 -5.412775 1.592730 -0.066776 -0.072618 0.056684 0.724707 0.682871
1768847451.105467319 -5.412793 1.592815 -0.066817 -0.071972 0.055522 0.724617 0.683131
1768847451.205287457 -5.412758 1.592545 -0.066672 -0.071863 0.055579 0.724645 0.683108
1768847451.304824352 -5.412726 1.592603 -0.066459 -0.071910 0.055457 0.724677 0.683079
1768847451.405064344 -5.412895 1.592846 -0.066093 -0.071550 0.055324 0.724542 0.683271
1768847451.504913568 -5.413130 1.593595 -0.065726 -0.071759 0.055347 0.724875 0.682893
1768847451.604691744 -5.414320 1.599345 -0.065630 -0.071123 0.054554 0.727276 0.680467
1768847451.704880953 -5.416131 1.617136 -0.065384 -0.072666 0.054342 0.729870 0.677537
1768847451.804867506 -5.417569 1.637475 -0.065803 -0.072852 0.054636 0.730329 0.676998
1768847451.905464411 -5.419162 1.656692 -0.065856 -0.073835 0.054017 0.731133 0.676074
1768847452.004866123 -5.420492 1.676189 -0.065462 -0.073090 0.054497 0.731207 0.676036
1768847452.104810715 -5.421644 1.695641 -0.065938 -0.074042 0.054199 0.731418 0.675728
1768847452.205031872 -5.422829 1.715251 -0.065879 -0.073803 0.054879 0.731421 0.675696
1768847452.304777622 -5.424362 1.734340 -0.066705 -0.074797 0.055315 0.731505 0.675459
1768847452.404006004 -5.425510 1.753026 -0.067030 -0.075162 0.055756 0.731575 0.675307
1768847452.504883051 -5.425821 1.762650 -0.067411 -0.075434 0.056618 0.730939 0.675894
1768847452.603643179 -5.425571 1.762850 -0.067355 -0.075335 0.056284 0.730761 0.676125
1768847452.704898596 -5.425427 1.762999 -0.067304 -0.075474 0.056353 0.730772 0.676092
1768847452.804546356 -5.425277 1.763140 -0.067344 -0.075407 0.056163 0.730874 0.676005
1768847452.904082775 -5.425179 1.763084 -0.067627 -0.075451 0.056313 0.730827 0.676039
1768847453.005469084 -5.425158 1.762619 -0.067951 -0.076004 0.056600 0.730789 0.675994
1768847453.104850292 -5.425221 1.760052 -0.068117 -0.076104 0.056262 0.730777 0.676023
1768847453.205531597 -5.425012 1.755575 -0.068053 -0.075729 0.056204 0.730398 0.676480
1768847453.304105520 -5.424702 1.749454 -0.068314 -0.075465 0.056598 0.730403 0.676471
1768847453.404835701 -5.424368 1.741750 -0.067866 -0.075105 0.056034 0.730503 0.676450
1768847453.503731966 -5.424019 1.732064 -0.067663 -0.074897 0.055462 0.730582 0.676435
1768847453.604785204 -5.423518 1.720310 -0.067616 -0.074696 0.055352 0.730644 0.676399
1768847453.703433037 -5.422783 1.707044 -0.067583 -0.074483 0.055121 0.730735 0.676343
1768847453.804362297 -5.421876 1.691533 -0.067370 -0.074040 0.055095 0.730584 0.676557
1768847453.904961348 -5.420767 1.674901 -0.067262 -0.073442 0.055444 0.730623 0.676552
1768847454.003455400 -5.419698 1.656560 -0.067296 -0.074014 0.054951 0.730216 0.676969
1768847454.104769707 -5.418236 1.635288 -0.067177 -0.073213 0.055707 0.729971 0.677258
1768847454.203399420 -5.416747 1.612850 -0.067174 -0.073206 0.055343 0.729463 0.677836
1768847454.304681540 -5.414736 1.588744 -0.067304 -0.072430 0.055485 0.728046 0.679429
1768847454.404813528 -5.412794 1.563353 -0.067171 -0.072892 0.055834 0.727208 0.680248
1768847454.504122496 -5.411159 1.538206 -0.067278 -0.073039 0.056939 0.726486 0.680912
1768847454.604913235 -5.409773 1.512382 -0.067287 -0.073417 0.057399 0.726143 0.681198
1768847454.704973459 -5.408681 1.486850 -0.067266 -0.073475 0.058114 0.726041 0.681240
1768847454.803578615 -5.407658 1.461892 -0.066894 -0.074153 0.058175 0.726324 0.680860
1768847454.904980183 -5.406484 1.435916 -0.066471 -0.074111 0.058397 0.726508 0.680650
1768847455.004916668 -5.405092 1.410151 -0.066527 -0.073820 0.058452 0.726631 0.680545
1768847455.106377363 -5.403654 1.385174 -0.066069 -0.073311 0.058292 0.726734 0.680503
1768847455.205029964 -5.402199 1.360536 -0.066476 -0.073572 0.057895 0.726735 0.680509
1768847455.304956198 -5.400907 1.335761 -0.067520 -0.073579 0.057448 0.726753 0.680527
1768847455.404847622 -5.399869 1.310899 -0.067821 -0.073913 0.057322 0.726760 0.680494
1768847455.504130840 -5.398580 1.285494 -0.068016 -0.073987 0.056954 0.726802 0.680472
1768847455.605119228 -5.396963 1.259693 -0.069144 -0.074154 0.056732 0.727245 0.679998
1768847455.705020666 -5.395419 1.234030 -0.070050 -0.074292 0.056960 0.727086 0.680134
1768847455.804570913 -5.394192 1.208569 -0.070693 -0.075138 0.057498 0.726749 0.680356
1768847455.904933691 -5.393023 1.183431 -0.069770 -0.074930 0.057759 0.726009 0.681147
1768847456.005240202 -5.391817 1.158330 -0.069223 -0.075079 0.057817 0.725515 0.681651
1768847456.104930639 -5.390715 1.133700 -0.068607 -0.075034 0.057669 0.725229 0.681973
1768847456.205076933 -5.389693 1.108827 -0.067884 -0.075054 0.057476 0.724868 0.682371
1768847456.304927588 -5.388869 1.084141 -0.066737 -0.075508 0.057001 0.724679 0.682561
1768847456.405439615 -5.388113 1.059248 -0.065895 -0.075347 0.057172 0.724339 0.682925
1768847456.503659964 -5.387533 1.034928 -0.065409 -0.075758 0.056878 0.724000 0.683264
1768847456.604967356 -5.387231 1.009249 -0.065248 -0.075172 0.056951 0.723360 0.684000
1768847456.704906940 -5.387053 0.984382 -0.065588 -0.074756 0.057037 0.722440 0.685010
1768847456.804868460 -5.386958 0.959320 -0.066291 -0.074465 0.057120 0.721918 0.685585
1768847456.903689623 -5.386799 0.934532 -0.066399 -0.073827 0.057214 0.721288 0.686309
1768847457.004778385 -5.386602 0.909313 -0.066458 -0.074001 0.057085 0.720982 0.686622
1768847457.105578184 -5.386276 0.883299 -0.065912 -0.073494 0.057000 0.720871 0.686800
1768847457.205156565 -5.385558 0.858167 -0.066201 -0.073528 0.057142 0.720682 0.686983
1768847457.304888964 -5.384524 0.833139 -0.066358 -0.072687 0.056697 0.720166 0.687650
1768847457.405002117 -5.383647 0.808219 -0.066077 -0.072371 0.056435 0.719480 0.688423
1768847457.505553007 -5.382677 0.782695 -0.065550 -0.071462 0.056218 0.718885 0.689157
1768847457.605009317 -5.381671 0.757101 -0.065551 -0.070926 0.056192 0.718277 0.689848
1768847457.703757048 -5.380428 0.732202 -0.065959 -0.070356 0.055997 0.717935 0.690278
1768847457.804997444 -5.379110 0.705892 -0.065865 -0.070215 0.055641 0.717662 0.690605
1768847457.906555176 -5.378173 0.680373 -0.065907 -0.070216 0.055196 0.717398 0.690915
1768847458.003577471 -5.377306 0.655429 -0.065506 -0.070113 0.055185 0.717114 0.691221
1768847458.103893280 -5.376357 0.629892 -0.065182 -0.069758 0.054776 0.716586 0.691837
1768847458.204143763 -5.375456 0.604250 -0.064715 -0.069601 0.054753 0.715683 0.692788
1768847458.303428888 -5.374762 0.578727 -0.064806 -0.069269 0.054876 0.715179 0.693332
1768847458.405096054 -5.374004 0.552909 -0.065001 -0.069140 0.055159 0.714677 0.693840
1768847458.504991293 -5.373502 0.527596 -0.064675 -0.069340 0.054987 0.714332 0.694188
1768847458.603911161 -5.372973 0.502451 -0.064373 -0.069318 0.055360 0.714138 0.694361
1768847458.704254150 -5.372132 0.476852 -0.064746 -0.070106 0.055771 0.714051 0.694338
1768847458.804697037 -5.371145 0.451547 -0.065307 -0.070485 0.056205 0.713962 0.694357
1768847458.904246807 -5.371078 0.426166 -0.064783 -0.071407 0.056454 0.713586 0.694629
1768847459.003823042 -5.370566 0.400888 -0.064861 -0.071361 0.056849 0.713081 0.695119
1768847459.103871346 -5.369814 0.376002 -0.065411 -0.071914 0.057344 0.712641 0.695473
1768847459.204850912 -5.369405 0.351097 -0.066437 -0.072166 0.057827 0.712355 0.695700
1768847459.303748131 -5.369149 0.326748 -0.066419 -0.071493 0.058055 0.711785 0.696334
1768847459.405111313 -5.368732 0.301139 -0.066080 -0.071362 0.058068 0.711587 0.696549
1768847459.504003525 -5.368239 0.276472 -0.065994 -0.071031 0.058257 0.711861 0.696286
1768847459.603753805 -5.368197 0.251796 -0.065702 -0.071030 0.058147 0.712325 0.695821
1768847459.704992056 -5.368201 0.226719 -0.065423 -0.071140 0.057867 0.712558 0.695594
1768847459.804778814 -5.368041 0.202102 -0.065302 -0.071256 0.057790 0.712630 0.695515
1768847459.904114962 -5.367596 0.177284 -0.065252 -0.070943 0.057985 0.712241 0.695929
1768847460.004486799 -5.367595 0.152113 -0.065579 -0.070889 0.058191 0.712026 0.696137
1768847460.104042530 -5.367308 0.127142 -0.065546 -0.071095 0.058151 0.711926 0.696222
1768847460.204099894 -5.367210 0.101777 -0.065261 -0.071779 0.058019 0.711867 0.696223
1768847460.303881645 -5.367179 0.076440 -0.065338 -0.071939 0.058451 0.711751 0.696289
1768847460.403762102 -5.367134 0.050692 -0.065280 -0.072764 0.058448 0.711572 0.696387
1768847460.505062819 -5.367320 0.027212 -0.065346 -0.073064 0.057383 0.711616 0.696399
1768847460.603688240 -5.366877 0.025233 -0.065216 -0.073670 0.058456 0.711521 0.696343
1768847460.703755856 -5.366768 0.025121 -0.065201 -0.073531 0.058112 0.711532 0.696376
1768847460.805239201 -5.366665 0.025210 -0.065274 -0.073508 0.058209 0.711481 0.696422
1768847460.903800249 -5.366559 0.025106 -0.065337 -0.073353 0.058185 0.711590 0.696329
1768847461.003933668 -5.366479 0.025004 -0.065416 -0.073526 0.058259 0.711475 0.696421
1768847461.103876352 -5.366708 0.025101 -0.065350 -0.073457 0.058142 0.711403 0.696513
1768847461.203809977 -5.367158 0.024972 -0.065467 -0.073490 0.058092 0.713217 0.694655
1768847461.305234194 -5.367918 0.024705 -0.065649 -0.074500 0.057729 0.722655 0.684753
1768847461.404759169 -5.368890 0.024448 -0.066015 -0.076193 0.056259 0.737483 0.668691
1768847461.503899097 -5.369989 0.023837 -0.066387 -0.078092 0.054981 0.757318 0.646025
1768847461.603763103 -5.371202 0.022941 -0.066566 -0.080461 0.052230 0.782072 0.615760
1768847461.705241680 -5.372613 0.022182 -0.067174 -0.083457 0.049224 0.810557 0.577590
1768847461.805541754 -5.374859 0.021523 -0.066815 -0.086301 0.044842 0.841347 0.531673
1768847461.903919458 -5.377280 0.020010 -0.066148 -0.088125 0.040238 0.873623 0.476862
1768847462.004388809 -5.379702 0.018590 -0.066457 -0.091128 0.034794 0.906704 0.410334
1768847462.105082989 -5.381470 0.016529 -0.066483 -0.094001 0.028654 0.936155 0.337574
1768847462.205276489 -5.383221 0.014297 -0.068105 -0.095825 0.022273 0.961520 0.256516
1768847462.306522131 -5.383661 0.011979 -0.067894 -0.096856 0.014971 0.980022 0.173065
1768847462.404598951 -5.382011 0.009626 -0.068008 -0.097623 0.008591 0.990980 0.091406
1768847462.506474018 -5.379241 0.008784 -0.066936 -0.096857 0.003419 0.994983 0.024827
1768847462.603753328 -5.379791 0.008596 -0.066804 -0.096763 0.003192 0.995060 0.021949
1768847462.704043388 -5.380548 0.008492 -0.066878 -0.096713 0.003219 0.995062 0.022073
1768847462.803820848 -5.380930 0.008555 -0.066747 -0.096692 0.003183 0.995064 0.022076
1768847462.903734207 -5.381041 0.008710 -0.066814 -0.096734 0.003173 0.995056 0.022262
1768847463.006053686 -5.381555 0.008947 -0.066865 -0.096037 0.003183 0.995125 0.022214
1768847463.103889465 -5.392190 0.009487 -0.067449 -0.096363 0.003140 0.995147 0.019654
1768847463.205071211 -5.412075 0.010245 -0.067538 -0.096233 0.002525 0.995152 0.020130
1768847463.303848028 -5.431107 0.011041 -0.067771 -0.096616 0.002772 0.995114 0.020155
1768847463.403884172 -5.450898 0.011920 -0.067588 -0.095799 0.002202 0.995187 0.020511
1768847463.504011869 -5.470809 0.013218 -0.068219 -0.096625 0.002449 0.995102 0.020707
1768847463.603950739 -5.490740 0.014319 -0.068258 -0.096059 0.002428 0.995155 0.020814
1768847463.704049349 -5.510912 0.015223 -0.068638 -0.096486 0.001729 0.995159 0.018598
1768847463.803999424 -5.530666 0.015501 -0.068934 -0.096604 0.001379 0.995277 0.009453
1768847463.904212236 -5.549095 0.015478 -0.069074 -0.096526 0.000015 0.995320 -0.004577
1768847464.003719807 -5.568960 0.015621 -0.069671 -0.096724 -0.000709 0.995293 -0.006033
1768847464.104102612 -5.588855 0.015906 -0.069594 -0.097021 0.000215 0.995263 -0.006155
1768847464.203894377 -5.608076 0.015929 -0.069932 -0.097155 -0.000966 0.995251 -0.005925
1768847464.303889751 -5.627721 0.016154 -0.070376 -0.097373 0.000383 0.995230 -0.005930
1768847464.403890371 -5.647120 0.015931 -0.071320 -0.097224 -0.000862 0.995246 -0.005727
1768847464.505350590 -5.666730 0.016121 -0.071442 -0.097249 0.000497 0.995245 -0.005477
1768847464.603719473 -5.685388 0.015939 -0.071745 -0.096957 -0.000784 0.995274 -0.005293
1768847464.704643250 -5.704611 0.015609 -0.072385 -0.096960 0.000131 0.995273 -0.005457
1768847464.803799629 -5.723886 0.014904 -0.073445 -0.096641 -0.000313 0.995304 -0.005471
1768847464.906464815 -5.743929 0.014397 -0.073576 -0.096369 -0.000274 0.995327 -0.006091
1768847465.003926277 -5.763204 0.013555 -0.074176 -0.096522 -0.000350 0.995284 -0.009640
1768847465.106475830 -5.782337 0.012198 -0.073967 -0.095814 -0.000689 0.995200 -0.019890
1768847465.203788996 -5.800283 0.010935 -0.074540 -0.095387 -0.002202 0.995094 -0.026173
1768847465.303893805 -5.819508 0.009727 -0.075324 -0.095823 -0.000837 0.995044 -0.026557
1768847465.403911114 -5.838664 0.008517 -0.076341 -0.094959 -0.001845 0.995118 -0.026810
1768847465.504325628 -5.858286 0.007899 -0.076671 -0.095252 -0.000862 0.995084 -0.027088
1768847465.604010582 -5.877670 0.007169 -0.076679 -0.094598 -0.001927 0.995146 -0.027054
1768847465.704893351 -5.897102 0.006323 -0.076676 -0.094494 -0.000815 0.995148 -0.027393
1768847465.804170132 -5.915748 0.005069 -0.077837 -0.094478 -0.001900 0.995145 -0.027494
1768847465.903947592 -5.934792 0.004269 -0.077826 -0.094294 -0.001654 0.995145 -0.028159
1768847466.005418301 -5.954622 0.003494 -0.078228 -0.094375 -0.001590 0.995129 -0.028431
1768847466.105417728 -5.973959 0.003001 -0.078204 -0.094144 -0.001789 0.995145 -0.028639
1768847466.204141855 -5.993475 0.002132 -0.078708 -0.094592 -0.001296 0.995109 -0.028439
1768847466.303972006 -6.012988 0.001226 -0.078992 -0.094199 -0.001851 0.995148 -0.028345
1768847466.403824806 -6.032305 0.000157 -0.079337 -0.094394 -0.001209 0.995120 -0.028720
1768847466.504062414 -6.051701 -0.000812 -0.079325 -0.094126 -0.001703 0.995155 -0.028345
1768847466.603946209 -6.071078 -0.001518 -0.079330 -0.094267 -0.001018 0.995138 -0.028518
1768847466.703967571 -6.090513 -0.002331 -0.079371 -0.093896 -0.001858 0.995176 -0.028362
1768847466.803798199 -6.109938 -0.002894 -0.079475 -0.094102 -0.001379 0.995138 -0.029029
1768847466.906129360 -6.129972 -0.004094 -0.079587 -0.094188 -0.002028 0.995117 -0.029437
1768847467.003836632 -6.148980 -0.005252 -0.080050 -0.094248 -0.001705 0.995089 -0.030207
1768847467.105472326 -6.168744 -0.006675 -0.080895 -0.094567 -0.002167 0.995059 -0.030158
1768847467.204070091 -6.187796 -0.008013 -0.080599 -0.094357 -0.001698 0.995085 -0.030007
1768847467.304162979 -6.207283 -0.009472 -0.081403 -0.094637 -0.002048 0.995073 -0.029481
1768847467.405569553 -6.227064 -0.010891 -0.081799 -0.094442 -0.002044 0.995086 -0.029689
1768847467.504065990 -6.246107 -0.012408 -0.082787 -0.094940 -0.002052 0.995035 -0.029787
1768847467.605763197 -6.265574 -0.013874 -0.083520 -0.095233 -0.001797 0.994998 -0.030103
1768847467.703730822 -6.284687 -0.015525 -0.083910 -0.095829 -0.001580 0.994946 -0.029936
1768847467.804319620 -6.304172 -0.017547 -0.084080 -0.095502 -0.001742 0.994963 -0.030413
1768847467.903876781 -6.323836 -0.019394 -0.084974 -0.096200 -0.001476 0.994881 -0.030914
1768847468.003955126 -6.343313 -0.020873 -0.085138 -0.095997 -0.001910 0.994878 -0.031611
1768847468.103847265 -6.362581 -0.022180 -0.085300 -0.096548 -0.001446 0.994810 -0.032088
1768847468.204629183 -6.381588 -0.024079 -0.085985 -0.096761 -0.002291 0.994788 -0.032073
1768847468.304744720 -6.400252 -0.025560 -0.086258 -0.097084 -0.001503 0.994774 -0.031570
1768847468.404169559 -6.418977 -0.026952 -0.086418 -0.097180 -0.002243 0.994770 -0.031356
1768847468.503947973 -6.438127 -0.027705 -0.086183 -0.097035 -0.001368 0.994777 -0.031649
1768847468.603920937 -6.457637 -0.028468 -0.086549 -0.097158 -0.002247 0.994755 -0.031888
1768847468.704040289 -6.477293 -0.028691 -0.085935 -0.096807 -0.001427 0.994790 -0.031921
1768847468.804136992 -6.496989 -0.028779 -0.086196 -0.097131 -0.002051 0.994751 -0.032132
1768847468.903599501 -6.516672 -0.028788 -0.085549 -0.096563 -0.001738 0.994785 -0.032787
1768847469.004215717 -6.536627 -0.028741 -0.086084 -0.097149 -0.002233 0.994702 -0.033539
1768847469.104075909 -6.556054 -0.028669 -0.085997 -0.096555 -0.002368 0.994745 -0.033975
1768847469.205111265 -6.575404 -0.028661 -0.086173 -0.097153 -0.001777 0.994682 -0.034146
1768847469.304002523 -6.594766 -0.029083 -0.086055 -0.096694 -0.002850 0.994737 -0.033758
1768847469.403796673 -6.614287 -0.029668 -0.085370 -0.096366 -0.001526 0.994764 -0.033990
1768847469.504018784 -6.633937 -0.030434 -0.085389 -0.096251 -0.002483 0.994784 -0.033670
1768847469.604140282 -6.653622 -0.031256 -0.085769 -0.096230 -0.001503 0.994771 -0.034193
1768847469.704001665 -6.673082 -0.032455 -0.086492 -0.096206 -0.002555 0.994764 -0.034382
1768847469.804050446 -6.692654 -0.033606 -0.086627 -0.095611 -0.001690 0.994803 -0.034967
1768847469.904297829 -6.712290 -0.034987 -0.086935 -0.095507 -0.002284 0.994830 -0.034441
1768847470.003667116 -6.731871 -0.035892 -0.086351 -0.094665 -0.002151 0.994887 -0.035126
1768847470.105775356 -6.752104 -0.037101 -0.086476 -0.094916 -0.001863 0.994841 -0.035757
1768847470.203511715 -6.771020 -0.038231 -0.086294 -0.094205 -0.002516 0.994899 -0.035980
1768847470.303971291 -6.790847 -0.039408 -0.086559 -0.094657 -0.002016 0.994846 -0.036304
1768847470.403721094 -6.809990 -0.040592 -0.086335 -0.093827 -0.002944 0.994926 -0.036193
1768847470.504144669 -6.829626 -0.041624 -0.086792 -0.094307 -0.002032 0.994883 -0.036185
1768847470.604059696 -6.848894 -0.042609 -0.087006 -0.093583 -0.003024 0.994968 -0.035651
1768847470.704796076 -6.868366 -0.043404 -0.086861 -0.093905 -0.001884 0.994926 -0.036051
1768847470.804220676 -6.887666 -0.044384 -0.087441 -0.093308 -0.003098 0.994991 -0.035745
1768847470.903918028 -6.907232 -0.045028 -0.087262 -0.093575 -0.002266 0.994943 -0.036417
1768847471.003613949 -6.926663 -0.046100 -0.087408 -0.093056 -0.003224 0.994991 -0.036362
1768847471.104115486 -6.946326 -0.047013 -0.087639 -0.093023 -0.002709 0.994966 -0.037185
1768847471.204312801 -6.960080 -0.047750 -0.087766 -0.094127 -0.002433 0.994887 -0.036527
1768847471.303685427 -6.959945 -0.047500 -0.087514 -0.093355 -0.002762 0.994960 -0.036485
1768847471.404908180 -6.960151 -0.047308 -0.087430 -0.093214 -0.002668 0.994978 -0.036359
1768847471.503765583 -6.960121 -0.047330 -0.087238 -0.093329 -0.002672 0.994968 -0.036355
1768847471.603694201 -6.959584 -0.047519 -0.087367 -0.093887 -0.002710 0.994914 -0.036384
1768847471.704240322 -6.956682 -0.047592 -0.087302 -0.093866 -0.002724 0.994927 -0.036081
1768847471.803634882 -6.952297 -0.047546 -0.087153 -0.093539 -0.003269 0.994958 -0.036026
1768847471.903819323 -6.945712 -0.047100 -0.087258 -0.093706 -0.002403 0.994957 -0.035689
1768847472.004174709 -6.937193 -0.046847 -0.087184 -0.093509 -0.002971 0.994985 -0.035397
1768847472.103999376 -6.926942 -0.046501 -0.087455 -0.093946 -0.003405 0.994947 -0.035255
1768847472.204145193 -6.915233 -0.045916 -0.087412 -0.094215 -0.003281 0.994922 -0.035258
1768847472.303751230 -6.901737 -0.045382 -0.087071 -0.094294 -0.003036 0.994922 -0.035053
1768847472.403630257 -6.886285 -0.044532 -0.086613 -0.093953 -0.002522 0.994968 -0.034719
1768847472.502752781 -6.869310 -0.043035 -0.087098 -0.094554 -0.002181 0.994922 -0.034430
1768847472.604313612 -6.850545 -0.041755 -0.087616 -0.094839 -0.002918 0.994886 -0.034622
1768847472.703744173 -6.830446 -0.040306 -0.087372 -0.094967 -0.002324 0.994883 -0.034416
1768847472.803616047 -6.808690 -0.039361 -0.087078 -0.095226 -0.002348 0.994849 -0.034659
1768847472.904153824 -6.784481 -0.038518 -0.087241 -0.095361 -0.002350 0.994854 -0.034152
1768847473.003537178 -6.759274 -0.037660 -0.087583 -0.095626 -0.002151 0.994814 -0.034596
1768847473.103981018 -6.733613 -0.036771 -0.087575 -0.095799 -0.002204 0.994815 -0.034078
1768847473.204723120 -6.707622 -0.036064 -0.087392 -0.096089 -0.002169 0.994772 -0.034514
1768847473.303684711 -6.682347 -0.035264 -0.087098 -0.096556 -0.002082 0.994759 -0.033587
1768847473.404093742 -6.656821 -0.034238 -0.086853 -0.096635 -0.002124 0.994743 -0.033811
1768847473.504586458 -6.631413 -0.033381 -0.086750 -0.096715 -0.002019 0.994746 -0.033494
1768847473.603695393 -6.606175 -0.032323 -0.087204 -0.097104 -0.002134 0.994691 -0.034003
1768847473.703702450 -6.581118 -0.031445 -0.087251 -0.097270 -0.002502 0.994733 -0.032239
1768847473.803635359 -6.557313 -0.030412 -0.086822 -0.097410 -0.001815 0.994873 -0.027107
1768847473.904840231 -6.533933 -0.029497 -0.086301 -0.097401 -0.000925 0.995051 -0.019666
1768847474.003628254 -6.511467 -0.028762 -0.086692 -0.098157 -0.000815 0.995091 -0.012617
1768847474.103631973 -6.488679 -0.028273 -0.086404 -0.097864 0.000397 0.995189 -0.004598
1768847474.203756094 -6.466746 -0.028202 -0.086167 -0.098127 0.000802 0.995169 0.003051
1768847474.303706884 -6.446699 -0.028260 -0.086364 -0.096664 0.001902 0.995261 0.010426
1768847474.403764486 -6.444898 -0.028303 -0.086876 -0.098214 0.002278 0.995104 0.010830
1768847474.503771305 -6.444636 -0.028371 -0.087179 -0.098063 0.002387 0.995114 0.011187
1768847474.603688240 -6.444297 -0.028451 -0.087598 -0.098174 0.002198 0.995107 0.010904
1768847474.703626156 -6.438368 -0.028649 -0.088062 -0.099448 0.002764 0.994915 0.015684
1768847474.803751945 -6.415880 -0.029847 -0.088208 -0.098124 0.002849 0.994905 0.022953
1768847474.903725624 -6.393153 -0.031409 -0.087752 -0.097904 0.004100 0.994655 0.032533
1768847475.003664970 -6.370832 -0.033268 -0.087450 -0.097994 0.004111 0.994365 0.040242
1768847475.103638649 -6.348118 -0.035515 -0.087179 -0.097175 0.005290 0.994076 0.048389
1768847475.203674555 -6.325457 -0.038192 -0.087365 -0.097617 0.005886 0.993582 0.056837
1768847475.303714275 -6.303088 -0.041095 -0.087415 -0.097430 0.006436 0.993100 0.064950
1768847475.403791428 -6.280354 -0.044518 -0.087105 -0.096487 0.007524 0.992618 0.073098
1768847475.503983259 -6.257936 -0.048373 -0.087170 -0.096862 0.007675 0.991908 0.081714
1768847475.603639603 -6.235756 -0.052131 -0.086565 -0.096003 0.008782 0.991327 0.089318
1768847475.703880548 -6.213623 -0.056487 -0.086041 -0.096481 0.009255 0.990517 0.097377
1768847475.804138660 -6.191448 -0.060943 -0.084986 -0.096408 0.009544 0.989650 0.105861
1768847475.905041218 -6.169284 -0.065121 -0.084149 -0.095835 0.010506 0.988833 0.113639
1768847476.003679037 -6.147189 -0.069937 -0.084146 -0.096124 0.010936 0.987965 0.120687
1768847476.104544163 -6.123376 -0.075414 -0.083795 -0.096181 0.011070 0.987630 0.123345
1768847476.203974009 -6.099261 -0.081121 -0.082525 -0.096132 0.011391 0.987632 0.123333
1768847476.303795099 -6.076449 -0.086807 -0.083462 -0.096660 0.011213 0.987983 0.120089
1768847476.403747082 -6.055060 -0.091886 -0.083876 -0.096645 0.010462 0.989010 0.111394
1768847476.503701448 -6.034608 -0.096632 -0.082484 -0.096501 0.009246 0.990334 0.099202
1768847476.603832483 -6.015399 -0.100471 -0.081349 -0.096647 0.007560 0.991910 0.081955
1768847476.703756809 -5.997652 -0.103185 -0.080564 -0.096489 0.005827 0.993448 0.060973
1768847476.803706646 -5.980510 -0.104965 -0.079065 -0.096316 0.004286 0.994660 0.036839
1768847476.903790236 -5.963040 -0.106082 -0.077876 -0.096000 0.002424 0.995294 0.012936
1768847477.003744602 -5.945820 -0.106449 -0.077082 -0.095589 0.000708 0.995357 -0.011284
1768847477.103690147 -5.928149 -0.106321 -0.076325 -0.094821 -0.001480 0.994855 -0.035631
1768847477.203848839 -5.910792 -0.105408 -0.075419 -0.093376 -0.003021 0.993924 -0.058203
1768847477.303996563 -5.909261 -0.105255 -0.075299 -0.094573 -0.003678 0.993487 -0.063450
1768847477.403720856 -5.910217 -0.104995 -0.075469 -0.094390 -0.003794 0.993511 -0.063340
1768847477.503868103 -5.910598 -0.104929 -0.075399 -0.094266 -0.003895 0.993531 -0.063212
1768847477.604446650 -5.910582 -0.104782 -0.075456 -0.094269 -0.003851 0.993523 -0.063328
1768847477.703903437 -5.910208 -0.104619 -0.075534 -0.094405 -0.003937 0.993504 -0.063413
1768847477.803690910 -5.910159 -0.104637 -0.075454 -0.094319 -0.003909 0.993497 -0.063651
1768847477.903779745 -5.910274 -0.104568 -0.075400 -0.094457 -0.004012 0.993485 -0.063633
1768847478.003762007 -5.910540 -0.104620 -0.075386 -0.094396 -0.003925 0.993499 -0.063516
1768847478.104019880 -5.910590 -0.104821 -0.075368 -0.094359 -0.003962 0.993508 -0.063420
1768847478.205855608 -5.910875 -0.105125 -0.075267 -0.094395 -0.003935 0.993520 -0.063177
1768847478.304790735 -5.911279 -0.105108 -0.075079 -0.094200 -0.003937 0.993538 -0.063194
1768847478.403935909 -5.911262 -0.104743 -0.075179 -0.094311 -0.003898 0.993526 -0.063215
1768847478.503756046 -5.910926 -0.104508 -0.075218 -0.094236 -0.004001 0.993526 -0.063323
1768847478.603882313 -5.910705 -0.104518 -0.075239 -0.094396 -0.003920 0.993498 -0.063522
1768847478.703772306 -5.910436 -0.104660 -0.075273 -0.094370 -0.004000 0.993502 -0.063501
1768847478.803875685 -5.909114 -0.104466 -0.075373 -0.094891 -0.004072 0.993420 -0.064004
1768847478.903884649 -5.905809 -0.104051 -0.075305 -0.095185 -0.003740 0.993395 -0.063963
1768847479.004161119 -5.900685 -0.103574 -0.074891 -0.094794 -0.003812 0.993418 -0.064188
1768847479.105097055 -5.893896 -0.103095 -0.075222 -0.095398 -0.003995 0.993368 -0.064061
1768847479.203928709 -5.885599 -0.102329 -0.074887 -0.094670 -0.003657 0.993435 -0.064112
1768847479.303916454 -5.875300 -0.101079 -0.074828 -0.095029 -0.003751 0.993439 -0.063515
1768847479.403973579 -5.863314 -0.099452 -0.074547 -0.095088 -0.003538 0.993420 -0.063732
1768847479.503946304 -5.849783 -0.097791 -0.074202 -0.095051 -0.003629 0.993408 -0.063974
1768847479.603924990 -5.834072 -0.095781 -0.074156 -0.095510 -0.003754 0.993380 -0.063716
1768847479.704250574 -5.817081 -0.093367 -0.074567 -0.096294 -0.003680 0.993299 -0.063812
1768847479.803820848 -5.797889 -0.090928 -0.073644 -0.095663 -0.003612 0.993345 -0.064048
1768847479.904236555 -5.776912 -0.088387 -0.073340 -0.096629 -0.003389 0.993248 -0.064107
1768847480.004063845 -5.754394 -0.085635 -0.073704 -0.096340 -0.003298 0.993244 -0.064604
1768847480.103834152 -5.730140 -0.082360 -0.073600 -0.096710 -0.003513 0.993160 -0.065323
1768847480.203951836 -5.704818 -0.079195 -0.073186 -0.096918 -0.003669 0.993120 -0.065615
1768847480.303908348 -5.679744 -0.076272 -0.072614 -0.097340 -0.004058 0.993040 -0.066183
1768847480.404095173 -5.654900 -0.072820 -0.071815 -0.097304 -0.003845 0.992997 -0.066886
1768847480.503860474 -5.630070 -0.069414 -0.070828 -0.097389 -0.004117 0.992927 -0.067778
1768847480.604906797 -5.604655 -0.065960 -0.069945 -0.097443 -0.004446 0.992893 -0.068180
1768847480.703930378 -5.579683 -0.062774 -0.069266 -0.097151 -0.004348 0.992876 -0.068848
1768847480.804131746 -5.554373 -0.059497 -0.068991 -0.096767 -0.004393 0.992902 -0.069009
1768847480.903995752 -5.529378 -0.056444 -0.068688 -0.096425 -0.004246 0.992921 -0.069224
1768847481.004008055 -5.504590 -0.053091 -0.068880 -0.096432 -0.004001 0.992897 -0.069566
1768847481.103975773 -5.484842 -0.050219 -0.068783 -0.094736 -0.003747 0.992994 -0.070530
1768847481.203886032 -5.484916 -0.050036 -0.068862 -0.096130 -0.003607 0.992846 -0.070733
1768847481.304029465 -5.484989 -0.050113 -0.068489 -0.096092 -0.003503 0.992865 -0.070516
1768847481.403859377 -5.485131 -0.050137 -0.068519 -0.096097 -0.003490 0.992863 -0.070548
1768847481.504134178 -5.485390 -0.050389 -0.068485 -0.096133 -0.003437 0.992863 -0.070496
1768847481.603959084 -5.485611 -0.050578 -0.068485 -0.096050 -0.003458 0.992872 -0.070476
1768847481.704065323 -5.485617 -0.050507 -0.068606 -0.096030 -0.003457 0.992872 -0.070504
1768847481.804026842 -5.485729 -0.050529 -0.068713 -0.096165 -0.003442 0.992855 -0.070559
1768847481.903690815 -5.486022 -0.050298 -0.068646 -0.096034 -0.003490 0.992872 -0.070502
1768847482.003867388 -5.486000 -0.049982 -0.068604 -0.096076 -0.003532 0.992862 -0.070579
1768847482.103781939 -5.486229 -0.050078 -0.068628 -0.096050 -0.003586 0.992854 -0.070724
1768847482.204489470 -5.486259 -0.050019 -0.068624 -0.096059 -0.003536 0.992871 -0.070477
1768847482.304434776 -5.486633 -0.049829 -0.068511 -0.096063 -0.003557 0.992857 -0.070674
1768847482.404712677 -5.486848 -0.049552 -0.068320 -0.096084 -0.003607 0.992854 -0.070681
1768847482.503963470 -5.487159 -0.049431 -0.068420 -0.096144 -0.003664 0.992845 -0.070724
1768847482.604041576 -5.487217 -0.049433 -0.068581 -0.096007 -0.003615 0.992861 -0.070691
1768847482.704183817 -5.487342 -0.049699 -0.068798 -0.096211 -0.003620 0.992844 -0.070647
1768847482.803947210 -5.487346 -0.049849 -0.068889 -0.096159 -0.003550 0.992851 -0.070626
1768847482.904042244 -5.487324 -0.050092 -0.068777 -0.096118 -0.003567 0.992857 -0.070596
1768847483.003900528 -5.487203 -0.050121 -0.068831 -0.096166 -0.003575 0.992845 -0.070691
1768847483.104077339 -5.487119 -0.050167 -0.068825 -0.096069 -0.003667 0.992852 -0.070726
1768847483.204070568 -5.487198 -0.050488 -0.068887 -0.096138 -0.003621 0.992849 -0.070682
1768847483.303917170 -5.487108 -0.050429 -0.068736 -0.096162 -0.003614 0.992840 -0.070773
1768847483.404557228 -5.487376 -0.050199 -0.068780 -0.096094 -0.003493 0.992847 -0.070774
1768847483.504123449 -5.487616 -0.050128 -0.068920 -0.096047 -0.003553 0.992842 -0.070901
1768847483.604073048 -5.487640 -0.050052 -0.068963 -0.096113 -0.003482 0.992854 -0.070654
1768847483.704271317 -5.487582 -0.050073 -0.068803 -0.096029 -0.003503 0.992853 -0.070773
1768847483.803926706 -5.487527 -0.050066 -0.068705 -0.095953 -0.003536 0.992870 -0.070644
1768847483.903964520 -5.487306 -0.050134 -0.068747 -0.096025 -0.003569 0.992872 -0.070504
1768847484.004049540 -5.486779 -0.050243 -0.068741 -0.096157 -0.003530 0.992853 -0.070595
1768847484.103929996 -5.486713 -0.050201 -0.068692 -0.096054 -0.003543 0.992859 -0.070659
1768847484.204267740 -5.486535 -0.050185 -0.068544 -0.096182 -0.003520 0.992854 -0.070546
1768847484.303947210 -5.486439 -0.050146 -0.068625 -0.096111 -0.003568 0.992858 -0.070594
1768847484.404097319 -5.486473 -0.050271 -0.068714 -0.096117 -0.003511 0.992862 -0.070528
1768847484.504078388 -5.486451 -0.050421 -0.068730 -0.096109 -0.003521 0.992863 -0.070523
1768847484.604153872 -5.486575 -0.050409 -0.068630 -0.096154 -0.003472 0.992866 -0.070425
1768847484.704059839 -5.486783 -0.050361 -0.068601 -0.096027 -0.003534 0.992870 -0.070530
1768847484.804047585 -5.486500 -0.050276 -0.068504 -0.096016 -0.003563 0.992871 -0.070541
1768847484.904262304 -5.486427 -0.050344 -0.068560 -0.096058 -0.003472 0.992873 -0.070458
1768847485.004128218 -5.486572 -0.050276 -0.068448 -0.096025 -0.003510 0.992867 -0.070581
1768847485.104420424 -5.486700 -0.050320 -0.068372 -0.096138 -0.003502 0.992855 -0.070598
1768847485.206062555 -5.486680 -0.050532 -0.068466 -0.096077 -0.003479 0.992871 -0.070461
1768847485.303993464 -5.486352 -0.050498 -0.068519 -0.096020 -0.003506 0.992868 -0.070575
1768847485.404910803 -5.486502 -0.050316 -0.068525 -0.096107 -0.003538 0.992866 -0.070482
1768847485.506149769 -5.486324 -0.050276 -0.068509 -0.096093 -0.003528 0.992860 -0.070583
1768847485.604009867 -5.486285 -0.050240 -0.068541 -0.096086 -0.003495 0.992864 -0.070545
1768847485.704084396 -5.485972 -0.050196 -0.068423 -0.096119 -0.003515 0.992862 -0.070519
1768847485.804089546 -5.485802 -0.050080 -0.068542 -0.096293 -0.003551 0.992849 -0.070463
1768847485.904022455 -5.485944 -0.050338 -0.068317 -0.096074 -0.003507 0.992862 -0.070592
1768847486.003892422 -5.485973 -0.050398 -0.068445 -0.096116 -0.003588 0.992857 -0.070591
1768847486.104061604 -5.485904 -0.050416 -0.068433 -0.096170 -0.003559 0.992865 -0.070408
1768847486.204267263 -5.486139 -0.050269 -0.068495 -0.096108 -0.003538 0.992858 -0.070594
1768847486.304356813 -5.486261 -0.050183 -0.068397 -0.095973 -0.003547 0.992884 -0.070412
1768847486.404175282 -5.486431 -0.050200 -0.068392 -0.096022 -0.003613 0.992865 -0.070608
1768847486.504026413 -5.486489 -0.050030 -0.068383 -0.096036 -0.003473 0.992882 -0.070364
1768847486.604136229 -5.486898 -0.049878 -0.068404 -0.096035 -0.003586 0.992859 -0.070683
1768847486.704046488 -5.486892 -0.049843 -0.068290 -0.096037 -0.003568 0.992867 -0.070561
1768847486.804022551 -5.486937 -0.049827 -0.068155 -0.096037 -0.003484 0.992867 -0.070569
1768847486.905354977 -5.487093 -0.049759 -0.068061 -0.096059 -0.003607 0.992872 -0.070459
1768847487.002668381 -5.487075 -0.049601 -0.068076 -0.096022 -0.003612 0.992863 -0.070639
1768847487.104371548 -5.486944 -0.049713 -0.068098 -0.095997 -0.003652 0.992862 -0.070681
1768847487.204113960 -5.486847 -0.049792 -0.068008 -0.095990 -0.003599 0.992861 -0.070704
1768847487.306743145 -5.487018 -0.049905 -0.068144 -0.095965 -0.003515 0.992868 -0.070653
1768847487.404203892 -5.486791 -0.049931 -0.068402 -0.096082 -0.003711 0.992860 -0.070592
1768847487.506114960 -5.486986 -0.049983 -0.068539 -0.096137 -0.003578 0.992840 -0.070803
1768847487.605528831 -5.486916 -0.050106 -0.068895 -0.095997 -0.003564 0.992871 -0.070565
1768847487.704499006 -5.486813 -0.050233 -0.068897 -0.096211 -0.003475 0.992841 -0.070701
1768847487.804293394 -5.486521 -0.050276 -0.068811 -0.096098 -0.003469 0.992861 -0.070569
1768847487.904088020 -5.486483 -0.050353 -0.068980 -0.096119 -0.003444 0.992854 -0.070645
1768847488.004113436 -5.486755 -0.050252 -0.069101 -0.096202 -0.003412 0.992845 -0.070654
1768847488.106474400 -5.486799 -0.050254 -0.069107 -0.096074 -0.003456 0.992851 -0.070745
1768847488.204119444 -5.486982 -0.050182 -0.069153 -0.096153 -0.003540 0.992844 -0.070727
1768847488.304280519 -5.487110 -0.050252 -0.068983 -0.096145 -0.003439 0.992830 -0.070938
1768847488.404170752 -5.487396 -0.050138 -0.069077 -0.096084 -0.003519 0.992850 -0.070739
1768847488.504153013 -5.487317 -0.050073 -0.069021 -0.096073 -0.003459 0.992846 -0.070820
1768847488.604194880 -5.487411 -0.050023 -0.068940 -0.096093 -0.003511 0.992847 -0.070778
1768847488.704525948 -5.487369 -0.050057 -0.068808 -0.096086 -0.003433 0.992842 -0.070850
1768847488.804694653 -5.487242 -0.050221 -0.068719 -0.095983 -0.003480 0.992865 -0.070670
1768847488.904271841 -5.487302 -0.050155 -0.068760 -0.096037 -0.003507 0.992859 -0.070686
1768847489.004395723 -5.487171 -0.050259 -0.068806 -0.096081 -0.003495 0.992860 -0.070602
1768847489.104295731 -5.487317 -0.050171 -0.068857 -0.096061 -0.003563 0.992856 -0.070690
1768847489.204105377 -5.487114 -0.050026 -0.068760 -0.096078 -0.003476 0.992867 -0.070510
1768847489.304497242 -5.487072 -0.049991 -0.068811 -0.096155 -0.003658 0.992859 -0.070512
1768847489.404106617 -5.486925 -0.050037 -0.068787 -0.096079 -0.003518 0.992858 -0.070640
1768847489.504284620 -5.486907 -0.050054 -0.068857 -0.096112 -0.003661 0.992852 -0.070664
1768847489.604195118 -5.486881 -0.050112 -0.068743 -0.096078 -0.003532 0.992874 -0.070414
1768847489.704128265 -5.486769 -0.050071 -0.068929 -0.096147 -0.003483 0.992857 -0.070566
1768847489.804208755 -5.486805 -0.050141 -0.068943 -0.096017 -0.003519 0.992861 -0.070678
1768847489.905487537 -5.486665 -0.050251 -0.069004 -0.096096 -0.003457 0.992862 -0.070557
1768847490.004157543 -5.486556 -0.050285 -0.068907 -0.096057 -0.003449 0.992860 -0.070639
1768847490.104260683 -5.486550 -0.050345 -0.068823 -0.096077 -0.003500 0.992866 -0.070530
1768847490.204696178 -5.486695 -0.050294 -0.068870 -0.096032 -0.003517 0.992871 -0.070514
1768847490.304223061 -5.486535 -0.050266 -0.068891 -0.096117 -0.003489 0.992857 -0.070601
1768847490.404278040 -5.486528 -0.050417 -0.068759 -0.096090 -0.003511 0.992854 -0.070679
1768847490.504162312 -5.485992 -0.050247 -0.068864 -0.096023 -0.003462 0.992871 -0.070531
1768847490.604237795 -5.485834 -0.050299 -0.068845 -0.096152 -0.003558 0.992858 -0.070537
1768847490.704368591 -5.485729 -0.050342 -0.068757 -0.096130 -0.003503 0.992860 -0.070543
1768847490.805463076 -5.485699 -0.050237 -0.068792 -0.096158 -0.003601 0.992854 -0.070574
1768847490.905805588 -5.485535 -0.050146 -0.068500 -0.096223 -0.003502 0.992863 -0.070364
1768847491.004168510 -5.485848 -0.049851 -0.068598 -0.096123 -0.003595 0.992856 -0.070605
1768847491.104449272 -5.486058 -0.049948 -0.068302 -0.095998 -0.003578 0.992868 -0.070602
1768847491.204549551 -5.485945 -0.050043 -0.068307 -0.096127 -0.003533 0.992849 -0.070702
1768847491.306897402 -5.486111 -0.050034 -0.068343 -0.096041 -0.003505 0.992868 -0.070542
1768847491.405442715 -5.486165 -0.050054 -0.068324 -0.096025 -0.003540 0.992869 -0.070547
1768847491.504695654 -5.486075 -0.050091 -0.068340 -0.096029 -0.003388 0.992872 -0.070521
1768847491.604198456 -5.486273 -0.050266 -0.068340 -0.096019 -0.003526 0.992869 -0.070561
1768847491.704505682 -5.486462 -0.050433 -0.068332 -0.095983 -0.003499 0.992884 -0.070407
1768847491.804307938 -5.486618 -0.050297 -0.068343 -0.096083 -0.003440 0.992861 -0.070597
1768847491.904139996 -5.486716 -0.050266 -0.068372 -0.096020 -0.003473 0.992868 -0.070575
1768847492.004473686 -5.486479 -0.050145 -0.068369 -0.095963 -0.003603 0.992884 -0.070421
1768847492.104228735 -5.486255 -0.050300 -0.068271 -0.096098 -0.003595 0.992860 -0.070579
1768847492.204347134 -5.486179 -0.050437 -0.068555 -0.095983 -0.003567 0.992885 -0.070380
1768847492.304331303 -5.486292 -0.050386 -0.068486 -0.096048 -0.003411 0.992864 -0.070593
1768847492.404451609 -5.486159 -0.050252 -0.068632 -0.096139 -0.003600 0.992867 -0.070430
1768847492.504652739 -5.486345 -0.050517 -0.068714 -0.096105 -0.003583 0.992850 -0.070710
1768847492.604292154 -5.486136 -0.050589 -0.068900 -0.096114 -0.003501 0.992857 -0.070604
1768847492.704254866 -5.485995 -0.050720 -0.069034 -0.096138 -0.003449 0.992847 -0.070710
1768847492.804791927 -5.485876 -0.050868 -0.069156 -0.096094 -0.003466 0.992848 -0.070758
1768847492.904369354 -5.485763 -0.050971 -0.069175 -0.096146 -0.003446 0.992856 -0.070574
1768847493.004418135 -5.485776 -0.050877 -0.069176 -0.096316 -0.003503 0.992824 -0.070795
1768847493.104247332 -5.485922 -0.051027 -0.069305 -0.096096 -0.003347 0.992848 -0.070767
1768847493.204491377 -5.485611 -0.051158 -0.069560 -0.096244 -0.003436 0.992836 -0.070721
1768847493.304434538 -5.483296 -0.051174 -0.069281 -0.096145 -0.003522 0.992839 -0.070817
1768847493.404540777 -5.479296 -0.050612 -0.069280 -0.095863 -0.003865 0.992894 -0.070402
1768847493.504397869 -5.473496 -0.049753 -0.069088 -0.096542 -0.003405 0.992856 -0.070033
1768847493.604285240 -5.466470 -0.048771 -0.068635 -0.095945 -0.003939 0.992924 -0.069860
1768847493.704270601 -5.459826 -0.047674 -0.068403 -0.096000 -0.003463 0.992932 -0.069701
1768847493.804872274 -5.452913 -0.046646 -0.068196 -0.095848 -0.004116 0.992945 -0.069692
1768847493.904409170 -5.446363 -0.045663 -0.068071 -0.095858 -0.003721 0.992949 -0.069637
1768847494.004293680 -5.440226 -0.044858 -0.067985 -0.094761 -0.004065 0.993051 -0.069673
1768847494.104547024 -5.440088 -0.044616 -0.067964 -0.095666 -0.004049 0.992956 -0.069780
1768847494.204368830 -5.439925 -0.044500 -0.067887 -0.095858 -0.004130 0.992960 -0.069460
1768847494.304447412 -5.439922 -0.044317 -0.067976 -0.095884 -0.004188 0.992937 -0.069752
1768847494.404301643 -5.437967 -0.044156 -0.067843 -0.096587 -0.004046 0.992737 -0.071605
1768847494.504359722 -5.431696 -0.043483 -0.067806 -0.096443 -0.004834 0.991774 -0.084018
1768847494.602949381 -5.424809 -0.043140 -0.067721 -0.095942 -0.006676 0.989819 -0.104925
1768847494.703821898 -5.417811 -0.042737 -0.067850 -0.095447 -0.009053 0.986241 -0.134674
1768847494.805004358 -5.410241 -0.042166 -0.067396 -0.093865 -0.012059 0.980433 -0.172614
1768847494.904482603 -5.403346 -0.040908 -0.067851 -0.093370 -0.015741 0.971321 -0.218106
1768847495.003990889 -5.396403 -0.039051 -0.068024 -0.091748 -0.021024 0.957765 -0.271710
1768847495.104349375 -5.389163 -0.036184 -0.067556 -0.089754 -0.026139 0.939107 -0.330663
1768847495.204420567 -5.382948 -0.032523 -0.067192 -0.087394 -0.030900 0.916745 -0.388569
1768847495.304539442 -5.377163 -0.028345 -0.067464 -0.084808 -0.036102 0.890481 -0.445587
1768847495.404349327 -5.371600 -0.022904 -0.067058 0.082125 0.040702 -0.860758 0.500694
1768847495.505213976 -5.366932 -0.015760 -0.067035 0.079525 0.044895 -0.829619 0.550810
1768847495.604394436 -5.366770 -0.014545 -0.067183 0.078259 0.046208 -0.824038 0.559197
1768847495.704994917 -5.368778 -0.019804 -0.067045 0.077370 0.044897 -0.824354 0.558962
1768847495.804422140 -5.375911 -0.037280 -0.066932 0.078067 0.045231 -0.824388 0.558788
1768847495.904456854 -5.383512 -0.055063 -0.066701 0.078950 0.045020 -0.824153 0.559027
1768847496.004335880 -5.391120 -0.072785 -0.066588 0.078759 0.044759 -0.824212 0.558989
1768847496.104094505 -5.398568 -0.090668 -0.066673 0.078956 0.044667 -0.824328 0.558797
1768847496.204577446 -5.406028 -0.108133 -0.066480 0.079141 0.043826 -0.824268 0.558925
1768847496.307105303 -5.413523 -0.125814 -0.066676 0.078985 0.044119 -0.824366 0.558780
1768847496.404562235 -5.420096 -0.142080 -0.066564 0.079218 0.043272 -0.824340 0.558852
1768847496.504487753 -5.421726 -0.144910 -0.066931 0.079200 0.043141 -0.824584 0.558505
1768847496.603965759 -5.421637 -0.144853 -0.066746 0.079385 0.043186 -0.824547 0.558530
1768847496.704558372 -5.421595 -0.144549 -0.066728 0.079447 0.043054 -0.824567 0.558501
1768847496.804687500 -5.421675 -0.144387 -0.066535 0.079438 0.043193 -0.824512 0.558573
1768847496.904723406 -5.421966 -0.144189 -0.066256 0.079505 0.043166 -0.824498 0.558587
1768847497.006353855 -5.422068 -0.144062 -0.066323 0.079450 0.043219 -0.824510 0.558572
1768847497.104444981 -5.422000 -0.144189 -0.066359 0.079370 0.043140 -0.824518 0.558578
1768847497.204690218 -5.421793 -0.143552 -0.066282 0.079735 0.043401 -0.824403 0.558676
1768847497.304651976 -5.420618 -0.141170 -0.066513 0.079455 0.043732 -0.824447 0.558625
1768847497.403894663 -5.419139 -0.137149 -0.066845 0.079610 0.044535 -0.824652 0.558236
1768847497.504393816 -5.416881 -0.131461 -0.066653 0.079968 0.043728 -0.824645 0.558260
1768847497.604600430 -5.413881 -0.124196 -0.066908 0.079765 0.044452 -0.824634 0.558248
1768847497.705462694 -5.409970 -0.114960 -0.067342 0.079649 0.044861 -0.824573 0.558322
1768847497.805010557 -5.405749 -0.104481 -0.067017 0.079562 0.044970 -0.824414 0.558559
1768847497.907063484 -5.400688 -0.092070 -0.067201 0.079340 0.045213 -0.824235 0.558835
1768847498.004413605 -5.395062 -0.078601 -0.067761 0.079414 0.045701 -0.824325 0.558653
1768847498.104569197 -5.388690 -0.063123 -0.067565 0.079973 0.045179 -0.824219 0.558772
1768847498.204523087 -5.381730 -0.046199 -0.067450 0.078718 0.045828 -0.824075 0.559110
1768847498.305460453 -5.374785 -0.029543 -0.067083 0.078970 0.045658 -0.824161 0.558961
1768847498.405055523 -5.367919 -0.013120 -0.066706 0.078234 0.045889 -0.824385 0.558715
1768847498.504288673 -5.364891 -0.005080 -0.067286 0.078957 0.046064 -0.824472 0.558471
1768847498.604424953 -5.364942 -0.005664 -0.067254 0.078601 0.045819 -0.824503 0.558495
1768847498.704644442 -5.365443 -0.006055 -0.067142 0.077531 0.045190 -0.824493 0.558712
1768847498.804552555 -5.370054 -0.016281 -0.067321 0.077134 0.045680 -0.824279 0.559042
1768847498.904602289 -5.377340 -0.034356 -0.067304 0.078685 0.045201 -0.823890 0.559438
1768847499.004780054 -5.384346 -0.051961 -0.066908 0.078588 0.045427 -0.823737 0.559659
1768847499.104509115 -5.390431 -0.066191 -0.066759 0.080315 0.045898 -0.823355 0.559938
1768847499.204620600 -5.390406 -0.065812 -0.066874 0.078876 0.045182 -0.823703 0.559687
1768847499.304442883 -5.390545 -0.065684 -0.066603 0.078866 0.045086 -0.823633 0.559801
1768847499.405128479 -5.390653 -0.065626 -0.066731 0.078862 0.045162 -0.823629 0.559800
1768847499.507095098 -5.390591 -0.065709 -0.066692 0.078889 0.045164 -0.823597 0.559844
1768847499.604558229 -5.390626 -0.065667 -0.066805 0.078838 0.045234 -0.823678 0.559726
1768847499.704870939 -5.389951 -0.064174 -0.066867 0.078952 0.045655 -0.823465 0.559988
1768847499.804682970 -5.388337 -0.060952 -0.067042 0.079249 0.045993 -0.823544 0.559803
1768847499.903753757 -5.386146 -0.056158 -0.066802 0.079526 0.045283 -0.823697 0.559596
1768847500.004635811 -5.383235 -0.049601 -0.066838 0.079010 0.046169 -0.823604 0.559734
1768847500.104548693 -5.379975 -0.041414 -0.066805 0.078732 0.045711 -0.823699 0.559671
1768847500.204492331 -5.375808 -0.032105 -0.066528 0.078980 0.045579 -0.823603 0.559788
1768847500.304668188 -5.370986 -0.021000 -0.066814 0.078777 0.045767 -0.823885 0.559387
1768847500.404762030 -5.365551 -0.007737 -0.066817 0.078416 0.045837 -0.823747 0.559634
1768847500.505449772 -5.359048 0.006587 -0.067076 0.078267 0.046681 -0.823959 0.559273
1768847500.604633093 -5.353152 0.020953 -0.067256 0.078559 0.046232 -0.824261 0.558824
1768847500.704648972 -5.347222 0.035371 -0.067097 0.078909 0.045658 -0.824118 0.559034
1768847500.804584742 -5.341156 0.049488 -0.066421 0.078345 0.045869 -0.823907 0.559406
1768847500.903672695 -5.338543 0.055016 -0.066927 0.078321 0.046717 -0.823019 0.560645
1768847501.004707336 -5.338234 0.054805 -0.066946 0.078130 0.046535 -0.822958 0.560776
1768847501.104666471 -5.338303 0.054582 -0.066862 0.078128 0.046331 -0.822950 0.560805
1768847501.204667568 -5.338311 0.054404 -0.066903 0.078125 0.046379 -0.822978 0.560760
1768847501.304650068 -5.338430 0.054264 -0.066985 0.078045 0.046313 -0.822936 0.560839
1768847501.405102491 -5.338553 0.054276 -0.067072 0.078045 0.046395 -0.823020 0.560709
1768847501.504714966 -5.338672 0.054247 -0.066968 0.078093 0.046387 -0.822965 0.560784
1768847501.604614735 -5.338573 0.054048 -0.066987 0.078228 0.046471 -0.822966 0.560756
1768847501.705165863 -5.338642 0.053762 -0.067037 0.077859 0.046334 -0.822640 0.561297
1768847501.805698872 -5.338284 0.053634 -0.066876 0.077627 0.046519 -0.818621 0.567160
1768847501.902572155 -5.337435 0.053562 -0.067123 0.076789 0.047404 -0.808037 0.582179
1768847502.003981352 -5.336062 0.053494 -0.066816 0.074867 0.049399 -0.792513 0.603223
1768847502.103743076 -5.334688 0.053444 -0.066710 0.072778 0.052155 -0.770519 0.631097
1768847502.204682350 -5.333218 0.053165 -0.066623 0.070004 0.054807 -0.741969 0.664513
1768847502.306079149 -5.331293 0.053523 -0.066395 0.066485 0.057724 -0.704922 0.703798
1768847502.404044867 -5.329686 0.054232 -0.066455 0.062826 0.060748 -0.664424 0.742229
1768847502.504629612 -5.328215 0.055391 -0.066244 0.058006 0.063043 -0.623667 0.776981
1768847502.603799105 -5.325578 0.043423 -0.066715 0.056853 0.064588 -0.608006 0.789256
1768847502.704615355 -5.320412 0.023391 -0.066942 0.057249 0.064977 -0.607760 0.789385
1768847502.804846287 -5.315816 0.005120 -0.066462 0.057726 0.064490 -0.607845 0.789325
1768847502.904611349 -5.311187 -0.013970 -0.066296 0.057393 0.064662 -0.607886 0.789303
1768847503.003854990 -5.306537 -0.032150 -0.066169 0.057723 0.064423 -0.608146 0.789098
1768847503.104653597 -5.301985 -0.050973 -0.065484 0.056988 0.064299 -0.608259 0.789075
1768847503.204760790 -5.297464 -0.069132 -0.065710 0.057149 0.064206 -0.608472 0.788907
1768847503.304702044 -5.292940 -0.087772 -0.065412 0.056805 0.064232 -0.608403 0.788983
1768847503.404624462 -5.288355 -0.106242 -0.065841 0.056806 0.064621 -0.607942 0.789306
1768847503.504717350 -5.284033 -0.124201 -0.064363 0.056180 0.063762 -0.607507 0.789756
1768847503.605466127 -5.279148 -0.143505 -0.064456 0.055986 0.064124 -0.607274 0.789919
1768847503.704735279 -5.274259 -0.162065 -0.063094 0.055249 0.062847 -0.607451 0.789938
1768847503.804676056 -5.269186 -0.180689 -0.063319 0.054775 0.063040 -0.607557 0.789874
1768847503.904666662 -5.264975 -0.198873 -0.062888 0.054202 0.062083 -0.607435 0.790083
1768847504.004877567 -5.260253 -0.217856 -0.062911 0.053723 0.062006 -0.607566 0.790021
1768847504.103628635 -5.255806 -0.236283 -0.062769 0.053595 0.061438 -0.607722 0.789954
1768847504.204452276 -5.251412 -0.254990 -0.062212 0.053360 0.061064 -0.607942 0.789829
1768847504.306659937 -5.246829 -0.274013 -0.062073 0.053560 0.061048 -0.607931 0.789826
1768847504.405611992 -5.242170 -0.292689 -0.061379 0.053312 0.060468 -0.607688 0.790074
1768847504.504926205 -5.237580 -0.311654 -0.061729 0.053697 0.061101 -0.607559 0.790098
1768847504.604660988 -5.232598 -0.330443 -0.060800 0.053438 0.060654 -0.607248 0.790389
1768847504.707450151 -5.227740 -0.349933 -0.061153 0.054217 0.061641 -0.607011 0.790442
1768847504.805046082 -5.222972 -0.368669 -0.060437 0.053903 0.061081 -0.607150 0.790400
1768847504.903638124 -5.218331 -0.387346 -0.060730 0.054503 0.062351 -0.607231 0.790198
1768847505.004944086 -5.213727 -0.406270 -0.060063 0.054481 0.061584 -0.607191 0.790290
1768847505.104288101 -5.209088 -0.425152 -0.060474 0.055005 0.062693 -0.607246 0.790125
1768847505.204719305 -5.204411 -0.443893 -0.059894 0.054864 0.061824 -0.607291 0.790168
1768847505.304689884 -5.199890 -0.462884 -0.059805 0.053805 0.062016 -0.607651 0.789949
1768847505.404869795 -5.195448 -0.481593 -0.059111 0.053545 0.061507 -0.607458 0.790155
1768847505.504714489 -5.190821 -0.500606 -0.058098 0.052468 0.060728 -0.607198 0.790487
1768847505.604843855 -5.186227 -0.519112 -0.057565 0.052664 0.060074 -0.606751 0.790867
1768847505.703670740 -5.181673 -0.537819 -0.056329 0.051664 0.059134 -0.606633 0.791094
1768847505.804736376 -5.177012 -0.556630 -0.056190 0.051760 0.058846 -0.606702 0.791057
1768847505.903644323 -5.172115 -0.574927 -0.055361 0.051168 0.057895 -0.606663 0.791195
1768847506.004821539 -5.167242 -0.593748 -0.055336 0.051442 0.058183 -0.606797 0.791053
1768847506.104814053 -5.162642 -0.612218 -0.054520 0.050835 0.057078 -0.606952 0.791054
1768847506.204753637 -5.158184 -0.630951 -0.054587 0.050910 0.057521 -0.607316 0.790738
1768847506.304868460 -5.153647 -0.649516 -0.053975 0.050936 0.056755 -0.607663 0.790525
1768847506.404875517 -5.148993 -0.668604 -0.054203 0.051784 0.057582 -0.607806 0.790300
1768847506.505063772 -5.144330 -0.687257 -0.053273 0.052129 0.056921 -0.607677 0.790425
1768847506.605017900 -5.139659 -0.706355 -0.053974 0.052991 0.058354 -0.607908 0.790086
1768847506.704923868 -5.134893 -0.725120 -0.053155 0.053512 0.058574 -0.607695 0.790198
1768847506.804765463 -5.129904 -0.743601 -0.053492 0.053864 0.059163 -0.607517 0.790267
1768847506.904895544 -5.125248 -0.762191 -0.053115 0.054736 0.060360 -0.607503 0.790127
1768847507.005437613 -5.120493 -0.781060 -0.052679 0.054672 0.061184 -0.607512 0.790061
1768847507.105219841 -5.115736 -0.799885 -0.052679 0.055420 0.062442 -0.607517 0.789907
1768847507.204801798 -5.110828 -0.818768 -0.052134 0.055139 0.062926 -0.607440 0.789948
1768847507.304724216 -5.106226 -0.837729 -0.051315 0.055545 0.063770 -0.607442 0.789850
1768847507.403713465 -5.101659 -0.856126 -0.051039 0.055273 0.063645 -0.607309 0.789981
1768847507.505763531 -5.096646 -0.875343 -0.051339 0.055435 0.064405 -0.607217 0.789979
1768847507.604720592 -5.091891 -0.894041 -0.050869 0.055206 0.063993 -0.606867 0.790297
1768847507.704650164 -5.087240 -0.912949 -0.051367 0.055000 0.064773 -0.606441 0.790575
1768847507.804180861 -5.082667 -0.931488 -0.051053 0.055287 0.064312 -0.606140 0.790823
1768847507.903658628 -5.077868 -0.950178 -0.051184 0.054575 0.064987 -0.606209 0.790765
1768847508.006549597 -5.073054 -0.969394 -0.050744 0.054753 0.064936 -0.605900 0.790993
1768847508.105072737 -5.068271 -0.987929 -0.050138 0.054050 0.065611 -0.606002 0.790908
1768847508.204773903 -5.063541 -1.006582 -0.049738 0.054505 0.065752 -0.605775 0.791039
1768847508.304865360 -5.058720 -1.025727 -0.049175 0.053980 0.065903 -0.605701 0.791119
1768847508.404787302 -5.053874 -1.044384 -0.049379 0.053967 0.065969 -0.605538 0.791239
1768847508.504921436 -5.048707 -1.063432 -0.048522 0.053263 0.065594 -0.605285 0.791512
1768847508.605366230 -5.043373 -1.082535 -0.048534 0.053229 0.066035 -0.604995 0.791699
1768847508.704971075 -5.038064 -1.101403 -0.047469 0.052531 0.064910 -0.604416 0.792281
1768847508.804860830 -5.032677 -1.120618 -0.047612 0.052730 0.065089 -0.604168 0.792442
1768847508.904839277 -5.027732 -1.139210 -0.046748 0.052206 0.064294 -0.604047 0.792634
1768847509.004024744 -5.022720 -1.157938 -0.046841 0.052403 0.065158 -0.604069 0.792533
1768847509.104922533 -5.017628 -1.176732 -0.045895 0.052352 0.064562 -0.604138 0.792533
1768847509.203683853 -5.012492 -1.195278 -0.045723 0.052355 0.065218 -0.604314 0.792345
1768847509.303701162 -5.007826 -1.213886 -0.045265 0.052369 0.064383 -0.604400 0.792347
1768847509.404851198 -5.003030 -1.232714 -0.044959 0.051942 0.064851 -0.604671 0.792130
1768847509.504112244 -4.998338 -1.251367 -0.045078 0.052189 0.064747 -0.604985 0.791882
1768847509.604808331 -4.993299 -1.270118 -0.044750 0.052056 0.064987 -0.604775 0.792032
1768847509.705803871 -4.988275 -1.288964 -0.044704 0.052867 0.065353 -0.604439 0.792204
1768847509.807240486 -4.983090 -1.308064 -0.043816 0.052695 0.065050 -0.604354 0.792305
1768847509.903769016 -4.978181 -1.326203 -0.043838 0.053326 0.065539 -0.604195 0.792344
1768847510.006493092 -4.972852 -1.345185 -0.042902 0.053032 0.064711 -0.604308 0.792346
1768847510.110592365 -4.967715 -1.364588 -0.042815 0.054007 0.065829 -0.604444 0.792084
1768847510.204961538 -4.963127 -1.382468 -0.042601 0.054145 0.064952 -0.604547 0.792068
1768847510.305843115 -4.958544 -1.401108 -0.042632 0.054963 0.066140 -0.604729 0.791775
1768847510.405511379 -4.953810 -1.419579 -0.042754 0.055262 0.066048 -0.604943 0.791598
1768847510.505004883 -4.948598 -1.438980 -0.043678 0.055598 0.066839 -0.605467 0.791108
1768847510.605019569 -4.943295 -1.457855 -0.043406 0.056158 0.066760 -0.605278 0.791219
1768847510.705319881 -4.937948 -1.476883 -0.042769 0.056430 0.066504 -0.605297 0.791207
1768847510.804979324 -4.932765 -1.495404 -0.042655 0.057310 0.067025 -0.605111 0.791242
1768847510.905109644 -4.927272 -1.514365 -0.041586 0.057414 0.066930 -0.605082 0.791265
1768847511.004906178 -4.922242 -1.533231 -0.041104 0.058661 0.067742 -0.605211 0.791005
1768847511.105239391 -4.917356 -1.551805 -0.039868 0.058552 0.066736 -0.607619 0.789251
1768847511.205427885 -4.913011 -1.570246 -0.039021 0.059257 0.066269 -0.616265 0.782505
1768847511.303777695 -4.908862 -1.588270 -0.038925 0.061017 0.065671 -0.630434 0.771049
1768847511.404988050 -4.905773 -1.605844 -0.038846 0.062885 0.064436 -0.648402 0.755955
1768847511.505205870 -4.903986 -1.622506 -0.038626 0.064397 0.062885 -0.667692 0.738976
1768847511.605006933 -4.902122 -1.640503 -0.038539 0.065784 0.063335 -0.670975 0.735835
1768847511.705407143 -4.900335 -1.659427 -0.038983 0.066154 0.063043 -0.671153 0.735665
1768847511.805029631 -4.898471 -1.678065 -0.038650 0.066111 0.063490 -0.671197 0.735590
1768847511.904972315 -4.896406 -1.697313 -0.038278 0.066373 0.063286 -0.670965 0.735796
1768847512.005781412 -4.894485 -1.716572 -0.038256 0.066571 0.063746 -0.670865 0.735830
1768847512.105001688 -4.892383 -1.735506 -0.037677 0.066882 0.063763 -0.670673 0.735974
1768847512.204911947 -4.890315 -1.754002 -0.037748 0.067255 0.064115 -0.673756 0.733089
1768847512.305447817 -4.889080 -1.773481 -0.038241 0.068888 0.063335 -0.682813 0.724575
1768847512.408018112 -4.888985 -1.792967 -0.038352 0.069553 0.062629 -0.693563 0.714290
1768847512.505024672 -4.888528 -1.811769 -0.037949 0.069765 0.062545 -0.694978 0.712900
1768847512.607328176 -4.887992 -1.831698 -0.038298 0.070221 0.063108 -0.695349 0.712444
1768847512.704315901 -4.887162 -1.850033 -0.037579 0.069885 0.061803 -0.695748 0.712201
1768847512.804919481 -4.886548 -1.869165 -0.037212 0.070121 0.062228 -0.695966 0.711928
1768847512.904107094 -4.885527 -1.888788 -0.036521 0.070148 0.061168 -0.696083 0.711903
1768847513.004441500 -4.885131 -1.907895 -0.036274 0.070178 0.061562 -0.696563 0.711396
1768847513.105065346 -4.884686 -1.927149 -0.035707 0.070555 0.060546 -0.699845 0.708218
1768847513.205000639 -4.885470 -1.945383 -0.035191 0.072074 0.059435 -0.709515 0.698470
1768847513.304482222 -4.887087 -1.963560 -0.035515 0.073336 0.058756 -0.722825 0.684612
1768847513.405045986 -4.889633 -1.980111 -0.035467 0.074707 0.057260 -0.739226 0.666848
1768847513.505104065 -4.892956 -1.996287 -0.035605 0.076672 0.055847 -0.758231 0.645049
1768847513.605094194 -4.897407 -2.011681 -0.035683 0.078074 0.054045 -0.778879 0.619944
1768847513.705101967 -4.902504 -2.028003 -0.037293 0.079178 0.053640 -0.788331 0.607772
1768847513.803827047 -4.908054 -2.046183 -0.038127 0.079867 0.053264 -0.788889 0.606991
1768847513.905529022 -4.913629 -2.065029 -0.038399 0.079681 0.053680 -0.789153 0.606636
1768847514.005053282 -4.919127 -2.083554 -0.039045 0.079827 0.053644 -0.789260 0.606481
1768847514.105055809 -4.924291 -2.101818 -0.039199 0.080188 0.053687 -0.789638 0.605937
1768847514.203881502 -4.929944 -2.119969 -0.039145 0.080044 0.053753 -0.793567 0.600795
1768847514.305912256 -4.936269 -2.138705 -0.039535 0.081060 0.053026 -0.803192 0.587793
1768847514.408456087 -4.942969 -2.156623 -0.039919 0.081885 0.051522 -0.815436 0.570705
1768847514.503993988 -4.949644 -2.171839 -0.040160 0.083443 0.049088 -0.829075 0.550692
1768847514.605089664 -4.957592 -2.187662 -0.040147 0.084283 0.046912 -0.844170 0.527326
1768847514.703980923 -4.965967 -2.204581 -0.040024 0.084663 0.046331 -0.847368 0.522163
1768847514.803791523 -4.974605 -2.221854 -0.040446 0.083929 0.046805 -0.847689 0.521717
1768847514.903642893 -4.983423 -2.239211 -0.040332 0.084183 0.046515 -0.847955 0.521270
1768847515.005089283 -4.992580 -2.257019 -0.040795 0.083893 0.047142 -0.848166 0.520916
1768847515.105156660 -5.001962 -2.274443 -0.040846 0.083829 0.046687 -0.848433 0.520532
1768847515.204114914 -5.011186 -2.291668 -0.041989 0.083862 0.047391 -0.848664 0.520087
1768847515.304296255 -5.020541 -2.309284 -0.042151 0.083079 0.047143 -0.849056 0.519595
1768847515.405131578 -5.029718 -2.327083 -0.042721 0.083788 0.047884 -0.849147 0.519265
1768847515.504262686 -5.038456 -2.344509 -0.042655 0.082767 0.047909 -0.849119 0.519472
1768847515.603489399 -5.047295 -2.361797 -0.043516 0.083656 0.048252 -0.848833 0.519766
1768847515.704310179 -5.056313 -2.379422 -0.043963 0.082853 0.048220 -0.848659 0.520182
1768847515.804293394 -5.065571 -2.396694 -0.044145 0.084147 0.048249 -0.848328 0.520510
1768847515.905170441 -5.074443 -2.413773 -0.044065 0.083368 0.048379 -0.848267 0.520723
1768847516.004294157 -5.083524 -2.430670 -0.044366 0.084092 0.047788 -0.848183 0.520798
1768847516.105045080 -5.092288 -2.447685 -0.044691 0.083676 0.048401 -0.848268 0.520670
1768847516.205200195 -5.100987 -2.465110 -0.044818 0.084514 0.047815 -0.848323 0.520499
1768847516.304088116 -5.109640 -2.482395 -0.045376 0.084645 0.048036 -0.848645 0.519933
1768847516.405175924 -5.119063 -2.499800 -0.045568 0.084756 0.047067 -0.848635 0.520019
1768847516.505168676 -5.128416 -2.517561 -0.046589 0.084657 0.047442 -0.848612 0.520038
1768847516.605182886 -5.137849 -2.535162 -0.046957 0.084254 0.047107 -0.848490 0.520333
1768847516.704556704 -5.147067 -2.552430 -0.047771 0.084578 0.047844 -0.848189 0.520704
1768847516.803572893 -5.156096 -2.569413 -0.047914 0.084050 0.047888 -0.848176 0.520808
1768847516.905297041 -5.165321 -2.586937 -0.049145 0.084147 0.048217 -0.848124 0.520846
1768847517.003493547 -5.174129 -2.603786 -0.048912 0.083405 0.048253 -0.848212 0.520819
1768847517.105151176 -5.183235 -2.621739 -0.049602 0.083842 0.048434 -0.848379 0.520460
1768847517.205610037 -5.191944 -2.638868 -0.050398 0.082975 0.049290 -0.848311 0.520629
1768847517.305168867 -5.201349 -2.656439 -0.050776 0.083378 0.049809 -0.848478 0.520243
1768847517.403467178 -5.210384 -2.673674 -0.051460 0.083521 0.050994 -0.848499 0.520071
1768847517.504217863 -5.220003 -2.691366 -0.052438 0.084755 0.051128 -0.848175 0.520385
1768847517.605069160 -5.229321 -2.708926 -0.054154 0.085018 0.052191 -0.847948 0.520608
1768847517.705252171 -5.238634 -2.725940 -0.054922 0.085394 0.051566 -0.847409 0.521485
1768847517.803185701 -5.247687 -2.742729 -0.055888 0.085999 0.052204 -0.847277 0.521537
1768847517.904081106 -5.257021 -2.759857 -0.056007 0.086082 0.051490 -0.847264 0.521615
1768847518.005198479 -5.266366 -2.777247 -0.057332 0.087330 0.051962 -0.847124 0.521589
1768847518.107477188 -5.275691 -2.794248 -0.057772 0.087231 0.051374 -0.847100 0.521701
1768847518.203658342 -5.284511 -2.810622 -0.058683 0.087874 0.050923 -0.847160 0.521540
1768847518.303775549 -5.293203 -2.827523 -0.058751 0.087573 0.050274 -0.847452 0.521180
1768847518.404444218 -5.302073 -2.844902 -0.059307 0.088337 0.049292 -0.848794 0.518957
1768847518.505521536 -5.311806 -2.861772 -0.059677 0.087870 0.048450 -0.854357 0.509908
1768847518.603638887 -5.322200 -2.877626 -0.060503 -0.088150 -0.047447 0.863310 -0.494646
1768847518.705135584 -5.332989 -2.892894 -0.061341 -0.088430 -0.045223 0.874927 -0.473961
1768847518.804428816 -5.343794 -2.906022 -0.062507 -0.089466 -0.042976 0.887334 -0.450320
1768847518.905273438 -5.354789 -2.918009 -0.063020 -0.089595 -0.040841 0.901442 -0.421552
1768847519.005134821 -5.365465 -2.927695 -0.063880 -0.091007 -0.038224 0.916268 -0.388213
1768847519.104537487 -5.375863 -2.935270 -0.064219 -0.092103 -0.035221 0.931534 -0.350031
1768847519.203661680 -5.385901 -2.941503 -0.064891 -0.092962 -0.031774 0.946337 -0.307887
1768847519.305774689 -5.396382 -2.946642 -0.065438 -0.093748 -0.028003 0.960490 -0.260550
1768847519.405159950 -5.407907 -2.952255 -0.065692 -0.094392 -0.024871 0.969353 -0.225449
1768847519.504265785 -5.424478 -2.959902 -0.066288 -0.095132 -0.024485 0.969987 -0.222430
1768847519.605699539 -5.441882 -2.968206 -0.066422 -0.094609 -0.024536 0.969983 -0.222664
1768847519.703856230 -5.459383 -2.976561 -0.067025 -0.094978 -0.024487 0.970019 -0.222358
1768847519.804254770 -5.476861 -2.984814 -0.068110 -0.094982 -0.024600 0.970128 -0.221865
1768847519.905398130 -5.494861 -2.993009 -0.068984 -0.095101 -0.024180 0.970894 -0.218484
1768847520.004581690 -5.512232 -3.000806 -0.069457 -0.095369 -0.024866 0.971903 -0.213754
1768847520.103724003 -5.529590 -3.008454 -0.069407 -0.095998 -0.023443 0.972903 -0.209034
1768847520.203775406 -5.547309 -3.015810 -0.070038 -0.095766 -0.023449 0.973993 -0.204003
1768847520.303713560 -5.564684 -3.022618 -0.071184 -0.096011 -0.023693 0.975672 -0.195662
1768847520.403881073 -5.581374 -3.028372 -0.071222 -0.096384 -0.022218 0.979810 -0.173747
1768847520.503684998 -5.596823 -3.032988 -0.071282 -0.096893 -0.019601 0.984255 -0.146527
1768847520.604038954 -5.612802 -3.036269 -0.070920 -0.097971 -0.016709 0.988022 -0.118045
1768847520.704169035 -5.626382 -3.038529 -0.072291 -0.097721 -0.013670 0.992040 -0.078234
1768847520.803932428 -5.638063 -3.038441 -0.073469 -0.098061 -0.010292 0.994657 -0.030595
1768847520.903703690 -5.652518 -3.038404 -0.074056 -0.097512 -0.008484 0.995152 -0.009621
1768847521.004655123 -5.672053 -3.038484 -0.074872 -0.098022 -0.008798 0.995101 -0.009389
1768847521.105250120 -5.691684 -3.038358 -0.075707 -0.098302 -0.008613 0.995081 -0.008690
1768847521.205226183 -5.711591 -3.038424 -0.076024 -0.097882 -0.008742 0.995123 -0.008522
1768847521.303831816 -5.730818 -3.038551 -0.076039 -0.098581 -0.008486 0.995058 -0.008371
1768847521.404356718 -5.750454 -3.038589 -0.075772 -0.098135 -0.008525 0.995104 -0.008005
1768847521.503705978 -5.770311 -3.038616 -0.076727 -0.098705 -0.008491 0.995051 -0.007631
1768847521.603866577 -5.789505 -3.038784 -0.076298 -0.097934 -0.008430 0.995129 -0.007444
1768847521.704529047 -5.809107 -3.038785 -0.076926 -0.098608 -0.008619 0.995059 -0.007725
1768847521.806146145 -5.829602 -3.038400 -0.076548 -0.097669 -0.008526 0.995153 -0.007673
1768847521.903912783 -5.849048 -3.038251 -0.077135 -0.098239 -0.008921 0.995091 -0.007949
1768847522.005442381 -5.868753 -3.038172 -0.076853 -0.097648 -0.008837 0.995148 -0.008154
1768847522.103946686 -5.887664 -3.038420 -0.077352 -0.098173 -0.009143 0.995096 -0.007854
1768847522.203372002 -5.906157 -3.038352 -0.077854 -0.098300 -0.008675 0.995111 -0.004110
1768847522.304564953 -5.925392 -3.037448 -0.077993 -0.098366 -0.006963 0.995098 0.007428
1768847522.403629065 -5.944356 -3.035757 -0.078370 -0.098336 -0.005384 0.994833 0.024674
1768847522.504541874 -5.962523 -3.033650 -0.078466 -0.097936 -0.003388 0.994015 0.048278
1768847522.604309320 -5.978831 -3.030799 -0.078308 -0.097220 -0.001530 0.992312 0.076565
1768847522.703654528 -5.993496 -3.027057 -0.078900 -0.097233 0.001494 0.989316 0.108615
1768847522.804597616 -6.006832 -3.022707 -0.079185 -0.096314 0.004047 0.984697 0.145185
1768847522.904305696 -6.018765 -3.017536 -0.079589 -0.095291 0.007178 0.978206 0.184341
1768847523.004534483 -6.030014 -3.011006 -0.080212 -0.094007 0.010816 0.969242 0.227192
1768847523.103599310 -6.042898 -3.004169 -0.080737 -0.093300 0.012466 0.962821 0.253211
1768847523.205328941 -6.059732 -2.994497 -0.080352 -0.093125 0.012934 0.962519 0.254396
1768847523.303856850 -6.076433 -2.984911 -0.080875 -0.093692 0.012723 0.962442 0.254489
1768847523.404573441 -6.093079 -2.975194 -0.080316 -0.093314 0.012617 0.962398 0.254799
1768847523.504043341 -6.109710 -2.965144 -0.080287 -0.093423 0.012989 0.961517 0.258048
1768847523.603739738 -6.125698 -2.954538 -0.080855 -0.093738 0.013395 0.958739 0.268055
1768847523.704392910 -6.141716 -2.943581 -0.081363 -0.093296 0.014546 0.953475 0.286304
1768847523.804913044 -6.156327 -2.932449 -0.081797 -0.092772 0.016494 0.946360 0.309070
1768847523.903837919 -6.169041 -2.921663 -0.081507 -0.091591 0.018580 0.937424 0.335415
1768847524.003319979 -6.179962 -2.911333 -0.080870 -0.090385 0.021014 0.925922 0.366138
1768847524.104362488 -6.189471 -2.900579 -0.080693 -0.088697 0.023530 0.911302 0.401383
1768847524.205434799 -6.198124 -2.888982 -0.081055 -0.086440 0.026487 0.894562 0.437706
1768847524.303482771 -6.208212 -2.875483 -0.081163 -0.085772 0.028131 0.890484 0.445970
1768847524.404495001 -6.219320 -2.860054 -0.080671 -0.086789 0.027047 0.890032 0.446744
1768847524.504274368 -6.230520 -2.844566 -0.080196 -0.086446 0.027845 0.889846 0.447131
1768847524.603880882 -6.241990 -2.828946 -0.079915 -0.086723 0.026303 0.889567 0.447725
1768847524.704019547 -6.253513 -2.813672 -0.079702 -0.086582 0.026713 0.889296 0.448267
1768847524.803956509 -6.265131 -2.797756 -0.080320 -0.086512 0.025254 0.889027 0.448897
1768847524.905654430 -6.276648 -2.781459 -0.081466 -0.086768 0.025430 0.888988 0.448916
1768847525.004021645 -6.287557 -2.765937 -0.082042 -0.086310 0.024629 0.889144 0.448739
1768847525.105437040 -6.298835 -2.749898 -0.082410 -0.086748 0.024266 0.889320 0.448325
1768847525.203915358 -6.310121 -2.734201 -0.082766 -0.086320 0.024282 0.889292 0.448462
1768847525.303910017 -6.321271 -2.718413 -0.083002 -0.086693 0.023546 0.889211 0.448590
1768847525.403874397 -6.332490 -2.702435 -0.082797 -0.086476 0.023906 0.889006 0.449019
1768847525.504098415 -6.343898 -2.686515 -0.082502 -0.087182 0.023391 0.888921 0.449079
1768847525.604154825 -6.355483 -2.670714 -0.082622 -0.086560 0.024568 0.888757 0.449461
1768847525.704166174 -6.367259 -2.654831 -0.082887 -0.087186 0.024077 0.888432 0.450008
1768847525.804693699 -6.379068 -2.638650 -0.082564 -0.086591 0.025100 0.888274 0.450379
1768847525.903944254 -6.390816 -2.622798 -0.081931 -0.086548 0.024721 0.888020 0.450909
1768847526.004489422 -6.402276 -2.606750 -0.081634 -0.086256 0.025508 0.888025 0.450911
1768847526.104420185 -6.413947 -2.591117 -0.081461 -0.085616 0.024931 0.888231 0.450659
1768847526.204465866 -6.425442 -2.575007 -0.081476 -0.085527 0.025644 0.888230 0.450639
1768847526.304053783 -6.436551 -2.558907 -0.080647 -0.084799 0.025400 0.888034 0.451176
1768847526.404303312 -6.448316 -2.542800 -0.080819 -0.084683 0.025713 0.887836 0.451569
1768847526.505482912 -6.460103 -2.526093 -0.080014 -0.084892 0.025477 0.887389 0.452422
1768847526.604288340 -6.471841 -2.510068 -0.079941 -0.085097 0.025125 0.887109 0.452951
1768847526.704147100 -6.483565 -2.493536 -0.079210 -0.084966 0.025409 0.886841 0.453484
1768847526.803846836 -6.495252 -2.477201 -0.079563 -0.085112 0.025600 0.886438 0.454234
1768847526.904404879 -6.506470 -2.460454 -0.079336 -0.084527 0.026520 0.884167 0.458694
1768847527.004062176 -6.516920 -2.444043 -0.079228 -0.083649 0.028136 0.879018 0.468550
1768847527.104041576 -6.526840 -2.427124 -0.078846 -0.082161 0.030196 0.869956 0.485297
1768847527.203817368 -6.535773 -2.410773 -0.078536 -0.080094 0.031777 0.858461 0.505588
1768847527.303898573 -6.543926 -2.394467 -0.078034 -0.079052 0.032806 0.851816 0.516802
1768847527.404561758 -6.552349 -2.377477 -0.077506 -0.078508 0.033313 0.851471 0.517420
1768847527.504358292 -6.561362 -2.360101 -0.078208 -0.079191 0.034312 0.851211 0.517678
1768847527.604732752 -6.569527 -2.344944 -0.078073 -0.080490 0.035107 0.850791 0.518116
1768847527.703665972 -6.569598 -2.344605 -0.078085 -0.079071 0.033877 0.850955 0.518147
1768847527.804689169 -6.569364 -2.344806 -0.078101 -0.079248 0.033889 0.850838 0.518310
1768847527.904480934 -6.569288 -2.344746 -0.078108 -0.079157 0.033922 0.850914 0.518198
1768847528.004582405 -6.569172 -2.344692 -0.078200 -0.079224 0.033785 0.850845 0.518310
1768847528.103533506 -6.569117 -2.344760 -0.078221 -0.079239 0.033653 0.850907 0.518214
1768847528.204557896 -6.568924 -2.344520 -0.078532 -0.079341 0.033790 0.850844 0.518294
1768847528.304357529 -6.569067 -2.344453 -0.078912 -0.079406 0.033581 0.850825 0.518328
1768847528.403812647 -6.569298 -2.344376 -0.078949 -0.079388 0.033686 0.850767 0.518419
1768847528.504408836 -6.569353 -2.344479 -0.078910 -0.079212 0.033608 0.850792 0.518409
1768847528.605488300 -6.569513 -2.344523 -0.078812 -0.079200 0.033643 0.850808 0.518384
1768847528.704182863 -6.569528 -2.344626 -0.078897 -0.079387 0.033651 0.850831 0.518316
1768847528.804741859 -6.569432 -2.344553 -0.079147 -0.079275 0.033706 0.850746 0.518469
1768847528.904396772 -6.569389 -2.344421 -0.079448 -0.079384 0.033537 0.850800 0.518375
1768847529.003931999 -6.569312 -2.344170 -0.079375 -0.079540 0.033525 0.851330 0.517481
1768847529.105813265 -6.569640 -2.344733 -0.079454 -0.080210 0.033118 0.855299 0.510816
1768847529.204117298 -6.570262 -2.345009 -0.079615 -0.081663 0.032368 0.864152 0.495505
1768847529.304483891 -6.570699 -2.346089 -0.079569 -0.082953 0.029831 0.877510 0.471386
1768847529.404765129 -6.571530 -2.347160 -0.079250 -0.084590 0.027355 0.893990 0.439179
1768847529.504487753 -6.572189 -2.348438 -0.078811 -0.087287 0.023987 0.912384 0.399200
1768847529.603491068 -6.572731 -2.350363 -0.079161 -0.090853 0.020087 0.931782 0.350891
1768847529.704333782 -6.573466 -2.352326 -0.079667 -0.093751 0.015962 0.950283 0.296510
1768847529.804087877 -6.574027 -2.354035 -0.079069 -0.095111 0.010811 0.965546 0.241986
1768847529.904439926 -6.573589 -2.355906 -0.079408 -0.097360 0.006178 0.977801 0.185442
1768847530.003447056 -6.573198 -2.356344 -0.079096 -0.097912 0.003796 0.983265 0.153587
1768847530.104137421 -6.574524 -2.355862 -0.079037 -0.097833 0.003584 0.983261 0.153669
1768847530.204708099 -6.575002 -2.355496 -0.078941 -0.097837 0.003644 0.983227 0.153879
1768847530.305005312 -6.575483 -2.355405 -0.078612 -0.097865 0.003585 0.983234 0.153820
1768847530.404023886 -6.576429 -2.354939 -0.078540 -0.096204 0.003830 0.983280 0.154564
1768847530.504292727 -6.590308 -2.349955 -0.078781 -0.097736 0.003961 0.982745 0.156986
1768847530.604315996 -6.609505 -2.343266 -0.079100 -0.097192 0.004551 0.982757 0.157232
1768847530.704505682 -6.628118 -2.336039 -0.080143 -0.098023 0.004188 0.982623 0.157560
1768847530.804532766 -6.646097 -2.329537 -0.080717 -0.097456 0.005116 0.982588 0.158106
1768847530.905437231 -6.664448 -2.322824 -0.081990 -0.097953 0.004739 0.982495 0.158384
1768847531.004692554 -6.682492 -2.316376 -0.082088 -0.097889 0.005569 0.982464 0.158591
1768847531.105436325 -6.700589 -2.309996 -0.082509 -0.097738 0.005073 0.982378 0.159230
1768847531.203940392 -6.718015 -2.303832 -0.083051 -0.097781 0.006077 0.982284 0.159751
1768847531.304232597 -6.732857 -2.298880 -0.082735 -0.099144 0.006269 0.982098 0.160047
1768847531.403627872 -6.732584 -2.298904 -0.082500 -0.097833 0.005507 0.982254 0.159927
1768847531.503562450 -6.732564 -2.299154 -0.082503 -0.097540 0.005710 0.982254 0.160095
1768847531.605904818 -6.732526 -2.299384 -0.082115 -0.097488 0.005632 0.982291 0.159905
1768847531.703560114 -6.732417 -2.299629 -0.081761 -0.097393 0.005739 0.982284 0.159997
1768847531.803675652 -6.732745 -2.299704 -0.081686 -0.097167 0.005684 0.982318 0.159933
1768847531.902440786 -6.733780 -2.299871 -0.081206 -0.095285 0.004753 0.982628 0.159184
1768847532.004900455 -6.748130 -2.295484 -0.080821 -0.096150 0.005195 0.982876 0.157106
1768847532.105429411 -6.767348 -2.289509 -0.081069 -0.096127 0.005091 0.982908 0.156922
1768847532.204442501 -6.785350 -2.283661 -0.081150 -0.095718 0.005218 0.983029 0.156410
1768847532.304229975 -6.804104 -2.277643 -0.081763 -0.096035 0.004509 0.983000 0.156421
1768847532.404826880 -6.822575 -2.271709 -0.082019 -0.096001 0.005002 0.982956 0.156706
1768847532.504101276 -6.840784 -2.265845 -0.082368 -0.096029 0.004256 0.982987 0.156513
1768847532.606364012 -6.857681 -2.259983 -0.081479 -0.092322 0.007938 0.983429 0.155823
1768847532.704101801 -6.867318 -2.257068 -0.081896 -0.093704 0.007143 0.982949 0.158051
1768847532.804531574 -6.866714 -2.257150 -0.082124 -0.093276 0.007071 0.983033 0.157783
1768847532.904014349 -6.866397 -2.257308 -0.082504 -0.093526 0.006951 0.982987 0.157930
1768847533.004760981 -6.866232 -2.257479 -0.082685 -0.093495 0.006962 0.982978 0.157999
1768847533.103663445 -6.866141 -2.257752 -0.082622 -0.093512 0.006968 0.982999 0.157858
1768847533.203646898 -6.865252 -2.257963 -0.082369 -0.093480 0.007176 0.983040 0.157612
1768847533.304850578 -6.862790 -2.258807 -0.082277 -0.093371 0.007874 0.983013 0.157812
1768847533.406103611 -6.858235 -2.260099 -0.081959 -0.093228 0.008357 0.983095 0.157364
1768847533.503639698 -6.852159 -2.262234 -0.081727 -0.093601 0.006984 0.983204 0.156524
1768847533.603835106 -6.844981 -2.264821 -0.082692 -0.096577 0.004698 0.982934 0.156500
1768847533.703834057 -6.836686 -2.267687 -0.082730 -0.097333 0.004443 0.982727 0.157334
1768847533.806127548 -6.825971 -2.271084 -0.082494 -0.096874 0.004274 0.982748 0.157492
1768847533.903766632 -6.814154 -2.274877 -0.082113 -0.096942 0.004237 0.982736 0.157528
1768847534.004076958 -6.800273 -2.279101 -0.081971 -0.096914 0.004965 0.982749 0.157438
1768847534.104468822 -6.784260 -2.284225 -0.082028 -0.096610 0.005015 0.982802 0.157293
1768847534.203722239 -6.766832 -2.289992 -0.082083 -0.097015 0.004521 0.982791 0.157128
1768847534.302112103 -6.747743 -2.296380 -0.081959 -0.096956 0.005463 0.982680 0.157826
1768847534.403783321 -6.726025 -2.303001 -0.082080 -0.097762 0.005923 0.982568 0.158009
1768847534.503693819 -6.702927 -2.310436 -0.082589 -0.098498 0.005394 0.982548 0.157698
1768847534.604576349 -6.678870 -2.318388 -0.083254 -0.098772 0.004961 0.982539 0.157594
1768847534.703657866 -6.654929 -2.326320 -0.083303 -0.098783 0.004948 0.982475 0.157989
1768847534.804509401 -6.631111 -2.335045 -0.081708 -0.098981 0.004937 0.982409 0.158277
1768847534.904996634 -6.607385 -2.343703 -0.079436 -0.098969 0.004403 0.982396 0.158380
1768847535.004371643 -6.583622 -2.352849 -0.078060 -0.099131 0.003991 0.982338 0.158647
1768847535.105344057 -6.560026 -2.361236 -0.078789 -0.099036 0.003735 0.982388 0.158405
1768847535.204571724 -6.536515 -2.369991 -0.079210 -0.099049 0.003639 0.982350 0.158631
1768847535.303797960 -6.513198 -2.378755 -0.079080 -0.098914 0.003347 0.982387 0.158496
1768847535.403738499 -6.489307 -2.387609 -0.077793 -0.099053 0.003462 0.982327 0.158778
1768847535.504628658 -6.465250 -2.396626 -0.077154 -0.099055 0.003160 0.982384 0.158429
1768847535.606955528 -6.440695 -2.405592 -0.076587 -0.099273 0.003213 0.982433 0.157987
1768847535.703763485 -6.417722 -2.413881 -0.076798 -0.099289 0.002960 0.982656 0.156587
1768847535.803684950 -6.393524 -2.422211 -0.076249 -0.099206 0.002753 0.982857 0.155382
1768847535.904572964 -6.369079 -2.430594 -0.076489 -0.098874 0.002756 0.983071 0.154234
1768847536.003840208 -6.345038 -2.438725 -0.076208 -0.098853 0.002770 0.983217 0.153312
1768847536.103715897 -6.320945 -2.446778 -0.075155 -0.098325 0.003155 0.983316 0.153009
1768847536.203782558 -6.296761 -2.454963 -0.074440 -0.098031 0.003090 0.983294 0.153340
1768847536.303872824 -6.272876 -2.463230 -0.073745 -0.097669 0.003320 0.983266 0.153743
1768847536.403673887 -6.248645 -2.471221 -0.073985 -0.097220 0.003279 0.983210 0.154386
1768847536.503753424 -6.224913 -2.479328 -0.074059 -0.097304 0.003797 0.983025 0.155495
1768847536.604094744 -6.200637 -2.487444 -0.073325 -0.097125 0.003869 0.982838 0.156784
1768847536.703701973 -6.176617 -2.495723 -0.074438 -0.097378 0.004157 0.982650 0.157796
1768847536.803844213 -6.152777 -2.503888 -0.075900 -0.097347 0.004272 0.982425 0.159204
1768847536.903723717 -6.128831 -2.512453 -0.074686 -0.097039 0.004383 0.982407 0.159502
1768847537.004802227 -6.104387 -2.521101 -0.074033 -0.096899 0.004387 0.982389 0.159699
1768847537.103771210 -6.080366 -2.529289 -0.074015 -0.096857 0.004211 0.982419 0.159541
1768847537.203901291 -6.056340 -2.537793 -0.073414 -0.096851 0.004116 0.982449 0.159365
1768847537.303724051 -6.032094 -2.546117 -0.073250 -0.097137 0.003915 0.982426 0.159337
1768847537.403671503 -6.008092 -2.554890 -0.072480 -0.097342 0.003804 0.982471 0.158934
1768847537.503748178 -5.984154 -2.563078 -0.072097 -0.097610 0.003483 0.982509 0.158547
1768847537.603960991 -5.960212 -2.571304 -0.071943 -0.097789 0.003466 0.982615 0.157776
1768847537.705114365 -5.935804 -2.579596 -0.072185 -0.098195 0.003129 0.982736 0.156776
1768847537.803875923 -5.912204 -2.587368 -0.072073 -0.098368 0.002889 0.982935 0.155414
1768847537.904503822 -5.887683 -2.595424 -0.071859 -0.098335 0.002619 0.983070 0.154584
1768847538.003683805 -5.863884 -2.603055 -0.072542 -0.098330 0.002361 0.983234 0.153549
1768847538.103902340 -5.840318 -2.610939 -0.072770 -0.098051 0.002113 0.983269 0.153505
1768847538.203745127 -5.816731 -2.619046 -0.072623 -0.098083 0.001924 0.983309 0.153230
1768847538.303800344 -5.792942 -2.627490 -0.070629 -0.097804 0.001838 0.983360 0.153083
1768847538.403735876 -5.769139 -2.635054 -0.070190 -0.097984 0.001350 0.983396 0.152742
1768847538.503870487 -5.745209 -2.643414 -0.071609 -0.097371 0.001091 0.983485 0.152564
1768847538.603744507 -5.721176 -2.651427 -0.070968 -0.096823 0.000896 0.983485 0.152908
1768847538.703871965 -5.697087 -2.659773 -0.069715 -0.096231 0.001043 0.983566 0.152765
1768847538.803841352 -5.672766 -2.667834 -0.069203 -0.095969 0.000565 0.983669 0.152264
1768847538.903685093 -5.648878 -2.676110 -0.068612 -0.095524 0.000549 0.983777 0.151847
1768847539.003864288 -5.626886 -2.683319 -0.068127 -0.093858 -0.000024 0.984156 0.150423
1768847539.104939222 -5.625107 -2.684316 -0.068000 -0.095451 0.000056 0.984190 0.149192
1768847539.204020500 -5.623279 -2.685003 -0.068342 -0.097636 0.000323 0.983873 0.149867
1768847539.304781437 -5.602183 -2.692059 -0.067587 -0.094800 -0.000199 0.984363 0.148466
1768847539.403735399 -5.578478 -2.699776 -0.066992 -0.094301 -0.000160 0.984422 0.148393
1768847539.504234076 -5.554706 -2.707543 -0.066312 -0.093777 -0.000208 0.984531 0.148000
1768847539.603886843 -5.531112 -2.715140 -0.066385 -0.092900 -0.000220 0.984598 0.148107
1768847539.704724789 -5.506846 -2.723165 -0.066376 -0.092450 -0.000225 0.984626 0.148202
1768847539.804069042 -5.483318 -2.730768 -0.065664 -0.092270 0.000243 0.984579 0.148626
1768847539.904196262 -5.459771 -2.738084 -0.065476 -0.092234 0.000553 0.984171 0.151331
1768847540.003865719 -5.437866 -2.745280 -0.065529 -0.092529 0.001186 0.983073 0.158129
1768847540.105089188 -5.416940 -2.752068 -0.065037 -0.091181 0.001817 0.981995 0.165432
1768847540.203900337 -5.413654 -2.753626 -0.065523 -0.092678 0.002129 0.981872 0.165328
1768847540.303876400 -5.413355 -2.753706 -0.065488 -0.092581 0.001932 0.981894 0.165255
1768847540.403735399 -5.413100 -2.753745 -0.065301 -0.092638 0.002051 0.981901 0.165182
1768847540.503737926 -5.412547 -2.753624 -0.065422 -0.092657 0.002097 0.981846 0.165498
1768847540.603861094 -5.412171 -2.753609 -0.065565 -0.092276 0.002710 0.981141 0.169821
1768847540.704083681 -5.411931 -2.753285 -0.065410 -0.091945 0.004164 0.978906 0.182405
1768847540.806424379 -5.411494 -2.752799 -0.065520 -0.091527 0.005368 0.974184 0.206301
1768847540.906152487 -5.410586 -2.752041 -0.065188 -0.090397 0.008422 0.967377 0.236515
1768847541.003785372 -5.409728 -2.751175 -0.065027 -0.089552 0.011812 0.957231 0.274862
1768847541.103851795 -5.408569 -2.749893 -0.064626 -0.088441 0.015651 0.942523 0.321843
1768847541.203787088 -5.407484 -2.748392 -0.064389 -0.086559 0.020747 0.922347 0.375969
1768847541.304103613 -5.406073 -2.747288 -0.063534 -0.084233 0.025866 0.895767 0.435703
1768847541.404033899 -5.404688 -2.745604 -0.062879 -0.080797 0.032096 0.862347 0.498799
1768847541.503947020 -5.402536 -2.744420 -0.062494 -0.077425 0.037431 0.823795 0.560326
1768847541.603921890 -5.399858 -2.743727 -0.063492 -0.072208 0.044233 0.774559 0.626808
1768847541.703918934 -5.397354 -2.743051 -0.063099 -0.065956 0.050245 0.718024 0.691062
1768847541.803956509 -5.394647 -2.743340 -0.062813 -0.058871 0.056339 0.655549 0.750744
1768847541.903951645 -5.391779 -2.743099 -0.062085 -0.051001 0.060889 0.588943 0.804262
1768847542.003807068 -5.389371 -2.741762 -0.061691 -0.043919 0.065067 0.526315 0.846658
1768847542.103947639 -5.390401 -2.742830 -0.061648 -0.043441 0.065561 0.520264 0.850377
1768847542.203834534 -5.390772 -2.743978 -0.061587 -0.043265 0.065255 0.520160 0.850472
1768847542.303971529 -5.391039 -2.744363 -0.061566 -0.043338 0.065400 0.520092 0.850499
1768847542.403871298 -5.391126 -2.744573 -0.061682 -0.043217 0.065345 0.520150 0.850474
1768847542.503964186 -5.391058 -2.744966 -0.061587 -0.043324 0.065480 0.520144 0.850462
1768847542.603854179 -5.391012 -2.744996 -0.061235 -0.043314 0.065196 0.519969 0.850591
1768847542.703875542 -5.387944 -2.741241 -0.060656 -0.042383 0.064490 0.516145 0.853018
1768847542.807387829 -5.378994 -2.725314 -0.060823 -0.041998 0.065724 0.510734 0.856193
1768847542.904196024 -5.369839 -2.709143 -0.060382 -0.041792 0.064996 0.510911 0.856153
1768847543.003933191 -5.360272 -2.691913 -0.060261 -0.041808 0.065686 0.510727 0.856210
1768847543.104163170 -5.351006 -2.675047 -0.060057 -0.041334 0.064818 0.510578 0.856388
1768847543.203905582 -5.341721 -2.658118 -0.059065 -0.040990 0.064703 0.510148 0.856669
1768847543.304742813 -5.332511 -2.641425 -0.058170 -0.041274 0.063839 0.509862 0.856891
1768847543.403956652 -5.323365 -2.624597 -0.057258 -0.041643 0.063786 0.509712 0.856966
1768847543.503923655 -5.314190 -2.607770 -0.057100 -0.042096 0.063495 0.509595 0.857035
1768847543.603947401 -5.304804 -2.590833 -0.056472 -0.042202 0.063485 0.509773 0.856925
1768847543.704025984 -5.295472 -2.573877 -0.056679 -0.042850 0.063836 0.509760 0.856874
1768847543.803861141 -5.286229 -2.556969 -0.056278 -0.042852 0.064235 0.510131 0.856624
1768847543.906983852 -5.276580 -2.538979 -0.056874 -0.044239 0.065078 0.510458 0.856295
1768847544.003941298 -5.267516 -2.522115 -0.056229 -0.044253 0.064677 0.511043 0.855975
1768847544.104018211 -5.258337 -2.504914 -0.055981 -0.045389 0.065565 0.511531 0.855556
1768847544.204171658 -5.249216 -2.487742 -0.054642 -0.045473 0.065629 0.511746 0.855419
1768847544.304893017 -5.239381 -2.470559 -0.054363 -0.045881 0.067174 0.511865 0.855206
1768847544.404016018 -5.230064 -2.453807 -0.053370 -0.045818 0.067336 0.513993 0.853919
1768847544.503741741 -5.221236 -2.436376 -0.052593 -0.047163 0.067176 0.522877 0.848447
1768847544.604060173 -5.213103 -2.418849 -0.052407 -0.048881 0.066887 0.535914 0.840198
1768847544.704188585 -5.206297 -2.402506 -0.051441 -0.051003 0.066125 0.554961 0.827674
1768847544.805096626 -5.200172 -2.387742 -0.049100 -0.052575 0.065017 0.570964 0.816706
1768847544.903996229 -5.195011 -2.368902 -0.044463 -0.051754 0.063976 0.573029 0.815393
1768847545.003927231 -5.192903 -2.350876 -0.030282 -0.050552 0.063146 0.577737 0.812205
1768847545.104267597 -5.186055 -2.330780 -0.027109 -0.052018 0.061717 0.588129 0.804730
1768847545.203929901 -5.180720 -2.315980 -0.025372 -0.053092 0.061147 0.599392 0.796349
1768847545.303964376 -5.173357 -2.297842 -0.023882 -0.053259 0.061289 0.601456 0.794769
1768847545.404100895 -5.168951 -2.279034 -0.022838 -0.053423 0.061499 0.601624 0.794614
1768847545.503922939 -5.162836 -2.259210 -0.031204 -0.052767 0.061595 0.601833 0.794493
1768847545.603937864 -5.155378 -2.240200 -0.038859 -0.054766 0.062057 0.601821 0.794330
1768847545.707380295 -5.149804 -2.219061 -0.044922 -0.054019 0.062631 0.602617 0.793733
1768847545.803958654 -5.144287 -2.200624 -0.047541 -0.054047 0.062050 0.602783 0.793651
1768847545.904066563 -5.138505 -2.180982 -0.050045 -0.055136 0.063056 0.603322 0.793087
1768847546.004073143 -5.132769 -2.162053 -0.050401 -0.054888 0.062771 0.603897 0.792689
1768847546.107156277 -5.126979 -2.142500 -0.051650 -0.056147 0.063195 0.604268 0.792284
1768847546.204691648 -5.121900 -2.124374 -0.051578 -0.055405 0.063304 0.604611 0.792066
1768847546.304805756 -5.116504 -2.105313 -0.052282 -0.056100 0.063837 0.604734 0.791880
1768847546.404163837 -5.111077 -2.086806 -0.052345 -0.055898 0.063961 0.604766 0.791860
1768847546.503985882 -5.105135 -2.068381 -0.052485 -0.056240 0.063869 0.604503 0.792044
1768847546.604125500 -5.099404 -2.049837 -0.051401 -0.056035 0.063825 0.604358 0.792173
1768847546.704697371 -5.093648 -2.031201 -0.050374 -0.055828 0.063196 0.604528 0.792109
1768847546.804120064 -5.088247 -2.013085 -0.049713 -0.055366 0.063257 0.604523 0.792139
1768847546.904032707 -5.082660 -1.994761 -0.048666 -0.054979 0.062866 0.604942 0.791877
1768847547.004274368 -5.077333 -1.975953 -0.048768 -0.054945 0.062807 0.605111 0.791756
1768847547.104266405 -5.071980 -1.957499 -0.048541 -0.055033 0.062062 0.605451 0.791548
1768847547.205448151 -5.066492 -1.938754 -0.048712 -0.055371 0.062492 0.605539 0.791424
1768847547.302887440 -5.061299 -1.920818 -0.047540 -0.055183 0.061745 0.605576 0.791467
1768847547.404145002 -5.055814 -1.902138 -0.047691 -0.055609 0.062128 0.605243 0.791662
1768847547.504126549 -5.050641 -1.883895 -0.046880 -0.055138 0.061729 0.604954 0.791947
1768847547.604018688 -5.045501 -1.865218 -0.047070 -0.055883 0.062225 0.604682 0.792064
1768847547.704226971 -5.040304 -1.846986 -0.046321 -0.055241 0.062167 0.604718 0.792086
1768847547.804024696 -5.034827 -1.828482 -0.046038 -0.056016 0.062263 0.604582 0.792127
1768847547.904099226 -5.029607 -1.810112 -0.045590 -0.055573 0.062242 0.604817 0.791981
1768847548.004121542 -5.024696 -1.791289 -0.045600 -0.055824 0.062584 0.605033 0.791772
1768847548.104015827 -5.019669 -1.773013 -0.045923 -0.055192 0.062984 0.605261 0.791610
1768847548.202439785 -5.014930 -1.754433 -0.046462 -0.055855 0.063396 0.605393 0.791429
1768847548.304165840 -5.009739 -1.735865 -0.046710 -0.055597 0.063939 0.605463 0.791351
1768847548.404726267 -5.004580 -1.717044 -0.046767 -0.055755 0.063718 0.605322 0.791465
1768847548.504208565 -4.999185 -1.698020 -0.046892 -0.056072 0.064533 0.604990 0.791630
1768847548.606435776 -4.993297 -1.679415 -0.045880 -0.055472 0.063969 0.604766 0.791890
1768847548.704297304 -4.987908 -1.661373 -0.045371 -0.056518 0.064226 0.604824 0.791750
1768847548.804173231 -4.982257 -1.643385 -0.044161 -0.055849 0.063751 0.604729 0.791908
1768847548.905967951 -4.977402 -1.624193 -0.045088 -0.056839 0.063572 0.604733 0.791850
1768847549.004254818 -4.972347 -1.606281 -0.044684 -0.055681 0.063428 0.604893 0.791822
1768847549.105486631 -4.967187 -1.587438 -0.044121 -0.056427 0.062524 0.605069 0.791706
1768847549.204132795 -4.961997 -1.569370 -0.044053 -0.055855 0.063127 0.605319 0.791507
1768847549.304084778 -4.956834 -1.550864 -0.043987 -0.056151 0.062839 0.605347 0.791488
1768847549.404097080 -4.951824 -1.532107 -0.044079 -0.055705 0.063443 0.605157 0.791617
1768847549.503534555 -4.946450 -1.513770 -0.043663 -0.055965 0.063251 0.604951 0.791771
1768847549.604285002 -4.941284 -1.494660 -0.043787 -0.056180 0.063948 0.604758 0.791848
1768847549.704158068 -4.936056 -1.476069 -0.043307 -0.055983 0.063567 0.604553 0.792048
1768847549.803669214 -4.930953 -1.457703 -0.043437 -0.056595 0.064554 0.604367 0.792067
1768847549.904070139 -4.925710 -1.439066 -0.043183 -0.056254 0.064188 0.604409 0.792089
1768847550.004248619 -4.920123 -1.420722 -0.043305 -0.056884 0.064572 0.604447 0.791984
1768847550.105152369 -4.914766 -1.401707 -0.042696 -0.056099 0.064039 0.604678 0.791907
1768847550.204158068 -4.909860 -1.383120 -0.043576 -0.056914 0.064178 0.604882 0.791681
1768847550.304326773 -4.904772 -1.364340 -0.043127 -0.056577 0.064825 0.604996 0.791566
1768847550.404245377 -4.899732 -1.345607 -0.043440 -0.057730 0.064972 0.604773 0.791641
1768847550.504502296 -4.894354 -1.327172 -0.043148 -0.057309 0.065878 0.604642 0.791697
1768847550.604247093 -4.889316 -1.308631 -0.043227 -0.058137 0.065723 0.604212 0.791977
1768847550.704159737 -4.884067 -1.290242 -0.044075 -0.058201 0.066721 0.603944 0.792094
1768847550.804096699 -4.879008 -1.271550 -0.043545 -0.058557 0.066553 0.603712 0.792258
1768847550.905467987 -4.873539 -1.252851 -0.043806 -0.059203 0.067490 0.603527 0.792272
1768847551.004230499 -4.868762 -1.234095 -0.043045 -0.058935 0.067360 0.603721 0.792155
1768847551.103592634 -4.863357 -1.215546 -0.043583 -0.059642 0.068029 0.603769 0.792008
1768847551.204341650 -4.857930 -1.196876 -0.043219 -0.059936 0.068032 0.604050 0.791772
1768847551.304240465 -4.852960 -1.177749 -0.043799 -0.060655 0.068772 0.604067 0.791640
1768847551.404171705 -4.847678 -1.159678 -0.043857 -0.060645 0.068953 0.604034 0.791651
1768847551.504205227 -4.842593 -1.142658 -0.044343 -0.062327 0.071335 0.603536 0.791688
1768847551.604255199 -4.839747 -1.130996 -0.045003 -0.061177 0.068814 0.605025 0.790864
1768847551.704151630 -4.834512 -1.111974 -0.044226 -0.061041 0.069104 0.604886 0.790956
1768847551.804291010 -4.829372 -1.092943 -0.044486 -0.061168 0.069279 0.604670 0.791096
1768847551.904177427 -4.824363 -1.074864 -0.044345 -0.060667 0.068943 0.604478 0.791311
1768847552.004265785 -4.819324 -1.056060 -0.044860 -0.060862 0.069063 0.604518 0.791255
1768847552.104760647 -4.814391 -1.037091 -0.045576 -0.060201 0.069094 0.604565 0.791266
1768847552.204174280 -4.809031 -1.017890 -0.045908 -0.060080 0.068593 0.604902 0.791062
1768847552.304208755 -4.803480 -0.998834 -0.046610 -0.060097 0.069185 0.605072 0.790879
1768847552.404214382 -4.798361 -0.979839 -0.046119 -0.060117 0.068760 0.605240 0.790786
1768847552.504259586 -4.793129 -0.960760 -0.046819 -0.060096 0.069413 0.605020 0.790899
1768847552.604208231 -4.788201 -0.942126 -0.046520 -0.059412 0.068680 0.604874 0.791126
1768847552.704356909 -4.782585 -0.923168 -0.047196 -0.059466 0.069303 0.604408 0.791424
1768847552.804240227 -4.777383 -0.904434 -0.046902 -0.058648 0.068863 0.604178 0.791699
1768847552.904271364 -4.771849 -0.885625 -0.047168 -0.059018 0.069291 0.603686 0.792009
1768847553.004220009 -4.766389 -0.867603 -0.046562 -0.057842 0.068817 0.602379 0.793132
1768847553.104385853 -4.760464 -0.848992 -0.047064 -0.057553 0.069445 0.598810 0.795796
1768847553.203619003 -4.754568 -0.831581 -0.047194 -0.057394 0.069395 0.591236 0.801455
1768847553.304407358 -4.748180 -0.814253 -0.047034 -0.055544 0.070354 0.572670 0.814871
1768847553.404201031 -4.741294 -0.799135 -0.047063 -0.053271 0.071778 0.548889 0.831102
1768847553.503709555 -4.733621 -0.784242 -0.046875 -0.050965 0.072018 0.526108 0.845829
1768847553.604510307 -4.724525 -0.767303 -0.046400 -0.050233 0.073586 0.523879 0.847120
1768847553.704291105 -4.715746 -0.750010 -0.046558 -0.051184 0.072993 0.523390 0.847417
1768847553.804183722 -4.706663 -0.732996 -0.046641 -0.050152 0.073934 0.523341 0.847427
1768847553.904414415 -4.697354 -0.715921 -0.046513 -0.050985 0.073633 0.523192 0.847496
1768847554.004588127 -4.688350 -0.698860 -0.046485 -0.050150 0.074409 0.523544 0.847260
1768847554.104743481 -4.678909 -0.681836 -0.046449 -0.050574 0.074148 0.523383 0.847358
1768847554.204256296 -4.669802 -0.664575 -0.046642 -0.050386 0.074661 0.522845 0.847655
1768847554.304240942 -4.660368 -0.647415 -0.047073 -0.050542 0.074523 0.518723 0.850187
1768847554.404392958 -4.650480 -0.630836 -0.047176 -0.050414 0.075533 0.507230 0.857013
1768847554.504333496 -4.640433 -0.615255 -0.047420 -0.049536 0.076468 0.487932 0.868114
1768847554.604632854 -4.630494 -0.601156 -0.047369 -0.047948 0.077258 0.465749 0.880233
1768847554.704476833 -4.620570 -0.588515 -0.047534 -0.046091 0.079071 0.440276 0.893186
1768847554.804334641 -4.610680 -0.577989 -0.047480 -0.043733 0.079851 0.408672 0.908129
1768847554.904255152 -4.599738 -0.567859 -0.047422 -0.041258 0.081410 0.373303 0.923209
1768847555.004334211 -4.587602 -0.557135 -0.047880 -0.039309 0.082160 0.356255 0.929939
1768847555.104504347 -4.573237 -0.544229 -0.047900 -0.039453 0.083415 0.356039 0.929904
1768847555.204756737 -4.559129 -0.531539 -0.047731 -0.040218 0.082751 0.356181 0.929876
1768847555.305336952 -4.544338 -0.518642 -0.047740 -0.040643 0.083066 0.355973 0.929909
1768847555.404314756 -4.529908 -0.505852 -0.048525 -0.041198 0.082489 0.355713 0.930036
1768847555.504082680 -4.514831 -0.493017 -0.047822 -0.040775 0.082739 0.355708 0.930034
1768847555.606663704 -4.499686 -0.479424 -0.048110 -0.041520 0.082614 0.355410 0.930126
1768847555.704294443 -4.485186 -0.467042 -0.047680 -0.040807 0.082435 0.355635 0.930088
1768847555.804375887 -4.470503 -0.454269 -0.047946 -0.041290 0.082517 0.355622 0.930064
1768847555.904468060 -4.456092 -0.441255 -0.048090 -0.040810 0.081820 0.356212 0.929921
1768847556.004373074 -4.441485 -0.428435 -0.048428 -0.040747 0.082296 0.356519 0.929764
1768847556.104424238 -4.427372 -0.415786 -0.047996 -0.040398 0.081145 0.356854 0.929752
1768847556.204292059 -4.412982 -0.403336 -0.048067 -0.040005 0.081635 0.356819 0.929740
1768847556.304422140 -4.398557 -0.391183 -0.047717 -0.039840 0.080224 0.351471 0.931904
1768847556.404725552 -4.383627 -0.379212 -0.047640 -0.038225 0.080299 0.338470 0.936765
1768847556.504297256 -4.368573 -0.368121 -0.048353 -0.036351 0.080679 0.319970 0.943286
1768847556.604427338 -4.353647 -0.358376 -0.048903 -0.033913 0.080940 0.298302 0.950429
1768847556.704488277 -4.338385 -0.349713 -0.048613 -0.031135 0.081593 0.274666 0.957565
1768847556.804784298 -4.323763 -0.342261 -0.048448 -0.028026 0.082174 0.247278 0.965047
1768847556.904441118 -4.310860 -0.336657 -0.047966 -0.024138 0.081897 0.210212 0.973920
1768847557.004375696 -4.298574 -0.332670 -0.047869 -0.019604 0.082252 0.167931 0.982166
1768847557.104470015 -4.285558 -0.329658 -0.047757 -0.016039 0.081493 0.129489 0.988096
1768847557.204464436 -4.269334 -0.325787 -0.047983 -0.015270 0.082021 0.119683 0.989300
1768847557.304345131 -4.250451 -0.321594 -0.047543 -0.014567 0.082132 0.119060 0.989377
1768847557.404879808 -4.231238 -0.316823 -0.047498 -0.015158 0.081776 0.118927 0.989414
1768847557.504431725 -4.211972 -0.312247 -0.047280 -0.014065 0.081515 0.118946 0.989449
1768847557.604078531 -4.192863 -0.307735 -0.047381 -0.014415 0.081552 0.118983 0.989436
1768847557.704515934 -4.174421 -0.303108 -0.046918 -0.013721 0.081471 0.119354 0.989408
1768847557.804452181 -4.155291 -0.298692 -0.046730 -0.013401 0.081450 0.119066 0.989449
1768847557.904386520 -4.136932 -0.294114 -0.046376 -0.013123 0.081457 0.119028 0.989457
1768847558.004463673 -4.117776 -0.289846 -0.046164 -0.012625 0.081629 0.118562 0.989505
1768847558.104569912 -4.098665 -0.285578 -0.046036 -0.012940 0.081427 0.118760 0.989494
1768847558.204354763 -4.079931 -0.281141 -0.045863 -0.012256 0.081795 0.118441 0.989511
1768847558.304530621 -4.061117 -0.276311 -0.045648 -0.012819 0.081459 0.118472 0.989527
1768847558.405685663 -4.041840 -0.271793 -0.045461 -0.011836 0.081781 0.118611 0.989496
1768847558.504375935 -4.023012 -0.267275 -0.045390 -0.012960 0.081694 0.118753 0.989473
1768847558.604389906 -4.003782 -0.263070 -0.045592 -0.011804 0.081979 0.118941 0.989441
1768847558.704569101 -3.984806 -0.258609 -0.045068 -0.012670 0.082067 0.119166 0.989396
1768847558.804450512 -3.965818 -0.254459 -0.044910 -0.011651 0.081991 0.119251 0.989404
1768847558.903179646 -3.946713 -0.249879 -0.045001 -0.012007 0.082103 0.118943 0.989428
1768847559.004740477 -3.927369 -0.245517 -0.044209 -0.011466 0.081948 0.118902 0.989452
1768847559.104394197 -3.908606 -0.241426 -0.044326 -0.010928 0.082154 0.118660 0.989470
1768847559.204634190 -3.889176 -0.236971 -0.043655 -0.011059 0.081617 0.118789 0.989498
1768847559.304524899 -3.869934 -0.232582 -0.043467 -0.010353 0.082171 0.118793 0.989459
1768847559.403916836 -3.850958 -0.228110 -0.042991 -0.011259 0.081701 0.118707 0.989498
1768847559.504492283 -3.831402 -0.223628 -0.042710 -0.009957 0.082068 0.118806 0.989470
1768847559.604450941 -3.812264 -0.219124 -0.042178 -0.011023 0.081668 0.119102 0.989456
1768847559.704460382 -3.792723 -0.214728 -0.041841 -0.009704 0.081982 0.119479 0.989399
1768847559.804594994 -3.773803 -0.210042 -0.041962 -0.010459 0.081612 0.119711 0.989393
1768847559.904529095 -3.754781 -0.206000 -0.040889 -0.009296 0.081133 0.119798 0.989434
1768847560.004413366 -3.736020 -0.201339 -0.040997 -0.009828 0.081365 0.119488 0.989447
1768847560.104579210 -3.716782 -0.197293 -0.039939 -0.008934 0.080976 0.119394 0.989499
1768847560.204652548 -3.698039 -0.192428 -0.040465 -0.009257 0.081118 0.119205 0.989507
1768847560.304545879 -3.679151 -0.188205 -0.039993 -0.009108 0.080539 0.119274 0.989547
1768847560.404700041 -3.660049 -0.183816 -0.039826 -0.008905 0.080872 0.119354 0.989513
1768847560.504435301 -3.641011 -0.179681 -0.039198 -0.009257 0.080218 0.119462 0.989550
1768847560.604488850 -3.622086 -0.175367 -0.038906 -0.008570 0.080692 0.119777 0.989479
1768847560.706656218 -3.603033 -0.170716 -0.038967 -0.009494 0.080626 0.120174 0.989428
1768847560.805195808 -3.584221 -0.166593 -0.038009 -0.008737 0.080925 0.120457 0.989376
1768847560.904499769 -3.565903 -0.162014 -0.038131 -0.009253 0.080688 0.120645 0.989368
1768847561.004546165 -3.546950 -0.157777 -0.037690 -0.008557 0.080779 0.120650 0.989366
1768847561.104632854 -3.528141 -0.153148 -0.037827 -0.009166 0.080644 0.120439 0.989397
1768847561.204598904 -3.509081 -0.148977 -0.037412 -0.008217 0.080735 0.120513 0.989389
1768847561.304513454 -3.490515 -0.144336 -0.037027 -0.009290 0.080710 0.120437 0.989391
1768847561.405235767 -3.471615 -0.139907 -0.036496 -0.008491 0.080575 0.120496 0.989402
1768847561.504542351 -3.452773 -0.135074 -0.036168 -0.009245 0.080868 0.120464 0.989375
1768847561.604501247 -3.433505 -0.130822 -0.035626 -0.009131 0.080441 0.120685 0.989384
1768847561.704201937 -3.414374 -0.126280 -0.035288 -0.009474 0.080697 0.120797 0.989346
1768847561.804713488 -3.395382 -0.122031 -0.034853 -0.009556 0.080647 0.121336 0.989284
1768847561.904756308 -3.376253 -0.117557 -0.034707 -0.009624 0.080721 0.121683 0.989234
1768847562.004650593 -3.357587 -0.112945 -0.034601 -0.010013 0.080465 0.121864 0.989229
1768847562.104563475 -3.338307 -0.108782 -0.034552 -0.009494 0.080540 0.121821 0.989233
1768847562.204645634 -3.319553 -0.104488 -0.034087 -0.010269 0.080300 0.121979 0.989226
1768847562.304522038 -3.300642 -0.100198 -0.033510 -0.009801 0.080537 0.122138 0.989192
1768847562.405633688 -3.281407 -0.095733 -0.033368 -0.010688 0.080389 0.122029 0.989208
1768847562.505559921 -3.262350 -0.091247 -0.032824 -0.010437 0.080501 0.122136 0.989188
1768847562.604777813 -3.243593 -0.086499 -0.033418 -0.011324 0.080523 0.122424 0.989141
1768847562.708153486 -3.223645 -0.081578 -0.032671 -0.011127 0.080060 0.123038 0.989105
1768847562.804695368 -3.204874 -0.076923 -0.032436 -0.011399 0.080338 0.123499 0.989022
1768847562.904047251 -3.186323 -0.072314 -0.032309 -0.011427 0.079964 0.124093 0.988977
1768847563.007468700 -3.167033 -0.067759 -0.032094 -0.011072 0.080211 0.124135 0.988956
1768847563.104541779 -3.148776 -0.063217 -0.031670 -0.011485 0.079825 0.124446 0.988943
1768847563.204688072 -3.129793 -0.058726 -0.031124 -0.010877 0.080089 0.124153 0.988966
1768847563.304597378 -3.110999 -0.054207 -0.030343 -0.011644 0.079715 0.124449 0.988950
1768847563.404532671 -3.091842 -0.049807 -0.029958 -0.010960 0.080278 0.124312 0.988930
1768847563.504143000 -3.073022 -0.045160 -0.029584 -0.012036 0.079990 0.124436 0.988925
1768847563.604871511 -3.053942 -0.040549 -0.029017 -0.011138 0.080264 0.125027 0.988839
1768847563.704661608 -3.034644 -0.035908 -0.028863 -0.012435 0.080281 0.125192 0.988801
1768847563.804673672 -3.015407 -0.031155 -0.028520 -0.011634 0.080265 0.125856 0.988728
1768847563.904710531 -2.996418 -0.026275 -0.028789 -0.012604 0.080646 0.126077 0.988657
1768847564.003515959 -2.977866 -0.021903 -0.028423 -0.011870 0.080614 0.126418 0.988625
1768847564.105449438 -2.958499 -0.017109 -0.028496 -0.012162 0.080807 0.126949 0.988537
1768847564.204012394 -2.939741 -0.012953 -0.028080 -0.012010 0.080798 0.127374 0.988485
1768847564.303661585 -2.921291 -0.008231 -0.028432 -0.011994 0.081248 0.127703 0.988406
1768847564.404830933 -2.902132 -0.003798 -0.027980 -0.012090 0.080962 0.127949 0.988397
1768847564.503760576 -2.883632 0.000898 -0.028423 -0.011948 0.081618 0.128386 0.988288
1768847564.603874922 -2.864875 0.005660 -0.027825 -0.012692 0.081205 0.128494 0.988299
1768847564.703846931 -2.846107 0.010339 -0.027923 -0.012158 0.081939 0.129000 0.988179
1768847564.803678751 -2.827395 0.014980 -0.027115 -0.013269 0.081790 0.129782 0.988074
1768847564.903783798 -2.808344 0.019945 -0.026815 -0.012424 0.082374 0.130595 0.987930
1768847565.004720926 -2.789547 0.025140 -0.026852 -0.013225 0.082239 0.133325 0.987566
1768847565.104732752 -2.771196 0.030530 -0.026241 -0.014370 0.082048 0.140971 0.986503
1768847565.204911709 -2.752313 0.035756 -0.026439 -0.013531 0.082605 0.142527 0.986245
1768847565.304667950 -2.733410 0.040856 -0.026115 -0.014574 0.082292 0.142628 0.986242
1768847565.405249834 -2.714542 0.045873 -0.026206 -0.013743 0.083043 0.143133 0.986118
1768847565.505462646 -2.696026 0.051282 -0.025853 -0.014233 0.082722 0.143300 0.986113
1768847565.604770899 -2.677005 0.056379 -0.025849 -0.014381 0.083382 0.143405 0.986040
1768847565.704786777 -2.658090 0.061817 -0.025347 -0.014319 0.083027 0.143617 0.986040
1768847565.804622889 -2.638806 0.067564 -0.025516 -0.014828 0.083799 0.143828 0.985937
1768847565.905539751 -2.619742 0.073640 -0.024265 -0.014467 0.083570 0.147722 0.985386
1768847566.004849195 -2.601317 0.080092 -0.024228 -0.016415 0.083304 0.159951 0.983467
1768847566.103955269 -2.584701 0.086687 -0.024228 -0.018437 0.082874 0.179913 0.980012
1768847566.204818249 -2.569220 0.093138 -0.024226 -0.020627 0.082576 0.201833 0.975715
1768847566.308039427 -2.550869 0.100866 -0.024788 -0.021032 0.082528 0.206596 0.974713
1768847566.404541969 -2.533326 0.108171 -0.025170 -0.020340 0.082785 0.206579 0.974709
1768847566.504642725 -2.515021 0.116170 -0.024933 -0.021245 0.082820 0.206700 0.974661
1768847566.604664803 -2.496513 0.124348 -0.024451 -0.020401 0.082981 0.208097 0.974368
1768847566.706806898 -2.478321 0.133348 -0.024851 -0.022209 0.082752 0.216730 0.972464
1768847566.804713011 -2.461720 0.141637 -0.024255 -0.023816 0.082720 0.232778 0.968713
1768847566.904718876 -2.445269 0.149594 -0.023696 -0.024540 0.082336 0.244358 0.965872
1768847567.004707336 -2.427960 0.158419 -0.023726 -0.024535 0.082779 0.245517 0.965540
1768847567.104693890 -2.410080 0.167481 -0.023892 -0.024617 0.082643 0.245720 0.965498
1768847567.204808712 -2.392835 0.176519 -0.024799 -0.024910 0.083080 0.245835 0.965423
1768847567.303674936 -2.375935 0.185520 -0.024174 -0.024873 0.082877 0.245817 0.965446
1768847567.405035019 -2.358640 0.194498 -0.024207 -0.024953 0.083435 0.245847 0.965389
1768847567.504912138 -2.341279 0.203460 -0.024010 -0.025094 0.083078 0.245881 0.965407
1768847567.604760408 -2.323826 0.212875 -0.024650 -0.025638 0.083802 0.246039 0.965290
1768847567.704837322 -2.306363 0.221902 -0.024336 -0.025559 0.083096 0.246695 0.965186
1768847567.805346966 -2.288978 0.231202 -0.024856 -0.026214 0.083598 0.246908 0.965070
1768847567.904859304 -2.271558 0.240599 -0.024586 -0.025922 0.083595 0.247077 0.965035
1768847568.004717588 -2.253961 0.249916 -0.025140 -0.026541 0.084091 0.246151 0.965212
1768847568.104696512 -2.236876 0.258894 -0.025209 -0.026227 0.084007 0.245790 0.965320
1768847568.203874350 -2.219668 0.267743 -0.025152 -0.026567 0.084318 0.245382 0.965387
1768847568.307815313 -2.201954 0.277327 -0.025278 -0.026369 0.084429 0.245196 0.965430
1768847568.404739141 -2.184962 0.286358 -0.024940 -0.026259 0.084093 0.245148 0.965475
1768847568.504723549 -2.167995 0.295358 -0.025224 -0.026366 0.084210 0.245133 0.965465
1768847568.604811668 -2.150716 0.304582 -0.025122 -0.026324 0.083878 0.245144 0.965493
1768847568.704842091 -2.133867 0.313718 -0.025957 -0.026463 0.084483 0.245511 0.965343
1768847568.804853916 -2.116749 0.322955 -0.025465 -0.026458 0.083844 0.245849 0.965313
1768847568.905297041 -2.099260 0.332343 -0.026069 -0.026990 0.084854 0.245657 0.965259
1768847569.004845858 -2.082072 0.341468 -0.025652 -0.026736 0.084007 0.245424 0.965399
1768847569.103558302 -2.064964 0.350430 -0.026542 -0.027089 0.084898 0.244685 0.965499
1768847569.204757929 -2.048015 0.359119 -0.025521 -0.026730 0.084123 0.244271 0.965681
1768847569.304827213 -2.030665 0.368575 -0.026108 -0.027058 0.084908 0.243742 0.965737
1768847569.404470921 -2.013573 0.377109 -0.025747 -0.026652 0.084319 0.243531 0.965853
1768847569.504757166 -1.996657 0.385945 -0.025930 -0.026691 0.084592 0.243183 0.965916
1768847569.604906082 -1.979636 0.394388 -0.025762 -0.026541 0.084399 0.240725 0.966552
1768847569.702853441 -1.962402 0.402691 -0.025500 -0.024766 0.085142 0.230838 0.968943
1768847569.804754972 -1.944826 0.410565 -0.025430 -0.023119 0.085106 0.212303 0.973216
1768847569.903840542 -1.928086 0.416731 -0.025283 -0.021107 0.085618 0.189484 0.977916
1768847570.004943609 -1.911589 0.422811 -0.024997 -0.019132 0.084750 0.167259 0.982077
1768847570.103900671 -1.893147 0.429018 -0.025249 -0.019438 0.085865 0.164034 0.982518
1768847570.203755617 -1.874881 0.435171 -0.024965 -0.018883 0.085248 0.163502 0.982671
1768847570.304878950 -1.856355 0.440974 -0.024340 -0.019336 0.085069 0.163484 0.982681
1768847570.405292749 -1.838066 0.447238 -0.023974 -0.018576 0.085010 0.163544 0.982691
1768847570.505589247 -1.819319 0.453412 -0.023437 -0.018957 0.084456 0.163314 0.982770
1768847570.603663921 -1.801248 0.459392 -0.023276 -0.018364 0.084557 0.163105 0.982807
1768847570.704856396 -1.782254 0.465501 -0.022796 -0.019039 0.084267 0.162851 0.982861
1768847570.803756237 -1.763726 0.471416 -0.022908 -0.018712 0.084582 0.162552 0.982890
1768847570.903683662 -1.745120 0.477582 -0.022408 -0.019092 0.083866 0.162746 0.982912
1768847571.004845619 -1.726250 0.483940 -0.022295 -0.019079 0.084579 0.162695 0.982859
1768847571.103811979 -1.707981 0.490057 -0.021397 -0.018784 0.084134 0.162721 0.982899
1768847571.205856085 -1.689171 0.496345 -0.021177 -0.018900 0.084549 0.161641 0.983039
1768847571.306084394 -1.671358 0.502332 -0.020103 -0.017816 0.084153 0.154552 0.984233
1768847571.404749870 -1.653733 0.507453 -0.019414 -0.015874 0.084036 0.137354 0.986823
1768847571.504928350 -1.635960 0.511288 -0.019264 -0.013874 0.084104 0.115452 0.989649
1768847571.604075670 -1.618696 0.514260 -0.019378 -0.011566 0.084064 0.094352 0.991916
1768847571.703929424 -1.600459 0.517226 -0.019858 -0.012039 0.084804 0.090063 0.992246
1768847571.803860903 -1.581494 0.520300 -0.019490 -0.011398 0.084669 0.089693 0.992299
1768847571.904984236 -1.562370 0.523380 -0.019378 -0.011866 0.084628 0.088935 0.992365
1768847572.004848003 -1.543519 0.526512 -0.018740 -0.011625 0.084636 0.088525 0.992404
1768847572.103984833 -1.524575 0.529787 -0.019039 -0.011564 0.084744 0.088679 0.992381
1768847572.204881430 -1.505337 0.533369 -0.018879 -0.012072 0.084611 0.089042 0.992354
1768847572.304966450 -1.485809 0.537002 -0.018956 -0.011432 0.084915 0.089137 0.992327
1768847572.404946566 -1.466454 0.540329 -0.018399 -0.011883 0.084455 0.089328 0.992344
1768847572.504935026 -1.447455 0.543514 -0.017811 -0.011293 0.084839 0.089005 0.992347
1768847572.603865147 -1.428905 0.547159 -0.017813 -0.011789 0.084392 0.089131 0.992368
1768847572.703658342 -1.409661 0.550332 -0.017706 -0.011223 0.084989 0.088795 0.992354
1768847572.804985285 -1.390360 0.553653 -0.017850 -0.011931 0.084389 0.088646 0.992410
1768847572.905780077 -1.370344 0.556612 -0.017836 -0.011321 0.084990 0.088205 0.992405
1768847573.004979134 -1.350729 0.559772 -0.017862 -0.012027 0.085008 0.088000 0.992414
1768847573.103608131 -1.331901 0.562773 -0.017779 -0.011416 0.084761 0.087978 0.992444
1768847573.205029726 -1.312730 0.566202 -0.018370 -0.011792 0.085056 0.088241 0.992391
1768847573.303618193 -1.294368 0.569624 -0.018086 -0.011701 0.084541 0.088729 0.992393
1768847573.404966354 -1.275181 0.572908 -0.018227 -0.011448 0.085154 0.089269 0.992295
1768847573.507786274 -1.255713 0.576280 -0.017915 -0.012011 0.084740 0.089334 0.992318
1768847573.605001211 -1.236836 0.579280 -0.017718 -0.011323 0.085478 0.089323 0.992263
1768847573.705726624 -1.218214 0.582561 -0.017803 -0.011992 0.084950 0.089376 0.992296
1768847573.804906845 -1.199598 0.585622 -0.017895 -0.011437 0.085490 0.089242 0.992268
1768847573.905028343 -1.180882 0.588715 -0.018150 -0.012216 0.085511 0.086749 0.992478
1768847574.004102707 -1.161700 0.591319 -0.018371 -0.010605 0.085744 0.076360 0.993330
1768847574.103867531 -1.142521 0.593364 -0.017953 -0.008735 0.085827 0.058125 0.994575
1768847574.203331232 -1.123828 0.594455 -0.017403 -0.007040 0.086137 0.036875 0.995576
1768847574.305156469 -1.104181 0.595968 -0.016889 -0.006244 0.086149 0.029521 0.995825
1768847574.405009508 -1.084774 0.596844 -0.016480 -0.006853 0.085834 0.029701 0.995843
1768847574.505001545 -1.065091 0.597816 -0.016185 -0.006165 0.086033 0.029580 0.995834
1768847574.604941130 -1.045686 0.598746 -0.016381 -0.006735 0.085981 0.029302 0.995843
1768847574.703970432 -1.026414 0.599643 -0.015762 -0.006304 0.085890 0.028961 0.995864
1768847574.806457281 -1.006292 0.600593 -0.016064 -0.006506 0.086496 0.028583 0.995821
1768847574.904977083 -0.987465 0.601367 -0.015553 -0.006200 0.085773 0.028263 0.995894
1768847575.005015850 -0.967807 0.602311 -0.016179 -0.006301 0.086796 0.027530 0.995826
1768847575.105342150 -0.947849 0.603155 -0.015619 -0.006455 0.086037 0.027022 0.995904
1768847575.204612970 -0.928651 0.604409 -0.015627 -0.006100 0.086849 0.027138 0.995833
1768847575.303024530 -0.909826 0.605135 -0.015188 -0.006397 0.086265 0.027675 0.995867
1768847575.404009342 -0.889931 0.606199 -0.015085 -0.006304 0.086661 0.028179 0.995819
1768847575.504984856 -0.870411 0.607255 -0.014822 -0.006679 0.086131 0.028644 0.995850
1768847575.604973793 -0.850671 0.607896 -0.014630 -0.006279 0.086329 0.028486 0.995840
1768847575.705049753 -0.831380 0.608885 -0.014977 -0.006482 0.086222 0.028526 0.995846
1768847575.804294109 -0.811627 0.609453 -0.014639 -0.006477 0.086420 0.028329 0.995835
1768847575.904529572 -0.792086 0.610153 -0.014734 -0.006655 0.086527 0.028077 0.995832
1768847576.005160570 -0.772156 0.611052 -0.014335 -0.006287 0.086649 0.027660 0.995835
1768847576.103638172 -0.752648 0.612102 -0.014172 -0.006718 0.086731 0.027017 0.995843
1768847576.204988718 -0.732677 0.613119 -0.013810 -0.006122 0.086838 0.026836 0.995842
1768847576.303653955 -0.713000 0.614260 -0.014152 -0.006714 0.086930 0.026659 0.995835
1768847576.403721333 -0.693382 0.615465 -0.014178 -0.006395 0.086638 0.027133 0.995850
1768847576.504461050 -0.673481 0.616455 -0.013702 -0.006535 0.086948 0.027323 0.995817
1768847576.603870869 -0.654775 0.617271 -0.013572 -0.006466 0.086636 0.027609 0.995836
1768847576.705051422 -0.635156 0.618068 -0.014583 -0.006319 0.086811 0.027545 0.995824
1768847576.803770542 -0.615833 0.618875 -0.014190 -0.006633 0.086571 0.027068 0.995856
1768847576.905064583 -0.595479 0.619899 -0.013719 -0.006288 0.086571 0.026661 0.995869
1768847577.005011559 -0.576371 0.620980 -0.013104 -0.006551 0.086395 0.025981 0.995901
1768847577.105451822 -0.557067 0.621456 -0.013424 -0.006005 0.086471 0.025373 0.995913
1768847577.203704357 -0.538129 0.622381 -0.013936 -0.006632 0.086212 0.024956 0.995942
1768847577.303910494 -0.518756 0.623094 -0.013171 -0.006186 0.085750 0.024684 0.995992
1768847577.403919935 -0.499611 0.624236 -0.013362 -0.006339 0.085544 0.024982 0.996001
1768847577.504351854 -0.480157 0.625039 -0.012634 -0.006050 0.084885 0.025199 0.996054
1768847577.605175972 -0.460525 0.625878 -0.012981 -0.006015 0.084915 0.025501 0.996044
1768847577.704151392 -0.441515 0.626500 -0.012054 -0.005710 0.083917 0.025477 0.996131
1768847577.805619717 -0.421944 0.627339 -0.012545 -0.005701 0.084373 0.025088 0.996102
1768847577.904009819 -0.402975 0.628066 -0.011820 -0.005763 0.083444 0.024976 0.996183
1768847578.004279613 -0.383033 0.628476 -0.012161 -0.005462 0.083712 0.024431 0.996175
1768847578.105849028 -0.363193 0.628878 -0.011585 -0.005747 0.082778 0.023807 0.996267
1768847578.205222845 -0.343474 0.629308 -0.011359 -0.005162 0.082953 0.023269 0.996268
1768847578.307458639 -0.323486 0.630116 -0.011037 -0.005714 0.082384 0.023006 0.996319
1768847578.405095100 -0.304139 0.630768 -0.010679 -0.005065 0.082250 0.023326 0.996326
1768847578.505135775 -0.284418 0.631473 -0.010566 -0.005388 0.081573 0.023561 0.996374
1768847578.603654623 -0.264976 0.632264 -0.010106 -0.004954 0.081349 0.023882 0.996387
1768847578.703656197 -0.245325 0.633240 -0.010065 -0.005063 0.081095 0.023871 0.996408
1768847578.803817511 -0.226351 0.634070 -0.009334 -0.004199 0.080683 0.023965 0.996443
1768847578.904175282 -0.207191 0.634779 -0.009246 -0.004497 0.080883 0.023681 0.996432
1768847579.006285906 -0.187329 0.635563 -0.008607 -0.003764 0.080019 0.023371 0.996512
1768847579.105534077 -0.167899 0.636115 -0.008881 -0.003632 0.080833 0.022906 0.996458
1768847579.204125404 -0.148288 0.636881 -0.008295 -0.003701 0.080003 0.022405 0.996536
1768847579.305155754 -0.128646 0.637542 -0.008514 -0.003677 0.080771 0.022170 0.996479
1768847579.406916618 -0.108677 0.638095 -0.007793 -0.003970 0.079979 0.022041 0.996545
1768847579.503588438 -0.089314 0.638640 -0.007710 -0.003555 0.080573 0.022247 0.996494
1768847579.604175806 -0.069595 0.639290 -0.007233 -0.003886 0.079859 0.022842 0.996537
1768847579.704398870 -0.049803 0.639806 -0.006900 -0.003303 0.080282 0.022793 0.996506
1768847579.803628445 -0.030322 0.640568 -0.006488 -0.003330 0.080012 0.022889 0.996525
1768847579.903952599 -0.010901 0.640872 -0.005838 -0.002892 0.079955 0.022487 0.996541
1768847580.003744841 0.008423 0.641684 -0.006003 -0.003336 0.080451 0.022227 0.996505
1768847580.104072809 0.028102 0.642135 -0.005689 -0.002754 0.080048 0.021986 0.996545
1768847580.203678608 0.047386 0.642915 -0.006149 -0.002868 0.080639 0.021218 0.996513
1768847580.305137634 0.067004 0.643603 -0.004335 -0.002499 0.079726 0.021031 0.996592
1768847580.404502153 0.086026 0.644152 -0.004211 -0.002449 0.080257 0.020751 0.996555
1768847580.504094124 0.105247 0.644922 -0.004033 -0.002175 0.079614 0.020965 0.996603
1768847580.603750944 0.125171 0.645491 -0.004442 -0.001769 0.079960 0.021158 0.996572
1768847580.704198360 0.144697 0.646116 -0.003765 -0.002126 0.079142 0.021381 0.996632
1768847580.804202557 0.164368 0.646403 -0.003364 -0.001654 0.079017 0.021416 0.996642
1768847580.904280663 0.183374 0.647097 -0.003427 -0.001818 0.078673 0.021237 0.996673
1768847581.004027128 0.202137 0.647499 -0.002855 -0.001453 0.078709 0.020870 0.996678
1768847581.104895353 0.221404 0.648103 -0.002380 -0.001665 0.078588 0.020375 0.996698
1768847581.205260992 0.240897 0.648351 -0.001989 -0.001290 0.078580 0.019968 0.996707
1768847581.304081440 0.259961 0.648896 -0.001690 -0.001667 0.078381 0.019339 0.996734
1768847581.403977394 0.279313 0.649423 -0.001191 -0.001387 0.078301 0.018929 0.996749
1768847581.506650925 0.299525 0.649950 -0.000988 -0.001555 0.078846 0.018986 0.996705
1768847581.603672266 0.318227 0.650412 -0.000475 -0.001656 0.078166 0.019299 0.996752
1768847581.705029488 0.337956 0.651059 -0.000518 -0.001979 0.078576 0.019751 0.996711
1768847581.806573153 0.357287 0.651586 0.000160 -0.001994 0.078246 0.020043 0.996731
1768847581.904185057 0.376433 0.652290 0.000033 -0.001947 0.078703 0.020149 0.996693
1768847582.003845215 0.395556 0.652833 0.001346 -0.002176 0.078538 0.020149 0.996705
1768847582.104467630 0.415298 0.653222 0.001439 -0.002340 0.079157 0.020378 0.996651
1768847582.204236031 0.434934 0.654074 0.001537 -0.002729 0.079093 0.020234 0.996658
1768847582.305214643 0.454942 0.654562 0.001780 -0.002742 0.079567 0.020130 0.996622
1768847582.403667927 0.474127 0.655149 0.001908 -0.003136 0.079524 0.020164 0.996624
1768847582.504704714 0.493946 0.655748 0.002535 -0.002954 0.080074 0.020409 0.996576
1768847582.605581522 0.513816 0.656745 0.002417 -0.003751 0.080098 0.020903 0.996561
1768847582.705158234 0.533398 0.657127 0.002813 -0.003121 0.080345 0.021492 0.996530
1768847582.804097891 0.552986 0.657858 0.002920 -0.003739 0.080731 0.022037 0.996485
1768847582.904816151 0.572567 0.658247 0.003709 -0.003228 0.080455 0.022388 0.996502
1768847583.005541801 0.592361 0.658852 0.003908 -0.003627 0.081297 0.022577 0.996428
1768847583.104127884 0.611594 0.659374 0.004267 -0.003661 0.080917 0.022792 0.996453
1768847583.204254150 0.631248 0.659931 0.003874 -0.003866 0.081842 0.022586 0.996382
1768847583.304244280 0.650995 0.660656 0.004328 -0.003941 0.081246 0.022252 0.996438
1768847583.405446529 0.671093 0.661377 0.004164 -0.003725 0.082080 0.021918 0.996378
1768847583.504217386 0.690573 0.662118 0.004596 -0.004331 0.081863 0.021975 0.996392
1768847583.604697227 0.710141 0.662960 0.005328 -0.004055 0.082068 0.022150 0.996372
1768847583.704307079 0.729279 0.663706 0.005407 -0.004636 0.081801 0.022776 0.996378
1768847583.804414034 0.749235 0.664164 0.005905 -0.004231 0.081846 0.022984 0.996371
1768847583.905329227 0.769075 0.665024 0.006112 -0.004358 0.081787 0.023225 0.996370
1768847584.004408121 0.788251 0.665657 0.005473 -0.003751 0.081753 0.023603 0.996366
1768847584.104313612 0.807344 0.666285 0.006128 -0.004184 0.082379 0.022885 0.996329
1768847584.206466675 0.826822 0.666894 0.007336 -0.003976 0.081828 0.022356 0.996388
1768847584.304344416 0.845965 0.667629 0.007168 -0.003903 0.082800 0.021387 0.996329
1768847584.404103994 0.865366 0.668091 0.007806 -0.003951 0.082183 0.020749 0.996393
1768847584.504232883 0.885217 0.668848 0.007419 -0.003647 0.083016 0.020272 0.996335
1768847584.604244709 0.904626 0.669653 0.008089 -0.004120 0.082418 0.020424 0.996380
1768847584.703984261 0.923760 0.670230 0.008501 -0.003657 0.083050 0.020830 0.996321
1768847584.804095268 0.943427 0.670773 0.008818 -0.004213 0.082669 0.021293 0.996341
1768847584.905338287 0.963306 0.671390 0.008993 -0.003687 0.082939 0.021472 0.996317
1768847585.003123522 0.982155 0.672091 0.008719 -0.004057 0.082833 0.021656 0.996320
1768847585.104089975 1.001729 0.672490 0.008475 -0.003712 0.082819 0.021646 0.996323
1768847585.204085350 1.020876 0.673284 0.008925 -0.004311 0.082878 0.021529 0.996318
1768847585.303642988 1.040242 0.673795 0.009488 -0.004117 0.082718 0.021386 0.996335
1768847585.403674364 1.059897 0.674469 0.009280 -0.004502 0.083147 0.020908 0.996308
1768847585.503518820 1.079307 0.675251 0.009884 -0.004182 0.082499 0.020811 0.996365
1768847585.605856180 1.098855 0.675912 0.009737 -0.004242 0.083483 0.020541 0.996288
1768847585.703789473 1.117879 0.676886 0.010356 -0.004353 0.082627 0.020860 0.996353
1768847585.805489540 1.137828 0.677790 0.010317 -0.004388 0.082955 0.021201 0.996318
1768847585.907956123 1.157765 0.678827 0.010739 -0.004781 0.082378 0.021532 0.996357
1768847586.005333424 1.177163 0.679631 0.011113 -0.004400 0.082547 0.021659 0.996342
1768847586.104284525 1.196547 0.680631 0.011530 -0.004790 0.082233 0.021510 0.996369
1768847586.203929186 1.216375 0.681339 0.011751 -0.004495 0.082717 0.021214 0.996337
1768847586.303704023 1.235999 0.682060 0.012007 -0.004829 0.082490 0.021067 0.996357
1768847586.404399157 1.256062 0.682627 0.011754 -0.004581 0.082748 0.020769 0.996344
1768847586.503919363 1.275625 0.683395 0.012076 -0.004937 0.082818 0.020211 0.996348
1768847586.606336117 1.295696 0.683875 0.012155 -0.004604 0.082623 0.020098 0.996368
1768847586.706959486 1.315337 0.684844 0.012000 -0.005060 0.083071 0.020167 0.996327
1768847586.805542231 1.334695 0.685390 0.012581 -0.004841 0.082454 0.020600 0.996370
1768847586.902761221 1.353821 0.686123 0.012601 -0.005318 0.082821 0.021029 0.996328
1768847587.004251003 1.373890 0.686437 0.012676 -0.004821 0.082302 0.021262 0.996369
1768847587.104328871 1.393398 0.687198 0.012243 -0.004746 0.083002 0.021338 0.996310
1768847587.206430912 1.413459 0.687956 0.012776 -0.004924 0.082455 0.021381 0.996353
1768847587.304105759 1.432979 0.688490 0.012262 -0.004841 0.083133 0.021277 0.996299
1768847587.403546810 1.452407 0.689301 0.012718 -0.004869 0.082670 0.020912 0.996346
1768847587.506885052 1.472436 0.689921 0.013291 -0.004669 0.082985 0.020583 0.996327
1768847587.605356216 1.491708 0.690905 0.013465 -0.005110 0.083251 0.020172 0.996311
1768847587.703642368 1.511044 0.691243 0.013440 -0.004591 0.083065 0.019767 0.996337
1768847587.804579735 1.530589 0.691133 0.013978 -0.004481 0.082883 0.013161 0.996462
1768847587.904138327 1.549496 0.690471 0.014249 -0.002812 0.083245 -0.003326 0.996520
1768847588.003630400 1.567760 0.689250 0.014329 -0.000894 0.083608 -0.024144 0.996206
1768847588.103973150 1.584970 0.687241 0.014147 0.001786 0.083418 -0.050594 0.995228
1768847588.201656103 1.601757 0.685111 0.014338 0.003987 0.082899 -0.070945 0.994021
1768847588.304371357 1.620972 0.682332 0.014283 0.004547 0.083238 -0.073368 0.993815
1768847588.406685114 1.640341 0.679253 0.014520 0.004015 0.084233 -0.074264 0.993667
1768847588.504967690 1.659139 0.676180 0.015051 0.005072 0.084003 -0.075059 0.993622
1768847588.604327440 1.678146 0.673153 0.014717 0.004387 0.084473 -0.076050 0.993510
1768847588.704294920 1.697281 0.669863 0.014584 0.005628 0.084550 -0.076347 0.993474
1768847588.803838730 1.716057 0.666592 0.014894 0.004857 0.084623 -0.076843 0.993434
1768847588.904043674 1.735208 0.663108 0.015180 0.006166 0.084739 -0.077069 0.993399
1768847589.004715443 1.754778 0.660111 0.015612 0.005424 0.084455 -0.077245 0.993414
1768847589.108495474 1.774447 0.656838 0.015998 0.006095 0.084914 -0.077142 0.993379
1768847589.204355001 1.792951 0.653731 0.016248 0.005712 0.084563 -0.077063 0.993417
1768847589.303627968 1.812098 0.650439 0.016368 0.006360 0.085035 -0.077089 0.993371
1768847589.403920650 1.831503 0.647620 0.016804 0.006143 0.084729 -0.077756 0.993347
1768847589.504153967 1.851582 0.644741 0.016507 0.006073 0.085273 -0.078227 0.993263
1768847589.603861094 1.870890 0.641686 0.016976 0.006712 0.084941 -0.078652 0.993254
1768847589.704058647 1.890354 0.638562 0.016904 0.006318 0.085267 -0.079003 0.993201
1768847589.804019213 1.908668 0.635319 0.017560 0.007093 0.084896 -0.079380 0.993197
1768847589.903725386 1.927565 0.631891 0.017355 0.006471 0.084806 -0.079780 0.993177
1768847590.005260706 1.946500 0.628644 0.017882 0.007540 0.084425 -0.079904 0.993192
1768847590.103638172 1.965514 0.625489 0.017661 0.006591 0.084448 -0.080227 0.993171
1768847590.204381466 1.984955 0.621813 0.017755 0.007688 0.084334 -0.080080 0.993185
1768847590.303689241 2.003602 0.618773 0.018244 0.006558 0.084577 -0.080314 0.993153
1768847590.403834820 2.022916 0.615324 0.018142 0.007820 0.084524 -0.080323 0.993148
1768847590.504470348 2.042729 0.611764 0.018863 0.006782 0.084691 -0.081089 0.993079
1768847590.604514122 2.061823 0.607942 0.018369 0.007571 0.085392 -0.081388 0.992989
1768847590.703661680 2.080950 0.604698 0.018809 0.007307 0.084877 -0.081679 0.993011
1768847590.804464340 2.100409 0.600970 0.018307 0.007478 0.085707 -0.081960 0.992915
1768847590.903817654 2.118873 0.597562 0.020104 0.007471 0.085211 -0.082064 0.992950
1768847591.003675938 2.138192 0.594105 0.020305 0.007330 0.085939 -0.082093 0.992885
1768847591.104254007 2.158030 0.590738 0.020140 0.008056 0.085686 -0.082009 0.992909
1768847591.204452038 2.177940 0.587377 0.019987 0.006814 0.086076 -0.081750 0.992905
1768847591.303718090 2.197251 0.583809 0.019833 0.008029 0.086292 -0.081819 0.992872
1768847591.406945944 2.217387 0.580471 0.020058 0.007137 0.086612 -0.082043 0.992833
1768847591.503844023 2.236209 0.576890 0.020003 0.008089 0.086896 -0.082576 0.992756
1768847591.602914572 2.255527 0.573658 0.020400 0.007194 0.086600 -0.083170 0.992739
1768847591.703647852 2.274794 0.569856 0.020260 0.007894 0.087213 -0.083560 0.992648
1768847591.804729700 2.293885 0.566328 0.020698 0.007310 0.086681 -0.084116 0.992652
1768847591.904512644 2.312812 0.562620 0.020500 0.007600 0.086963 -0.084138 0.992623
1768847592.003939390 2.331866 0.559089 0.021157 0.007201 0.086277 -0.084263 0.992675
1768847592.105005980 2.351449 0.555539 0.020563 0.007036 0.086496 -0.084336 0.992651
1768847592.203878403 2.370534 0.552145 0.020785 0.007183 0.085884 -0.083925 0.992738
1768847592.304107428 2.389914 0.548701 0.020282 0.006787 0.086162 -0.083471 0.992755
1768847592.404568911 2.408974 0.544917 0.020851 0.007268 0.085773 -0.083630 0.992772
1768847592.503628254 2.428257 0.541739 0.020735 0.006567 0.086037 -0.083911 0.992730
1768847592.604188204 2.447670 0.538079 0.020878 0.007312 0.085640 -0.084362 0.992721
1768847592.703730345 2.466466 0.534713 0.020706 0.006434 0.086052 -0.084869 0.992648
1768847592.804048061 2.485555 0.530969 0.020653 0.007360 0.085918 -0.085070 0.992636
1768847592.903678179 2.504202 0.527737 0.020837 0.006479 0.085849 -0.085464 0.992615
1768847593.004454851 2.523395 0.524077 0.020654 0.007548 0.085784 -0.085295 0.992627
1768847593.103113651 2.541867 0.520639 0.021261 0.006445 0.085586 -0.085467 0.992637
1768847593.204741240 2.561105 0.516882 0.021026 0.007220 0.085932 -0.085514 0.992598
1768847593.303875208 2.580185 0.513719 0.021416 0.006521 0.085672 -0.085413 0.992634
1768847593.403878212 2.599116 0.510069 0.021449 0.006883 0.086367 -0.085417 0.992571
1768847593.503667116 2.618555 0.506529 0.021415 0.006780 0.086179 -0.085676 0.992566
1768847593.603731394 2.637612 0.502954 0.021165 0.006686 0.086851 -0.086247 0.992458
1768847593.703688383 2.656769 0.499467 0.021665 0.007110 0.086709 -0.087185 0.992386
1768847593.803698301 2.675603 0.495939 0.021353 0.006825 0.087060 -0.087674 0.992314
1768847593.905294180 2.694950 0.492197 0.021681 0.007609 0.086960 -0.088076 0.992282
1768847594.003759146 2.713757 0.488496 0.021563 0.006920 0.086935 -0.088110 0.992286
1768847594.103834391 2.732662 0.484885 0.022276 0.007935 0.086822 -0.088334 0.992268
1768847594.204519272 2.751610 0.481325 0.022110 0.007259 0.086570 -0.088945 0.992241
1768847594.303717375 2.770322 0.477939 0.021950 0.008213 0.086873 -0.089055 0.992197
1768847594.404741526 2.789760 0.473342 0.021865 0.007288 0.086286 -0.089200 0.992242
1768847594.504588604 2.808462 0.468905 0.021455 0.008206 0.086625 -0.089610 0.992169
1768847594.605457306 2.827963 0.464812 0.021386 0.007984 0.086032 -0.090254 0.992164
1768847594.704204798 2.847140 0.461443 0.021559 0.007908 0.086310 -0.090719 0.992098
1768847594.805064440 2.866671 0.458110 0.022208 0.008281 0.085917 -0.091348 0.992071
1768847594.904716492 2.885813 0.454324 0.021972 0.007731 0.085992 -0.091679 0.992039
1768847595.002619505 2.904554 0.451097 0.022636 0.008420 0.085261 -0.092009 0.992066
1768847595.103813887 2.923840 0.447253 0.022690 0.007851 0.085137 -0.092330 0.992051
1768847595.204670429 2.942963 0.443519 0.023097 0.008684 0.084744 -0.092461 0.992066
1768847595.304018259 2.961848 0.439899 0.023210 0.007863 0.084540 -0.092566 0.992080
1768847595.403787136 2.981026 0.436132 0.023661 0.008752 0.084353 -0.092554 0.992090
1768847595.503795147 3.000200 0.432373 0.023824 0.007508 0.084025 -0.092554 0.992128
1768847595.604433537 3.019832 0.428500 0.024274 0.008446 0.083882 -0.092554 0.992132
1768847595.703836441 3.039259 0.424836 0.024659 0.007561 0.083370 -0.093315 0.992111
1768847595.803717136 3.058683 0.420700 0.024920 0.008044 0.083800 -0.094079 0.991999
1768847595.903676271 3.078041 0.416901 0.024951 0.007602 0.083139 -0.094432 0.992024
1768847596.003995419 3.096773 0.413003 0.025228 0.007690 0.083556 -0.094670 0.991966
1768847596.103749752 3.115631 0.409261 0.025364 0.007759 0.082819 -0.094909 0.992005
1768847596.204764605 3.134684 0.405303 0.025260 0.007278 0.082939 -0.094989 0.991991
1768847596.303862095 3.153331 0.401451 0.025689 0.007729 0.082281 -0.095028 0.992038
1768847596.403744698 3.171751 0.397346 0.025678 0.006849 0.082351 -0.094993 0.992042
1768847596.503916740 3.190561 0.393305 0.025930 0.007606 0.082055 -0.094693 0.992090
1768847596.603863716 3.209986 0.389389 0.025665 0.006743 0.082196 -0.094852 0.992069
1768847596.703981400 3.229058 0.385219 0.026136 0.007569 0.081975 -0.095237 0.992045
1768847596.803946018 3.248421 0.381175 0.025908 0.006855 0.081787 -0.095968 0.991995
1768847596.903978586 3.267346 0.377069 0.026401 0.007677 0.081823 -0.096332 0.991951
1768847597.004109383 3.286194 0.373110 0.026261 0.007065 0.081651 -0.096752 0.991929
1768847597.103724480 3.304657 0.368999 0.026762 0.008077 0.081805 -0.096763 0.991907
1768847597.203999519 3.323742 0.365247 0.027204 0.007534 0.081270 -0.096989 0.991933
1768847597.304052830 3.342789 0.361152 0.027143 0.008183 0.081364 -0.097704 0.991850
1768847597.403876543 3.361017 0.356581 0.028125 0.008820 0.080724 -0.103803 0.991277
1768847597.503892899 3.379948 0.351632 0.028593 0.010126 0.080530 -0.119774 0.989478
1768847597.603792191 3.396918 0.346114 0.028893 0.012255 0.080608 -0.139945 0.986797
1768847597.704023123 3.412763 0.340241 0.028433 0.014426 0.080246 -0.164872 0.982939
1768847597.803955555 3.427398 0.333295 0.027804 0.017511 0.080504 -0.192476 0.977837
1768847597.903823614 3.443269 0.326011 0.027934 0.018611 0.080864 -0.207648 0.974678
1768847598.005019903 3.460580 0.318498 0.028390 0.018991 0.080223 -0.208565 0.974528
1768847598.103847027 3.477874 0.310417 0.027920 0.018995 0.081296 -0.208656 0.974419
1768847598.203965902 3.494797 0.302321 0.028731 0.019512 0.081051 -0.208955 0.974365
1768847598.304786444 3.512353 0.293828 0.028418 0.019585 0.081366 -0.209532 0.974214
1768847598.404077053 3.529449 0.285460 0.028782 0.019664 0.081504 -0.209691 0.974166
1768847598.504055738 3.547292 0.277198 0.028645 0.019576 0.082058 -0.209967 0.974062
1768847598.603859663 3.564893 0.268869 0.029628 0.019615 0.082209 -0.209916 0.974060
1768847598.702975512 3.582649 0.260547 0.029633 0.019424 0.082482 -0.210124 0.973996
1768847598.804162502 3.600450 0.252089 0.029607 0.019873 0.083640 -0.210422 0.973823
1768847598.904030085 3.618055 0.243392 0.029824 0.019798 0.083473 -0.210419 0.973840
1768847599.003800631 3.635423 0.235125 0.029624 0.020381 0.084544 -0.210760 0.973662
1768847599.103770018 3.652799 0.226800 0.030333 0.020108 0.083995 -0.210725 0.973723
1768847599.203834295 3.670510 0.218185 0.029960 0.020449 0.084928 -0.210934 0.973589
1768847599.304242611 3.688250 0.209872 0.030540 0.020612 0.084145 -0.211156 0.973605
1768847599.403826952 3.705851 0.201738 0.030046 0.020736 0.085262 -0.211344 0.973465
1768847599.503796101 3.723233 0.193468 0.030335 0.020584 0.084592 -0.212310 0.973316
1768847599.603915215 3.740748 0.184571 0.030254 0.021821 0.084931 -0.218611 0.971864
1768847599.703907251 3.757655 0.174940 0.030178 0.022899 0.084702 -0.233954 0.968280
1768847599.804317951 3.773367 0.165321 0.029900 0.024640 0.084574 -0.254260 0.963116
1768847599.904149055 3.787297 0.155793 0.029743 0.026675 0.084261 -0.278319 0.956414
1768847600.004456758 3.799783 0.146227 0.029480 0.028916 0.082939 -0.307485 0.947490
1768847600.104028702 3.810777 0.136456 0.029312 0.031964 0.082584 -0.340632 0.936017
1768847600.203820944 3.820123 0.126506 0.029350 0.035633 0.081708 -0.376878 0.921964
1768847600.303947926 3.827566 0.116814 0.029244 0.039272 0.080465 -0.416601 0.904669
1768847600.403882027 3.833004 0.107610 0.029314 0.042885 0.078361 -0.460009 0.883409
1768847600.503906727 3.837648 0.097446 0.029420 0.047645 0.076434 -0.504792 0.858529
1768847600.607346773 3.843603 0.083647 0.029609 0.049800 0.074356 -0.526141 0.845676
1768847600.703969717 3.851817 0.067047 0.029904 0.049298 0.074745 -0.526947 0.845169
1768847600.804158688 3.859989 0.049802 0.030187 0.049500 0.074497 -0.527011 0.845139
1768847600.904154778 3.868551 0.032509 0.030566 0.048735 0.073676 -0.527372 0.845030
1768847601.005482435 3.877634 0.015147 0.030662 0.049055 0.073797 -0.527586 0.844867
1768847601.104067326 3.886209 -0.001806 0.031028 0.048532 0.072927 -0.527878 0.844790
1768847601.203911781 3.895128 -0.018936 0.029988 0.048964 0.073500 -0.528107 0.844573
1768847601.303858519 3.903838 -0.036189 0.030141 0.047979 0.072622 -0.528308 0.844579
1768847601.404199362 3.912323 -0.053780 0.029809 0.048166 0.073245 -0.528433 0.844437
1768847601.506073713 3.921180 -0.071625 0.030144 0.048169 0.071958 -0.528627 0.844426
1768847601.604062319 3.929878 -0.089239 0.030354 0.047701 0.072049 -0.528861 0.844298
1768847601.704053879 3.938003 -0.107012 0.030498 0.048480 0.071791 -0.528979 0.844202
1768847601.803885698 3.946852 -0.124392 0.030249 0.048014 0.072340 -0.529303 0.843979
1768847601.905931711 3.955550 -0.142153 0.029695 0.048650 0.072491 -0.529369 0.843888
1768847602.004687548 3.964015 -0.159282 0.029599 0.048317 0.072770 -0.529633 0.843717
1768847602.102302313 3.972072 -0.176388 0.029081 0.048899 0.072933 -0.529738 0.843604
1768847602.204428911 3.980130 -0.194246 0.029402 0.048487 0.072801 -0.529927 0.843520
1768847602.304130077 3.988005 -0.211839 0.028939 0.049247 0.073255 -0.529995 0.843394
1768847602.404016018 3.996569 -0.229256 0.029574 0.048598 0.073070 -0.529984 0.843455
1768847602.506190777 4.005536 -0.247056 0.028919 0.048868 0.073840 -0.529997 0.843364
1768847602.604168415 4.014290 -0.264109 0.029167 0.048457 0.073188 -0.530021 0.843430
1768847602.704869986 4.022895 -0.282020 0.028727 0.048791 0.073897 -0.530132 0.843279
1768847602.804346085 4.031466 -0.299305 0.028849 0.048694 0.073044 -0.530298 0.843254
1768847602.904146433 4.039526 -0.316625 0.028821 0.048609 0.073850 -0.530375 0.843140
1768847603.004464865 4.048159 -0.333923 0.029058 0.048930 0.073093 -0.530521 0.843096
1768847603.103954554 4.056757 -0.351307 0.028995 0.048449 0.073381 -0.530836 0.842900
1768847603.204087973 4.064956 -0.368606 0.029661 0.049011 0.072586 -0.531253 0.842674
1768847603.304166794 4.073512 -0.386446 0.029619 0.048605 0.072330 -0.531413 0.842619
1768847603.404676437 4.082217 -0.403928 0.029730 0.049457 0.072728 -0.531550 0.842449
1768847603.504313946 4.090838 -0.421531 0.030111 0.048968 0.072645 -0.531526 0.842499
1768847603.603911877 4.098995 -0.439352 0.029899 0.049357 0.073127 -0.531904 0.842196
1768847603.704303980 4.106233 -0.457110 0.030636 0.048977 0.072543 -0.535210 0.840172
1768847603.804427147 4.112572 -0.475384 0.030865 0.049526 0.071873 -0.544560 0.834168
1768847603.903940201 4.118520 -0.493378 0.031285 0.050770 0.071058 -0.560559 0.823497
1768847604.004301786 4.122618 -0.510671 0.031317 0.052584 0.069435 -0.580346 0.809699
1768847604.104106188 4.125438 -0.526771 0.031248 0.054977 0.068053 -0.602902 0.793004
1768847604.203959227 4.127558 -0.541708 0.031416 0.057287 0.066125 -0.628686 0.772722
1768847604.304920673 4.128543 -0.557355 0.031565 0.060582 0.064492 -0.656838 0.748822
1768847604.403936386 4.129512 -0.573977 0.031770 0.061589 0.063240 -0.668575 0.738387
1768847604.505054235 4.130390 -0.593588 0.031938 0.061600 0.063767 -0.669489 0.737512
1768847604.603800774 4.131786 -0.612233 0.030855 0.062585 0.064676 -0.669869 0.737004
1768847604.705401897 4.133163 -0.631485 0.031557 0.061587 0.063947 -0.670229 0.736825
1768847604.804256201 4.135159 -0.650737 0.031920 0.062165 0.064371 -0.670429 0.736558
1768847604.904359579 4.137526 -0.670024 0.032812 0.061837 0.063473 -0.670392 0.736697
1768847605.002662659 4.139425 -0.689028 0.032401 0.061843 0.064314 -0.670303 0.736705
1768847605.104218721 4.141927 -0.708656 0.032270 0.061959 0.063241 -0.670316 0.736776
1768847605.204605341 4.143976 -0.727709 0.032832 0.061410 0.063659 -0.670248 0.736848
1768847605.303474903 4.145750 -0.746982 0.033390 0.061655 0.062848 -0.670547 0.736625
1768847605.404356241 4.147949 -0.766736 0.033751 0.061004 0.063694 -0.670346 0.736789
1768847605.504171610 4.150888 -0.785698 0.034001 0.061413 0.064288 -0.665296 0.741267
1768847605.603986979 4.154352 -0.804327 0.034200 0.060701 0.065495 -0.655893 0.749554
1768847605.704728842 4.157945 -0.824020 0.035015 0.059560 0.065573 -0.654597 0.750770
1768847605.804221153 4.161461 -0.843455 0.034928 0.059982 0.066345 -0.654209 0.751007
1768847605.904791355 4.165496 -0.863085 0.035478 0.059903 0.065896 -0.653616 0.751569
1768847606.004326820 4.168537 -0.882390 0.035556 0.059869 0.066603 -0.652941 0.752096
1768847606.103951693 4.171912 -0.901812 0.036032 0.060099 0.065784 -0.652571 0.752470
1768847606.204322577 4.175099 -0.921574 0.036004 0.060042 0.066106 -0.652342 0.752646
1768847606.304264784 4.178249 -0.940927 0.036391 0.059657 0.064868 -0.652244 0.752868
1768847606.404486418 4.181699 -0.960185 0.035827 0.059764 0.065247 -0.652363 0.752724
1768847606.503789425 4.184939 -0.979107 0.036023 0.060044 0.064862 -0.652399 0.752704
1768847606.604211807 4.188639 -0.998489 0.036205 0.059514 0.065356 -0.652785 0.752369
1768847606.707040787 4.192472 -1.018157 0.036525 0.060116 0.065198 -0.652977 0.752168
1768847606.804399729 4.196069 -1.036870 0.036722 0.059733 0.065014 -0.653210 0.752012
1768847606.904157400 4.199321 -1.055905 0.036490 0.060779 0.065233 -0.652845 0.752226
1768847607.004319906 4.203594 -1.075107 0.036759 0.060004 0.065087 -0.652711 0.752417
1768847607.104371786 4.207369 -1.094270 0.036451 0.061048 0.065368 -0.652315 0.752652
1768847607.204220772 4.210995 -1.113725 0.036858 0.060471 0.065383 -0.652159 0.752832
1768847607.304116964 4.213246 -1.132909 0.036401 0.060945 0.065396 -0.652097 0.752847
1768847607.404089451 4.214465 -1.152135 0.036387 0.060610 0.065179 -0.652407 0.752624
1768847607.504166842 4.215745 -1.171709 0.035967 0.060457 0.065497 -0.652653 0.752396
1768847607.604388237 4.217725 -1.190968 0.036215 0.060848 0.064986 -0.653168 0.751961
1768847607.704653263 4.219886 -1.210628 0.035968 0.060274 0.065442 -0.653744 0.751467
1768847607.805275202 4.221771 -1.230106 0.036224 0.060424 0.064329 -0.653955 0.751368
1768847607.904074430 4.224233 -1.249578 0.036212 0.059583 0.064736 -0.654098 0.751275
1768847608.004323483 4.227005 -1.268814 0.036470 0.060287 0.063967 -0.653943 0.751421
1768847608.104295015 4.229483 -1.288455 0.036498 0.059480 0.064786 -0.653858 0.751488
1768847608.204408407 4.231278 -1.308076 0.035712 0.060068 0.064189 -0.653719 0.751614
1768847608.304252386 4.233053 -1.327153 0.035702 0.059679 0.064197 -0.653811 0.751564
1768847608.403992176 4.234285 -1.346595 0.035207 0.060037 0.064561 -0.653918 0.751411
1768847608.504207134 4.235709 -1.366124 0.034475 0.059816 0.064418 -0.654248 0.751154
1768847608.604438066 4.236331 -1.385611 0.033429 0.060105 0.065630 -0.654394 0.750898
1768847608.704517603 4.237502 -1.404857 0.034111 0.060043 0.065539 -0.654861 0.750504
1768847608.804346323 4.239953 -1.423841 0.034139 0.060097 0.066200 -0.655229 0.750121
1768847608.904494047 4.242152 -1.443001 0.034532 0.059781 0.065088 -0.655169 0.750296
1768847609.002828360 4.244421 -1.461694 0.034588 0.059093 0.065650 -0.655233 0.750245
1768847609.105087757 4.247164 -1.481287 0.034838 0.059479 0.064521 -0.654910 0.750595
1768847609.204529762 4.250064 -1.500231 0.034360 0.058201 0.065246 -0.654774 0.750750
1768847609.303617716 4.252197 -1.519193 0.033944 0.059248 0.064403 -0.654690 0.750815
1768847609.404356003 4.254993 -1.538356 0.034270 0.057834 0.064384 -0.654866 0.750774
1768847609.503958941 4.257893 -1.557071 0.034142 0.058830 0.063742 -0.655016 0.750619
1768847609.604430914 4.261327 -1.576095 0.034266 0.057715 0.064123 -0.655171 0.750539
1768847609.703858852 4.264503 -1.595073 0.034090 0.058698 0.064027 -0.655403 0.750268
1768847609.804337025 4.267751 -1.614104 0.034260 0.058487 0.064022 -0.655812 0.749928
1768847609.905565262 4.270664 -1.633423 0.033737 0.059255 0.064736 -0.655915 0.749715
1768847610.006460667 4.273422 -1.652438 0.034071 0.059528 0.063911 -0.655911 0.749768
1768847610.104304075 4.275676 -1.671138 0.033643 0.059456 0.064555 -0.655738 0.749870
1768847610.204328775 4.277933 -1.690474 0.033786 0.059679 0.064114 -0.655743 0.749886
1768847610.304458380 4.280550 -1.709827 0.033704 0.059427 0.065258 -0.655681 0.749862
1768847610.404303312 4.283527 -1.729179 0.033576 0.060069 0.063966 -0.655683 0.749920
1768847610.503872633 4.286514 -1.748502 0.032975 0.059650 0.064947 -0.656029 0.749566
1768847610.604335546 4.289449 -1.768126 0.033120 0.060279 0.064387 -0.659041 0.746917
1768847610.703682899 4.292114 -1.787508 0.033178 0.062041 0.063718 -0.668887 0.738025
1768847610.804228067 4.293693 -1.806303 0.033277 0.063706 0.062792 -0.683845 0.724123
1768847610.904321671 4.294330 -1.824039 0.033376 0.064623 0.061375 -0.701511 0.707063
1768847611.004538774 4.294104 -1.840519 0.033478 0.066471 0.059357 -0.721868 0.686269
1768847611.104353905 4.292590 -1.855754 0.033132 0.069202 0.057251 -0.744252 0.661833
1768847611.204457521 4.289456 -1.870530 0.033504 0.071092 0.054265 -0.767432 0.634861
1768847611.304588795 4.285342 -1.887718 0.033305 0.071070 0.054035 -0.773218 0.627824
1768847611.404444456 4.280494 -1.906839 0.033208 0.071380 0.053257 -0.773801 0.627137
1768847611.504666567 4.275948 -1.926330 0.033354 0.070562 0.054031 -0.774006 0.626910
1768847611.604721546 4.270257 -1.945484 0.033402 0.070968 0.053379 -0.773989 0.626942
1768847611.704266787 4.264856 -1.964501 0.033493 0.070332 0.053706 -0.774499 0.626355
1768847611.804368019 4.258898 -1.983635 0.033609 0.070255 0.053618 -0.774716 0.626103
1768847611.904331446 4.252933 -2.003140 0.033247 0.069820 0.053471 -0.774903 0.625932
1768847612.004582405 4.246104 -2.022122 0.032746 0.070867 0.053570 -0.777273 0.622860
1768847612.104475737 4.239229 -2.040632 0.033100 0.071111 0.052890 -0.784337 0.613972
1768847612.205147028 4.231452 -2.059177 0.032867 0.072345 0.052349 -0.795926 0.598771
1768847612.304487705 4.223861 -2.075511 0.032467 0.074287 0.051257 -0.809390 0.580294
1768847612.404627085 4.216512 -2.090177 0.031920 0.076262 0.049172 -0.824500 0.558539
1768847612.504583359 4.209030 -2.103657 0.032141 0.077472 0.047616 -0.841933 0.531865
1768847612.604655027 4.201451 -2.115548 0.032300 0.079444 0.044937 -0.860458 0.501281
1768847612.705469370 4.193273 -2.126428 0.032100 -0.081625 -0.041846 0.880804 -0.464511
1768847612.804884911 4.184702 -2.135922 0.031809 -0.082966 -0.038351 0.900279 -0.425610
1768847612.904664516 4.174022 -2.148779 0.031438 -0.084116 -0.038025 0.904994 -0.415288
1768847613.004765511 4.161456 -2.163257 0.031732 -0.083243 -0.037538 0.905034 -0.415421
1768847613.104342461 4.148762 -2.177661 0.030883 -0.083740 -0.037851 0.904806 -0.415789
1768847613.204526424 4.135762 -2.191921 0.030822 -0.083189 -0.037817 0.904693 -0.416149
1768847613.304768324 4.122112 -2.206831 0.029974 -0.083940 -0.038096 0.904661 -0.416041
1768847613.404355288 4.109019 -2.220853 0.030307 -0.083282 -0.038047 0.906713 -0.411690
1768847613.505528450 4.095754 -2.234811 0.030458 -0.084360 -0.036792 0.912692 -0.398149
1768847613.604313135 4.082846 -2.247392 0.030816 -0.084773 -0.034722 0.920763 -0.379214
1768847613.704439640 4.070303 -2.258571 0.030738 -0.085414 -0.032715 0.930303 -0.355205
1768847613.804337740 4.058064 -2.267887 0.030178 -0.087231 -0.029988 0.940324 -0.327539
1768847613.904149294 4.047162 -2.275733 0.029703 -0.087345 -0.027537 0.951018 -0.295257
1768847614.004755735 4.036638 -2.282538 0.029571 -0.088422 -0.024384 0.961253 -0.259960
1768847614.104631424 4.025972 -2.288717 0.029555 -0.088963 -0.021377 0.969675 -0.226626
1768847614.205582380 4.010791 -2.296366 0.029220 -0.089563 -0.021838 0.970724 -0.221802
1768847614.304311752 3.994154 -2.303991 0.029300 -0.089506 -0.021276 0.970935 -0.220956
1768847614.404319286 3.977136 -2.312386 0.029073 -0.089025 -0.021981 0.971071 -0.220480
1768847614.503875971 3.958846 -2.320402 0.028202 -0.089385 -0.021285 0.971533 -0.218359
1768847614.607957363 3.938558 -2.328644 0.027355 -0.088813 -0.020777 0.973683 -0.208859
1768847614.703773260 3.919619 -2.335548 0.027091 -0.089137 -0.019285 0.977095 -0.192272
1768847614.803619623 3.900674 -2.341118 0.026861 -0.089662 -0.017171 0.981234 -0.169843
1768847614.905459166 3.882267 -2.345485 0.026658 -0.090523 -0.014614 0.985394 -0.143495
1768847615.004322529 3.865412 -2.348711 0.026591 -0.090376 -0.012982 0.989376 -0.113127
1768847615.104719400 3.849448 -2.350524 0.026663 -0.090629 -0.010026 0.992856 -0.076962
1768847615.204663515 3.834366 -2.351021 0.027399 -0.091313 -0.006658 0.995107 -0.037132
1768847615.304662228 3.819159 -2.350233 0.027971 -0.090826 -0.003037 0.995861 0.001646
1768847615.404357433 3.800234 -2.349513 0.028232 -0.090245 -0.002097 0.995874 0.009246
1768847615.504476070 3.779875 -2.348876 0.027354 -0.090805 -0.002107 0.995822 0.009436
1768847615.604530096 3.760391 -2.348368 0.026953 -0.090524 -0.002114 0.995848 0.009376
1768847615.704490662 3.740252 -2.347857 0.025543 -0.091004 -0.001979 0.995796 0.010188
1768847615.804450512 3.720478 -2.347618 0.024937 -0.090805 -0.002518 0.995816 0.009918
1768847615.904196739 3.701055 -2.346817 0.025054 -0.091219 -0.001894 0.995781 0.009732
1768847616.004437685 3.682361 -2.345794 0.024949 -0.090730 -0.002873 0.995819 0.010212
1768847616.104902744 3.664004 -2.344278 0.024713 -0.091393 -0.001745 0.995663 0.017283
1768847616.204641104 3.645999 -2.342348 0.025227 -0.091502 -0.000282 0.995287 0.032119
1768847616.303640842 3.629270 -2.339521 0.025304 -0.092009 0.001562 0.994373 0.052481
1768847616.404418707 3.614015 -2.335905 0.024914 -0.091578 0.003750 0.992638 0.079175
1768847616.504373789 3.600120 -2.331462 0.024929 -0.091028 0.006179 0.989809 0.109333
1768847616.606476545 3.587872 -2.326407 0.025261 -0.090413 0.009503 0.985282 0.144759
1768847616.704704046 3.577373 -2.320537 0.025536 -0.089783 0.013173 0.978937 0.182888
1768847616.804621458 3.567355 -2.314354 0.025707 -0.088788 0.016708 0.970077 0.225364
1768847616.904253244 3.558000 -2.307233 0.025643 -0.087434 0.020123 0.958535 0.270483
1768847617.004859447 3.547202 -2.298726 0.025479 -0.086183 0.022009 0.950325 0.298278
1768847617.106043577 3.531089 -2.287722 0.025563 -0.086585 0.023024 0.949768 0.299855
1768847617.204719543 3.515246 -2.276459 0.025316 -0.086973 0.022804 0.949697 0.299986
1768847617.304602623 3.499056 -2.265120 0.025332 -0.086586 0.023213 0.949600 0.300372
1768847617.404455185 3.482872 -2.253787 0.025438 -0.086796 0.023138 0.949538 0.300514
1768847617.504557133 3.467017 -2.242351 0.025459 -0.086438 0.023736 0.949351 0.301160
1768847617.604408741 3.451573 -2.231035 0.025910 -0.086496 0.023292 0.949277 0.301411
1768847617.704467535 3.436813 -2.219751 0.025856 -0.086654 0.024144 0.949212 0.301504
1768847617.804434776 3.422188 -2.208479 0.026288 -0.086648 0.023192 0.949041 0.302120
1768847617.904309034 3.407381 -2.196728 0.025487 -0.086502 0.024032 0.947010 0.308403
1768847618.004838467 3.391736 -2.184331 0.024869 -0.086543 0.025230 0.942231 0.322605
1768847618.103780985 3.377957 -2.172298 0.024765 -0.085615 0.027256 0.934984 0.343120
1768847618.203696728 3.365749 -2.160438 0.025032 -0.084593 0.028897 0.925713 0.367511
1768847618.304592848 3.354705 -2.148028 0.024618 -0.083105 0.031550 0.914814 0.393972
1768847618.404632568 3.342295 -2.135021 0.024492 -0.082682 0.032350 0.909871 0.405280
1768847618.504532099 3.329338 -2.121059 0.024930 -0.083501 0.033335 0.909411 0.406064
1768847618.605655670 3.316793 -2.107090 0.026075 -0.082968 0.033409 0.909493 0.405983
1768847618.704582453 3.304230 -2.092627 0.025543 -0.083754 0.033921 0.909262 0.406298
1768847618.804538250 3.291344 -2.078188 0.025058 -0.082540 0.033329 0.909378 0.406335
1768847618.904421329 3.278407 -2.063604 0.023893 -0.083778 0.033909 0.909135 0.406578
1768847619.004924297 3.265608 -2.049380 0.025132 -0.083461 0.033762 0.908046 0.409080
1768847619.104028463 3.253685 -2.034131 0.025396 -0.083224 0.035742 0.902998 0.419989
1768847619.204245090 3.242299 -2.018411 0.025623 -0.082916 0.037396 0.894942 0.436813
1768847619.307471991 3.232827 -2.003515 0.025219 -0.081751 0.039122 0.883697 0.459201
1768847619.404085875 3.224976 -1.990349 0.025404 -0.080647 0.041153 0.871149 0.482599
1768847619.504519463 3.217128 -1.976698 0.026538 -0.079692 0.044557 0.855040 0.510461
1768847619.603448629 3.210355 -1.963745 0.027052 -0.077957 0.047276 0.835962 0.541161
1768847619.704534054 3.204536 -1.950231 0.026742 -0.075259 0.049067 0.814627 0.572985
1768847619.804546833 3.198292 -1.933054 0.025945 -0.076647 0.049979 0.810149 0.579039
1768847619.904650211 3.192024 -1.914278 0.026268 -0.076299 0.050361 0.810086 0.579139
1768847620.004588127 3.185973 -1.895349 0.025689 -0.077288 0.050277 0.809857 0.579337
1768847620.104737997 3.179554 -1.876401 0.025450 -0.076730 0.050242 0.810117 0.579050
1768847620.204709768 3.173182 -1.857997 0.024522 -0.077282 0.050244 0.810184 0.578883
1768847620.304478407 3.167129 -1.839412 0.024454 -0.077040 0.049701 0.810405 0.578652
1768847620.404739380 3.160808 -1.820805 0.023946 -0.077199 0.050327 0.810828 0.577984
1768847620.506151199 3.155542 -1.801933 0.023921 -0.077489 0.049574 0.811168 0.577533
1768847620.604545355 3.150189 -1.783757 0.023476 -0.077352 0.050232 0.811406 0.577160
1768847620.704559803 3.145389 -1.765886 0.023151 -0.077571 0.049592 0.809731 0.579533
1768847620.804715872 3.140724 -1.748012 0.023397 -0.076903 0.050997 0.802855 0.588989
1768847620.904271364 3.136373 -1.729694 0.023621 -0.076255 0.052310 0.791545 0.604074
1768847621.004713774 3.132761 -1.711490 0.023673 -0.075429 0.053863 0.777008 0.622630
1768847621.104830027 3.129604 -1.693166 0.023600 -0.074569 0.054664 0.768247 0.633442
1768847621.204856634 3.125883 -1.674816 0.023249 -0.075194 0.054799 0.767751 0.633957
1768847621.304468155 3.122764 -1.656535 0.023507 -0.074452 0.054988 0.767519 0.634309
1768847621.404655933 3.120363 -1.637473 0.023497 -0.074683 0.054707 0.767680 0.634111
1768847621.504566908 3.118512 -1.618680 0.023779 -0.074033 0.054594 0.767508 0.634405
1768847621.604582548 3.116123 -1.599708 0.023699 -0.074199 0.054023 0.767840 0.634033
1768847621.704418421 3.113887 -1.580517 0.023910 -0.073459 0.054535 0.767965 0.633924
1768847621.804778337 3.111339 -1.561194 0.024014 -0.073378 0.054108 0.767793 0.634178
1768847621.904659271 3.108815 -1.542005 0.023702 -0.072716 0.055088 0.767641 0.634354
1768847622.004724503 3.105597 -1.523157 0.023697 -0.073116 0.054308 0.767352 0.634725
1768847622.104250908 3.102740 -1.504163 0.023230 -0.073256 0.054993 0.767077 0.634982
1768847622.204479456 3.099292 -1.485211 0.023756 -0.073136 0.054419 0.767033 0.635098
1768847622.304683685 3.096536 -1.466279 0.023208 -0.073626 0.054916 0.766741 0.635352
1768847622.404748201 3.093577 -1.447500 0.023402 -0.073138 0.054430 0.766724 0.635471
1768847622.504588127 3.089718 -1.429157 0.023603 -0.073907 0.054489 0.766702 0.635403
1768847622.604846716 3.086013 -1.410284 0.024195 -0.073572 0.054481 0.766858 0.635254
1768847622.704268217 3.083024 -1.391022 0.024425 -0.073929 0.054233 0.766959 0.635112
1768847622.803637266 3.080057 -1.372011 0.024842 -0.073290 0.054506 0.767122 0.634965
1768847622.904913664 3.076229 -1.352485 0.024776 -0.073772 0.053891 0.767044 0.635056
1768847623.004826307 3.072802 -1.333372 0.024274 -0.073525 0.054908 0.766268 0.635934
1768847623.104817629 3.069852 -1.314532 0.024412 -0.073027 0.054959 0.761436 0.641764
1768847623.204469204 3.066891 -1.295824 0.024128 -0.072466 0.055530 0.751520 0.653363
1768847623.305528879 3.065043 -1.276611 0.023478 -0.071283 0.057192 0.737079 0.669599
1768847623.404618502 3.062941 -1.258218 0.023070 -0.071128 0.057623 0.726776 0.680747
1768847623.504181147 3.061490 -1.239176 0.023173 -0.070803 0.059258 0.726283 0.681167
1768847623.604768991 3.060344 -1.219982 0.022931 -0.071826 0.058354 0.726383 0.681032
1768847623.704490185 3.059772 -1.200840 0.022516 -0.071870 0.058821 0.726817 0.680523
1768847623.804352522 3.059139 -1.181761 0.022672 -0.072185 0.057483 0.727096 0.680306
1768847623.904698372 3.059102 -1.162566 0.022395 -0.072062 0.057618 0.727632 0.679734
1768847624.004909992 3.058922 -1.143324 0.021992 -0.071840 0.057442 0.727896 0.679491
1768847624.103848696 3.058190 -1.124069 0.021593 -0.072209 0.056940 0.728144 0.679227
1768847624.203756332 3.057081 -1.104903 0.021479 -0.071285 0.057031 0.728100 0.679364
1768847624.304660082 3.056199 -1.085534 0.021462 -0.071602 0.056626 0.727668 0.679827
1768847624.404411554 3.055309 -1.066302 0.021871 -0.070656 0.057085 0.727265 0.680319
1768847624.504793882 3.054852 -1.047013 0.021614 -0.071522 0.056570 0.726786 0.680784
1768847624.604708433 3.054018 -1.027655 0.021648 -0.070852 0.057309 0.726541 0.681054
1768847624.706619024 3.053126 -1.007657 0.021733 -0.071356 0.056569 0.726312 0.681307
1768847624.804701567 3.051901 -0.988213 0.021578 -0.070996 0.057510 0.725943 0.681659
1768847624.905448675 3.049681 -0.968381 0.021595 -0.071317 0.056781 0.725787 0.681853
1768847625.004820585 3.047611 -0.948635 0.021267 -0.071205 0.057433 0.725392 0.682230
1768847625.104783297 3.045368 -0.929063 0.021460 -0.071033 0.057227 0.725304 0.682358
1768847625.204862595 3.043454 -0.909637 0.021343 -0.071177 0.057705 0.724947 0.682682
1768847625.304802895 3.041395 -0.890141 0.021665 -0.070342 0.057508 0.724849 0.682890
1768847625.405876637 3.039940 -0.870246 0.021406 -0.070609 0.057314 0.724284 0.683478
1768847625.504688501 3.038467 -0.851280 0.021659 -0.069717 0.057228 0.724230 0.683634
1768847625.604398966 3.037284 -0.831827 0.021629 -0.070093 0.057195 0.724008 0.683833
1768847625.704304695 3.036029 -0.812037 0.021729 -0.069267 0.057154 0.723682 0.684266
1768847625.805177212 3.034092 -0.792121 0.021619 -0.069844 0.056556 0.723527 0.684421
1768847625.904780626 3.032111 -0.772372 0.021709 -0.069554 0.057117 0.723308 0.684636
1768847626.004875183 3.029824 -0.752783 0.021321 -0.069852 0.056648 0.723128 0.684834
1768847626.106210709 3.028520 -0.733151 0.021217 -0.069403 0.057206 0.723217 0.684739
1768847626.204425573 3.027341 -0.713831 0.021707 -0.069519 0.056502 0.723038 0.684975
1768847626.304359436 3.026288 -0.694397 0.021343 -0.069404 0.057181 0.722968 0.685004
1768847626.404472113 3.024713 -0.674823 0.021509 -0.068930 0.056796 0.722626 0.685445
1768847626.504399300 3.023626 -0.654984 0.021177 -0.069114 0.057144 0.722174 0.685873
1768847626.605487108 3.022459 -0.635382 0.021430 -0.069008 0.056925 0.721764 0.686334
1768847626.704927921 3.021677 -0.616045 0.021161 -0.069726 0.056569 0.721472 0.686597
1768847626.804863930 3.020828 -0.596508 0.021378 -0.069344 0.056533 0.721466 0.686645
1768847626.904758930 3.020431 -0.576710 0.021008 -0.070140 0.056116 0.721282 0.686792
1768847627.004915476 3.020069 -0.556957 0.021280 -0.069567 0.056273 0.721298 0.686821
1768847627.104868889 3.019421 -0.537502 0.021124 -0.070008 0.055590 0.721218 0.686916
1768847627.204400539 3.018904 -0.518199 0.021197 -0.069431 0.055960 0.721285 0.686873
1768847627.305284262 3.018386 -0.498778 0.021183 -0.069434 0.055052 0.721193 0.687044
1768847627.403542995 3.017665 -0.479490 0.020867 -0.068594 0.055191 0.721144 0.687168
1768847627.505737543 3.016724 -0.459143 0.021090 -0.068452 0.054558 0.720697 0.687701
1768847627.605912924 3.015952 -0.439242 0.021037 -0.068119 0.054759 0.720363 0.688069
1768847627.704513311 3.014548 -0.420007 0.021146 -0.067998 0.053972 0.720070 0.688450
1768847627.807876348 3.013767 -0.400108 0.021392 -0.067875 0.053883 0.719888 0.688658
1768847627.904558659 3.012779 -0.381073 0.021687 -0.067604 0.053521 0.719734 0.688874
1768847628.004929304 3.012191 -0.361521 0.021591 -0.068053 0.053697 0.719646 0.688908
1768847628.104878187 3.011322 -0.342016 0.021904 -0.067485 0.053832 0.719335 0.689278
1768847628.204641581 3.010172 -0.322397 0.021858 -0.068170 0.053764 0.719207 0.689350
1768847628.304245472 3.009477 -0.303339 0.022204 -0.067370 0.054290 0.719011 0.689592
1768847628.404780865 3.008488 -0.284016 0.022371 -0.067921 0.053758 0.718981 0.689611
1768847628.503743172 3.007991 -0.264709 0.022721 -0.067002 0.054424 0.718785 0.689853
1768847628.604912996 3.006957 -0.245346 0.023089 -0.067769 0.053863 0.718404 0.690219
1768847628.704901457 3.006351 -0.226282 0.023254 -0.067052 0.054920 0.718199 0.690418
1768847628.804876089 3.005390 -0.206932 0.023225 -0.067873 0.054114 0.718019 0.690589
1768847628.906136513 3.004646 -0.187018 0.023128 -0.067319 0.054835 0.717787 0.690828
1768847629.005452633 3.004472 -0.167293 0.023176 -0.067767 0.054013 0.717672 0.690968
1768847629.104440928 3.004575 -0.147839 0.023239 -0.067882 0.054835 0.717707 0.690855
1768847629.204496861 3.003746 -0.128239 0.023869 -0.067684 0.054432 0.717676 0.690939
1768847629.306416512 3.003049 -0.108231 0.023465 -0.068130 0.055007 0.717556 0.690975
1768847629.404934168 3.002490 -0.089059 0.023505 -0.067457 0.055030 0.717475 0.691123
1768847629.503933191 3.002285 -0.069710 0.023540 -0.067878 0.055164 0.717467 0.691079
1768847629.604449987 3.001809 -0.049962 0.023587 -0.067532 0.055410 0.716973 0.691606
1768847629.703933001 3.001874 -0.030636 0.024279 -0.068038 0.055478 0.716917 0.691609
1768847629.804993868 3.001631 -0.010674 0.024127 -0.067722 0.055893 0.716673 0.691860
1768847629.904706717 3.000888 0.008777 0.024551 -0.068615 0.055192 0.716563 0.691942
1768847630.006078482 3.000157 0.028586 0.024201 -0.067992 0.056319 0.716534 0.691943
1768847630.104716301 2.999293 0.047987 0.023491 -0.068732 0.055484 0.716345 0.692133
1768847630.204119921 2.998383 0.067554 0.023877 -0.068641 0.056367 0.716296 0.692120
1768847630.303744078 2.997552 0.086570 0.024011 -0.068728 0.055698 0.716267 0.692196
1768847630.404550552 2.996473 0.105957 0.023849 -0.068944 0.056321 0.716121 0.692276
1768847630.504927874 2.995200 0.125343 0.023856 -0.068697 0.056241 0.715868 0.692568
1768847630.603687763 2.994736 0.144372 0.023951 -0.069000 0.056702 0.715651 0.692725
1768847630.705044031 2.994162 0.163894 0.024336 -0.068502 0.056841 0.715544 0.692874
1768847630.804188728 2.993930 0.183271 0.023841 -0.069222 0.056628 0.715252 0.693121
1768847630.904995918 2.993703 0.203302 0.023289 -0.068324 0.056777 0.715261 0.693188
1768847631.004636288 2.993293 0.223056 0.022948 -0.069053 0.056327 0.715075 0.693345
1768847631.104913712 2.992656 0.242705 0.023369 -0.068522 0.056990 0.715046 0.693373
1768847631.203722954 2.992386 0.262172 0.023220 -0.069261 0.056463 0.714792 0.693605
1768847631.303782701 2.992128 0.281695 0.022944 -0.068789 0.057545 0.714834 0.693520
1768847631.405112028 2.991702 0.301533 0.022759 -0.069079 0.057033 0.714733 0.693637
1768847631.503739595 2.992086 0.320614 0.022368 -0.068700 0.057804 0.714706 0.693639
1768847631.603717804 2.991878 0.340039 0.022963 -0.069133 0.057513 0.714481 0.693851
1768847631.704981327 2.991680 0.359617 0.022877 -0.068696 0.058240 0.714184 0.694139
1768847631.804913521 2.991455 0.379050 0.023138 -0.068516 0.057877 0.714105 0.694269
1768847631.905086279 2.991064 0.398739 0.022712 -0.068750 0.058052 0.713898 0.694444
1768847632.006067991 2.990618 0.418518 0.022801 -0.068202 0.057756 0.713733 0.694693
1768847632.103637218 2.990729 0.437734 0.022576 -0.068381 0.057941 0.713693 0.694701
1768847632.205144167 2.990344 0.457760 0.023337 -0.067947 0.057477 0.713593 0.694885
1768847632.305137873 2.990215 0.477349 0.022587 -0.068264 0.057097 0.713526 0.694953
1768847632.405601025 2.989691 0.496789 0.022324 -0.067527 0.057472 0.713511 0.695010
1768847632.504984379 2.989041 0.516027 0.022271 -0.067647 0.056773 0.713160 0.695416
1768847632.603638649 2.988708 0.535412 0.022306 -0.066805 0.057485 0.712986 0.695617
1768847632.704485893 2.988244 0.555123 0.022512 -0.067307 0.056705 0.712580 0.696049
1768847632.805008411 2.987905 0.574602 0.022714 -0.066581 0.057765 0.712343 0.696275
1768847632.904146194 2.987636 0.593676 0.022353 -0.067189 0.056347 0.712074 0.696607
1768847633.003873348 2.987660 0.612967 0.022464 -0.066526 0.057219 0.712141 0.696531
1768847633.104547739 2.987705 0.632994 0.022515 -0.066812 0.056088 0.711873 0.696870
1768847633.205891848 2.987747 0.653031 0.022254 -0.067125 0.056035 0.711759 0.696960
1768847633.304651737 2.987791 0.672374 0.022462 -0.066595 0.056180 0.711934 0.696821
1768847633.405091524 2.987829 0.692005 0.022858 -0.067391 0.055757 0.711576 0.697144
1768847633.504999161 2.988103 0.711654 0.023218 -0.066486 0.056096 0.711791 0.696984
1768847633.603668928 2.987949 0.730603 0.022828 -0.067397 0.055636 0.711494 0.697236
1768847633.703584671 2.987759 0.749738 0.023434 -0.066567 0.056452 0.711390 0.697357
1768847633.804614544 2.987385 0.769056 0.023448 -0.067687 0.055916 0.711045 0.697644
1768847633.905916929 2.987321 0.788428 0.023887 -0.066977 0.056964 0.710804 0.697873
1768847634.003765821 2.987322 0.807331 0.023320 -0.068176 0.056143 0.710816 0.697812
1768847634.104695559 2.987693 0.827078 0.023541 -0.067971 0.057215 0.710701 0.697861
1768847634.204978228 2.987640 0.846921 0.023995 -0.068416 0.056528 0.710606 0.697970
1768847634.305036545 2.987873 0.866410 0.023639 -0.068533 0.057213 0.710539 0.697971
1768847634.403988600 2.987706 0.885748 0.023644 -0.068632 0.057070 0.710715 0.697794
1768847634.504992485 2.987588 0.905668 0.023354 -0.069134 0.057430 0.710681 0.697750
1768847634.604047060 2.986905 0.924794 0.023372 -0.069149 0.057609 0.713598 0.694750
1768847634.705146551 2.986061 0.944473 0.023294 -0.069483 0.057274 0.715316 0.692975
1768847634.803106308 2.985467 0.963770 0.022904 -0.069338 0.057737 0.715197 0.693074
1768847634.904412508 2.984758 0.983238 0.023257 -0.069391 0.057423 0.715297 0.692991
1768847635.003822565 2.984225 1.002727 0.022982 -0.069374 0.057917 0.715180 0.693073
1768847635.105038404 2.983412 1.022484 0.023027 -0.069614 0.057104 0.715253 0.693041
1768847635.203682184 2.983105 1.042247 0.023119 -0.069458 0.057937 0.715234 0.693008
1768847635.304656982 2.982719 1.062059 0.022834 -0.070058 0.056779 0.715272 0.693003
1768847635.404311657 2.982051 1.081439 0.023321 -0.069314 0.057564 0.715436 0.692844
1768847635.503850937 2.981780 1.100564 0.022890 -0.069870 0.056916 0.715500 0.692776
1768847635.603948593 2.981336 1.119937 0.023380 -0.069116 0.056882 0.715605 0.692746
1768847635.703745604 2.980573 1.138988 0.023473 -0.069252 0.056717 0.715410 0.692947
1768847635.804038048 2.980470 1.158025 0.023861 -0.068622 0.056204 0.715305 0.693160
1768847635.904342651 2.979738 1.177300 0.023786 -0.068777 0.056723 0.715183 0.693228
1768847636.004135132 2.978965 1.196218 0.024045 -0.068132 0.056080 0.715159 0.693369
1768847636.105152607 2.977735 1.215437 0.024279 -0.068042 0.056596 0.715117 0.693379
1768847636.204334974 2.976440 1.234472 0.024149 -0.067984 0.056000 0.714965 0.693590
1768847636.304104090 2.975405 1.254193 0.023991 -0.067988 0.056678 0.715031 0.693467
1768847636.403650522 2.974467 1.273546 0.023786 -0.068309 0.056396 0.714952 0.693539
1768847636.504029989 2.973464 1.293293 0.024005 -0.068515 0.057440 0.714919 0.693468
1768847636.603762388 2.972875 1.312314 0.023662 -0.068701 0.057302 0.714820 0.693563
1768847636.705265522 2.972018 1.332019 0.023579 -0.068717 0.058093 0.714932 0.693380
1768847636.803676605 2.971806 1.351013 0.022834 -0.069360 0.058072 0.714790 0.693463
1768847636.904255867 2.971562 1.370603 0.023245 -0.068464 0.058618 0.714673 0.693628
1768847637.004855871 2.971117 1.390162 0.022812 -0.069015 0.058573 0.714536 0.693718
1768847637.104754686 2.970625 1.409681 0.023010 -0.068476 0.058724 0.714628 0.693664
1768847637.203683138 2.970204 1.428972 0.022274 -0.068834 0.059017 0.714446 0.693791
1768847637.304216623 2.969860 1.448476 0.022888 -0.068455 0.058654 0.714450 0.693856
1768847637.404188633 2.969461 1.468206 0.022753 -0.068367 0.059069 0.714361 0.693920
1768847637.503757477 2.968878 1.487137 0.022771 -0.068363 0.058293 0.714417 0.693929
1768847637.603729248 2.968438 1.506440 0.023085 -0.067883 0.058705 0.714563 0.693791
1768847637.704745770 2.967858 1.525946 0.022945 -0.067758 0.057720 0.714498 0.693952
1768847637.807181358 2.967171 1.545936 0.023155 -0.067428 0.058506 0.714518 0.693898
1768847637.904718876 2.966447 1.564839 0.022779 -0.067834 0.057731 0.714361 0.694085
1768847638.003834009 2.965966 1.584467 0.023091 -0.067068 0.058658 0.714348 0.694095
1768847638.103935957 2.965707 1.604123 0.022685 -0.067873 0.057911 0.714317 0.694111
1768847638.205565453 2.965160 1.624025 0.022752 -0.067102 0.057879 0.714388 0.694117
1768847638.303725243 2.964591 1.643549 0.022376 -0.067908 0.057793 0.714346 0.694088
1768847638.404201984 2.964471 1.663514 0.022376 -0.067725 0.057809 0.714370 0.694079
1768847638.504010916 2.963983 1.683403 0.022168 -0.068444 0.058547 0.714480 0.693834
1768847638.604049444 2.963484 1.703010 0.022124 -0.068107 0.058104 0.714461 0.693925
1768847638.704994202 2.962967 1.722889 0.021695 -0.068501 0.059140 0.714419 0.693841
1768847638.805339575 2.962303 1.742412 0.022036 -0.068528 0.058321 0.714440 0.693886
1768847638.905159473 2.962093 1.761688 0.021640 -0.068556 0.059064 0.714406 0.693855
1768847639.004412174 2.961860 1.780973 0.021872 -0.069018 0.058758 0.714321 0.693924
1768847639.104252100 2.961666 1.800425 0.021616 -0.068927 0.059421 0.714252 0.693947
1768847639.204167843 2.961228 1.819965 0.021665 -0.069542 0.059198 0.714263 0.693893
1768847639.304523945 2.961363 1.839679 0.021593 -0.069193 0.059504 0.714311 0.693853
1768847639.404502630 2.960768 1.859076 0.021660 -0.069638 0.058799 0.714256 0.693925
1768847639.503876686 2.960368 1.878296 0.021365 -0.069434 0.059205 0.714174 0.693995
1768847639.603752613 2.960035 1.897384 0.021147 -0.069814 0.058782 0.712454 0.695759
1768847639.703938723 2.960504 1.916428 0.020942 -0.069339 0.060202 0.705391 0.702845
1768847639.804452658 2.961359 1.935324 0.020947 -0.067783 0.061409 0.691578 0.716487
1768847639.904461622 2.962954 1.953909 0.021028 -0.065698 0.062454 0.674699 0.732506
1768847640.004549742 2.965192 1.971137 0.021559 -0.063940 0.063002 0.660367 0.745559
1768847640.104135990 2.967636 1.989898 0.021871 -0.064109 0.062723 0.658618 0.747113
1768847640.205248833 2.970088 2.009070 0.021321 -0.064194 0.063573 0.657626 0.747908
1768847640.304249763 2.972651 2.028203 0.021341 -0.063727 0.062969 0.657043 0.748510
1768847640.403821945 2.975423 2.047278 0.021633 -0.063924 0.063233 0.656337 0.749091
1768847640.504276514 2.978374 2.066897 0.022351 -0.063740 0.062771 0.656130 0.749327
1768847640.607015610 2.981506 2.087096 0.021473 -0.064430 0.063088 0.656044 0.749317
1768847640.703886032 2.984310 2.105734 0.021113 -0.063882 0.062975 0.656246 0.749196
1768847640.803861856 2.987322 2.125186 0.019764 -0.064570 0.063101 0.655994 0.749347
1768847640.904681921 2.990109 2.144333 0.020322 -0.063948 0.063217 0.655861 0.749507
1768847641.005251169 2.992872 2.163434 0.020533 -0.064179 0.063115 0.655335 0.749956
1768847641.104792833 2.995627 2.182242 0.020908 -0.063957 0.063391 0.655124 0.750136
1768847641.203968287 2.998186 2.201420 0.020332 -0.064075 0.063296 0.654612 0.750580
1768847641.304424763 3.000909 2.220494 0.019767 -0.064044 0.064058 0.654321 0.750772
1768847641.404434681 3.003535 2.240035 0.019253 -0.064007 0.063073 0.653632 0.751459
1768847641.504232407 3.006267 2.259539 0.018730 -0.064065 0.063592 0.653471 0.751550
1768847641.604294062 3.009067 2.278864 0.019332 -0.064287 0.062629 0.653545 0.751548
1768847641.704444885 3.012083 2.298297 0.018741 -0.064937 0.062879 0.653513 0.751499
1768847641.803922892 3.014952 2.317309 0.018819 -0.064724 0.062502 0.653865 0.751242
1768847641.903525829 3.017251 2.336827 0.017971 -0.065168 0.062618 0.653597 0.751428
1768847642.005147934 3.019834 2.356281 0.018085 -0.064854 0.062529 0.653517 0.751531
1768847642.103756905 3.022458 2.375485 0.017533 -0.065300 0.062761 0.653228 0.751725
1768847642.204235792 3.025136 2.394802 0.017640 -0.064733 0.062761 0.652962 0.752005
1768847642.304576874 3.027989 2.414425 0.017059 -0.065724 0.063607 0.652454 0.752289
1768847642.404762745 3.031014 2.434014 0.017169 -0.065251 0.063613 0.652074 0.752659
1768847642.504521370 3.034071 2.453754 0.016974 -0.065614 0.063311 0.651554 0.753103
1768847642.604464054 3.037105 2.473333 0.016571 -0.065344 0.063811 0.651375 0.753239
1768847642.704341650 3.040042 2.492774 0.016821 -0.065543 0.063131 0.651595 0.753089
1768847642.806011915 3.042877 2.512460 0.016490 -0.065529 0.064117 0.651622 0.752983
1768847642.905205250 3.045337 2.531805 0.016239 -0.065438 0.063272 0.651613 0.753070
1768847643.004346132 3.048209 2.551033 0.015377 -0.065271 0.064459 0.651206 0.753336
1768847643.104200125 3.051219 2.570406 0.015895 -0.064716 0.063623 0.651059 0.753582
1768847643.204742193 3.054650 2.589662 0.015680 -0.065642 0.064745 0.650580 0.753820
1768847643.303818703 3.057672 2.608630 0.016183 -0.064726 0.064318 0.650205 0.754259
1768847643.405303955 3.060702 2.627788 0.015663 -0.065358 0.064711 0.649521 0.754760
1768847643.504202366 3.063530 2.646624 0.016182 -0.064768 0.064827 0.649100 0.755163
1768847643.605917215 3.066604 2.666486 0.015945 -0.065013 0.064421 0.648836 0.755404
1768847643.704669476 3.069684 2.685166 0.016118 -0.064546 0.065091 0.648866 0.755361
1768847643.804871082 3.072745 2.704895 0.015292 -0.064833 0.064904 0.649030 0.755211
1768847643.903507710 3.076010 2.723947 0.015267 -0.064262 0.065373 0.648752 0.755459
1768847644.004434347 3.078892 2.743700 0.015572 -0.064043 0.064617 0.648754 0.755540
1768847644.103827715 3.082321 2.762659 0.015517 -0.063849 0.065393 0.648591 0.755630
1768847644.204429626 3.085468 2.781755 0.015840 -0.063548 0.064627 0.648396 0.755889
1768847644.303807020 3.088992 2.801010 0.016443 -0.063947 0.065469 0.648100 0.756037
1768847644.403633595 3.092215 2.820287 0.016612 -0.063611 0.065180 0.647855 0.756300
1768847644.504479170 3.095914 2.839982 0.015925 -0.064282 0.065243 0.647287 0.756724
1768847644.603917122 3.099278 2.859294 0.016258 -0.063698 0.065088 0.646972 0.757055
1768847644.704309464 3.102437 2.879239 0.016039 -0.064581 0.064388 0.649019 0.755287
1768847644.804630280 3.104688 2.898459 0.016506 -0.065191 0.064612 0.657258 0.748056
1768847644.904582262 3.106317 2.917217 0.016303 -0.066651 0.063985 0.672399 0.734400
1768847645.004482985 3.107084 2.934758 0.015638 -0.068140 0.062895 0.690198 0.717654
1768847645.104007959 3.107714 2.951170 0.015345 -0.069622 0.061138 0.704542 0.703587
1768847645.204183578 3.108042 2.970794 0.015390 -0.068839 0.061603 0.705223 0.702941
1768847645.304396629 3.108383 2.990369 0.015109 -0.069899 0.062011 0.705018 0.703007
1768847645.404246092 3.108869 3.009769 0.015734 -0.069323 0.061874 0.705009 0.703084
1768847645.503433228 3.109125 3.029158 0.014996 -0.070212 0.062809 0.704917 0.703006
1768847645.604683161 3.109377 3.048834 0.015253 -0.070122 0.062312 0.705047 0.702929
1768847645.704380274 3.109491 3.068181 0.014264 -0.070372 0.062932 0.705001 0.702895
1768847645.805459023 3.109834 3.087680 0.014693 -0.070241 0.062482 0.705183 0.702766
1768847645.904637098 3.109943 3.107011 0.013999 -0.069847 0.062624 0.705198 0.702777
1768847646.004064322 3.109938 3.125876 0.013710 -0.069893 0.062350 0.705274 0.702721
1768847646.103940487 3.109996 3.145370 0.013523 -0.069286 0.062594 0.705192 0.702841
1768847646.203438759 3.110008 3.164955 0.013088 -0.069164 0.061978 0.705212 0.702888
1768847646.305400372 3.110165 3.185229 0.012681 -0.068672 0.061876 0.704981 0.703177
1768847646.404385805 3.110238 3.204451 0.011704 -0.069337 0.062289 0.704957 0.703099
1768847646.504837275 3.110288 3.224562 0.011646 -0.069235 0.062680 0.705014 0.703017
1768847646.604665041 3.110255 3.244331 0.010564 -0.070005 0.062853 0.704851 0.703088
1768847646.704545736 3.110377 3.264246 0.011049 -0.069806 0.063429 0.705101 0.702806
1768847646.803680420 3.110774 3.284103 0.010350 -0.070841 0.064169 0.704859 0.702878
1768847646.903479338 3.111051 3.303970 0.010739 -0.070582 0.064224 0.705005 0.702753
1768847647.004472256 3.111135 3.324110 0.009394 -0.071253 0.065255 0.704955 0.702640
1768847647.099975586 3.111520 3.342769 0.009407 -0.071259 0.065086 0.705048 0.702562
1768847647.205447435 3.111938 3.363027 0.009532 -0.071363 0.065651 0.704779 0.702769
1768847647.304042101 3.112158 3.381917 0.009383 -0.070739 0.065172 0.704709 0.702946
1768847647.403615236 3.112420 3.401133 0.009243 -0.070267 0.065522 0.703498 0.704174
1768847647.504574299 3.113067 3.420952 0.009210 -0.069738 0.064629 0.698025 0.709733
1768847647.604485035 3.114086 3.439923 0.009655 -0.068741 0.065529 0.694464 0.713233
1768847647.703637838 3.114985 3.459073 0.010172 -0.068453 0.064019 0.694269 0.713587
1768847647.803654909 3.116071 3.478513 0.009347 -0.068600 0.064739 0.693955 0.713814
1768847647.903532028 3.116912 3.498250 0.010090 -0.067716 0.063240 0.694077 0.713913
1768847648.004086018 3.117429 3.518158 0.009717 -0.068285 0.062862 0.694132 0.713839
1768847648.104073524 3.118044 3.537767 0.010270 -0.067232 0.062007 0.694334 0.713818
1768847648.204587936 3.118528 3.557783 0.009682 -0.067620 0.061635 0.694414 0.713735
1768847648.303677082 3.119227 3.577372 0.009787 -0.066580 0.061275 0.694495 0.713785
1768847648.404038906 3.119773 3.596733 0.009750 -0.066945 0.060866 0.694257 0.714017
1768847648.504350662 3.120572 3.615516 0.009667 -0.066422 0.060917 0.694198 0.714119
1768847648.604754686 3.121442 3.634905 0.009885 -0.067058 0.060389 0.694049 0.714249
1768847648.703552485 3.122310 3.653746 0.009386 -0.067042 0.060773 0.693902 0.714361
1768847648.804304838 3.123368 3.673423 0.009425 -0.067512 0.060264 0.693646 0.714609
1768847648.903663158 3.124763 3.692798 0.009472 -0.067686 0.060713 0.693672 0.714529
1768847649.003760099 3.125594 3.712148 0.009578 -0.067893 0.060507 0.693805 0.714398
1768847649.104487181 3.126462 3.731594 0.009055 -0.068461 0.060963 0.693688 0.714418
1768847649.204706669 3.127384 3.750730 0.009070 -0.067939 0.060821 0.693664 0.714504
1768847649.304777384 3.128418 3.769925 0.008677 -0.068582 0.061266 0.693231 0.714824
1768847649.403650999 3.129430 3.788432 0.008599 -0.067787 0.061163 0.692843 0.715285
1768847649.503702164 3.130829 3.807562 0.008004 -0.068565 0.061277 0.692510 0.715524
1768847649.605552912 3.131971 3.826782 0.008728 -0.067873 0.060666 0.692364 0.715783
1768847649.704545498 3.132495 3.845750 0.008041 -0.068714 0.060611 0.692144 0.715920
1768847649.803655386 3.133010 3.864992 0.008419 -0.067760 0.060743 0.692075 0.716066
1768847649.903628111 3.133553 3.884727 0.007968 -0.068664 0.060593 0.692024 0.716043
1768847650.004194498 3.134212 3.904415 0.007661 -0.068018 0.060850 0.691856 0.716245
1768847650.103876114 3.134853 3.923700 0.007403 -0.068173 0.060466 0.691943 0.716179
1768847650.204040527 3.135674 3.942946 0.007003 -0.067924 0.061149 0.691775 0.716306
1768847650.303662777 3.136611 3.962410 0.007175 -0.067906 0.060787 0.691642 0.716467
1768847650.407217741 3.137949 3.982239 0.006882 -0.067509 0.061464 0.692001 0.716100
1768847650.504528761 3.139392 3.999287 0.009159 -0.060961 0.060549 0.693265 0.715543
1768847650.603726625 3.140458 4.019434 0.008019 -0.063386 0.061824 0.692663 0.715806
1768847650.705456018 3.141238 4.038949 0.008142 -0.063136 0.060924 0.692758 0.715813
1768847650.803741455 3.141859 4.057823 0.007295 -0.064147 0.061221 0.693093 0.715373
1768847650.903639078 3.142653 4.077111 0.007403 -0.063880 0.061077 0.693587 0.714930
1768847651.003704786 3.143532 4.096305 0.006782 -0.064467 0.060975 0.693768 0.714711
1768847651.103636265 3.144200 4.115497 0.006640 -0.064265 0.061062 0.694215 0.714287
1768847651.203716278 3.144722 4.129182 0.006709 -0.065563 0.061694 0.694195 0.714135
1768847651.304211855 3.144867 4.129121 0.006558 -0.065070 0.061003 0.694019 0.714410
1768847651.403729200 3.144796 4.128897 0.006744 -0.065238 0.061079 0.694125 0.714285
1768847651.503802299 3.144793 4.128767 0.006627 -0.065157 0.060990 0.693950 0.714471
1768847651.603944302 3.144790 4.128523 0.006518 -0.065425 0.061076 0.693826 0.714559
1768847651.703860283 3.144571 4.126516 0.006572 -0.065749 0.061234 0.694021 0.714326
1768847651.803689003 3.144143 4.122584 0.006554 -0.065683 0.061538 0.693909 0.714416
1768847651.905285597 3.143862 4.117097 0.006593 -0.065510 0.061865 0.693654 0.714651
1768847652.003811836 3.143705 4.109844 0.006737 -0.065534 0.061600 0.693257 0.715057
1768847652.103735209 3.143555 4.101009 0.006546 -0.065384 0.061542 0.692749 0.715567
1768847652.203796864 3.143492 4.090431 0.006581 -0.065049 0.061648 0.692146 0.716172
1768847652.303762436 3.143234 4.077947 0.007117 -0.064902 0.061621 0.691761 0.716560
1768847652.405135155 3.142936 4.063531 0.007204 -0.064542 0.061623 0.691603 0.716744
1768847652.503622532 3.142341 4.047421 0.006922 -0.064623 0.061843 0.691055 0.717247
1768847652.603713989 3.141614 4.029767 0.007150 -0.064091 0.062183 0.690795 0.717515
1768847652.704193354 3.140515 4.010457 0.008019 -0.063251 0.061759 0.689749 0.718631
1768847652.803786039 3.139411 3.989537 0.008910 -0.063547 0.061268 0.689591 0.718800
1768847652.903918505 3.137779 3.966415 0.007627 -0.068564 0.061902 0.688784 0.719058
1768847653.003695250 3.136605 3.940931 0.007639 -0.068610 0.061546 0.688163 0.719678
1768847653.103742123 3.135409 3.915207 0.007775 -0.068291 0.061531 0.687708 0.720145
1768847653.203637600 3.134212 3.889915 0.008114 -0.068654 0.061459 0.687438 0.720374
1768847653.303797007 3.133033 3.864607 0.008115 -0.068381 0.061603 0.686974 0.720830
1768847653.404488325 3.131514 3.840196 0.008767 -0.068258 0.061497 0.686549 0.721256
1768847653.503791332 3.130180 3.817988 0.008740 -0.066782 0.059805 0.686955 0.721149
1768847653.604717731 3.130070 3.821306 0.008659 -0.067882 0.060904 0.688574 0.719409
1768847653.703777075 3.130440 3.840705 0.007745 -0.068945 0.060713 0.693333 0.714737
1768847653.803987741 3.129917 3.860522 0.007703 -0.070248 0.059888 0.704540 0.703635
1768847653.903718472 3.128965 3.879088 0.008216 -0.071423 0.058845 0.717972 0.689893
1768847654.003883123 3.128226 3.897167 0.008498 -0.070986 0.058170 0.723783 0.683897
1768847654.103691578 3.127462 3.909638 0.008261 -0.071854 0.058750 0.724342 0.683165
1768847654.203833103 3.127770 3.909379 0.008220 -0.071581 0.058234 0.724202 0.683386
1768847654.303721666 3.127947 3.909444 0.007953 -0.071488 0.058179 0.724115 0.683492
1768847654.403694630 3.128220 3.909379 0.008240 -0.071540 0.058265 0.724068 0.683530
1768847654.503736734 3.128455 3.908787 0.008264 -0.071783 0.058070 0.723960 0.683636
1768847654.603772163 3.128522 3.906655 0.007790 -0.072193 0.058218 0.723966 0.683573
1768847654.703765392 3.128441 3.902833 0.007962 -0.072350 0.058622 0.723688 0.683817
1768847654.803871155 3.128654 3.897545 0.007997 -0.071829 0.058802 0.723623 0.683924
1768847654.903871536 3.128873 3.890388 0.007618 -0.072277 0.058395 0.723677 0.683855
1768847655.003799200 3.129084 3.881386 0.007885 -0.072181 0.058060 0.723764 0.683802
1768847655.103946924 3.129689 3.870491 0.007858 -0.072147 0.058496 0.724086 0.683427
1768847655.203726292 3.130106 3.857936 0.007890 -0.071790 0.058436 0.724144 0.683409
1768847655.303853750 3.130651 3.843671 0.007879 -0.072102 0.058298 0.724377 0.683140
1768847655.405092716 3.131015 3.827240 0.007834 -0.071547 0.058494 0.724189 0.683381
1768847655.504465580 3.131532 3.809189 0.007319 -0.071456 0.059180 0.724163 0.683360
1768847655.607163191 3.131970 3.788999 0.007801 -0.071564 0.059105 0.723860 0.683675
1768847655.703822851 3.133060 3.768533 0.008748 -0.071740 0.058662 0.723977 0.683571
1768847655.803901911 3.134165 3.746349 0.008695 -0.071058 0.058786 0.723805 0.683814
1768847655.903828382 3.135145 3.724229 0.009805 -0.070989 0.058908 0.723967 0.683639
1768847656.003853321 3.136085 3.702754 0.010655 -0.070753 0.057950 0.723711 0.684016
1768847656.104032516 3.136593 3.693831 0.010826 -0.070586 0.058304 0.723811 0.683898
1768847656.203839064 3.136766 3.694237 0.010900 -0.070383 0.058199 0.723753 0.683989
1768847656.303787708 3.136907 3.694553 0.011001 -0.070460 0.058227 0.724048 0.683666
1768847656.403611183 3.136239 3.695062 0.010122 -0.071056 0.058189 0.727072 0.680390
1768847656.503842831 3.135321 3.694839 0.009814 -0.071985 0.057227 0.737317 0.669259
1768847656.603842258 3.134614 3.695044 0.009369 -0.072919 0.055637 0.753030 0.651562
1768847656.703932524 3.133309 3.694723 0.009021 -0.074632 0.053359 0.773172 0.627525
1768847656.803907394 3.131911 3.693704 0.008623 -0.076551 0.050670 0.798357 0.595146
1768847656.903939247 3.131016 3.692650 0.008307 -0.079092 0.047517 0.826225 0.555732
1768847657.003905058 3.129760 3.691055 0.007670 -0.081688 0.043852 0.854523 0.511072
1768847657.103908777 3.128235 3.689438 0.007853 -0.084327 0.040690 0.880269 0.465145
1768847657.203853130 3.127071 3.688400 0.008729 -0.086164 0.036312 0.903663 0.417912
1768847657.304768085 3.126466 3.686847 0.009178 -0.087185 0.031932 0.924492 0.369720
1768847657.404572248 3.126988 3.685823 0.009186 -0.088501 0.028833 0.938724 0.331862
1768847657.503940105 3.125671 3.686191 0.009354 -0.088133 0.028534 0.938923 0.331424
1768847657.605698586 3.124879 3.686494 0.009426 -0.088160 0.028568 0.938961 0.331307
1768847657.703991890 3.124395 3.686697 0.009673 -0.088267 0.028588 0.938999 0.331170
1768847657.803987265 3.123988 3.687044 0.009892 -0.087642 0.028574 0.938973 0.331409
1768847657.903915167 3.116743 3.693507 0.009856 -0.087524 0.028095 0.938624 0.332468
1768847658.003879309 3.101191 3.706246 0.009683 -0.087939 0.028890 0.938616 0.332313
1768847658.103735685 3.086136 3.718742 0.009793 -0.088712 0.028399 0.938577 0.332261
1768847658.204758406 3.070376 3.731289 0.009986 -0.088424 0.028644 0.938744 0.331845
1768847658.303941488 3.054873 3.743601 0.008954 -0.089812 0.028477 0.940205 0.327319
1768847658.404764414 3.039035 3.755550 0.009103 -0.090476 0.027806 0.944802 0.313672
1768847658.503914118 3.023863 3.765758 0.008992 -0.090615 0.025978 0.951008 0.294446
1768847658.603942394 3.009057 3.774373 0.009029 -0.091578 0.023741 0.958194 0.270026
1768847658.706048727 2.994366 3.781892 0.009173 -0.091607 0.021718 0.965962 0.240942
1768847658.803996801 2.980997 3.787248 0.008992 -0.092549 0.018570 0.973484 0.208370
1768847658.903913260 2.968556 3.790913 0.009402 -0.093589 0.015133 0.980756 0.170676
1768847659.003959417 2.957188 3.793662 0.008807 -0.093793 0.011406 0.987118 0.129116
1768847659.103882551 2.946341 3.795685 0.008780 -0.093168 0.008534 0.991419 0.091294
1768847659.203940630 2.928096 3.799520 0.009258 -0.093458 0.008266 0.991918 0.085420
1768847659.304033279 2.908661 3.803071 0.009331 -0.093764 0.008019 0.991904 0.085268
1768847659.403933764 2.889373 3.807314 0.009591 -0.093252 0.008361 0.991950 0.085263
1768847659.504030228 2.870126 3.810867 0.009810 -0.093238 0.008505 0.991945 0.085318
1768847659.604001760 2.850937 3.814421 0.009265 -0.092814 0.008453 0.992031 0.084783
1768847659.704119205 2.831867 3.817682 0.008810 -0.093231 0.008579 0.992289 0.081225
1768847659.805422783 2.813715 3.819724 0.009044 -0.091185 0.005826 0.993282 0.071011
1768847659.905451059 2.795682 3.821052 0.008851 -0.089717 0.002724 0.994475 0.054427
1768847660.004060507 2.778861 3.821830 0.008675 -0.089035 0.000157 0.995505 0.032275
1768847660.104108095 2.763570 3.821619 0.008183 -0.088852 -0.002777 0.996026 0.005447
1768847660.204071045 2.749201 3.820830 0.007274 -0.088642 -0.004551 0.995731 -0.025328
1768847660.303928852 2.737087 3.819046 0.006397 -0.088521 -0.007041 0.994137 -0.061697
1768847660.405030012 2.726549 3.816819 0.005845 -0.088006 -0.010259 0.991339 -0.096932
1768847660.505562782 2.711148 3.814621 0.005556 -0.086374 -0.011791 0.990162 -0.109455
1768847660.604299068 2.693695 3.811533 0.004994 -0.086101 -0.012073 0.989494 -0.115509
1768847660.703747034 2.674937 3.807792 0.004819 -0.085680 -0.011254 0.989271 -0.117791
1768847660.804728031 2.656096 3.803874 0.004786 -0.086181 -0.011521 0.989000 -0.119660
1768847660.904901028 2.637372 3.799757 0.004019 -0.087307 -0.009311 0.988779 -0.120861
1768847661.004070520 2.618955 3.795926 0.003216 -0.089633 -0.007708 0.988609 -0.120663
1768847661.103921890 2.600292 3.792040 0.003465 -0.089299 -0.006873 0.988693 -0.120271
1768847661.204489470 2.581906 3.788057 0.003522 -0.089564 -0.007155 0.988665 -0.120284
1768847661.304041147 2.563136 3.784022 0.004394 -0.089167 -0.007018 0.988742 -0.119957
1768847661.403993607 2.544479 3.780050 0.003925 -0.089410 -0.007257 0.988735 -0.119814
1768847661.504232883 2.525229 3.775974 0.004786 -0.088796 -0.007044 0.988759 -0.120089
1768847661.603953123 2.505867 3.771271 0.003999 -0.089222 -0.007052 0.988436 -0.122407
1768847661.705854416 2.486938 3.766077 0.004593 -0.088639 -0.007647 0.987136 -0.132845
1768847661.803697109 2.469681 3.760746 0.005188 -0.088184 -0.009084 0.984662 -0.150276
1768847661.904227972 2.453554 3.754650 0.005055 -0.087481 -0.011346 0.980929 -0.173195
1768847662.004594803 2.438529 3.747879 0.004184 -0.086996 -0.013591 0.975849 -0.199916
1768847662.104556084 2.425297 3.740913 0.003391 -0.086195 -0.015316 0.969121 -0.230524
1768847662.203994989 2.413885 3.733635 0.002860 -0.085384 -0.018040 0.960424 -0.264519
1768847662.305375338 2.403831 3.725638 0.002462 -0.084405 -0.021432 0.948730 -0.303853
1768847662.404100180 2.396060 3.718181 0.002503 -0.082947 -0.025162 0.934475 -0.345315
1768847662.504162073 2.390298 3.711579 0.002898 -0.081193 -0.029252 0.917217 -0.388928
1768847662.604014397 2.379654 3.701121 0.002682 -0.080499 -0.030015 0.910079 -0.405433
1768847662.704047680 2.365814 3.686244 0.002574 -0.079861 -0.030544 0.909927 -0.405859
1768847662.803968906 2.352653 3.672135 0.003325 -0.080378 -0.029846 0.909704 -0.406310
1768847662.904102802 2.339370 3.657570 0.003164 -0.079218 -0.030240 0.909832 -0.406221
1768847663.004269838 2.325758 3.642435 0.003492 -0.080315 -0.029767 0.908917 -0.408086
1768847663.104149580 2.312733 3.627289 0.003331 -0.081001 -0.030324 0.905346 -0.415774
1768847663.203991413 2.300329 3.611969 0.002874 -0.081719 -0.032197 0.898237 -0.430646
1768847663.304176807 2.289796 3.597423 0.002728 -0.080632 -0.033720 0.888394 -0.450685
1768847663.404751301 2.280658 3.583126 0.002669 -0.079673 -0.035579 0.876260 -0.473872
1768847663.504032612 2.273439 3.569949 0.002401 0.078551 0.038876 -0.861077 0.500865
1768847663.604186773 2.267864 3.557383 0.002769 0.076865 0.041047 -0.842708 0.531272
1768847663.704050303 2.263845 3.545544 0.002762 0.074868 0.043664 -0.821106 0.564157
1768847663.804010868 2.261582 3.535142 0.002426 0.072623 0.046697 -0.796403 0.598572
1768847663.904104471 2.257630 3.521064 0.002180 0.070950 0.047792 -0.785161 0.613354
1768847664.004878998 2.252348 3.501922 0.002134 0.071438 0.047925 -0.784926 0.613589
1768847664.104006529 2.246886 3.483419 0.003397 0.070911 0.048252 -0.784940 0.613606
1768847664.204147339 2.241612 3.464653 0.003624 0.071758 0.048280 -0.784748 0.613750
1768847664.304040670 2.236669 3.445311 0.004383 0.071219 0.048736 -0.784444 0.614166
1768847664.404031277 2.231627 3.425852 0.003551 0.072426 0.049304 -0.783935 0.614630
1768847664.503686190 2.227034 3.406748 0.004037 0.071792 0.049053 -0.783703 0.615020
1768847664.604269028 2.222590 3.387864 0.003572 0.072639 0.050045 -0.783504 0.615094
1768847664.704182625 2.217798 3.369295 0.004519 0.072443 0.049327 -0.783597 0.615056
1768847664.804830551 2.212871 3.350470 0.004647 0.072722 0.050679 -0.782904 0.615796
1768847664.904308319 2.208501 3.331910 0.005096 0.072577 0.050633 -0.778234 0.621708
1768847665.004227877 2.204912 3.314081 0.004923 0.071082 0.051953 -0.767161 0.635384
1768847665.104184389 2.202130 3.297054 0.005041 0.069456 0.052708 -0.756100 0.648622
1768847665.204674244 2.198757 3.277920 0.004791 0.068961 0.053782 -0.754219 0.650773
1768847665.304154634 2.195265 3.258251 0.004211 0.069651 0.052720 -0.753758 0.651320
1768847665.404137611 2.192100 3.238368 0.003813 0.069102 0.053376 -0.753627 0.651478
1768847665.504369497 2.188587 3.219656 0.004190 0.070160 0.053099 -0.753221 0.651856
1768847665.604088783 2.185489 3.200421 0.004191 0.069618 0.053127 -0.753240 0.651890
1768847665.704243422 2.182712 3.180468 0.003964 0.070365 0.053249 -0.751766 0.653499
1768847665.804142714 2.181081 3.160863 0.004117 0.070049 0.054220 -0.745306 0.660812
1768847665.904241800 2.179814 3.141775 0.002788 0.069329 0.055666 -0.732654 0.674769
1768847666.004191875 2.179328 3.124201 0.002972 0.067219 0.057299 -0.717393 0.691047
1768847666.104103327 2.179546 3.109409 0.004287 0.065345 0.057991 -0.700551 0.708234
1768847666.204112291 2.179606 3.091849 0.004138 0.064097 0.058941 -0.694612 0.714095
1768847666.304387331 2.179937 3.071601 0.004172 0.064724 0.058360 -0.694989 0.713719
1768847666.404147625 2.180224 3.052225 0.004819 0.064188 0.058845 -0.695825 0.712913
1768847666.504284859 2.180330 3.033017 0.005206 0.065221 0.058706 -0.697288 0.711400
1768847666.604217768 2.180250 3.014447 0.005846 0.064869 0.059023 -0.699031 0.709693
1768847666.704268456 2.180221 2.995548 0.006564 0.065923 0.058753 -0.700907 0.707765
1768847666.804136992 2.180422 2.976581 0.006739 0.065523 0.059009 -0.702745 0.705956
1768847666.904197454 2.180521 2.957272 0.007380 0.066189 0.058578 -0.704737 0.703942
1768847667.004171848 2.180760 2.937907 0.007125 0.065733 0.058640 -0.706843 0.701865
1768847667.104172945 2.180667 2.918905 0.006919 0.065807 0.057789 -0.708809 0.699943
1768847667.206354380 2.180535 2.899729 0.006453 0.065849 0.057470 -0.711369 0.697363
1768847667.304349661 2.180181 2.881628 0.007207 0.065388 0.056770 -0.714040 0.694729
1768847667.404167175 2.179791 2.863279 0.007390 0.065937 0.056616 -0.717110 0.691521
1768847667.504269838 2.179360 2.845319 0.007325 0.065196 0.055832 -0.720912 0.687690
1768847667.604131222 2.178812 2.830146 0.007225 0.066900 0.056508 -0.724039 0.684178
1768847667.704300880 2.178870 2.830028 0.007300 0.065886 0.055866 -0.724735 0.683591
1768847667.805465698 2.179010 2.830120 0.007221 0.066072 0.055869 -0.724864 0.683437
1768847667.904139280 2.179252 2.829971 0.007093 0.066167 0.055674 -0.724855 0.683452
1768847668.005531311 2.179337 2.830516 0.006986 0.066452 0.055809 -0.724587 0.683698
1768847668.104408026 2.179279 2.834072 0.007111 0.067025 0.055337 -0.725188 0.683043
1768847668.204314947 2.179514 2.839045 0.007230 0.067477 0.055984 -0.725260 0.682869
1768847668.304160595 2.179812 2.845360 0.007403 0.067417 0.056208 -0.725754 0.682332
1768847668.404270411 2.180332 2.854271 0.007295 0.067517 0.056832 -0.725873 0.682144
1768847668.504312754 2.180854 2.864558 0.007226 0.068485 0.056562 -0.726302 0.681613
1768847668.605334282 2.181865 2.877227 0.006896 0.068566 0.056612 -0.726613 0.681269
1768847668.704356909 2.183256 2.890977 0.006442 0.068910 0.056723 -0.727020 0.680791
1768847668.804239988 2.184829 2.906503 0.006423 0.068613 0.057527 -0.727386 0.680363
1768847668.904349089 2.186201 2.924053 0.006456 0.069518 0.057206 -0.727706 0.679955
1768847669.004354715 2.187378 2.943218 0.005878 0.069547 0.057550 -0.728224 0.679368
1768847669.104238272 2.189106 2.964523 0.005394 0.069759 0.056602 -0.728229 0.679421
1768847669.204189777 2.191175 2.987561 0.005227 0.069392 0.056800 -0.728097 0.679583
1768847669.304257393 2.193033 3.011984 0.005020 0.069284 0.056559 -0.728228 0.679474
1768847669.403467894 2.195010 3.037340 0.004540 0.068781 0.056742 -0.728267 0.679468
1768847669.504204988 2.197235 3.063171 0.004890 0.068604 0.056753 -0.728452 0.679287
1768847669.605655670 2.199325 3.087916 0.005102 0.066770 0.055474 -0.728722 0.679286
1768847669.704261303 2.199771 3.092083 0.004930 0.067853 0.056049 -0.728647 0.679211
1768847669.802480459 2.199645 3.092231 0.005272 0.067703 0.056137 -0.728540 0.679334
1768847669.904364586 2.199734 3.092225 0.005492 0.067599 0.056301 -0.727832 0.680089
1768847670.004512548 2.199774 3.092019 0.006000 0.067197 0.056947 -0.722310 0.685938
1768847670.104412556 2.200085 3.091759 0.005697 0.066550 0.058612 -0.709986 0.698610
1768847670.204482079 2.200955 3.091781 0.005903 0.064100 0.059187 -0.692657 0.715971
1768847670.305603981 2.201945 3.092061 0.006325 0.061806 0.061003 -0.667326 0.739686
1768847670.404367447 2.203145 3.092665 0.006537 0.059151 0.063171 -0.637094 0.765913
1768847670.505201340 2.205211 3.094318 0.006723 0.056910 0.064951 -0.611951 0.786167
1768847670.604355812 2.207131 3.095375 0.006705 0.055956 0.065335 -0.605482 0.791197
1768847670.703882694 2.207447 3.095062 0.006542 0.055909 0.065305 -0.605454 0.791223
1768847670.804369926 2.207194 3.093281 0.006267 0.056070 0.064394 -0.608923 0.788621
1768847670.904693604 2.210212 3.079079 0.005961 0.056697 0.064523 -0.618943 0.780726
1768847671.004386663 2.214152 3.059880 0.006227 0.057857 0.064371 -0.620000 0.779814
1768847671.107306242 2.218411 3.040327 0.006637 0.057479 0.064638 -0.620200 0.779660
1768847671.207184315 2.222076 3.021365 0.006878 0.058436 0.064829 -0.620226 0.779553
1768847671.304340363 2.226295 3.002920 0.007418 0.057701 0.065078 -0.620329 0.779504
1768847671.404376984 2.230525 2.983592 0.007335 0.058095 0.065234 -0.620259 0.779518
1768847671.504330635 2.235102 2.964782 0.007671 0.057474 0.065195 -0.619889 0.779862
1768847671.604515553 2.239312 2.945351 0.007656 0.057492 0.065027 -0.619697 0.780027
1768847671.704441547 2.243746 2.926156 0.007809 0.057305 0.064759 -0.619693 0.780066
1768847671.804270267 2.248182 2.907250 0.007576 0.057194 0.064560 -0.619855 0.779962
1768847671.904287577 2.252453 2.888360 0.007500 0.057085 0.063905 -0.620126 0.779809
1768847672.004622459 2.256581 2.869373 0.007619 0.056486 0.064153 -0.620224 0.779754
1768847672.104524612 2.260386 2.850785 0.008350 0.056737 0.063305 -0.620299 0.779745
1768847672.204597712 2.264281 2.831927 0.008725 0.055894 0.063377 -0.620426 0.779699
1768847672.304424524 2.268037 2.812790 0.008807 0.056528 0.062757 -0.620398 0.779726
1768847672.404375076 2.272126 2.794014 0.008769 0.055505 0.063297 -0.620575 0.779615
1768847672.505816698 2.276662 2.774683 0.008754 0.056019 0.062918 -0.620225 0.779887
1768847672.604433060 2.281328 2.756142 0.008206 0.054875 0.063131 -0.620090 0.780059
1768847672.705610275 2.285959 2.737435 0.008561 0.055476 0.063234 -0.619762 0.780268
1768847672.804410696 2.290143 2.718550 0.008533 0.055193 0.063424 -0.619889 0.780172
1768847672.904565573 2.294202 2.699780 0.009092 0.055291 0.063566 -0.620080 0.780002
1768847673.005440712 2.298478 2.680681 0.009130 0.055457 0.063430 -0.620144 0.779950
1768847673.104489088 2.302356 2.662024 0.009048 0.054847 0.063719 -0.619950 0.780124
1768847673.204498291 2.306491 2.643151 0.009366 0.055495 0.062854 -0.619760 0.780299
1768847673.305673838 2.310702 2.623881 0.009334 0.054699 0.063291 -0.619725 0.780348
1768847673.404376030 2.314574 2.605295 0.009431 0.055783 0.062367 -0.619579 0.780462
1768847673.504494190 2.318805 2.586490 0.009350 0.054660 0.063269 -0.619617 0.780438
1768847673.604477406 2.322559 2.567514 0.009730 0.055885 0.062711 -0.619144 0.780772
1768847673.704645157 2.327046 2.548425 0.009957 0.054776 0.063523 -0.619039 0.780868
1768847673.804546595 2.331000 2.529218 0.010030 0.055465 0.063120 -0.618720 0.781105
1768847673.908696890 2.335738 2.509433 0.009623 0.055126 0.063258 -0.618929 0.780952
1768847674.004643917 2.339650 2.491072 0.009797 0.055125 0.063636 -0.618928 0.780922
1768847674.105227470 2.344104 2.472324 0.009968 0.055064 0.063500 -0.619344 0.780608
1768847674.207570314 2.348098 2.452996 0.010157 0.055863 0.063923 -0.623596 0.777124
1768847674.305261374 2.351310 2.434463 0.010739 0.056622 0.062633 -0.633618 0.769025
1768847674.403500557 2.353230 2.415874 0.010808 0.058349 0.061528 -0.648315 0.756635
1768847674.503760576 2.354224 2.398230 0.011168 0.060369 0.059915 -0.666526 0.740614
1768847674.605588913 2.354868 2.381796 0.011195 0.062233 0.058091 -0.687428 0.721246
1768847674.704576731 2.354250 2.366218 0.011557 0.064772 0.056170 -0.709537 0.699433
1768847674.804531336 2.353533 2.349249 0.011987 0.064400 0.054969 -0.719498 0.689314
1768847674.904589891 2.352540 2.330292 0.011670 0.064233 0.055337 -0.719718 0.689071
1768847675.004456282 2.351695 2.310805 0.012187 0.064157 0.054962 -0.719294 0.689551
1768847675.104539156 2.350481 2.291761 0.012109 0.064218 0.055324 -0.718841 0.689987
1768847675.204571486 2.349595 2.272556 0.012958 0.063710 0.054728 -0.718562 0.690373
1768847675.304604292 2.348215 2.253315 0.013094 0.063838 0.055237 -0.718579 0.690303
1768847675.404568434 2.346876 2.234464 0.014031 0.063143 0.054532 -0.718456 0.690551
1768847675.504529476 2.345605 2.215057 0.014015 0.063275 0.055257 -0.718467 0.690469
1768847675.602982521 2.344414 2.195950 0.014209 0.062598 0.055030 -0.718610 0.690401
1768847675.704545736 2.343213 2.175858 0.014239 0.062880 0.055626 -0.718776 0.690154
1768847675.804848671 2.342042 2.156548 0.014677 0.062658 0.055269 -0.718921 0.690052
1768847675.904709578 2.340784 2.136838 0.014885 0.062384 0.055543 -0.718906 0.690071
1768847676.004465103 2.339713 2.117677 0.015230 0.062724 0.055538 -0.718665 0.690291
1768847676.104523897 2.338023 2.098606 0.014832 0.062686 0.055221 -0.720264 0.688651
1768847676.204534531 2.335779 2.080460 0.015415 0.062684 0.054532 -0.727263 0.681312
1768847676.304568291 2.333110 2.062191 0.014695 0.063784 0.053625 -0.738470 0.669117
1768847676.404558897 2.329956 2.045107 0.015273 0.065297 0.052098 -0.753690 0.651900
1768847676.504487276 2.325631 2.029201 0.015162 0.067578 0.050166 -0.771214 0.630988
1768847676.603792906 2.321504 2.014880 0.015110 0.068785 0.048225 -0.791114 0.605873
1768847676.705206156 2.316330 2.001429 0.013493 0.071230 0.045636 -0.813215 0.575782
1768847676.804525137 2.310468 1.988274 0.013966 0.072921 0.042757 -0.831747 0.548682
1768847676.904591322 2.303108 1.971842 0.014491 0.073368 0.042512 -0.834373 0.544639
1768847677.008012056 2.294500 1.953970 0.014421 0.073718 0.043120 -0.834663 0.544100
1768847677.104467392 2.287001 1.937572 0.014919 0.073522 0.042587 -0.834662 0.544169
1768847677.204580545 2.278916 1.919877 0.014726 0.073973 0.043334 -0.834817 0.543811
1768847677.304582357 2.270866 1.902151 0.015273 0.073772 0.042672 -0.834729 0.544027
1768847677.404479027 2.262501 1.884227 0.014833 0.074410 0.043755 -0.834580 0.544082
1768847677.506288767 2.253950 1.866284 0.015195 0.074401 0.043166 -0.834536 0.544198
1768847677.604509115 2.245997 1.848599 0.015167 0.074544 0.043887 -0.834684 0.543892
1768847677.704721689 2.237734 1.830596 0.015469 0.075485 0.043843 -0.834883 0.543462
1768847677.804393530 2.229387 1.812646 0.015553 0.075097 0.044157 -0.835244 0.542934
1768847677.904501677 2.221155 1.795186 0.015349 0.076090 0.044353 -0.835333 0.542643
1768847678.004720449 2.213088 1.777479 0.015718 0.075595 0.044417 -0.835526 0.542410
1768847678.104538441 2.204860 1.759888 0.015526 0.076408 0.044500 -0.835567 0.542226
1768847678.207201719 2.196689 1.741814 0.015950 0.075953 0.044194 -0.835499 0.542420
1768847678.304677725 2.188451 1.724601 0.015696 0.076492 0.044576 -0.835438 0.542408
1768847678.405858755 2.180129 1.707352 0.016415 0.076046 0.044203 -0.835332 0.542663
1768847678.504552841 2.171942 1.689564 0.016050 0.076249 0.045315 -0.834919 0.543179
1768847678.604771376 2.163550 1.671797 0.016725 0.075702 0.044521 -0.835053 0.543115
1768847678.704767704 2.155010 1.653720 0.016229 0.075972 0.045543 -0.835012 0.543055
1768847678.804734468 2.147194 1.636219 0.016468 0.075782 0.044449 -0.835382 0.542603
1768847678.904525757 2.138944 1.619181 0.016698 0.076330 0.044793 -0.837719 0.538883
1768847679.004678011 2.130547 1.602440 0.016285 0.076426 0.044236 -0.844323 0.528508
1768847679.104638338 2.121565 1.585982 0.016626 0.077291 0.042611 -0.854445 0.511990
1768847679.203668594 2.111980 1.571777 0.016623 -0.078935 -0.040855 0.866314 -0.491529
1768847679.303870201 2.102500 1.558817 0.016520 -0.080327 -0.038180 0.880079 -0.466424
1768847679.404342651 2.092678 1.547334 0.016312 -0.081691 -0.035630 0.894876 -0.437326
1768847679.504702806 2.082571 1.537001 0.016540 -0.083010 -0.032672 0.910643 -0.403450
1768847679.604158401 2.072151 1.527729 0.016883 -0.083417 -0.029153 0.924906 -0.369785
1768847679.704651356 2.059117 1.515859 0.016786 -0.085303 -0.028362 0.927665 -0.362431
1768847679.804621458 2.045184 1.502689 0.016458 -0.084840 -0.029428 0.927579 -0.362676
1768847679.904641390 2.030632 1.489814 0.017183 -0.085145 -0.028144 0.927436 -0.363072
1768847680.004746199 2.017002 1.476629 0.016515 -0.084975 -0.029287 0.927180 -0.363673
1768847680.104691982 2.002488 1.463705 0.016868 -0.084932 -0.028129 0.927082 -0.364024
1768847680.204577208 1.988354 1.450707 0.016579 -0.085537 -0.028711 0.927021 -0.363994
1768847680.304580450 1.973833 1.437987 0.016466 -0.085390 -0.028092 0.927011 -0.364101
1768847680.404717445 1.959341 1.424807 0.015915 -0.086330 -0.028400 0.926996 -0.363893
1768847680.505733252 1.944944 1.411869 0.016051 -0.085920 -0.028340 0.927134 -0.363644
1768847680.604601622 1.930157 1.398974 0.015868 -0.086831 -0.027996 0.927271 -0.363105
1768847680.704200506 1.916044 1.385995 0.015749 -0.086293 -0.028494 0.927381 -0.362915
1768847680.803584099 1.901351 1.372808 0.015909 -0.087305 -0.028055 0.927258 -0.363021
1768847680.904606819 1.886680 1.359732 0.015916 -0.086610 -0.028614 0.927144 -0.363433
1768847681.003760099 1.871912 1.346914 0.015668 -0.086983 -0.028012 0.926851 -0.364138
1768847681.104997396 1.857285 1.333979 0.015468 -0.086382 -0.028541 0.926797 -0.364377
1768847681.203638077 1.842821 1.320990 0.015555 -0.086410 -0.027692 0.926649 -0.364813
1768847681.304739237 1.828784 1.307815 0.015469 -0.086383 -0.027947 0.926571 -0.364998
1768847681.404631615 1.814290 1.294919 0.015591 -0.086162 -0.027603 0.926564 -0.365093
1768847681.504699469 1.799755 1.282232 0.015430 -0.085922 -0.027919 0.926679 -0.364834
1768847681.605435133 1.785269 1.268971 0.015797 -0.085139 -0.027675 0.926865 -0.364563
1768847681.705369949 1.770906 1.255444 0.015364 -0.085691 -0.027938 0.926962 -0.364168
1768847681.803981304 1.757112 1.242532 0.015456 -0.085214 -0.028210 0.926953 -0.364281
1768847681.904620886 1.742189 1.228771 0.015205 -0.085815 -0.028494 0.926901 -0.364250
1768847682.004865646 1.728372 1.215481 0.014823 -0.085698 -0.029016 0.926611 -0.364973
1768847682.104899645 1.713889 1.202111 0.014943 -0.086398 -0.028872 0.926466 -0.365189
1768847682.204682589 1.699866 1.189352 0.014599 -0.086310 -0.029593 0.927321 -0.362974
1768847682.307502031 1.684259 1.176268 0.014927 -0.086827 -0.027987 0.930970 -0.353516
1768847682.404767036 1.669975 1.164893 0.014779 -0.087814 -0.026764 0.937074 -0.336845
1768847682.504813194 1.655761 1.154626 0.014489 -0.088729 -0.025320 0.944349 -0.315739
1768847682.604770899 1.641860 1.146106 0.014394 -0.089750 -0.023735 0.952383 -0.290429
1768847682.704704285 1.628390 1.138770 0.014037 -0.091591 -0.021073 0.960796 -0.260840
1768847682.804690838 1.616056 1.133236 0.013991 -0.092301 -0.018288 0.969539 -0.226142
1768847682.904847145 1.604470 1.128579 0.013995 -0.093279 -0.015304 0.977863 -0.186681
1768847683.004786968 1.593106 1.125479 0.013750 -0.094239 -0.011069 0.985271 -0.142259
1768847683.104856968 1.582448 1.124806 0.013959 -0.094677 -0.007387 0.991174 -0.092496
1768847683.204851151 1.572051 1.125257 0.013628 -0.095018 -0.002936 0.994677 -0.039764
1768847683.309668779 1.559953 1.127377 0.013191 -0.094555 0.001187 0.995463 0.010520
1768847683.407290697 1.543351 1.128241 0.012591 -0.095077 0.001293 0.995241 0.021299
1768847683.504740715 1.524826 1.129202 0.012639 -0.095453 0.002109 0.995182 0.022287
1768847683.606789589 1.505165 1.130223 0.012402 -0.095719 0.001444 0.995144 0.022895
1768847683.704921722 1.486594 1.130947 0.012619 -0.095544 0.002362 0.995157 0.022991
1768847683.804774761 1.467118 1.131544 0.012739 -0.095529 0.001564 0.995162 0.022887
1768847683.904714108 1.447649 1.132676 0.012465 -0.095914 0.002680 0.995126 0.022759
1768847684.004799843 1.428072 1.133716 0.011905 -0.095469 0.001692 0.995173 0.022673
1768847684.103717804 1.408631 1.134799 0.011553 -0.095620 0.002493 0.995166 0.022246
1768847684.204771042 1.389043 1.135560 0.010979 -0.095597 0.001709 0.995171 0.022189
1768847684.302913427 1.370102 1.136833 0.010759 -0.095708 0.002197 0.995156 0.022332
1768847684.404508829 1.350013 1.137914 0.011142 -0.095786 0.001995 0.995130 0.023169
1768847684.503642559 1.330493 1.139206 0.010826 -0.096187 0.002154 0.995088 0.023296
1768847684.604805946 1.310707 1.139808 0.010491 -0.096128 0.002086 0.995185 0.019003
1768847684.704807520 1.291229 1.139930 0.010447 -0.096087 0.001061 0.995361 0.004801
1768847684.804950953 1.273002 1.139437 0.009998 -0.096056 -0.000587 0.995256 -0.015422
1768847684.904839754 1.254004 1.138854 0.010366 -0.095836 -0.001520 0.995161 -0.021639
1768847685.005377531 1.234181 1.138403 0.009996 -0.096157 -0.001014 0.995110 -0.022541
1768847685.104133844 1.214815 1.137880 0.009970 -0.095931 -0.001528 0.995125 -0.022808
1768847685.204825640 1.195226 1.137200 0.009848 -0.096372 -0.000746 0.995076 -0.023138
1768847685.304826021 1.175406 1.136513 0.009216 -0.096065 -0.001866 0.995102 -0.023220
1768847685.404365063 1.155563 1.135898 0.009373 -0.096449 -0.000978 0.994989 -0.026342
1768847685.505122900 1.136484 1.134186 0.009045 -0.096550 -0.001867 0.994605 -0.037877
1768847685.604788780 1.116621 1.132958 0.008443 -0.096649 -0.003278 0.994376 -0.043174
1768847685.704768658 1.096537 1.131763 0.007515 -0.096409 -0.002900 0.994365 -0.043980
1768847685.804750443 1.076985 1.130444 0.007221 -0.096492 -0.003326 0.994330 -0.044562
1768847685.903824568 1.057356 1.129385 0.007435 -0.096108 -0.003254 0.994345 -0.045066
1768847686.005871534 1.037839 1.127995 0.007592 -0.096109 -0.003156 0.994302 -0.046015
1768847686.103459835 1.019122 1.126698 0.007560 -0.095599 -0.003303 0.994329 -0.046478
1768847686.204776764 0.999720 1.125016 0.006519 -0.096139 -0.002839 0.994258 -0.046909
1768847686.304875851 0.980917 1.123535 0.006671 -0.095697 -0.003096 0.994301 -0.046877
1768847686.405152559 0.961565 1.121853 0.006266 -0.096118 -0.002633 0.994244 -0.047255
1768847686.505229473 0.942290 1.120469 0.006555 -0.095738 -0.003067 0.994267 -0.047510
1768847686.606128693 0.922471 1.118880 0.005979 -0.096239 -0.002505 0.994221 -0.047507
1768847686.704493999 0.903432 1.117257 0.005465 -0.095824 -0.003271 0.994270 -0.047258
1768847686.805578232 0.883886 1.115591 0.005528 -0.096003 -0.002620 0.994250 -0.047359
1768847686.907493591 0.864204 1.113473 0.005042 -0.095847 -0.003688 0.994251 -0.047594
1768847687.004895687 0.844754 1.111973 0.005058 -0.096046 -0.003013 0.994208 -0.048122
1768847687.104906797 0.824730 1.110084 0.003682 -0.095839 -0.003454 0.994192 -0.048848
1768847687.204943419 0.804350 1.108238 0.003989 -0.095381 -0.003313 0.994036 -0.052757
1768847687.305430889 0.785108 1.105490 0.004000 -0.095723 -0.004199 0.993304 -0.064552
1768847687.404986620 0.766384 1.102400 0.003544 -0.095427 -0.005751 0.991862 -0.084091
1768847687.504932404 0.749724 1.099180 0.003386 -0.095010 -0.007714 0.989480 -0.108823
1768847687.605434418 0.734011 1.094639 0.003433 -0.094938 -0.010115 0.985940 -0.137139
1768847687.704813480 0.719284 1.089075 0.002935 -0.094236 -0.012638 0.981066 -0.168727
1768847687.804157972 0.707004 1.082939 0.002296 -0.093900 -0.015837 0.973922 -0.205933
1768847687.904917002 0.695912 1.075873 0.002528 -0.092608 -0.019757 0.964294 -0.247328
1768847688.004941463 0.687515 1.068911 0.002678 -0.090733 -0.023213 0.951695 -0.292414
1768847688.104845524 0.680719 1.061805 0.002863 -0.088685 -0.027241 0.935458 -0.341045
1768847688.204896927 0.674775 1.055499 0.003713 -0.085879 -0.031125 0.918198 -0.385446
1768847688.306448221 0.663397 1.044169 0.003652 -0.084708 -0.032561 0.911876 -0.400308
1768847688.404930353 0.649424 1.028942 0.002401 -0.085555 -0.033793 0.910022 -0.404225
1768847688.503698111 0.636547 1.013882 0.002447 -0.084838 -0.033983 0.905082 -0.415300
1768847688.604139328 0.624631 0.998899 0.002057 -0.084051 -0.035969 0.896455 -0.433601
1768847688.704032421 0.614658 0.984368 0.002361 -0.082947 -0.038247 0.885856 -0.454881
1768847688.804079533 0.605641 0.970026 0.002576 -0.081870 -0.040358 0.872899 -0.479287
1768847688.904961824 0.598814 0.956756 0.002472 0.080358 0.042274 -0.856598 0.507933
1768847689.004864216 0.593405 0.943852 0.002555 0.078528 0.044844 -0.837575 0.538786
1768847689.103909016 0.589689 0.932730 0.002406 0.076641 0.047919 -0.815930 0.571042
1768847689.203945637 0.584790 0.919715 0.003250 0.074390 0.048780 -0.803781 0.588237
1768847689.304450274 0.578207 0.901569 0.002904 0.075661 0.049233 -0.803073 0.589004
1768847689.405698776 0.571467 0.883319 0.003267 0.074799 0.048852 -0.803262 0.588888
1768847689.505775213 0.565237 0.865148 0.003183 0.075471 0.047818 -0.803200 0.588971
1768847689.604247808 0.559250 0.847487 0.003368 0.074371 0.047677 -0.803097 0.589264
1768847689.706527710 0.552941 0.829005 0.003291 0.074578 0.047156 -0.802950 0.589479
1768847689.805023193 0.547202 0.810986 0.003026 0.074222 0.047837 -0.802952 0.589467
1768847689.904428244 0.540670 0.792584 0.003184 0.074422 0.047483 -0.803267 0.589041
1768847690.003882885 0.534644 0.774124 0.002943 0.074324 0.048554 -0.803642 0.588453
1768847690.104903936 0.528094 0.755109 0.003178 0.074460 0.047899 -0.803625 0.588513
1768847690.209103107 0.521713 0.735914 0.002763 0.074778 0.048540 -0.803871 0.588084
1768847690.303055525 0.516132 0.718670 0.003154 0.074758 0.048151 -0.803635 0.588442
1768847690.405104399 0.509570 0.699450 0.002837 0.075594 0.048727 -0.803544 0.588412
1768847690.505060434 0.503004 0.680972 0.003245 0.075789 0.048204 -0.803566 0.588400
1768847690.604916573 0.496057 0.662322 0.003217 0.076876 0.048380 -0.803250 0.588675
1768847690.706820965 0.489703 0.643430 0.002772 0.076564 0.049019 -0.802959 0.589060
1768847690.807002306 0.483233 0.624795 0.002494 0.077475 0.048637 -0.802742 0.589269
1768847690.903656721 0.477541 0.606840 0.001748 0.077067 0.049086 -0.802812 0.589189
1768847691.003633022 0.471238 0.588422 0.001512 0.078036 0.048532 -0.803043 0.588792
1768847691.103715181 0.464844 0.570004 0.001155 0.077481 0.049277 -0.803410 0.588303
1768847691.203825474 0.458349 0.551899 0.001544 0.077936 0.048486 -0.803354 0.588386
1768847691.305105686 0.452070 0.533089 0.001104 0.077785 0.048831 -0.803575 0.588074
1768847691.405605555 0.445757 0.514984 0.001401 0.077881 0.048078 -0.803434 0.588317
1768847691.505005836 0.439161 0.496245 0.000950 0.078318 0.048702 -0.803416 0.588233
1768847691.604291201 0.432424 0.477863 0.001538 0.078061 0.048231 -0.803454 0.588253
1768847691.703983545 0.426344 0.459240 0.000613 0.078829 0.048613 -0.803067 0.588648
1768847691.806479931 0.420175 0.440141 0.000658 0.078415 0.048514 -0.802972 0.588841
1768847691.904265404 0.413668 0.421905 0.000303 0.079534 0.048210 -0.802796 0.588955
1768847692.003818512 0.407446 0.403474 0.000287 0.078998 0.048844 -0.803093 0.588571
1768847692.105535269 0.400528 0.384575 0.000041 0.080000 0.048435 -0.803035 0.588548
1768847692.205110788 0.394640 0.366126 -0.000410 0.079678 0.049186 -0.803244 0.588244
1768847692.303708553 0.388435 0.348114 -0.000415 0.080477 0.048406 -0.803035 0.588485
1768847692.403801441 0.382589 0.329679 -0.000920 0.080148 0.049291 -0.802438 0.589271
1768847692.504888058 0.377120 0.310883 -0.000900 0.079323 0.048906 -0.798095 0.595282
1768847692.605223894 0.372297 0.292528 -0.001058 0.078651 0.050539 -0.787955 0.608594
1768847692.705216408 0.368468 0.274984 -0.001020 0.076815 0.052151 -0.774060 0.626267
1768847692.804656267 0.366294 0.258095 -0.001424 0.074994 0.054223 -0.756773 0.647094
1768847692.905039549 0.365014 0.242685 -0.001115 0.072567 0.055665 -0.735488 0.671337
1768847693.004146099 0.365088 0.228275 -0.001345 0.070433 0.057739 -0.711183 0.697083
1768847693.104112148 0.366813 0.215777 -0.001417 0.067518 0.060049 -0.681961 0.725786
1768847693.205012083 0.369326 0.203932 -0.001044 0.064444 0.062126 -0.648858 0.755626
1768847693.303557158 0.372773 0.194458 -0.000541 0.060893 0.063948 -0.611849 0.786030
1768847693.403686285 0.376886 0.185798 -0.000318 0.056604 0.066908 -0.569618 0.817224
1768847693.505399704 0.381998 0.178369 -0.000199 0.051876 0.068393 -0.524479 0.847085
1768847693.603665113 0.387435 0.171622 -0.000098 0.047583 0.071152 -0.479094 0.873580
1768847693.704426289 0.393964 0.165297 0.000232 0.043077 0.072364 -0.430983 0.898421
1768847693.804161072 0.400976 0.159969 0.000312 0.038016 0.074507 -0.382848 0.920017
1768847693.904085636 0.408550 0.155437 0.000535 0.033705 0.075581 -0.333654 0.939056
1768847694.004000902 0.416719 0.149270 0.000493 0.029322 0.076156 -0.297244 0.951308
1768847694.106452703 0.432046 0.138144 0.001154 0.029390 0.076083 -0.290800 0.953301
1768847694.206435680 0.448870 0.126671 0.001054 0.029119 0.076621 -0.290386 0.953393
1768847694.304126263 0.465163 0.115372 0.001380 0.029102 0.076474 -0.289077 0.953803
1768847694.403158903 0.481532 0.104771 0.001197 0.028544 0.076868 -0.281809 0.955960
1768847694.505209684 0.498444 0.094485 0.001909 0.026626 0.078107 -0.266804 0.960212
1768847694.603707790 0.514772 0.086123 0.001829 0.024897 0.078370 -0.246513 0.965645
1768847694.704061270 0.530515 0.079424 0.002003 0.023030 0.078513 -0.222443 0.971506
1768847694.803628445 0.544906 0.073637 0.002238 0.020048 0.079357 -0.192723 0.977834
1768847694.904536009 0.558845 0.069089 0.002816 0.016696 0.079444 -0.158056 0.984087
1768847695.003123760 0.570854 0.066651 0.002839 0.012643 0.079826 -0.120068 0.989470
1768847695.104192734 0.581768 0.065319 0.003028 0.008296 0.079503 -0.078348 0.993716
1768847695.203736544 0.598965 0.062116 0.003800 0.006536 0.079627 -0.068249 0.994464
1768847695.304361582 0.618710 0.058762 0.003605 0.007664 0.079416 -0.067451 0.994527
1768847695.405391932 0.638483 0.055965 0.004664 0.006966 0.079144 -0.066792 0.994599
1768847695.503644943 0.658044 0.053231 0.003890 0.007636 0.079494 -0.065484 0.994653
1768847695.603758097 0.678169 0.051360 0.004951 0.006273 0.079862 -0.058701 0.995056
1768847695.703597069 0.697426 0.049985 0.004944 0.005096 0.079707 -0.043097 0.995873
1768847695.803762197 0.716557 0.049244 0.005736 0.003060 0.079792 -0.022693 0.996548
1768847695.905174494 0.733221 0.049032 0.005875 0.000461 0.079946 0.003382 0.996793
1768847696.003643274 0.748568 0.050320 0.006063 -0.002044 0.079387 0.032724 0.996305
1768847696.104023933 0.762763 0.052172 0.005740 -0.005412 0.079445 0.061863 0.994903
1768847696.203948736 0.781685 0.054337 0.005766 -0.005097 0.080113 0.067333 0.994496
1768847696.303680182 0.786679 0.055169 0.005561 -0.005870 0.079759 0.067285 0.994523
1768847696.405286074 0.786718 0.055154 0.005844 -0.005869 0.080063 0.067475 0.994486
1768847696.503636599 0.786374 0.055163 0.006103 -0.005778 0.079987 0.067453 0.994494
1768847696.604038954 0.786542 0.055301 0.005732 -0.005869 0.080056 0.067425 0.994490
1768847696.704337835 0.786430 0.055540 0.005986 -0.005845 0.079940 0.067406 0.994501
1768847696.803890705 0.786216 0.055593 0.005865 -0.005877 0.080081 0.067585 0.994477
1768847696.905593395 0.786367 0.055628 0.005953 -0.005739 0.080049 0.067433 0.994491
1768847697.004551172 0.786482 0.055106 0.005989 -0.005870 0.080035 0.067388 0.994494
1768847697.104185104 0.786413 0.055020 0.005815 -0.005836 0.079943 0.067330 0.994506
1768847697.204585552 0.786533 0.054754 0.005976 -0.005814 0.080006 0.067442 0.994493
1768847697.304938316 0.786838 0.054737 0.005907 -0.005852 0.079930 0.067295 0.994509
1768847697.404290676 0.786863 0.054254 0.006097 -0.005903 0.080083 0.067420 0.994488
1768847697.504164934 0.786928 0.054343 0.005807 -0.005909 0.079899 0.067356 0.994507
1768847697.604192019 0.785333 0.053861 0.005982 -0.005553 0.080615 0.067283 0.994456
1768847697.704514742 0.781817 0.053601 0.005819 -0.005285 0.080868 0.066980 0.994458
1768847697.803668499 0.776704 0.053122 0.005956 -0.006075 0.080813 0.067005 0.994456
1768847697.905019760 0.769263 0.052375 0.005472 -0.005141 0.080990 0.066700 0.994467
1768847698.005769491 0.760191 0.051388 0.005537 -0.005260 0.080679 0.066630 0.994497
1768847698.106292486 0.749602 0.050418 0.004942 -0.005600 0.080604 0.066377 0.994518
1768847698.204032660 0.737274 0.048903 0.004629 -0.005836 0.080655 0.066158 0.994527
1768847698.304287672 0.722773 0.047175 0.004744 -0.005401 0.080750 0.065779 0.994547
1768847698.404613972 0.706469 0.045193 0.003589 -0.004686 0.080722 0.065473 0.994573
1768847698.504522085 0.688450 0.043309 0.004101 -0.005943 0.080707 0.065519 0.994564
1768847698.604675293 0.668622 0.041116 0.003433 -0.005060 0.080817 0.064985 0.994595
1768847698.706323385 0.646958 0.038543 0.003087 -0.006091 0.080666 0.065074 0.994596
1768847698.804482222 0.624540 0.035899 0.002694 -0.006690 0.080579 0.064622 0.994629
1768847698.903836727 0.599440 0.033061 0.002696 -0.006579 0.080609 0.064660 0.994625
1768847699.006559610 0.573033 0.029912 0.002162 -0.006872 0.080493 0.064344 0.994652
1768847699.103883743 0.548261 0.027140 0.001569 -0.006831 0.080608 0.064067 0.994661
1768847699.204581499 0.522597 0.024063 0.001466 -0.006759 0.080681 0.064069 0.994656
1768847699.304215908 0.497219 0.021330 0.001060 -0.007034 0.080847 0.063993 0.994645
1768847699.403877735 0.471812 0.018614 -0.000013 -0.007288 0.081152 0.064374 0.994594
1768847699.504056692 0.446544 0.016070 -0.000657 -0.007465 0.081504 0.064670 0.994545
1768847699.604096651 0.421040 0.012818 -0.000610 -0.007743 0.081420 0.064899 0.994535
1768847699.703817368 0.395776 0.009799 -0.000357 -0.007816 0.081316 0.064654 0.994558
1768847699.804656982 0.370126 0.006730 -0.000736 -0.007724 0.081872 0.064704 0.994510
1768847699.903752804 0.345248 0.003695 -0.001415 -0.007293 0.082178 0.064191 0.994522
1768847700.003294468 0.320096 0.000787 -0.001677 -0.007393 0.082424 0.063849 0.994522
1768847700.103859663 0.294445 -0.001821 -0.001564 -0.007491 0.082836 0.063927 0.994482
1768847700.205425739 0.269078 -0.004756 -0.002302 -0.007463 0.083555 0.063828 0.994429
1768847700.303815365 0.244262 -0.007558 -0.002937 -0.007307 0.083975 0.063440 0.994420
1768847700.403941154 0.218899 -0.010118 -0.003324 -0.007142 0.084573 0.063279 0.994380
1768847700.503928661 0.193594 -0.012944 -0.003633 -0.007185 0.085031 0.062839 0.994369
1768847700.605381489 0.167919 -0.015606 -0.003903 -0.006892 0.085455 0.062384 0.994363
1768847700.704715967 0.142815 -0.018432 -0.004359 -0.006879 0.085889 0.061801 0.994362
1768847700.804530859 0.117369 -0.020944 -0.004121 -0.006797 0.086170 0.061597 0.994351
1768847700.904800415 0.091683 -0.023724 -0.004182 -0.006773 0.086503 0.061536 0.994326
1768847701.003959656 0.066581 -0.026746 -0.005133 -0.006867 0.087076 0.061844 0.994256
1768847701.105519533 0.040977 -0.029661 -0.005254 -0.007206 0.087212 0.061786 0.994246
1768847701.205022812 0.015587 -0.032243 -0.005550 -0.007005 0.087216 0.061642 0.994256
1768847701.304522276 -0.009448 -0.035222 -0.005574 -0.006976 0.087281 0.061300 0.994271
1768847701.405588388 -0.034942 -0.038257 -0.005045 -0.006899 0.087030 0.060946 0.994316
1768847701.505242109 -0.059028 -0.040946 -0.005546 -0.007013 0.087370 0.060701 0.994300
1768847701.603929281 -0.067096 -0.041584 -0.006134 -0.006833 0.086948 0.061233 0.994306
1768847701.703646660 -0.067481 -0.041379 -0.005819 -0.006686 0.086591 0.061419 0.994326
1768847701.803948879 -0.067702 -0.041285 -0.006142 -0.006656 0.086666 0.061410 0.994321
1768847701.903850317 -0.067620 -0.041075 -0.005928 -0.006597 0.086645 0.061360 0.994326
1768847702.004972219 -0.067810 -0.040889 -0.006034 -0.006570 0.086696 0.061424 0.994318
1768847702.104590654 -0.067554 -0.040835 -0.006025 -0.006658 0.086695 0.061342 0.994322
1768847702.204518080 -0.067699 -0.041156 -0.006106 -0.006582 0.086569 0.061288 0.994337
1768847702.304080009 -0.067557 -0.041072 -0.005729 -0.006481 0.086662 0.061301 0.994329
1768847702.404364347 -0.067369 -0.041394 -0.005747 -0.006593 0.086629 0.061280 0.994332
1768847702.506755352 -0.067445 -0.041681 -0.005802 -0.006558 0.086625 0.061234 0.994336
1768847702.604264736 -0.067564 -0.041914 -0.005791 -0.006564 0.086697 0.061334 0.994323
1768847702.703984737 -0.067564 -0.041987 -0.005996 -0.006601 0.086718 0.061330 0.994321
1768847702.803834200 -0.067278 -0.042276 -0.005789 -0.006616 0.086533 0.061322 0.994338
1768847702.904241800 -0.067262 -0.042379 -0.006066 -0.006615 0.086581 0.061326 0.994334
1768847703.004720688 -0.067292 -0.042344 -0.005763 -0.006614 0.086548 0.061398 0.994332
1768847703.106946945 -0.067126 -0.042334 -0.005881 -0.006664 0.086611 0.061423 0.994325
1768847703.204046965 -0.067233 -0.042237 -0.006176 -0.006869 0.086462 0.061301 0.994344
1768847703.303902388 -0.067278 -0.042266 -0.006151 -0.006716 0.086565 0.061290 0.994336
1768847703.405749798 -0.067015 -0.042257 -0.006295 -0.006924 0.086517 0.061285 0.994339
1768847703.504411697 -0.066805 -0.042216 -0.006377 -0.006777 0.086496 0.061324 0.994340
1768847703.604094267 -0.066754 -0.042199 -0.006342 -0.006830 0.086501 0.061334 0.994339
1768847703.704044819 -0.066523 -0.042331 -0.006409 -0.006839 0.086604 0.061395 0.994326
1768847703.804587603 -0.066546 -0.042237 -0.006309 -0.006821 0.086493 0.061295 0.994342
1768847703.904494286 -0.066421 -0.042468 -0.006322 -0.006865 0.086422 0.061259 0.994350
1768847704.003723383 -0.065978 -0.042229 -0.006088 -0.006820 0.086511 0.061200 0.994346
1768847704.103778839 -0.065973 -0.042313 -0.006163 -0.006900 0.086473 0.061203 0.994349
1768847704.204653263 -0.065832 -0.042178 -0.006009 -0.006818 0.086532 0.061321 0.994337
1768847704.304283857 -0.065728 -0.042158 -0.006090 -0.006804 0.086408 0.061197 0.994355
1768847704.403917789 -0.065873 -0.042236 -0.005876 -0.006779 0.086511 0.061313 0.994339
1768847704.504427433 -0.065943 -0.042072 -0.005843 -0.006757 0.086511 0.061305 0.994340
1768847704.604408503 -0.066131 -0.042079 -0.005695 -0.006727 0.086573 0.061336 0.994333
1768847704.703658819 -0.066174 -0.041970 -0.005718 -0.006705 0.086578 0.061330 0.994333
1768847704.804722786 -0.066159 -0.041845 -0.005909 -0.006716 0.086539 0.061382 0.994333
1768847704.903770685 -0.065938 -0.042008 -0.005910 -0.006748 0.086534 0.061350 0.994335
1768847705.004314661 -0.065966 -0.041885 -0.005730 -0.006747 0.086483 0.061309 0.994342
1768847705.103683472 -0.065814 -0.042160 -0.005766 -0.006729 0.086553 0.061404 0.994330
1768847705.203915596 -0.065499 -0.042055 -0.005782 -0.006859 0.086459 0.061311 0.994343
1768847705.304123640 -0.065694 -0.041903 -0.005889 -0.006763 0.086565 0.061313 0.994335
1768847705.403700113 -0.065506 -0.042134 -0.005616 -0.006652 0.086465 0.061387 0.994340
1768847705.503517389 -0.065523 -0.042098 -0.005754 -0.006727 0.086562 0.061356 0.994333
1768847705.603999138 -0.065648 -0.042039 -0.005641 -0.006686 0.086391 0.061254 0.994354
1768847705.704802752 -0.065831 -0.042026 -0.005625 -0.006778 0.086545 0.061345 0.994334
1768847705.804528713 -0.065794 -0.041997 -0.005831 -0.006811 0.086546 0.061220 0.994342
1768847705.904302597 -0.065742 -0.042107 -0.005897 -0.006711 0.086438 0.061289 0.994348
1768847706.003629446 -0.065707 -0.042073 -0.006039 -0.006733 0.086479 0.061252 0.994346
1768847706.103566885 -0.065498 -0.042063 -0.006035 -0.006768 0.086450 0.061194 0.994352
1768847706.203688145 -0.065652 -0.042172 -0.005920 -0.006847 0.086421 0.061236 0.994351
1768847706.303667307 -0.065688 -0.042433 -0.006176 -0.006827 0.086546 0.061240 0.994340
1768847706.404243231 -0.065631 -0.042274 -0.006087 -0.006852 0.086427 0.061280 0.994348
1768847706.505062819 -0.065669 -0.042251 -0.006077 -0.006842 0.086494 0.061323 0.994340
1768847706.603922129 -0.065604 -0.042233 -0.005877 -0.006781 0.086471 0.061366 0.994339
1768847706.704597473 -0.065436 -0.042131 -0.005944 -0.006781 0.086515 0.061329 0.994338
1768847706.804204226 -0.065486 -0.042102 -0.005622 -0.006744 0.086440 0.061382 0.994341
1768847706.904458284 -0.065701 -0.042099 -0.005705 -0.006657 0.086578 0.061316 0.994334
1768847707.004098415 -0.065838 -0.041965 -0.005786 -0.006779 0.086462 0.061385 0.994339
1768847707.104831696 -0.066027 -0.041938 -0.005722 -0.006660 0.086546 0.061253 0.994341
1768847707.204200983 -0.066397 -0.041833 -0.005735 -0.006646 0.086615 0.061450 0.994323
1768847707.304379940 -0.066497 -0.041775 -0.005781 -0.006647 0.086619 0.061295 0.994332
